$H
G21
G17
G90
G1 Z0F20000
G1 F15000

(Start Layer)

(Start Block)


G1X106.4698Y-184.3300
G1Z5F20000
(Plotting speed under)
G1 F4000


G1X104.4923Y-185.6345

G1X102.5878Y-186.6996

G1X100.7989Y-187.5287

G1X98.5767Y-188.3492

G1X95.7883Y-189.2161

G1X93.0275Y-189.8976

G1X90.5671Y-190.3289

G1X88.1390Y-190.5640

G1X86.0603Y-190.5868

G1X84.1711Y-190.4308

G1X82.4036Y-190.0860

G1X80.8909Y-189.5764

G1X79.5577Y-188.8740

G1X78.5155Y-188.0436

G1X77.6875Y-187.0431

G1X77.0783Y-185.8657

G1X76.7361Y-184.7415

G1X76.5483Y-183.5663

G1X76.4811Y-182.2336

G1X76.5334Y-180.7087

G1X76.9187Y-177.3787

G1X78.5945Y-167.0789

G1X79.2234Y-161.8161

G1X79.4892Y-158.4645

G1X79.6446Y-155.1914

G1X79.6649Y-148.0361

G1X79.5267Y-144.0513

G1X79.3018Y-140.5220

G1X78.9681Y-137.0536

G1X78.5203Y-133.6174

G1X77.3787Y-127.1785

G1X75.1080Y-116.8153

G1X74.5834Y-113.4891

G1X74.4602Y-111.5244

G1X74.5376Y-109.8524

G1X74.8173Y-108.3244

G1X75.3099Y-106.9240

G1X75.7853Y-106.0128

G1X76.3501Y-105.1784

G1X77.7617Y-103.6635

G1X79.5885Y-102.2869

G1X81.9009Y-101.0084

G1X84.6209Y-99.9115

G1X85.7757Y-99.5767

G1X86.7957Y-99.3850

G1X87.5265Y-99.3512

G1X88.2442Y-99.4294

G1X89.0793Y-99.6545

G1X89.9328Y-99.9962

G1X91.9307Y-101.0047

G1X97.1754Y-103.8884

G1X102.5710Y-107.0422

G1X106.8232Y-109.9070

G1X108.7726Y-111.3975

G1X110.5665Y-112.8981

G1X112.3798Y-114.5671

G1X114.0406Y-116.2583

G1X115.6086Y-118.0305

G1X117.0700Y-119.8734

G1X118.4137Y-121.7756

G1X119.6491Y-123.7551

G1X120.7376Y-125.7485

G1X121.6885Y-127.7640

G1X122.6919Y-130.3338

G1X123.5147Y-133.0425

G1X124.1681Y-135.9548

G1X124.6254Y-138.9529

G1X124.9105Y-142.1797

G1X125.0109Y-145.5531

G1X124.9213Y-149.0586

G1X124.6406Y-152.5378

G1X124.2137Y-155.6936

G1X123.6023Y-158.8788

G1X122.8312Y-161.9274

G1X121.9063Y-164.8389

G1X120.7967Y-167.7049

G1X119.5260Y-170.4509

G1X118.1139Y-173.0462

G1X116.5238Y-175.5578

G1X114.8894Y-177.7990

G1X113.1162Y-179.9256

G1X111.2179Y-181.9172

G1X109.2490Y-183.7221

G1X107.1509Y-185.3931

G1X104.9286Y-186.9090

G1X102.7426Y-188.1622

G1X100.5611Y-189.1821

G1X97.1154Y-190.4522

G1X93.8382Y-191.4484

G1X90.7870Y-192.1502

G1X87.9054Y-192.5796

G1X85.1350Y-192.7440

G1X82.5401Y-192.6288

G1X80.1894Y-192.2293

G1X78.1691Y-191.5554

G1X77.1739Y-191.0485

G1X76.3364Y-190.4797

G1X75.6531Y-189.8671

G1X75.0437Y-189.1336

G1X74.5572Y-188.3129

G1X74.2063Y-187.4422

G1X73.9555Y-186.4285

G1X73.8291Y-185.3813

G1X73.8385Y-183.4080

G1X74.1250Y-180.9524

G1X76.3761Y-169.4838

G1X76.9152Y-166.1991

G1X77.3503Y-162.8907

G1X77.6682Y-159.5999

G1X77.8769Y-156.1749

G1X77.9669Y-152.7785

G1X77.9511Y-149.2447

G1X77.8033Y-144.7612

G1X77.5524Y-140.9106

G1X77.1668Y-137.1285

G1X76.6360Y-133.3729

G1X75.4762Y-127.3378

G1X72.7293Y-116.1845

G1X72.0131Y-112.3527

G1X71.8678Y-110.5987

G1X71.9006Y-109.0497

G1X72.1110Y-107.6444

G1X72.4979Y-106.3675

G1X72.8781Y-105.5274

G1X73.3941Y-104.6630

G1X73.9999Y-103.8654

G1X74.6848Y-103.1297

G1X76.3275Y-101.7665

G1X78.5134Y-100.4269

G1X80.0562Y-99.6659

G1X81.7913Y-98.9309

G1X83.5875Y-98.2776

G1X85.1828Y-97.7998

G1X86.1817Y-97.5874

G1X87.0351Y-97.5309

G1X87.7071Y-97.6119

G1X88.5170Y-97.8626

G1X90.0625Y-98.6292

G1X103.1724Y-106.0188

G1X107.1982Y-108.6361

G1X110.7564Y-111.3482

G1X112.6219Y-112.9753

G1X114.4035Y-114.6982

G1X116.0140Y-116.4299

G1X117.5156Y-118.2297

G1X118.9201Y-120.1176

G1X120.1771Y-122.0243

G1X121.3031Y-123.9653

G1X122.3186Y-125.9783

G1X123.4640Y-128.7130

G1X124.3328Y-131.3855

G1X125.0305Y-134.3372

G1X125.5013Y-137.3469

G1X125.7971Y-140.7612

G1X125.8906Y-144.4205

G1X125.7815Y-148.2926

G1X125.4839Y-152.0414

G1X125.0194Y-155.5781

G1X124.3999Y-158.9007

G1X123.5989Y-162.1576

G1X122.6377Y-165.2488

G1X121.4731Y-168.2989

G1X120.1572Y-171.1683

G1X118.6703Y-173.9147

G1X116.9866Y-176.5750

G1X115.2384Y-178.9624

G1X113.4004Y-181.1531

G1X111.3546Y-183.2813

G1X109.2595Y-185.1785

G1X107.0096Y-186.9420

G1X104.7424Y-188.4628

G1X102.4470Y-189.7575

G1X100.0478Y-190.8569

G1X96.4123Y-192.2465

G1X93.0002Y-193.3314

G1X89.7988Y-194.1092

G1X86.6802Y-194.6114

G1X83.6768Y-194.8265

G1X80.7761Y-194.7399

G1X78.2422Y-194.3645

G1X75.9955Y-193.7009

G1X74.8741Y-193.1945

G1X73.9265Y-192.6257

G1X73.1331Y-191.9977

G1X72.4334Y-191.2522

G1X71.8648Y-190.3994

G1X71.4803Y-189.5505

G1X71.2092Y-188.5898

G1X71.0570Y-187.4781

G1X71.0896Y-185.4080

G1X71.4560Y-182.8956

G1X74.2021Y-171.1416

G1X74.8840Y-167.6343

G1X75.4048Y-164.3177

G1X75.8093Y-160.8893

G1X76.0804Y-157.4150

G1X76.2192Y-153.8557

G1X76.2269Y-150.0395

G1X76.0889Y-145.5875

G1X75.7981Y-141.1769

G1X75.3611Y-137.1182

G1X74.7505Y-133.1046

G1X74.1711Y-130.0815

G1X73.4285Y-126.7935

G1X72.5139Y-123.2531

G1X70.2322Y-115.0866

G1X69.7489Y-113.0296

G1X69.4410Y-111.3031

G1X69.2823Y-109.7446

G1X69.2783Y-108.3099

G1X69.4379Y-106.9813

G1X69.7628Y-105.7618

G1X70.1548Y-104.8264

G1X70.5970Y-104.0421

G1X71.1792Y-103.2293

G1X71.8491Y-102.4742

G1X73.5823Y-100.9984

G1X75.6661Y-99.6972

G1X77.3007Y-98.8741

G1X79.1456Y-98.0770

G1X83.6755Y-96.4743

G1X85.3688Y-95.9901

G1X86.3369Y-95.7957

G1X87.1438Y-95.7788

G1X87.8147Y-95.9232

G1X89.0431Y-96.5106

G1X94.1542Y-99.6096

G1X101.2861Y-103.4590

G1X104.5127Y-105.3034

G1X108.2178Y-107.6786

G1X111.4444Y-110.0773

G1X113.2734Y-111.6188

G1X115.0207Y-113.2464

G1X116.6689Y-114.9505

G1X118.1399Y-116.6421

G1X119.5261Y-118.4199

G1X120.8192Y-120.2837

G1X122.0047Y-122.2211

G1X123.0314Y-124.1399

G1X124.3063Y-126.9928

G1X125.2796Y-129.7882

G1X125.9956Y-132.6400

G1X126.4676Y-135.5592

G1X126.7469Y-138.8995

G1X126.8148Y-142.6889

G1X126.6635Y-147.0109

G1X126.3122Y-151.3150

G1X125.8079Y-155.2177

G1X125.1566Y-158.8132

G1X124.3243Y-162.2843

G1X123.3162Y-165.5908

G1X122.1119Y-168.7857

G1X120.7227Y-171.8368

G1X119.1559Y-174.7355

G1X117.4314Y-177.4596

G1X115.5229Y-180.0567

G1X113.4949Y-182.4477

G1X111.3032Y-184.6911

G1X109.0439Y-186.6968

G1X106.6791Y-188.5087

G1X104.2085Y-190.1202

G1X101.8584Y-191.4016

G1X98.9639Y-192.7023

G1X95.3674Y-194.1200

G1X91.9427Y-195.2375

G1X88.6087Y-196.0679

G1X85.4678Y-196.5940

G1X82.3529Y-196.8478

G1X79.2950Y-196.8037

G1X76.5537Y-196.4665

G1X74.0655Y-195.8354

G1X72.7788Y-195.3359

G1X71.5896Y-194.7162

G1X70.6527Y-194.0658

G1X69.8119Y-193.2786

G1X69.1991Y-192.4822

G1X68.6936Y-191.5133

G1X68.3860Y-190.5428

G1X68.2138Y-189.3979

G1X68.2595Y-187.3611

G1X68.6690Y-184.9384

G1X69.2301Y-182.6756

G1X71.9195Y-172.9749

G1X72.7654Y-169.2665

G1X73.4507Y-165.5434

G1X73.9555Y-161.8828

G1X74.3051Y-158.0487

G1X74.4797Y-154.2222

G1X74.4951Y-150.2790

G1X74.3503Y-145.8383

G1X74.0921Y-141.9274

G1X73.7039Y-138.1963

G1X73.1973Y-134.6977

G1X72.4015Y-130.5160

G1X71.3670Y-126.2048

G1X70.2114Y-122.1215

G1X67.9171Y-114.7045

G1X67.0703Y-111.4008

G1X66.7689Y-109.5867

G1X66.6672Y-108.0382

G1X66.7485Y-106.6335

G1X67.0271Y-105.3007

G1X67.3732Y-104.3553

G1X67.8007Y-103.5180

G1X68.3853Y-102.6471

G1X69.1088Y-101.8022

G1X69.9359Y-101.0183

G1X70.8876Y-100.2662

G1X73.1641Y-98.8535

G1X74.6803Y-98.1003

G1X76.5329Y-97.3076

G1X81.1567Y-95.6816

G1X86.2017Y-94.1725

G1X87.1320Y-94.0427

G1X87.8608Y-94.1543

G1X88.7760Y-94.6062

G1X91.8064Y-96.6899

G1X94.2012Y-98.1461

G1X102.8127Y-102.7089

G1X106.1580Y-104.6043

G1X109.4474Y-106.6981

G1X112.3312Y-108.7979

G1X114.1302Y-110.2697

G1X115.8494Y-111.8200

G1X117.4527Y-113.4187

G1X118.9638Y-115.0903

G1X120.3933Y-116.8545

G1X121.6593Y-118.6051

G1X122.8241Y-120.4177

G1X123.8866Y-122.2963

G1X125.2469Y-125.1620

G1X126.3469Y-128.1182

G1X127.1220Y-130.9652

G1X127.6153Y-133.8663

G1X127.8619Y-137.0330

G1X127.8746Y-140.5877

G1X127.6522Y-144.9694

G1X127.2116Y-149.8800

G1X126.6279Y-154.4316

G1X125.9335Y-158.3924

G1X125.0933Y-162.0362

G1X124.0488Y-165.5784

G1X122.8123Y-168.9446

G1X121.3411Y-172.2286

G1X119.6953Y-175.3000

G1X117.8519Y-178.2209

G1X115.8457Y-180.9489

G1X113.6316Y-183.5480

G1X111.2737Y-185.9407

G1X108.7082Y-188.1825

G1X106.2295Y-190.0407

G1X103.6318Y-191.6950

G1X101.2666Y-192.9597

G1X97.4330Y-194.7169

G1X93.8884Y-196.1272

G1X90.5611Y-197.2094

G1X87.2469Y-198.0290

G1X84.0263Y-198.5635

G1X80.7790Y-198.8248

G1X77.7177Y-198.7917

G1X74.8491Y-198.4758

G1X72.1935Y-197.8737

G1X70.6668Y-197.3450

G1X69.2980Y-196.7068

G1X68.1788Y-196.0131

G1X67.2086Y-195.2057

G1X66.4578Y-194.3374

G1X65.8824Y-193.3557

G1X65.5056Y-192.2823

G1X65.3267Y-191.1783

G1X65.3023Y-190.1775

G1X65.3821Y-189.1423

G1X65.8487Y-186.7221

G1X66.5208Y-184.3581

G1X68.6768Y-177.7213

G1X69.7238Y-174.2163

G1X70.7162Y-170.3520

G1X71.4656Y-166.7571

G1X72.0874Y-162.8211

G1X72.4944Y-159.0002

G1X72.7175Y-155.1560

G1X72.7662Y-151.0088

G1X72.6445Y-146.7189

G1X72.3474Y-142.1586

G1X71.9152Y-138.1669

G1X71.2928Y-134.1536

G1X70.4181Y-129.9134

G1X69.2803Y-125.5317

G1X68.0921Y-121.6478

G1X65.3989Y-113.6252

G1X64.5575Y-110.6293

G1X64.2155Y-108.8199

G1X64.0873Y-107.3174

G1X64.1460Y-105.9062

G1X64.4083Y-104.5811

G1X64.7292Y-103.6791

G1X65.2072Y-102.7386

G1X65.8556Y-101.7970

G1X66.5986Y-100.9577

G1X67.5325Y-100.1060

G1X68.5276Y-99.3530

G1X70.9987Y-97.8907

G1X73.9793Y-96.5687

G1X77.4570Y-95.3549

G1X87.0366Y-92.4933

G1X87.6786Y-92.3712

G1X88.2727Y-92.4241

G1X89.0982Y-92.8574

G1X91.6893Y-94.8650

G1X93.9719Y-96.3562

G1X96.4940Y-97.7697

G1X103.4417Y-101.3136

G1X106.8810Y-103.1937

G1X110.3565Y-105.3307

G1X113.5370Y-107.5897

G1X115.3027Y-109.0062

G1X116.9905Y-110.4945

G1X118.5854Y-112.0459

G1X120.0625Y-113.6351

G1X121.4315Y-115.2684

G1X122.7136Y-116.9734

G1X123.8573Y-118.6773

G1X124.9563Y-120.5285

G1X126.3596Y-123.3320

G1X127.5021Y-126.2075

G1X128.4110Y-129.2509

G1X128.9325Y-131.9140

G1X129.1850Y-134.5672

G1X129.2053Y-137.5924

G1X129.0027Y-140.9231

G1X128.5275Y-145.5104

G1X127.7089Y-151.8781

G1X126.9181Y-156.7622

G1X126.0252Y-160.9755

G1X124.9674Y-164.8287

G1X123.6630Y-168.5703

G1X122.1053Y-172.1689

G1X120.2645Y-175.6600

G1X118.1874Y-178.9513

G1X116.0346Y-181.8560

G1X113.6559Y-184.6219

G1X111.1242Y-187.1643

G1X108.3894Y-189.5276

G1X105.9020Y-191.3781

G1X103.3142Y-193.0250

G1X100.1797Y-194.7074

G1X96.0287Y-196.6733

G1X92.6222Y-198.0425

G1X89.3239Y-199.1172

G1X86.0445Y-199.9276

G1X82.7567Y-200.4736

G1X79.4962Y-200.7421

G1X76.3201Y-200.7255

G1X73.2521Y-200.4188

G1X70.5179Y-199.8568

G1X68.7382Y-199.3024

G1X67.2166Y-198.6681

G1X65.7930Y-197.8794

G1X64.6573Y-197.0312

G1X63.7402Y-196.0830

G1X63.0738Y-195.0690

G1X62.6329Y-193.9596

G1X62.4148Y-192.7436

G1X62.3922Y-191.7911

G1X62.4889Y-190.7102

G1X63.0562Y-188.1605

G1X63.8674Y-185.6695

G1X66.2419Y-179.1746

G1X67.4224Y-175.6542

G1X68.5479Y-171.7673

G1X69.4392Y-167.9963

G1X70.1486Y-164.0928

G1X70.6675Y-159.9541

G1X70.9583Y-155.7880

G1X71.0354Y-151.5025

G1X70.8893Y-146.5087

G1X70.5680Y-141.9661

G1X70.0736Y-137.7257

G1X69.4204Y-133.7990

G1X68.4256Y-129.2975

G1X67.1437Y-124.7206

G1X65.6919Y-120.3502

G1X62.9309Y-112.7609

G1X62.0422Y-109.8373

G1X61.6757Y-108.0910

G1X61.5185Y-106.4615

G1X61.5851Y-105.0273

G1X61.8661Y-103.7131

G1X62.2403Y-102.7401

G1X62.7443Y-101.8256

G1X63.4084Y-100.9179

G1X64.2424Y-100.0265

G1X65.2415Y-99.1668

G1X66.3018Y-98.4080

G1X67.5918Y-97.6274

G1X69.0414Y-96.8820

G1X71.5914Y-95.8032

G1X74.6673Y-94.7599

G1X84.5125Y-92.1288

G1X86.3627Y-91.5538

G1X88.3758Y-90.8146

G1X88.8315Y-90.7343

G1X89.1290Y-90.7710

G1X89.6841Y-91.0789

G1X92.4583Y-93.4587

G1X94.7111Y-94.9642

G1X97.5351Y-96.5313

G1X104.6381Y-100.0672

G1X108.0251Y-101.8750

G1X111.7016Y-104.0920

G1X114.9460Y-106.3613

G1X116.6978Y-107.7464

G1X118.3718Y-109.1982

G1X119.8977Y-110.6513

G1X121.3679Y-112.1924

G1X122.7131Y-113.7499

G1X123.9815Y-115.3782

G1X125.1658Y-117.0759

G1X126.2503Y-118.8270

G1X127.5706Y-121.3142

G1X128.7015Y-123.9246

G1X129.6043Y-126.5663

G1X130.3119Y-129.3425

G1X130.6716Y-131.4935

G1X130.8334Y-133.8488

G1X130.7790Y-136.3090

G1X130.5117Y-139.0954

G1X129.9139Y-143.1106

G1X127.7669Y-155.8975

G1X126.8461Y-160.3038

G1X125.8589Y-164.0508

G1X124.4831Y-168.1649

G1X122.8138Y-172.1068

G1X120.8520Y-175.8581

G1X118.6096Y-179.4112

G1X116.3748Y-182.4232

G1X113.8413Y-185.3742

G1X111.1806Y-188.0596

G1X108.4074Y-190.4847

G1X105.8557Y-192.4211

G1X103.1775Y-194.1719

G1X99.0852Y-196.4597

G1X95.1979Y-198.3750

G1X91.8248Y-199.7730

G1X88.5604Y-200.8681

G1X85.2133Y-201.7218

G1X81.9216Y-202.2935

G1X78.5821Y-202.5981

G1X75.3337Y-202.6183

G1X72.1654Y-202.3554

G1X69.1431Y-201.8073

G1X67.1003Y-201.2368

G1X65.2317Y-200.5296

G1X63.5985Y-199.7080

G1X62.1740Y-198.7462

G1X61.0739Y-197.7151

G1X60.2876Y-196.6352

G1X59.7846Y-195.5120

G1X59.5169Y-194.2110

G1X59.4891Y-193.2818

G1X59.5789Y-192.2616

G1X59.8225Y-191.0091

G1X60.1641Y-189.7888

G1X60.9789Y-187.4823

G1X63.5718Y-181.0858

G1X65.0087Y-177.2631

G1X66.3066Y-173.2675

G1X67.4220Y-169.0467

G1X68.2595Y-164.8838

G1X68.8564Y-160.5837

G1X69.1957Y-156.2711

G1X69.2967Y-151.9020

G1X69.1744Y-147.1895

G1X68.8300Y-142.1927

G1X68.3081Y-137.7985

G1X67.5314Y-133.3410

G1X66.4851Y-128.8769

G1X65.1028Y-124.2208

G1X63.6294Y-120.0434

G1X60.5285Y-112.0829

G1X59.5156Y-108.9877

G1X59.1381Y-107.2949

G1X58.9736Y-105.7712

G1X59.0316Y-104.3115

G1X59.3146Y-102.9996

G1X59.7319Y-101.9498

G1X60.3061Y-100.9636

G1X61.0508Y-100.0112

G1X61.9095Y-99.1450

G1X63.0273Y-98.2333

G1X64.2335Y-97.4221

G1X65.5865Y-96.6535

G1X67.0851Y-95.9277

G1X69.9577Y-94.7966

G1X73.3117Y-93.7668

G1X76.8705Y-92.8909

G1X83.4515Y-91.4590

G1X85.9349Y-90.8155

G1X87.9844Y-90.1133

G1X89.8341Y-89.2200

G1X90.2327Y-89.1602

G1X90.7210Y-89.4549

G1X92.0501Y-90.8355

G1X93.1110Y-91.7678

G1X94.2367Y-92.6099

G1X95.6066Y-93.4990

G1X98.5855Y-95.1413

G1X105.6787Y-98.5991

G1X109.5912Y-100.6509

G1X113.2086Y-102.8090

G1X116.5386Y-105.1154

G1X119.9426Y-107.9007

G1X121.5064Y-109.3687

G1X122.9844Y-110.8933

G1X125.5966Y-114.0134

G1X126.7780Y-115.6625

G1X127.8645Y-117.3627

G1X129.1804Y-119.7488

G1X130.3086Y-122.2289

G1X131.2129Y-124.7104

G1X131.9614Y-127.3976

G1X132.4483Y-129.8046

G1X132.7019Y-132.1530

G1X132.7004Y-134.3209

G1X132.4685Y-136.7125

G1X131.9409Y-139.6716

G1X130.1068Y-147.8419

G1X128.0161Y-158.2093

G1X127.1818Y-161.7124

G1X126.3051Y-164.7916

G1X124.8960Y-168.8084

G1X123.2414Y-172.5797

G1X121.3112Y-176.1862

G1X119.0606Y-179.7072

G1X116.6869Y-182.8866

G1X114.0990Y-185.9056

G1X111.3183Y-188.7464

G1X108.3469Y-191.3941

G1X105.6670Y-193.4747

G1X102.7309Y-195.4480

G1X98.3658Y-198.0247

G1X94.5332Y-199.9945

G1X91.2806Y-201.3939

G1X87.8593Y-202.5817

G1X84.5398Y-203.4566

G1X81.1047Y-204.0774

G1X77.7245Y-204.4067

G1X74.3651Y-204.4529

G1X71.0102Y-204.2053

G1X67.9096Y-203.6886

G1X65.6001Y-203.0940

G1X63.3907Y-202.3164

G1X61.4593Y-201.4094

G1X59.8016Y-200.3703

G1X58.5443Y-199.2950

G1X57.5831Y-198.1093

G1X56.9584Y-196.8480

G1X56.6563Y-195.5061

G1X56.6249Y-194.5252

G1X56.7238Y-193.5097

G1X56.9803Y-192.3024

G1X57.3575Y-191.0541

G1X58.2278Y-188.7948

G1X61.3095Y-181.8341

G1X62.8228Y-178.1042

G1X64.2650Y-173.9753

G1X65.4313Y-169.8767

G1X66.3605Y-165.6272

G1X67.0054Y-161.4468

G1X67.4060Y-157.1341

G1X67.5591Y-152.4837

G1X67.4434Y-147.3578

G1X67.0661Y-142.0793

G1X66.4842Y-137.4357

G1X65.6776Y-133.0454

G1X64.4551Y-128.1312

G1X62.9223Y-123.3127

G1X61.2281Y-118.8411

G1X58.0123Y-111.1078

G1X57.0113Y-108.2018

G1X56.5982Y-106.4033

G1X56.4472Y-104.8699

G1X56.5342Y-103.4334

G1X56.8514Y-102.1447

G1X57.2962Y-101.1205

G1X57.9371Y-100.0942

G1X58.7204Y-99.1535

G1X59.6784Y-98.2427

G1X60.7995Y-97.3725

G1X62.1667Y-96.4947

G1X63.7086Y-95.6693

G1X65.3037Y-94.9466

G1X68.5996Y-93.7534

G1X72.2979Y-92.7521

G1X76.1232Y-91.9585

G1X83.8402Y-90.6134

G1X86.8913Y-89.9153

G1X88.3502Y-89.4580

G1X89.5331Y-88.9687

G1X90.2851Y-88.5563

G1X91.4325Y-87.6986

G1X91.6367Y-87.6252

G1X91.8961Y-87.7670

G1X93.0522Y-89.1479

G1X94.1068Y-90.1518

G1X95.3263Y-91.0961

G1X96.7158Y-92.0060

G1X99.6858Y-93.6376

G1X107.3790Y-97.3353

G1X110.9194Y-99.1708

G1X114.7867Y-101.4493

G1X118.2978Y-103.8639

G1X121.6626Y-106.5972

G1X124.6675Y-109.5077

G1X127.3140Y-112.5906

G1X128.5116Y-114.2092

G1X129.6174Y-115.8748

G1X130.9970Y-118.2696

G1X132.1344Y-120.6425

G1X133.0814Y-123.0826

G1X133.8641Y-125.6979

G1X134.4308Y-128.3159

G1X134.8070Y-131.0504

G1X134.8500Y-133.2752

G1X134.6262Y-135.5061

G1X134.3142Y-137.1399

G1X133.8574Y-138.9494

G1X131.0819Y-148.3063

G1X128.2623Y-160.3908

G1X127.4863Y-163.2603

G1X126.6732Y-165.8568

G1X125.3189Y-169.4688

G1X123.7367Y-172.9192

G1X121.9107Y-176.2392

G1X119.7783Y-179.5380

G1X117.3459Y-182.7994

G1X114.5727Y-186.0669

G1X111.5538Y-189.2115

G1X108.4295Y-192.0809

G1X105.4609Y-194.4686

G1X101.9782Y-196.8972

G1X97.9084Y-199.4450

G1X94.2933Y-201.4038

G1X90.9819Y-202.9028

G1X87.5919Y-204.1416

G1X84.2132Y-205.0864

G1X80.7496Y-205.7633

G1X77.3371Y-206.1469

G1X73.9068Y-206.2492

G1X70.4640Y-206.0586

G1X67.1449Y-205.5783

G1X64.4569Y-204.9505

G1X61.8829Y-204.1097

G1X59.6737Y-203.1456

G1X57.7400Y-202.0327

G1X56.2015Y-200.8410

G1X54.9936Y-199.5002

G1X54.2466Y-198.1585

G1X53.8675Y-196.6907

G1X53.8242Y-195.6755

G1X53.9311Y-194.6229

G1X54.1926Y-193.4535

G1X54.6056Y-192.1714

G1X55.5844Y-189.8192

G1X58.9688Y-182.7346

G1X60.6334Y-178.9057

G1X62.2318Y-174.6108

G1X63.4658Y-170.5346

G1X64.4792Y-166.2034

G1X65.2167Y-161.7226

G1X65.6586Y-157.1880

G1X65.8189Y-152.4468

G1X65.6736Y-146.8497

G1X65.2869Y-141.8274

G1X64.6702Y-137.1296

G1X63.8079Y-132.6475

G1X62.5849Y-127.9257

G1X60.9852Y-123.0843

G1X59.2709Y-118.7453

G1X55.7184Y-110.6733

G1X54.5488Y-107.4960

G1X54.1415Y-105.8544

G1X53.9593Y-104.2257

G1X54.0427Y-102.8042

G1X54.3883Y-101.4413

G1X54.8920Y-100.3436

G1X55.5812Y-99.3031

G1X56.4689Y-98.2935

G1X57.5514Y-97.3244

G1X58.7744Y-96.4321

G1X60.2427Y-95.5428

G1X61.8798Y-94.7150

G1X63.5915Y-93.9865

G1X67.3028Y-92.7526

G1X71.7080Y-91.7255

G1X75.7729Y-91.0600

G1X84.3799Y-89.9622

G1X86.3481Y-89.6303

G1X88.1837Y-89.2195

G1X89.9537Y-88.6610

G1X91.3979Y-87.9767

G1X92.3015Y-87.3075

G1X93.1941Y-86.2058

G1X93.3215Y-86.1626

G1X94.1594Y-87.3434

G1X95.1221Y-88.3637

G1X96.4058Y-89.4188

G1X97.9481Y-90.4492

G1X101.1069Y-92.1736

G1X108.4327Y-95.6521

G1X112.6254Y-97.8036

G1X116.5656Y-100.1218

G1X120.0246Y-102.4950

G1X123.4334Y-105.2428

G1X126.4791Y-108.1544

G1X129.2120Y-111.2760

G1X131.5649Y-114.5345

G1X133.0264Y-116.9750

G1X134.2660Y-119.4547

G1X135.2586Y-121.9032

G1X136.0695Y-124.4887

G1X136.6945Y-127.2919

G1X137.1144Y-130.3523

G1X137.2172Y-132.5798

G1X137.0014Y-134.8635

G1X136.6242Y-136.6017

G1X136.0427Y-138.4846

G1X133.3022Y-145.4740

G1X132.0239Y-149.2020

G1X131.0487Y-152.6347

G1X128.7311Y-161.7649

G1X127.9243Y-164.4733

G1X127.0734Y-166.9568

G1X125.8180Y-170.0696

G1X124.3551Y-173.1063

G1X122.6866Y-176.0471

G1X120.7728Y-178.9666

G1X118.1712Y-182.4338

G1X115.1030Y-186.0517

G1X111.7173Y-189.6305

G1X108.4064Y-192.7665

G1X105.1671Y-195.4786

G1X101.0514Y-198.4944

G1X97.3998Y-200.8980

G1X94.1096Y-202.7670

G1X90.7279Y-204.3743

G1X87.4201Y-205.6461

G1X84.0061Y-206.6610

G1X80.5365Y-207.3946

G1X76.9043Y-207.8504

G1X73.4742Y-207.9931

G1X69.9467Y-207.8470

G1X66.5053Y-207.4060

G1X63.5304Y-206.7672

G1X60.6451Y-205.8850

G1X58.0444Y-204.8142

G1X55.7175Y-203.5438

G1X53.8703Y-202.1845

G1X52.5124Y-200.7711

G1X51.9994Y-200.0263

G1X51.6072Y-199.2700

G1X51.3287Y-198.4862

G1X51.1646Y-197.6738

G1X51.1176Y-196.6415

G1X51.2383Y-195.5360

G1X51.5181Y-194.3636

G1X52.0005Y-192.9780

G1X53.0921Y-190.5476

G1X56.5943Y-183.6705

G1X58.3527Y-179.8800

G1X60.0766Y-175.5520

G1X61.4529Y-171.3124

G1X62.5624Y-166.8979

G1X63.3959Y-162.1846

G1X63.8852Y-157.5200

G1X64.0705Y-152.7745

G1X63.9776Y-147.8330

G1X63.5723Y-142.1190

G1X62.9180Y-137.1472

G1X61.9635Y-132.3325

G1X60.5334Y-127.0960

G1X58.8050Y-122.1770

G1X56.9131Y-117.6734

G1X53.1991Y-109.6661

G1X52.1095Y-106.8050

G1X51.6680Y-105.0368

G1X51.5111Y-103.5560

G1X51.6050Y-102.1293

G1X51.9880Y-100.7242

G1X52.5253Y-99.6167

G1X53.2976Y-98.5110

G1X54.1794Y-97.5517

G1X55.3308Y-96.5514

G1X56.6837Y-95.5964

G1X58.2679Y-94.6739

G1X59.9175Y-93.8707

G1X61.8220Y-93.0939

G1X63.8873Y-92.3960

G1X66.0728Y-91.7898

G1X68.3655Y-91.2751

G1X70.8599Y-90.8334

G1X75.9152Y-90.2292

G1X85.6339Y-89.4625

G1X87.8788Y-89.1539

G1X89.7774Y-88.7578

G1X91.9253Y-88.0400

G1X92.7694Y-87.6176

G1X93.4444Y-87.1760

G1X94.0630Y-86.6149

G1X94.4551Y-86.1240

G1X94.8056Y-85.4823

G1X95.0261Y-84.7287

G1X95.6323Y-85.7754

G1X96.5605Y-86.8074

G1X97.7899Y-87.8341

G1X99.3756Y-88.8971

G1X102.3169Y-90.5044

G1X110.3695Y-94.3240

G1X114.1338Y-96.2580

G1X118.0736Y-98.5638

G1X121.7382Y-101.0627

G1X125.1523Y-103.7943

G1X128.2847Y-106.7498

G1X131.1195Y-109.9258

G1X133.5408Y-113.1790

G1X135.1575Y-115.7722

G1X136.5286Y-118.3957

G1X137.6524Y-121.0468

G1X138.5208Y-123.7060

G1X139.2021Y-126.7060

G1X139.6312Y-130.0153

G1X139.7427Y-132.6186

G1X139.5411Y-134.7564

G1X139.1378Y-136.4408

G1X138.4300Y-138.3857

G1X134.7705Y-145.8651

G1X133.1145Y-149.9084

G1X131.8941Y-153.6998

G1X129.2452Y-163.2220

G1X128.3911Y-165.8166

G1X127.5286Y-168.1036

G1X126.3852Y-170.7216

G1X125.1381Y-173.1740

G1X123.6993Y-175.6309

G1X122.1226Y-178.0020

G1X119.4599Y-181.5144

G1X116.1544Y-185.3860

G1X112.1471Y-189.6828

G1X108.2237Y-193.5287

G1X104.6905Y-196.6146

G1X100.5389Y-199.8449

G1X97.1809Y-202.1762

G1X94.1198Y-204.0117

G1X90.8397Y-205.6696

G1X87.4346Y-207.0661

G1X83.8851Y-208.1886

G1X80.4114Y-208.9776

G1X76.8831Y-209.4813

G1X73.2243Y-209.6947

G1X69.5514Y-209.5937

G1X66.0251Y-209.1931

G1X62.5954Y-208.5008

G1X59.4239Y-207.5640

G1X56.4480Y-206.3719

G1X53.9018Y-205.0254

G1X51.8088Y-203.5584

G1X50.9587Y-202.8030

G1X50.1939Y-201.9818

G1X49.5704Y-201.1402

G1X49.1203Y-200.3363

G1X48.7884Y-199.4892

G1X48.5896Y-198.6106

G1X48.5245Y-197.5935

G1X48.6397Y-196.4266

G1X48.9502Y-195.1530

G1X49.4419Y-193.8037

G1X50.6422Y-191.2581

G1X53.9102Y-185.1826

G1X55.9780Y-181.0167

G1X57.8293Y-176.6799

G1X59.5025Y-171.8321

G1X60.7225Y-167.1777

G1X61.5691Y-162.6098

G1X62.0957Y-158.0030

G1X62.3261Y-152.9648

G1X62.2231Y-147.4246

G1X61.7878Y-141.7172

G1X61.0876Y-136.6772

G1X60.1461Y-132.1047

G1X58.7583Y-127.1274

G1X56.9328Y-122.0478

G1X54.9958Y-117.5757

G1X51.0127Y-109.3738

G1X49.7721Y-106.3200

G1X49.2970Y-104.5696

G1X49.1120Y-102.9702

G1X49.2209Y-101.4715

G1X49.6149Y-100.0978

G1X50.2015Y-98.9385

G1X50.9743Y-97.8626

G1X51.9911Y-96.7883

G1X53.2207Y-95.7590

G1X54.6573Y-94.7780

G1X56.2905Y-93.8557

G1X58.0990Y-93.0061

G1X60.0956Y-92.2273

G1X62.4418Y-91.4824

G1X64.8909Y-90.8673

G1X67.5114Y-90.3640

G1X70.2659Y-89.9805

G1X75.5506Y-89.5735

G1X86.5898Y-89.2709

G1X89.1085Y-89.0302

G1X91.2957Y-88.6299

G1X92.6687Y-88.2311

G1X93.8250Y-87.7557

G1X94.7351Y-87.2418

G1X95.5597Y-86.5953

G1X96.2355Y-85.7870

G1X96.6681Y-84.9495

G1X96.8927Y-84.0090

G1X96.8206Y-83.3472

G1X96.9519Y-83.7639

G1X97.2325Y-84.2244

G1X98.1429Y-85.2684

G1X99.4027Y-86.3177

G1X100.9026Y-87.3165

G1X103.8886Y-88.9450

G1X111.5001Y-92.5529

G1X115.6598Y-94.6862

G1X119.7727Y-97.0978

G1X123.4560Y-99.6150

G1X126.9493Y-102.4088

G1X130.0905Y-105.3561

G1X132.9517Y-108.5125

G1X135.5248Y-111.8812

G1X137.3765Y-114.7604

G1X138.9356Y-117.6488

G1X140.2000Y-120.5305

G1X141.1422Y-123.3123

G1X141.8392Y-126.2554

G1X142.2589Y-129.3520

G1X142.4174Y-132.8869

G1X142.2097Y-135.0631

G1X141.6932Y-136.9644

G1X140.8220Y-138.9376

G1X139.7913Y-140.7503

G1X136.7300Y-145.7051

G1X135.6701Y-147.6654

G1X134.7390Y-149.6329

G1X133.8927Y-151.7039

G1X133.1278Y-153.8661

G1X130.3518Y-163.1512

G1X128.7054Y-167.7893

G1X127.6373Y-170.2395

G1X126.4812Y-172.5225

G1X125.2002Y-174.7195

G1X123.7447Y-176.9095

G1X121.3562Y-180.0350

G1X118.2791Y-183.5820

G1X112.1782Y-190.0766

G1X107.6189Y-194.6644

G1X103.8946Y-198.0464

G1X100.3357Y-200.9896

G1X97.3783Y-203.1756

G1X94.3771Y-205.1037

G1X91.0046Y-206.9209

G1X87.6738Y-208.3769

G1X84.2309Y-209.5585

G1X80.6009Y-210.4723

G1X76.7936Y-211.0830

G1X73.1657Y-211.3477

G1X69.5352Y-211.3109

G1X65.8004Y-210.9546

G1X62.1820Y-210.2888

G1X58.6269Y-209.2992

G1X55.2878Y-208.0163

G1X52.3137Y-206.4973

G1X51.0305Y-205.6887

G1X49.8554Y-204.8286

G1X48.8253Y-203.9396

G1X47.9781Y-203.0582

G1X47.2805Y-202.1556

G1X46.7727Y-201.2987

G1X46.3696Y-200.3296

G1X46.1508Y-199.4274

G1X46.0699Y-198.2829

G1X46.1786Y-197.1657

G1X46.4769Y-195.9277

G1X46.9904Y-194.5294

G1X48.1276Y-192.1622

G1X51.9259Y-185.3337

G1X54.0525Y-181.1607

G1X56.0014Y-176.6838

G1X57.6646Y-171.9497

G1X58.9219Y-167.2479

G1X59.7953Y-162.6402

G1X60.3504Y-157.8824

G1X60.5844Y-152.7062

G1X60.4480Y-146.7608

G1X60.0219Y-141.4910

G1X59.3227Y-136.5469

G1X58.2963Y-131.6903

G1X57.5842Y-129.0594

G1X56.7803Y-126.4748

G1X54.8431Y-121.3248

G1X52.7283Y-116.6701

G1X48.5639Y-108.4411

G1X47.3970Y-105.6104

G1X46.9222Y-103.8155

G1X46.7669Y-102.3006

G1X46.8921Y-100.8626

G1X47.3020Y-99.4989

G1X48.0783Y-98.0694

G1X49.1773Y-96.7177

G1X50.6304Y-95.4006

G1X52.3931Y-94.1636

G1X54.4469Y-93.0200

G1X56.7800Y-91.9837

G1X59.2941Y-91.0995

G1X62.0147Y-90.3597

G1X66.1713Y-89.5831

G1X70.6033Y-89.1429

G1X73.4134Y-89.0324

G1X76.2285Y-89.0279

G1X84.9404Y-89.3237

G1X88.1105Y-89.3310

G1X89.9731Y-89.2280

G1X91.4943Y-89.0486

G1X92.8755Y-88.7848

G1X94.1616Y-88.4178

G1X95.3727Y-87.9244

G1X96.4131Y-87.3317

G1X97.2941Y-86.6229

G1X97.9595Y-85.8632

G1X98.5531Y-84.7956

G1X98.8607Y-83.7176

G1X98.9025Y-82.7547

G1X98.8036Y-82.2558

G1X98.6676Y-82.0134

G1X98.6504Y-82.1558

G1X98.8831Y-82.6362

G1X99.8013Y-83.7190

G1X101.0128Y-84.7290

G1X102.4835Y-85.7099

G1X105.4253Y-87.3177

G1X113.4887Y-91.1783

G1X117.2629Y-93.1389

G1X121.3313Y-95.5395

G1X124.9452Y-98.0113

G1X128.4998Y-100.8421

G1X131.6725Y-103.7925

G1X134.6365Y-107.0141

G1X137.3303Y-110.4611

G1X139.4941Y-113.7329

G1X141.2265Y-116.8389

G1X142.6840Y-120.0127

G1X143.8267Y-123.2195

G1X144.5929Y-126.3014

G1X145.0232Y-129.3394

G1X145.1715Y-132.8565

G1X145.1117Y-134.5911

G1X144.9766Y-135.6789

G1X144.4605Y-137.5032

G1X143.5205Y-139.4034

G1X142.5098Y-140.9260

G1X139.6223Y-144.7265

G1X138.3157Y-146.5782

G1X137.0413Y-148.6360

G1X135.9442Y-150.7207

G1X135.0032Y-152.8401

G1X134.1293Y-155.1558

G1X131.3015Y-164.0844

G1X129.8275Y-168.0662

G1X128.8849Y-170.1928

G1X127.8503Y-172.2247

G1X126.7107Y-174.1769

G1X125.5300Y-175.9593

G1X123.4491Y-178.6832

G1X120.9907Y-181.4635

G1X105.8911Y-196.9427

G1X102.1594Y-200.4227

G1X99.5847Y-202.6117

G1X97.0592Y-204.5434

G1X94.0515Y-206.5376

G1X90.7601Y-208.3612

G1X87.4138Y-209.8693

G1X83.9737Y-211.0871

G1X80.3607Y-212.0278

G1X76.7853Y-212.6436

G1X73.0731Y-212.9670

G1X69.2462Y-212.9705

G1X65.5575Y-212.6574

G1X61.4768Y-211.9427

G1X57.6758Y-210.9023

G1X54.0781Y-209.5360

G1X50.9386Y-207.9595

G1X49.5434Y-207.1030

G1X48.2054Y-206.1575

G1X47.0621Y-205.2113

G1X46.0289Y-204.1892

G1X45.1959Y-203.1632

G1X44.5911Y-202.1982

G1X44.1350Y-201.1710

G1X43.8725Y-200.1972

G1X43.7624Y-198.9859

G1X43.8669Y-197.7720

G1X44.1864Y-196.4492

G1X44.7029Y-195.0580

G1X45.8643Y-192.6782

G1X49.9744Y-185.4606

G1X52.1550Y-181.2584

G1X54.2311Y-176.5431

G1X55.8868Y-171.8562

G1X57.1533Y-167.1562

G1X58.0605Y-162.3912

G1X58.6289Y-157.4012

G1X58.8365Y-152.2731

G1X58.7094Y-146.8594

G1X58.2729Y-141.3123

G1X57.5051Y-136.0595

G1X56.3974Y-131.0630

G1X55.6866Y-128.5323

G1X54.8045Y-125.8248

G1X53.8965Y-123.3533

G1X52.8119Y-120.7361

G1X50.6098Y-116.0680

G1X46.5640Y-108.3721

G1X45.7241Y-106.5832

G1X45.1830Y-105.2204

G1X44.6779Y-103.4578

G1X44.4913Y-101.8683

G1X44.6067Y-100.3973

G1X45.0431Y-98.9544

G1X45.8770Y-97.4554

G1X47.1076Y-95.9889

G1X48.7126Y-94.5891

G1X50.7523Y-93.2259

G1X53.0112Y-92.0415

G1X55.6004Y-90.9735

G1X58.3713Y-90.0915

G1X61.3151Y-89.3949

G1X63.5155Y-89.0139

G1X65.7496Y-88.7382

G1X68.0966Y-88.5551

G1X70.5423Y-88.4748

G1X73.0061Y-88.4917

G1X75.9632Y-88.6240

G1X85.8946Y-89.5168

G1X89.1604Y-89.6845

G1X91.0164Y-89.6565

G1X92.6511Y-89.5202

G1X94.1969Y-89.2558

G1X95.4720Y-88.9080

G1X96.9469Y-88.3070

G1X98.1844Y-87.5609

G1X99.1749Y-86.6966

G1X99.9774Y-85.6713

G1X100.6361Y-84.2628

G1X100.9178Y-82.9539

G1X100.8958Y-81.6667

G1X100.7279Y-81.0357

G1X100.5331Y-80.7192

G1X100.4972Y-80.8401

G1X100.6804Y-81.2121

G1X101.5075Y-82.1750

G1X102.6042Y-83.0927

G1X104.1768Y-84.1421

G1X106.9594Y-85.6701

G1X114.6842Y-89.4055

G1X118.5495Y-91.4232

G1X122.5349Y-93.7760

G1X126.2232Y-96.2888

G1X129.7824Y-99.1042

G1X133.0043Y-102.0679

G1X136.0521Y-105.3309

G1X138.7681Y-108.7250

G1X141.2275Y-112.3292

G1X143.3503Y-116.0183

G1X145.0932Y-119.6872

G1X146.4341Y-123.2687

G1X147.3281Y-126.6019

G1X147.8229Y-129.7900

G1X147.9506Y-131.7349

G1X147.9665Y-134.0882

G1X147.9185Y-135.3207

G1X147.7501Y-136.6955

G1X147.5447Y-137.5936

G1X147.2015Y-138.5377

G1X146.7552Y-139.4412

G1X146.1960Y-140.3176

G1X144.9829Y-141.8460

G1X141.8376Y-145.2751

G1X140.1897Y-147.2453

G1X138.6381Y-149.4262

G1X137.3390Y-151.6472

G1X136.3320Y-153.7331

G1X135.3786Y-156.0921

G1X132.4785Y-164.8291

G1X131.0959Y-168.4763

G1X129.3845Y-172.0664

G1X128.4310Y-173.7268

G1X127.3616Y-175.3714

G1X125.4454Y-177.8955

G1X123.2886Y-180.2964

G1X121.2900Y-182.2688

G1X116.3471Y-186.8164

G1X113.7100Y-189.3590

G1X106.0574Y-197.4569

G1X103.2121Y-200.3400

G1X100.6269Y-202.7733

G1X98.5355Y-204.5503

G1X96.2773Y-206.2844

G1X93.9271Y-207.8662

G1X90.8412Y-209.6463

G1X87.4759Y-211.2329

G1X84.0700Y-212.4950

G1X80.5589Y-213.4721

G1X76.8779Y-214.1660

G1X73.2646Y-214.5340

G1X69.6392Y-214.6079

G1X65.8142Y-214.3676

G1X61.5982Y-213.7173

G1X59.4351Y-213.2194

G1X57.3552Y-212.6336

G1X55.2679Y-211.9284

G1X53.4450Y-211.2088

G1X51.5266Y-210.3355

G1X49.7454Y-209.3971

G1X48.0673Y-208.3795

G1X46.5658Y-207.3221

G1X45.2825Y-206.2656

G1X44.1696Y-205.1749

G1X43.2601Y-204.0793

G1X42.5834Y-203.0375

G1X42.0726Y-201.9504

G1X41.7406Y-200.8032

G1X41.6132Y-199.6147

G1X41.7030Y-198.3031

G1X42.0272Y-196.9075

G1X42.5813Y-195.4063

G1X43.7353Y-193.0516

G1X48.1143Y-185.4494

G1X50.3596Y-181.1523

G1X52.4745Y-176.3624

G1X54.0619Y-171.8951

G1X55.3444Y-167.2180

G1X56.2831Y-162.3902

G1X56.8691Y-157.3034

G1X57.0814Y-152.4379

G1X56.9843Y-146.9160

G1X56.5034Y-140.9212

G1X55.7039Y-135.6547

G1X54.6394Y-130.9393

G1X53.8972Y-128.3314

G1X53.0733Y-125.8183

G1X52.0751Y-123.1542

G1X50.9758Y-120.5245

G1X48.7343Y-115.8644

G1X44.1727Y-107.4110

G1X42.9585Y-104.6399

G1X42.4628Y-102.8911

G1X42.2866Y-101.3746

G1X42.4045Y-99.9161

G1X42.8510Y-98.4483

G1X43.7651Y-96.8392

G1X45.1673Y-95.2298

G1X47.0477Y-93.6718

G1X49.2594Y-92.2768

G1X51.7921Y-91.0343

G1X54.5444Y-89.9879

G1X57.4912Y-89.1421

G1X60.6554Y-88.4993

G1X62.9391Y-88.1864

G1X65.3417Y-87.9796

G1X67.7522Y-87.8931

G1X70.1706Y-87.9134

G1X73.2883Y-88.0887

G1X76.4694Y-88.4173

G1X86.2134Y-89.8814

G1X89.6994Y-90.2556

G1X91.7751Y-90.3224

G1X93.5409Y-90.2336

G1X95.1636Y-89.9975

G1X96.6406Y-89.6172

G1X98.3263Y-88.9236

G1X99.7817Y-88.0091

G1X100.9712Y-86.9038

G1X101.9172Y-85.5626

G1X102.2840Y-84.8130

G1X102.6228Y-83.8635

G1X102.9222Y-82.1809

G1X102.8431Y-80.6088

G1X102.6171Y-79.8346

G1X102.3874Y-79.4537

G1X102.3635Y-79.5631

G1X102.6153Y-79.9728

G1X103.4243Y-80.8206

G1X104.5990Y-81.7426

G1X105.9491Y-82.6157

G1X108.7069Y-84.1272

G1X115.4113Y-87.4116

G1X119.4459Y-89.5160

G1X123.3022Y-91.7732

G1X127.2091Y-94.4042

G1X130.7774Y-97.1955

G1X133.9948Y-100.1112

G1X136.9947Y-103.2536

G1X139.8189Y-106.6840

G1X142.4989Y-110.4904

G1X144.9664Y-114.6405

G1X147.1176Y-118.9985

G1X148.7806Y-123.1924

G1X149.8912Y-126.9230

G1X150.2642Y-128.6527

G1X150.5351Y-130.3954

G1X150.6941Y-132.1237

G1X150.7488Y-133.9183

G1X150.6788Y-136.4395

G1X150.5618Y-137.7386

G1X150.3384Y-138.7708

G1X150.0061Y-139.7163

G1X149.5898Y-140.5131

G1X149.0261Y-141.3374

G1X147.7883Y-142.6955

G1X144.0631Y-146.0651

G1X142.2566Y-147.8998

G1X140.3954Y-150.1867

G1X138.8362Y-152.6087

G1X137.7557Y-154.7008

G1X136.7054Y-157.1760

G1X133.7968Y-165.6874

G1X132.5194Y-169.0048

G1X130.9902Y-172.2303

G1X129.2460Y-175.1429

G1X127.3775Y-177.6431

G1X125.2427Y-179.9861

G1X122.8632Y-182.1943

G1X116.4215Y-187.4932

G1X113.4330Y-190.1995

G1X110.6697Y-193.0387

G1X103.7682Y-200.6789

G1X101.0637Y-203.4157

G1X99.2668Y-205.0789

G1X97.5660Y-206.5021

G1X95.6549Y-207.9640

G1X93.8288Y-209.2120

G1X90.6318Y-211.1025

G1X87.4297Y-212.6441

G1X84.1021Y-213.9218

G1X80.5923Y-214.9390

G1X77.1062Y-215.6416

G1X73.4823Y-216.0695

G1X69.7438Y-216.1967

G1X66.1078Y-216.0207

G1X63.8859Y-215.7728

G1X61.4971Y-215.3775

G1X59.2973Y-214.9012

G1X56.9759Y-214.2693

G1X54.8224Y-213.5619

G1X52.6631Y-212.7251

G1X50.7198Y-211.8474

G1X48.8261Y-210.8672

G1X46.9396Y-209.7385

G1X45.3523Y-208.6402

G1X43.8526Y-207.4323

G1X42.6245Y-206.2585

G1X41.5576Y-205.0170

G1X40.7631Y-203.8371

G1X40.1471Y-202.5746

G1X39.7814Y-201.3777

G1X39.6209Y-200.0823

G1X39.6998Y-198.6726

G1X40.0325Y-197.1891

G1X40.5802Y-195.6772

G1X41.8304Y-193.1172

G1X46.3657Y-185.2567

G1X48.5736Y-181.0270

G1X50.7115Y-176.1845

G1X52.3044Y-171.7010

G1X53.5878Y-167.0313

G1X54.5432Y-162.0885

G1X55.1031Y-157.2426

G1X55.3367Y-152.1909

G1X55.2117Y-146.1070

G1X54.7313Y-140.5182

G1X53.9762Y-135.5812

G1X52.8228Y-130.5283

G1X52.0136Y-127.7791

G1X51.0415Y-124.9221

G1X50.0712Y-122.4339

G1X48.8443Y-119.6189

G1X46.3173Y-114.5896

G1X42.3991Y-107.5582

G1X41.4756Y-105.6987

G1X40.9159Y-104.3674

G1X40.3719Y-102.5758

G1X40.1689Y-100.9818

G1X40.2778Y-99.4930

G1X40.7248Y-98.0072

G1X41.1806Y-97.0927

G1X41.7217Y-96.2650

G1X43.1966Y-94.6000

G1X45.1834Y-92.9812

G1X47.6173Y-91.4824

G1X50.3420Y-90.1931

G1X53.4127Y-89.0929

G1X56.5837Y-88.2682

G1X59.8842Y-87.6948

G1X62.6870Y-87.4113

G1X65.6134Y-87.3019

G1X68.5622Y-87.3665

G1X71.7020Y-87.6147

G1X74.5984Y-87.9955

G1X77.2126Y-88.4436

G1X87.6366Y-90.6273

G1X91.1654Y-91.0952

G1X92.9209Y-91.1626

G1X94.5385Y-91.0874

G1X96.0324Y-90.8773

G1X97.5062Y-90.5048

G1X99.4885Y-89.6834

G1X101.1441Y-88.6115

G1X102.5619Y-87.2485

G1X103.6037Y-85.7074

G1X104.0523Y-84.7846

G1X104.4295Y-83.7142

G1X104.6757Y-82.7178

G1X104.8102Y-81.6764

G1X104.8352Y-80.6283

G1X104.7058Y-79.5163

G1X104.4426Y-78.6305

G1X104.2071Y-78.2049

G1X104.5901Y-78.7750

G1X105.4042Y-79.5270

G1X107.6884Y-81.0903

G1X110.1029Y-82.4272

G1X117.6174Y-86.1870

G1X120.9358Y-87.9683

G1X124.6059Y-90.1518

G1X128.0293Y-92.4587

G1X131.5233Y-95.1567

G1X134.7838Y-98.0650

G1X137.8133Y-101.1834

G1X140.6089Y-104.5042

G1X142.2292Y-106.6703

G1X143.5692Y-108.6202

G1X145.0662Y-110.9977

G1X146.3341Y-113.2081

G1X147.6386Y-115.6947

G1X148.9115Y-118.3902

G1X150.8973Y-123.3030

G1X151.6816Y-125.6167

G1X152.3302Y-127.8416

G1X152.8075Y-129.8457

G1X153.1467Y-131.7616

G1X153.3409Y-133.5276

G1X153.4182Y-135.3664

G1X153.3768Y-137.5419

G1X153.2047Y-139.5025

G1X153.0242Y-140.3886

G1X152.6935Y-141.2834

G1X152.2498Y-142.0774

G1X151.6262Y-142.8545

G1X150.4449Y-143.9376

G1X146.4169Y-146.9435

G1X144.3253Y-148.7535

G1X142.2589Y-150.9960

G1X140.5359Y-153.4333

G1X139.2685Y-155.7430

G1X138.1445Y-158.3085

G1X135.1147Y-167.0291

G1X133.8909Y-170.1358

G1X132.5581Y-172.9163

G1X131.1030Y-175.3802

G1X130.1624Y-176.7313

G1X129.0783Y-178.1075

G1X126.7138Y-180.6060

G1X123.9272Y-182.9729

G1X117.0177Y-187.9633

G1X115.2689Y-189.3323

G1X113.5964Y-190.7792

G1X112.0097Y-192.3021

G1X110.4064Y-193.9897

G1X104.3787Y-200.9811

G1X101.0856Y-204.5315

G1X99.2095Y-206.3201

G1X97.5104Y-207.8008

G1X95.4570Y-209.3968

G1X93.5415Y-210.7313

G1X90.4927Y-212.5498

G1X87.4845Y-214.0328

G1X84.2091Y-215.3272

G1X80.8272Y-216.3513

G1X77.3761Y-217.0968

G1X73.8362Y-217.5615

G1X70.3790Y-217.7440

G1X66.6514Y-217.6449

G1X64.1619Y-217.4050

G1X61.7760Y-217.0521

G1X59.3333Y-216.5530

G1X56.9795Y-215.9441

G1X54.5127Y-215.1592

G1X52.3356Y-214.3315

G1X50.1235Y-213.3529

G1X47.9949Y-212.2574

G1X46.0640Y-211.1103

G1X44.2120Y-209.8400

G1X42.5440Y-208.5017

G1X41.1361Y-207.1619

G1X39.9329Y-205.7656

G1X39.0320Y-204.4302

G1X38.3701Y-203.0864

G1X37.9629Y-201.7931

G1X37.7755Y-200.3967

G1X37.8330Y-198.9820

G1X38.1594Y-197.4028

G1X38.7272Y-195.7807

G1X40.0163Y-193.1003

G1X44.6768Y-184.9611

G1X46.8983Y-180.6641

G1X49.0387Y-175.7587

G1X50.6162Y-171.2618

G1X51.8917Y-166.5490

G1X52.8236Y-161.6020

G1X53.3592Y-156.8900

G1X53.5956Y-151.4700

G1X53.4355Y-145.3703

G1X52.9913Y-140.2959

G1X52.1879Y-135.1139

G1X50.9875Y-130.0221

G1X50.2443Y-127.5216

G1X49.3539Y-124.9390

G1X48.3136Y-122.2592

G1X47.2380Y-119.8058

G1X44.9944Y-115.2934

G1X40.0924Y-106.5560

G1X38.8414Y-103.8018

G1X38.3368Y-102.1008

G1X38.1389Y-100.5179

G1X38.2610Y-99.0060

G1X38.7040Y-97.5492

G1X39.1617Y-96.6332

G1X39.8047Y-95.6607

G1X40.5543Y-94.7577

G1X41.4350Y-93.8773

G1X43.5702Y-92.1952

G1X46.1770Y-90.6489

G1X49.1477Y-89.3126

G1X52.3375Y-88.2455

G1X55.6902Y-87.4561

G1X59.2240Y-86.9448

G1X62.2480Y-86.7448

G1X65.2935Y-86.7466

G1X68.5501Y-86.9651

G1X71.5877Y-87.3592

G1X74.1970Y-87.8266

G1X77.3590Y-88.5392

G1X87.6227Y-91.3064

G1X89.4753Y-91.6989

G1X91.3136Y-91.9743

G1X93.1499Y-92.1055

G1X94.8793Y-92.0672

G1X96.5118Y-91.8549

G1X98.0120Y-91.4880

G1X100.1220Y-90.6405

G1X101.1731Y-90.0413

G1X102.1688Y-89.3390

G1X103.0912Y-88.5276

G1X103.8714Y-87.6917

G1X104.4895Y-86.8807

G1X105.0727Y-85.9298

G1X105.6465Y-84.7619

G1X106.0456Y-83.6806

G1X106.3799Y-82.4221

G1X106.5590Y-81.2756

G1X106.6256Y-79.9900

G1X106.5350Y-78.8489

G1X106.3518Y-77.9205

G1X105.9756Y-76.9620

G1X106.5016Y-77.5293

G1X107.3735Y-78.2493

G1X109.4493Y-79.6151

G1X111.8295Y-80.9292

G1X118.4752Y-84.3080

G1X122.0169Y-86.2260

G1X125.7359Y-88.4630

G1X128.8443Y-90.5679

G1X132.1488Y-93.0953

G1X135.4516Y-95.9997

G1X138.4120Y-98.9978

G1X141.1703Y-102.2042

G1X143.0670Y-104.7001

G1X144.7290Y-107.1159

G1X146.5095Y-109.9931

G1X147.9908Y-112.6674

G1X149.3959Y-115.4665

G1X150.8773Y-118.7682

G1X152.2287Y-122.1539

G1X153.3757Y-125.3733

G1X154.3345Y-128.4112

G1X155.0573Y-131.1011

G1X155.5379Y-133.4004

G1X155.8205Y-135.4953

G1X155.9314Y-137.8320

G1X155.8357Y-140.6740

G1X155.5370Y-142.3982

G1X155.0544Y-143.4993

G1X154.3858Y-144.3508

G1X153.4552Y-145.1276

G1X148.8759Y-147.9088

G1X146.4857Y-149.6674

G1X145.3437Y-150.6857

G1X144.3552Y-151.7004

G1X143.3747Y-152.8554

G1X142.5291Y-154.0079

G1X141.1596Y-156.2785

G1X139.9203Y-158.9257

G1X138.9719Y-161.4106

G1X136.4949Y-168.6607

G1X134.8592Y-172.5805

G1X133.8815Y-174.4762

G1X132.8836Y-176.1420

G1X131.7546Y-177.7606

G1X130.5311Y-179.2650

G1X128.4542Y-181.3777

G1X126.0800Y-183.3226

G1X123.3182Y-185.2083

G1X116.9034Y-189.2163

G1X114.8329Y-190.7230

G1X112.9501Y-192.3116

G1X111.4022Y-193.8087

G1X109.7349Y-195.6119

G1X104.0118Y-202.5227

G1X102.0797Y-204.7079

G1X100.0421Y-206.8291

G1X97.8089Y-208.8750

G1X96.2176Y-210.1880

G1X94.6042Y-211.3873

G1X91.2071Y-213.5716

G1X87.5453Y-215.4483

G1X85.6915Y-216.2360

G1X83.7755Y-216.9405

G1X79.7771Y-218.0945

G1X75.6126Y-218.8673

G1X71.4742Y-219.2326

G1X67.3887Y-219.2218

G1X64.7676Y-219.0256

G1X62.1798Y-218.6789

G1X59.6043Y-218.1916

G1X57.0010Y-217.5417

G1X54.6526Y-216.8174

G1X52.1887Y-215.9087

G1X49.7856Y-214.8581

G1X47.6201Y-213.7592

G1X45.4441Y-212.4852

G1X43.3611Y-211.0684

G1X41.5691Y-209.6470

G1X39.9864Y-208.1698

G1X38.6364Y-206.6462

G1X37.5941Y-205.1654

G1X36.8428Y-203.7458

G1X36.3142Y-202.2297

G1X36.0648Y-200.6569

G1X36.0971Y-199.1347

G1X36.3911Y-197.5492

G1X36.9851Y-195.7594

G1X38.3028Y-192.9521

G1X43.0846Y-184.4775

G1X45.2885Y-180.1410

G1X46.2837Y-177.9506

G1X47.4135Y-175.1785

G1X48.2620Y-172.8582

G1X48.9992Y-170.5528

G1X50.2678Y-165.6903

G1X51.1510Y-160.7370

G1X51.6569Y-155.9278

G1X51.8494Y-150.4177

G1X51.6795Y-144.8960

G1X51.2069Y-139.6054

G1X50.3420Y-134.3427

G1X49.1742Y-129.5410

G1X48.3552Y-126.8603

G1X47.5169Y-124.4636

G1X46.4604Y-121.8163

G1X45.2759Y-119.1379

G1X42.7779Y-114.2543

G1X38.5863Y-106.9275

G1X37.6219Y-105.0515

G1X37.0050Y-103.6346

G1X36.4245Y-101.7707

G1X36.2165Y-100.1787

G1X36.3236Y-98.6570

G1X36.7542Y-97.1883

G1X37.2648Y-96.1527

G1X37.8651Y-95.2389

G1X38.6680Y-94.2641

G1X39.5711Y-93.3575

G1X40.6452Y-92.4453

G1X41.8689Y-91.5570

G1X44.5922Y-89.9635

G1X47.7180Y-88.5883

G1X51.0595Y-87.5155

G1X54.5976Y-86.7447

G1X58.2919Y-86.2895

G1X61.5053Y-86.1602

G1X64.5729Y-86.2590

G1X67.7221Y-86.5705

G1X71.0307Y-87.1198

G1X73.9127Y-87.7769

G1X76.7479Y-88.5599

G1X87.3616Y-92.0219

G1X89.3481Y-92.5270

G1X90.9481Y-92.8326

G1X92.9738Y-93.0466

G1X94.8074Y-93.0408

G1X96.5324Y-92.8406

G1X98.2790Y-92.4247

G1X99.5182Y-91.9825

G1X100.7390Y-91.4202

G1X101.8879Y-90.7523

G1X103.0342Y-89.9406

G1X104.0212Y-89.0750

G1X104.9191Y-88.1129

G1X105.7288Y-87.0624

G1X106.3786Y-86.0176

G1X107.0235Y-84.7296

G1X107.5137Y-83.4826

G1X107.9056Y-82.1001

G1X108.1530Y-80.7868

G1X108.2604Y-79.3849

G1X108.2322Y-78.2136

G1X108.0646Y-77.0086

G1X107.6838Y-75.7170

G1X109.1284Y-76.8603

G1X110.9348Y-78.0268

G1X113.1070Y-79.2450

G1X118.7930Y-82.1842

G1X122.7203Y-84.3132

G1X126.4093Y-86.5292

G1X129.5701Y-88.6659

G1X132.7925Y-91.1194

G1X136.0095Y-93.9153

G1X138.9448Y-96.8480

G1X141.6146Y-99.8964

G1X143.4834Y-102.3045

G1X145.2308Y-104.7910

G1X146.9465Y-107.5167

G1X148.4629Y-110.1878

G1X150.0156Y-113.2438

G1X151.3239Y-116.1255

G1X152.6029Y-119.2316

G1X154.0118Y-123.0421

G1X155.3678Y-127.0970

G1X156.6869Y-131.4394

G1X157.4903Y-134.5011

G1X157.9609Y-136.8824

G1X158.2318Y-139.6110

G1X158.2031Y-142.6514

G1X157.9725Y-144.3229

G1X157.5096Y-145.4577

G1X156.9182Y-146.1529

G1X156.1893Y-146.6896

G1X151.1878Y-149.1027

G1X148.6565Y-150.6842

G1X147.4596Y-151.6298

G1X146.3322Y-152.6703

G1X145.3171Y-153.7729

G1X144.3797Y-154.9630

G1X142.9051Y-157.3013

G1X141.5968Y-160.0510

G1X140.5913Y-162.7088

G1X138.1411Y-170.0149

G1X137.2465Y-172.2952

G1X136.4561Y-174.0499

G1X135.4872Y-175.9169

G1X134.3743Y-177.7322

G1X133.1831Y-179.3747

G1X131.9299Y-180.8416

G1X129.7696Y-182.9015

G1X127.2573Y-184.7829

G1X124.6849Y-186.3555

G1X119.1602Y-189.3084

G1X117.1017Y-190.4957

G1X114.8957Y-191.9648

G1X113.0692Y-193.4149

G1X111.2880Y-195.0858

G1X109.4434Y-197.0959

G1X103.9048Y-203.9618

G1X102.0431Y-206.1411

G1X99.5190Y-208.7605

G1X97.2560Y-210.7960

G1X94.2222Y-213.1349

G1X90.7998Y-215.2893

G1X87.4472Y-216.9873

G1X83.7649Y-218.4458

G1X79.9493Y-219.5531

G1X76.1424Y-220.2942

G1X72.2070Y-220.7032

G1X68.1820Y-220.7598

G1X65.5263Y-220.6011

G1X62.8109Y-220.2843

G1X60.0125Y-219.7826

G1X57.4101Y-219.1615

G1X54.6890Y-218.3412

G1X52.0441Y-217.3650

G1X49.5893Y-216.2934

G1X47.1260Y-215.0382

G1X44.6721Y-213.5808

G1X42.4977Y-212.0807

G1X40.4974Y-210.4775

G1X38.7788Y-208.8595

G1X37.2909Y-207.1739

G1X36.1739Y-205.5956

G1X35.3088Y-203.9799

G1X34.7296Y-202.3465

G1X34.4574Y-200.7576

G1X34.4634Y-199.1258

G1X34.7541Y-197.4212

G1X35.3602Y-195.5308

G1X36.7074Y-192.5980

G1X41.5243Y-183.9027

G1X43.7245Y-179.4810

G1X44.7308Y-177.2171

G1X45.7570Y-174.6360

G1X46.6147Y-172.2461

G1X47.3448Y-169.9186

G1X48.6025Y-164.9468

G1X49.4304Y-160.1473

G1X49.9381Y-155.1047

G1X50.0941Y-149.5771

G1X49.9362Y-144.3748

G1X49.3930Y-138.7041

G1X48.5610Y-133.8514

G1X47.4113Y-129.1631

G1X46.5640Y-126.4415

G1X45.5600Y-123.6307

G1X44.6252Y-121.3241

G1X43.4616Y-118.7522

G1X41.2792Y-114.4728

G1X36.4697Y-106.0142

G1X35.1521Y-103.1734

G1X34.6287Y-101.4717

G1X34.4037Y-99.8403

G1X34.4985Y-98.3381

G1X34.9393Y-96.7873

G1X35.4057Y-95.8183

G1X36.0743Y-94.7838

G1X36.8828Y-93.7945

G1X37.8880Y-92.7881

G1X39.0541Y-91.8108

G1X40.2987Y-90.9193

G1X41.7136Y-90.0478

G1X43.1969Y-89.2576

G1X44.7868Y-88.5265

G1X46.4617Y-87.8689

G1X49.8742Y-86.8240

G1X53.5322Y-86.0869

G1X57.3496Y-85.6947

G1X60.4928Y-85.6385

G1X63.8328Y-85.8296

G1X67.1530Y-86.2741

G1X70.3547Y-86.9296

G1X73.2828Y-87.7129

G1X76.5164Y-88.7694

G1X86.5159Y-92.5801

G1X88.4777Y-93.1835

G1X90.3917Y-93.6197

G1X92.4100Y-93.8801

G1X94.3164Y-93.9101

G1X96.2303Y-93.7080

G1X98.1144Y-93.2685

G1X99.5770Y-92.7562

G1X101.0415Y-92.0771

G1X102.2871Y-91.3582

G1X103.5984Y-90.4342

G1X104.6879Y-89.5120

G1X105.5943Y-88.5731

G1X106.5475Y-87.3876

G1X107.3850Y-86.1279

G1X108.1467Y-84.6924

G1X108.7681Y-83.2271

G1X109.2316Y-81.7466

G1X109.5699Y-80.1997

G1X109.7180Y-78.9061

G1X109.7530Y-77.3786

G1X109.6012Y-75.9312

G1X109.3307Y-74.4660

G1X111.1096Y-75.6898

G1X113.0552Y-76.8713

G1X121.4486Y-81.3394

G1X124.8026Y-83.2463

G1X127.2082Y-84.7263

G1X130.1654Y-86.7190

G1X133.4709Y-89.2306

G1X136.4173Y-91.7651

G1X139.3006Y-94.5969

G1X141.9340Y-97.5450

G1X143.7628Y-99.8487

G1X145.4780Y-102.2292

G1X147.0846Y-104.7112

G1X148.6172Y-107.3235

G1X149.9840Y-109.9315

G1X151.3203Y-112.7440

G1X152.6710Y-115.9530

G1X153.8046Y-118.9373

G1X154.9955Y-122.3901

G1X156.5102Y-127.1939

G1X159.0136Y-135.5213

G1X159.8627Y-138.8339

G1X160.2645Y-141.3608

G1X160.3832Y-143.8897

G1X160.2453Y-146.2433

G1X160.0689Y-146.9644

G1X159.8274Y-147.4974

G1X159.3751Y-148.0468

G1X158.5925Y-148.5488

G1X154.0031Y-150.1534

G1X152.3209Y-150.9229

G1X150.9828Y-151.6836

G1X149.7145Y-152.5474

G1X148.4703Y-153.5744

G1X147.3809Y-154.6501

G1X146.3121Y-155.9182

G1X145.4773Y-157.0954

G1X144.7337Y-158.3280

G1X143.3597Y-161.1996

G1X142.2205Y-164.3017

G1X139.6671Y-172.0829

G1X138.6822Y-174.5314

G1X137.7146Y-176.5679

G1X136.4325Y-178.8063

G1X134.9819Y-180.8543

G1X133.3961Y-182.6625

G1X131.6178Y-184.3005

G1X129.8442Y-185.6351

G1X127.7036Y-186.9629

G1X125.2205Y-188.2537

G1X118.0461Y-191.6412

G1X115.7444Y-192.9773

G1X113.5366Y-194.5598

G1X111.6285Y-196.2512

G1X109.8071Y-198.1775

G1X108.1688Y-200.1294

G1X103.9872Y-205.4514

G1X101.9902Y-207.7970

G1X100.4425Y-209.4466

G1X98.4982Y-211.3170

G1X96.6352Y-212.9152

G1X94.3800Y-214.6141

G1X92.1638Y-216.0728

G1X89.6162Y-217.5078

G1X86.8811Y-218.8052

G1X84.1243Y-219.8730

G1X81.3307Y-220.7420

G1X78.4872Y-221.4109

G1X75.5180Y-221.9041

G1X72.4925Y-222.1879

G1X69.4380Y-222.2709

G1X66.4203Y-222.1476

G1X63.6592Y-221.8581

G1X60.7443Y-221.3731

G1X57.8818Y-220.7063

G1X55.1473Y-219.8911

G1X52.4031Y-218.8911

G1X49.7393Y-217.7321

G1X47.1484Y-216.4119

G1X44.5185Y-214.8562

G1X42.1122Y-213.2103

G1X39.8849Y-211.4492

G1X37.9260Y-209.6412

G1X36.2199Y-207.7611

G1X34.9196Y-205.9886

G1X33.9802Y-204.3319

G1X33.2680Y-202.4966

G1X32.9268Y-200.7921

G1X32.8884Y-199.0478

G1X33.1615Y-197.2211

G1X33.7703Y-195.2265

G1X34.4080Y-193.6786

G1X35.1617Y-192.1207

G1X39.9823Y-183.2435

G1X42.0719Y-178.9599

G1X43.1083Y-176.5940

G1X44.0591Y-174.1566

G1X44.9379Y-171.6667

G1X45.6716Y-169.2960

G1X46.8548Y-164.5269

G1X47.6639Y-159.8569

G1X48.1925Y-154.5743

G1X48.3447Y-149.5293

G1X48.1925Y-143.8203

G1X47.6869Y-138.6063

G1X46.8911Y-133.8027

G1X45.6659Y-128.8091

G1X44.9292Y-126.4042

G1X44.0474Y-123.9126

G1X42.8779Y-120.9784

G1X41.9058Y-118.8046

G1X39.5567Y-114.1566

G1X35.0245Y-106.1751

G1X34.1287Y-104.4241

G1X33.5590Y-103.1134

G1X32.9594Y-101.2418

G1X32.7179Y-99.5730

G1X32.8100Y-97.9607

G1X33.2494Y-96.4022

G1X33.7496Y-95.3615

G1X34.4446Y-94.2893

G1X35.2901Y-93.2649

G1X36.2783Y-92.2794

G1X37.4202Y-91.3194

G1X38.7523Y-90.3670

G1X40.2016Y-89.4776

G1X41.6819Y-88.6939

G1X43.3191Y-87.9494

G1X45.0439Y-87.2784

G1X48.6497Y-86.2092

G1X52.3445Y-85.5130

G1X56.1725Y-85.1714

G1X59.5795Y-85.1750

G1X62.7957Y-85.4338

G1X66.0805Y-85.9455

G1X69.6068Y-86.7755

G1X72.2671Y-87.5878

G1X75.2340Y-88.6592

G1X85.6304Y-93.0825

G1X87.5390Y-93.7290

G1X89.2851Y-94.1838

G1X91.3801Y-94.5096

G1X93.5010Y-94.5728

G1X95.6350Y-94.3566

G1X97.6607Y-93.8918

G1X99.2507Y-93.3462

G1X100.7373Y-92.6843

G1X102.3146Y-91.8153

G1X103.6763Y-90.8932

G1X105.0170Y-89.8082

G1X106.1357Y-88.7195

G1X107.1827Y-87.4686

G1X108.1893Y-86.0234

G1X109.0445Y-84.5218

G1X109.7934Y-82.8720

G1X110.3360Y-81.3461

G1X110.7526Y-79.6853

G1X111.0004Y-78.1576

G1X111.0913Y-76.3725

G1X111.0278Y-75.1749

G1X110.7866Y-73.5108

G1X110.8233Y-73.2098

G1X111.1146Y-73.2983

G1X112.9603Y-74.4815

G1X115.1071Y-75.7242

G1X121.4287Y-79.1037

G1X124.8565Y-81.0305

G1X127.8080Y-82.8408

G1X130.5049Y-84.6383

G1X133.8691Y-87.1642

G1X136.7260Y-89.5906

G1X139.6883Y-92.4490

G1X142.3186Y-95.3557

G1X144.1499Y-97.6267

G1X145.8067Y-99.8928

G1X147.4097Y-102.3293

G1X148.9385Y-104.8972

G1X150.2674Y-107.3991

G1X151.6393Y-110.2666

G1X152.7244Y-112.8185

G1X153.9082Y-115.9067

G1X155.6775Y-121.2822

G1X158.7326Y-131.9591

G1X161.0462Y-139.3185

G1X161.7128Y-141.7010

G1X162.1298Y-143.9035

G1X162.3112Y-146.2519

G1X162.2531Y-148.4542

G1X162.1459Y-149.1092

G1X161.9453Y-149.6521

G1X161.5757Y-150.1141

G1X160.9415Y-150.4499

G1X157.6904Y-151.1504

G1X156.2313Y-151.5433

G1X154.6828Y-152.1049

G1X153.2641Y-152.7699

G1X151.7947Y-153.6553

G1X150.4999Y-154.6307

G1X149.2452Y-155.7995

G1X148.1710Y-157.0328

G1X147.3163Y-158.2137

G1X146.6193Y-159.3491

G1X145.8519Y-160.8279

G1X145.2478Y-162.2000

G1X144.2389Y-164.9646

G1X141.6009Y-173.3771

G1X140.6168Y-175.9491

G1X139.5335Y-178.2916

G1X138.2091Y-180.6194

G1X136.7912Y-182.6256

G1X135.1772Y-184.4588

G1X133.3586Y-186.1001

G1X131.4027Y-187.5035

G1X129.2808Y-188.7294

G1X126.7636Y-189.9213

G1X120.8402Y-192.3264

G1X118.4225Y-193.4150

G1X115.9273Y-194.7805

G1X113.8545Y-196.2115

G1X111.9439Y-197.8484

G1X110.0455Y-199.8094

G1X108.0817Y-202.1415

G1X103.4273Y-208.0200

G1X100.2158Y-211.5124

G1X98.2882Y-213.3047

G1X96.2630Y-214.9834

G1X94.2954Y-216.4202

G1X92.1584Y-217.7916

G1X89.7639Y-219.1251

G1X87.1956Y-220.3304

G1X84.4736Y-221.3902

G1X81.8311Y-222.2119

G1X78.9809Y-222.8978

G1X76.2736Y-223.3562

G1X73.3703Y-223.6611

G1X70.5372Y-223.7647

G1X67.6014Y-223.6877

G1X64.5122Y-223.3945

G1X61.7005Y-222.9383

G1X58.8240Y-222.2871

G1X55.8059Y-221.3919

G1X52.9600Y-220.3419

G1X50.1357Y-219.0974

G1X47.4149Y-217.6990

G1X44.5303Y-215.9871

G1X41.7563Y-214.0916

G1X39.2699Y-212.1406

G1X37.0161Y-210.0923

G1X35.1435Y-208.0778

G1X33.6536Y-206.1126

G1X32.5639Y-204.2492

G1X31.7992Y-202.3609

G1X31.4012Y-200.5065

G1X31.3400Y-198.7994

G1X31.6022Y-196.8432

G1X32.1851Y-194.8499

G1X32.8027Y-193.2939

G1X33.5495Y-191.7068

G1X38.4620Y-182.4765

G1X40.5340Y-178.1266

G1X41.5773Y-175.6829

G1X42.4652Y-173.3403

G1X43.3422Y-170.7775

G1X44.0760Y-168.3319

G1X45.1713Y-163.7448

G1X45.9433Y-159.1797

G1X46.4468Y-153.9016

G1X46.6098Y-148.9711

G1X46.4439Y-143.2834

G1X46.0182Y-138.6701

G1X45.1928Y-133.5718

G1X44.0732Y-128.9230

G1X43.2542Y-126.2111

G1X42.3942Y-123.7221

G1X41.3813Y-121.1675

G1X40.1075Y-118.2670

G1X37.3304Y-112.8423

G1X33.2830Y-105.6339

G1X31.8932Y-102.5750

G1X31.3611Y-100.7619

G1X31.1534Y-99.0955

G1X31.2715Y-97.5163

G1X31.7220Y-95.9670

G1X32.2343Y-94.9095

G1X32.9057Y-93.8756

G1X33.7986Y-92.7886

G1X34.8156Y-91.7772

G1X36.0099Y-90.7805

G1X37.4040Y-89.7927

G1X38.8506Y-88.9169

G1X40.4146Y-88.1034

G1X41.9992Y-87.3927

G1X43.7023Y-86.7447

G1X45.5438Y-86.1563

G1X47.3436Y-85.6867

G1X51.1861Y-85.0002

G1X54.9839Y-84.7111

G1X58.2041Y-84.7483

G1X61.6321Y-85.0709

G1X64.8658Y-85.6369

G1X68.2151Y-86.4846

G1X71.3517Y-87.5210

G1X74.1578Y-88.6373

G1X84.2059Y-93.2726

G1X86.3223Y-94.0483

G1X88.1755Y-94.5487

G1X90.3591Y-94.8887

G1X92.5883Y-94.9409

G1X94.8181Y-94.7020

G1X97.2114Y-94.1348

G1X98.9632Y-93.5190

G1X100.6450Y-92.7724

G1X102.4217Y-91.7931

G1X103.8736Y-90.8388

G1X105.2920Y-89.6986

G1X106.5512Y-88.5036

G1X107.6287Y-87.2820

G1X108.6509Y-85.8933

G1X109.6573Y-84.2697

G1X110.4042Y-82.7992

G1X111.1579Y-80.9524

G1X111.6476Y-79.3690

G1X112.0166Y-77.6391

G1X112.1956Y-76.2597

G1X112.2547Y-74.3462

G1X112.0905Y-72.1680

G1X112.2281Y-71.8992

G1X112.6872Y-72.0539

G1X115.8770Y-73.9186

G1X124.6668Y-78.7168

G1X128.2016Y-80.8531

G1X130.7820Y-82.5662

G1X134.2565Y-85.1319

G1X137.2537Y-87.6640

G1X140.0290Y-90.3085

G1X142.7320Y-93.2603

G1X144.5160Y-95.4410

G1X146.1414Y-97.6386

G1X147.7784Y-100.0916

G1X149.2885Y-102.6008

G1X150.6313Y-105.1102

G1X152.0119Y-107.9894

G1X153.0868Y-110.5311

G1X154.2025Y-113.4894

G1X155.1230Y-116.2492

G1X156.2400Y-120.0307

G1X158.9389Y-130.6560

G1X159.8882Y-134.0745

G1X161.0456Y-137.6708

G1X162.8732Y-142.7745

G1X163.4583Y-144.7504

G1X163.8288Y-146.5862

G1X164.0357Y-148.6368

G1X164.0481Y-150.9646

G1X163.8499Y-151.9186

G1X163.6151Y-152.2107

G1X163.1854Y-152.4177

G1X160.1053Y-152.6735

G1X158.9311Y-152.8449

G1X157.1614Y-153.2789

G1X155.4365Y-153.9402

G1X153.8921Y-154.7584

G1X152.4777Y-155.7354

G1X151.2047Y-156.8605

G1X149.9951Y-158.2072

G1X149.1763Y-159.3339

G1X148.3890Y-160.6252

G1X147.7098Y-161.9701

G1X147.0323Y-163.5550

G1X145.9914Y-166.6017

G1X144.3726Y-172.2556

G1X143.4583Y-175.1647

G1X142.4665Y-177.8239

G1X141.4772Y-180.0268

G1X140.1755Y-182.3958

G1X138.7195Y-184.5075

G1X137.0603Y-186.4134

G1X135.2762Y-188.0295

G1X133.2211Y-189.4850

G1X130.7956Y-190.8109

G1X127.9663Y-192.0202

G1X121.9605Y-194.1796

G1X119.5035Y-195.1720

G1X116.8762Y-196.4829

G1X114.4824Y-198.0331

G1X112.3405Y-199.7966

G1X110.1882Y-201.9645

G1X108.4499Y-203.9745

G1X103.2795Y-210.2953

G1X101.9158Y-211.8194

G1X100.3738Y-213.3775

G1X98.4447Y-215.1586

G1X96.5710Y-216.6859

G1X94.4478Y-218.2222

G1X92.3198Y-219.5702

G1X89.9248Y-220.8743

G1X87.4685Y-222.0126

G1X84.9884Y-222.9626

G1X82.4019Y-223.7685

G1X79.8313Y-224.3913

G1X77.0930Y-224.8728

G1X74.5662Y-225.1539

G1X71.8895Y-225.2893

G1X68.9166Y-225.2398

G1X65.8840Y-224.9823

G1X62.7015Y-224.4761

G1X59.8256Y-223.8063

G1X57.0059Y-222.9550

G1X54.0572Y-221.8521

G1X51.0791Y-220.5167

G1X48.1109Y-218.9683

G1X44.8172Y-217.0006

G1X41.6145Y-214.8260

G1X38.6977Y-212.5804

G1X36.1850Y-210.3659

G1X34.0681Y-208.1797

G1X32.4076Y-206.0924

G1X31.1751Y-204.0948

G1X30.3058Y-202.0695

G1X29.8656Y-200.1983

G1X29.7752Y-198.3130

G1X30.0156Y-196.3956

G1X30.6092Y-194.3083

G1X31.2077Y-192.7677

G1X31.9824Y-191.0981

G1X36.8749Y-181.7623

G1X38.8895Y-177.4572

G1X39.9200Y-175.0067

G1X40.7756Y-172.7166

G1X41.6944Y-169.9654

G1X42.4381Y-167.4197

G1X43.4840Y-162.8867

G1X44.2599Y-158.0965

G1X44.7016Y-153.1782

G1X44.8741Y-147.8895

G1X44.7024Y-142.6917

G1X44.2688Y-137.9574

G1X43.4783Y-133.1849

G1X42.3848Y-128.5801

G1X41.5928Y-125.9619

G1X40.6548Y-123.2478

G1X39.8068Y-121.0531

G1X38.7458Y-118.6113

G1X36.6792Y-114.3391

G1X31.8854Y-105.5216

G1X31.0884Y-103.8841

G1X30.5695Y-102.6170

G1X29.9664Y-100.6276

G1X29.7450Y-98.9336

G1X29.8572Y-97.2203

G1X30.2983Y-95.6636

G1X30.7873Y-94.6257

G1X31.4811Y-93.5275

G1X32.3777Y-92.4210

G1X33.3888Y-91.4021

G1X34.6055Y-90.3748

G1X35.8850Y-89.4567

G1X37.3908Y-88.5321

G1X38.9305Y-87.7202

G1X40.5853Y-86.9771

G1X42.3742Y-86.2952

G1X44.1381Y-85.7361

G1X45.9630Y-85.2654

G1X49.6465Y-84.6109

G1X53.5930Y-84.3197

G1X56.8388Y-84.3825

G1X60.1546Y-84.7152

G1X63.6962Y-85.3773

G1X66.8596Y-86.2346

G1X69.6385Y-87.1838

G1X72.7924Y-88.4829

G1X80.8305Y-92.4193

G1X82.7912Y-93.3004

G1X84.6982Y-94.0217

G1X86.6468Y-94.5650

G1X89.1173Y-94.9348

G1X91.8124Y-94.9828

G1X94.4945Y-94.6758

G1X97.0238Y-94.0593

G1X98.7613Y-93.4529

G1X100.7671Y-92.5614

G1X102.4779Y-91.6198

G1X104.1751Y-90.5218

G1X105.4162Y-89.5559

G1X106.8029Y-88.2581

G1X108.0506Y-86.8842

G1X109.1010Y-85.5112

G1X110.1567Y-83.8712

G1X111.0682Y-82.1833

G1X111.8032Y-80.4751

G1X112.4419Y-78.6080

G1X112.8426Y-76.9458

G1X113.1528Y-74.9606

G1X113.2502Y-72.7226

G1X113.2354Y-70.8501

G1X113.3092Y-70.6211

G1X113.5125Y-70.5391

G1X114.3707Y-70.8920

G1X124.5686Y-76.5008

G1X128.4447Y-78.8057

G1X131.7786Y-81.0256

G1X134.6628Y-83.1619

G1X137.9705Y-85.9366

G1X140.6141Y-88.4683

G1X143.1448Y-91.2046

G1X144.8808Y-93.3046

G1X146.6250Y-95.6446

G1X148.2523Y-98.0635

G1X149.6658Y-100.4031

G1X151.0604Y-102.9943

G1X152.3701Y-105.7141

G1X153.4478Y-108.2705

G1X154.5289Y-111.1610

G1X155.5450Y-114.2996

G1X156.6938Y-118.4586

G1X159.3893Y-130.6108

G1X160.4332Y-134.6980

G1X161.5988Y-138.3332

G1X164.0554Y-144.8355

G1X164.8862Y-147.5295

G1X165.2582Y-149.2301

G1X165.4731Y-150.8456

G1X165.6336Y-153.1025

G1X165.6058Y-154.4127

G1X165.4095Y-154.6129

G1X165.1051Y-154.6373

G1X162.9105Y-154.2840

G1X161.0979Y-154.2839

G1X159.4881Y-154.5289

G1X157.9801Y-154.9556

G1X156.1892Y-155.7294

G1X154.5587Y-156.7390

G1X153.0914Y-157.9614

G1X151.8120Y-159.3682

G1X150.9895Y-160.5032

G1X150.2142Y-161.8080

G1X149.5465Y-163.1583

G1X148.9046Y-164.7435

G1X147.9991Y-167.5166

G1X146.1590Y-174.3577

G1X145.4271Y-176.7982

G1X144.5197Y-179.3960

G1X143.3833Y-182.0447

G1X141.9810Y-184.6333

G1X140.4972Y-186.7933

G1X138.8445Y-188.6922

G1X136.9405Y-190.3899

G1X134.8271Y-191.8305

G1X132.3937Y-193.0881

G1X129.7482Y-194.1425

G1X123.3138Y-196.2394

G1X120.4540Y-197.3087

G1X117.4325Y-198.7242

G1X114.8152Y-200.3246

G1X112.5926Y-202.0629

G1X110.4030Y-204.1632

G1X108.5104Y-206.2483

G1X103.9377Y-211.6823

G1X101.9230Y-213.8590

G1X100.3319Y-215.4379

G1X98.3097Y-217.2215

G1X96.3226Y-218.7924

G1X94.3374Y-220.1742

G1X92.1793Y-221.5003

G1X90.0447Y-222.6463

G1X87.8200Y-223.6720

G1X85.4742Y-224.5916

G1X83.2485Y-225.3140

G1X80.9178Y-225.9197

G1X78.5474Y-226.3903

G1X76.1511Y-226.7036

G1X73.6343Y-226.8826

G1X70.5878Y-226.8714

G1X67.6407Y-226.6504

G1X64.6613Y-226.2056

G1X61.6387Y-225.5155

G1X58.8012Y-224.6444

G1X55.9815Y-223.5668

G1X53.0671Y-222.2374

G1X49.8412Y-220.5360

G1X45.7927Y-218.1172

G1X41.7604Y-215.4358

G1X38.2426Y-212.8379

G1X35.3017Y-210.3798

G1X32.8970Y-208.0327

G1X31.0402Y-205.8254

G1X29.6425Y-203.6661

G1X29.1341Y-202.6525

G1X28.7246Y-201.6099

G1X28.2514Y-199.7181

G1X28.1413Y-197.8348

G1X28.3619Y-195.9186

G1X28.9453Y-193.8051

G1X29.5326Y-192.2619

G1X30.3106Y-190.5644

G1X35.2082Y-181.0961

G1X37.1656Y-176.8535

G1X39.0440Y-172.0859

G1X39.9717Y-169.2577

G1X40.7538Y-166.5269

G1X41.7761Y-161.9835

G1X42.5551Y-156.9963

G1X42.9591Y-152.4025

G1X43.1342Y-146.9347

G1X42.9849Y-142.1199

G1X42.5036Y-137.0236

G1X41.7696Y-132.6374

G1X40.6943Y-128.1134

G1X39.2510Y-123.5444

G1X37.2412Y-118.4733

G1X34.7961Y-113.3857

G1X30.6072Y-105.4930

G1X29.2169Y-102.2600

G1X28.6876Y-100.3535

G1X28.4798Y-98.5623

G1X28.6160Y-96.8700

G1X29.0633Y-95.3180

G1X29.5655Y-94.2507

G1X30.2767Y-93.1309

G1X31.1700Y-92.0262

G1X32.1695Y-91.0159

G1X33.3097Y-90.0461

G1X34.6390Y-89.0843

G1X36.1105Y-88.1746

G1X37.6176Y-87.3790

G1X39.2710Y-86.6297

G1X40.9165Y-85.9978

G1X42.7258Y-85.4194

G1X44.6137Y-84.9282

G1X48.3177Y-84.2804

G1X50.2493Y-84.0924

G1X52.1573Y-84.0064

G1X55.5685Y-84.0865

G1X58.7739Y-84.4350

G1X62.0421Y-85.0536

G1X65.4494Y-85.9919

G1X67.9649Y-86.8745

G1X70.8641Y-88.0704

G1X73.7774Y-89.4467

G1X78.8321Y-91.9992

G1X81.0477Y-92.9972

G1X83.3188Y-93.8218

G1X85.9692Y-94.5308

G1X88.7673Y-94.9677

G1X91.2590Y-95.0125

G1X93.9307Y-94.6980

G1X96.5751Y-94.0442

G1X98.5969Y-93.3315

G1X100.7272Y-92.3726

G1X102.4547Y-91.4351

G1X104.3126Y-90.2237

G1X105.7872Y-89.0971

G1X107.0477Y-87.9334

G1X108.4118Y-86.4527

G1X109.6585Y-84.8647

G1X110.7306Y-83.2290

G1X111.7578Y-81.3579

G1X112.4835Y-79.7530

G1X113.1384Y-77.8981

G1X113.6464Y-76.0277

G1X113.9750Y-73.9933

G1X114.1110Y-72.5392

G1X114.1470Y-69.5876

G1X114.2942Y-69.2064

G1X114.5512Y-69.1171

G1X114.9710Y-69.2218

G1X115.9546Y-69.6936

G1X125.1829Y-74.7263

G1X128.1433Y-76.4645

G1X131.9939Y-78.9618

G1X135.2473Y-81.3642

G1X138.0171Y-83.6456

G1X140.8761Y-86.3291

G1X143.3998Y-89.0021

G1X145.2578Y-91.2238

G1X147.0182Y-93.5486

G1X148.6001Y-95.8678

G1X150.0248Y-98.2043

G1X151.4253Y-100.7667

G1X152.6630Y-103.3077

G1X153.8115Y-106.0124

G1X154.9283Y-108.9966

G1X156.0754Y-112.6799

G1X157.1832Y-116.9812

G1X158.1446Y-121.6110

G1X159.6626Y-129.9461

G1X160.5831Y-134.0836

G1X162.0150Y-138.8853

G1X164.9849Y-147.1545

G1X165.8245Y-149.7816

G1X166.4298Y-152.3518

G1X166.8258Y-155.4280

G1X167.1506Y-157.1913

G1X165.8249Y-156.4502

G1X164.8449Y-156.1104

G1X164.1007Y-155.9461

G1X162.1482Y-155.8258

G1X160.1627Y-156.1174

G1X158.4306Y-156.7077

G1X156.6982Y-157.6457

G1X155.0458Y-158.9288

G1X153.6839Y-160.3867

G1X152.8484Y-161.5354

G1X152.1253Y-162.7532

G1X151.4054Y-164.2509

G1X150.8158Y-165.7471

G1X149.8943Y-168.7405

G1X148.3667Y-174.9887

G1X147.4178Y-178.4826

G1X146.3761Y-181.5865

G1X145.3145Y-184.1287

G1X143.9638Y-186.7207

G1X142.3441Y-189.1465

G1X140.5954Y-191.1698

G1X138.6327Y-192.9110

G1X136.4726Y-194.3557

G1X133.8612Y-195.6410

G1X131.0262Y-196.6795

G1X123.8035Y-198.8368

G1X120.8293Y-199.8623

G1X117.7759Y-201.1971

G1X115.1730Y-202.6929

G1X112.9217Y-204.3435

G1X110.6162Y-206.4183

G1X108.4458Y-208.6856

G1X103.1383Y-214.6590

G1X99.9565Y-217.7335

G1X98.2452Y-219.1806

G1X96.1672Y-220.7462

G1X94.1481Y-222.1025

G1X92.1461Y-223.2865

G1X89.9799Y-224.4111

G1X87.8677Y-225.3657

G1X85.6912Y-226.2032

G1X83.4099Y-226.9397

G1X81.1570Y-227.5303

G1X78.8899Y-227.9850

G1X76.6000Y-228.3162

G1X74.3426Y-228.5015

G1X71.5116Y-228.5438

G1X68.7929Y-228.3525

G1X66.3689Y-227.9862

G1X63.6239Y-227.3348

G1X60.9083Y-226.4650

G1X58.4222Y-225.4680

G1X55.8272Y-224.2324

G1X52.6862Y-222.5097

G1X47.5889Y-219.3922

G1X41.1354Y-215.1863

G1X37.3038Y-212.4987

G1X34.2060Y-210.0767

G1X31.5303Y-207.6378

G1X29.4524Y-205.3062

G1X27.9193Y-203.0261

G1X27.4140Y-202.0373

G1X26.9673Y-200.9118

G1X26.5103Y-199.0655

G1X26.4081Y-197.1992

G1X26.6375Y-195.2936

G1X27.2099Y-193.2503

G1X27.7904Y-191.7200

G1X28.5579Y-190.0380

G1X33.3617Y-180.6720

G1X35.2862Y-176.4992

G1X37.2699Y-171.4640

G1X38.1680Y-168.7047

G1X38.9516Y-165.9616

G1X39.9839Y-161.4165

G1X40.7902Y-156.2578

G1X41.2174Y-151.6763

G1X41.3938Y-146.3979

G1X41.2975Y-141.7591

G1X40.8764Y-137.0541

G1X40.2016Y-132.6556

G1X39.2104Y-128.3014

G1X37.7000Y-123.2895

G1X35.5493Y-117.8100

G1X33.8495Y-114.1591

G1X29.5371Y-105.6404

G1X28.7474Y-103.9092

G1X28.1832Y-102.4261

G1X27.6006Y-100.3393

G1X27.3899Y-98.5553

G1X27.5047Y-96.7769

G1X27.9409Y-95.1649

G1X28.4379Y-94.0683

G1X29.1094Y-92.9658

G1X29.9731Y-91.8600

G1X30.9865Y-90.8055

G1X32.1644Y-89.7840

G1X33.4922Y-88.8112

G1X34.9294Y-87.9167

G1X36.4306Y-87.1145

G1X38.0223Y-86.3888

G1X39.7982Y-85.7076

G1X41.5673Y-85.1435

G1X43.3359Y-84.6882

G1X45.2110Y-84.3112

G1X47.1212Y-84.0311

G1X50.9348Y-83.7788

G1X54.1658Y-83.8634

G1X57.4733Y-84.2311

G1X60.4785Y-84.8112

G1X63.6945Y-85.6810

G1X66.4274Y-86.6308

G1X68.7105Y-87.5565

G1X71.2695Y-88.7150

G1X76.6469Y-91.3405

G1X80.1507Y-92.8320

G1X83.5098Y-94.1099

G1X85.6537Y-94.7128

G1X88.0481Y-95.0735

G1X90.4927Y-95.0855

G1X93.0346Y-94.7586

G1X95.8797Y-94.0442

G1X97.9365Y-93.3193

G1X99.8260Y-92.5046

G1X102.1241Y-91.3263

G1X103.8793Y-90.2302

G1X105.7170Y-88.8683

G1X107.1941Y-87.5768

G1X108.7079Y-85.9733

G1X110.1099Y-84.2203

G1X111.2449Y-82.5460

G1X112.2567Y-80.7490

G1X113.2198Y-78.6860

G1X113.8303Y-77.0069

G1X114.4395Y-74.7548

G1X114.7281Y-73.1725

G1X114.9393Y-70.8079

G1X114.9811Y-68.0774

G1X115.1320Y-67.7183

G1X115.3672Y-67.6213

G1X116.0404Y-67.7814

G1X117.3326Y-68.4054

G1X124.5649Y-72.2814

G1X128.6501Y-74.6531

G1X131.7642Y-76.6376

G1X135.3184Y-79.1799

G1X138.1605Y-81.4896

G1X141.1901Y-84.2599

G1X143.8336Y-87.0418

G1X145.7381Y-89.2873

G1X147.4733Y-91.5553

G1X149.0702Y-93.8905

G1X150.6088Y-96.3998

G1X151.9643Y-98.8726

G1X153.1598Y-101.3525

G1X154.3742Y-104.2183

G1X155.3650Y-106.8925

G1X156.7553Y-111.5195

G1X157.6965Y-115.5013

G1X158.5190Y-119.8524

G1X160.1068Y-130.0309

G1X160.6751Y-132.9603

G1X161.3056Y-135.6765

G1X162.8391Y-141.1688

G1X165.7831Y-150.0248

G1X166.5604Y-152.5864

G1X167.2104Y-155.3583

G1X167.7595Y-158.7389

G1X168.2030Y-159.7605

G1X168.4355Y-159.9635

G1X168.5813Y-159.9287

G1X168.4867Y-159.4488

G1X167.8860Y-158.7456

G1X167.3305Y-158.3364

G1X166.3838Y-157.8586

G1X165.5633Y-157.5870

G1X164.3897Y-157.3772

G1X163.4311Y-157.3214

G1X162.4216Y-157.3846

G1X160.5023Y-157.7958

G1X159.4589Y-158.2064

G1X158.5322Y-158.6865

G1X157.6698Y-159.2510

G1X156.9021Y-159.8727

G1X155.4496Y-161.4075

G1X154.5759Y-162.6400

G1X153.8148Y-163.9808

G1X153.1705Y-165.4155

G1X152.5463Y-167.1369

G1X151.6022Y-170.6327

G1X150.1534Y-177.2115

G1X149.3760Y-180.2386

G1X148.4176Y-183.3019

G1X147.2378Y-186.2891

G1X145.7471Y-189.2137

G1X144.1062Y-191.7000

G1X142.2555Y-193.8573

G1X140.1477Y-195.7051

G1X138.9761Y-196.5136

G1X137.5868Y-197.3238

G1X134.7851Y-198.5666

G1X131.4723Y-199.6354

G1X124.5243Y-201.4601

G1X121.5242Y-202.3805

G1X118.2442Y-203.6876

G1X115.4840Y-205.1641

G1X113.0750Y-206.8245

G1X110.5491Y-208.9792

G1X107.9371Y-211.5914

G1X102.9794Y-216.8479

G1X101.5159Y-218.2694

G1X100.0103Y-219.5935

G1X98.0515Y-221.1722

G1X96.1631Y-222.5342

G1X94.0406Y-223.8922

G1X91.8395Y-225.1348

G1X89.8321Y-226.1238

G1X87.7698Y-227.0103

G1X85.6869Y-227.7850

G1X83.6284Y-228.4285

G1X81.4781Y-228.9823

G1X79.3888Y-229.4103

G1X77.1834Y-229.7358

G1X74.9965Y-229.9424

G1X72.6139Y-230.0197

G1X70.0963Y-229.9335

G1X67.8410Y-229.6859

G1X65.7707Y-229.2962

G1X63.9212Y-228.7747

G1X62.0377Y-228.0768

G1X59.6747Y-226.9312

G1X57.8082Y-225.8837

G1X55.2325Y-224.2697

G1X46.7332Y-218.5812

G1X36.9303Y-212.4198

G1X32.7060Y-209.4296

G1X30.0607Y-207.2037

G1X27.8040Y-204.8554

G1X26.8685Y-203.6432

G1X26.1375Y-202.5302

G1X25.5774Y-201.4751

G1X25.1103Y-200.3376

G1X24.6676Y-198.5790

G1X24.5690Y-196.7103

G1X24.8039Y-194.8187

G1X25.3986Y-192.7189

G1X25.9763Y-191.1994

G1X26.7517Y-189.4979

G1X31.3617Y-180.4687

G1X33.1634Y-176.6314

G1X35.3636Y-171.1254

G1X37.0060Y-165.8468

G1X38.0609Y-161.4338

G1X38.8556Y-156.7436

G1X39.4193Y-151.6800

G1X39.6526Y-146.8559

G1X39.6297Y-142.0442

G1X39.3503Y-137.8854

G1X38.7183Y-133.1755

G1X37.8356Y-128.8283

G1X36.4085Y-123.7882

G1X34.7873Y-119.2733

G1X32.6882Y-114.3934

G1X28.4939Y-105.7453

G1X27.1144Y-102.2201

G1X26.6158Y-100.1716

G1X26.4470Y-98.3881

G1X26.5943Y-96.5841

G1X27.0591Y-94.9207

G1X27.5479Y-93.8423

G1X28.2289Y-92.7224

G1X29.0407Y-91.6685

G1X30.0603Y-90.5927

G1X31.1514Y-89.6323

G1X32.4295Y-88.6789

G1X33.8775Y-87.7607

G1X35.3315Y-86.9753

G1X36.9533Y-86.2296

G1X38.6745Y-85.5627

G1X40.4052Y-85.0104

G1X42.1625Y-84.5548

G1X43.9635Y-84.1885

G1X45.8649Y-83.9102

G1X49.7268Y-83.6536

G1X52.9756Y-83.7522

G1X56.2125Y-84.1183

G1X59.6957Y-84.8129

G1X62.9392Y-85.7414

G1X65.3346Y-86.5809

G1X68.3997Y-87.8320

G1X76.7367Y-91.5612

G1X81.5550Y-93.8605

G1X83.1841Y-94.4731

G1X84.5517Y-94.8533

G1X85.7229Y-95.0728

G1X86.9400Y-95.1964

G1X89.4939Y-95.1518

G1X92.2102Y-94.7367

G1X95.2651Y-93.9140

G1X97.5599Y-93.0773

G1X99.7718Y-92.1093

G1X102.3438Y-90.7662

G1X104.0976Y-89.6841

G1X105.9405Y-88.2858

G1X107.6358Y-86.7817

G1X109.0491Y-85.3011

G1X110.4549Y-83.5658

G1X111.7245Y-81.7391

G1X112.7578Y-79.9668

G1X113.7292Y-77.9229

G1X114.5542Y-75.7656

G1X115.0938Y-73.7562

G1X115.5113Y-71.4975

G1X115.6821Y-68.7851

G1X115.7111Y-66.5928

G1X115.8366Y-66.2028

G1X116.1053Y-66.0633

G1X116.6943Y-66.1888

G1X117.7655Y-66.6516

G1X124.6814Y-70.2817

G1X129.1651Y-72.8543

G1X133.0413Y-75.3565

G1X135.9622Y-77.4726

G1X139.3523Y-80.2394

G1X141.8834Y-82.5995

G1X144.4593Y-85.2988

G1X146.2549Y-87.4041

G1X148.0746Y-89.7895

G1X149.7306Y-92.2034

G1X151.2522Y-94.6851

G1X152.6461Y-97.2709

G1X153.9401Y-99.9965

G1X155.0259Y-102.5948

G1X155.9837Y-105.2808

G1X157.3678Y-109.9948

G1X158.5036Y-115.3360

G1X159.0322Y-118.6034

G1X160.0715Y-126.5772

G1X160.7187Y-130.9300

G1X161.5350Y-135.3813

G1X162.4516Y-139.4793

G1X163.7234Y-144.2798

G1X166.9353Y-155.2353

G1X167.3716Y-157.0206

G1X168.3042Y-161.6393

G1X168.6612Y-162.3123

G1X169.1188Y-162.7070

G1X169.3688Y-162.8085

G1X169.5960Y-162.7926

G1X169.9334Y-162.5291

G1X170.0267Y-161.9663

G1X169.8428Y-161.3421

G1X169.3277Y-160.5820

G1X168.6180Y-159.9646

G1X167.7431Y-159.4493

G1X166.8469Y-159.0997

G1X165.6730Y-158.8411

G1X164.5115Y-158.7497

G1X163.4236Y-158.8167

G1X162.3246Y-159.0128

G1X161.3571Y-159.3043

G1X160.3548Y-159.7394

G1X159.3893Y-160.2951

G1X158.5849Y-160.8887

G1X157.7850Y-161.6319

G1X157.0510Y-162.4725

G1X156.3027Y-163.5338

G1X155.6238Y-164.7655

G1X154.9624Y-166.2645

G1X154.4108Y-167.8790

G1X153.6626Y-170.7345

G1X152.3390Y-177.4708

G1X151.4020Y-181.6543

G1X150.3377Y-185.2956

G1X149.1484Y-188.4299

G1X147.6010Y-191.5821

G1X146.7180Y-193.0470

G1X145.8217Y-194.3464

G1X144.8593Y-195.5586

G1X143.7844Y-196.7305

G1X142.7408Y-197.7088

G1X141.5598Y-198.6496

G1X140.3066Y-199.4966

G1X138.9718Y-200.2384

G1X137.4171Y-200.9596

G1X135.8184Y-201.5564

G1X132.5144Y-202.5102

G1X125.9460Y-203.9816

G1X122.8208Y-204.7896

G1X119.8598Y-205.7748

G1X117.1713Y-206.9507

G1X114.3894Y-208.5441

G1X111.8132Y-210.4218

G1X109.2437Y-212.6698

G1X103.9100Y-217.9975

G1X101.0841Y-220.5685

G1X97.9830Y-223.0033

G1X94.6072Y-225.2158

G1X92.4867Y-226.3920

G1X90.2145Y-227.4955

G1X87.9829Y-228.4284

G1X85.7037Y-229.2336

G1X83.3981Y-229.9121

G1X81.1087Y-230.4452

G1X78.6486Y-230.8753

G1X76.2747Y-231.1438

G1X73.9776Y-231.2674

G1X71.9006Y-231.2585

G1X69.7127Y-231.1123

G1X67.7620Y-230.8549

G1X65.8904Y-230.4720

G1X64.1025Y-229.9603

G1X62.4916Y-229.3413

G1X61.0537Y-228.6126

G1X58.6697Y-226.9937

G1X52.2495Y-221.7755

G1X48.3909Y-218.9939

G1X44.5533Y-216.6285

G1X34.5603Y-211.0515

G1X32.1740Y-209.5566

G1X29.8562Y-207.9155

G1X27.4325Y-205.8869

G1X25.6757Y-204.0662

G1X24.2335Y-202.0877

G1X23.7145Y-201.1357

G1X23.2700Y-200.0937

G1X22.8013Y-198.3369

G1X22.6740Y-196.4665

G1X22.9031Y-194.4587

G1X23.4882Y-192.3545

G1X24.1046Y-190.7198

G1X24.8650Y-189.0426

G1X29.4099Y-180.1086

G1X31.3793Y-175.9220

G1X33.5898Y-170.3448

G1X35.1749Y-165.2498

G1X36.2412Y-160.8495

G1X37.0123Y-156.4922

G1X37.6461Y-151.1197

G1X37.9381Y-146.3914

G1X37.9288Y-141.5630

G1X37.6641Y-137.1730

G1X37.0802Y-132.7515

G1X36.2066Y-128.3190

G1X34.9944Y-123.8665

G1X33.2699Y-118.8412

G1X30.8692Y-113.1667

G1X27.4782Y-105.7590

G1X26.7868Y-104.0516

G1X26.3100Y-102.6248

G1X25.7974Y-100.5592

G1X25.6067Y-98.6804

G1X25.7346Y-96.8586

G1X26.1862Y-95.1268

G1X26.7126Y-93.9327

G1X27.3711Y-92.8086

G1X28.1236Y-91.7834

G1X29.0742Y-90.7232

G1X30.1665Y-89.7141

G1X31.3568Y-88.7865

G1X32.6604Y-87.9200

G1X34.1222Y-87.0925

G1X35.6969Y-86.3349

G1X37.2966Y-85.6877

G1X38.9939Y-85.1158

G1X40.7544Y-84.6321

G1X42.5307Y-84.2513

G1X44.4492Y-83.9496

G1X46.3775Y-83.7521

G1X48.1838Y-83.6652

G1X51.5959Y-83.7354

G1X55.0430Y-84.1209

G1X58.3175Y-84.7597

G1X61.9982Y-85.7838

G1X65.6076Y-87.0642

G1X72.3980Y-89.8163

G1X74.5889Y-90.8536

G1X78.6418Y-93.1698

G1X80.1623Y-93.9530

G1X81.6370Y-94.5667

G1X83.2090Y-95.0179

G1X84.4088Y-95.2136

G1X85.6293Y-95.3009

G1X86.9609Y-95.2816

G1X88.3754Y-95.1548

G1X91.4507Y-94.5813

G1X94.7650Y-93.6074

G1X97.2035Y-92.6871

G1X99.8333Y-91.5184

G1X102.4087Y-90.1350

G1X104.3823Y-88.9163

G1X106.0223Y-87.6856

G1X107.8859Y-86.0255

G1X109.4502Y-84.4048

G1X110.8657Y-82.6737

G1X112.2741Y-80.6390

G1X113.4856Y-78.5580

G1X114.4432Y-76.4829

G1X115.2769Y-74.1909

G1X115.8186Y-72.1264

G1X116.2372Y-69.4007

G1X116.3114Y-68.1581

G1X116.3118Y-65.0427

G1X116.4794Y-64.5728

G1X116.7333Y-64.4568

G1X117.3086Y-64.5555

G1X118.5704Y-65.1042

G1X123.7512Y-67.7566

G1X128.1011Y-70.1544

G1X132.6124Y-72.9318

G1X135.8935Y-75.2399

G1X138.6410Y-77.3788

G1X141.5650Y-79.9710

G1X144.0993Y-82.4874

G1X146.1757Y-84.8278

G1X148.1960Y-87.3644

G1X149.9062Y-89.7690

G1X151.5140Y-92.3288

G1X153.0358Y-95.0712

G1X154.3990Y-97.8694

G1X155.5759Y-100.6999

G1X156.6827Y-103.8134

G1X157.3453Y-105.9571

G1X157.9445Y-108.2467

G1X159.0696Y-113.6762

G1X159.8349Y-119.1052

G1X161.1872Y-130.7475

G1X161.7481Y-134.5384

G1X162.4349Y-138.4342

G1X163.9643Y-145.5314

G1X167.2215Y-158.6294

G1X167.5988Y-160.4207

G1X167.9818Y-162.8242

G1X168.2663Y-163.7471

G1X168.6095Y-164.5208

G1X168.9561Y-165.0328

G1X169.3061Y-165.3251

G1X169.8903Y-165.5479

G1X170.4448Y-165.5428

G1X170.9963Y-165.2384

G1X171.2949Y-164.8367

G1X171.4581Y-164.1413

G1X171.3596Y-163.3784

G1X170.9176Y-162.4799

G1X170.3400Y-161.7950

G1X169.5121Y-161.1620

G1X168.4976Y-160.6327

G1X167.4482Y-160.3055

G1X166.2117Y-160.1102

G1X165.1765Y-160.0929

G1X164.0719Y-160.2177

G1X162.9660Y-160.4805

G1X161.9338Y-160.8737

G1X160.9567Y-161.3935

G1X160.0406Y-162.0330

G1X159.2301Y-162.7668

G1X158.4404Y-163.6832

G1X157.7416Y-164.7117

G1X157.1461Y-165.8453

G1X156.6090Y-167.1749

G1X156.0812Y-168.8122

G1X155.2891Y-172.3557

G1X154.0453Y-179.7132

G1X153.2988Y-183.2839

G1X152.3175Y-186.9217

G1X151.0954Y-190.3725

G1X150.2765Y-192.2390

G1X149.4228Y-193.9289

G1X148.5061Y-195.5034

G1X147.5285Y-196.9583

G1X146.4919Y-198.2993

G1X145.4486Y-199.4610

G1X144.2211Y-200.6291

G1X143.0272Y-201.5887

G1X141.6934Y-202.4782

G1X140.2718Y-203.2654

G1X138.6855Y-203.9652

G1X137.0593Y-204.5459

G1X133.9338Y-205.3677

G1X126.2918Y-206.8254

G1X123.2633Y-207.5263

G1X120.0019Y-208.5318

G1X117.1968Y-209.6994

G1X114.3388Y-211.2596

G1X111.5926Y-213.1587

G1X108.7956Y-215.4734

G1X103.3993Y-220.4822

G1X101.6824Y-221.9638

G1X98.5469Y-224.3450

G1X95.4018Y-226.3493

G1X93.4610Y-227.4190

G1X91.5578Y-228.3498

G1X89.5058Y-229.2305

G1X87.4384Y-230.0013

G1X85.3867Y-230.6500

G1X83.2382Y-231.2123

G1X81.1467Y-231.6511

G1X79.0259Y-231.9800

G1X76.6236Y-232.2209

G1X74.1922Y-232.3090

G1X71.8003Y-232.2411

G1X69.4949Y-232.0095

G1X67.3115Y-231.6232

G1X65.3426Y-231.1040

G1X63.5116Y-230.4424

G1X61.7752Y-229.6047

G1X60.4081Y-228.7411

G1X59.0130Y-227.6212

G1X58.2139Y-226.8500

G1X55.1214Y-223.4910

G1X53.3746Y-221.7925

G1X51.2011Y-219.9428

G1X48.9511Y-218.3225

G1X46.7881Y-217.0015

G1X44.4871Y-215.7746

G1X35.6675Y-211.7067

G1X32.5215Y-210.1356

G1X29.8105Y-208.5909

G1X27.4622Y-207.0368

G1X25.3831Y-205.3424

G1X23.7621Y-203.6865

G1X22.4140Y-201.8716

G1X21.4943Y-200.0784

G1X20.9389Y-198.2350

G1X20.7587Y-196.3629

G1X20.9423Y-194.3179

G1X21.5123Y-192.1260

G1X22.1711Y-190.3426

G1X22.9055Y-188.6950

G1X26.8405Y-180.9663

G1X29.6815Y-174.9683

G1X31.8823Y-169.3340

G1X32.6817Y-166.9032

G1X33.4628Y-164.1843

G1X34.5222Y-159.7433

G1X35.3028Y-155.3504

G1X35.9358Y-149.9101

G1X36.2424Y-145.2014

G1X36.2187Y-140.3743

G1X35.8928Y-135.6149

G1X35.2872Y-131.3139

G1X34.3212Y-126.7057

G1X33.1731Y-122.5614

G1X31.4036Y-117.4672

G1X30.2645Y-114.6377

G1X26.8942Y-106.8508

G1X25.6963Y-103.6173

G1X25.2470Y-102.0641

G1X24.9543Y-100.5552

G1X24.8213Y-99.1453

G1X24.8548Y-97.7913

G1X25.0636Y-96.4916

G1X25.4391Y-95.2522

G1X25.9632Y-94.0736

G1X26.6925Y-92.8747

G1X27.6432Y-91.6493

G1X28.6640Y-90.5702

G1X29.9052Y-89.4792

G1X31.2897Y-88.4602

G1X32.7527Y-87.5504

G1X34.3095Y-86.7360

G1X36.0332Y-85.9883

G1X37.7575Y-85.3711

G1X39.5922Y-84.8431

G1X41.5702Y-84.4056

G1X43.4713Y-84.1001

G1X45.4686Y-83.8996

G1X47.4758Y-83.8093

G1X49.3883Y-83.8235

G1X53.4977Y-84.1778

G1X57.7966Y-84.9909

G1X61.9854Y-86.1595

G1X67.7423Y-88.0665

G1X70.2790Y-89.0964

G1X72.6203Y-90.3331

G1X78.2496Y-93.9337

G1X80.0080Y-94.7260

G1X81.6540Y-95.1605

G1X82.8909Y-95.3139

G1X84.2561Y-95.3417

G1X85.8320Y-95.2324

G1X87.4444Y-95.0024

G1X89.2803Y-94.6250

G1X91.2701Y-94.1085

G1X95.3066Y-92.7600

G1X98.1427Y-91.5853

G1X100.6871Y-90.3871

G1X102.8913Y-89.1292

G1X105.0602Y-87.7092

G1X106.6950Y-86.4421

G1X108.4435Y-84.8264

G1X110.1209Y-83.0363

G1X111.5737Y-81.2264

G1X112.8981Y-79.2549

G1X114.1377Y-77.0590

G1X115.0400Y-75.1100

G1X115.7674Y-73.0580

G1X116.4067Y-70.6937

G1X116.7069Y-68.7999

G1X116.8875Y-66.4697

G1X116.8506Y-63.1967

G1X116.9978Y-62.8736

G1X117.2939Y-62.7735

G1X118.4058Y-63.1118

G1X121.5424Y-64.6386

G1X126.0250Y-66.9666

G1X130.0611Y-69.2494

G1X132.6826Y-70.8886

G1X135.4217Y-72.7314

G1X137.2871Y-74.1071

G1X139.6586Y-76.0122

G1X141.7265Y-77.8126

G1X143.5683Y-79.5846

G1X145.6827Y-81.8180

G1X147.5341Y-83.9711

G1X149.1401Y-86.0495

G1X150.7538Y-88.3684

G1X152.2109Y-90.6912

G1X153.4941Y-92.9725

G1X155.2920Y-96.7215

G1X156.9072Y-100.8174

G1X158.1077Y-104.7238

G1X159.2014Y-109.3080

G1X159.7067Y-112.1952

G1X160.2592Y-116.0531

G1X161.7413Y-130.6197

G1X162.8042Y-138.5985

G1X164.2895Y-147.2082

G1X166.9357Y-160.3885

G1X167.8880Y-165.6742

G1X168.1364Y-166.3872

G1X168.6164Y-167.1423

G1X169.1966Y-167.7061

G1X169.8782Y-168.0702

G1X170.5981Y-168.1802

G1X171.3628Y-168.0671

G1X171.9901Y-167.7234

G1X172.4969Y-167.1989

G1X172.8261Y-166.4065

G1X172.8860Y-165.4750

G1X172.6265Y-164.5520

G1X172.1096Y-163.6605

G1X171.4140Y-162.9264

G1X170.4073Y-162.2278

G1X169.4414Y-161.7773

G1X168.2811Y-161.4607

G1X167.0312Y-161.3117

G1X165.9165Y-161.3413

G1X164.7304Y-161.5391

G1X163.5725Y-161.8965

G1X162.4981Y-162.4094

G1X161.4847Y-163.0808

G1X160.5696Y-163.8905

G1X159.8143Y-164.7758

G1X159.0990Y-165.8693

G1X158.5082Y-167.0430

G1X158.0312Y-168.3304

G1X157.5838Y-169.9311

G1X157.1104Y-172.2523

G1X156.1015Y-179.3840

G1X155.2634Y-184.2764

G1X154.1732Y-188.7026

G1X152.8983Y-192.4568

G1X152.0859Y-194.3929

G1X151.1838Y-196.2384

G1X150.1400Y-198.0773

G1X149.0887Y-199.6760

G1X147.9763Y-201.1277

G1X146.7264Y-202.5273

G1X145.5278Y-203.6569

G1X144.2215Y-204.6970

G1X142.8549Y-205.5952

G1X141.1874Y-206.4735

G1X139.7622Y-207.0654

G1X137.9155Y-207.6669

G1X134.5121Y-208.4308

G1X127.2865Y-209.5688

G1X123.8699Y-210.2495

G1X120.3347Y-211.2398

G1X117.1569Y-212.4845

G1X114.2150Y-214.0112

G1X111.2536Y-215.9471

G1X108.2091Y-218.3183

G1X104.9238Y-221.1695

G1X101.6444Y-223.8556

G1X99.4234Y-225.4562

G1X97.0269Y-226.9744

G1X93.9207Y-228.6504

G1X90.7117Y-230.0731

G1X87.4352Y-231.2245

G1X83.9998Y-232.1334

G1X81.1366Y-232.6620

G1X78.3820Y-232.9773

G1X75.5682Y-233.0983

G1X72.9338Y-233.0122

G1X70.4167Y-232.7340

G1X67.9523Y-232.2423

G1X65.7074Y-231.5662

G1X63.5915Y-230.6729

G1X61.3370Y-229.3473

G1X59.4047Y-227.7611

G1X58.3136Y-226.5954

G1X55.3944Y-222.7240

G1X54.0716Y-221.1857

G1X52.2370Y-219.3975

G1X50.0786Y-217.7249

G1X47.8478Y-216.3644

G1X45.2141Y-215.0883

G1X41.9144Y-213.7960

G1X33.8401Y-210.9188

G1X30.4987Y-209.5001

G1X28.0750Y-208.2439

G1X25.4582Y-206.5813

G1X24.2257Y-205.6328

G1X23.0850Y-204.6295

G1X22.1993Y-203.7316

G1X21.3122Y-202.6817

G1X20.6025Y-201.6822

G1X20.0000Y-200.6385

G1 Z0F20000

(Start Block)


G1X20.0000Y-190.5798
G1Z5F20000
(Plotting speed under)
G1 F4000


G1X21.2562Y-187.6895

G1X25.0152Y-180.3126

G1X27.2965Y-175.5498

G1X28.9043Y-171.7238

G1X30.3649Y-167.7434

G1X31.7490Y-163.1141

G1X32.8907Y-158.2008

G1X33.7360Y-153.3041

G1X34.2819Y-148.3109

G1X34.5718Y-143.0773

G1X34.4755Y-138.3426

G1X33.9874Y-133.0054

G1X33.6281Y-130.6069

G1X33.1610Y-128.1860

G1X32.1785Y-124.0926

G1X31.1710Y-120.6511

G1X29.0824Y-114.8244

G1X26.9445Y-109.5994

G1X25.2847Y-105.2971

G1X24.4929Y-102.5954

G1X24.1008Y-100.3954

G1X24.0380Y-98.9811

G1X24.1358Y-97.6686

G1X24.4143Y-96.3224

G1X24.8533Y-95.0930

G1X25.5056Y-93.8356

G1X26.3516Y-92.6018

G1X27.3338Y-91.4824

G1X28.5305Y-90.3590

G1X30.4337Y-88.9179

G1X32.7787Y-87.5163

G1X35.2385Y-86.3603

G1X37.7059Y-85.4926

G1X40.4757Y-84.7964

G1X43.2783Y-84.3572

G1X46.2024Y-84.1425

G1X49.2124Y-84.1714

G1X52.4284Y-84.4518

G1X56.0936Y-85.0539

G1X59.0097Y-85.7116

G1X64.2038Y-87.0459

G1X66.2160Y-87.6763

G1X68.2475Y-88.5272

G1X70.0374Y-89.5242

G1X71.8167Y-90.7120

G1X75.2077Y-93.2741

G1X76.4903Y-94.0971

G1X77.7507Y-94.7063

G1X79.0910Y-95.1111

G1X80.1795Y-95.2765

G1X81.3924Y-95.3294

G1X82.8136Y-95.2622

G1X84.3116Y-95.0798

G1X87.8803Y-94.3460

G1X91.8539Y-93.1846

G1X94.8030Y-92.1251

G1X97.4426Y-91.0430

G1X100.7648Y-89.4952

G1X102.9253Y-88.2903

G1X105.3779Y-86.6168

G1X107.4713Y-84.9385

G1X109.3607Y-83.1069

G1X111.2494Y-80.9440

G1X112.7434Y-78.9286

G1X114.0375Y-76.8016

G1X115.2839Y-74.2773

G1X116.1700Y-71.9861

G1X116.7166Y-69.9766

G1X117.1822Y-67.5574

G1X117.3062Y-66.1475

G1X117.3468Y-64.0786

G1X117.2482Y-61.5773

G1X117.3361Y-61.1865

G1X117.6438Y-61.0267

G1X118.2552Y-61.1746

G1X119.6147Y-61.7605

G1X126.9758Y-65.4914

G1X130.8961Y-67.7112

G1X134.4956Y-69.9712

G1X138.0409Y-72.5137

G1X140.9139Y-74.8340

G1X144.1971Y-77.8762

G1X146.9361Y-80.7912

G1X149.1535Y-83.5057

G1X151.1857Y-86.3124

G1X152.9106Y-89.0417

G1X154.5181Y-91.9678

G1X156.0216Y-95.1258

G1X157.1709Y-97.9777

G1X158.3271Y-101.4330

G1X159.2967Y-104.9548

G1X160.1816Y-109.3206

G1X160.8417Y-113.6725

G1X161.3903Y-118.7783

G1X162.7267Y-133.5997

G1X164.3699Y-147.0523

G1X165.5089Y-155.2905

G1X167.0334Y-165.2937

G1X167.6723Y-168.0966

G1X167.9213Y-168.7296

G1X168.2098Y-169.2016

G1X169.0601Y-169.9718

G1X169.5984Y-170.2636

G1X170.2341Y-170.4849

G1X170.8295Y-170.5663

G1X171.4484Y-170.5447

G1X172.0421Y-170.4294

G1X172.5755Y-170.2235

G1X173.1711Y-169.8340

G1X173.6191Y-169.4015

G1X173.9158Y-168.9966

G1X174.1541Y-168.4813

G1X174.3005Y-167.8996

G1X174.3503Y-167.2808

G1X174.2479Y-166.4800

G1X173.8885Y-165.5724

G1X173.3734Y-164.7768

G1X172.6691Y-164.0552

G1X171.7625Y-163.4211

G1X170.8229Y-162.9547

G1X169.7637Y-162.6209

G1X168.6386Y-162.4400

G1X167.4877Y-162.4063

G1X166.4886Y-162.5105

G1X165.2987Y-162.7962

G1X164.2546Y-163.2002

G1X163.2980Y-163.7329

G1X162.4056Y-164.4008

G1X161.5981Y-165.1890

G1X160.9318Y-166.0361

G1X160.3251Y-167.0444

G1X159.7677Y-168.2574

G1X159.3748Y-169.3780

G1X159.0331Y-170.7331

G1X158.5354Y-173.5650

G1X157.6719Y-181.4748

G1X157.0925Y-185.2807

G1X156.2822Y-189.1456

G1X155.1238Y-193.1150

G1X154.4299Y-195.0124

G1X153.6254Y-196.9140

G1X152.7121Y-198.7971

G1X151.8074Y-200.4235

G1X150.8323Y-201.9598

G1X149.7369Y-203.4773

G1X148.6792Y-204.7465

G1X147.4581Y-206.0138

G1X145.8124Y-207.4316

G1X143.9773Y-208.6732

G1X142.1457Y-209.6101

G1X140.0485Y-210.4021

G1X137.9701Y-210.9510

G1X136.2961Y-211.2754

G1X128.1242Y-212.3580

G1X124.2269Y-213.0391

G1X122.1381Y-213.5344

G1X120.2819Y-214.0781

G1X118.4741Y-214.7091

G1X116.7005Y-215.4434

G1X113.7120Y-216.9513

G1X110.6356Y-218.8699

G1X107.1275Y-221.4469

G1X103.3349Y-224.4632

G1X99.5706Y-227.0498

G1X95.9420Y-229.0759

G1X92.2485Y-230.7162

G1X88.3328Y-232.0360

G1X84.3064Y-232.9755

G1X82.2941Y-233.2921

G1X80.2141Y-233.5117

G1X78.2762Y-233.6175

G1X76.3556Y-233.6212

G1X73.0059Y-233.3737

G1X69.9084Y-232.8127

G1X67.0044Y-231.9270

G1X65.6879Y-231.3824

G1X64.3509Y-230.7181

G1X63.1159Y-229.9867

G1X61.9452Y-229.1688

G1X60.8442Y-228.2711

G1X59.8152Y-227.2932

G1X58.2194Y-225.4479

G1X55.1433Y-220.9478

G1X54.0644Y-219.6008

G1X52.1422Y-217.6854

G1X51.0456Y-216.8194

G1X49.9651Y-216.0893

G1X47.7462Y-214.9049

G1X45.0772Y-213.8690

G1X41.5473Y-212.8738

G1X33.6683Y-210.9084

G1X31.1753Y-210.0912

G1X28.8171Y-209.1629

G1X26.1608Y-207.8552

G1X23.8328Y-206.4237

G1X21.7139Y-204.7749

G1X20.0000Y-203.0595

G1 Z0F20000

(Start Block)


G1X20.0000Y-185.9135
G1Z5F20000
(Plotting speed under)
G1 F4000


G1X23.3320Y-179.3712

G1X25.6720Y-174.4149

G1X27.2950Y-170.4821

G1X28.7938Y-166.2857

G1X30.0653Y-161.9403

G1X31.1312Y-157.3065

G1X32.0660Y-152.0287

G1X32.5839Y-147.4804

G1X32.8662Y-142.3656

G1X32.8146Y-137.8988

G1X32.3867Y-132.9428

G1X31.6130Y-127.9751

G1X30.6665Y-123.8960

G1X29.2876Y-119.0930

G1X27.0465Y-112.8261

G1X25.1688Y-107.9258

G1X24.1575Y-104.8775

G1X23.5956Y-102.7302

G1X23.2933Y-100.6654

G1X23.2469Y-99.2749

G1X23.3644Y-97.9090

G1X23.6537Y-96.6181

G1X24.1440Y-95.3058

G1X24.7992Y-94.0814

G1X25.6222Y-92.9368

G1X26.6547Y-91.7917

G1X27.8383Y-90.7313

G1X29.8540Y-89.2921

G1X31.8613Y-88.1618

G1X34.4600Y-86.9879

G1X37.1521Y-86.0368

G1X39.7083Y-85.3829

G1X42.4146Y-84.9228

G1X44.9449Y-84.7016

G1X47.7880Y-84.6538

G1X51.6534Y-84.9062

G1X55.4300Y-85.4355

G1X61.8574Y-86.5707

G1X64.3892Y-87.3039

G1X66.3282Y-88.1505

G1X68.5553Y-89.5120

G1X70.1821Y-90.7605

G1X73.1542Y-93.2768

G1X74.2262Y-94.0646

G1X75.5685Y-94.7501

G1X76.9103Y-95.1159

G1X78.0332Y-95.2335

G1X79.4156Y-95.2196

G1X80.9669Y-95.0629

G1X82.8258Y-94.7553

G1X87.2995Y-93.6788

G1X91.9627Y-92.2052

G1X95.3766Y-90.9170

G1X98.0744Y-89.7704

G1X101.5616Y-88.0557

G1X103.6913Y-86.8226

G1X105.9682Y-85.1849

G1X108.1697Y-83.3357

G1X109.9192Y-81.6068

G1X111.6877Y-79.5265

G1X113.3432Y-77.2294

G1X114.6852Y-74.9795

G1X115.8290Y-72.5173

G1X116.8259Y-69.7407

G1X117.3235Y-67.6284

G1X117.6931Y-64.8601

G1X117.7346Y-63.0619

G1X117.5133Y-59.8202

G1X117.6107Y-59.3792

G1X117.8335Y-59.2415

G1X118.5449Y-59.3894

G1X120.1381Y-60.1133

G1X127.0615Y-63.5636

G1X131.8927Y-66.2540

G1X136.3795Y-69.1553

G1X139.8904Y-71.7850

G1X143.3078Y-74.7053

G1X146.3031Y-77.6943

G1X149.0463Y-80.8284

G1X151.0707Y-83.4922

G1X153.0749Y-86.5113

G1X154.8393Y-89.5602

G1X156.3210Y-92.5519

G1X157.6897Y-95.8198

G1X158.8942Y-99.2234

G1X159.8107Y-102.4835

G1X160.7119Y-106.4606

G1X161.3412Y-110.2380

G1X162.0283Y-115.8395

G1X165.5650Y-157.9037

G1X166.6032Y-167.7078

G1X166.8416Y-168.9592

G1X167.1791Y-169.8544

G1X167.5673Y-170.6027

G1X168.0378Y-171.2554

G1X168.5274Y-171.7248

G1X169.2210Y-172.1604

G1X169.9987Y-172.4759

G1X170.7911Y-172.6619

G1X171.5747Y-172.7091

G1X172.4931Y-172.6003

G1X173.2683Y-172.3753

G1X173.9590Y-172.0282

G1X174.6121Y-171.5130

G1X175.1608Y-170.8825

G1X175.5059Y-170.2814

G1X175.7389Y-169.5192

G1X175.8189Y-168.6804

G1X175.7099Y-167.7431

G1X175.4087Y-166.9230

G1X174.8698Y-166.0300

G1X174.1651Y-165.2366

G1X173.3157Y-164.5889

G1X172.2251Y-164.0090

G1X171.1592Y-163.6338

G1X170.0996Y-163.4316

G1X168.8797Y-163.3640

G1X167.7824Y-163.4458

G1X166.5964Y-163.7080

G1X165.5306Y-164.1023

G1X164.5439Y-164.6269

G1X163.6553Y-165.2792

G1X162.7783Y-166.1398

G1X162.0781Y-167.0488

G1X161.4993Y-168.0524

G1X161.0251Y-169.1559

G1X160.6020Y-170.4660

G1X160.2980Y-171.7699

G1X159.8119Y-175.5038

G1X159.4444Y-180.5508

G1X158.8365Y-186.1340

G1X157.9570Y-190.7897

G1X156.8806Y-194.6968

G1X156.1108Y-196.9026

G1X155.2827Y-198.9404

G1X154.3510Y-200.9074

G1X153.3049Y-202.8303

G1X152.2782Y-204.4847

G1X151.0889Y-206.1433

G1X149.8339Y-207.6672

G1X148.6052Y-208.9421

G1X146.8062Y-210.4927

G1X144.9547Y-211.7332

G1X142.9869Y-212.7297

G1X140.7085Y-213.5325

G1X139.1155Y-213.9198

G1X137.0012Y-214.2938

G1X128.4709Y-215.2109

G1X124.6724Y-215.8025

G1X120.7111Y-216.7545

G1X116.9748Y-218.0593

G1X113.8923Y-219.4766

G1X110.7239Y-221.2620

G1X108.3553Y-222.7983

G1X102.5129Y-226.9088

G1X100.0697Y-228.4020

G1X96.7181Y-230.1208

G1X93.2316Y-231.5314

G1X89.5726Y-232.6453

G1X85.8418Y-233.4213

G1X82.0615Y-233.8473

G1X78.3573Y-233.9052

G1X76.3085Y-233.7739

G1X74.3024Y-233.5214

G1X72.3942Y-233.1555

G1X70.5448Y-232.6685

G1X68.8008Y-232.0727

G1X67.1341Y-231.3602

G1X65.6081Y-230.5631

G1X64.0788Y-229.6048

G1X62.8737Y-228.7163

G1X61.6517Y-227.6810

G1X60.5613Y-226.6303

G1X59.3886Y-225.3468

G1X57.4711Y-222.8713

G1X54.6861Y-218.7185

G1X53.2248Y-217.0106

G1X52.3560Y-216.1683

G1X51.4247Y-215.4082

G1X50.4280Y-214.7289

G1X49.2851Y-214.0883

G1X47.2740Y-213.2538

G1X44.7315Y-212.5641

G1X42.7010Y-212.2080

G1X35.3060Y-211.1609

G1X32.2541Y-210.5251

G1X29.7400Y-209.8087

G1X26.9091Y-208.7668

G1X24.3565Y-207.5461

G1X22.0506Y-206.1553

G1X20.0000Y-204.5860

G1 Z0F20000

(Start Block)


G1X20.0000Y-181.6856
G1Z5F20000
(Plotting speed under)
G1 F4000


G1X22.0318Y-177.6539

G1X24.4915Y-172.2589

G1X26.0718Y-168.2020

G1X27.4341Y-164.1516

G1X28.5842Y-160.0109

G1X29.5271Y-155.7551

G1X30.4442Y-150.4644

G1X30.9415Y-146.1753

G1X31.1761Y-141.1864

G1X31.0942Y-136.4342

G1X30.6815Y-131.9709

G1X29.9118Y-127.1242

G1X29.0158Y-123.1243

G1X27.4957Y-117.8379

G1X23.3737Y-105.8031

G1X22.7214Y-103.1000

G1X22.4346Y-101.0191

G1X22.4153Y-99.5985

G1X22.5594Y-98.2050

G1X22.8702Y-96.8915

G1X23.3396Y-95.6783

G1X24.0251Y-94.4482

G1X24.8590Y-93.3088

G1X25.8884Y-92.2156

G1X27.0661Y-91.2055

G1X28.9015Y-89.9447

G1X31.0943Y-88.7807

G1X33.2411Y-87.8837

G1X35.8538Y-87.0220

G1X38.5992Y-86.3190

G1X41.3853Y-85.8033

G1X44.0870Y-85.4927

G1X46.7248Y-85.3902

G1X50.3946Y-85.4957

G1X58.6064Y-86.1842

G1X60.5864Y-86.5134

G1X62.3288Y-86.9922

G1X64.2816Y-87.8593

G1X66.3699Y-89.1588

G1X68.1243Y-90.5755

G1X70.9365Y-93.2643

G1X72.0675Y-94.1460

G1X73.2337Y-94.7346

G1X74.5107Y-95.0285

G1X75.7929Y-95.0841

G1X77.4917Y-94.9492

G1X79.3399Y-94.6566

G1X81.7300Y-94.1523

G1X87.4023Y-92.6195

G1X92.8675Y-90.7699

G1X96.7080Y-89.2475

G1X99.1302Y-88.1711

G1X102.2936Y-86.4947

G1X104.5290Y-85.1278

G1X106.5596Y-83.6152

G1X108.7430Y-81.6954

G1X110.6704Y-79.7270

G1X112.2721Y-77.7854

G1X113.9521Y-75.3308

G1X115.3979Y-72.7691

G1X116.3674Y-70.5637

G1X117.1774Y-68.0761

G1X117.7069Y-65.8934

G1X117.9568Y-63.8727

G1X118.0388Y-61.1323

G1X117.7017Y-57.7283

G1X117.7796Y-57.4749

G1X117.9544Y-57.3786

G1X118.4485Y-57.4862

G1X119.5094Y-57.9244

G1X128.6476Y-62.4335

G1X133.4800Y-65.1792

G1X136.9275Y-67.4303

G1X140.8774Y-70.3715

G1X144.2901Y-73.3497

G1X147.4973Y-76.5759

G1X150.4011Y-80.0221

G1X152.5439Y-82.9485

G1X154.3779Y-85.8239

G1X156.1258Y-89.0142

G1X157.6985Y-92.3593

G1X158.9603Y-95.5682

G1X160.1217Y-99.1919

G1X161.0220Y-102.5838

G1X161.7542Y-106.2393

G1X162.4505Y-110.5876

G1X163.0915Y-116.2234

G1X164.5649Y-134.3331

G1X165.1721Y-144.8210

G1X165.4915Y-158.5528

G1X165.6509Y-162.5728

G1X165.9653Y-167.0722

G1X166.2678Y-169.8055

G1X166.4884Y-170.8709

G1X166.8342Y-171.6641

G1X167.3584Y-172.4269

G1X168.0016Y-173.0997

G1X168.8103Y-173.7056

G1X169.6063Y-174.1038

G1X170.5992Y-174.4154

G1X171.6193Y-174.5752

G1X172.5115Y-174.5745

G1X173.4377Y-174.4267

G1X174.4306Y-174.1090

G1X175.2107Y-173.7051

G1X175.9248Y-173.1313

G1X176.5354Y-172.4199

G1X176.9858Y-171.6359

G1X177.2174Y-170.9056

G1X177.3118Y-169.9990

G1X177.2134Y-168.9698

G1X176.9107Y-168.0448

G1X176.3583Y-167.1074

G1X175.6161Y-166.2435

G1X174.8498Y-165.6072

G1X173.8194Y-165.0135

G1X172.6688Y-164.5600

G1X171.5029Y-164.2855

G1X170.3048Y-164.1886

G1X169.0853Y-164.2507

G1X167.9235Y-164.4683

G1X166.7861Y-164.8600

G1X165.7091Y-165.4117

G1X164.8230Y-166.0391

G1X163.9714Y-166.8586

G1X163.2282Y-167.8184

G1X162.6094Y-168.8923

G1X162.1702Y-169.9466

G1X161.7726Y-171.3004

G1X161.4314Y-172.9644

G1X161.1521Y-175.7041

G1X160.7552Y-183.4758

G1X160.3065Y-187.9562

G1X159.9937Y-190.0651

G1X159.5692Y-192.2298

G1X158.4328Y-196.5916

G1X157.6732Y-198.8155

G1X156.7626Y-201.0758

G1X155.7598Y-203.2297

G1X154.7159Y-205.1562

G1X153.5103Y-207.0933

G1X152.3349Y-208.7529

G1X150.9875Y-210.3858

G1X149.5566Y-211.8847

G1X147.6952Y-213.4783

G1X145.7699Y-214.7722

G1X143.6306Y-215.8231

G1X141.5415Y-216.5219

G1X139.6706Y-216.9514

G1X137.3229Y-217.2900

G1X129.2994Y-217.9798

G1X125.3039Y-218.5189

G1X121.1544Y-219.4230

G1X117.2726Y-220.6609

G1X114.0961Y-221.9813

G1X110.8582Y-223.6097

G1X108.2118Y-225.1320

G1X103.1325Y-228.3163

G1X100.4655Y-229.8179

G1X97.7952Y-231.0386

G1X94.8729Y-232.1133

G1X91.3695Y-233.0677

G1X87.9570Y-233.6798

G1X84.4492Y-233.9982

G1X80.8367Y-233.9957

G1X78.7345Y-233.8327

G1X76.6045Y-233.5373

G1X74.6170Y-233.1316

G1X72.6522Y-232.5924

G1X70.7558Y-231.9252

G1X68.9824Y-231.1507

G1X67.2840Y-230.2548

G1X65.6633Y-229.2366

G1X64.2740Y-228.2256

G1X62.9414Y-227.1206

G1X61.5113Y-225.7814

G1X60.2017Y-224.4106

G1X57.5504Y-221.2218

G1X54.1964Y-216.5787

G1X52.8408Y-215.0520

G1X51.2043Y-213.6092

G1X50.2821Y-213.0087

G1X49.3149Y-212.5058

G1X47.4458Y-211.8208

G1X45.2843Y-211.4087

G1X43.3605Y-211.2178

G1X39.7982Y-211.1231

G1X35.4339Y-210.8726

G1X32.6117Y-210.5006

G1X30.1064Y-210.0163

G1X27.2765Y-209.2237

G1X24.6397Y-208.2370

G1X22.1726Y-207.0295

G1X20.0000Y-205.6847

G1 Z0F20000

(Start Block)


G1X20.0000Y-177.4816
G1Z5F20000
(Plotting speed under)
G1 F4000


G1X22.1156Y-172.8861

G1X23.5419Y-169.4634

G1X25.0308Y-165.3214

G1X26.2347Y-161.4135

G1X27.2951Y-157.3298

G1X28.0873Y-153.5387

G1X28.8983Y-148.4643

G1X29.3382Y-144.3026

G1X29.4936Y-139.8922

G1X29.3815Y-135.4408

G1X29.0446Y-131.5244

G1X28.4089Y-127.3781

G1X27.5809Y-123.3051

G1X26.7703Y-120.1620

G1X25.0977Y-114.6436

G1X23.2763Y-109.2083

G1X22.2524Y-105.6965

G1X21.7786Y-103.5729

G1X21.5301Y-101.4562

G1X21.5174Y-99.9690

G1X21.6686Y-98.6094

G1X21.9890Y-97.3194

G1X22.5089Y-96.0236

G1X23.1449Y-94.8951

G1X23.9392Y-93.8407

G1X25.0186Y-92.7187

G1X26.1583Y-91.7665

G1X27.3171Y-90.9781

G1X28.5540Y-90.2638

G1X31.1169Y-89.1084

G1X34.1158Y-88.1364

G1X37.9023Y-87.3163

G1X42.2472Y-86.7031

G1X45.7483Y-86.3833

G1X55.6247Y-86.2288

G1X56.9430Y-86.2777

G1X58.4740Y-86.4320

G1X59.7561Y-86.7030

G1X61.0934Y-87.1742

G1X62.5303Y-87.8606

G1X63.9196Y-88.7330

G1X65.4260Y-89.9154

G1X67.0211Y-91.4839

G1X68.4382Y-93.0274

G1X69.6077Y-94.0766

G1X70.3092Y-94.4687

G1X70.9815Y-94.7002

G1X71.7660Y-94.8248

G1X72.7891Y-94.8365

G1X74.3962Y-94.6777

G1X76.7597Y-94.2498

G1X82.7343Y-92.7945

G1X88.7128Y-90.9963

G1X94.2438Y-88.9963

G1X98.2935Y-87.3175

G1X100.4818Y-86.2893

G1X103.0719Y-84.7943

G1X105.4233Y-83.2358

G1X107.4555Y-81.6530

G1X109.5013Y-79.7423

G1X111.5087Y-77.5592

G1X113.1622Y-75.4462

G1X114.5718Y-73.2470

G1X115.8541Y-70.7960

G1X116.8890Y-68.3502

G1X117.5343Y-66.1979

G1X118.0006Y-63.8753

G1X118.2580Y-61.7438

G1X118.2647Y-60.3558

G1X118.1437Y-58.2811

G1X117.7863Y-55.9830

G1X117.8219Y-55.5715

G1X118.0265Y-55.4876

G1X118.7432Y-55.7135

G1X125.0737Y-58.7196

G1X130.4694Y-61.4468

G1X134.6829Y-63.8885

G1X138.3655Y-66.2984

G1X142.2561Y-69.3016

G1X145.6769Y-72.3504

G1X148.9844Y-75.8248

G1X151.9050Y-79.4185

G1X154.0345Y-82.4883

G1X155.9687Y-85.6973

G1X157.5921Y-88.8312

G1X159.0511Y-92.1874

G1X160.3566Y-95.7309

G1X161.3056Y-98.9089

G1X162.4506Y-103.7583

G1X163.1270Y-107.5363

G1X163.8412Y-112.6281

G1X164.5369Y-119.1502

G1X165.4260Y-129.4315

G1X165.8890Y-136.5970

G1X166.0552Y-141.4869

G1X166.0680Y-146.2830

G1X165.5721Y-160.2121

G1X165.5255Y-164.4473

G1X165.6719Y-169.1725

G1X165.9227Y-170.7629

G1X166.2089Y-171.9810

G1X166.5745Y-172.9196

G1X167.0511Y-173.6498

G1X167.8126Y-174.4204

G1X168.8116Y-175.1346

G1X169.7989Y-175.6327

G1X170.8406Y-175.9690

G1X172.0711Y-176.1799

G1X173.2843Y-176.2082

G1X174.2754Y-176.0684

G1X175.3787Y-175.7339

G1X176.3898Y-175.2436

G1X177.1699Y-174.6701

G1X177.8641Y-173.8985

G1X178.4033Y-173.0084

G1X178.7347Y-172.0813

G1X178.8372Y-171.2057

G1X178.7377Y-170.0721

G1X178.4472Y-169.0793

G1X177.9409Y-168.1449

G1X177.2318Y-167.2749

G1X176.3768Y-166.5064

G1X175.3782Y-165.8697

G1X174.1740Y-165.3615

G1X172.8883Y-165.0231

G1X171.7014Y-164.8835

G1X170.4592Y-164.9153

G1X169.1308Y-165.1308

G1X167.9907Y-165.4882

G1X166.8119Y-166.0684

G1X165.8179Y-166.7618

G1X164.9658Y-167.5773

G1X164.2537Y-168.5086

G1X163.6559Y-169.5667

G1X163.1818Y-170.7111

G1X162.8495Y-171.8876

G1X162.5810Y-173.3699

G1X162.3039Y-176.0984

G1X162.0853Y-185.0209

G1X161.8149Y-188.5874

G1X161.4828Y-191.2850

G1X161.1003Y-193.5818

G1X160.5997Y-195.8441

G1X159.9841Y-198.1014

G1X159.1800Y-200.5685

G1X158.2929Y-202.8476

G1X157.2227Y-205.1661

G1X155.9752Y-207.5077

G1X154.7536Y-209.4721

G1X153.3163Y-211.4712

G1X151.9429Y-213.1417

G1X150.4911Y-214.6487

G1X148.6714Y-216.2409

G1X146.6405Y-217.6267

G1X144.8092Y-218.5651

G1X142.7366Y-219.3199

G1X140.8541Y-219.7616

G1X138.7682Y-220.0794

G1X130.6075Y-220.6637

G1X127.2140Y-221.0206

G1X124.1512Y-221.5146

G1X121.3927Y-222.1241

G1X117.3149Y-223.3357

G1X113.1901Y-224.9417

G1X108.9846Y-226.9488

G1X102.5842Y-230.4289

G1X100.0821Y-231.5457

G1X97.7202Y-232.4047

G1X94.3295Y-233.2971

G1X91.1308Y-233.8240

G1X87.6827Y-234.0809

G1X84.1170Y-234.0242

G1X81.7963Y-233.8127

G1X79.4688Y-233.4596

G1X77.2805Y-232.9869

G1X75.1057Y-232.3712

G1X73.0922Y-231.6523

G1X71.1410Y-230.8045

G1X69.2574Y-229.8233

G1X67.4401Y-228.7097

G1X64.7773Y-226.7449

G1X62.1533Y-224.4022

G1X60.3096Y-222.5290

G1X58.2026Y-220.1861

G1X52.9041Y-213.8178

G1X50.8825Y-211.9468

G1X50.0896Y-211.4027

G1X49.1120Y-210.9008

G1X47.4101Y-210.3514

G1X45.6549Y-210.1057

G1X42.3744Y-210.1546

G1X38.5049Y-210.3902

G1X35.7088Y-210.4192

G1X33.1516Y-210.3195

G1X30.3321Y-209.9922

G1X27.6230Y-209.4709

G1X24.8958Y-208.6819

G1X22.3875Y-207.7070

G1X20.0000Y-206.4907

G1 Z0F20000

(Start Block)


G1X20.0000Y-172.9604
G1Z5F20000
(Plotting speed under)
G1 F4000


G1X21.6522Y-169.0445

G1X22.9694Y-165.4555

G1X24.1935Y-161.6220

G1X25.3306Y-157.4443

G1X26.1599Y-153.9320

G1X26.7403Y-150.8550

G1X27.3337Y-146.6268

G1X27.6878Y-142.8503

G1X27.8145Y-139.2081

G1X27.7065Y-135.1615

G1X27.3556Y-130.8880

G1X26.8383Y-127.2355

G1X26.1019Y-123.5568

G1X25.0788Y-119.2786

G1X21.3992Y-106.9832

G1X20.7695Y-104.0185

G1X20.5254Y-101.8569

G1X20.5384Y-100.4023

G1X20.7108Y-98.9965

G1X21.0462Y-97.6847

G1X21.5465Y-96.4671

G1X22.2761Y-95.2419

G1X23.1624Y-94.1228

G1X24.1391Y-93.1672

G1X25.3330Y-92.2394

G1X27.2276Y-91.0905

G1X29.4847Y-90.0991

G1X31.7183Y-89.3759

G1X34.6119Y-88.7379

G1X37.6425Y-88.3271

G1X49.6139Y-87.1873

G1X53.0811Y-86.7002

G1X54.8914Y-86.5457

G1X56.0844Y-86.5367

G1X57.1783Y-86.6780

G1X58.4646Y-87.0099

G1X59.7866Y-87.5098

G1X60.9004Y-88.0899

G1X62.2612Y-88.9887

G1X63.3880Y-89.9481

G1X64.4702Y-91.0394

G1X66.4415Y-93.3810

G1X67.1161Y-93.9664

G1X67.6225Y-94.2622

G1X68.1802Y-94.4400

G1X68.8627Y-94.5218

G1X69.7267Y-94.5028

G1X71.7324Y-94.2051

G1X74.5694Y-93.5964

G1X78.7742Y-92.5669

G1X83.3516Y-91.3226

G1X89.7133Y-89.3154

G1X95.6521Y-87.0759

G1X99.6666Y-85.2932

G1X101.8275Y-84.2047

G1X103.9171Y-82.9166

G1X106.3485Y-81.1666

G1X108.4921Y-79.3847

G1X110.3714Y-77.5316

G1X112.2436Y-75.3409

G1X113.9802Y-72.9484

G1X115.2776Y-70.8012

G1X116.3620Y-68.5234

G1X117.3617Y-65.8205

G1X117.9972Y-63.4513

G1X118.3007Y-61.2855

G1X118.4377Y-58.5748

G1X118.2649Y-56.7359

G1X117.9881Y-55.0232

G1X117.7245Y-53.9449

G1X117.7473Y-53.6618

G1X117.8425Y-53.5621

G1X118.7420Y-53.8479

G1X127.0527Y-57.7902

G1X131.5030Y-60.0575

G1X135.4470Y-62.2966

G1X139.8247Y-65.2197

G1X141.8048Y-66.7001

G1X143.5345Y-68.1240

G1X145.5365Y-69.9114

G1X147.4333Y-71.7461

G1X149.0441Y-73.4384

G1X150.5660Y-75.1839

G1X152.0866Y-77.0842

G1X153.5880Y-79.1288

G1X155.8434Y-82.5849

G1X157.8130Y-86.1532

G1X159.6276Y-90.0485

G1X161.0318Y-93.7676

G1X162.3931Y-98.1997

G1X163.2745Y-101.8361

G1X164.3178Y-107.2792

G1X165.2165Y-113.4572

G1X166.0696Y-120.7622

G1X166.7925Y-128.2475

G1X167.1848Y-133.9742

G1X167.3417Y-139.1664

G1X167.2939Y-143.4389

G1X167.0704Y-147.8722

G1X166.7155Y-152.1210

G1X165.9169Y-159.9019

G1X165.5840Y-164.2337

G1X165.4715Y-170.0786

G1X165.5292Y-171.0715

G1X165.6939Y-171.9246

G1X166.1745Y-173.2345

G1X166.7638Y-174.2897

G1X167.4599Y-175.1458

G1X168.3567Y-175.9027

G1X169.6072Y-176.6533

G1X170.8569Y-177.1699

G1X172.1273Y-177.4764

G1X173.5863Y-177.6093

G1X174.9081Y-177.5381

G1X176.0771Y-177.2730

G1X177.3360Y-176.7435

G1X178.4392Y-176.0259

G1X179.1918Y-175.2756

G1X179.8055Y-174.3244

G1X180.2474Y-173.1798

G1X180.3979Y-172.1314

G1X180.2933Y-171.0331

G1X179.9650Y-169.9289

G1X179.4464Y-168.9210

G1X178.7783Y-168.0832

G1X177.8497Y-167.2454

G1X176.7097Y-166.4982

G1X175.5209Y-165.9801

G1X174.2152Y-165.6340

G1X172.8840Y-165.4614

G1X171.5782Y-165.4760

G1X170.2510Y-165.6846

G1X168.9874Y-166.0651

G1X167.8246Y-166.6178

G1X166.8196Y-167.3026

G1X165.9287Y-168.1287

G1X165.1446Y-169.1368

G1X164.5772Y-170.1642

G1X164.1238Y-171.3083

G1X163.7611Y-172.6162

G1X163.5462Y-173.9238

G1X163.3200Y-177.6748

G1X163.3752Y-183.3647

G1X163.2965Y-187.4274

G1X163.1621Y-189.9026

G1X162.8846Y-192.4183

G1X162.4818Y-195.0419

G1X162.0002Y-197.4421

G1X161.4464Y-199.6011

G1X160.6325Y-202.1531

G1X159.6289Y-204.7761

G1X158.6276Y-207.0072

G1X157.4248Y-209.2749

G1X155.9550Y-211.6874

G1X154.6243Y-213.5761

G1X152.9045Y-215.6752

G1X151.3120Y-217.3489

G1X149.2257Y-219.1480

G1X147.3077Y-220.4456

G1X145.1474Y-221.5297

G1X142.8582Y-222.2813

G1X141.2690Y-222.6131

G1X139.0573Y-222.9013

G1X131.4733Y-223.3412

G1X128.4299Y-223.6120

G1X125.5478Y-224.0048

G1X122.6353Y-224.5601

G1X118.3495Y-225.6700

G1X113.8677Y-227.1826

G1X109.6174Y-228.9072

G1X102.4677Y-232.1837

G1X101.0645Y-232.7156

G1X99.4947Y-233.1980

G1X96.7470Y-233.8259

G1X94.0306Y-234.1794

G1X91.2207Y-234.3091

G1X88.0217Y-234.1843

G1X85.6223Y-233.9182

G1X83.1199Y-233.4972

G1X80.6414Y-232.9305

G1X78.2091Y-232.2266

G1X75.9239Y-231.4150

G1X73.6902Y-230.4673

G1X71.5141Y-229.3737

G1X69.4967Y-228.1945

G1X66.4268Y-226.0597

G1X63.3164Y-223.4623

G1X59.6703Y-219.9364

G1X51.9842Y-211.8837

G1X49.9321Y-210.1574

G1X49.0970Y-209.6120

G1X48.3977Y-209.2756

G1X46.8755Y-208.8859

G1X44.7621Y-208.7813

G1X36.6976Y-209.7612

G1X33.3993Y-209.9091

G1X30.7437Y-209.8280

G1X27.8203Y-209.4878

G1X25.2346Y-208.9585

G1X22.4886Y-208.1153

G1X20.0000Y-207.0779

G1 Z0F20000

(Start Block)


G1X20.0000Y-168.0794
G1Z5F20000
(Plotting speed under)
G1 F4000


G1X21.3780Y-164.2906

G1X22.6354Y-160.3079

G1X23.8253Y-155.7977

G1X24.7602Y-151.6906

G1X25.3204Y-148.5258

G1X25.7530Y-144.9538

G1X26.0307Y-141.2948

G1X26.1233Y-137.8465

G1X26.0439Y-134.9003

G1X25.7948Y-131.6380

G1X25.3549Y-127.9752

G1X24.8424Y-124.8524

G1X24.1916Y-121.8527

G1X23.0809Y-117.3911

G1X21.2151Y-110.9991

G1X20.0000Y-106.3326

G1 Z0F20000

(Start Block)


G1X20.0000Y-99.4053
G1Z5F20000
(Plotting speed under)
G1 F4000


G1X20.9265Y-97.9315

G1X22.3659Y-96.0559

G1X24.1117Y-94.1454

G1X26.1684Y-92.1365

G1X28.3644Y-90.1852

G1X30.5712Y-88.3591

G1X32.9008Y-86.5461

G1X37.3797Y-83.2535

G1X38.4738Y-82.2993

G1X39.3272Y-81.1472

G1X40.2873Y-78.7359

G1X40.8104Y-77.7896

G1X42.1910Y-76.2817

G1X42.8945Y-75.7446

G1X43.6759Y-75.2887

G1X44.8297Y-74.7381

G1X46.0725Y-74.2659

G1X48.8132Y-73.5543

G1X54.6918Y-72.7096

G1X62.4698Y-71.9287

G1X69.2491Y-70.9044

G1X74.1400Y-69.8819

G1X79.4942Y-68.2870

G1X82.4745Y-67.2284

G1X85.1985Y-66.1315

G1X87.5680Y-65.0473

G1X89.9486Y-63.8047

G1X92.7965Y-62.1445

G1X95.9803Y-60.1151

G1X99.5155Y-57.7093

G1X102.0109Y-55.8494

G1X103.8771Y-54.2780

G1X105.5095Y-52.7091

G1X107.2432Y-50.8288

G1X108.8647Y-48.8407

G1X110.1492Y-47.0389

G1X111.2560Y-45.2215

G1X112.0937Y-43.5305

G1X112.8368Y-41.6609

G1X113.5705Y-39.3054

G1X114.1218Y-36.9265

G1X114.3472Y-35.3102

G1X114.3895Y-33.6805

G1X114.2402Y-31.6130

G1X113.9110Y-29.4099

G1X113.4246Y-28.0403

G1X112.7896Y-26.6798

G1X112.4890Y-26.2801

G1X114.1163Y-27.2911

G1X117.4393Y-28.7936

G1X120.5111Y-29.9034

G1X129.1128Y-32.7691

G1X133.1521Y-34.2479

G1X137.4050Y-35.9424

G1X141.4097Y-37.8030

G1X145.7998Y-40.1027

G1X149.6837Y-42.4744

G1X153.8458Y-45.3858

G1X157.7062Y-48.4695

G1X161.2009Y-51.6673

G1X164.6063Y-55.1650

G1X167.5834Y-58.6214

G1X170.6859Y-62.6381

G1X173.1055Y-66.1578

G1X175.9150Y-70.6316

G1X182.4226Y-82.3447

G1X184.8596Y-86.4042

G1X186.7608Y-89.0912

G1X190.0003Y-92.8137

G1 Z0F20000

(Start Block)


G1X190.0003Y-148.2797
G1Z5F20000
(Plotting speed under)
G1 F4000


G1X189.0324Y-151.6775

G1X187.9558Y-154.8645

G1X182.9739Y-167.8242

G1X182.1838Y-170.9557

G1X181.9942Y-172.1494

G1X181.9337Y-173.1145

G1X182.0792Y-174.5423

G1X182.5370Y-175.9953

G1X183.2954Y-177.4385

G1X184.2557Y-178.6953

G1X185.5257Y-179.8641

G1X186.9702Y-180.8264

G1X188.4199Y-181.4749

G1X190.0003Y-181.8856

G1 Z0F20000

(Start Block)


G1X190.0003Y-180.3048
G1Z5F20000
(Plotting speed under)
G1 F4000


G1X188.8314Y-181.1529

G1X187.8690Y-182.0013

G1X187.1012Y-182.8477

G1X186.4063Y-183.8200

G1X185.8396Y-184.8523

G1X185.3972Y-185.9519

G1X185.0750Y-187.1263

G1X184.8791Y-188.3613

G1X184.8794Y-190.5838

G1X185.3430Y-194.6740

G1X186.4266Y-200.5785

G1X186.7520Y-202.8347

G1X187.1354Y-207.1857

G1X187.2988Y-210.2202

G1X187.2967Y-213.1319

G1X187.0923Y-215.8785

G1X186.6102Y-219.3228

G1X185.9279Y-222.7368

G1X185.1873Y-225.5970

G1X184.3640Y-228.1596

G1X183.3783Y-230.6463

G1X182.1543Y-233.2672

G1X180.5394Y-236.2917

G1X178.7375Y-239.3025

G1X177.1878Y-241.5277

G1X175.3839Y-243.7970

G1X172.0664Y-247.5254

G1X169.4896Y-249.9534

G1X167.9586Y-251.1783

G1X166.6031Y-252.1207

G1X165.5202Y-252.6962

G1X164.5264Y-253.0272

G1X163.6074Y-253.1372

G1X162.7684Y-252.9897

G1X160.8131Y-252.2292

G1X157.6995Y-250.7556

G1X155.2215Y-249.9852

G1X153.2690Y-249.6073

G1X151.0767Y-249.5062

G1X148.9274Y-249.6661

G1X146.9533Y-250.0687

G1X144.8697Y-250.7652

G1X142.2490Y-251.9599

G1X139.8637Y-253.3739

G1X136.7182Y-255.5017

G1X132.6347Y-258.5211

G1X129.6554Y-260.6131

G1X126.1987Y-262.8497

G1X123.6649Y-264.2390

G1X121.5634Y-265.2358

G1X119.7353Y-265.9202

G1X117.7069Y-266.4942

G1X116.5109Y-266.7258

G1X115.3404Y-266.8445

G1X114.2897Y-266.8342

G1X113.1132Y-266.7028

G1X112.0709Y-266.4735

G1X111.1383Y-266.1533

G1X110.2068Y-265.7076

G1X109.2213Y-265.0879

G1X108.0345Y-264.0913

G1X106.6039Y-262.5721

G1X103.6333Y-259.1512

G1X100.4004Y-255.1020

G1X98.8008Y-253.2376

G1X97.4357Y-251.8211

G1X95.5891Y-250.1152

G1X92.1324Y-247.1970

G1X88.7386Y-244.6760

G1X85.6715Y-242.7346

G1X82.2220Y-240.9283

G1X79.6044Y-239.7383

G1X76.7346Y-238.5580

G1X73.9831Y-237.5194

G1X71.6319Y-236.7613

G1X68.6223Y-235.9514

G1X62.8126Y-234.5696

G1X54.9360Y-232.8997

G1X51.8720Y-232.0598

G1X49.4272Y-231.2137

G1X46.9234Y-229.9729

G1X44.8747Y-228.8090

G1X40.1977Y-226.6295

G1X37.2005Y-224.9845

G1X32.4861Y-222.0386

G1X26.7479Y-218.0641

G1X25.7261Y-217.5554

G1X25.0514Y-217.4400

G1X24.3937Y-217.5606

G1X21.5097Y-219.1622

G1X20.7293Y-219.4895

G1X20.0000Y-219.6786

G1 Z0F20000

(Start Block)


G1X20.0000Y-162.5598
G1Z5F20000
(Plotting speed under)
G1 F4000


G1X21.0510Y-159.2273

G1X21.8667Y-156.2623

G1X22.7861Y-152.2753

G1X23.4703Y-148.7858

G1X23.8899Y-146.0268

G1X24.1584Y-143.4172

G1X24.3419Y-140.3894

G1X24.4040Y-137.3345

G1X24.3395Y-134.2368

G1X24.1579Y-131.5682

G1X23.8018Y-128.5022

G1X23.2646Y-125.0533

G1X22.3034Y-120.3235

G1X20.0000Y-111.6403

G1 Z0F20000

(Start Block)


G1X20.0000Y-99.2206
G1Z5F20000
(Plotting speed under)
G1 F4000


G1X20.6697Y-100.1902

G1X20.9297Y-100.4363

G1X21.3027Y-100.4707

G1X21.8109Y-100.1120

G1X23.8324Y-97.5112

G1X24.9472Y-96.2040

G1X26.4764Y-94.5591

G1X28.3290Y-92.7612

G1X32.2551Y-89.3637

G1X37.9134Y-85.0607

G1X38.9880Y-84.1175

G1X39.7683Y-83.0954

G1X40.7715Y-80.4105

G1X41.6746Y-79.0104

G1X42.2106Y-78.3945

G1X42.8015Y-77.8776

G1X44.7210Y-76.6984

G1X45.9282Y-76.1755

G1X47.4047Y-75.7064

G1X49.1508Y-75.2938

G1X51.2471Y-74.9112

G1X53.6962Y-74.5631

G1X59.1367Y-74.0214

G1X65.1505Y-73.3091

G1X69.6940Y-72.6220

G1X75.1258Y-71.4094

G1X79.7287Y-70.1201

G1X82.3168Y-69.2359

G1X85.0352Y-68.1479

G1X87.9317Y-66.8334

G1X90.8325Y-65.3776

G1X93.7645Y-63.7729

G1X96.2620Y-62.2739

G1X98.6948Y-60.6659

G1X101.0642Y-58.9404

G1X103.7142Y-56.8174

G1X105.7761Y-55.0234

G1X107.4092Y-53.4272

G1X108.8388Y-51.8063

G1X110.1390Y-50.0367

G1X111.3862Y-48.0099

G1X112.5719Y-45.7223

G1X113.5367Y-43.4783

G1X114.2049Y-41.4689

G1X114.6457Y-39.3694

G1X114.9070Y-36.9665

G1X114.9752Y-34.4360

G1X114.7002Y-32.4216

G1X113.9528Y-29.8845

G1X113.5914Y-29.1000

G1X112.9284Y-28.1456

G1X113.2053Y-28.4546

G1X114.8131Y-29.4604

G1X117.4539Y-30.6848

G1X120.8175Y-31.9638

G1X129.8104Y-35.0005

G1X133.1026Y-36.1861

G1X138.1736Y-38.2867

G1X141.9809Y-40.0695

G1X146.4438Y-42.5315

G1X150.5505Y-45.1262

G1X154.1281Y-47.7473

G1X157.7888Y-50.8145

G1X160.9335Y-53.7750

G1X163.7338Y-56.7524

G1X166.9353Y-60.5730

G1X169.4412Y-63.9320

G1X172.1358Y-67.9806

G1X174.2590Y-71.4862

G1X177.1827Y-76.8126

G1X181.1739Y-84.4636

G1X183.2706Y-88.1340

G1X184.3799Y-89.7889

G1X185.6928Y-91.5314

G1X186.9246Y-93.0692

G1X188.9549Y-95.3735

G1X190.0003Y-96.7272

G1 Z0F20000

(Start Block)


G1X190.0003Y-158.0830
G1Z5F20000
(Plotting speed under)
G1 F4000


G1X187.7414Y-164.0315

G1X186.2057Y-168.4723

G1X185.7307Y-170.5280

G1X185.5175Y-172.9445

G1X185.5814Y-174.1314

G1X185.7758Y-175.1597

G1X186.1076Y-176.1116

G1X186.6192Y-177.1115

G1X187.3099Y-178.1179

G1X188.1616Y-179.0745

G1X189.0090Y-179.8006

G1X190.0003Y-180.4593

G1 Z0F20000

(Start Block)


G1X190.0003Y-177.4116
G1Z5F20000
(Plotting speed under)
G1 F4000


G1X188.5337Y-178.1577

G1X187.1533Y-179.0027

G1X186.0848Y-179.7994

G1X185.0226Y-180.7796

G1X184.1452Y-181.7815

G1X183.4127Y-182.8538

G1X182.8433Y-183.9965

G1X182.4870Y-185.0859

G1X182.2931Y-186.1980

G1X182.2287Y-187.3654

G1X182.4583Y-190.7325

G1X182.7488Y-192.3450

G1X183.9777Y-197.7551

G1X185.0157Y-203.7382

G1X185.4082Y-207.1903

G1X185.4865Y-209.9336

G1X185.4086Y-213.1841

G1X185.1927Y-216.1368

G1X184.8434Y-218.8854

G1X184.2380Y-221.9487

G1X183.2956Y-225.2842

G1X182.0446Y-228.7690

G1X180.5101Y-232.3220

G1X179.2469Y-234.7962

G1X177.6680Y-237.3955

G1X175.7266Y-240.1923

G1X173.3914Y-243.2412

G1X170.9523Y-245.9193

G1X167.9511Y-248.7216

G1X165.9093Y-250.2718

G1X164.9195Y-250.8547

G1X163.9970Y-251.2806

G1X163.3644Y-251.4748

G1X162.6829Y-251.5758

G1X160.9497Y-251.4635

G1X155.2932Y-249.5944

G1X153.9613Y-249.2961

G1X152.1920Y-249.0852

G1X150.5563Y-249.0180

G1X148.9971Y-249.1003

G1X147.3428Y-249.3594

G1X145.6688Y-249.7732

G1X144.0850Y-250.2966

G1X142.6377Y-250.8949

G1X139.1618Y-252.7472

G1X136.9717Y-254.1054

G1X128.8917Y-259.5664

G1X124.6658Y-262.0345

G1X122.8749Y-262.9373

G1X121.3326Y-263.5957

G1X119.4655Y-264.2736

G1X117.8151Y-264.7407

G1X116.5833Y-264.9727

G1X115.4067Y-265.0790

G1X114.0922Y-265.0904

G1X113.0064Y-264.9872

G1X112.0349Y-264.7821

G1X111.0736Y-264.4524

G1X110.1662Y-264.0124

G1X109.2492Y-263.4379

G1X107.8066Y-262.2769

G1X105.9645Y-260.4745

G1X104.7659Y-259.0766

G1X101.8666Y-255.3117

G1X100.4887Y-253.6964

G1X96.4813Y-249.5327

G1X93.3657Y-246.6233

G1X90.8622Y-244.6203

G1X87.7138Y-242.4841

G1X84.1756Y-240.3977

G1X80.4368Y-238.4679

G1X78.3988Y-237.5393

G1X76.1616Y-236.6539

G1X70.6993Y-234.8637

G1X65.9007Y-233.5056

G1X59.6654Y-232.1252

G1X53.5324Y-230.6506

G1X51.0545Y-229.8890

G1X48.5294Y-228.8928

G1X40.7366Y-224.8426

G1X36.6075Y-222.5307

G1X32.3248Y-219.8087

G1X29.1721Y-217.5645

G1X27.1845Y-216.0404

G1X25.9366Y-215.2956

G1X25.5162Y-215.2123

G1X25.1455Y-215.2777

G1X22.5031Y-216.9030

G1X21.1252Y-217.4016

G1X20.0000Y-217.6492

G1 Z0F20000

(Start Block)


G1X20.0845Y-277.0005
G1Z5F20000
(Plotting speed under)
G1 F4000


G1X20.0000Y-276.8044

G1 Z0F20000

(Start Block)


G1X21.7777Y-277.0005
G1Z5F20000
(Plotting speed under)
G1 F4000


G1X20.0000Y-273.0551

G1 Z0F20000

(Start Block)


G1X23.5617Y-277.0005
G1Z5F20000
(Plotting speed under)
G1 F4000


G1X22.0138Y-273.6291

G1X20.0000Y-269.9138

G1 Z0F20000

(Start Block)


G1X25.4277Y-277.0005
G1Z5F20000
(Plotting speed under)
G1 F4000


G1X22.7142Y-271.5883

G1X21.3095Y-269.1107

G1X20.0000Y-267.0062

G1 Z0F20000

(Start Block)


G1X27.4107Y-277.0005
G1Z5F20000
(Plotting speed under)
G1 F4000


G1X25.3344Y-272.9585

G1X23.6554Y-269.9482

G1X21.9235Y-267.1956

G1X20.0000Y-264.4434

G1 Z0F20000

(Start Block)


G1X29.6449Y-277.0005
G1Z5F20000
(Plotting speed under)
G1 F4000


G1X26.9066Y-272.1110

G1X25.2161Y-269.3510

G1X22.4883Y-265.2957

G1X20.0000Y-261.9842

G1 Z0F20000

(Start Block)


G1X32.2962Y-277.0005
G1Z5F20000
(Plotting speed under)
G1 F4000


G1X28.7184Y-271.4748

G1X25.0320Y-266.0470

G1X23.1624Y-263.4639

G1X20.0000Y-259.3995

G1 Z0F20000

(Start Block)


G1X35.7324Y-277.0005
G1Z5F20000
(Plotting speed under)
G1 F4000


G1X34.4182Y-275.5609

G1X32.9031Y-273.6845

G1X30.1929Y-270.1457

G1X26.6628Y-265.2309

G1X22.9738Y-260.2690

G1X21.4121Y-258.3064

G1X20.0000Y-256.7423

G1 Z0F20000

(Start Block)


G1X41.7228Y-277.0005
G1Z5F20000
(Plotting speed under)
G1 F4000


G1X39.5254Y-275.9220

G1X37.9348Y-274.8764

G1X36.1173Y-273.3422

G1X33.8484Y-271.0819

G1X31.2638Y-268.0116

G1X23.9947Y-258.3981

G1X21.8643Y-255.9692

G1X20.0000Y-254.0632

G1 Z0F20000

(Start Block)


G1X82.5096Y-277.0005
G1Z5F20000
(Plotting speed under)
G1 F4000


G1X78.8708Y-275.4254

G1X75.5054Y-274.2988

G1X72.4232Y-273.6360

G1X71.0149Y-273.4714

G1X69.6482Y-273.4150

G1X67.3160Y-273.6006

G1X65.0334Y-274.2035

G1X62.1260Y-275.4023

G1X59.3391Y-277.0005

G1 Z0F20000

(Start Block)


G1X89.0046Y-277.0005
G1Z5F20000
(Plotting speed under)
G1 F4000


G1X86.0269Y-275.0984

G1X83.3485Y-273.5624

G1X80.4277Y-272.0956

G1X77.5672Y-270.8532

G1X74.8683Y-269.8708

G1X72.3331Y-269.1488

G1X70.0644Y-268.7199

G1X67.9876Y-268.5723

G1X66.6580Y-268.6354

G1X65.3956Y-268.8323

G1X63.9646Y-269.2210

G1X62.8867Y-269.6494

G1X61.1948Y-270.6176

G1X54.2193Y-275.2428

G1X52.7688Y-275.9808

G1X50.2699Y-277.0005

G1 Z0F20000

(Start Block)


G1X93.4897Y-277.0005
G1Z5F20000
(Plotting speed under)
G1 F4000


G1X89.9055Y-274.2679

G1X86.5058Y-271.9396

G1X83.3114Y-270.0414

G1X79.8476Y-268.2513

G1X76.1330Y-266.5862

G1X72.7705Y-265.3606

G1X69.5271Y-264.4781

G1X67.9761Y-264.1855

G1X66.6516Y-264.0304

G1X65.1418Y-264.0019

G1X63.7613Y-264.1571

G1X62.6115Y-264.4780

G1X61.4708Y-264.9993

G1X59.3446Y-266.3301

G1X56.1959Y-269.0465

G1X53.6422Y-270.8626

G1X51.5460Y-272.1845

G1X49.8279Y-272.9786

G1X47.8041Y-273.4836

G1X45.5749Y-273.6748

G1X43.4788Y-273.5163

G1X41.6077Y-273.0386

G1X39.9817Y-272.3359

G1X38.3127Y-271.3589

G1X36.6526Y-270.1550

G1X35.1614Y-268.7973

G1X33.6479Y-267.1660

G1X31.2225Y-264.3204

G1X27.0532Y-258.8341

G1X24.7381Y-256.0825

G1X22.1808Y-253.3134

G1X20.0000Y-251.3872

G1 Z0F20000

(Start Block)


G1X96.9413Y-277.0005
G1Z5F20000
(Plotting speed under)
G1 F4000


G1X92.8262Y-273.4264

G1X89.2769Y-270.6588

G1X85.8834Y-268.3944

G1X81.8700Y-266.0871

G1X77.5754Y-263.9357

G1X73.4989Y-262.2659

G1X68.7820Y-260.7145

G1X66.8151Y-260.2204

G1X65.1313Y-259.9173

G1X63.4608Y-259.7748

G1X61.9841Y-259.8442

G1X60.7947Y-260.1179

G1X59.5840Y-260.6457

G1X58.4745Y-261.4924

G1X54.1560Y-265.7956

G1X52.9761Y-266.8446

G1X52.2140Y-267.3920

G1X50.9311Y-268.1527

G1X48.6797Y-269.2257

G1X46.8369Y-269.7801

G1X44.9982Y-269.9469

G1X43.0121Y-269.7638

G1X41.0489Y-269.2273

G1X39.7643Y-268.6613

G1X38.5737Y-267.9295

G1X37.2617Y-266.8997

G1X35.8220Y-265.5690

G1X33.4305Y-263.0819

G1X29.4164Y-258.0787

G1X25.1037Y-253.1284

G1X22.4944Y-250.6206

G1X21.2023Y-249.5523

G1X20.0000Y-248.6852

G1 Z0F20000

(Start Block)


G1X99.7353Y-277.0005
G1Z5F20000
(Plotting speed under)
G1 F4000


G1X94.8747Y-272.3115

G1X91.4874Y-269.3992

G1X87.5244Y-266.5710

G1X82.9097Y-263.7526

G1X80.5022Y-262.4376

G1X78.4867Y-261.4458

G1X76.0898Y-260.3903

G1X73.3135Y-259.2866

G1X70.3931Y-258.2109

G1X68.0657Y-257.4541

G1X65.5689Y-256.7692

G1X63.1643Y-256.2413

G1X61.4003Y-255.9712

G1X60.0171Y-255.9262

G1X58.8755Y-256.0998

G1X57.9127Y-256.5265

G1X57.2446Y-257.0475

G1X56.2356Y-258.0432

G1X54.1950Y-260.8634

G1X52.4552Y-262.6852

G1X50.5929Y-264.3453

G1X49.7524Y-264.9282

G1X48.9716Y-265.3483

G1X46.9896Y-266.0728

G1X45.1660Y-266.4168

G1X43.4527Y-266.3946

G1X41.9219Y-265.9886

G1X40.8760Y-265.5007

G1X39.6646Y-264.7639

G1X38.2937Y-263.7622

G1X36.8055Y-262.5284

G1X35.1648Y-260.8546

G1X28.4994Y-253.2763

G1X26.4809Y-251.1341

G1X24.4616Y-249.2266

G1X22.8519Y-247.8596

G1X21.4299Y-246.8353

G1X20.0000Y-246.0184

G1 Z0F20000

(Start Block)


G1X102.0876Y-277.0005
G1Z5F20000
(Plotting speed under)
G1 F4000


G1X96.7352Y-271.3304

G1X93.8833Y-268.6527

G1X91.6575Y-266.8647

G1X89.2030Y-265.0546

G1X86.6604Y-263.3273

G1X84.1129Y-261.7394

G1X81.8150Y-260.4478

G1X79.1987Y-259.1576

G1X76.2196Y-257.8497

G1X72.4147Y-256.3228

G1X68.0896Y-254.8489

G1X61.9910Y-253.1703

G1X60.0019Y-252.7373

G1X58.4392Y-252.5307

G1X57.1301Y-252.5233

G1X56.1835Y-252.7760

G1X55.5744Y-253.1612

G1X55.1217Y-253.6738

G1X54.0921Y-255.5955

G1X52.4727Y-258.2627

G1X51.7268Y-259.3141

G1X50.9293Y-260.1608

G1X49.2051Y-261.5378

G1X47.4916Y-262.5278

G1X46.7456Y-262.8022

G1X46.0010Y-262.9553

G1X45.2745Y-262.9793

G1X44.4358Y-262.8866

G1X42.6140Y-262.3431

G1X41.3595Y-261.7580

G1X40.0689Y-261.0147

G1X39.1632Y-260.3685

G1X38.1136Y-259.4779

G1X33.9833Y-255.3855

G1X29.3951Y-250.4905

G1X26.9143Y-248.0996

G1X25.1985Y-246.5708

G1X23.8996Y-245.5512

G1X22.4486Y-244.5744

G1X21.2077Y-243.8734

G1X20.0000Y-243.3418

G1 Z0F20000

(Start Block)


G1X20.0000Y-156.3283
G1Z5F20000
(Plotting speed under)
G1 F4000


G1X21.0642Y-151.9498

G1X22.0739Y-146.1900

G1X22.5488Y-141.8413

G1X22.6977Y-137.4128

G1X22.5438Y-132.5755

G1X22.1192Y-128.0519

G1X21.2655Y-123.0318

G1X20.5736Y-119.6557

G1X20.0000Y-117.2834

G1 Z0F20000

(Start Block)


G1X20.0000Y-98.0833
G1Z5F20000
(Plotting speed under)
G1 F4000


G1X20.6864Y-96.5508

G1X21.5593Y-95.2455

G1X22.7307Y-94.0049

G1X24.2310Y-92.8210

G1X25.9119Y-91.8518

G1X27.8018Y-91.0274

G1X29.7473Y-90.4215

G1X32.1393Y-89.8992

G1X33.8451Y-89.6674

G1X36.3309Y-89.4615

G1X42.1728Y-89.2843

G1X44.0516Y-89.1377

G1X47.3212Y-88.5011

G1X52.5694Y-87.0789

G1X53.7764Y-86.9491

G1X55.1118Y-87.0180

G1X56.3015Y-87.2274

G1X57.2742Y-87.5134

G1X58.3906Y-87.9848

G1X59.4450Y-88.5602

G1X60.5383Y-89.3536

G1X61.6014Y-90.3088

G1X62.7931Y-91.6982

G1X63.7120Y-92.9402

G1X64.4459Y-93.7137

G1X65.2464Y-94.0742

G1X66.2653Y-94.1130

G1X68.4602Y-93.7183

G1X73.9119Y-92.3923

G1X79.2298Y-91.0397

G1X84.4811Y-89.5643

G1X91.3722Y-87.2754

G1X95.4792Y-85.7080

G1X98.0982Y-84.5737

G1X101.3705Y-82.9319

G1X103.5609Y-81.6848

G1X105.3681Y-80.4631

G1X107.5332Y-78.7349

G1X109.6613Y-76.7897

G1X111.5395Y-74.7905

G1X113.1161Y-72.7776

G1X114.5954Y-70.5337

G1X115.9376Y-68.1069

G1X116.8942Y-65.9390

G1X117.6568Y-63.5479

G1X118.2725Y-60.7721

G1X118.5042Y-58.4520

G1X118.3905Y-55.4102

G1X118.2086Y-54.2120

G1X117.5808Y-51.7346

G1X117.6941Y-51.5974

G1X118.0387Y-51.6956

G1X121.5037Y-53.3864

G1X129.7427Y-57.2067

G1X133.8945Y-59.4028

G1X136.5003Y-60.9066

G1X138.6243Y-62.2558

G1X141.2151Y-64.0961

G1X143.5281Y-65.8791

G1X145.7198Y-67.7406

G1X147.8273Y-69.7508

G1X149.9774Y-72.0219

G1X152.0204Y-74.4092

G1X153.6723Y-76.5502

G1X155.2822Y-78.8859

G1X156.8689Y-81.4534

G1X158.4007Y-84.2041

G1X160.2427Y-88.0775

G1X162.0449Y-92.6829

G1X163.2095Y-96.4178

G1X164.5196Y-101.5524

G1X165.7745Y-107.9244

G1X166.7907Y-114.3173

G1X167.8515Y-122.2338

G1X168.5306Y-128.7058

G1X168.8072Y-132.6564

G1X168.9325Y-136.2165

G1X168.9283Y-139.5667

G1X168.7853Y-143.0920

G1X168.5262Y-146.3467

G1X168.1235Y-149.8662

G1X166.3972Y-160.9222

G1X165.8579Y-165.1203

G1X165.6014Y-169.1934

G1X165.6658Y-171.7567

G1X165.8721Y-173.0468

G1X166.3178Y-174.1178

G1X167.0876Y-175.2714

G1X168.0723Y-176.3140

G1X169.1794Y-177.1509

G1X170.5197Y-177.8700

G1X171.9803Y-178.4137

G1X173.3439Y-178.7054

G1X174.8757Y-178.7944

G1X176.3047Y-178.6787

G1X177.6153Y-178.3634

G1X178.8530Y-177.7975

G1X179.9699Y-177.0219

G1X180.8543Y-176.1141

G1X181.4206Y-175.1718

G1X181.8244Y-173.9910

G1X181.9714Y-172.7798

G1X181.8602Y-171.7419

G1X181.4864Y-170.6020

G1X180.8984Y-169.5129

G1X180.1588Y-168.5831

G1X179.1848Y-167.7449

G1X177.9485Y-166.9798

G1X176.7348Y-166.4493

G1X175.4810Y-166.1144

G1X174.0441Y-165.9352

G1X172.6319Y-165.9401

G1X171.3455Y-166.1232

G1X169.9752Y-166.5231

G1X168.8010Y-167.0534

G1X167.7277Y-167.7530

G1X166.7565Y-168.6411

G1X165.9387Y-169.6832

G1X165.3706Y-170.7049

G1X164.9552Y-171.7862

G1X164.6243Y-173.0749

G1X164.3769Y-174.6184

G1X164.2813Y-177.7134

G1X164.5311Y-186.2858

G1X164.3287Y-192.1810

G1X164.0784Y-194.6272

G1X163.6071Y-197.4956

G1X163.0002Y-200.2739

G1X162.2882Y-202.8459

G1X161.3247Y-205.5755

G1X160.0883Y-208.4363

G1X158.7781Y-211.0292

G1X157.2772Y-213.5092

G1X155.4672Y-216.0900

G1X153.7924Y-218.1199

G1X151.7302Y-220.2433

G1X149.7884Y-221.8758

G1X147.9855Y-223.1032

G1X146.2099Y-224.0244

G1X144.4103Y-224.7110

G1X142.3423Y-225.2176

G1X138.9130Y-225.6218

G1X132.5051Y-225.9213

G1X128.5507Y-226.2613

G1X124.3996Y-226.8859

G1X120.1942Y-227.8118

G1X117.0959Y-228.6639

G1X113.9322Y-229.6538

G1X109.2377Y-231.2996

G1X104.4943Y-233.1478

G1X102.0488Y-233.9371

G1X100.2879Y-234.3882

G1X97.7836Y-234.7527

G1X94.8717Y-234.8610

G1X91.6240Y-234.6281

G1X88.7374Y-234.1662

G1X85.3101Y-233.3653

G1X81.5555Y-232.2123

G1X77.9641Y-230.8452

G1X74.7241Y-229.3591

G1X72.5473Y-228.2032

G1X70.2862Y-226.8459

G1X68.2573Y-225.4826

G1X66.1296Y-223.8962

G1X61.9191Y-220.3285

G1X54.3225Y-213.1706

G1X51.0562Y-210.2713

G1X49.9720Y-209.4156

G1X48.7830Y-208.6203

G1X47.8209Y-208.0711

G1X47.0144Y-207.7360

G1X45.7766Y-207.5039

G1X44.1723Y-207.5684

G1X42.4725Y-207.7929

G1X39.6429Y-208.3990

G1X35.4665Y-209.1490

G1X32.7670Y-209.4003

G1X30.3364Y-209.4717

G1X27.6268Y-209.3110

G1X24.9250Y-208.9155

G1X22.4684Y-208.3200

G1X20.0000Y-207.4696

G1 Z0F20000

(Start Block)


G1X20.0000Y-148.2561
G1Z5F20000
(Plotting speed under)
G1 F4000


G1X20.4231Y-145.3120

G1X20.7448Y-142.2869

G1X20.9350Y-139.4572

G1X20.9999Y-136.7508

G1X20.9350Y-134.0784

G1X20.7463Y-131.2154

G1X20.4002Y-127.8430

G1X20.0000Y-124.9413

G1 Z0F20000

(Start Block)


G1X20.0000Y-96.9869
G1Z5F20000
(Plotting speed under)
G1 F4000


G1X21.1902Y-98.1965

G1X22.2496Y-99.6735

G1X22.6269Y-100.0454

G1X22.9420Y-100.2051

G1X23.2232Y-100.2337

G1X23.6793Y-100.1325

G1X24.0766Y-99.9088

G1X24.9255Y-99.1307

G1X28.1074Y-95.6456

G1X31.1068Y-92.7709

G1X34.0709Y-90.2480

G1X38.8655Y-86.6091

G1X39.9642Y-85.6566

G1X40.5930Y-84.8187

G1X41.4377Y-82.3831

G1X42.3951Y-80.7460

G1X42.9400Y-80.1533

G1X43.9042Y-79.3529

G1X44.8388Y-78.7407

G1X45.7530Y-78.2795

G1X48.1063Y-77.4479

G1X51.0378Y-76.7667

G1X53.6968Y-76.3745

G1X64.0523Y-75.2231

G1X67.1269Y-74.7937

G1X74.2662Y-73.4504

G1X76.9869Y-72.7854

G1X79.6022Y-72.0127

G1X82.5678Y-71.0059

G1X85.6219Y-69.8371

G1X88.5728Y-68.5713

G1X91.1426Y-67.3314

G1X93.6831Y-65.9563

G1X96.3744Y-64.3583

G1X102.7456Y-60.1613

G1X104.6289Y-58.7233

G1X106.2630Y-57.2718

G1X107.9220Y-55.5299

G1X109.5056Y-53.6267

G1X111.0243Y-51.5387

G1X112.2877Y-49.5139

G1X113.2136Y-47.7152

G1X114.0451Y-45.6414

G1X114.7679Y-43.2681

G1X115.3032Y-40.8556

G1X115.5389Y-39.0870

G1X115.5568Y-37.3483

G1X115.3510Y-35.2059

G1X114.9584Y-33.0760

G1X114.5533Y-32.0251

G1X113.7489Y-30.4994

G1X113.3244Y-30.0972

G1X113.9925Y-30.7003

G1X114.6013Y-31.1109

G1X116.2491Y-31.9929

G1X117.8269Y-32.7152

G1X121.7753Y-34.1887

G1X129.4257Y-36.7919

G1X134.4407Y-38.6721

G1X138.0865Y-40.2018

G1X142.4538Y-42.3342

G1X146.5654Y-44.6241

G1X150.3303Y-47.0971

G1X154.2844Y-50.0685

G1X157.7815Y-53.0948

G1X160.9509Y-56.2593

G1X164.1307Y-59.8383

G1X166.6051Y-62.9997

G1X169.2287Y-66.7667

G1X171.5651Y-70.4976

G1X174.3439Y-75.5246

G1X179.7886Y-86.4545

G1X181.3880Y-89.3753

G1X182.5973Y-91.2946

G1X183.9719Y-93.2769

G1X186.4726Y-96.3573

G1X187.7129Y-98.0498

G1X190.0003Y-101.6064

G1 Z0F20000

(Start Block)


G1X190.0003Y-167.8665
G1Z5F20000
(Plotting speed under)
G1 F4000


G1X189.3856Y-170.3408

G1X189.2213Y-172.3021

G1X189.2704Y-173.3381

G1X189.4284Y-174.4226

G1X189.6627Y-175.3511

G1X190.0003Y-176.2620

G1 Z0F20000

(Start Block)


G1X190.0003Y-175.1755
G1Z5F20000
(Plotting speed under)
G1 F4000


G1X188.0485Y-175.9304

G1X186.2437Y-176.8079

G1X184.7428Y-177.7277

G1X183.3111Y-178.8218

G1X182.1364Y-179.9535

G1X181.1842Y-181.1653

G1X180.5322Y-182.3573

G1X180.0855Y-183.6491

G1X179.8794Y-184.7236

G1X179.7850Y-185.8678

G1X179.7922Y-187.0986

G1X179.9237Y-188.2456

G1X180.2727Y-189.9181

G1X182.7085Y-199.8349

G1X183.1064Y-201.9486

G1X183.3756Y-204.1414

G1X183.6700Y-207.5442

G1X183.7845Y-210.5023

G1X183.7250Y-213.2897

G1X183.4914Y-215.7952

G1X182.9419Y-219.1754

G1X182.1597Y-222.5794

G1X181.1844Y-225.8658

G1X180.0824Y-228.8035

G1X178.6152Y-231.9096

G1X176.7453Y-235.2530

G1X174.7942Y-238.3375

G1X172.7943Y-240.9861

G1X169.5873Y-244.5914

G1X167.4882Y-246.6416

G1X166.1989Y-247.7163

G1X164.8696Y-248.6896

G1X163.8119Y-249.3493

G1X162.8854Y-249.7928

G1X161.2356Y-250.2467

G1X160.0463Y-250.2752

G1X157.6913Y-249.8207

G1X154.5132Y-248.9879

G1X152.2719Y-248.6504

G1X150.6347Y-248.5271

G1X149.2194Y-248.5591

G1X147.6306Y-248.7188

G1X146.1087Y-248.9863

G1X144.6989Y-249.3423

G1X141.8952Y-250.3705

G1X138.7767Y-251.8820

G1X134.2428Y-254.6011

G1X129.4334Y-257.6559

G1X124.6753Y-260.3559

G1X121.0532Y-261.9685

G1X119.5279Y-262.5134

G1X118.2176Y-262.8826

G1X116.7261Y-263.1699

G1X115.3887Y-263.3293

G1X114.1790Y-263.3619

G1X113.0927Y-263.2704

G1X111.9553Y-263.0233

G1X110.8914Y-262.6630

G1X109.8542Y-262.1744

G1X108.8138Y-261.5331

G1X107.5218Y-260.5294

G1X106.4682Y-259.4932

G1X98.4904Y-250.1542

G1X96.6860Y-248.2195

G1X94.9742Y-246.5951

G1X91.6390Y-243.8425

G1X88.0651Y-241.2441

G1X84.6493Y-239.0880

G1X81.3791Y-237.3668

G1X76.5259Y-235.2524

G1X73.2605Y-233.9993

G1X71.2197Y-233.3071

G1X68.4225Y-232.4925

G1X62.9549Y-231.0684

G1X54.7781Y-229.0730

G1X51.3954Y-228.0467

G1X48.8973Y-227.0941

G1X46.4122Y-225.9296

G1X42.1905Y-223.6915

G1X38.7900Y-221.8166

G1X35.8192Y-220.0463

G1X33.4990Y-218.5640

G1X31.0386Y-216.8561

G1X26.8905Y-213.5617

G1X26.3893Y-213.2533

G1X25.9940Y-213.1772

G1X25.5455Y-213.3350

G1X24.1458Y-214.3797

G1X22.3553Y-215.2723

G1X21.3438Y-215.4973

G1X20.0000Y-215.5696

G1 Z0F20000

(Start Block)


G1X104.1536Y-277.0005
G1Z5F20000
(Plotting speed under)
G1 F4000


G1X102.6577Y-275.3906

G1X99.0657Y-271.1342

G1X97.4429Y-269.3972

G1X94.5727Y-266.7767

G1X91.2745Y-264.0638

G1X87.9571Y-261.6262

G1X84.7973Y-259.6225

G1X81.1352Y-257.6767

G1X76.8196Y-255.7000

G1X74.0114Y-254.5280

G1X71.5594Y-253.6344

G1X64.2045Y-251.4304

G1X58.6836Y-250.0383

G1X56.0248Y-249.4933

G1X54.9082Y-249.4170

G1X54.2544Y-249.5760

G1X53.8108Y-249.9642

G1X53.1542Y-251.3486

G1X52.4938Y-253.5593

G1X52.0428Y-254.5893

G1X50.6044Y-256.6711

G1X49.3783Y-257.9808

G1X48.3270Y-258.6641

G1X47.0843Y-259.0065

G1X45.5995Y-259.0636

G1X43.9422Y-258.7955

G1X42.7569Y-258.4019

G1X41.7061Y-257.8695

G1X40.4797Y-257.0540

G1X38.9973Y-255.8889

G1X36.1971Y-253.4702

G1X32.2331Y-249.5310

G1X28.7628Y-246.2599

G1X27.2070Y-244.8823

G1X25.8099Y-243.7739

G1X24.0775Y-242.5416

G1X22.6603Y-241.6976

G1X21.2883Y-241.0829

G1X20.0000Y-240.7138

G1 Z0F20000

(Start Block)


G1X106.1707Y-277.0005
G1Z5F20000
(Plotting speed under)
G1 F4000


G1X104.6743Y-275.4259

G1X101.4215Y-271.3163

G1X99.7382Y-269.3990

G1X95.5485Y-265.2927

G1X92.0565Y-262.2217

G1X89.2004Y-260.0642

G1X85.9650Y-258.0080

G1X82.1856Y-255.9330

G1X77.9194Y-253.8792

G1X75.6049Y-252.9002

G1X73.1139Y-251.9966

G1X65.5579Y-249.7004

G1X54.6971Y-246.9819

G1X52.8561Y-246.7236

G1X52.4943Y-246.8347

G1X52.1980Y-247.2478

G1X52.1054Y-247.6987

G1X52.0666Y-249.1743

G1X51.9211Y-249.8887

G1X50.9758Y-252.2204

G1X50.5462Y-252.9602

G1X50.0354Y-253.5925

G1X48.8776Y-254.4013

G1X47.4588Y-254.9530

G1X46.0014Y-255.1480

G1X44.6817Y-254.9712

G1X43.5596Y-254.5665

G1X42.3037Y-253.9282

G1X40.7498Y-252.9684

G1X39.0877Y-251.8098

G1X37.3358Y-250.3504

G1X29.6139Y-243.4331

G1X27.5176Y-241.7499

G1X25.7530Y-240.4531

G1X24.2298Y-239.5018

G1X22.8089Y-238.8173

G1X21.3773Y-238.3376

G1X20.0000Y-238.0961

G1 Z0F20000

(Start Block)


G1X108.5493Y-277.0005
G1Z5F20000
(Plotting speed under)
G1 F4000


G1X107.5148Y-276.1876

G1X106.5383Y-275.2083

G1X102.7568Y-270.5941

G1X97.8721Y-265.2617

G1X95.7511Y-263.0995

G1X93.8024Y-261.3184

G1X90.8802Y-259.0523

G1X87.4179Y-256.7246

G1X83.7156Y-254.5341

G1X80.0877Y-252.6626

G1X77.7855Y-251.6621

G1X75.1647Y-250.6725

G1X67.9603Y-248.3615

G1X64.9750Y-247.5740

G1X58.0479Y-245.9935

G1X53.2002Y-244.7708

G1X51.4407Y-244.2532

G1X51.2298Y-244.2955

G1X51.1055Y-244.4431

G1X51.2411Y-245.6636

G1X50.8131Y-247.9226

G1X50.4176Y-248.7869

G1X49.6804Y-249.6364

G1X48.5581Y-250.5264

G1X47.4151Y-251.0069

G1X46.2529Y-251.0696

G1X44.7585Y-250.7824

G1X43.5584Y-250.3688

G1X42.2347Y-249.7718

G1X41.2474Y-249.2231

G1X40.1175Y-248.4668

G1X35.8658Y-245.1517

G1X29.9569Y-240.2522

G1X27.8264Y-238.6248

G1X26.2091Y-237.5298

G1X24.4117Y-236.5317

G1X22.8716Y-235.8999

G1X21.4602Y-235.5804

G1X20.0000Y-235.5609

G1 Z0F20000

(Start Block)


G1X112.7701Y-277.0005
G1Z5F20000
(Plotting speed under)
G1 F4000


G1X111.4835Y-276.6755

G1X110.3430Y-276.1953

G1X109.1821Y-275.4894

G1X108.1103Y-274.5964

G1X106.9208Y-273.3765

G1X103.5731Y-269.6356

G1X99.9255Y-265.2205

G1X98.3124Y-263.3866

G1X96.4772Y-261.5471

G1X94.1246Y-259.5138

G1X90.9344Y-257.0160

G1X87.7161Y-254.7655

G1X84.7088Y-252.9218

G1X81.8080Y-251.4234

G1X79.4516Y-250.3735

G1X76.7003Y-249.2776

G1X70.3104Y-247.0704

G1X66.6915Y-246.1300

G1X54.2706Y-243.3710

G1X53.0445Y-243.0296

G1X51.0018Y-242.2751

G1X50.3731Y-242.1183

G1X50.2951Y-242.1537

G1X50.2240Y-243.8103

G1X50.0767Y-244.3775

G1X49.3298Y-245.6025

G1X48.5984Y-246.3517

G1X47.8782Y-246.7158

G1X46.6675Y-246.9235

G1X45.4468Y-246.8892

G1X44.1283Y-246.6194

G1X43.0733Y-246.2199

G1X41.8884Y-245.6034

G1X38.4235Y-243.3550

G1X29.4630Y-236.5138

G1X28.0161Y-235.5079

G1X25.9714Y-234.2490

G1X24.4331Y-233.4954

G1X23.0017Y-233.0586

G1X21.6343Y-232.9145

G1X20.0000Y-233.0267

G1 Z0F20000

(Start Block)


G1X147.5251Y-277.0005
G1Z5F20000
(Plotting speed under)
G1 F4000


G1X145.5623Y-276.8357

G1X143.6876Y-276.7811

G1X141.7432Y-276.8364

G1X139.9200Y-277.0005

G1 Z0F20000

(Start Block)


G1X155.0115Y-277.0005
G1Z5F20000
(Plotting speed under)
G1 F4000


G1X152.8223Y-276.4674

G1X150.4381Y-276.0664

G1X148.0537Y-275.8046

G1X145.6918Y-275.7190

G1X143.3752Y-275.8066

G1X141.1554Y-276.0534

G1X139.0427Y-276.4522

G1X137.0534Y-277.0005

G1 Z0F20000

(Start Block)


G1X159.3461Y-277.0005
G1Z5F20000
(Plotting speed under)
G1 F4000


G1X158.2862Y-276.4953

G1X157.0610Y-276.0285

G1X154.2991Y-275.2860

G1X150.8360Y-274.7226

G1X147.7628Y-274.5539

G1X144.5571Y-274.7191

G1X141.5587Y-275.1706

G1X138.7273Y-275.9199

G1X135.9918Y-277.0005

G1 Z0F20000

(Start Block)


G1X162.2600Y-277.0005
G1Z5F20000
(Plotting speed under)
G1 F4000


G1X161.0760Y-276.1378

G1X159.9714Y-275.5057

G1X158.6882Y-274.9373

G1X157.1441Y-274.4120

G1X155.2686Y-273.9327

G1X153.1229Y-273.5274

G1X151.4916Y-273.3430

G1X149.6480Y-273.2755

G1X147.7229Y-273.3371

G1X145.6485Y-273.5294

G1X143.9391Y-273.7965

G1X142.1711Y-274.1938

G1X140.3545Y-274.7337

G1X138.5873Y-275.3916

G1X136.9608Y-276.1344

G1X135.3625Y-277.0005

G1 Z0F20000

(Start Block)


G1X164.3399Y-277.0005
G1Z5F20000
(Plotting speed under)
G1 F4000


G1X163.2076Y-275.8101

G1X162.1428Y-274.9469

G1X160.7900Y-274.1351

G1X159.2113Y-273.4251

G1X157.1695Y-272.7425

G1X154.9499Y-272.2064

G1X153.1435Y-271.9617

G1X151.2181Y-271.8831

G1X149.0162Y-271.9672

G1X146.8326Y-272.1986

G1X144.8454Y-272.5772

G1X142.8103Y-273.1301

G1X140.7401Y-273.8530

G1X138.8381Y-274.6843

G1X136.9023Y-275.7045

G1X134.7766Y-277.0005

G1 Z0F20000

(Start Block)


G1X165.8523Y-277.0005
G1Z5F20000
(Plotting speed under)
G1 F4000


G1X164.8300Y-275.4808

G1X163.8009Y-274.3505

G1X162.4154Y-273.2802

G1X160.7229Y-272.3155

G1X158.7252Y-271.4605

G1X156.6330Y-270.8148

G1X154.7285Y-270.4931

G1X152.4844Y-270.3802

G1X149.7854Y-270.5019

G1X147.7777Y-270.7746

G1X145.5182Y-271.3005

G1X143.0365Y-272.1007

G1X140.9218Y-272.9786

G1X138.6886Y-274.1217

G1X136.3428Y-275.5168

G1X134.2037Y-277.0005

G1 Z0F20000

(Start Block)


G1X166.9482Y-277.0005
G1Z5F20000
(Plotting speed under)
G1 F4000


G1X166.0873Y-275.1531

G1X165.0753Y-273.6814

G1X163.6962Y-272.3597

G1X161.8509Y-271.0593

G1X159.8507Y-270.0029

G1X157.9083Y-269.2941

G1X155.8174Y-268.9007

G1X153.3795Y-268.7682

G1X150.9896Y-268.8668

G1X148.7947Y-269.2067

G1X146.2587Y-269.8774

G1X143.7121Y-270.7892

G1X141.2581Y-271.9474

G1X138.5080Y-273.5043

G1X136.3763Y-274.9099

G1X133.5182Y-277.0005

G1 Z0F20000

(Start Block)


G1X167.6990Y-277.0005
G1Z5F20000
(Plotting speed under)
G1 F4000


G1X167.0683Y-274.8091

G1X166.6277Y-273.8123

G1X166.1407Y-272.9776

G1X165.5050Y-272.1522

G1X164.6347Y-271.2257

G1X162.6358Y-269.5531

G1X160.6341Y-268.3361

G1X158.7883Y-267.6317

G1X156.4897Y-267.1860

G1X153.7756Y-267.0375

G1X151.5793Y-267.1779

G1X149.2987Y-267.6223

G1X146.5054Y-268.4666

G1X144.2216Y-269.4149

G1X141.7261Y-270.7171

G1X139.1660Y-272.2596

G1X136.4543Y-274.1556

G1X132.6513Y-277.0005

G1 Z0F20000

(Start Block)


G1X167.8958Y-277.0005
G1Z5F20000
(Plotting speed under)
G1 F4000


G1X167.8396Y-275.6330

G1X167.6789Y-274.3881

G1X167.3991Y-273.2036

G1X167.0507Y-272.2685

G1X166.5639Y-271.3930

G1X165.7810Y-270.3235

G1X164.8978Y-269.3252

G1X163.9067Y-268.3743

G1X162.9324Y-267.5830

G1X162.0179Y-266.9658

G1X161.0712Y-266.4638

G1X160.0476Y-266.0551

G1X158.7724Y-265.6851

G1X157.4613Y-265.4258

G1X156.0511Y-265.2557

G1X154.5717Y-265.1843

G1X152.3636Y-265.3556

G1X149.8873Y-265.8866

G1X147.3213Y-266.7123

G1X144.8737Y-267.8278

G1X142.1251Y-269.3582

G1X139.8895Y-270.8100

G1X135.8598Y-273.7366

G1X131.6605Y-277.0005

G1 Z0F20000

(Start Block)


G1X190.0003Y-275.5966
G1Z5F20000
(Plotting speed under)
G1 F4000


G1X187.7713Y-277.0005

G1 Z0F20000

(Start Block)


G1X190.0003Y-273.4032
G1Z5F20000
(Plotting speed under)
G1 F4000


G1X184.4894Y-277.0005

G1 Z0F20000

(Start Block)


G1X190.0003Y-271.3134
G1Z5F20000
(Plotting speed under)
G1 F4000


G1X187.8811Y-272.8267

G1X186.0021Y-274.0413

G1X180.7739Y-277.0005

G1 Z0F20000

(Start Block)


G1X190.0003Y-269.2349
G1Z5F20000
(Plotting speed under)
G1 F4000


G1X187.9336Y-270.6858

G1X185.4929Y-272.2611

G1X177.5540Y-277.0005

G1 Z0F20000

(Start Block)


G1X190.0003Y-267.0310
G1Z5F20000
(Plotting speed under)
G1 F4000


G1X186.4004Y-269.6188

G1X181.6597Y-272.7882

G1X179.0216Y-274.3551

G1X174.1953Y-277.0005

G1 Z0F20000

(Start Block)


G1X190.0003Y-264.8319
G1Z5F20000
(Plotting speed under)
G1 F4000


G1X186.1854Y-267.8220

G1X183.5309Y-269.7073

G1X171.6191Y-277.0005

G1 Z0F20000

(Start Block)


G1X190.0003Y-262.6990
G1Z5F20000
(Plotting speed under)
G1 F4000


G1X187.2329Y-265.0211

G1X184.1007Y-267.3068

G1X176.9029Y-272.0860

G1X171.1549Y-275.6438

G1X169.2868Y-277.0005

G1 Z0F20000

(Start Block)


G1X190.0003Y-260.4671
G1Z5F20000
(Plotting speed under)
G1 F4000


G1X186.3814Y-263.5054

G1X181.1274Y-267.4979

G1X178.5553Y-269.2810

G1X172.4473Y-273.1936

G1X169.6234Y-275.3078

G1X167.6669Y-277.0005

G1 Z0F20000

(Start Block)


G1X190.0003Y-258.0321
G1Z5F20000
(Plotting speed under)
G1 F4000


G1X186.2920Y-261.4398

G1X182.8699Y-264.3034

G1X180.3862Y-266.1223

G1X175.4275Y-269.5286

G1X169.1704Y-274.0758

G1X168.3545Y-274.8059

G1X167.7178Y-275.5374

G1X166.8781Y-276.8804

G1X166.9959Y-276.9073

G1X167.4671Y-276.5295

G1X167.7042Y-275.9687

G1X167.8482Y-273.7003

G1X167.6919Y-271.9330

G1X167.4077Y-270.9574

G1X166.8770Y-269.8885

G1X166.0826Y-268.6299

G1X165.1164Y-267.3743

G1X164.1812Y-266.3723

G1X163.2693Y-265.5828

G1X162.2934Y-264.9446

G1X161.2054Y-264.4161

G1X159.8445Y-263.9314

G1X158.3380Y-263.5587

G1X156.7523Y-263.3146

G1X155.3609Y-263.2357

G1X154.1508Y-263.2926

G1X152.8418Y-263.4640

G1X149.9851Y-264.1394

G1X147.7607Y-264.9613

G1X145.2391Y-266.2270

G1X142.9855Y-267.5471

G1X140.6805Y-269.1308

G1X137.4089Y-271.5582

G1X130.3776Y-277.0005

G1 Z0F20000

(Start Block)


G1X190.0003Y-255.5658
G1Z5F20000
(Plotting speed under)
G1 F4000


G1X187.2932Y-258.3440

G1X184.6822Y-260.6858

G1X182.1893Y-262.7056

G1X177.3007Y-266.4767

G1X170.5740Y-271.3255

G1X169.1984Y-272.5325

G1X167.5091Y-274.2352

G1X167.2821Y-274.5605

G1X167.3495Y-274.6653

G1X167.5434Y-274.3581

G1X167.8255Y-272.1321

G1X167.8183Y-271.0875

G1X167.6665Y-270.2458

G1X167.1108Y-268.7675

G1X166.3444Y-267.1791

G1X165.5007Y-265.7842

G1X164.6626Y-264.7037

G1X163.8884Y-263.9576

G1X162.9350Y-263.2677

G1X161.7791Y-262.6213

G1X160.4486Y-262.0490

G1X159.0919Y-261.6118

G1X157.7673Y-261.3160

G1X156.5832Y-261.1902

G1X155.2831Y-261.1999

G1X152.7911Y-261.5413

G1X150.2122Y-262.2286

G1X147.9212Y-263.2038

G1X145.0764Y-264.7559

G1X142.9322Y-266.1773

G1X139.6454Y-268.6317

G1X134.2205Y-272.9813

G1X128.9087Y-277.0005

G1 Z0F20000

(Start Block)


G1X190.0003Y-252.9981
G1Z5F20000
(Plotting speed under)
G1 F4000


G1X188.2883Y-254.8507

G1X186.3768Y-256.7539

G1X181.0934Y-261.5506

G1X178.5971Y-263.5843

G1X173.8309Y-267.1059

G1X171.5736Y-268.8844

G1X168.3692Y-271.5315

G1X167.6338Y-272.4070

G1X167.5160Y-272.1074

G1X167.7360Y-270.7848

G1X167.7514Y-269.9088

G1X167.6262Y-269.2174

G1X167.1788Y-267.7146

G1X166.6055Y-266.1407

G1X165.9971Y-264.8568

G1X165.3698Y-263.8622

G1X164.6054Y-262.9809

G1X163.4990Y-261.9770

G1X162.2386Y-261.0480

G1X160.9002Y-260.2524

G1X159.5595Y-259.6484

G1X158.5318Y-259.3403

G1X157.3326Y-259.1511

G1X156.0064Y-259.1054

G1X154.5777Y-259.2026

G1X152.4111Y-259.5642

G1X150.5322Y-260.1543

G1X148.2495Y-261.2074

G1X145.6508Y-262.6944

G1X143.8554Y-263.9492

G1X140.8565Y-266.2465

G1X136.1281Y-270.1859

G1X131.5816Y-273.8178

G1X129.6375Y-275.2541

G1X127.0506Y-277.0005

G1 Z0F20000

(Start Block)


G1X190.0003Y-250.0728
G1Z5F20000
(Plotting speed under)
G1 F4000


G1X186.1213Y-254.4888

G1X184.1071Y-256.5930

G1X182.3759Y-258.2405

G1X179.9932Y-260.2966

G1X174.9056Y-264.4331

G1X169.8740Y-268.3518

G1X167.9577Y-270.0299

G1X167.7234Y-270.0641

G1X167.6259Y-269.9788

G1X167.6566Y-269.0309

G1X167.5765Y-268.3928

G1X166.8352Y-265.4977

G1X166.2272Y-263.9282

G1X165.7765Y-263.1497

G1X164.9148Y-262.0339

G1X163.9499Y-260.9797

G1X162.9479Y-260.0378

G1X161.8845Y-259.1915

G1X160.8829Y-258.5460

G1X159.9190Y-258.0783

G1X158.7746Y-257.6784

G1X157.4792Y-257.3777

G1X156.0656Y-257.2003

G1X154.5867Y-257.1693

G1X153.3209Y-257.2867

G1X151.7657Y-257.6673

G1X150.0567Y-258.3299

G1X147.8624Y-259.4171

G1X146.1305Y-260.5016

G1X141.9722Y-263.6981

G1X137.4678Y-267.6064

G1X131.9685Y-272.1724

G1X127.9985Y-275.0287

G1X124.8180Y-277.0005

G1 Z0F20000

(Start Block)


G1X190.0003Y-246.9434
G1Z5F20000
(Plotting speed under)
G1 F4000


G1X188.0014Y-249.6130

G1X186.2587Y-251.7345

G1X184.3249Y-253.8258

G1X181.9185Y-256.1919

G1X178.3533Y-259.4948

G1X176.5343Y-261.0737

G1X169.3081Y-266.8904

G1X168.2188Y-267.5892

G1X167.8574Y-267.6899

G1X167.6885Y-267.5130

G1X167.2915Y-266.5010

G1X166.6406Y-263.8855

G1X166.3212Y-263.1243

G1X165.8599Y-262.3425

G1X164.8766Y-260.9165

G1X163.8882Y-259.6834

G1X162.9380Y-258.6858

G1X162.0059Y-257.8981

G1X160.9249Y-257.2140

G1X159.7289Y-256.6323

G1X158.4620Y-256.1595

G1X157.0732Y-255.7837

G1X155.8113Y-255.5698

G1X154.7320Y-255.4984

G1X153.5326Y-255.5494

G1X152.2395Y-255.7420

G1X150.6770Y-256.1455

G1X149.1835Y-256.6944

G1X147.8971Y-257.3508

G1X146.5692Y-258.2093

G1X143.0558Y-260.9149

G1X134.8204Y-268.3233

G1X130.9395Y-271.4546

G1X128.6256Y-273.1452

G1X126.6158Y-274.4627

G1X124.1217Y-275.8932

G1X121.8865Y-277.0005

G1 Z0F20000

(Start Block)


G1X190.0003Y-243.6063
G1Z5F20000
(Plotting speed under)
G1 F4000


G1X188.2258Y-246.2130

G1X186.1118Y-248.9270

G1X183.4748Y-251.9792

G1X180.4169Y-255.2483

G1X177.6685Y-257.7982

G1X172.2328Y-262.4122

G1X170.0313Y-264.1389

G1X168.2859Y-265.2787

G1X167.7931Y-265.3664

G1X167.5268Y-265.2374

G1X167.2858Y-264.9913

G1X166.6708Y-263.1479

G1X166.3570Y-262.4343

G1X164.9707Y-260.1142

G1X163.9853Y-258.7168

G1X162.8287Y-257.4888

G1X161.1532Y-256.2813

G1X159.8859Y-255.5732

G1X158.6577Y-255.0186

G1X157.4279Y-254.5925

G1X156.2826Y-254.3265

G1X154.9854Y-254.1711

G1X153.6706Y-254.1486

G1X152.2656Y-254.2610

G1X150.9047Y-254.5026

G1X149.4169Y-254.9512

G1X147.8852Y-255.6347

G1X146.2119Y-256.5930

G1X144.4797Y-257.7711

G1X142.5238Y-259.4352

G1X134.5589Y-266.8629

G1X130.8371Y-269.9352

G1X127.9271Y-272.0354

G1X124.9527Y-273.8726

G1X122.3121Y-275.2276

G1X119.3372Y-276.3724

G1X116.8479Y-277.0005

G1 Z0F20000

(Start Block)


G1X190.0003Y-239.7546
G1Z5F20000
(Plotting speed under)
G1 F4000


G1X188.1049Y-242.8386

G1X185.8595Y-246.0905

G1X183.6016Y-249.0622

G1X181.4671Y-251.5074

G1X178.6651Y-254.3430

G1X174.4480Y-258.2986

G1X171.2300Y-260.9217

G1X169.3241Y-262.3566

G1X168.4397Y-262.9037

G1X167.7010Y-263.0931

G1X167.4460Y-263.0573

G1X167.1846Y-262.9047

G1X165.9128Y-260.9317

G1X164.6661Y-258.7887

G1X163.8183Y-257.6471

G1X162.9610Y-256.8141

G1X161.8801Y-255.9278

G1X160.7660Y-255.1412

G1X159.6808Y-254.4936

G1X158.6674Y-254.0029

G1X157.6446Y-253.6302

G1X156.4717Y-253.3223

G1X155.2606Y-253.1140

G1X154.0399Y-253.0064

G1X152.8382Y-253.0006

G1X151.7651Y-253.0881

G1X150.6010Y-253.2974

G1X148.9753Y-253.7761

G1X147.2906Y-254.4768

G1X145.8069Y-255.2589

G1X144.2695Y-256.2947

G1X140.6507Y-259.2636

G1X136.3066Y-263.4086

G1X131.6792Y-267.5217

G1X128.8667Y-269.6818

G1X125.8011Y-271.7184

G1X124.2612Y-272.6020

G1X122.6356Y-273.4125

G1X120.9956Y-274.1276

G1X119.4618Y-274.6849

G1X118.1454Y-275.0534

G1X116.9302Y-275.2803

G1X115.4997Y-275.4312

G1X114.2061Y-275.4427

G1X112.8429Y-275.2738

G1X111.5032Y-274.8724

G1X110.2258Y-274.2355

G1X108.9497Y-273.3386

G1X107.4043Y-271.9569

G1X105.5590Y-270.0575

G1X101.6632Y-265.0516

G1X99.9418Y-263.0454

G1X97.1613Y-260.2889

G1X94.4202Y-257.7666

G1X91.4637Y-255.3082

G1X88.6274Y-253.2701

G1X85.6120Y-251.4609

G1X82.0369Y-249.6296

G1X76.6296Y-247.2797

G1X74.5340Y-246.4875

G1X72.4889Y-245.8276

G1X69.2591Y-244.9549

G1X62.9671Y-243.4748

G1X54.7141Y-241.7898

G1X50.8465Y-240.5856

G1X49.5350Y-239.9414

G1X49.3224Y-240.0131

G1X49.3102Y-240.5934

G1X48.8143Y-241.7095

G1X48.4840Y-242.1642

G1X48.1130Y-242.4446

G1X47.1548Y-242.8543

G1X46.2522Y-243.0516

G1X45.3382Y-243.0552

G1X44.3302Y-242.8353

G1X42.1334Y-241.9251

G1X39.3733Y-240.3889

G1X37.2944Y-238.9718

G1X30.0721Y-233.7460

G1X27.6037Y-232.1135

G1X26.0417Y-231.2208

G1X24.4279Y-230.5560

G1X22.9281Y-230.2380

G1X21.5970Y-230.2580

G1X20.0000Y-230.6548

G1 Z0F20000

(Start Block)


G1X20.0000Y-96.2302
G1Z5F20000
(Plotting speed under)
G1 F4000


G1X21.3531Y-94.6748

G1X22.1982Y-93.9641

G1X23.1300Y-93.3215

G1X25.2960Y-92.1899

G1X27.8043Y-91.3546

G1X30.1931Y-90.8652

G1X33.3291Y-90.5836

G1X35.3082Y-90.5698

G1X40.6252Y-90.7514

G1X43.5625Y-90.5712

G1X44.6463Y-90.3424

G1X45.7144Y-89.9780

G1X50.0515Y-88.0330

G1X51.2452Y-87.7360

G1X52.4509Y-87.5935

G1X53.6418Y-87.6057

G1X54.8511Y-87.8014

G1X56.1831Y-88.2095

G1X57.2308Y-88.7129

G1X58.4212Y-89.4896

G1X59.3552Y-90.3297

G1X60.1740Y-91.2418

G1X61.6742Y-93.2902

G1X62.2983Y-93.6272

G1X63.0502Y-93.6294

G1X78.4166Y-89.7370

G1X82.3308Y-88.6691

G1X87.3283Y-87.1477

G1X92.8240Y-85.1902

G1X97.2492Y-83.4275

G1X99.6273Y-82.3418

G1X102.6513Y-80.6415

G1X105.3528Y-78.8858

G1X107.5357Y-77.1937

G1X109.7890Y-75.0773

G1X111.9170Y-72.7335

G1X113.7158Y-70.3826

G1X115.1838Y-67.9875

G1X116.5201Y-65.2294

G1X117.5466Y-62.5128

G1X118.1321Y-60.0907

G1X118.4859Y-57.1789

G1X118.5236Y-54.9660

G1X118.0308Y-51.7983

G1X117.4466Y-50.0863

G1X117.3870Y-49.6512

G1X117.8344Y-49.7786

G1X121.2070Y-51.4634

G1X128.1584Y-54.5871

G1X134.0448Y-57.4895

G1X136.9045Y-59.1439

G1X139.5325Y-60.7809

G1X141.6665Y-62.2431

G1X143.6017Y-63.7203

G1X145.8986Y-65.6273

G1X147.9377Y-67.4743

G1X149.8183Y-69.3500

G1X151.5699Y-71.2949

G1X153.3742Y-73.5073

G1X155.1294Y-75.8779

G1X156.6341Y-78.1134

G1X157.9061Y-80.2279

G1X159.2074Y-82.6489

G1X160.5063Y-85.3181

G1X162.2306Y-89.3532

G1X164.0036Y-94.4824

G1X165.0655Y-98.1640

G1X166.3634Y-103.5011

G1X167.7939Y-110.5897

G1X169.2248Y-118.9257

G1X170.1234Y-125.3858

G1X170.6403Y-130.9192

G1X170.7969Y-134.2593

G1X170.8130Y-137.5895

G1X170.6957Y-140.7041

G1X170.4378Y-143.9024

G1X170.0401Y-147.1246

G1X169.4673Y-150.6366

G1X167.0744Y-161.9712

G1X166.3567Y-166.1274

G1X166.0300Y-168.9431

G1X165.9515Y-170.3551

G1X166.0788Y-172.0590

G1X166.3543Y-173.5703

G1X166.8222Y-174.8108

G1X167.5225Y-175.8570

G1X168.5730Y-176.9550

G1X169.9026Y-177.9747

G1X171.3007Y-178.7339

G1X172.8387Y-179.3136

G1X174.4346Y-179.6881

G1X175.9158Y-179.8023

G1X177.5703Y-179.6692

G1X179.0487Y-179.3201

G1X180.1928Y-178.8360

G1X181.3055Y-178.0842

G1X182.3213Y-177.0721

G1X183.0002Y-176.0386

G1X183.3968Y-174.9042

G1X183.5517Y-173.5560

G1X183.4360Y-172.3310

G1X183.0782Y-171.2400

G1X182.4258Y-170.0894

G1X181.5663Y-169.0351

G1X180.6752Y-168.2451

G1X179.5025Y-167.5149

G1X178.1862Y-166.9319

G1X176.8370Y-166.5288

G1X175.4347Y-166.3216

G1X173.9738Y-166.3032

G1X172.5594Y-166.4563

G1X171.1990Y-166.7922

G1X169.9653Y-167.2902

G1X168.7578Y-167.9904

G1X167.7721Y-168.7956

G1X166.9076Y-169.7826

G1X166.1577Y-171.0103

G1X165.6173Y-172.3751

G1X165.2907Y-173.8690

G1X165.1005Y-175.7463

G1X165.0740Y-178.0501

G1X165.5788Y-186.4848

G1X165.6589Y-188.9881

G1X165.5234Y-193.0993

G1X165.2091Y-196.6691

G1X164.7814Y-199.3723

G1X164.1043Y-202.3533

G1X163.2256Y-205.3680

G1X162.2387Y-208.1029

G1X160.6338Y-211.5743

G1X158.5120Y-215.3115

G1X156.3441Y-218.3674

G1X155.0019Y-220.0265

G1X153.8672Y-221.2827

G1X151.2247Y-223.7593

G1X150.0453Y-224.6739

G1X148.7347Y-225.5465

G1X147.4845Y-226.2546

G1X146.2681Y-226.8056

G1X144.8623Y-227.3073

G1X143.5854Y-227.6362

G1X140.7913Y-228.0557

G1X131.8621Y-228.5155

G1X129.0313Y-228.7896

G1X126.4262Y-229.1508

G1X122.5794Y-229.8741

G1X118.1773Y-230.9332

G1X112.4610Y-232.5358

G1X104.2723Y-235.0165

G1X102.8342Y-235.3713

G1X100.8027Y-235.6753

G1X98.6973Y-235.7937

G1X96.8862Y-235.7175

G1X94.8024Y-235.4493

G1X92.6477Y-235.0147

G1X90.0346Y-234.2990

G1X87.4443Y-233.4331

G1X84.4889Y-232.3136

G1X81.1198Y-230.8905

G1X78.0973Y-229.4855

G1X75.3771Y-228.1030

G1X72.5701Y-226.5252

G1X68.5936Y-223.9737

G1X64.7944Y-221.1525

G1X61.3112Y-218.2708

G1X54.3195Y-212.1661

G1X51.4015Y-209.8227

G1X48.5577Y-207.8799

G1X47.6208Y-207.3715

G1X46.3078Y-206.8029

G1X44.7798Y-206.4136

G1X43.9994Y-206.3771

G1X43.2164Y-206.4440

G1X40.9710Y-206.8820

G1X37.7777Y-207.7675

G1X34.2801Y-208.5491

G1X32.2402Y-208.8502

G1X29.5474Y-209.0472

G1X27.1912Y-209.0302

G1X24.6954Y-208.7852

G1X22.3095Y-208.3492

G1X20.0000Y-207.7027

G1 Z0F20000

(Start Block)


G1X20.0000Y-95.6332
G1Z5F20000
(Plotting speed under)
G1 F4000


G1X21.2863Y-94.1784

G1X22.8221Y-92.6302

G1X24.7392Y-90.8493

G1X26.8158Y-89.0618

G1X30.9251Y-85.8037

G1X37.0026Y-81.4219

G1X38.0968Y-80.5468

G1X38.6993Y-79.9022

G1X39.1781Y-79.1679

G1X39.8714Y-77.4774

G1X40.4538Y-76.3505

G1X40.8669Y-75.7244

G1X42.2742Y-74.3786

G1X43.7165Y-73.4515

G1X44.8631Y-72.9496

G1X46.1745Y-72.4965

G1X49.3481Y-71.7266

G1X51.8592Y-71.3532

G1X62.8879Y-70.1444

G1X66.0381Y-69.7098

G1X72.6735Y-68.3834

G1X75.3654Y-67.7195

G1X77.7497Y-67.0288

G1X80.4161Y-66.1045

G1X83.2229Y-64.9815

G1X86.1142Y-63.6829

G1X88.9150Y-62.2844

G1X91.3240Y-60.9543

G1X93.3723Y-59.6895

G1X95.5929Y-58.1703

G1X98.0156Y-56.3629

G1X103.6790Y-51.7254

G1X105.4163Y-50.1146

G1X106.8157Y-48.6373

G1X108.1735Y-46.9515

G1X109.5065Y-44.9825

G1X110.7534Y-42.8139

G1X111.8091Y-40.6375

G1X112.6595Y-38.4658

G1X113.2109Y-36.3761

G1X113.5864Y-33.9263

G1X113.7713Y-31.0852

G1X113.6984Y-29.6449

G1X113.3824Y-27.9727

G1X112.7747Y-25.7927

G1X112.1183Y-24.5593

G1X112.0899Y-24.3429

G1X114.3745Y-25.5873

G1X116.3193Y-26.4301

G1X120.5105Y-27.9436

G1X126.5429Y-29.9058

G1X132.7708Y-32.0786

G1X137.1946Y-33.8662

G1X141.3422Y-35.7386

G1X145.7387Y-38.0487

G1X150.1633Y-40.7171

G1X153.9843Y-43.3546

G1X157.7945Y-46.3494

G1X161.5503Y-49.6642

G1X165.0428Y-53.1529

G1X168.4435Y-56.9536

G1X171.6301Y-60.9764

G1X174.3837Y-64.8158

G1X177.3052Y-69.3592

G1X179.1093Y-72.3395

G1X184.1708Y-81.1336

G1X185.7444Y-83.6742

G1X188.0844Y-87.0367

G1X190.0003Y-89.2562

G1 Z0F20000

(Start Block)


G1X160.0881Y-20.0000
G1Z5F20000
(Plotting speed under)
G1 F4000


G1X160.7396Y-22.2328

G1X161.3345Y-23.6802

G1X162.0404Y-24.8197

G1X163.1351Y-26.0422

G1X164.4801Y-27.1306

G1X165.9412Y-27.9637

G1X167.6072Y-28.6137

G1X169.4772Y-29.0792

G1X171.7330Y-29.3822

G1X174.3023Y-29.4941

G1X176.8463Y-29.3990

G1X179.3050Y-29.1030

G1X181.5382Y-28.6198

G1X184.1361Y-27.8527

G1X186.9694Y-26.8324

G1X190.0003Y-25.5703

G1 Z0F20000

(Start Block)


G1X159.4325Y-20.0000
G1Z5F20000
(Plotting speed under)
G1 F4000


G1X160.0261Y-22.0893

G1X160.6358Y-23.5490

G1X161.7679Y-25.4069

G1X162.9604Y-26.8496

G1X164.2184Y-27.9135

G1X165.6353Y-28.7330

G1X167.2399Y-29.3535

G1X169.2170Y-29.8428

G1X171.5887Y-30.1617

G1X174.1761Y-30.2433

G1X176.4476Y-30.0901

G1X179.0428Y-29.6753

G1X182.4137Y-28.8676

G1X185.7501Y-27.8080

G1X187.7089Y-26.9825

G1X190.0003Y-25.7429

G1 Z0F20000

(Start Block)


G1X158.8222Y-20.0000
G1Z5F20000
(Plotting speed under)
G1 F4000


G1X159.4832Y-21.9344

G1X160.7877Y-24.7972

G1X161.6697Y-26.3252

G1X162.6635Y-27.5626

G1X163.8175Y-28.5435

G1X165.3336Y-29.4214

G1X167.0627Y-30.0993

G1X168.9612Y-30.5781

G1X171.4233Y-30.8925

G1X173.8652Y-30.9065

G1X176.8194Y-30.6285

G1X179.9106Y-30.0799

G1X182.2473Y-29.4889

G1X184.3053Y-28.7545

G1X186.6136Y-27.7126

G1X190.0003Y-25.9805

G1 Z0F20000

(Start Block)


G1X158.4530Y-20.0000
G1Z5F20000
(Plotting speed under)
G1 F4000


G1X160.4883Y-25.3426

G1X161.1822Y-26.6292

G1X161.9999Y-27.7035

G1X163.2993Y-28.9174

G1X164.8595Y-29.9388

G1X166.6166Y-30.7087

G1X168.5501Y-31.2382

G1X170.7562Y-31.5250

G1X173.3050Y-31.5662

G1X176.1500Y-31.3483

G1X178.7652Y-30.9130

G1X181.1142Y-30.2558

G1X183.9489Y-29.2126

G1X187.9133Y-27.5205

G1X190.0003Y-26.3908

G1 Z0F20000

(Start Block)


G1X158.1914Y-20.0000
G1Z5F20000
(Plotting speed under)
G1 F4000


G1X159.2484Y-23.4007

G1X159.9128Y-25.1274

G1X160.7007Y-26.5644

G1X161.8869Y-28.1904

G1X163.1949Y-29.5147

G1X164.6102Y-30.5166

G1X166.2786Y-31.3031

G1X168.0771Y-31.8113

G1X170.3740Y-32.1403

G1X173.0025Y-32.2149

G1X175.3216Y-32.0502

G1X177.8931Y-31.5727

G1X181.1065Y-30.6822

G1X184.5983Y-29.4712

G1X186.4564Y-28.6005

G1X190.0003Y-26.6659

G1 Z0F20000

(Start Block)


G1X157.6986Y-20.0000
G1Z5F20000
(Plotting speed under)
G1 F4000


G1X158.5313Y-22.4535

G1X159.2149Y-24.0828

G1X160.8333Y-27.1848

G1X162.0733Y-29.0117

G1X163.1522Y-30.1303

G1X164.4481Y-31.0547

G1X166.0236Y-31.8049

G1X167.8566Y-32.3595

G1X170.1253Y-32.7288

G1X172.4871Y-32.8187

G1X175.0827Y-32.5796

G1X178.0470Y-32.0321

G1X180.4665Y-31.4292

G1X182.0610Y-30.8973

G1X187.2599Y-28.5632

G1X190.0003Y-27.4528

G1 Z0F20000

(Start Block)


G1X157.3976Y-20.0000
G1Z5F20000
(Plotting speed under)
G1 F4000


G1X160.4264Y-26.9540

G1X161.1254Y-28.2482

G1X161.8358Y-29.2511

G1X163.1121Y-30.5409

G1X164.4857Y-31.5317

G1X166.0747Y-32.3274

G1X167.9000Y-32.9230

G1X169.7783Y-33.2540

G1X171.9919Y-33.3309

G1X174.6093Y-33.1521

G1X177.4421Y-32.7213

G1X178.9399Y-32.3382

G1X180.6376Y-31.7840

G1X185.8784Y-29.8628

G1X188.8964Y-28.6321

G1X190.0003Y-28.2726

G1 Z0F20000

(Start Block)


G1X157.3129Y-20.0000
G1Z5F20000
(Plotting speed under)
G1 F4000


G1X159.7188Y-26.0283

G1X160.4576Y-27.4098

G1X161.5844Y-29.0503

G1X162.8508Y-30.5340

G1X164.2211Y-31.7256

G1X165.7662Y-32.6566

G1X167.2696Y-33.2319

G1X169.0172Y-33.6052

G1X170.9642Y-33.7861

G1X173.4461Y-33.7805

G1X175.2151Y-33.5987

G1X177.7478Y-33.0622

G1X182.1266Y-31.8527

G1X187.2991Y-30.0410

G1X188.4760Y-29.7975

G1X190.0003Y-29.6337

G1 Z0F20000

(Start Block)


G1X156.8814Y-20.0000
G1Z5F20000
(Plotting speed under)
G1 F4000


G1X158.9029Y-24.3358

G1X161.0679Y-28.2371

G1X162.2821Y-30.0991

G1X163.2200Y-31.1933

G1X164.2935Y-32.1075

G1X165.5899Y-32.8861

G1X166.9800Y-33.4608

G1X168.6372Y-33.9097

G1X170.6418Y-34.2268

G1X172.0860Y-34.2876

G1X173.7029Y-34.1904

G1X175.8584Y-33.8976

G1X179.1374Y-33.2976

G1X183.8494Y-31.9190

G1X185.1986Y-31.5974

G1X188.0010Y-31.1744

G1X190.0003Y-31.1492

G1 Z0F20000

(Start Block)


G1X156.6305Y-20.0000
G1Z5F20000
(Plotting speed under)
G1 F4000


G1X158.1712Y-22.7528

G1X160.6119Y-27.7408

G1X161.8882Y-29.7615

G1X163.0944Y-31.1168

G1X164.4147Y-32.2601

G1X165.8845Y-33.2000

G1X167.4480Y-33.9117

G1X168.7382Y-34.3144

G1X170.1152Y-34.5407

G1X171.7578Y-34.6304

G1X173.7278Y-34.5851

G1X176.7621Y-34.3223

G1X181.6962Y-33.2786

G1X185.9272Y-32.6123

G1X187.8226Y-32.5344

G1X190.0003Y-32.7841

G1 Z0F20000

(Start Block)


G1X156.4145Y-20.0000
G1Z5F20000
(Plotting speed under)
G1 F4000


G1X159.5759Y-26.0204

G1X160.3144Y-27.2039

G1X162.0784Y-29.7154

G1X163.2752Y-31.1945

G1X164.4535Y-32.3754

G1X165.6769Y-33.3007

G1X166.8494Y-33.9211

G1X168.0873Y-34.3642

G1X169.4672Y-34.6874

G1X171.1678Y-34.9329

G1X173.0573Y-35.0893

G1X175.5084Y-34.9656

G1X183.2753Y-33.9750

G1X184.7090Y-33.8537

G1X187.8088Y-33.9397

G1X188.9688Y-34.1229

G1X190.0003Y-34.4105

G1 Z0F20000

(Start Block)


G1X155.8926Y-20.0000
G1Z5F20000
(Plotting speed under)
G1 F4000


G1X159.0478Y-24.9365

G1X161.4378Y-28.8769

G1X162.6541Y-30.6149

G1X163.5054Y-31.5812

G1X164.5881Y-32.5507

G1X165.6960Y-33.3316

G1X167.0043Y-34.0419

G1X168.2528Y-34.5637

G1X169.6226Y-35.0210

G1X170.6047Y-35.2534

G1X171.7166Y-35.4060

G1X173.4637Y-35.4921

G1X176.7011Y-35.4735

G1X181.6397Y-35.0549

G1X185.4038Y-34.9896

G1X186.5865Y-35.0931

G1X187.5703Y-35.2919

G1X188.8332Y-35.6897

G1X190.0003Y-36.1835

G1 Z0F20000

(Start Block)


G1X155.5909Y-20.0000
G1Z5F20000
(Plotting speed under)
G1 F4000


G1X157.1254Y-22.2632

G1X160.2252Y-27.2991

G1X161.7072Y-29.3157

G1X163.2467Y-31.0938

G1X164.5988Y-32.4347

G1X165.9688Y-33.5479

G1X167.3902Y-34.4434

G1X168.6175Y-34.9858

G1X169.9750Y-35.3931

G1X171.5428Y-35.7047

G1X173.8968Y-36.0294

G1X175.7413Y-36.0886

G1X182.7313Y-35.9088

G1X184.6031Y-36.0373

G1X186.1331Y-36.3627

G1X187.5212Y-36.7985

G1X188.8125Y-37.3610

G1X190.0003Y-38.0294

G1 Z0F20000

(Start Block)


G1X154.9503Y-20.0000
G1Z5F20000
(Plotting speed under)
G1 F4000


G1X158.1684Y-24.5022

G1X163.1130Y-31.0637

G1X164.0174Y-32.0659

G1X164.9015Y-32.8907

G1X165.9491Y-33.6979

G1X167.0008Y-34.3589

G1X168.2328Y-34.9816

G1X169.5587Y-35.5185

G1X170.9336Y-35.9783

G1X172.1452Y-36.2445

G1X173.6721Y-36.4232

G1X177.0803Y-36.6276

G1X181.3324Y-36.6846

G1X184.3712Y-37.1979

G1X185.7078Y-37.5959

G1X187.0409Y-38.1627

G1X188.5020Y-38.9786

G1X190.0003Y-40.0057

G1 Z0F20000

(Start Block)


G1X154.2482Y-20.0000
G1Z5F20000
(Plotting speed under)
G1 F4000


G1X156.7833Y-23.0295

G1X160.5738Y-28.2286

G1X162.0359Y-30.0375

G1X163.5094Y-31.5938

G1X164.8847Y-32.8887

G1X166.1574Y-33.9240

G1X167.4386Y-34.7967

G1X168.3757Y-35.3231

G1X169.3369Y-35.7385

G1X171.5592Y-36.3563

G1X174.6605Y-36.9079

G1X179.1179Y-37.2433

G1X181.6843Y-37.6650

G1X183.3134Y-38.0790

G1X184.9521Y-38.7324

G1X186.6553Y-39.6337

G1X188.2820Y-40.7098

G1X190.0003Y-42.0782

G1 Z0F20000

(Start Block)


G1X153.4891Y-20.0000
G1Z5F20000
(Plotting speed under)
G1 F4000


G1X158.4288Y-25.9740

G1X162.9505Y-31.2413

G1X164.6801Y-33.0058

G1X166.2695Y-34.2486

G1X167.2624Y-34.8517

G1X168.4219Y-35.4261

G1X171.4737Y-36.5686

G1X172.8844Y-36.9031

G1X175.8359Y-37.3557

G1X179.5675Y-38.0739

G1X180.9125Y-38.4342

G1X182.3827Y-38.9911

G1X184.3346Y-39.9309

G1X186.1252Y-41.0407

G1X188.0182Y-42.4865

G1X190.0003Y-44.2654

G1 Z0F20000

(Start Block)


G1X152.3464Y-20.0000
G1Z5F20000
(Plotting speed under)
G1 F4000


G1X156.5110Y-24.3368

G1X161.8626Y-30.5636

G1X163.7780Y-32.3574

G1X165.7850Y-33.9298

G1X168.0284Y-35.3428

G1X169.7390Y-36.1454

G1X174.0955Y-37.4441

G1X178.0124Y-38.4556

G1X180.1363Y-39.2618

G1X181.9304Y-40.0990

G1X183.8492Y-41.2431

G1X185.8986Y-42.7463

G1X187.9729Y-44.5379

G1X190.0003Y-46.5489

G1 Z0F20000

(Start Block)


G1X151.2051Y-20.0000
G1Z5F20000
(Plotting speed under)
G1 F4000


G1X153.4764Y-22.1782

G1X158.1383Y-27.1113

G1X161.3947Y-30.3439

G1X163.5401Y-32.3733

G1X165.1909Y-33.7349

G1X166.8495Y-34.8311

G1X168.8131Y-35.8316

G1X171.5022Y-36.9990

G1X175.0050Y-38.1903

G1X177.1435Y-39.0541

G1X179.0640Y-39.9228

G1X180.6945Y-40.8246

G1X183.0263Y-42.3917

G1X185.3046Y-44.2220

G1X187.5715Y-46.3490

G1X190.0003Y-48.9289

G1 Z0F20000

(Start Block)


G1X149.6706Y-20.0000
G1Z5F20000
(Plotting speed under)
G1 F4000


G1X155.6881Y-25.3848

G1X161.1301Y-30.7026

G1X163.4060Y-32.6159

G1X165.6966Y-34.2662

G1X168.2001Y-35.8220

G1X176.3899Y-39.7008

G1X178.2370Y-40.7597

G1X180.3070Y-42.1245

G1X182.6255Y-43.9068

G1X185.1097Y-46.1367

G1X187.5943Y-48.6660

G1X190.0003Y-51.4129

G1 Z0F20000

(Start Block)


G1X147.9412Y-20.0000
G1Z5F20000
(Plotting speed under)
G1 F4000


G1X151.8260Y-23.0221

G1X157.9137Y-28.4327

G1X162.1490Y-32.0551

G1X164.3969Y-33.8315

G1X167.1397Y-35.6294

G1X174.7137Y-39.9097

G1X177.5466Y-41.7616

G1X179.7785Y-43.4379

G1X182.3298Y-45.6345

G1X184.7882Y-48.0216

G1X187.3402Y-50.7973

G1X190.0003Y-53.9758

G1 Z0F20000

(Start Block)


G1X145.9702Y-20.0000
G1Z5F20000
(Plotting speed under)
G1 F4000


G1X149.1786Y-22.3050

G1X153.7773Y-25.8611

G1X160.0118Y-31.1040

G1X162.7887Y-33.2612

G1X166.9209Y-36.1809

G1X171.1637Y-38.8587

G1X174.2114Y-40.9089

G1X176.0879Y-42.2712

G1X178.0104Y-43.8130

G1X181.0356Y-46.5006

G1X183.9890Y-49.4918

G1X186.9842Y-52.8735

G1X190.0003Y-56.6649

G1 Z0F20000

(Start Block)


G1X143.4697Y-20.0000
G1Z5F20000
(Plotting speed under)
G1 F4000


G1X147.5334Y-22.5692

G1X150.5853Y-24.6892

G1X162.7054Y-34.1137

G1X171.9815Y-40.7479

G1X175.8982Y-43.8728

G1X179.4153Y-47.0715

G1X183.0455Y-50.8356

G1X186.3924Y-54.7561

G1X190.0003Y-59.4293

G1 Z0F20000

(Start Block)


G1X140.5423Y-20.0000
G1Z5F20000
(Plotting speed under)
G1 F4000


G1X143.2782Y-21.4912

G1X145.9099Y-23.0756

G1X149.0501Y-25.1220

G1X152.5777Y-27.5524

G1X168.8481Y-39.8753

G1X173.3259Y-43.5171

G1X175.3790Y-45.3371

G1X177.6662Y-47.5188

G1X181.6990Y-51.7682

G1X185.9822Y-56.9124

G1X190.0003Y-62.3298

G1 Z0F20000

(Start Block)


G1X136.9604Y-20.0000
G1Z5F20000
(Plotting speed under)
G1 F4000


G1X140.5652Y-21.7639

G1X144.2170Y-23.7389

G1X147.4203Y-25.6344

G1X150.6729Y-27.7690

G1X155.0514Y-30.8377

G1X158.1107Y-33.1141

G1X165.4279Y-38.7584

G1X170.1978Y-42.6737

G1X172.7511Y-44.9386

G1X175.5651Y-47.6186

G1X177.9027Y-50.0165

G1X180.3073Y-52.6745

G1X182.7201Y-55.5276

G1X184.7754Y-58.1299

G1X187.8193Y-62.2301

G1X190.0003Y-65.3367

G1 Z0F20000

(Start Block)


G1X132.4985Y-20.0000
G1Z5F20000
(Plotting speed under)
G1 F4000


G1X137.0288Y-21.8897

G1X140.9684Y-23.7561

G1X144.9675Y-25.9202

G1X149.3099Y-28.5265

G1X152.9978Y-30.9887

G1X158.1705Y-34.7374

G1X162.1169Y-37.7897

G1X166.5405Y-41.3987

G1X169.7741Y-44.2316

G1X173.0557Y-47.3236

G1X175.9296Y-50.2713

G1X178.7543Y-53.4082

G1X181.3912Y-56.5766

G1X184.2709Y-60.3209

G1X186.3519Y-63.1838

G1X190.0003Y-68.4571

G1 Z0F20000

(Start Block)


G1X127.0255Y-20.0000
G1Z5F20000
(Plotting speed under)
G1 F4000


G1X132.0511Y-21.7508

G1X136.0233Y-23.3508

G1X140.7139Y-25.5069

G1X145.0230Y-27.7610

G1X149.2117Y-30.2577

G1X153.6635Y-33.1832

G1X157.9672Y-36.3308

G1X162.6962Y-40.0494

G1X166.6980Y-43.4759

G1X170.3084Y-46.8210

G1X173.7769Y-50.3445

G1X176.9707Y-53.8897

G1X179.7981Y-57.3248

G1X182.8628Y-61.3447

G1X186.8031Y-66.9766

G1X190.0003Y-71.7444

G1 Z0F20000

(Start Block)


G1X120.6270Y-20.0000
G1Z5F20000
(Plotting speed under)
G1 F4000


G1X127.4961Y-22.1205

G1X132.0740Y-23.7461

G1X136.9736Y-25.7036

G1X141.4445Y-27.7927

G1X146.0079Y-30.2107

G1X150.1703Y-32.7190

G1X155.2048Y-36.1354

G1X159.3975Y-39.3015

G1X163.7800Y-42.9332

G1X167.7163Y-46.5120

G1X171.5565Y-50.3615

G1X175.1326Y-54.3264

G1X178.3879Y-58.3166

G1X181.2928Y-62.1991

G1X184.5482Y-66.8887

G1X190.0003Y-75.1202

G1 Z0F20000

(Start Block)


G1X114.4399Y-20.0000
G1Z5F20000
(Plotting speed under)
G1 F4000


G1X118.4437Y-21.3262

G1X124.5569Y-23.1931

G1X130.5676Y-25.1874

G1X135.1843Y-26.9603

G1X139.7249Y-28.9274

G1X144.4938Y-31.3302

G1X149.3818Y-34.1569

G1X153.6114Y-36.9464

G1X158.1111Y-40.2754

G1X162.3488Y-43.7627

G1X166.6555Y-47.7114

G1X170.6045Y-51.7488

G1X174.1851Y-55.8340

G1X177.3700Y-59.8403

G1X180.6648Y-64.4242

G1X190.0003Y-78.6232

G1 Z0F20000

(Start Block)


G1X190.0003Y-169.4285
G1Z5F20000
(Plotting speed under)
G1 F4000


G1X188.6297Y-169.1721

G1X187.3703Y-169.0463

G1X185.8628Y-169.0136

G1X184.3236Y-169.0885

G1X182.8047Y-169.2609

G1X181.2652Y-169.5408

G1X179.9550Y-169.8844

G1X178.5662Y-170.3620

G1X177.1450Y-170.9699

G1X175.8379Y-171.6472

G1X174.6750Y-172.3741

G1X173.6600Y-173.1468

G1X172.7584Y-173.9829

G1X171.9871Y-174.8693

G1X171.3625Y-175.7927

G1X170.8867Y-176.7607

G1X170.5391Y-177.8673

G1X170.3597Y-179.0407

G1X170.3398Y-180.5290

G1X170.4729Y-181.6689

G1X170.8146Y-183.1388

G1X171.9629Y-187.1107

G1X173.3211Y-191.3699

G1X173.8955Y-193.4266

G1X174.5055Y-196.5134

G1X175.0271Y-200.0408

G1X175.2741Y-202.7113

G1X175.3438Y-205.1002

G1X175.2328Y-207.6702

G1X174.9459Y-210.4701

G1X174.3418Y-214.0864

G1X173.5193Y-217.4643

G1X172.5396Y-220.3883

G1X171.1817Y-223.5993

G1X169.4240Y-227.0938

G1X167.8776Y-229.7108

G1X165.9048Y-232.4912

G1X163.2075Y-235.8171

G1X160.8480Y-238.2558

G1X157.9666Y-240.7419

G1X155.7765Y-242.1954

G1X154.5953Y-242.8161

G1X153.6024Y-243.2237

G1X152.2748Y-243.6020

G1X150.8082Y-243.8756

G1X145.0373Y-244.1215

G1X142.8561Y-244.2910

G1X140.6141Y-244.5763

G1X137.9836Y-245.1087

G1X135.6119Y-245.7335

G1X133.2409Y-246.4958

G1X122.5421Y-250.3935

G1X120.0974Y-251.1154

G1X118.1135Y-251.6060

G1X116.6437Y-251.8687

G1X114.7931Y-252.0739

G1X113.3715Y-252.1291

G1X112.0701Y-252.0663

G1X110.5015Y-251.8351

G1X109.1539Y-251.5024

G1X107.9089Y-251.0546

G1X106.6694Y-250.4550

G1X104.7063Y-249.1991

G1X102.4945Y-247.4031

G1X97.7860Y-242.6047

G1X94.0955Y-239.0514

G1X91.7073Y-236.9251

G1X87.5065Y-233.6713

G1X83.0858Y-230.6975

G1X78.5541Y-228.1289

G1X73.4518Y-225.6119

G1X67.7150Y-223.1691

G1X54.9795Y-218.1492

G1X51.3188Y-216.5278

G1X47.9429Y-214.8779

G1X43.5551Y-212.4822

G1X39.4104Y-209.9328

G1X36.1788Y-207.6809

G1X33.0240Y-205.0661

G1X32.6419Y-204.8331

G1X32.3430Y-204.7764

G1X31.9677Y-204.9146

G1X31.1615Y-205.5826

G1X29.8219Y-206.3551

G1X29.1930Y-206.5542

G1X28.3360Y-206.6715

G1X26.6392Y-206.6386

G1X23.7808Y-206.0124

G1X20.0000Y-205.7277

G1 Z0F20000

(Start Block)


G1X20.0000Y-95.6195
G1Z5F20000
(Plotting speed under)
G1 F4000


G1X21.9887Y-97.0347

G1X24.7535Y-99.8076

G1X25.1897Y-100.0092

G1X25.6364Y-99.9596

G1X26.6180Y-99.3750

G1X27.3946Y-98.7641

G1X31.8195Y-94.5427

G1X34.7270Y-92.0042

G1X37.1796Y-90.0653

G1X41.2342Y-87.0442

G1X41.8062Y-86.2554

G1X42.4213Y-84.3397

G1X42.8763Y-83.3052

G1X43.2813Y-82.6639

G1X43.9696Y-81.8969

G1X44.7020Y-81.2355

G1X45.4254Y-80.7289

G1X46.4230Y-80.1956

G1X48.7293Y-79.2891

G1X51.4240Y-78.6185

G1X56.2182Y-77.8687

G1X63.4205Y-77.0562

G1X70.6276Y-75.9816

G1X74.9022Y-75.0993

G1X80.2952Y-73.6323

G1X85.3686Y-71.8969

G1X90.0520Y-69.8573

G1X93.2090Y-68.2767

G1X96.9004Y-66.2830

G1X99.4356Y-64.8272

G1X101.5073Y-63.5055

G1X103.5876Y-61.9747

G1X106.0371Y-59.8937

G1X108.0948Y-57.9066

G1X109.7779Y-56.0274

G1X111.0959Y-54.2855

G1X112.3633Y-52.2655

G1X113.5216Y-50.0558

G1X114.5535Y-47.6777

G1X115.2813Y-45.5610

G1X115.7480Y-43.4307

G1X116.0101Y-40.9805

G1X116.0540Y-38.2659

G1X115.7544Y-36.2379

G1X114.9442Y-33.7049

G1X114.5077Y-32.8621

G1X113.7545Y-31.9843

G1X113.8042Y-32.1348

G1X114.0742Y-32.4038

G1X115.3797Y-33.3072

G1X116.3449Y-33.8386

G1X117.9744Y-34.5856

G1X121.2023Y-35.8635

G1X130.2291Y-38.9927

G1X133.3352Y-40.1469

G1X138.6533Y-42.4316

G1X142.5549Y-44.3605

G1X147.1773Y-47.0873

G1X151.1950Y-49.8322

G1X154.8015Y-52.7406

G1X158.3753Y-56.0689

G1X161.1387Y-58.9770

G1X163.5686Y-61.8863

G1X166.4138Y-65.7325

G1X168.7135Y-69.2281

G1X170.5823Y-72.4445

G1X172.6733Y-76.3335

G1X177.9737Y-87.6041

G1X179.5768Y-90.6940

G1X181.5509Y-93.9929

G1X184.1967Y-97.5775

G1X186.5101Y-101.0946

G1X188.4300Y-104.4886

G1X190.0003Y-107.7539

G1 Z0F20000

(Start Block)


G1X190.0003Y-169.4332
G1Z5F20000
(Plotting speed under)
G1 F4000


G1X188.7671Y-169.0688

G1X187.3046Y-168.7864

G1X185.7623Y-168.6188

G1X184.0976Y-168.5648

G1X182.5826Y-168.6290

G1X181.2759Y-168.7880

G1X179.7507Y-169.1003

G1X178.2605Y-169.5247

G1X176.7666Y-170.0704

G1X175.4238Y-170.6850

G1X174.2177Y-171.3784

G1X173.1156Y-172.1573

G1X172.1445Y-172.9985

G1X171.3205Y-173.8923

G1X170.6118Y-174.9021

G1X170.1164Y-175.8796

G1X169.7397Y-177.0133

G1X169.5308Y-178.2129

G1X169.5080Y-179.3888

G1X169.6595Y-180.7170

G1X170.4605Y-184.3817

G1X171.8524Y-188.8045

G1X172.3989Y-190.8360

G1X173.4495Y-195.7820

G1X173.9555Y-199.1680

G1X174.1106Y-201.4493

G1X174.1235Y-204.3733

G1X173.9852Y-207.2056

G1X173.7133Y-209.8446

G1X173.1690Y-213.0034

G1X172.3182Y-216.2410

G1X171.1223Y-219.7026

G1X169.6006Y-223.2925

G1X168.2876Y-225.8217

G1X166.5640Y-228.6067

G1X164.1736Y-231.9886

G1X162.3700Y-234.1773

G1X159.2233Y-237.3901

G1X157.1514Y-239.1688

G1X154.5251Y-240.9468

G1X153.3972Y-241.5280

G1X152.1438Y-242.0283

G1X150.8796Y-242.4066

G1X149.4844Y-242.6449

G1X147.7728Y-242.8233

G1X141.5714Y-243.1645

G1X139.0815Y-243.5014

G1X136.7464Y-243.9469

G1X132.2666Y-245.1514

G1X123.4512Y-248.1052

G1X120.5412Y-248.9644

G1X118.6016Y-249.4463

G1X116.4198Y-249.8432

G1X114.6324Y-250.0558

G1X113.0541Y-250.1087

G1X111.3474Y-250.0274

G1X109.8607Y-249.8202

G1X108.4043Y-249.4589

G1X106.8346Y-248.9078

G1X105.4545Y-248.2569

G1X103.8811Y-247.2807

G1X102.3085Y-246.0192

G1X99.0966Y-243.0734

G1X94.7639Y-238.8558

G1X90.4330Y-235.1251

G1X86.7319Y-232.3001

G1X82.5147Y-229.5123

G1X78.3328Y-227.0785

G1X72.8981Y-224.3408

G1X67.0882Y-221.7670

G1X56.9678Y-217.4962

G1X53.1694Y-215.7434

G1X49.7524Y-214.0193

G1X45.8546Y-211.8599

G1X42.0208Y-209.5175

G1X39.1765Y-207.6159

G1X35.2169Y-204.6378

G1X34.5001Y-204.2088

G1X34.1414Y-204.1113

G1X33.7827Y-204.1523

G1X31.7071Y-205.3929

G1X30.8467Y-205.6656

G1X29.8195Y-205.8474

G1X28.6680Y-205.8923

G1X26.0156Y-205.6224

G1X20.0000Y-205.8581

G1 Z0F20000

(Start Block)


G1X20.0000Y-95.1887
G1Z5F20000
(Plotting speed under)
G1 F4000


G1X21.3291Y-94.1378

G1X22.7913Y-93.2900

G1X24.5989Y-92.5464

G1X26.4388Y-92.0215

G1X28.8330Y-91.6485

G1X31.2473Y-91.5133

G1X34.5458Y-91.6698

G1X39.8055Y-92.1891

G1X40.8857Y-92.1999

G1X41.9740Y-92.0877

G1X43.2265Y-91.8129

G1X44.3578Y-91.3916

G1X46.8889Y-89.8131

G1X48.7731Y-88.9230

G1X49.9936Y-88.5236

G1X51.3191Y-88.3360

G1X52.4986Y-88.3489

G1X53.4964Y-88.4916

G1X54.6526Y-88.8439

G1X55.6644Y-89.3135

G1X56.5353Y-89.9046

G1X57.3158Y-90.5832

G1X59.1357Y-92.9743

G1X59.4025Y-93.1057

G1X59.7543Y-93.1121

G1X63.9159Y-91.7590

G1X66.0591Y-91.1467

G1X77.7595Y-88.3054

G1X81.6436Y-87.2814

G1X86.9115Y-85.6905

G1X91.6816Y-84.0171

G1X95.1725Y-82.6307

G1X99.8767Y-80.5431

G1X102.1084Y-79.3616

G1X104.2789Y-77.9557

G1X107.0992Y-75.8459

G1X109.4676Y-73.7478

G1X111.5112Y-71.5318

G1X113.5039Y-68.9269

G1X115.2413Y-66.1770

G1X116.4336Y-63.7542

G1X117.5046Y-60.7315

G1X118.2591Y-57.5964

G1X118.4725Y-55.1009

G1X118.3396Y-51.9077

G1X117.9930Y-50.2803

G1X117.4536Y-48.5885

G1X117.0622Y-47.7640

G1X117.0827Y-47.6513

G1X120.6778Y-49.4898

G1X130.5096Y-53.8134

G1X134.6490Y-55.8771

G1X137.3829Y-57.3824

G1X140.6776Y-59.4705

G1X143.5718Y-61.4973

G1X146.0856Y-63.4842

G1X148.5985Y-65.7484

G1X151.0322Y-68.1895

G1X153.2539Y-70.6890

G1X155.1212Y-73.0770

G1X156.9786Y-75.7698

G1X158.8687Y-78.8504

G1X160.4186Y-81.7118

G1X161.8758Y-84.8916

G1X163.6972Y-89.3948

G1X164.7403Y-92.3351

G1X165.9692Y-96.2398

G1X167.0643Y-100.1272

G1X168.5016Y-105.8739

G1X169.9840Y-112.5034

G1X171.1881Y-118.5292

G1X171.9563Y-123.0849

G1X172.4529Y-126.8588

G1X172.7791Y-130.4567

G1X172.9364Y-134.0612

G1X172.9171Y-137.2704

G1X172.7452Y-140.4778

G1X172.4149Y-143.6745

G1X171.9357Y-146.8686

G1X170.7438Y-152.5372

G1X167.8434Y-163.5670

G1X166.9909Y-167.9510

G1X166.6557Y-170.6692

G1X166.6248Y-171.9653

G1X166.8612Y-173.3158

G1X167.3702Y-174.7364

G1X168.0798Y-175.9978

G1X168.9090Y-177.0052

G1X170.1869Y-178.1306

G1X171.5885Y-179.0569

G1X172.9617Y-179.7187

G1X174.4898Y-180.2169

G1X176.1038Y-180.5354

G1X177.6729Y-180.6294

G1X179.0804Y-180.4850

G1X180.5902Y-180.0966

G1X181.8695Y-179.5476

G1X182.8983Y-178.8617

G1X183.8314Y-177.9113

G1X184.6071Y-176.7203

G1X185.0414Y-175.5659

G1X185.1778Y-174.3033

G1X185.0375Y-172.9718

G1X184.6813Y-171.7951

G1X184.0883Y-170.7067

G1X183.2630Y-169.6916

G1X182.1828Y-168.7103

G1X181.0095Y-167.9317

G1X179.6442Y-167.3221

G1X178.1517Y-166.8853

G1X176.5579Y-166.6272

G1X175.1282Y-166.5947

G1X173.5723Y-166.7629

G1X172.0089Y-167.1377

G1X170.6841Y-167.6630

G1X169.4291Y-168.3937

G1X168.3380Y-169.2828

G1X167.5017Y-170.2398

G1X166.7846Y-171.4245

G1X166.2540Y-172.7622

G1X165.9364Y-174.0929

G1X165.7843Y-175.7084

G1X165.8344Y-179.2296

G1X166.3686Y-184.5872

G1X166.7258Y-190.5617

G1X166.7149Y-193.4959

G1X166.4267Y-197.3569

G1X165.9918Y-200.5960

G1X165.3828Y-203.5576

G1X164.5075Y-206.6210

G1X163.3816Y-209.7618

G1X162.5459Y-211.7569

G1X161.7183Y-213.4687

G1X160.6785Y-215.3580

G1X159.4514Y-217.3604

G1X158.3445Y-219.0262

G1X157.2632Y-220.4794

G1X154.4153Y-223.7569

G1X153.1930Y-224.9565

G1X151.9304Y-226.0568

G1X150.5253Y-227.1500

G1X149.3035Y-227.9604

G1X147.9499Y-228.7115

G1X146.7253Y-229.2682

G1X145.3932Y-229.7240

G1X143.9417Y-230.0935

G1X140.9567Y-230.4858

G1X133.1392Y-230.8685

G1X128.3111Y-231.3837

G1X125.5003Y-231.8449

G1X122.1346Y-232.5307

G1X107.8750Y-235.9788

G1X104.2010Y-236.7131

G1X102.4900Y-236.9616

G1X101.1916Y-237.0315

G1X99.6596Y-236.9535

G1X97.9473Y-236.7087

G1X96.0830Y-236.2936

G1X93.8749Y-235.5916

G1X91.7094Y-234.7710

G1X88.8277Y-233.5062

G1X84.5367Y-231.4406

G1X80.1789Y-229.2273

G1X73.2947Y-225.4598

G1X69.0554Y-222.8273

G1X64.8192Y-219.8612

G1X61.3731Y-217.2056

G1X54.6864Y-211.7401

G1X51.2883Y-209.1189

G1X48.6566Y-207.4084

G1X46.4572Y-206.3793

G1X43.7379Y-205.6007

G1X42.8212Y-205.4884

G1X41.9291Y-205.5223

G1X40.3863Y-205.8555

G1X35.7990Y-207.2837

G1X33.0911Y-207.9682

G1X30.8474Y-208.3878

G1X28.2599Y-208.6255

G1X26.1140Y-208.6624

G1X24.1916Y-208.5403

G1X22.0641Y-208.2424

G1X20.0000Y-207.7894

G1 Z0F20000

(Start Block)


G1X20.0000Y-94.7406
G1Z5F20000
(Plotting speed under)
G1 F4000


G1X21.6868Y-95.4872

G1X22.8038Y-96.1621

G1X24.9268Y-97.7876

G1X26.5777Y-99.2662

G1X26.9720Y-99.4290

G1X27.3699Y-99.4827

G1X28.2395Y-99.2944

G1X29.0018Y-98.8744

G1X30.3379Y-97.8840

G1X35.2977Y-93.6495

G1X37.9643Y-91.5291

G1X39.6218Y-90.3178

G1X42.7439Y-88.2602

G1X43.3165Y-87.5545

G1X44.0236Y-85.3297

G1X44.2885Y-84.8285

G1X44.9005Y-83.9983

G1X45.4654Y-83.3929

G1X46.0999Y-82.8816

G1X47.0799Y-82.2629

G1X48.1612Y-81.7110

G1X50.4513Y-80.8950

G1X53.4887Y-80.1911

G1X56.1465Y-79.7402

G1X66.4361Y-78.4118

G1X69.9121Y-77.8838

G1X75.5783Y-76.7146

G1X80.2198Y-75.5146

G1X82.7151Y-74.7242

G1X85.3811Y-73.7657

G1X90.8630Y-71.4858

G1X95.9765Y-68.9806

G1X98.2420Y-67.7129

G1X100.3486Y-66.4164

G1X103.2088Y-64.5094

G1X105.2291Y-63.0228

G1X106.9892Y-61.5347

G1X108.4791Y-60.0478

G1X110.2574Y-57.9579

G1X111.9664Y-55.6095

G1X113.4374Y-53.2187

G1X114.5127Y-51.0473

G1X115.3582Y-48.7459

G1X116.0377Y-46.1838

G1X116.5002Y-43.5735

G1X116.5900Y-41.6610

G1X116.3882Y-39.3313

G1X115.8947Y-36.8294

G1X115.4616Y-35.7854

G1X114.6587Y-34.3637

G1X114.4449Y-34.1074

G1X114.1592Y-33.9444

G1X114.6511Y-34.4803

G1X115.2751Y-34.9410

G1X116.7494Y-35.7759

G1X118.2214Y-36.4864

G1X121.9596Y-37.9407

G1X129.7708Y-40.6902

G1X135.0266Y-42.7487

G1X138.7492Y-44.4106

G1X143.3870Y-46.8427

G1X147.5103Y-49.3561

G1X151.5550Y-52.3121

G1X155.4328Y-55.5984

G1X157.1757Y-57.2622

G1X158.7978Y-58.9526

G1X161.7178Y-62.3454

G1X164.6190Y-66.1621

G1X166.9136Y-69.6771

G1X169.5199Y-74.2013

G1X171.6828Y-78.5428

G1X173.6228Y-82.7765

G1X175.9866Y-88.2468

G1X178.0760Y-92.5731

G1X179.3710Y-94.8853

G1X181.5065Y-98.0856

G1X183.5692Y-101.4195

G1X184.9520Y-103.8783

G1X186.1542Y-106.2201

G1X187.3199Y-108.7689

G1X188.3012Y-111.1817

G1X189.2285Y-113.8188

G1X190.0003Y-116.3716

G1 Z0F20000

(Start Block)


G1X190.0003Y-169.6823
G1Z5F20000
(Plotting speed under)
G1 F4000


G1X187.2307Y-169.5344

G1X184.4921Y-169.7885

G1X181.4806Y-170.4514

G1X180.0805Y-170.9013

G1X178.8032Y-171.4192

G1X177.5758Y-172.0234

G1X176.3412Y-172.7464

G1X175.2309Y-173.5189

G1X174.2554Y-174.3352

G1X173.4366Y-175.1693

G1X172.7393Y-176.0507

G1X172.1722Y-176.9761

G1X171.7766Y-177.8530

G1X171.4487Y-179.0288

G1X171.3285Y-180.2417

G1X171.3912Y-181.6370

G1X171.6563Y-183.4289

G1X172.0974Y-185.0751

G1X173.5015Y-189.2157

G1X174.9533Y-194.2174

G1X175.6138Y-196.8504

G1X176.0123Y-199.0787

G1X176.3486Y-202.2622

G1X176.5164Y-205.3915

G1X176.5035Y-208.1707

G1X176.3123Y-210.8178

G1X175.8111Y-214.0748

G1X175.0329Y-217.4595

G1X173.9877Y-220.9180

G1X172.8340Y-223.9337

G1X171.2819Y-227.1151

G1X169.2819Y-230.5520

G1X167.4237Y-233.3524

G1X165.3432Y-235.9630

G1X162.4590Y-239.1060

G1X160.0497Y-241.2868

G1X158.4891Y-242.4789

G1X157.3705Y-243.2257

G1X156.2294Y-243.8442

G1X154.9726Y-244.3750

G1X153.5049Y-244.7939

G1X151.4437Y-245.0468

G1X146.0921Y-245.1354

G1X144.0264Y-245.2690

G1X141.5937Y-245.6042

G1X139.3045Y-246.0830

G1X136.9032Y-246.7649

G1X134.2157Y-247.6808

G1X125.9947Y-251.0309

G1X122.5011Y-252.3441

G1X120.4221Y-253.0132

G1X117.8627Y-253.6497

G1X116.3911Y-253.9143

G1X115.1365Y-254.0449

G1X113.4940Y-254.0880

G1X112.0818Y-254.0018

G1X110.8880Y-253.8061

G1X109.6625Y-253.4675

G1X108.4959Y-253.0272

G1X107.3368Y-252.4576

G1X105.6681Y-251.3844

G1X104.0323Y-249.9956

G1X100.6338Y-246.6123

G1X96.2069Y-241.9203

G1X92.5004Y-238.5402

G1X90.3104Y-236.7126

G1X88.2155Y-235.0980

G1X86.1522Y-233.6539

G1X83.8354Y-232.1728

G1X78.6034Y-229.2064

G1X76.1812Y-228.0207

G1X73.3439Y-226.7546

G1X68.4728Y-224.7570

G1X54.2309Y-219.5268

G1X50.3098Y-217.8753

G1X46.6936Y-216.1611

G1X41.7866Y-213.5101

G1X37.2730Y-210.7072

G1X33.7148Y-208.0988

G1X31.0244Y-205.6943

G1X30.6992Y-205.6972

G1X29.4994Y-206.7329

G1X28.6218Y-207.2325

G1X27.6628Y-207.6079

G1X26.8552Y-207.7241

G1X25.6519Y-207.6501

G1X24.2747Y-207.3819

G1X21.6242Y-206.4225

G1X20.0000Y-206.0233

G1 Z0F20000

(Start Block)


G1X20.0000Y-94.5047
G1Z5F20000
(Plotting speed under)
G1 F4000


G1X21.5842Y-93.6592

G1X23.2641Y-93.0301

G1X25.3357Y-92.5596

G1X27.4366Y-92.3193

G1X29.2789Y-92.3136

G1X31.5869Y-92.4726

G1X38.0294Y-93.5606

G1X39.4624Y-93.6110

G1X40.5454Y-93.5079

G1X41.4078Y-93.2718

G1X42.3188Y-92.8491

G1X44.1255Y-91.8024

G1X46.1217Y-90.4996

G1X47.1292Y-89.9858

G1X48.8829Y-89.3462

G1X50.3938Y-89.1027

G1X51.3048Y-89.1132

G1X52.2868Y-89.2427

G1X53.0954Y-89.4819

G1X53.9834Y-89.8795

G1X54.7050Y-90.3566

G1X55.4353Y-91.0217

G1X56.4705Y-92.4373

G1X56.8218Y-92.5178

G1X59.9647Y-91.1078

G1X62.9963Y-90.1174

G1X66.2981Y-89.2699

G1X75.2875Y-87.2556

G1X80.6486Y-85.9153

G1X85.5229Y-84.4803

G1X90.4086Y-82.8094

G1X94.5367Y-81.2251

G1X97.5037Y-79.9280

G1X101.5874Y-77.8472

G1X104.2801Y-76.2297

G1X106.6921Y-74.4133

G1X109.2509Y-72.1205

G1X111.4258Y-69.8302

G1X113.1590Y-67.6261

G1X114.9784Y-64.7173

G1X116.5124Y-61.5987

G1X117.4235Y-59.1009

G1X118.0527Y-56.2693

G1X118.4020Y-53.1439

G1X118.2987Y-50.9281

G1X117.7244Y-47.9418

G1X116.7107Y-45.6880

G1X118.3477Y-46.6351

G1X121.0125Y-47.9227

G1X129.8155Y-51.6605

G1X132.7435Y-52.9864

G1X136.9071Y-55.1526

G1X140.0887Y-56.9906

G1X142.8218Y-58.8147

G1X146.0062Y-61.1991

G1X148.7455Y-63.5091

G1X151.0734Y-65.7560

G1X153.5990Y-68.5236

G1X155.8976Y-71.3696

G1X157.7084Y-73.9030

G1X159.3863Y-76.6114

G1X161.1260Y-79.8076

G1X162.8299Y-83.3133

G1X164.0808Y-86.3825

G1X166.1157Y-91.9991

G1X168.7947Y-100.4518

G1X170.4312Y-106.2566

G1X171.9781Y-112.1694

G1X173.1138Y-116.9589

G1X173.8843Y-120.6951

G1X174.5247Y-124.4766

G1X174.9765Y-128.1800

G1X175.2209Y-131.6089

G1X175.2873Y-134.9647

G1X175.1828Y-138.0870

G1X174.9103Y-141.2993

G1X174.4661Y-144.5014

G1X173.8704Y-147.6652

G1X172.4692Y-153.2263

G1X169.0692Y-164.2703

G1X168.1062Y-168.4011

G1X167.9093Y-169.8716

G1X167.7651Y-172.4320

G1X167.8986Y-173.6366

G1X168.2708Y-174.7453

G1X169.0434Y-176.1342

G1X170.0127Y-177.3616

G1X171.1937Y-178.4563

G1X172.5865Y-179.4216

G1X174.1401Y-180.2365

G1X175.6408Y-180.7841

G1X177.3311Y-181.1385

G1X179.0785Y-181.2697

G1X180.6314Y-181.1604

G1X182.0009Y-180.8180

G1X183.4252Y-180.1985

G1X184.6564Y-179.3827

G1X185.5194Y-178.5006

G1X186.2206Y-177.3604

G1X186.6785Y-176.1002

G1X186.8440Y-174.8449

G1X186.7028Y-173.6085

G1X186.2990Y-172.3397

G1X185.6745Y-171.1458

G1X184.8324Y-170.0885

G1X183.6998Y-169.1016

G1X182.2948Y-168.2043

G1X180.9181Y-167.5783

G1X179.4663Y-167.1656

G1X177.7196Y-166.9059

G1X176.0148Y-166.8618

G1X174.4916Y-167.0262

G1X172.8896Y-167.4160

G1X171.4212Y-167.9808

G1X170.1080Y-168.7224

G1X168.9192Y-169.6787

G1X168.0010Y-170.7167

G1X167.3007Y-171.8720

G1X166.8051Y-173.1548

G1X166.4686Y-174.6873

G1X166.3287Y-176.3216

G1X166.3905Y-178.0665

G1X166.6761Y-181.2523

G1X167.3311Y-186.1551

G1X167.5359Y-188.3259

G1X167.7864Y-193.5280

G1X167.6800Y-197.3607

G1X167.2739Y-200.9157

G1X166.6418Y-204.4230

G1X165.8519Y-207.5293

G1X164.8120Y-210.5695

G1X163.0554Y-214.6295

G1X162.1946Y-216.3359

G1X161.2390Y-217.9987

G1X159.9028Y-220.0513

G1X158.2835Y-222.2970

G1X155.9670Y-225.0467

G1X154.1915Y-226.8455

G1X152.9612Y-227.9661

G1X151.5457Y-229.0905

G1X150.0170Y-230.1441

G1X148.5766Y-230.9537

G1X147.0786Y-231.6178

G1X145.8932Y-232.0149

G1X144.4277Y-232.3593

G1X143.1350Y-232.5740

G1X141.5237Y-232.7224

G1X133.6466Y-233.1438

G1X129.0537Y-233.6819

G1X124.2977Y-234.5537

G1X112.9575Y-237.0902

G1X105.9305Y-238.2885

G1X104.5465Y-238.4202

G1X102.9243Y-238.4375

G1X101.4052Y-238.3411

G1X100.0028Y-238.1284

G1X98.5570Y-237.7539

G1X96.8412Y-237.1402

G1X94.9747Y-236.3513

G1X92.9690Y-235.3491

G1X89.9197Y-233.6976

G1X71.2156Y-223.0449

G1X66.9577Y-220.3809

G1X62.8503Y-217.5646

G1X58.6644Y-214.4595

G1X52.4228Y-209.6546

G1X49.9478Y-207.8767

G1X48.0493Y-206.6858

G1X46.1063Y-205.7862

G1X44.9698Y-205.4185

G1X43.8743Y-205.1932

G1X41.4920Y-204.8774

G1X40.3653Y-204.8643

G1X38.7665Y-205.2087

G1X33.3035Y-207.0537

G1X30.9088Y-207.6527

G1X28.9764Y-208.0111

G1X26.5892Y-208.2296

G1X24.2628Y-208.2559

G1X22.1580Y-208.0919

G1X20.0000Y-207.7366

G1 Z0F20000

(Start Block)


G1X20.0000Y-94.1773
G1Z5F20000
(Plotting speed under)
G1 F4000


G1X21.6612Y-94.6039

G1X23.1280Y-95.1942

G1X25.5156Y-96.4695

G1X27.4966Y-97.9337

G1X28.7269Y-98.7065

G1X29.3934Y-98.9443

G1X30.0209Y-98.8852

G1X30.7456Y-98.5435

G1X32.5662Y-97.4030

G1X37.8986Y-93.3397

G1X40.6064Y-91.3776

G1X42.6257Y-90.1601

G1X44.7947Y-89.0400

G1X45.0886Y-88.6785

G1X45.6339Y-86.9183

G1X46.5148Y-85.5795

G1X47.0728Y-85.0473

G1X47.9463Y-84.3816

G1X49.5912Y-83.4745

G1X51.9561Y-82.6261

G1X54.6959Y-81.9453

G1X60.6301Y-80.9873

G1X67.2031Y-80.0854

G1X71.8306Y-79.2755

G1X76.6558Y-78.2678

G1X81.0415Y-77.0664

G1X86.3540Y-75.2956

G1X91.1518Y-73.3420

G1X96.0466Y-70.9670

G1X101.9283Y-67.7186

G1X104.0872Y-66.2682

G1X106.1033Y-64.6273

G1X108.3162Y-62.5476

G1X110.3328Y-60.3599

G1X111.8678Y-58.4069

G1X113.0966Y-56.5206

G1X114.2827Y-54.3112

G1X115.3093Y-51.9866

G1X116.2190Y-49.3836

G1X116.6767Y-47.3535

G1X116.9380Y-44.8869

G1X116.9609Y-42.1389

G1X116.8741Y-41.1702

G1X116.6585Y-40.0679

G1X115.8620Y-37.6602

G1X115.4105Y-36.7613

G1X114.6008Y-35.8498

G1X114.6356Y-35.9941

G1X114.8869Y-36.2556

G1X116.1080Y-37.1223

G1X117.0079Y-37.6324

G1X118.6221Y-38.3897

G1X121.6887Y-39.6398

G1X126.7166Y-41.4311

G1X133.1734Y-43.8538

G1X137.1471Y-45.6128

G1X140.6561Y-47.3242

G1X143.6527Y-48.9947

G1X147.1530Y-51.2434

G1X150.2933Y-53.5048

G1X152.9808Y-55.7021

G1X155.7033Y-58.2480

G1X158.4391Y-61.1296

G1X160.9552Y-64.0984

G1X163.0399Y-66.9132

G1X166.1504Y-71.7869

G1X167.3197Y-73.8152

G1X168.4702Y-76.0210

G1X171.2050Y-81.8796

G1X173.7159Y-87.9848

G1X176.0581Y-93.3559

G1X177.0128Y-95.2363

G1X180.4183Y-101.1378

G1X182.2622Y-104.6053

G1X183.9831Y-108.2378

G1X185.5730Y-112.1711

G1X186.6798Y-115.4917

G1X187.5075Y-118.5205

G1X188.2525Y-122.0245

G1X188.7455Y-125.3222

G1X189.0586Y-128.7395

G1X189.1619Y-132.0775

G1X189.0732Y-135.5245

G1X188.7903Y-138.8561

G1X188.4207Y-141.5754

G1X187.9135Y-144.3721

G1X187.2784Y-147.1261

G1X186.4798Y-150.0354

G1X185.5459Y-152.9460

G1X184.1273Y-156.8136

G1X180.7749Y-165.0329

G1X179.9719Y-167.1739

G1X178.8796Y-170.9085

G1X178.7027Y-172.0627

G1X178.6951Y-173.1292

G1X178.8123Y-174.1402

G1X179.0122Y-175.0335

G1X179.3384Y-175.9935

G1X179.7252Y-176.8160

G1X180.1817Y-177.5614

G1X180.7830Y-178.3400

G1X182.3295Y-179.8356

G1X183.2299Y-180.4897

G1X184.0770Y-180.9846

G1X185.0923Y-181.4570

G1X186.1610Y-181.8402

G1X188.0908Y-182.2399

G1X188.9958Y-182.2721

G1X190.0003Y-182.1960

G1 Z0F20000

(Start Block)


G1X190.0003Y-184.4666
G1Z5F20000
(Plotting speed under)
G1 F4000


G1X189.0099Y-185.9104

G1X188.3219Y-187.4783

G1X187.8541Y-189.3873

G1X187.6214Y-191.6090

G1X187.7041Y-194.1501

G1X188.9902Y-205.3076

G1X189.2120Y-208.9203

G1X189.1476Y-212.9053

G1X188.9340Y-216.4388

G1X188.5740Y-219.5087

G1X188.0501Y-222.3049

G1X187.2156Y-225.5047

G1X186.1689Y-228.7204

G1X184.8845Y-232.0227

G1X183.5165Y-235.0015

G1X182.0962Y-237.5721

G1X180.3801Y-240.2670

G1X177.8656Y-243.7888

G1X176.0386Y-246.0795

G1X173.2104Y-249.0856

G1X169.7187Y-252.3196

G1X168.5158Y-253.2480

G1X167.3574Y-254.0000

G1X166.3781Y-254.4933

G1X165.4898Y-254.7521

G1X164.5955Y-254.7634

G1X163.6070Y-254.5282

G1X163.0273Y-254.2170

G1X161.3309Y-253.0710

G1X158.2777Y-251.4115

G1X156.6446Y-250.7916

G1X154.4927Y-250.2598

G1X152.4356Y-250.0111

G1X150.3536Y-250.0724

G1X148.1595Y-250.4297

G1X145.9366Y-251.0951

G1X143.4065Y-252.2666

G1X140.3580Y-254.0994

G1X138.1796Y-255.6910

G1X130.9690Y-261.2670

G1X128.0476Y-263.3134

G1X125.9068Y-264.6949

G1X123.8083Y-265.8656

G1X121.4546Y-266.9910

G1X119.4971Y-267.7423

G1X117.8030Y-268.1973

G1X116.4781Y-268.4422

G1X115.2788Y-268.5641

G1X114.2015Y-268.5647

G1X113.2420Y-268.4557

G1X112.2256Y-268.2092

G1X111.1803Y-267.8261

G1X110.2480Y-267.3559

G1X109.3130Y-266.7531

G1X108.0767Y-265.7655

G1X107.0319Y-264.7470

G1X102.4076Y-258.9903

G1X97.6451Y-253.6745

G1X96.0235Y-252.0198

G1X94.5455Y-250.6477

G1X91.7325Y-248.4059

G1X88.3205Y-246.0528

G1X84.7296Y-243.8830

G1X81.2021Y-242.0381

G1X78.8219Y-240.9964

G1X76.1078Y-239.9772

G1X68.9483Y-237.7441

G1X65.6676Y-236.9411

G1X54.0345Y-234.5298

G1X51.9991Y-233.9929

G1X50.1263Y-233.3387

G1X48.1352Y-232.4686

G1X46.5969Y-231.5335

G1X45.5176Y-230.9786

G1X41.9267Y-229.6758

G1X38.8942Y-228.2395

G1X34.2163Y-225.4461

G1X27.5982Y-221.0273

G1X26.2744Y-220.2556

G1X25.5050Y-219.9183

G1X24.6642Y-219.7890

G1X23.9178Y-219.9368

G1X23.0830Y-220.2561

G1X21.4083Y-221.1815

G1X20.0000Y-221.7319

G1 Z0F20000

(Start Block)


G1X20.0000Y-94.0584
G1Z5F20000
(Plotting speed under)
G1 F4000


G1X21.6630Y-93.4871

G1X23.4476Y-93.0962

G1X25.2747Y-92.9319

G1X27.2937Y-92.9475

G1X28.7286Y-93.0795

G1X30.5346Y-93.4022

G1X36.4420Y-94.8505

G1X37.3990Y-94.9629

G1X38.1775Y-94.9217

G1X39.2541Y-94.6607

G1X40.5983Y-94.0806

G1X44.0953Y-91.8227

G1X46.0123Y-90.7684

G1X47.8390Y-90.0696

G1X49.3256Y-89.7952

G1X50.8034Y-89.8640

G1X51.9413Y-90.2013

G1X52.8423Y-90.7026

G1X53.5168Y-91.3323

G1X53.8237Y-91.7493

G1X54.0658Y-91.8879

G1X55.5609Y-90.8426

G1X56.4467Y-90.3376

G1X58.4115Y-89.4950

G1X60.3675Y-88.8561

G1X64.5181Y-87.8119

G1X76.6189Y-85.2531

G1X81.4447Y-84.0068

G1X85.3607Y-82.8428

G1X88.7743Y-81.6747

G1X92.2603Y-80.3528

G1X96.9408Y-78.4273

G1X99.5458Y-77.1962

G1X102.1469Y-75.6994

G1X104.7637Y-73.9962

G1X106.8213Y-72.4571

G1X108.5850Y-70.9087

G1X110.6153Y-68.7977

G1X112.5158Y-66.4926

G1X114.1688Y-64.1286

G1X115.3834Y-61.9853

G1X116.4808Y-59.4937

G1X117.3944Y-56.7803

G1X117.9149Y-54.6506

G1X118.1672Y-52.4087

G1X118.1520Y-49.4855

G1X117.9392Y-47.7056

G1X117.0945Y-45.0378

G1X116.3322Y-43.6841

G1X116.6573Y-43.9633

G1X117.9077Y-44.7178

G1X119.7943Y-45.6771

G1X123.7001Y-47.3472

G1X128.9352Y-49.4510

G1X134.6211Y-52.0038

G1X138.3495Y-53.9782

G1X142.6133Y-56.5582

G1X145.5034Y-58.5860

G1X148.6566Y-61.1486

G1X151.6441Y-63.8974

G1X154.2736Y-66.6855

G1X156.7522Y-69.7538

G1X159.1851Y-73.2166

G1X160.8183Y-75.8453

G1X162.2430Y-78.5049

G1X163.8695Y-81.9770

G1X165.5264Y-85.8815

G1X170.6890Y-100.7058

G1X172.8168Y-107.2893

G1X174.4086Y-112.5950

G1X175.4014Y-116.2782

G1X176.1681Y-119.5043

G1X176.8460Y-122.9572

G1X177.2968Y-125.9381

G1X177.6234Y-129.0169

G1X177.7904Y-132.0352

G1X177.8069Y-135.0911

G1X177.6683Y-138.0294

G1X177.4071Y-140.7609

G1X177.0230Y-143.4496

G1X176.4581Y-146.4044

G1X175.8057Y-149.1539

G1X174.3492Y-154.1072

G1X170.6220Y-164.8912

G1X169.5126Y-169.1221

G1X169.2589Y-170.8170

G1X169.2674Y-172.5063

G1X169.4724Y-174.0927

G1X169.8726Y-175.3366

G1X170.5901Y-176.5764

G1X171.6127Y-177.8180

G1X172.8390Y-178.9456

G1X174.2415Y-179.9079

G1X175.8985Y-180.7482

G1X177.5620Y-181.3457

G1X179.1271Y-181.6664

G1X180.7962Y-181.7584

G1X182.4520Y-181.6218

G1X183.8604Y-181.2811

G1X185.1739Y-180.6746

G1X186.3769Y-179.8210

G1X187.2873Y-178.8843

G1X187.9318Y-177.8334

G1X188.3386Y-176.5822

G1X188.4866Y-175.1425

G1X188.3337Y-173.8615

G1X187.8706Y-172.6049

G1X187.0684Y-171.2732

G1X186.0328Y-170.0825

G1X184.9775Y-169.2319

G1X183.5765Y-168.4216

G1X181.9399Y-167.7454

G1X180.3895Y-167.3271

G1X178.6781Y-167.1194

G1X176.9249Y-167.1210

G1X175.1683Y-167.3225

G1X173.5656Y-167.7273

G1X171.9569Y-168.3760

G1X170.5475Y-169.1903

G1X169.3596Y-170.1652

G1X168.4324Y-171.2369

G1X167.6696Y-172.5294

G1X167.1964Y-173.8627

G1X166.9316Y-175.4184

G1X166.8508Y-177.3577

G1X167.0210Y-179.4788

G1X168.3271Y-188.1693

G1X168.6082Y-190.5732

G1X168.8036Y-195.1564

G1X168.7247Y-199.0585

G1X168.4161Y-202.0955

G1X167.8156Y-205.4712

G1X166.9879Y-208.8247

G1X165.9809Y-211.9597

G1X165.2048Y-213.9002

G1X164.2546Y-215.9654

G1X163.1096Y-218.1809

G1X161.8875Y-220.3222

G1X159.7020Y-223.4943

G1X156.7327Y-227.0783

G1X155.2222Y-228.6054

G1X153.4884Y-230.1655

G1X152.2018Y-231.1927

G1X150.8987Y-232.0888

G1X149.4695Y-232.9305

G1X148.1671Y-233.5402

G1X146.6135Y-234.0919

G1X145.2369Y-234.4278

G1X142.5714Y-234.7877

G1X134.4685Y-235.2627

G1X130.6239Y-235.7349

G1X126.1076Y-236.5661

G1X116.1548Y-238.7889

G1X113.1625Y-239.3424

G1X110.7643Y-239.6888

G1X108.0658Y-239.9598

G1X105.1329Y-240.0820

G1X103.5151Y-240.0280

G1X102.1384Y-239.8113

G1X100.7049Y-239.4211

G1X99.1855Y-238.8631

G1X97.8119Y-238.2531

G1X96.3010Y-237.4423

G1X93.4929Y-235.7642

G1X86.2793Y-231.0881

G1X82.1643Y-228.5447

G1X66.8135Y-219.6652

G1X63.1639Y-217.3720

G1X59.4915Y-214.8986

G1X48.6314Y-207.0880

G1X46.6163Y-205.8348

G1X45.1593Y-205.1159

G1X44.0496Y-204.7790

G1X42.5773Y-204.5484

G1X38.4096Y-204.4921

G1X36.8792Y-204.8262

G1X31.3621Y-206.7450

G1X27.7512Y-207.5547

G1X26.0054Y-207.7711

G1X23.8283Y-207.8594

G1X21.8944Y-207.7948

G1X20.0000Y-207.5757

G1 Z0F20000

(Start Block)


G1X20.0000Y-93.8542
G1Z5F20000
(Plotting speed under)
G1 F4000


G1X22.0127Y-94.0946

G1X24.3868Y-94.7407

G1X25.4267Y-95.1141

G1X26.4923Y-95.6115

G1X30.5417Y-97.9091

G1X31.5219Y-98.1333

G1X32.5112Y-98.0151

G1X33.0511Y-97.8159

G1X33.7289Y-97.4215

G1X41.0251Y-92.4242

G1X42.5178Y-91.4879

G1X44.6424Y-90.4387

G1X46.9372Y-89.7913

G1X47.1337Y-89.4904

G1X47.3365Y-88.7681

G1X47.7090Y-88.0034

G1X48.0746Y-87.4660

G1X48.5425Y-86.9807

G1X49.1947Y-86.4056

G1X49.9311Y-85.8941

G1X51.9389Y-84.9209

G1X53.9419Y-84.2351

G1X56.4903Y-83.6183

G1X59.8944Y-82.9737

G1X65.8617Y-82.0683

G1X72.8769Y-80.8584

G1X77.1469Y-79.9007

G1X81.6433Y-78.6988

G1X85.9809Y-77.2928

G1X90.6077Y-75.4807

G1X96.9795Y-72.6097

G1X100.5563Y-70.7309

G1X103.0637Y-69.1037

G1X105.5717Y-67.2619

G1X107.6769Y-65.4936

G1X109.4008Y-63.7983

G1X111.1066Y-61.7880

G1X112.7471Y-59.5115

G1X114.1808Y-57.1713

G1X115.3298Y-54.8990

G1X116.1616Y-52.6877

G1X116.8268Y-50.1891

G1X117.3312Y-47.2279

G1X117.4150Y-45.3984

G1X117.2218Y-43.2295

G1X116.7060Y-40.6630

G1X116.2764Y-39.6224

G1X115.4692Y-38.2063

G1X115.2449Y-37.9498

G1X115.0031Y-37.8309

G1X115.5260Y-38.3437

G1X116.1506Y-38.7925

G1X117.6195Y-39.6130

G1X119.2033Y-40.3718

G1X121.7320Y-41.3877

G1X130.9580Y-44.8260

G1X135.7531Y-46.8613

G1X138.9448Y-48.3864

G1X142.7705Y-50.5243

G1X146.1304Y-52.6284

G1X148.8212Y-54.5549

G1X151.8214Y-57.0132

G1X154.7352Y-59.7015

G1X157.3072Y-62.3891

G1X159.5837Y-65.1287

G1X161.9170Y-68.3206

G1X163.8049Y-71.1780

G1X165.0447Y-73.2570

G1X166.4437Y-75.8828

G1X168.1106Y-79.3174

G1X169.6653Y-82.8391

G1X174.0940Y-93.9834

G1X179.3176Y-104.5448

G1X180.8227Y-107.8755

G1X182.1092Y-111.0539

G1X183.2533Y-114.2916

G1X184.2765Y-117.7433

G1X185.0729Y-121.1644

G1X185.6313Y-124.3681

G1X186.0242Y-127.8342

G1X186.1982Y-131.0685

G1X186.1774Y-134.5973

G1X185.9454Y-138.0404

G1X185.6162Y-140.7477

G1X185.1641Y-143.4480

G1X184.6159Y-145.9982

G1X183.9111Y-148.7204

G1X182.9950Y-151.7271

G1X181.7082Y-155.3440

G1X177.7800Y-165.0095

G1X176.5465Y-168.5321

G1X176.1428Y-169.9694

G1X175.9424Y-171.1022

G1X175.8491Y-172.6134

G1X175.9075Y-173.9199

G1X176.0784Y-174.8975

G1X176.3876Y-175.8384

G1X176.8605Y-176.7698

G1X177.5381Y-177.7663

G1X178.3468Y-178.7058

G1X179.2479Y-179.5507

G1X180.1944Y-180.2625

G1X181.2467Y-180.9038

G1X182.3722Y-181.4567

G1X183.4261Y-181.8584

G1X184.4715Y-182.1367

G1X185.5864Y-182.3033

G1X186.8379Y-182.3559

G1X188.0577Y-182.2673

G1X189.0879Y-182.0565

G1X190.0003Y-181.7175

G1 Z0F20000

(Start Block)


G1X190.0003Y-174.3581
G1Z5F20000
(Plotting speed under)
G1 F4000


G1X189.5869Y-173.0733

G1X188.9238Y-171.9277

G1X187.8687Y-170.6913

G1X186.5820Y-169.5917

G1X185.3820Y-168.8411

G1X183.9362Y-168.2101

G1X182.2509Y-167.7106

G1X180.5391Y-167.4043

G1X178.9428Y-167.3107

G1X177.1910Y-167.4233

G1X175.3905Y-167.7406

G1X173.6920Y-168.2484

G1X172.1797Y-168.9373

G1X170.8239Y-169.7915

G1X169.7405Y-170.7150

G1X168.8356Y-171.7847

G1X168.0951Y-173.0698

G1X167.6188Y-174.3974

G1X167.3835Y-175.7514

G1X167.3474Y-177.4159

G1X167.6161Y-180.4752

G1X168.6238Y-185.6856

G1X169.6216Y-192.3919

G1X169.8237Y-195.3453

G1X169.7887Y-199.6810

G1X169.5262Y-203.1550

G1X169.0506Y-206.2474

G1X168.2281Y-209.6952

G1X167.0996Y-213.2602

G1X166.2324Y-215.5307

G1X165.4174Y-217.3555

G1X164.3705Y-219.3865

G1X163.1620Y-221.4730

G1X161.6792Y-223.8061

G1X160.6035Y-225.3200

G1X159.2498Y-227.0087

G1X157.6093Y-228.8560

G1X156.2572Y-230.2715

G1X154.8067Y-231.6091

G1X152.9139Y-233.1354

G1X151.5779Y-234.0654

G1X150.1523Y-234.8869

G1X148.7020Y-235.5649

G1X147.3601Y-236.0199

G1X145.8102Y-236.3969

G1X142.8091Y-236.7480

G1X136.2483Y-237.1357

G1X132.0488Y-237.6603

G1X127.3776Y-238.5637

G1X117.3584Y-240.8829

G1X115.0780Y-241.3104

G1X112.6573Y-241.6499

G1X110.2301Y-241.8621

G1X107.3129Y-241.9222

G1X105.3217Y-241.7653

G1X103.2578Y-241.4119

G1X101.9888Y-241.0607

G1X100.8709Y-240.6293

G1X98.3130Y-239.2305

G1X95.7695Y-237.5719

G1X87.8794Y-231.8797

G1X82.9668Y-228.6132

G1X77.4284Y-225.2897

G1X66.1221Y-219.0375

G1X61.3446Y-216.2335

G1X55.3636Y-212.3824

G1X45.9973Y-205.9051

G1X44.7241Y-205.1255

G1X43.4516Y-204.5052

G1X42.2904Y-204.1324

G1X41.3780Y-204.0305

G1X40.0818Y-204.0680

G1X38.0596Y-204.2923

G1X36.1318Y-204.3931

G1X34.7694Y-204.7030

G1X29.5603Y-206.4533

G1X26.8964Y-207.0484

G1X25.1772Y-207.3060

G1X23.7250Y-207.4199

G1X21.8487Y-207.4290

G1X20.0000Y-207.3089

G1 Z0F20000

(Start Block)


G1X20.0000Y-93.8052
G1Z5F20000
(Plotting speed under)
G1 F4000


G1X21.3896Y-93.5387

G1X23.0058Y-93.3865

G1X24.4116Y-93.3732

G1X25.8558Y-93.5031

G1X27.5568Y-93.7915

G1X29.0559Y-94.1422

G1X34.4585Y-96.0031

G1X35.7449Y-96.1565

G1X36.8062Y-96.0394

G1X37.3680Y-95.8575

G1X37.9847Y-95.5416

G1X44.1828Y-91.7137

G1X45.3828Y-91.1179

G1X46.6524Y-90.6158

G1X48.0594Y-90.2906

G1X49.4759Y-90.2998

G1X50.6654Y-90.6646

G1X51.5134Y-91.2191

G1X51.6419Y-91.1528

G1X52.5851Y-90.0314

G1X53.7080Y-89.2223

G1X55.0686Y-88.4931

G1X57.0811Y-87.7223

G1X59.1446Y-87.1089

G1X61.5626Y-86.5448

G1X70.4962Y-84.8282

G1X76.4798Y-83.5674

G1X79.4125Y-82.8430

G1X83.2694Y-81.7490

G1X87.6377Y-80.3266

G1X92.0766Y-78.6356

G1X95.7536Y-77.0372

G1X100.9682Y-74.5184

G1X103.2396Y-73.1534

G1X105.6458Y-71.3931

G1X108.0813Y-69.3494

G1X110.1365Y-67.3413

G1X111.7066Y-65.5149

G1X113.2741Y-63.3409

G1X114.7104Y-60.9822

G1X115.9324Y-58.5706

G1X116.7361Y-56.5244

G1X117.3751Y-54.2010

G1X117.8467Y-51.5337

G1X118.0292Y-49.2951

G1X117.8725Y-47.1608

G1X117.3652Y-44.5264

G1X116.8079Y-43.1685

G1X116.2021Y-42.0627

G1X115.8896Y-41.7424

G1X117.1995Y-42.6846

G1X120.0110Y-44.0995

G1X130.9011Y-48.4511

G1X136.4296Y-51.0043

G1X139.9790Y-52.8831

G1X143.4431Y-55.0440

G1X146.8445Y-57.4258

G1X149.7221Y-59.7508

G1X152.7758Y-62.6145

G1X155.6802Y-65.7294

G1X158.0778Y-68.6927

G1X160.2817Y-71.8935

G1X162.2523Y-75.1564

G1X163.9734Y-78.3398

G1X165.3125Y-81.2504

G1X167.1610Y-85.7548

G1X169.8281Y-93.1762

G1X175.2238Y-107.4522

G1X176.7840Y-112.0208

G1X177.8705Y-115.6033

G1X178.7205Y-118.8337

G1X179.3808Y-121.8881

G1X179.8614Y-124.6796

G1X180.2308Y-127.6870

G1X180.4412Y-130.5363

G1X180.5070Y-133.4391

G1X180.4308Y-136.2686

G1X180.2117Y-139.0747

G1X179.8702Y-141.7862

G1X179.4188Y-144.3853

G1X178.8058Y-147.1679

G1X178.0807Y-149.9001

G1X176.4668Y-154.8861

G1X173.4279Y-162.8513

G1X172.5137Y-165.4391

G1X171.8801Y-167.4537

G1X171.3244Y-169.7161

G1X171.0217Y-171.3141

G1X170.9716Y-172.5945

G1X171.2067Y-174.0400

G1X171.6870Y-175.4710

G1X172.3640Y-176.7420

G1X173.1970Y-177.8267

G1X174.3503Y-178.9617

G1X175.6808Y-179.9789

G1X176.9958Y-180.7414

G1X178.4764Y-181.3681

G1X180.0594Y-181.8363

G1X181.5347Y-182.0848

G1X183.0156Y-182.1097

G1X184.4592Y-181.9239

G1X185.8344Y-181.5506

G1X187.0353Y-181.0056

G1X188.0153Y-180.2960

G1X188.9449Y-179.3089

G1X189.6040Y-178.2805

G1X190.0003Y-177.2419

G1 Z0F20000

(Start Block)


G1X190.0003Y-173.4084
G1Z5F20000
(Plotting speed under)
G1 F4000


G1X187.6824Y-174.0832

G1X185.5303Y-174.9243

G1X183.7054Y-175.8609

G1X181.9480Y-177.0102

G1X180.5047Y-178.2174

G1X179.3401Y-179.5236

G1X178.4700Y-180.8966

G1X177.8787Y-182.3709

G1X177.6534Y-183.3556

G1X177.5517Y-184.3788

G1X177.5849Y-185.3859

G1X177.7547Y-186.6306

G1X178.6066Y-190.5013

G1X180.0190Y-195.1138

G1X180.5482Y-197.1301

G1X181.4477Y-201.7234

G1X181.9432Y-205.0547

G1X182.1492Y-207.5575

G1X182.1717Y-209.9652

G1X182.0332Y-212.9404

G1X181.7376Y-215.8896

G1X181.1799Y-219.3121

G1X180.4203Y-222.4317

G1X179.3450Y-225.6532

G1X177.8985Y-229.1400

G1X176.2787Y-232.4594

G1X174.8196Y-234.9619

G1X172.8894Y-237.7619

G1X170.3707Y-240.9950

G1X168.0200Y-243.5753

G1X165.1165Y-246.2116

G1X163.0626Y-247.7078

G1X161.1006Y-248.6948

G1X159.7083Y-249.0400

G1X157.7856Y-249.0817

G1X152.1752Y-248.1575

G1X149.6266Y-248.0191

G1X148.0179Y-248.0827

G1X146.5721Y-248.2401

G1X143.7439Y-248.8715

G1X140.8209Y-249.8904

G1X138.1086Y-251.1528

G1X135.0313Y-252.8031

G1X127.5723Y-257.1389

G1X124.9039Y-258.5373

G1X121.1404Y-260.1873

G1X119.6545Y-260.6962

G1X118.0765Y-261.1152

G1X116.5779Y-261.4163

G1X115.3032Y-261.5632

G1X114.1541Y-261.5778

G1X112.9673Y-261.4673

G1X111.8036Y-261.2448

G1X110.7553Y-260.9179

G1X109.7106Y-260.4495

G1X108.6942Y-259.8398

G1X106.9138Y-258.3689

G1X104.2592Y-255.6186

G1X100.1642Y-250.6351

G1X98.4786Y-248.7589

G1X95.4238Y-245.7674

G1X92.6955Y-243.3109

G1X89.8842Y-241.0649

G1X87.0619Y-239.1411

G1X83.6238Y-237.1091

G1X79.7903Y-235.1217

G1X75.9519Y-233.4223

G1X71.1808Y-231.7296

G1X66.1771Y-230.1679

G1X53.9986Y-226.9332

G1X51.0227Y-225.9362

G1X48.1172Y-224.7689

G1X45.0270Y-223.2772

G1X41.6174Y-221.4683

G1X35.7557Y-218.0415

G1X31.3289Y-215.0416

G1X28.7976Y-212.9932

G1X27.4234Y-211.7236

G1X26.8071Y-211.3245

G1X26.5625Y-211.3036

G1X26.3266Y-211.3833

G1X25.6265Y-212.0066

G1X24.5867Y-212.7682

G1X24.0084Y-213.0969

G1X23.4296Y-213.3080

G1X22.4694Y-213.5588

G1X21.6253Y-213.6653

G1X20.9720Y-213.6477

G1X20.0000Y-213.4680

G1 Z0F20000

(Start Block)


G1X20.0000Y-93.7344
G1Z5F20000
(Plotting speed under)
G1 F4000


G1X21.2059Y-93.6713

G1X22.4429Y-93.7134

G1X23.9564Y-93.8778

G1X25.2526Y-94.1159

G1X26.6517Y-94.5203

G1X28.6758Y-95.2623

G1X31.2769Y-96.5033

G1X32.7452Y-97.0768

G1X33.5927Y-97.2581

G1X34.3450Y-97.1854

G1X35.0760Y-96.9128

G1X36.4342Y-96.2001

G1X42.6529Y-92.2258

G1X44.7789Y-91.1045

G1X45.9552Y-90.6455

G1X46.8608Y-90.4411

G1X47.9695Y-90.3639

G1X49.1891Y-90.5167

G1X49.8500Y-89.2710

G1X50.8933Y-88.1912

G1X52.3839Y-87.2427

G1X54.1501Y-86.4447

G1X56.2688Y-85.7696

G1X58.9676Y-85.1062

G1X72.3687Y-82.7110

G1X77.7909Y-81.5081

G1X81.9371Y-80.4003

G1X87.2984Y-78.6335

G1X92.6563Y-76.5432

G1X96.8722Y-74.6438

G1X100.8376Y-72.5141

G1X103.4036Y-70.9788

G1X105.4702Y-69.5391

G1X107.3169Y-67.9923

G1X109.3269Y-66.0289

G1X111.3035Y-63.8051

G1X112.9862Y-61.5857

G1X114.2792Y-59.4999

G1X115.4038Y-57.2414

G1X116.4475Y-54.6120

G1X117.2034Y-52.0988

G1X117.5645Y-49.9506

G1X117.6943Y-47.4435

G1X117.6126Y-45.1495

G1X117.2538Y-43.3740

G1X116.4024Y-41.0166

G1X116.0755Y-40.4726

G1X115.4691Y-39.7516

G1X115.8197Y-40.1435

G1X116.9874Y-40.9241

G1X119.1642Y-42.0311

G1X122.3999Y-43.3874

G1X127.3806Y-45.2521

G1X132.5387Y-47.3150

G1X135.1380Y-48.4571

G1X137.7294Y-49.7420

G1X141.4069Y-51.7174

G1X144.4016Y-53.5605

G1X147.8559Y-56.0321

G1X150.9252Y-58.5097

G1X153.4609Y-60.8392

G1X155.9465Y-63.4606

G1X158.4220Y-66.4164

G1X160.7852Y-69.5979

G1X162.1993Y-71.7646

G1X163.5916Y-74.1512

G1X165.2568Y-77.2979

G1X166.6800Y-80.2271

G1X169.5286Y-87.2743

G1X172.1058Y-94.1886

G1X176.1363Y-103.4101

G1X177.8866Y-107.6147

G1X179.4862Y-111.8659

G1X180.6698Y-115.5048

G1X181.6224Y-119.0021

G1X182.3969Y-122.6606

G1X182.9099Y-126.0825

G1X183.2278Y-129.6263

G1X183.3170Y-133.1737

G1X183.1912Y-136.6472

G1X182.9301Y-139.4453

G1X182.5154Y-142.3505

G1X181.9743Y-145.1399

G1X181.2779Y-148.0078

G1X180.3628Y-151.1398

G1X179.0803Y-154.8700

G1X175.3938Y-164.1201

G1X174.0921Y-167.8429

G1X173.6664Y-169.4596

G1X173.3066Y-171.5840

G1X173.2114Y-172.9012

G1X173.3001Y-173.9918

G1X173.6144Y-175.1113

G1X174.1108Y-176.2045

G1X174.8254Y-177.3468

G1X175.6906Y-178.3981

G1X176.6880Y-179.3333

G1X177.8374Y-180.1939

G1X179.0891Y-180.9431

G1X180.2846Y-181.4909

G1X181.6295Y-181.9184

G1X183.0612Y-182.2042

G1X184.3888Y-182.3204

G1X185.6394Y-182.2721

G1X186.8371Y-182.0384

G1X188.0211Y-181.6276

G1X189.1063Y-181.0685

G1X190.0003Y-180.4034

G1 Z0F20000

(Start Block)


G1X190.0003Y-172.0211
G1Z5F20000
(Plotting speed under)
G1 F4000


G1X187.4658Y-172.5386

G1X185.1046Y-173.2603

G1X182.8852Y-174.2200

G1X180.8318Y-175.3904

G1X179.1514Y-176.6353

G1X177.7177Y-178.0566

G1X176.6684Y-179.5215

G1X175.9701Y-181.0957

G1X175.7255Y-182.2002

G1X175.6504Y-183.4429

G1X175.7467Y-184.8795

G1X176.0003Y-186.5643

G1X176.4302Y-188.2088

G1X177.8094Y-192.4201

G1X179.0886Y-197.1334

G1X179.7829Y-200.0203

G1X180.1981Y-202.4271

G1X180.4783Y-205.4549

G1X180.6076Y-208.5448

G1X180.5739Y-211.4111

G1X180.3816Y-214.0613

G1X179.9011Y-217.2203

G1X179.1160Y-220.5937

G1X178.0471Y-224.0898

G1X176.7490Y-227.5016

G1X175.4285Y-230.2524

G1X173.7949Y-233.1068

G1X171.4801Y-236.6496

G1X169.7484Y-238.9318

G1X167.2126Y-241.7585

G1X164.4422Y-244.4449

G1X163.1902Y-245.4548

G1X161.9462Y-246.3296

G1X160.9032Y-246.9638

G1X159.8501Y-247.4570

G1X158.3221Y-247.9054

G1X156.9558Y-248.0650

G1X154.3729Y-247.8873

G1X151.2070Y-247.5108

G1X147.6904Y-247.4687

G1X145.1973Y-247.7669

G1X142.5111Y-248.3799

G1X139.8723Y-249.2811

G1X136.5927Y-250.7173

G1X127.4469Y-255.5734

G1X123.7124Y-257.3598

G1X121.0528Y-258.4278

G1X117.9668Y-259.3347

G1X116.5901Y-259.6015

G1X115.4277Y-259.7218

G1X113.8842Y-259.7484

G1X112.5791Y-259.6374

G1X111.4929Y-259.4170

G1X110.4409Y-259.0661

G1X109.3502Y-258.5581

G1X108.2861Y-257.9167

G1X106.8705Y-256.8444

G1X105.3788Y-255.4738

G1X101.4691Y-250.8987

G1X97.8713Y-246.9693

G1X95.5076Y-244.5201

G1X93.5014Y-242.6670

G1X90.4167Y-240.1999

G1X87.0142Y-237.7890

G1X83.6240Y-235.6734

G1X80.5330Y-234.0305

G1X76.2829Y-232.1088

G1X71.4968Y-230.2231

G1X64.0714Y-227.9105

G1X57.8181Y-226.1642

G1X53.9274Y-224.9725

G1X50.6385Y-223.8124

G1X47.1638Y-222.3378

G1X44.1031Y-220.8376

G1X41.1807Y-219.2766

G1X38.0459Y-217.4709

G1X35.0955Y-215.6261

G1X33.0153Y-214.2155

G1X30.9462Y-212.6484

G1X29.8744Y-211.7586

G1X27.5722Y-209.6187

G1X27.3351Y-209.6025

G1X27.1935Y-209.6847

G1X25.6218Y-211.0247

G1X24.5555Y-211.5404

G1X23.7309Y-211.8027

G1X22.8199Y-211.8919

G1X21.7493Y-211.8335

G1X20.8283Y-211.6447

G1X20.0000Y-211.3270

G1 Z0F20000

(Start Block)


G1X20.0000Y-92.6463
G1Z5F20000
(Plotting speed under)
G1 F4000


G1X23.3551Y-89.5860

G1X27.5078Y-86.2005

G1X31.5036Y-83.2128

G1X36.2764Y-79.9184

G1X38.2694Y-78.4540

G1X38.7600Y-77.9765

G1X39.1671Y-77.4289

G1X39.5880Y-76.6749

G1X40.1576Y-75.2914

G1X41.1959Y-73.7216

G1X41.7533Y-73.1517

G1X42.4171Y-72.6403

G1X44.0620Y-71.6437

G1X45.2146Y-71.1501

G1X46.6769Y-70.6910

G1X50.5787Y-69.8715

G1X52.9800Y-69.5233

G1X59.5407Y-68.8172

G1X65.5404Y-68.0114

G1X68.8272Y-67.4642

G1X72.8976Y-66.5134

G1X77.5923Y-65.1571

G1X80.2045Y-64.2698

G1X82.5728Y-63.3519

G1X84.7699Y-62.3734

G1X87.0463Y-61.2243

G1X89.6496Y-59.7644

G1X92.2428Y-58.1725

G1X95.1331Y-56.2467

G1X97.2781Y-54.6820

G1X99.5073Y-52.8855

G1X101.7117Y-50.9269

G1X103.9820Y-48.7143

G1X106.1239Y-46.4397

G1X107.6086Y-44.6775

G1X108.8760Y-42.9512

G1X109.8879Y-41.3148

G1X110.7714Y-39.5448

G1X111.6240Y-37.4015

G1X112.3727Y-34.9938

G1X112.9048Y-32.6962

G1X113.1018Y-30.9126

G1X113.0808Y-28.7324

G1X112.8033Y-25.9220

G1X112.5357Y-24.8650

G1X111.6617Y-22.4943

G1X112.0304Y-22.5959

G1X113.9920Y-23.5702

G1X117.5805Y-24.9682

G1X128.1611Y-28.4221

G1X131.3524Y-29.5365

G1X136.1398Y-31.3917

G1X139.8295Y-33.0016

G1X144.8221Y-35.5149

G1X149.1239Y-38.0042

G1X153.5080Y-40.9333

G1X157.8430Y-44.2182

G1X161.7254Y-47.5613

G1X165.5467Y-51.2486

G1X169.1762Y-55.1922

G1X172.5190Y-59.2542

G1X175.0912Y-62.7171

G1X177.3461Y-65.9859

G1X180.7269Y-71.3297

G1X186.5992Y-81.0295

G1X188.2675Y-83.5016

G1X190.0003Y-85.7895

G1 Z0F20000

(Start Block)


G1X190.0003Y-169.7243
G1Z5F20000
(Plotting speed under)
G1 F4000


G1X188.7374Y-169.1914

G1X187.3852Y-168.7710

G1X185.8590Y-168.4345

G1X184.3198Y-168.2264

G1X183.0254Y-168.1589

G1X181.6115Y-168.2097

G1X180.0778Y-168.3894

G1X178.5797Y-168.6777

G1X177.0848Y-169.0808

G1X175.8124Y-169.5408

G1X174.5698Y-170.1180

G1X173.3302Y-170.8337

G1X172.2312Y-171.6169

G1X171.2730Y-172.4731

G1X170.4653Y-173.4006

G1X169.8604Y-174.3123

G1X169.2863Y-175.5542

G1X168.9562Y-176.8344

G1X168.8557Y-178.2629

G1X168.9787Y-180.0385

G1X169.3548Y-182.2488

G1X170.6754Y-186.9567

G1X172.3050Y-193.9300

G1X172.7208Y-196.7830

G1X172.9902Y-201.1750

G1X172.9582Y-204.8652

G1X172.6503Y-208.2074

G1X171.9672Y-211.8865

G1X170.9603Y-215.6406

G1X170.2386Y-217.8133

G1X169.4757Y-219.7914

G1X168.6080Y-221.7007

G1X167.6092Y-223.6330

G1X166.3096Y-225.8909

G1X164.8043Y-228.2785

G1X163.5970Y-229.9672

G1X162.1653Y-231.7447

G1X160.0318Y-234.1333

G1X158.6323Y-235.5591

G1X157.0342Y-236.9752

G1X155.1810Y-238.4178

G1X153.7225Y-239.3763

G1X152.1140Y-240.2129

G1X150.7633Y-240.7497

G1X149.3206Y-241.1266

G1X147.2589Y-241.4460

G1X142.2306Y-241.7351

G1X139.8498Y-241.9485

G1X135.8503Y-242.5655

G1X131.4924Y-243.6163

G1X120.8045Y-246.8053

G1X118.3421Y-247.3802

G1X116.2316Y-247.7709

G1X113.8269Y-248.0173

G1X111.6235Y-248.0510

G1X109.5517Y-247.8489

G1X107.5162Y-247.4280

G1X106.0708Y-246.9456

G1X104.6612Y-246.2951

G1X103.2063Y-245.4495

G1X101.7177Y-244.4216

G1X100.1243Y-243.1338

G1X93.8377Y-237.3887

G1X90.8896Y-234.8586

G1X86.2363Y-231.3258

G1X81.9204Y-228.4684

G1X77.6765Y-225.9942

G1X73.8005Y-223.9788

G1X69.8852Y-222.0894

G1X58.1866Y-216.7624

G1X52.0982Y-213.6697

G1X48.6390Y-211.7120

G1X45.2325Y-209.6328

G1X42.0479Y-207.5437

G1X37.8376Y-204.5736

G1X36.6524Y-203.8704

G1X36.1531Y-203.7102

G1X35.6411Y-203.7289

G1X34.8563Y-204.0238

G1X33.5141Y-204.7039

G1X32.4931Y-205.0145

G1X31.5416Y-205.2032

G1X28.5893Y-205.2222

G1X22.9567Y-206.0429

G1X20.0000Y-206.1659

G1 Z0F20000

(Start Block)


G1X20.0000Y-90.0630
G1Z5F20000
(Plotting speed under)
G1 F4000


G1X24.2112Y-86.5688

G1X28.6804Y-83.1514

G1X32.9045Y-80.1516

G1X38.8698Y-76.1491

G1X39.6435Y-75.3120

G1X40.7434Y-73.0957

G1X41.7361Y-71.8083

G1X42.7945Y-70.8771

G1X44.3875Y-69.9829

G1X46.5761Y-69.1318

G1X49.0557Y-68.5321

G1X54.4511Y-67.6901

G1X60.5158Y-67.0161

G1X63.4271Y-66.5976

G1X70.4565Y-65.2993

G1X72.9797Y-64.7094

G1X75.2977Y-64.0540

G1X78.1882Y-63.0733

G1X81.0123Y-61.9933

G1X83.7376Y-60.8295

G1X86.2961Y-59.6078

G1X88.3873Y-58.4916

G1X90.3297Y-57.3236

G1X92.4827Y-55.8800

G1X94.7171Y-54.2417

G1X97.5726Y-51.9848

G1X100.5353Y-49.5001

G1X102.6567Y-47.5623

G1X104.4364Y-45.7475

G1X106.0596Y-43.8559

G1X107.5427Y-41.8522

G1X108.8881Y-39.7468

G1X110.0914Y-37.5310

G1X111.0941Y-35.2491

G1X111.7023Y-33.2907

G1X112.1717Y-30.9214

G1X112.4741Y-28.0995

G1X112.5183Y-26.6185

G1X112.3706Y-25.1584

G1X111.7289Y-22.1958

G1X111.1847Y-20.8101

G1X111.1825Y-20.6711

G1X111.2800Y-20.5723

G1X116.0740Y-22.4946

G1X126.8748Y-25.9555

G1X131.9448Y-27.7261

G1X135.5797Y-29.1252

G1X139.4299Y-30.8096

G1X144.1003Y-33.1029

G1X148.4742Y-35.5949

G1X153.1121Y-38.5988

G1X157.2871Y-41.6741

G1X161.7676Y-45.3930

G1X165.8008Y-49.1562

G1X169.6803Y-53.2115

G1X173.5014Y-57.6994

G1X176.2185Y-61.2493

G1X179.2771Y-65.5925

G1X183.1317Y-71.6000

G1X186.6509Y-77.2684

G1X190.0003Y-82.2132

G1 Z0F20000

(Start Block)


G1X190.0003Y-170.1890
G1Z5F20000
(Plotting speed under)
G1 F4000


G1X187.2553Y-170.2810

G1X184.6592Y-170.6973

G1X181.7874Y-171.5357

G1X179.1621Y-172.6598

G1X176.9869Y-173.9811

G1X175.9476Y-174.7870

G1X175.1037Y-175.5649

G1X174.4082Y-176.3377

G1X173.7988Y-177.1684

G1X173.3039Y-178.0305

G1X172.9240Y-178.9304

G1X172.6400Y-179.9715

G1X172.5008Y-181.1041

G1X172.5370Y-182.2001

G1X172.7473Y-183.5431

G1X173.6063Y-186.9777

G1X175.1689Y-191.4280

G1X175.7727Y-193.4346

G1X176.9139Y-198.2537

G1X177.5090Y-201.6115

G1X177.7388Y-203.9195

G1X177.8154Y-206.7589

G1X177.7347Y-209.6966

G1X177.5073Y-212.4660

G1X177.0117Y-215.7770

G1X176.2570Y-218.9279

G1X175.1457Y-222.3463

G1X173.6884Y-225.9555

G1X172.4225Y-228.5937

G1X170.8397Y-231.3051

G1X168.7218Y-234.4116

G1X166.5110Y-237.2966

G1X164.0816Y-239.9214

G1X161.1666Y-242.6122

G1X158.8478Y-244.2739

G1X157.7649Y-244.8988

G1X156.7015Y-245.3734

G1X155.1522Y-245.8207

G1X153.6846Y-246.0433

G1X151.0766Y-246.0675

G1X148.0508Y-245.9861

G1X144.7600Y-246.1635

G1X142.5687Y-246.4885

G1X140.2295Y-247.0212

G1X137.6314Y-247.8186

G1X134.4881Y-249.0323

G1X123.9526Y-253.6777

G1X120.6557Y-254.8651

G1X118.2297Y-255.5146

G1X116.4988Y-255.8389

G1X114.9935Y-256.0066

G1X113.7149Y-256.0263

G1X112.3218Y-255.9121

G1X111.0536Y-255.6875

G1X109.8006Y-255.3171

G1X108.6893Y-254.8405

G1X107.4876Y-254.1641

G1X105.8131Y-252.9510

G1X104.0027Y-251.3515

G1X99.8618Y-246.7561

G1X96.9103Y-243.7021

G1X94.3033Y-241.1249

G1X92.0540Y-239.1294

G1X88.8341Y-236.6311

G1X85.4122Y-234.2683

G1X82.3258Y-232.3789

G1X78.8658Y-230.5561

G1X74.4862Y-228.5201

G1X71.6557Y-227.3519

G1X65.5876Y-225.1559

G1X54.2873Y-221.3360

G1X50.3145Y-219.7665

G1X46.6260Y-218.0978

G1X43.9286Y-216.7388

G1X41.2688Y-215.2830

G1X38.6658Y-213.7486

G1X36.2250Y-212.1883

G1X34.3348Y-210.8812

G1X32.8611Y-209.7443

G1X31.3983Y-208.4937

G1X30.1823Y-207.2520

G1X29.5973Y-206.7824

G1X29.2972Y-206.8424

G1X28.2487Y-207.8309

G1X27.5132Y-208.3460

G1X26.2925Y-208.7946

G1X25.2324Y-208.9631

G1X24.2509Y-208.8659

G1X22.9588Y-208.4879

G1X21.5857Y-207.9442

G1X20.0000Y-207.1097

G1 Z0F20000

(Start Block)


G1X20.0000Y-87.7265
G1Z5F20000
(Plotting speed under)
G1 F4000


G1X25.0596Y-83.7508

G1X30.2290Y-79.9491

G1X34.7509Y-76.8760

G1X39.8567Y-73.6609

G1X40.4537Y-73.0308

G1X41.4442Y-71.1464

G1X41.8339Y-70.5966

G1X43.2376Y-69.2567

G1X44.6347Y-68.4248

G1X46.9653Y-67.5207

G1X49.6364Y-66.8264

G1X51.9639Y-66.4294

G1X62.9824Y-64.9377

G1X65.9036Y-64.4676

G1X71.6557Y-63.1581

G1X76.3675Y-61.8353

G1X80.4408Y-60.3550

G1X84.9927Y-58.2241

G1X89.6282Y-55.6190

G1X91.7912Y-54.2390

G1X93.6996Y-52.9018

G1X95.8445Y-51.2077

G1X98.1621Y-49.1679

G1X100.7098Y-46.7251

G1X103.7724Y-43.6130

G1X105.3992Y-41.8131

G1X106.7328Y-40.1577

G1X107.8669Y-38.5231

G1X108.7810Y-36.9495

G1X109.7739Y-34.8503

G1X110.6216Y-32.6217

G1X111.3605Y-30.1339

G1X111.7294Y-28.2688

G1X111.8666Y-25.8917

G1X111.7157Y-22.7412

G1X111.5018Y-21.4575

G1X111.0339Y-20.0000

G1 Z0F20000

(Start Block)


G1X58.4579Y-20.0000
G1Z5F20000
(Plotting speed under)
G1 F4000


G1X60.2542Y-20.0000

G1 Z0F20000

(Start Block)


G1X52.6507Y-20.0000
G1Z5F20000
(Plotting speed under)
G1 F4000


G1X54.6489Y-21.3516

G1X56.8266Y-22.3712

G1X58.5767Y-22.9146

G1X60.2826Y-23.0873

G1X62.3663Y-22.8903

G1X64.6858Y-22.3143

G1X67.3976Y-21.3234

G1X70.2283Y-20.0000

G1 Z0F20000

(Start Block)


G1X49.9926Y-20.0000
G1Z5F20000
(Plotting speed under)
G1 F4000


G1X53.2259Y-22.5763

G1X56.9695Y-25.2857

G1X57.8054Y-25.7003

G1X58.6150Y-25.9588

G1X59.6123Y-26.1438

G1X60.7307Y-26.2130

G1X62.2135Y-26.1125

G1X63.8399Y-25.8138

G1X65.5892Y-25.3303

G1X67.4985Y-24.6442

G1X69.6086Y-23.7391

G1X71.8400Y-22.6420

G1X74.1015Y-21.3933

G1X76.4010Y-20.0000

G1 Z0F20000

(Start Block)


G1X46.9440Y-20.0000
G1Z5F20000
(Plotting speed under)
G1 F4000


G1X49.4178Y-21.6265

G1X52.6456Y-24.1583

G1X53.6982Y-25.1377

G1X55.6462Y-27.2110

G1X56.6230Y-28.0285

G1X57.7546Y-28.6732

G1X58.7353Y-29.0790

G1X59.7648Y-29.3263

G1X60.9154Y-29.4104

G1X62.7380Y-29.2520

G1X64.8974Y-28.7520

G1X67.4960Y-27.8701

G1X70.3157Y-26.6872

G1X73.2231Y-25.2695

G1X76.0106Y-23.7218

G1X78.7056Y-22.0273

G1X81.6237Y-20.0000

G1 Z0F20000

(Start Block)


G1X42.2769Y-20.0000
G1Z5F20000
(Plotting speed under)
G1 F4000


G1X44.3663Y-20.8781

G1X46.2088Y-21.7650

G1X48.0202Y-22.7758

G1X49.6285Y-23.8128

G1X51.0919Y-24.9062

G1X52.0229Y-25.7429

G1X52.9536Y-26.7885

G1X55.1282Y-29.5367

G1X57.1840Y-31.4935

G1X57.8645Y-31.9708

G1X58.6283Y-32.3205

G1X59.5268Y-32.5279

G1X60.4790Y-32.5957

G1X61.5025Y-32.5404

G1X62.6147Y-32.3718

G1X65.6086Y-31.6001

G1X68.8944Y-30.4192

G1X72.2821Y-28.9054

G1X76.2329Y-26.8154

G1X79.8625Y-24.6317

G1X82.8917Y-22.5449

G1X86.1243Y-20.0000

G1 Z0F20000

(Start Block)


G1X20.0000Y-30.0997
G1Z5F20000
(Plotting speed under)
G1 F4000


G1X21.3959Y-25.5609

G1X22.3123Y-23.3177

G1X22.8714Y-22.3446

G1X23.4799Y-21.5263

G1X24.2630Y-20.6964

G1X25.1018Y-20.0000

G1 Z0F20000

(Start Block)


G1X20.0000Y-40.0408
G1Z5F20000
(Plotting speed under)
G1 F4000


G1X21.4021Y-35.9698

G1X23.2491Y-29.9999

G1X23.9080Y-28.3712

G1X24.7212Y-26.8519

G1X26.0419Y-24.9222

G1X27.4397Y-23.4697

G1X28.2473Y-22.8481

G1X29.1212Y-22.3146

G1X30.8288Y-21.6406

G1X32.4023Y-21.3109

G1X34.1457Y-21.1543

G1X36.1837Y-21.1667

G1X37.8456Y-21.3593

G1X39.8581Y-21.7914

G1X42.0460Y-22.4343

G1X44.6255Y-23.3544

G1X46.8023Y-24.2886

G1X48.1483Y-24.9869

G1X49.3216Y-25.7129

G1X50.2619Y-26.4150

G1X51.0982Y-27.2018

G1X52.4023Y-28.7388

G1X54.8974Y-32.0372

G1X56.2014Y-33.9651

G1X56.8701Y-34.7038

G1X57.5492Y-35.1516

G1X58.3843Y-35.4891

G1X59.1890Y-35.6445

G1X60.0946Y-35.6723

G1X61.4858Y-35.5404

G1X62.9675Y-35.2605

G1X64.6326Y-34.8203

G1X66.4577Y-34.2277

G1X71.2092Y-32.3281

G1X75.5668Y-30.2523

G1X79.2859Y-28.1138

G1X83.4176Y-25.3715

G1X87.0714Y-22.6101

G1X90.0371Y-20.0000

G1 Z0F20000

(Start Block)


G1X20.0000Y-47.0675
G1Z5F20000
(Plotting speed under)
G1 F4000


G1X21.6920Y-43.2256

G1X24.5352Y-35.5380

G1X25.9283Y-32.5928

G1X27.0679Y-30.4694

G1X28.2730Y-28.6781

G1X29.5876Y-27.2750

G1X31.0950Y-26.1810

G1X32.8168Y-25.3638

G1X34.2444Y-24.9276

G1X35.7821Y-24.6452

G1X37.1549Y-24.5860

G1X38.7838Y-24.6944

G1X41.0308Y-25.0515

G1X43.7944Y-25.6851

G1X45.7574Y-26.2911

G1X47.4381Y-26.9994

G1X48.5600Y-27.6306

G1X49.5207Y-28.3378

G1X50.5067Y-29.2540

G1X51.6313Y-30.5023

G1X53.6945Y-33.1760

G1X54.2646Y-34.1519

G1X55.4526Y-36.5730

G1X55.8386Y-37.1187

G1X56.4232Y-37.7324

G1X57.0849Y-38.2480

G1X57.7619Y-38.5332

G1X58.6303Y-38.6675

G1X59.6968Y-38.6506

G1X61.2272Y-38.4173

G1X63.2408Y-37.9107

G1X66.2537Y-36.9715

G1X69.0325Y-35.9858

G1X73.0435Y-34.2845

G1X78.3464Y-31.5682

G1X82.2581Y-29.2352

G1X85.7125Y-26.7818

G1X89.5851Y-23.5864

G1X93.4180Y-20.0000

G1 Z0F20000

(Start Block)


G1X20.0000Y-52.5217
G1Z5F20000
(Plotting speed under)
G1 F4000


G1X21.4945Y-49.6228

G1X24.3637Y-43.4246

G1X27.1636Y-37.7208

G1X28.8425Y-34.6583

G1X30.1542Y-32.8847

G1X31.6986Y-31.2886

G1X33.2391Y-30.1101

G1X34.9601Y-29.1862

G1X36.1830Y-28.7712

G1X37.6637Y-28.4971

G1X39.2812Y-28.3905

G1X41.2836Y-28.4320

G1X43.0926Y-28.5954

G1X44.7102Y-28.8816

G1X46.1780Y-29.3008

G1X47.4600Y-29.8483

G1X48.6392Y-30.5679

G1X49.9347Y-31.5955

G1X51.2644Y-32.8903

G1X52.4560Y-34.2773

G1X53.3468Y-35.7707

G1X54.6614Y-38.8485

G1X55.5394Y-40.4673

G1X55.9166Y-40.9635

G1X56.4396Y-41.3130

G1X57.0702Y-41.4917

G1X57.8806Y-41.5397

G1X58.8272Y-41.4468

G1X60.9454Y-41.0166

G1X63.2835Y-40.4221

G1X65.6209Y-39.7178

G1X67.8600Y-38.9373

G1X74.4072Y-36.2718

G1X76.8744Y-35.1033

G1X79.1118Y-33.9025

G1X81.7894Y-32.2947

G1X84.3481Y-30.6229

G1X86.7768Y-28.8988

G1X88.9243Y-27.2345

G1X90.6083Y-25.7978

G1X92.2660Y-24.2273

G1X96.2122Y-20.0000

G1 Z0F20000

(Start Block)


G1X20.0000Y-56.8011
G1Z5F20000
(Plotting speed under)
G1 F4000


G1X24.8170Y-48.6874

G1X28.4262Y-42.0312

G1X29.9079Y-39.7192

G1X31.6011Y-37.4607

G1X33.1604Y-35.7481

G1X34.6757Y-34.4731

G1X36.2952Y-33.5285

G1X37.5978Y-33.0134

G1X39.0141Y-32.6277

G1X40.6355Y-32.3393

G1X42.1602Y-32.2152

G1X43.5997Y-32.2440

G1X44.9126Y-32.4057

G1X46.1676Y-32.7062

G1X47.3836Y-33.1644

G1X48.6774Y-33.8292

G1X49.8919Y-34.6324

G1X50.9622Y-35.5335

G1X51.7504Y-36.4239

G1X52.3094Y-37.3212

G1X52.8692Y-38.4814

G1X54.0270Y-41.2659

G1X54.5784Y-43.1871

G1X54.9287Y-43.7255

G1X55.5561Y-44.1056

G1X56.2274Y-44.2158

G1X57.5381Y-44.1042

G1X59.3354Y-43.7832

G1X62.1798Y-43.0530

G1X66.1086Y-41.8370

G1X69.3806Y-40.7591

G1X71.9831Y-39.7872

G1X74.1232Y-38.8679

G1X77.6645Y-37.1714

G1X80.2849Y-35.8061

G1X82.7131Y-34.4204

G1X84.8813Y-33.0448

G1X86.8399Y-31.6492

G1X89.0071Y-29.9415

G1X91.1937Y-28.0640

G1X93.4842Y-25.9418

G1X95.7509Y-23.6794

G1X97.2710Y-21.9877

G1X98.8823Y-20.0000

G1 Z0F20000

(Start Block)


G1X20.0000Y-60.5466
G1Z5F20000
(Plotting speed under)
G1 F4000


G1X23.2794Y-56.0012

G1X28.2798Y-48.1041

G1X30.7482Y-44.5526

G1X32.1794Y-42.6319

G1X33.5489Y-41.0346

G1X34.9385Y-39.7242

G1X36.3713Y-38.6505

G1X37.9826Y-37.7213

G1X39.4358Y-37.0865

G1X40.7159Y-36.6797

G1X42.1307Y-36.4069

G1X43.6372Y-36.2946

G1X45.1949Y-36.3607

G1X46.7236Y-36.6014

G1X48.1248Y-36.9976

G1X49.3201Y-37.5304

G1X50.0474Y-38.0004

G1X50.6168Y-38.5176

G1X51.1921Y-39.2338

G1X51.7550Y-40.1322

G1X53.0907Y-42.9674

G1X53.6637Y-45.8146

G1X54.1206Y-46.4960

G1X54.5401Y-46.7154

G1X55.6059Y-46.7392

G1X57.0280Y-46.5045

G1X64.5028Y-44.5427

G1X69.0118Y-43.1082

G1X73.5756Y-41.3858

G1X76.8119Y-40.0305

G1X78.9094Y-39.0378

G1X80.7637Y-38.0508

G1X83.1310Y-36.6493

G1X85.4468Y-35.1585

G1X87.7329Y-33.5670

G1X89.8486Y-31.9723

G1X91.8245Y-30.3490

G1X93.3613Y-28.9469

G1X96.5196Y-25.6039

G1X101.1988Y-20.0000

G1 Z0F20000

(Start Block)


G1X20.0000Y-64.0161
G1Z5F20000
(Plotting speed under)
G1 F4000


G1X22.6266Y-60.7371

G1X30.7789Y-49.7515

G1X32.6500Y-47.4077

G1X34.2866Y-45.6704

G1X35.9053Y-44.1844

G1X37.4987Y-42.9631

G1X39.0428Y-42.0170

G1X40.2920Y-41.4413

G1X41.5381Y-41.0173

G1X42.8635Y-40.7023

G1X44.2980Y-40.4889

G1X45.6653Y-40.3970

G1X46.9052Y-40.4407

G1X47.9687Y-40.6245

G1X48.8335Y-40.9376

G1X49.5752Y-41.4145

G1X50.3269Y-42.1318

G1X51.0510Y-43.0457

G1X51.7915Y-44.2154

G1X52.1094Y-44.8494

G1X52.3065Y-45.4880

G1X52.6204Y-47.6004

G1X52.9379Y-48.8565

G1X53.1169Y-49.0909

G1X53.5744Y-49.2119

G1X54.6955Y-49.0753

G1X62.2688Y-47.1898

G1X68.5554Y-45.3493

G1X71.5964Y-44.3758

G1X75.5334Y-42.8434

G1X81.2034Y-40.0993

G1X85.4903Y-37.6461

G1X87.3442Y-36.4243

G1X88.9695Y-35.2342

G1X90.9708Y-33.6090

G1X93.0608Y-31.7466

G1X95.2556Y-29.6322

G1X97.5865Y-27.2329

G1X100.4571Y-23.9292

G1X103.3369Y-20.0000

G1 Z0F20000

(Start Block)


G1X20.0000Y-67.0294
G1Z5F20000
(Plotting speed under)
G1 F4000


G1X25.7601Y-60.4399

G1X30.8004Y-54.2922

G1X33.0136Y-51.8624

G1X34.8442Y-50.0069

G1X36.4007Y-48.6024

G1X37.8625Y-47.4826

G1X39.3937Y-46.5333

G1X41.8481Y-45.4111

G1X44.5243Y-44.6007

G1X45.5518Y-44.4223

G1X46.5254Y-44.3623

G1X47.3298Y-44.4323

G1X48.0027Y-44.6226

G1X48.7473Y-44.9967

G1X49.5121Y-45.5528

G1X50.2458Y-46.2538

G1X50.8506Y-46.9871

G1X51.1957Y-47.6655

G1X51.4780Y-48.6108

G1X51.8368Y-50.2676

G1X51.8698Y-51.2970

G1X52.0712Y-51.4954

G1X52.4284Y-51.5400

G1X67.9012Y-47.6176

G1X70.6666Y-46.7279

G1X76.3660Y-44.5994

G1X80.7230Y-42.6665

G1X82.5587Y-41.7052

G1X84.4444Y-40.5965

G1X86.6625Y-39.1658

G1X88.8608Y-37.6232

G1X91.0712Y-35.9454

G1X93.0805Y-34.2979

G1X95.7487Y-31.8581

G1X98.3708Y-29.0000

G1X101.7265Y-24.7765

G1X105.2158Y-20.0000

G1 Z0F20000

(Start Block)


G1X20.0000Y-69.7977
G1Z5F20000
(Plotting speed under)
G1 F4000


G1X23.6325Y-66.1289

G1X28.7354Y-60.5591

G1X31.5071Y-57.6544

G1X34.8745Y-54.3208

G1X36.7416Y-52.7624

G1X38.6067Y-51.4401

G1X40.5678Y-50.2868

G1X42.5723Y-49.3290

G1X44.3254Y-48.7095

G1X45.8272Y-48.4452

G1X47.1370Y-48.5737

G1X48.3941Y-49.0480

G1X49.4023Y-49.7036

G1X49.9361Y-50.3677

G1X50.2632Y-51.0506

G1X50.7241Y-52.3380

G1X50.8194Y-53.5226

G1X50.9293Y-53.6889

G1X51.2013Y-53.7638

G1X57.0857Y-52.0971

G1X64.9339Y-50.3086

G1X73.3186Y-47.8503

G1X75.8988Y-46.9242

G1X78.2290Y-45.9350

G1X81.4740Y-44.3522

G1X84.6127Y-42.6461

G1X87.9305Y-40.6142

G1X90.7697Y-38.6102

G1X93.3250Y-36.4734

G1X96.0249Y-33.8741

G1X100.2237Y-29.3274

G1X102.8070Y-26.2401

G1X105.0852Y-23.0579

G1X106.8584Y-20.0000

G1 Z0F20000

(Start Block)


G1X20.0000Y-72.4148
G1Z5F20000
(Plotting speed under)
G1 F4000


G1X31.6888Y-61.0881

G1X34.1895Y-58.8226

G1X36.4250Y-57.0094

G1X38.4601Y-55.5499

G1X40.4870Y-54.3093

G1X42.4269Y-53.3395

G1X43.8745Y-52.8114

G1X45.1753Y-52.5616

G1X46.5390Y-52.5627

G1X47.7346Y-52.8219

G1X48.2964Y-53.1561

G1X48.7867Y-53.7194

G1X49.4796Y-54.9261

G1X49.6420Y-55.8499

G1X49.7860Y-55.9936

G1X49.9533Y-56.0167

G1X52.7945Y-54.9782

G1X54.5212Y-54.4579

G1X67.4830Y-51.5116

G1X69.9193Y-50.8817

G1X72.1005Y-50.2189

G1X76.0811Y-48.7527

G1X79.8046Y-47.2128

G1X82.8797Y-45.7623

G1X85.6485Y-44.2450

G1X88.8621Y-42.1315

G1X92.3157Y-39.4778

G1X95.9430Y-36.3126

G1X98.9745Y-33.3087

G1X101.7017Y-30.0905

G1X104.4735Y-26.2683

G1X106.4706Y-23.0795

G1X108.0274Y-20.0000

G1 Z0F20000

(Start Block)


G1X20.0000Y-74.7922
G1Z5F20000
(Plotting speed under)
G1 F4000


G1X25.1464Y-70.2568

G1X30.5886Y-65.3128

G1X34.5219Y-62.0097

G1X36.5646Y-60.4484

G1X38.4683Y-59.1539

G1X40.3273Y-58.0463

G1X41.9717Y-57.2330

G1X43.1552Y-56.7802

G1X44.3129Y-56.4583

G1X45.4341Y-56.2801

G1X46.2421Y-56.2871

G1X46.7885Y-56.4692

G1X47.3783Y-56.8930

G1X48.0478Y-57.5729

G1X48.3260Y-58.2960

G1X48.5587Y-58.3601

G1X50.9779Y-57.2383

G1X52.8643Y-56.6134

G1X59.1108Y-55.1396

G1X66.8042Y-53.5459

G1X70.8919Y-52.3845

G1X74.8537Y-51.1410

G1X77.9650Y-50.0160

G1X80.7420Y-48.8244

G1X83.5695Y-47.3714

G1X86.5578Y-45.6324

G1X90.4086Y-43.0906

G1X93.8448Y-40.4672

G1X96.5616Y-37.9815

G1X99.3641Y-34.9767

G1X103.4256Y-30.0515

G1X104.8287Y-28.1791

G1X106.0065Y-26.4461

G1X107.0293Y-24.7346

G1X107.9001Y-23.0138

G1X108.4719Y-21.6012

G1X108.9736Y-20.0000

G1 Z0F20000

(Start Block)


G1X20.0000Y-77.0630
G1Z5F20000
(Plotting speed under)
G1 F4000


G1X28.7332Y-69.7376

G1X34.1705Y-65.3556

G1X36.2760Y-63.8398

G1X38.2486Y-62.5437

G1X40.0348Y-61.5072

G1X41.6667Y-60.7062

G1X43.5802Y-59.9827

G1X44.7665Y-59.7845

G1X45.4086Y-59.8852

G1X46.4103Y-60.2723

G1X46.8192Y-60.7335

G1X47.0180Y-60.8022

G1X48.5546Y-59.8381

G1X49.4464Y-59.3745

G1X50.6007Y-58.9397

G1X52.4628Y-58.3826

G1X56.3835Y-57.4263

G1X64.0472Y-55.9419

G1X69.9265Y-54.5042

G1X73.1928Y-53.5964

G1X76.6936Y-52.3846

G1X80.9347Y-50.5454

G1X84.9573Y-48.5263

G1X88.4611Y-46.4733

G1X90.1896Y-45.3123

G1X91.8336Y-44.0792

G1X95.4370Y-40.9704

G1X97.6038Y-38.8763

G1X100.1088Y-36.2969

G1X103.2014Y-32.7623

G1X105.4292Y-29.7074

G1X107.1728Y-26.7227

G1X108.5533Y-23.5300

G1X109.1556Y-21.7387

G1X109.6353Y-20.0000

G1 Z0F20000

(Start Block)


G1X20.0000Y-79.2428
G1Z5F20000
(Plotting speed under)
G1 F4000


G1X30.0013Y-71.2683

G1X33.5725Y-68.5724

G1X37.7433Y-65.7625

G1X39.6934Y-64.6377

G1X41.4626Y-63.7533

G1X42.5499Y-63.3312

G1X43.3790Y-63.1667

G1X44.7585Y-63.1404

G1X45.4611Y-63.3233

G1X46.8550Y-62.1456

G1X47.8289Y-61.5384

G1X49.8768Y-60.7273

G1X52.2626Y-60.0107

G1X54.3684Y-59.5252

G1X59.8245Y-58.5326

G1X67.2013Y-57.0269

G1X70.0501Y-56.3482

G1X72.5360Y-55.6191

G1X77.4300Y-53.8813

G1X81.5103Y-52.1876

G1X84.9970Y-50.4514

G1X88.0946Y-48.5705

G1X90.2940Y-47.0457

G1X92.5095Y-45.3686

G1X94.7627Y-43.5244

G1X96.9669Y-41.5806

G1X98.5361Y-40.0717

G1X100.0598Y-38.4615

G1X102.9964Y-34.9244

G1X104.6629Y-32.6602

G1X106.0057Y-30.6616

G1X107.1759Y-28.6966

G1X108.1235Y-26.8537

G1X108.8647Y-25.1293

G1X109.3831Y-23.5866

G1X109.7625Y-21.8774

G1X110.0108Y-20.0000

G1 Z0F20000

(Start Block)


G1X20.0000Y-81.3353
G1Z5F20000
(Plotting speed under)
G1 F4000


G1X29.4973Y-74.0289

G1X35.0378Y-70.0817

G1X37.9749Y-68.2355

G1X40.3907Y-66.9198

G1X41.7827Y-66.3977

G1X43.9836Y-65.8739

G1X44.4845Y-65.2495

G1X45.5975Y-64.1344

G1X46.2210Y-63.7153

G1X47.3681Y-63.1411

G1X49.2484Y-62.3955

G1X51.2751Y-61.8224

G1X58.3809Y-60.4603

G1X63.7517Y-59.5561

G1X66.4548Y-59.0225

G1X71.0384Y-57.8280

G1X75.3559Y-56.5311

G1X79.1500Y-55.1525

G1X82.4642Y-53.6432

G1X86.3643Y-51.5133

G1X90.1604Y-49.1121

G1X92.2608Y-47.6257

G1X94.1371Y-46.1713

G1X95.8156Y-44.7129

G1X97.5518Y-43.0440

G1X99.7872Y-40.6820

G1X102.4715Y-37.6144

G1X104.3557Y-35.3312

G1X105.8713Y-33.3013

G1X106.8775Y-31.7718

G1X107.7159Y-30.3049

G1X108.3702Y-28.9507

G1X108.9544Y-27.4538

G1X109.5176Y-25.6311

G1X110.0074Y-23.5644

G1X110.3874Y-21.3896

G1X110.4892Y-20.0000

G1 Z0F20000

(Start Block)


G1X20.0000Y-83.4222
G1Z5F20000
(Plotting speed under)
G1 F4000


G1X27.8987Y-77.4331

G1X33.9848Y-73.1163

G1X36.4790Y-71.5110

G1X38.5420Y-70.2916

G1X42.4933Y-68.4760

G1X42.7657Y-68.2167

G1X43.7752Y-66.7338

G1X44.2290Y-66.2526

G1X45.3406Y-65.4870

G1X46.6313Y-64.7932

G1X48.3728Y-64.1321

G1X50.8992Y-63.4896

G1X55.3322Y-62.6321

G1X60.9970Y-61.8018

G1X63.7002Y-61.3241

G1X70.2960Y-59.8797

G1X74.4906Y-58.7307

G1X78.5767Y-57.2301

G1X83.1130Y-55.2096

G1X87.1003Y-53.1119

G1X90.4910Y-50.9796

G1X92.6519Y-49.3726

G1X94.8812Y-47.5257

G1X97.2694Y-45.3699

G1X100.1063Y-42.6354

G1X101.9911Y-40.6900

G1X103.6070Y-38.8645

G1X105.0522Y-37.0434

G1X106.2943Y-35.2682

G1X107.4314Y-33.3815

G1X108.4808Y-31.3119

G1X109.3870Y-29.1603

G1X110.1127Y-27.0147

G1X110.4698Y-25.5691

G1X110.6982Y-23.9255

G1X110.7879Y-22.2474

G1X110.7737Y-20.0000

G1 Z0F20000

(Start Block)


G1X20.0000Y-85.5384
G1Z5F20000
(Plotting speed under)
G1 F4000


G1X26.1013Y-80.8744

G1X31.9858Y-76.6396

G1X36.6066Y-73.6250

G1X41.0629Y-71.1083

G1X41.4773Y-70.7099

G1X42.4709Y-69.0104

G1X42.9663Y-68.3930

G1X44.2596Y-67.3558

G1X45.5762Y-66.5985

G1X47.8909Y-65.7666

G1X50.9946Y-65.0085

G1X53.3901Y-64.5766

G1X59.4793Y-63.7345

G1X66.9709Y-62.4651

G1X70.5627Y-61.6812

G1X74.1366Y-60.6378

G1X79.4769Y-58.7753

G1X81.7660Y-57.8373

G1X83.9008Y-56.8553

G1X85.7689Y-55.8846

G1X87.7847Y-54.7105

G1X91.8826Y-51.9746

G1X94.4384Y-50.0572

G1X96.9277Y-48.0357

G1X98.8395Y-46.3161

G1X100.6672Y-44.4979

G1X102.7877Y-42.1656

G1X104.9559Y-39.5382

G1X106.6636Y-37.2432

G1X108.0302Y-35.1363

G1X109.0009Y-33.3670

G1X109.7560Y-31.6771

G1X110.3271Y-29.9529

G1X110.8112Y-27.9047

G1X111.1689Y-25.6690

G1X111.3689Y-23.5417

G1X111.2955Y-21.9380

G1X110.9821Y-20.0000

G1 Z0F20000

(Start Block)


G1X190.0003Y-170.3622
G1Z5F20000
(Plotting speed under)
G1 F4000


G1X188.8025Y-169.6291

G1X187.5036Y-169.0165

G1X186.0222Y-168.4851

G1X184.6229Y-168.1307

G1X183.2557Y-167.9313

G1X181.7200Y-167.8553

G1X180.1703Y-167.9066

G1X178.5764Y-168.0856

G1X177.0941Y-168.3867

G1X175.6912Y-168.8183

G1X174.2644Y-169.4044

G1X172.9714Y-170.0821

G1X171.8900Y-170.7975

G1X170.8568Y-171.6716

G1X170.0419Y-172.5601

G1X169.3764Y-173.5134

G1X168.7969Y-174.7227

G1X168.4457Y-176.0286

G1X168.2939Y-177.5545

G1X168.3359Y-179.1644

G1X168.7012Y-181.2926

G1X170.6986Y-189.6364

G1X171.1648Y-191.9281

G1X171.7481Y-196.7523

G1X171.9618Y-200.7519

G1X171.8510Y-203.9245

G1X171.4098Y-207.6175

G1X170.6861Y-211.3369

G1X169.7601Y-214.7179

G1X168.9566Y-216.9639

G1X167.9866Y-219.2506

G1X166.8435Y-221.6141

G1X165.5064Y-224.0942

G1X164.4861Y-225.7570

G1X163.2925Y-227.4836

G1X160.1921Y-231.3906

G1X158.8602Y-232.8388

G1X157.3562Y-234.2871

G1X155.4873Y-235.9143

G1X154.0351Y-237.0090

G1X152.5215Y-237.9668

G1X151.1560Y-238.6860

G1X149.7674Y-239.2305

G1X148.1469Y-239.6851

G1X145.2493Y-240.0709

G1X138.7359Y-240.4940

G1X134.5311Y-241.1014

G1X129.7140Y-242.1948

G1X120.6236Y-244.6848

G1X117.7634Y-245.3330

G1X115.4865Y-245.7084

G1X112.8909Y-245.9655

G1X110.5993Y-245.9730

G1X108.4095Y-245.7774

G1X106.3618Y-245.3526

G1X104.9359Y-244.9275

G1X103.7009Y-244.4374

G1X102.5198Y-243.8297

G1X101.3265Y-243.0548

G1X98.0250Y-240.4738

G1X93.6814Y-236.7126

G1X89.0346Y-232.9521

G1X85.3477Y-230.2775

G1X81.3129Y-227.6397

G1X78.1563Y-225.7822

G1X74.3591Y-223.7111

G1X61.0603Y-217.1655

G1X55.0304Y-213.9677

G1X49.0394Y-210.3898

G1X45.8801Y-208.3404

G1X40.8357Y-204.8995

G1X38.9881Y-203.8213

G1X38.1402Y-203.5711

G1X37.3627Y-203.5963

G1X34.0242Y-204.6202

G1X33.3033Y-204.7318

G1X30.7594Y-204.8937

G1X24.8225Y-206.2474

G1X22.3105Y-206.5222

G1X20.0000Y-206.5735

G1 Z0F20000

(Start Block)


G1X190.0003Y-222.4409
G1Z5F20000
(Plotting speed under)
G1 F4000


G1X189.4553Y-224.8559

G1X188.8115Y-227.2132

G1X188.1238Y-229.3067

G1X187.2753Y-231.4910

G1X186.2261Y-233.8482

G1X184.9885Y-236.3278

G1X183.5934Y-238.8567

G1X182.1498Y-241.2339

G1X180.8023Y-243.1774

G1X179.2002Y-245.2458

G1X174.9692Y-250.0902

G1X173.4000Y-251.6529

G1X171.7034Y-253.1788

G1X169.7014Y-254.8186

G1X168.2809Y-255.8339

G1X167.3886Y-256.3247

G1X166.5678Y-256.6142

G1X165.9582Y-256.6872

G1X165.3206Y-256.5555

G1X163.7528Y-255.6373

G1X161.6461Y-253.8234

G1X160.4339Y-253.0196

G1X158.0112Y-251.7592

G1X156.9376Y-251.3376

G1X155.8604Y-251.0280

G1X153.8747Y-250.6802

G1X151.9170Y-250.5763

G1X150.2062Y-250.7021

G1X148.3545Y-251.0816

G1X146.7042Y-251.6111

G1X145.0899Y-252.2880

G1X143.7090Y-253.0187

G1X142.0879Y-254.0449

G1X138.9506Y-256.3172

G1X135.0517Y-259.5590

G1X130.0286Y-263.5766

G1X127.2046Y-265.5414

G1X124.6055Y-267.1513

G1X121.9447Y-268.4956

G1X119.2160Y-269.5567

G1X117.0383Y-270.0947

G1X114.8481Y-270.2732

G1X113.2753Y-270.1614

G1X111.8337Y-269.7982

G1X110.4736Y-269.1663

G1X109.1560Y-268.2566

G1X107.6809Y-266.9261

G1X105.6785Y-264.8281

G1X101.8646Y-259.8717

G1X100.1443Y-257.8429

G1X97.3220Y-254.9989

G1X94.6650Y-252.5113

G1X91.8825Y-250.1594

G1X89.2266Y-248.2173

G1X86.2332Y-246.3808

G1X82.6816Y-244.5146

G1X80.0068Y-243.2686

G1X77.1313Y-242.0513

G1X75.1804Y-241.3144

G1X73.0657Y-240.6320

G1X69.8864Y-239.7656

G1X64.1041Y-238.3803

G1X56.6864Y-236.9566

G1X53.1052Y-236.1007

G1X51.1020Y-235.5182

G1X49.7113Y-235.0102

G1X46.5713Y-233.2864

G1X43.9168Y-232.8856

G1X42.5091Y-232.4727

G1X40.2865Y-231.4902

G1X37.9424Y-230.2427

G1X33.6893Y-227.5801

G1X27.5844Y-223.5549

G1X26.4781Y-222.9313

G1X25.3412Y-222.4592

G1X24.4040Y-222.2766

G1X23.5574Y-222.3483

G1X21.6709Y-223.0874

G1X20.0000Y-223.8784

G1 Z0F20000

(Start Block)


G1X190.0003Y-229.8898
G1Z5F20000
(Plotting speed under)
G1 F4000


G1X188.2596Y-234.2894

G1X187.3762Y-236.1744

G1X186.4065Y-238.0052

G1X183.9086Y-242.0478

G1X180.7365Y-246.4641

G1X179.4040Y-248.1071

G1X177.8262Y-249.8617

G1X173.5488Y-254.1028

G1X170.7383Y-256.5347

G1X169.4855Y-257.4523

G1X168.3418Y-258.1711

G1X167.6584Y-258.5056

G1X167.0664Y-258.6706

G1X166.5034Y-258.6759

G1X165.9391Y-258.5145

G1X165.4509Y-258.1457

G1X164.2808Y-256.8498

G1X162.3629Y-255.0279

G1X161.0746Y-253.9333

G1X159.2591Y-252.8656

G1X156.9899Y-251.9289

G1X155.1151Y-251.4483

G1X153.1447Y-251.2531

G1X151.0235Y-251.3343

G1X148.9609Y-251.7033

G1X147.4756Y-252.1781

G1X145.9193Y-252.8536

G1X144.0178Y-253.8792

G1X142.5543Y-254.8302

G1X138.4034Y-258.1381

G1X133.9667Y-262.0452

G1X130.5267Y-264.8491

G1X127.9462Y-266.7772

G1X125.2756Y-268.4834

G1X122.4046Y-270.0388

G1X119.8151Y-271.0861

G1X118.4136Y-271.5184

G1X117.1307Y-271.8134

G1X115.9717Y-271.9721

G1X114.9376Y-272.0046

G1X113.2872Y-271.8491

G1X111.7947Y-271.4648

G1X110.4077Y-270.8305

G1X109.0943Y-269.9458

G1X108.1319Y-269.0717

G1X107.0524Y-267.8979

G1X103.4280Y-263.6800

G1X99.0179Y-258.3320

G1X97.7040Y-256.9213

G1X96.3765Y-255.6475

G1X93.0285Y-252.8388

G1X89.4826Y-250.2100

G1X85.9598Y-247.9365

G1X82.7693Y-246.2155

G1X80.1402Y-245.0305

G1X77.0909Y-243.8330

G1X73.1134Y-242.4545

G1X69.9719Y-241.4914

G1X66.6790Y-240.7083

G1X53.3670Y-237.9848

G1X51.6157Y-237.4579

G1X49.9643Y-236.8260

G1X48.9848Y-236.3968

G1X47.9380Y-235.7143

G1X47.5618Y-235.5734

G1X46.9954Y-235.6599

G1X46.1348Y-235.9474

G1X45.6378Y-235.9969

G1X44.0219Y-235.8147

G1X42.5013Y-235.3946

G1X40.4965Y-234.4632

G1X37.6010Y-232.8160

G1X28.7514Y-226.9741

G1X26.6273Y-225.7219

G1X25.2871Y-225.1298

G1X24.0656Y-224.8852

G1X22.7988Y-224.9740

G1X22.0823Y-225.1741

G1X20.0000Y-226.0341

G1 Z0F20000

(Start Block)


G1X190.0003Y-235.2579
G1Z5F20000
(Plotting speed under)
G1 F4000


G1X188.0607Y-239.0529

G1X185.9611Y-242.6122

G1X184.0238Y-245.3860

G1X181.5712Y-248.4336

G1X178.2299Y-252.1987

G1X175.7808Y-254.6287

G1X170.9297Y-258.8159

G1X169.5931Y-259.8315

G1X168.6071Y-260.4360

G1X167.9696Y-260.7098

G1X167.4453Y-260.8246

G1X167.0272Y-260.7694

G1X166.5532Y-260.5025

G1X165.8134Y-259.8164

G1X164.2387Y-257.4697

G1X162.8361Y-256.0659

G1X161.6805Y-255.0529

G1X160.6705Y-254.2918

G1X159.6979Y-253.6941

G1X158.7167Y-253.2303

G1X156.3923Y-252.4550

G1X154.0824Y-252.0642

G1X151.8906Y-252.0800

G1X149.6887Y-252.4538

G1X147.8421Y-253.0229

G1X146.3268Y-253.7010

G1X144.5889Y-254.7166

G1X142.5263Y-256.1430

G1X140.4841Y-257.8101

G1X132.0896Y-265.3560

G1X128.5650Y-268.0933

G1X125.7595Y-269.9870

G1X122.5993Y-271.7046

G1X119.8640Y-272.8383

G1X118.4638Y-273.2435

G1X116.9334Y-273.5682

G1X115.7327Y-273.7168

G1X114.5564Y-273.7413

G1X113.1248Y-273.5621

G1X111.5352Y-273.0767

G1X110.1839Y-272.4023

G1X108.8089Y-271.4430

G1X107.7230Y-270.5091

G1X106.9029Y-269.6534

G1X102.9473Y-264.6455

G1X99.1648Y-260.4605

G1X96.5428Y-257.7067

G1X94.2303Y-255.5378

G1X91.5986Y-253.4549

G1X88.3605Y-251.2682

G1X84.8224Y-249.1764

G1X81.1694Y-247.2851

G1X79.2596Y-246.4101

G1X77.3017Y-245.6283

G1X72.6615Y-244.1116

G1X65.7021Y-242.2466

G1X58.2105Y-240.8113

G1X53.0655Y-239.6183

G1X50.9422Y-238.9654

G1X48.5212Y-237.7883

G1X48.2816Y-237.9276

G1X48.0640Y-238.3538

G1X47.8232Y-238.6246

G1X46.9478Y-239.1066

G1X46.3517Y-239.3124

G1X45.8845Y-239.3775

G1X45.2635Y-239.3441

G1X43.5472Y-238.9562

G1X41.5475Y-238.1833

G1X39.5244Y-237.0761

G1X35.7501Y-234.6401

G1X28.6570Y-229.7657

G1X27.2976Y-228.9373

G1X25.7455Y-228.1474

G1X24.4000Y-227.6673

G1X23.1438Y-227.5227

G1X21.6694Y-227.7533

G1X20.0000Y-228.2716

G1 Z0F20000

(Start Block)


G1X190.0003Y-171.5130
G1Z5F20000
(Plotting speed under)
G1 F4000


G1X189.0235Y-170.5741

G1X187.8783Y-169.7305

G1X186.5166Y-168.9516

G1X185.1981Y-168.3888

G1X183.8753Y-168.0052

G1X182.3528Y-167.7297

G1X180.6951Y-167.5863

G1X179.0956Y-167.5942

G1X177.5627Y-167.7654

G1X176.0390Y-168.0949

G1X174.4978Y-168.5834

G1X173.0747Y-169.1974

G1X171.8857Y-169.8832

G1X170.7393Y-170.7446

G1X169.8313Y-171.6328

G1X169.0685Y-172.6337

G1X168.4660Y-173.7738

G1X168.0309Y-175.1150

G1X167.7966Y-176.6358

G1X167.8059Y-178.0935

G1X168.4404Y-182.3939

G1X169.6684Y-187.7797

G1X170.2113Y-191.0856

G1X170.7582Y-195.4727

G1X170.9110Y-199.0391

G1X170.7180Y-202.9814

G1X170.2678Y-206.7300

G1X169.6009Y-210.0811

G1X168.6595Y-213.3134

G1X167.8973Y-215.4320

G1X166.9852Y-217.6580

G1X165.9745Y-219.8565

G1X165.0823Y-221.5535

G1X163.9583Y-223.4329

G1X162.6271Y-225.4311

G1X161.0089Y-227.6665

G1X159.6985Y-229.2814

G1X158.1264Y-230.9868

G1X156.1649Y-232.9107

G1X154.7808Y-234.1138

G1X153.2504Y-235.2658

G1X151.7619Y-236.2416

G1X150.3369Y-236.9912

G1X148.7239Y-237.6437

G1X147.2442Y-238.0423

G1X145.0738Y-238.3937

G1X137.7949Y-238.8751

G1X133.4071Y-239.4446

G1X129.2538Y-240.2878

G1X118.9749Y-242.8444

G1X114.3644Y-243.6631

G1X111.8283Y-243.8861

G1X109.4860Y-243.9192

G1X106.8650Y-243.7275

G1X104.9678Y-243.3984

G1X103.7200Y-243.0161

G1X102.3514Y-242.4433

G1X100.8910Y-241.6799

G1X99.4143Y-240.7741

G1X97.7568Y-239.5630

G1X91.3018Y-234.4440

G1X88.2463Y-232.1424

G1X84.8720Y-229.7589

G1X81.2696Y-227.4381

G1X78.3979Y-225.7176

G1X74.8098Y-223.7166

G1X63.4106Y-217.7501

G1X58.0454Y-214.7498

G1X53.0067Y-211.6536

G1X44.2313Y-205.7532

G1X42.5028Y-204.6527

G1X41.4333Y-204.0885

G1X40.3535Y-203.7397

G1X39.2081Y-203.6814

G1X35.9642Y-204.3501

G1X33.1795Y-204.6182

G1X28.0970Y-206.1212

G1X26.1533Y-206.5703

G1X22.8827Y-206.9766

G1X20.0000Y-206.9588

G1 Z0F20000

(Start Block)


G1X190.0003Y-170.9602
G1Z5F20000
(Plotting speed under)
G1 F4000


G1X187.2949Y-171.2849

G1X184.7525Y-171.8760

G1X182.2062Y-172.8054

G1X179.8829Y-173.9639

G1X177.9458Y-175.2587

G1X176.2848Y-176.7697

G1X175.0924Y-178.3308

G1X174.3485Y-179.9332

G1X174.0856Y-180.9672

G1X173.9537Y-182.1651

G1X173.9680Y-183.4088

G1X174.1271Y-184.5381

G1X174.5820Y-186.2774

G1X177.6545Y-196.1582

G1X178.1144Y-198.1869

G1X178.7093Y-201.7944

G1X179.0554Y-204.7330

G1X179.2139Y-207.4350

G1X179.1865Y-209.8034

G1X178.9789Y-212.4637

G1X178.4767Y-215.9992

G1X177.7367Y-219.4812

G1X176.8790Y-222.4578

G1X175.7354Y-225.4614

G1X174.0866Y-228.9715

G1X172.0942Y-232.5847

G1X170.3653Y-235.1753

G1X168.1435Y-238.0141

G1X165.5376Y-240.9733

G1X162.8967Y-243.4151

G1X161.4989Y-244.5349

G1X160.3938Y-245.3026

G1X159.2037Y-245.9786

G1X157.9592Y-246.5287

G1X156.5516Y-246.9017

G1X154.5952Y-247.0633

G1X149.1403Y-246.7746

G1X146.8861Y-246.8178

G1X144.1096Y-247.1405

G1X141.6532Y-247.6844

G1X138.9651Y-248.5408

G1X136.3431Y-249.5839

G1X132.5381Y-251.3616

G1X127.9434Y-253.6543

G1X123.6002Y-255.6413

G1X120.5512Y-256.7614

G1X118.0411Y-257.4687

G1X116.5833Y-257.7258

G1X115.0603Y-257.8880

G1X113.7638Y-257.9163

G1X112.5888Y-257.8211

G1X111.2536Y-257.5475

G1X110.0546Y-257.1639

G1X108.9605Y-256.6763

G1X107.8567Y-256.0358

G1X106.3683Y-254.9055

G1X104.7014Y-253.2917

G1X102.1708Y-250.6136

G1X98.6694Y-246.5750

G1X96.9008Y-244.6996

G1X94.2410Y-242.2037

G1X91.6984Y-239.9933

G1X88.8636Y-237.7715

G1X85.9493Y-235.7950

G1X82.4504Y-233.7275

G1X78.6116Y-231.7176

G1X74.7806Y-230.0148

G1X69.4467Y-228.0017

G1X66.6034Y-227.0370

G1X57.1272Y-224.1272

G1X54.1773Y-223.1526

G1X50.2066Y-221.6659

G1X46.5699Y-220.0617

G1X43.9248Y-218.7525

G1X40.9889Y-217.1708

G1X38.1718Y-215.5244

G1X35.5967Y-213.9017

G1X31.7934Y-211.1659

G1X29.7527Y-209.3255

G1X28.7768Y-208.3002

G1X28.4511Y-208.1017

G1X28.0337Y-208.2657

G1X27.2834Y-209.0390

G1X26.1276Y-209.8010

G1X25.4206Y-210.0921

G1X24.2729Y-210.3028

G1X23.2151Y-210.3184

G1X22.3036Y-210.1360

G1X21.3142Y-209.7165

G1X20.0000Y-208.9764

G1 Z0F20000


G00 X0.0000 Y0.0000


