$H
G21
G17
G90
G1 Z0F20000
G1 F15000
(Start Layer)
(Start Block)

G1X59.0021Y-34.1313
G1Z6F20000
(Plotting speed under)
G1 F8000

G1X67.1966Y-52.6521
G1X64.5508Y-52.6521
G1X56.3563Y-34.1313
G1X59.0021Y-34.1313
G1 Z0F20000
(Start Block)

G1X56.8526Y-34.2636
G1Z6F20000
(Plotting speed under)
G1 F8000

G1X56.7510Y-34.3652
G1X56.7039Y-34.4706
G1X56.7141Y-34.5997
G1X56.7650Y-34.7148
G1X56.8402Y-34.7788
G1X56.9232Y-34.7543
G1X57.2034Y-34.4741
G1X57.3196Y-34.3820
G1X57.4489Y-34.3162
G1X57.5783Y-34.2767
G1X57.6945Y-34.2636
G1X57.7844Y-34.2767
G1X57.8348Y-34.3162
G1X57.8326Y-34.3820
G1X57.7646Y-34.4741
G1X57.2042Y-35.0345
G1X57.1195Y-35.1433
G1X57.0732Y-35.2532
G1X57.0613Y-35.3549
G1X57.0798Y-35.4395
G1X57.1246Y-35.4978
G1X57.1916Y-35.5206
G1X57.2769Y-35.4990
G1X57.3764Y-35.4236
G1X58.3259Y-34.4741
G1X58.4367Y-34.3874
G1X58.5518Y-34.3359
G1X58.6610Y-34.3166
G1X58.7540Y-34.3265
G1X58.8208Y-34.3628
G1X58.8511Y-34.4224
G1X58.8346Y-34.5025
G1X58.7613Y-34.6000
G1X57.5485Y-35.8127
G1X57.4638Y-35.9215
G1X57.4176Y-36.0314
G1X57.4057Y-36.1332
G1X57.4241Y-36.2177
G1X57.4689Y-36.2760
G1X57.5359Y-36.2989
G1X57.6212Y-36.2772
G1X57.7207Y-36.2018
G1X58.9334Y-34.9891
G1X59.0329Y-34.9137
G1X59.1182Y-34.8920
G1X59.1852Y-34.9149
G1X59.2300Y-34.9731
G1X59.2484Y-35.0578
G1X59.2365Y-35.1595
G1X59.1903Y-35.2694
G1X59.1056Y-35.3782
G1X57.8928Y-36.5909
G1X57.8082Y-36.6997
G1X57.7619Y-36.8096
G1X57.7500Y-36.9114
G1X57.7684Y-36.9960
G1X57.8132Y-37.0542
G1X57.8802Y-37.0771
G1X57.9655Y-37.0554
G1X58.0650Y-36.9800
G1X59.2777Y-35.7673
G1X59.3772Y-35.6919
G1X59.4625Y-35.6702
G1X59.5295Y-35.6931
G1X59.5743Y-35.7514
G1X59.5927Y-35.8360
G1X59.5808Y-35.9377
G1X59.5346Y-36.0476
G1X59.4499Y-36.1564
G1X58.2372Y-37.3691
G1X58.1525Y-37.4779
G1X58.1062Y-37.5878
G1X58.0943Y-37.6896
G1X58.1127Y-37.7742
G1X58.1575Y-37.8324
G1X58.2246Y-37.8553
G1X58.3098Y-37.8336
G1X58.4093Y-37.7583
G1X59.6221Y-36.5455
G1X59.7215Y-36.4701
G1X59.8068Y-36.4484
G1X59.8738Y-36.4713
G1X59.9186Y-36.5296
G1X59.9370Y-36.6142
G1X59.9252Y-36.7160
G1X59.8789Y-36.8258
G1X59.7942Y-36.9346
G1X58.5815Y-38.1474
G1X58.4968Y-38.2562
G1X58.4505Y-38.3660
G1X58.4386Y-38.4678
G1X58.4571Y-38.5524
G1X58.5018Y-38.6107
G1X58.5689Y-38.6335
G1X58.6541Y-38.6118
G1X58.7536Y-38.5365
G1X59.9664Y-37.3237
G1X60.0658Y-37.2484
G1X60.1511Y-37.2267
G1X60.2182Y-37.2495
G1X60.2629Y-37.3078
G1X60.2814Y-37.3924
G1X60.2695Y-37.4942
G1X60.2232Y-37.6040
G1X60.1385Y-37.7128
G1X58.9258Y-38.9256
G1X58.8411Y-39.0344
G1X58.7948Y-39.1442
G1X58.7829Y-39.2460
G1X58.8014Y-39.3306
G1X58.8461Y-39.3889
G1X58.9132Y-39.4117
G1X58.9985Y-39.3901
G1X59.0979Y-39.3147
G1X60.3107Y-38.1019
G1X60.4102Y-38.0266
G1X60.4955Y-38.0049
G1X60.5625Y-38.0277
G1X60.6072Y-38.0860
G1X60.6257Y-38.1706
G1X60.6138Y-38.2724
G1X60.5675Y-38.3823
G1X60.4828Y-38.4910
G1X59.2701Y-39.7038
G1X59.1854Y-39.8126
G1X59.1391Y-39.9224
G1X59.1273Y-40.0242
G1X59.1457Y-40.1088
G1X59.1905Y-40.1671
G1X59.2575Y-40.1900
G1X59.3428Y-40.1683
G1X59.4422Y-40.0929
G1X60.6550Y-38.8801
G1X60.7545Y-38.8048
G1X60.8398Y-38.7831
G1X60.9068Y-38.8060
G1X60.9516Y-38.8642
G1X60.9700Y-38.9488
G1X60.9581Y-39.0506
G1X60.9119Y-39.1604
G1X60.8272Y-39.2693
G1X59.6144Y-40.4820
G1X59.5297Y-40.5908
G1X59.4835Y-40.7007
G1X59.4716Y-40.8024
G1X59.4900Y-40.8870
G1X59.5348Y-40.9453
G1X59.6018Y-40.9682
G1X59.6871Y-40.9465
G1X59.7866Y-40.8711
G1X60.9993Y-39.6584
G1X61.0988Y-39.5830
G1X61.1841Y-39.5613
G1X61.2511Y-39.5842
G1X61.2959Y-39.6424
G1X61.3143Y-39.7271
G1X61.3024Y-39.8288
G1X61.2562Y-39.9387
G1X61.1715Y-40.0475
G1X59.9587Y-41.2602
G1X59.8741Y-41.3690
G1X59.8278Y-41.4789
G1X59.8159Y-41.5806
G1X59.8343Y-41.6653
G1X59.8791Y-41.7235
G1X59.9461Y-41.7464
G1X60.0314Y-41.7247
G1X60.1309Y-41.6493
G1X61.3436Y-40.4366
G1X61.4431Y-40.3612
G1X61.5284Y-40.3395
G1X61.5954Y-40.3624
G1X61.6402Y-40.4207
G1X61.6586Y-40.5052
G1X61.6468Y-40.6070
G1X61.6005Y-40.7169
G1X61.5158Y-40.8257
G1X60.3030Y-42.0384
G1X60.2184Y-42.1472
G1X60.1721Y-42.2571
G1X60.1602Y-42.3589
G1X60.1787Y-42.4434
G1X60.2234Y-42.5017
G1X60.2905Y-42.5246
G1X60.3757Y-42.5029
G1X60.4752Y-42.4275
G1X61.6880Y-41.2148
G1X61.7874Y-41.1394
G1X61.8727Y-41.1177
G1X61.9398Y-41.1406
G1X61.9845Y-41.1989
G1X62.0030Y-41.2835
G1X61.9911Y-41.3852
G1X61.9448Y-41.4951
G1X61.8601Y-41.6039
G1X60.6474Y-42.8166
G1X60.5627Y-42.9254
G1X60.5164Y-43.0353
G1X60.5045Y-43.1371
G1X60.5230Y-43.2217
G1X60.5677Y-43.2800
G1X60.6348Y-43.3028
G1X60.7201Y-43.2811
G1X60.8195Y-43.2058
G1X62.0323Y-41.9930
G1X62.1318Y-41.9176
G1X62.2170Y-41.8959
G1X62.2841Y-41.9188
G1X62.3288Y-41.9771
G1X62.3473Y-42.0617
G1X62.3354Y-42.1635
G1X62.2891Y-42.2733
G1X62.2044Y-42.3821
G1X60.9917Y-43.5949
G1X60.9070Y-43.7037
G1X60.8607Y-43.8135
G1X60.8489Y-43.9153
G1X60.8673Y-43.9999
G1X60.9121Y-44.0582
G1X60.9791Y-44.0810
G1X61.0644Y-44.0593
G1X61.1638Y-43.9840
G1X62.3766Y-42.7712
G1X62.4761Y-42.6959
G1X62.5613Y-42.6742
G1X62.6284Y-42.6970
G1X62.6732Y-42.7553
G1X62.6916Y-42.8399
G1X62.6797Y-42.9417
G1X62.6334Y-43.0515
G1X62.5488Y-43.1603
G1X61.3360Y-44.3731
G1X61.2513Y-44.4819
G1X61.2051Y-44.5917
G1X61.1932Y-44.6935
G1X61.2116Y-44.7781
G1X61.2564Y-44.8364
G1X61.3234Y-44.8593
G1X61.4087Y-44.8376
G1X61.5082Y-44.7622
G1X62.7209Y-43.5494
G1X62.8204Y-43.4741
G1X62.9057Y-43.4524
G1X62.9727Y-43.4752
G1X63.0175Y-43.5335
G1X63.0359Y-43.6181
G1X63.0240Y-43.7199
G1X62.9777Y-43.8297
G1X62.8931Y-43.9386
G1X61.6803Y-45.1513
G1X61.5956Y-45.2601
G1X61.5494Y-45.3700
G1X61.5375Y-45.4717
G1X61.5559Y-45.5563
G1X61.6007Y-45.6146
G1X61.6677Y-45.6374
G1X61.7530Y-45.6158
G1X61.8525Y-45.5404
G1X63.0652Y-44.3277
G1X63.1647Y-44.2523
G1X63.2500Y-44.2306
G1X63.3170Y-44.2535
G1X63.3618Y-44.3117
G1X63.3802Y-44.3963
G1X63.3684Y-44.4981
G1X63.3221Y-44.6080
G1X63.2374Y-44.7168
G1X62.0246Y-45.9295
G1X61.9400Y-46.0383
G1X61.8937Y-46.1482
G1X61.8818Y-46.2499
G1X61.9003Y-46.3345
G1X61.9450Y-46.3928
G1X62.0120Y-46.4157
G1X62.0973Y-46.3940
G1X62.1968Y-46.3186
G1X63.4095Y-45.1059
G1X63.5090Y-45.0305
G1X63.5943Y-45.0088
G1X63.6614Y-45.0317
G1X63.7061Y-45.0899
G1X63.7246Y-45.1745
G1X63.7127Y-45.2763
G1X63.6664Y-45.3862
G1X63.5817Y-45.4950
G1X62.3690Y-46.7077
G1X62.2843Y-46.8165
G1X62.2380Y-46.9264
G1X62.2261Y-47.0282
G1X62.2446Y-47.1127
G1X62.2893Y-47.1710
G1X62.3564Y-47.1939
G1X62.4416Y-47.1722
G1X62.5411Y-47.0968
G1X63.7539Y-45.8841
G1X63.8533Y-45.8087
G1X63.9386Y-45.7870
G1X64.0057Y-45.8099
G1X64.0504Y-45.8682
G1X64.0689Y-45.9528
G1X64.0570Y-46.0545
G1X64.0107Y-46.1644
G1X63.9260Y-46.2732
G1X62.7133Y-47.4859
G1X62.6286Y-47.5947
G1X62.5823Y-47.7046
G1X62.5704Y-47.8064
G1X62.5889Y-47.8910
G1X62.6337Y-47.9492
G1X62.7007Y-47.9721
G1X62.7859Y-47.9504
G1X62.8854Y-47.8751
G1X64.0982Y-46.6623
G1X64.1977Y-46.5869
G1X64.2829Y-46.5652
G1X64.3500Y-46.5881
G1X64.3947Y-46.6464
G1X64.4132Y-46.7310
G1X64.4013Y-46.8328
G1X64.3550Y-46.9426
G1X64.2703Y-47.0514
G1X63.0576Y-48.2642
G1X62.9729Y-48.3730
G1X62.9267Y-48.4828
G1X62.9147Y-48.5846
G1X62.9332Y-48.6692
G1X62.9780Y-48.7275
G1X63.0450Y-48.7503
G1X63.1303Y-48.7286
G1X63.2298Y-48.6533
G1X64.4425Y-47.4405
G1X64.5420Y-47.3652
G1X64.6273Y-47.3435
G1X64.6943Y-47.3663
G1X64.7391Y-47.4246
G1X64.7575Y-47.5092
G1X64.7456Y-47.6110
G1X64.6993Y-47.7208
G1X64.6147Y-47.8296
G1X63.4019Y-49.0424
G1X63.3172Y-49.1512
G1X63.2710Y-49.2610
G1X63.2591Y-49.3628
G1X63.2775Y-49.4474
G1X63.3223Y-49.5057
G1X63.3893Y-49.5285
G1X63.4746Y-49.5068
G1X63.5741Y-49.4315
G1X64.7868Y-48.2187
G1X64.8863Y-48.1434
G1X64.9716Y-48.1217
G1X65.0386Y-48.1445
G1X65.0834Y-48.2028
G1X65.1018Y-48.2874
G1X65.0899Y-48.3892
G1X65.0437Y-48.4991
G1X64.9590Y-48.6078
G1X63.7462Y-49.8206
G1X63.6616Y-49.9294
G1X63.6153Y-50.0392
G1X63.6034Y-50.1410
G1X63.6218Y-50.2256
G1X63.6666Y-50.2839
G1X63.7336Y-50.3067
G1X63.8189Y-50.2850
G1X63.9184Y-50.2097
G1X65.1311Y-48.9969
G1X65.2306Y-48.9216
G1X65.3159Y-48.8999
G1X65.3829Y-48.9228
G1X65.4277Y-48.9810
G1X65.4462Y-49.0656
G1X65.4342Y-49.1674
G1X65.3880Y-49.2772
G1X65.3033Y-49.3861
G1X64.0906Y-50.5988
G1X64.0059Y-50.7076
G1X63.9596Y-50.8175
G1X63.9477Y-50.9192
G1X63.9662Y-51.0038
G1X64.0109Y-51.0621
G1X64.0780Y-51.0850
G1X64.1632Y-51.0633
G1X64.2627Y-50.9879
G1X65.4754Y-49.7752
G1X65.5749Y-49.6998
G1X65.6602Y-49.6781
G1X65.7272Y-49.7009
G1X65.7720Y-49.7592
G1X65.7905Y-49.8438
G1X65.7786Y-49.9456
G1X65.7323Y-50.0555
G1X65.6476Y-50.1643
G1X64.4349Y-51.3770
G1X64.3502Y-51.4858
G1X64.3039Y-51.5957
G1X64.2920Y-51.6974
G1X64.3105Y-51.7820
G1X64.3552Y-51.8403
G1X64.4223Y-51.8632
G1X64.5075Y-51.8415
G1X64.6070Y-51.7661
G1X65.8198Y-50.5534
G1X65.9193Y-50.4780
G1X66.0045Y-50.4563
G1X66.0716Y-50.4792
G1X66.1163Y-50.5375
G1X66.1348Y-50.6220
G1X66.1229Y-50.7238
G1X66.0766Y-50.8337
G1X65.9919Y-50.9425
G1X64.7792Y-52.1552
G1X64.7046Y-52.2539
G1X64.6849Y-52.3372
G1X64.7107Y-52.4013
G1X64.7723Y-52.4428
G1X64.8602Y-52.4579
G1X64.9648Y-52.4431
G1X65.0767Y-52.3948
G1X65.1863Y-52.3094
G1X66.1641Y-51.3316
G1X66.2636Y-51.2562
G1X66.3489Y-51.2345
G1X66.4159Y-51.2574
G1X66.4606Y-51.3157
G1X66.4791Y-51.4003
G1X66.4672Y-51.5020
G1X66.4209Y-51.6119
G1X66.3362Y-51.7207
G1X65.7476Y-52.3094
G1X65.6796Y-52.4014
G1X65.6774Y-52.4672
G1X65.7279Y-52.5067
G1X65.8177Y-52.5198
G1X65.9339Y-52.5067
G1X66.0633Y-52.4672
G1X66.1926Y-52.4014
G1X66.3089Y-52.3094
G1X66.6032Y-52.0150
G1X66.6951Y-51.9814
G1X66.7749Y-52.0409
G1X66.8258Y-52.1561
G1X66.8315Y-52.2896
G1X66.7753Y-52.4041
G1X66.6596Y-52.5198
G1 Z0F20000
(Start Block)

G1X85.7175Y-52.6521
G1Z6F20000
(Plotting speed under)
G1 F8000

G1X89.7663Y-62.4417
G1X93.0893Y-71.1730
G1X90.4435Y-71.1730
G1X87.1205Y-62.4417
G1X83.0716Y-52.6521
G1X85.7175Y-52.6521
G1 Z0F20000
(Start Block)

G1X83.4420Y-52.7844
G1Z6F20000
(Plotting speed under)
G1 F8000

G1X83.3810Y-52.8454
G1X83.3609Y-52.9532
G1X83.4021Y-53.1049
G1X83.4738Y-53.2262
G1X83.5452Y-53.2425
G1X83.7927Y-52.9949
G1X83.9089Y-52.9028
G1X84.0383Y-52.8371
G1X84.1677Y-52.7976
G1X84.2839Y-52.7844
G1X84.3737Y-52.7976
G1X84.4242Y-52.8371
G1X84.4220Y-52.9028
G1X84.3540Y-52.9949
G1X83.8589Y-53.4900
G1X83.7738Y-53.5992
G1X83.7267Y-53.7099
G1X83.7135Y-53.8130
G1X83.7305Y-53.8990
G1X83.7738Y-53.9588
G1X83.8396Y-53.9829
G1X83.9239Y-53.9621
G1X84.0231Y-53.8871
G1X84.9153Y-52.9949
G1X85.0297Y-52.9046
G1X85.1544Y-52.8435
G1X85.2772Y-52.8106
G1X85.3859Y-52.8049
G1X85.4682Y-52.8256
G1X85.5121Y-52.8717
G1X85.5053Y-52.9421
G1X85.4355Y-53.0359
G1X84.1873Y-54.2841
G1X84.1023Y-54.3933
G1X84.0551Y-54.5040
G1X84.0420Y-54.6071
G1X84.0589Y-54.6932
G1X84.1023Y-54.7529
G1X84.1680Y-54.7770
G1X84.2524Y-54.7562
G1X84.3515Y-54.6812
G1X85.5997Y-53.4330
G1X85.6989Y-53.3580
G1X85.7833Y-53.3372
G1X85.8490Y-53.3613
G1X85.8923Y-53.4210
G1X85.9093Y-53.5071
G1X85.8962Y-53.6101
G1X85.8490Y-53.7209
G1X85.7639Y-53.8300
G1X84.5157Y-55.0783
G1X84.4307Y-55.1874
G1X84.3835Y-55.2982
G1X84.3704Y-55.4012
G1X84.3874Y-55.4873
G1X84.4307Y-55.5470
G1X84.4964Y-55.5711
G1X84.5808Y-55.5503
G1X84.6799Y-55.4753
G1X85.9282Y-54.2271
G1X86.0273Y-54.1521
G1X86.1117Y-54.1313
G1X86.1775Y-54.1554
G1X86.2207Y-54.2151
G1X86.2378Y-54.3012
G1X86.2246Y-54.4042
G1X86.1774Y-54.5150
G1X86.0924Y-54.6241
G1X84.8442Y-55.8724
G1X84.7591Y-55.9815
G1X84.7120Y-56.0923
G1X84.6988Y-56.1953
G1X84.7158Y-56.2814
G1X84.7591Y-56.3411
G1X84.8249Y-56.3652
G1X84.9093Y-56.3444
G1X85.0084Y-56.2694
G1X86.2566Y-55.0212
G1X86.3557Y-54.9462
G1X86.4401Y-54.9254
G1X86.5059Y-54.9495
G1X86.5492Y-55.0092
G1X86.5662Y-55.0953
G1X86.5530Y-55.1983
G1X86.5058Y-55.3091
G1X86.4208Y-55.4182
G1X85.1726Y-56.6665
G1X85.0876Y-56.7756
G1X85.0404Y-56.8863
G1X85.0272Y-56.9894
G1X85.0442Y-57.0754
G1X85.0875Y-57.1352
G1X85.1533Y-57.1593
G1X85.2377Y-57.1385
G1X85.3368Y-57.0635
G1X86.5850Y-55.8153
G1X86.6842Y-55.7403
G1X86.7685Y-55.7195
G1X86.8343Y-55.7436
G1X86.8776Y-55.8033
G1X86.8946Y-55.8894
G1X86.8814Y-55.9925
G1X86.8343Y-56.1032
G1X86.7492Y-56.2123
G1X85.5010Y-57.4605
G1X85.4160Y-57.5697
G1X85.3688Y-57.6804
G1X85.3557Y-57.7835
G1X85.3727Y-57.8696
G1X85.4160Y-57.9293
G1X85.4817Y-57.9534
G1X85.5661Y-57.9326
G1X85.6653Y-57.8576
G1X86.9135Y-56.6094
G1X87.0126Y-56.5344
G1X87.0970Y-56.5136
G1X87.1627Y-56.5377
G1X87.2061Y-56.5974
G1X87.2230Y-56.6835
G1X87.2099Y-56.7865
G1X87.1627Y-56.8973
G1X87.0777Y-57.0064
G1X85.8295Y-58.2547
G1X85.7444Y-58.3638
G1X85.6973Y-58.4746
G1X85.6841Y-58.5776
G1X85.7011Y-58.6637
G1X85.7444Y-58.7234
G1X85.8102Y-58.7475
G1X85.8945Y-58.7267
G1X85.9937Y-58.6517
G1X87.2419Y-57.4035
G1X87.3410Y-57.3285
G1X87.4254Y-57.3077
G1X87.4912Y-57.3318
G1X87.5345Y-57.3915
G1X87.5515Y-57.4776
G1X87.5383Y-57.5806
G1X87.4911Y-57.6914
G1X87.4061Y-57.8005
G1X86.1579Y-59.0488
G1X86.0729Y-59.1579
G1X86.0257Y-59.2687
G1X86.0125Y-59.3717
G1X86.0295Y-59.4578
G1X86.0728Y-59.5175
G1X86.1386Y-59.5416
G1X86.2230Y-59.5208
G1X86.3221Y-59.4458
G1X87.5703Y-58.1976
G1X87.6695Y-58.1226
G1X87.7538Y-58.1018
G1X87.8196Y-58.1259
G1X87.8629Y-58.1856
G1X87.8799Y-58.2717
G1X87.8667Y-58.3748
G1X87.8196Y-58.4855
G1X87.7345Y-58.5947
G1X86.4863Y-59.8429
G1X86.4013Y-59.9520
G1X86.3541Y-60.0628
G1X86.3410Y-60.1658
G1X86.3580Y-60.2518
G1X86.4013Y-60.3116
G1X86.4670Y-60.3357
G1X86.5514Y-60.3149
G1X86.6505Y-60.2399
G1X87.8988Y-58.9917
G1X87.9979Y-58.9167
G1X88.0823Y-58.8959
G1X88.1480Y-58.9200
G1X88.1913Y-58.9798
G1X88.2083Y-59.0658
G1X88.1952Y-59.1689
G1X88.1480Y-59.2796
G1X88.0630Y-59.3888
G1X86.8148Y-60.6370
G1X86.7297Y-60.7461
G1X86.6825Y-60.8568
G1X86.6694Y-60.9599
G1X86.6864Y-61.0460
G1X86.7297Y-61.1057
G1X86.7955Y-61.1298
G1X86.8798Y-61.1090
G1X86.9790Y-61.0340
G1X88.2272Y-59.7858
G1X88.3263Y-59.7108
G1X88.4107Y-59.6900
G1X88.4765Y-59.7141
G1X88.5198Y-59.7739
G1X88.5368Y-59.8599
G1X88.5236Y-59.9630
G1X88.4764Y-60.0737
G1X88.3914Y-60.1828
G1X87.1432Y-61.4311
G1X87.0582Y-61.5402
G1X87.0110Y-61.6510
G1X86.9978Y-61.7540
G1X87.0148Y-61.8401
G1X87.0581Y-61.8998
G1X87.1239Y-61.9239
G1X87.2083Y-61.9031
G1X87.3074Y-61.8281
G1X88.5556Y-60.5799
G1X88.6548Y-60.5049
G1X88.7391Y-60.4841
G1X88.8049Y-60.5082
G1X88.8482Y-60.5679
G1X88.8652Y-60.6540
G1X88.8520Y-60.7570
G1X88.8049Y-60.8678
G1X88.7198Y-60.9769
G1X87.4706Y-62.2262
G1X87.3852Y-62.3357
G1X87.3369Y-62.4476
G1X87.3222Y-62.5521
G1X87.3375Y-62.6399
G1X87.3790Y-62.7014
G1X87.4433Y-62.7271
G1X87.5266Y-62.7073
G1X87.6253Y-62.6327
G1X88.8841Y-61.3740
G1X88.9832Y-61.2990
G1X89.0676Y-61.2782
G1X89.1333Y-61.3023
G1X89.1766Y-61.3620
G1X89.1936Y-61.4481
G1X89.1805Y-61.5512
G1X89.1333Y-61.6619
G1X89.0483Y-61.7711
G1X87.7800Y-63.0393
G1X87.6946Y-63.1488
G1X87.6464Y-63.2607
G1X87.6317Y-63.3652
G1X87.6469Y-63.4530
G1X87.6885Y-63.5145
G1X87.7527Y-63.5401
G1X87.8360Y-63.5204
G1X87.9348Y-63.4458
G1X89.2125Y-62.1681
G1X89.3116Y-62.0931
G1X89.3960Y-62.0723
G1X89.4618Y-62.0964
G1X89.5051Y-62.1562
G1X89.5221Y-62.2422
G1X89.5089Y-62.3453
G1X89.4617Y-62.4560
G1X89.3767Y-62.5652
G1X88.0895Y-63.8524
G1X88.0041Y-63.9619
G1X87.9558Y-64.0737
G1X87.9411Y-64.1783
G1X87.9564Y-64.2661
G1X87.9980Y-64.3276
G1X88.0622Y-64.3532
G1X88.1455Y-64.3335
G1X88.2442Y-64.2589
G1X89.5347Y-62.9685
G1X89.6334Y-62.8938
G1X89.7167Y-62.8741
G1X89.7810Y-62.8997
G1X89.8225Y-62.9612
G1X89.8378Y-63.0490
G1X89.8231Y-63.1536
G1X89.7748Y-63.2654
G1X89.6894Y-63.3750
G1X88.3989Y-64.6654
G1X88.3135Y-64.7750
G1X88.2653Y-64.8868
G1X88.2506Y-64.9914
G1X88.2658Y-65.0792
G1X88.3074Y-65.1407
G1X88.3716Y-65.1663
G1X88.4549Y-65.1466
G1X88.5537Y-65.0720
G1X89.8441Y-63.7815
G1X89.9429Y-63.7069
G1X90.0261Y-63.6872
G1X90.0904Y-63.7128
G1X90.1319Y-63.7743
G1X90.1472Y-63.8621
G1X90.1325Y-63.9667
G1X90.0843Y-64.0785
G1X89.9988Y-64.1881
G1X88.7084Y-65.4785
G1X88.6229Y-65.5881
G1X88.5747Y-65.6999
G1X88.5600Y-65.8045
G1X88.5753Y-65.8923
G1X88.6168Y-65.9538
G1X88.6811Y-65.9794
G1X88.7644Y-65.9597
G1X88.8631Y-65.8851
G1X90.1536Y-64.5946
G1X90.2523Y-64.5200
G1X90.3356Y-64.5003
G1X90.3998Y-64.5259
G1X90.4414Y-64.5874
G1X90.4566Y-64.6752
G1X90.4420Y-64.7798
G1X90.3937Y-64.8916
G1X90.3083Y-65.0012
G1X89.0178Y-66.2916
G1X88.9324Y-66.4012
G1X88.8841Y-66.5130
G1X88.8695Y-66.6176
G1X88.8847Y-66.7054
G1X88.9263Y-66.7668
G1X88.9905Y-66.7925
G1X89.0738Y-66.7728
G1X89.1725Y-66.6982
G1X90.4630Y-65.4077
G1X90.5617Y-65.3331
G1X90.6451Y-65.3134
G1X90.7093Y-65.3390
G1X90.7509Y-65.4005
G1X90.7661Y-65.4883
G1X90.7514Y-65.5929
G1X90.7032Y-65.7047
G1X90.6177Y-65.8142
G1X89.3273Y-67.1047
G1X89.2418Y-67.2143
G1X89.1936Y-67.3261
G1X89.1789Y-67.4307
G1X89.1942Y-67.5184
G1X89.2357Y-67.5799
G1X89.3000Y-67.6056
G1X89.3833Y-67.5859
G1X89.4820Y-67.5113
G1X90.7725Y-66.2208
G1X90.8712Y-66.1462
G1X90.9545Y-66.1264
G1X91.0187Y-66.1521
G1X91.0603Y-66.2136
G1X91.0756Y-66.3014
G1X91.0609Y-66.4060
G1X91.0126Y-66.5178
G1X90.9272Y-66.6273
G1X89.6367Y-67.9178
G1X89.5513Y-68.0273
G1X89.5030Y-68.1392
G1X89.4883Y-68.2438
G1X89.5036Y-68.3315
G1X89.5452Y-68.3930
G1X89.6094Y-68.4187
G1X89.6927Y-68.3990
G1X89.7915Y-68.3243
G1X91.0819Y-67.0339
G1X91.1806Y-66.9593
G1X91.2639Y-66.9395
G1X91.3282Y-66.9652
G1X91.3697Y-67.0267
G1X91.3850Y-67.1145
G1X91.3703Y-67.2190
G1X91.3221Y-67.3309
G1X91.2366Y-67.4404
G1X89.9462Y-68.7309
G1X89.8607Y-68.8404
G1X89.8125Y-68.9523
G1X89.7978Y-69.0568
G1X89.8130Y-69.1446
G1X89.8546Y-69.2061
G1X89.9189Y-69.2318
G1X90.0022Y-69.2120
G1X90.1009Y-69.1374
G1X91.3913Y-67.8470
G1X91.4901Y-67.7723
G1X91.5734Y-67.7526
G1X91.6376Y-67.7783
G1X91.6792Y-67.8398
G1X91.6944Y-67.9275
G1X91.6798Y-68.0321
G1X91.6315Y-68.1440
G1X91.5461Y-68.2535
G1X90.2556Y-69.5440
G1X90.1702Y-69.6535
G1X90.1219Y-69.7653
G1X90.1073Y-69.8699
G1X90.1225Y-69.9577
G1X90.1641Y-70.0192
G1X90.2283Y-70.0449
G1X90.3116Y-70.0251
G1X90.4103Y-69.9505
G1X91.7008Y-68.6600
G1X91.7995Y-68.5854
G1X91.8828Y-68.5657
G1X91.9471Y-68.5914
G1X91.9886Y-68.6529
G1X92.0039Y-68.7406
G1X91.9892Y-68.8452
G1X91.9410Y-68.9570
G1X91.8555Y-69.0666
G1X90.5651Y-70.3571
G1X90.4796Y-70.4666
G1X90.4314Y-70.5784
G1X90.4167Y-70.6830
G1X90.4320Y-70.7708
G1X90.4735Y-70.8323
G1X90.5378Y-70.8579
G1X90.6211Y-70.8382
G1X90.7198Y-70.7636
G1X92.0103Y-69.4731
G1X92.1090Y-69.3985
G1X92.1923Y-69.3788
G1X92.2565Y-69.4045
G1X92.2981Y-69.4659
G1X92.3133Y-69.5537
G1X92.2986Y-69.6583
G1X92.2504Y-69.7701
G1X92.1650Y-69.8797
G1X91.2144Y-70.8302
G1X91.1465Y-70.9223
G1X91.1443Y-70.9881
G1X91.1947Y-71.0275
G1X91.2846Y-71.0407
G1X91.4008Y-71.0275
G1X91.5301Y-70.9881
G1X91.6595Y-70.9223
G1X91.7757Y-70.8302
G1X92.3197Y-70.2862
G1X92.4184Y-70.2116
G1X92.5017Y-70.1919
G1X92.5660Y-70.2175
G1X92.6075Y-70.2790
G1X92.6228Y-70.3668
G1X92.6081Y-70.4714
G1X92.5598Y-70.5832
G1X92.4744Y-70.6928
G1X92.2024Y-70.9648
G1X92.2018Y-71.0070
G1X92.2804Y-71.0323
G1X92.4071Y-71.0407
G1X92.5507Y-71.0323
G1X92.6799Y-71.0070
G1X92.7637Y-70.9648
G1X92.8396Y-70.8888
G1 Z0F20000
(Start Block)

G1X96.0439Y-34.1313
G1Z6F20000
(Plotting speed under)
G1 F8000

G1X104.2383Y-52.6521
G1X101.5925Y-52.6521
G1X93.3980Y-34.1313
G1X96.0439Y-34.1313
G1 Z0F20000
(Start Block)

G1X93.8943Y-34.2636
G1Z6F20000
(Plotting speed under)
G1 F8000

G1X93.7927Y-34.3652
G1X93.7456Y-34.4706
G1X93.7558Y-34.5997
G1X93.8067Y-34.7148
G1X93.8819Y-34.7788
G1X93.9649Y-34.7543
G1X94.2451Y-34.4741
G1X94.3613Y-34.3820
G1X94.4906Y-34.3162
G1X94.6200Y-34.2767
G1X94.7362Y-34.2636
G1X94.8261Y-34.2767
G1X94.8765Y-34.3162
G1X94.8743Y-34.3820
G1X94.8063Y-34.4741
G1X94.2459Y-35.0345
G1X94.1612Y-35.1433
G1X94.1149Y-35.2532
G1X94.1031Y-35.3549
G1X94.1215Y-35.4395
G1X94.1663Y-35.4978
G1X94.2333Y-35.5206
G1X94.3186Y-35.4990
G1X94.4181Y-35.4236
G1X95.3676Y-34.4741
G1X95.4784Y-34.3874
G1X95.5935Y-34.3359
G1X95.7027Y-34.3166
G1X95.7958Y-34.3265
G1X95.8625Y-34.3628
G1X95.8928Y-34.4224
G1X95.8763Y-34.5025
G1X95.8030Y-34.6000
G1X94.5902Y-35.8127
G1X94.5055Y-35.9215
G1X94.4593Y-36.0314
G1X94.4474Y-36.1332
G1X94.4658Y-36.2177
G1X94.5106Y-36.2760
G1X94.5776Y-36.2989
G1X94.6629Y-36.2772
G1X94.7624Y-36.2018
G1X95.9751Y-34.9891
G1X96.0746Y-34.9137
G1X96.1599Y-34.8920
G1X96.2269Y-34.9149
G1X96.2717Y-34.9731
G1X96.2901Y-35.0578
G1X96.2782Y-35.1595
G1X96.2320Y-35.2694
G1X96.1473Y-35.3782
G1X94.9345Y-36.5909
G1X94.8498Y-36.6997
G1X94.8036Y-36.8096
G1X94.7917Y-36.9114
G1X94.8101Y-36.9960
G1X94.8549Y-37.0542
G1X94.9219Y-37.0771
G1X95.0072Y-37.0554
G1X95.1067Y-36.9800
G1X96.3194Y-35.7673
G1X96.4189Y-35.6919
G1X96.5042Y-35.6702
G1X96.5712Y-35.6931
G1X96.6160Y-35.7514
G1X96.6344Y-35.8360
G1X96.6226Y-35.9377
G1X96.5763Y-36.0476
G1X96.4916Y-36.1564
G1X95.2789Y-37.3691
G1X95.1942Y-37.4779
G1X95.1479Y-37.5878
G1X95.1360Y-37.6896
G1X95.1545Y-37.7742
G1X95.1992Y-37.8324
G1X95.2662Y-37.8553
G1X95.3515Y-37.8336
G1X95.4510Y-37.7583
G1X96.6637Y-36.5455
G1X96.7632Y-36.4701
G1X96.8485Y-36.4484
G1X96.9156Y-36.4713
G1X96.9603Y-36.5296
G1X96.9788Y-36.6142
G1X96.9669Y-36.7160
G1X96.9206Y-36.8258
G1X96.8359Y-36.9346
G1X95.6232Y-38.1474
G1X95.5385Y-38.2562
G1X95.4922Y-38.3660
G1X95.4803Y-38.4678
G1X95.4988Y-38.5524
G1X95.5435Y-38.6107
G1X95.6106Y-38.6335
G1X95.6958Y-38.6118
G1X95.7953Y-38.5365
G1X97.0081Y-37.3237
G1X97.1076Y-37.2484
G1X97.1928Y-37.2267
G1X97.2599Y-37.2495
G1X97.3046Y-37.3078
G1X97.3231Y-37.3924
G1X97.3112Y-37.4942
G1X97.2649Y-37.6040
G1X97.1802Y-37.7128
G1X95.9675Y-38.9256
G1X95.8828Y-39.0344
G1X95.8365Y-39.1442
G1X95.8246Y-39.2460
G1X95.8431Y-39.3306
G1X95.8879Y-39.3889
G1X95.9549Y-39.4117
G1X96.0402Y-39.3901
G1X96.1397Y-39.3147
G1X97.3524Y-38.1019
G1X97.4519Y-38.0266
G1X97.5371Y-38.0049
G1X97.6042Y-38.0277
G1X97.6490Y-38.0860
G1X97.6674Y-38.1706
G1X97.6555Y-38.2724
G1X97.6092Y-38.3823
G1X97.5245Y-38.4910
G1X96.3118Y-39.7038
G1X96.2271Y-39.8126
G1X96.1809Y-39.9224
G1X96.1689Y-40.0242
G1X96.1874Y-40.1088
G1X96.2322Y-40.1671
G1X96.2992Y-40.1900
G1X96.3845Y-40.1683
G1X96.4840Y-40.0929
G1X97.6967Y-38.8801
G1X97.7962Y-38.8048
G1X97.8815Y-38.7831
G1X97.9485Y-38.8060
G1X97.9933Y-38.8642
G1X98.0117Y-38.9488
G1X97.9998Y-39.0506
G1X97.9536Y-39.1604
G1X97.8689Y-39.2693
G1X96.6561Y-40.4820
G1X96.5714Y-40.5908
G1X96.5252Y-40.7007
G1X96.5133Y-40.8024
G1X96.5317Y-40.8870
G1X96.5765Y-40.9453
G1X96.6435Y-40.9682
G1X96.7288Y-40.9465
G1X96.8283Y-40.8711
G1X98.0410Y-39.6584
G1X98.1405Y-39.5830
G1X98.2258Y-39.5613
G1X98.2928Y-39.5842
G1X98.3376Y-39.6424
G1X98.3560Y-39.7271
G1X98.3441Y-39.8288
G1X98.2979Y-39.9387
G1X98.2132Y-40.0475
G1X97.0005Y-41.2602
G1X96.9158Y-41.3690
G1X96.8695Y-41.4789
G1X96.8576Y-41.5806
G1X96.8760Y-41.6653
G1X96.9208Y-41.7235
G1X96.9878Y-41.7464
G1X97.0731Y-41.7247
G1X97.1726Y-41.6493
G1X98.3853Y-40.4366
G1X98.4848Y-40.3612
G1X98.5701Y-40.3395
G1X98.6371Y-40.3624
G1X98.6819Y-40.4207
G1X98.7004Y-40.5052
G1X98.6885Y-40.6070
G1X98.6422Y-40.7169
G1X98.5575Y-40.8257
G1X97.3448Y-42.0384
G1X97.2601Y-42.1472
G1X97.2138Y-42.2571
G1X97.2019Y-42.3589
G1X97.2204Y-42.4434
G1X97.2651Y-42.5017
G1X97.3322Y-42.5246
G1X97.4174Y-42.5029
G1X97.5169Y-42.4275
G1X98.7297Y-41.2148
G1X98.8292Y-41.1394
G1X98.9144Y-41.1177
G1X98.9814Y-41.1406
G1X99.0262Y-41.1989
G1X99.0447Y-41.2835
G1X99.0328Y-41.3852
G1X98.9865Y-41.4951
G1X98.9018Y-41.6039
G1X97.6891Y-42.8166
G1X97.6044Y-42.9254
G1X97.5581Y-43.0353
G1X97.5462Y-43.1371
G1X97.5647Y-43.2217
G1X97.6094Y-43.2800
G1X97.6765Y-43.3028
G1X97.7618Y-43.2811
G1X97.8612Y-43.2058
G1X99.0740Y-41.9930
G1X99.1735Y-41.9176
G1X99.2587Y-41.8959
G1X99.3258Y-41.9188
G1X99.3705Y-41.9771
G1X99.3890Y-42.0617
G1X99.3771Y-42.1635
G1X99.3308Y-42.2733
G1X99.2461Y-42.3821
G1X98.0334Y-43.5949
G1X97.9487Y-43.7037
G1X97.9024Y-43.8135
G1X97.8905Y-43.9153
G1X97.9090Y-43.9999
G1X97.9538Y-44.0582
G1X98.0208Y-44.0810
G1X98.1061Y-44.0593
G1X98.2056Y-43.9840
G1X99.4183Y-42.7712
G1X99.5178Y-42.6959
G1X99.6031Y-42.6742
G1X99.6701Y-42.6970
G1X99.7148Y-42.7553
G1X99.7333Y-42.8399
G1X99.7214Y-42.9417
G1X99.6751Y-43.0515
G1X99.5905Y-43.1603
G1X98.3777Y-44.3731
G1X98.2930Y-44.4819
G1X98.2468Y-44.5917
G1X98.2349Y-44.6935
G1X98.2533Y-44.7781
G1X98.2981Y-44.8364
G1X98.3651Y-44.8593
G1X98.4504Y-44.8376
G1X98.5499Y-44.7622
G1X99.7626Y-43.5494
G1X99.8621Y-43.4741
G1X99.9474Y-43.4524
G1X100.0144Y-43.4752
G1X100.0592Y-43.5335
G1X100.0776Y-43.6181
G1X100.0657Y-43.7199
G1X100.0195Y-43.8297
G1X99.9348Y-43.9386
G1X98.7220Y-45.1513
G1X98.6374Y-45.2601
G1X98.5911Y-45.3700
G1X98.5792Y-45.4717
G1X98.5976Y-45.5563
G1X98.6424Y-45.6146
G1X98.7094Y-45.6374
G1X98.7947Y-45.6158
G1X98.8942Y-45.5404
G1X100.1069Y-44.3277
G1X100.2064Y-44.2523
G1X100.2917Y-44.2306
G1X100.3587Y-44.2535
G1X100.4035Y-44.3117
G1X100.4219Y-44.3963
G1X100.4100Y-44.4981
G1X100.3638Y-44.6080
G1X100.2791Y-44.7168
G1X99.0664Y-45.9295
G1X98.9817Y-46.0383
G1X98.9354Y-46.1482
G1X98.9235Y-46.2499
G1X98.9419Y-46.3345
G1X98.9867Y-46.3928
G1X99.0538Y-46.4157
G1X99.1390Y-46.3940
G1X99.2385Y-46.3186
G1X100.4513Y-45.1059
G1X100.5507Y-45.0305
G1X100.6360Y-45.0088
G1X100.7030Y-45.0317
G1X100.7478Y-45.0899
G1X100.7663Y-45.1745
G1X100.7544Y-45.2763
G1X100.7081Y-45.3862
G1X100.6234Y-45.4950
G1X99.4107Y-46.7077
G1X99.3260Y-46.8165
G1X99.2797Y-46.9264
G1X99.2678Y-47.0282
G1X99.2863Y-47.1127
G1X99.3310Y-47.1710
G1X99.3981Y-47.1939
G1X99.4834Y-47.1722
G1X99.5828Y-47.0968
G1X100.7956Y-45.8841
G1X100.8950Y-45.8087
G1X100.9803Y-45.7870
G1X101.0474Y-45.8099
G1X101.0921Y-45.8682
G1X101.1106Y-45.9528
G1X101.0987Y-46.0545
G1X101.0524Y-46.1644
G1X100.9677Y-46.2732
G1X99.7550Y-47.4859
G1X99.6703Y-47.5947
G1X99.6240Y-47.7046
G1X99.6121Y-47.8064
G1X99.6306Y-47.8910
G1X99.6753Y-47.9492
G1X99.7424Y-47.9721
G1X99.8277Y-47.9504
G1X99.9271Y-47.8751
G1X101.1399Y-46.6623
G1X101.2394Y-46.5869
G1X101.3246Y-46.5652
G1X101.3917Y-46.5881
G1X101.4364Y-46.6464
G1X101.4549Y-46.7310
G1X101.4430Y-46.8328
G1X101.3967Y-46.9426
G1X101.3121Y-47.0514
G1X100.0993Y-48.2642
G1X100.0146Y-48.3730
G1X99.9683Y-48.4828
G1X99.9565Y-48.5846
G1X99.9749Y-48.6692
G1X100.0197Y-48.7275
G1X100.0867Y-48.7503
G1X100.1720Y-48.7286
G1X100.2715Y-48.6533
G1X101.4842Y-47.4405
G1X101.5837Y-47.3652
G1X101.6690Y-47.3435
G1X101.7360Y-47.3663
G1X101.7808Y-47.4246
G1X101.7992Y-47.5092
G1X101.7873Y-47.6110
G1X101.7411Y-47.7208
G1X101.6564Y-47.8296
G1X100.4436Y-49.0424
G1X100.3589Y-49.1512
G1X100.3127Y-49.2610
G1X100.3008Y-49.3628
G1X100.3192Y-49.4474
G1X100.3640Y-49.5057
G1X100.4310Y-49.5285
G1X100.5163Y-49.5068
G1X100.6158Y-49.4315
G1X101.8285Y-48.2187
G1X101.9280Y-48.1434
G1X102.0133Y-48.1217
G1X102.0803Y-48.1445
G1X102.1251Y-48.2028
G1X102.1435Y-48.2874
G1X102.1316Y-48.3892
G1X102.0854Y-48.4991
G1X102.0007Y-48.6078
G1X100.7879Y-49.8206
G1X100.7032Y-49.9294
G1X100.6570Y-50.0392
G1X100.6451Y-50.1410
G1X100.6635Y-50.2256
G1X100.7083Y-50.2839
G1X100.7753Y-50.3067
G1X100.8606Y-50.2850
G1X100.9601Y-50.2097
G1X102.1729Y-48.9969
G1X102.2723Y-48.9216
G1X102.3576Y-48.8999
G1X102.4246Y-48.9228
G1X102.4694Y-48.9810
G1X102.4878Y-49.0656
G1X102.4760Y-49.1674
G1X102.4297Y-49.2772
G1X102.3450Y-49.3861
G1X101.1323Y-50.5988
G1X101.0476Y-50.7076
G1X101.0013Y-50.8175
G1X100.9894Y-50.9192
G1X101.0079Y-51.0038
G1X101.0526Y-51.0621
G1X101.1197Y-51.0850
G1X101.2049Y-51.0633
G1X101.3044Y-50.9879
G1X102.5172Y-49.7752
G1X102.6166Y-49.6998
G1X102.7019Y-49.6781
G1X102.7690Y-49.7009
G1X102.8137Y-49.7592
G1X102.8322Y-49.8438
G1X102.8203Y-49.9456
G1X102.7740Y-50.0555
G1X102.6893Y-50.1643
G1X101.4766Y-51.3770
G1X101.3919Y-51.4858
G1X101.3456Y-51.5957
G1X101.3337Y-51.6974
G1X101.3522Y-51.7820
G1X101.3969Y-51.8403
G1X101.4640Y-51.8632
G1X101.5493Y-51.8415
G1X101.6487Y-51.7661
G1X102.8615Y-50.5534
G1X102.9610Y-50.4780
G1X103.0462Y-50.4563
G1X103.1133Y-50.4792
G1X103.1580Y-50.5375
G1X103.1765Y-50.6220
G1X103.1646Y-50.7238
G1X103.1183Y-50.8337
G1X103.0336Y-50.9425
G1X101.8209Y-52.1552
G1X101.7463Y-52.2539
G1X101.7267Y-52.3372
G1X101.7524Y-52.4013
G1X101.8140Y-52.4428
G1X101.9019Y-52.4579
G1X102.0066Y-52.4431
G1X102.1185Y-52.3948
G1X102.2280Y-52.3094
G1X103.2058Y-51.3316
G1X103.3053Y-51.2562
G1X103.3905Y-51.2345
G1X103.4576Y-51.2574
G1X103.5024Y-51.3157
G1X103.5208Y-51.4003
G1X103.5089Y-51.5020
G1X103.4626Y-51.6119
G1X103.3780Y-51.7207
G1X102.7893Y-52.3094
G1X102.7213Y-52.4014
G1X102.7191Y-52.4672
G1X102.7696Y-52.5067
G1X102.8594Y-52.5198
G1X102.9757Y-52.5067
G1X103.1050Y-52.4672
G1X103.2344Y-52.4014
G1X103.3506Y-52.3094
G1X103.6449Y-52.0150
G1X103.7368Y-51.9814
G1X103.8166Y-52.0409
G1X103.8675Y-52.1561
G1X103.8732Y-52.2896
G1X103.8171Y-52.4041
G1X103.7014Y-52.5198
G1 Z0F20000
(Start Block)

G1X122.7592Y-52.6521
G1Z6F20000
(Plotting speed under)
G1 F8000

G1X126.8081Y-62.4417
G1X130.1310Y-71.1730
G1X127.4852Y-71.1730
G1X124.1622Y-62.4417
G1X120.1133Y-52.6521
G1X122.7592Y-52.6521
G1 Z0F20000
(Start Block)

G1X120.4837Y-52.7844
G1Z6F20000
(Plotting speed under)
G1 F8000

G1X120.4227Y-52.8454
G1X120.4026Y-52.9532
G1X120.4438Y-53.1049
G1X120.5155Y-53.2262
G1X120.5869Y-53.2425
G1X120.8345Y-52.9949
G1X120.9507Y-52.9028
G1X121.0800Y-52.8371
G1X121.2094Y-52.7976
G1X121.3255Y-52.7844
G1X121.4155Y-52.7976
G1X121.4659Y-52.8371
G1X121.4637Y-52.9028
G1X121.3957Y-52.9949
G1X120.9006Y-53.4900
G1X120.8156Y-53.5992
G1X120.7684Y-53.7099
G1X120.7552Y-53.8130
G1X120.7722Y-53.8990
G1X120.8155Y-53.9588
G1X120.8813Y-53.9829
G1X120.9657Y-53.9621
G1X121.0648Y-53.8871
G1X121.9570Y-52.9949
G1X122.0714Y-52.9046
G1X122.1961Y-52.8435
G1X122.3189Y-52.8106
G1X122.4276Y-52.8049
G1X122.5099Y-52.8256
G1X122.5538Y-52.8717
G1X122.5469Y-52.9421
G1X122.4772Y-53.0359
G1X121.2290Y-54.2841
G1X121.1440Y-54.3933
G1X121.0968Y-54.5040
G1X121.0836Y-54.6071
G1X121.1007Y-54.6932
G1X121.1439Y-54.7529
G1X121.2097Y-54.7770
G1X121.2941Y-54.7562
G1X121.3932Y-54.6812
G1X122.6415Y-53.4330
G1X122.7406Y-53.3580
G1X122.8250Y-53.3372
G1X122.8907Y-53.3613
G1X122.9340Y-53.4210
G1X122.9510Y-53.5071
G1X122.9379Y-53.6101
G1X122.8907Y-53.7209
G1X122.8057Y-53.8300
G1X121.5575Y-55.0783
G1X121.4724Y-55.1874
G1X121.4252Y-55.2982
G1X121.4121Y-55.4012
G1X121.4291Y-55.4873
G1X121.4724Y-55.5470
G1X121.5381Y-55.5711
G1X121.6225Y-55.5503
G1X121.7217Y-55.4753
G1X122.9699Y-54.2271
G1X123.0690Y-54.1521
G1X123.1534Y-54.1313
G1X123.2191Y-54.1554
G1X123.2625Y-54.2151
G1X123.2794Y-54.3012
G1X123.2663Y-54.4042
G1X123.2191Y-54.5150
G1X123.1341Y-54.6241
G1X121.8859Y-55.8724
G1X121.8008Y-55.9815
G1X121.7537Y-56.0923
G1X121.7405Y-56.1953
G1X121.7575Y-56.2814
G1X121.8008Y-56.3411
G1X121.8666Y-56.3652
G1X121.9509Y-56.3444
G1X122.0501Y-56.2694
G1X123.2983Y-55.0212
G1X123.3974Y-54.9462
G1X123.4818Y-54.9254
G1X123.5476Y-54.9495
G1X123.5909Y-55.0092
G1X123.6079Y-55.0953
G1X123.5947Y-55.1983
G1X123.5475Y-55.3091
G1X123.4625Y-55.4182
G1X122.2143Y-56.6665
G1X122.1293Y-56.7756
G1X122.0821Y-56.8863
G1X122.0689Y-56.9894
G1X122.0859Y-57.0754
G1X122.1292Y-57.1352
G1X122.1950Y-57.1593
G1X122.2794Y-57.1385
G1X122.3785Y-57.0635
G1X123.6267Y-55.8153
G1X123.7259Y-55.7403
G1X123.8103Y-55.7195
G1X123.8760Y-55.7436
G1X123.9193Y-55.8033
G1X123.9363Y-55.8894
G1X123.9231Y-55.9925
G1X123.8760Y-56.1032
G1X123.7910Y-56.2123
G1X122.5427Y-57.4605
G1X122.4577Y-57.5697
G1X122.4106Y-57.6804
G1X122.3974Y-57.7835
G1X122.4144Y-57.8696
G1X122.4577Y-57.9293
G1X122.5234Y-57.9534
G1X122.6078Y-57.9326
G1X122.7070Y-57.8576
G1X123.9552Y-56.6094
G1X124.0543Y-56.5344
G1X124.1387Y-56.5136
G1X124.2045Y-56.5377
G1X124.2478Y-56.5974
G1X124.2648Y-56.6835
G1X124.2516Y-56.7865
G1X124.2044Y-56.8973
G1X124.1194Y-57.0064
G1X122.8712Y-58.2547
G1X122.7862Y-58.3638
G1X122.7390Y-58.4746
G1X122.7258Y-58.5776
G1X122.7428Y-58.6637
G1X122.7861Y-58.7234
G1X122.8519Y-58.7475
G1X122.9363Y-58.7267
G1X123.0354Y-58.6517
G1X124.2836Y-57.4035
G1X124.3827Y-57.3285
G1X124.4671Y-57.3077
G1X124.5329Y-57.3318
G1X124.5762Y-57.3915
G1X124.5932Y-57.4776
G1X124.5800Y-57.5806
G1X124.5329Y-57.6914
G1X124.4478Y-57.8005
G1X123.1996Y-59.0488
G1X123.1146Y-59.1579
G1X123.0674Y-59.2687
G1X123.0542Y-59.3717
G1X123.0712Y-59.4578
G1X123.1145Y-59.5175
G1X123.1803Y-59.5416
G1X123.2647Y-59.5208
G1X123.3638Y-59.4458
G1X124.6120Y-58.1976
G1X124.7112Y-58.1226
G1X124.7956Y-58.1018
G1X124.8613Y-58.1259
G1X124.9046Y-58.1856
G1X124.9216Y-58.2717
G1X124.9085Y-58.3748
G1X124.8613Y-58.4855
G1X124.7762Y-58.5947
G1X123.5280Y-59.8429
G1X123.4430Y-59.9520
G1X123.3958Y-60.0628
G1X123.3827Y-60.1658
G1X123.3997Y-60.2518
G1X123.4430Y-60.3116
G1X123.5087Y-60.3357
G1X123.5931Y-60.3149
G1X123.6922Y-60.2399
G1X124.9405Y-58.9917
G1X125.0396Y-58.9167
G1X125.1240Y-58.8959
G1X125.1897Y-58.9200
G1X125.2330Y-58.9798
G1X125.2500Y-59.0658
G1X125.2369Y-59.1689
G1X125.1897Y-59.2796
G1X125.1047Y-59.3888
G1X123.8565Y-60.6370
G1X123.7714Y-60.7461
G1X123.7243Y-60.8568
G1X123.7111Y-60.9599
G1X123.7281Y-61.0460
G1X123.7714Y-61.1057
G1X123.8372Y-61.1298
G1X123.9215Y-61.1090
G1X124.0207Y-61.0340
G1X125.2689Y-59.7858
G1X125.3680Y-59.7108
G1X125.4524Y-59.6900
G1X125.5182Y-59.7141
G1X125.5615Y-59.7739
G1X125.5785Y-59.8599
G1X125.5653Y-59.9630
G1X125.5181Y-60.0737
G1X125.4331Y-60.1828
G1X124.1849Y-61.4311
G1X124.0999Y-61.5402
G1X124.0527Y-61.6510
G1X124.0395Y-61.7540
G1X124.0565Y-61.8401
G1X124.0998Y-61.8998
G1X124.1656Y-61.9239
G1X124.2500Y-61.9031
G1X124.3491Y-61.8281
G1X125.5973Y-60.5799
G1X125.6965Y-60.5049
G1X125.7808Y-60.4841
G1X125.8466Y-60.5082
G1X125.8899Y-60.5679
G1X125.9069Y-60.6540
G1X125.8937Y-60.7570
G1X125.8466Y-60.8678
G1X125.7616Y-60.9769
G1X124.5123Y-62.2262
G1X124.4269Y-62.3357
G1X124.3786Y-62.4476
G1X124.3639Y-62.5521
G1X124.3792Y-62.6399
G1X124.4208Y-62.7014
G1X124.4850Y-62.7271
G1X124.5683Y-62.7073
G1X124.6670Y-62.6327
G1X125.9258Y-61.3740
G1X126.0249Y-61.2990
G1X126.1093Y-61.2782
G1X126.1750Y-61.3023
G1X126.2184Y-61.3620
G1X126.2353Y-61.4481
G1X126.2222Y-61.5512
G1X126.1750Y-61.6619
G1X126.0900Y-61.7711
G1X124.8218Y-63.0393
G1X124.7363Y-63.1488
G1X124.6881Y-63.2607
G1X124.6734Y-63.3652
G1X124.6886Y-63.4530
G1X124.7302Y-63.5145
G1X124.7944Y-63.5401
G1X124.8777Y-63.5204
G1X124.9765Y-63.4458
G1X126.2542Y-62.1681
G1X126.3533Y-62.0931
G1X126.4377Y-62.0723
G1X126.5035Y-62.0964
G1X126.5468Y-62.1562
G1X126.5638Y-62.2422
G1X126.5506Y-62.3453
G1X126.5034Y-62.4560
G1X126.4184Y-62.5652
G1X125.1312Y-63.8524
G1X125.0458Y-63.9619
G1X124.9975Y-64.0737
G1X124.9828Y-64.1783
G1X124.9981Y-64.2661
G1X125.0396Y-64.3276
G1X125.1039Y-64.3532
G1X125.1872Y-64.3335
G1X125.2859Y-64.2589
G1X126.5764Y-62.9685
G1X126.6751Y-62.8938
G1X126.7584Y-62.8741
G1X126.8227Y-62.8997
G1X126.8642Y-62.9612
G1X126.8795Y-63.0490
G1X126.8648Y-63.1536
G1X126.8165Y-63.2654
G1X126.7311Y-63.3750
G1X125.4406Y-64.6654
G1X125.3552Y-64.7750
G1X125.3070Y-64.8868
G1X125.2923Y-64.9914
G1X125.3075Y-65.0792
G1X125.3491Y-65.1407
G1X125.4133Y-65.1663
G1X125.4966Y-65.1466
G1X125.5954Y-65.0720
G1X126.8858Y-63.7815
G1X126.9846Y-63.7069
G1X127.0679Y-63.6872
G1X127.1321Y-63.7128
G1X127.1737Y-63.7743
G1X127.1889Y-63.8621
G1X127.1742Y-63.9667
G1X127.1260Y-64.0785
G1X127.0405Y-64.1881
G1X125.7501Y-65.4785
G1X125.6647Y-65.5881
G1X125.6164Y-65.6999
G1X125.6017Y-65.8045
G1X125.6170Y-65.8923
G1X125.6586Y-65.9538
G1X125.7228Y-65.9794
G1X125.8061Y-65.9597
G1X125.9048Y-65.8851
G1X127.1953Y-64.5946
G1X127.2940Y-64.5200
G1X127.3773Y-64.5003
G1X127.4416Y-64.5259
G1X127.4831Y-64.5874
G1X127.4984Y-64.6752
G1X127.4837Y-64.7798
G1X127.4354Y-64.8916
G1X127.3500Y-65.0012
G1X126.0595Y-66.2916
G1X125.9741Y-66.4012
G1X125.9259Y-66.5130
G1X125.9112Y-66.6176
G1X125.9264Y-66.7054
G1X125.9680Y-66.7668
G1X126.0322Y-66.7925
G1X126.1155Y-66.7728
G1X126.2143Y-66.6982
G1X127.5047Y-65.4077
G1X127.6035Y-65.3331
G1X127.6867Y-65.3134
G1X127.7510Y-65.3390
G1X127.7925Y-65.4005
G1X127.8078Y-65.4883
G1X127.7931Y-65.5929
G1X127.7449Y-65.7047
G1X127.6594Y-65.8142
G1X126.3690Y-67.1047
G1X126.2836Y-67.2143
G1X126.2353Y-67.3261
G1X126.2206Y-67.4307
G1X126.2359Y-67.5184
G1X126.2774Y-67.5799
G1X126.3417Y-67.6056
G1X126.4250Y-67.5859
G1X126.5237Y-67.5113
G1X127.8142Y-66.2208
G1X127.9129Y-66.1462
G1X127.9962Y-66.1264
G1X128.0604Y-66.1521
G1X128.1020Y-66.2136
G1X128.1172Y-66.3014
G1X128.1026Y-66.4060
G1X128.0543Y-66.5178
G1X127.9689Y-66.6273
G1X126.6784Y-67.9178
G1X126.5930Y-68.0273
G1X126.5447Y-68.1392
G1X126.5301Y-68.2438
G1X126.5453Y-68.3315
G1X126.5869Y-68.3930
G1X126.6511Y-68.4187
G1X126.7344Y-68.3990
G1X126.8331Y-68.3243
G1X128.1236Y-67.0339
G1X128.2223Y-66.9593
G1X128.3057Y-66.9395
G1X128.3699Y-66.9652
G1X128.4115Y-67.0267
G1X128.4267Y-67.1145
G1X128.4120Y-67.2190
G1X128.3638Y-67.3309
G1X128.2783Y-67.4404
G1X126.9879Y-68.7309
G1X126.9024Y-68.8404
G1X126.8542Y-68.9523
G1X126.8395Y-69.0568
G1X126.8548Y-69.1446
G1X126.8963Y-69.2061
G1X126.9606Y-69.2318
G1X127.0439Y-69.2120
G1X127.1426Y-69.1374
G1X128.4331Y-67.8470
G1X128.5318Y-67.7723
G1X128.6151Y-67.7526
G1X128.6793Y-67.7783
G1X128.7209Y-67.8398
G1X128.7362Y-67.9275
G1X128.7215Y-68.0321
G1X128.6732Y-68.1440
G1X128.5878Y-68.2535
G1X127.2973Y-69.5440
G1X127.2119Y-69.6535
G1X127.1636Y-69.7653
G1X127.1489Y-69.8699
G1X127.1642Y-69.9577
G1X127.2058Y-70.0192
G1X127.2700Y-70.0449
G1X127.3533Y-70.0251
G1X127.4521Y-69.9505
G1X128.7425Y-68.6600
G1X128.8412Y-68.5854
G1X128.9245Y-68.5657
G1X128.9888Y-68.5914
G1X129.0303Y-68.6529
G1X129.0456Y-68.7406
G1X129.0309Y-68.8452
G1X128.9827Y-68.9570
G1X128.8972Y-69.0666
G1X127.6068Y-70.3571
G1X127.5213Y-70.4666
G1X127.4731Y-70.5784
G1X127.4584Y-70.6830
G1X127.4736Y-70.7708
G1X127.5152Y-70.8323
G1X127.5795Y-70.8579
G1X127.6628Y-70.8382
G1X127.7615Y-70.7636
G1X129.0519Y-69.4731
G1X129.1507Y-69.3985
G1X129.2340Y-69.3788
G1X129.2982Y-69.4045
G1X129.3398Y-69.4659
G1X129.3550Y-69.5537
G1X129.3404Y-69.6583
G1X129.2921Y-69.7701
G1X129.2067Y-69.8797
G1X128.2561Y-70.8302
G1X128.1882Y-70.9223
G1X128.1860Y-70.9881
G1X128.2364Y-71.0275
G1X128.3263Y-71.0407
G1X128.4425Y-71.0275
G1X128.5719Y-70.9881
G1X128.7012Y-70.9223
G1X128.8174Y-70.8302
G1X129.3614Y-70.2862
G1X129.4601Y-70.2116
G1X129.5434Y-70.1919
G1X129.6077Y-70.2175
G1X129.6492Y-70.2790
G1X129.6645Y-70.3668
G1X129.6498Y-70.4714
G1X129.6016Y-70.5832
G1X129.5161Y-70.6928
G1X129.2441Y-70.9648
G1X129.2435Y-71.0070
G1X129.3221Y-71.0323
G1X129.4488Y-71.0407
G1X129.5924Y-71.0323
G1X129.7216Y-71.0070
G1X129.8054Y-70.9648
G1X129.8813Y-70.8888
G1 Z0F20000
(Start Block)

G1X133.0856Y-34.1313
G1Z6F20000
(Plotting speed under)
G1 F8000

G1X141.2800Y-52.6521
G1X138.6342Y-52.6521
G1X130.4397Y-34.1313
G1X133.0856Y-34.1313
G1 Z0F20000
(Start Block)

G1X130.9360Y-34.2636
G1Z6F20000
(Plotting speed under)
G1 F8000

G1X130.8344Y-34.3652
G1X130.7873Y-34.4706
G1X130.7975Y-34.5997
G1X130.8484Y-34.7148
G1X130.9236Y-34.7788
G1X131.0066Y-34.7543
G1X131.2868Y-34.4741
G1X131.4030Y-34.3820
G1X131.5323Y-34.3162
G1X131.6617Y-34.2767
G1X131.7779Y-34.2636
G1X131.8678Y-34.2767
G1X131.9182Y-34.3162
G1X131.9160Y-34.3820
G1X131.8481Y-34.4741
G1X131.2876Y-35.0345
G1X131.2029Y-35.1433
G1X131.1566Y-35.2532
G1X131.1448Y-35.3549
G1X131.1632Y-35.4395
G1X131.2080Y-35.4978
G1X131.2750Y-35.5206
G1X131.3603Y-35.4990
G1X131.4598Y-35.4236
G1X132.4093Y-34.4741
G1X132.5201Y-34.3874
G1X132.6352Y-34.3359
G1X132.7444Y-34.3166
G1X132.8375Y-34.3265
G1X132.9042Y-34.3628
G1X132.9345Y-34.4224
G1X132.9180Y-34.5025
G1X132.8447Y-34.6000
G1X131.6319Y-35.8127
G1X131.5472Y-35.9215
G1X131.5010Y-36.0314
G1X131.4891Y-36.1332
G1X131.5075Y-36.2177
G1X131.5523Y-36.2760
G1X131.6193Y-36.2989
G1X131.7046Y-36.2772
G1X131.8041Y-36.2018
G1X133.0168Y-34.9891
G1X133.1163Y-34.9137
G1X133.2016Y-34.8920
G1X133.2686Y-34.9149
G1X133.3134Y-34.9731
G1X133.3318Y-35.0578
G1X133.3199Y-35.1595
G1X133.2737Y-35.2694
G1X133.1890Y-35.3782
G1X131.9762Y-36.5909
G1X131.8916Y-36.6997
G1X131.8453Y-36.8096
G1X131.8334Y-36.9114
G1X131.8518Y-36.9960
G1X131.8966Y-37.0542
G1X131.9637Y-37.0771
G1X132.0489Y-37.0554
G1X132.1484Y-36.9800
G1X133.3611Y-35.7673
G1X133.4606Y-35.6919
G1X133.5459Y-35.6702
G1X133.6129Y-35.6931
G1X133.6577Y-35.7514
G1X133.6761Y-35.8360
G1X133.6643Y-35.9377
G1X133.6180Y-36.0476
G1X133.5333Y-36.1564
G1X132.3206Y-37.3691
G1X132.2359Y-37.4779
G1X132.1896Y-37.5878
G1X132.1777Y-37.6896
G1X132.1962Y-37.7742
G1X132.2409Y-37.8324
G1X132.3080Y-37.8553
G1X132.3932Y-37.8336
G1X132.4927Y-37.7583
G1X133.7055Y-36.5455
G1X133.8049Y-36.4701
G1X133.8902Y-36.4484
G1X133.9573Y-36.4713
G1X134.0020Y-36.5296
G1X134.0205Y-36.6142
G1X134.0086Y-36.7160
G1X133.9623Y-36.8258
G1X133.8776Y-36.9346
G1X132.6649Y-38.1474
G1X132.5802Y-38.2562
G1X132.5339Y-38.3660
G1X132.5220Y-38.4678
G1X132.5405Y-38.5524
G1X132.5852Y-38.6107
G1X132.6523Y-38.6335
G1X132.7376Y-38.6118
G1X132.8370Y-38.5365
G1X134.0498Y-37.3237
G1X134.1492Y-37.2484
G1X134.2345Y-37.2267
G1X134.3016Y-37.2495
G1X134.3463Y-37.3078
G1X134.3648Y-37.3924
G1X134.3529Y-37.4942
G1X134.3066Y-37.6040
G1X134.2219Y-37.7128
G1X133.0092Y-38.9256
G1X132.9245Y-39.0344
G1X132.8782Y-39.1442
G1X132.8664Y-39.2460
G1X132.8848Y-39.3306
G1X132.9296Y-39.3889
G1X132.9966Y-39.4117
G1X133.0819Y-39.3901
G1X133.1813Y-39.3147
G1X134.3941Y-38.1019
G1X134.4936Y-38.0266
G1X134.5789Y-38.0049
G1X134.6459Y-38.0277
G1X134.6907Y-38.0860
G1X134.7091Y-38.1706
G1X134.6972Y-38.2724
G1X134.6509Y-38.3823
G1X134.5663Y-38.4910
G1X133.3535Y-39.7038
G1X133.2688Y-39.8126
G1X133.2226Y-39.9224
G1X133.2107Y-40.0242
G1X133.2291Y-40.1088
G1X133.2739Y-40.1671
G1X133.3409Y-40.1900
G1X133.4262Y-40.1683
G1X133.5257Y-40.0929
G1X134.7384Y-38.8801
G1X134.8379Y-38.8048
G1X134.9232Y-38.7831
G1X134.9902Y-38.8060
G1X135.0350Y-38.8642
G1X135.0534Y-38.9488
G1X135.0415Y-39.0506
G1X134.9953Y-39.1604
G1X134.9106Y-39.2693
G1X133.6978Y-40.4820
G1X133.6131Y-40.5908
G1X133.5669Y-40.7007
G1X133.5550Y-40.8024
G1X133.5734Y-40.8870
G1X133.6182Y-40.9453
G1X133.6852Y-40.9682
G1X133.7705Y-40.9465
G1X133.8700Y-40.8711
G1X135.0827Y-39.6584
G1X135.1822Y-39.5830
G1X135.2675Y-39.5613
G1X135.3345Y-39.5842
G1X135.3793Y-39.6424
G1X135.3977Y-39.7271
G1X135.3859Y-39.8288
G1X135.3396Y-39.9387
G1X135.2549Y-40.0475
G1X134.0421Y-41.2602
G1X133.9575Y-41.3690
G1X133.9112Y-41.4789
G1X133.8993Y-41.5806
G1X133.9178Y-41.6653
G1X133.9625Y-41.7235
G1X134.0295Y-41.7464
G1X134.1148Y-41.7247
G1X134.2143Y-41.6493
G1X135.4271Y-40.4366
G1X135.5265Y-40.3612
G1X135.6118Y-40.3395
G1X135.6789Y-40.3624
G1X135.7236Y-40.4207
G1X135.7421Y-40.5052
G1X135.7302Y-40.6070
G1X135.6839Y-40.7169
G1X135.5992Y-40.8257
G1X134.3865Y-42.0384
G1X134.3018Y-42.1472
G1X134.2555Y-42.2571
G1X134.2436Y-42.3589
G1X134.2621Y-42.4434
G1X134.3068Y-42.5017
G1X134.3739Y-42.5246
G1X134.4592Y-42.5029
G1X134.5586Y-42.4275
G1X135.7714Y-41.2148
G1X135.8708Y-41.1394
G1X135.9561Y-41.1177
G1X136.0232Y-41.1406
G1X136.0679Y-41.1989
G1X136.0864Y-41.2835
G1X136.0745Y-41.3852
G1X136.0282Y-41.4951
G1X135.9435Y-41.6039
G1X134.7308Y-42.8166
G1X134.6461Y-42.9254
G1X134.5998Y-43.0353
G1X134.5879Y-43.1371
G1X134.6064Y-43.2217
G1X134.6512Y-43.2800
G1X134.7182Y-43.3028
G1X134.8035Y-43.2811
G1X134.9029Y-43.2058
G1X136.1157Y-41.9930
G1X136.2152Y-41.9176
G1X136.3004Y-41.8959
G1X136.3675Y-41.9188
G1X136.4122Y-41.9771
G1X136.4307Y-42.0617
G1X136.4188Y-42.1635
G1X136.3725Y-42.2733
G1X136.2878Y-42.3821
G1X135.0751Y-43.5949
G1X134.9904Y-43.7037
G1X134.9442Y-43.8135
G1X134.9323Y-43.9153
G1X134.9507Y-43.9999
G1X134.9955Y-44.0582
G1X135.0625Y-44.0810
G1X135.1478Y-44.0593
G1X135.2473Y-43.9840
G1X136.4600Y-42.7712
G1X136.5595Y-42.6959
G1X136.6448Y-42.6742
G1X136.7118Y-42.6970
G1X136.7566Y-42.7553
G1X136.7750Y-42.8399
G1X136.7631Y-42.9417
G1X136.7168Y-43.0515
G1X136.6322Y-43.1603
G1X135.4194Y-44.3731
G1X135.3347Y-44.4819
G1X135.2885Y-44.5917
G1X135.2766Y-44.6935
G1X135.2950Y-44.7781
G1X135.3398Y-44.8364
G1X135.4068Y-44.8593
G1X135.4921Y-44.8376
G1X135.5916Y-44.7622
G1X136.8043Y-43.5494
G1X136.9038Y-43.4741
G1X136.9891Y-43.4524
G1X137.0561Y-43.4752
G1X137.1009Y-43.5335
G1X137.1193Y-43.6181
G1X137.1074Y-43.7199
G1X137.0612Y-43.8297
G1X136.9765Y-43.9386
G1X135.7637Y-45.1513
G1X135.6791Y-45.2601
G1X135.6328Y-45.3700
G1X135.6209Y-45.4717
G1X135.6394Y-45.5563
G1X135.6841Y-45.6146
G1X135.7511Y-45.6374
G1X135.8364Y-45.6158
G1X135.9359Y-45.5404
G1X137.1486Y-44.3277
G1X137.2481Y-44.2523
G1X137.3334Y-44.2306
G1X137.4004Y-44.2535
G1X137.4452Y-44.3117
G1X137.4637Y-44.3963
G1X137.4518Y-44.4981
G1X137.4055Y-44.6080
G1X137.3208Y-44.7168
G1X136.1081Y-45.9295
G1X136.0234Y-46.0383
G1X135.9771Y-46.1482
G1X135.9652Y-46.2499
G1X135.9837Y-46.3345
G1X136.0284Y-46.3928
G1X136.0955Y-46.4157
G1X136.1807Y-46.3940
G1X136.2802Y-46.3186
G1X137.4929Y-45.1059
G1X137.5924Y-45.0305
G1X137.6777Y-45.0088
G1X137.7448Y-45.0317
G1X137.7895Y-45.0899
G1X137.8080Y-45.1745
G1X137.7961Y-45.2763
G1X137.7498Y-45.3862
G1X137.6651Y-45.4950
G1X136.4524Y-46.7077
G1X136.3677Y-46.8165
G1X136.3214Y-46.9264
G1X136.3095Y-47.0282
G1X136.3280Y-47.1127
G1X136.3728Y-47.1710
G1X136.4398Y-47.1939
G1X136.5250Y-47.1722
G1X136.6245Y-47.0968
G1X137.8373Y-45.8841
G1X137.9368Y-45.8087
G1X138.0220Y-45.7870
G1X138.0891Y-45.8099
G1X138.1338Y-45.8682
G1X138.1523Y-45.9528
G1X138.1404Y-46.0545
G1X138.0941Y-46.1644
G1X138.0094Y-46.2732
G1X136.7967Y-47.4859
G1X136.7120Y-47.5947
G1X136.6657Y-47.7046
G1X136.6538Y-47.8064
G1X136.6723Y-47.8910
G1X136.7171Y-47.9492
G1X136.7841Y-47.9721
G1X136.8694Y-47.9504
G1X136.9689Y-47.8751
G1X138.1816Y-46.6623
G1X138.2811Y-46.5869
G1X138.3664Y-46.5652
G1X138.4334Y-46.5881
G1X138.4781Y-46.6464
G1X138.4966Y-46.7310
G1X138.4847Y-46.8328
G1X138.4384Y-46.9426
G1X138.3537Y-47.0514
G1X137.1410Y-48.2642
G1X137.0563Y-48.3730
G1X137.0101Y-48.4828
G1X136.9982Y-48.5846
G1X137.0166Y-48.6692
G1X137.0614Y-48.7275
G1X137.1284Y-48.7503
G1X137.2137Y-48.7286
G1X137.3132Y-48.6533
G1X138.5259Y-47.4405
G1X138.6254Y-47.3652
G1X138.7107Y-47.3435
G1X138.7777Y-47.3663
G1X138.8225Y-47.4246
G1X138.8409Y-47.5092
G1X138.8290Y-47.6110
G1X138.7828Y-47.7208
G1X138.6981Y-47.8296
G1X137.4853Y-49.0424
G1X137.4006Y-49.1512
G1X137.3544Y-49.2610
G1X137.3425Y-49.3628
G1X137.3609Y-49.4474
G1X137.4057Y-49.5057
G1X137.4727Y-49.5285
G1X137.5580Y-49.5068
G1X137.6575Y-49.4315
G1X138.8702Y-48.2187
G1X138.9697Y-48.1434
G1X139.0550Y-48.1217
G1X139.1220Y-48.1445
G1X139.1668Y-48.2028
G1X139.1852Y-48.2874
G1X139.1733Y-48.3892
G1X139.1271Y-48.4991
G1X139.0424Y-48.6078
G1X137.8297Y-49.8206
G1X137.7450Y-49.9294
G1X137.6987Y-50.0392
G1X137.6868Y-50.1410
G1X137.7052Y-50.2256
G1X137.7500Y-50.2839
G1X137.8171Y-50.3067
G1X137.9023Y-50.2850
G1X138.0018Y-50.2097
G1X139.2145Y-48.9969
G1X139.3140Y-48.9216
G1X139.3993Y-48.8999
G1X139.4663Y-48.9228
G1X139.5111Y-48.9810
G1X139.5296Y-49.0656
G1X139.5177Y-49.1674
G1X139.4714Y-49.2772
G1X139.3867Y-49.3861
G1X138.1740Y-50.5988
G1X138.0893Y-50.7076
G1X138.0430Y-50.8175
G1X138.0311Y-50.9192
G1X138.0496Y-51.0038
G1X138.0943Y-51.0621
G1X138.1614Y-51.0850
G1X138.2466Y-51.0633
G1X138.3461Y-50.9879
G1X139.5589Y-49.7752
G1X139.6584Y-49.6998
G1X139.7436Y-49.6781
G1X139.8107Y-49.7009
G1X139.8554Y-49.7592
G1X139.8739Y-49.8438
G1X139.8620Y-49.9456
G1X139.8157Y-50.0555
G1X139.7310Y-50.1643
G1X138.5183Y-51.3770
G1X138.4336Y-51.4858
G1X138.3873Y-51.5957
G1X138.3754Y-51.6974
G1X138.3939Y-51.7820
G1X138.4386Y-51.8403
G1X138.5057Y-51.8632
G1X138.5910Y-51.8415
G1X138.6905Y-51.7661
G1X139.9032Y-50.5534
G1X140.0027Y-50.4780
G1X140.0879Y-50.4563
G1X140.1550Y-50.4792
G1X140.1997Y-50.5375
G1X140.2182Y-50.6220
G1X140.2063Y-50.7238
G1X140.1600Y-50.8337
G1X140.0753Y-50.9425
G1X138.8626Y-52.1552
G1X138.7880Y-52.2539
G1X138.7684Y-52.3372
G1X138.7941Y-52.4013
G1X138.8557Y-52.4428
G1X138.9436Y-52.4579
G1X139.0482Y-52.4431
G1X139.1601Y-52.3948
G1X139.2697Y-52.3094
G1X140.2475Y-51.3316
G1X140.3470Y-51.2562
G1X140.4323Y-51.2345
G1X140.4993Y-51.2574
G1X140.5441Y-51.3157
G1X140.5625Y-51.4003
G1X140.5506Y-51.5020
G1X140.5044Y-51.6119
G1X140.4197Y-51.7207
G1X139.8310Y-52.3094
G1X139.7630Y-52.4014
G1X139.7608Y-52.4672
G1X139.8113Y-52.5067
G1X139.9012Y-52.5198
G1X140.0174Y-52.5067
G1X140.1467Y-52.4672
G1X140.2760Y-52.4014
G1X140.3923Y-52.3094
G1X140.6866Y-52.0150
G1X140.7785Y-51.9814
G1X140.8583Y-52.0409
G1X140.9092Y-52.1561
G1X140.9149Y-52.2896
G1X140.8588Y-52.4041
G1X140.7431Y-52.5198
G1 Z0F20000
(Start Block)

G1X159.8009Y-52.6521
G1Z6F20000
(Plotting speed under)
G1 F8000

G1X163.8497Y-62.4417
G1X167.1727Y-71.1730
G1X164.5269Y-71.1730
G1X161.2039Y-62.4417
G1X157.1550Y-52.6521
G1X159.8009Y-52.6521
G1 Z0F20000
(Start Block)

G1X157.5254Y-52.7844
G1Z6F20000
(Plotting speed under)
G1 F8000

G1X157.4644Y-52.8454
G1X157.4443Y-52.9532
G1X157.4855Y-53.1049
G1X157.5572Y-53.2262
G1X157.6286Y-53.2425
G1X157.8762Y-52.9949
G1X157.9923Y-52.9028
G1X158.1217Y-52.8371
G1X158.2511Y-52.7976
G1X158.3673Y-52.7844
G1X158.4572Y-52.7976
G1X158.5076Y-52.8371
G1X158.5054Y-52.9028
G1X158.4374Y-52.9949
G1X157.9423Y-53.4900
G1X157.8572Y-53.5992
G1X157.8101Y-53.7099
G1X157.7969Y-53.8130
G1X157.8139Y-53.8990
G1X157.8572Y-53.9588
G1X157.9230Y-53.9829
G1X158.0074Y-53.9621
G1X158.1065Y-53.8871
G1X158.9987Y-52.9949
G1X159.1131Y-52.9046
G1X159.2378Y-52.8435
G1X159.3606Y-52.8106
G1X159.4693Y-52.8049
G1X159.5516Y-52.8256
G1X159.5955Y-52.8717
G1X159.5887Y-52.9421
G1X159.5189Y-53.0359
G1X158.2707Y-54.2841
G1X158.1857Y-54.3933
G1X158.1385Y-54.5040
G1X158.1254Y-54.6071
G1X158.1423Y-54.6932
G1X158.1856Y-54.7529
G1X158.2514Y-54.7770
G1X158.3358Y-54.7562
G1X158.4349Y-54.6812
G1X159.6831Y-53.4330
G1X159.7823Y-53.3580
G1X159.8667Y-53.3372
G1X159.9324Y-53.3613
G1X159.9757Y-53.4210
G1X159.9927Y-53.5071
G1X159.9796Y-53.6101
G1X159.9324Y-53.7209
G1X159.8474Y-53.8300
G1X158.5991Y-55.0783
G1X158.5141Y-55.1874
G1X158.4670Y-55.2982
G1X158.4538Y-55.4012
G1X158.4708Y-55.4873
G1X158.5141Y-55.5470
G1X158.5799Y-55.5711
G1X158.6642Y-55.5503
G1X158.7634Y-55.4753
G1X160.0116Y-54.2271
G1X160.1107Y-54.1521
G1X160.1951Y-54.1313
G1X160.2609Y-54.1554
G1X160.3042Y-54.2151
G1X160.3212Y-54.3012
G1X160.3080Y-54.4042
G1X160.2608Y-54.5150
G1X160.1758Y-54.6241
G1X158.9276Y-55.8724
G1X158.8426Y-55.9815
G1X158.7954Y-56.0923
G1X158.7822Y-56.1953
G1X158.7992Y-56.2814
G1X158.8425Y-56.3411
G1X158.9083Y-56.3652
G1X158.9927Y-56.3444
G1X159.0918Y-56.2694
G1X160.3400Y-55.0212
G1X160.4392Y-54.9462
G1X160.5235Y-54.9254
G1X160.5893Y-54.9495
G1X160.6326Y-55.0092
G1X160.6496Y-55.0953
G1X160.6364Y-55.1983
G1X160.5893Y-55.3091
G1X160.5042Y-55.4182
G1X159.2560Y-56.6665
G1X159.1710Y-56.7756
G1X159.1238Y-56.8863
G1X159.1107Y-56.9894
G1X159.1276Y-57.0754
G1X159.1710Y-57.1352
G1X159.2367Y-57.1593
G1X159.3211Y-57.1385
G1X159.4202Y-57.0635
G1X160.6684Y-55.8153
G1X160.7676Y-55.7403
G1X160.8520Y-55.7195
G1X160.9177Y-55.7436
G1X160.9610Y-55.8033
G1X160.9780Y-55.8894
G1X160.9649Y-55.9925
G1X160.9177Y-56.1032
G1X160.8326Y-56.2123
G1X159.5844Y-57.4605
G1X159.4994Y-57.5697
G1X159.4522Y-57.6804
G1X159.4391Y-57.7835
G1X159.4561Y-57.8696
G1X159.4994Y-57.9293
G1X159.5651Y-57.9534
G1X159.6495Y-57.9326
G1X159.7487Y-57.8576
G1X160.9969Y-56.6094
G1X161.0960Y-56.5344
G1X161.1804Y-56.5136
G1X161.2462Y-56.5377
G1X161.2895Y-56.5974
G1X161.3065Y-56.6835
G1X161.2933Y-56.7865
G1X161.2461Y-56.8973
G1X161.1611Y-57.0064
G1X159.9129Y-58.2547
G1X159.8278Y-58.3638
G1X159.7807Y-58.4746
G1X159.7675Y-58.5776
G1X159.7845Y-58.6637
G1X159.8278Y-58.7234
G1X159.8936Y-58.7475
G1X159.9780Y-58.7267
G1X160.0771Y-58.6517
G1X161.3253Y-57.4035
G1X161.4244Y-57.3285
G1X161.5088Y-57.3077
G1X161.5746Y-57.3318
G1X161.6179Y-57.3915
G1X161.6349Y-57.4776
G1X161.6217Y-57.5806
G1X161.5745Y-57.6914
G1X161.4895Y-57.8005
G1X160.2413Y-59.0488
G1X160.1563Y-59.1579
G1X160.1091Y-59.2687
G1X160.0959Y-59.3717
G1X160.1129Y-59.4578
G1X160.1562Y-59.5175
G1X160.2220Y-59.5416
G1X160.3064Y-59.5208
G1X160.4055Y-59.4458
G1X161.6537Y-58.1976
G1X161.7529Y-58.1226
G1X161.8372Y-58.1018
G1X161.9030Y-58.1259
G1X161.9463Y-58.1856
G1X161.9633Y-58.2717
G1X161.9501Y-58.3748
G1X161.9030Y-58.4855
G1X161.8180Y-58.5947
G1X160.5697Y-59.8429
G1X160.4847Y-59.9520
G1X160.4375Y-60.0628
G1X160.4244Y-60.1658
G1X160.4414Y-60.2518
G1X160.4847Y-60.3116
G1X160.5504Y-60.3357
G1X160.6348Y-60.3149
G1X160.7340Y-60.2399
G1X161.9822Y-58.9917
G1X162.0813Y-58.9167
G1X162.1657Y-58.8959
G1X162.2314Y-58.9200
G1X162.2748Y-58.9798
G1X162.2917Y-59.0658
G1X162.2786Y-59.1689
G1X162.2314Y-59.2796
G1X162.1464Y-59.3888
G1X160.8982Y-60.6370
G1X160.8131Y-60.7461
G1X160.7660Y-60.8568
G1X160.7528Y-60.9599
G1X160.7698Y-61.0460
G1X160.8131Y-61.1057
G1X160.8789Y-61.1298
G1X160.9632Y-61.1090
G1X161.0624Y-61.0340
G1X162.3106Y-59.7858
G1X162.4098Y-59.7108
G1X162.4941Y-59.6900
G1X162.5599Y-59.7141
G1X162.6032Y-59.7739
G1X162.6202Y-59.8599
G1X162.6070Y-59.9630
G1X162.5598Y-60.0737
G1X162.4748Y-60.1828
G1X161.2266Y-61.4311
G1X161.1416Y-61.5402
G1X161.0944Y-61.6510
G1X161.0813Y-61.7540
G1X161.0982Y-61.8401
G1X161.1415Y-61.8998
G1X161.2073Y-61.9239
G1X161.2917Y-61.9031
G1X161.3908Y-61.8281
G1X162.6390Y-60.5799
G1X162.7382Y-60.5049
G1X162.8226Y-60.4841
G1X162.8883Y-60.5082
G1X162.9316Y-60.5679
G1X162.9486Y-60.6540
G1X162.9355Y-60.7570
G1X162.8883Y-60.8678
G1X162.8032Y-60.9769
G1X161.5540Y-62.2262
G1X161.4686Y-62.3357
G1X161.4203Y-62.4476
G1X161.4057Y-62.5521
G1X161.4209Y-62.6399
G1X161.4625Y-62.7014
G1X161.5267Y-62.7271
G1X161.6100Y-62.7073
G1X161.7087Y-62.6327
G1X162.9675Y-61.3740
G1X163.0666Y-61.2990
G1X163.1510Y-61.2782
G1X163.2168Y-61.3023
G1X163.2600Y-61.3620
G1X163.2771Y-61.4481
G1X163.2639Y-61.5512
G1X163.2167Y-61.6619
G1X163.1317Y-61.7711
G1X161.8635Y-63.0393
G1X161.7780Y-63.1488
G1X161.7298Y-63.2607
G1X161.7151Y-63.3652
G1X161.7304Y-63.4530
G1X161.7719Y-63.5145
G1X161.8362Y-63.5401
G1X161.9195Y-63.5204
G1X162.0182Y-63.4458
G1X163.2959Y-62.1681
G1X163.3950Y-62.0931
G1X163.4794Y-62.0723
G1X163.5452Y-62.0964
G1X163.5885Y-62.1562
G1X163.6055Y-62.2422
G1X163.5923Y-62.3453
G1X163.5451Y-62.4560
G1X163.4601Y-62.5652
G1X162.1729Y-63.8524
G1X162.0875Y-63.9619
G1X162.0392Y-64.0737
G1X162.0245Y-64.1783
G1X162.0398Y-64.2661
G1X162.0814Y-64.3276
G1X162.1456Y-64.3532
G1X162.2289Y-64.3335
G1X162.3276Y-64.2589
G1X163.6181Y-62.9685
G1X163.7168Y-62.8938
G1X163.8001Y-62.8741
G1X163.8644Y-62.8997
G1X163.9059Y-62.9612
G1X163.9212Y-63.0490
G1X163.9065Y-63.1536
G1X163.8582Y-63.2654
G1X163.7728Y-63.3750
G1X162.4824Y-64.6654
G1X162.3969Y-64.7750
G1X162.3487Y-64.8868
G1X162.3340Y-64.9914
G1X162.3492Y-65.0792
G1X162.3908Y-65.1407
G1X162.4550Y-65.1663
G1X162.5383Y-65.1466
G1X162.6371Y-65.0720
G1X163.9275Y-63.7815
G1X164.0263Y-63.7069
G1X164.1096Y-63.6872
G1X164.1738Y-63.7128
G1X164.2154Y-63.7743
G1X164.2306Y-63.8621
G1X164.2159Y-63.9667
G1X164.1677Y-64.0785
G1X164.0823Y-64.1881
G1X162.7918Y-65.4785
G1X162.7064Y-65.5881
G1X162.6581Y-65.6999
G1X162.6434Y-65.8045
G1X162.6587Y-65.8923
G1X162.7002Y-65.9538
G1X162.7645Y-65.9794
G1X162.8478Y-65.9597
G1X162.9465Y-65.8851
G1X164.2370Y-64.5946
G1X164.3357Y-64.5200
G1X164.4190Y-64.5003
G1X164.4833Y-64.5259
G1X164.5248Y-64.5874
G1X164.5401Y-64.6752
G1X164.5254Y-64.7798
G1X164.4771Y-64.8916
G1X164.3917Y-65.0012
G1X163.1012Y-66.2916
G1X163.0158Y-66.4012
G1X162.9676Y-66.5130
G1X162.9529Y-66.6176
G1X162.9681Y-66.7054
G1X163.0097Y-66.7668
G1X163.0739Y-66.7925
G1X163.1572Y-66.7728
G1X163.2560Y-66.6982
G1X164.5464Y-65.4077
G1X164.6452Y-65.3331
G1X164.7285Y-65.3134
G1X164.7927Y-65.3390
G1X164.8343Y-65.4005
G1X164.8495Y-65.4883
G1X164.8348Y-65.5929
G1X164.7866Y-65.7047
G1X164.7012Y-65.8142
G1X163.4107Y-67.1047
G1X163.3253Y-67.2143
G1X163.2770Y-67.3261
G1X163.2623Y-67.4307
G1X163.2776Y-67.5184
G1X163.3192Y-67.5799
G1X163.3834Y-67.6056
G1X163.4667Y-67.5859
G1X163.5654Y-67.5113
G1X164.8559Y-66.2208
G1X164.9546Y-66.1462
G1X165.0379Y-66.1264
G1X165.1022Y-66.1521
G1X165.1437Y-66.2136
G1X165.1590Y-66.3014
G1X165.1443Y-66.4060
G1X165.0960Y-66.5178
G1X165.0106Y-66.6273
G1X163.7201Y-67.9178
G1X163.6347Y-68.0273
G1X163.5865Y-68.1392
G1X163.5718Y-68.2438
G1X163.5870Y-68.3315
G1X163.6286Y-68.3930
G1X163.6928Y-68.4187
G1X163.7761Y-68.3990
G1X163.8749Y-68.3243
G1X165.1653Y-67.0339
G1X165.2641Y-66.9593
G1X165.3473Y-66.9395
G1X165.4116Y-66.9652
G1X165.4531Y-67.0267
G1X165.4684Y-67.1145
G1X165.4537Y-67.2190
G1X165.4055Y-67.3309
G1X165.3200Y-67.4404
G1X164.0296Y-68.7309
G1X163.9442Y-68.8404
G1X163.8959Y-68.9523
G1X163.8812Y-69.0568
G1X163.8965Y-69.1446
G1X163.9380Y-69.2061
G1X164.0023Y-69.2318
G1X164.0856Y-69.2120
G1X164.1843Y-69.1374
G1X165.4748Y-67.8470
G1X165.5735Y-67.7723
G1X165.6568Y-67.7526
G1X165.7210Y-67.7783
G1X165.7626Y-67.8398
G1X165.7778Y-67.9275
G1X165.7632Y-68.0321
G1X165.7149Y-68.1440
G1X165.6295Y-68.2535
G1X164.3390Y-69.5440
G1X164.2536Y-69.6535
G1X164.2053Y-69.7653
G1X164.1907Y-69.8699
G1X164.2059Y-69.9577
G1X164.2475Y-70.0192
G1X164.3117Y-70.0449
G1X164.3950Y-70.0251
G1X164.4937Y-69.9505
G1X165.7842Y-68.6600
G1X165.8829Y-68.5854
G1X165.9663Y-68.5657
G1X166.0305Y-68.5914
G1X166.0720Y-68.6529
G1X166.0873Y-68.7406
G1X166.0726Y-68.8452
G1X166.0244Y-68.9570
G1X165.9389Y-69.0666
G1X164.6485Y-70.3571
G1X164.5630Y-70.4666
G1X164.5148Y-70.5784
G1X164.5001Y-70.6830
G1X164.5154Y-70.7708
G1X164.5569Y-70.8323
G1X164.6212Y-70.8579
G1X164.7045Y-70.8382
G1X164.8032Y-70.7636
G1X166.0937Y-69.4731
G1X166.1924Y-69.3985
G1X166.2757Y-69.3788
G1X166.3399Y-69.4045
G1X166.3815Y-69.4659
G1X166.3968Y-69.5537
G1X166.3821Y-69.6583
G1X166.3338Y-69.7701
G1X166.2484Y-69.8797
G1X165.2978Y-70.8302
G1X165.2299Y-70.9223
G1X165.2277Y-70.9881
G1X165.2781Y-71.0275
G1X165.3680Y-71.0407
G1X165.4842Y-71.0275
G1X165.6135Y-70.9881
G1X165.7429Y-70.9223
G1X165.8591Y-70.8302
G1X166.4031Y-70.2862
G1X166.5018Y-70.2116
G1X166.5851Y-70.1919
G1X166.6494Y-70.2175
G1X166.6910Y-70.2790
G1X166.7062Y-70.3668
G1X166.6915Y-70.4714
G1X166.6433Y-70.5832
G1X166.5578Y-70.6928
G1X166.2858Y-70.9648
G1X166.2852Y-71.0070
G1X166.3638Y-71.0323
G1X166.4905Y-71.0407
G1X166.6341Y-71.0323
G1X166.7633Y-71.0070
G1X166.8471Y-70.9648
G1X166.9230Y-70.8888
G1 Z0F20000
(Start Block)

G1X170.1273Y-34.1313
G1Z6F20000
(Plotting speed under)
G1 F8000

G1X178.3217Y-52.6521
G1X175.6759Y-52.6521
G1X167.4814Y-34.1313
G1X170.1273Y-34.1313
G1 Z0F20000
(Start Block)

G1X167.9777Y-34.2636
G1Z6F20000
(Plotting speed under)
G1 F8000

G1X167.8761Y-34.3652
G1X167.8290Y-34.4706
G1X167.8392Y-34.5997
G1X167.8901Y-34.7148
G1X167.9653Y-34.7788
G1X168.0483Y-34.7543
G1X168.3285Y-34.4741
G1X168.4447Y-34.3820
G1X168.5740Y-34.3162
G1X168.7034Y-34.2767
G1X168.8196Y-34.2636
G1X168.9095Y-34.2767
G1X168.9599Y-34.3162
G1X168.9577Y-34.3820
G1X168.8897Y-34.4741
G1X168.3293Y-35.0345
G1X168.2446Y-35.1433
G1X168.1984Y-35.2532
G1X168.1865Y-35.3549
G1X168.2049Y-35.4395
G1X168.2497Y-35.4978
G1X168.3167Y-35.5206
G1X168.4020Y-35.4990
G1X168.5015Y-35.4236
G1X169.4510Y-34.4741
G1X169.5618Y-34.3874
G1X169.6769Y-34.3359
G1X169.7861Y-34.3166
G1X169.8792Y-34.3265
G1X169.9459Y-34.3628
G1X169.9762Y-34.4224
G1X169.9597Y-34.5025
G1X169.8864Y-34.6000
G1X168.6736Y-35.8127
G1X168.5889Y-35.9215
G1X168.5427Y-36.0314
G1X168.5308Y-36.1332
G1X168.5492Y-36.2177
G1X168.5940Y-36.2760
G1X168.6610Y-36.2989
G1X168.7463Y-36.2772
G1X168.8458Y-36.2018
G1X170.0585Y-34.9891
G1X170.1580Y-34.9137
G1X170.2433Y-34.8920
G1X170.3103Y-34.9149
G1X170.3551Y-34.9731
G1X170.3735Y-35.0578
G1X170.3616Y-35.1595
G1X170.3154Y-35.2694
G1X170.2307Y-35.3782
G1X169.0180Y-36.5909
G1X168.9333Y-36.6997
G1X168.8870Y-36.8096
G1X168.8751Y-36.9114
G1X168.8936Y-36.9960
G1X168.9383Y-37.0542
G1X169.0053Y-37.0771
G1X169.0906Y-37.0554
G1X169.1901Y-36.9800
G1X170.4028Y-35.7673
G1X170.5023Y-35.6919
G1X170.5876Y-35.6702
G1X170.6546Y-35.6931
G1X170.6994Y-35.7514
G1X170.7179Y-35.8360
G1X170.7060Y-35.9377
G1X170.6597Y-36.0476
G1X170.5750Y-36.1564
G1X169.3623Y-37.3691
G1X169.2776Y-37.4779
G1X169.2313Y-37.5878
G1X169.2194Y-37.6896
G1X169.2379Y-37.7742
G1X169.2826Y-37.8324
G1X169.3497Y-37.8553
G1X169.4349Y-37.8336
G1X169.5344Y-37.7583
G1X170.7472Y-36.5455
G1X170.8467Y-36.4701
G1X170.9319Y-36.4484
G1X170.9990Y-36.4713
G1X171.0437Y-36.5296
G1X171.0622Y-36.6142
G1X171.0503Y-36.7160
G1X171.0040Y-36.8258
G1X170.9193Y-36.9346
G1X169.7066Y-38.1474
G1X169.6219Y-38.2562
G1X169.5756Y-38.3660
G1X169.5637Y-38.4678
G1X169.5822Y-38.5524
G1X169.6270Y-38.6107
G1X169.6940Y-38.6335
G1X169.7793Y-38.6118
G1X169.8787Y-38.5365
G1X171.0915Y-37.3237
G1X171.1910Y-37.2484
G1X171.2762Y-37.2267
G1X171.3433Y-37.2495
G1X171.3880Y-37.3078
G1X171.4065Y-37.3924
G1X171.3946Y-37.4942
G1X171.3483Y-37.6040
G1X171.2636Y-37.7128
G1X170.0509Y-38.9256
G1X169.9662Y-39.0344
G1X169.9200Y-39.1442
G1X169.9080Y-39.2460
G1X169.9265Y-39.3306
G1X169.9713Y-39.3889
G1X170.0383Y-39.4117
G1X170.1236Y-39.3901
G1X170.2231Y-39.3147
G1X171.4358Y-38.1019
G1X171.5353Y-38.0266
G1X171.6206Y-38.0049
G1X171.6876Y-38.0277
G1X171.7324Y-38.0860
G1X171.7508Y-38.1706
G1X171.7389Y-38.2724
G1X171.6926Y-38.3823
G1X171.6080Y-38.4910
G1X170.3952Y-39.7038
G1X170.3105Y-39.8126
G1X170.2643Y-39.9224
G1X170.2524Y-40.0242
G1X170.2708Y-40.1088
G1X170.3156Y-40.1671
G1X170.3826Y-40.1900
G1X170.4679Y-40.1683
G1X170.5674Y-40.0929
G1X171.7801Y-38.8801
G1X171.8796Y-38.8048
G1X171.9649Y-38.7831
G1X172.0319Y-38.8060
G1X172.0767Y-38.8642
G1X172.0951Y-38.9488
G1X172.0832Y-39.0506
G1X172.0370Y-39.1604
G1X171.9523Y-39.2693
G1X170.7395Y-40.4820
G1X170.6549Y-40.5908
G1X170.6086Y-40.7007
G1X170.5967Y-40.8024
G1X170.6151Y-40.8870
G1X170.6599Y-40.9453
G1X170.7269Y-40.9682
G1X170.8122Y-40.9465
G1X170.9117Y-40.8711
G1X172.1244Y-39.6584
G1X172.2239Y-39.5830
G1X172.3092Y-39.5613
G1X172.3762Y-39.5842
G1X172.4210Y-39.6424
G1X172.4394Y-39.7271
G1X172.4275Y-39.8288
G1X172.3813Y-39.9387
G1X172.2966Y-40.0475
G1X171.0839Y-41.2602
G1X170.9992Y-41.3690
G1X170.9529Y-41.4789
G1X170.9410Y-41.5806
G1X170.9594Y-41.6653
G1X171.0042Y-41.7235
G1X171.0713Y-41.7464
G1X171.1565Y-41.7247
G1X171.2560Y-41.6493
G1X172.4688Y-40.4366
G1X172.5682Y-40.3612
G1X172.6535Y-40.3395
G1X172.7205Y-40.3624
G1X172.7653Y-40.4207
G1X172.7838Y-40.5052
G1X172.7719Y-40.6070
G1X172.7256Y-40.7169
G1X172.6409Y-40.8257
G1X171.4282Y-42.0384
G1X171.3435Y-42.1472
G1X171.2972Y-42.2571
G1X171.2853Y-42.3589
G1X171.3038Y-42.4434
G1X171.3485Y-42.5017
G1X171.4156Y-42.5246
G1X171.5009Y-42.5029
G1X171.6003Y-42.4275
G1X172.8131Y-41.2148
G1X172.9126Y-41.1394
G1X172.9978Y-41.1177
G1X173.0649Y-41.1406
G1X173.1096Y-41.1989
G1X173.1281Y-41.2835
G1X173.1162Y-41.3852
G1X173.0699Y-41.4951
G1X172.9852Y-41.6039
G1X171.7725Y-42.8166
G1X171.6878Y-42.9254
G1X171.6415Y-43.0353
G1X171.6296Y-43.1371
G1X171.6481Y-43.2217
G1X171.6928Y-43.2800
G1X171.7599Y-43.3028
G1X171.8452Y-43.2811
G1X171.9447Y-43.2058
G1X173.1574Y-41.9930
G1X173.2569Y-41.9176
G1X173.3422Y-41.8959
G1X173.4092Y-41.9188
G1X173.4539Y-41.9771
G1X173.4724Y-42.0617
G1X173.4605Y-42.1635
G1X173.4142Y-42.2733
G1X173.3296Y-42.3821
G1X172.1168Y-43.5949
G1X172.0321Y-43.7037
G1X171.9858Y-43.8135
G1X171.9740Y-43.9153
G1X171.9924Y-43.9999
G1X172.0372Y-44.0582
G1X172.1042Y-44.0810
G1X172.1895Y-44.0593
G1X172.2890Y-43.9840
G1X173.5017Y-42.7712
G1X173.6012Y-42.6959
G1X173.6865Y-42.6742
G1X173.7535Y-42.6970
G1X173.7983Y-42.7553
G1X173.8167Y-42.8399
G1X173.8048Y-42.9417
G1X173.7586Y-43.0515
G1X173.6739Y-43.1603
G1X172.4611Y-44.3731
G1X172.3765Y-44.4819
G1X172.3302Y-44.5917
G1X172.3183Y-44.6935
G1X172.3367Y-44.7781
G1X172.3815Y-44.8364
G1X172.4485Y-44.8593
G1X172.5338Y-44.8376
G1X172.6333Y-44.7622
G1X173.8460Y-43.5494
G1X173.9455Y-43.4741
G1X174.0308Y-43.4524
G1X174.0978Y-43.4752
G1X174.1426Y-43.5335
G1X174.1610Y-43.6181
G1X174.1491Y-43.7199
G1X174.1029Y-43.8297
G1X174.0182Y-43.9386
G1X172.8054Y-45.1513
G1X172.7208Y-45.2601
G1X172.6745Y-45.3700
G1X172.6626Y-45.4717
G1X172.6810Y-45.5563
G1X172.7258Y-45.6146
G1X172.7929Y-45.6374
G1X172.8781Y-45.6158
G1X172.9776Y-45.5404
G1X174.1904Y-44.3277
G1X174.2898Y-44.2523
G1X174.3751Y-44.2306
G1X174.4421Y-44.2535
G1X174.4869Y-44.3117
G1X174.5053Y-44.3963
G1X174.4935Y-44.4981
G1X174.4472Y-44.6080
G1X174.3625Y-44.7168
G1X173.1498Y-45.9295
G1X173.0651Y-46.0383
G1X173.0188Y-46.1482
G1X173.0069Y-46.2499
G1X173.0254Y-46.3345
G1X173.0701Y-46.3928
G1X173.1372Y-46.4157
G1X173.2224Y-46.3940
G1X173.3219Y-46.3186
G1X174.5347Y-45.1059
G1X174.6341Y-45.0305
G1X174.7194Y-45.0088
G1X174.7865Y-45.0317
G1X174.8312Y-45.0899
G1X174.8497Y-45.1745
G1X174.8378Y-45.2763
G1X174.7915Y-45.3862
G1X174.7068Y-45.4950
G1X173.4941Y-46.7077
G1X173.4094Y-46.8165
G1X173.3631Y-46.9264
G1X173.3512Y-47.0282
G1X173.3697Y-47.1127
G1X173.4144Y-47.1710
G1X173.4815Y-47.1939
G1X173.5668Y-47.1722
G1X173.6662Y-47.0968
G1X174.8790Y-45.8841
G1X174.9785Y-45.8087
G1X175.0637Y-45.7870
G1X175.1308Y-45.8099
G1X175.1755Y-45.8682
G1X175.1940Y-45.9528
G1X175.1821Y-46.0545
G1X175.1358Y-46.1644
G1X175.0512Y-46.2732
G1X173.8384Y-47.4859
G1X173.7537Y-47.5947
G1X173.7074Y-47.7046
G1X173.6956Y-47.8064
G1X173.7140Y-47.8910
G1X173.7588Y-47.9492
G1X173.8258Y-47.9721
G1X173.9111Y-47.9504
G1X174.0106Y-47.8751
G1X175.2233Y-46.6623
G1X175.3228Y-46.5869
G1X175.4080Y-46.5652
G1X175.4751Y-46.5881
G1X175.5199Y-46.6464
G1X175.5383Y-46.7310
G1X175.5264Y-46.8328
G1X175.4801Y-46.9426
G1X175.3955Y-47.0514
G1X174.1827Y-48.2642
G1X174.0980Y-48.3730
G1X174.0518Y-48.4828
G1X174.0399Y-48.5846
G1X174.0583Y-48.6692
G1X174.1031Y-48.7275
G1X174.1701Y-48.7503
G1X174.2554Y-48.7286
G1X174.3549Y-48.6533
G1X175.5676Y-47.4405
G1X175.6671Y-47.3652
G1X175.7524Y-47.3435
G1X175.8194Y-47.3663
G1X175.8642Y-47.4246
G1X175.8826Y-47.5092
G1X175.8707Y-47.6110
G1X175.8245Y-47.7208
G1X175.7398Y-47.8296
G1X174.5270Y-49.0424
G1X174.4423Y-49.1512
G1X174.3961Y-49.2610
G1X174.3842Y-49.3628
G1X174.4026Y-49.4474
G1X174.4474Y-49.5057
G1X174.5144Y-49.5285
G1X174.5997Y-49.5068
G1X174.6992Y-49.4315
G1X175.9119Y-48.2187
G1X176.0114Y-48.1434
G1X176.0967Y-48.1217
G1X176.1637Y-48.1445
G1X176.2085Y-48.2028
G1X176.2269Y-48.2874
G1X176.2151Y-48.3892
G1X176.1688Y-48.4991
G1X176.0841Y-48.6078
G1X174.8713Y-49.8206
G1X174.7867Y-49.9294
G1X174.7404Y-50.0392
G1X174.7285Y-50.1410
G1X174.7470Y-50.2256
G1X174.7917Y-50.2839
G1X174.8587Y-50.3067
G1X174.9440Y-50.2850
G1X175.0435Y-50.2097
G1X176.2563Y-48.9969
G1X176.3557Y-48.9216
G1X176.4410Y-48.8999
G1X176.5081Y-48.9228
G1X176.5528Y-48.9810
G1X176.5713Y-49.0656
G1X176.5594Y-49.1674
G1X176.5131Y-49.2772
G1X176.4284Y-49.3861
G1X175.2157Y-50.5988
G1X175.1310Y-50.7076
G1X175.0847Y-50.8175
G1X175.0728Y-50.9192
G1X175.0913Y-51.0038
G1X175.1360Y-51.0621
G1X175.2031Y-51.0850
G1X175.2884Y-51.0633
G1X175.3878Y-50.9879
G1X176.6006Y-49.7752
G1X176.7001Y-49.6998
G1X176.7853Y-49.6781
G1X176.8524Y-49.7009
G1X176.8971Y-49.7592
G1X176.9156Y-49.8438
G1X176.9037Y-49.9456
G1X176.8574Y-50.0555
G1X176.7727Y-50.1643
G1X175.5600Y-51.3770
G1X175.4753Y-51.4858
G1X175.4290Y-51.5957
G1X175.4172Y-51.6974
G1X175.4356Y-51.7820
G1X175.4804Y-51.8403
G1X175.5474Y-51.8632
G1X175.6327Y-51.8415
G1X175.7321Y-51.7661
G1X176.9449Y-50.5534
G1X177.0444Y-50.4780
G1X177.1296Y-50.4563
G1X177.1967Y-50.4792
G1X177.2415Y-50.5375
G1X177.2599Y-50.6220
G1X177.2480Y-50.7238
G1X177.2017Y-50.8337
G1X177.1170Y-50.9425
G1X175.9043Y-52.1552
G1X175.8297Y-52.2539
G1X175.8101Y-52.3372
G1X175.8358Y-52.4013
G1X175.8974Y-52.4428
G1X175.9853Y-52.4579
G1X176.0900Y-52.4431
G1X176.2019Y-52.3948
G1X176.3114Y-52.3094
G1X177.2892Y-51.3316
G1X177.3887Y-51.2562
G1X177.4740Y-51.2345
G1X177.5410Y-51.2574
G1X177.5858Y-51.3157
G1X177.6042Y-51.4003
G1X177.5923Y-51.5020
G1X177.5460Y-51.6119
G1X177.4614Y-51.7207
G1X176.8727Y-52.3094
G1X176.8047Y-52.4014
G1X176.8025Y-52.4672
G1X176.8530Y-52.5067
G1X176.9428Y-52.5198
G1X177.0591Y-52.5067
G1X177.1884Y-52.4672
G1X177.3178Y-52.4014
G1X177.4340Y-52.3094
G1X177.7283Y-52.0150
G1X177.8203Y-51.9814
G1X177.9000Y-52.0409
G1X177.9509Y-52.1561
G1X177.9566Y-52.2896
G1X177.9005Y-52.4041
G1X177.7848Y-52.5198
G1 Z0F20000
(Start Block)

G1X196.8426Y-52.6521
G1Z6F20000
(Plotting speed under)
G1 F8000

G1X200.8915Y-62.4417
G1X204.2144Y-71.1730
G1X201.5686Y-71.1730
G1X198.2456Y-62.4417
G1X194.1968Y-52.6521
G1X196.8426Y-52.6521
G1 Z0F20000
(Start Block)

G1X194.5671Y-52.7844
G1Z6F20000
(Plotting speed under)
G1 F8000

G1X194.5061Y-52.8454
G1X194.4860Y-52.9532
G1X194.5272Y-53.1049
G1X194.5989Y-53.2262
G1X194.6703Y-53.2425
G1X194.9179Y-52.9949
G1X195.0341Y-52.9028
G1X195.1634Y-52.8371
G1X195.2928Y-52.7976
G1X195.4090Y-52.7844
G1X195.4989Y-52.7976
G1X195.5493Y-52.8371
G1X195.5471Y-52.9028
G1X195.4791Y-52.9949
G1X194.9840Y-53.4900
G1X194.8990Y-53.5992
G1X194.8518Y-53.7099
G1X194.8386Y-53.8130
G1X194.8556Y-53.8990
G1X194.8989Y-53.9588
G1X194.9647Y-53.9829
G1X195.0491Y-53.9621
G1X195.1482Y-53.8871
G1X196.0404Y-52.9949
G1X196.1548Y-52.9046
G1X196.2795Y-52.8435
G1X196.4023Y-52.8106
G1X196.5110Y-52.8049
G1X196.5934Y-52.8256
G1X196.6372Y-52.8717
G1X196.6304Y-52.9421
G1X196.5607Y-53.0359
G1X195.3124Y-54.2841
G1X195.2274Y-54.3933
G1X195.1802Y-54.5040
G1X195.1671Y-54.6071
G1X195.1841Y-54.6932
G1X195.2274Y-54.7529
G1X195.2931Y-54.7770
G1X195.3775Y-54.7562
G1X195.4766Y-54.6812
G1X196.7249Y-53.4330
G1X196.8240Y-53.3580
G1X196.9084Y-53.3372
G1X196.9741Y-53.3613
G1X197.0174Y-53.4210
G1X197.0344Y-53.5071
G1X197.0213Y-53.6101
G1X196.9741Y-53.7209
G1X196.8891Y-53.8300
G1X195.6409Y-55.0783
G1X195.5558Y-55.1874
G1X195.5087Y-55.2982
G1X195.4955Y-55.4012
G1X195.5125Y-55.4873
G1X195.5558Y-55.5470
G1X195.6216Y-55.5711
G1X195.7059Y-55.5503
G1X195.8051Y-55.4753
G1X197.0533Y-54.2271
G1X197.1524Y-54.1521
G1X197.2368Y-54.1313
G1X197.3026Y-54.1554
G1X197.3459Y-54.2151
G1X197.3629Y-54.3012
G1X197.3497Y-54.4042
G1X197.3025Y-54.5150
G1X197.2175Y-54.6241
G1X195.9693Y-55.8724
G1X195.8843Y-55.9815
G1X195.8371Y-56.0923
G1X195.8239Y-56.1953
G1X195.8409Y-56.2814
G1X195.8842Y-56.3411
G1X195.9500Y-56.3652
G1X196.0344Y-56.3444
G1X196.1335Y-56.2694
G1X197.3817Y-55.0212
G1X197.4808Y-54.9462
G1X197.5652Y-54.9254
G1X197.6310Y-54.9495
G1X197.6743Y-55.0092
G1X197.6913Y-55.0953
G1X197.6781Y-55.1983
G1X197.6310Y-55.3091
G1X197.5459Y-55.4182
G1X196.2977Y-56.6665
G1X196.2127Y-56.7756
G1X196.1655Y-56.8863
G1X196.1523Y-56.9894
G1X196.1694Y-57.0754
G1X196.2126Y-57.1352
G1X196.2784Y-57.1593
G1X196.3628Y-57.1385
G1X196.4619Y-57.0635
G1X197.7102Y-55.8153
G1X197.8093Y-55.7403
G1X197.8937Y-55.7195
G1X197.9594Y-55.7436
G1X198.0027Y-55.8033
G1X198.0197Y-55.8894
G1X198.0066Y-55.9925
G1X197.9594Y-56.1032
G1X197.8744Y-56.2123
G1X196.6262Y-57.4605
G1X196.5411Y-57.5697
G1X196.4940Y-57.6804
G1X196.4808Y-57.7835
G1X196.4978Y-57.8696
G1X196.5411Y-57.9293
G1X196.6068Y-57.9534
G1X196.6912Y-57.9326
G1X196.7904Y-57.8576
G1X198.0386Y-56.6094
G1X198.1377Y-56.5344
G1X198.2221Y-56.5136
G1X198.2879Y-56.5377
G1X198.3312Y-56.5974
G1X198.3482Y-56.6835
G1X198.3350Y-56.7865
G1X198.2878Y-56.8973
G1X198.2028Y-57.0064
G1X196.9546Y-58.2547
G1X196.8696Y-58.3638
G1X196.8224Y-58.4746
G1X196.8092Y-58.5776
G1X196.8262Y-58.6637
G1X196.8695Y-58.7234
G1X196.9353Y-58.7475
G1X197.0197Y-58.7267
G1X197.1188Y-58.6517
G1X198.3670Y-57.4035
G1X198.4662Y-57.3285
G1X198.5505Y-57.3077
G1X198.6163Y-57.3318
G1X198.6596Y-57.3915
G1X198.6766Y-57.4776
G1X198.6634Y-57.5806
G1X198.6163Y-57.6914
G1X198.5312Y-57.8005
G1X197.2830Y-59.0488
G1X197.1980Y-59.1579
G1X197.1508Y-59.2687
G1X197.1377Y-59.3717
G1X197.1546Y-59.4578
G1X197.1980Y-59.5175
G1X197.2637Y-59.5416
G1X197.3481Y-59.5208
G1X197.4472Y-59.4458
G1X198.6954Y-58.1976
G1X198.7946Y-58.1226
G1X198.8790Y-58.1018
G1X198.9447Y-58.1259
G1X198.9880Y-58.1856
G1X199.0050Y-58.2717
G1X198.9919Y-58.3748
G1X198.9447Y-58.4855
G1X198.8597Y-58.5947
G1X197.6114Y-59.8429
G1X197.5264Y-59.9520
G1X197.4793Y-60.0628
G1X197.4661Y-60.1658
G1X197.4831Y-60.2518
G1X197.5264Y-60.3116
G1X197.5922Y-60.3357
G1X197.6765Y-60.3149
G1X197.7757Y-60.2399
G1X199.0239Y-58.9917
G1X199.1230Y-58.9167
G1X199.2074Y-58.8959
G1X199.2732Y-58.9200
G1X199.3165Y-58.9798
G1X199.3335Y-59.0658
G1X199.3203Y-59.1689
G1X199.2731Y-59.2796
G1X199.1881Y-59.3888
G1X197.9399Y-60.6370
G1X197.8549Y-60.7461
G1X197.8077Y-60.8568
G1X197.7945Y-60.9599
G1X197.8115Y-61.0460
G1X197.8548Y-61.1057
G1X197.9206Y-61.1298
G1X198.0050Y-61.1090
G1X198.1041Y-61.0340
G1X199.3523Y-59.7858
G1X199.4514Y-59.7108
G1X199.5358Y-59.6900
G1X199.6016Y-59.7141
G1X199.6449Y-59.7739
G1X199.6619Y-59.8599
G1X199.6487Y-59.9630
G1X199.6016Y-60.0737
G1X199.5165Y-60.1828
G1X198.2683Y-61.4311
G1X198.1833Y-61.5402
G1X198.1361Y-61.6510
G1X198.1229Y-61.7540
G1X198.1400Y-61.8401
G1X198.1832Y-61.8998
G1X198.2490Y-61.9239
G1X198.3334Y-61.9031
G1X198.4325Y-61.8281
G1X199.6808Y-60.5799
G1X199.7799Y-60.5049
G1X199.8643Y-60.4841
G1X199.9300Y-60.5082
G1X199.9733Y-60.5679
G1X199.9903Y-60.6540
G1X199.9772Y-60.7570
G1X199.9300Y-60.8678
G1X199.8450Y-60.9769
G1X198.5957Y-62.2262
G1X198.5103Y-62.3357
G1X198.4620Y-62.4476
G1X198.4473Y-62.5521
G1X198.4626Y-62.6399
G1X198.5042Y-62.7014
G1X198.5684Y-62.7271
G1X198.6517Y-62.7073
G1X198.7505Y-62.6327
G1X200.0092Y-61.3740
G1X200.1083Y-61.2990
G1X200.1927Y-61.2782
G1X200.2584Y-61.3023
G1X200.3018Y-61.3620
G1X200.3187Y-61.4481
G1X200.3056Y-61.5512
G1X200.2584Y-61.6619
G1X200.1734Y-61.7711
G1X198.9052Y-63.0393
G1X198.8197Y-63.1488
G1X198.7715Y-63.2607
G1X198.7568Y-63.3652
G1X198.7720Y-63.4530
G1X198.8136Y-63.5145
G1X198.8778Y-63.5401
G1X198.9612Y-63.5204
G1X199.0599Y-63.4458
G1X200.3376Y-62.1681
G1X200.4367Y-62.0931
G1X200.5211Y-62.0723
G1X200.5869Y-62.0964
G1X200.6302Y-62.1562
G1X200.6472Y-62.2422
G1X200.6340Y-62.3453
G1X200.5868Y-62.4560
G1X200.5018Y-62.5652
G1X199.2146Y-63.8524
G1X199.1292Y-63.9619
G1X199.0809Y-64.0737
G1X199.0663Y-64.1783
G1X199.0815Y-64.2661
G1X199.1231Y-64.3276
G1X199.1873Y-64.3532
G1X199.2706Y-64.3335
G1X199.3693Y-64.2589
G1X200.6598Y-62.9685
G1X200.7585Y-62.8938
G1X200.8418Y-62.8741
G1X200.9061Y-62.8997
G1X200.9476Y-62.9612
G1X200.9629Y-63.0490
G1X200.9482Y-63.1536
G1X200.9000Y-63.2654
G1X200.8145Y-63.3750
G1X199.5241Y-64.6654
G1X199.4386Y-64.7750
G1X199.3904Y-64.8868
G1X199.3757Y-64.9914
G1X199.3910Y-65.0792
G1X199.4325Y-65.1407
G1X199.4968Y-65.1663
G1X199.5801Y-65.1466
G1X199.6788Y-65.0720
G1X200.9692Y-63.7815
G1X201.0680Y-63.7069
G1X201.1513Y-63.6872
G1X201.2155Y-63.7128
G1X201.2571Y-63.7743
G1X201.2723Y-63.8621
G1X201.2576Y-63.9667
G1X201.2094Y-64.0785
G1X201.1240Y-64.1881
G1X199.8335Y-65.4785
G1X199.7481Y-65.5881
G1X199.6998Y-65.6999
G1X199.6851Y-65.8045
G1X199.7004Y-65.8923
G1X199.7420Y-65.9538
G1X199.8062Y-65.9794
G1X199.8895Y-65.9597
G1X199.9882Y-65.8851
G1X201.2787Y-64.5946
G1X201.3774Y-64.5200
G1X201.4607Y-64.5003
G1X201.5250Y-64.5259
G1X201.5665Y-64.5874
G1X201.5818Y-64.6752
G1X201.5671Y-64.7798
G1X201.5188Y-64.8916
G1X201.4334Y-65.0012
G1X200.1430Y-66.2916
G1X200.0575Y-66.4012
G1X200.0093Y-66.5130
G1X199.9946Y-66.6176
G1X200.0098Y-66.7054
G1X200.0514Y-66.7668
G1X200.1156Y-66.7925
G1X200.1989Y-66.7728
G1X200.2977Y-66.6982
G1X201.5881Y-65.4077
G1X201.6869Y-65.3331
G1X201.7702Y-65.3134
G1X201.8344Y-65.3390
G1X201.8760Y-65.4005
G1X201.8912Y-65.4883
G1X201.8765Y-65.5929
G1X201.8283Y-65.7047
G1X201.7429Y-65.8142
G1X200.4524Y-67.1047
G1X200.3670Y-67.2143
G1X200.3187Y-67.3261
G1X200.3040Y-67.4307
G1X200.3193Y-67.5184
G1X200.3608Y-67.5799
G1X200.4251Y-67.6056
G1X200.5084Y-67.5859
G1X200.6071Y-67.5113
G1X201.8976Y-66.2208
G1X201.9963Y-66.1462
G1X202.0796Y-66.1264
G1X202.1439Y-66.1521
G1X202.1854Y-66.2136
G1X202.2007Y-66.3014
G1X202.1860Y-66.4060
G1X202.1377Y-66.5178
G1X202.0523Y-66.6273
G1X200.7618Y-67.9178
G1X200.6764Y-68.0273
G1X200.6282Y-68.1392
G1X200.6135Y-68.2438
G1X200.6287Y-68.3315
G1X200.6703Y-68.3930
G1X200.7345Y-68.4187
G1X200.8178Y-68.3990
G1X200.9166Y-68.3243
G1X202.2070Y-67.0339
G1X202.3058Y-66.9593
G1X202.3891Y-66.9395
G1X202.4533Y-66.9652
G1X202.4949Y-67.0267
G1X202.5101Y-67.1145
G1X202.4954Y-67.2190
G1X202.4472Y-67.3309
G1X202.3618Y-67.4404
G1X201.0713Y-68.7309
G1X200.9859Y-68.8404
G1X200.9376Y-68.9523
G1X200.9229Y-69.0568
G1X200.9382Y-69.1446
G1X200.9798Y-69.2061
G1X201.0440Y-69.2318
G1X201.1273Y-69.2120
G1X201.2260Y-69.1374
G1X202.5165Y-67.8470
G1X202.6152Y-67.7723
G1X202.6985Y-67.7526
G1X202.7628Y-67.7783
G1X202.8043Y-67.8398
G1X202.8196Y-67.9275
G1X202.8049Y-68.0321
G1X202.7566Y-68.1440
G1X202.6712Y-68.2535
G1X201.3807Y-69.5440
G1X201.2953Y-69.6535
G1X201.2471Y-69.7653
G1X201.2324Y-69.8699
G1X201.2476Y-69.9577
G1X201.2892Y-70.0192
G1X201.3534Y-70.0449
G1X201.4367Y-70.0251
G1X201.5355Y-69.9505
G1X202.8259Y-68.6600
G1X202.9247Y-68.5854
G1X203.0079Y-68.5657
G1X203.0722Y-68.5914
G1X203.1137Y-68.6529
G1X203.1290Y-68.7406
G1X203.1143Y-68.8452
G1X203.0661Y-68.9570
G1X202.9806Y-69.0666
G1X201.6902Y-70.3571
G1X201.6048Y-70.4666
G1X201.5565Y-70.5784
G1X201.5418Y-70.6830
G1X201.5571Y-70.7708
G1X201.5986Y-70.8323
G1X201.6629Y-70.8579
G1X201.7462Y-70.8382
G1X201.8449Y-70.7636
G1X203.1354Y-69.4731
G1X203.2341Y-69.3985
G1X203.3174Y-69.3788
G1X203.3816Y-69.4045
G1X203.4232Y-69.4659
G1X203.4384Y-69.5537
G1X203.4238Y-69.6583
G1X203.3755Y-69.7701
G1X203.2901Y-69.8797
G1X202.3396Y-70.8302
G1X202.2716Y-70.9223
G1X202.2694Y-70.9881
G1X202.3198Y-71.0275
G1X202.4097Y-71.0407
G1X202.5259Y-71.0275
G1X202.6553Y-70.9881
G1X202.7846Y-70.9223
G1X202.9008Y-70.8302
G1X203.4448Y-70.2862
G1X203.5435Y-70.2116
G1X203.6269Y-70.1919
G1X203.6911Y-70.2175
G1X203.7326Y-70.2790
G1X203.7479Y-70.3668
G1X203.7332Y-70.4714
G1X203.6850Y-70.5832
G1X203.5995Y-70.6928
G1X203.3275Y-70.9648
G1X203.3269Y-71.0070
G1X203.4056Y-71.0323
G1X203.5322Y-71.0407
G1X203.6758Y-71.0323
G1X203.8051Y-71.0070
G1X203.8888Y-70.9648
G1X203.9647Y-70.8888
G1 Z0F20000
(Start Block)

G1X207.1690Y-34.1313
G1Z6F20000
(Plotting speed under)
G1 F8000

G1X215.3634Y-52.6521
G1X212.7176Y-52.6521
G1X204.5231Y-34.1313
G1X207.1690Y-34.1313
G1 Z0F20000
(Start Block)

G1X205.0194Y-34.2636
G1Z6F20000
(Plotting speed under)
G1 F8000

G1X204.9178Y-34.3652
G1X204.8707Y-34.4706
G1X204.8809Y-34.5997
G1X204.9319Y-34.7148
G1X205.0071Y-34.7788
G1X205.0900Y-34.7543
G1X205.3702Y-34.4741
G1X205.4864Y-34.3820
G1X205.6158Y-34.3162
G1X205.7451Y-34.2767
G1X205.8613Y-34.2636
G1X205.9512Y-34.2767
G1X206.0016Y-34.3162
G1X205.9994Y-34.3820
G1X205.9315Y-34.4741
G1X205.3710Y-35.0345
G1X205.2863Y-35.1433
G1X205.2401Y-35.2532
G1X205.2282Y-35.3549
G1X205.2466Y-35.4395
G1X205.2914Y-35.4978
G1X205.3584Y-35.5206
G1X205.4437Y-35.4990
G1X205.5432Y-35.4236
G1X206.4927Y-34.4741
G1X206.6035Y-34.3874
G1X206.7186Y-34.3359
G1X206.8278Y-34.3166
G1X206.9209Y-34.3265
G1X206.9876Y-34.3628
G1X207.0179Y-34.4224
G1X207.0015Y-34.5025
G1X206.9281Y-34.6000
G1X205.7153Y-35.8127
G1X205.6307Y-35.9215
G1X205.5844Y-36.0314
G1X205.5725Y-36.1332
G1X205.5909Y-36.2177
G1X205.6357Y-36.2760
G1X205.7028Y-36.2989
G1X205.7880Y-36.2772
G1X205.8875Y-36.2018
G1X207.1002Y-34.9891
G1X207.1997Y-34.9137
G1X207.2850Y-34.8920
G1X207.3520Y-34.9149
G1X207.3968Y-34.9731
G1X207.4152Y-35.0578
G1X207.4034Y-35.1595
G1X207.3571Y-35.2694
G1X207.2724Y-35.3782
G1X206.0596Y-36.5909
G1X205.9750Y-36.6997
G1X205.9287Y-36.8096
G1X205.9168Y-36.9114
G1X205.9353Y-36.9960
G1X205.9800Y-37.0542
G1X206.0471Y-37.0771
G1X206.1323Y-37.0554
G1X206.2318Y-36.9800
G1X207.4446Y-35.7673
G1X207.5440Y-35.6919
G1X207.6293Y-35.6702
G1X207.6964Y-35.6931
G1X207.7411Y-35.7514
G1X207.7596Y-35.8360
G1X207.7477Y-35.9377
G1X207.7014Y-36.0476
G1X207.6167Y-36.1564
G1X206.4040Y-37.3691
G1X206.3193Y-37.4779
G1X206.2730Y-37.5878
G1X206.2611Y-37.6896
G1X206.2796Y-37.7742
G1X206.3243Y-37.8324
G1X206.3914Y-37.8553
G1X206.4767Y-37.8336
G1X206.5761Y-37.7583
G1X207.7889Y-36.5455
G1X207.8883Y-36.4701
G1X207.9736Y-36.4484
G1X208.0407Y-36.4713
G1X208.0854Y-36.5296
G1X208.1039Y-36.6142
G1X208.0920Y-36.7160
G1X208.0457Y-36.8258
G1X207.9610Y-36.9346
G1X206.7483Y-38.1474
G1X206.6636Y-38.2562
G1X206.6173Y-38.3660
G1X206.6054Y-38.4678
G1X206.6239Y-38.5524
G1X206.6687Y-38.6107
G1X206.7357Y-38.6335
G1X206.8210Y-38.6118
G1X206.9204Y-38.5365
G1X208.1332Y-37.3237
G1X208.2327Y-37.2484
G1X208.3179Y-37.2267
G1X208.3850Y-37.2495
G1X208.4297Y-37.3078
G1X208.4482Y-37.3924
G1X208.4363Y-37.4942
G1X208.3900Y-37.6040
G1X208.3054Y-37.7128
G1X207.0926Y-38.9256
G1X207.0079Y-39.0344
G1X206.9616Y-39.1442
G1X206.9498Y-39.2460
G1X206.9682Y-39.3306
G1X207.0130Y-39.3889
G1X207.0800Y-39.4117
G1X207.1653Y-39.3901
G1X207.2648Y-39.3147
G1X208.4775Y-38.1019
G1X208.5770Y-38.0266
G1X208.6623Y-38.0049
G1X208.7293Y-38.0277
G1X208.7741Y-38.0860
G1X208.7925Y-38.1706
G1X208.7806Y-38.2724
G1X208.7343Y-38.3823
G1X208.6497Y-38.4910
G1X207.4369Y-39.7038
G1X207.3522Y-39.8126
G1X207.3060Y-39.9224
G1X207.2941Y-40.0242
G1X207.3125Y-40.1088
G1X207.3573Y-40.1671
G1X207.4243Y-40.1900
G1X207.5096Y-40.1683
G1X207.6091Y-40.0929
G1X208.8218Y-38.8801
G1X208.9213Y-38.8048
G1X209.0066Y-38.7831
G1X209.0736Y-38.8060
G1X209.1184Y-38.8642
G1X209.1368Y-38.9488
G1X209.1250Y-39.0506
G1X209.0787Y-39.1604
G1X208.9940Y-39.2693
G1X207.7812Y-40.4820
G1X207.6965Y-40.5908
G1X207.6503Y-40.7007
G1X207.6384Y-40.8024
G1X207.6569Y-40.8870
G1X207.7016Y-40.9453
G1X207.7686Y-40.9682
G1X207.8539Y-40.9465
G1X207.9534Y-40.8711
G1X209.1661Y-39.6584
G1X209.2656Y-39.5830
G1X209.3509Y-39.5613
G1X209.4179Y-39.5842
G1X209.4627Y-39.6424
G1X209.4812Y-39.7271
G1X209.4693Y-39.8288
G1X209.4230Y-39.9387
G1X209.3383Y-40.0475
G1X208.1256Y-41.2602
G1X208.0409Y-41.3690
G1X207.9946Y-41.4789
G1X207.9827Y-41.5806
G1X208.0012Y-41.6653
G1X208.0459Y-41.7235
G1X208.1130Y-41.7464
G1X208.1983Y-41.7247
G1X208.2977Y-41.6493
G1X209.5105Y-40.4366
G1X209.6099Y-40.3612
G1X209.6952Y-40.3395
G1X209.7623Y-40.3624
G1X209.8070Y-40.4207
G1X209.8255Y-40.5052
G1X209.8136Y-40.6070
G1X209.7673Y-40.7169
G1X209.6826Y-40.8257
G1X208.4699Y-42.0384
G1X208.3852Y-42.1472
G1X208.3389Y-42.2571
G1X208.3270Y-42.3589
G1X208.3455Y-42.4434
G1X208.3903Y-42.5017
G1X208.4573Y-42.5246
G1X208.5426Y-42.5029
G1X208.6420Y-42.4275
G1X209.8548Y-41.2148
G1X209.9543Y-41.1394
G1X210.0395Y-41.1177
G1X210.1066Y-41.1406
G1X210.1513Y-41.1989
G1X210.1698Y-41.2835
G1X210.1579Y-41.3852
G1X210.1116Y-41.4951
G1X210.0269Y-41.6039
G1X208.8142Y-42.8166
G1X208.7295Y-42.9254
G1X208.6832Y-43.0353
G1X208.6714Y-43.1371
G1X208.6898Y-43.2217
G1X208.7346Y-43.2800
G1X208.8016Y-43.3028
G1X208.8869Y-43.2811
G1X208.9864Y-43.2058
G1X210.1991Y-41.9930
G1X210.2986Y-41.9176
G1X210.3839Y-41.8959
G1X210.4509Y-41.9188
G1X210.4957Y-41.9771
G1X210.5141Y-42.0617
G1X210.5022Y-42.1635
G1X210.4559Y-42.2733
G1X210.3712Y-42.3821
G1X209.1585Y-43.5949
G1X209.0738Y-43.7037
G1X209.0276Y-43.8135
G1X209.0157Y-43.9153
G1X209.0341Y-43.9999
G1X209.0789Y-44.0582
G1X209.1459Y-44.0810
G1X209.2312Y-44.0593
G1X209.3307Y-43.9840
G1X210.5434Y-42.7712
G1X210.6429Y-42.6959
G1X210.7282Y-42.6742
G1X210.7952Y-42.6970
G1X210.8400Y-42.7553
G1X210.8584Y-42.8399
G1X210.8465Y-42.9417
G1X210.8003Y-43.0515
G1X210.7156Y-43.1603
G1X209.5028Y-44.3731
G1X209.4181Y-44.4819
G1X209.3719Y-44.5917
G1X209.3600Y-44.6935
G1X209.3785Y-44.7781
G1X209.4232Y-44.8364
G1X209.4902Y-44.8593
G1X209.5755Y-44.8376
G1X209.6750Y-44.7622
G1X210.8877Y-43.5494
G1X210.9872Y-43.4741
G1X211.0725Y-43.4524
G1X211.1395Y-43.4752
G1X211.1843Y-43.5335
G1X211.2028Y-43.6181
G1X211.1908Y-43.7199
G1X211.1446Y-43.8297
G1X211.0599Y-43.9386
G1X209.8472Y-45.1513
G1X209.7625Y-45.2601
G1X209.7162Y-45.3700
G1X209.7043Y-45.4717
G1X209.7228Y-45.5563
G1X209.7675Y-45.6146
G1X209.8346Y-45.6374
G1X209.9198Y-45.6158
G1X210.0193Y-45.5404
G1X211.2320Y-44.3277
G1X211.3315Y-44.2523
G1X211.4168Y-44.2306
G1X211.4838Y-44.2535
G1X211.5286Y-44.3117
G1X211.5471Y-44.3963
G1X211.5352Y-44.4981
G1X211.4889Y-44.6080
G1X211.4042Y-44.7168
G1X210.1915Y-45.9295
G1X210.1068Y-46.0383
G1X210.0605Y-46.1482
G1X210.0486Y-46.2499
G1X210.0671Y-46.3345
G1X210.1119Y-46.3928
G1X210.1789Y-46.4157
G1X210.2641Y-46.3940
G1X210.3636Y-46.3186
G1X211.5764Y-45.1059
G1X211.6759Y-45.0305
G1X211.7611Y-45.0088
G1X211.8282Y-45.0317
G1X211.8729Y-45.0899
G1X211.8914Y-45.1745
G1X211.8795Y-45.2763
G1X211.8332Y-45.3862
G1X211.7485Y-45.4950
G1X210.5358Y-46.7077
G1X210.4511Y-46.8165
G1X210.4048Y-46.9264
G1X210.3929Y-47.0282
G1X210.4114Y-47.1127
G1X210.4562Y-47.1710
G1X210.5232Y-47.1939
G1X210.6085Y-47.1722
G1X210.7080Y-47.0968
G1X211.9207Y-45.8841
G1X212.0202Y-45.8087
G1X212.1054Y-45.7870
G1X212.1725Y-45.8099
G1X212.2172Y-45.8682
G1X212.2357Y-45.9528
G1X212.2238Y-46.0545
G1X212.1775Y-46.1644
G1X212.0928Y-46.2732
G1X210.8801Y-47.4859
G1X210.7954Y-47.5947
G1X210.7492Y-47.7046
G1X210.7373Y-47.8064
G1X210.7557Y-47.8910
G1X210.8005Y-47.9492
G1X210.8675Y-47.9721
G1X210.9528Y-47.9504
G1X211.0523Y-47.8751
G1X212.2650Y-46.6623
G1X212.3645Y-46.5869
G1X212.4498Y-46.5652
G1X212.5168Y-46.5881
G1X212.5616Y-46.6464
G1X212.5800Y-46.7310
G1X212.5681Y-46.8328
G1X212.5219Y-46.9426
G1X212.4372Y-47.0514
G1X211.2244Y-48.2642
G1X211.1397Y-48.3730
G1X211.0935Y-48.4828
G1X211.0816Y-48.5846
G1X211.1000Y-48.6692
G1X211.1448Y-48.7275
G1X211.2118Y-48.7503
G1X211.2971Y-48.7286
G1X211.3966Y-48.6533
G1X212.6093Y-47.4405
G1X212.7088Y-47.3652
G1X212.7941Y-47.3435
G1X212.8611Y-47.3663
G1X212.9059Y-47.4246
G1X212.9243Y-47.5092
G1X212.9124Y-47.6110
G1X212.8662Y-47.7208
G1X212.7815Y-47.8296
G1X211.5688Y-49.0424
G1X211.4841Y-49.1512
G1X211.4378Y-49.2610
G1X211.4259Y-49.3628
G1X211.4443Y-49.4474
G1X211.4891Y-49.5057
G1X211.5562Y-49.5285
G1X211.6414Y-49.5068
G1X211.7409Y-49.4315
G1X212.9536Y-48.2187
G1X213.0531Y-48.1434
G1X213.1384Y-48.1217
G1X213.2054Y-48.1445
G1X213.2502Y-48.2028
G1X213.2686Y-48.2874
G1X213.2568Y-48.3892
G1X213.2105Y-48.4991
G1X213.1258Y-48.6078
G1X211.9131Y-49.8206
G1X211.8284Y-49.9294
G1X211.7821Y-50.0392
G1X211.7702Y-50.1410
G1X211.7887Y-50.2256
G1X211.8334Y-50.2839
G1X211.9005Y-50.3067
G1X211.9857Y-50.2850
G1X212.0852Y-50.2097
G1X213.2980Y-48.9969
G1X213.3974Y-48.9216
G1X213.4827Y-48.8999
G1X213.5497Y-48.9228
G1X213.5945Y-48.9810
G1X213.6130Y-49.0656
G1X213.6011Y-49.1674
G1X213.5548Y-49.2772
G1X213.4701Y-49.3861
G1X212.2574Y-50.5988
G1X212.1727Y-50.7076
G1X212.1264Y-50.8175
G1X212.1145Y-50.9192
G1X212.1330Y-51.0038
G1X212.1777Y-51.0621
G1X212.2448Y-51.0850
G1X212.3301Y-51.0633
G1X212.4295Y-50.9879
G1X213.6423Y-49.7752
G1X213.7418Y-49.6998
G1X213.8270Y-49.6781
G1X213.8941Y-49.7009
G1X213.9388Y-49.7592
G1X213.9573Y-49.8438
G1X213.9454Y-49.9456
G1X213.8991Y-50.0555
G1X213.8144Y-50.1643
G1X212.6017Y-51.3770
G1X212.5170Y-51.4858
G1X212.4707Y-51.5957
G1X212.4588Y-51.6974
G1X212.4773Y-51.7820
G1X212.5221Y-51.8403
G1X212.5891Y-51.8632
G1X212.6744Y-51.8415
G1X212.7739Y-51.7661
G1X213.9866Y-50.5534
G1X214.0861Y-50.4780
G1X214.1714Y-50.4563
G1X214.2384Y-50.4792
G1X214.2831Y-50.5375
G1X214.3016Y-50.6220
G1X214.2897Y-50.7238
G1X214.2435Y-50.8337
G1X214.1588Y-50.9425
G1X212.9460Y-52.1552
G1X212.8714Y-52.2539
G1X212.8518Y-52.3372
G1X212.8775Y-52.4013
G1X212.9391Y-52.4428
G1X213.0270Y-52.4579
G1X213.1317Y-52.4431
G1X213.2436Y-52.3948
G1X213.3531Y-52.3094
G1X214.3309Y-51.3316
G1X214.4304Y-51.2562
G1X214.5157Y-51.2345
G1X214.5827Y-51.2574
G1X214.6275Y-51.3157
G1X214.6459Y-51.4003
G1X214.6340Y-51.5020
G1X214.5878Y-51.6119
G1X214.5031Y-51.7207
G1X213.9144Y-52.3094
G1X213.8464Y-52.4014
G1X213.8443Y-52.4672
G1X213.8947Y-52.5067
G1X213.9846Y-52.5198
G1X214.1008Y-52.5067
G1X214.2301Y-52.4672
G1X214.3595Y-52.4014
G1X214.4757Y-52.3094
G1X214.7700Y-52.0150
G1X214.8620Y-51.9814
G1X214.9417Y-52.0409
G1X214.9926Y-52.1561
G1X214.9983Y-52.2896
G1X214.9422Y-52.4041
G1X214.8265Y-52.5198
G1 Z0F20000
(Start Block)

G1X233.8843Y-52.6521
G1Z6F20000
(Plotting speed under)
G1 F8000

G1X237.9332Y-62.4417
G1X241.2561Y-71.1730
G1X238.6103Y-71.1730
G1X235.2873Y-62.4417
G1X231.2385Y-52.6521
G1X233.8843Y-52.6521
G1 Z0F20000
(Start Block)

G1X231.6088Y-52.7844
G1Z6F20000
(Plotting speed under)
G1 F8000

G1X231.5478Y-52.8454
G1X231.5277Y-52.9532
G1X231.5689Y-53.1049
G1X231.6406Y-53.2262
G1X231.7120Y-53.2425
G1X231.9596Y-52.9949
G1X232.0758Y-52.9028
G1X232.2051Y-52.8371
G1X232.3345Y-52.7976
G1X232.4507Y-52.7844
G1X232.5406Y-52.7976
G1X232.5910Y-52.8371
G1X232.5888Y-52.9028
G1X232.5208Y-52.9949
G1X232.0257Y-53.4900
G1X231.9407Y-53.5992
G1X231.8935Y-53.7099
G1X231.8803Y-53.8130
G1X231.8973Y-53.8990
G1X231.9406Y-53.9588
G1X232.0064Y-53.9829
G1X232.0908Y-53.9621
G1X232.1899Y-53.8871
G1X233.0821Y-52.9949
G1X233.1965Y-52.9046
G1X233.3212Y-52.8435
G1X233.4440Y-52.8106
G1X233.5527Y-52.8049
G1X233.6351Y-52.8256
G1X233.6789Y-52.8717
G1X233.6721Y-52.9421
G1X233.6023Y-53.0359
G1X232.3541Y-54.2841
G1X232.2691Y-54.3933
G1X232.2219Y-54.5040
G1X232.2088Y-54.6071
G1X232.2258Y-54.6932
G1X232.2691Y-54.7529
G1X232.3348Y-54.7770
G1X232.4192Y-54.7562
G1X232.5183Y-54.6812
G1X233.7666Y-53.4330
G1X233.8657Y-53.3580
G1X233.9501Y-53.3372
G1X234.0158Y-53.3613
G1X234.0591Y-53.4210
G1X234.0761Y-53.5071
G1X234.0630Y-53.6101
G1X234.0158Y-53.7209
G1X233.9308Y-53.8300
G1X232.6826Y-55.0783
G1X232.5975Y-55.1874
G1X232.5504Y-55.2982
G1X232.5372Y-55.4012
G1X232.5542Y-55.4873
G1X232.5975Y-55.5470
G1X232.6633Y-55.5711
G1X232.7476Y-55.5503
G1X232.8468Y-55.4753
G1X234.0950Y-54.2271
G1X234.1941Y-54.1521
G1X234.2785Y-54.1313
G1X234.3443Y-54.1554
G1X234.3876Y-54.2151
G1X234.4046Y-54.3012
G1X234.3914Y-54.4042
G1X234.3442Y-54.5150
G1X234.2592Y-54.6241
G1X233.0110Y-55.8724
G1X232.9260Y-55.9815
G1X232.8788Y-56.0923
G1X232.8656Y-56.1953
G1X232.8826Y-56.2814
G1X232.9259Y-56.3411
G1X232.9917Y-56.3652
G1X233.0761Y-56.3444
G1X233.1752Y-56.2694
G1X234.4234Y-55.0212
G1X234.5226Y-54.9462
G1X234.6069Y-54.9254
G1X234.6727Y-54.9495
G1X234.7160Y-55.0092
G1X234.7330Y-55.0953
G1X234.7198Y-55.1983
G1X234.6727Y-55.3091
G1X234.5876Y-55.4182
G1X233.3394Y-56.6665
G1X233.2544Y-56.7756
G1X233.2072Y-56.8863
G1X233.1941Y-56.9894
G1X233.2110Y-57.0754
G1X233.2544Y-57.1352
G1X233.3201Y-57.1593
G1X233.4045Y-57.1385
G1X233.5036Y-57.0635
G1X234.7518Y-55.8153
G1X234.8510Y-55.7403
G1X234.9354Y-55.7195
G1X235.0011Y-55.7436
G1X235.0445Y-55.8033
G1X235.0614Y-55.8894
G1X235.0483Y-55.9925
G1X235.0011Y-56.1032
G1X234.9161Y-56.2123
G1X233.6678Y-57.4605
G1X233.5828Y-57.5697
G1X233.5357Y-57.6804
G1X233.5225Y-57.7835
G1X233.5395Y-57.8696
G1X233.5828Y-57.9293
G1X233.6486Y-57.9534
G1X233.7329Y-57.9326
G1X233.8321Y-57.8576
G1X235.0803Y-56.6094
G1X235.1794Y-56.5344
G1X235.2638Y-56.5136
G1X235.3296Y-56.5377
G1X235.3729Y-56.5974
G1X235.3899Y-56.6835
G1X235.3767Y-56.7865
G1X235.3295Y-56.8973
G1X235.2445Y-57.0064
G1X233.9963Y-58.2547
G1X233.9113Y-58.3638
G1X233.8641Y-58.4746
G1X233.8509Y-58.5776
G1X233.8679Y-58.6637
G1X233.9112Y-58.7234
G1X233.9770Y-58.7475
G1X234.0614Y-58.7267
G1X234.1605Y-58.6517
G1X235.4087Y-57.4035
G1X235.5079Y-57.3285
G1X235.5922Y-57.3077
G1X235.6580Y-57.3318
G1X235.7013Y-57.3915
G1X235.7183Y-57.4776
G1X235.7051Y-57.5806
G1X235.6580Y-57.6914
G1X235.5729Y-57.8005
G1X234.3247Y-59.0488
G1X234.2397Y-59.1579
G1X234.1925Y-59.2687
G1X234.1794Y-59.3717
G1X234.1964Y-59.4578
G1X234.2397Y-59.5175
G1X234.3054Y-59.5416
G1X234.3898Y-59.5208
G1X234.4889Y-59.4458
G1X235.7372Y-58.1976
G1X235.8363Y-58.1226
G1X235.9207Y-58.1018
G1X235.9864Y-58.1259
G1X236.0297Y-58.1856
G1X236.0467Y-58.2717
G1X236.0336Y-58.3748
G1X235.9864Y-58.4855
G1X235.9014Y-58.5947
G1X234.6532Y-59.8429
G1X234.5681Y-59.9520
G1X234.5209Y-60.0628
G1X234.5078Y-60.1658
G1X234.5248Y-60.2518
G1X234.5681Y-60.3116
G1X234.6338Y-60.3357
G1X234.7182Y-60.3149
G1X234.8174Y-60.2399
G1X236.0656Y-58.9917
G1X236.1647Y-58.9167
G1X236.2491Y-58.8959
G1X236.3149Y-58.9200
G1X236.3582Y-58.9798
G1X236.3752Y-59.0658
G1X236.3620Y-59.1689
G1X236.3148Y-59.2796
G1X236.2298Y-59.3888
G1X234.9816Y-60.6370
G1X234.8965Y-60.7461
G1X234.8494Y-60.8568
G1X234.8362Y-60.9599
G1X234.8532Y-61.0460
G1X234.8965Y-61.1057
G1X234.9623Y-61.1298
G1X235.0467Y-61.1090
G1X235.1458Y-61.0340
G1X236.3940Y-59.7858
G1X236.4932Y-59.7108
G1X236.5775Y-59.6900
G1X236.6433Y-59.7141
G1X236.6866Y-59.7739
G1X236.7036Y-59.8599
G1X236.6904Y-59.9630
G1X236.6432Y-60.0737
G1X236.5582Y-60.1828
G1X235.3100Y-61.4311
G1X235.2250Y-61.5402
G1X235.1778Y-61.6510
G1X235.1647Y-61.7540
G1X235.1816Y-61.8401
G1X235.2249Y-61.8998
G1X235.2907Y-61.9239
G1X235.3751Y-61.9031
G1X235.4742Y-61.8281
G1X236.7224Y-60.5799
G1X236.8216Y-60.5049
G1X236.9060Y-60.4841
G1X236.9717Y-60.5082
G1X237.0150Y-60.5679
G1X237.0320Y-60.6540
G1X237.0189Y-60.7570
G1X236.9717Y-60.8678
G1X236.8867Y-60.9769
G1X235.6374Y-62.2262
G1X235.5520Y-62.3357
G1X235.5037Y-62.4476
G1X235.4891Y-62.5521
G1X235.5043Y-62.6399
G1X235.5459Y-62.7014
G1X235.6101Y-62.7271
G1X235.6934Y-62.7073
G1X235.7921Y-62.6327
G1X237.0509Y-61.3740
G1X237.1500Y-61.2990
G1X237.2344Y-61.2782
G1X237.3002Y-61.3023
G1X237.3435Y-61.3620
G1X237.3605Y-61.4481
G1X237.3473Y-61.5512
G1X237.3001Y-61.6619
G1X237.2151Y-61.7711
G1X235.9469Y-63.0393
G1X235.8614Y-63.1488
G1X235.8132Y-63.2607
G1X235.7985Y-63.3652
G1X235.8138Y-63.4530
G1X235.8553Y-63.5145
G1X235.9196Y-63.5401
G1X236.0029Y-63.5204
G1X236.1016Y-63.4458
G1X237.3793Y-62.1681
G1X237.4785Y-62.0931
G1X237.5628Y-62.0723
G1X237.6286Y-62.0964
G1X237.6719Y-62.1562
G1X237.6889Y-62.2422
G1X237.6757Y-62.3453
G1X237.6286Y-62.4560
G1X237.5435Y-62.5652
G1X236.2563Y-63.8524
G1X236.1709Y-63.9619
G1X236.1226Y-64.0737
G1X236.1079Y-64.1783
G1X236.1232Y-64.2661
G1X236.1648Y-64.3276
G1X236.2290Y-64.3532
G1X236.3123Y-64.3335
G1X236.4111Y-64.2589
G1X237.7015Y-62.9685
G1X237.8002Y-62.8938
G1X237.8835Y-62.8741
G1X237.9478Y-62.8997
G1X237.9893Y-62.9612
G1X238.0046Y-63.0490
G1X237.9899Y-63.1536
G1X237.9417Y-63.2654
G1X237.8562Y-63.3750
G1X236.5658Y-64.6654
G1X236.4803Y-64.7750
G1X236.4321Y-64.8868
G1X236.4174Y-64.9914
G1X236.4326Y-65.0792
G1X236.4742Y-65.1407
G1X236.5384Y-65.1663
G1X236.6218Y-65.1466
G1X236.7205Y-65.0720
G1X238.0109Y-63.7815
G1X238.1097Y-63.7069
G1X238.1930Y-63.6872
G1X238.2572Y-63.7128
G1X238.2988Y-63.7743
G1X238.3140Y-63.8621
G1X238.2994Y-63.9667
G1X238.2511Y-64.0785
G1X238.1657Y-64.1881
G1X236.8752Y-65.4785
G1X236.7898Y-65.5881
G1X236.7415Y-65.6999
G1X236.7269Y-65.8045
G1X236.7421Y-65.8923
G1X236.7837Y-65.9538
G1X236.8479Y-65.9794
G1X236.9312Y-65.9597
G1X237.0299Y-65.8851
G1X238.3204Y-64.5946
G1X238.4191Y-64.5200
G1X238.5024Y-64.5003
G1X238.5667Y-64.5259
G1X238.6082Y-64.5874
G1X238.6235Y-64.6752
G1X238.6088Y-64.7798
G1X238.5606Y-64.8916
G1X238.4751Y-65.0012
G1X237.1847Y-66.2916
G1X237.0992Y-66.4012
G1X237.0510Y-66.5130
G1X237.0363Y-66.6176
G1X237.0516Y-66.7054
G1X237.0931Y-66.7668
G1X237.1574Y-66.7925
G1X237.2407Y-66.7728
G1X237.3394Y-66.6982
G1X238.6298Y-65.4077
G1X238.7286Y-65.3331
G1X238.8119Y-65.3134
G1X238.8761Y-65.3390
G1X238.9177Y-65.4005
G1X238.9329Y-65.4883
G1X238.9182Y-65.5929
G1X238.8700Y-65.7047
G1X238.7846Y-65.8142
G1X237.4941Y-67.1047
G1X237.4087Y-67.2143
G1X237.3604Y-67.3261
G1X237.3457Y-67.4307
G1X237.3610Y-67.5184
G1X237.4026Y-67.5799
G1X237.4668Y-67.6056
G1X237.5501Y-67.5859
G1X237.6488Y-67.5113
G1X238.9393Y-66.2208
G1X239.0380Y-66.1462
G1X239.1213Y-66.1264
G1X239.1856Y-66.1521
G1X239.2271Y-66.2136
G1X239.2424Y-66.3014
G1X239.2277Y-66.4060
G1X239.1794Y-66.5178
G1X239.0940Y-66.6273
G1X237.8036Y-67.9178
G1X237.7181Y-68.0273
G1X237.6699Y-68.1392
G1X237.6552Y-68.2438
G1X237.6704Y-68.3315
G1X237.7120Y-68.3930
G1X237.7762Y-68.4187
G1X237.8595Y-68.3990
G1X237.9583Y-68.3243
G1X239.2487Y-67.0339
G1X239.3475Y-66.9593
G1X239.4308Y-66.9395
G1X239.4950Y-66.9652
G1X239.5366Y-67.0267
G1X239.5518Y-67.1145
G1X239.5371Y-67.2190
G1X239.4889Y-67.3309
G1X239.4035Y-67.4404
G1X238.1130Y-68.7309
G1X238.0276Y-68.8404
G1X237.9793Y-68.9523
G1X237.9646Y-69.0568
G1X237.9799Y-69.1446
G1X238.0214Y-69.2061
G1X238.0857Y-69.2318
G1X238.1690Y-69.2120
G1X238.2677Y-69.1374
G1X239.5582Y-67.8470
G1X239.6569Y-67.7723
G1X239.7402Y-67.7526
G1X239.8045Y-67.7783
G1X239.8460Y-67.8398
G1X239.8613Y-67.9275
G1X239.8466Y-68.0321
G1X239.7983Y-68.1440
G1X239.7129Y-68.2535
G1X238.4224Y-69.5440
G1X238.3370Y-69.6535
G1X238.2888Y-69.7653
G1X238.2741Y-69.8699
G1X238.2893Y-69.9577
G1X238.3309Y-70.0192
G1X238.3951Y-70.0449
G1X238.4784Y-70.0251
G1X238.5772Y-69.9505
G1X239.8676Y-68.6600
G1X239.9664Y-68.5854
G1X240.0497Y-68.5657
G1X240.1139Y-68.5914
G1X240.1555Y-68.6529
G1X240.1707Y-68.7406
G1X240.1560Y-68.8452
G1X240.1078Y-68.9570
G1X240.0224Y-69.0666
G1X238.7319Y-70.3571
G1X238.6465Y-70.4666
G1X238.5982Y-70.5784
G1X238.5835Y-70.6830
G1X238.5988Y-70.7708
G1X238.6403Y-70.8323
G1X238.7046Y-70.8579
G1X238.7879Y-70.8382
G1X238.8866Y-70.7636
G1X240.1771Y-69.4731
G1X240.2758Y-69.3985
G1X240.3591Y-69.3788
G1X240.4234Y-69.4045
G1X240.4649Y-69.4659
G1X240.4802Y-69.5537
G1X240.4655Y-69.6583
G1X240.4172Y-69.7701
G1X240.3318Y-69.8797
G1X239.3813Y-70.8302
G1X239.3133Y-70.9223
G1X239.3111Y-70.9881
G1X239.3615Y-71.0275
G1X239.4514Y-71.0407
G1X239.5676Y-71.0275
G1X239.6970Y-70.9881
G1X239.8263Y-70.9223
G1X239.9425Y-70.8302
G1X240.4865Y-70.2862
G1X240.5853Y-70.2116
G1X240.6685Y-70.1919
G1X240.7328Y-70.2175
G1X240.7744Y-70.2790
G1X240.7896Y-70.3668
G1X240.7749Y-70.4714
G1X240.7267Y-70.5832
G1X240.6412Y-70.6928
G1X240.3692Y-70.9648
G1X240.3686Y-71.0070
G1X240.4473Y-71.0323
G1X240.5740Y-71.0407
G1X240.7175Y-71.0323
G1X240.8467Y-71.0070
G1X240.9305Y-70.9648
G1X241.0064Y-70.8888
G1 Z0F20000
(Start Block)

G1X222.7353Y-71.1730
G1Z6F20000
(Plotting speed under)
G1 F8000

G1X224.4049Y-75.9355
G1X225.9593Y-80.6980
G1X227.3119Y-85.1959
G1X228.5445Y-89.6939
G1X225.8986Y-89.6939
G1X224.6661Y-85.1959
G1X223.3134Y-80.6980
G1X221.7591Y-75.9355
G1X220.0894Y-71.1730
G1X222.7353Y-71.1730
G1 Z0F20000
(Start Block)

G1X220.7325Y-71.3053
G1Z6F20000
(Plotting speed under)
G1 F8000

G1X220.5635Y-71.4743
G1X220.4888Y-71.5801
G1X220.4544Y-71.6947
G1X220.4553Y-71.8034
G1X220.4863Y-71.8919
G1X220.5424Y-71.9455
G1X220.6184Y-71.9496
G1X220.7092Y-71.8899
G1X221.0833Y-71.5157
G1X221.1995Y-71.4237
G1X221.3289Y-71.3579
G1X221.4582Y-71.3184
G1X221.5744Y-71.3053
G1X221.6643Y-71.3184
G1X221.7148Y-71.3579
G1X221.7126Y-71.4237
G1X221.6446Y-71.5157
G1X220.8964Y-72.2640
G1X220.8105Y-72.3739
G1X220.7613Y-72.4868
G1X220.7451Y-72.5928
G1X220.7587Y-72.6822
G1X220.7986Y-72.7454
G1X220.8614Y-72.7725
G1X220.9437Y-72.7538
G1X221.0421Y-72.6796
G1X222.2059Y-71.5157
G1X222.3263Y-71.4265
G1X222.4396Y-71.3933
G1X222.5350Y-71.4075
G1X222.6015Y-71.4605
G1X222.6281Y-71.5435
G1X222.6040Y-71.6478
G1X222.5182Y-71.7646
G1X221.1877Y-73.0951
G1X221.1019Y-73.2051
G1X221.0527Y-73.3179
G1X221.0365Y-73.4240
G1X221.0501Y-73.5134
G1X221.0900Y-73.5765
G1X221.1528Y-73.6036
G1X221.2351Y-73.5850
G1X221.3334Y-73.5107
G1X222.6639Y-72.1802
G1X222.7623Y-72.1060
G1X222.8446Y-72.0873
G1X222.9073Y-72.1144
G1X222.9472Y-72.1775
G1X222.9608Y-72.2670
G1X222.9447Y-72.3730
G1X222.8954Y-72.4858
G1X222.8096Y-72.5958
G1X221.4791Y-73.9263
G1X221.3933Y-74.0362
G1X221.3440Y-74.1491
G1X221.3279Y-74.2551
G1X221.3415Y-74.3445
G1X221.3814Y-74.4077
G1X221.4442Y-74.4348
G1X221.5265Y-74.4161
G1X221.6248Y-74.3419
G1X222.9553Y-73.0114
G1X223.0537Y-72.9371
G1X223.1359Y-72.9184
G1X223.1987Y-72.9455
G1X223.2386Y-73.0087
G1X223.2522Y-73.0981
G1X223.2361Y-73.2042
G1X223.1868Y-73.3170
G1X223.1010Y-73.4269
G1X221.7705Y-74.7575
G1X221.6847Y-74.8674
G1X221.6354Y-74.9802
G1X221.6193Y-75.0863
G1X221.6329Y-75.1757
G1X221.6728Y-75.2388
G1X221.7356Y-75.2659
G1X221.8179Y-75.2472
G1X221.9162Y-75.1730
G1X223.2467Y-73.8425
G1X223.3450Y-73.7683
G1X223.4273Y-73.7496
G1X223.4901Y-73.7767
G1X223.5300Y-73.8398
G1X223.5436Y-73.9293
G1X223.5275Y-74.0353
G1X223.4782Y-74.1481
G1X223.3924Y-74.2581
G1X222.0619Y-75.5886
G1X221.9758Y-75.6988
G1X221.9259Y-75.8123
G1X221.9088Y-75.9193
G1X221.9213Y-76.0098
G1X221.9602Y-76.0740
G1X222.0220Y-76.1020
G1X222.1036Y-76.0840
G1X222.2017Y-76.0100
G1X223.5381Y-74.6737
G1X223.6364Y-74.5994
G1X223.7187Y-74.5807
G1X223.7815Y-74.6078
G1X223.8214Y-74.6710
G1X223.8350Y-74.7604
G1X223.8189Y-74.8665
G1X223.7696Y-74.9793
G1X223.6838Y-75.0892
G1X222.3398Y-76.4332
G1X222.2537Y-76.5435
G1X222.2036Y-76.6572
G1X222.1862Y-76.7644
G1X222.1984Y-76.8553
G1X222.2369Y-76.9198
G1X222.2985Y-76.9481
G1X222.3799Y-76.9303
G1X222.4779Y-76.8563
G1X223.8295Y-75.5048
G1X223.9278Y-75.4306
G1X224.0101Y-75.4119
G1X224.0729Y-75.4390
G1X224.1128Y-75.5021
G1X224.1264Y-75.5916
G1X224.1102Y-75.6976
G1X224.0610Y-75.8105
G1X223.9752Y-75.9204
G1X222.6160Y-77.2795
G1X222.5299Y-77.3898
G1X222.4798Y-77.5035
G1X222.4624Y-77.6107
G1X222.4746Y-77.7016
G1X222.5131Y-77.7661
G1X222.5747Y-77.7944
G1X222.6561Y-77.7766
G1X222.7542Y-77.7027
G1X224.1182Y-76.3387
G1X224.2162Y-76.2648
G1X224.2976Y-76.2469
G1X224.3592Y-76.2752
G1X224.3977Y-76.3398
G1X224.4099Y-76.4306
G1X224.3925Y-76.5379
G1X224.3424Y-76.6516
G1X224.2563Y-76.7618
G1X222.8923Y-78.1258
G1X222.8061Y-78.2361
G1X222.7560Y-78.3498
G1X222.7386Y-78.4570
G1X222.7508Y-78.5479
G1X222.7893Y-78.6124
G1X222.8509Y-78.6407
G1X222.9323Y-78.6229
G1X223.0304Y-78.5490
G1X224.3944Y-77.1850
G1X224.4924Y-77.1111
G1X224.5738Y-77.0932
G1X224.6354Y-77.1216
G1X224.6739Y-77.1861
G1X224.6861Y-77.2769
G1X224.6688Y-77.3842
G1X224.6186Y-77.4979
G1X224.5325Y-77.6082
G1X223.1685Y-78.9722
G1X223.0823Y-79.0824
G1X223.0322Y-79.1961
G1X223.0148Y-79.3034
G1X223.0270Y-79.3942
G1X223.0656Y-79.4587
G1X223.1271Y-79.4870
G1X223.2086Y-79.4692
G1X223.3066Y-79.3953
G1X224.6706Y-78.0313
G1X224.7686Y-77.9574
G1X224.8500Y-77.9396
G1X224.9116Y-77.9679
G1X224.9501Y-78.0324
G1X224.9623Y-78.1232
G1X224.9450Y-78.2305
G1X224.8948Y-78.3442
G1X224.8087Y-78.4545
G1X223.4447Y-79.8185
G1X223.3585Y-79.9287
G1X223.3084Y-80.0425
G1X223.2911Y-80.1497
G1X223.3033Y-80.2405
G1X223.3418Y-80.3051
G1X223.4034Y-80.3334
G1X223.4848Y-80.3155
G1X223.5828Y-80.2416
G1X224.9468Y-78.8776
G1X225.0448Y-78.8037
G1X225.1262Y-78.7859
G1X225.1878Y-78.8142
G1X225.2263Y-78.8787
G1X225.2385Y-78.9696
G1X225.2212Y-79.0768
G1X225.1711Y-79.1905
G1X225.0849Y-79.3008
G1X223.7166Y-80.6691
G1X223.6301Y-80.7797
G1X223.5790Y-80.8943
G1X223.5604Y-81.0029
G1X223.5710Y-81.0953
G1X223.6080Y-81.1614
G1X223.6683Y-81.1910
G1X223.7487Y-81.1741
G1X223.8464Y-81.1006
G1X225.2230Y-79.7239
G1X225.3210Y-79.6500
G1X225.4024Y-79.6322
G1X225.4640Y-79.6605
G1X225.5025Y-79.7250
G1X225.5147Y-79.8159
G1X225.4974Y-79.9231
G1X225.4473Y-80.0368
G1X225.3611Y-80.1471
G1X223.9762Y-81.5321
G1X223.8897Y-81.6427
G1X223.8386Y-81.7573
G1X223.8199Y-81.8659
G1X223.8306Y-81.9583
G1X223.8675Y-82.0243
G1X223.9278Y-82.0540
G1X224.0083Y-82.0371
G1X224.1059Y-81.9636
G1X225.4992Y-80.5702
G1X225.5973Y-80.4963
G1X225.6787Y-80.4785
G1X225.7402Y-80.5068
G1X225.7788Y-80.5714
G1X225.7910Y-80.6622
G1X225.7736Y-80.7695
G1X225.7235Y-80.8831
G1X225.6373Y-80.9934
G1X224.2357Y-82.3951
G1X224.1492Y-82.5057
G1X224.0981Y-82.6203
G1X224.0794Y-82.7289
G1X224.0901Y-82.8213
G1X224.1271Y-82.8873
G1X224.1873Y-82.9170
G1X224.2678Y-82.9001
G1X224.3655Y-82.8266
G1X225.7662Y-81.4258
G1X225.8639Y-81.3523
G1X225.9443Y-81.3354
G1X226.0046Y-81.3650
G1X226.0416Y-81.4311
G1X226.0522Y-81.5235
G1X226.0336Y-81.6320
G1X225.9825Y-81.7467
G1X225.8960Y-81.8573
G1X224.4952Y-83.2580
G1X224.4087Y-83.3687
G1X224.3577Y-83.4833
G1X224.3390Y-83.5919
G1X224.3496Y-83.6843
G1X224.3866Y-83.7504
G1X224.4469Y-83.7800
G1X224.5273Y-83.7631
G1X224.6250Y-83.6896
G1X226.0258Y-82.2888
G1X226.1234Y-82.2153
G1X226.2039Y-82.1984
G1X226.2641Y-82.2280
G1X226.3011Y-82.2941
G1X226.3118Y-82.3865
G1X226.2931Y-82.4950
G1X226.2420Y-82.6097
G1X226.1555Y-82.7203
G1X224.7548Y-84.1211
G1X224.6683Y-84.2317
G1X224.6172Y-84.3463
G1X224.5985Y-84.4549
G1X224.6092Y-84.5473
G1X224.6462Y-84.6133
G1X224.7064Y-84.6430
G1X224.7869Y-84.6261
G1X224.8845Y-84.5525
G1X226.2853Y-83.1518
G1X226.3829Y-83.0783
G1X226.4634Y-83.0614
G1X226.5237Y-83.0910
G1X226.5606Y-83.1571
G1X226.5713Y-83.2494
G1X226.5526Y-83.3580
G1X226.5016Y-83.4727
G1X226.4150Y-83.5833
G1X225.0136Y-84.9848
G1X224.9267Y-85.0958
G1X224.8746Y-85.2115
G1X224.8544Y-85.3215
G1X224.8634Y-85.4155
G1X224.8988Y-85.4833
G1X224.9575Y-85.5144
G1X225.0370Y-85.4985
G1X225.1343Y-85.4253
G1X226.5448Y-84.0148
G1X226.6425Y-83.9413
G1X226.7230Y-83.9244
G1X226.7832Y-83.9540
G1X226.8202Y-84.0201
G1X226.8309Y-84.1125
G1X226.8122Y-84.2210
G1X226.7611Y-84.3357
G1X226.6746Y-84.4463
G1X225.2550Y-85.8659
G1X225.1681Y-85.9769
G1X225.1160Y-86.0926
G1X225.0959Y-86.2026
G1X225.1049Y-86.2966
G1X225.1402Y-86.3644
G1X225.1990Y-86.3954
G1X225.2784Y-86.3796
G1X225.3757Y-86.3064
G1X226.8043Y-84.8778
G1X226.9020Y-84.8043
G1X226.9825Y-84.7874
G1X227.0427Y-84.8170
G1X227.0797Y-84.8831
G1X227.0904Y-84.9755
G1X227.0717Y-85.0840
G1X227.0206Y-85.1987
G1X226.9341Y-85.3093
G1X225.4964Y-86.7470
G1X225.4095Y-86.8580
G1X225.3574Y-86.9737
G1X225.3373Y-87.0837
G1X225.3463Y-87.1777
G1X225.3816Y-87.2454
G1X225.4404Y-87.2766
G1X225.5199Y-87.2607
G1X225.6172Y-87.1875
G1X227.0576Y-85.7471
G1X227.1549Y-85.6739
G1X227.2343Y-85.6580
G1X227.2932Y-85.6891
G1X227.3285Y-85.7568
G1X227.3375Y-85.8509
G1X227.3173Y-85.9609
G1X227.2652Y-86.0766
G1X227.1784Y-86.1876
G1X225.7379Y-87.6281
G1X225.6510Y-87.7391
G1X225.5989Y-87.8548
G1X225.5787Y-87.9648
G1X225.5878Y-88.0588
G1X225.6231Y-88.1266
G1X225.6819Y-88.1577
G1X225.7613Y-88.1418
G1X225.8586Y-88.0686
G1X227.2991Y-86.6281
G1X227.3963Y-86.5550
G1X227.4758Y-86.5391
G1X227.5346Y-86.5702
G1X227.5699Y-86.6379
G1X227.5789Y-86.7320
G1X227.5588Y-86.8420
G1X227.5067Y-86.9577
G1X227.4198Y-87.0687
G1X225.9793Y-88.5092
G1X225.8924Y-88.6202
G1X225.8403Y-88.7359
G1X225.8202Y-88.8459
G1X225.8292Y-88.9399
G1X225.8645Y-89.0077
G1X225.9233Y-89.0387
G1X226.0028Y-89.0229
G1X226.1000Y-88.9497
G1X227.5405Y-87.5092
G1X227.6378Y-87.4361
G1X227.7172Y-87.4202
G1X227.7760Y-87.4513
G1X227.8113Y-87.5191
G1X227.8203Y-87.6131
G1X227.8002Y-87.7231
G1X227.7481Y-87.8388
G1X227.6612Y-87.9498
G1X226.2599Y-89.3511
G1X226.1920Y-89.4432
G1X226.1898Y-89.5089
G1X226.2402Y-89.5484
G1X226.3301Y-89.5616
G1X226.4463Y-89.5484
G1X226.5757Y-89.5089
G1X226.7050Y-89.4432
G1X226.8212Y-89.3511
G1X227.7820Y-88.3903
G1X227.8792Y-88.3172
G1X227.9587Y-88.3013
G1X228.0175Y-88.3324
G1X228.0528Y-88.4001
G1X228.0618Y-88.4942
G1X228.0417Y-88.6042
G1X227.9896Y-88.7199
G1X227.9027Y-88.8309
G1X227.3825Y-89.3511
G1X227.3145Y-89.4432
G1X227.3123Y-89.5089
G1X227.3627Y-89.5484
G1X227.4526Y-89.5616
G1X227.5688Y-89.5484
G1X227.6982Y-89.5089
G1X227.8275Y-89.4432
G1X227.9437Y-89.3511
G1X228.2339Y-89.0610
G1 Z0F20000
(Start Block)

G1X210.0236Y-89.6939
G1Z6F20000
(Plotting speed under)
G1 F8000

G1X211.1894Y-94.4564
G1X212.1521Y-98.9543
G1X213.0184Y-103.7168
G1X213.6869Y-108.2147
G1X211.0410Y-108.2147
G1X210.3725Y-103.7168
G1X209.5062Y-98.9543
G1X208.5435Y-94.4564
G1X207.3778Y-89.6939
G1X210.0236Y-89.6939
G1 Z0F20000
(Start Block)

G1X208.0703Y-89.8261
G1Z6F20000
(Plotting speed under)
G1 F8000

G1X207.8598Y-90.0366
G1X207.7725Y-90.1481
G1X207.7192Y-90.2649
G1X207.6974Y-90.3766
G1X207.7046Y-90.4725
G1X207.7380Y-90.5421
G1X207.7951Y-90.5749
G1X207.8734Y-90.5602
G1X207.9702Y-90.4875
G1X208.4211Y-90.0366
G1X208.5373Y-89.9445
G1X208.6666Y-89.8788
G1X208.7960Y-89.8393
G1X208.9122Y-89.8261
G1X209.0021Y-89.8393
G1X209.0525Y-89.8788
G1X209.0503Y-89.9445
G1X208.9823Y-90.0366
G1X208.0806Y-90.9384
G1X207.9933Y-91.0498
G1X207.9400Y-91.1667
G1X207.9182Y-91.2784
G1X207.9253Y-91.3743
G1X207.9587Y-91.4439
G1X208.0158Y-91.4767
G1X208.0941Y-91.4620
G1X208.1910Y-91.3893
G1X209.5436Y-90.0366
G1X209.6602Y-89.9511
G1X209.7637Y-89.9278
G1X209.8456Y-89.9555
G1X209.8974Y-90.0232
G1X209.9106Y-90.1196
G1X209.8767Y-90.2337
G1X209.7871Y-90.3544
G1X208.3013Y-91.8402
G1X208.2140Y-91.9516
G1X208.1607Y-92.0685
G1X208.1389Y-92.1801
G1X208.1460Y-92.2761
G1X208.1795Y-92.3457
G1X208.2366Y-92.3785
G1X208.3149Y-92.3638
G1X208.4117Y-92.2911
G1X209.8975Y-90.8053
G1X209.9943Y-90.7326
G1X210.0726Y-90.7179
G1X210.1297Y-90.7507
G1X210.1631Y-90.8203
G1X210.1702Y-90.9162
G1X210.1484Y-91.0279
G1X210.0952Y-91.1447
G1X210.0078Y-91.2562
G1X208.5221Y-92.7420
G1X208.4347Y-92.8534
G1X208.3815Y-92.9703
G1X208.3597Y-93.0819
G1X208.3668Y-93.1779
G1X208.4002Y-93.2475
G1X208.4574Y-93.2803
G1X208.5356Y-93.2656
G1X208.6325Y-93.1929
G1X210.1182Y-91.7071
G1X210.2150Y-91.6344
G1X210.2933Y-91.6197
G1X210.3505Y-91.6524
G1X210.3839Y-91.7221
G1X210.3910Y-91.8180
G1X210.3692Y-91.9297
G1X210.3159Y-92.0465
G1X210.2286Y-92.1580
G1X208.7428Y-93.6437
G1X208.6555Y-93.7552
G1X208.6022Y-93.8720
G1X208.5804Y-93.9837
G1X208.5875Y-94.0797
G1X208.6209Y-94.1493
G1X208.6781Y-94.1820
G1X208.7564Y-94.1673
G1X208.8532Y-94.0946
G1X210.3389Y-92.6089
G1X210.4358Y-92.5362
G1X210.5140Y-92.5215
G1X210.5712Y-92.5542
G1X210.6046Y-92.6238
G1X210.6117Y-92.7198
G1X210.5899Y-92.8315
G1X210.5367Y-92.9483
G1X210.4493Y-93.0598
G1X208.9552Y-94.5539
G1X208.8674Y-94.6658
G1X208.8128Y-94.7840
G1X208.7892Y-94.8975
G1X208.7942Y-94.9955
G1X208.8256Y-95.0672
G1X208.8808Y-95.1018
G1X208.9578Y-95.0884
G1X209.0542Y-95.0162
G1X210.5597Y-93.5107
G1X210.6565Y-93.4380
G1X210.7348Y-93.4233
G1X210.7919Y-93.4560
G1X210.8254Y-93.5257
G1X210.8325Y-93.6216
G1X210.8107Y-93.7332
G1X210.7574Y-93.8501
G1X210.6701Y-93.9616
G1X209.1531Y-95.4785
G1X209.0653Y-95.5905
G1X209.0107Y-95.7086
G1X208.9871Y-95.8221
G1X208.9921Y-95.9201
G1X209.0234Y-95.9919
G1X209.0788Y-96.0264
G1X209.1557Y-96.0131
G1X209.2521Y-95.9408
G1X210.7804Y-94.4125
G1X210.8771Y-94.3399
G1X210.9549Y-94.3257
G1X211.0114Y-94.3591
G1X211.0440Y-94.4296
G1X211.0503Y-94.5263
G1X211.0278Y-94.6386
G1X210.9741Y-94.7559
G1X210.8866Y-94.8676
G1X209.3510Y-96.4031
G1X209.2632Y-96.5151
G1X209.2086Y-96.6332
G1X209.1850Y-96.7467
G1X209.1900Y-96.8448
G1X209.2213Y-96.9165
G1X209.2766Y-96.9511
G1X209.3536Y-96.9377
G1X209.4500Y-96.8655
G1X210.9855Y-95.3299
G1X211.0819Y-95.2577
G1X211.1588Y-95.2443
G1X211.2142Y-95.2789
G1X211.2455Y-95.3506
G1X211.2505Y-95.4486
G1X211.2269Y-95.5621
G1X211.1723Y-95.6803
G1X211.0845Y-95.7922
G1X209.5489Y-97.3278
G1X209.4611Y-97.4397
G1X209.4065Y-97.5579
G1X209.3829Y-97.6714
G1X209.3879Y-97.7694
G1X209.4193Y-97.8411
G1X209.4745Y-97.8757
G1X209.5515Y-97.8623
G1X209.6479Y-97.7901
G1X211.1834Y-96.2545
G1X211.2798Y-96.1823
G1X211.3567Y-96.1689
G1X211.4121Y-96.2035
G1X211.4434Y-96.2752
G1X211.4484Y-96.3733
G1X211.4248Y-96.4868
G1X211.3702Y-96.6049
G1X211.2824Y-96.7168
G1X209.7468Y-98.2524
G1X209.6590Y-98.3644
G1X209.6044Y-98.4825
G1X209.5808Y-98.5960
G1X209.5859Y-98.6940
G1X209.6172Y-98.7657
G1X209.6725Y-98.8003
G1X209.7495Y-98.7869
G1X209.8459Y-98.7146
G1X211.3813Y-97.1792
G1X211.4777Y-97.1070
G1X211.5547Y-97.0936
G1X211.6099Y-97.1281
G1X211.6413Y-97.1998
G1X211.6463Y-97.2979
G1X211.6227Y-97.4114
G1X211.5681Y-97.5295
G1X211.4803Y-97.6415
G1X209.9323Y-99.1895
G1X209.8439Y-99.3020
G1X209.7879Y-99.4216
G1X209.7623Y-99.5371
G1X209.7650Y-99.6374
G1X209.7940Y-99.7115
G1X209.8473Y-99.7481
G1X209.9228Y-99.7361
G1X210.0186Y-99.6644
G1X211.5792Y-98.1038
G1X211.6756Y-98.0316
G1X211.7525Y-98.0182
G1X211.8079Y-98.0528
G1X211.8392Y-98.1245
G1X211.8442Y-98.2225
G1X211.8206Y-98.3360
G1X211.7660Y-98.4542
G1X211.6782Y-98.5661
G1X210.1050Y-100.1393
G1X210.0166Y-100.2518
G1X209.9606Y-100.3714
G1X209.9350Y-100.4869
G1X209.9377Y-100.5872
G1X209.9667Y-100.6612
G1X210.0200Y-100.6978
G1X210.0956Y-100.6859
G1X210.1914Y-100.6142
G1X211.7771Y-99.0284
G1X211.8731Y-98.9566
G1X211.9492Y-98.9441
G1X212.0032Y-98.9800
G1X212.0330Y-99.0532
G1X212.0365Y-99.1527
G1X212.0116Y-99.2675
G1X211.9561Y-99.3866
G1X211.8679Y-99.4989
G1X210.2778Y-101.0891
G1X210.1894Y-101.2015
G1X210.1334Y-101.3211
G1X210.1078Y-101.4366
G1X210.1105Y-101.5370
G1X210.1395Y-101.6110
G1X210.1928Y-101.6476
G1X210.2684Y-101.6356
G1X210.3642Y-101.5639
G1X211.9543Y-99.9738
G1X212.0501Y-99.9021
G1X212.1256Y-99.8902
G1X212.1789Y-99.9267
G1X212.2080Y-100.0008
G1X212.2107Y-100.1011
G1X212.1850Y-100.2166
G1X212.1290Y-100.3362
G1X212.0407Y-100.4487
G1X210.4505Y-102.0388
G1X210.3622Y-102.1513
G1X210.3062Y-102.2709
G1X210.2805Y-102.3864
G1X210.2832Y-102.4868
G1X210.3123Y-102.5608
G1X210.3656Y-102.5974
G1X210.4411Y-102.5854
G1X210.5369Y-102.5137
G1X212.1271Y-100.9236
G1X212.2229Y-100.8519
G1X212.2984Y-100.8399
G1X212.3517Y-100.8765
G1X212.3807Y-100.9506
G1X212.3834Y-101.0509
G1X212.3578Y-101.1664
G1X212.3018Y-101.2860
G1X212.2134Y-101.3985
G1X210.6233Y-102.9886
G1X210.5349Y-103.1011
G1X210.4790Y-103.2206
G1X210.4535Y-103.3360
G1X210.4563Y-103.4362
G1X210.4854Y-103.5101
G1X210.5388Y-103.5466
G1X210.6145Y-103.5346
G1X210.7103Y-103.4629
G1X212.2998Y-101.8733
G1X212.3956Y-101.8017
G1X212.4712Y-101.7897
G1X212.5245Y-101.8263
G1X212.5535Y-101.9003
G1X212.5562Y-102.0007
G1X212.5306Y-102.1162
G1X212.4746Y-102.2357
G1X212.3862Y-102.3482
G1X210.7829Y-103.9515
G1X210.6940Y-104.0646
G1X210.6364Y-104.1857
G1X210.6086Y-104.3034
G1X210.6088Y-104.4063
G1X210.6352Y-104.4829
G1X210.6863Y-104.5217
G1X210.7603Y-104.5112
G1X210.8555Y-104.4401
G1X212.4726Y-102.8231
G1X212.5684Y-102.7514
G1X212.6439Y-102.7395
G1X212.6972Y-102.7760
G1X212.7263Y-102.8501
G1X212.7290Y-102.9504
G1X212.7033Y-103.0660
G1X212.6473Y-103.1855
G1X212.5590Y-103.2980
G1X210.9282Y-104.9288
G1X210.8392Y-105.0419
G1X210.7817Y-105.1630
G1X210.7538Y-105.2807
G1X210.7540Y-105.3836
G1X210.7805Y-105.4601
G1X210.8316Y-105.4989
G1X210.9056Y-105.4885
G1X211.0008Y-105.4174
G1X212.6453Y-103.7729
G1X212.7408Y-103.7016
G1X212.8153Y-103.6906
G1X212.8672Y-103.7285
G1X212.8947Y-103.8042
G1X212.8958Y-103.9061
G1X212.8688Y-104.0230
G1X212.8118Y-104.1436
G1X212.7231Y-104.2564
G1X211.0734Y-105.9061
G1X210.9845Y-106.0192
G1X210.9269Y-106.1403
G1X210.8991Y-106.2580
G1X210.8993Y-106.3609
G1X210.9258Y-106.4374
G1X210.9769Y-106.4762
G1X211.0509Y-106.4658
G1X211.1461Y-106.3947
G1X212.7957Y-104.7451
G1X212.8909Y-104.6740
G1X212.9649Y-104.6636
G1X213.0160Y-104.7023
G1X213.0425Y-104.7789
G1X213.0427Y-104.8818
G1X213.0148Y-104.9995
G1X212.9573Y-105.1206
G1X212.8683Y-105.2337
G1X211.2187Y-106.8834
G1X211.1297Y-106.9964
G1X211.0722Y-107.1176
G1X211.0443Y-107.2353
G1X211.0445Y-107.3382
G1X211.0710Y-107.4147
G1X211.1221Y-107.4535
G1X211.1961Y-107.4431
G1X211.2913Y-107.3720
G1X212.9409Y-105.7223
G1X213.0362Y-105.6513
G1X213.1102Y-105.6409
G1X213.1613Y-105.6796
G1X213.1877Y-105.7562
G1X213.1879Y-105.8591
G1X213.1601Y-105.9768
G1X213.1025Y-106.0979
G1X213.0136Y-106.2110
G1X211.3639Y-107.8606
G1X211.2955Y-107.9532
G1X211.2920Y-108.0203
G1X211.3406Y-108.0615
G1X211.4284Y-108.0768
G1X211.5426Y-108.0657
G1X211.6701Y-108.0280
G1X211.7982Y-107.9635
G1X211.9139Y-107.8719
G1X213.0862Y-106.6996
G1X213.1814Y-106.6285
G1X213.2554Y-106.6181
G1X213.3065Y-106.6569
G1X213.3330Y-106.7335
G1X213.3332Y-106.8363
G1X213.3053Y-106.9541
G1X213.2478Y-107.0752
G1X213.1588Y-107.1883
G1X212.4752Y-107.8719
G1X212.4072Y-107.9640
G1X212.4050Y-108.0298
G1X212.4554Y-108.0693
G1X212.5453Y-108.0824
G1X212.6615Y-108.0693
G1X212.7909Y-108.0298
G1X212.9202Y-107.9640
G1X213.0364Y-107.8719
G1X213.3783Y-107.5301
G1X213.4266Y-107.5402
G1X213.4649Y-107.6410
G1X213.4865Y-107.7856
G1X213.4841Y-107.9272
G1X213.4509Y-108.0187
G1X213.3872Y-108.0824
G1 Z0F20000
(Start Block)

G1X195.1660Y-108.2147
G1Z6F20000
(Plotting speed under)
G1 F8000

G1X195.7110Y-112.9772
G1X196.0685Y-117.4751
G1X196.2783Y-122.2376
G1X196.3158Y-126.7356
G1X193.6699Y-126.7356
G1X193.6324Y-122.2376
G1X193.4226Y-117.4751
G1X193.0651Y-112.9772
G1X192.5202Y-108.2147
G1X195.1660Y-108.2147
G1 Z0F20000
(Start Block)

G1X192.9840Y-108.3470
G1Z6F20000
(Plotting speed under)
G1 F8000

G1X192.8425Y-108.4886
G1X192.7763Y-108.5858
G1X192.7383Y-108.7040
G1X192.7265Y-108.8255
G1X192.7387Y-108.9327
G1X192.7731Y-109.0079
G1X192.8276Y-109.0337
G1X192.9001Y-108.9922
G1X193.3348Y-108.5575
G1X193.4510Y-108.4654
G1X193.5804Y-108.3996
G1X193.7097Y-108.3601
G1X193.8259Y-108.3470
G1X193.9158Y-108.3601
G1X193.9663Y-108.3996
G1X193.9641Y-108.4654
G1X193.8961Y-108.5575
G1X193.0266Y-109.4270
G1X192.9370Y-109.5407
G1X192.8778Y-109.6635
G1X192.8475Y-109.7836
G1X192.8449Y-109.8892
G1X192.8687Y-109.9686
G1X192.9174Y-110.0098
G1X192.9897Y-110.0010
G1X193.0842Y-109.9306
G1X194.4574Y-108.5575
G1X194.5666Y-108.4724
G1X194.6775Y-108.4250
G1X194.7809Y-108.4116
G1X194.8672Y-108.4282
G1X194.9273Y-108.4712
G1X194.9517Y-108.5367
G1X194.9311Y-108.6209
G1X194.8561Y-108.7200
G1X193.1419Y-110.4342
G1X193.0523Y-110.5480
G1X192.9930Y-110.6708
G1X192.9628Y-110.7909
G1X192.9602Y-110.8965
G1X192.9839Y-110.9758
G1X193.0326Y-111.0170
G1X193.1050Y-111.0083
G1X193.1995Y-110.9379
G1X194.9138Y-109.2236
G1X195.0083Y-109.1532
G1X195.0806Y-109.1444
G1X195.1293Y-109.1856
G1X195.1530Y-109.2650
G1X195.1505Y-109.3706
G1X195.1202Y-109.4907
G1X195.0610Y-109.6135
G1X194.9714Y-109.7272
G1X193.2571Y-111.4415
G1X193.1675Y-111.5552
G1X193.1083Y-111.6781
G1X193.0780Y-111.7982
G1X193.0755Y-111.9038
G1X193.0992Y-111.9831
G1X193.1479Y-112.0243
G1X193.2202Y-112.0156
G1X193.3148Y-111.9451
G1X195.0290Y-110.2309
G1X195.1236Y-110.1604
G1X195.1959Y-110.1517
G1X195.2446Y-110.1929
G1X195.2683Y-110.2722
G1X195.2657Y-110.3778
G1X195.2355Y-110.4980
G1X195.1762Y-110.6208
G1X195.0866Y-110.7345
G1X193.3724Y-112.4488
G1X193.2825Y-112.5628
G1X193.2225Y-112.6863
G1X193.1913Y-112.8075
G1X193.1875Y-112.9143
G1X193.2101Y-112.9948
G1X193.2577Y-113.0370
G1X193.3293Y-113.0290
G1X193.4236Y-112.9588
G1X195.1443Y-111.2382
G1X195.2388Y-111.1677
G1X195.3111Y-111.1590
G1X195.3598Y-111.2002
G1X195.3836Y-111.2795
G1X195.3810Y-111.3851
G1X195.3507Y-111.5052
G1X195.2915Y-111.6281
G1X195.2019Y-111.7418
G1X193.4649Y-113.4788
G1X193.3746Y-113.5932
G1X193.3135Y-113.7179
G1X193.2807Y-113.8406
G1X193.2751Y-113.9492
G1X193.2959Y-114.0315
G1X193.3419Y-114.0754
G1X193.4124Y-114.0685
G1X193.5062Y-113.9987
G1X195.2595Y-112.2454
G1X195.3541Y-112.1750
G1X195.4264Y-112.1663
G1X195.4751Y-112.2075
G1X195.4988Y-112.2868
G1X195.4962Y-112.3924
G1X195.4660Y-112.5125
G1X195.4068Y-112.6354
G1X195.3172Y-112.7491
G1X193.5476Y-114.5187
G1X193.4572Y-114.6331
G1X193.3962Y-114.7578
G1X193.3633Y-114.8805
G1X193.3578Y-114.9891
G1X193.3785Y-115.0714
G1X193.4246Y-115.1152
G1X193.4950Y-115.1084
G1X193.5889Y-115.0386
G1X195.3748Y-113.2527
G1X195.4686Y-113.1830
G1X195.5388Y-113.1764
G1X195.5846Y-113.2205
G1X195.6051Y-113.3031
G1X195.5992Y-113.4120
G1X195.5661Y-113.5350
G1X195.5048Y-113.6598
G1X195.4144Y-113.7744
G1X193.6302Y-115.5586
G1X193.5399Y-115.6730
G1X193.4788Y-115.7977
G1X193.4460Y-115.9204
G1X193.4404Y-116.0290
G1X193.4611Y-116.1113
G1X193.5072Y-116.1551
G1X193.5777Y-116.1482
G1X193.6715Y-116.0785
G1X195.4558Y-114.2943
G1X195.5496Y-114.2245
G1X195.6201Y-114.2177
G1X195.6661Y-114.2615
G1X195.6869Y-114.3438
G1X195.6813Y-114.4524
G1X195.6485Y-114.5751
G1X195.5874Y-114.6998
G1X195.4971Y-114.8142
G1X193.7129Y-116.5984
G1X193.6226Y-116.7129
G1X193.5615Y-116.8375
G1X193.5286Y-116.9603
G1X193.5230Y-117.0689
G1X193.5438Y-117.1512
G1X193.5899Y-117.1950
G1X193.6603Y-117.1881
G1X193.7542Y-117.1184
G1X195.5384Y-115.3342
G1X195.6323Y-115.2644
G1X195.7027Y-115.2576
G1X195.7488Y-115.3014
G1X195.7695Y-115.3837
G1X195.7640Y-115.4923
G1X195.7311Y-115.6150
G1X195.6700Y-115.7397
G1X195.5797Y-115.8541
G1X193.7826Y-117.6513
G1X193.6915Y-117.7664
G1X193.6284Y-117.8931
G1X193.5927Y-118.0187
G1X193.5839Y-118.1305
G1X193.6014Y-118.2161
G1X193.6447Y-118.2627
G1X193.7132Y-118.2578
G1X193.8062Y-118.1889
G1X195.6210Y-116.3741
G1X195.7149Y-116.3043
G1X195.7854Y-116.2974
G1X195.8314Y-116.3412
G1X195.8522Y-116.4236
G1X195.8466Y-116.5322
G1X195.8138Y-116.6549
G1X195.7527Y-116.7796
G1X195.6624Y-116.8940
G1X193.8299Y-118.7264
G1X193.7389Y-118.8416
G1X193.6758Y-118.9683
G1X193.6401Y-119.0939
G1X193.6313Y-119.2057
G1X193.6488Y-119.2912
G1X193.6920Y-119.3379
G1X193.7605Y-119.3330
G1X193.8536Y-119.2640
G1X195.7037Y-117.4139
G1X195.7972Y-117.3445
G1X195.8667Y-117.3386
G1X195.9115Y-117.3837
G1X195.9308Y-117.4675
G1X195.9237Y-117.5776
G1X195.8895Y-117.7017
G1X195.8275Y-117.8273
G1X195.7369Y-117.9420
G1X193.8773Y-119.8016
G1X193.7862Y-119.9168
G1X193.7231Y-120.0435
G1X193.6875Y-120.1690
G1X193.6787Y-120.2809
G1X193.6962Y-120.3664
G1X193.7394Y-120.4131
G1X193.8079Y-120.4082
G1X193.9010Y-120.3392
G1X195.7606Y-118.4796
G1X195.8537Y-118.4106
G1X195.9221Y-118.4058
G1X195.9654Y-118.4524
G1X195.9829Y-118.5379
G1X195.9741Y-118.6498
G1X195.9384Y-118.7753
G1X195.8753Y-118.9020
G1X195.7842Y-119.0172
G1X193.9247Y-120.8768
G1X193.8336Y-120.9920
G1X193.7705Y-121.1186
G1X193.7348Y-121.2442
G1X193.7260Y-121.3561
G1X193.7435Y-121.4416
G1X193.7868Y-121.4882
G1X193.8552Y-121.4833
G1X193.9483Y-121.4144
G1X195.8079Y-119.5548
G1X195.9010Y-119.4858
G1X195.9695Y-119.4809
G1X196.0127Y-119.5276
G1X196.0302Y-119.6131
G1X196.0214Y-119.7249
G1X195.9858Y-119.8505
G1X195.9227Y-119.9772
G1X195.8316Y-120.0924
G1X193.9746Y-121.9494
G1X193.8827Y-122.0654
G1X193.8174Y-122.1943
G1X193.7787Y-122.3229
G1X193.7664Y-122.4382
G1X193.7804Y-122.5272
G1X193.8206Y-122.5769
G1X193.8869Y-122.5742
G1X193.9792Y-122.5060
G1X195.8553Y-120.6300
G1X195.9484Y-120.5610
G1X196.0168Y-120.5561
G1X196.0601Y-120.6027
G1X196.0776Y-120.6883
G1X196.0688Y-120.8001
G1X196.0331Y-120.9257
G1X195.9700Y-121.0524
G1X195.8790Y-121.1675
G1X193.9838Y-123.0627
G1X193.8920Y-123.1787
G1X193.8267Y-123.3075
G1X193.7880Y-123.4361
G1X193.7757Y-123.5515
G1X193.7897Y-123.6405
G1X193.8299Y-123.6902
G1X193.8962Y-123.6875
G1X193.9885Y-123.6193
G1X195.9026Y-121.7051
G1X195.9957Y-121.6361
G1X196.0642Y-121.6313
G1X196.1074Y-121.6779
G1X196.1250Y-121.7635
G1X196.1162Y-121.8753
G1X196.0805Y-122.0009
G1X196.0174Y-122.1275
G1X195.9263Y-122.2427
G1X193.9931Y-124.1759
G1X193.9012Y-124.2919
G1X193.8360Y-124.4208
G1X193.7973Y-124.5494
G1X193.7850Y-124.6647
G1X193.7990Y-124.7538
G1X193.8392Y-124.8034
G1X193.9055Y-124.8007
G1X193.9977Y-124.7326
G1X195.9384Y-122.7919
G1X196.0306Y-122.7238
G1X196.0969Y-122.7211
G1X196.1372Y-122.7708
G1X196.1512Y-122.8598
G1X196.1389Y-122.9751
G1X196.1001Y-123.1037
G1X196.0349Y-123.2326
G1X195.9430Y-123.3486
G1X194.0024Y-125.2892
G1X193.9105Y-125.4052
G1X193.8453Y-125.5340
G1X193.8065Y-125.6626
G1X193.7942Y-125.7780
G1X193.8082Y-125.8670
G1X193.8485Y-125.9167
G1X193.9147Y-125.9140
G1X194.0070Y-125.8458
G1X195.9476Y-123.9052
G1X196.0399Y-123.8370
G1X196.1062Y-123.8343
G1X196.1464Y-123.8840
G1X196.1604Y-123.9730
G1X196.1481Y-124.0884
G1X196.1094Y-124.2170
G1X196.0442Y-124.3458
G1X195.9523Y-124.4618
G1X194.0213Y-126.3928
G1X193.9533Y-126.4849
G1X193.9511Y-126.5506
G1X194.0016Y-126.5901
G1X194.0915Y-126.6033
G1X194.2077Y-126.5901
G1X194.3370Y-126.5506
G1X194.4664Y-126.4849
G1X194.5826Y-126.3928
G1X195.9569Y-125.0184
G1X196.0492Y-124.9503
G1X196.1155Y-124.9476
G1X196.1557Y-124.9973
G1X196.1697Y-125.0863
G1X196.1574Y-125.2016
G1X196.1187Y-125.3303
G1X196.0534Y-125.4591
G1X195.9616Y-125.5751
G1X195.1439Y-126.3928
G1X195.0759Y-126.4849
G1X195.0737Y-126.5506
G1X195.1241Y-126.5901
G1X195.2140Y-126.6033
G1X195.3302Y-126.5901
G1X195.4596Y-126.5506
G1X195.5889Y-126.4849
G1X195.7051Y-126.3928
G1X196.1140Y-125.9839
G1X196.1491Y-125.9903
G1X196.1709Y-126.0725
G1X196.1790Y-126.1995
G1X196.1731Y-126.3405
G1X196.1531Y-126.4645
G1X196.1186Y-126.5406
G1X196.0559Y-126.6033
G1 Z0F20000
(Start Block)

G1X177.7949Y-126.7356
G1Z6F20000
(Plotting speed under)
G1 F8000

G1X177.6761Y-131.2335
G1X177.3807Y-135.9960
G1X176.9434Y-140.4939
G1X176.3156Y-145.2564
G1X173.6698Y-145.2564
G1X174.2976Y-140.4939
G1X174.7349Y-135.9960
G1X175.0303Y-131.2335
G1X175.1491Y-126.7356
G1X177.7949Y-126.7356
G1 Z0F20000
(Start Block)

G1X175.2754Y-126.9647
G1Z6F20000
(Plotting speed under)
G1 F8000

G1X175.3238Y-126.9163
G1X175.4131Y-126.8853
G1X175.5678Y-126.8698
G1X175.7340Y-126.8698
G1X175.8577Y-126.8853
G1X175.8850Y-126.9163
G1X175.4706Y-127.3307
G1X175.3779Y-127.4476
G1X175.3104Y-127.5786
G1X175.2685Y-127.7104
G1X175.2525Y-127.8294
G1X175.2629Y-127.9221
G1X175.2999Y-127.9750
G1X175.3639Y-127.9745
G1X175.4554Y-127.9072
G1X176.2842Y-127.0783
G1X176.4004Y-126.9862
G1X176.5298Y-126.9205
G1X176.6592Y-126.8810
G1X176.7754Y-126.8679
G1X176.8652Y-126.8810
G1X176.9157Y-126.9205
G1X176.9135Y-126.9862
G1X176.8455Y-127.0783
G1X175.4401Y-128.4837
G1X175.3474Y-128.6006
G1X175.2799Y-128.7316
G1X175.2380Y-128.8634
G1X175.2220Y-128.9824
G1X175.2324Y-129.0751
G1X175.2694Y-129.1280
G1X175.3335Y-129.1275
G1X175.4249Y-129.0602
G1X177.4068Y-127.0783
G1X177.5001Y-127.0092
G1X177.5690Y-127.0038
G1X177.6129Y-127.0498
G1X177.6311Y-127.1346
G1X177.6230Y-127.2457
G1X177.5880Y-127.3706
G1X177.5254Y-127.4969
G1X177.4345Y-127.6119
G1X175.4097Y-129.6367
G1X175.3169Y-129.7536
G1X175.2494Y-129.8846
G1X175.2075Y-130.0164
G1X175.1916Y-130.1354
G1X175.2019Y-130.2281
G1X175.2390Y-130.2810
G1X175.3030Y-130.2805
G1X175.3945Y-130.2132
G1X177.4193Y-128.1884
G1X177.5107Y-128.1211
G1X177.5748Y-128.1206
G1X177.6118Y-128.1735
G1X177.6221Y-128.2662
G1X177.6062Y-128.3851
G1X177.5643Y-128.5169
G1X177.4968Y-128.6480
G1X177.4040Y-128.7649
G1X175.3792Y-130.7897
G1X175.2951Y-130.8930
G1X175.2302Y-131.0096
G1X175.1848Y-131.1296
G1X175.1597Y-131.2433
G1X175.1550Y-131.3411
G1X175.1714Y-131.4133
G1X175.2092Y-131.4501
G1X175.2690Y-131.4419
G1X175.3512Y-131.3790
G1X177.3888Y-129.3414
G1X177.4802Y-129.2741
G1X177.5443Y-129.2736
G1X177.5813Y-129.3264
G1X177.5917Y-129.4191
G1X177.5757Y-129.5381
G1X177.5338Y-129.6699
G1X177.4663Y-129.8010
G1X177.3736Y-129.9179
G1X175.3141Y-131.9774
G1X175.2296Y-132.0810
G1X175.1639Y-132.1984
G1X175.1174Y-132.3196
G1X175.0907Y-132.4348
G1X175.0846Y-132.5341
G1X175.0995Y-132.6077
G1X175.1361Y-132.6458
G1X175.1951Y-132.6384
G1X175.2770Y-132.5757
G1X177.3583Y-130.4944
G1X177.4498Y-130.4270
G1X177.5138Y-130.4266
G1X177.5509Y-130.4794
G1X177.5612Y-130.5721
G1X177.5452Y-130.6911
G1X177.5034Y-130.8229
G1X177.4358Y-130.9540
G1X177.3431Y-131.0708
G1X175.2399Y-133.1741
G1X175.1554Y-133.2778
G1X175.0896Y-133.3952
G1X175.0431Y-133.5163
G1X175.0165Y-133.6315
G1X175.0104Y-133.7308
G1X175.0253Y-133.8044
G1X175.0619Y-133.8425
G1X175.1209Y-133.8351
G1X175.2027Y-133.7725
G1X177.3200Y-131.6553
G1X177.4018Y-131.5927
G1X177.4608Y-131.5853
G1X177.4974Y-131.6233
G1X177.5124Y-131.6970
G1X177.5062Y-131.7963
G1X177.4796Y-131.9115
G1X177.4330Y-132.0326
G1X177.3673Y-132.1500
G1X177.2828Y-132.2537
G1X175.1656Y-134.3709
G1X175.0812Y-134.4746
G1X175.0154Y-134.5919
G1X174.9689Y-134.7131
G1X174.9423Y-134.8283
G1X174.9361Y-134.9276
G1X174.9511Y-135.0012
G1X174.9877Y-135.0393
G1X175.0467Y-135.0319
G1X175.1285Y-134.9692
G1X177.2457Y-132.8520
G1X177.3276Y-132.7894
G1X177.3866Y-132.7820
G1X177.4232Y-132.8201
G1X177.4381Y-132.8937
G1X177.4320Y-132.9930
G1X177.4053Y-133.1082
G1X177.3588Y-133.2294
G1X177.2930Y-133.3467
G1X177.2086Y-133.4504
G1X175.0914Y-135.5676
G1X175.0065Y-135.6718
G1X174.9394Y-135.7905
G1X174.8910Y-135.9136
G1X174.8621Y-136.0310
G1X174.8535Y-136.1327
G1X174.8662Y-136.2086
G1X174.9009Y-136.2486
G1X174.9585Y-136.2426
G1X175.0399Y-136.1804
G1X177.1715Y-134.0488
G1X177.2534Y-133.9862
G1X177.3123Y-133.9788
G1X177.3490Y-134.0168
G1X177.3639Y-134.0905
G1X177.3578Y-134.1898
G1X177.3311Y-134.3050
G1X177.2846Y-134.4261
G1X177.2188Y-134.5435
G1X177.1344Y-134.6472
G1X174.9794Y-136.8021
G1X174.8942Y-136.9066
G1X174.8263Y-137.0261
G1X174.7767Y-137.1504
G1X174.7464Y-137.2693
G1X174.7363Y-137.3725
G1X174.7476Y-137.4498
G1X174.7811Y-137.4909
G1X174.8379Y-137.4857
G1X174.9190Y-137.4239
G1X177.0973Y-135.2455
G1X177.1792Y-135.1829
G1X177.2381Y-135.1755
G1X177.2748Y-135.2136
G1X177.2897Y-135.2872
G1X177.2835Y-135.3865
G1X177.2569Y-135.5017
G1X177.2104Y-135.6229
G1X177.1446Y-135.7402
G1X177.0602Y-135.8439
G1X174.8585Y-138.0456
G1X174.7733Y-138.1500
G1X174.7054Y-138.2696
G1X174.6558Y-138.3939
G1X174.6254Y-138.5127
G1X174.6154Y-138.6159
G1X174.6267Y-138.6932
G1X174.6602Y-138.7343
G1X174.7170Y-138.7291
G1X174.7981Y-138.6673
G1X177.0135Y-136.4519
G1X177.0945Y-136.3901
G1X177.1513Y-136.3848
G1X177.1849Y-136.4260
G1X177.1961Y-136.5033
G1X177.1861Y-136.6065
G1X177.1558Y-136.7253
G1X177.1061Y-136.8496
G1X177.0382Y-136.9692
G1X176.9530Y-137.0736
G1X174.7376Y-139.2890
G1X174.6524Y-139.3935
G1X174.5845Y-139.5130
G1X174.5349Y-139.6373
G1X174.5046Y-139.7561
G1X174.4945Y-139.8593
G1X174.5058Y-139.9366
G1X174.5393Y-139.9778
G1X174.5961Y-139.9725
G1X174.6772Y-139.9107
G1X176.8926Y-137.6953
G1X176.9736Y-137.6335
G1X177.0304Y-137.6283
G1X177.0640Y-137.6694
G1X177.0752Y-137.7467
G1X177.0652Y-137.8499
G1X177.0349Y-137.9688
G1X176.9853Y-138.0931
G1X176.9173Y-138.2126
G1X176.8321Y-138.3170
G1X174.6074Y-140.5418
G1X174.5213Y-140.6471
G1X174.4511Y-140.7689
G1X174.3982Y-140.8965
G1X174.3640Y-141.0192
G1X174.3498Y-141.1265
G1X174.3572Y-141.2077
G1X174.3874Y-141.2522
G1X174.4419Y-141.2492
G1X174.5222Y-141.1883
G1X176.7717Y-138.9388
G1X176.8528Y-138.8769
G1X176.9096Y-138.8717
G1X176.9431Y-138.9129
G1X176.9543Y-138.9901
G1X176.9443Y-139.0934
G1X176.9140Y-139.2122
G1X176.8644Y-139.3365
G1X176.7965Y-139.4560
G1X176.7112Y-139.5605
G1X174.4370Y-141.8347
G1X174.3509Y-141.9401
G1X174.2807Y-142.0618
G1X174.2278Y-142.1894
G1X174.1936Y-142.3122
G1X174.1794Y-142.4195
G1X174.1868Y-142.5007
G1X174.2170Y-142.5451
G1X174.2715Y-142.5422
G1X174.3518Y-142.4812
G1X176.6508Y-140.1822
G1X176.7325Y-140.1197
G1X176.7912Y-140.1126
G1X176.8273Y-140.1512
G1X176.8417Y-140.2253
G1X176.8349Y-140.3252
G1X176.8077Y-140.4410
G1X176.7608Y-140.5626
G1X176.6947Y-140.6803
G1X176.6101Y-140.7841
G1X174.2665Y-143.1277
G1X174.1805Y-143.2330
G1X174.1103Y-143.3548
G1X174.0574Y-143.4824
G1X174.0231Y-143.6052
G1X174.0090Y-143.7125
G1X174.0163Y-143.7937
G1X174.0466Y-143.8381
G1X174.1011Y-143.8352
G1X174.1813Y-143.7742
G1X176.5005Y-141.4550
G1X176.5808Y-141.3940
G1X176.6353Y-141.3911
G1X176.6655Y-141.4355
G1X176.6729Y-141.5167
G1X176.6587Y-141.6240
G1X176.6245Y-141.7468
G1X176.5716Y-141.8744
G1X176.5014Y-141.9961
G1X176.4153Y-142.1015
G1X174.0961Y-144.4207
G1X174.0069Y-144.5340
G1X173.9489Y-144.6556
G1X173.9204Y-144.7740
G1X173.9198Y-144.8776
G1X173.9455Y-144.9550
G1X173.9959Y-144.9945
G1X174.0694Y-144.9845
G1X174.1644Y-144.9136
G1X176.3301Y-142.7479
G1X176.4103Y-142.6870
G1X176.4648Y-142.6840
G1X176.4951Y-142.7285
G1X176.5024Y-142.8097
G1X176.4883Y-142.9170
G1X176.4541Y-143.0397
G1X176.4011Y-143.1673
G1X176.3309Y-143.2891
G1X176.2449Y-143.3944
G1X174.7257Y-144.9136
G1X174.6577Y-145.0057
G1X174.6555Y-145.0715
G1X174.7059Y-145.1110
G1X174.7958Y-145.1241
G1X174.9120Y-145.1110
G1X175.0414Y-145.0715
G1X175.1707Y-145.0057
G1X175.2869Y-144.9136
G1X176.1597Y-144.0409
G1X176.2399Y-143.9800
G1X176.2944Y-143.9770
G1X176.3246Y-144.0214
G1X176.3320Y-144.1026
G1X176.3178Y-144.2100
G1X176.2836Y-144.3327
G1X176.2307Y-144.4603
G1X176.1605Y-144.5821
G1X176.0744Y-144.6874
G1X175.6377Y-145.1241
G1 Z0F20000
(Start Block)

G1X194.8364Y-145.2564
G1Z6F20000
(Plotting speed under)
G1 F8000

G1X194.0916Y-149.7543
G1X193.2038Y-154.2522
G1X192.1137Y-159.0147
G1X190.8766Y-163.7773
G1X188.2308Y-163.7773
G1X189.4679Y-159.0147
G1X190.5580Y-154.2522
G1X191.4458Y-149.7543
G1X192.1906Y-145.2564
G1X194.8364Y-145.2564
G1 Z0F20000
(Start Block)

G1X192.2894Y-145.4694
G1Z6F20000
(Plotting speed under)
G1 F8000

G1X192.3298Y-145.4290
G1X192.4140Y-145.4032
G1X192.5661Y-145.3903
G1X192.7322Y-145.3903
G1X192.8585Y-145.4032
G1X192.8910Y-145.4290
G1X192.3885Y-145.9316
G1X192.3015Y-146.0378
G1X192.2289Y-146.1620
G1X192.1726Y-146.2931
G1X192.1342Y-146.4200
G1X192.1157Y-146.5316
G1X192.1189Y-146.6169
G1X192.1457Y-146.6649
G1X192.1978Y-146.6643
G1X192.2771Y-146.6042
G1X193.2822Y-145.5992
G1X193.3984Y-145.5071
G1X193.5278Y-145.4413
G1X193.6571Y-145.4018
G1X193.7733Y-145.3887
G1X193.8632Y-145.4018
G1X193.9136Y-145.4413
G1X193.9114Y-145.5071
G1X193.8435Y-145.5992
G1X192.1658Y-147.2769
G1X192.0788Y-147.3831
G1X192.0062Y-147.5073
G1X191.9498Y-147.6384
G1X191.9114Y-147.7653
G1X191.8929Y-147.8769
G1X191.8962Y-147.9623
G1X191.9229Y-148.0102
G1X191.9750Y-148.0096
G1X192.0544Y-147.9496
G1X194.4047Y-145.5992
G1X194.4867Y-145.5364
G1X194.5461Y-145.5287
G1X194.5832Y-145.5662
G1X194.5988Y-145.6392
G1X194.5933Y-145.7379
G1X194.5672Y-145.8524
G1X194.5212Y-145.9731
G1X194.4558Y-146.0901
G1X194.3715Y-146.1936
G1X191.9430Y-148.6222
G1X191.8560Y-148.7284
G1X191.7834Y-148.8526
G1X191.7270Y-148.9837
G1X191.6887Y-149.1106
G1X191.6702Y-149.2222
G1X191.6734Y-149.3075
G1X191.7001Y-149.3555
G1X191.7523Y-149.3549
G1X191.8316Y-149.2949
G1X194.2602Y-146.8663
G1X194.3395Y-146.8062
G1X194.3916Y-146.8057
G1X194.4183Y-146.8536
G1X194.4216Y-146.9389
G1X194.4031Y-147.0506
G1X194.3647Y-147.1775
G1X194.3083Y-147.3085
G1X194.2357Y-147.4327
G1X194.1488Y-147.5389
G1X191.7044Y-149.9833
G1X191.6165Y-150.0905
G1X191.5415Y-150.2171
G1X191.4815Y-150.3517
G1X191.4389Y-150.4828
G1X191.4160Y-150.5989
G1X191.4150Y-150.6884
G1X191.4382Y-150.7399
G1X191.4879Y-150.7418
G1X191.5663Y-150.6826
G1X194.0374Y-148.2116
G1X194.1167Y-148.1515
G1X194.1688Y-148.1510
G1X194.1956Y-148.1989
G1X194.1988Y-148.2842
G1X194.1803Y-148.3959
G1X194.1420Y-148.5228
G1X194.0856Y-148.6538
G1X194.0130Y-148.7780
G1X193.9260Y-148.8842
G1X191.4283Y-151.3819
G1X191.3404Y-151.4891
G1X191.2654Y-151.6157
G1X191.2054Y-151.7503
G1X191.1629Y-151.8814
G1X191.1399Y-151.9975
G1X191.1390Y-152.0870
G1X191.1622Y-152.1385
G1X191.2119Y-152.1404
G1X191.2903Y-152.0812
G1X193.8146Y-149.5569
G1X193.8935Y-149.4972
G1X193.9446Y-149.4977
G1X193.9699Y-149.5472
G1X193.9713Y-149.6343
G1X193.9509Y-149.7478
G1X193.9107Y-149.8765
G1X193.8528Y-150.0091
G1X193.7792Y-150.1343
G1X193.6918Y-150.2410
G1X191.1522Y-152.7805
G1X191.0644Y-152.8877
G1X190.9893Y-153.0143
G1X190.9294Y-153.1489
G1X190.8868Y-153.2800
G1X190.8639Y-153.3961
G1X190.8629Y-153.4856
G1X190.8861Y-153.5371
G1X190.9358Y-153.5390
G1X191.0142Y-153.4798
G1X193.5538Y-150.9403
G1X193.6322Y-150.8811
G1X193.6819Y-150.8830
G1X193.7051Y-150.9345
G1X193.7041Y-151.0240
G1X193.6812Y-151.1401
G1X193.6386Y-151.2712
G1X193.5787Y-151.4058
G1X193.5036Y-151.5324
G1X193.4157Y-151.6396
G1X190.8717Y-154.1836
G1X190.7913Y-154.2798
G1X190.7197Y-154.3940
G1X190.6589Y-154.5176
G1X190.6110Y-154.6419
G1X190.5779Y-154.7580
G1X190.5617Y-154.8573
G1X190.5643Y-154.9311
G1X190.5877Y-154.9705
G1X190.6340Y-154.9669
G1X190.7051Y-154.9115
G1X193.2777Y-152.3389
G1X193.3561Y-152.2797
G1X193.4058Y-152.2816
G1X193.4290Y-152.3331
G1X193.4280Y-152.4226
G1X193.4051Y-152.5387
G1X193.3626Y-152.6698
G1X193.3026Y-152.8044
G1X193.2276Y-152.9310
G1X193.1397Y-153.0382
G1X190.5385Y-155.6394
G1X190.4581Y-155.7355
G1X190.3865Y-155.8497
G1X190.3257Y-155.9734
G1X190.2778Y-156.0976
G1X190.2447Y-156.2138
G1X190.2285Y-156.3131
G1X190.2311Y-156.3868
G1X190.2545Y-156.4262
G1X190.3008Y-156.4226
G1X190.3719Y-156.3672
G1X193.0016Y-153.7375
G1X193.0801Y-153.6783
G1X193.1297Y-153.6802
G1X193.1529Y-153.7317
G1X193.1519Y-153.8212
G1X193.1290Y-153.9373
G1X193.0865Y-154.0684
G1X193.0265Y-154.2030
G1X192.9515Y-154.3296
G1X192.8636Y-154.4368
G1X190.2053Y-157.0951
G1X190.1249Y-157.1912
G1X190.0533Y-157.3055
G1X189.9925Y-157.4291
G1X189.9446Y-157.5533
G1X189.9115Y-157.6695
G1X189.8953Y-157.7688
G1X189.8979Y-157.8425
G1X189.9213Y-157.8819
G1X189.9676Y-157.8783
G1X190.0387Y-157.8229
G1X192.6969Y-155.1647
G1X192.7681Y-155.1093
G1X192.8143Y-155.1057
G1X192.8378Y-155.1451
G1X192.8404Y-155.2188
G1X192.8241Y-155.3181
G1X192.7911Y-155.4343
G1X192.7431Y-155.5585
G1X192.6824Y-155.6822
G1X192.6108Y-155.7964
G1X192.5304Y-155.8926
G1X189.8721Y-158.5508
G1X189.7912Y-158.6475
G1X189.7182Y-158.7631
G1X189.6553Y-158.8888
G1X189.6049Y-159.0156
G1X189.5691Y-159.1344
G1X189.5501Y-159.2365
G1X189.5502Y-159.3127
G1X189.5716Y-159.3542
G1X189.6164Y-159.3520
G1X189.6870Y-159.2971
G1X192.3637Y-156.6204
G1X192.4349Y-156.5650
G1X192.4811Y-156.5614
G1X192.5046Y-156.6008
G1X192.5072Y-156.6746
G1X192.4909Y-156.7739
G1X192.4579Y-156.8900
G1X192.4099Y-157.0143
G1X192.3492Y-157.1379
G1X192.2776Y-157.2521
G1X192.1972Y-157.3483
G1X189.4901Y-160.0554
G1X189.4088Y-160.1524
G1X189.3349Y-160.2689
G1X189.2707Y-160.3960
G1X189.2187Y-160.5243
G1X189.1811Y-160.6450
G1X189.1604Y-160.7487
G1X189.1588Y-160.8266
G1X189.1789Y-160.8695
G1X189.2229Y-160.8681
G1X189.2931Y-160.8136
G1X192.0306Y-158.0761
G1X192.1017Y-158.0208
G1X192.1479Y-158.0171
G1X192.1714Y-158.0566
G1X192.1740Y-158.1303
G1X192.1577Y-158.2296
G1X192.1247Y-158.3457
G1X192.0768Y-158.4700
G1X192.0160Y-158.5936
G1X191.9444Y-158.7079
G1X191.8640Y-158.8040
G1X189.0961Y-161.5718
G1X189.0149Y-161.6688
G1X188.9410Y-161.7854
G1X188.8768Y-161.9124
G1X188.8248Y-162.0408
G1X188.7872Y-162.1614
G1X188.7664Y-162.2652
G1X188.7649Y-162.3431
G1X188.7850Y-162.3859
G1X188.8289Y-162.3846
G1X188.8992Y-162.3301
G1X191.6833Y-159.5460
G1X191.7535Y-159.4914
G1X191.7975Y-159.4901
G1X191.8175Y-159.5330
G1X191.8160Y-159.6108
G1X191.7953Y-159.7146
G1X191.7577Y-159.8352
G1X191.7057Y-159.9636
G1X191.6415Y-160.0907
G1X191.5676Y-160.2072
G1X191.4863Y-160.3042
G1X188.7022Y-163.0883
G1X188.6111Y-163.2105
G1X188.5730Y-163.3287
G1X188.5807Y-163.4307
G1X188.6265Y-163.5044
G1X188.7028Y-163.5377
G1X188.8023Y-163.5184
G1X188.9173Y-163.4345
G1X191.2893Y-161.0624
G1X191.3596Y-161.0079
G1X191.4035Y-161.0066
G1X191.4236Y-161.0494
G1X191.4221Y-161.1273
G1X191.4013Y-161.2311
G1X191.3638Y-161.3517
G1X191.3117Y-161.4801
G1X191.2476Y-161.6071
G1X191.1737Y-161.7237
G1X191.0924Y-161.8207
G1X189.4785Y-163.4345
G1X189.4106Y-163.5266
G1X189.4084Y-163.5924
G1X189.4588Y-163.6318
G1X189.5487Y-163.6450
G1X189.6649Y-163.6318
G1X189.7942Y-163.5924
G1X189.9236Y-163.5266
G1X190.0398Y-163.4345
G1X190.8954Y-162.5789
G1X190.9657Y-162.5243
G1X191.0096Y-162.5230
G1X191.0297Y-162.5659
G1X191.0281Y-162.6437
G1X191.0074Y-162.7475
G1X190.9698Y-162.8682
G1X190.9178Y-162.9965
G1X190.8536Y-163.1236
G1X190.7797Y-163.2401
G1X190.6985Y-163.3371
G1X190.3906Y-163.6450
G1 Z0F20000
(Start Block)

G1X209.3974Y-163.7773
G1Z6F20000
(Plotting speed under)
G1 F8000

G1X208.1014Y-168.2752
G1X206.6893Y-172.7731
G1X205.0769Y-177.5356
G1X203.3546Y-182.2981
G1X200.7088Y-182.2981
G1X202.4311Y-177.5356
G1X204.0434Y-172.7731
G1X205.4556Y-168.2752
G1X206.7516Y-163.7773
G1X209.3974Y-163.7773
G1 Z0F20000
(Start Block)

G1X206.7861Y-164.1355
G1Z6F20000
(Plotting speed under)
G1 F8000

G1X206.8990Y-164.0225
G1X207.0034Y-163.9598
G1X207.1449Y-163.9221
G1X207.2926Y-163.9095
G1X207.4152Y-163.9221
G1X207.4815Y-163.9598
G1X207.4603Y-164.0225
G1X206.7694Y-164.7135
G1X206.6872Y-164.8113
G1X206.6110Y-164.9301
G1X206.5435Y-165.0605
G1X206.4873Y-165.1930
G1X206.4453Y-165.3181
G1X206.4201Y-165.4264
G1X206.4145Y-165.5084
G1X206.4311Y-165.5546
G1X206.4728Y-165.5556
G1X206.5422Y-165.5019
G1X207.9241Y-164.1200
G1X208.0402Y-164.0279
G1X208.1696Y-163.9622
G1X208.2990Y-163.9227
G1X208.4152Y-163.9095
G1X208.5051Y-163.9227
G1X208.5555Y-163.9622
G1X208.5533Y-164.0279
G1X208.4853Y-164.1200
G1X206.3150Y-166.2903
G1X206.2329Y-166.3882
G1X206.1567Y-166.5070
G1X206.0891Y-166.6375
G1X206.0330Y-166.7699
G1X205.9909Y-166.8950
G1X205.9657Y-167.0033
G1X205.9601Y-167.0853
G1X205.9767Y-167.1315
G1X206.0184Y-167.1325
G1X206.0878Y-167.0788
G1X209.0466Y-164.1200
G1X209.1097Y-164.0700
G1X209.1477Y-164.0678
G1X209.1630Y-164.1061
G1X209.1582Y-164.1771
G1X209.1357Y-164.2734
G1X209.0980Y-164.3874
G1X209.0477Y-164.5115
G1X208.9872Y-164.6382
G1X208.9191Y-164.7599
G1X208.8457Y-164.8691
G1X208.7697Y-164.9582
G1X205.8606Y-167.8673
G1X205.7779Y-167.9657
G1X205.7001Y-168.0861
G1X205.6303Y-168.2188
G1X205.5713Y-168.3542
G1X205.5262Y-168.4823
G1X205.4979Y-168.5937
G1X205.4894Y-168.6785
G1X205.5037Y-168.7271
G1X205.5438Y-168.7296
G1X205.6126Y-168.6765
G1X208.5425Y-165.7467
G1X208.6119Y-165.6930
G1X208.6536Y-165.6939
G1X208.6702Y-165.7402
G1X208.6646Y-165.8221
G1X208.6394Y-165.9304
G1X208.5973Y-166.0555
G1X208.5412Y-166.1880
G1X208.4736Y-166.3184
G1X208.3974Y-166.4373
G1X208.3153Y-166.5351
G1X205.3558Y-169.4946
G1X205.2728Y-169.5933
G1X205.1944Y-169.7144
G1X205.1235Y-169.8481
G1X205.0633Y-169.9846
G1X205.0169Y-170.1142
G1X204.9873Y-170.2268
G1X204.9776Y-170.3128
G1X204.9909Y-170.3624
G1X205.0304Y-170.3656
G1X205.0989Y-170.3127
G1X208.0881Y-167.3236
G1X208.1575Y-167.2699
G1X208.1992Y-167.2709
G1X208.2158Y-167.3171
G1X208.2102Y-167.3990
G1X208.1850Y-167.5073
G1X208.1430Y-167.6324
G1X208.0868Y-167.7649
G1X208.0193Y-167.8953
G1X207.9431Y-168.0142
G1X207.8609Y-168.1120
G1X204.8421Y-171.1308
G1X204.7591Y-171.2295
G1X204.6807Y-171.3506
G1X204.6098Y-171.4844
G1X204.5496Y-171.6209
G1X204.5032Y-171.7504
G1X204.4736Y-171.8631
G1X204.4639Y-171.9490
G1X204.4773Y-171.9986
G1X204.5167Y-172.0018
G1X204.5852Y-171.9490
G1X207.6167Y-168.9175
G1X207.6853Y-168.8646
G1X207.7247Y-168.8679
G1X207.7380Y-168.9174
G1X207.7284Y-169.0034
G1X207.6987Y-169.1161
G1X207.6523Y-169.2456
G1X207.5921Y-169.3821
G1X207.5213Y-169.5158
G1X207.4428Y-169.6370
G1X207.3599Y-169.7356
G1X204.3223Y-172.7732
G1X204.2460Y-172.8625
G1X204.1720Y-172.9723
G1X204.1029Y-173.0951
G1X204.0412Y-173.2230
G1X203.9895Y-173.3485
G1X203.9504Y-173.4639
G1X203.9266Y-173.5615
G1X203.9205Y-173.6338
G1X203.9348Y-173.6730
G1X203.9722Y-173.6715
G1X204.0350Y-173.6217
G1X207.1030Y-170.5537
G1X207.1716Y-170.5009
G1X207.2110Y-170.5041
G1X207.2243Y-170.5537
G1X207.2147Y-170.6396
G1X207.1851Y-170.7523
G1X207.1386Y-170.8818
G1X207.0784Y-171.0183
G1X207.0076Y-171.1521
G1X206.9291Y-171.2732
G1X206.8461Y-171.3719
G1X203.7478Y-174.4702
G1X203.6715Y-174.5596
G1X203.5975Y-174.6694
G1X203.5283Y-174.7922
G1X203.4666Y-174.9201
G1X203.4149Y-175.0455
G1X203.3759Y-175.1610
G1X203.3520Y-175.2586
G1X203.3459Y-175.3308
G1X203.3603Y-175.3701
G1X203.3976Y-175.3686
G1X203.4605Y-175.3188
G1X206.5893Y-172.1900
G1X206.6579Y-172.1371
G1X206.6973Y-172.1404
G1X206.7106Y-172.1899
G1X206.7009Y-172.2759
G1X206.6714Y-172.3885
G1X206.6249Y-172.5181
G1X206.5647Y-172.6546
G1X206.4939Y-172.7883
G1X206.4154Y-172.9094
G1X206.3325Y-173.0081
G1X203.1732Y-176.1673
G1X203.0969Y-176.2567
G1X203.0229Y-176.3665
G1X202.9538Y-176.4892
G1X202.8921Y-176.6171
G1X202.8404Y-176.7426
G1X202.8013Y-176.8580
G1X202.7775Y-176.9557
G1X202.7714Y-177.0279
G1X202.7857Y-177.0671
G1X202.8231Y-177.0657
G1X202.8859Y-177.0159
G1X206.0427Y-173.8591
G1X206.1056Y-173.8093
G1X206.1429Y-173.8078
G1X206.1573Y-173.8470
G1X206.1512Y-173.9193
G1X206.1274Y-174.0169
G1X206.0883Y-174.1323
G1X206.0366Y-174.2578
G1X205.9749Y-174.3857
G1X205.9057Y-174.5084
G1X205.8317Y-174.6183
G1X205.7555Y-174.7076
G1X202.5807Y-177.8823
G1X202.5038Y-177.9724
G1X202.4278Y-178.0842
G1X202.3557Y-178.2098
G1X202.2904Y-178.3414
G1X202.2346Y-178.4709
G1X202.1914Y-178.5905
G1X202.1635Y-178.6921
G1X202.1538Y-178.7680
G1X202.1652Y-178.8102
G1X202.2006Y-178.8106
G1X202.2628Y-178.7616
G1X205.4682Y-175.5561
G1X205.5311Y-175.5063
G1X205.5684Y-175.5049
G1X205.5827Y-175.5441
G1X205.5767Y-175.6163
G1X205.5528Y-175.7140
G1X205.5138Y-175.8294
G1X205.4621Y-175.9549
G1X205.4004Y-176.0828
G1X205.3312Y-176.2055
G1X205.2572Y-176.3153
G1X205.1809Y-176.4047
G1X201.9448Y-179.6408
G1X201.8678Y-179.7308
G1X201.7919Y-179.8427
G1X201.7198Y-179.9683
G1X201.6544Y-180.0998
G1X201.5987Y-180.2294
G1X201.5555Y-180.3489
G1X201.5276Y-180.4506
G1X201.5179Y-180.5265
G1X201.5293Y-180.5686
G1X201.5647Y-180.5691
G1X201.6269Y-180.5200
G1X204.8937Y-177.2532
G1X204.9562Y-177.2038
G1X204.9926Y-177.2032
G1X205.0055Y-177.2438
G1X204.9978Y-177.3178
G1X204.9721Y-177.4173
G1X204.9310Y-177.5347
G1X204.8774Y-177.6620
G1X204.8140Y-177.7917
G1X204.7435Y-177.9157
G1X204.6685Y-178.0265
G1X204.5919Y-178.1162
G1X201.3089Y-181.3993
G1X201.2170Y-181.5152
G1X201.1518Y-181.6440
G1X201.1132Y-181.7725
G1X201.1010Y-181.8878
G1X201.1151Y-181.9767
G1X201.1554Y-182.0263
G1X201.2218Y-182.0235
G1X201.3141Y-181.9554
G1X204.2740Y-178.9954
G1X204.3362Y-178.9464
G1X204.3715Y-178.9468
G1X204.3829Y-178.9890
G1X204.3732Y-179.0649
G1X204.3453Y-179.1665
G1X204.3021Y-179.2861
G1X204.2464Y-179.4156
G1X204.1811Y-179.5472
G1X204.1090Y-179.6728
G1X204.0330Y-179.7846
G1X203.9560Y-179.8747
G1X201.8753Y-181.9554
G1X201.8074Y-182.0474
G1X201.8052Y-182.1132
G1X201.8556Y-182.1527
G1X201.9455Y-182.1658
G1X202.0617Y-182.1527
G1X202.1910Y-182.1132
G1X202.3204Y-182.0474
G1X202.4366Y-181.9554
G1X203.6380Y-180.7539
G1X203.7002Y-180.7048
G1X203.7356Y-180.7053
G1X203.7470Y-180.7474
G1X203.7373Y-180.8233
G1X203.7094Y-180.9250
G1X203.6662Y-181.0446
G1X203.6105Y-181.1741
G1X203.5451Y-181.3056
G1X203.4730Y-181.4313
G1X203.3971Y-181.5431
G1X203.3201Y-181.6331
G1X202.7874Y-182.1658
G1 Z0F20000
(Start Block)

G1X221.8755Y-182.2981
G1Z6F20000
(Plotting speed under)
G1 F8000

G1X218.4712Y-191.0294
G1X214.3563Y-200.8190
G1X211.7105Y-200.8190
G1X215.8253Y-191.0294
G1X219.2296Y-182.2981
G1X221.8755Y-182.2981
G1 Z0F20000
(Start Block)

G1X219.2683Y-182.5632
G1Z6F20000
(Plotting speed under)
G1 F8000

G1X219.3347Y-182.4968
G1X219.4132Y-182.4599
G1X219.5392Y-182.4378
G1X219.6817Y-182.4304
G1X219.8094Y-182.4378
G1X219.8913Y-182.4599
G1X219.8959Y-182.4968
G1X219.1201Y-183.2727
G1X219.0487Y-183.3551
G1X218.9766Y-183.4578
G1X218.9062Y-183.5743
G1X218.8400Y-183.6983
G1X218.7805Y-183.8234
G1X218.7303Y-183.9431
G1X218.6917Y-184.0512
G1X218.6673Y-184.1412
G1X218.6596Y-184.2067
G1X218.6710Y-184.2414
G1X218.7041Y-184.2388
G1X218.7614Y-184.1926
G1X220.3131Y-182.6409
G1X220.4293Y-182.5488
G1X220.5587Y-182.4830
G1X220.6880Y-182.4436
G1X220.8043Y-182.4304
G1X220.8941Y-182.4436
G1X220.9446Y-182.4830
G1X220.9424Y-182.5488
G1X220.8744Y-182.6409
G1X218.4027Y-185.1126
G1X218.3313Y-185.1950
G1X218.2592Y-185.2977
G1X218.1888Y-185.4142
G1X218.1226Y-185.5382
G1X218.0631Y-185.6633
G1X218.0129Y-185.7830
G1X217.9743Y-185.8911
G1X217.9499Y-185.9811
G1X217.9422Y-186.0467
G1X217.9537Y-186.0813
G1X217.9868Y-186.0788
G1X218.0440Y-186.0325
G1X221.4357Y-182.6409
G1X221.4983Y-182.5914
G1X221.5348Y-182.5907
G1X221.5479Y-182.6312
G1X221.5403Y-182.7049
G1X221.5148Y-182.8042
G1X221.4740Y-182.9214
G1X221.4206Y-183.0485
G1X221.3574Y-183.1780
G1X221.2870Y-183.3019
G1X221.2122Y-183.4126
G1X221.1356Y-183.5022
G1X217.6853Y-186.9525
G1X217.6140Y-187.0349
G1X217.5418Y-187.1376
G1X217.4714Y-187.2541
G1X217.4052Y-187.3781
G1X217.3458Y-187.5032
G1X217.2955Y-187.6229
G1X217.2569Y-187.7310
G1X217.2325Y-187.8210
G1X217.2248Y-187.8866
G1X217.2363Y-187.9212
G1X217.2694Y-187.9187
G1X217.3266Y-187.8724
G1X220.7769Y-184.4222
G1X220.8342Y-184.3759
G1X220.8673Y-184.3734
G1X220.8787Y-184.4080
G1X220.8710Y-184.4736
G1X220.8466Y-184.5636
G1X220.8081Y-184.6717
G1X220.7578Y-184.7914
G1X220.6983Y-184.9165
G1X220.6321Y-185.0405
G1X220.5617Y-185.1571
G1X220.4896Y-185.2597
G1X220.4182Y-185.3421
G1X216.9679Y-188.7924
G1X216.8966Y-188.8748
G1X216.8244Y-188.9775
G1X216.7540Y-189.0940
G1X216.6879Y-189.2180
G1X216.6284Y-189.3431
G1X216.5781Y-189.4629
G1X216.5396Y-189.5709
G1X216.5152Y-189.6609
G1X216.5074Y-189.7265
G1X216.5189Y-189.7611
G1X216.5520Y-189.7586
G1X216.6093Y-189.7124
G1X220.0596Y-186.2621
G1X220.1168Y-186.2159
G1X220.1499Y-186.2133
G1X220.1614Y-186.2480
G1X220.1536Y-186.3135
G1X220.1292Y-186.4035
G1X220.0907Y-186.5116
G1X220.0404Y-186.6313
G1X219.9809Y-186.7564
G1X219.9147Y-186.8804
G1X219.8444Y-186.9969
G1X219.7722Y-187.0996
G1X219.7009Y-187.1820
G1X216.1462Y-190.7367
G1X216.0699Y-190.8261
G1X215.9957Y-190.9361
G1X215.9262Y-191.0591
G1X215.8642Y-191.1874
G1X215.8121Y-191.3132
G1X215.7726Y-191.4291
G1X215.7484Y-191.5271
G1X215.7420Y-191.5997
G1X215.7561Y-191.6392
G1X215.7932Y-191.6379
G1X215.8560Y-191.5881
G1X219.3422Y-188.1020
G1X219.3994Y-188.0558
G1X219.4325Y-188.0532
G1X219.4440Y-188.0879
G1X219.4363Y-188.1534
G1X219.4119Y-188.2434
G1X219.3733Y-188.3515
G1X219.3230Y-188.4713
G1X219.2636Y-188.5963
G1X219.1974Y-188.7203
G1X219.1270Y-188.8369
G1X219.0549Y-188.9395
G1X218.9835Y-189.0219
G1X215.4490Y-192.5564
G1X215.3767Y-192.6398
G1X215.3019Y-192.7451
G1X215.2275Y-192.8656
G1X215.1564Y-192.9945
G1X215.0913Y-193.1253
G1X215.0350Y-193.2510
G1X214.9905Y-193.3651
G1X214.9604Y-193.4607
G1X214.9477Y-193.5313
G1X214.9552Y-193.5699
G1X214.9857Y-193.5699
G1X215.0420Y-193.5247
G1X218.6248Y-189.9419
G1X218.6821Y-189.8957
G1X218.7152Y-189.8931
G1X218.7266Y-189.9278
G1X218.7189Y-189.9933
G1X218.6945Y-190.0833
G1X218.6559Y-190.1914
G1X218.6057Y-190.3112
G1X218.5462Y-190.4362
G1X218.4800Y-190.5602
G1X218.4096Y-190.6768
G1X218.3375Y-190.7794
G1X218.2661Y-190.8618
G1X214.6350Y-194.4929
G1X214.5627Y-194.5763
G1X214.4879Y-194.6816
G1X214.4136Y-194.8021
G1X214.3424Y-194.9311
G1X214.2773Y-195.0618
G1X214.2210Y-195.1875
G1X214.1765Y-195.3016
G1X214.1465Y-195.3973
G1X214.1338Y-195.4678
G1X214.1412Y-195.5064
G1X214.1717Y-195.5064
G1X214.2280Y-195.4612
G1X217.8764Y-191.8129
G1X217.9327Y-191.7676
G1X217.9632Y-191.7676
G1X217.9706Y-191.8063
G1X217.9579Y-191.8768
G1X217.9279Y-191.9725
G1X217.8833Y-192.0865
G1X217.8271Y-192.2123
G1X217.7620Y-192.3430
G1X217.6908Y-192.4720
G1X217.6164Y-192.5925
G1X217.5417Y-192.6978
G1X217.4694Y-192.7811
G1X213.8210Y-196.4294
G1X213.7487Y-196.5128
G1X213.6740Y-196.6181
G1X213.5996Y-196.7386
G1X213.5284Y-196.8676
G1X213.4633Y-196.9983
G1X213.4071Y-197.1241
G1X213.3625Y-197.2381
G1X213.3325Y-197.3338
G1X213.3198Y-197.4043
G1X213.3273Y-197.4429
G1X213.3577Y-197.4430
G1X213.4141Y-197.3977
G1X217.0624Y-193.7494
G1X217.1187Y-193.7041
G1X217.1492Y-193.7042
G1X217.1566Y-193.7428
G1X217.1439Y-193.8133
G1X217.1139Y-193.9089
G1X217.0694Y-194.0230
G1X217.0131Y-194.1488
G1X216.9480Y-194.2795
G1X216.8768Y-194.4085
G1X216.8025Y-194.5290
G1X216.7277Y-194.6343
G1X216.6554Y-194.7176
G1X213.0071Y-198.3660
G1X212.9347Y-198.4493
G1X212.8600Y-198.5546
G1X212.7856Y-198.6751
G1X212.7145Y-198.8041
G1X212.6493Y-198.9348
G1X212.5931Y-199.0606
G1X212.5485Y-199.1746
G1X212.5185Y-199.2703
G1X212.5058Y-199.3408
G1X212.5133Y-199.3794
G1X212.5438Y-199.3795
G1X212.6001Y-199.3342
G1X216.2484Y-195.6859
G1X216.3047Y-195.6406
G1X216.3352Y-195.6407
G1X216.3427Y-195.6793
G1X216.3300Y-195.7498
G1X216.2999Y-195.8455
G1X216.2554Y-195.9595
G1X216.1991Y-196.0853
G1X216.1340Y-196.2160
G1X216.0629Y-196.3450
G1X215.9885Y-196.4655
G1X215.9137Y-196.5708
G1X215.8414Y-196.6541
G1X212.1931Y-200.3025
G1X212.1177Y-200.4020
G1X212.0958Y-200.4875
G1X212.1184Y-200.5548
G1X212.1764Y-200.5998
G1X212.2607Y-200.6185
G1X212.3622Y-200.6069
G1X212.4719Y-200.5608
G1X212.5806Y-200.4762
G1X215.4344Y-197.6224
G1X215.4907Y-197.5771
G1X215.5212Y-197.5772
G1X215.5287Y-197.6158
G1X215.5160Y-197.6863
G1X215.4860Y-197.7820
G1X215.4414Y-197.8960
G1X215.3852Y-198.0218
G1X215.3200Y-198.1525
G1X215.2489Y-198.2815
G1X215.1745Y-198.4020
G1X215.0998Y-198.5073
G1X215.0274Y-198.5906
G1X213.1419Y-200.4762
G1X213.0739Y-200.5683
G1X213.0717Y-200.6340
G1X213.1221Y-200.6735
G1X213.2120Y-200.6867
G1X213.3282Y-200.6735
G1X213.4576Y-200.6340
G1X213.5869Y-200.5683
G1X213.7031Y-200.4762
G1X214.6459Y-199.5334
G1X214.6944Y-199.4959
G1X214.7185Y-199.5024
G1X214.7211Y-199.5460
G1X214.7049Y-199.6200
G1X214.6727Y-199.7178
G1X214.6274Y-199.8325
G1X214.5719Y-199.9576
G1X214.5089Y-200.0862
G1X214.4413Y-200.2116
G1X214.3719Y-200.3272
G1X214.3035Y-200.4261
G1X214.2389Y-200.5017
G1X214.0539Y-200.6867
G1 Z0F20000
(Start Block)

G1X232.8772Y-200.8190
G1Z6F20000
(Plotting speed under)
G1 F8000

G1X224.6365Y-219.3398
G1X221.9906Y-219.3398
G1X230.2313Y-200.8190
G1X232.8772Y-200.8190
G1 Z0F20000
(Start Block)

G1X229.8401Y-202.0236
G1Z6F20000
(Plotting speed under)
G1 F8000

G1X230.7020Y-201.1617
G1X230.8182Y-201.0697
G1X230.9475Y-201.0039
G1X231.0769Y-200.9644
G1X231.1931Y-200.9513
G1X231.2830Y-200.9644
G1X231.3334Y-201.0039
G1X231.3312Y-201.0697
G1X231.2632Y-201.1617
G1X229.6007Y-202.8243
G1X229.5333Y-202.9011
G1X229.4624Y-202.9983
G1X229.3904Y-203.1104
G1X229.3198Y-203.2319
G1X229.2530Y-203.3572
G1X229.1924Y-203.4809
G1X229.1406Y-203.5973
G1X229.1000Y-203.7010
G1X229.0730Y-203.7865
G1X229.0621Y-203.8482
G1X229.0699Y-203.8806
G1X229.0986Y-203.8782
G1X229.1508Y-203.8355
G1X231.8245Y-201.1617
G1X231.9407Y-201.0697
G1X232.0701Y-201.0039
G1X232.1994Y-200.9644
G1X232.3156Y-200.9513
G1X232.4055Y-200.9644
G1X232.4559Y-201.0039
G1X232.4537Y-201.0697
G1X232.3858Y-201.1617
G1X228.7009Y-204.8466
G1X228.6335Y-204.9234
G1X228.5626Y-205.0207
G1X228.4906Y-205.1328
G1X228.4199Y-205.2543
G1X228.3531Y-205.3796
G1X228.2926Y-205.5033
G1X228.2408Y-205.6197
G1X228.2002Y-205.7234
G1X228.1732Y-205.8089
G1X228.1623Y-205.8706
G1X228.1700Y-205.9030
G1X228.1987Y-205.9006
G1X228.2509Y-205.8578
G1X232.0750Y-202.0337
G1X232.1272Y-201.9910
G1X232.1560Y-201.9886
G1X232.1637Y-202.0210
G1X232.1528Y-202.0827
G1X232.1258Y-202.1682
G1X232.0852Y-202.2719
G1X232.0334Y-202.3883
G1X231.9728Y-202.5120
G1X231.9060Y-202.6373
G1X231.8354Y-202.7588
G1X231.7634Y-202.8709
G1X231.6925Y-202.9681
G1X231.6251Y-203.0449
G1X227.8010Y-206.8690
G1X227.7337Y-206.9458
G1X227.6628Y-207.0431
G1X227.5907Y-207.1552
G1X227.5201Y-207.2767
G1X227.4533Y-207.4020
G1X227.3927Y-207.5256
G1X227.3409Y-207.6421
G1X227.3003Y-207.7458
G1X227.2733Y-207.8313
G1X227.2625Y-207.8930
G1X227.2702Y-207.9254
G1X227.2989Y-207.9230
G1X227.3511Y-207.8802
G1X231.1752Y-204.0561
G1X231.2274Y-204.0134
G1X231.2561Y-204.0110
G1X231.2638Y-204.0434
G1X231.2530Y-204.1051
G1X231.2260Y-204.1905
G1X231.1854Y-204.2942
G1X231.1336Y-204.4107
G1X231.0730Y-204.5344
G1X231.0062Y-204.6597
G1X230.9355Y-204.7812
G1X230.8635Y-204.8933
G1X230.7926Y-204.9905
G1X230.7253Y-205.0673
G1X226.9012Y-208.8914
G1X226.8338Y-208.9682
G1X226.7629Y-209.0654
G1X226.6909Y-209.1776
G1X226.6203Y-209.2990
G1X226.5534Y-209.4244
G1X226.4929Y-209.5480
G1X226.4411Y-209.6644
G1X226.4005Y-209.7682
G1X226.3735Y-209.8536
G1X226.3626Y-209.9153
G1X226.3703Y-209.9478
G1X226.3991Y-209.9453
G1X226.4513Y-209.9026
G1X230.2754Y-206.0785
G1X230.3276Y-206.0357
G1X230.3563Y-206.0333
G1X230.3640Y-206.0657
G1X230.3531Y-206.1274
G1X230.3262Y-206.2129
G1X230.2855Y-206.3166
G1X230.2337Y-206.4331
G1X230.1732Y-206.5567
G1X230.1063Y-206.6821
G1X230.0357Y-206.8035
G1X229.9637Y-206.9156
G1X229.8928Y-207.0129
G1X229.8254Y-207.0897
G1X226.0013Y-210.9138
G1X225.9340Y-210.9906
G1X225.8631Y-211.0878
G1X225.7911Y-211.1999
G1X225.7204Y-211.3214
G1X225.6536Y-211.4467
G1X225.5931Y-211.5704
G1X225.5412Y-211.6868
G1X225.5006Y-211.7905
G1X225.4736Y-211.8760
G1X225.4628Y-211.9377
G1X225.4705Y-211.9701
G1X225.4992Y-211.9677
G1X225.5514Y-211.9250
G1X229.3755Y-208.1009
G1X229.4277Y-208.0581
G1X229.4564Y-208.0557
G1X229.4641Y-208.0881
G1X229.4533Y-208.1498
G1X229.4263Y-208.2353
G1X229.3857Y-208.3390
G1X229.3339Y-208.4555
G1X229.2733Y-208.5791
G1X229.2065Y-208.7044
G1X229.1359Y-208.8259
G1X229.0639Y-208.9380
G1X228.9930Y-209.0352
G1X228.9256Y-209.1120
G1X225.1015Y-212.9361
G1X225.0341Y-213.0130
G1X224.9632Y-213.1102
G1X224.8912Y-213.2223
G1X224.8206Y-213.3438
G1X224.7538Y-213.4691
G1X224.6932Y-213.5927
G1X224.6414Y-213.7092
G1X224.6008Y-213.8129
G1X224.5738Y-213.8984
G1X224.5630Y-213.9601
G1X224.5706Y-213.9925
G1X224.5994Y-213.9901
G1X224.6516Y-213.9473
G1X228.4757Y-210.1232
G1X228.5279Y-210.0805
G1X228.5566Y-210.0781
G1X228.5643Y-210.1105
G1X228.5534Y-210.1722
G1X228.5265Y-210.2577
G1X228.4858Y-210.3614
G1X228.4340Y-210.4778
G1X228.3735Y-210.6015
G1X228.3067Y-210.7268
G1X228.2360Y-210.8483
G1X228.1640Y-210.9604
G1X228.0931Y-211.0576
G1X228.0258Y-211.1344
G1X224.2017Y-214.9585
G1X224.1343Y-215.0353
G1X224.0634Y-215.1326
G1X223.9914Y-215.2447
G1X223.9208Y-215.3661
G1X223.8539Y-215.4915
G1X223.7934Y-215.6151
G1X223.7416Y-215.7316
G1X223.7009Y-215.8353
G1X223.6740Y-215.9208
G1X223.6631Y-215.9825
G1X223.6708Y-216.0149
G1X223.6995Y-216.0125
G1X223.7517Y-215.9697
G1X227.5758Y-212.1456
G1X227.6280Y-212.1029
G1X227.6568Y-212.1004
G1X227.6645Y-212.1328
G1X227.6536Y-212.1945
G1X227.6266Y-212.2800
G1X227.5860Y-212.3837
G1X227.5342Y-212.5002
G1X227.4737Y-212.6238
G1X227.4068Y-212.7492
G1X227.3362Y-212.8706
G1X227.2642Y-212.9828
G1X227.1933Y-213.0800
G1X227.1259Y-213.1568
G1X223.3018Y-216.9809
G1X223.2344Y-217.0577
G1X223.1635Y-217.1549
G1X223.0915Y-217.2670
G1X223.0209Y-217.3885
G1X222.9541Y-217.5138
G1X222.8935Y-217.6375
G1X222.8417Y-217.7539
G1X222.8011Y-217.8577
G1X222.7741Y-217.9431
G1X222.7633Y-218.0048
G1X222.7710Y-218.0372
G1X222.7997Y-218.0348
G1X222.8519Y-217.9921
G1X226.6760Y-214.1680
G1X226.7282Y-214.1252
G1X226.7569Y-214.1228
G1X226.7646Y-214.1552
G1X226.7538Y-214.2169
G1X226.7268Y-214.3024
G1X226.6862Y-214.4061
G1X226.6343Y-214.5226
G1X226.5738Y-214.6462
G1X226.5070Y-214.7715
G1X226.4363Y-214.8930
G1X226.3643Y-215.0051
G1X226.2934Y-215.1024
G1X226.2261Y-215.1792
G1X222.4082Y-218.9970
G1X222.3402Y-219.0891
G1X222.3380Y-219.1549
G1X222.3884Y-219.1944
G1X222.4783Y-219.2075
G1X222.5946Y-219.1944
G1X222.7239Y-219.1549
G1X222.8533Y-219.0891
G1X222.9694Y-218.9970
G1X225.7761Y-216.1904
G1X225.8283Y-216.1476
G1X225.8571Y-216.1452
G1X225.8648Y-216.1776
G1X225.8539Y-216.2393
G1X225.8269Y-216.3248
G1X225.7863Y-216.4285
G1X225.7345Y-216.5449
G1X225.6740Y-216.6686
G1X225.6072Y-216.7939
G1X225.5365Y-216.9154
G1X225.4645Y-217.0275
G1X225.3936Y-217.1247
G1X225.3262Y-217.2015
G1X223.5307Y-218.9970
G1X223.4628Y-219.0891
G1X223.4606Y-219.1549
G1X223.5110Y-219.1944
G1X223.6009Y-219.2075
G1X223.7171Y-219.1944
G1X223.8464Y-219.1549
G1X223.9758Y-219.0891
G1X224.0920Y-218.9970
G1X224.9897Y-218.0993
G1X225.0113Y-218.0908
G1X225.0083Y-218.1297
G1X224.9846Y-218.2069
G1X224.9443Y-218.3134
G1X224.8916Y-218.4399
G1X224.8304Y-218.5774
G1X224.7649Y-218.7168
G1X224.6989Y-218.8489
G1X224.6368Y-218.9646
G1X224.5824Y-219.0549
G1X224.5398Y-219.1105
G1X224.4428Y-219.2075
G1 Z0F20000
(Start Block)

G1X206.1156Y-219.3398
G1Z6F20000
(Plotting speed under)
G1 F8000

G1X201.5167Y-229.6586
G1X197.9806Y-237.8607
G1X195.3348Y-237.8607
G1X198.8708Y-229.6586
G1X203.4697Y-219.3398
G1X206.1156Y-219.3398
G1 Z0F20000
(Start Block)

G1X203.4554Y-219.6970
G1Z6F20000
(Plotting speed under)
G1 F8000

G1X203.5678Y-219.5845
G1X203.6719Y-219.5221
G1X203.8133Y-219.4846
G1X203.9609Y-219.4721
G1X204.0835Y-219.4846
G1X204.1500Y-219.5221
G1X204.1291Y-219.5845
G1X203.2146Y-220.4990
G1X203.1472Y-220.5759
G1X203.0763Y-220.6731
G1X203.0042Y-220.7854
G1X202.9334Y-220.9070
G1X202.8664Y-221.0324
G1X202.8057Y-221.1562
G1X202.7538Y-221.2728
G1X202.7130Y-221.3767
G1X202.6859Y-221.4623
G1X202.6749Y-221.5241
G1X202.6825Y-221.5566
G1X202.7112Y-221.5543
G1X202.7633Y-221.5116
G1X204.5923Y-219.6826
G1X204.7085Y-219.5905
G1X204.8379Y-219.5247
G1X204.9672Y-219.4853
G1X205.0834Y-219.4721
G1X205.1733Y-219.4853
G1X205.2237Y-219.5247
G1X205.2216Y-219.5905
G1X205.1536Y-219.6826
G1X202.3121Y-222.5241
G1X202.2447Y-222.6009
G1X202.1737Y-222.6982
G1X202.1016Y-222.8104
G1X202.0308Y-222.9320
G1X201.9639Y-223.0575
G1X201.9032Y-223.1813
G1X201.8512Y-223.2979
G1X201.8104Y-223.4018
G1X201.7833Y-223.4874
G1X201.7723Y-223.5492
G1X201.7800Y-223.5817
G1X201.8086Y-223.5794
G1X201.8608Y-223.5367
G1X205.7148Y-219.6826
G1X205.7666Y-219.6403
G1X205.7941Y-219.6391
G1X205.8000Y-219.6733
G1X205.7868Y-219.7373
G1X205.7572Y-219.8255
G1X205.7136Y-219.9321
G1X205.6589Y-220.0515
G1X205.5954Y-220.1781
G1X205.5259Y-220.3061
G1X205.4529Y-220.4299
G1X205.3791Y-220.5439
G1X205.3069Y-220.6423
G1X205.2391Y-220.7196
G1X201.4095Y-224.5492
G1X201.3422Y-224.6260
G1X201.2712Y-224.7233
G1X201.1991Y-224.8355
G1X201.1283Y-224.9571
G1X201.0613Y-225.0826
G1X201.0006Y-225.2064
G1X200.9487Y-225.3230
G1X200.9079Y-225.4269
G1X200.8808Y-225.5125
G1X200.8698Y-225.5743
G1X200.8774Y-225.6068
G1X200.9061Y-225.6045
G1X200.9582Y-225.5617
G1X204.7879Y-221.7321
G1X204.8401Y-221.6894
G1X204.8687Y-221.6870
G1X204.8763Y-221.7195
G1X204.8653Y-221.7814
G1X204.8382Y-221.8670
G1X204.7975Y-221.9708
G1X204.7455Y-222.0874
G1X204.6848Y-222.2112
G1X204.6178Y-222.3367
G1X204.5471Y-222.4583
G1X204.4750Y-222.5705
G1X204.4040Y-222.6678
G1X204.3366Y-222.7446
G1X200.5070Y-226.5743
G1X200.4396Y-226.6511
G1X200.3686Y-226.7484
G1X200.2965Y-226.8606
G1X200.2257Y-226.9822
G1X200.1588Y-227.1077
G1X200.0981Y-227.2315
G1X200.0461Y-227.3481
G1X200.0053Y-227.4519
G1X199.9783Y-227.5376
G1X199.9672Y-227.5994
G1X199.9749Y-227.6319
G1X200.0035Y-227.6295
G1X200.0557Y-227.5868
G1X203.8853Y-223.7572
G1X203.9375Y-223.7145
G1X203.9662Y-223.7121
G1X203.9738Y-223.7446
G1X203.9628Y-223.8064
G1X203.9357Y-223.8920
G1X203.8949Y-223.9959
G1X203.8429Y-224.1125
G1X203.7822Y-224.2363
G1X203.7153Y-224.3618
G1X203.6445Y-224.4834
G1X203.5724Y-224.5956
G1X203.5014Y-224.6929
G1X203.4341Y-224.7697
G1X199.6044Y-228.5994
G1X199.5313Y-228.6835
G1X199.4543Y-228.7911
G1X199.3765Y-228.9150
G1X199.3011Y-229.0482
G1X199.2311Y-229.1838
G1X199.1697Y-229.3147
G1X199.1200Y-229.4339
G1X199.0851Y-229.5344
G1X199.0682Y-229.6091
G1X199.0723Y-229.6512
G1X199.1005Y-229.6535
G1X199.1560Y-229.6091
G1X202.9828Y-225.7823
G1X203.0350Y-225.7395
G1X203.0636Y-225.7372
G1X203.0712Y-225.7697
G1X203.0603Y-225.8315
G1X203.0331Y-225.9171
G1X202.9924Y-226.0210
G1X202.9404Y-226.1376
G1X202.8797Y-226.2614
G1X202.8127Y-226.3869
G1X202.7420Y-226.5085
G1X202.6699Y-226.6207
G1X202.5989Y-226.7180
G1X202.5315Y-226.7948
G1X198.7307Y-230.5957
G1X198.6580Y-230.6794
G1X198.5822Y-230.7857
G1X198.5063Y-230.9077
G1X198.4333Y-231.0385
G1X198.3660Y-231.1714
G1X198.3075Y-231.2994
G1X198.2607Y-231.4158
G1X198.2285Y-231.5136
G1X198.2139Y-231.5859
G1X198.2199Y-231.6261
G1X198.2494Y-231.6272
G1X198.3053Y-231.5823
G1X202.0802Y-227.8073
G1X202.1324Y-227.7646
G1X202.1611Y-227.7623
G1X202.1687Y-227.7948
G1X202.1577Y-227.8566
G1X202.1306Y-227.9422
G1X202.0898Y-228.0461
G1X202.0378Y-228.1627
G1X201.9772Y-228.2865
G1X201.9102Y-228.4120
G1X201.8394Y-228.5336
G1X201.7673Y-228.6458
G1X201.6963Y-228.7431
G1X201.6290Y-228.8199
G1X197.8800Y-232.5689
G1X197.8073Y-232.6526
G1X197.7315Y-232.7589
G1X197.6557Y-232.8809
G1X197.5826Y-233.0117
G1X197.5153Y-233.1446
G1X197.4568Y-233.2726
G1X197.4100Y-233.3890
G1X197.3778Y-233.4868
G1X197.3632Y-233.5592
G1X197.3692Y-233.5993
G1X197.3987Y-233.6004
G1X197.4546Y-233.5555
G1X201.1777Y-229.8324
G1X201.2336Y-229.7875
G1X201.2631Y-229.7885
G1X201.2692Y-229.8286
G1X201.2546Y-229.9010
G1X201.2225Y-229.9987
G1X201.1757Y-230.1150
G1X201.1172Y-230.2430
G1X201.0500Y-230.3758
G1X200.9770Y-230.5067
G1X200.9012Y-230.6286
G1X200.8254Y-230.7349
G1X200.7528Y-230.8186
G1X197.0293Y-234.5421
G1X196.9566Y-234.6258
G1X196.8809Y-234.7321
G1X196.8050Y-234.8541
G1X196.7319Y-234.9849
G1X196.6647Y-235.1178
G1X196.6062Y-235.2459
G1X196.5593Y-235.3622
G1X196.5272Y-235.4600
G1X196.5126Y-235.5324
G1X196.5185Y-235.5725
G1X196.5480Y-235.5736
G1X196.6040Y-235.5287
G1X200.3274Y-231.8052
G1X200.3834Y-231.7603
G1X200.4129Y-231.7613
G1X200.4188Y-231.8015
G1X200.4043Y-231.8739
G1X200.3721Y-231.9717
G1X200.3253Y-232.0880
G1X200.2667Y-232.2161
G1X200.1995Y-232.3489
G1X200.1264Y-232.4798
G1X200.0505Y-232.6018
G1X199.9748Y-232.7081
G1X199.9021Y-232.7918
G1X196.1786Y-236.5153
G1X196.1167Y-236.5993
G1X196.0706Y-236.7065
G1X196.0395Y-236.8298
G1X196.0226Y-236.9623
G1X196.0191Y-237.0971
G1X196.0281Y-237.2271
G1X196.0488Y-237.3454
G1X196.0804Y-237.4450
G1X196.1219Y-237.5191
G1X196.1727Y-237.5606
G1X196.2319Y-237.5625
G1X196.2985Y-237.5179
G1X199.0514Y-234.7650
G1X199.1241Y-234.6813
G1X199.1999Y-234.5750
G1X199.2757Y-234.4530
G1X199.3488Y-234.3221
G1X199.4160Y-234.1893
G1X199.4746Y-234.0612
G1X199.5214Y-233.9449
G1X199.5536Y-233.8471
G1X199.5682Y-233.7747
G1X199.5622Y-233.7346
G1X199.5327Y-233.7335
G1X199.4768Y-233.7784
G1X195.7373Y-237.5179
G1X195.6964Y-237.5777
G1X195.6992Y-237.6275
G1X195.7396Y-237.6673
G1X195.8114Y-237.6972
G1X195.9084Y-237.7172
G1X196.0247Y-237.7271
G1X196.1539Y-237.7271
G1X196.2901Y-237.7172
G1X196.4270Y-237.6972
G1X196.5586Y-237.6673
G1X196.6787Y-237.6275
G1X196.7811Y-237.5777
G1X196.8598Y-237.5179
G1X198.6261Y-235.7516
G1X198.6820Y-235.7067
G1X198.7115Y-235.7078
G1X198.7175Y-235.7479
G1X198.7029Y-235.8203
G1X198.6707Y-235.9181
G1X198.6239Y-236.0344
G1X198.5654Y-236.1625
G1X198.4981Y-236.2953
G1X198.4251Y-236.4262
G1X198.3492Y-236.5482
G1X198.2734Y-236.6545
G1X198.2008Y-236.7382
G1X197.3176Y-237.6214
G1X197.2997Y-237.6808
G1X197.3680Y-237.7165
G1X197.4912Y-237.7284
G1X197.6382Y-237.7165
G1X197.7778Y-237.6808
G1X197.8789Y-237.6214
G1X197.9859Y-237.5144
G1 Z0F20000
(Start Block)

G1X195.8355Y-200.8190
G1Z6F20000
(Plotting speed under)
G1 F8000

G1X187.5947Y-219.3398
G1X184.9489Y-219.3398
G1X193.1896Y-200.8190
G1X195.8355Y-200.8190
G1 Z0F20000
(Start Block)

G1X192.7984Y-202.0236
G1Z6F20000
(Plotting speed under)
G1 F8000

G1X193.6603Y-201.1617
G1X193.7765Y-201.0697
G1X193.9058Y-201.0039
G1X194.0352Y-200.9644
G1X194.1514Y-200.9513
G1X194.2413Y-200.9644
G1X194.2917Y-201.0039
G1X194.2895Y-201.0697
G1X194.2215Y-201.1617
G1X192.5590Y-202.8243
G1X192.4916Y-202.9011
G1X192.4207Y-202.9983
G1X192.3487Y-203.1104
G1X192.2781Y-203.2319
G1X192.2112Y-203.3572
G1X192.1507Y-203.4809
G1X192.0989Y-203.5973
G1X192.0583Y-203.7010
G1X192.0313Y-203.7865
G1X192.0205Y-203.8482
G1X192.0282Y-203.8806
G1X192.0569Y-203.8782
G1X192.1091Y-203.8355
G1X194.7828Y-201.1617
G1X194.8990Y-201.0697
G1X195.0283Y-201.0039
G1X195.1577Y-200.9644
G1X195.2739Y-200.9513
G1X195.3638Y-200.9644
G1X195.4142Y-201.0039
G1X195.4120Y-201.0697
G1X195.3441Y-201.1617
G1X191.6592Y-204.8466
G1X191.5918Y-204.9234
G1X191.5209Y-205.0207
G1X191.4489Y-205.1328
G1X191.3782Y-205.2543
G1X191.3114Y-205.3796
G1X191.2509Y-205.5033
G1X191.1991Y-205.6197
G1X191.1584Y-205.7234
G1X191.1315Y-205.8089
G1X191.1206Y-205.8706
G1X191.1283Y-205.9030
G1X191.1570Y-205.9006
G1X191.2092Y-205.8578
G1X195.0333Y-202.0337
G1X195.0855Y-201.9910
G1X195.1143Y-201.9886
G1X195.1220Y-202.0210
G1X195.1111Y-202.0827
G1X195.0841Y-202.1682
G1X195.0435Y-202.2719
G1X194.9917Y-202.3883
G1X194.9311Y-202.5120
G1X194.8643Y-202.6373
G1X194.7937Y-202.7588
G1X194.7217Y-202.8709
G1X194.6508Y-202.9681
G1X194.5834Y-203.0449
G1X190.7593Y-206.8690
G1X190.6920Y-206.9458
G1X190.6210Y-207.0431
G1X190.5491Y-207.1552
G1X190.4784Y-207.2767
G1X190.4116Y-207.4020
G1X190.3510Y-207.5256
G1X190.2992Y-207.6421
G1X190.2586Y-207.7458
G1X190.2316Y-207.8313
G1X190.2208Y-207.8930
G1X190.2285Y-207.9254
G1X190.2572Y-207.9230
G1X190.3094Y-207.8802
G1X194.1335Y-204.0561
G1X194.1857Y-204.0134
G1X194.2144Y-204.0110
G1X194.2221Y-204.0434
G1X194.2113Y-204.1051
G1X194.1843Y-204.1905
G1X194.1437Y-204.2942
G1X194.0919Y-204.4107
G1X194.0313Y-204.5344
G1X193.9645Y-204.6597
G1X193.8938Y-204.7812
G1X193.8218Y-204.8933
G1X193.7509Y-204.9905
G1X193.6836Y-205.0673
G1X189.8595Y-208.8914
G1X189.7921Y-208.9682
G1X189.7212Y-209.0654
G1X189.6492Y-209.1776
G1X189.5786Y-209.2990
G1X189.5117Y-209.4244
G1X189.4512Y-209.5480
G1X189.3994Y-209.6644
G1X189.3587Y-209.7682
G1X189.3318Y-209.8536
G1X189.3209Y-209.9153
G1X189.3286Y-209.9478
G1X189.3573Y-209.9453
G1X189.4095Y-209.9026
G1X193.2336Y-206.0785
G1X193.2858Y-206.0357
G1X193.3146Y-206.0333
G1X193.3223Y-206.0657
G1X193.3114Y-206.1274
G1X193.2844Y-206.2129
G1X193.2438Y-206.3166
G1X193.1920Y-206.4331
G1X193.1315Y-206.5567
G1X193.0646Y-206.6821
G1X192.9940Y-206.8035
G1X192.9220Y-206.9156
G1X192.8511Y-207.0129
G1X192.7837Y-207.0897
G1X188.9596Y-210.9138
G1X188.8923Y-210.9906
G1X188.8214Y-211.0878
G1X188.7494Y-211.1999
G1X188.6787Y-211.3214
G1X188.6119Y-211.4467
G1X188.5513Y-211.5704
G1X188.4995Y-211.6868
G1X188.4589Y-211.7905
G1X188.4319Y-211.8760
G1X188.4211Y-211.9377
G1X188.4288Y-211.9701
G1X188.4575Y-211.9677
G1X188.5097Y-211.9250
G1X192.3338Y-208.1009
G1X192.3860Y-208.0581
G1X192.4147Y-208.0557
G1X192.4224Y-208.0881
G1X192.4116Y-208.1498
G1X192.3846Y-208.2353
G1X192.3440Y-208.3390
G1X192.2922Y-208.4555
G1X192.2316Y-208.5791
G1X192.1648Y-208.7044
G1X192.0942Y-208.8259
G1X192.0221Y-208.9380
G1X191.9512Y-209.0352
G1X191.8839Y-209.1120
G1X188.0598Y-212.9361
G1X187.9924Y-213.0130
G1X187.9215Y-213.1102
G1X187.8495Y-213.2223
G1X187.7789Y-213.3438
G1X187.7121Y-213.4691
G1X187.6515Y-213.5927
G1X187.5997Y-213.7092
G1X187.5591Y-213.8129
G1X187.5321Y-213.8984
G1X187.5212Y-213.9601
G1X187.5289Y-213.9925
G1X187.5577Y-213.9901
G1X187.6099Y-213.9473
G1X191.4340Y-210.1232
G1X191.4862Y-210.0805
G1X191.5149Y-210.0781
G1X191.5226Y-210.1105
G1X191.5117Y-210.1722
G1X191.4848Y-210.2577
G1X191.4441Y-210.3614
G1X191.3923Y-210.4778
G1X191.3318Y-210.6015
G1X191.2650Y-210.7268
G1X191.1943Y-210.8483
G1X191.1223Y-210.9604
G1X191.0514Y-211.0576
G1X190.9841Y-211.1344
G1X187.1599Y-214.9585
G1X187.0926Y-215.0353
G1X187.0217Y-215.1326
G1X186.9497Y-215.2447
G1X186.8790Y-215.3661
G1X186.8122Y-215.4915
G1X186.7517Y-215.6151
G1X186.6999Y-215.7316
G1X186.6592Y-215.8353
G1X186.6323Y-215.9208
G1X186.6214Y-215.9825
G1X186.6291Y-216.0149
G1X186.6578Y-216.0125
G1X186.7100Y-215.9697
G1X190.5341Y-212.1456
G1X190.5863Y-212.1029
G1X190.6151Y-212.1004
G1X190.6228Y-212.1328
G1X190.6119Y-212.1945
G1X190.5849Y-212.2800
G1X190.5443Y-212.3837
G1X190.4925Y-212.5002
G1X190.4319Y-212.6238
G1X190.3651Y-212.7492
G1X190.2945Y-212.8706
G1X190.2225Y-212.9828
G1X190.1516Y-213.0800
G1X190.0842Y-213.1568
G1X186.2601Y-216.9809
G1X186.1927Y-217.0577
G1X186.1218Y-217.1549
G1X186.0498Y-217.2670
G1X185.9792Y-217.3885
G1X185.9124Y-217.5138
G1X185.8518Y-217.6375
G1X185.8000Y-217.7539
G1X185.7594Y-217.8577
G1X185.7324Y-217.9431
G1X185.7216Y-218.0048
G1X185.7293Y-218.0372
G1X185.7580Y-218.0348
G1X185.8102Y-217.9921
G1X189.6343Y-214.1680
G1X189.6865Y-214.1252
G1X189.7152Y-214.1228
G1X189.7229Y-214.1552
G1X189.7120Y-214.2169
G1X189.6851Y-214.3024
G1X189.6445Y-214.4061
G1X189.5927Y-214.5226
G1X189.5321Y-214.6462
G1X189.4653Y-214.7715
G1X189.3946Y-214.8930
G1X189.3226Y-215.0051
G1X189.2517Y-215.1024
G1X189.1844Y-215.1792
G1X185.3665Y-218.9970
G1X185.2985Y-219.0891
G1X185.2963Y-219.1549
G1X185.3468Y-219.1944
G1X185.4366Y-219.2075
G1X185.5528Y-219.1944
G1X185.6822Y-219.1549
G1X185.8116Y-219.0891
G1X185.9278Y-218.9970
G1X188.7344Y-216.1904
G1X188.7866Y-216.1476
G1X188.8154Y-216.1452
G1X188.8231Y-216.1776
G1X188.8122Y-216.2393
G1X188.7852Y-216.3248
G1X188.7446Y-216.4285
G1X188.6928Y-216.5449
G1X188.6322Y-216.6686
G1X188.5654Y-216.7939
G1X188.4948Y-216.9154
G1X188.4228Y-217.0275
G1X188.3519Y-217.1247
G1X188.2845Y-217.2015
G1X186.4890Y-218.9970
G1X186.4210Y-219.0891
G1X186.4188Y-219.1549
G1X186.4693Y-219.1944
G1X186.5592Y-219.2075
G1X186.6754Y-219.1944
G1X186.8047Y-219.1549
G1X186.9341Y-219.0891
G1X187.0503Y-218.9970
G1X187.9480Y-218.0993
G1X187.9696Y-218.0908
G1X187.9666Y-218.1297
G1X187.9429Y-218.2069
G1X187.9026Y-218.3134
G1X187.8499Y-218.4399
G1X187.7887Y-218.5774
G1X187.7231Y-218.7168
G1X187.6573Y-218.8489
G1X187.5951Y-218.9646
G1X187.5407Y-219.0549
G1X187.4981Y-219.1105
G1X187.4011Y-219.2075
G1 Z0F20000
(Start Block)

G1X184.8338Y-182.2981
G1Z6F20000
(Plotting speed under)
G1 F8000

G1X181.4295Y-191.0294
G1X177.3146Y-200.8190
G1X174.6688Y-200.8190
G1X178.7837Y-191.0294
G1X182.1879Y-182.2981
G1X184.8338Y-182.2981
G1 Z0F20000
(Start Block)

G1X182.2266Y-182.5632
G1Z6F20000
(Plotting speed under)
G1 F8000

G1X182.2930Y-182.4968
G1X182.3714Y-182.4599
G1X182.4975Y-182.4378
G1X182.6400Y-182.4304
G1X182.7678Y-182.4378
G1X182.8495Y-182.4599
G1X182.8542Y-182.4968
G1X182.0784Y-183.2727
G1X182.0070Y-183.3551
G1X181.9349Y-183.4578
G1X181.8645Y-183.5743
G1X181.7983Y-183.6983
G1X181.7388Y-183.8234
G1X181.6885Y-183.9431
G1X181.6500Y-184.0512
G1X181.6256Y-184.1412
G1X181.6179Y-184.2067
G1X181.6293Y-184.2414
G1X181.6624Y-184.2388
G1X181.7197Y-184.1926
G1X183.2714Y-182.6409
G1X183.3876Y-182.5488
G1X183.5170Y-182.4830
G1X183.6463Y-182.4436
G1X183.7625Y-182.4304
G1X183.8524Y-182.4436
G1X183.9028Y-182.4830
G1X183.9007Y-182.5488
G1X183.8327Y-182.6409
G1X181.3610Y-185.1126
G1X181.2896Y-185.1950
G1X181.2175Y-185.2977
G1X181.1471Y-185.4142
G1X181.0809Y-185.5382
G1X181.0214Y-185.6633
G1X180.9712Y-185.7830
G1X180.9326Y-185.8911
G1X180.9082Y-185.9811
G1X180.9005Y-186.0467
G1X180.9119Y-186.0813
G1X180.9450Y-186.0788
G1X181.0023Y-186.0325
G1X184.3940Y-182.6409
G1X184.4565Y-182.5914
G1X184.4931Y-182.5907
G1X184.5062Y-182.6312
G1X184.4986Y-182.7049
G1X184.4731Y-182.8042
G1X184.4323Y-182.9214
G1X184.3789Y-183.0485
G1X184.3157Y-183.1780
G1X184.2453Y-183.3019
G1X184.1705Y-183.4126
G1X184.0939Y-183.5022
G1X180.6436Y-186.9525
G1X180.5722Y-187.0349
G1X180.5001Y-187.1376
G1X180.4297Y-187.2541
G1X180.3635Y-187.3781
G1X180.3041Y-187.5032
G1X180.2538Y-187.6229
G1X180.2152Y-187.7310
G1X180.1908Y-187.8210
G1X180.1831Y-187.8866
G1X180.1946Y-187.9212
G1X180.2277Y-187.9187
G1X180.2849Y-187.8724
G1X183.7352Y-184.4222
G1X183.7925Y-184.3759
G1X183.8256Y-184.3734
G1X183.8370Y-184.4080
G1X183.8293Y-184.4736
G1X183.8049Y-184.5636
G1X183.7663Y-184.6717
G1X183.7161Y-184.7914
G1X183.6566Y-184.9165
G1X183.5904Y-185.0405
G1X183.5200Y-185.1571
G1X183.4479Y-185.2597
G1X183.3765Y-185.3421
G1X179.9262Y-188.7924
G1X179.8549Y-188.8748
G1X179.7828Y-188.9775
G1X179.7123Y-189.0940
G1X179.6461Y-189.2180
G1X179.5867Y-189.3431
G1X179.5364Y-189.4629
G1X179.4978Y-189.5709
G1X179.4735Y-189.6609
G1X179.4657Y-189.7265
G1X179.4772Y-189.7611
G1X179.5103Y-189.7586
G1X179.5675Y-189.7124
G1X183.0178Y-186.2621
G1X183.0751Y-186.2159
G1X183.1082Y-186.2133
G1X183.1197Y-186.2480
G1X183.1119Y-186.3135
G1X183.0875Y-186.4035
G1X183.0490Y-186.5116
G1X182.9987Y-186.6313
G1X182.9392Y-186.7564
G1X182.8731Y-186.8804
G1X182.8027Y-186.9969
G1X182.7305Y-187.0996
G1X182.6591Y-187.1820
G1X179.1045Y-190.7367
G1X179.0282Y-190.8261
G1X178.9540Y-190.9361
G1X178.8845Y-191.0591
G1X178.8225Y-191.1874
G1X178.7704Y-191.3132
G1X178.7309Y-191.4291
G1X178.7067Y-191.5271
G1X178.7003Y-191.5997
G1X178.7143Y-191.6392
G1X178.7515Y-191.6379
G1X178.8143Y-191.5881
G1X182.3005Y-188.1020
G1X182.3577Y-188.0558
G1X182.3908Y-188.0532
G1X182.4023Y-188.0879
G1X182.3946Y-188.1534
G1X182.3702Y-188.2434
G1X182.3316Y-188.3515
G1X182.2813Y-188.4713
G1X182.2219Y-188.5963
G1X182.1557Y-188.7203
G1X182.0853Y-188.8369
G1X182.0131Y-188.9395
G1X181.9418Y-189.0219
G1X178.4073Y-192.5564
G1X178.3350Y-192.6398
G1X178.2602Y-192.7451
G1X178.1858Y-192.8656
G1X178.1147Y-192.9945
G1X178.0496Y-193.1253
G1X177.9933Y-193.2510
G1X177.9488Y-193.3651
G1X177.9187Y-193.4607
G1X177.9060Y-193.5313
G1X177.9135Y-193.5699
G1X177.9440Y-193.5699
G1X178.0003Y-193.5247
G1X181.5831Y-189.9419
G1X181.6403Y-189.8957
G1X181.6734Y-189.8931
G1X181.6849Y-189.9278
G1X181.6772Y-189.9933
G1X181.6528Y-190.0833
G1X181.6142Y-190.1914
G1X181.5640Y-190.3112
G1X181.5045Y-190.4362
G1X181.4383Y-190.5602
G1X181.3679Y-190.6768
G1X181.2958Y-190.7794
G1X181.2244Y-190.8618
G1X177.5933Y-194.4929
G1X177.5210Y-194.5763
G1X177.4462Y-194.6816
G1X177.3719Y-194.8021
G1X177.3007Y-194.9311
G1X177.2356Y-195.0618
G1X177.1793Y-195.1875
G1X177.1348Y-195.3016
G1X177.1047Y-195.3973
G1X177.0921Y-195.4678
G1X177.0995Y-195.5064
G1X177.1300Y-195.5064
G1X177.1863Y-195.4612
G1X180.8347Y-191.8129
G1X180.8910Y-191.7676
G1X180.9214Y-191.7676
G1X180.9289Y-191.8063
G1X180.9162Y-191.8768
G1X180.8862Y-191.9725
G1X180.8416Y-192.0865
G1X180.7854Y-192.2123
G1X180.7203Y-192.3430
G1X180.6491Y-192.4720
G1X180.5747Y-192.5925
G1X180.5000Y-192.6978
G1X180.4277Y-192.7811
G1X176.7793Y-196.4294
G1X176.7070Y-196.5128
G1X176.6323Y-196.6181
G1X176.5579Y-196.7386
G1X176.4867Y-196.8676
G1X176.4216Y-196.9983
G1X176.3654Y-197.1241
G1X176.3208Y-197.2381
G1X176.2908Y-197.3338
G1X176.2781Y-197.4043
G1X176.2856Y-197.4429
G1X176.3160Y-197.4430
G1X176.3724Y-197.3977
G1X180.0207Y-193.7494
G1X180.0770Y-193.7041
G1X180.1074Y-193.7042
G1X180.1149Y-193.7428
G1X180.1022Y-193.8133
G1X180.0722Y-193.9089
G1X180.0277Y-194.0230
G1X179.9714Y-194.1488
G1X179.9063Y-194.2795
G1X179.8351Y-194.4085
G1X179.7608Y-194.5290
G1X179.6860Y-194.6343
G1X179.6137Y-194.7176
G1X175.9653Y-198.3660
G1X175.8930Y-198.4493
G1X175.8183Y-198.5546
G1X175.7439Y-198.6751
G1X175.6727Y-198.8041
G1X175.6076Y-198.9348
G1X175.5514Y-199.0606
G1X175.5068Y-199.1746
G1X175.4768Y-199.2703
G1X175.4641Y-199.3408
G1X175.4716Y-199.3794
G1X175.5021Y-199.3795
G1X175.5584Y-199.3342
G1X179.2067Y-195.6859
G1X179.2630Y-195.6406
G1X179.2935Y-195.6407
G1X179.3010Y-195.6793
G1X179.2883Y-195.7498
G1X179.2582Y-195.8455
G1X179.2137Y-195.9595
G1X179.1574Y-196.0853
G1X179.0923Y-196.2160
G1X179.0211Y-196.3450
G1X178.9468Y-196.4655
G1X178.8720Y-196.5708
G1X178.7997Y-196.6541
G1X175.1514Y-200.3025
G1X175.0759Y-200.4020
G1X175.0541Y-200.4875
G1X175.0767Y-200.5548
G1X175.1347Y-200.5998
G1X175.2190Y-200.6185
G1X175.3205Y-200.6069
G1X175.4302Y-200.5608
G1X175.5389Y-200.4762
G1X178.3927Y-197.6224
G1X178.4490Y-197.5771
G1X178.4795Y-197.5772
G1X178.4870Y-197.6158
G1X178.4743Y-197.6863
G1X178.4443Y-197.7820
G1X178.3997Y-197.8960
G1X178.3434Y-198.0218
G1X178.2783Y-198.1525
G1X178.2072Y-198.2815
G1X178.1328Y-198.4020
G1X178.0580Y-198.5073
G1X177.9857Y-198.5906
G1X176.1002Y-200.4762
G1X176.0322Y-200.5683
G1X176.0300Y-200.6340
G1X176.0804Y-200.6735
G1X176.1703Y-200.6867
G1X176.2865Y-200.6735
G1X176.4159Y-200.6340
G1X176.5452Y-200.5683
G1X176.6614Y-200.4762
G1X177.6042Y-199.5334
G1X177.6527Y-199.4959
G1X177.6769Y-199.5024
G1X177.6794Y-199.5460
G1X177.6631Y-199.6200
G1X177.6310Y-199.7178
G1X177.5857Y-199.8325
G1X177.5302Y-199.9576
G1X177.4672Y-200.0862
G1X177.3996Y-200.2116
G1X177.3301Y-200.3272
G1X177.2618Y-200.4261
G1X177.1972Y-200.5017
G1X177.0122Y-200.6867
G1 Z0F20000
(Start Block)

G1X172.3558Y-163.7773
G1Z6F20000
(Plotting speed under)
G1 F8000

G1X171.0597Y-168.2752
G1X169.6476Y-172.7731
G1X168.0352Y-177.5356
G1X166.3129Y-182.2981
G1X163.6671Y-182.2981
G1X165.3894Y-177.5356
G1X167.0017Y-172.7731
G1X168.4139Y-168.2752
G1X169.7099Y-163.7773
G1X172.3558Y-163.7773
G1 Z0F20000
(Start Block)

G1X169.7444Y-164.1355
G1Z6F20000
(Plotting speed under)
G1 F8000

G1X169.8573Y-164.0225
G1X169.9617Y-163.9598
G1X170.1033Y-163.9221
G1X170.2509Y-163.9095
G1X170.3735Y-163.9221
G1X170.4398Y-163.9598
G1X170.4186Y-164.0225
G1X169.7277Y-164.7135
G1X169.6455Y-164.8113
G1X169.5693Y-164.9301
G1X169.5018Y-165.0605
G1X169.4456Y-165.1930
G1X169.4036Y-165.3181
G1X169.3784Y-165.4264
G1X169.3727Y-165.5084
G1X169.3894Y-165.5546
G1X169.4311Y-165.5556
G1X169.5005Y-165.5019
G1X170.8823Y-164.1200
G1X170.9986Y-164.0279
G1X171.1279Y-163.9622
G1X171.2573Y-163.9227
G1X171.3734Y-163.9095
G1X171.4633Y-163.9227
G1X171.5138Y-163.9622
G1X171.5116Y-164.0279
G1X171.4436Y-164.1200
G1X169.2733Y-166.2903
G1X169.1912Y-166.3882
G1X169.1150Y-166.5070
G1X169.0474Y-166.6375
G1X168.9913Y-166.7699
G1X168.9492Y-166.8950
G1X168.9240Y-167.0033
G1X168.9184Y-167.0853
G1X168.9350Y-167.1315
G1X168.9767Y-167.1325
G1X169.0461Y-167.0788
G1X172.0049Y-164.1200
G1X172.0680Y-164.0700
G1X172.1060Y-164.0678
G1X172.1213Y-164.1061
G1X172.1165Y-164.1771
G1X172.0940Y-164.2734
G1X172.0563Y-164.3874
G1X172.0060Y-164.5115
G1X171.9455Y-164.6382
G1X171.8773Y-164.7599
G1X171.8040Y-164.8691
G1X171.7280Y-164.9582
G1X168.8189Y-167.8673
G1X168.7362Y-167.9657
G1X168.6584Y-168.0861
G1X168.5886Y-168.2188
G1X168.5296Y-168.3542
G1X168.4845Y-168.4823
G1X168.4562Y-168.5937
G1X168.4477Y-168.6785
G1X168.4620Y-168.7271
G1X168.5021Y-168.7296
G1X168.5709Y-168.6765
G1X171.5008Y-165.7467
G1X171.5702Y-165.6930
G1X171.6119Y-165.6939
G1X171.6285Y-165.7402
G1X171.6229Y-165.8221
G1X171.5977Y-165.9304
G1X171.5556Y-166.0555
G1X171.4995Y-166.1880
G1X171.4319Y-166.3184
G1X171.3557Y-166.4373
G1X171.2736Y-166.5351
G1X168.3141Y-169.4946
G1X168.2311Y-169.5933
G1X168.1527Y-169.7144
G1X168.0818Y-169.8481
G1X168.0216Y-169.9846
G1X167.9752Y-170.1142
G1X167.9456Y-170.2268
G1X167.9359Y-170.3128
G1X167.9492Y-170.3624
G1X167.9887Y-170.3656
G1X168.0572Y-170.3127
G1X171.0464Y-167.3236
G1X171.1158Y-167.2699
G1X171.1575Y-167.2709
G1X171.1741Y-167.3171
G1X171.1685Y-167.3990
G1X171.1433Y-167.5073
G1X171.1012Y-167.6324
G1X171.0451Y-167.7649
G1X170.9775Y-167.8953
G1X170.9013Y-168.0142
G1X170.8192Y-168.1120
G1X167.8004Y-171.1308
G1X167.7174Y-171.2295
G1X167.6390Y-171.3506
G1X167.5681Y-171.4844
G1X167.5079Y-171.6209
G1X167.4615Y-171.7504
G1X167.4319Y-171.8631
G1X167.4222Y-171.9490
G1X167.4355Y-171.9986
G1X167.4750Y-172.0018
G1X167.5435Y-171.9490
G1X170.5750Y-168.9175
G1X170.6436Y-168.8646
G1X170.6830Y-168.8679
G1X170.6963Y-168.9174
G1X170.6866Y-169.0034
G1X170.6571Y-169.1161
G1X170.6106Y-169.2456
G1X170.5504Y-169.3821
G1X170.4796Y-169.5158
G1X170.4011Y-169.6370
G1X170.3182Y-169.7356
G1X167.2806Y-172.7732
G1X167.2043Y-172.8625
G1X167.1303Y-172.9723
G1X167.0612Y-173.0951
G1X166.9995Y-173.2230
G1X166.9478Y-173.3485
G1X166.9087Y-173.4639
G1X166.8848Y-173.5615
G1X166.8788Y-173.6338
G1X166.8931Y-173.6730
G1X166.9305Y-173.6715
G1X166.9933Y-173.6217
G1X170.0613Y-170.5537
G1X170.1299Y-170.5009
G1X170.1693Y-170.5041
G1X170.1826Y-170.5537
G1X170.1729Y-170.6396
G1X170.1433Y-170.7523
G1X170.0969Y-170.8818
G1X170.0367Y-171.0183
G1X169.9659Y-171.1521
G1X169.8874Y-171.2732
G1X169.8044Y-171.3719
G1X166.7061Y-174.4702
G1X166.6298Y-174.5596
G1X166.5558Y-174.6694
G1X166.4866Y-174.7922
G1X166.4249Y-174.9201
G1X166.3732Y-175.0455
G1X166.3342Y-175.1610
G1X166.3103Y-175.2586
G1X166.3042Y-175.3308
G1X166.3186Y-175.3701
G1X166.3559Y-175.3686
G1X166.4188Y-175.3188
G1X169.5476Y-172.1900
G1X169.6162Y-172.1371
G1X169.6556Y-172.1404
G1X169.6689Y-172.1899
G1X169.6592Y-172.2759
G1X169.6297Y-172.3885
G1X169.5832Y-172.5181
G1X169.5230Y-172.6546
G1X169.4522Y-172.7883
G1X169.3737Y-172.9094
G1X169.2907Y-173.0081
G1X166.1315Y-176.1673
G1X166.0552Y-176.2567
G1X165.9812Y-176.3665
G1X165.9121Y-176.4892
G1X165.8504Y-176.6171
G1X165.7987Y-176.7426
G1X165.7596Y-176.8580
G1X165.7358Y-176.9557
G1X165.7297Y-177.0279
G1X165.7440Y-177.0671
G1X165.7814Y-177.0657
G1X165.8442Y-177.0159
G1X169.0010Y-173.8591
G1X169.0639Y-173.8093
G1X169.1013Y-173.8078
G1X169.1156Y-173.8470
G1X169.1095Y-173.9193
G1X169.0857Y-174.0169
G1X169.0466Y-174.1323
G1X168.9949Y-174.2578
G1X168.9332Y-174.3857
G1X168.8641Y-174.5084
G1X168.7900Y-174.6183
G1X168.7138Y-174.7076
G1X165.5390Y-177.8823
G1X165.4621Y-177.9724
G1X165.3861Y-178.0842
G1X165.3140Y-178.2098
G1X165.2487Y-178.3414
G1X165.1930Y-178.4709
G1X165.1497Y-178.5905
G1X165.1218Y-178.6921
G1X165.1122Y-178.7680
G1X165.1236Y-178.8102
G1X165.1589Y-178.8106
G1X165.2211Y-178.7616
G1X168.4265Y-175.5561
G1X168.4894Y-175.5063
G1X168.5267Y-175.5049
G1X168.5410Y-175.5441
G1X168.5350Y-175.6163
G1X168.5111Y-175.7140
G1X168.4720Y-175.8294
G1X168.4204Y-175.9549
G1X168.3586Y-176.0828
G1X168.2895Y-176.2055
G1X168.2155Y-176.3153
G1X168.1392Y-176.4047
G1X164.9031Y-179.6408
G1X164.8261Y-179.7308
G1X164.7502Y-179.8427
G1X164.6781Y-179.9683
G1X164.6127Y-180.0998
G1X164.5570Y-180.2294
G1X164.5138Y-180.3489
G1X164.4859Y-180.4506
G1X164.4762Y-180.5265
G1X164.4876Y-180.5686
G1X164.5230Y-180.5691
G1X164.5852Y-180.5200
G1X167.8519Y-177.2532
G1X167.9145Y-177.2038
G1X167.9509Y-177.2032
G1X167.9639Y-177.2438
G1X167.9561Y-177.3178
G1X167.9303Y-177.4173
G1X167.8893Y-177.5347
G1X167.8357Y-177.6620
G1X167.7723Y-177.7917
G1X167.7018Y-177.9157
G1X167.6268Y-178.0265
G1X167.5502Y-178.1162
G1X164.2672Y-181.3993
G1X164.1753Y-181.5152
G1X164.1102Y-181.6440
G1X164.0715Y-181.7725
G1X164.0593Y-181.8878
G1X164.0734Y-181.9767
G1X164.1137Y-182.0263
G1X164.1801Y-182.0235
G1X164.2724Y-181.9554
G1X167.2323Y-178.9954
G1X167.2944Y-178.9464
G1X167.3298Y-178.9468
G1X167.3412Y-178.9890
G1X167.3315Y-179.0649
G1X167.3036Y-179.1665
G1X167.2604Y-179.2861
G1X167.2047Y-179.4156
G1X167.1393Y-179.5472
G1X167.0672Y-179.6728
G1X166.9913Y-179.7846
G1X166.9143Y-179.8747
G1X164.8336Y-181.9554
G1X164.7657Y-182.0474
G1X164.7635Y-182.1132
G1X164.8139Y-182.1527
G1X164.9038Y-182.1658
G1X165.0200Y-182.1527
G1X165.1493Y-182.1132
G1X165.2787Y-182.0474
G1X165.3949Y-181.9554
G1X166.5963Y-180.7539
G1X166.6585Y-180.7048
G1X166.6939Y-180.7053
G1X166.7053Y-180.7474
G1X166.6956Y-180.8233
G1X166.6677Y-180.9250
G1X166.6245Y-181.0446
G1X166.5687Y-181.1741
G1X166.5034Y-181.3056
G1X166.4313Y-181.4313
G1X166.3554Y-181.5431
G1X166.2784Y-181.6331
G1X165.7457Y-182.1658
G1 Z0F20000
(Start Block)

G1X157.7947Y-145.2564
G1Z6F20000
(Plotting speed under)
G1 F8000

G1X157.0499Y-149.7543
G1X156.1621Y-154.2522
G1X155.0720Y-159.0147
G1X153.8349Y-163.7773
G1X151.1891Y-163.7773
G1X152.4262Y-159.0147
G1X153.5163Y-154.2522
G1X154.4041Y-149.7543
G1X155.1489Y-145.2564
G1X157.7947Y-145.2564
G1 Z0F20000
(Start Block)

G1X155.2477Y-145.4694
G1Z6F20000
(Plotting speed under)
G1 F8000

G1X155.2881Y-145.4290
G1X155.3723Y-145.4032
G1X155.5244Y-145.3903
G1X155.6905Y-145.3903
G1X155.8168Y-145.4032
G1X155.8494Y-145.4290
G1X155.3468Y-145.9316
G1X155.2598Y-146.0378
G1X155.1872Y-146.1620
G1X155.1308Y-146.2931
G1X155.0925Y-146.4200
G1X155.0740Y-146.5316
G1X155.0772Y-146.6169
G1X155.1040Y-146.6649
G1X155.1561Y-146.6643
G1X155.2354Y-146.6042
G1X156.2405Y-145.5992
G1X156.3567Y-145.5071
G1X156.4860Y-145.4413
G1X156.6154Y-145.4018
G1X156.7316Y-145.3887
G1X156.8215Y-145.4018
G1X156.8719Y-145.4413
G1X156.8697Y-145.5071
G1X156.8018Y-145.5992
G1X155.1240Y-147.2769
G1X155.0371Y-147.3831
G1X154.9645Y-147.5073
G1X154.9081Y-147.6384
G1X154.8697Y-147.7653
G1X154.8512Y-147.8769
G1X154.8544Y-147.9623
G1X154.8812Y-148.0102
G1X154.9333Y-148.0096
G1X155.0127Y-147.9496
G1X157.3630Y-145.5992
G1X157.4450Y-145.5364
G1X157.5043Y-145.5287
G1X157.5415Y-145.5662
G1X157.5571Y-145.6392
G1X157.5515Y-145.7379
G1X157.5255Y-145.8524
G1X157.4795Y-145.9731
G1X157.4141Y-146.0901
G1X157.3298Y-146.1936
G1X154.9013Y-148.6222
G1X154.8143Y-148.7284
G1X154.7417Y-148.8526
G1X154.6853Y-148.9837
G1X154.6470Y-149.1106
G1X154.6285Y-149.2222
G1X154.6317Y-149.3075
G1X154.6584Y-149.3555
G1X154.7106Y-149.3549
G1X154.7899Y-149.2949
G1X157.2184Y-146.8663
G1X157.2978Y-146.8062
G1X157.3499Y-146.8057
G1X157.3767Y-146.8536
G1X157.3799Y-146.9389
G1X157.3614Y-147.0506
G1X157.3230Y-147.1775
G1X157.2666Y-147.3085
G1X157.1940Y-147.4327
G1X157.1070Y-147.5389
G1X154.6627Y-149.9833
G1X154.5748Y-150.0905
G1X154.4997Y-150.2171
G1X154.4398Y-150.3517
G1X154.3972Y-150.4828
G1X154.3743Y-150.5989
G1X154.3733Y-150.6884
G1X154.3965Y-150.7399
G1X154.4462Y-150.7418
G1X154.5246Y-150.6826
G1X156.9957Y-148.2116
G1X157.0750Y-148.1515
G1X157.1271Y-148.1510
G1X157.1539Y-148.1989
G1X157.1571Y-148.2842
G1X157.1386Y-148.3959
G1X157.1002Y-148.5228
G1X157.0439Y-148.6538
G1X156.9713Y-148.7780
G1X156.8843Y-148.8842
G1X154.3866Y-151.3819
G1X154.2987Y-151.4891
G1X154.2237Y-151.6157
G1X154.1637Y-151.7503
G1X154.1212Y-151.8814
G1X154.0983Y-151.9975
G1X154.0973Y-152.0870
G1X154.1205Y-152.1385
G1X154.1701Y-152.1404
G1X154.2486Y-152.0812
G1X156.7729Y-149.5569
G1X156.8519Y-149.4972
G1X156.9029Y-149.4977
G1X156.9282Y-149.5472
G1X156.9296Y-149.6343
G1X156.9092Y-149.7478
G1X156.8690Y-149.8765
G1X156.8111Y-150.0091
G1X156.7375Y-150.1343
G1X156.6501Y-150.2410
G1X154.1105Y-152.7805
G1X154.0226Y-152.8877
G1X153.9476Y-153.0143
G1X153.8876Y-153.1489
G1X153.8451Y-153.2800
G1X153.8222Y-153.3961
G1X153.8212Y-153.4856
G1X153.8444Y-153.5371
G1X153.8941Y-153.5390
G1X153.9725Y-153.4798
G1X156.5121Y-150.9403
G1X156.5905Y-150.8811
G1X156.6402Y-150.8830
G1X156.6634Y-150.9345
G1X156.6624Y-151.0240
G1X156.6395Y-151.1401
G1X156.5969Y-151.2712
G1X156.5370Y-151.4058
G1X156.4619Y-151.5324
G1X156.3740Y-151.6396
G1X153.8300Y-154.1836
G1X153.7495Y-154.2798
G1X153.6779Y-154.3940
G1X153.6172Y-154.5176
G1X153.5693Y-154.6419
G1X153.5362Y-154.7580
G1X153.5200Y-154.8573
G1X153.5226Y-154.9311
G1X153.5460Y-154.9705
G1X153.5923Y-154.9669
G1X153.6634Y-154.9115
G1X156.2360Y-152.3389
G1X156.3144Y-152.2797
G1X156.3641Y-152.2816
G1X156.3873Y-152.3331
G1X156.3863Y-152.4226
G1X156.3634Y-152.5387
G1X156.3208Y-152.6698
G1X156.2609Y-152.8044
G1X156.1858Y-152.9310
G1X156.0980Y-153.0382
G1X153.4968Y-155.6394
G1X153.4163Y-155.7355
G1X153.3448Y-155.8497
G1X153.2840Y-155.9734
G1X153.2361Y-156.0976
G1X153.2030Y-156.2138
G1X153.1868Y-156.3131
G1X153.1894Y-156.3868
G1X153.2128Y-156.4262
G1X153.2591Y-156.4226
G1X153.3302Y-156.3672
G1X155.9599Y-153.7375
G1X156.0383Y-153.6783
G1X156.0880Y-153.6802
G1X156.1112Y-153.7317
G1X156.1103Y-153.8212
G1X156.0873Y-153.9373
G1X156.0448Y-154.0684
G1X155.9848Y-154.2030
G1X155.9098Y-154.3296
G1X155.8219Y-154.4368
G1X153.1636Y-157.0951
G1X153.0832Y-157.1912
G1X153.0116Y-157.3055
G1X152.9508Y-157.4291
G1X152.9029Y-157.5533
G1X152.8698Y-157.6695
G1X152.8536Y-157.7688
G1X152.8562Y-157.8425
G1X152.8796Y-157.8819
G1X152.9259Y-157.8783
G1X152.9970Y-157.8229
G1X155.6552Y-155.1647
G1X155.7263Y-155.1093
G1X155.7726Y-155.1057
G1X155.7960Y-155.1451
G1X155.7987Y-155.2188
G1X155.7824Y-155.3181
G1X155.7493Y-155.4343
G1X155.7014Y-155.5585
G1X155.6407Y-155.6822
G1X155.5691Y-155.7964
G1X155.4886Y-155.8926
G1X152.8304Y-158.5508
G1X152.7495Y-158.6475
G1X152.6765Y-158.7631
G1X152.6136Y-158.8888
G1X152.5632Y-159.0156
G1X152.5274Y-159.1344
G1X152.5084Y-159.2365
G1X152.5085Y-159.3127
G1X152.5299Y-159.3542
G1X152.5747Y-159.3520
G1X152.6453Y-159.2971
G1X155.3220Y-156.6204
G1X155.3932Y-156.5650
G1X155.4394Y-156.5614
G1X155.4628Y-156.6008
G1X155.4655Y-156.6746
G1X155.4492Y-156.7739
G1X155.4161Y-156.8900
G1X155.3682Y-157.0143
G1X155.3075Y-157.1379
G1X155.2359Y-157.2521
G1X155.1555Y-157.3483
G1X152.4484Y-160.0554
G1X152.3671Y-160.1524
G1X152.2932Y-160.2689
G1X152.2290Y-160.3960
G1X152.1770Y-160.5243
G1X152.1394Y-160.6450
G1X152.1187Y-160.7487
G1X152.1171Y-160.8266
G1X152.1372Y-160.8695
G1X152.1811Y-160.8681
G1X152.2514Y-160.8136
G1X154.9888Y-158.0761
G1X155.0600Y-158.0208
G1X155.1062Y-158.0171
G1X155.1297Y-158.0566
G1X155.1323Y-158.1303
G1X155.1160Y-158.2296
G1X155.0830Y-158.3457
G1X155.0350Y-158.4700
G1X154.9743Y-158.5936
G1X154.9027Y-158.7079
G1X154.8223Y-158.8040
G1X152.0544Y-161.5718
G1X151.9732Y-161.6688
G1X151.8993Y-161.7854
G1X151.8351Y-161.9124
G1X151.7830Y-162.0408
G1X151.7455Y-162.1614
G1X151.7248Y-162.2652
G1X151.7232Y-162.3431
G1X151.7433Y-162.3859
G1X151.7872Y-162.3846
G1X151.8575Y-162.3301
G1X154.6416Y-159.5460
G1X154.7118Y-159.4914
G1X154.7558Y-159.4901
G1X154.7758Y-159.5330
G1X154.7743Y-159.6108
G1X154.7536Y-159.7146
G1X154.7160Y-159.8352
G1X154.6639Y-159.9636
G1X154.5998Y-160.0907
G1X154.5259Y-160.2072
G1X154.4446Y-160.3042
G1X151.6605Y-163.0883
G1X151.5693Y-163.2105
G1X151.5313Y-163.3287
G1X151.5390Y-163.4307
G1X151.5847Y-163.5044
G1X151.6611Y-163.5377
G1X151.7606Y-163.5184
G1X151.8756Y-163.4345
G1X154.2476Y-161.0624
G1X154.3179Y-161.0079
G1X154.3619Y-161.0066
G1X154.3819Y-161.0494
G1X154.3804Y-161.1273
G1X154.3596Y-161.2311
G1X154.3221Y-161.3517
G1X154.2700Y-161.4801
G1X154.2059Y-161.6071
G1X154.1320Y-161.7237
G1X154.0507Y-161.8207
G1X152.4368Y-163.4345
G1X152.3689Y-163.5266
G1X152.3667Y-163.5924
G1X152.4171Y-163.6318
G1X152.5070Y-163.6450
G1X152.6232Y-163.6318
G1X152.7526Y-163.5924
G1X152.8819Y-163.5266
G1X152.9981Y-163.4345
G1X153.8537Y-162.5789
G1X153.9240Y-162.5243
G1X153.9679Y-162.5230
G1X153.9880Y-162.5659
G1X153.9864Y-162.6437
G1X153.9657Y-162.7475
G1X153.9281Y-162.8682
G1X153.8761Y-162.9965
G1X153.8119Y-163.1236
G1X153.7380Y-163.2401
G1X153.6567Y-163.3371
G1X153.3489Y-163.6450
G1 Z0F20000
(Start Block)

G1X140.7532Y-126.7356
G1Z6F20000
(Plotting speed under)
G1 F8000

G1X140.6344Y-131.2335
G1X140.3390Y-135.9960
G1X139.9017Y-140.4939
G1X139.2739Y-145.2564
G1X136.6280Y-145.2564
G1X137.2559Y-140.4939
G1X137.6932Y-135.9960
G1X137.9885Y-131.2335
G1X138.1074Y-126.7356
G1X140.7532Y-126.7356
G1 Z0F20000
(Start Block)

G1X138.2336Y-126.9647
G1Z6F20000
(Plotting speed under)
G1 F8000

G1X138.2821Y-126.9163
G1X138.3714Y-126.8853
G1X138.5261Y-126.8698
G1X138.6923Y-126.8698
G1X138.8159Y-126.8853
G1X138.8433Y-126.9163
G1X138.4289Y-127.3307
G1X138.3361Y-127.4476
G1X138.2687Y-127.5786
G1X138.2267Y-127.7104
G1X138.2108Y-127.8294
G1X138.2212Y-127.9221
G1X138.2582Y-127.9750
G1X138.3222Y-127.9745
G1X138.4137Y-127.9072
G1X139.2426Y-127.0783
G1X139.3587Y-126.9862
G1X139.4881Y-126.9205
G1X139.6174Y-126.8810
G1X139.7337Y-126.8679
G1X139.8236Y-126.8810
G1X139.8740Y-126.9205
G1X139.8718Y-126.9862
G1X139.8038Y-127.0783
G1X138.3984Y-128.4837
G1X138.3057Y-128.6006
G1X138.2382Y-128.7316
G1X138.1963Y-128.8634
G1X138.1803Y-128.9824
G1X138.1907Y-129.0751
G1X138.2277Y-129.1280
G1X138.2918Y-129.1275
G1X138.3832Y-129.0602
G1X140.3651Y-127.0783
G1X140.4583Y-127.0092
G1X140.5273Y-127.0038
G1X140.5712Y-127.0498
G1X140.5894Y-127.1346
G1X140.5814Y-127.2457
G1X140.5463Y-127.3706
G1X140.4837Y-127.4969
G1X140.3928Y-127.6119
G1X138.3680Y-129.6367
G1X138.2752Y-129.7536
G1X138.2077Y-129.8846
G1X138.1658Y-130.0164
G1X138.1499Y-130.1354
G1X138.1602Y-130.2281
G1X138.1973Y-130.2810
G1X138.2613Y-130.2805
G1X138.3527Y-130.2132
G1X140.3776Y-128.1884
G1X140.4690Y-128.1211
G1X140.5330Y-128.1206
G1X140.5701Y-128.1735
G1X140.5804Y-128.2662
G1X140.5645Y-128.3851
G1X140.5226Y-128.5169
G1X140.4551Y-128.6480
G1X140.3623Y-128.7649
G1X138.3375Y-130.7897
G1X138.2534Y-130.8930
G1X138.1885Y-131.0096
G1X138.1432Y-131.1296
G1X138.1179Y-131.2433
G1X138.1133Y-131.3411
G1X138.1297Y-131.4133
G1X138.1675Y-131.4501
G1X138.2273Y-131.4419
G1X138.3095Y-131.3790
G1X140.3471Y-129.3414
G1X140.4385Y-129.2741
G1X140.5026Y-129.2736
G1X140.5396Y-129.3264
G1X140.5500Y-129.4191
G1X140.5340Y-129.5381
G1X140.4921Y-129.6699
G1X140.4246Y-129.8010
G1X140.3319Y-129.9179
G1X138.2724Y-131.9774
G1X138.1880Y-132.0810
G1X138.1222Y-132.1984
G1X138.0757Y-132.3196
G1X138.0490Y-132.4348
G1X138.0429Y-132.5341
G1X138.0578Y-132.6077
G1X138.0944Y-132.6458
G1X138.1534Y-132.6384
G1X138.2353Y-132.5757
G1X140.3166Y-130.4944
G1X140.4081Y-130.4270
G1X140.4721Y-130.4266
G1X140.5091Y-130.4794
G1X140.5195Y-130.5721
G1X140.5036Y-130.6911
G1X140.4617Y-130.8229
G1X140.3942Y-130.9540
G1X140.3014Y-131.0708
G1X138.1981Y-133.1741
G1X138.1137Y-133.2778
G1X138.0480Y-133.3952
G1X138.0014Y-133.5163
G1X137.9748Y-133.6315
G1X137.9686Y-133.7308
G1X137.9836Y-133.8044
G1X138.0202Y-133.8425
G1X138.0792Y-133.8351
G1X138.1610Y-133.7725
G1X140.2782Y-131.6553
G1X140.3601Y-131.5927
G1X140.4191Y-131.5853
G1X140.4557Y-131.6233
G1X140.4706Y-131.6970
G1X140.4645Y-131.7963
G1X140.4378Y-131.9115
G1X140.3913Y-132.0326
G1X140.3256Y-132.1500
G1X140.2411Y-132.2537
G1X138.1239Y-134.3709
G1X138.0395Y-134.4746
G1X137.9737Y-134.5919
G1X137.9272Y-134.7131
G1X137.9006Y-134.8283
G1X137.8944Y-134.9276
G1X137.9093Y-135.0012
G1X137.9460Y-135.0393
G1X138.0049Y-135.0319
G1X138.0868Y-134.9692
G1X140.2040Y-132.8520
G1X140.2859Y-132.7894
G1X140.3449Y-132.7820
G1X140.3815Y-132.8201
G1X140.3964Y-132.8937
G1X140.3903Y-132.9930
G1X140.3636Y-133.1082
G1X140.3171Y-133.2294
G1X140.2513Y-133.3467
G1X140.1669Y-133.4504
G1X138.0497Y-135.5676
G1X137.9648Y-135.6718
G1X137.8977Y-135.7905
G1X137.8493Y-135.9136
G1X137.8203Y-136.0310
G1X137.8118Y-136.1327
G1X137.8244Y-136.2086
G1X137.8592Y-136.2486
G1X137.9168Y-136.2426
G1X137.9982Y-136.1804
G1X140.1298Y-134.0488
G1X140.2117Y-133.9862
G1X140.2706Y-133.9788
G1X140.3073Y-134.0168
G1X140.3222Y-134.0905
G1X140.3161Y-134.1898
G1X140.2894Y-134.3050
G1X140.2429Y-134.4261
G1X140.1771Y-134.5435
G1X140.0927Y-134.6472
G1X137.9377Y-136.8021
G1X137.8525Y-136.9066
G1X137.7846Y-137.0261
G1X137.7350Y-137.1504
G1X137.7046Y-137.2693
G1X137.6946Y-137.3725
G1X137.7059Y-137.4498
G1X137.7394Y-137.4909
G1X137.7962Y-137.4857
G1X137.8773Y-137.4239
G1X140.0556Y-135.2455
G1X140.1375Y-135.1829
G1X140.1964Y-135.1755
G1X140.2331Y-135.2136
G1X140.2480Y-135.2872
G1X140.2418Y-135.3865
G1X140.2152Y-135.5017
G1X140.1687Y-135.6229
G1X140.1029Y-135.7402
G1X140.0185Y-135.8439
G1X137.8168Y-138.0456
G1X137.7316Y-138.1500
G1X137.6637Y-138.2696
G1X137.6141Y-138.3939
G1X137.5838Y-138.5127
G1X137.5737Y-138.6159
G1X137.5850Y-138.6932
G1X137.6185Y-138.7343
G1X137.6753Y-138.7291
G1X137.7564Y-138.6673
G1X139.9717Y-136.4519
G1X140.0528Y-136.3901
G1X140.1097Y-136.3848
G1X140.1432Y-136.4260
G1X140.1544Y-136.5033
G1X140.1444Y-136.6065
G1X140.1141Y-136.7253
G1X140.0645Y-136.8496
G1X139.9965Y-136.9692
G1X139.9113Y-137.0736
G1X137.6959Y-139.2890
G1X137.6107Y-139.3935
G1X137.5428Y-139.5130
G1X137.4932Y-139.6373
G1X137.4628Y-139.7561
G1X137.4528Y-139.8593
G1X137.4641Y-139.9366
G1X137.4976Y-139.9778
G1X137.5544Y-139.9725
G1X137.6355Y-139.9107
G1X139.8509Y-137.6953
G1X139.9319Y-137.6335
G1X139.9887Y-137.6283
G1X140.0223Y-137.6694
G1X140.0335Y-137.7467
G1X140.0235Y-137.8499
G1X139.9932Y-137.9688
G1X139.9435Y-138.0931
G1X139.8756Y-138.2126
G1X139.7904Y-138.3170
G1X137.5657Y-140.5418
G1X137.4796Y-140.6471
G1X137.4094Y-140.7689
G1X137.3565Y-140.8965
G1X137.3223Y-141.0192
G1X137.3081Y-141.1265
G1X137.3155Y-141.2077
G1X137.3457Y-141.2522
G1X137.4003Y-141.2492
G1X137.4805Y-141.1883
G1X139.7300Y-138.9388
G1X139.8110Y-138.8769
G1X139.8678Y-138.8717
G1X139.9014Y-138.9129
G1X139.9126Y-138.9901
G1X139.9026Y-139.0934
G1X139.8723Y-139.2122
G1X139.8227Y-139.3365
G1X139.7547Y-139.4560
G1X139.6695Y-139.5605
G1X137.3953Y-141.8347
G1X137.3092Y-141.9401
G1X137.2390Y-142.0618
G1X137.1861Y-142.1894
G1X137.1518Y-142.3122
G1X137.1377Y-142.4195
G1X137.1450Y-142.5007
G1X137.1753Y-142.5451
G1X137.2298Y-142.5422
G1X137.3100Y-142.4812
G1X139.6091Y-140.1822
G1X139.6908Y-140.1197
G1X139.7494Y-140.1126
G1X139.7856Y-140.1512
G1X139.8000Y-140.2253
G1X139.7932Y-140.3252
G1X139.7660Y-140.4410
G1X139.7191Y-140.5626
G1X139.6530Y-140.6803
G1X139.5684Y-140.7841
G1X137.2248Y-143.1277
G1X137.1387Y-143.2330
G1X137.0686Y-143.3548
G1X137.0156Y-143.4824
G1X136.9814Y-143.6052
G1X136.9672Y-143.7125
G1X136.9746Y-143.7937
G1X137.0048Y-143.8381
G1X137.0594Y-143.8352
G1X137.1396Y-143.7742
G1X139.4588Y-141.4550
G1X139.5390Y-141.3940
G1X139.5936Y-141.3911
G1X139.6238Y-141.4355
G1X139.6312Y-141.5167
G1X139.6170Y-141.6240
G1X139.5828Y-141.7468
G1X139.5299Y-141.8744
G1X139.4597Y-141.9961
G1X139.3736Y-142.1015
G1X137.0544Y-144.4207
G1X136.9652Y-144.5340
G1X136.9072Y-144.6556
G1X136.8787Y-144.7740
G1X136.8781Y-144.8776
G1X136.9037Y-144.9550
G1X136.9541Y-144.9945
G1X137.0277Y-144.9845
G1X137.1227Y-144.9136
G1X139.2884Y-142.7479
G1X139.3686Y-142.6870
G1X139.4231Y-142.6840
G1X139.4534Y-142.7285
G1X139.4607Y-142.8097
G1X139.4466Y-142.9170
G1X139.4123Y-143.0397
G1X139.3594Y-143.1673
G1X139.2892Y-143.2891
G1X139.2032Y-143.3944
G1X137.6839Y-144.9136
G1X137.6160Y-145.0057
G1X137.6138Y-145.0715
G1X137.6642Y-145.1110
G1X137.7541Y-145.1241
G1X137.8703Y-145.1110
G1X137.9997Y-145.0715
G1X138.1290Y-145.0057
G1X138.2452Y-144.9136
G1X139.1179Y-144.0409
G1X139.1982Y-143.9800
G1X139.2527Y-143.9770
G1X139.2829Y-144.0214
G1X139.2903Y-144.1026
G1X139.2761Y-144.2100
G1X139.2419Y-144.3327
G1X139.1890Y-144.4603
G1X139.1188Y-144.5821
G1X139.0327Y-144.6874
G1X138.5960Y-145.1241
G1 Z0F20000
(Start Block)

G1X158.1243Y-108.2147
G1Z6F20000
(Plotting speed under)
G1 F8000

G1X158.6693Y-112.9772
G1X159.0268Y-117.4751
G1X159.2365Y-122.2376
G1X159.2740Y-126.7356
G1X156.6282Y-126.7356
G1X156.5907Y-122.2376
G1X156.3809Y-117.4751
G1X156.0234Y-112.9772
G1X155.4785Y-108.2147
G1X158.1243Y-108.2147
G1 Z0F20000
(Start Block)

G1X155.9423Y-108.3470
G1Z6F20000
(Plotting speed under)
G1 F8000

G1X155.8007Y-108.4886
G1X155.7346Y-108.5858
G1X155.6966Y-108.7040
G1X155.6848Y-108.8255
G1X155.6970Y-108.9327
G1X155.7314Y-109.0079
G1X155.7859Y-109.0337
G1X155.8584Y-108.9922
G1X156.2931Y-108.5575
G1X156.4093Y-108.4654
G1X156.5387Y-108.3996
G1X156.6680Y-108.3601
G1X156.7842Y-108.3470
G1X156.8741Y-108.3601
G1X156.9245Y-108.3996
G1X156.9224Y-108.4654
G1X156.8544Y-108.5575
G1X155.9849Y-109.4270
G1X155.8953Y-109.5407
G1X155.8361Y-109.6635
G1X155.8058Y-109.7836
G1X155.8033Y-109.8892
G1X155.8270Y-109.9686
G1X155.8757Y-110.0098
G1X155.9480Y-110.0010
G1X156.0426Y-109.9306
G1X157.4157Y-108.5575
G1X157.5249Y-108.4724
G1X157.6358Y-108.4250
G1X157.7392Y-108.4116
G1X157.8255Y-108.4282
G1X157.8856Y-108.4712
G1X157.9100Y-108.5367
G1X157.8894Y-108.6209
G1X157.8144Y-108.7200
G1X156.1002Y-110.4342
G1X156.0106Y-110.5480
G1X155.9513Y-110.6708
G1X155.9211Y-110.7909
G1X155.9185Y-110.8965
G1X155.9422Y-110.9758
G1X155.9909Y-111.0170
G1X156.0632Y-111.0083
G1X156.1578Y-110.9379
G1X157.8721Y-109.2236
G1X157.9666Y-109.1532
G1X158.0389Y-109.1444
G1X158.0876Y-109.1856
G1X158.1114Y-109.2650
G1X158.1088Y-109.3706
G1X158.0785Y-109.4907
G1X158.0193Y-109.6135
G1X157.9297Y-109.7272
G1X156.2154Y-111.4415
G1X156.1258Y-111.5552
G1X156.0666Y-111.6781
G1X156.0363Y-111.7982
G1X156.0338Y-111.9038
G1X156.0575Y-111.9831
G1X156.1062Y-112.0243
G1X156.1785Y-112.0156
G1X156.2731Y-111.9451
G1X157.9873Y-110.2309
G1X158.0819Y-110.1604
G1X158.1542Y-110.1517
G1X158.2029Y-110.1929
G1X158.2266Y-110.2722
G1X158.2240Y-110.3778
G1X158.1938Y-110.4980
G1X158.1345Y-110.6208
G1X158.0449Y-110.7345
G1X156.3307Y-112.4488
G1X156.2408Y-112.5628
G1X156.1808Y-112.6863
G1X156.1495Y-112.8075
G1X156.1458Y-112.9143
G1X156.1684Y-112.9948
G1X156.2160Y-113.0370
G1X156.2876Y-113.0290
G1X156.3819Y-112.9588
G1X158.1026Y-111.2382
G1X158.1971Y-111.1677
G1X158.2694Y-111.1590
G1X158.3181Y-111.2002
G1X158.3419Y-111.2795
G1X158.3393Y-111.3851
G1X158.3091Y-111.5052
G1X158.2498Y-111.6281
G1X158.1602Y-111.7418
G1X156.4232Y-113.4788
G1X156.3329Y-113.5932
G1X156.2718Y-113.7179
G1X156.2390Y-113.8406
G1X156.2334Y-113.9492
G1X156.2541Y-114.0315
G1X156.3002Y-114.0754
G1X156.3707Y-114.0685
G1X156.4645Y-113.9987
G1X158.2178Y-112.2454
G1X158.3124Y-112.1750
G1X158.3847Y-112.1663
G1X158.4334Y-112.2075
G1X158.4571Y-112.2868
G1X158.4545Y-112.3924
G1X158.4243Y-112.5125
G1X158.3651Y-112.6354
G1X158.2754Y-112.7491
G1X156.5059Y-114.5187
G1X156.4156Y-114.6331
G1X156.3545Y-114.7578
G1X156.3216Y-114.8805
G1X156.3161Y-114.9891
G1X156.3368Y-115.0714
G1X156.3829Y-115.1152
G1X156.4533Y-115.1084
G1X156.5472Y-115.0386
G1X158.3331Y-113.2527
G1X158.4269Y-113.1830
G1X158.4971Y-113.1764
G1X158.5429Y-113.2205
G1X158.5634Y-113.3031
G1X158.5575Y-113.4120
G1X158.5244Y-113.5350
G1X158.4631Y-113.6598
G1X158.3727Y-113.7744
G1X156.5885Y-115.5586
G1X156.4982Y-115.6730
G1X156.4371Y-115.7977
G1X156.4043Y-115.9204
G1X156.3987Y-116.0290
G1X156.4194Y-116.1113
G1X156.4655Y-116.1551
G1X156.5360Y-116.1482
G1X156.6298Y-116.0785
G1X158.4140Y-114.2943
G1X158.5079Y-114.2245
G1X158.5783Y-114.2177
G1X158.6244Y-114.2615
G1X158.6452Y-114.3438
G1X158.6396Y-114.4524
G1X158.6068Y-114.5751
G1X158.5457Y-114.6998
G1X158.4554Y-114.8142
G1X156.6712Y-116.5984
G1X156.5808Y-116.7129
G1X156.5198Y-116.8375
G1X156.4869Y-116.9603
G1X156.4814Y-117.0689
G1X156.5021Y-117.1512
G1X156.5482Y-117.1950
G1X156.6186Y-117.1881
G1X156.7125Y-117.1184
G1X158.4967Y-115.3342
G1X158.5905Y-115.2644
G1X158.6610Y-115.2576
G1X158.7071Y-115.3014
G1X158.7278Y-115.3837
G1X158.7223Y-115.4923
G1X158.6894Y-115.6150
G1X158.6283Y-115.7397
G1X158.5380Y-115.8541
G1X156.7409Y-117.6513
G1X156.6498Y-117.7664
G1X156.5867Y-117.8931
G1X156.5510Y-118.0187
G1X156.5422Y-118.1305
G1X156.5597Y-118.2161
G1X156.6030Y-118.2627
G1X156.6714Y-118.2578
G1X156.7645Y-118.1889
G1X158.5794Y-116.3741
G1X158.6732Y-116.3043
G1X158.7437Y-116.2974
G1X158.7897Y-116.3412
G1X158.8105Y-116.4236
G1X158.8049Y-116.5322
G1X158.7721Y-116.6549
G1X158.7110Y-116.7796
G1X158.6207Y-116.8940
G1X156.7882Y-118.7264
G1X156.6972Y-118.8416
G1X156.6341Y-118.9683
G1X156.5984Y-119.0939
G1X156.5896Y-119.2057
G1X156.6071Y-119.2912
G1X156.6504Y-119.3379
G1X156.7188Y-119.3330
G1X156.8119Y-119.2640
G1X158.6620Y-117.4139
G1X158.7555Y-117.3445
G1X158.8250Y-117.3386
G1X158.8698Y-117.3837
G1X158.8890Y-117.4675
G1X158.8820Y-117.5776
G1X158.8478Y-117.7017
G1X158.7858Y-117.8273
G1X158.6952Y-117.9420
G1X156.8356Y-119.8016
G1X156.7445Y-119.9168
G1X156.6814Y-120.0435
G1X156.6457Y-120.1690
G1X156.6369Y-120.2809
G1X156.6545Y-120.3664
G1X156.6977Y-120.4131
G1X156.7662Y-120.4082
G1X156.8593Y-120.3392
G1X158.7188Y-118.4796
G1X158.8119Y-118.4106
G1X158.8804Y-118.4058
G1X158.9237Y-118.4524
G1X158.9412Y-118.5379
G1X158.9324Y-118.6498
G1X158.8967Y-118.7753
G1X158.8336Y-118.9020
G1X158.7425Y-119.0172
G1X156.8829Y-120.8768
G1X156.7919Y-120.9920
G1X156.7288Y-121.1186
G1X156.6931Y-121.2442
G1X156.6843Y-121.3561
G1X156.7018Y-121.4416
G1X156.7451Y-121.4882
G1X156.8135Y-121.4833
G1X156.9066Y-121.4144
G1X158.7662Y-119.5548
G1X158.8593Y-119.4858
G1X158.9278Y-119.4809
G1X158.9710Y-119.5276
G1X158.9885Y-119.6131
G1X158.9797Y-119.7249
G1X158.9441Y-119.8505
G1X158.8809Y-119.9772
G1X158.7899Y-120.0924
G1X156.9328Y-121.9494
G1X156.8410Y-122.0654
G1X156.7757Y-122.1943
G1X156.7370Y-122.3229
G1X156.7247Y-122.4382
G1X156.7387Y-122.5272
G1X156.7789Y-122.5769
G1X156.8452Y-122.5742
G1X156.9375Y-122.5060
G1X158.8136Y-120.6300
G1X158.9067Y-120.5610
G1X158.9751Y-120.5561
G1X159.0184Y-120.6027
G1X159.0359Y-120.6883
G1X159.0271Y-120.8001
G1X158.9914Y-120.9257
G1X158.9283Y-121.0524
G1X158.8373Y-121.1675
G1X156.9421Y-123.0627
G1X156.8502Y-123.1787
G1X156.7850Y-123.3075
G1X156.7463Y-123.4361
G1X156.7340Y-123.5515
G1X156.7480Y-123.6405
G1X156.7882Y-123.6902
G1X156.8545Y-123.6875
G1X156.9468Y-123.6193
G1X158.8609Y-121.7051
G1X158.9540Y-121.6361
G1X159.0225Y-121.6313
G1X159.0657Y-121.6779
G1X159.0832Y-121.7635
G1X159.0744Y-121.8753
G1X159.0388Y-122.0009
G1X158.9757Y-122.1275
G1X158.8846Y-122.2427
G1X156.9514Y-124.1759
G1X156.8595Y-124.2919
G1X156.7943Y-124.4208
G1X156.7555Y-124.5494
G1X156.7432Y-124.6647
G1X156.7572Y-124.7538
G1X156.7975Y-124.8034
G1X156.8638Y-124.8007
G1X156.9561Y-124.7326
G1X158.8967Y-122.7919
G1X158.9889Y-122.7238
G1X159.0552Y-122.7211
G1X159.0954Y-122.7708
G1X159.1094Y-122.8598
G1X159.0971Y-122.9751
G1X159.0584Y-123.1037
G1X158.9932Y-123.2326
G1X158.9013Y-123.3486
G1X156.9607Y-125.2892
G1X156.8688Y-125.4052
G1X156.8035Y-125.5340
G1X156.7648Y-125.6626
G1X156.7525Y-125.7780
G1X156.7665Y-125.8670
G1X156.8067Y-125.9167
G1X156.8731Y-125.9140
G1X156.9653Y-125.8458
G1X158.9059Y-123.9052
G1X158.9982Y-123.8370
G1X159.0645Y-123.8343
G1X159.1047Y-123.8840
G1X159.1187Y-123.9730
G1X159.1064Y-124.0884
G1X159.0677Y-124.2170
G1X159.0024Y-124.3458
G1X158.9106Y-124.4618
G1X156.9796Y-126.3928
G1X156.9117Y-126.4849
G1X156.9095Y-126.5506
G1X156.9599Y-126.5901
G1X157.0498Y-126.6033
G1X157.1660Y-126.5901
G1X157.2953Y-126.5506
G1X157.4247Y-126.4849
G1X157.5409Y-126.3928
G1X158.9152Y-125.0184
G1X159.0075Y-124.9503
G1X159.0738Y-124.9476
G1X159.1140Y-124.9973
G1X159.1280Y-125.0863
G1X159.1157Y-125.2016
G1X159.0770Y-125.3303
G1X159.0117Y-125.4591
G1X158.9198Y-125.5751
G1X158.1021Y-126.3928
G1X158.0342Y-126.4849
G1X158.0320Y-126.5506
G1X158.0824Y-126.5901
G1X158.1723Y-126.6033
G1X158.2885Y-126.5901
G1X158.4178Y-126.5506
G1X158.5472Y-126.4849
G1X158.6634Y-126.3928
G1X159.0723Y-125.9839
G1X159.1074Y-125.9903
G1X159.1292Y-126.0725
G1X159.1373Y-126.1995
G1X159.1314Y-126.3405
G1X159.1114Y-126.4645
G1X159.0769Y-126.5406
G1X159.0142Y-126.6033
G1 Z0F20000
(Start Block)

G1X172.9819Y-89.6939
G1Z6F20000
(Plotting speed under)
G1 F8000

G1X174.1477Y-94.4564
G1X175.1104Y-98.9543
G1X175.9767Y-103.7168
G1X176.6452Y-108.2147
G1X173.9994Y-108.2147
G1X173.3308Y-103.7168
G1X172.4645Y-98.9543
G1X171.5018Y-94.4564
G1X170.3360Y-89.6939
G1X172.9819Y-89.6939
G1 Z0F20000
(Start Block)

G1X171.0286Y-89.8261
G1Z6F20000
(Plotting speed under)
G1 F8000

G1X170.8181Y-90.0366
G1X170.7308Y-90.1481
G1X170.6775Y-90.2649
G1X170.6557Y-90.3766
G1X170.6629Y-90.4725
G1X170.6963Y-90.5421
G1X170.7534Y-90.5749
G1X170.8317Y-90.5602
G1X170.9285Y-90.4875
G1X171.3794Y-90.0366
G1X171.4956Y-89.9445
G1X171.6249Y-89.8788
G1X171.7543Y-89.8393
G1X171.8705Y-89.8261
G1X171.9604Y-89.8393
G1X172.0108Y-89.8788
G1X172.0086Y-89.9445
G1X171.9407Y-90.0366
G1X171.0389Y-90.9384
G1X170.9515Y-91.0498
G1X170.8983Y-91.1667
G1X170.8765Y-91.2784
G1X170.8836Y-91.3743
G1X170.9170Y-91.4439
G1X170.9742Y-91.4767
G1X171.0524Y-91.4620
G1X171.1493Y-91.3893
G1X172.5019Y-90.0366
G1X172.6185Y-89.9511
G1X172.7220Y-89.9278
G1X172.8039Y-89.9555
G1X172.8557Y-90.0232
G1X172.8689Y-90.1196
G1X172.8350Y-90.2337
G1X172.7454Y-90.3544
G1X171.2596Y-91.8402
G1X171.1723Y-91.9516
G1X171.1190Y-92.0685
G1X171.0972Y-92.1801
G1X171.1043Y-92.2761
G1X171.1378Y-92.3457
G1X171.1949Y-92.3785
G1X171.2732Y-92.3638
G1X171.3700Y-92.2911
G1X172.8557Y-90.8053
G1X172.9526Y-90.7326
G1X173.0309Y-90.7179
G1X173.0880Y-90.7507
G1X173.1214Y-90.8203
G1X173.1285Y-90.9162
G1X173.1067Y-91.0279
G1X173.0535Y-91.1447
G1X172.9661Y-91.2562
G1X171.4804Y-92.7420
G1X171.3930Y-92.8534
G1X171.3398Y-92.9703
G1X171.3180Y-93.0819
G1X171.3251Y-93.1779
G1X171.3585Y-93.2475
G1X171.4156Y-93.2803
G1X171.4939Y-93.2656
G1X171.5907Y-93.1929
G1X173.0765Y-91.7071
G1X173.1733Y-91.6344
G1X173.2516Y-91.6197
G1X173.3087Y-91.6524
G1X173.3422Y-91.7221
G1X173.3493Y-91.8180
G1X173.3275Y-91.9297
G1X173.2742Y-92.0465
G1X173.1869Y-92.1580
G1X171.7011Y-93.6437
G1X171.6138Y-93.7552
G1X171.5605Y-93.8720
G1X171.5387Y-93.9837
G1X171.5458Y-94.0797
G1X171.5792Y-94.1493
G1X171.6364Y-94.1820
G1X171.7146Y-94.1673
G1X171.8115Y-94.0946
G1X173.2973Y-92.6089
G1X173.3941Y-92.5362
G1X173.4724Y-92.5215
G1X173.5295Y-92.5542
G1X173.5629Y-92.6238
G1X173.5700Y-92.7198
G1X173.5482Y-92.8315
G1X173.4950Y-92.9483
G1X173.4076Y-93.0598
G1X171.9135Y-94.5539
G1X171.8257Y-94.6658
G1X171.7711Y-94.7840
G1X171.7475Y-94.8975
G1X171.7525Y-94.9955
G1X171.7838Y-95.0672
G1X171.8391Y-95.1018
G1X171.9161Y-95.0884
G1X172.0125Y-95.0162
G1X173.5180Y-93.5107
G1X173.6148Y-93.4380
G1X173.6931Y-93.4233
G1X173.7502Y-93.4560
G1X173.7836Y-93.5257
G1X173.7908Y-93.6216
G1X173.7690Y-93.7332
G1X173.7157Y-93.8501
G1X173.6284Y-93.9616
G1X172.1114Y-95.4785
G1X172.0236Y-95.5905
G1X171.9690Y-95.7086
G1X171.9454Y-95.8221
G1X171.9504Y-95.9201
G1X171.9817Y-95.9919
G1X172.0370Y-96.0264
G1X172.1140Y-96.0131
G1X172.2104Y-95.9408
G1X173.7387Y-94.4125
G1X173.8354Y-94.3399
G1X173.9132Y-94.3257
G1X173.9696Y-94.3591
G1X174.0023Y-94.4296
G1X174.0086Y-94.5263
G1X173.9862Y-94.6386
G1X173.9324Y-94.7559
G1X173.8449Y-94.8676
G1X172.3093Y-96.4031
G1X172.2215Y-96.5151
G1X172.1669Y-96.6332
G1X172.1433Y-96.7467
G1X172.1483Y-96.8448
G1X172.1796Y-96.9165
G1X172.2350Y-96.9511
G1X172.3119Y-96.9377
G1X172.4083Y-96.8655
G1X173.9438Y-95.3299
G1X174.0402Y-95.2577
G1X174.1171Y-95.2443
G1X174.1724Y-95.2789
G1X174.2038Y-95.3506
G1X174.2088Y-95.4486
G1X174.1852Y-95.5621
G1X174.1306Y-95.6803
G1X174.0428Y-95.7922
G1X172.5072Y-97.3278
G1X172.4194Y-97.4397
G1X172.3648Y-97.5579
G1X172.3412Y-97.6714
G1X172.3462Y-97.7694
G1X172.3775Y-97.8411
G1X172.4328Y-97.8757
G1X172.5098Y-97.8623
G1X172.6062Y-97.7901
G1X174.1417Y-96.2545
G1X174.2381Y-96.1823
G1X174.3150Y-96.1689
G1X174.3704Y-96.2035
G1X174.4017Y-96.2752
G1X174.4067Y-96.3733
G1X174.3831Y-96.4868
G1X174.3285Y-96.6049
G1X174.2407Y-96.7168
G1X172.7051Y-98.2524
G1X172.6173Y-98.3644
G1X172.5627Y-98.4825
G1X172.5391Y-98.5960
G1X172.5441Y-98.6940
G1X172.5755Y-98.7657
G1X172.6308Y-98.8003
G1X172.7078Y-98.7869
G1X172.8042Y-98.7146
G1X174.3396Y-97.1792
G1X174.4359Y-97.1070
G1X174.5129Y-97.0936
G1X174.5683Y-97.1281
G1X174.5996Y-97.1998
G1X174.6046Y-97.2979
G1X174.5810Y-97.4114
G1X174.5264Y-97.5295
G1X174.4386Y-97.6415
G1X172.8905Y-99.1895
G1X172.8022Y-99.3020
G1X172.7462Y-99.4216
G1X172.7205Y-99.5371
G1X172.7232Y-99.6374
G1X172.7523Y-99.7115
G1X172.8056Y-99.7481
G1X172.8811Y-99.7361
G1X172.9769Y-99.6644
G1X174.5375Y-98.1038
G1X174.6339Y-98.0316
G1X174.7108Y-98.0182
G1X174.7661Y-98.0528
G1X174.7975Y-98.1245
G1X174.8025Y-98.2225
G1X174.7789Y-98.3360
G1X174.7243Y-98.4542
G1X174.6365Y-98.5661
G1X173.0633Y-100.1393
G1X172.9749Y-100.2518
G1X172.9189Y-100.3714
G1X172.8933Y-100.4869
G1X172.8960Y-100.5872
G1X172.9250Y-100.6612
G1X172.9783Y-100.6978
G1X173.0539Y-100.6859
G1X173.1497Y-100.6142
G1X174.7354Y-99.0284
G1X174.8314Y-98.9566
G1X174.9075Y-98.9441
G1X174.9615Y-98.9800
G1X174.9913Y-99.0532
G1X174.9948Y-99.1527
G1X174.9699Y-99.2675
G1X174.9144Y-99.3866
G1X174.8262Y-99.4989
G1X173.2361Y-101.0891
G1X173.1477Y-101.2015
G1X173.0917Y-101.3211
G1X173.0661Y-101.4366
G1X173.0688Y-101.5370
G1X173.0978Y-101.6110
G1X173.1511Y-101.6476
G1X173.2266Y-101.6356
G1X173.3224Y-101.5639
G1X174.9126Y-99.9738
G1X175.0084Y-99.9021
G1X175.0839Y-99.8902
G1X175.1372Y-99.9267
G1X175.1662Y-100.0008
G1X175.1689Y-100.1011
G1X175.1433Y-100.2166
G1X175.0873Y-100.3362
G1X174.9990Y-100.4487
G1X173.4088Y-102.0388
G1X173.3205Y-102.1513
G1X173.2645Y-102.2709
G1X173.2388Y-102.3864
G1X173.2415Y-102.4868
G1X173.2706Y-102.5608
G1X173.3238Y-102.5974
G1X173.3994Y-102.5854
G1X173.4952Y-102.5137
G1X175.0853Y-100.9236
G1X175.1811Y-100.8519
G1X175.2567Y-100.8399
G1X175.3100Y-100.8765
G1X175.3390Y-100.9506
G1X175.3417Y-101.0509
G1X175.3161Y-101.1664
G1X175.2601Y-101.2860
G1X175.1717Y-101.3985
G1X173.5816Y-102.9886
G1X173.4932Y-103.1011
G1X173.4373Y-103.2206
G1X173.4118Y-103.3360
G1X173.4146Y-103.4362
G1X173.4437Y-103.5101
G1X173.4971Y-103.5466
G1X173.5728Y-103.5346
G1X173.6686Y-103.4629
G1X175.2581Y-101.8733
G1X175.3539Y-101.8017
G1X175.4295Y-101.7897
G1X175.4828Y-101.8263
G1X175.5118Y-101.9003
G1X175.5145Y-102.0007
G1X175.4889Y-102.1162
G1X175.4329Y-102.2357
G1X175.3445Y-102.3482
G1X173.7412Y-103.9515
G1X173.6522Y-104.0646
G1X173.5947Y-104.1857
G1X173.5669Y-104.3034
G1X173.5671Y-104.4063
G1X173.5935Y-104.4829
G1X173.6446Y-104.5217
G1X173.7186Y-104.5112
G1X173.8138Y-104.4401
G1X175.4309Y-102.8231
G1X175.5267Y-102.7514
G1X175.6022Y-102.7395
G1X175.6555Y-102.7760
G1X175.6845Y-102.8501
G1X175.6872Y-102.9504
G1X175.6616Y-103.0660
G1X175.6056Y-103.1855
G1X175.5172Y-103.2980
G1X173.8865Y-104.9288
G1X173.7975Y-105.0419
G1X173.7400Y-105.1630
G1X173.7121Y-105.2807
G1X173.7123Y-105.3836
G1X173.7388Y-105.4601
G1X173.7899Y-105.4989
G1X173.8639Y-105.4885
G1X173.9591Y-105.4174
G1X175.6036Y-103.7729
G1X175.6991Y-103.7016
G1X175.7737Y-103.6906
G1X175.8256Y-103.7285
G1X175.8530Y-103.8042
G1X175.8541Y-103.9061
G1X175.8271Y-104.0230
G1X175.7701Y-104.1436
G1X175.6814Y-104.2564
G1X174.0317Y-105.9061
G1X173.9428Y-106.0192
G1X173.8852Y-106.1403
G1X173.8574Y-106.2580
G1X173.8576Y-106.3609
G1X173.8840Y-106.4374
G1X173.9351Y-106.4762
G1X174.0091Y-106.4658
G1X174.1043Y-106.3947
G1X175.7540Y-104.7451
G1X175.8492Y-104.6740
G1X175.9232Y-104.6636
G1X175.9743Y-104.7023
G1X176.0008Y-104.7789
G1X176.0010Y-104.8818
G1X175.9731Y-104.9995
G1X175.9156Y-105.1206
G1X175.8266Y-105.2337
G1X174.1770Y-106.8834
G1X174.0880Y-106.9964
G1X174.0305Y-107.1176
G1X174.0026Y-107.2353
G1X174.0028Y-107.3382
G1X174.0293Y-107.4147
G1X174.0804Y-107.4535
G1X174.1544Y-107.4431
G1X174.2496Y-107.3720
G1X175.8992Y-105.7223
G1X175.9944Y-105.6513
G1X176.0685Y-105.6409
G1X176.1195Y-105.6796
G1X176.1460Y-105.7562
G1X176.1462Y-105.8591
G1X176.1184Y-105.9768
G1X176.0608Y-106.0979
G1X175.9719Y-106.2110
G1X174.3222Y-107.8606
G1X174.2538Y-107.9532
G1X174.2503Y-108.0203
G1X174.2989Y-108.0615
G1X174.3867Y-108.0768
G1X174.5008Y-108.0657
G1X174.6284Y-108.0280
G1X174.7565Y-107.9635
G1X174.8722Y-107.8719
G1X176.0445Y-106.6996
G1X176.1397Y-106.6285
G1X176.2137Y-106.6181
G1X176.2648Y-106.6569
G1X176.2913Y-106.7335
G1X176.2915Y-106.8363
G1X176.2636Y-106.9541
G1X176.2061Y-107.0752
G1X176.1171Y-107.1883
G1X175.4334Y-107.8719
G1X175.3655Y-107.9640
G1X175.3633Y-108.0298
G1X175.4137Y-108.0693
G1X175.5036Y-108.0824
G1X175.6198Y-108.0693
G1X175.7492Y-108.0298
G1X175.8785Y-107.9640
G1X175.9947Y-107.8719
G1X176.3366Y-107.5301
G1X176.3849Y-107.5402
G1X176.4232Y-107.6410
G1X176.4447Y-107.7856
G1X176.4424Y-107.9272
G1X176.4092Y-108.0187
G1X176.3455Y-108.0824
G1 Z0F20000
(Start Block)

G1X185.6936Y-71.1730
G1Z6F20000
(Plotting speed under)
G1 F8000

G1X187.3632Y-75.9355
G1X188.9175Y-80.6980
G1X190.2702Y-85.1959
G1X191.5027Y-89.6939
G1X188.8569Y-89.6939
G1X187.6244Y-85.1959
G1X186.2717Y-80.6980
G1X184.7174Y-75.9355
G1X183.0477Y-71.1730
G1X185.6936Y-71.1730
G1 Z0F20000
(Start Block)

G1X183.6908Y-71.3053
G1Z6F20000
(Plotting speed under)
G1 F8000

G1X183.5218Y-71.4743
G1X183.4471Y-71.5801
G1X183.4127Y-71.6947
G1X183.4136Y-71.8034
G1X183.4446Y-71.8919
G1X183.5007Y-71.9455
G1X183.5767Y-71.9496
G1X183.6675Y-71.8899
G1X184.0416Y-71.5157
G1X184.1578Y-71.4237
G1X184.2872Y-71.3579
G1X184.4165Y-71.3184
G1X184.5327Y-71.3053
G1X184.6226Y-71.3184
G1X184.6730Y-71.3579
G1X184.6709Y-71.4237
G1X184.6029Y-71.5157
G1X183.8547Y-72.2640
G1X183.7688Y-72.3739
G1X183.7196Y-72.4868
G1X183.7034Y-72.5928
G1X183.7170Y-72.6822
G1X183.7569Y-72.7454
G1X183.8197Y-72.7725
G1X183.9020Y-72.7538
G1X184.0003Y-72.6796
G1X185.1642Y-71.5157
G1X185.2846Y-71.4265
G1X185.3979Y-71.3933
G1X185.4933Y-71.4075
G1X185.5598Y-71.4605
G1X185.5864Y-71.5435
G1X185.5623Y-71.6478
G1X185.4765Y-71.7646
G1X184.1461Y-73.0951
G1X184.0602Y-73.2051
G1X184.0110Y-73.3179
G1X183.9948Y-73.4240
G1X184.0084Y-73.5134
G1X184.0483Y-73.5765
G1X184.1111Y-73.6036
G1X184.1934Y-73.5850
G1X184.2917Y-73.5107
G1X185.6222Y-72.1802
G1X185.7206Y-72.1060
G1X185.8028Y-72.0873
G1X185.8657Y-72.1144
G1X185.9056Y-72.1775
G1X185.9191Y-72.2670
G1X185.9030Y-72.3730
G1X185.8538Y-72.4858
G1X185.7679Y-72.5958
G1X184.4374Y-73.9263
G1X184.3516Y-74.0362
G1X184.3023Y-74.1491
G1X184.2862Y-74.2551
G1X184.2998Y-74.3445
G1X184.3397Y-74.4077
G1X184.4025Y-74.4348
G1X184.4848Y-74.4161
G1X184.5831Y-74.3419
G1X185.9136Y-73.0114
G1X186.0119Y-72.9371
G1X186.0942Y-72.9184
G1X186.1570Y-72.9455
G1X186.1969Y-73.0087
G1X186.2105Y-73.0981
G1X186.1944Y-73.2042
G1X186.1451Y-73.3170
G1X186.0593Y-73.4269
G1X184.7288Y-74.7575
G1X184.6430Y-74.8674
G1X184.5937Y-74.9802
G1X184.5776Y-75.0863
G1X184.5912Y-75.1757
G1X184.6311Y-75.2388
G1X184.6939Y-75.2659
G1X184.7762Y-75.2472
G1X184.8745Y-75.1730
G1X186.2050Y-73.8425
G1X186.3033Y-73.7683
G1X186.3856Y-73.7496
G1X186.4484Y-73.7767
G1X186.4883Y-73.8398
G1X186.5019Y-73.9293
G1X186.4858Y-74.0353
G1X186.4365Y-74.1481
G1X186.3507Y-74.2581
G1X185.0202Y-75.5886
G1X184.9341Y-75.6988
G1X184.8842Y-75.8123
G1X184.8671Y-75.9193
G1X184.8796Y-76.0098
G1X184.9184Y-76.0740
G1X184.9803Y-76.1020
G1X185.0619Y-76.0840
G1X185.1600Y-76.0100
G1X186.4964Y-74.6737
G1X186.5947Y-74.5994
G1X186.6770Y-74.5807
G1X186.7398Y-74.6078
G1X186.7797Y-74.6710
G1X186.7933Y-74.7604
G1X186.7771Y-74.8665
G1X186.7279Y-74.9793
G1X186.6421Y-75.0892
G1X185.2981Y-76.4332
G1X185.2120Y-76.5435
G1X185.1618Y-76.6572
G1X185.1445Y-76.7644
G1X185.1567Y-76.8553
G1X185.1952Y-76.9198
G1X185.2568Y-76.9481
G1X185.3382Y-76.9303
G1X185.4362Y-76.8563
G1X186.7878Y-75.5048
G1X186.8861Y-75.4306
G1X186.9684Y-75.4119
G1X187.0312Y-75.4390
G1X187.0711Y-75.5021
G1X187.0847Y-75.5916
G1X187.0685Y-75.6976
G1X187.0193Y-75.8105
G1X186.9335Y-75.9204
G1X185.5743Y-77.2795
G1X185.4882Y-77.3898
G1X185.4381Y-77.5035
G1X185.4207Y-77.6107
G1X185.4329Y-77.7016
G1X185.4714Y-77.7661
G1X185.5330Y-77.7944
G1X185.6144Y-77.7766
G1X185.7124Y-77.7027
G1X187.0764Y-76.3387
G1X187.1745Y-76.2648
G1X187.2559Y-76.2469
G1X187.3175Y-76.2752
G1X187.3560Y-76.3398
G1X187.3682Y-76.4306
G1X187.3508Y-76.5379
G1X187.3007Y-76.6516
G1X187.2146Y-76.7618
G1X185.8506Y-78.1258
G1X185.7644Y-78.2361
G1X185.7143Y-78.3498
G1X185.6969Y-78.4570
G1X185.7091Y-78.5479
G1X185.7476Y-78.6124
G1X185.8092Y-78.6407
G1X185.8906Y-78.6229
G1X185.9887Y-78.5490
G1X187.3527Y-77.1850
G1X187.4507Y-77.1111
G1X187.5321Y-77.0932
G1X187.5937Y-77.1216
G1X187.6322Y-77.1861
G1X187.6444Y-77.2769
G1X187.6270Y-77.3842
G1X187.5769Y-77.4979
G1X187.4908Y-77.6082
G1X186.1268Y-78.9722
G1X186.0406Y-79.0824
G1X185.9905Y-79.1961
G1X185.9731Y-79.3034
G1X185.9854Y-79.3942
G1X186.0239Y-79.4587
G1X186.0854Y-79.4870
G1X186.1669Y-79.4692
G1X186.2649Y-79.3953
G1X187.6289Y-78.0313
G1X187.7269Y-77.9574
G1X187.8083Y-77.9396
G1X187.8699Y-77.9679
G1X187.9084Y-78.0324
G1X187.9206Y-78.1232
G1X187.9033Y-78.2305
G1X187.8531Y-78.3442
G1X187.7670Y-78.4545
G1X186.4030Y-79.8185
G1X186.3168Y-79.9287
G1X186.2667Y-80.0425
G1X186.2494Y-80.1497
G1X186.2616Y-80.2405
G1X186.3001Y-80.3051
G1X186.3616Y-80.3334
G1X186.4431Y-80.3155
G1X186.5411Y-80.2416
G1X187.9051Y-78.8776
G1X188.0031Y-78.8037
G1X188.0845Y-78.7859
G1X188.1461Y-78.8142
G1X188.1846Y-78.8787
G1X188.1968Y-78.9696
G1X188.1795Y-79.0768
G1X188.1294Y-79.1905
G1X188.0432Y-79.3008
G1X186.6749Y-80.6691
G1X186.5884Y-80.7797
G1X186.5373Y-80.8943
G1X186.5187Y-81.0029
G1X186.5293Y-81.0953
G1X186.5663Y-81.1614
G1X186.6265Y-81.1910
G1X186.7070Y-81.1741
G1X186.8047Y-81.1006
G1X188.1813Y-79.7239
G1X188.2793Y-79.6500
G1X188.3607Y-79.6322
G1X188.4223Y-79.6605
G1X188.4608Y-79.7250
G1X188.4730Y-79.8159
G1X188.4557Y-79.9231
G1X188.4056Y-80.0368
G1X188.3194Y-80.1471
G1X186.9344Y-81.5321
G1X186.8480Y-81.6427
G1X186.7969Y-81.7573
G1X186.7782Y-81.8659
G1X186.7889Y-81.9583
G1X186.8258Y-82.0243
G1X186.8861Y-82.0540
G1X186.9666Y-82.0371
G1X187.0642Y-81.9636
G1X188.4575Y-80.5702
G1X188.5555Y-80.4963
G1X188.6370Y-80.4785
G1X188.6986Y-80.5068
G1X188.7371Y-80.5714
G1X188.7492Y-80.6622
G1X188.7319Y-80.7695
G1X188.6818Y-80.8831
G1X188.5956Y-80.9934
G1X187.1940Y-82.3951
G1X187.1075Y-82.5057
G1X187.0564Y-82.6203
G1X187.0377Y-82.7289
G1X187.0484Y-82.8213
G1X187.0854Y-82.8873
G1X187.1456Y-82.9170
G1X187.2261Y-82.9001
G1X187.3238Y-82.8266
G1X188.7245Y-81.4258
G1X188.8222Y-81.3523
G1X188.9026Y-81.3354
G1X188.9629Y-81.3650
G1X188.9999Y-81.4311
G1X189.0105Y-81.5235
G1X188.9918Y-81.6320
G1X188.9408Y-81.7467
G1X188.8543Y-81.8573
G1X187.4535Y-83.2580
G1X187.3670Y-83.3687
G1X187.3159Y-83.4833
G1X187.2973Y-83.5919
G1X187.3079Y-83.6843
G1X187.3449Y-83.7504
G1X187.4052Y-83.7800
G1X187.4856Y-83.7631
G1X187.5833Y-83.6896
G1X188.9840Y-82.2888
G1X189.0817Y-82.2153
G1X189.1622Y-82.1984
G1X189.2224Y-82.2280
G1X189.2594Y-82.2941
G1X189.2701Y-82.3865
G1X189.2514Y-82.4950
G1X189.2003Y-82.6097
G1X189.1138Y-82.7203
G1X187.7131Y-84.1211
G1X187.6265Y-84.2317
G1X187.5755Y-84.3463
G1X187.5568Y-84.4549
G1X187.5675Y-84.5473
G1X187.6044Y-84.6133
G1X187.6647Y-84.6430
G1X187.7452Y-84.6261
G1X187.8428Y-84.5525
G1X189.2436Y-83.1518
G1X189.3412Y-83.0783
G1X189.4217Y-83.0614
G1X189.4820Y-83.0910
G1X189.5189Y-83.1571
G1X189.5296Y-83.2494
G1X189.5109Y-83.3580
G1X189.4598Y-83.4727
G1X189.3733Y-83.5833
G1X187.9718Y-84.9848
G1X187.8850Y-85.0958
G1X187.8329Y-85.2115
G1X187.8127Y-85.3215
G1X187.8218Y-85.4155
G1X187.8570Y-85.4833
G1X187.9159Y-85.5144
G1X187.9953Y-85.4985
G1X188.0926Y-85.4253
G1X189.5031Y-84.0148
G1X189.6008Y-83.9413
G1X189.6812Y-83.9244
G1X189.7415Y-83.9540
G1X189.7785Y-84.0201
G1X189.7891Y-84.1125
G1X189.7705Y-84.2210
G1X189.7194Y-84.3357
G1X189.6329Y-84.4463
G1X188.2133Y-85.8659
G1X188.1264Y-85.9769
G1X188.0743Y-86.0926
G1X188.0542Y-86.2026
G1X188.0632Y-86.2966
G1X188.0985Y-86.3644
G1X188.1573Y-86.3954
G1X188.2367Y-86.3796
G1X188.3340Y-86.3064
G1X189.7626Y-84.8778
G1X189.8603Y-84.8043
G1X189.9408Y-84.7874
G1X190.0010Y-84.8170
G1X190.0380Y-84.8831
G1X190.0487Y-84.9755
G1X190.0300Y-85.0840
G1X189.9789Y-85.1987
G1X189.8924Y-85.3093
G1X188.4547Y-86.7470
G1X188.3678Y-86.8580
G1X188.3157Y-86.9737
G1X188.2956Y-87.0837
G1X188.3046Y-87.1777
G1X188.3399Y-87.2454
G1X188.3987Y-87.2766
G1X188.4782Y-87.2607
G1X188.5754Y-87.1875
G1X190.0159Y-85.7471
G1X190.1132Y-85.6739
G1X190.1927Y-85.6580
G1X190.2514Y-85.6891
G1X190.2868Y-85.7568
G1X190.2958Y-85.8509
G1X190.2756Y-85.9609
G1X190.2235Y-86.0766
G1X190.1366Y-86.1876
G1X188.6962Y-87.6281
G1X188.6093Y-87.7391
G1X188.5572Y-87.8548
G1X188.5371Y-87.9648
G1X188.5460Y-88.0588
G1X188.5814Y-88.1266
G1X188.6402Y-88.1577
G1X188.7196Y-88.1418
G1X188.8169Y-88.0686
G1X190.2574Y-86.6281
G1X190.3546Y-86.5550
G1X190.4341Y-86.5391
G1X190.4929Y-86.5702
G1X190.5282Y-86.6379
G1X190.5372Y-86.7320
G1X190.5171Y-86.8420
G1X190.4650Y-86.9577
G1X190.3781Y-87.0687
G1X188.9376Y-88.5092
G1X188.8507Y-88.6202
G1X188.7986Y-88.7359
G1X188.7785Y-88.8459
G1X188.7875Y-88.9399
G1X188.8228Y-89.0077
G1X188.8816Y-89.0387
G1X188.9610Y-89.0229
G1X189.0583Y-88.9497
G1X190.4988Y-87.5092
G1X190.5961Y-87.4361
G1X190.6755Y-87.4202
G1X190.7343Y-87.4513
G1X190.7696Y-87.5191
G1X190.7787Y-87.6131
G1X190.7585Y-87.7231
G1X190.7064Y-87.8388
G1X190.6195Y-87.9498
G1X189.2182Y-89.3511
G1X189.1503Y-89.4432
G1X189.1481Y-89.5089
G1X189.1985Y-89.5484
G1X189.2884Y-89.5616
G1X189.4046Y-89.5484
G1X189.5339Y-89.5089
G1X189.6633Y-89.4432
G1X189.7795Y-89.3511
G1X190.7402Y-88.3903
G1X190.8375Y-88.3172
G1X190.9170Y-88.3013
G1X190.9757Y-88.3324
G1X191.0111Y-88.4001
G1X191.0201Y-88.4942
G1X191.0000Y-88.6042
G1X190.9479Y-88.7199
G1X190.8610Y-88.8309
G1X190.3408Y-89.3511
G1X190.2728Y-89.4432
G1X190.2706Y-89.5089
G1X190.3210Y-89.5484
G1X190.4109Y-89.5616
G1X190.5271Y-89.5484
G1X190.6565Y-89.5089
G1X190.7858Y-89.4432
G1X190.9020Y-89.3511
G1X191.1921Y-89.0610
G1 Z0F20000
(Start Block)

G1X148.6519Y-71.1730
G1Z6F20000
(Plotting speed under)
G1 F8000

G1X150.3215Y-75.9355
G1X151.8758Y-80.6980
G1X153.2285Y-85.1959
G1X154.4610Y-89.6939
G1X151.8152Y-89.6939
G1X150.5827Y-85.1959
G1X149.2300Y-80.6980
G1X147.6757Y-75.9355
G1X146.0060Y-71.1730
G1X148.6519Y-71.1730
G1 Z0F20000
(Start Block)

G1X146.6491Y-71.3053
G1Z6F20000
(Plotting speed under)
G1 F8000

G1X146.4801Y-71.4743
G1X146.4054Y-71.5801
G1X146.3710Y-71.6947
G1X146.3719Y-71.8034
G1X146.4029Y-71.8919
G1X146.4589Y-71.9455
G1X146.5350Y-71.9496
G1X146.6258Y-71.8899
G1X146.9999Y-71.5157
G1X147.1161Y-71.4237
G1X147.2455Y-71.3579
G1X147.3748Y-71.3184
G1X147.4910Y-71.3053
G1X147.5809Y-71.3184
G1X147.6313Y-71.3579
G1X147.6291Y-71.4237
G1X147.5612Y-71.5157
G1X146.8130Y-72.2640
G1X146.7271Y-72.3739
G1X146.6779Y-72.4868
G1X146.6617Y-72.5928
G1X146.6753Y-72.6822
G1X146.7152Y-72.7454
G1X146.7780Y-72.7725
G1X146.8603Y-72.7538
G1X146.9586Y-72.6796
G1X148.1225Y-71.5157
G1X148.2428Y-71.4265
G1X148.3562Y-71.3933
G1X148.4516Y-71.4075
G1X148.5181Y-71.4605
G1X148.5447Y-71.5435
G1X148.5206Y-71.6478
G1X148.4348Y-71.7646
G1X147.1043Y-73.0951
G1X147.0185Y-73.2051
G1X146.9692Y-73.3179
G1X146.9531Y-73.4240
G1X146.9667Y-73.5134
G1X147.0066Y-73.5765
G1X147.0694Y-73.6036
G1X147.1517Y-73.5850
G1X147.2500Y-73.5107
G1X148.5805Y-72.1802
G1X148.6789Y-72.1060
G1X148.7611Y-72.0873
G1X148.8239Y-72.1144
G1X148.8638Y-72.1775
G1X148.8774Y-72.2670
G1X148.8613Y-72.3730
G1X148.8120Y-72.4858
G1X148.7262Y-72.5958
G1X147.3957Y-73.9263
G1X147.3099Y-74.0362
G1X147.2606Y-74.1491
G1X147.2445Y-74.2551
G1X147.2581Y-74.3445
G1X147.2980Y-74.4077
G1X147.3608Y-74.4348
G1X147.4431Y-74.4161
G1X147.5414Y-74.3419
G1X148.8719Y-73.0114
G1X148.9703Y-72.9371
G1X149.0525Y-72.9184
G1X149.1153Y-72.9455
G1X149.1552Y-73.0087
G1X149.1688Y-73.0981
G1X149.1527Y-73.2042
G1X149.1034Y-73.3170
G1X149.0176Y-73.4269
G1X147.6871Y-74.7575
G1X147.6013Y-74.8674
G1X147.5520Y-74.9802
G1X147.5359Y-75.0863
G1X147.5495Y-75.1757
G1X147.5894Y-75.2388
G1X147.6522Y-75.2659
G1X147.7344Y-75.2472
G1X147.8328Y-75.1730
G1X149.1633Y-73.8425
G1X149.2616Y-73.7683
G1X149.3439Y-73.7496
G1X149.4067Y-73.7767
G1X149.4466Y-73.8398
G1X149.4602Y-73.9293
G1X149.4441Y-74.0353
G1X149.3948Y-74.1481
G1X149.3090Y-74.2581
G1X147.9785Y-75.5886
G1X147.8924Y-75.6988
G1X147.8425Y-75.8123
G1X147.8254Y-75.9193
G1X147.8379Y-76.0098
G1X147.8767Y-76.0740
G1X147.9386Y-76.1020
G1X148.0202Y-76.0840
G1X148.1183Y-76.0100
G1X149.4547Y-74.6737
G1X149.5530Y-74.5994
G1X149.6353Y-74.5807
G1X149.6981Y-74.6078
G1X149.7380Y-74.6710
G1X149.7516Y-74.7604
G1X149.7355Y-74.8665
G1X149.6862Y-74.9793
G1X149.6004Y-75.0892
G1X148.2564Y-76.4332
G1X148.1703Y-76.5435
G1X148.1201Y-76.6572
G1X148.1028Y-76.7644
G1X148.1150Y-76.8553
G1X148.1535Y-76.9198
G1X148.2151Y-76.9481
G1X148.2965Y-76.9303
G1X148.3945Y-76.8563
G1X149.7460Y-75.5048
G1X149.8444Y-75.4306
G1X149.9267Y-75.4119
G1X149.9895Y-75.4390
G1X150.0294Y-75.5021
G1X150.0430Y-75.5916
G1X150.0268Y-75.6976
G1X149.9776Y-75.8105
G1X149.8918Y-75.9204
G1X148.5326Y-77.2795
G1X148.4465Y-77.3898
G1X148.3964Y-77.5035
G1X148.3790Y-77.6107
G1X148.3912Y-77.7016
G1X148.4297Y-77.7661
G1X148.4913Y-77.7944
G1X148.5727Y-77.7766
G1X148.6707Y-77.7027
G1X150.0347Y-76.3387
G1X150.1328Y-76.2648
G1X150.2142Y-76.2469
G1X150.2758Y-76.2752
G1X150.3143Y-76.3398
G1X150.3265Y-76.4306
G1X150.3091Y-76.5379
G1X150.2590Y-76.6516
G1X150.1728Y-76.7618
G1X148.8088Y-78.1258
G1X148.7227Y-78.2361
G1X148.6726Y-78.3498
G1X148.6552Y-78.4570
G1X148.6674Y-78.5479
G1X148.7059Y-78.6124
G1X148.7675Y-78.6407
G1X148.8489Y-78.6229
G1X148.9470Y-78.5490
G1X150.3110Y-77.1850
G1X150.4090Y-77.1111
G1X150.4904Y-77.0932
G1X150.5520Y-77.1216
G1X150.5905Y-77.1861
G1X150.6027Y-77.2769
G1X150.5853Y-77.3842
G1X150.5352Y-77.4979
G1X150.4491Y-77.6082
G1X149.0851Y-78.9722
G1X148.9989Y-79.0824
G1X148.9488Y-79.1961
G1X148.9314Y-79.3034
G1X148.9436Y-79.3942
G1X148.9821Y-79.4587
G1X149.0437Y-79.4870
G1X149.1251Y-79.4692
G1X149.2232Y-79.3953
G1X150.5872Y-78.0313
G1X150.6852Y-77.9574
G1X150.7666Y-77.9396
G1X150.8282Y-77.9679
G1X150.8667Y-78.0324
G1X150.8789Y-78.1232
G1X150.8616Y-78.2305
G1X150.8114Y-78.3442
G1X150.7253Y-78.4545
G1X149.3613Y-79.8185
G1X149.2751Y-79.9287
G1X149.2250Y-80.0425
G1X149.2076Y-80.1497
G1X149.2198Y-80.2405
G1X149.2584Y-80.3051
G1X149.3199Y-80.3334
G1X149.4014Y-80.3155
G1X149.4994Y-80.2416
G1X150.8634Y-78.8776
G1X150.9614Y-78.8037
G1X151.0428Y-78.7859
G1X151.1044Y-78.8142
G1X151.1429Y-78.8787
G1X151.1551Y-78.9696
G1X151.1378Y-79.0768
G1X151.0876Y-79.1905
G1X151.0015Y-79.3008
G1X149.6332Y-80.6691
G1X149.5467Y-80.7797
G1X149.4956Y-80.8943
G1X149.4770Y-81.0029
G1X149.4876Y-81.0953
G1X149.5246Y-81.1614
G1X149.5849Y-81.1910
G1X149.6653Y-81.1741
G1X149.7630Y-81.1006
G1X151.1396Y-79.7239
G1X151.2376Y-79.6500
G1X151.3190Y-79.6322
G1X151.3806Y-79.6605
G1X151.4191Y-79.7250
G1X151.4313Y-79.8159
G1X151.4140Y-79.9231
G1X151.3639Y-80.0368
G1X151.2777Y-80.1471
G1X149.8928Y-81.5321
G1X149.8062Y-81.6427
G1X149.7552Y-81.7573
G1X149.7365Y-81.8659
G1X149.7472Y-81.9583
G1X149.7841Y-82.0243
G1X149.8444Y-82.0540
G1X149.9249Y-82.0371
G1X150.0225Y-81.9636
G1X151.4158Y-80.5702
G1X151.5138Y-80.4963
G1X151.5952Y-80.4785
G1X151.6568Y-80.5068
G1X151.6953Y-80.5714
G1X151.7075Y-80.6622
G1X151.6902Y-80.7695
G1X151.6401Y-80.8831
G1X151.5539Y-80.9934
G1X150.1523Y-82.3951
G1X150.0658Y-82.5057
G1X150.0147Y-82.6203
G1X149.9960Y-82.7289
G1X150.0067Y-82.8213
G1X150.0437Y-82.8873
G1X150.1039Y-82.9170
G1X150.1844Y-82.9001
G1X150.2820Y-82.8266
G1X151.6828Y-81.4258
G1X151.7805Y-81.3523
G1X151.8609Y-81.3354
G1X151.9212Y-81.3650
G1X151.9581Y-81.4311
G1X151.9688Y-81.5235
G1X151.9502Y-81.6320
G1X151.8991Y-81.7467
G1X151.8126Y-81.8573
G1X150.4118Y-83.2580
G1X150.3253Y-83.3687
G1X150.2742Y-83.4833
G1X150.2556Y-83.5919
G1X150.2662Y-83.6843
G1X150.3032Y-83.7504
G1X150.3635Y-83.7800
G1X150.4439Y-83.7631
G1X150.5416Y-83.6896
G1X151.9423Y-82.2888
G1X152.0400Y-82.2153
G1X152.1205Y-82.1984
G1X152.1807Y-82.2280
G1X152.2177Y-82.2941
G1X152.2284Y-82.3865
G1X152.2097Y-82.4950
G1X152.1586Y-82.6097
G1X152.0721Y-82.7203
G1X150.6713Y-84.1211
G1X150.5849Y-84.2317
G1X150.5338Y-84.3463
G1X150.5151Y-84.4549
G1X150.5258Y-84.5473
G1X150.5627Y-84.6133
G1X150.6230Y-84.6430
G1X150.7035Y-84.6261
G1X150.8011Y-84.5525
G1X152.2019Y-83.1518
G1X152.2995Y-83.0783
G1X152.3800Y-83.0614
G1X152.4402Y-83.0910
G1X152.4772Y-83.1571
G1X152.4879Y-83.2494
G1X152.4692Y-83.3580
G1X152.4182Y-83.4727
G1X152.3316Y-83.5833
G1X150.9301Y-84.9848
G1X150.8432Y-85.0958
G1X150.7912Y-85.2115
G1X150.7710Y-85.3215
G1X150.7800Y-85.4155
G1X150.8154Y-85.4833
G1X150.8742Y-85.5144
G1X150.9536Y-85.4985
G1X151.0509Y-85.4253
G1X152.4614Y-84.0148
G1X152.5591Y-83.9413
G1X152.6395Y-83.9244
G1X152.6998Y-83.9540
G1X152.7368Y-84.0201
G1X152.7474Y-84.1125
G1X152.7287Y-84.2210
G1X152.6777Y-84.3357
G1X152.5912Y-84.4463
G1X151.1716Y-85.8659
G1X151.0847Y-85.9769
G1X151.0326Y-86.0926
G1X151.0124Y-86.2026
G1X151.0215Y-86.2966
G1X151.0568Y-86.3644
G1X151.1156Y-86.3954
G1X151.1950Y-86.3796
G1X151.2923Y-86.3064
G1X152.7209Y-84.8778
G1X152.8186Y-84.8043
G1X152.8991Y-84.7874
G1X152.9593Y-84.8170
G1X152.9963Y-84.8831
G1X153.0070Y-84.9755
G1X152.9883Y-85.0840
G1X152.9372Y-85.1987
G1X152.8507Y-85.3093
G1X151.4130Y-86.7470
G1X151.3261Y-86.8580
G1X151.2740Y-86.9737
G1X151.2539Y-87.0837
G1X151.2629Y-87.1777
G1X151.2982Y-87.2454
G1X151.3570Y-87.2766
G1X151.4365Y-87.2607
G1X151.5337Y-87.1875
G1X152.9742Y-85.7471
G1X153.0715Y-85.6739
G1X153.1509Y-85.6580
G1X153.2097Y-85.6891
G1X153.2451Y-85.7568
G1X153.2541Y-85.8509
G1X153.2339Y-85.9609
G1X153.1818Y-86.0766
G1X153.0949Y-86.1876
G1X151.6545Y-87.6281
G1X151.5676Y-87.7391
G1X151.5155Y-87.8548
G1X151.4953Y-87.9648
G1X151.5043Y-88.0588
G1X151.5397Y-88.1266
G1X151.5984Y-88.1577
G1X151.6779Y-88.1418
G1X151.7752Y-88.0686
G1X153.2157Y-86.6281
G1X153.3129Y-86.5550
G1X153.3924Y-86.5391
G1X153.4512Y-86.5702
G1X153.4865Y-86.6379
G1X153.4955Y-86.7320
G1X153.4754Y-86.8420
G1X153.4233Y-86.9577
G1X153.3364Y-87.0687
G1X151.8959Y-88.5092
G1X151.8090Y-88.6202
G1X151.7569Y-88.7359
G1X151.7368Y-88.8459
G1X151.7458Y-88.9399
G1X151.7811Y-89.0077
G1X151.8399Y-89.0387
G1X151.9193Y-89.0229
G1X152.0166Y-88.9497
G1X153.4571Y-87.5092
G1X153.5544Y-87.4361
G1X153.6338Y-87.4202
G1X153.6926Y-87.4513
G1X153.7279Y-87.5191
G1X153.7369Y-87.6131
G1X153.7168Y-87.7231
G1X153.6647Y-87.8388
G1X153.5778Y-87.9498
G1X152.1765Y-89.3511
G1X152.1086Y-89.4432
G1X152.1064Y-89.5089
G1X152.1568Y-89.5484
G1X152.2467Y-89.5616
G1X152.3629Y-89.5484
G1X152.4922Y-89.5089
G1X152.6216Y-89.4432
G1X152.7378Y-89.3511
G1X153.6985Y-88.3903
G1X153.7958Y-88.3172
G1X153.8752Y-88.3013
G1X153.9341Y-88.3324
G1X153.9694Y-88.4001
G1X153.9784Y-88.4942
G1X153.9582Y-88.6042
G1X153.9061Y-88.7199
G1X153.8193Y-88.8309
G1X153.2991Y-89.3511
G1X153.2311Y-89.4432
G1X153.2289Y-89.5089
G1X153.2793Y-89.5484
G1X153.3692Y-89.5616
G1X153.4854Y-89.5484
G1X153.6148Y-89.5089
G1X153.7441Y-89.4432
G1X153.8603Y-89.3511
G1X154.1504Y-89.0610
G1 Z0F20000
(Start Block)

G1X135.9402Y-89.6939
G1Z6F20000
(Plotting speed under)
G1 F8000

G1X137.1060Y-94.4564
G1X138.0687Y-98.9543
G1X138.9350Y-103.7168
G1X139.6035Y-108.2147
G1X136.9576Y-108.2147
G1X136.2891Y-103.7168
G1X135.4228Y-98.9543
G1X134.4601Y-94.4564
G1X133.2944Y-89.6939
G1X135.9402Y-89.6939
G1 Z0F20000
(Start Block)

G1X133.9869Y-89.8261
G1Z6F20000
(Plotting speed under)
G1 F8000

G1X133.7764Y-90.0366
G1X133.6891Y-90.1481
G1X133.6358Y-90.2649
G1X133.6140Y-90.3766
G1X133.6211Y-90.4725
G1X133.6546Y-90.5421
G1X133.7117Y-90.5749
G1X133.7900Y-90.5602
G1X133.8868Y-90.4875
G1X134.3377Y-90.0366
G1X134.4539Y-89.9445
G1X134.5832Y-89.8788
G1X134.7126Y-89.8393
G1X134.8288Y-89.8261
G1X134.9187Y-89.8393
G1X134.9691Y-89.8788
G1X134.9669Y-89.9445
G1X134.8989Y-90.0366
G1X133.9972Y-90.9384
G1X133.9098Y-91.0498
G1X133.8566Y-91.1667
G1X133.8348Y-91.2784
G1X133.8419Y-91.3743
G1X133.8753Y-91.4439
G1X133.9324Y-91.4767
G1X134.0107Y-91.4620
G1X134.1075Y-91.3893
G1X135.4602Y-90.0366
G1X135.5768Y-89.9511
G1X135.6803Y-89.9278
G1X135.7622Y-89.9555
G1X135.8140Y-90.0232
G1X135.8272Y-90.1196
G1X135.7933Y-90.2337
G1X135.7037Y-90.3544
G1X134.2179Y-91.8402
G1X134.1306Y-91.9516
G1X134.0773Y-92.0685
G1X134.0555Y-92.1801
G1X134.0626Y-92.2761
G1X134.0960Y-92.3457
G1X134.1532Y-92.3785
G1X134.2315Y-92.3638
G1X134.3283Y-92.2911
G1X135.8141Y-90.8053
G1X135.9109Y-90.7326
G1X135.9892Y-90.7179
G1X136.0463Y-90.7507
G1X136.0797Y-90.8203
G1X136.0868Y-90.9162
G1X136.0650Y-91.0279
G1X136.0118Y-91.1447
G1X135.9244Y-91.2562
G1X134.4387Y-92.7420
G1X134.3513Y-92.8534
G1X134.2980Y-92.9703
G1X134.2763Y-93.0819
G1X134.2834Y-93.1779
G1X134.3168Y-93.2475
G1X134.3739Y-93.2803
G1X134.4522Y-93.2656
G1X134.5490Y-93.1929
G1X136.0348Y-91.7071
G1X136.1316Y-91.6344
G1X136.2099Y-91.6197
G1X136.2670Y-91.6524
G1X136.3004Y-91.7221
G1X136.3076Y-91.8180
G1X136.2858Y-91.9297
G1X136.2325Y-92.0465
G1X136.1452Y-92.1580
G1X134.6594Y-93.6437
G1X134.5721Y-93.7552
G1X134.5188Y-93.8720
G1X134.4970Y-93.9837
G1X134.5041Y-94.0797
G1X134.5375Y-94.1493
G1X134.5947Y-94.1820
G1X134.6730Y-94.1673
G1X134.7698Y-94.0946
G1X136.2555Y-92.6089
G1X136.3524Y-92.5362
G1X136.4306Y-92.5215
G1X136.4878Y-92.5542
G1X136.5212Y-92.6238
G1X136.5283Y-92.7198
G1X136.5065Y-92.8315
G1X136.4532Y-92.9483
G1X136.3659Y-93.0598
G1X134.8718Y-94.5539
G1X134.7840Y-94.6658
G1X134.7294Y-94.7840
G1X134.7058Y-94.8975
G1X134.7108Y-94.9955
G1X134.7421Y-95.0672
G1X134.7974Y-95.1018
G1X134.8744Y-95.0884
G1X134.9708Y-95.0162
G1X136.4763Y-93.5107
G1X136.5731Y-93.4380
G1X136.6514Y-93.4233
G1X136.7085Y-93.4560
G1X136.7420Y-93.5257
G1X136.7490Y-93.6216
G1X136.7273Y-93.7332
G1X136.6740Y-93.8501
G1X136.5866Y-93.9616
G1X135.0697Y-95.4785
G1X134.9819Y-95.5905
G1X134.9273Y-95.7086
G1X134.9037Y-95.8221
G1X134.9087Y-95.9201
G1X134.9400Y-95.9919
G1X134.9953Y-96.0264
G1X135.0723Y-96.0131
G1X135.1687Y-95.9408
G1X136.6970Y-94.4125
G1X136.7937Y-94.3399
G1X136.8715Y-94.3257
G1X136.9279Y-94.3591
G1X136.9606Y-94.4296
G1X136.9669Y-94.5263
G1X136.9444Y-94.6386
G1X136.8907Y-94.7559
G1X136.8032Y-94.8676
G1X135.2676Y-96.4031
G1X135.1798Y-96.5151
G1X135.1252Y-96.6332
G1X135.1016Y-96.7467
G1X135.1066Y-96.8448
G1X135.1379Y-96.9165
G1X135.1932Y-96.9511
G1X135.2702Y-96.9377
G1X135.3666Y-96.8655
G1X136.9021Y-95.3299
G1X136.9984Y-95.2577
G1X137.0754Y-95.2443
G1X137.1307Y-95.2789
G1X137.1621Y-95.3506
G1X137.1671Y-95.4486
G1X137.1435Y-95.5621
G1X137.0889Y-95.6803
G1X137.0011Y-95.7922
G1X135.4655Y-97.3278
G1X135.3777Y-97.4397
G1X135.3231Y-97.5579
G1X135.2995Y-97.6714
G1X135.3045Y-97.7694
G1X135.3358Y-97.8411
G1X135.3911Y-97.8757
G1X135.4681Y-97.8623
G1X135.5645Y-97.7901
G1X137.1000Y-96.2545
G1X137.1963Y-96.1823
G1X137.2733Y-96.1689
G1X137.3286Y-96.2035
G1X137.3600Y-96.2752
G1X137.3650Y-96.3733
G1X137.3414Y-96.4868
G1X137.2868Y-96.6049
G1X137.1990Y-96.7168
G1X135.6634Y-98.2524
G1X135.5756Y-98.3644
G1X135.5210Y-98.4825
G1X135.4974Y-98.5960
G1X135.5025Y-98.6940
G1X135.5338Y-98.7657
G1X135.5891Y-98.8003
G1X135.6661Y-98.7869
G1X135.7624Y-98.7146
G1X137.2979Y-97.1792
G1X137.3943Y-97.1070
G1X137.4712Y-97.0936
G1X137.5265Y-97.1281
G1X137.5579Y-97.1998
G1X137.5629Y-97.2979
G1X137.5392Y-97.4114
G1X137.4847Y-97.5295
G1X137.3969Y-97.6415
G1X135.8488Y-99.1895
G1X135.7605Y-99.3020
G1X135.7045Y-99.4216
G1X135.6788Y-99.5371
G1X135.6816Y-99.6374
G1X135.7106Y-99.7115
G1X135.7639Y-99.7481
G1X135.8394Y-99.7361
G1X135.9352Y-99.6644
G1X137.4958Y-98.1038
G1X137.5921Y-98.0316
G1X137.6691Y-98.0182
G1X137.7244Y-98.0528
G1X137.7558Y-98.1245
G1X137.7608Y-98.2225
G1X137.7372Y-98.3360
G1X137.6826Y-98.4542
G1X137.5948Y-98.5661
G1X136.0216Y-100.1393
G1X135.9332Y-100.2518
G1X135.8772Y-100.3714
G1X135.8516Y-100.4869
G1X135.8543Y-100.5872
G1X135.8833Y-100.6612
G1X135.9366Y-100.6978
G1X136.0122Y-100.6859
G1X136.1080Y-100.6142
G1X137.6937Y-99.0284
G1X137.7897Y-98.9566
G1X137.8657Y-98.9441
G1X137.9197Y-98.9800
G1X137.9496Y-99.0532
G1X137.9531Y-99.1527
G1X137.9282Y-99.2675
G1X137.8727Y-99.3866
G1X137.7845Y-99.4989
G1X136.1943Y-101.0891
G1X136.1060Y-101.2015
G1X136.0500Y-101.3211
G1X136.0244Y-101.4366
G1X136.0271Y-101.5370
G1X136.0561Y-101.6110
G1X136.1094Y-101.6476
G1X136.1850Y-101.6356
G1X136.2807Y-101.5639
G1X137.8709Y-99.9738
G1X137.9667Y-99.9021
G1X138.0422Y-99.8902
G1X138.0955Y-99.9267
G1X138.1245Y-100.0008
G1X138.1273Y-100.1011
G1X138.1016Y-100.2166
G1X138.0456Y-100.3362
G1X137.9573Y-100.4487
G1X136.3671Y-102.0388
G1X136.2787Y-102.1513
G1X136.2228Y-102.2709
G1X136.1971Y-102.3864
G1X136.1998Y-102.4868
G1X136.2288Y-102.5608
G1X136.2821Y-102.5974
G1X136.3577Y-102.5854
G1X136.4535Y-102.5137
G1X138.0437Y-100.9236
G1X138.1394Y-100.8519
G1X138.2150Y-100.8399
G1X138.2683Y-100.8765
G1X138.2973Y-100.9506
G1X138.3000Y-101.0509
G1X138.2744Y-101.1664
G1X138.2184Y-101.2860
G1X138.1300Y-101.3985
G1X136.5399Y-102.9886
G1X136.4515Y-103.1011
G1X136.3956Y-103.2206
G1X136.3701Y-103.3360
G1X136.3729Y-103.4362
G1X136.4020Y-103.5101
G1X136.4554Y-103.5466
G1X136.5311Y-103.5346
G1X136.6269Y-103.4629
G1X138.2164Y-101.8733
G1X138.3122Y-101.8017
G1X138.3878Y-101.7897
G1X138.4411Y-101.8263
G1X138.4701Y-101.9003
G1X138.4728Y-102.0007
G1X138.4471Y-102.1162
G1X138.3912Y-102.2357
G1X138.3028Y-102.3482
G1X136.6995Y-103.9515
G1X136.6105Y-104.0646
G1X136.5530Y-104.1857
G1X136.5252Y-104.3034
G1X136.5253Y-104.4063
G1X136.5518Y-104.4829
G1X136.6029Y-104.5217
G1X136.6769Y-104.5112
G1X136.7721Y-104.4401
G1X138.3892Y-102.8231
G1X138.4850Y-102.7514
G1X138.5605Y-102.7395
G1X138.6138Y-102.7760
G1X138.6428Y-102.8501
G1X138.6455Y-102.9504
G1X138.6199Y-103.0660
G1X138.5639Y-103.1855
G1X138.4756Y-103.2980
G1X136.8447Y-104.9288
G1X136.7558Y-105.0419
G1X136.6982Y-105.1630
G1X136.6704Y-105.2807
G1X136.6706Y-105.3836
G1X136.6971Y-105.4601
G1X136.7482Y-105.4989
G1X136.8222Y-105.4885
G1X136.9174Y-105.4174
G1X138.5619Y-103.7729
G1X138.6574Y-103.7016
G1X138.7319Y-103.6906
G1X138.7838Y-103.7285
G1X138.8113Y-103.8042
G1X138.8124Y-103.9061
G1X138.7854Y-104.0230
G1X138.7284Y-104.1436
G1X138.6397Y-104.2564
G1X136.9900Y-105.9061
G1X136.9010Y-106.0192
G1X136.8435Y-106.1403
G1X136.8157Y-106.2580
G1X136.8159Y-106.3609
G1X136.8423Y-106.4374
G1X136.8934Y-106.4762
G1X136.9674Y-106.4658
G1X137.0626Y-106.3947
G1X138.7123Y-104.7451
G1X138.8075Y-104.6740
G1X138.8815Y-104.6636
G1X138.9326Y-104.7023
G1X138.9591Y-104.7789
G1X138.9592Y-104.8818
G1X138.9314Y-104.9995
G1X138.8739Y-105.1206
G1X138.7849Y-105.2337
G1X137.1353Y-106.8834
G1X137.0463Y-106.9964
G1X136.9888Y-107.1176
G1X136.9609Y-107.2353
G1X136.9611Y-107.3382
G1X136.9876Y-107.4147
G1X137.0387Y-107.4535
G1X137.1127Y-107.4431
G1X137.2079Y-107.3720
G1X138.8575Y-105.7223
G1X138.9527Y-105.6513
G1X139.0267Y-105.6409
G1X139.0778Y-105.6796
G1X139.1043Y-105.7562
G1X139.1045Y-105.8591
G1X139.0767Y-105.9768
G1X139.0191Y-106.0979
G1X138.9302Y-106.2110
G1X137.2805Y-107.8606
G1X137.2121Y-107.9532
G1X137.2086Y-108.0203
G1X137.2572Y-108.0615
G1X137.3450Y-108.0768
G1X137.4592Y-108.0657
G1X137.5867Y-108.0280
G1X137.7148Y-107.9635
G1X137.8305Y-107.8719
G1X139.0028Y-106.6996
G1X139.0980Y-106.6285
G1X139.1720Y-106.6181
G1X139.2231Y-106.6569
G1X139.2496Y-106.7335
G1X139.2498Y-106.8363
G1X139.2219Y-106.9541
G1X139.1644Y-107.0752
G1X139.0754Y-107.1883
G1X138.3918Y-107.8719
G1X138.3238Y-107.9640
G1X138.3216Y-108.0298
G1X138.3720Y-108.0693
G1X138.4619Y-108.0824
G1X138.5781Y-108.0693
G1X138.7075Y-108.0298
G1X138.8368Y-107.9640
G1X138.9530Y-107.8719
G1X139.2948Y-107.5301
G1X139.3432Y-107.5402
G1X139.3815Y-107.6410
G1X139.4030Y-107.7856
G1X139.4007Y-107.9272
G1X139.3675Y-108.0187
G1X139.3038Y-108.0824
G1 Z0F20000
(Start Block)

G1X121.0826Y-108.2147
G1Z6F20000
(Plotting speed under)
G1 F8000

G1X121.6275Y-112.9772
G1X121.9850Y-117.4751
G1X122.1948Y-122.2376
G1X122.2323Y-126.7356
G1X119.5865Y-126.7356
G1X119.5490Y-122.2376
G1X119.3392Y-117.4751
G1X118.9817Y-112.9772
G1X118.4368Y-108.2147
G1X121.0826Y-108.2147
G1 Z0F20000
(Start Block)

G1X118.9006Y-108.3470
G1Z6F20000
(Plotting speed under)
G1 F8000

G1X118.7591Y-108.4886
G1X118.6929Y-108.5858
G1X118.6549Y-108.7040
G1X118.6430Y-108.8255
G1X118.6553Y-108.9327
G1X118.6897Y-109.0079
G1X118.7441Y-109.0337
G1X118.8167Y-108.9922
G1X119.2514Y-108.5575
G1X119.3676Y-108.4654
G1X119.4970Y-108.3996
G1X119.6263Y-108.3601
G1X119.7425Y-108.3470
G1X119.8324Y-108.3601
G1X119.8829Y-108.3996
G1X119.8807Y-108.4654
G1X119.8127Y-108.5575
G1X118.9432Y-109.4270
G1X118.8536Y-109.5407
G1X118.7944Y-109.6635
G1X118.7641Y-109.7836
G1X118.7615Y-109.8892
G1X118.7853Y-109.9686
G1X118.8340Y-110.0098
G1X118.9063Y-110.0010
G1X119.0008Y-109.9306
G1X120.3739Y-108.5575
G1X120.4832Y-108.4724
G1X120.5941Y-108.4250
G1X120.6975Y-108.4116
G1X120.7838Y-108.4282
G1X120.8439Y-108.4712
G1X120.8683Y-108.5367
G1X120.8477Y-108.6209
G1X120.7727Y-108.7200
G1X119.0585Y-110.4342
G1X118.9688Y-110.5480
G1X118.9096Y-110.6708
G1X118.8794Y-110.7909
G1X118.8768Y-110.8965
G1X118.9005Y-110.9758
G1X118.9492Y-111.0170
G1X119.0215Y-111.0083
G1X119.1161Y-110.9379
G1X120.8304Y-109.2236
G1X120.9249Y-109.1532
G1X120.9972Y-109.1444
G1X121.0459Y-109.1856
G1X121.0696Y-109.2650
G1X121.0670Y-109.3706
G1X121.0368Y-109.4907
G1X120.9776Y-109.6135
G1X120.8880Y-109.7272
G1X119.1737Y-111.4415
G1X119.0841Y-111.5552
G1X119.0249Y-111.6781
G1X118.9946Y-111.7982
G1X118.9921Y-111.9038
G1X119.0158Y-111.9831
G1X119.0645Y-112.0243
G1X119.1368Y-112.0156
G1X119.2313Y-111.9451
G1X120.9456Y-110.2309
G1X121.0402Y-110.1604
G1X121.1125Y-110.1517
G1X121.1612Y-110.1929
G1X121.1849Y-110.2722
G1X121.1823Y-110.3778
G1X121.1521Y-110.4980
G1X121.0928Y-110.6208
G1X121.0032Y-110.7345
G1X119.2890Y-112.4488
G1X119.1991Y-112.5628
G1X119.1391Y-112.6863
G1X119.1079Y-112.8075
G1X119.1041Y-112.9143
G1X119.1266Y-112.9948
G1X119.1743Y-113.0370
G1X119.2459Y-113.0290
G1X119.3402Y-112.9588
G1X121.0609Y-111.2382
G1X121.1554Y-111.1677
G1X121.2277Y-111.1590
G1X121.2764Y-111.2002
G1X121.3001Y-111.2795
G1X121.2976Y-111.3851
G1X121.2673Y-111.5052
G1X121.2081Y-111.6281
G1X121.1185Y-111.7418
G1X119.3815Y-113.4788
G1X119.2912Y-113.5932
G1X119.2301Y-113.7179
G1X119.1973Y-113.8406
G1X119.1917Y-113.9492
G1X119.2124Y-114.0315
G1X119.2585Y-114.0754
G1X119.3290Y-114.0685
G1X119.4228Y-113.9987
G1X121.1761Y-112.2454
G1X121.2707Y-112.1750
G1X121.3430Y-112.1663
G1X121.3917Y-112.2075
G1X121.4154Y-112.2868
G1X121.4128Y-112.3924
G1X121.3826Y-112.5125
G1X121.3234Y-112.6354
G1X121.2337Y-112.7491
G1X119.4641Y-114.5187
G1X119.3738Y-114.6331
G1X119.3128Y-114.7578
G1X119.2799Y-114.8805
G1X119.2743Y-114.9891
G1X119.2951Y-115.0714
G1X119.3412Y-115.1152
G1X119.4116Y-115.1084
G1X119.5055Y-115.0386
G1X121.2914Y-113.2527
G1X121.3852Y-113.1830
G1X121.4554Y-113.1764
G1X121.5012Y-113.2205
G1X121.5217Y-113.3031
G1X121.5158Y-113.4120
G1X121.4827Y-113.5350
G1X121.4214Y-113.6598
G1X121.3310Y-113.7744
G1X119.5468Y-115.5586
G1X119.4565Y-115.6730
G1X119.3954Y-115.7977
G1X119.3625Y-115.9204
G1X119.3570Y-116.0290
G1X119.3777Y-116.1113
G1X119.4238Y-116.1551
G1X119.4943Y-116.1482
G1X119.5881Y-116.0785
G1X121.3723Y-114.2943
G1X121.4662Y-114.2245
G1X121.5366Y-114.2177
G1X121.5827Y-114.2615
G1X121.6035Y-114.3438
G1X121.5979Y-114.4524
G1X121.5650Y-114.5751
G1X121.5040Y-114.6998
G1X121.4137Y-114.8142
G1X119.6295Y-116.5984
G1X119.5392Y-116.7129
G1X119.4781Y-116.8375
G1X119.4452Y-116.9603
G1X119.4396Y-117.0689
G1X119.4604Y-117.1512
G1X119.5065Y-117.1950
G1X119.5769Y-117.1881
G1X119.6708Y-117.1184
G1X121.4550Y-115.3342
G1X121.5488Y-115.2644
G1X121.6193Y-115.2576
G1X121.6654Y-115.3014
G1X121.6861Y-115.3837
G1X121.6805Y-115.4923
G1X121.6477Y-115.6150
G1X121.5866Y-115.7397
G1X121.4963Y-115.8541
G1X119.6992Y-117.6513
G1X119.6081Y-117.7664
G1X119.5450Y-117.8931
G1X119.5093Y-118.0187
G1X119.5005Y-118.1305
G1X119.5180Y-118.2161
G1X119.5613Y-118.2627
G1X119.6297Y-118.2578
G1X119.7228Y-118.1889
G1X121.5376Y-116.3741
G1X121.6315Y-116.3043
G1X121.7019Y-116.2974
G1X121.7480Y-116.3412
G1X121.7688Y-116.4236
G1X121.7632Y-116.5322
G1X121.7304Y-116.6549
G1X121.6693Y-116.7796
G1X121.5790Y-116.8940
G1X119.7465Y-118.7264
G1X119.6554Y-118.8416
G1X119.5924Y-118.9683
G1X119.5567Y-119.0939
G1X119.5479Y-119.2057
G1X119.5654Y-119.2912
G1X119.6086Y-119.3379
G1X119.6771Y-119.3330
G1X119.7702Y-119.2640
G1X121.6203Y-117.4139
G1X121.7138Y-117.3445
G1X121.7833Y-117.3386
G1X121.8281Y-117.3837
G1X121.8474Y-117.4675
G1X121.8403Y-117.5776
G1X121.8061Y-117.7017
G1X121.7441Y-117.8273
G1X121.6535Y-117.9420
G1X119.7939Y-119.8016
G1X119.7028Y-119.9168
G1X119.6397Y-120.0435
G1X119.6040Y-120.1690
G1X119.5953Y-120.2809
G1X119.6127Y-120.3664
G1X119.6560Y-120.4131
G1X119.7244Y-120.4082
G1X119.8176Y-120.3392
G1X121.6772Y-118.4796
G1X121.7702Y-118.4106
G1X121.8387Y-118.4058
G1X121.8820Y-118.4524
G1X121.8995Y-118.5379
G1X121.8906Y-118.6498
G1X121.8550Y-118.7753
G1X121.7919Y-118.9020
G1X121.7008Y-119.0172
G1X119.8412Y-120.8768
G1X119.7502Y-120.9920
G1X119.6871Y-121.1186
G1X119.6514Y-121.2442
G1X119.6426Y-121.3561
G1X119.6601Y-121.4416
G1X119.7034Y-121.4882
G1X119.7718Y-121.4833
G1X119.8649Y-121.4144
G1X121.7245Y-119.5548
G1X121.8176Y-119.4858
G1X121.8861Y-119.4809
G1X121.9293Y-119.5276
G1X121.9468Y-119.6131
G1X121.9380Y-119.7249
G1X121.9023Y-119.8505
G1X121.8393Y-119.9772
G1X121.7482Y-120.0924
G1X119.8911Y-121.9494
G1X119.7992Y-122.0654
G1X119.7340Y-122.1943
G1X119.6953Y-122.3229
G1X119.6830Y-122.4382
G1X119.6970Y-122.5272
G1X119.7372Y-122.5769
G1X119.8035Y-122.5742
G1X119.8958Y-122.5060
G1X121.7719Y-120.6300
G1X121.8650Y-120.5610
G1X121.9334Y-120.5561
G1X121.9767Y-120.6027
G1X121.9942Y-120.6883
G1X121.9854Y-120.8001
G1X121.9497Y-120.9257
G1X121.8866Y-121.0524
G1X121.7956Y-121.1675
G1X119.9004Y-123.0627
G1X119.8085Y-123.1787
G1X119.7433Y-123.3075
G1X119.7046Y-123.4361
G1X119.6923Y-123.5515
G1X119.7063Y-123.6405
G1X119.7465Y-123.6902
G1X119.8128Y-123.6875
G1X119.9051Y-123.6193
G1X121.8192Y-121.7051
G1X121.9123Y-121.6361
G1X121.9808Y-121.6313
G1X122.0240Y-121.6779
G1X122.0415Y-121.7635
G1X122.0327Y-121.8753
G1X121.9971Y-122.0009
G1X121.9340Y-122.1275
G1X121.8429Y-122.2427
G1X119.9097Y-124.1759
G1X119.8178Y-124.2919
G1X119.7526Y-124.4208
G1X119.7138Y-124.5494
G1X119.7015Y-124.6647
G1X119.7156Y-124.7538
G1X119.7557Y-124.8034
G1X119.8221Y-124.8007
G1X119.9143Y-124.7326
G1X121.8550Y-122.7919
G1X121.9472Y-122.7238
G1X122.0135Y-122.7211
G1X122.0537Y-122.7708
G1X122.0677Y-122.8598
G1X122.0554Y-122.9751
G1X122.0167Y-123.1037
G1X121.9515Y-123.2326
G1X121.8596Y-123.3486
G1X119.9190Y-125.2892
G1X119.8271Y-125.4052
G1X119.7618Y-125.5340
G1X119.7231Y-125.6626
G1X119.7108Y-125.7780
G1X119.7248Y-125.8670
G1X119.7650Y-125.9167
G1X119.8313Y-125.9140
G1X119.9236Y-125.8458
G1X121.8642Y-123.9052
G1X121.9565Y-123.8370
G1X122.0228Y-123.8343
G1X122.0630Y-123.8840
G1X122.0770Y-123.9730
G1X122.0647Y-124.0884
G1X122.0260Y-124.2170
G1X121.9608Y-124.3458
G1X121.8689Y-124.4618
G1X119.9379Y-126.3928
G1X119.8699Y-126.4849
G1X119.8677Y-126.5506
G1X119.9182Y-126.5901
G1X120.0081Y-126.6033
G1X120.1243Y-126.5901
G1X120.2536Y-126.5506
G1X120.3830Y-126.4849
G1X120.4992Y-126.3928
G1X121.8735Y-125.0184
G1X121.9658Y-124.9503
G1X122.0321Y-124.9476
G1X122.0723Y-124.9973
G1X122.0863Y-125.0863
G1X122.0740Y-125.2016
G1X122.0353Y-125.3303
G1X121.9700Y-125.4591
G1X121.8782Y-125.5751
G1X121.0604Y-126.3928
G1X120.9925Y-126.4849
G1X120.9903Y-126.5506
G1X121.0407Y-126.5901
G1X121.1306Y-126.6033
G1X121.2468Y-126.5901
G1X121.3761Y-126.5506
G1X121.5055Y-126.4849
G1X121.6217Y-126.3928
G1X122.0306Y-125.9839
G1X122.0657Y-125.9903
G1X122.0875Y-126.0725
G1X122.0956Y-126.1995
G1X122.0897Y-126.3405
G1X122.0697Y-126.4645
G1X122.0352Y-126.5406
G1X121.9725Y-126.6033
G1 Z0F20000
(Start Block)

G1X103.7115Y-126.7356
G1Z6F20000
(Plotting speed under)
G1 F8000

G1X103.5927Y-131.2335
G1X103.2973Y-135.9960
G1X102.8600Y-140.4939
G1X102.2322Y-145.2564
G1X99.5863Y-145.2564
G1X100.2141Y-140.4939
G1X100.6515Y-135.9960
G1X100.9468Y-131.2335
G1X101.0656Y-126.7356
G1X103.7115Y-126.7356
G1 Z0F20000
(Start Block)

G1X101.1919Y-126.9647
G1Z6F20000
(Plotting speed under)
G1 F8000

G1X101.2404Y-126.9163
G1X101.3297Y-126.8853
G1X101.4844Y-126.8698
G1X101.6505Y-126.8698
G1X101.7743Y-126.8853
G1X101.8016Y-126.9163
G1X101.3872Y-127.3307
G1X101.2944Y-127.4476
G1X101.2269Y-127.5786
G1X101.1850Y-127.7104
G1X101.1691Y-127.8294
G1X101.1794Y-127.9221
G1X101.2165Y-127.9750
G1X101.2805Y-127.9745
G1X101.3720Y-127.9072
G1X102.2008Y-127.0783
G1X102.3170Y-126.9862
G1X102.4464Y-126.9205
G1X102.5758Y-126.8810
G1X102.6919Y-126.8679
G1X102.7818Y-126.8810
G1X102.8323Y-126.9205
G1X102.8301Y-126.9862
G1X102.7621Y-127.0783
G1X101.3567Y-128.4837
G1X101.2640Y-128.6006
G1X101.1965Y-128.7316
G1X101.1546Y-128.8634
G1X101.1386Y-128.9824
G1X101.1490Y-129.0751
G1X101.1860Y-129.1280
G1X101.2501Y-129.1275
G1X101.3415Y-129.0602
G1X103.3234Y-127.0783
G1X103.4167Y-127.0092
G1X103.4856Y-127.0038
G1X103.5295Y-127.0498
G1X103.5477Y-127.1346
G1X103.5396Y-127.2457
G1X103.5046Y-127.3706
G1X103.4420Y-127.4969
G1X103.3511Y-127.6119
G1X101.3263Y-129.6367
G1X101.2335Y-129.7536
G1X101.1660Y-129.8846
G1X101.1241Y-130.0164
G1X101.1082Y-130.1354
G1X101.1185Y-130.2281
G1X101.1556Y-130.2810
G1X101.2196Y-130.2805
G1X101.3110Y-130.2132
G1X103.3359Y-128.1884
G1X103.4273Y-128.1211
G1X103.4913Y-128.1206
G1X103.5284Y-128.1735
G1X103.5387Y-128.2662
G1X103.5228Y-128.3851
G1X103.4809Y-128.5169
G1X103.4134Y-128.6480
G1X103.3206Y-128.7649
G1X101.2958Y-130.7897
G1X101.2117Y-130.8930
G1X101.1467Y-131.0096
G1X101.1014Y-131.1296
G1X101.0762Y-131.2433
G1X101.0716Y-131.3411
G1X101.0880Y-131.4133
G1X101.1258Y-131.4501
G1X101.1856Y-131.4419
G1X101.2678Y-131.3790
G1X103.3054Y-129.3414
G1X103.3968Y-129.2741
G1X103.4609Y-129.2736
G1X103.4979Y-129.3264
G1X103.5083Y-129.4191
G1X103.4923Y-129.5381
G1X103.4504Y-129.6699
G1X103.3829Y-129.8010
G1X103.2902Y-129.9179
G1X101.2307Y-131.9774
G1X101.1462Y-132.0810
G1X101.0805Y-132.1984
G1X101.0340Y-132.3196
G1X101.0073Y-132.4348
G1X101.0011Y-132.5341
G1X101.0161Y-132.6077
G1X101.0527Y-132.6458
G1X101.1117Y-132.6384
G1X101.1935Y-132.5757
G1X103.2749Y-130.4944
G1X103.3664Y-130.4270
G1X103.4304Y-130.4266
G1X103.4674Y-130.4794
G1X103.4778Y-130.5721
G1X103.4618Y-130.6911
G1X103.4199Y-130.8229
G1X103.3524Y-130.9540
G1X103.2597Y-131.0708
G1X101.1565Y-133.1741
G1X101.0720Y-133.2778
G1X101.0063Y-133.3952
G1X100.9597Y-133.5163
G1X100.9331Y-133.6315
G1X100.9269Y-133.7308
G1X100.9419Y-133.8044
G1X100.9785Y-133.8425
G1X101.0374Y-133.8351
G1X101.1193Y-133.7725
G1X103.2365Y-131.6553
G1X103.3184Y-131.5927
G1X103.3774Y-131.5853
G1X103.4140Y-131.6233
G1X103.4289Y-131.6970
G1X103.4228Y-131.7963
G1X103.3961Y-131.9115
G1X103.3496Y-132.0326
G1X103.2838Y-132.1500
G1X103.1994Y-132.2537
G1X101.0822Y-134.3709
G1X100.9978Y-134.4746
G1X100.9320Y-134.5919
G1X100.8855Y-134.7131
G1X100.8589Y-134.8283
G1X100.8527Y-134.9276
G1X100.8676Y-135.0012
G1X100.9043Y-135.0393
G1X100.9632Y-135.0319
G1X101.0451Y-134.9692
G1X103.1623Y-132.8520
G1X103.2442Y-132.7894
G1X103.3032Y-132.7820
G1X103.3398Y-132.8201
G1X103.3547Y-132.8937
G1X103.3486Y-132.9930
G1X103.3219Y-133.1082
G1X103.2754Y-133.2294
G1X103.2096Y-133.3467
G1X103.1252Y-133.4504
G1X101.0080Y-135.5676
G1X100.9231Y-135.6718
G1X100.8560Y-135.7905
G1X100.8075Y-135.9136
G1X100.7786Y-136.0310
G1X100.7701Y-136.1327
G1X100.7827Y-136.2086
G1X100.8174Y-136.2486
G1X100.8751Y-136.2426
G1X100.9565Y-136.1804
G1X103.0881Y-134.0488
G1X103.1700Y-133.9862
G1X103.2289Y-133.9788
G1X103.2656Y-134.0168
G1X103.2805Y-134.0905
G1X103.2743Y-134.1898
G1X103.2477Y-134.3050
G1X103.2012Y-134.4261
G1X103.1354Y-134.5435
G1X103.0510Y-134.6472
G1X100.8960Y-136.8021
G1X100.8108Y-136.9066
G1X100.7429Y-137.0261
G1X100.6932Y-137.1504
G1X100.6629Y-137.2693
G1X100.6529Y-137.3725
G1X100.6641Y-137.4498
G1X100.6977Y-137.4909
G1X100.7545Y-137.4857
G1X100.8356Y-137.4239
G1X103.0139Y-135.2455
G1X103.0957Y-135.1829
G1X103.1547Y-135.1755
G1X103.1913Y-135.2136
G1X103.2063Y-135.2872
G1X103.2001Y-135.3865
G1X103.1735Y-135.5017
G1X103.1270Y-135.6229
G1X103.0612Y-135.7402
G1X102.9768Y-135.8439
G1X100.7751Y-138.0456
G1X100.6899Y-138.1500
G1X100.6220Y-138.2696
G1X100.5724Y-138.3939
G1X100.5420Y-138.5127
G1X100.5320Y-138.6159
G1X100.5433Y-138.6932
G1X100.5768Y-138.7343
G1X100.6336Y-138.7291
G1X100.7147Y-138.6673
G1X102.9301Y-136.4519
G1X103.0111Y-136.3901
G1X103.0679Y-136.3848
G1X103.1015Y-136.4260
G1X103.1127Y-136.5033
G1X103.1027Y-136.6065
G1X103.0724Y-136.7253
G1X103.0227Y-136.8496
G1X102.9548Y-136.9692
G1X102.8696Y-137.0736
G1X100.6542Y-139.2890
G1X100.5690Y-139.3935
G1X100.5011Y-139.5130
G1X100.4514Y-139.6373
G1X100.4211Y-139.7561
G1X100.4111Y-139.8593
G1X100.4223Y-139.9366
G1X100.4559Y-139.9778
G1X100.5127Y-139.9725
G1X100.5938Y-139.9107
G1X102.8091Y-137.6953
G1X102.8902Y-137.6335
G1X102.9470Y-137.6283
G1X102.9806Y-137.6694
G1X102.9918Y-137.7467
G1X102.9818Y-137.8499
G1X102.9515Y-137.9688
G1X102.9019Y-138.0931
G1X102.8339Y-138.2126
G1X102.7487Y-138.3170
G1X100.5240Y-140.5418
G1X100.4379Y-140.6471
G1X100.3677Y-140.7689
G1X100.3148Y-140.8965
G1X100.2806Y-141.0192
G1X100.2664Y-141.1265
G1X100.2738Y-141.2077
G1X100.3040Y-141.2522
G1X100.3585Y-141.2492
G1X100.4388Y-141.1883
G1X102.6883Y-138.9388
G1X102.7693Y-138.8769
G1X102.8261Y-138.8717
G1X102.8597Y-138.9129
G1X102.8709Y-138.9901
G1X102.8609Y-139.0934
G1X102.8306Y-139.2122
G1X102.7809Y-139.3365
G1X102.7130Y-139.4560
G1X102.6278Y-139.5605
G1X100.3535Y-141.8347
G1X100.2675Y-141.9401
G1X100.1973Y-142.0618
G1X100.1444Y-142.1894
G1X100.1101Y-142.3122
G1X100.0960Y-142.4195
G1X100.1033Y-142.5007
G1X100.1336Y-142.5451
G1X100.1881Y-142.5422
G1X100.2683Y-142.4812
G1X102.5673Y-140.1822
G1X102.6491Y-140.1197
G1X102.7077Y-140.1126
G1X102.7439Y-140.1512
G1X102.7583Y-140.2253
G1X102.7515Y-140.3252
G1X102.7243Y-140.4410
G1X102.6774Y-140.5626
G1X102.6113Y-140.6803
G1X102.5267Y-140.7841
G1X100.1831Y-143.1277
G1X100.0970Y-143.2330
G1X100.0268Y-143.3548
G1X99.9739Y-143.4824
G1X99.9397Y-143.6052
G1X99.9256Y-143.7125
G1X99.9329Y-143.7937
G1X99.9631Y-143.8381
G1X100.0177Y-143.8352
G1X100.0979Y-143.7742
G1X102.4171Y-141.4550
G1X102.4973Y-141.3940
G1X102.5519Y-141.3911
G1X102.5821Y-141.4355
G1X102.5895Y-141.5167
G1X102.5753Y-141.6240
G1X102.5411Y-141.7468
G1X102.4882Y-141.8744
G1X102.4180Y-141.9961
G1X102.3319Y-142.1015
G1X100.0127Y-144.4207
G1X99.9235Y-144.5340
G1X99.8655Y-144.6556
G1X99.8370Y-144.7740
G1X99.8363Y-144.8776
G1X99.8621Y-144.9550
G1X99.9125Y-144.9945
G1X99.9860Y-144.9845
G1X100.0810Y-144.9136
G1X102.2467Y-142.7479
G1X102.3269Y-142.6870
G1X102.3814Y-142.6840
G1X102.4117Y-142.7285
G1X102.4190Y-142.8097
G1X102.4049Y-142.9170
G1X102.3706Y-143.0397
G1X102.3177Y-143.1673
G1X102.2475Y-143.2891
G1X102.1614Y-143.3944
G1X100.6423Y-144.9136
G1X100.5743Y-145.0057
G1X100.5721Y-145.0715
G1X100.6225Y-145.1110
G1X100.7124Y-145.1241
G1X100.8286Y-145.1110
G1X100.9580Y-145.0715
G1X101.0873Y-145.0057
G1X101.2035Y-144.9136
G1X102.0762Y-144.0409
G1X102.1565Y-143.9800
G1X102.2110Y-143.9770
G1X102.2412Y-144.0214
G1X102.2486Y-144.1026
G1X102.2344Y-144.2100
G1X102.2002Y-144.3327
G1X102.1473Y-144.4603
G1X102.0771Y-144.5821
G1X101.9910Y-144.6874
G1X101.5543Y-145.1241
G1 Z0F20000
(Start Block)

G1X120.7530Y-145.2564
G1Z6F20000
(Plotting speed under)
G1 F8000

G1X120.0082Y-149.7543
G1X119.1204Y-154.2522
G1X118.0303Y-159.0147
G1X116.7932Y-163.7773
G1X114.1473Y-163.7773
G1X115.3845Y-159.0147
G1X116.4745Y-154.2522
G1X117.3624Y-149.7543
G1X118.1072Y-145.2564
G1X120.7530Y-145.2564
G1 Z0F20000
(Start Block)

G1X118.2060Y-145.4694
G1Z6F20000
(Plotting speed under)
G1 F8000

G1X118.2464Y-145.4290
G1X118.3306Y-145.4032
G1X118.4827Y-145.3903
G1X118.6488Y-145.3903
G1X118.7751Y-145.4032
G1X118.8076Y-145.4290
G1X118.3051Y-145.9316
G1X118.2181Y-146.0378
G1X118.1455Y-146.1620
G1X118.0891Y-146.2931
G1X118.0508Y-146.4200
G1X118.0323Y-146.5316
G1X118.0355Y-146.6169
G1X118.0623Y-146.6649
G1X118.1144Y-146.6643
G1X118.1937Y-146.6042
G1X119.1988Y-145.5992
G1X119.3150Y-145.5071
G1X119.4443Y-145.4413
G1X119.5737Y-145.4018
G1X119.6899Y-145.3887
G1X119.7798Y-145.4018
G1X119.8302Y-145.4413
G1X119.8280Y-145.5071
G1X119.7601Y-145.5992
G1X118.0823Y-147.2769
G1X117.9954Y-147.3831
G1X117.9228Y-147.5073
G1X117.8664Y-147.6384
G1X117.8280Y-147.7653
G1X117.8095Y-147.8769
G1X117.8128Y-147.9623
G1X117.8395Y-148.0102
G1X117.8916Y-148.0096
G1X117.9709Y-147.9496
G1X120.3213Y-145.5992
G1X120.4033Y-145.5364
G1X120.4626Y-145.5287
G1X120.4998Y-145.5662
G1X120.5153Y-145.6392
G1X120.5098Y-145.7379
G1X120.4838Y-145.8524
G1X120.4378Y-145.9731
G1X120.3724Y-146.0901
G1X120.2881Y-146.1936
G1X117.8596Y-148.6222
G1X117.7726Y-148.7284
G1X117.7000Y-148.8526
G1X117.6436Y-148.9837
G1X117.6052Y-149.1106
G1X117.5868Y-149.2222
G1X117.5900Y-149.3075
G1X117.6167Y-149.3555
G1X117.6689Y-149.3549
G1X117.7482Y-149.2949
G1X120.1767Y-146.8663
G1X120.2561Y-146.8062
G1X120.3082Y-146.8057
G1X120.3349Y-146.8536
G1X120.3381Y-146.9389
G1X120.3197Y-147.0506
G1X120.2813Y-147.1775
G1X120.2249Y-147.3085
G1X120.1523Y-147.4327
G1X120.0654Y-147.5389
G1X117.6210Y-149.9833
G1X117.5331Y-150.0905
G1X117.4580Y-150.2171
G1X117.3981Y-150.3517
G1X117.3555Y-150.4828
G1X117.3326Y-150.5989
G1X117.3316Y-150.6884
G1X117.3548Y-150.7399
G1X117.4045Y-150.7418
G1X117.4829Y-150.6826
G1X119.9540Y-148.2116
G1X120.0333Y-148.1515
G1X120.0854Y-148.1510
G1X120.1122Y-148.1989
G1X120.1154Y-148.2842
G1X120.0969Y-148.3959
G1X120.0586Y-148.5228
G1X120.0022Y-148.6538
G1X119.9296Y-148.7780
G1X119.8426Y-148.8842
G1X117.3449Y-151.3819
G1X117.2570Y-151.4891
G1X117.1820Y-151.6157
G1X117.1220Y-151.7503
G1X117.0795Y-151.8814
G1X117.0565Y-151.9975
G1X117.0556Y-152.0870
G1X117.0788Y-152.1385
G1X117.1284Y-152.1404
G1X117.2069Y-152.0812
G1X119.7312Y-149.5569
G1X119.8101Y-149.4972
G1X119.8612Y-149.4977
G1X119.8865Y-149.5472
G1X119.8879Y-149.6343
G1X119.8675Y-149.7478
G1X119.8273Y-149.8765
G1X119.7694Y-150.0091
G1X119.6958Y-150.1343
G1X119.6084Y-150.2410
G1X117.0688Y-152.7805
G1X116.9809Y-152.8877
G1X116.9059Y-153.0143
G1X116.8459Y-153.1489
G1X116.8034Y-153.2800
G1X116.7805Y-153.3961
G1X116.7795Y-153.4856
G1X116.8027Y-153.5371
G1X116.8524Y-153.5390
G1X116.9308Y-153.4798
G1X119.4704Y-150.9403
G1X119.5488Y-150.8811
G1X119.5985Y-150.8830
G1X119.6217Y-150.9345
G1X119.6207Y-151.0240
G1X119.5978Y-151.1401
G1X119.5552Y-151.2712
G1X119.4953Y-151.4058
G1X119.4202Y-151.5324
G1X119.3323Y-151.6396
G1X116.7883Y-154.1836
G1X116.7078Y-154.2798
G1X116.6363Y-154.3940
G1X116.5755Y-154.5176
G1X116.5276Y-154.6419
G1X116.4945Y-154.7580
G1X116.4783Y-154.8573
G1X116.4809Y-154.9311
G1X116.5043Y-154.9705
G1X116.5506Y-154.9669
G1X116.6217Y-154.9115
G1X119.1943Y-152.3389
G1X119.2727Y-152.2797
G1X119.3224Y-152.2816
G1X119.3456Y-152.3331
G1X119.3446Y-152.4226
G1X119.3217Y-152.5387
G1X119.2791Y-152.6698
G1X119.2192Y-152.8044
G1X119.1441Y-152.9310
G1X119.0563Y-153.0382
G1X116.4551Y-155.6394
G1X116.3746Y-155.7355
G1X116.3031Y-155.8497
G1X116.2423Y-155.9734
G1X116.1944Y-156.0976
G1X116.1613Y-156.2138
G1X116.1451Y-156.3131
G1X116.1477Y-156.3868
G1X116.1711Y-156.4262
G1X116.2174Y-156.4226
G1X116.2885Y-156.3672
G1X118.9182Y-153.7375
G1X118.9966Y-153.6783
G1X119.0463Y-153.6802
G1X119.0695Y-153.7317
G1X119.0685Y-153.8212
G1X119.0456Y-153.9373
G1X119.0031Y-154.0684
G1X118.9431Y-154.2030
G1X118.8681Y-154.3296
G1X118.7802Y-154.4368
G1X116.1219Y-157.0951
G1X116.0414Y-157.1912
G1X115.9698Y-157.3055
G1X115.9091Y-157.4291
G1X115.8612Y-157.5533
G1X115.8281Y-157.6695
G1X115.8119Y-157.7688
G1X115.8145Y-157.8425
G1X115.8379Y-157.8819
G1X115.8842Y-157.8783
G1X115.9553Y-157.8229
G1X118.6135Y-155.1647
G1X118.6846Y-155.1093
G1X118.7309Y-155.1057
G1X118.7544Y-155.1451
G1X118.7569Y-155.2188
G1X118.7407Y-155.3181
G1X118.7076Y-155.4343
G1X118.6597Y-155.5585
G1X118.5990Y-155.6822
G1X118.5274Y-155.7964
G1X118.4469Y-155.8926
G1X115.7887Y-158.5508
G1X115.7078Y-158.6475
G1X115.6348Y-158.7631
G1X115.5719Y-158.8888
G1X115.5215Y-159.0156
G1X115.4857Y-159.1344
G1X115.4667Y-159.2365
G1X115.4668Y-159.3127
G1X115.4882Y-159.3542
G1X115.5330Y-159.3520
G1X115.6036Y-159.2971
G1X118.2803Y-156.6204
G1X118.3514Y-156.5650
G1X118.3977Y-156.5614
G1X118.4212Y-156.6008
G1X118.4238Y-156.6746
G1X118.4075Y-156.7739
G1X118.3744Y-156.8900
G1X118.3265Y-157.0143
G1X118.2658Y-157.1379
G1X118.1942Y-157.2521
G1X118.1137Y-157.3483
G1X115.4067Y-160.0554
G1X115.3254Y-160.1524
G1X115.2515Y-160.2689
G1X115.1873Y-160.3960
G1X115.1353Y-160.5243
G1X115.0977Y-160.6450
G1X115.0770Y-160.7487
G1X115.0755Y-160.8266
G1X115.0955Y-160.8695
G1X115.1395Y-160.8681
G1X115.2097Y-160.8136
G1X117.9472Y-158.0761
G1X118.0183Y-158.0208
G1X118.0645Y-158.0171
G1X118.0880Y-158.0566
G1X118.0906Y-158.1303
G1X118.0743Y-158.2296
G1X118.0412Y-158.3457
G1X117.9933Y-158.4700
G1X117.9326Y-158.5936
G1X117.8610Y-158.7079
G1X117.7806Y-158.8040
G1X115.0127Y-161.5718
G1X114.9314Y-161.6688
G1X114.8575Y-161.7854
G1X114.7934Y-161.9124
G1X114.7413Y-162.0408
G1X114.7038Y-162.1614
G1X114.6830Y-162.2652
G1X114.6815Y-162.3431
G1X114.7015Y-162.3859
G1X114.7455Y-162.3846
G1X114.8158Y-162.3301
G1X117.5998Y-159.5460
G1X117.6701Y-159.4914
G1X117.7141Y-159.4901
G1X117.7341Y-159.5330
G1X117.7326Y-159.6108
G1X117.7118Y-159.7146
G1X117.6743Y-159.8352
G1X117.6222Y-159.9636
G1X117.5581Y-160.0907
G1X117.4842Y-160.2072
G1X117.4029Y-160.3042
G1X114.6188Y-163.0883
G1X114.5276Y-163.2105
G1X114.4896Y-163.3287
G1X114.4973Y-163.4307
G1X114.5431Y-163.5044
G1X114.6194Y-163.5377
G1X114.7189Y-163.5184
G1X114.8339Y-163.4345
G1X117.2059Y-161.0624
G1X117.2762Y-161.0079
G1X117.3201Y-161.0066
G1X117.3402Y-161.0494
G1X117.3386Y-161.1273
G1X117.3179Y-161.2311
G1X117.2804Y-161.3517
G1X117.2283Y-161.4801
G1X117.1642Y-161.6071
G1X117.0903Y-161.7237
G1X117.0090Y-161.8207
G1X115.3951Y-163.4345
G1X115.3272Y-163.5266
G1X115.3250Y-163.5924
G1X115.3754Y-163.6318
G1X115.4653Y-163.6450
G1X115.5815Y-163.6318
G1X115.7108Y-163.5924
G1X115.8402Y-163.5266
G1X115.9564Y-163.4345
G1X116.8120Y-162.5789
G1X116.8823Y-162.5243
G1X116.9262Y-162.5230
G1X116.9463Y-162.5659
G1X116.9447Y-162.6437
G1X116.9240Y-162.7475
G1X116.8864Y-162.8682
G1X116.8344Y-162.9965
G1X116.7702Y-163.1236
G1X116.6963Y-163.2401
G1X116.6150Y-163.3371
G1X116.3072Y-163.6450
G1 Z0F20000
(Start Block)

G1X135.3140Y-163.7773
G1Z6F20000
(Plotting speed under)
G1 F8000

G1X134.0180Y-168.2752
G1X132.6059Y-172.7731
G1X130.9935Y-177.5356
G1X129.2712Y-182.2981
G1X126.6254Y-182.2981
G1X128.3477Y-177.5356
G1X129.9600Y-172.7731
G1X131.3722Y-168.2752
G1X132.6682Y-163.7773
G1X135.3140Y-163.7773
G1 Z0F20000
(Start Block)

G1X132.7027Y-164.1355
G1Z6F20000
(Plotting speed under)
G1 F8000

G1X132.8156Y-164.0225
G1X132.9200Y-163.9598
G1X133.0615Y-163.9221
G1X133.2092Y-163.9095
G1X133.3318Y-163.9221
G1X133.3981Y-163.9598
G1X133.3769Y-164.0225
G1X132.6860Y-164.7135
G1X132.6038Y-164.8113
G1X132.5276Y-164.9301
G1X132.4601Y-165.0605
G1X132.4039Y-165.1930
G1X132.3619Y-165.3181
G1X132.3367Y-165.4264
G1X132.3311Y-165.5084
G1X132.3477Y-165.5546
G1X132.3894Y-165.5556
G1X132.4588Y-165.5019
G1X133.8406Y-164.1200
G1X133.9568Y-164.0279
G1X134.0862Y-163.9622
G1X134.2156Y-163.9227
G1X134.3318Y-163.9095
G1X134.4216Y-163.9227
G1X134.4721Y-163.9622
G1X134.4699Y-164.0279
G1X134.4019Y-164.1200
G1X132.2316Y-166.2903
G1X132.1494Y-166.3882
G1X132.0732Y-166.5070
G1X132.0057Y-166.6375
G1X131.9496Y-166.7699
G1X131.9075Y-166.8950
G1X131.8823Y-167.0033
G1X131.8767Y-167.0853
G1X131.8933Y-167.1315
G1X131.9350Y-167.1325
G1X132.0044Y-167.0788
G1X134.9632Y-164.1200
G1X135.0263Y-164.0700
G1X135.0643Y-164.0678
G1X135.0796Y-164.1061
G1X135.0748Y-164.1771
G1X135.0523Y-164.2734
G1X135.0146Y-164.3874
G1X134.9643Y-164.5115
G1X134.9038Y-164.6382
G1X134.8356Y-164.7599
G1X134.7623Y-164.8691
G1X134.6863Y-164.9582
G1X131.7772Y-167.8673
G1X131.6945Y-167.9657
G1X131.6167Y-168.0861
G1X131.5469Y-168.2188
G1X131.4879Y-168.3542
G1X131.4427Y-168.4823
G1X131.4145Y-168.5937
G1X131.4060Y-168.6785
G1X131.4203Y-168.7271
G1X131.4604Y-168.7296
G1X131.5292Y-168.6765
G1X134.4591Y-165.7467
G1X134.5285Y-165.6930
G1X134.5701Y-165.6939
G1X134.5868Y-165.7402
G1X134.5812Y-165.8221
G1X134.5560Y-165.9304
G1X134.5139Y-166.0555
G1X134.4578Y-166.1880
G1X134.3902Y-166.3184
G1X134.3140Y-166.4373
G1X134.2319Y-166.5351
G1X131.2724Y-169.4946
G1X131.1894Y-169.5933
G1X131.1110Y-169.7144
G1X131.0401Y-169.8481
G1X130.9799Y-169.9846
G1X130.9335Y-170.1142
G1X130.9039Y-170.2268
G1X130.8942Y-170.3128
G1X130.9075Y-170.3624
G1X130.9469Y-170.3656
G1X131.0155Y-170.3127
G1X134.0047Y-167.3236
G1X134.0741Y-167.2699
G1X134.1158Y-167.2709
G1X134.1324Y-167.3171
G1X134.1268Y-167.3990
G1X134.1016Y-167.5073
G1X134.0596Y-167.6324
G1X134.0034Y-167.7649
G1X133.9359Y-167.8953
G1X133.8597Y-168.0142
G1X133.7775Y-168.1120
G1X130.7587Y-171.1308
G1X130.6757Y-171.2295
G1X130.5973Y-171.3506
G1X130.5264Y-171.4844
G1X130.4662Y-171.6209
G1X130.4198Y-171.7504
G1X130.3902Y-171.8631
G1X130.3805Y-171.9490
G1X130.3938Y-171.9986
G1X130.4333Y-172.0018
G1X130.5018Y-171.9490
G1X133.5333Y-168.9175
G1X133.6019Y-168.8646
G1X133.6413Y-168.8679
G1X133.6546Y-168.9174
G1X133.6450Y-169.0034
G1X133.6153Y-169.1161
G1X133.5689Y-169.2456
G1X133.5087Y-169.3821
G1X133.4379Y-169.5158
G1X133.3594Y-169.6370
G1X133.2764Y-169.7356
G1X130.2389Y-172.7732
G1X130.1626Y-172.8625
G1X130.0886Y-172.9723
G1X130.0195Y-173.0951
G1X129.9577Y-173.2230
G1X129.9061Y-173.3485
G1X129.8670Y-173.4639
G1X129.8432Y-173.5615
G1X129.8371Y-173.6338
G1X129.8514Y-173.6730
G1X129.8887Y-173.6715
G1X129.9516Y-173.6217
G1X133.0196Y-170.5537
G1X133.0882Y-170.5009
G1X133.1276Y-170.5041
G1X133.1409Y-170.5537
G1X133.1312Y-170.6396
G1X133.1017Y-170.7523
G1X133.0552Y-170.8818
G1X132.9950Y-171.0183
G1X132.9242Y-171.1521
G1X132.8457Y-171.2732
G1X132.7627Y-171.3719
G1X129.6643Y-174.4702
G1X129.5881Y-174.5596
G1X129.5141Y-174.6694
G1X129.4449Y-174.7922
G1X129.3832Y-174.9201
G1X129.3315Y-175.0455
G1X129.2924Y-175.1610
G1X129.2686Y-175.2586
G1X129.2625Y-175.3308
G1X129.2769Y-175.3701
G1X129.3142Y-175.3686
G1X129.3771Y-175.3188
G1X132.5059Y-172.1900
G1X132.5745Y-172.1371
G1X132.6139Y-172.1404
G1X132.6272Y-172.1899
G1X132.6175Y-172.2759
G1X132.5879Y-172.3885
G1X132.5415Y-172.5181
G1X132.4813Y-172.6546
G1X132.4105Y-172.7883
G1X132.3320Y-172.9094
G1X132.2490Y-173.0081
G1X129.0898Y-176.1673
G1X129.0135Y-176.2567
G1X128.9395Y-176.3665
G1X128.8704Y-176.4892
G1X128.8087Y-176.6171
G1X128.7570Y-176.7426
G1X128.7179Y-176.8580
G1X128.6940Y-176.9557
G1X128.6880Y-177.0279
G1X128.7023Y-177.0671
G1X128.7397Y-177.0657
G1X128.8025Y-177.0159
G1X131.9593Y-173.8591
G1X132.0222Y-173.8093
G1X132.0595Y-173.8078
G1X132.0739Y-173.8470
G1X132.0678Y-173.9193
G1X132.0440Y-174.0169
G1X132.0049Y-174.1323
G1X131.9532Y-174.2578
G1X131.8915Y-174.3857
G1X131.8223Y-174.5084
G1X131.7483Y-174.6183
G1X131.6721Y-174.7076
G1X128.4973Y-177.8823
G1X128.4204Y-177.9724
G1X128.3444Y-178.0842
G1X128.2723Y-178.2098
G1X128.2070Y-178.3414
G1X128.1512Y-178.4709
G1X128.1080Y-178.5905
G1X128.0801Y-178.6921
G1X128.0704Y-178.7680
G1X128.0818Y-178.8102
G1X128.1172Y-178.8106
G1X128.1794Y-178.7616
G1X131.3848Y-175.5561
G1X131.4477Y-175.5063
G1X131.4850Y-175.5049
G1X131.4993Y-175.5441
G1X131.4933Y-175.6163
G1X131.4694Y-175.7140
G1X131.4304Y-175.8294
G1X131.3787Y-175.9549
G1X131.3170Y-176.0828
G1X131.2478Y-176.2055
G1X131.1738Y-176.3153
G1X131.0975Y-176.4047
G1X127.8614Y-179.6408
G1X127.7844Y-179.7308
G1X127.7085Y-179.8427
G1X127.6364Y-179.9683
G1X127.5710Y-180.0998
G1X127.5153Y-180.2294
G1X127.4721Y-180.3489
G1X127.4442Y-180.4506
G1X127.4345Y-180.5265
G1X127.4459Y-180.5686
G1X127.4813Y-180.5691
G1X127.5434Y-180.5200
G1X130.8102Y-177.2532
G1X130.8728Y-177.2038
G1X130.9092Y-177.2032
G1X130.9221Y-177.2438
G1X130.9144Y-177.3178
G1X130.8886Y-177.4173
G1X130.8476Y-177.5347
G1X130.7940Y-177.6620
G1X130.7306Y-177.7917
G1X130.6601Y-177.9157
G1X130.5851Y-178.0265
G1X130.5085Y-178.1162
G1X127.2255Y-181.3993
G1X127.1336Y-181.5152
G1X127.0684Y-181.6440
G1X127.0298Y-181.7725
G1X127.0176Y-181.8878
G1X127.0317Y-181.9767
G1X127.0720Y-182.0263
G1X127.1383Y-182.0235
G1X127.2307Y-181.9554
G1X130.1905Y-178.9954
G1X130.2527Y-178.9464
G1X130.2881Y-178.9468
G1X130.2995Y-178.9890
G1X130.2898Y-179.0649
G1X130.2619Y-179.1665
G1X130.2187Y-179.2861
G1X130.1630Y-179.4156
G1X130.0976Y-179.5472
G1X130.0256Y-179.6728
G1X129.9496Y-179.7846
G1X129.8726Y-179.8747
G1X127.7919Y-181.9554
G1X127.7239Y-182.0474
G1X127.7217Y-182.1132
G1X127.7722Y-182.1527
G1X127.8621Y-182.1658
G1X127.9783Y-182.1527
G1X128.1076Y-182.1132
G1X128.2370Y-182.0474
G1X128.3532Y-181.9554
G1X129.5546Y-180.7539
G1X129.6168Y-180.7048
G1X129.6521Y-180.7053
G1X129.6636Y-180.7474
G1X129.6539Y-180.8233
G1X129.6260Y-180.9250
G1X129.5828Y-181.0446
G1X129.5271Y-181.1741
G1X129.4617Y-181.3056
G1X129.3896Y-181.4313
G1X129.3136Y-181.5431
G1X129.2367Y-181.6331
G1X128.7040Y-182.1658
G1 Z0F20000
(Start Block)

G1X147.7921Y-182.2981
G1Z6F20000
(Plotting speed under)
G1 F8000

G1X144.3878Y-191.0294
G1X140.2729Y-200.8190
G1X137.6271Y-200.8190
G1X141.7419Y-191.0294
G1X145.1462Y-182.2981
G1X147.7921Y-182.2981
G1 Z0F20000
(Start Block)

G1X145.1849Y-182.5632
G1Z6F20000
(Plotting speed under)
G1 F8000

G1X145.2513Y-182.4968
G1X145.3297Y-182.4599
G1X145.4558Y-182.4378
G1X145.5983Y-182.4304
G1X145.7260Y-182.4378
G1X145.8079Y-182.4599
G1X145.8125Y-182.4968
G1X145.0366Y-183.2727
G1X144.9653Y-183.3551
G1X144.8932Y-183.4578
G1X144.8228Y-183.5743
G1X144.7566Y-183.6983
G1X144.6971Y-183.8234
G1X144.6468Y-183.9431
G1X144.6083Y-184.0512
G1X144.5839Y-184.1412
G1X144.5762Y-184.2067
G1X144.5876Y-184.2414
G1X144.6207Y-184.2388
G1X144.6780Y-184.1926
G1X146.2297Y-182.6409
G1X146.3459Y-182.5488
G1X146.4753Y-182.4830
G1X146.6046Y-182.4436
G1X146.7208Y-182.4304
G1X146.8107Y-182.4436
G1X146.8612Y-182.4830
G1X146.8590Y-182.5488
G1X146.7910Y-182.6409
G1X144.3193Y-185.1126
G1X144.2479Y-185.1950
G1X144.1758Y-185.2977
G1X144.1054Y-185.4142
G1X144.0392Y-185.5382
G1X143.9797Y-185.6633
G1X143.9295Y-185.7830
G1X143.8909Y-185.8911
G1X143.8665Y-185.9811
G1X143.8588Y-186.0467
G1X143.8702Y-186.0813
G1X143.9033Y-186.0788
G1X143.9606Y-186.0325
G1X147.3523Y-182.6409
G1X147.4149Y-182.5914
G1X147.4513Y-182.5907
G1X147.4645Y-182.6312
G1X147.4569Y-182.7049
G1X147.4314Y-182.8042
G1X147.3906Y-182.9214
G1X147.3372Y-183.0485
G1X147.2740Y-183.1780
G1X147.2036Y-183.3019
G1X147.1288Y-183.4126
G1X147.0522Y-183.5022
G1X143.6019Y-186.9525
G1X143.5305Y-187.0349
G1X143.4584Y-187.1376
G1X143.3880Y-187.2541
G1X143.3218Y-187.3781
G1X143.2623Y-187.5032
G1X143.2121Y-187.6229
G1X143.1735Y-187.7310
G1X143.1491Y-187.8210
G1X143.1414Y-187.8866
G1X143.1529Y-187.9212
G1X143.1860Y-187.9187
G1X143.2432Y-187.8724
G1X146.6935Y-184.4222
G1X146.7507Y-184.3759
G1X146.7839Y-184.3734
G1X146.7953Y-184.4080
G1X146.7876Y-184.4736
G1X146.7632Y-184.5636
G1X146.7246Y-184.6717
G1X146.6744Y-184.7914
G1X146.6149Y-184.9165
G1X146.5487Y-185.0405
G1X146.4783Y-185.1571
G1X146.4062Y-185.2597
G1X146.3348Y-185.3421
G1X142.8845Y-188.7924
G1X142.8132Y-188.8748
G1X142.7410Y-188.9775
G1X142.6706Y-189.0940
G1X142.6045Y-189.2180
G1X142.5450Y-189.3431
G1X142.4947Y-189.4629
G1X142.4561Y-189.5709
G1X142.4317Y-189.6609
G1X142.4240Y-189.7265
G1X142.4355Y-189.7611
G1X142.4686Y-189.7586
G1X142.5259Y-189.7124
G1X145.9761Y-186.2621
G1X146.0334Y-186.2159
G1X146.0665Y-186.2133
G1X146.0779Y-186.2480
G1X146.0702Y-186.3135
G1X146.0458Y-186.4035
G1X146.0073Y-186.5116
G1X145.9570Y-186.6313
G1X145.8975Y-186.7564
G1X145.8313Y-186.8804
G1X145.7609Y-186.9969
G1X145.6888Y-187.0996
G1X145.6174Y-187.1820
G1X142.0628Y-190.7367
G1X141.9865Y-190.8261
G1X141.9123Y-190.9361
G1X141.8428Y-191.0591
G1X141.7808Y-191.1874
G1X141.7287Y-191.3132
G1X141.6892Y-191.4291
G1X141.6650Y-191.5271
G1X141.6586Y-191.5997
G1X141.6726Y-191.6392
G1X141.7097Y-191.6379
G1X141.7726Y-191.5881
G1X145.2588Y-188.1020
G1X145.3160Y-188.0558
G1X145.3491Y-188.0532
G1X145.3606Y-188.0879
G1X145.3528Y-188.1534
G1X145.3285Y-188.2434
G1X145.2899Y-188.3515
G1X145.2396Y-188.4713
G1X145.1802Y-188.5963
G1X145.1140Y-188.7203
G1X145.0436Y-188.8369
G1X144.9715Y-188.9395
G1X144.9001Y-189.0219
G1X141.3656Y-192.5564
G1X141.2933Y-192.6398
G1X141.2185Y-192.7451
G1X141.1441Y-192.8656
G1X141.0730Y-192.9945
G1X141.0079Y-193.1253
G1X140.9516Y-193.2510
G1X140.9071Y-193.3651
G1X140.8770Y-193.4607
G1X140.8643Y-193.5313
G1X140.8718Y-193.5699
G1X140.9023Y-193.5699
G1X140.9586Y-193.5247
G1X144.5414Y-189.9419
G1X144.5986Y-189.8957
G1X144.6318Y-189.8931
G1X144.6432Y-189.9278
G1X144.6355Y-189.9933
G1X144.6111Y-190.0833
G1X144.5725Y-190.1914
G1X144.5222Y-190.3112
G1X144.4628Y-190.4362
G1X144.3966Y-190.5602
G1X144.3262Y-190.6768
G1X144.2541Y-190.7794
G1X144.1827Y-190.8618
G1X140.5516Y-194.4929
G1X140.4793Y-194.5763
G1X140.4045Y-194.6816
G1X140.3302Y-194.8021
G1X140.2590Y-194.9311
G1X140.1939Y-195.0618
G1X140.1376Y-195.1875
G1X140.0931Y-195.3016
G1X140.0630Y-195.3973
G1X140.0504Y-195.4678
G1X140.0578Y-195.5064
G1X140.0883Y-195.5064
G1X140.1446Y-195.4612
G1X143.7929Y-191.8129
G1X143.8492Y-191.7676
G1X143.8797Y-191.7676
G1X143.8872Y-191.8063
G1X143.8745Y-191.8768
G1X143.8445Y-191.9725
G1X143.7999Y-192.0865
G1X143.7437Y-192.2123
G1X143.6786Y-192.3430
G1X143.6074Y-192.4720
G1X143.5330Y-192.5925
G1X143.4583Y-192.6978
G1X143.3860Y-192.7811
G1X139.7376Y-196.4294
G1X139.6653Y-196.5128
G1X139.5905Y-196.6181
G1X139.5162Y-196.7386
G1X139.4450Y-196.8676
G1X139.3799Y-196.9983
G1X139.3237Y-197.1241
G1X139.2791Y-197.2381
G1X139.2491Y-197.3338
G1X139.2364Y-197.4043
G1X139.2439Y-197.4429
G1X139.2743Y-197.4430
G1X139.3306Y-197.3977
G1X142.9790Y-193.7494
G1X143.0353Y-193.7041
G1X143.0658Y-193.7042
G1X143.0732Y-193.7428
G1X143.0606Y-193.8133
G1X143.0305Y-193.9089
G1X142.9859Y-194.0230
G1X142.9297Y-194.1488
G1X142.8646Y-194.2795
G1X142.7934Y-194.4085
G1X142.7191Y-194.5290
G1X142.6443Y-194.6343
G1X142.5720Y-194.7176
G1X138.9237Y-198.3660
G1X138.8513Y-198.4493
G1X138.7766Y-198.5546
G1X138.7022Y-198.6751
G1X138.6311Y-198.8041
G1X138.5659Y-198.9348
G1X138.5097Y-199.0606
G1X138.4651Y-199.1746
G1X138.4351Y-199.2703
G1X138.4224Y-199.3408
G1X138.4299Y-199.3794
G1X138.4603Y-199.3795
G1X138.5166Y-199.3342
G1X142.1650Y-195.6859
G1X142.2213Y-195.6406
G1X142.2518Y-195.6407
G1X142.2593Y-195.6793
G1X142.2466Y-195.7498
G1X142.2165Y-195.8455
G1X142.1720Y-195.9595
G1X142.1157Y-196.0853
G1X142.0506Y-196.2160
G1X141.9794Y-196.3450
G1X141.9051Y-196.4655
G1X141.8303Y-196.5708
G1X141.7580Y-196.6541
G1X138.1097Y-200.3025
G1X138.0342Y-200.4020
G1X138.0124Y-200.4875
G1X138.0350Y-200.5548
G1X138.0930Y-200.5998
G1X138.1773Y-200.6185
G1X138.2788Y-200.6069
G1X138.3885Y-200.5608
G1X138.4972Y-200.4762
G1X141.3510Y-197.6224
G1X141.4073Y-197.5771
G1X141.4378Y-197.5772
G1X141.4453Y-197.6158
G1X141.4326Y-197.6863
G1X141.4025Y-197.7820
G1X141.3580Y-197.8960
G1X141.3017Y-198.0218
G1X141.2366Y-198.1525
G1X141.1655Y-198.2815
G1X141.0911Y-198.4020
G1X141.0164Y-198.5073
G1X140.9440Y-198.5906
G1X139.0585Y-200.4762
G1X138.9905Y-200.5683
G1X138.9883Y-200.6340
G1X139.0387Y-200.6735
G1X139.1286Y-200.6867
G1X139.2448Y-200.6735
G1X139.3742Y-200.6340
G1X139.5035Y-200.5683
G1X139.6197Y-200.4762
G1X140.5625Y-199.5334
G1X140.6110Y-199.4959
G1X140.6351Y-199.5024
G1X140.6377Y-199.5460
G1X140.6214Y-199.6200
G1X140.5893Y-199.7178
G1X140.5440Y-199.8325
G1X140.4885Y-199.9576
G1X140.4255Y-200.0862
G1X140.3579Y-200.2116
G1X140.2885Y-200.3272
G1X140.2201Y-200.4261
G1X140.1555Y-200.5017
G1X139.9705Y-200.6867
G1 Z0F20000
(Start Block)

G1X158.7937Y-200.8190
G1Z6F20000
(Plotting speed under)
G1 F8000

G1X150.5530Y-219.3398
G1X147.9072Y-219.3398
G1X156.1479Y-200.8190
G1X158.7937Y-200.8190
G1 Z0F20000
(Start Block)

G1X155.7567Y-202.0236
G1Z6F20000
(Plotting speed under)
G1 F8000

G1X156.6185Y-201.1617
G1X156.7348Y-201.0697
G1X156.8641Y-201.0039
G1X156.9935Y-200.9644
G1X157.1097Y-200.9513
G1X157.1995Y-200.9644
G1X157.2500Y-201.0039
G1X157.2478Y-201.0697
G1X157.1798Y-201.1617
G1X155.5173Y-202.8243
G1X155.4499Y-202.9011
G1X155.3790Y-202.9983
G1X155.3070Y-203.1104
G1X155.2364Y-203.2319
G1X155.1696Y-203.3572
G1X155.1090Y-203.4809
G1X155.0572Y-203.5973
G1X155.0166Y-203.7010
G1X154.9896Y-203.7865
G1X154.9787Y-203.8482
G1X154.9864Y-203.8806
G1X155.0152Y-203.8782
G1X155.0674Y-203.8355
G1X157.7411Y-201.1617
G1X157.8573Y-201.0697
G1X157.9867Y-201.0039
G1X158.1160Y-200.9644
G1X158.2322Y-200.9513
G1X158.3221Y-200.9644
G1X158.3725Y-201.0039
G1X158.3703Y-201.0697
G1X158.3024Y-201.1617
G1X154.6175Y-204.8466
G1X154.5501Y-204.9234
G1X154.4792Y-205.0207
G1X154.4072Y-205.1328
G1X154.3365Y-205.2543
G1X154.2697Y-205.3796
G1X154.2092Y-205.5033
G1X154.1573Y-205.6197
G1X154.1167Y-205.7234
G1X154.0898Y-205.8089
G1X154.0789Y-205.8706
G1X154.0866Y-205.9030
G1X154.1153Y-205.9006
G1X154.1675Y-205.8578
G1X157.9916Y-202.0337
G1X158.0438Y-201.9910
G1X158.0725Y-201.9886
G1X158.0802Y-202.0210
G1X158.0694Y-202.0827
G1X158.0424Y-202.1682
G1X158.0018Y-202.2719
G1X157.9500Y-202.3883
G1X157.8894Y-202.5120
G1X157.8226Y-202.6373
G1X157.7520Y-202.7588
G1X157.6800Y-202.8709
G1X157.6091Y-202.9681
G1X157.5417Y-203.0449
G1X153.7176Y-206.8690
G1X153.6502Y-206.9458
G1X153.5793Y-207.0431
G1X153.5073Y-207.1552
G1X153.4367Y-207.2767
G1X153.3699Y-207.4020
G1X153.3093Y-207.5256
G1X153.2575Y-207.6421
G1X153.2169Y-207.7458
G1X153.1899Y-207.8313
G1X153.1791Y-207.8930
G1X153.1868Y-207.9254
G1X153.2155Y-207.9230
G1X153.2677Y-207.8802
G1X157.0918Y-204.0561
G1X157.1440Y-204.0134
G1X157.1727Y-204.0110
G1X157.1804Y-204.0434
G1X157.1695Y-204.1051
G1X157.1426Y-204.1905
G1X157.1020Y-204.2942
G1X157.0501Y-204.4107
G1X156.9896Y-204.5344
G1X156.9228Y-204.6597
G1X156.8521Y-204.7812
G1X156.7801Y-204.8933
G1X156.7092Y-204.9905
G1X156.6419Y-205.0673
G1X152.8178Y-208.8914
G1X152.7504Y-208.9682
G1X152.6795Y-209.0654
G1X152.6075Y-209.1776
G1X152.5368Y-209.2990
G1X152.4700Y-209.4244
G1X152.4095Y-209.5480
G1X152.3577Y-209.6644
G1X152.3171Y-209.7682
G1X152.2901Y-209.8536
G1X152.2792Y-209.9153
G1X152.2869Y-209.9478
G1X152.3157Y-209.9453
G1X152.3679Y-209.9026
G1X156.1919Y-206.0785
G1X156.2441Y-206.0357
G1X156.2729Y-206.0333
G1X156.2806Y-206.0657
G1X156.2697Y-206.1274
G1X156.2427Y-206.2129
G1X156.2021Y-206.3166
G1X156.1503Y-206.4331
G1X156.0898Y-206.5567
G1X156.0229Y-206.6821
G1X155.9523Y-206.8035
G1X155.8803Y-206.9156
G1X155.8094Y-207.0129
G1X155.7420Y-207.0897
G1X151.9179Y-210.9138
G1X151.8506Y-210.9906
G1X151.7797Y-211.0878
G1X151.7076Y-211.1999
G1X151.6370Y-211.3214
G1X151.5702Y-211.4467
G1X151.5096Y-211.5704
G1X151.4578Y-211.6868
G1X151.4172Y-211.7905
G1X151.3902Y-211.8760
G1X151.3794Y-211.9377
G1X151.3871Y-211.9701
G1X151.4158Y-211.9677
G1X151.4680Y-211.9250
G1X155.2921Y-208.1009
G1X155.3443Y-208.0581
G1X155.3730Y-208.0557
G1X155.3807Y-208.0881
G1X155.3699Y-208.1498
G1X155.3429Y-208.2353
G1X155.3023Y-208.3390
G1X155.2505Y-208.4555
G1X155.1899Y-208.5791
G1X155.1231Y-208.7044
G1X155.0525Y-208.8259
G1X154.9805Y-208.9380
G1X154.9095Y-209.0352
G1X154.8422Y-209.1120
G1X151.0181Y-212.9361
G1X150.9507Y-213.0130
G1X150.8798Y-213.1102
G1X150.8078Y-213.2223
G1X150.7372Y-213.3438
G1X150.6703Y-213.4691
G1X150.6098Y-213.5927
G1X150.5580Y-213.7092
G1X150.5174Y-213.8129
G1X150.4904Y-213.8984
G1X150.4795Y-213.9601
G1X150.4872Y-213.9925
G1X150.5160Y-213.9901
G1X150.5682Y-213.9473
G1X154.3923Y-210.1232
G1X154.4445Y-210.0805
G1X154.4732Y-210.0781
G1X154.4809Y-210.1105
G1X154.4700Y-210.1722
G1X154.4431Y-210.2577
G1X154.4024Y-210.3614
G1X154.3506Y-210.4778
G1X154.2901Y-210.6015
G1X154.2232Y-210.7268
G1X154.1526Y-210.8483
G1X154.0806Y-210.9604
G1X154.0097Y-211.0576
G1X153.9423Y-211.1344
G1X150.1182Y-214.9585
G1X150.0509Y-215.0353
G1X149.9800Y-215.1326
G1X149.9080Y-215.2447
G1X149.8373Y-215.3661
G1X149.7705Y-215.4915
G1X149.7100Y-215.6151
G1X149.6582Y-215.7316
G1X149.6175Y-215.8353
G1X149.5905Y-215.9208
G1X149.5797Y-215.9825
G1X149.5874Y-216.0149
G1X149.6161Y-216.0125
G1X149.6683Y-215.9697
G1X153.4924Y-212.1456
G1X153.5446Y-212.1029
G1X153.5734Y-212.1004
G1X153.5811Y-212.1328
G1X153.5702Y-212.1945
G1X153.5432Y-212.2800
G1X153.5026Y-212.3837
G1X153.4508Y-212.5002
G1X153.3902Y-212.6238
G1X153.3234Y-212.7492
G1X153.2528Y-212.8706
G1X153.1808Y-212.9828
G1X153.1099Y-213.0800
G1X153.0425Y-213.1568
G1X149.2184Y-216.9809
G1X149.1511Y-217.0577
G1X149.0801Y-217.1549
G1X149.0081Y-217.2670
G1X148.9375Y-217.3885
G1X148.8707Y-217.5138
G1X148.8101Y-217.6375
G1X148.7583Y-217.7539
G1X148.7177Y-217.8577
G1X148.6907Y-217.9431
G1X148.6799Y-218.0048
G1X148.6876Y-218.0372
G1X148.7163Y-218.0348
G1X148.7685Y-217.9921
G1X152.5926Y-214.1680
G1X152.6448Y-214.1252
G1X152.6735Y-214.1228
G1X152.6812Y-214.1552
G1X152.6704Y-214.2169
G1X152.6434Y-214.3024
G1X152.6028Y-214.4061
G1X152.5509Y-214.5226
G1X152.4904Y-214.6462
G1X152.4236Y-214.7715
G1X152.3529Y-214.8930
G1X152.2809Y-215.0051
G1X152.2100Y-215.1024
G1X152.1427Y-215.1792
G1X148.3248Y-218.9970
G1X148.2568Y-219.0891
G1X148.2546Y-219.1549
G1X148.3050Y-219.1944
G1X148.3949Y-219.2075
G1X148.5111Y-219.1944
G1X148.6405Y-219.1549
G1X148.7698Y-219.0891
G1X148.8860Y-218.9970
G1X151.6927Y-216.1904
G1X151.7449Y-216.1476
G1X151.7737Y-216.1452
G1X151.7814Y-216.1776
G1X151.7705Y-216.2393
G1X151.7435Y-216.3248
G1X151.7029Y-216.4285
G1X151.6511Y-216.5449
G1X151.5906Y-216.6686
G1X151.5237Y-216.7939
G1X151.4531Y-216.9154
G1X151.3811Y-217.0275
G1X151.3102Y-217.1247
G1X151.2428Y-217.2015
G1X149.4473Y-218.9970
G1X149.3793Y-219.0891
G1X149.3771Y-219.1549
G1X149.4276Y-219.1944
G1X149.5175Y-219.2075
G1X149.6337Y-219.1944
G1X149.7630Y-219.1549
G1X149.8924Y-219.0891
G1X150.0086Y-218.9970
G1X150.9063Y-218.0993
G1X150.9279Y-218.0908
G1X150.9249Y-218.1297
G1X150.9012Y-218.2069
G1X150.8609Y-218.3134
G1X150.8082Y-218.4399
G1X150.7470Y-218.5774
G1X150.6815Y-218.7168
G1X150.6155Y-218.8489
G1X150.5534Y-218.9646
G1X150.4990Y-219.0549
G1X150.4564Y-219.1105
G1X150.3594Y-219.2075
G1 Z0F20000
(Start Block)

G1X169.0739Y-219.3398
G1Z6F20000
(Plotting speed under)
G1 F8000

G1X164.4750Y-229.6586
G1X160.9389Y-237.8607
G1X158.2931Y-237.8607
G1X161.8291Y-229.6586
G1X166.4280Y-219.3398
G1X169.0739Y-219.3398
G1 Z0F20000
(Start Block)

G1X166.4137Y-219.6970
G1Z6F20000
(Plotting speed under)
G1 F8000

G1X166.5261Y-219.5845
G1X166.6302Y-219.5221
G1X166.7716Y-219.4846
G1X166.9192Y-219.4721
G1X167.0418Y-219.4846
G1X167.1083Y-219.5221
G1X167.0874Y-219.5845
G1X166.1729Y-220.4990
G1X166.1055Y-220.5759
G1X166.0345Y-220.6731
G1X165.9624Y-220.7854
G1X165.8917Y-220.9070
G1X165.8247Y-221.0324
G1X165.7640Y-221.1562
G1X165.7121Y-221.2728
G1X165.6713Y-221.3767
G1X165.6442Y-221.4623
G1X165.6332Y-221.5241
G1X165.6408Y-221.5566
G1X165.6694Y-221.5543
G1X165.7216Y-221.5116
G1X167.5506Y-219.6826
G1X167.6668Y-219.5905
G1X167.7962Y-219.5247
G1X167.9255Y-219.4853
G1X168.0417Y-219.4721
G1X168.1316Y-219.4853
G1X168.1820Y-219.5247
G1X168.1798Y-219.5905
G1X168.1119Y-219.6826
G1X165.2704Y-222.5241
G1X165.2030Y-222.6009
G1X165.1320Y-222.6982
G1X165.0599Y-222.8104
G1X164.9891Y-222.9320
G1X164.9222Y-223.0575
G1X164.8615Y-223.1813
G1X164.8095Y-223.2979
G1X164.7688Y-223.4018
G1X164.7416Y-223.4874
G1X164.7307Y-223.5492
G1X164.7382Y-223.5817
G1X164.7669Y-223.5794
G1X164.8191Y-223.5367
G1X168.6732Y-219.6826
G1X168.7249Y-219.6403
G1X168.7524Y-219.6391
G1X168.7583Y-219.6733
G1X168.7451Y-219.7373
G1X168.7154Y-219.8255
G1X168.6719Y-219.9321
G1X168.6171Y-220.0515
G1X168.5537Y-220.1781
G1X168.4842Y-220.3061
G1X168.4112Y-220.4299
G1X168.3373Y-220.5439
G1X168.2652Y-220.6423
G1X168.1975Y-220.7196
G1X164.3678Y-224.5492
G1X164.3004Y-224.6260
G1X164.2295Y-224.7233
G1X164.1574Y-224.8355
G1X164.0866Y-224.9571
G1X164.0196Y-225.0826
G1X163.9589Y-225.2064
G1X163.9070Y-225.3230
G1X163.8662Y-225.4269
G1X163.8391Y-225.5125
G1X163.8281Y-225.5743
G1X163.8357Y-225.6068
G1X163.8644Y-225.6045
G1X163.9166Y-225.5617
G1X167.7462Y-221.7321
G1X167.7984Y-221.6894
G1X167.8270Y-221.6870
G1X167.8346Y-221.7195
G1X167.8236Y-221.7814
G1X167.7965Y-221.8670
G1X167.7557Y-221.9708
G1X167.7038Y-222.0874
G1X167.6431Y-222.2112
G1X167.5761Y-222.3367
G1X167.5054Y-222.4583
G1X167.4333Y-222.5705
G1X167.3623Y-222.6678
G1X167.2949Y-222.7446
G1X163.4653Y-226.5743
G1X163.3979Y-226.6511
G1X163.3269Y-226.7484
G1X163.2548Y-226.8606
G1X163.1841Y-226.9822
G1X163.1171Y-227.1077
G1X163.0564Y-227.2315
G1X163.0044Y-227.3481
G1X162.9637Y-227.4519
G1X162.9365Y-227.5376
G1X162.9256Y-227.5994
G1X162.9332Y-227.6319
G1X162.9618Y-227.6295
G1X163.0140Y-227.5868
G1X166.8436Y-223.7572
G1X166.8958Y-223.7145
G1X166.9245Y-223.7121
G1X166.9321Y-223.7446
G1X166.9211Y-223.8064
G1X166.8940Y-223.8920
G1X166.8532Y-223.9959
G1X166.8012Y-224.1125
G1X166.7405Y-224.2363
G1X166.6736Y-224.3618
G1X166.6028Y-224.4834
G1X166.5307Y-224.5956
G1X166.4597Y-224.6929
G1X166.3924Y-224.7697
G1X162.5627Y-228.5994
G1X162.4896Y-228.6835
G1X162.4126Y-228.7911
G1X162.3348Y-228.9150
G1X162.2594Y-229.0482
G1X162.1894Y-229.1838
G1X162.1280Y-229.3147
G1X162.0783Y-229.4339
G1X162.0435Y-229.5344
G1X162.0265Y-229.6091
G1X162.0306Y-229.6512
G1X162.0588Y-229.6535
G1X162.1143Y-229.6091
G1X165.9411Y-225.7823
G1X165.9933Y-225.7395
G1X166.0219Y-225.7372
G1X166.0295Y-225.7697
G1X166.0185Y-225.8315
G1X165.9914Y-225.9171
G1X165.9506Y-226.0210
G1X165.8987Y-226.1376
G1X165.8380Y-226.2614
G1X165.7710Y-226.3869
G1X165.7003Y-226.5085
G1X165.6282Y-226.6207
G1X165.5572Y-226.7180
G1X165.4898Y-226.7948
G1X161.6889Y-230.5957
G1X161.6163Y-230.6794
G1X161.5405Y-230.7857
G1X161.4646Y-230.9077
G1X161.3916Y-231.0385
G1X161.3243Y-231.1714
G1X161.2658Y-231.2994
G1X161.2190Y-231.4158
G1X161.1868Y-231.5136
G1X161.1722Y-231.5859
G1X161.1782Y-231.6261
G1X161.2077Y-231.6272
G1X161.2636Y-231.5823
G1X165.0385Y-227.8073
G1X165.0907Y-227.7646
G1X165.1194Y-227.7623
G1X165.1270Y-227.7948
G1X165.1160Y-227.8566
G1X165.0889Y-227.9422
G1X165.0481Y-228.0461
G1X164.9961Y-228.1627
G1X164.9354Y-228.2865
G1X164.8685Y-228.4120
G1X164.7977Y-228.5336
G1X164.7256Y-228.6458
G1X164.6546Y-228.7431
G1X164.5873Y-228.8199
G1X160.8383Y-232.5689
G1X160.7656Y-232.6526
G1X160.6898Y-232.7589
G1X160.6139Y-232.8809
G1X160.5409Y-233.0117
G1X160.4736Y-233.1446
G1X160.4151Y-233.2726
G1X160.3683Y-233.3890
G1X160.3361Y-233.4868
G1X160.3215Y-233.5592
G1X160.3275Y-233.5993
G1X160.3570Y-233.6004
G1X160.4129Y-233.5555
G1X164.1360Y-229.8324
G1X164.1919Y-229.7875
G1X164.2214Y-229.7885
G1X164.2274Y-229.8286
G1X164.2129Y-229.9010
G1X164.1808Y-229.9987
G1X164.1340Y-230.1150
G1X164.0755Y-230.2430
G1X164.0083Y-230.3758
G1X163.9353Y-230.5067
G1X163.8595Y-230.6286
G1X163.7837Y-230.7349
G1X163.7111Y-230.8186
G1X159.9876Y-234.5421
G1X159.9149Y-234.6258
G1X159.8392Y-234.7321
G1X159.7633Y-234.8541
G1X159.6902Y-234.9849
G1X159.6230Y-235.1178
G1X159.5644Y-235.2459
G1X159.5176Y-235.3622
G1X159.4854Y-235.4600
G1X159.4709Y-235.5324
G1X159.4768Y-235.5725
G1X159.5063Y-235.5736
G1X159.5623Y-235.5287
G1X163.2857Y-231.8052
G1X163.3417Y-231.7603
G1X163.3712Y-231.7613
G1X163.3771Y-231.8015
G1X163.3625Y-231.8739
G1X163.3304Y-231.9717
G1X163.2835Y-232.0880
G1X163.2250Y-232.2161
G1X163.1578Y-232.3489
G1X163.0847Y-232.4798
G1X163.0088Y-232.6018
G1X162.9331Y-232.7081
G1X162.8604Y-232.7918
G1X159.1369Y-236.5153
G1X159.0750Y-236.5993
G1X159.0289Y-236.7065
G1X158.9978Y-236.8298
G1X158.9809Y-236.9623
G1X158.9774Y-237.0971
G1X158.9864Y-237.2271
G1X159.0071Y-237.3454
G1X159.0386Y-237.4450
G1X159.0802Y-237.5191
G1X159.1310Y-237.5606
G1X159.1902Y-237.5625
G1X159.2568Y-237.5179
G1X162.0097Y-234.7650
G1X162.0824Y-234.6813
G1X162.1582Y-234.5750
G1X162.2340Y-234.4530
G1X162.3071Y-234.3221
G1X162.3744Y-234.1893
G1X162.4329Y-234.0612
G1X162.4797Y-233.9449
G1X162.5119Y-233.8471
G1X162.5265Y-233.7747
G1X162.5205Y-233.7346
G1X162.4910Y-233.7335
G1X162.4350Y-233.7784
G1X158.6956Y-237.5179
G1X158.6547Y-237.5777
G1X158.6575Y-237.6275
G1X158.6979Y-237.6673
G1X158.7696Y-237.6972
G1X158.8667Y-237.7172
G1X158.9830Y-237.7271
G1X159.1122Y-237.7271
G1X159.2484Y-237.7172
G1X159.3853Y-237.6972
G1X159.5169Y-237.6673
G1X159.6370Y-237.6275
G1X159.7394Y-237.5777
G1X159.8181Y-237.5179
G1X161.5844Y-235.7516
G1X161.6403Y-235.7067
G1X161.6698Y-235.7078
G1X161.6758Y-235.7479
G1X161.6612Y-235.8203
G1X161.6290Y-235.9181
G1X161.5822Y-236.0344
G1X161.5237Y-236.1625
G1X161.4564Y-236.2953
G1X161.3834Y-236.4262
G1X161.3075Y-236.5482
G1X161.2317Y-236.6545
G1X161.1590Y-236.7382
G1X160.2759Y-237.6214
G1X160.2580Y-237.6808
G1X160.3263Y-237.7165
G1X160.4495Y-237.7284
G1X160.5965Y-237.7165
G1X160.7361Y-237.6808
G1X160.8372Y-237.6214
G1X160.9442Y-237.5144
G1 Z0F20000
(Start Block)

G1X179.4598Y-237.8607
G1Z6F20000
(Plotting speed under)
G1 F8000

G1X175.4835Y-247.6503
G1X172.2472Y-256.3815
G1X169.6014Y-256.3815
G1X172.8376Y-247.6503
G1X176.8140Y-237.8607
G1X179.4598Y-237.8607
G1 Z0F20000
(Start Block)

G1X176.6713Y-238.5635
G1Z6F20000
(Plotting speed under)
G1 F8000

G1X177.0313Y-238.2034
G1X177.1475Y-238.1114
G1X177.2769Y-238.0456
G1X177.4062Y-238.0061
G1X177.5224Y-237.9930
G1X177.6123Y-238.0061
G1X177.6627Y-238.0456
G1X177.6605Y-238.1114
G1X177.5926Y-238.2034
G1X176.4978Y-239.2982
G1X176.4260Y-239.3811
G1X176.3525Y-239.4851
G1X176.2800Y-239.6037
G1X176.2112Y-239.7303
G1X176.1488Y-239.8583
G1X176.0954Y-239.9812
G1X176.0537Y-240.0924
G1X176.0264Y-240.1854
G1X176.0161Y-240.2535
G1X176.0254Y-240.2903
G1X176.0572Y-240.2891
G1X176.1139Y-240.2434
G1X178.1538Y-238.2034
G1X178.2700Y-238.1114
G1X178.3994Y-238.0456
G1X178.5288Y-238.0061
G1X178.6449Y-237.9930
G1X178.7348Y-238.0061
G1X178.7853Y-238.0456
G1X178.7831Y-238.1114
G1X178.7151Y-238.2034
G1X175.7300Y-241.1885
G1X175.6582Y-241.2714
G1X175.5847Y-241.3755
G1X175.5122Y-241.4941
G1X175.4434Y-241.6207
G1X175.3810Y-241.7487
G1X175.3276Y-241.8716
G1X175.2859Y-241.9828
G1X175.2586Y-242.0758
G1X175.2482Y-242.1439
G1X175.2576Y-242.1806
G1X175.2894Y-242.1794
G1X175.3461Y-242.1337
G1X178.8999Y-238.5799
G1X178.9566Y-238.5342
G1X178.9884Y-238.5330
G1X178.9977Y-238.5698
G1X178.9874Y-238.6379
G1X178.9601Y-238.7309
G1X178.9184Y-238.8421
G1X178.8650Y-238.9650
G1X178.8026Y-239.0930
G1X178.7338Y-239.2196
G1X178.6613Y-239.3382
G1X178.5878Y-239.4422
G1X178.5160Y-239.5251
G1X174.9622Y-243.0789
G1X174.8903Y-243.1618
G1X174.8168Y-243.2658
G1X174.7443Y-243.3844
G1X174.6756Y-243.5110
G1X174.6131Y-243.6390
G1X174.5598Y-243.7619
G1X174.5181Y-243.8732
G1X174.4907Y-243.9661
G1X174.4804Y-244.0342
G1X174.4898Y-244.0710
G1X174.5215Y-244.0698
G1X174.5783Y-244.0241
G1X178.1320Y-240.4703
G1X178.1888Y-240.4246
G1X178.2205Y-240.4234
G1X178.2299Y-240.4601
G1X178.2196Y-240.5283
G1X178.1923Y-240.6212
G1X178.1506Y-240.7324
G1X178.0972Y-240.8553
G1X178.0348Y-240.9833
G1X177.9660Y-241.1099
G1X177.8935Y-241.2285
G1X177.8200Y-241.3326
G1X177.7481Y-241.4155
G1X174.1944Y-244.9692
G1X174.1225Y-245.0522
G1X174.0490Y-245.1562
G1X173.9765Y-245.2748
G1X173.9077Y-245.4014
G1X173.8453Y-245.5294
G1X173.7919Y-245.6523
G1X173.7502Y-245.7635
G1X173.7229Y-245.8565
G1X173.7126Y-245.9246
G1X173.7219Y-245.9614
G1X173.7537Y-245.9602
G1X173.8104Y-245.9144
G1X177.3642Y-242.3607
G1X177.4210Y-242.3150
G1X177.4527Y-242.3137
G1X177.4621Y-242.3505
G1X177.4518Y-242.4186
G1X177.4244Y-242.5116
G1X177.3827Y-242.6228
G1X177.3293Y-242.7457
G1X177.2669Y-242.8737
G1X177.1981Y-243.0003
G1X177.1257Y-243.1189
G1X177.0521Y-243.2229
G1X176.9803Y-243.3059
G1X173.4265Y-246.8596
G1X173.3550Y-246.9422
G1X173.2825Y-247.0452
G1X173.2115Y-247.1623
G1X173.1445Y-247.2871
G1X173.0842Y-247.4130
G1X173.0330Y-247.5337
G1X172.9936Y-247.6427
G1X172.9683Y-247.7336
G1X172.9599Y-247.7999
G1X172.9707Y-247.8351
G1X173.0034Y-247.8330
G1X173.0605Y-247.7869
G1X176.5964Y-244.2510
G1X176.6531Y-244.2053
G1X176.6849Y-244.2041
G1X176.6942Y-244.2409
G1X176.6839Y-244.3090
G1X176.6566Y-244.4019
G1X176.6149Y-244.5132
G1X176.5615Y-244.6361
G1X176.4991Y-244.7641
G1X176.4303Y-244.8907
G1X176.3578Y-245.0093
G1X176.2843Y-245.1133
G1X176.2125Y-245.1962
G1X172.7300Y-248.6787
G1X172.6527Y-248.7691
G1X172.5759Y-248.8817
G1X172.5026Y-249.0085
G1X172.4358Y-249.1415
G1X172.3784Y-249.2727
G1X172.3335Y-249.3940
G1X172.3039Y-249.4973
G1X172.2928Y-249.5747
G1X172.3030Y-249.6181
G1X172.3375Y-249.6193
G1X172.3994Y-249.5705
G1X175.8286Y-246.1414
G1X175.8853Y-246.0957
G1X175.9170Y-246.0945
G1X175.9264Y-246.1312
G1X175.9161Y-246.1993
G1X175.8888Y-246.2923
G1X175.8471Y-246.4035
G1X175.7937Y-246.5264
G1X175.7313Y-246.6545
G1X175.6625Y-246.7810
G1X175.5900Y-246.8996
G1X175.5165Y-247.0037
G1X175.4446Y-247.0866
G1X172.0689Y-250.4623
G1X171.9916Y-250.5527
G1X171.9148Y-250.6653
G1X171.8415Y-250.7921
G1X171.7747Y-250.9252
G1X171.7173Y-251.0564
G1X171.6724Y-251.1776
G1X171.6428Y-251.2810
G1X171.6317Y-251.3583
G1X171.6419Y-251.4017
G1X171.6764Y-251.4030
G1X171.7383Y-251.3542
G1X175.1546Y-247.9378
G1X175.2108Y-247.8927
G1X175.2410Y-247.8930
G1X175.2481Y-247.9321
G1X175.2349Y-248.0031
G1X175.2042Y-248.0993
G1X175.1591Y-248.2141
G1X175.1022Y-248.3405
G1X175.0365Y-248.4718
G1X174.9648Y-248.6013
G1X174.8900Y-248.7222
G1X174.8150Y-248.8277
G1X174.7425Y-248.9112
G1X171.4078Y-252.2460
G1X171.3305Y-252.3363
G1X171.2537Y-252.4489
G1X171.1804Y-252.5758
G1X171.1136Y-252.7088
G1X171.0562Y-252.8400
G1X171.0113Y-252.9613
G1X170.9817Y-253.0646
G1X170.9706Y-253.1420
G1X170.9808Y-253.1853
G1X171.0153Y-253.1866
G1X171.0772Y-253.1378
G1X174.4120Y-249.8030
G1X174.4739Y-249.7542
G1X174.5084Y-249.7555
G1X174.5186Y-249.7989
G1X174.5075Y-249.8762
G1X174.4779Y-249.9796
G1X174.4330Y-250.1008
G1X174.3756Y-250.2320
G1X174.3088Y-250.3651
G1X174.2355Y-250.4919
G1X174.1587Y-250.6045
G1X174.0814Y-250.6949
G1X170.7467Y-254.0296
G1X170.6694Y-254.1200
G1X170.5926Y-254.2326
G1X170.5193Y-254.3594
G1X170.4525Y-254.4924
G1X170.3951Y-254.6236
G1X170.3502Y-254.7449
G1X170.3206Y-254.8482
G1X170.3095Y-254.9256
G1X170.3197Y-254.9689
G1X170.3542Y-254.9702
G1X170.4161Y-254.9214
G1X173.7509Y-251.5867
G1X173.8127Y-251.5379
G1X173.8473Y-251.5391
G1X173.8575Y-251.5825
G1X173.8463Y-251.6599
G1X173.8168Y-251.7632
G1X173.7719Y-251.8845
G1X173.7145Y-252.0157
G1X173.6477Y-252.1487
G1X173.5744Y-252.2755
G1X173.4976Y-252.3881
G1X173.4203Y-252.4785
G1X170.0856Y-255.8132
G1X170.0011Y-255.9288
G1X169.9803Y-256.0298
G1X170.0115Y-256.1082
G1X170.0830Y-256.1562
G1X170.1829Y-256.1659
G1X170.2996Y-256.1293
G1X170.4213Y-256.0388
G1X173.0898Y-253.3703
G1X173.1517Y-253.3215
G1X173.1862Y-253.3228
G1X173.1964Y-253.3661
G1X173.1853Y-253.4435
G1X173.1557Y-253.5468
G1X173.1108Y-253.6681
G1X173.0534Y-253.7993
G1X172.9866Y-253.9323
G1X172.9133Y-254.0592
G1X172.8365Y-254.1718
G1X172.7592Y-254.2621
G1X170.9826Y-256.0388
G1X170.9146Y-256.1309
G1X170.9124Y-256.1966
G1X170.9629Y-256.2361
G1X171.0527Y-256.2492
G1X171.1689Y-256.2361
G1X171.2983Y-256.1966
G1X171.4277Y-256.1309
G1X171.5439Y-256.0388
G1X172.4322Y-255.1504
G1X172.4929Y-255.1028
G1X172.5265Y-255.1050
G1X172.5360Y-255.1490
G1X172.5244Y-255.2269
G1X172.4946Y-255.3304
G1X172.4497Y-255.4517
G1X172.3925Y-255.5827
G1X172.3262Y-255.7152
G1X172.2536Y-255.8414
G1X172.1778Y-255.9531
G1X172.1016Y-256.0422
G1X171.8946Y-256.2492
G1 Z0F20000
(Start Block)

G1X190.7681Y-256.3815
G1Z6F20000
(Plotting speed under)
G1 F8000

G1X189.1538Y-261.1440
G1X187.6600Y-265.9065
G1X186.3689Y-270.4045
G1X185.2020Y-274.9024
G1X182.5561Y-274.9024
G1X183.7231Y-270.4045
G1X185.0142Y-265.9065
G1X186.5080Y-261.1440
G1X188.1222Y-256.3815
G1X190.7681Y-256.3815
G1 Z0F20000
(Start Block)

G1X187.9382Y-257.3365
G1Z6F20000
(Plotting speed under)
G1 F8000

G1X188.5504Y-256.7243
G1X188.6666Y-256.6322
G1X188.7960Y-256.5664
G1X188.9253Y-256.5270
G1X189.0415Y-256.5138
G1X189.1314Y-256.5270
G1X189.1818Y-256.5664
G1X189.1796Y-256.6322
G1X189.1117Y-256.7243
G1X187.8609Y-257.9751
G1X187.7846Y-258.0644
G1X187.7106Y-258.1743
G1X187.6414Y-258.2971
G1X187.5796Y-258.4251
G1X187.5279Y-258.5506
G1X187.4887Y-258.6661
G1X187.4648Y-258.7638
G1X187.4587Y-258.8361
G1X187.4730Y-258.8754
G1X187.5103Y-258.8739
G1X187.5731Y-258.8241
G1X189.6729Y-256.7243
G1X189.7891Y-256.6322
G1X189.9185Y-256.5664
G1X190.0479Y-256.5270
G1X190.1641Y-256.5138
G1X190.2539Y-256.5270
G1X190.3044Y-256.5664
G1X190.3022Y-256.6322
G1X190.2342Y-256.7243
G1X187.2853Y-259.6732
G1X187.2091Y-259.7625
G1X187.1350Y-259.8724
G1X187.0658Y-259.9952
G1X187.0040Y-260.1232
G1X186.9523Y-260.2487
G1X186.9131Y-260.3642
G1X186.8892Y-260.4619
G1X186.8831Y-260.5342
G1X186.8974Y-260.5735
G1X186.9347Y-260.5720
G1X186.9975Y-260.5223
G1X190.1565Y-257.3633
G1X190.2194Y-257.3135
G1X190.2566Y-257.3121
G1X190.2709Y-257.3513
G1X190.2648Y-257.4236
G1X190.2409Y-257.5214
G1X190.2017Y-257.6368
G1X190.1500Y-257.7624
G1X190.0882Y-257.8904
G1X190.0190Y-258.0131
G1X189.9450Y-258.1230
G1X189.8687Y-258.2124
G1X186.7244Y-261.3567
G1X186.6414Y-261.4554
G1X186.5630Y-261.5764
G1X186.4922Y-261.7101
G1X186.4320Y-261.8466
G1X186.3856Y-261.9760
G1X186.3561Y-262.0886
G1X186.3465Y-262.1746
G1X186.3598Y-262.2241
G1X186.3993Y-262.2273
G1X186.4679Y-262.1744
G1X189.5809Y-259.0614
G1X189.6438Y-259.0116
G1X189.6811Y-259.0102
G1X189.6953Y-259.0494
G1X189.6892Y-259.1218
G1X189.6653Y-259.2195
G1X189.6262Y-259.3349
G1X189.5744Y-259.4605
G1X189.5126Y-259.5885
G1X189.4434Y-259.7113
G1X189.3694Y-259.8211
G1X189.2931Y-259.9105
G1X186.2114Y-262.9922
G1X186.1284Y-263.0909
G1X186.0500Y-263.2120
G1X185.9792Y-263.3456
G1X185.9190Y-263.4821
G1X185.8726Y-263.6116
G1X185.8431Y-263.7242
G1X185.8335Y-263.8101
G1X185.8468Y-263.8596
G1X185.8863Y-263.8628
G1X185.9549Y-263.8100
G1X189.0053Y-260.7595
G1X189.0684Y-260.7095
G1X189.1064Y-260.7074
G1X189.1217Y-260.7456
G1X189.1169Y-260.8166
G1X189.0944Y-260.9129
G1X189.0567Y-261.0269
G1X189.0064Y-261.1510
G1X188.9459Y-261.2777
G1X188.8778Y-261.3994
G1X188.8044Y-261.5086
G1X188.7284Y-261.5977
G1X185.6984Y-264.6277
G1X185.6154Y-264.7264
G1X185.5370Y-264.8475
G1X185.4662Y-264.9812
G1X185.4061Y-265.1176
G1X185.3597Y-265.2471
G1X185.3301Y-265.3597
G1X185.3205Y-265.4456
G1X185.3338Y-265.4952
G1X185.3733Y-265.4984
G1X185.4419Y-265.4455
G1X188.4719Y-262.4155
G1X188.5405Y-262.3626
G1X188.5799Y-262.3658
G1X188.5933Y-262.4153
G1X188.5837Y-262.5013
G1X188.5541Y-262.6139
G1X188.5077Y-262.7434
G1X188.4476Y-262.8798
G1X188.3768Y-263.0135
G1X188.2983Y-263.1346
G1X188.2154Y-263.2333
G1X185.2052Y-266.2435
G1X185.1231Y-266.3413
G1X185.0469Y-266.4601
G1X184.9795Y-266.5903
G1X184.9236Y-266.7227
G1X184.8817Y-266.8476
G1X184.8567Y-266.9557
G1X184.8512Y-267.0375
G1X184.8680Y-267.0836
G1X184.9097Y-267.0845
G1X184.9792Y-267.0307
G1X187.9589Y-264.0510
G1X188.0275Y-263.9981
G1X188.0669Y-264.0014
G1X188.0803Y-264.0508
G1X188.0707Y-264.1368
G1X188.0411Y-264.2494
G1X187.9947Y-264.3789
G1X187.9346Y-264.5153
G1X187.8638Y-264.6490
G1X187.7853Y-264.7701
G1X187.7024Y-264.8688
G1X184.7532Y-267.8180
G1X184.6711Y-267.9158
G1X184.5950Y-268.0345
G1X184.5276Y-268.1648
G1X184.4716Y-268.2971
G1X184.4297Y-268.4221
G1X184.4047Y-268.5302
G1X184.3993Y-268.6120
G1X184.4160Y-268.6580
G1X184.4578Y-268.6589
G1X184.5272Y-268.6052
G1X187.4459Y-265.6865
G1X187.5149Y-265.6332
G1X187.5556Y-265.6352
G1X187.5707Y-265.6830
G1X187.5633Y-265.7667
G1X187.5361Y-265.8770
G1X187.4921Y-266.0041
G1X187.4341Y-266.1384
G1X187.3650Y-266.2703
G1X187.2878Y-266.3902
G1X187.2053Y-266.4884
G1X184.3013Y-269.3924
G1X184.2191Y-269.4903
G1X184.1429Y-269.6092
G1X184.0753Y-269.7397
G1X184.0190Y-269.8723
G1X183.9769Y-269.9975
G1X183.9516Y-270.1058
G1X183.9459Y-270.1879
G1X183.9625Y-270.2342
G1X184.0041Y-270.2352
G1X184.0735Y-270.1815
G1X186.9793Y-267.2757
G1X187.0488Y-267.2219
G1X187.0905Y-267.2228
G1X187.1073Y-267.2689
G1X187.1018Y-267.3507
G1X187.0768Y-267.4588
G1X187.0350Y-267.5837
G1X186.9789Y-267.7160
G1X186.9116Y-267.8463
G1X186.8354Y-267.9651
G1X186.7534Y-268.0629
G1X183.8768Y-270.9394
G1X183.7956Y-271.0364
G1X183.7217Y-271.1529
G1X183.6576Y-271.2799
G1X183.6056Y-271.4082
G1X183.5680Y-271.5288
G1X183.5474Y-271.6326
G1X183.5459Y-271.7104
G1X183.5660Y-271.7532
G1X183.6100Y-271.7519
G1X183.6802Y-271.6973
G1X186.5274Y-268.8501
G1X186.5968Y-268.7964
G1X186.6386Y-268.7973
G1X186.6554Y-268.8434
G1X186.6499Y-268.9252
G1X186.6249Y-269.0333
G1X186.5830Y-269.1582
G1X186.5270Y-269.2905
G1X186.4596Y-269.4208
G1X186.3835Y-269.5395
G1X186.3014Y-269.6374
G1X183.4836Y-272.4552
G1X183.4023Y-272.5522
G1X183.3284Y-272.6687
G1X183.2643Y-272.7957
G1X183.2123Y-272.9240
G1X183.1748Y-273.0446
G1X183.1541Y-273.1484
G1X183.1526Y-273.2262
G1X183.1727Y-273.2690
G1X183.2167Y-273.2676
G1X183.2869Y-273.2131
G1X186.0754Y-270.4246
G1X186.1455Y-270.3702
G1X186.1891Y-270.3693
G1X186.2085Y-270.4128
G1X186.2063Y-270.4914
G1X186.1847Y-270.5960
G1X186.1463Y-270.7174
G1X186.0935Y-270.8465
G1X186.0288Y-270.9742
G1X185.9545Y-271.0911
G1X185.8730Y-271.1883
G1X183.0903Y-273.9710
G1X183.0062Y-274.0743
G1X182.9413Y-274.1908
G1X182.8961Y-274.3107
G1X182.8710Y-274.4243
G1X182.8665Y-274.5220
G1X182.8830Y-274.5941
G1X182.9209Y-274.6308
G1X182.9807Y-274.6226
G1X183.0630Y-274.5596
G1X185.6764Y-271.9462
G1X185.7466Y-271.8916
G1X185.7906Y-271.8903
G1X185.8107Y-271.9331
G1X185.8092Y-272.0109
G1X185.7886Y-272.1147
G1X185.7510Y-272.2353
G1X185.6990Y-272.3636
G1X185.6349Y-272.4906
G1X185.5610Y-272.6071
G1X185.4798Y-272.7041
G1X183.6242Y-274.5596
G1X183.5563Y-274.6517
G1X183.5541Y-274.7175
G1X183.6045Y-274.7569
G1X183.6944Y-274.7701
G1X183.8106Y-274.7569
G1X183.9399Y-274.7175
G1X184.0693Y-274.6517
G1X184.1855Y-274.5596
G1X185.2831Y-273.4620
G1X185.3534Y-273.4074
G1X185.3974Y-273.4061
G1X185.4175Y-273.4489
G1X185.4160Y-273.5267
G1X185.3953Y-273.6305
G1X185.3578Y-273.7510
G1X185.3058Y-273.8794
G1X185.2417Y-274.0064
G1X185.1678Y-274.1229
G1X185.0865Y-274.2199
G1X184.5363Y-274.7701
G1 Z0F20000
(Start Block)

G1X203.7228Y-274.9024
G1Z6F20000
(Plotting speed under)
G1 F8000

G1X202.6302Y-279.6649
G1X201.7400Y-284.1628
G1X200.9532Y-288.9253
G1X200.3619Y-293.4232
G1X197.7161Y-293.4232
G1X198.3073Y-288.9253
G1X199.0941Y-284.1628
G1X199.9844Y-279.6649
G1X201.0770Y-274.9024
G1X203.7228Y-274.9024
G1 Z0F20000
(Start Block)

G1X201.0305Y-275.6967
G1Z6F20000
(Plotting speed under)
G1 F8000

G1X201.4820Y-275.2452
G1X201.5982Y-275.1531
G1X201.7276Y-275.0873
G1X201.8570Y-275.0478
G1X201.9731Y-275.0347
G1X202.0630Y-275.0478
G1X202.1135Y-275.0873
G1X202.1113Y-275.1531
G1X202.0433Y-275.2452
G1X201.0739Y-276.2146
G1X200.9934Y-276.3107
G1X200.9218Y-276.4250
G1X200.8610Y-276.5487
G1X200.8130Y-276.6730
G1X200.7799Y-276.7892
G1X200.7635Y-276.8886
G1X200.7661Y-276.9624
G1X200.7895Y-277.0019
G1X200.8357Y-276.9983
G1X200.9068Y-276.9429
G1X202.6046Y-275.2452
G1X202.7208Y-275.1531
G1X202.8501Y-275.0873
G1X202.9795Y-275.0478
G1X203.0957Y-275.0347
G1X203.1856Y-275.0478
G1X203.2360Y-275.0873
G1X203.2338Y-275.1531
G1X203.1658Y-275.2452
G1X200.7397Y-277.6713
G1X200.6592Y-277.7675
G1X200.5876Y-277.8818
G1X200.5268Y-278.0054
G1X200.4788Y-278.1297
G1X200.4457Y-278.2460
G1X200.4294Y-278.3453
G1X200.4319Y-278.4191
G1X200.4553Y-278.4586
G1X200.5015Y-278.4550
G1X200.5726Y-278.3997
G1X203.2329Y-275.7393
G1X203.3040Y-275.6840
G1X203.3502Y-275.6804
G1X203.3736Y-275.7199
G1X203.3761Y-275.7937
G1X203.3598Y-275.8930
G1X203.3267Y-276.0093
G1X203.2787Y-276.1336
G1X203.2179Y-276.2573
G1X203.1462Y-276.3715
G1X203.0658Y-276.4677
G1X200.4055Y-279.1280
G1X200.3255Y-279.2238
G1X200.2550Y-279.3369
G1X200.1958Y-279.4590
G1X200.1498Y-279.5813
G1X200.1188Y-279.6953
G1X200.1047Y-279.7925
G1X200.1092Y-279.8643
G1X200.1342Y-279.9022
G1X200.1816Y-279.8975
G1X200.2531Y-279.8417
G1X202.8987Y-277.1961
G1X202.9698Y-277.1407
G1X203.0160Y-277.1371
G1X203.0394Y-277.1766
G1X203.0419Y-277.2504
G1X203.0256Y-277.3498
G1X202.9925Y-277.4660
G1X202.9445Y-277.5903
G1X202.8837Y-277.7140
G1X202.8121Y-277.8283
G1X202.7316Y-277.9244
G1X200.1146Y-280.5415
G1X200.0267Y-280.6486
G1X199.9516Y-280.7753
G1X199.8916Y-280.9100
G1X199.8489Y-281.0412
G1X199.8260Y-281.1573
G1X199.8249Y-281.2469
G1X199.8480Y-281.2984
G1X199.8977Y-281.3004
G1X199.9761Y-281.2412
G1X202.5645Y-278.6528
G1X202.6356Y-278.5974
G1X202.6818Y-278.5938
G1X202.7052Y-278.6333
G1X202.7077Y-278.7071
G1X202.6914Y-278.8065
G1X202.6583Y-278.9227
G1X202.6103Y-279.0470
G1X202.5495Y-279.1707
G1X202.4779Y-279.2850
G1X202.3974Y-279.3812
G1X199.8376Y-281.9410
G1X199.7497Y-282.0482
G1X199.6746Y-282.1748
G1X199.6146Y-282.3095
G1X199.5719Y-282.4407
G1X199.5489Y-282.5569
G1X199.5479Y-282.6465
G1X199.5710Y-282.6980
G1X199.6206Y-282.7000
G1X199.6991Y-282.6408
G1X202.2406Y-280.0992
G1X202.3190Y-280.0401
G1X202.3686Y-280.0420
G1X202.3918Y-280.0936
G1X202.3907Y-280.1832
G1X202.3677Y-280.2993
G1X202.3251Y-280.4305
G1X202.2651Y-280.5652
G1X202.1900Y-280.6919
G1X202.1021Y-280.7990
G1X199.5606Y-283.3406
G1X199.4727Y-283.4476
G1X199.3979Y-283.5741
G1X199.3382Y-283.7084
G1X199.2960Y-283.8392
G1X199.2734Y-283.9549
G1X199.2727Y-284.0441
G1X199.2962Y-284.0953
G1X199.3461Y-284.0971
G1X199.4246Y-284.0378
G1X201.9636Y-281.4988
G1X202.0420Y-281.4396
G1X202.0916Y-281.4416
G1X202.1148Y-281.4931
G1X202.1137Y-281.5827
G1X202.0907Y-281.6989
G1X202.0481Y-281.8301
G1X201.9881Y-281.9648
G1X201.9130Y-282.0914
G1X201.8251Y-282.1986
G1X199.3135Y-284.7102
G1X199.2265Y-284.8164
G1X199.1539Y-284.9405
G1X199.0976Y-285.0716
G1X199.0593Y-285.1984
G1X199.0409Y-285.3100
G1X199.0441Y-285.3953
G1X199.0709Y-285.4432
G1X199.1231Y-285.4426
G1X199.2024Y-285.3825
G1X201.6866Y-282.8983
G1X201.7650Y-282.8392
G1X201.8146Y-282.8411
G1X201.8377Y-282.8927
G1X201.8367Y-282.9823
G1X201.8137Y-283.0984
G1X201.7710Y-283.2296
G1X201.7110Y-283.3643
G1X201.6359Y-283.4910
G1X201.5481Y-283.5981
G1X199.0913Y-286.0548
G1X199.0044Y-286.1611
G1X198.9318Y-286.2852
G1X198.8754Y-286.4162
G1X198.8371Y-286.5431
G1X198.8187Y-286.6547
G1X198.8220Y-286.7400
G1X198.8488Y-286.7879
G1X198.9009Y-286.7873
G1X198.9803Y-286.7272
G1X201.4095Y-284.2979
G1X201.4888Y-284.2379
G1X201.5408Y-284.2375
G1X201.5673Y-284.2857
G1X201.5702Y-284.3713
G1X201.5515Y-284.4832
G1X201.5129Y-284.6104
G1X201.4562Y-284.7416
G1X201.3835Y-284.8660
G1X201.2964Y-284.9723
G1X198.8692Y-287.3995
G1X198.7822Y-287.5057
G1X198.7097Y-287.6299
G1X198.6533Y-287.7609
G1X198.6150Y-287.8878
G1X198.5965Y-287.9994
G1X198.5998Y-288.0847
G1X198.6266Y-288.1325
G1X198.6788Y-288.1320
G1X198.7581Y-288.0719
G1X201.1854Y-285.6446
G1X201.2647Y-285.5845
G1X201.3169Y-285.5839
G1X201.3437Y-285.6318
G1X201.3469Y-285.7171
G1X201.3285Y-285.8287
G1X201.2902Y-285.9556
G1X201.2338Y-286.0866
G1X201.1613Y-286.2107
G1X201.0743Y-286.3169
G1X198.6474Y-288.7438
G1X198.5614Y-288.8491
G1X198.4912Y-288.9709
G1X198.4383Y-289.0985
G1X198.4041Y-289.2212
G1X198.3900Y-289.3284
G1X198.3974Y-289.4096
G1X198.4277Y-289.4540
G1X198.4822Y-289.4510
G1X198.5625Y-289.3900
G1X200.9632Y-286.9893
G1X201.0426Y-286.9292
G1X201.0947Y-286.9286
G1X201.1215Y-286.9765
G1X201.1248Y-287.0618
G1X201.1063Y-287.1734
G1X201.0680Y-287.3002
G1X201.0117Y-287.4313
G1X200.9391Y-287.5554
G1X200.8521Y-287.6616
G1X198.4775Y-290.0362
G1X198.3915Y-290.1416
G1X198.3213Y-290.2633
G1X198.2684Y-290.3909
G1X198.2342Y-290.5136
G1X198.2201Y-290.6208
G1X198.2275Y-290.7020
G1X198.2578Y-290.7464
G1X198.3124Y-290.7434
G1X198.3926Y-290.6824
G1X200.7411Y-288.3340
G1X200.8204Y-288.2739
G1X200.8726Y-288.2733
G1X200.8993Y-288.3212
G1X200.9026Y-288.4065
G1X200.8842Y-288.5181
G1X200.8459Y-288.6449
G1X200.7895Y-288.7760
G1X200.7169Y-288.9001
G1X200.6300Y-289.0063
G1X198.3077Y-291.3286
G1X198.2216Y-291.4340
G1X198.1514Y-291.5557
G1X198.0986Y-291.6833
G1X198.0644Y-291.8060
G1X198.0503Y-291.9133
G1X198.0577Y-291.9944
G1X198.0879Y-292.0388
G1X198.1425Y-292.0358
G1X198.2227Y-291.9749
G1X200.5408Y-289.6568
G1X200.6210Y-289.5958
G1X200.6756Y-289.5928
G1X200.7059Y-289.6373
G1X200.7132Y-289.7184
G1X200.6991Y-289.8257
G1X200.6650Y-289.9484
G1X200.6121Y-290.0759
G1X200.5419Y-290.1977
G1X200.4558Y-290.3030
G1X198.1378Y-292.6210
G1X198.0501Y-292.7329
G1X197.9959Y-292.8507
G1X197.9727Y-292.9637
G1X197.9782Y-293.0612
G1X198.0101Y-293.1324
G1X198.0659Y-293.1665
G1X198.1432Y-293.1528
G1X198.2396Y-293.0805
G1X200.3709Y-290.9492
G1X200.4511Y-290.8882
G1X200.5057Y-290.8852
G1X200.5360Y-290.9297
G1X200.5433Y-291.0108
G1X200.5292Y-291.1181
G1X200.4951Y-291.2408
G1X200.4422Y-291.3683
G1X200.3720Y-291.4901
G1X200.2860Y-291.5954
G1X198.8009Y-293.0805
G1X198.7329Y-293.1725
G1X198.7308Y-293.2383
G1X198.7812Y-293.2778
G1X198.8711Y-293.2909
G1X198.9873Y-293.2778
G1X199.1166Y-293.2383
G1X199.2460Y-293.1725
G1X199.3622Y-293.0805
G1X200.2010Y-292.2416
G1X200.2813Y-292.1806
G1X200.3358Y-292.1777
G1X200.3661Y-292.2221
G1X200.3735Y-292.3032
G1X200.3594Y-292.4105
G1X200.3252Y-292.5332
G1X200.2723Y-292.6608
G1X200.2021Y-292.7825
G1X200.1161Y-292.8878
G1X199.7130Y-293.2909
G1 Z0F20000
(Start Block)

G1X181.8411Y-293.4232
G1Z6F20000
(Plotting speed under)
G1 F8000

G1X181.3800Y-298.1857
G1X181.1028Y-302.6837
G1X180.9790Y-307.4462
G1X181.0229Y-311.9441
G1X178.3770Y-311.9441
G1X178.3331Y-307.4462
G1X178.4570Y-302.6837
G1X178.7341Y-298.1857
G1X179.1953Y-293.4232
G1X181.8411Y-293.4232
G1 Z0F20000
(Start Block)

G1X179.2618Y-294.1088
G1Z6F20000
(Plotting speed under)
G1 F8000

G1X179.6046Y-293.7660
G1X179.7208Y-293.6739
G1X179.8501Y-293.6082
G1X179.9795Y-293.5687
G1X180.0957Y-293.5555
G1X180.1856Y-293.5687
G1X180.2360Y-293.6082
G1X180.2338Y-293.6739
G1X180.1658Y-293.7660
G1X179.4121Y-294.5197
G1X179.3269Y-294.6242
G1X179.2590Y-294.7437
G1X179.2094Y-294.8679
G1X179.1791Y-294.9868
G1X179.1691Y-295.0899
G1X179.1804Y-295.1672
G1X179.2140Y-295.2083
G1X179.2708Y-295.2030
G1X179.3519Y-295.1412
G1X180.7271Y-293.7660
G1X180.8433Y-293.6739
G1X180.9727Y-293.6082
G1X181.1020Y-293.5687
G1X181.2182Y-293.5555
G1X181.3081Y-293.5687
G1X181.3585Y-293.6082
G1X181.3563Y-293.6739
G1X181.2884Y-293.7660
G1X179.2917Y-295.7626
G1X179.2065Y-295.8671
G1X179.1387Y-295.9865
G1X179.0891Y-296.1108
G1X179.0588Y-296.2296
G1X179.0488Y-296.3328
G1X179.0601Y-296.4100
G1X179.0936Y-296.4512
G1X179.1505Y-296.4459
G1X179.2316Y-296.3841
G1X181.4458Y-294.1698
G1X181.5269Y-294.1080
G1X181.5837Y-294.1027
G1X181.6173Y-294.1439
G1X181.6286Y-294.2211
G1X181.6186Y-294.3242
G1X181.5883Y-294.4431
G1X181.5387Y-294.5673
G1X181.4708Y-294.6868
G1X181.3856Y-294.7913
G1X179.1714Y-297.0055
G1X179.0862Y-297.1100
G1X179.0183Y-297.2294
G1X178.9687Y-297.3537
G1X178.9384Y-297.4725
G1X178.9284Y-297.5757
G1X178.9397Y-297.6529
G1X178.9733Y-297.6940
G1X179.0301Y-297.6888
G1X179.1112Y-297.6269
G1X181.3255Y-295.4127
G1X181.4066Y-295.3509
G1X181.4634Y-295.3456
G1X181.4969Y-295.3867
G1X181.5082Y-295.4640
G1X181.4983Y-295.5671
G1X181.4680Y-295.6860
G1X181.4184Y-295.8102
G1X181.3505Y-295.9297
G1X181.2653Y-296.0341
G1X179.0609Y-298.2385
G1X178.9765Y-298.3422
G1X178.9107Y-298.4595
G1X178.8643Y-298.5807
G1X178.8377Y-298.6958
G1X178.8315Y-298.7951
G1X178.8465Y-298.8687
G1X178.8832Y-298.9067
G1X178.9422Y-298.8993
G1X179.0241Y-298.8366
G1X181.2051Y-296.6556
G1X181.2862Y-296.5938
G1X181.3430Y-296.5885
G1X181.3766Y-296.6296
G1X181.3879Y-296.7069
G1X181.3779Y-296.8100
G1X181.3476Y-296.9288
G1X181.2980Y-297.0531
G1X181.2302Y-297.1726
G1X181.1449Y-297.2770
G1X178.9872Y-299.4348
G1X178.9028Y-299.5384
G1X178.8371Y-299.6558
G1X178.7906Y-299.7769
G1X178.7639Y-299.8921
G1X178.7578Y-299.9913
G1X178.7728Y-300.0649
G1X178.8095Y-300.1029
G1X178.8685Y-300.0955
G1X178.9503Y-300.0329
G1X181.0848Y-297.8985
G1X181.1671Y-297.8354
G1X181.2274Y-297.8267
G1X181.2658Y-297.8629
G1X181.2830Y-297.9343
G1X181.2791Y-298.0314
G1X181.2547Y-298.1443
G1X181.2100Y-298.2637
G1X181.1455Y-298.3798
G1X181.0615Y-298.4830
G1X178.9135Y-300.6310
G1X178.8291Y-300.7347
G1X178.7633Y-300.8520
G1X178.7169Y-300.9731
G1X178.6903Y-301.0883
G1X178.6841Y-301.1876
G1X178.6991Y-301.2611
G1X178.7358Y-301.2992
G1X178.7947Y-301.2918
G1X178.8766Y-301.2291
G1X180.9928Y-299.1130
G1X181.0747Y-299.0504
G1X181.1336Y-299.0430
G1X181.1703Y-299.0810
G1X181.1853Y-299.1545
G1X181.1792Y-299.2538
G1X181.1526Y-299.3690
G1X181.1061Y-299.4901
G1X181.0403Y-299.6074
G1X180.9559Y-299.7111
G1X178.8398Y-301.8273
G1X178.7553Y-301.9310
G1X178.6894Y-302.0485
G1X178.6426Y-302.1699
G1X178.6157Y-302.2854
G1X178.6093Y-302.3850
G1X178.6240Y-302.4588
G1X178.6604Y-302.4971
G1X178.7192Y-302.4899
G1X178.8010Y-302.4273
G1X180.9191Y-300.3092
G1X181.0009Y-300.2466
G1X181.0599Y-300.2392
G1X181.0966Y-300.2772
G1X181.1116Y-300.3508
G1X181.1055Y-300.4501
G1X181.0788Y-300.5652
G1X181.0324Y-300.6864
G1X180.9666Y-300.8037
G1X180.8822Y-300.9074
G1X178.7860Y-303.0036
G1X178.6933Y-303.1204
G1X178.6258Y-303.2515
G1X178.5839Y-303.3832
G1X178.5680Y-303.5022
G1X178.5784Y-303.5948
G1X178.6155Y-303.6476
G1X178.6796Y-303.6472
G1X178.7710Y-303.5798
G1X180.8453Y-301.5055
G1X180.9272Y-301.4428
G1X180.9862Y-301.4355
G1X181.0229Y-301.4735
G1X181.0379Y-301.5470
G1X181.0317Y-301.6463
G1X181.0051Y-301.7614
G1X180.9587Y-301.8826
G1X180.8929Y-301.9999
G1X180.8085Y-302.1036
G1X178.7560Y-304.1561
G1X178.6633Y-304.2729
G1X178.5958Y-304.4040
G1X178.5539Y-304.5357
G1X178.5380Y-304.6547
G1X178.5484Y-304.7473
G1X178.5855Y-304.8002
G1X178.6496Y-304.7997
G1X178.7410Y-304.7324
G1X180.7716Y-302.7017
G1X180.8541Y-302.6386
G1X180.9144Y-302.6298
G1X180.9531Y-302.6658
G1X180.9704Y-302.7370
G1X180.9668Y-302.8338
G1X180.9426Y-302.9465
G1X180.8981Y-303.0657
G1X180.8337Y-303.1817
G1X180.7498Y-303.2848
G1X178.7260Y-305.3086
G1X178.6333Y-305.4254
G1X178.5659Y-305.5565
G1X178.5240Y-305.6882
G1X178.5081Y-305.8072
G1X178.5185Y-305.8998
G1X178.5555Y-305.9527
G1X178.6196Y-305.9522
G1X178.7111Y-305.8849
G1X180.7349Y-303.8611
G1X180.8263Y-303.7937
G1X180.8904Y-303.7932
G1X180.9274Y-303.8461
G1X180.9378Y-303.9387
G1X180.9219Y-304.0577
G1X180.8801Y-304.1894
G1X180.8126Y-304.3205
G1X180.7199Y-304.4373
G1X178.6961Y-306.4611
G1X178.6033Y-306.5779
G1X178.5359Y-306.7090
G1X178.4940Y-306.8407
G1X178.4781Y-306.9597
G1X178.4885Y-307.0523
G1X178.5256Y-307.1052
G1X178.5896Y-307.1047
G1X178.6811Y-307.0374
G1X180.7049Y-305.0136
G1X180.7963Y-304.9462
G1X180.8604Y-304.9457
G1X180.8974Y-304.9986
G1X180.9079Y-305.0912
G1X180.8919Y-305.2102
G1X180.8501Y-305.3419
G1X180.7826Y-305.4730
G1X180.6899Y-305.5898
G1X178.6794Y-307.6003
G1X178.5876Y-307.7162
G1X178.5224Y-307.8450
G1X178.4838Y-307.9734
G1X178.4717Y-308.0886
G1X178.4858Y-308.1775
G1X178.5262Y-308.2271
G1X178.5925Y-308.2243
G1X178.6849Y-308.1561
G1X180.6749Y-306.1661
G1X180.7663Y-306.0987
G1X180.8304Y-306.0982
G1X180.8675Y-306.1511
G1X180.8779Y-306.2437
G1X180.8620Y-306.3627
G1X180.8201Y-306.4944
G1X180.7526Y-306.6255
G1X180.6599Y-306.7423
G1X178.6903Y-308.7119
G1X178.5985Y-308.8279
G1X178.5333Y-308.9566
G1X178.4947Y-309.0851
G1X178.4825Y-309.2003
G1X178.4967Y-309.2892
G1X178.5370Y-309.3388
G1X178.6034Y-309.3360
G1X178.6957Y-309.2678
G1X180.6449Y-307.3186
G1X180.7367Y-307.2509
G1X180.8018Y-307.2494
G1X180.8402Y-307.3009
G1X180.8521Y-307.3920
G1X180.8378Y-307.5094
G1X180.7973Y-307.6398
G1X180.7308Y-307.7699
G1X180.6384Y-307.8863
G1X178.7012Y-309.8236
G1X178.6093Y-309.9396
G1X178.5442Y-310.0683
G1X178.5056Y-310.1968
G1X178.4934Y-310.3120
G1X178.5075Y-310.4009
G1X178.5479Y-310.4505
G1X178.6143Y-310.4476
G1X178.7066Y-310.3794
G1X180.6438Y-308.4422
G1X180.7362Y-308.3740
G1X180.8026Y-308.3712
G1X180.8429Y-308.4207
G1X180.8570Y-308.5096
G1X180.8449Y-308.6248
G1X180.8063Y-308.7533
G1X180.7411Y-308.8821
G1X180.6493Y-308.9980
G1X178.7120Y-310.9353
G1X178.6202Y-311.0512
G1X178.5550Y-311.1800
G1X178.5164Y-311.3085
G1X178.5043Y-311.4237
G1X178.5184Y-311.5126
G1X178.5587Y-311.5621
G1X178.6251Y-311.5593
G1X178.7174Y-311.4911
G1X180.6547Y-309.5539
G1X180.7470Y-309.4857
G1X180.8134Y-309.4829
G1X180.8537Y-309.5324
G1X180.8679Y-309.6213
G1X180.8557Y-309.7365
G1X180.8171Y-309.8650
G1X180.7520Y-309.9937
G1X180.6601Y-310.1097
G1X179.1685Y-311.6013
G1X179.1006Y-311.6934
G1X179.0984Y-311.7592
G1X179.1488Y-311.7986
G1X179.2387Y-311.8118
G1X179.3549Y-311.7986
G1X179.4842Y-311.7592
G1X179.6136Y-311.6934
G1X179.7298Y-311.6013
G1X180.6656Y-310.6655
G1X180.7579Y-310.5973
G1X180.8243Y-310.5945
G1X180.8646Y-310.6441
G1X180.8787Y-310.7330
G1X180.8666Y-310.8482
G1X180.8280Y-310.9767
G1X180.7628Y-311.1054
G1X180.6710Y-311.2214
G1X180.2031Y-311.6893
G1X180.1742Y-311.7493
G1X180.2143Y-311.7893
G1X180.3040Y-311.8093
G1X180.4234Y-311.8093
G1X180.5531Y-311.7893
G1X180.6733Y-311.7493
G1X180.7644Y-311.6893
G1X180.8869Y-311.5668
G1 Z0F20000
(Start Block)

G1X166.6811Y-274.9024
G1Z6F20000
(Plotting speed under)
G1 F8000

G1X165.5885Y-279.6649
G1X164.6982Y-284.1628
G1X163.9114Y-288.9253
G1X163.3202Y-293.4232
G1X160.6744Y-293.4232
G1X161.2656Y-288.9253
G1X162.0524Y-284.1628
G1X162.9427Y-279.6649
G1X164.0353Y-274.9024
G1X166.6811Y-274.9024
G1 Z0F20000
(Start Block)

G1X163.9888Y-275.6967
G1Z6F20000
(Plotting speed under)
G1 F8000

G1X164.4403Y-275.2452
G1X164.5565Y-275.1531
G1X164.6859Y-275.0873
G1X164.8152Y-275.0478
G1X164.9314Y-275.0347
G1X165.0213Y-275.0478
G1X165.0718Y-275.0873
G1X165.0696Y-275.1531
G1X165.0016Y-275.2452
G1X164.0322Y-276.2146
G1X163.9517Y-276.3107
G1X163.8801Y-276.4250
G1X163.8193Y-276.5487
G1X163.7713Y-276.6730
G1X163.7381Y-276.7892
G1X163.7218Y-276.8886
G1X163.7244Y-276.9624
G1X163.7478Y-277.0019
G1X163.7940Y-276.9983
G1X163.8651Y-276.9429
G1X165.5629Y-275.2452
G1X165.6791Y-275.1531
G1X165.8084Y-275.0873
G1X165.9378Y-275.0478
G1X166.0540Y-275.0347
G1X166.1439Y-275.0478
G1X166.1943Y-275.0873
G1X166.1921Y-275.1531
G1X166.1241Y-275.2452
G1X163.6980Y-277.6713
G1X163.6175Y-277.7675
G1X163.5459Y-277.8818
G1X163.4851Y-278.0054
G1X163.4371Y-278.1297
G1X163.4040Y-278.2460
G1X163.3877Y-278.3453
G1X163.3902Y-278.4191
G1X163.4136Y-278.4586
G1X163.4598Y-278.4550
G1X163.5309Y-278.3997
G1X166.1912Y-275.7393
G1X166.2623Y-275.6840
G1X166.3085Y-275.6804
G1X166.3319Y-275.7199
G1X166.3344Y-275.7937
G1X166.3181Y-275.8930
G1X166.2850Y-276.0093
G1X166.2370Y-276.1336
G1X166.1762Y-276.2573
G1X166.1046Y-276.3715
G1X166.0241Y-276.4677
G1X163.3638Y-279.1280
G1X163.2838Y-279.2238
G1X163.2132Y-279.3369
G1X163.1541Y-279.4590
G1X163.1081Y-279.5813
G1X163.0771Y-279.6953
G1X163.0630Y-279.7925
G1X163.0675Y-279.8643
G1X163.0925Y-279.9022
G1X163.1399Y-279.8975
G1X163.2114Y-279.8417
G1X165.8570Y-277.1961
G1X165.9281Y-277.1407
G1X165.9743Y-277.1371
G1X165.9977Y-277.1766
G1X166.0002Y-277.2504
G1X165.9839Y-277.3498
G1X165.9508Y-277.4660
G1X165.9028Y-277.5903
G1X165.8420Y-277.7140
G1X165.7704Y-277.8283
G1X165.6899Y-277.9244
G1X163.0729Y-280.5415
G1X162.9850Y-280.6486
G1X162.9099Y-280.7753
G1X162.8499Y-280.9100
G1X162.8072Y-281.0412
G1X162.7842Y-281.1573
G1X162.7832Y-281.2469
G1X162.8063Y-281.2984
G1X162.8560Y-281.3004
G1X162.9344Y-281.2412
G1X165.5228Y-278.6528
G1X165.5939Y-278.5974
G1X165.6401Y-278.5938
G1X165.6635Y-278.6333
G1X165.6661Y-278.7071
G1X165.6497Y-278.8065
G1X165.6166Y-278.9227
G1X165.5686Y-279.0470
G1X165.5078Y-279.1707
G1X165.4362Y-279.2850
G1X165.3557Y-279.3812
G1X162.7959Y-281.9410
G1X162.7080Y-282.0482
G1X162.6329Y-282.1748
G1X162.5729Y-282.3095
G1X162.5302Y-282.4407
G1X162.5072Y-282.5569
G1X162.5062Y-282.6465
G1X162.5293Y-282.6980
G1X162.5790Y-282.7000
G1X162.6573Y-282.6408
G1X165.1989Y-280.0992
G1X165.2773Y-280.0401
G1X165.3269Y-280.0420
G1X165.3501Y-280.0936
G1X165.3490Y-280.1832
G1X165.3260Y-280.2993
G1X165.2834Y-280.4305
G1X165.2234Y-280.5652
G1X165.1483Y-280.6919
G1X165.0604Y-280.7990
G1X162.5188Y-283.3406
G1X162.4310Y-283.4476
G1X162.3562Y-283.5741
G1X162.2965Y-283.7084
G1X162.2543Y-283.8392
G1X162.2317Y-283.9549
G1X162.2310Y-284.0441
G1X162.2545Y-284.0953
G1X162.3044Y-284.0971
G1X162.3828Y-284.0378
G1X164.9219Y-281.4988
G1X165.0003Y-281.4396
G1X165.0499Y-281.4416
G1X165.0730Y-281.4931
G1X165.0720Y-281.5827
G1X165.0490Y-281.6989
G1X165.0064Y-281.8301
G1X164.9464Y-281.9648
G1X164.8713Y-282.0914
G1X164.7834Y-282.1986
G1X162.2718Y-284.7102
G1X162.1848Y-284.8164
G1X162.1123Y-284.9405
G1X162.0559Y-285.0716
G1X162.0176Y-285.1984
G1X161.9991Y-285.3100
G1X162.0024Y-285.3953
G1X162.0292Y-285.4432
G1X162.0814Y-285.4426
G1X162.1607Y-285.3825
G1X164.6448Y-282.8983
G1X164.7233Y-282.8392
G1X164.7729Y-282.8411
G1X164.7960Y-282.8927
G1X164.7950Y-282.9823
G1X164.7720Y-283.0984
G1X164.7294Y-283.2296
G1X164.6693Y-283.3643
G1X164.5943Y-283.4910
G1X164.5063Y-283.5981
G1X162.0496Y-286.0548
G1X161.9627Y-286.1611
G1X161.8901Y-286.2852
G1X161.8337Y-286.4162
G1X161.7954Y-286.5431
G1X161.7770Y-286.6547
G1X161.7803Y-286.7400
G1X161.8071Y-286.7879
G1X161.8592Y-286.7873
G1X161.9386Y-286.7272
G1X164.3678Y-284.2979
G1X164.4471Y-284.2379
G1X164.4991Y-284.2375
G1X164.5256Y-284.2857
G1X164.5285Y-284.3713
G1X164.5098Y-284.4832
G1X164.4711Y-284.6104
G1X164.4145Y-284.7416
G1X164.3418Y-284.8660
G1X164.2547Y-284.9723
G1X161.8275Y-287.3995
G1X161.7405Y-287.5057
G1X161.6679Y-287.6299
G1X161.6116Y-287.7609
G1X161.5733Y-287.8878
G1X161.5549Y-287.9994
G1X161.5581Y-288.0847
G1X161.5849Y-288.1325
G1X161.6371Y-288.1320
G1X161.7164Y-288.0719
G1X164.1436Y-285.6446
G1X164.2230Y-285.5845
G1X164.2751Y-285.5839
G1X164.3019Y-285.6318
G1X164.3052Y-285.7171
G1X164.2868Y-285.8287
G1X164.2485Y-285.9556
G1X164.1921Y-286.0866
G1X164.1195Y-286.2107
G1X164.0326Y-286.3169
G1X161.6057Y-288.7438
G1X161.5196Y-288.8491
G1X161.4495Y-288.9709
G1X161.3966Y-289.0985
G1X161.3624Y-289.2212
G1X161.3483Y-289.3284
G1X161.3557Y-289.4096
G1X161.3860Y-289.4540
G1X161.4405Y-289.4510
G1X161.5208Y-289.3900
G1X163.9215Y-286.9893
G1X164.0009Y-286.9292
G1X164.0530Y-286.9286
G1X164.0798Y-286.9765
G1X164.0831Y-287.0618
G1X164.0646Y-287.1734
G1X164.0263Y-287.3002
G1X163.9700Y-287.4313
G1X163.8974Y-287.5554
G1X163.8104Y-287.6616
G1X161.4358Y-290.0362
G1X161.3498Y-290.1416
G1X161.2796Y-290.2633
G1X161.2267Y-290.3909
G1X161.1925Y-290.5136
G1X161.1784Y-290.6208
G1X161.1858Y-290.7020
G1X161.2161Y-290.7464
G1X161.2707Y-290.7434
G1X161.3509Y-290.6824
G1X163.6994Y-288.3340
G1X163.7787Y-288.2739
G1X163.8309Y-288.2733
G1X163.8577Y-288.3212
G1X163.8609Y-288.4065
G1X163.8425Y-288.5181
G1X163.8042Y-288.6449
G1X163.7478Y-288.7760
G1X163.6753Y-288.9001
G1X163.5883Y-289.0063
G1X161.2660Y-291.3286
G1X161.1799Y-291.4340
G1X161.1097Y-291.5557
G1X161.0569Y-291.6833
G1X161.0227Y-291.8060
G1X161.0086Y-291.9133
G1X161.0160Y-291.9944
G1X161.0462Y-292.0388
G1X161.1008Y-292.0358
G1X161.1810Y-291.9749
G1X163.4991Y-289.6568
G1X163.5793Y-289.5958
G1X163.6339Y-289.5928
G1X163.6641Y-289.6373
G1X163.6715Y-289.7184
G1X163.6574Y-289.8257
G1X163.6232Y-289.9484
G1X163.5704Y-290.0759
G1X163.5002Y-290.1977
G1X163.4141Y-290.3030
G1X161.0961Y-292.6210
G1X161.0084Y-292.7329
G1X160.9541Y-292.8507
G1X160.9310Y-292.9637
G1X160.9366Y-293.0612
G1X160.9684Y-293.1324
G1X161.0242Y-293.1665
G1X161.1015Y-293.1528
G1X161.1979Y-293.0805
G1X163.3292Y-290.9492
G1X163.4094Y-290.8882
G1X163.4640Y-290.8852
G1X163.4943Y-290.9297
G1X163.5017Y-291.0108
G1X163.4876Y-291.1181
G1X163.4534Y-291.2408
G1X163.4005Y-291.3683
G1X163.3303Y-291.4901
G1X163.2442Y-291.5954
G1X161.7592Y-293.0805
G1X161.6912Y-293.1725
G1X161.6891Y-293.2383
G1X161.7395Y-293.2778
G1X161.8294Y-293.2909
G1X161.9456Y-293.2778
G1X162.0749Y-293.2383
G1X162.2043Y-293.1725
G1X162.3205Y-293.0805
G1X163.1593Y-292.2416
G1X163.2396Y-292.1806
G1X163.2941Y-292.1777
G1X163.3244Y-292.2221
G1X163.3318Y-292.3032
G1X163.3177Y-292.4105
G1X163.2835Y-292.5332
G1X163.2306Y-292.6608
G1X163.1605Y-292.7825
G1X163.0744Y-292.8878
G1X162.6713Y-293.2909
G1 Z0F20000
(Start Block)

G1X153.7264Y-256.3815
G1Z6F20000
(Plotting speed under)
G1 F8000

G1X152.1121Y-261.1440
G1X150.6183Y-265.9065
G1X149.3272Y-270.4045
G1X148.1603Y-274.9024
G1X145.5144Y-274.9024
G1X146.6814Y-270.4045
G1X147.9725Y-265.9065
G1X149.4662Y-261.1440
G1X151.0805Y-256.3815
G1X153.7264Y-256.3815
G1 Z0F20000
(Start Block)

G1X150.8965Y-257.3365
G1Z6F20000
(Plotting speed under)
G1 F8000

G1X151.5087Y-256.7243
G1X151.6249Y-256.6322
G1X151.7543Y-256.5664
G1X151.8836Y-256.5270
G1X151.9998Y-256.5138
G1X152.0897Y-256.5270
G1X152.1401Y-256.5664
G1X152.1379Y-256.6322
G1X152.0700Y-256.7243
G1X150.8192Y-257.9751
G1X150.7429Y-258.0644
G1X150.6689Y-258.1743
G1X150.5997Y-258.2971
G1X150.5379Y-258.4251
G1X150.4861Y-258.5506
G1X150.4470Y-258.6661
G1X150.4231Y-258.7638
G1X150.4170Y-258.8361
G1X150.4313Y-258.8754
G1X150.4685Y-258.8739
G1X150.5314Y-258.8241
G1X152.6312Y-256.7243
G1X152.7475Y-256.6322
G1X152.8768Y-256.5664
G1X153.0061Y-256.5270
G1X153.1223Y-256.5138
G1X153.2122Y-256.5270
G1X153.2627Y-256.5664
G1X153.2605Y-256.6322
G1X153.1925Y-256.7243
G1X150.2436Y-259.6732
G1X150.1673Y-259.7625
G1X150.0933Y-259.8724
G1X150.0241Y-259.9952
G1X149.9623Y-260.1232
G1X149.9106Y-260.2487
G1X149.8714Y-260.3642
G1X149.8475Y-260.4619
G1X149.8414Y-260.5342
G1X149.8557Y-260.5735
G1X149.8929Y-260.5720
G1X149.9558Y-260.5223
G1X153.1148Y-257.3633
G1X153.1776Y-257.3135
G1X153.2149Y-257.3121
G1X153.2292Y-257.3513
G1X153.2231Y-257.4236
G1X153.1992Y-257.5214
G1X153.1600Y-257.6368
G1X153.1083Y-257.7624
G1X153.0465Y-257.8904
G1X152.9773Y-258.0131
G1X152.9033Y-258.1230
G1X152.8270Y-258.2124
G1X149.6827Y-261.3567
G1X149.5997Y-261.4554
G1X149.5213Y-261.5764
G1X149.4505Y-261.7101
G1X149.3903Y-261.8466
G1X149.3439Y-261.9760
G1X149.3144Y-262.0886
G1X149.3048Y-262.1746
G1X149.3181Y-262.2241
G1X149.3576Y-262.2273
G1X149.4262Y-262.1744
G1X152.5392Y-259.0614
G1X152.6021Y-259.0116
G1X152.6393Y-259.0102
G1X152.6536Y-259.0494
G1X152.6475Y-259.1218
G1X152.6236Y-259.2195
G1X152.5844Y-259.3349
G1X152.5327Y-259.4605
G1X152.4709Y-259.5885
G1X152.4017Y-259.7113
G1X152.3277Y-259.8211
G1X152.2514Y-259.9105
G1X149.1697Y-262.9922
G1X149.0867Y-263.0909
G1X149.0083Y-263.2120
G1X148.9375Y-263.3456
G1X148.8773Y-263.4821
G1X148.8309Y-263.6116
G1X148.8014Y-263.7242
G1X148.7918Y-263.8101
G1X148.8051Y-263.8596
G1X148.8446Y-263.8628
G1X148.9132Y-263.8100
G1X151.9636Y-260.7595
G1X152.0267Y-260.7095
G1X152.0647Y-260.7074
G1X152.0800Y-260.7456
G1X152.0752Y-260.8166
G1X152.0527Y-260.9129
G1X152.0150Y-261.0269
G1X151.9647Y-261.1510
G1X151.9042Y-261.2777
G1X151.8360Y-261.3994
G1X151.7627Y-261.5086
G1X151.6867Y-261.5977
G1X148.6567Y-264.6277
G1X148.5737Y-264.7264
G1X148.4953Y-264.8475
G1X148.4245Y-264.9812
G1X148.3643Y-265.1176
G1X148.3180Y-265.2471
G1X148.2884Y-265.3597
G1X148.2788Y-265.4456
G1X148.2922Y-265.4952
G1X148.3316Y-265.4984
G1X148.4002Y-265.4455
G1X151.4302Y-262.4155
G1X151.4988Y-262.3626
G1X151.5382Y-262.3658
G1X151.5516Y-262.4153
G1X151.5420Y-262.5013
G1X151.5124Y-262.6139
G1X151.4660Y-262.7434
G1X151.4059Y-262.8798
G1X151.3351Y-263.0135
G1X151.2566Y-263.1346
G1X151.1737Y-263.2333
G1X148.1634Y-266.2435
G1X148.0813Y-266.3413
G1X148.0052Y-266.4601
G1X147.9378Y-266.5903
G1X147.8818Y-266.7227
G1X147.8400Y-266.8476
G1X147.8150Y-266.9557
G1X147.8095Y-267.0375
G1X147.8263Y-267.0836
G1X147.8680Y-267.0845
G1X147.9375Y-267.0307
G1X150.9172Y-264.0510
G1X150.9858Y-263.9981
G1X151.0252Y-264.0014
G1X151.0386Y-264.0508
G1X151.0290Y-264.1368
G1X150.9994Y-264.2494
G1X150.9530Y-264.3789
G1X150.8929Y-264.5153
G1X150.8221Y-264.6490
G1X150.7437Y-264.7701
G1X150.6607Y-264.8688
G1X147.7115Y-267.8180
G1X147.6294Y-267.9158
G1X147.5533Y-268.0345
G1X147.4859Y-268.1648
G1X147.4299Y-268.2971
G1X147.3881Y-268.4221
G1X147.3630Y-268.5302
G1X147.3575Y-268.6120
G1X147.3743Y-268.6580
G1X147.4161Y-268.6589
G1X147.4855Y-268.6052
G1X150.4042Y-265.6865
G1X150.4732Y-265.6332
G1X150.5139Y-265.6352
G1X150.5290Y-265.6830
G1X150.5216Y-265.7667
G1X150.4944Y-265.8770
G1X150.4503Y-266.0041
G1X150.3923Y-266.1384
G1X150.3233Y-266.2703
G1X150.2461Y-266.3902
G1X150.1636Y-266.4884
G1X147.2596Y-269.3924
G1X147.1774Y-269.4903
G1X147.1012Y-269.6092
G1X147.0336Y-269.7397
G1X146.9773Y-269.8723
G1X146.9352Y-269.9975
G1X146.9099Y-270.1058
G1X146.9042Y-270.1879
G1X146.9207Y-270.2342
G1X146.9624Y-270.2352
G1X147.0318Y-270.1815
G1X149.9376Y-267.2757
G1X150.0071Y-267.2219
G1X150.0488Y-267.2228
G1X150.0656Y-267.2689
G1X150.0601Y-267.3507
G1X150.0351Y-267.4588
G1X149.9932Y-267.5837
G1X149.9373Y-267.7160
G1X149.8698Y-267.8463
G1X149.7937Y-267.9651
G1X149.7116Y-268.0629
G1X146.8351Y-270.9394
G1X146.7538Y-271.0364
G1X146.6800Y-271.1529
G1X146.6159Y-271.2799
G1X146.5638Y-271.4082
G1X146.5263Y-271.5288
G1X146.5057Y-271.6326
G1X146.5042Y-271.7104
G1X146.5242Y-271.7532
G1X146.5682Y-271.7519
G1X146.6385Y-271.6973
G1X149.4857Y-268.8501
G1X149.5551Y-268.7964
G1X149.5969Y-268.7973
G1X149.6137Y-268.8434
G1X149.6082Y-268.9252
G1X149.5832Y-269.0333
G1X149.5413Y-269.1582
G1X149.4853Y-269.2905
G1X149.4179Y-269.4208
G1X149.3418Y-269.5395
G1X149.2597Y-269.6374
G1X146.4419Y-272.4552
G1X146.3606Y-272.5522
G1X146.2867Y-272.6687
G1X146.2226Y-272.7957
G1X146.1706Y-272.9240
G1X146.1331Y-273.0446
G1X146.1124Y-273.1484
G1X146.1109Y-273.2262
G1X146.1310Y-273.2690
G1X146.1750Y-273.2676
G1X146.2452Y-273.2131
G1X149.0337Y-270.4246
G1X149.1038Y-270.3702
G1X149.1474Y-270.3693
G1X149.1668Y-270.4128
G1X149.1645Y-270.4914
G1X149.1430Y-270.5960
G1X149.1046Y-270.7174
G1X149.0518Y-270.8465
G1X148.9871Y-270.9742
G1X148.9127Y-271.0911
G1X148.8313Y-271.1883
G1X146.0486Y-273.9710
G1X145.9645Y-274.0743
G1X145.8996Y-274.1908
G1X145.8544Y-274.3107
G1X145.8293Y-274.4243
G1X145.8248Y-274.5220
G1X145.8413Y-274.5941
G1X145.8792Y-274.6308
G1X145.9390Y-274.6226
G1X146.0213Y-274.5596
G1X148.6347Y-271.9462
G1X148.7049Y-271.8916
G1X148.7489Y-271.8903
G1X148.7690Y-271.9331
G1X148.7675Y-272.0109
G1X148.7468Y-272.1147
G1X148.7093Y-272.2353
G1X148.6573Y-272.3636
G1X148.5932Y-272.4906
G1X148.5193Y-272.6071
G1X148.4381Y-272.7041
G1X146.5825Y-274.5596
G1X146.5146Y-274.6517
G1X146.5124Y-274.7175
G1X146.5628Y-274.7569
G1X146.6527Y-274.7701
G1X146.7689Y-274.7569
G1X146.8982Y-274.7175
G1X147.0276Y-274.6517
G1X147.1438Y-274.5596
G1X148.2414Y-273.4620
G1X148.3117Y-273.4074
G1X148.3557Y-273.4061
G1X148.3757Y-273.4489
G1X148.3743Y-273.5267
G1X148.3536Y-273.6305
G1X148.3161Y-273.7510
G1X148.2641Y-273.8794
G1X148.2000Y-274.0064
G1X148.1261Y-274.1229
G1X148.0448Y-274.2199
G1X147.4946Y-274.7701
G1 Z0F20000
(Start Block)

G1X142.4181Y-237.8607
G1Z6F20000
(Plotting speed under)
G1 F8000

G1X138.4417Y-247.6503
G1X135.2055Y-256.3815
G1X132.5597Y-256.3815
G1X135.7959Y-247.6503
G1X139.7723Y-237.8607
G1X142.4181Y-237.8607
G1 Z0F20000
(Start Block)

G1X139.6296Y-238.5635
G1Z6F20000
(Plotting speed under)
G1 F8000

G1X139.9896Y-238.2034
G1X140.1058Y-238.1114
G1X140.2351Y-238.0456
G1X140.3645Y-238.0061
G1X140.4807Y-237.9930
G1X140.5706Y-238.0061
G1X140.6210Y-238.0456
G1X140.6188Y-238.1114
G1X140.5509Y-238.2034
G1X139.4561Y-239.2982
G1X139.3843Y-239.3811
G1X139.3108Y-239.4851
G1X139.2383Y-239.6037
G1X139.1695Y-239.7303
G1X139.1071Y-239.8583
G1X139.0537Y-239.9812
G1X139.0120Y-240.0924
G1X138.9847Y-240.1854
G1X138.9743Y-240.2535
G1X138.9837Y-240.2903
G1X139.0155Y-240.2891
G1X139.0722Y-240.2434
G1X141.1121Y-238.2034
G1X141.2283Y-238.1114
G1X141.3577Y-238.0456
G1X141.4870Y-238.0061
G1X141.6033Y-237.9930
G1X141.6931Y-238.0061
G1X141.7436Y-238.0456
G1X141.7414Y-238.1114
G1X141.6734Y-238.2034
G1X138.6883Y-241.1885
G1X138.6164Y-241.2714
G1X138.5429Y-241.3755
G1X138.4705Y-241.4941
G1X138.4017Y-241.6207
G1X138.3393Y-241.7487
G1X138.2859Y-241.8716
G1X138.2442Y-241.9828
G1X138.2168Y-242.0758
G1X138.2065Y-242.1439
G1X138.2159Y-242.1806
G1X138.2476Y-242.1794
G1X138.3044Y-242.1337
G1X141.8582Y-238.5799
G1X141.9149Y-238.5342
G1X141.9467Y-238.5330
G1X141.9560Y-238.5698
G1X141.9457Y-238.6379
G1X141.9184Y-238.7309
G1X141.8767Y-238.8421
G1X141.8233Y-238.9650
G1X141.7609Y-239.0930
G1X141.6921Y-239.2196
G1X141.6196Y-239.3382
G1X141.5461Y-239.4422
G1X141.4742Y-239.5251
G1X137.9205Y-243.0789
G1X137.8486Y-243.1618
G1X137.7751Y-243.2658
G1X137.7026Y-243.3844
G1X137.6339Y-243.5110
G1X137.5714Y-243.6390
G1X137.5181Y-243.7619
G1X137.4764Y-243.8732
G1X137.4490Y-243.9661
G1X137.4387Y-244.0342
G1X137.4481Y-244.0710
G1X137.4798Y-244.0698
G1X137.5366Y-244.0241
G1X141.0903Y-240.4703
G1X141.1471Y-240.4246
G1X141.1788Y-240.4234
G1X141.1882Y-240.4601
G1X141.1779Y-240.5283
G1X141.1505Y-240.6212
G1X141.1089Y-240.7324
G1X141.0555Y-240.8553
G1X140.9930Y-240.9833
G1X140.9243Y-241.1099
G1X140.8518Y-241.2285
G1X140.7783Y-241.3326
G1X140.7064Y-241.4155
G1X137.1526Y-244.9692
G1X137.0808Y-245.0522
G1X137.0073Y-245.1562
G1X136.9348Y-245.2748
G1X136.8660Y-245.4014
G1X136.8036Y-245.5294
G1X136.7502Y-245.6523
G1X136.7085Y-245.7635
G1X136.6812Y-245.8565
G1X136.6709Y-245.9246
G1X136.6803Y-245.9614
G1X136.7120Y-245.9602
G1X136.7687Y-245.9144
G1X140.3225Y-242.3607
G1X140.3793Y-242.3150
G1X140.4110Y-242.3137
G1X140.4204Y-242.3505
G1X140.4101Y-242.4186
G1X140.3827Y-242.5116
G1X140.3410Y-242.6228
G1X140.2876Y-242.7457
G1X140.2252Y-242.8737
G1X140.1564Y-243.0003
G1X140.0840Y-243.1189
G1X140.0105Y-243.2229
G1X139.9386Y-243.3059
G1X136.3848Y-246.8596
G1X136.3133Y-246.9422
G1X136.2408Y-247.0452
G1X136.1698Y-247.1623
G1X136.1029Y-247.2871
G1X136.0425Y-247.4130
G1X135.9913Y-247.5337
G1X135.9519Y-247.6427
G1X135.9266Y-247.7336
G1X135.9181Y-247.7999
G1X135.9290Y-247.8351
G1X135.9617Y-247.8330
G1X136.0188Y-247.7869
G1X139.5547Y-244.2510
G1X139.6114Y-244.2053
G1X139.6432Y-244.2041
G1X139.6525Y-244.2409
G1X139.6422Y-244.3090
G1X139.6149Y-244.4019
G1X139.5732Y-244.5132
G1X139.5198Y-244.6361
G1X139.4574Y-244.7641
G1X139.3886Y-244.8907
G1X139.3161Y-245.0093
G1X139.2426Y-245.1133
G1X139.1707Y-245.1962
G1X135.6882Y-248.6787
G1X135.6110Y-248.7691
G1X135.5342Y-248.8817
G1X135.4609Y-249.0085
G1X135.3941Y-249.1415
G1X135.3367Y-249.2727
G1X135.2918Y-249.3940
G1X135.2622Y-249.4973
G1X135.2511Y-249.5747
G1X135.2613Y-249.6181
G1X135.2958Y-249.6193
G1X135.3577Y-249.5705
G1X138.7868Y-246.1414
G1X138.8436Y-246.0957
G1X138.8753Y-246.0945
G1X138.8847Y-246.1312
G1X138.8744Y-246.1993
G1X138.8471Y-246.2923
G1X138.8054Y-246.4035
G1X138.7520Y-246.5264
G1X138.6896Y-246.6545
G1X138.6208Y-246.7810
G1X138.5483Y-246.8996
G1X138.4748Y-247.0037
G1X138.4029Y-247.0866
G1X135.0272Y-250.4623
G1X134.9499Y-250.5527
G1X134.8731Y-250.6653
G1X134.7998Y-250.7921
G1X134.7330Y-250.9252
G1X134.6756Y-251.0564
G1X134.6307Y-251.1776
G1X134.6011Y-251.2810
G1X134.5900Y-251.3583
G1X134.6002Y-251.4017
G1X134.6347Y-251.4030
G1X134.6966Y-251.3542
G1X138.1129Y-247.9378
G1X138.1691Y-247.8927
G1X138.1993Y-247.8930
G1X138.2064Y-247.9321
G1X138.1932Y-248.0031
G1X138.1625Y-248.0993
G1X138.1173Y-248.2141
G1X138.0605Y-248.3405
G1X137.9948Y-248.4718
G1X137.9231Y-248.6013
G1X137.8483Y-248.7222
G1X137.7732Y-248.8277
G1X137.7008Y-248.9112
G1X134.3660Y-252.2460
G1X134.2888Y-252.3363
G1X134.2120Y-252.4489
G1X134.1387Y-252.5758
G1X134.0719Y-252.7088
G1X134.0145Y-252.8400
G1X133.9696Y-252.9613
G1X133.9400Y-253.0646
G1X133.9289Y-253.1420
G1X133.9391Y-253.1853
G1X133.9736Y-253.1866
G1X134.0355Y-253.1378
G1X137.3703Y-249.8030
G1X137.4321Y-249.7542
G1X137.4667Y-249.7555
G1X137.4769Y-249.7989
G1X137.4657Y-249.8762
G1X137.4362Y-249.9796
G1X137.3912Y-250.1008
G1X137.3339Y-250.2320
G1X137.2670Y-250.3651
G1X137.1938Y-250.4919
G1X137.1170Y-250.6045
G1X137.0397Y-250.6949
G1X133.7050Y-254.0296
G1X133.6277Y-254.1200
G1X133.5509Y-254.2326
G1X133.4776Y-254.3594
G1X133.4108Y-254.4924
G1X133.3534Y-254.6236
G1X133.3085Y-254.7449
G1X133.2789Y-254.8482
G1X133.2678Y-254.9256
G1X133.2780Y-254.9689
G1X133.3125Y-254.9702
G1X133.3744Y-254.9214
G1X136.7092Y-251.5867
G1X136.7711Y-251.5379
G1X136.8056Y-251.5391
G1X136.8158Y-251.5825
G1X136.8047Y-251.6599
G1X136.7751Y-251.7632
G1X136.7302Y-251.8845
G1X136.6728Y-252.0157
G1X136.6060Y-252.1487
G1X136.5327Y-252.2755
G1X136.4559Y-252.3881
G1X136.3786Y-252.4785
G1X133.0438Y-255.8132
G1X132.9594Y-255.9288
G1X132.9386Y-256.0298
G1X132.9698Y-256.1082
G1X133.0413Y-256.1562
G1X133.1412Y-256.1659
G1X133.2579Y-256.1293
G1X133.3796Y-256.0388
G1X136.0481Y-253.3703
G1X136.1099Y-253.3215
G1X136.1445Y-253.3228
G1X136.1547Y-253.3661
G1X136.1435Y-253.4435
G1X136.1140Y-253.5468
G1X136.0691Y-253.6681
G1X136.0117Y-253.7993
G1X135.9448Y-253.9323
G1X135.8716Y-254.0592
G1X135.7948Y-254.1718
G1X135.7175Y-254.2621
G1X133.9409Y-256.0388
G1X133.8729Y-256.1309
G1X133.8707Y-256.1966
G1X133.9211Y-256.2361
G1X134.0110Y-256.2492
G1X134.1272Y-256.2361
G1X134.2566Y-256.1966
G1X134.3859Y-256.1309
G1X134.5021Y-256.0388
G1X135.3905Y-255.1504
G1X135.4512Y-255.1028
G1X135.4848Y-255.1050
G1X135.4943Y-255.1490
G1X135.4827Y-255.2269
G1X135.4529Y-255.3304
G1X135.4080Y-255.4517
G1X135.3508Y-255.5827
G1X135.2845Y-255.7152
G1X135.2119Y-255.8414
G1X135.1360Y-255.9531
G1X135.0599Y-256.0422
G1X134.8529Y-256.2492
G1 Z0F20000
(Start Block)

G1X132.0322Y-219.3398
G1Z6F20000
(Plotting speed under)
G1 F8000

G1X127.4333Y-229.6586
G1X123.8972Y-237.8607
G1X121.2514Y-237.8607
G1X124.7874Y-229.6586
G1X129.3863Y-219.3398
G1X132.0322Y-219.3398
G1 Z0F20000
(Start Block)

G1X129.3720Y-219.6970
G1Z6F20000
(Plotting speed under)
G1 F8000

G1X129.4844Y-219.5845
G1X129.5885Y-219.5221
G1X129.7299Y-219.4846
G1X129.8775Y-219.4721
G1X130.0001Y-219.4846
G1X130.0666Y-219.5221
G1X130.0457Y-219.5845
G1X129.1312Y-220.4990
G1X129.0638Y-220.5759
G1X128.9929Y-220.6731
G1X128.9208Y-220.7854
G1X128.8500Y-220.9070
G1X128.7830Y-221.0324
G1X128.7223Y-221.1562
G1X128.6704Y-221.2728
G1X128.6296Y-221.3767
G1X128.6025Y-221.4623
G1X128.5915Y-221.5241
G1X128.5991Y-221.5566
G1X128.6278Y-221.5543
G1X128.6799Y-221.5116
G1X130.5089Y-219.6826
G1X130.6251Y-219.5905
G1X130.7545Y-219.5247
G1X130.8838Y-219.4853
G1X131.0000Y-219.4721
G1X131.0899Y-219.4853
G1X131.1403Y-219.5247
G1X131.1381Y-219.5905
G1X131.0702Y-219.6826
G1X128.2287Y-222.5241
G1X128.1613Y-222.6009
G1X128.0903Y-222.6982
G1X128.0182Y-222.8104
G1X127.9474Y-222.9320
G1X127.8805Y-223.0575
G1X127.8198Y-223.1813
G1X127.7678Y-223.2979
G1X127.7270Y-223.4018
G1X127.6999Y-223.4874
G1X127.6889Y-223.5492
G1X127.6965Y-223.5817
G1X127.7252Y-223.5794
G1X127.7774Y-223.5367
G1X131.6314Y-219.6826
G1X131.6832Y-219.6403
G1X131.7107Y-219.6391
G1X131.7166Y-219.6733
G1X131.7034Y-219.7373
G1X131.6737Y-219.8255
G1X131.6302Y-219.9321
G1X131.5754Y-220.0515
G1X131.5120Y-220.1781
G1X131.4425Y-220.3061
G1X131.3695Y-220.4299
G1X131.2957Y-220.5439
G1X131.2235Y-220.6423
G1X131.1557Y-220.7196
G1X127.3261Y-224.5492
G1X127.2587Y-224.6260
G1X127.1878Y-224.7233
G1X127.1157Y-224.8355
G1X127.0449Y-224.9571
G1X126.9779Y-225.0826
G1X126.9172Y-225.2064
G1X126.8653Y-225.3230
G1X126.8245Y-225.4269
G1X126.7974Y-225.5125
G1X126.7864Y-225.5743
G1X126.7940Y-225.6068
G1X126.8227Y-225.6045
G1X126.8748Y-225.5617
G1X130.7045Y-221.7321
G1X130.7567Y-221.6894
G1X130.7853Y-221.6870
G1X130.7929Y-221.7195
G1X130.7819Y-221.7814
G1X130.7548Y-221.8670
G1X130.7141Y-221.9708
G1X130.6621Y-222.0874
G1X130.6014Y-222.2112
G1X130.5344Y-222.3367
G1X130.4637Y-222.4583
G1X130.3916Y-222.5705
G1X130.3206Y-222.6678
G1X130.2532Y-222.7446
G1X126.4236Y-226.5743
G1X126.3562Y-226.6511
G1X126.2852Y-226.7484
G1X126.2131Y-226.8606
G1X126.1423Y-226.9822
G1X126.0754Y-227.1077
G1X126.0147Y-227.2315
G1X125.9627Y-227.3481
G1X125.9219Y-227.4519
G1X125.8948Y-227.5376
G1X125.8838Y-227.5994
G1X125.8914Y-227.6319
G1X125.9201Y-227.6295
G1X125.9723Y-227.5868
G1X129.8019Y-223.7572
G1X129.8541Y-223.7145
G1X129.8828Y-223.7121
G1X129.8904Y-223.7446
G1X129.8794Y-223.8064
G1X129.8523Y-223.8920
G1X129.8115Y-223.9959
G1X129.7595Y-224.1125
G1X129.6988Y-224.2363
G1X129.6319Y-224.3618
G1X129.5611Y-224.4834
G1X129.4890Y-224.5956
G1X129.4180Y-224.6929
G1X129.3507Y-224.7697
G1X125.5210Y-228.5994
G1X125.4479Y-228.6835
G1X125.3709Y-228.7911
G1X125.2931Y-228.9150
G1X125.2177Y-229.0482
G1X125.1477Y-229.1838
G1X125.0863Y-229.3147
G1X125.0366Y-229.4339
G1X125.0017Y-229.5344
G1X124.9848Y-229.6091
G1X124.9889Y-229.6512
G1X125.0171Y-229.6535
G1X125.0726Y-229.6091
G1X128.8994Y-225.7823
G1X128.9516Y-225.7395
G1X128.9802Y-225.7372
G1X128.9878Y-225.7697
G1X128.9768Y-225.8315
G1X128.9497Y-225.9171
G1X128.9090Y-226.0210
G1X128.8570Y-226.1376
G1X128.7963Y-226.2614
G1X128.7293Y-226.3869
G1X128.6586Y-226.5085
G1X128.5865Y-226.6207
G1X128.5155Y-226.7180
G1X128.4481Y-226.7948
G1X124.6472Y-230.5957
G1X124.5746Y-230.6794
G1X124.4988Y-230.7857
G1X124.4229Y-230.9077
G1X124.3499Y-231.0385
G1X124.2826Y-231.1714
G1X124.2241Y-231.2994
G1X124.1773Y-231.4158
G1X124.1451Y-231.5136
G1X124.1305Y-231.5859
G1X124.1365Y-231.6261
G1X124.1660Y-231.6272
G1X124.2219Y-231.5823
G1X127.9968Y-227.8073
G1X128.0490Y-227.7646
G1X128.0777Y-227.7623
G1X128.0853Y-227.7948
G1X128.0743Y-227.8566
G1X128.0472Y-227.9422
G1X128.0064Y-228.0461
G1X127.9544Y-228.1627
G1X127.8937Y-228.2865
G1X127.8268Y-228.4120
G1X127.7560Y-228.5336
G1X127.6839Y-228.6458
G1X127.6129Y-228.7431
G1X127.5456Y-228.8199
G1X123.7966Y-232.5689
G1X123.7239Y-232.6526
G1X123.6481Y-232.7589
G1X123.5723Y-232.8809
G1X123.4992Y-233.0117
G1X123.4319Y-233.1446
G1X123.3734Y-233.2726
G1X123.3266Y-233.3890
G1X123.2944Y-233.4868
G1X123.2798Y-233.5592
G1X123.2858Y-233.5993
G1X123.3153Y-233.6004
G1X123.3712Y-233.5555
G1X127.0943Y-229.8324
G1X127.1502Y-229.7875
G1X127.1797Y-229.7885
G1X127.1858Y-229.8286
G1X127.1712Y-229.9010
G1X127.1391Y-229.9987
G1X127.0923Y-230.1150
G1X127.0338Y-230.2430
G1X126.9666Y-230.3758
G1X126.8936Y-230.5067
G1X126.8178Y-230.6286
G1X126.7420Y-230.7349
G1X126.6694Y-230.8186
G1X122.9459Y-234.5421
G1X122.8732Y-234.6258
G1X122.7975Y-234.7321
G1X122.7216Y-234.8541
G1X122.6485Y-234.9849
G1X122.5813Y-235.1178
G1X122.5227Y-235.2459
G1X122.4759Y-235.3622
G1X122.4437Y-235.4600
G1X122.4292Y-235.5324
G1X122.4351Y-235.5725
G1X122.4646Y-235.5736
G1X122.5205Y-235.5287
G1X126.2440Y-231.8052
G1X126.3000Y-231.7603
G1X126.3295Y-231.7613
G1X126.3354Y-231.8015
G1X126.3208Y-231.8739
G1X126.2887Y-231.9717
G1X126.2418Y-232.0880
G1X126.1833Y-232.2161
G1X126.1160Y-232.3489
G1X126.0430Y-232.4798
G1X125.9671Y-232.6018
G1X125.8914Y-232.7081
G1X125.8187Y-232.7918
G1X122.0952Y-236.5153
G1X122.0333Y-236.5993
G1X121.9872Y-236.7065
G1X121.9561Y-236.8298
G1X121.9392Y-236.9623
G1X121.9357Y-237.0971
G1X121.9447Y-237.2271
G1X121.9654Y-237.3454
G1X121.9970Y-237.4450
G1X122.0385Y-237.5191
G1X122.0893Y-237.5606
G1X122.1485Y-237.5625
G1X122.2151Y-237.5179
G1X124.9680Y-234.7650
G1X125.0407Y-234.6813
G1X125.1164Y-234.5750
G1X125.1923Y-234.4530
G1X125.2654Y-234.3221
G1X125.3326Y-234.1893
G1X125.3912Y-234.0612
G1X125.4380Y-233.9449
G1X125.4702Y-233.8471
G1X125.4847Y-233.7747
G1X125.4788Y-233.7346
G1X125.4493Y-233.7335
G1X125.3934Y-233.7784
G1X121.6538Y-237.5179
G1X121.6130Y-237.5777
G1X121.6158Y-237.6275
G1X121.6561Y-237.6673
G1X121.7280Y-237.6972
G1X121.8250Y-237.7172
G1X121.9413Y-237.7271
G1X122.0705Y-237.7271
G1X122.2067Y-237.7172
G1X122.3436Y-237.6972
G1X122.4752Y-237.6673
G1X122.5953Y-237.6275
G1X122.6977Y-237.5777
G1X122.7764Y-237.5179
G1X124.5427Y-235.7516
G1X124.5986Y-235.7067
G1X124.6281Y-235.7078
G1X124.6341Y-235.7479
G1X124.6195Y-235.8203
G1X124.5873Y-235.9181
G1X124.5405Y-236.0344
G1X124.4819Y-236.1625
G1X124.4147Y-236.2953
G1X124.3416Y-236.4262
G1X124.2658Y-236.5482
G1X124.1900Y-236.6545
G1X124.1173Y-236.7382
G1X123.2342Y-237.6214
G1X123.2163Y-237.6808
G1X123.2846Y-237.7165
G1X123.4078Y-237.7284
G1X123.5548Y-237.7165
G1X123.6944Y-237.6808
G1X123.7955Y-237.6214
G1X123.9025Y-237.5144
G1 Z0F20000
(Start Block)

G1X121.7520Y-200.8190
G1Z6F20000
(Plotting speed under)
G1 F8000

G1X113.5113Y-219.3398
G1X110.8655Y-219.3398
G1X119.1062Y-200.8190
G1X121.7520Y-200.8190
G1 Z0F20000
(Start Block)

G1X118.7150Y-202.0236
G1Z6F20000
(Plotting speed under)
G1 F8000

G1X119.5769Y-201.1617
G1X119.6930Y-201.0697
G1X119.8224Y-201.0039
G1X119.9517Y-200.9644
G1X120.0680Y-200.9513
G1X120.1579Y-200.9644
G1X120.2083Y-201.0039
G1X120.2061Y-201.0697
G1X120.1381Y-201.1617
G1X118.4756Y-202.8243
G1X118.4082Y-202.9011
G1X118.3373Y-202.9983
G1X118.2653Y-203.1104
G1X118.1947Y-203.2319
G1X118.1278Y-203.3572
G1X118.0673Y-203.4809
G1X118.0155Y-203.5973
G1X117.9749Y-203.7010
G1X117.9479Y-203.7865
G1X117.9370Y-203.8482
G1X117.9447Y-203.8806
G1X117.9735Y-203.8782
G1X118.0257Y-203.8355
G1X120.6994Y-201.1617
G1X120.8156Y-201.0697
G1X120.9449Y-201.0039
G1X121.0743Y-200.9644
G1X121.1905Y-200.9513
G1X121.2804Y-200.9644
G1X121.3308Y-201.0039
G1X121.3286Y-201.0697
G1X121.2606Y-201.1617
G1X117.5757Y-204.8466
G1X117.5084Y-204.9234
G1X117.4375Y-205.0207
G1X117.3655Y-205.1328
G1X117.2948Y-205.2543
G1X117.2280Y-205.3796
G1X117.1675Y-205.5033
G1X117.1157Y-205.6197
G1X117.0750Y-205.7234
G1X117.0481Y-205.8089
G1X117.0372Y-205.8706
G1X117.0449Y-205.9030
G1X117.0736Y-205.9006
G1X117.1258Y-205.8578
G1X120.9499Y-202.0337
G1X121.0021Y-201.9910
G1X121.0309Y-201.9886
G1X121.0386Y-202.0210
G1X121.0277Y-202.0827
G1X121.0007Y-202.1682
G1X120.9601Y-202.2719
G1X120.9083Y-202.3883
G1X120.8477Y-202.5120
G1X120.7809Y-202.6373
G1X120.7103Y-202.7588
G1X120.6383Y-202.8709
G1X120.5674Y-202.9681
G1X120.5000Y-203.0449
G1X116.6759Y-206.8690
G1X116.6086Y-206.9458
G1X116.5376Y-207.0431
G1X116.4656Y-207.1552
G1X116.3950Y-207.2767
G1X116.3282Y-207.4020
G1X116.2676Y-207.5256
G1X116.2158Y-207.6421
G1X116.1752Y-207.7458
G1X116.1482Y-207.8313
G1X116.1374Y-207.8930
G1X116.1451Y-207.9254
G1X116.1738Y-207.9230
G1X116.2260Y-207.8802
G1X120.0501Y-204.0561
G1X120.1023Y-204.0134
G1X120.1310Y-204.0110
G1X120.1387Y-204.0434
G1X120.1278Y-204.1051
G1X120.1009Y-204.1905
G1X120.0603Y-204.2942
G1X120.0085Y-204.4107
G1X119.9479Y-204.5344
G1X119.8811Y-204.6597
G1X119.8104Y-204.7812
G1X119.7384Y-204.8933
G1X119.6675Y-204.9905
G1X119.6001Y-205.0673
G1X115.7761Y-208.8914
G1X115.7087Y-208.9682
G1X115.6378Y-209.0654
G1X115.5658Y-209.1776
G1X115.4951Y-209.2990
G1X115.4283Y-209.4244
G1X115.3678Y-209.5480
G1X115.3160Y-209.6644
G1X115.2753Y-209.7682
G1X115.2484Y-209.8536
G1X115.2375Y-209.9153
G1X115.2452Y-209.9478
G1X115.2739Y-209.9453
G1X115.3261Y-209.9026
G1X119.1502Y-206.0785
G1X119.2024Y-206.0357
G1X119.2312Y-206.0333
G1X119.2389Y-206.0657
G1X119.2280Y-206.1274
G1X119.2010Y-206.2129
G1X119.1604Y-206.3166
G1X119.1086Y-206.4331
G1X119.0481Y-206.5567
G1X118.9812Y-206.6821
G1X118.9106Y-206.8035
G1X118.8386Y-206.9156
G1X118.7677Y-207.0129
G1X118.7003Y-207.0897
G1X114.8762Y-210.9138
G1X114.8089Y-210.9906
G1X114.7379Y-211.0878
G1X114.6660Y-211.1999
G1X114.5953Y-211.3214
G1X114.5285Y-211.4467
G1X114.4679Y-211.5704
G1X114.4161Y-211.6868
G1X114.3755Y-211.7905
G1X114.3485Y-211.8760
G1X114.3377Y-211.9377
G1X114.3454Y-211.9701
G1X114.3741Y-211.9677
G1X114.4263Y-211.9250
G1X118.2504Y-208.1009
G1X118.3026Y-208.0581
G1X118.3313Y-208.0557
G1X118.3390Y-208.0881
G1X118.3282Y-208.1498
G1X118.3012Y-208.2353
G1X118.2606Y-208.3390
G1X118.2088Y-208.4555
G1X118.1482Y-208.5791
G1X118.0814Y-208.7044
G1X118.0107Y-208.8259
G1X117.9387Y-208.9380
G1X117.8678Y-209.0352
G1X117.8005Y-209.1120
G1X113.9764Y-212.9361
G1X113.9090Y-213.0130
G1X113.8381Y-213.1102
G1X113.7661Y-213.2223
G1X113.6955Y-213.3438
G1X113.6286Y-213.4691
G1X113.5681Y-213.5927
G1X113.5163Y-213.7092
G1X113.4757Y-213.8129
G1X113.4487Y-213.8984
G1X113.4378Y-213.9601
G1X113.4455Y-213.9925
G1X113.4742Y-213.9901
G1X113.5264Y-213.9473
G1X117.3506Y-210.1232
G1X117.4028Y-210.0805
G1X117.4315Y-210.0781
G1X117.4392Y-210.1105
G1X117.4283Y-210.1722
G1X117.4014Y-210.2577
G1X117.3607Y-210.3614
G1X117.3089Y-210.4778
G1X117.2484Y-210.6015
G1X117.1815Y-210.7268
G1X117.1109Y-210.8483
G1X117.0389Y-210.9604
G1X116.9680Y-211.0576
G1X116.9006Y-211.1344
G1X113.0765Y-214.9585
G1X113.0092Y-215.0353
G1X112.9383Y-215.1326
G1X112.8663Y-215.2447
G1X112.7956Y-215.3661
G1X112.7288Y-215.4915
G1X112.6682Y-215.6151
G1X112.6164Y-215.7316
G1X112.5758Y-215.8353
G1X112.5488Y-215.9208
G1X112.5380Y-215.9825
G1X112.5457Y-216.0149
G1X112.5744Y-216.0125
G1X112.6266Y-215.9697
G1X116.4507Y-212.1456
G1X116.5029Y-212.1029
G1X116.5316Y-212.1004
G1X116.5393Y-212.1328
G1X116.5285Y-212.1945
G1X116.5015Y-212.2800
G1X116.4609Y-212.3837
G1X116.4091Y-212.5002
G1X116.3485Y-212.6238
G1X116.2817Y-212.7492
G1X116.2111Y-212.8706
G1X116.1390Y-212.9828
G1X116.0681Y-213.0800
G1X116.0008Y-213.1568
G1X112.1767Y-216.9809
G1X112.1093Y-217.0577
G1X112.0384Y-217.1549
G1X111.9664Y-217.2670
G1X111.8958Y-217.3885
G1X111.8290Y-217.5138
G1X111.7684Y-217.6375
G1X111.7166Y-217.7539
G1X111.6760Y-217.8577
G1X111.6490Y-217.9431
G1X111.6381Y-218.0048
G1X111.6458Y-218.0372
G1X111.6746Y-218.0348
G1X111.7268Y-217.9921
G1X115.5509Y-214.1680
G1X115.6031Y-214.1252
G1X115.6318Y-214.1228
G1X115.6395Y-214.1552
G1X115.6286Y-214.2169
G1X115.6017Y-214.3024
G1X115.5610Y-214.4061
G1X115.5092Y-214.5226
G1X115.4487Y-214.6462
G1X115.3819Y-214.7715
G1X115.3112Y-214.8930
G1X115.2392Y-215.0051
G1X115.1683Y-215.1024
G1X115.1010Y-215.1792
G1X111.2831Y-218.9970
G1X111.2151Y-219.0891
G1X111.2129Y-219.1549
G1X111.2633Y-219.1944
G1X111.3532Y-219.2075
G1X111.4694Y-219.1944
G1X111.5988Y-219.1549
G1X111.7281Y-219.0891
G1X111.8443Y-218.9970
G1X114.6510Y-216.1904
G1X114.7032Y-216.1476
G1X114.7320Y-216.1452
G1X114.7397Y-216.1776
G1X114.7288Y-216.2393
G1X114.7018Y-216.3248
G1X114.6612Y-216.4285
G1X114.6094Y-216.5449
G1X114.5488Y-216.6686
G1X114.4820Y-216.7939
G1X114.4114Y-216.9154
G1X114.3394Y-217.0275
G1X114.2685Y-217.1247
G1X114.2011Y-217.2015
G1X112.4056Y-218.9970
G1X112.3376Y-219.0891
G1X112.3355Y-219.1549
G1X112.3859Y-219.1944
G1X112.4758Y-219.2075
G1X112.5920Y-219.1944
G1X112.7213Y-219.1549
G1X112.8507Y-219.0891
G1X112.9669Y-218.9970
G1X113.8646Y-218.0993
G1X113.8862Y-218.0908
G1X113.8832Y-218.1297
G1X113.8595Y-218.2069
G1X113.8192Y-218.3134
G1X113.7665Y-218.4399
G1X113.7053Y-218.5774
G1X113.6397Y-218.7168
G1X113.5738Y-218.8489
G1X113.5117Y-218.9646
G1X113.4573Y-219.0549
G1X113.4147Y-219.1105
G1X113.3177Y-219.2075
G1 Z0F20000
(Start Block)

G1X110.7504Y-182.2981
G1Z6F20000
(Plotting speed under)
G1 F8000

G1X107.3461Y-191.0294
G1X103.2312Y-200.8190
G1X100.5854Y-200.8190
G1X104.7002Y-191.0294
G1X108.1045Y-182.2981
G1X110.7504Y-182.2981
G1 Z0F20000
(Start Block)

G1X108.1432Y-182.5632
G1Z6F20000
(Plotting speed under)
G1 F8000

G1X108.2096Y-182.4968
G1X108.2880Y-182.4599
G1X108.4141Y-182.4378
G1X108.5566Y-182.4304
G1X108.6843Y-182.4378
G1X108.7661Y-182.4599
G1X108.7708Y-182.4968
G1X107.9950Y-183.2727
G1X107.9236Y-183.3551
G1X107.8514Y-183.4578
G1X107.7810Y-183.5743
G1X107.7149Y-183.6983
G1X107.6554Y-183.8234
G1X107.6051Y-183.9431
G1X107.5665Y-184.0512
G1X107.5422Y-184.1412
G1X107.5345Y-184.2067
G1X107.5459Y-184.2414
G1X107.5790Y-184.2388
G1X107.6363Y-184.1926
G1X109.1880Y-182.6409
G1X109.3042Y-182.5488
G1X109.4336Y-182.4830
G1X109.5629Y-182.4436
G1X109.6791Y-182.4304
G1X109.7690Y-182.4436
G1X109.8194Y-182.4830
G1X109.8173Y-182.5488
G1X109.7493Y-182.6409
G1X107.2776Y-185.1126
G1X107.2062Y-185.1950
G1X107.1341Y-185.2977
G1X107.0637Y-185.4142
G1X106.9975Y-185.5382
G1X106.9380Y-185.6633
G1X106.8878Y-185.7830
G1X106.8492Y-185.8911
G1X106.8248Y-185.9811
G1X106.8171Y-186.0467
G1X106.8285Y-186.0813
G1X106.8616Y-186.0788
G1X106.9189Y-186.0325
G1X110.3105Y-182.6409
G1X110.3731Y-182.5914
G1X110.4096Y-182.5907
G1X110.4227Y-182.6312
G1X110.4152Y-182.7049
G1X110.3897Y-182.8042
G1X110.3489Y-182.9214
G1X110.2955Y-183.0485
G1X110.2322Y-183.1780
G1X110.1619Y-183.3019
G1X110.0870Y-183.4126
G1X110.0105Y-183.5022
G1X106.5602Y-186.9525
G1X106.4888Y-187.0349
G1X106.4167Y-187.1376
G1X106.3463Y-187.2541
G1X106.2801Y-187.3781
G1X106.2207Y-187.5032
G1X106.1704Y-187.6229
G1X106.1318Y-187.7310
G1X106.1074Y-187.8210
G1X106.0997Y-187.8866
G1X106.1112Y-187.9212
G1X106.1442Y-187.9187
G1X106.2015Y-187.8724
G1X109.6518Y-184.4222
G1X109.7091Y-184.3759
G1X109.7422Y-184.3734
G1X109.7536Y-184.4080
G1X109.7459Y-184.4736
G1X109.7215Y-184.5636
G1X109.6829Y-184.6717
G1X109.6327Y-184.7914
G1X109.5732Y-184.9165
G1X109.5070Y-185.0405
G1X109.4366Y-185.1571
G1X109.3645Y-185.2597
G1X109.2931Y-185.3421
G1X105.8428Y-188.7924
G1X105.7715Y-188.8748
G1X105.6993Y-188.9775
G1X105.6289Y-189.0940
G1X105.5627Y-189.2180
G1X105.5033Y-189.3431
G1X105.4530Y-189.4629
G1X105.4144Y-189.5709
G1X105.3901Y-189.6609
G1X105.3823Y-189.7265
G1X105.3938Y-189.7611
G1X105.4269Y-189.7586
G1X105.4841Y-189.7124
G1X108.9344Y-186.2621
G1X108.9917Y-186.2159
G1X109.0248Y-186.2133
G1X109.0362Y-186.2480
G1X109.0285Y-186.3135
G1X109.0041Y-186.4035
G1X108.9656Y-186.5116
G1X108.9153Y-186.6313
G1X108.8558Y-186.7564
G1X108.7896Y-186.8804
G1X108.7192Y-186.9969
G1X108.6471Y-187.0996
G1X108.5757Y-187.1820
G1X105.0211Y-190.7367
G1X104.9448Y-190.8261
G1X104.8706Y-190.9361
G1X104.8011Y-191.0591
G1X104.7390Y-191.1874
G1X104.6870Y-191.3132
G1X104.6475Y-191.4291
G1X104.6233Y-191.5271
G1X104.6169Y-191.5997
G1X104.6309Y-191.6392
G1X104.6681Y-191.6379
G1X104.7309Y-191.5881
G1X108.2170Y-188.1020
G1X108.2743Y-188.0558
G1X108.3074Y-188.0532
G1X108.3189Y-188.0879
G1X108.3111Y-188.1534
G1X108.2868Y-188.2434
G1X108.2482Y-188.3515
G1X108.1979Y-188.4713
G1X108.1384Y-188.5963
G1X108.0723Y-188.7203
G1X108.0019Y-188.8369
G1X107.9297Y-188.9395
G1X107.8584Y-189.0219
G1X104.3239Y-192.5564
G1X104.2516Y-192.6398
G1X104.1768Y-192.7451
G1X104.1024Y-192.8656
G1X104.0313Y-192.9945
G1X103.9661Y-193.1253
G1X103.9099Y-193.2510
G1X103.8653Y-193.3651
G1X103.8353Y-193.4607
G1X103.8226Y-193.5313
G1X103.8301Y-193.5699
G1X103.8606Y-193.5699
G1X103.9169Y-193.5247
G1X107.4997Y-189.9419
G1X107.5569Y-189.8957
G1X107.5900Y-189.8931
G1X107.6015Y-189.9278
G1X107.5938Y-189.9933
G1X107.5694Y-190.0833
G1X107.5308Y-190.1914
G1X107.4805Y-190.3112
G1X107.4211Y-190.4362
G1X107.3549Y-190.5602
G1X107.2845Y-190.6768
G1X107.2123Y-190.7794
G1X107.1410Y-190.8618
G1X103.5099Y-194.4929
G1X103.4376Y-194.5763
G1X103.3628Y-194.6816
G1X103.2884Y-194.8021
G1X103.2173Y-194.9311
G1X103.1522Y-195.0618
G1X103.0959Y-195.1875
G1X103.0514Y-195.3016
G1X103.0213Y-195.3973
G1X103.0086Y-195.4678
G1X103.0161Y-195.5064
G1X103.0466Y-195.5064
G1X103.1029Y-195.4612
G1X106.7512Y-191.8129
G1X106.8075Y-191.7676
G1X106.8380Y-191.7676
G1X106.8455Y-191.8063
G1X106.8328Y-191.8768
G1X106.8028Y-191.9725
G1X106.7582Y-192.0865
G1X106.7020Y-192.2123
G1X106.6369Y-192.3430
G1X106.5657Y-192.4720
G1X106.4913Y-192.5925
G1X106.4166Y-192.6978
G1X106.3442Y-192.7811
G1X102.6959Y-196.4294
G1X102.6236Y-196.5128
G1X102.5489Y-196.6181
G1X102.4745Y-196.7386
G1X102.4033Y-196.8676
G1X102.3382Y-196.9983
G1X102.2819Y-197.1241
G1X102.2374Y-197.2381
G1X102.2074Y-197.3338
G1X102.1947Y-197.4043
G1X102.2021Y-197.4429
G1X102.2326Y-197.4430
G1X102.2889Y-197.3977
G1X105.9373Y-193.7494
G1X105.9936Y-193.7041
G1X106.0240Y-193.7042
G1X106.0315Y-193.7428
G1X106.0188Y-193.8133
G1X105.9888Y-193.9089
G1X105.9443Y-194.0230
G1X105.8880Y-194.1488
G1X105.8229Y-194.2795
G1X105.7517Y-194.4085
G1X105.6773Y-194.5290
G1X105.6026Y-194.6343
G1X105.5303Y-194.7176
G1X101.8819Y-198.3660
G1X101.8096Y-198.4493
G1X101.7349Y-198.5546
G1X101.6605Y-198.6751
G1X101.5893Y-198.8041
G1X101.5242Y-198.9348
G1X101.4680Y-199.0606
G1X101.4234Y-199.1746
G1X101.3934Y-199.2703
G1X101.3807Y-199.3408
G1X101.3882Y-199.3794
G1X101.4187Y-199.3795
G1X101.4750Y-199.3342
G1X105.1233Y-195.6859
G1X105.1796Y-195.6406
G1X105.2101Y-195.6407
G1X105.2175Y-195.6793
G1X105.2048Y-195.7498
G1X105.1748Y-195.8455
G1X105.1303Y-195.9595
G1X105.0740Y-196.0853
G1X105.0089Y-196.2160
G1X104.9377Y-196.3450
G1X104.8634Y-196.4655
G1X104.7886Y-196.5708
G1X104.7163Y-196.6541
G1X101.0680Y-200.3025
G1X100.9925Y-200.4020
G1X100.9707Y-200.4875
G1X100.9933Y-200.5548
G1X101.0513Y-200.5998
G1X101.1356Y-200.6185
G1X101.2371Y-200.6069
G1X101.3468Y-200.5608
G1X101.4555Y-200.4762
G1X104.3093Y-197.6224
G1X104.3656Y-197.5771
G1X104.3961Y-197.5772
G1X104.4036Y-197.6158
G1X104.3909Y-197.6863
G1X104.3609Y-197.7820
G1X104.3163Y-197.8960
G1X104.2600Y-198.0218
G1X104.1949Y-198.1525
G1X104.1238Y-198.2815
G1X104.0494Y-198.4020
G1X103.9746Y-198.5073
G1X103.9023Y-198.5906
G1X102.0168Y-200.4762
G1X101.9488Y-200.5683
G1X101.9466Y-200.6340
G1X101.9970Y-200.6735
G1X102.0869Y-200.6867
G1X102.2031Y-200.6735
G1X102.3325Y-200.6340
G1X102.4618Y-200.5683
G1X102.5780Y-200.4762
G1X103.5208Y-199.5334
G1X103.5693Y-199.4959
G1X103.5934Y-199.5024
G1X103.5960Y-199.5460
G1X103.5797Y-199.6200
G1X103.5476Y-199.7178
G1X103.5023Y-199.8325
G1X103.4468Y-199.9576
G1X103.3838Y-200.0862
G1X103.3161Y-200.2116
G1X103.2467Y-200.3272
G1X103.1783Y-200.4261
G1X103.1138Y-200.5017
G1X102.9288Y-200.6867
G1 Z0F20000
(Start Block)

G1X98.2723Y-163.7773
G1Z6F20000
(Plotting speed under)
G1 F8000

G1X96.9763Y-168.2752
G1X95.5642Y-172.7731
G1X93.9518Y-177.5356
G1X92.2295Y-182.2981
G1X89.5837Y-182.2981
G1X91.3060Y-177.5356
G1X92.9183Y-172.7731
G1X94.3305Y-168.2752
G1X95.6265Y-163.7773
G1X98.2723Y-163.7773
G1 Z0F20000
(Start Block)

G1X95.6609Y-164.1355
G1Z6F20000
(Plotting speed under)
G1 F8000

G1X95.7739Y-164.0225
G1X95.8783Y-163.9598
G1X96.0198Y-163.9221
G1X96.1675Y-163.9095
G1X96.2901Y-163.9221
G1X96.3564Y-163.9598
G1X96.3352Y-164.0225
G1X95.6443Y-164.7135
G1X95.5621Y-164.8113
G1X95.4859Y-164.9301
G1X95.4184Y-165.0605
G1X95.3622Y-165.1930
G1X95.3202Y-165.3181
G1X95.2950Y-165.4264
G1X95.2893Y-165.5084
G1X95.3060Y-165.5546
G1X95.3477Y-165.5556
G1X95.4171Y-165.5019
G1X96.7989Y-164.1200
G1X96.9151Y-164.0279
G1X97.0445Y-163.9622
G1X97.1738Y-163.9227
G1X97.2900Y-163.9095
G1X97.3799Y-163.9227
G1X97.4304Y-163.9622
G1X97.4282Y-164.0279
G1X97.3602Y-164.1200
G1X95.1899Y-166.2903
G1X95.1078Y-166.3882
G1X95.0316Y-166.5070
G1X94.9640Y-166.6375
G1X94.9079Y-166.7699
G1X94.8658Y-166.8950
G1X94.8406Y-167.0033
G1X94.8350Y-167.0853
G1X94.8516Y-167.1315
G1X94.8933Y-167.1325
G1X94.9627Y-167.0788
G1X97.9215Y-164.1200
G1X97.9846Y-164.0700
G1X98.0226Y-164.0678
G1X98.0379Y-164.1061
G1X98.0331Y-164.1771
G1X98.0106Y-164.2734
G1X97.9729Y-164.3874
G1X97.9226Y-164.5115
G1X97.8621Y-164.6382
G1X97.7939Y-164.7599
G1X97.7206Y-164.8691
G1X97.6446Y-164.9582
G1X94.7355Y-167.8673
G1X94.6528Y-167.9657
G1X94.5750Y-168.0861
G1X94.5051Y-168.2188
G1X94.4462Y-168.3542
G1X94.4010Y-168.4823
G1X94.3727Y-168.5937
G1X94.3643Y-168.6785
G1X94.3786Y-168.7271
G1X94.4187Y-168.7296
G1X94.4875Y-168.6765
G1X97.4174Y-165.7467
G1X97.4868Y-165.6930
G1X97.5284Y-165.6939
G1X97.5451Y-165.7402
G1X97.5395Y-165.8221
G1X97.5143Y-165.9304
G1X97.4722Y-166.0555
G1X97.4161Y-166.1880
G1X97.3485Y-166.3184
G1X97.2723Y-166.4373
G1X97.1902Y-166.5351
G1X94.2307Y-169.4946
G1X94.1477Y-169.5933
G1X94.0692Y-169.7144
G1X93.9984Y-169.8481
G1X93.9382Y-169.9846
G1X93.8918Y-170.1142
G1X93.8622Y-170.2268
G1X93.8525Y-170.3128
G1X93.8658Y-170.3624
G1X93.9053Y-170.3656
G1X93.9738Y-170.3127
G1X96.9630Y-167.3236
G1X97.0324Y-167.2699
G1X97.0741Y-167.2709
G1X97.0907Y-167.3171
G1X97.0851Y-167.3990
G1X97.0599Y-167.5073
G1X97.0178Y-167.6324
G1X96.9617Y-167.7649
G1X96.8941Y-167.8953
G1X96.8179Y-168.0142
G1X96.7358Y-168.1120
G1X93.7170Y-171.1308
G1X93.6340Y-171.2295
G1X93.5556Y-171.3506
G1X93.4847Y-171.4844
G1X93.4245Y-171.6209
G1X93.3781Y-171.7504
G1X93.3485Y-171.8631
G1X93.3388Y-171.9490
G1X93.3521Y-171.9986
G1X93.3915Y-172.0018
G1X93.4601Y-171.9490
G1X96.4916Y-168.9175
G1X96.5602Y-168.8646
G1X96.5996Y-168.8679
G1X96.6129Y-168.9174
G1X96.6032Y-169.0034
G1X96.5736Y-169.1161
G1X96.5272Y-169.2456
G1X96.4670Y-169.3821
G1X96.3961Y-169.5158
G1X96.3177Y-169.6370
G1X96.2347Y-169.7356
G1X93.1972Y-172.7732
G1X93.1209Y-172.8625
G1X93.0469Y-172.9723
G1X92.9778Y-173.0951
G1X92.9160Y-173.2230
G1X92.8644Y-173.3485
G1X92.8253Y-173.4639
G1X92.8014Y-173.5615
G1X92.7954Y-173.6338
G1X92.8097Y-173.6730
G1X92.8470Y-173.6715
G1X92.9099Y-173.6217
G1X95.9779Y-170.5537
G1X96.0465Y-170.5009
G1X96.0859Y-170.5041
G1X96.0992Y-170.5537
G1X96.0895Y-170.6396
G1X96.0599Y-170.7523
G1X96.0135Y-170.8818
G1X95.9533Y-171.0183
G1X95.8825Y-171.1521
G1X95.8040Y-171.2732
G1X95.7210Y-171.3719
G1X92.6227Y-174.4702
G1X92.5464Y-174.5596
G1X92.4724Y-174.6694
G1X92.4032Y-174.7922
G1X92.3415Y-174.9201
G1X92.2898Y-175.0455
G1X92.2507Y-175.1610
G1X92.2269Y-175.2586
G1X92.2208Y-175.3308
G1X92.2352Y-175.3701
G1X92.2725Y-175.3686
G1X92.3354Y-175.3188
G1X95.4642Y-172.1900
G1X95.5328Y-172.1371
G1X95.5722Y-172.1404
G1X95.5855Y-172.1899
G1X95.5758Y-172.2759
G1X95.5462Y-172.3885
G1X95.4998Y-172.5181
G1X95.4396Y-172.6546
G1X95.3687Y-172.7883
G1X95.2903Y-172.9094
G1X95.2073Y-173.0081
G1X92.0481Y-176.1673
G1X91.9718Y-176.2567
G1X91.8978Y-176.3665
G1X91.8287Y-176.4892
G1X91.7669Y-176.6171
G1X91.7153Y-176.7426
G1X91.6762Y-176.8580
G1X91.6524Y-176.9557
G1X91.6463Y-177.0279
G1X91.6606Y-177.0671
G1X91.6979Y-177.0657
G1X91.7608Y-177.0159
G1X94.9176Y-173.8591
G1X94.9805Y-173.8093
G1X95.0178Y-173.8078
G1X95.0322Y-173.8470
G1X95.0261Y-173.9193
G1X95.0023Y-174.0169
G1X94.9632Y-174.1323
G1X94.9115Y-174.2578
G1X94.8498Y-174.3857
G1X94.7806Y-174.5084
G1X94.7066Y-174.6183
G1X94.6303Y-174.7076
G1X91.4556Y-177.8823
G1X91.3786Y-177.9724
G1X91.3027Y-178.0842
G1X91.2306Y-178.2098
G1X91.1653Y-178.3414
G1X91.1095Y-178.4709
G1X91.0663Y-178.5905
G1X91.0384Y-178.6921
G1X91.0287Y-178.7680
G1X91.0401Y-178.8102
G1X91.0755Y-178.8106
G1X91.1377Y-178.7616
G1X94.3431Y-175.5561
G1X94.4060Y-175.5063
G1X94.4433Y-175.5049
G1X94.4576Y-175.5441
G1X94.4516Y-175.6163
G1X94.4277Y-175.7140
G1X94.3886Y-175.8294
G1X94.3369Y-175.9549
G1X94.2752Y-176.0828
G1X94.2061Y-176.2055
G1X94.1321Y-176.3153
G1X94.0558Y-176.4047
G1X90.8197Y-179.6408
G1X90.7427Y-179.7308
G1X90.6668Y-179.8427
G1X90.5947Y-179.9683
G1X90.5293Y-180.0998
G1X90.4736Y-180.2294
G1X90.4304Y-180.3489
G1X90.4025Y-180.4506
G1X90.3928Y-180.5265
G1X90.4042Y-180.5686
G1X90.4396Y-180.5691
G1X90.5017Y-180.5200
G1X93.7685Y-177.2532
G1X93.8311Y-177.2038
G1X93.8675Y-177.2032
G1X93.8804Y-177.2438
G1X93.8727Y-177.3178
G1X93.8469Y-177.4173
G1X93.8059Y-177.5347
G1X93.7523Y-177.6620
G1X93.6889Y-177.7917
G1X93.6183Y-177.9157
G1X93.5434Y-178.0265
G1X93.4668Y-178.1162
G1X90.1838Y-181.3993
G1X90.0919Y-181.5152
G1X90.0267Y-181.6440
G1X89.9881Y-181.7725
G1X89.9759Y-181.8878
G1X89.9900Y-181.9767
G1X90.0303Y-182.0263
G1X90.0966Y-182.0235
G1X90.1889Y-181.9554
G1X93.1489Y-178.9954
G1X93.2110Y-178.9464
G1X93.2464Y-178.9468
G1X93.2578Y-178.9890
G1X93.2481Y-179.0649
G1X93.2202Y-179.1665
G1X93.1770Y-179.2861
G1X93.1213Y-179.4156
G1X93.0559Y-179.5472
G1X92.9838Y-179.6728
G1X92.9079Y-179.7846
G1X92.8309Y-179.8747
G1X90.7502Y-181.9554
G1X90.6823Y-182.0474
G1X90.6801Y-182.1132
G1X90.7305Y-182.1527
G1X90.8204Y-182.1658
G1X90.9366Y-182.1527
G1X91.0659Y-182.1132
G1X91.1953Y-182.0474
G1X91.3115Y-181.9554
G1X92.5129Y-180.7539
G1X92.5751Y-180.7048
G1X92.6105Y-180.7053
G1X92.6219Y-180.7474
G1X92.6122Y-180.8233
G1X92.5843Y-180.9250
G1X92.5411Y-181.0446
G1X92.4853Y-181.1741
G1X92.4200Y-181.3056
G1X92.3479Y-181.4313
G1X92.2720Y-181.5431
G1X92.1950Y-181.6331
G1X91.6623Y-182.1658
G1 Z0F20000
(Start Block)

G1X83.7113Y-145.2564
G1Z6F20000
(Plotting speed under)
G1 F8000

G1X82.9665Y-149.7543
G1X82.0787Y-154.2522
G1X80.9886Y-159.0147
G1X79.7515Y-163.7773
G1X77.1057Y-163.7773
G1X78.3428Y-159.0147
G1X79.4329Y-154.2522
G1X80.3207Y-149.7543
G1X81.0655Y-145.2564
G1X83.7113Y-145.2564
G1 Z0F20000
(Start Block)

G1X81.1643Y-145.4694
G1Z6F20000
(Plotting speed under)
G1 F8000

G1X81.2047Y-145.4290
G1X81.2889Y-145.4032
G1X81.4410Y-145.3903
G1X81.6071Y-145.3903
G1X81.7334Y-145.4032
G1X81.7659Y-145.4290
G1X81.2634Y-145.9316
G1X81.1764Y-146.0378
G1X81.1038Y-146.1620
G1X81.0474Y-146.2931
G1X81.0091Y-146.4200
G1X80.9906Y-146.5316
G1X80.9938Y-146.6169
G1X81.0206Y-146.6649
G1X81.0727Y-146.6643
G1X81.1520Y-146.6042
G1X82.1571Y-145.5992
G1X82.2733Y-145.5071
G1X82.4026Y-145.4413
G1X82.5320Y-145.4018
G1X82.6482Y-145.3887
G1X82.7381Y-145.4018
G1X82.7885Y-145.4413
G1X82.7863Y-145.5071
G1X82.7183Y-145.5992
G1X81.0406Y-147.2769
G1X80.9537Y-147.3831
G1X80.8811Y-147.5073
G1X80.8247Y-147.6384
G1X80.7863Y-147.7653
G1X80.7678Y-147.8769
G1X80.7710Y-147.9623
G1X80.7978Y-148.0102
G1X80.8499Y-148.0096
G1X80.9293Y-147.9496
G1X83.2796Y-145.5992
G1X83.3616Y-145.5364
G1X83.4209Y-145.5287
G1X83.4581Y-145.5662
G1X83.4737Y-145.6392
G1X83.4681Y-145.7379
G1X83.4421Y-145.8524
G1X83.3961Y-145.9731
G1X83.3307Y-146.0901
G1X83.2464Y-146.1936
G1X80.8179Y-148.6222
G1X80.7309Y-148.7284
G1X80.6583Y-148.8526
G1X80.6019Y-148.9837
G1X80.5636Y-149.1106
G1X80.5451Y-149.2222
G1X80.5483Y-149.3075
G1X80.5750Y-149.3555
G1X80.6272Y-149.3549
G1X80.7065Y-149.2949
G1X83.1350Y-146.8663
G1X83.2144Y-146.8062
G1X83.2665Y-146.8057
G1X83.2932Y-146.8536
G1X83.2965Y-146.9389
G1X83.2780Y-147.0506
G1X83.2396Y-147.1775
G1X83.1832Y-147.3085
G1X83.1106Y-147.4327
G1X83.0236Y-147.5389
G1X80.5792Y-149.9833
G1X80.4914Y-150.0905
G1X80.4163Y-150.2171
G1X80.3564Y-150.3517
G1X80.3138Y-150.4828
G1X80.2909Y-150.5989
G1X80.2899Y-150.6884
G1X80.3131Y-150.7399
G1X80.3628Y-150.7418
G1X80.4412Y-150.6826
G1X82.9123Y-148.2116
G1X82.9916Y-148.1515
G1X83.0437Y-148.1510
G1X83.0705Y-148.1989
G1X83.0737Y-148.2842
G1X83.0552Y-148.3959
G1X83.0168Y-148.5228
G1X82.9604Y-148.6538
G1X82.8878Y-148.7780
G1X82.8009Y-148.8842
G1X80.3032Y-151.3819
G1X80.2153Y-151.4891
G1X80.1402Y-151.6157
G1X80.0803Y-151.7503
G1X80.0377Y-151.8814
G1X80.0148Y-151.9975
G1X80.0139Y-152.0870
G1X80.0371Y-152.1385
G1X80.0867Y-152.1404
G1X80.1651Y-152.0812
G1X82.6895Y-149.5569
G1X82.7684Y-149.4972
G1X82.8195Y-149.4977
G1X82.8447Y-149.5472
G1X82.8462Y-149.6343
G1X82.8258Y-149.7478
G1X82.7856Y-149.8765
G1X82.7277Y-150.0091
G1X82.6541Y-150.1343
G1X82.5667Y-150.2410
G1X80.0271Y-152.7805
G1X79.9392Y-152.8877
G1X79.8642Y-153.0143
G1X79.8043Y-153.1489
G1X79.7617Y-153.2800
G1X79.7388Y-153.3961
G1X79.7378Y-153.4856
G1X79.7610Y-153.5371
G1X79.8107Y-153.5390
G1X79.8891Y-153.4798
G1X82.4287Y-150.9403
G1X82.5071Y-150.8811
G1X82.5567Y-150.8830
G1X82.5799Y-150.9345
G1X82.5790Y-151.0240
G1X82.5561Y-151.1401
G1X82.5135Y-151.2712
G1X82.4536Y-151.4058
G1X82.3785Y-151.5324
G1X82.2906Y-151.6396
G1X79.7466Y-154.1836
G1X79.6661Y-154.2798
G1X79.5945Y-154.3940
G1X79.5338Y-154.5176
G1X79.4859Y-154.6419
G1X79.4528Y-154.7580
G1X79.4366Y-154.8573
G1X79.4392Y-154.9311
G1X79.4626Y-154.9705
G1X79.5089Y-154.9669
G1X79.5800Y-154.9115
G1X82.1526Y-152.3389
G1X82.2310Y-152.2797
G1X82.2807Y-152.2816
G1X82.3039Y-152.3331
G1X82.3029Y-152.4226
G1X82.2800Y-152.5387
G1X82.2374Y-152.6698
G1X82.1775Y-152.8044
G1X82.1024Y-152.9310
G1X82.0146Y-153.0382
G1X79.4134Y-155.6394
G1X79.3329Y-155.7355
G1X79.2614Y-155.8497
G1X79.2006Y-155.9734
G1X79.1527Y-156.0976
G1X79.1196Y-156.2138
G1X79.1034Y-156.3131
G1X79.1060Y-156.3868
G1X79.1294Y-156.4262
G1X79.1757Y-156.4226
G1X79.2468Y-156.3672
G1X81.8765Y-153.7375
G1X81.9549Y-153.6783
G1X82.0046Y-153.6802
G1X82.0278Y-153.7317
G1X82.0268Y-153.8212
G1X82.0039Y-153.9373
G1X81.9614Y-154.0684
G1X81.9014Y-154.2030
G1X81.8264Y-154.3296
G1X81.7385Y-154.4368
G1X79.0802Y-157.0951
G1X78.9998Y-157.1912
G1X78.9282Y-157.3055
G1X78.8674Y-157.4291
G1X78.8195Y-157.5533
G1X78.7864Y-157.6695
G1X78.7702Y-157.7688
G1X78.7728Y-157.8425
G1X78.7962Y-157.8819
G1X78.8425Y-157.8783
G1X78.9136Y-157.8229
G1X81.5718Y-155.1647
G1X81.6429Y-155.1093
G1X81.6892Y-155.1057
G1X81.7126Y-155.1451
G1X81.7152Y-155.2188
G1X81.6990Y-155.3181
G1X81.6659Y-155.4343
G1X81.6180Y-155.5585
G1X81.5572Y-155.6822
G1X81.4857Y-155.7964
G1X81.4052Y-155.8926
G1X78.7470Y-158.5508
G1X78.6660Y-158.6475
G1X78.5930Y-158.7631
G1X78.5302Y-158.8888
G1X78.4798Y-159.0156
G1X78.4440Y-159.1344
G1X78.4250Y-159.2365
G1X78.4251Y-159.3127
G1X78.4465Y-159.3542
G1X78.4913Y-159.3520
G1X78.5619Y-159.2971
G1X81.2386Y-156.6204
G1X81.3097Y-156.5650
G1X81.3560Y-156.5614
G1X81.3794Y-156.6008
G1X81.3820Y-156.6746
G1X81.3658Y-156.7739
G1X81.3327Y-156.8900
G1X81.2848Y-157.0143
G1X81.2241Y-157.1379
G1X81.1525Y-157.2521
G1X81.0720Y-157.3483
G1X78.3649Y-160.0554
G1X78.2837Y-160.1524
G1X78.2098Y-160.2689
G1X78.1456Y-160.3960
G1X78.0936Y-160.5243
G1X78.0560Y-160.6450
G1X78.0353Y-160.7487
G1X78.0337Y-160.8266
G1X78.0538Y-160.8695
G1X78.0977Y-160.8681
G1X78.1680Y-160.8136
G1X80.9054Y-158.0761
G1X80.9765Y-158.0208
G1X81.0228Y-158.0171
G1X81.0463Y-158.0566
G1X81.0489Y-158.1303
G1X81.0326Y-158.2296
G1X80.9995Y-158.3457
G1X80.9516Y-158.4700
G1X80.8909Y-158.5936
G1X80.8193Y-158.7079
G1X80.7388Y-158.8040
G1X77.9710Y-161.5718
G1X77.8898Y-161.6688
G1X77.8158Y-161.7854
G1X77.7517Y-161.9124
G1X77.6996Y-162.0408
G1X77.6621Y-162.1614
G1X77.6413Y-162.2652
G1X77.6398Y-162.3431
G1X77.6599Y-162.3859
G1X77.7038Y-162.3846
G1X77.7741Y-162.3301
G1X80.5582Y-159.5460
G1X80.6284Y-159.4914
G1X80.6724Y-159.4901
G1X80.6924Y-159.5330
G1X80.6909Y-159.6108
G1X80.6702Y-159.7146
G1X80.6326Y-159.8352
G1X80.5805Y-159.9636
G1X80.5164Y-160.0907
G1X80.4425Y-160.2072
G1X80.3612Y-160.3042
G1X77.5771Y-163.0883
G1X77.4859Y-163.2105
G1X77.4479Y-163.3287
G1X77.4556Y-163.4307
G1X77.5013Y-163.5044
G1X77.5777Y-163.5377
G1X77.6772Y-163.5184
G1X77.7922Y-163.4345
G1X80.1642Y-161.0624
G1X80.2345Y-161.0079
G1X80.2784Y-161.0066
G1X80.2985Y-161.0494
G1X80.2970Y-161.1273
G1X80.2762Y-161.2311
G1X80.2386Y-161.3517
G1X80.1866Y-161.4801
G1X80.1224Y-161.6071
G1X80.0485Y-161.7237
G1X79.9673Y-161.8207
G1X78.3534Y-163.4345
G1X78.2855Y-163.5266
G1X78.2833Y-163.5924
G1X78.3337Y-163.6318
G1X78.4236Y-163.6450
G1X78.5398Y-163.6318
G1X78.6691Y-163.5924
G1X78.7985Y-163.5266
G1X78.9147Y-163.4345
G1X79.7703Y-162.5789
G1X79.8406Y-162.5243
G1X79.8845Y-162.5230
G1X79.9046Y-162.5659
G1X79.9030Y-162.6437
G1X79.8823Y-162.7475
G1X79.8447Y-162.8682
G1X79.7927Y-162.9965
G1X79.7285Y-163.1236
G1X79.6546Y-163.2401
G1X79.5733Y-163.3371
G1X79.2655Y-163.6450
G1 Z0F20000
(Start Block)

G1X84.0409Y-108.2147
G1Z6F20000
(Plotting speed under)
G1 F8000

G1X84.5859Y-112.9772
G1X84.9434Y-117.4751
G1X85.1531Y-122.2376
G1X85.1906Y-126.7356
G1X82.5448Y-126.7356
G1X82.5073Y-122.2376
G1X82.2975Y-117.4751
G1X81.9400Y-112.9772
G1X81.3951Y-108.2147
G1X84.0409Y-108.2147
G1 Z0F20000
(Start Block)

G1X81.8589Y-108.3470
G1Z6F20000
(Plotting speed under)
G1 F8000

G1X81.7173Y-108.4886
G1X81.6512Y-108.5858
G1X81.6132Y-108.7040
G1X81.6013Y-108.8255
G1X81.6136Y-108.9327
G1X81.6480Y-109.0079
G1X81.7024Y-109.0337
G1X81.7750Y-108.9922
G1X82.2097Y-108.5575
G1X82.3259Y-108.4654
G1X82.4553Y-108.3996
G1X82.5846Y-108.3601
G1X82.7008Y-108.3470
G1X82.7907Y-108.3601
G1X82.8411Y-108.3996
G1X82.8389Y-108.4654
G1X82.7710Y-108.5575
G1X81.9015Y-109.4270
G1X81.8119Y-109.5407
G1X81.7526Y-109.6635
G1X81.7224Y-109.7836
G1X81.7198Y-109.8892
G1X81.7436Y-109.9686
G1X81.7923Y-110.0098
G1X81.8646Y-110.0010
G1X81.9591Y-109.9306
G1X83.3323Y-108.5575
G1X83.4415Y-108.4724
G1X83.5524Y-108.4250
G1X83.6557Y-108.4116
G1X83.7421Y-108.4282
G1X83.8022Y-108.4712
G1X83.8266Y-108.5367
G1X83.8060Y-108.6209
G1X83.7310Y-108.7200
G1X82.0168Y-110.4342
G1X81.9271Y-110.5480
G1X81.8679Y-110.6708
G1X81.8377Y-110.7909
G1X81.8351Y-110.8965
G1X81.8588Y-110.9758
G1X81.9075Y-111.0170
G1X81.9798Y-111.0083
G1X82.0744Y-110.9379
G1X83.7886Y-109.2236
G1X83.8832Y-109.1532
G1X83.9555Y-109.1444
G1X84.0042Y-109.1856
G1X84.0279Y-109.2650
G1X84.0254Y-109.3706
G1X83.9951Y-109.4907
G1X83.9359Y-109.6135
G1X83.8463Y-109.7272
G1X82.1320Y-111.4415
G1X82.0424Y-111.5552
G1X81.9831Y-111.6781
G1X81.9529Y-111.7982
G1X81.9503Y-111.9038
G1X81.9741Y-111.9831
G1X82.0228Y-112.0243
G1X82.0951Y-112.0156
G1X82.1896Y-111.9451
G1X83.9039Y-110.2309
G1X83.9985Y-110.1604
G1X84.0708Y-110.1517
G1X84.1194Y-110.1929
G1X84.1432Y-110.2722
G1X84.1406Y-110.3778
G1X84.1104Y-110.4980
G1X84.0511Y-110.6208
G1X83.9615Y-110.7345
G1X82.2473Y-112.4488
G1X82.1574Y-112.5628
G1X82.0974Y-112.6863
G1X82.0661Y-112.8075
G1X82.0624Y-112.9143
G1X82.0849Y-112.9948
G1X82.1326Y-113.0370
G1X82.2042Y-113.0290
G1X82.2985Y-112.9588
G1X84.0191Y-111.2382
G1X84.1137Y-111.1677
G1X84.1860Y-111.1590
G1X84.2347Y-111.2002
G1X84.2584Y-111.2795
G1X84.2559Y-111.3851
G1X84.2256Y-111.5052
G1X84.1664Y-111.6281
G1X84.0768Y-111.7418
G1X82.3398Y-113.4788
G1X82.2495Y-113.5932
G1X82.1884Y-113.7179
G1X82.1556Y-113.8406
G1X82.1500Y-113.9492
G1X82.1707Y-114.0315
G1X82.2168Y-114.0754
G1X82.2873Y-114.0685
G1X82.3811Y-113.9987
G1X84.1344Y-112.2454
G1X84.2290Y-112.1750
G1X84.3013Y-112.1663
G1X84.3500Y-112.2075
G1X84.3737Y-112.2868
G1X84.3711Y-112.3924
G1X84.3409Y-112.5125
G1X84.2816Y-112.6354
G1X84.1920Y-112.7491
G1X82.4224Y-114.5187
G1X82.3321Y-114.6331
G1X82.2710Y-114.7578
G1X82.2382Y-114.8805
G1X82.2326Y-114.9891
G1X82.2534Y-115.0714
G1X82.2995Y-115.1152
G1X82.3699Y-115.1084
G1X82.4638Y-115.0386
G1X84.2496Y-113.2527
G1X84.3434Y-113.1830
G1X84.4137Y-113.1764
G1X84.4595Y-113.2205
G1X84.4799Y-113.3031
G1X84.4741Y-113.4120
G1X84.4410Y-113.5350
G1X84.3797Y-113.6598
G1X84.2893Y-113.7744
G1X82.5051Y-115.5586
G1X82.4148Y-115.6730
G1X82.3537Y-115.7977
G1X82.3209Y-115.9204
G1X82.3153Y-116.0290
G1X82.3360Y-116.1113
G1X82.3821Y-116.1551
G1X82.4526Y-116.1482
G1X82.5464Y-116.0785
G1X84.3306Y-114.2943
G1X84.4245Y-114.2245
G1X84.4949Y-114.2177
G1X84.5410Y-114.2615
G1X84.5618Y-114.3438
G1X84.5562Y-114.4524
G1X84.5233Y-114.5751
G1X84.4622Y-114.6998
G1X84.3719Y-114.8142
G1X82.5877Y-116.5984
G1X82.4974Y-116.7129
G1X82.4364Y-116.8375
G1X82.4035Y-116.9603
G1X82.3979Y-117.0689
G1X82.4187Y-117.1512
G1X82.4648Y-117.1950
G1X82.5352Y-117.1881
G1X82.6291Y-117.1184
G1X84.4133Y-115.3342
G1X84.5071Y-115.2644
G1X84.5776Y-115.2576
G1X84.6237Y-115.3014
G1X84.6444Y-115.3837
G1X84.6389Y-115.4923
G1X84.6060Y-115.6150
G1X84.5449Y-115.7397
G1X84.4546Y-115.8541
G1X82.6574Y-117.6513
G1X82.5664Y-117.7664
G1X82.5033Y-117.8931
G1X82.4676Y-118.0187
G1X82.4588Y-118.1305
G1X82.4763Y-118.2161
G1X82.5196Y-118.2627
G1X82.5880Y-118.2578
G1X82.6811Y-118.1889
G1X84.4959Y-116.3741
G1X84.5898Y-116.3043
G1X84.6602Y-116.2974
G1X84.7063Y-116.3412
G1X84.7271Y-116.4236
G1X84.7215Y-116.5322
G1X84.6886Y-116.6549
G1X84.6276Y-116.7796
G1X84.5373Y-116.8940
G1X82.7048Y-118.7264
G1X82.6137Y-118.8416
G1X82.5507Y-118.9683
G1X82.5150Y-119.0939
G1X82.5062Y-119.2057
G1X82.5237Y-119.2912
G1X82.5669Y-119.3379
G1X82.6354Y-119.3330
G1X82.7285Y-119.2640
G1X84.5786Y-117.4139
G1X84.6721Y-117.3445
G1X84.7416Y-117.3386
G1X84.7864Y-117.3837
G1X84.8056Y-117.4675
G1X84.7986Y-117.5776
G1X84.7644Y-117.7017
G1X84.7024Y-117.8273
G1X84.6118Y-117.9420
G1X82.7522Y-119.8016
G1X82.6611Y-119.9168
G1X82.5980Y-120.0435
G1X82.5623Y-120.1690
G1X82.5535Y-120.2809
G1X82.5710Y-120.3664
G1X82.6143Y-120.4131
G1X82.6828Y-120.4082
G1X82.7758Y-120.3392
G1X84.6354Y-118.4796
G1X84.7285Y-118.4106
G1X84.7970Y-118.4058
G1X84.8403Y-118.4524
G1X84.8577Y-118.5379
G1X84.8490Y-118.6498
G1X84.8133Y-118.7753
G1X84.7502Y-118.9020
G1X84.6591Y-119.0172
G1X82.7995Y-120.8768
G1X82.7085Y-120.9920
G1X82.6454Y-121.1186
G1X82.6097Y-121.2442
G1X82.6009Y-121.3561
G1X82.6184Y-121.4416
G1X82.6616Y-121.4882
G1X82.7301Y-121.4833
G1X82.8232Y-121.4144
G1X84.6828Y-119.5548
G1X84.7759Y-119.4858
G1X84.8444Y-119.4809
G1X84.8876Y-119.5276
G1X84.9051Y-119.6131
G1X84.8963Y-119.7249
G1X84.8606Y-119.8505
G1X84.7975Y-119.9772
G1X84.7065Y-120.0924
G1X82.8494Y-121.9494
G1X82.7576Y-122.0654
G1X82.6923Y-122.1943
G1X82.6536Y-122.3229
G1X82.6413Y-122.4382
G1X82.6553Y-122.5272
G1X82.6955Y-122.5769
G1X82.7618Y-122.5742
G1X82.8541Y-122.5060
G1X84.7302Y-120.6300
G1X84.8233Y-120.5610
G1X84.8917Y-120.5561
G1X84.9350Y-120.6027
G1X84.9525Y-120.6883
G1X84.9437Y-120.8001
G1X84.9080Y-120.9257
G1X84.8449Y-121.0524
G1X84.7538Y-121.1675
G1X82.8587Y-123.0627
G1X82.7668Y-123.1787
G1X82.7016Y-123.3075
G1X82.6629Y-123.4361
G1X82.6506Y-123.5515
G1X82.6646Y-123.6405
G1X82.7048Y-123.6902
G1X82.7711Y-123.6875
G1X82.8633Y-123.6193
G1X84.7775Y-121.7051
G1X84.8706Y-121.6361
G1X84.9391Y-121.6313
G1X84.9823Y-121.6779
G1X84.9998Y-121.7635
G1X84.9910Y-121.8753
G1X84.9553Y-122.0009
G1X84.8923Y-122.1275
G1X84.8012Y-122.2427
G1X82.8680Y-124.1759
G1X82.7761Y-124.2919
G1X82.7109Y-124.4208
G1X82.6721Y-124.5494
G1X82.6598Y-124.6647
G1X82.6738Y-124.7538
G1X82.7141Y-124.8034
G1X82.7803Y-124.8007
G1X82.8726Y-124.7326
G1X84.8132Y-122.7919
G1X84.9055Y-122.7238
G1X84.9718Y-122.7211
G1X85.0120Y-122.7708
G1X85.0260Y-122.8598
G1X85.0137Y-122.9751
G1X84.9750Y-123.1037
G1X84.9098Y-123.2326
G1X84.8179Y-123.3486
G1X82.8773Y-125.2892
G1X82.7854Y-125.4052
G1X82.7201Y-125.5340
G1X82.6814Y-125.6626
G1X82.6691Y-125.7780
G1X82.6831Y-125.8670
G1X82.7233Y-125.9167
G1X82.7896Y-125.9140
G1X82.8819Y-125.8458
G1X84.8225Y-123.9052
G1X84.9148Y-123.8370
G1X84.9811Y-123.8343
G1X85.0213Y-123.8840
G1X85.0353Y-123.9730
G1X85.0230Y-124.0884
G1X84.9843Y-124.2170
G1X84.9190Y-124.3458
G1X84.8272Y-124.4618
G1X82.8962Y-126.3928
G1X82.8282Y-126.4849
G1X82.8260Y-126.5506
G1X82.8765Y-126.5901
G1X82.9663Y-126.6033
G1X83.0825Y-126.5901
G1X83.2119Y-126.5506
G1X83.3413Y-126.4849
G1X83.4575Y-126.3928
G1X84.8318Y-125.0184
G1X84.9241Y-124.9503
G1X84.9904Y-124.9476
G1X85.0306Y-124.9973
G1X85.0446Y-125.0863
G1X85.0323Y-125.2016
G1X84.9936Y-125.3303
G1X84.9283Y-125.4591
G1X84.8364Y-125.5751
G1X84.0187Y-126.3928
G1X83.9507Y-126.4849
G1X83.9486Y-126.5506
G1X83.9990Y-126.5901
G1X84.0889Y-126.6033
G1X84.2051Y-126.5901
G1X84.3344Y-126.5506
G1X84.4638Y-126.4849
G1X84.5800Y-126.3928
G1X84.9888Y-125.9839
G1X85.0240Y-125.9903
G1X85.0458Y-126.0725
G1X85.0539Y-126.1995
G1X85.0480Y-126.3405
G1X85.0280Y-126.4645
G1X84.9935Y-126.5406
G1X84.9308Y-126.6033
G1 Z0F20000
(Start Block)

G1X98.8985Y-89.6939
G1Z6F20000
(Plotting speed under)
G1 F8000

G1X100.0643Y-94.4564
G1X101.0269Y-98.9543
G1X101.8932Y-103.7168
G1X102.5618Y-108.2147
G1X99.9159Y-108.2147
G1X99.2474Y-103.7168
G1X98.3811Y-98.9543
G1X97.4184Y-94.4564
G1X96.2526Y-89.6939
G1X98.8985Y-89.6939
G1 Z0F20000
(Start Block)

G1X96.9452Y-89.8261
G1Z6F20000
(Plotting speed under)
G1 F8000

G1X96.7347Y-90.0366
G1X96.6474Y-90.1481
G1X96.5941Y-90.2649
G1X96.5723Y-90.3766
G1X96.5794Y-90.4725
G1X96.6129Y-90.5421
G1X96.6700Y-90.5749
G1X96.7483Y-90.5602
G1X96.8451Y-90.4875
G1X97.2960Y-90.0366
G1X97.4122Y-89.9445
G1X97.5415Y-89.8788
G1X97.6709Y-89.8393
G1X97.7871Y-89.8261
G1X97.8770Y-89.8393
G1X97.9274Y-89.8788
G1X97.9252Y-89.9445
G1X97.8572Y-90.0366
G1X96.9555Y-90.9384
G1X96.8681Y-91.0498
G1X96.8149Y-91.1667
G1X96.7931Y-91.2784
G1X96.8002Y-91.3743
G1X96.8336Y-91.4439
G1X96.8907Y-91.4767
G1X96.9690Y-91.4620
G1X97.0658Y-91.3893
G1X98.4185Y-90.0366
G1X98.5351Y-89.9511
G1X98.6386Y-89.9278
G1X98.7205Y-89.9555
G1X98.7723Y-90.0232
G1X98.7855Y-90.1196
G1X98.7516Y-90.2337
G1X98.6620Y-90.3544
G1X97.1762Y-91.8402
G1X97.0889Y-91.9516
G1X97.0356Y-92.0685
G1X97.0138Y-92.1801
G1X97.0209Y-92.2761
G1X97.0544Y-92.3457
G1X97.1115Y-92.3785
G1X97.1898Y-92.3638
G1X97.2866Y-92.2911
G1X98.7723Y-90.8053
G1X98.8692Y-90.7326
G1X98.9474Y-90.7179
G1X99.0046Y-90.7507
G1X99.0380Y-90.8203
G1X99.0451Y-90.9162
G1X99.0233Y-91.0279
G1X98.9701Y-91.1447
G1X98.8827Y-91.2562
G1X97.3970Y-92.7420
G1X97.3096Y-92.8534
G1X97.2563Y-92.9703
G1X97.2346Y-93.0819
G1X97.2417Y-93.1779
G1X97.2751Y-93.2475
G1X97.3322Y-93.2803
G1X97.4105Y-93.2656
G1X97.5073Y-93.1929
G1X98.9931Y-91.7071
G1X99.0899Y-91.6344
G1X99.1682Y-91.6197
G1X99.2253Y-91.6524
G1X99.2588Y-91.7221
G1X99.2658Y-91.8180
G1X99.2441Y-91.9297
G1X99.1908Y-92.0465
G1X99.1035Y-92.1580
G1X97.6177Y-93.6437
G1X97.5304Y-93.7552
G1X97.4771Y-93.8720
G1X97.4553Y-93.9837
G1X97.4624Y-94.0797
G1X97.4958Y-94.1493
G1X97.5530Y-94.1820
G1X97.6312Y-94.1673
G1X97.7281Y-94.0946
G1X99.2138Y-92.6089
G1X99.3107Y-92.5362
G1X99.3889Y-92.5215
G1X99.4461Y-92.5542
G1X99.4795Y-92.6238
G1X99.4866Y-92.7198
G1X99.4648Y-92.8315
G1X99.4116Y-92.9483
G1X99.3242Y-93.0598
G1X97.8301Y-94.5539
G1X97.7423Y-94.6658
G1X97.6877Y-94.7840
G1X97.6641Y-94.8975
G1X97.6691Y-94.9955
G1X97.7004Y-95.0672
G1X97.7557Y-95.1018
G1X97.8327Y-95.0884
G1X97.9290Y-95.0162
G1X99.4346Y-93.5107
G1X99.5314Y-93.4380
G1X99.6097Y-93.4233
G1X99.6668Y-93.4560
G1X99.7002Y-93.5257
G1X99.7074Y-93.6216
G1X99.6856Y-93.7332
G1X99.6323Y-93.8501
G1X99.5450Y-93.9616
G1X98.0280Y-95.4785
G1X97.9402Y-95.5905
G1X97.8856Y-95.7086
G1X97.8620Y-95.8221
G1X97.8670Y-95.9201
G1X97.8983Y-95.9919
G1X97.9536Y-96.0264
G1X98.0306Y-96.0131
G1X98.1269Y-95.9408
G1X99.6553Y-94.4125
G1X99.7520Y-94.3399
G1X99.8298Y-94.3257
G1X99.8862Y-94.3591
G1X99.9189Y-94.4296
G1X99.9252Y-94.5263
G1X99.9027Y-94.6386
G1X99.8490Y-94.7559
G1X99.7615Y-94.8676
G1X98.2259Y-96.4031
G1X98.1381Y-96.5151
G1X98.0835Y-96.6332
G1X98.0599Y-96.7467
G1X98.0649Y-96.8448
G1X98.0962Y-96.9165
G1X98.1515Y-96.9511
G1X98.2285Y-96.9377
G1X98.3249Y-96.8655
G1X99.8604Y-95.3299
G1X99.9568Y-95.2577
G1X100.0337Y-95.2443
G1X100.0890Y-95.2789
G1X100.1204Y-95.3506
G1X100.1254Y-95.4486
G1X100.1017Y-95.5621
G1X100.0472Y-95.6803
G1X99.9593Y-95.7922
G1X98.4238Y-97.3278
G1X98.3360Y-97.4397
G1X98.2814Y-97.5579
G1X98.2578Y-97.6714
G1X98.2628Y-97.7694
G1X98.2941Y-97.8411
G1X98.3494Y-97.8757
G1X98.4264Y-97.8623
G1X98.5227Y-97.7901
G1X100.0583Y-96.2545
G1X100.1546Y-96.1823
G1X100.2316Y-96.1689
G1X100.2869Y-96.2035
G1X100.3183Y-96.2752
G1X100.3233Y-96.3733
G1X100.2997Y-96.4868
G1X100.2451Y-96.6049
G1X100.1573Y-96.7168
G1X98.6217Y-98.2524
G1X98.5339Y-98.3644
G1X98.4793Y-98.4825
G1X98.4557Y-98.5960
G1X98.4607Y-98.6940
G1X98.4921Y-98.7657
G1X98.5474Y-98.8003
G1X98.6244Y-98.7869
G1X98.7208Y-98.7146
G1X100.2562Y-97.1792
G1X100.3525Y-97.1070
G1X100.4295Y-97.0936
G1X100.4848Y-97.1281
G1X100.5162Y-97.1998
G1X100.5212Y-97.2979
G1X100.4976Y-97.4114
G1X100.4430Y-97.5295
G1X100.3552Y-97.6415
G1X98.8071Y-99.1895
G1X98.7187Y-99.3020
G1X98.6628Y-99.4216
G1X98.6371Y-99.5371
G1X98.6398Y-99.6374
G1X98.6688Y-99.7115
G1X98.7222Y-99.7481
G1X98.7977Y-99.7361
G1X98.8935Y-99.6644
G1X100.4541Y-98.1038
G1X100.5505Y-98.0316
G1X100.6274Y-98.0182
G1X100.6827Y-98.0528
G1X100.7140Y-98.1245
G1X100.7191Y-98.2225
G1X100.6954Y-98.3360
G1X100.6409Y-98.4542
G1X100.5530Y-98.5661
G1X98.9799Y-100.1393
G1X98.8915Y-100.2518
G1X98.8355Y-100.3714
G1X98.8099Y-100.4869
G1X98.8126Y-100.5872
G1X98.8416Y-100.6612
G1X98.8949Y-100.6978
G1X98.9705Y-100.6859
G1X99.0663Y-100.6142
G1X100.6520Y-99.0284
G1X100.7480Y-98.9566
G1X100.8241Y-98.9441
G1X100.8781Y-98.9800
G1X100.9079Y-99.0532
G1X100.9114Y-99.1527
G1X100.8865Y-99.2675
G1X100.8310Y-99.3866
G1X100.7428Y-99.4989
G1X99.1527Y-101.0891
G1X99.0643Y-101.2015
G1X99.0083Y-101.3211
G1X98.9827Y-101.4366
G1X98.9854Y-101.5370
G1X99.0144Y-101.6110
G1X99.0677Y-101.6476
G1X99.1432Y-101.6356
G1X99.2390Y-101.5639
G1X100.8292Y-99.9738
G1X100.9250Y-99.9021
G1X101.0005Y-99.8902
G1X101.0538Y-99.9267
G1X101.0828Y-100.0008
G1X101.0855Y-100.1011
G1X101.0599Y-100.2166
G1X101.0039Y-100.3362
G1X100.9156Y-100.4487
G1X99.3254Y-102.0388
G1X99.2370Y-102.1513
G1X99.1810Y-102.2709
G1X99.1554Y-102.3864
G1X99.1581Y-102.4868
G1X99.1871Y-102.5608
G1X99.2404Y-102.5974
G1X99.3160Y-102.5854
G1X99.4118Y-102.5137
G1X101.0019Y-100.9236
G1X101.0977Y-100.8519
G1X101.1733Y-100.8399
G1X101.2266Y-100.8765
G1X101.2556Y-100.9506
G1X101.2583Y-101.0509
G1X101.2327Y-101.1664
G1X101.1767Y-101.2860
G1X101.0883Y-101.3985
G1X99.4982Y-102.9886
G1X99.4098Y-103.1011
G1X99.3539Y-103.2206
G1X99.3284Y-103.3360
G1X99.3312Y-103.4362
G1X99.3603Y-103.5101
G1X99.4137Y-103.5466
G1X99.4893Y-103.5346
G1X99.5852Y-103.4629
G1X101.1747Y-101.8733
G1X101.2705Y-101.8017
G1X101.3461Y-101.7897
G1X101.3993Y-101.8263
G1X101.4284Y-101.9003
G1X101.4311Y-102.0007
G1X101.4054Y-102.1162
G1X101.3494Y-102.2357
G1X101.2611Y-102.3482
G1X99.6578Y-103.9515
G1X99.5688Y-104.0646
G1X99.5113Y-104.1857
G1X99.4835Y-104.3034
G1X99.4836Y-104.4063
G1X99.5101Y-104.4829
G1X99.5612Y-104.5217
G1X99.6352Y-104.5112
G1X99.7304Y-104.4401
G1X101.3475Y-102.8231
G1X101.4433Y-102.7514
G1X101.5188Y-102.7395
G1X101.5721Y-102.7760
G1X101.6011Y-102.8501
G1X101.6038Y-102.9504
G1X101.5782Y-103.0660
G1X101.5222Y-103.1855
G1X101.4338Y-103.2980
G1X99.8031Y-104.9288
G1X99.7141Y-105.0419
G1X99.6565Y-105.1630
G1X99.6287Y-105.2807
G1X99.6289Y-105.3836
G1X99.6554Y-105.4601
G1X99.7065Y-105.4989
G1X99.7805Y-105.4885
G1X99.8757Y-105.4174
G1X101.5202Y-103.7729
G1X101.6156Y-103.7016
G1X101.6902Y-103.6906
G1X101.7421Y-103.7285
G1X101.7696Y-103.8042
G1X101.7707Y-103.9061
G1X101.7437Y-104.0230
G1X101.6867Y-104.1436
G1X101.5979Y-104.2564
G1X99.9483Y-105.9061
G1X99.8593Y-106.0192
G1X99.8018Y-106.1403
G1X99.7740Y-106.2580
G1X99.7741Y-106.3609
G1X99.8006Y-106.4374
G1X99.8517Y-106.4762
G1X99.9257Y-106.4658
G1X100.0209Y-106.3947
G1X101.6706Y-104.7451
G1X101.7658Y-104.6740
G1X101.8398Y-104.6636
G1X101.8909Y-104.7023
G1X101.9174Y-104.7789
G1X101.9175Y-104.8818
G1X101.8897Y-104.9995
G1X101.8322Y-105.1206
G1X101.7432Y-105.2337
G1X100.0935Y-106.8834
G1X100.0046Y-106.9964
G1X99.9470Y-107.1176
G1X99.9192Y-107.2353
G1X99.9194Y-107.3382
G1X99.9459Y-107.4147
G1X99.9970Y-107.4535
G1X100.0710Y-107.4431
G1X100.1662Y-107.3720
G1X101.8158Y-105.7223
G1X101.9110Y-105.6513
G1X101.9850Y-105.6409
G1X102.0361Y-105.6796
G1X102.0626Y-105.7562
G1X102.0628Y-105.8591
G1X102.0350Y-105.9768
G1X101.9774Y-106.0979
G1X101.8885Y-106.2110
G1X100.2388Y-107.8606
G1X100.1704Y-107.9532
G1X100.1669Y-108.0203
G1X100.2155Y-108.0615
G1X100.3033Y-108.0768
G1X100.4174Y-108.0657
G1X100.5450Y-108.0280
G1X100.6731Y-107.9635
G1X100.7888Y-107.8719
G1X101.9611Y-106.6996
G1X102.0563Y-106.6285
G1X102.1303Y-106.6181
G1X102.1814Y-106.6569
G1X102.2079Y-106.7335
G1X102.2080Y-106.8363
G1X102.1802Y-106.9541
G1X102.1227Y-107.0752
G1X102.0337Y-107.1883
G1X101.3500Y-107.8719
G1X101.2821Y-107.9640
G1X101.2799Y-108.0298
G1X101.3303Y-108.0693
G1X101.4202Y-108.0824
G1X101.5364Y-108.0693
G1X101.6658Y-108.0298
G1X101.7951Y-107.9640
G1X101.9113Y-107.8719
G1X102.2532Y-107.5301
G1X102.3014Y-107.5402
G1X102.3398Y-107.6410
G1X102.3613Y-107.7856
G1X102.3590Y-107.9272
G1X102.3258Y-108.0187
G1X102.2621Y-108.0824
G1 Z0F20000
(Start Block)

G1X111.6101Y-71.1730
G1Z6F20000
(Plotting speed under)
G1 F8000

G1X113.2798Y-75.9355
G1X114.8341Y-80.6980
G1X116.1868Y-85.1959
G1X117.4193Y-89.6939
G1X114.7735Y-89.6939
G1X113.5410Y-85.1959
G1X112.1883Y-80.6980
G1X110.6339Y-75.9355
G1X108.9643Y-71.1730
G1X111.6101Y-71.1730
G1 Z0F20000
(Start Block)

G1X109.6074Y-71.3053
G1Z6F20000
(Plotting speed under)
G1 F8000

G1X109.4384Y-71.4743
G1X109.3637Y-71.5801
G1X109.3293Y-71.6947
G1X109.3302Y-71.8034
G1X109.3612Y-71.8919
G1X109.4173Y-71.9455
G1X109.4932Y-71.9496
G1X109.5841Y-71.8899
G1X109.9582Y-71.5157
G1X110.0744Y-71.4237
G1X110.2038Y-71.3579
G1X110.3331Y-71.3184
G1X110.4493Y-71.3053
G1X110.5392Y-71.3184
G1X110.5896Y-71.3579
G1X110.5875Y-71.4237
G1X110.5195Y-71.5157
G1X109.7712Y-72.2640
G1X109.6854Y-72.3739
G1X109.6361Y-72.4868
G1X109.6200Y-72.5928
G1X109.6336Y-72.6822
G1X109.6735Y-72.7454
G1X109.7363Y-72.7725
G1X109.8186Y-72.7538
G1X109.9169Y-72.6796
G1X111.0807Y-71.5157
G1X111.2011Y-71.4265
G1X111.3145Y-71.3933
G1X111.4099Y-71.4075
G1X111.4763Y-71.4605
G1X111.5030Y-71.5435
G1X111.4789Y-71.6478
G1X111.3931Y-71.7646
G1X110.0626Y-73.0951
G1X109.9768Y-73.2051
G1X109.9275Y-73.3179
G1X109.9114Y-73.4240
G1X109.9250Y-73.5134
G1X109.9649Y-73.5765
G1X110.0277Y-73.6036
G1X110.1100Y-73.5850
G1X110.2083Y-73.5107
G1X111.5388Y-72.1802
G1X111.6372Y-72.1060
G1X111.7194Y-72.0873
G1X111.7822Y-72.1144
G1X111.8221Y-72.1775
G1X111.8357Y-72.2670
G1X111.8196Y-72.3730
G1X111.7703Y-72.4858
G1X111.6845Y-72.5958
G1X110.3540Y-73.9263
G1X110.2682Y-74.0362
G1X110.2189Y-74.1491
G1X110.2028Y-74.2551
G1X110.2164Y-74.3445
G1X110.2563Y-74.4077
G1X110.3191Y-74.4348
G1X110.4014Y-74.4161
G1X110.4997Y-74.3419
G1X111.8302Y-73.0114
G1X111.9285Y-72.9371
G1X112.0108Y-72.9184
G1X112.0736Y-72.9455
G1X112.1135Y-73.0087
G1X112.1271Y-73.0981
G1X112.1110Y-73.2042
G1X112.0617Y-73.3170
G1X111.9759Y-73.4269
G1X110.6454Y-74.7575
G1X110.5596Y-74.8674
G1X110.5103Y-74.9802
G1X110.4942Y-75.0863
G1X110.5078Y-75.1757
G1X110.5477Y-75.2388
G1X110.6105Y-75.2659
G1X110.6927Y-75.2472
G1X110.7911Y-75.1730
G1X112.1216Y-73.8425
G1X112.2199Y-73.7683
G1X112.3022Y-73.7496
G1X112.3650Y-73.7767
G1X112.4049Y-73.8398
G1X112.4185Y-73.9293
G1X112.4024Y-74.0353
G1X112.3531Y-74.1481
G1X112.2673Y-74.2581
G1X110.9368Y-75.5886
G1X110.8507Y-75.6988
G1X110.8008Y-75.8123
G1X110.7837Y-75.9193
G1X110.7962Y-76.0098
G1X110.8351Y-76.0740
G1X110.8969Y-76.1020
G1X110.9785Y-76.0840
G1X111.0766Y-76.0100
G1X112.4130Y-74.6737
G1X112.5113Y-74.5994
G1X112.5936Y-74.5807
G1X112.6564Y-74.6078
G1X112.6963Y-74.6710
G1X112.7099Y-74.7604
G1X112.6937Y-74.8665
G1X112.6445Y-74.9793
G1X112.5587Y-75.0892
G1X111.2147Y-76.4332
G1X111.1286Y-76.5435
G1X111.0784Y-76.6572
G1X111.0611Y-76.7644
G1X111.0733Y-76.8553
G1X111.1118Y-76.9198
G1X111.1734Y-76.9481
G1X111.2548Y-76.9303
G1X111.3528Y-76.8563
G1X112.7044Y-75.5048
G1X112.8027Y-75.4306
G1X112.8850Y-75.4119
G1X112.9478Y-75.4390
G1X112.9877Y-75.5021
G1X113.0013Y-75.5916
G1X112.9851Y-75.6976
G1X112.9359Y-75.8105
G1X112.8500Y-75.9204
G1X111.4909Y-77.2795
G1X111.4048Y-77.3898
G1X111.3546Y-77.5035
G1X111.3373Y-77.6107
G1X111.3495Y-77.7016
G1X111.3880Y-77.7661
G1X111.4496Y-77.7944
G1X111.5310Y-77.7766
G1X111.6290Y-77.7027
G1X112.9930Y-76.3387
G1X113.0910Y-76.2648
G1X113.1725Y-76.2469
G1X113.2341Y-76.2752
G1X113.2726Y-76.3398
G1X113.2848Y-76.4306
G1X113.2674Y-76.5379
G1X113.2173Y-76.6516
G1X113.1311Y-76.7618
G1X111.7671Y-78.1258
G1X111.6810Y-78.2361
G1X111.6309Y-78.3498
G1X111.6135Y-78.4570
G1X111.6257Y-78.5479
G1X111.6642Y-78.6124
G1X111.7258Y-78.6407
G1X111.8072Y-78.6229
G1X111.9052Y-78.5490
G1X113.2692Y-77.1850
G1X113.3673Y-77.1111
G1X113.4487Y-77.0932
G1X113.5103Y-77.1216
G1X113.5488Y-77.1861
G1X113.5610Y-77.2769
G1X113.5436Y-77.3842
G1X113.4935Y-77.4979
G1X113.4074Y-77.6082
G1X112.0433Y-78.9722
G1X111.9572Y-79.0824
G1X111.9071Y-79.1961
G1X111.8897Y-79.3034
G1X111.9019Y-79.3942
G1X111.9405Y-79.4587
G1X112.0020Y-79.4870
G1X112.0834Y-79.4692
G1X112.1815Y-79.3953
G1X113.5455Y-78.0313
G1X113.6435Y-77.9574
G1X113.7249Y-77.9396
G1X113.7865Y-77.9679
G1X113.8250Y-78.0324
G1X113.8372Y-78.1232
G1X113.8198Y-78.2305
G1X113.7697Y-78.3442
G1X113.6836Y-78.4545
G1X112.3196Y-79.8185
G1X112.2334Y-79.9287
G1X112.1833Y-80.0425
G1X112.1659Y-80.1497
G1X112.1782Y-80.2405
G1X112.2167Y-80.3051
G1X112.2782Y-80.3334
G1X112.3597Y-80.3155
G1X112.4577Y-80.2416
G1X113.8217Y-78.8776
G1X113.9197Y-78.8037
G1X114.0011Y-78.7859
G1X114.0627Y-78.8142
G1X114.1012Y-78.8787
G1X114.1134Y-78.9696
G1X114.0961Y-79.0768
G1X114.0459Y-79.1905
G1X113.9598Y-79.3008
G1X112.5915Y-80.6691
G1X112.5050Y-80.7797
G1X112.4539Y-80.8943
G1X112.4353Y-81.0029
G1X112.4459Y-81.0953
G1X112.4829Y-81.1614
G1X112.5431Y-81.1910
G1X112.6236Y-81.1741
G1X112.7213Y-81.1006
G1X114.0979Y-79.7239
G1X114.1959Y-79.6500
G1X114.2773Y-79.6322
G1X114.3389Y-79.6605
G1X114.3774Y-79.7250
G1X114.3896Y-79.8159
G1X114.3723Y-79.9231
G1X114.3222Y-80.0368
G1X114.2360Y-80.1471
G1X112.8510Y-81.5321
G1X112.7645Y-81.6427
G1X112.7135Y-81.7573
G1X112.6948Y-81.8659
G1X112.7054Y-81.9583
G1X112.7424Y-82.0243
G1X112.8027Y-82.0540
G1X112.8831Y-82.0371
G1X112.9808Y-81.9636
G1X114.3741Y-80.5702
G1X114.4721Y-80.4963
G1X114.5536Y-80.4785
G1X114.6151Y-80.5068
G1X114.6537Y-80.5714
G1X114.6658Y-80.6622
G1X114.6485Y-80.7695
G1X114.5984Y-80.8831
G1X114.5122Y-80.9934
G1X113.1106Y-82.3951
G1X113.0241Y-82.5057
G1X112.9730Y-82.6203
G1X112.9543Y-82.7289
G1X112.9650Y-82.8213
G1X113.0020Y-82.8873
G1X113.0622Y-82.9170
G1X113.1427Y-82.9001
G1X113.2404Y-82.8266
G1X114.6411Y-81.4258
G1X114.7387Y-81.3523
G1X114.8192Y-81.3354
G1X114.8795Y-81.3650
G1X114.9165Y-81.4311
G1X114.9271Y-81.5235
G1X114.9084Y-81.6320
G1X114.8574Y-81.7467
G1X114.7709Y-81.8573
G1X113.3701Y-83.2580
G1X113.2836Y-83.3687
G1X113.2325Y-83.4833
G1X113.2138Y-83.5919
G1X113.2245Y-83.6843
G1X113.2615Y-83.7504
G1X113.3217Y-83.7800
G1X113.4022Y-83.7631
G1X113.4999Y-83.6896
G1X114.9006Y-82.2888
G1X114.9983Y-82.2153
G1X115.0788Y-82.1984
G1X115.1390Y-82.2280
G1X115.1760Y-82.2941
G1X115.1867Y-82.3865
G1X115.1680Y-82.4950
G1X115.1169Y-82.6097
G1X115.0304Y-82.7203
G1X113.6296Y-84.1211
G1X113.5431Y-84.2317
G1X113.4921Y-84.3463
G1X113.4734Y-84.4549
G1X113.4841Y-84.5473
G1X113.5210Y-84.6133
G1X113.5813Y-84.6430
G1X113.6618Y-84.6261
G1X113.7594Y-84.5525
G1X115.1602Y-83.1518
G1X115.2578Y-83.0783
G1X115.3383Y-83.0614
G1X115.3985Y-83.0910
G1X115.4355Y-83.1571
G1X115.4462Y-83.2494
G1X115.4275Y-83.3580
G1X115.3764Y-83.4727
G1X115.2899Y-83.5833
G1X113.8884Y-84.9848
G1X113.8015Y-85.0958
G1X113.7494Y-85.2115
G1X113.7293Y-85.3215
G1X113.7383Y-85.4155
G1X113.7736Y-85.4833
G1X113.8324Y-85.5144
G1X113.9119Y-85.4985
G1X114.0092Y-85.4253
G1X115.4197Y-84.0148
G1X115.5174Y-83.9413
G1X115.5978Y-83.9244
G1X115.6581Y-83.9540
G1X115.6951Y-84.0201
G1X115.7057Y-84.1125
G1X115.6870Y-84.2210
G1X115.6360Y-84.3357
G1X115.5495Y-84.4463
G1X114.1299Y-85.8659
G1X114.0430Y-85.9769
G1X113.9909Y-86.0926
G1X113.9708Y-86.2026
G1X113.9798Y-86.2966
G1X114.0151Y-86.3644
G1X114.0739Y-86.3954
G1X114.1533Y-86.3796
G1X114.2506Y-86.3064
G1X115.6792Y-84.8778
G1X115.7769Y-84.8043
G1X115.8574Y-84.7874
G1X115.9176Y-84.8170
G1X115.9546Y-84.8831
G1X115.9652Y-84.9755
G1X115.9466Y-85.0840
G1X115.8955Y-85.1987
G1X115.8090Y-85.3093
G1X114.3713Y-86.7470
G1X114.2844Y-86.8580
G1X114.2323Y-86.9737
G1X114.2122Y-87.0837
G1X114.2212Y-87.1777
G1X114.2565Y-87.2454
G1X114.3153Y-87.2766
G1X114.3948Y-87.2607
G1X114.4920Y-87.1875
G1X115.9325Y-85.7471
G1X116.0298Y-85.6739
G1X116.1092Y-85.6580
G1X116.1680Y-85.6891
G1X116.2033Y-85.7568
G1X116.2124Y-85.8509
G1X116.1922Y-85.9609
G1X116.1401Y-86.0766
G1X116.0532Y-86.1876
G1X114.6127Y-87.6281
G1X114.5259Y-87.7391
G1X114.4738Y-87.8548
G1X114.4536Y-87.9648
G1X114.4626Y-88.0588
G1X114.4979Y-88.1266
G1X114.5568Y-88.1577
G1X114.6362Y-88.1418
G1X114.7335Y-88.0686
G1X116.1739Y-86.6281
G1X116.2712Y-86.5550
G1X116.3507Y-86.5391
G1X116.4095Y-86.5702
G1X116.4448Y-86.6379
G1X116.4538Y-86.7320
G1X116.4337Y-86.8420
G1X116.3816Y-86.9577
G1X116.2947Y-87.0687
G1X114.8542Y-88.5092
G1X114.7673Y-88.6202
G1X114.7152Y-88.7359
G1X114.6951Y-88.8459
G1X114.7041Y-88.9399
G1X114.7394Y-89.0077
G1X114.7982Y-89.0387
G1X114.8776Y-89.0229
G1X114.9749Y-88.9497
G1X116.4154Y-87.5092
G1X116.5127Y-87.4361
G1X116.5921Y-87.4202
G1X116.6509Y-87.4513
G1X116.6862Y-87.5191
G1X116.6952Y-87.6131
G1X116.6751Y-87.7231
G1X116.6230Y-87.8388
G1X116.5361Y-87.9498
G1X115.1348Y-89.3511
G1X115.0669Y-89.4432
G1X115.0647Y-89.5089
G1X115.1151Y-89.5484
G1X115.2050Y-89.5616
G1X115.3212Y-89.5484
G1X115.4505Y-89.5089
G1X115.5799Y-89.4432
G1X115.6961Y-89.3511
G1X116.6568Y-88.3903
G1X116.7541Y-88.3172
G1X116.8336Y-88.3013
G1X116.8923Y-88.3324
G1X116.9277Y-88.4001
G1X116.9367Y-88.4942
G1X116.9165Y-88.6042
G1X116.8644Y-88.7199
G1X116.7775Y-88.8309
G1X116.2573Y-89.3511
G1X116.1894Y-89.4432
G1X116.1872Y-89.5089
G1X116.2376Y-89.5484
G1X116.3275Y-89.5616
G1X116.4437Y-89.5484
G1X116.5731Y-89.5089
G1X116.7024Y-89.4432
G1X116.8186Y-89.3511
G1X117.1087Y-89.0610
G1 Z0F20000
(Start Block)

G1X74.5685Y-71.1730
G1Z6F20000
(Plotting speed under)
G1 F8000

G1X76.2381Y-75.9355
G1X77.7924Y-80.6980
G1X79.1451Y-85.1959
G1X80.3776Y-89.6939
G1X77.7318Y-89.6939
G1X76.4993Y-85.1959
G1X75.1466Y-80.6980
G1X73.5923Y-75.9355
G1X71.9226Y-71.1730
G1X74.5685Y-71.1730
G1 Z0F20000
(Start Block)

G1X72.5657Y-71.3053
G1Z6F20000
(Plotting speed under)
G1 F8000

G1X72.3967Y-71.4743
G1X72.3220Y-71.5801
G1X72.2876Y-71.6947
G1X72.2885Y-71.8034
G1X72.3195Y-71.8919
G1X72.3755Y-71.9455
G1X72.4515Y-71.9496
G1X72.5424Y-71.8899
G1X72.9165Y-71.5157
G1X73.0327Y-71.4237
G1X73.1621Y-71.3579
G1X73.2914Y-71.3184
G1X73.4076Y-71.3053
G1X73.4975Y-71.3184
G1X73.5479Y-71.3579
G1X73.5457Y-71.4237
G1X73.4778Y-71.5157
G1X72.7296Y-72.2640
G1X72.6437Y-72.3739
G1X72.5945Y-72.4868
G1X72.5783Y-72.5928
G1X72.5919Y-72.6822
G1X72.6318Y-72.7454
G1X72.6946Y-72.7725
G1X72.7769Y-72.7538
G1X72.8752Y-72.6796
G1X74.0390Y-71.5157
G1X74.1594Y-71.4265
G1X74.2728Y-71.3933
G1X74.3682Y-71.4075
G1X74.4347Y-71.4605
G1X74.4613Y-71.5435
G1X74.4372Y-71.6478
G1X74.3514Y-71.7646
G1X73.0209Y-73.0951
G1X72.9351Y-73.2051
G1X72.8858Y-73.3179
G1X72.8697Y-73.4240
G1X72.8833Y-73.5134
G1X72.9232Y-73.5765
G1X72.9860Y-73.6036
G1X73.0683Y-73.5850
G1X73.1666Y-73.5107
G1X74.4971Y-72.1802
G1X74.5954Y-72.1060
G1X74.6777Y-72.0873
G1X74.7405Y-72.1144
G1X74.7804Y-72.1775
G1X74.7940Y-72.2670
G1X74.7779Y-72.3730
G1X74.7286Y-72.4858
G1X74.6428Y-72.5958
G1X73.3123Y-73.9263
G1X73.2265Y-74.0362
G1X73.1772Y-74.1491
G1X73.1611Y-74.2551
G1X73.1747Y-74.3445
G1X73.2146Y-74.4077
G1X73.2774Y-74.4348
G1X73.3597Y-74.4161
G1X73.4580Y-74.3419
G1X74.7885Y-73.0114
G1X74.8868Y-72.9371
G1X74.9691Y-72.9184
G1X75.0319Y-72.9455
G1X75.0718Y-73.0087
G1X75.0854Y-73.0981
G1X75.0693Y-73.2042
G1X75.0200Y-73.3170
G1X74.9342Y-73.4269
G1X73.6037Y-74.7575
G1X73.5179Y-74.8674
G1X73.4686Y-74.9802
G1X73.4525Y-75.0863
G1X73.4660Y-75.1757
G1X73.5060Y-75.2388
G1X73.5688Y-75.2659
G1X73.6510Y-75.2472
G1X73.7494Y-75.1730
G1X75.0799Y-73.8425
G1X75.1782Y-73.7683
G1X75.2605Y-73.7496
G1X75.3233Y-73.7767
G1X75.3632Y-73.8398
G1X75.3768Y-73.9293
G1X75.3607Y-74.0353
G1X75.3114Y-74.1481
G1X75.2256Y-74.2581
G1X73.8951Y-75.5886
G1X73.8090Y-75.6988
G1X73.7591Y-75.8123
G1X73.7420Y-75.9193
G1X73.7545Y-76.0098
G1X73.7933Y-76.0740
G1X73.8552Y-76.1020
G1X73.9368Y-76.0840
G1X74.0349Y-76.0100
G1X75.3713Y-74.6737
G1X75.4696Y-74.5994
G1X75.5519Y-74.5807
G1X75.6147Y-74.6078
G1X75.6546Y-74.6710
G1X75.6682Y-74.7604
G1X75.6520Y-74.8665
G1X75.6028Y-74.9793
G1X75.5169Y-75.0892
G1X74.1730Y-76.4332
G1X74.0868Y-76.5435
G1X74.0367Y-76.6572
G1X74.0194Y-76.7644
G1X74.0316Y-76.8553
G1X74.0701Y-76.9198
G1X74.1317Y-76.9481
G1X74.2131Y-76.9303
G1X74.3111Y-76.8563
G1X75.6626Y-75.5048
G1X75.7610Y-75.4306
G1X75.8433Y-75.4119
G1X75.9061Y-75.4390
G1X75.9460Y-75.5021
G1X75.9596Y-75.5916
G1X75.9434Y-75.6976
G1X75.8942Y-75.8105
G1X75.8083Y-75.9204
G1X74.4492Y-77.2795
G1X74.3631Y-77.3898
G1X74.3129Y-77.5035
G1X74.2956Y-77.6107
G1X74.3078Y-77.7016
G1X74.3463Y-77.7661
G1X74.4079Y-77.7944
G1X74.4893Y-77.7766
G1X74.5873Y-77.7027
G1X75.9513Y-76.3387
G1X76.0493Y-76.2648
G1X76.1308Y-76.2469
G1X76.1923Y-76.2752
G1X76.2309Y-76.3398
G1X76.2431Y-76.4306
G1X76.2257Y-76.5379
G1X76.1756Y-76.6516
G1X76.0894Y-76.7618
G1X74.7254Y-78.1258
G1X74.6393Y-78.2361
G1X74.5892Y-78.3498
G1X74.5718Y-78.4570
G1X74.5840Y-78.5479
G1X74.6225Y-78.6124
G1X74.6841Y-78.6407
G1X74.7655Y-78.6229
G1X74.8636Y-78.5490
G1X76.2276Y-77.1850
G1X76.3256Y-77.1111
G1X76.4070Y-77.0932
G1X76.4686Y-77.1216
G1X76.5071Y-77.1861
G1X76.5193Y-77.2769
G1X76.5019Y-77.3842
G1X76.4518Y-77.4979
G1X76.3656Y-77.6082
G1X75.0016Y-78.9722
G1X74.9155Y-79.0824
G1X74.8654Y-79.1961
G1X74.8480Y-79.3034
G1X74.8602Y-79.3942
G1X74.8987Y-79.4587
G1X74.9603Y-79.4870
G1X75.0417Y-79.4692
G1X75.1397Y-79.3953
G1X76.5038Y-78.0313
G1X76.6018Y-77.9574
G1X76.6832Y-77.9396
G1X76.7448Y-77.9679
G1X76.7833Y-78.0324
G1X76.7955Y-78.1232
G1X76.7782Y-78.2305
G1X76.7280Y-78.3442
G1X76.6419Y-78.4545
G1X75.2779Y-79.8185
G1X75.1917Y-79.9287
G1X75.1416Y-80.0425
G1X75.1242Y-80.1497
G1X75.1364Y-80.2405
G1X75.1749Y-80.3051
G1X75.2365Y-80.3334
G1X75.3179Y-80.3155
G1X75.4160Y-80.2416
G1X76.7800Y-78.8776
G1X76.8780Y-78.8037
G1X76.9594Y-78.7859
G1X77.0210Y-78.8142
G1X77.0595Y-78.8787
G1X77.0717Y-78.9696
G1X77.0544Y-79.0768
G1X77.0042Y-79.1905
G1X76.9181Y-79.3008
G1X75.5498Y-80.6691
G1X75.4633Y-80.7797
G1X75.4122Y-80.8943
G1X75.3935Y-81.0029
G1X75.4042Y-81.0953
G1X75.4412Y-81.1614
G1X75.5014Y-81.1910
G1X75.5819Y-81.1741
G1X75.6796Y-81.1006
G1X77.0562Y-79.7239
G1X77.1542Y-79.6500
G1X77.2356Y-79.6322
G1X77.2972Y-79.6605
G1X77.3357Y-79.7250
G1X77.3479Y-79.8159
G1X77.3306Y-79.9231
G1X77.2804Y-80.0368
G1X77.1943Y-80.1471
G1X75.8093Y-81.5321
G1X75.7228Y-81.6427
G1X75.6717Y-81.7573
G1X75.6531Y-81.8659
G1X75.6638Y-81.9583
G1X75.7007Y-82.0243
G1X75.7610Y-82.0540
G1X75.8415Y-82.0371
G1X75.9391Y-81.9636
G1X77.3324Y-80.5702
G1X77.4304Y-80.4963
G1X77.5118Y-80.4785
G1X77.5734Y-80.5068
G1X77.6119Y-80.5714
G1X77.6241Y-80.6622
G1X77.6068Y-80.7695
G1X77.5567Y-80.8831
G1X77.4705Y-80.9934
G1X76.0689Y-82.3951
G1X75.9824Y-82.5057
G1X75.9313Y-82.6203
G1X75.9126Y-82.7289
G1X75.9233Y-82.8213
G1X75.9602Y-82.8873
G1X76.0205Y-82.9170
G1X76.1010Y-82.9001
G1X76.1986Y-82.8266
G1X77.5994Y-81.4258
G1X77.6971Y-81.3523
G1X77.7775Y-81.3354
G1X77.8378Y-81.3650
G1X77.8747Y-81.4311
G1X77.8854Y-81.5235
G1X77.8667Y-81.6320
G1X77.8157Y-81.7467
G1X77.7291Y-81.8573
G1X76.3284Y-83.2580
G1X76.2419Y-83.3687
G1X76.1908Y-83.4833
G1X76.1722Y-83.5919
G1X76.1828Y-83.6843
G1X76.2198Y-83.7504
G1X76.2801Y-83.7800
G1X76.3605Y-83.7631
G1X76.4582Y-83.6896
G1X77.8589Y-82.2888
G1X77.9566Y-82.2153
G1X78.0370Y-82.1984
G1X78.0973Y-82.2280
G1X78.1343Y-82.2941
G1X78.1449Y-82.3865
G1X78.1263Y-82.4950
G1X78.0752Y-82.6097
G1X77.9887Y-82.7203
G1X76.5879Y-84.1211
G1X76.5014Y-84.2317
G1X76.4504Y-84.3463
G1X76.4317Y-84.4549
G1X76.4423Y-84.5473
G1X76.4793Y-84.6133
G1X76.5396Y-84.6430
G1X76.6200Y-84.6261
G1X76.7177Y-84.5525
G1X78.1185Y-83.1518
G1X78.2161Y-83.0783
G1X78.2966Y-83.0614
G1X78.3568Y-83.0910
G1X78.3938Y-83.1571
G1X78.4045Y-83.2494
G1X78.3858Y-83.3580
G1X78.3347Y-83.4727
G1X78.2482Y-83.5833
G1X76.8467Y-84.9848
G1X76.7598Y-85.0958
G1X76.7078Y-85.2115
G1X76.6876Y-85.3215
G1X76.6966Y-85.4155
G1X76.7319Y-85.4833
G1X76.7907Y-85.5144
G1X76.8702Y-85.4985
G1X76.9675Y-85.4253
G1X78.3780Y-84.0148
G1X78.4756Y-83.9413
G1X78.5561Y-83.9244
G1X78.6164Y-83.9540
G1X78.6533Y-84.0201
G1X78.6640Y-84.1125
G1X78.6453Y-84.2210
G1X78.5943Y-84.3357
G1X78.5078Y-84.4463
G1X77.0882Y-85.8659
G1X77.0013Y-85.9769
G1X76.9492Y-86.0926
G1X76.9290Y-86.2026
G1X76.9380Y-86.2966
G1X76.9734Y-86.3644
G1X77.0322Y-86.3954
G1X77.1116Y-86.3796
G1X77.2089Y-86.3064
G1X78.6375Y-84.8778
G1X78.7352Y-84.8043
G1X78.8157Y-84.7874
G1X78.8759Y-84.8170
G1X78.9129Y-84.8831
G1X78.9236Y-84.9755
G1X78.9049Y-85.0840
G1X78.8538Y-85.1987
G1X78.7673Y-85.3093
G1X77.3296Y-86.7470
G1X77.2427Y-86.8580
G1X77.1906Y-86.9737
G1X77.1705Y-87.0837
G1X77.1795Y-87.1777
G1X77.2148Y-87.2454
G1X77.2736Y-87.2766
G1X77.3530Y-87.2607
G1X77.4503Y-87.1875
G1X78.8908Y-85.7471
G1X78.9881Y-85.6739
G1X79.0675Y-85.6580
G1X79.1263Y-85.6891
G1X79.1617Y-85.7568
G1X79.1707Y-85.8509
G1X79.1505Y-85.9609
G1X79.0984Y-86.0766
G1X79.0115Y-86.1876
G1X77.5710Y-87.6281
G1X77.4841Y-87.7391
G1X77.4320Y-87.8548
G1X77.4119Y-87.9648
G1X77.4209Y-88.0588
G1X77.4563Y-88.1266
G1X77.5150Y-88.1577
G1X77.5945Y-88.1418
G1X77.6918Y-88.0686
G1X79.1322Y-86.6281
G1X79.2295Y-86.5550
G1X79.3090Y-86.5391
G1X79.3678Y-86.5702
G1X79.4031Y-86.6379
G1X79.4121Y-86.7320
G1X79.3919Y-86.8420
G1X79.3399Y-86.9577
G1X79.2530Y-87.0687
G1X77.8125Y-88.5092
G1X77.7256Y-88.6202
G1X77.6735Y-88.7359
G1X77.6533Y-88.8459
G1X77.6624Y-88.9399
G1X77.6977Y-89.0077
G1X77.7565Y-89.0387
G1X77.8359Y-89.0229
G1X77.9332Y-88.9497
G1X79.3737Y-87.5092
G1X79.4710Y-87.4361
G1X79.5504Y-87.4202
G1X79.6092Y-87.4513
G1X79.6445Y-87.5191
G1X79.6535Y-87.6131
G1X79.6334Y-87.7231
G1X79.5813Y-87.8388
G1X79.4944Y-87.9498
G1X78.0931Y-89.3511
G1X78.0251Y-89.4432
G1X78.0230Y-89.5089
G1X78.0734Y-89.5484
G1X78.1633Y-89.5616
G1X78.2795Y-89.5484
G1X78.4088Y-89.5089
G1X78.5382Y-89.4432
G1X78.6544Y-89.3511
G1X79.6151Y-88.3903
G1X79.7124Y-88.3172
G1X79.7918Y-88.3013
G1X79.8506Y-88.3324
G1X79.8860Y-88.4001
G1X79.8949Y-88.4942
G1X79.8748Y-88.6042
G1X79.8227Y-88.7199
G1X79.7358Y-88.8309
G1X79.2157Y-89.3511
G1X79.1477Y-89.4432
G1X79.1455Y-89.5089
G1X79.1959Y-89.5484
G1X79.2858Y-89.5616
G1X79.4020Y-89.5484
G1X79.5314Y-89.5089
G1X79.6607Y-89.4432
G1X79.7769Y-89.3511
G1X80.0670Y-89.0610
G1 Z0F20000
(Start Block)

G1X73.7087Y-182.2981
G1Z6F20000
(Plotting speed under)
G1 F8000

G1X70.3044Y-191.0294
G1X66.1895Y-200.8190
G1X63.5436Y-200.8190
G1X67.6585Y-191.0294
G1X71.0628Y-182.2981
G1X73.7087Y-182.2981
G1 Z0F20000
(Start Block)

G1X71.1015Y-182.5632
G1Z6F20000
(Plotting speed under)
G1 F8000

G1X71.1678Y-182.4968
G1X71.2463Y-182.4599
G1X71.3724Y-182.4378
G1X71.5149Y-182.4304
G1X71.6426Y-182.4378
G1X71.7244Y-182.4599
G1X71.7291Y-182.4968
G1X70.9532Y-183.2727
G1X70.8819Y-183.3551
G1X70.8097Y-183.4578
G1X70.7393Y-183.5743
G1X70.6732Y-183.6983
G1X70.6137Y-183.8234
G1X70.5634Y-183.9431
G1X70.5249Y-184.0512
G1X70.5005Y-184.1412
G1X70.4927Y-184.2067
G1X70.5042Y-184.2414
G1X70.5373Y-184.2388
G1X70.5945Y-184.1926
G1X72.1463Y-182.6409
G1X72.2625Y-182.5488
G1X72.3919Y-182.4830
G1X72.5212Y-182.4436
G1X72.6374Y-182.4304
G1X72.7273Y-182.4436
G1X72.7777Y-182.4830
G1X72.7755Y-182.5488
G1X72.7076Y-182.6409
G1X70.2359Y-185.1126
G1X70.1645Y-185.1950
G1X70.0924Y-185.2977
G1X70.0220Y-185.4142
G1X69.9558Y-185.5382
G1X69.8963Y-185.6633
G1X69.8460Y-185.7830
G1X69.8075Y-185.8911
G1X69.7831Y-185.9811
G1X69.7754Y-186.0467
G1X69.7868Y-186.0813
G1X69.8199Y-186.0788
G1X69.8772Y-186.0325
G1X73.2689Y-182.6409
G1X73.3314Y-182.5914
G1X73.3679Y-182.5907
G1X73.3810Y-182.6312
G1X73.3735Y-182.7049
G1X73.3479Y-182.8042
G1X73.3071Y-182.9214
G1X73.2538Y-183.0485
G1X73.1906Y-183.1780
G1X73.1202Y-183.3019
G1X73.0454Y-183.4126
G1X72.9688Y-183.5022
G1X69.5185Y-186.9525
G1X69.4471Y-187.0349
G1X69.3750Y-187.1376
G1X69.3046Y-187.2541
G1X69.2384Y-187.3781
G1X69.1789Y-187.5032
G1X69.1287Y-187.6229
G1X69.0901Y-187.7310
G1X69.0657Y-187.8210
G1X69.0580Y-187.8866
G1X69.0694Y-187.9212
G1X69.1026Y-187.9187
G1X69.1598Y-187.8724
G1X72.6101Y-184.4222
G1X72.6673Y-184.3759
G1X72.7004Y-184.3734
G1X72.7119Y-184.4080
G1X72.7042Y-184.4736
G1X72.6798Y-184.5636
G1X72.6412Y-184.6717
G1X72.5910Y-184.7914
G1X72.5315Y-184.9165
G1X72.4653Y-185.0405
G1X72.3949Y-185.1571
G1X72.3228Y-185.2597
G1X72.2514Y-185.3421
G1X68.8011Y-188.7924
G1X68.7297Y-188.8748
G1X68.6576Y-188.9775
G1X68.5872Y-189.0940
G1X68.5210Y-189.2180
G1X68.4616Y-189.3431
G1X68.4113Y-189.4629
G1X68.3727Y-189.5709
G1X68.3483Y-189.6609
G1X68.3406Y-189.7265
G1X68.3521Y-189.7611
G1X68.3852Y-189.7586
G1X68.4424Y-189.7124
G1X71.8927Y-186.2621
G1X71.9500Y-186.2159
G1X71.9831Y-186.2133
G1X71.9945Y-186.2480
G1X71.9868Y-186.3135
G1X71.9624Y-186.4035
G1X71.9238Y-186.5116
G1X71.8736Y-186.6313
G1X71.8141Y-186.7564
G1X71.7479Y-186.8804
G1X71.6775Y-186.9969
G1X71.6054Y-187.0996
G1X71.5340Y-187.1820
G1X67.9794Y-190.7367
G1X67.9030Y-190.8261
G1X67.8289Y-190.9361
G1X67.7594Y-191.0591
G1X67.6973Y-191.1874
G1X67.6453Y-191.3132
G1X67.6058Y-191.4291
G1X67.5816Y-191.5271
G1X67.5751Y-191.5997
G1X67.5892Y-191.6392
G1X67.6263Y-191.6379
G1X67.6892Y-191.5881
G1X71.1753Y-188.1020
G1X71.2326Y-188.0558
G1X71.2657Y-188.0532
G1X71.2771Y-188.0879
G1X71.2694Y-188.1534
G1X71.2451Y-188.2434
G1X71.2065Y-188.3515
G1X71.1562Y-188.4713
G1X71.0967Y-188.5963
G1X71.0306Y-188.7203
G1X70.9602Y-188.8369
G1X70.8880Y-188.9395
G1X70.8167Y-189.0219
G1X67.2822Y-192.5564
G1X67.2098Y-192.6398
G1X67.1351Y-192.7451
G1X67.0607Y-192.8656
G1X66.9896Y-192.9945
G1X66.9245Y-193.1253
G1X66.8682Y-193.2510
G1X66.8237Y-193.3651
G1X66.7936Y-193.4607
G1X66.7809Y-193.5313
G1X66.7884Y-193.5699
G1X66.8189Y-193.5699
G1X66.8752Y-193.5247
G1X70.4580Y-189.9419
G1X70.5152Y-189.8957
G1X70.5483Y-189.8931
G1X70.5598Y-189.9278
G1X70.5521Y-189.9933
G1X70.5277Y-190.0833
G1X70.4891Y-190.1914
G1X70.4388Y-190.3112
G1X70.3794Y-190.4362
G1X70.3132Y-190.5602
G1X70.2428Y-190.6768
G1X70.1707Y-190.7794
G1X70.0993Y-190.8618
G1X66.4682Y-194.4929
G1X66.3959Y-194.5763
G1X66.3211Y-194.6816
G1X66.2468Y-194.8021
G1X66.1756Y-194.9311
G1X66.1105Y-195.0618
G1X66.0542Y-195.1875
G1X66.0097Y-195.3016
G1X65.9796Y-195.3973
G1X65.9669Y-195.4678
G1X65.9744Y-195.5064
G1X66.0049Y-195.5064
G1X66.0612Y-195.4612
G1X69.7095Y-191.8129
G1X69.7658Y-191.7676
G1X69.7963Y-191.7676
G1X69.8038Y-191.8063
G1X69.7911Y-191.8768
G1X69.7611Y-191.9725
G1X69.7165Y-192.0865
G1X69.6603Y-192.2123
G1X69.5951Y-192.3430
G1X69.5240Y-192.4720
G1X69.4496Y-192.5925
G1X69.3749Y-192.6978
G1X69.3025Y-192.7811
G1X65.6542Y-196.4294
G1X65.5819Y-196.5128
G1X65.5071Y-196.6181
G1X65.4328Y-196.7386
G1X65.3616Y-196.8676
G1X65.2965Y-196.9983
G1X65.2403Y-197.1241
G1X65.1957Y-197.2381
G1X65.1656Y-197.3338
G1X65.1530Y-197.4043
G1X65.1604Y-197.4429
G1X65.1909Y-197.4430
G1X65.2472Y-197.3977
G1X68.8956Y-193.7494
G1X68.9519Y-193.7041
G1X68.9823Y-193.7042
G1X68.9898Y-193.7428
G1X68.9771Y-193.8133
G1X68.9471Y-193.9089
G1X68.9025Y-194.0230
G1X68.8463Y-194.1488
G1X68.7812Y-194.2795
G1X68.7100Y-194.4085
G1X68.6357Y-194.5290
G1X68.5609Y-194.6343
G1X68.4886Y-194.7176
G1X64.8402Y-198.3660
G1X64.7679Y-198.4493
G1X64.6931Y-198.5546
G1X64.6188Y-198.6751
G1X64.5476Y-198.8041
G1X64.4825Y-198.9348
G1X64.4263Y-199.0606
G1X64.3817Y-199.1746
G1X64.3517Y-199.2703
G1X64.3390Y-199.3408
G1X64.3465Y-199.3794
G1X64.3769Y-199.3795
G1X64.4332Y-199.3342
G1X68.0816Y-195.6859
G1X68.1379Y-195.6406
G1X68.1683Y-195.6407
G1X68.1758Y-195.6793
G1X68.1632Y-195.7498
G1X68.1331Y-195.8455
G1X68.0885Y-195.9595
G1X68.0323Y-196.0853
G1X67.9672Y-196.2160
G1X67.8960Y-196.3450
G1X67.8217Y-196.4655
G1X67.7469Y-196.5708
G1X67.6746Y-196.6541
G1X64.0263Y-200.3025
G1X63.9508Y-200.4020
G1X63.9290Y-200.4875
G1X63.9515Y-200.5548
G1X64.0095Y-200.5998
G1X64.0938Y-200.6185
G1X64.1954Y-200.6069
G1X64.3051Y-200.5608
G1X64.4138Y-200.4762
G1X67.2676Y-197.6224
G1X67.3239Y-197.5771
G1X67.3544Y-197.5772
G1X67.3619Y-197.6158
G1X67.3492Y-197.6863
G1X67.3191Y-197.7820
G1X67.2746Y-197.8960
G1X67.2183Y-198.0218
G1X67.1532Y-198.1525
G1X67.0820Y-198.2815
G1X67.0077Y-198.4020
G1X66.9329Y-198.5073
G1X66.8606Y-198.5906
G1X64.9751Y-200.4762
G1X64.9071Y-200.5683
G1X64.9049Y-200.6340
G1X64.9553Y-200.6735
G1X65.0452Y-200.6867
G1X65.1614Y-200.6735
G1X65.2908Y-200.6340
G1X65.4201Y-200.5683
G1X65.5363Y-200.4762
G1X66.4791Y-199.5334
G1X66.5276Y-199.4959
G1X66.5517Y-199.5024
G1X66.5543Y-199.5460
G1X66.5380Y-199.6200
G1X66.5059Y-199.7178
G1X66.4606Y-199.8325
G1X66.4051Y-199.9576
G1X66.3421Y-200.0862
G1X66.2745Y-200.2116
G1X66.2050Y-200.3272
G1X66.1366Y-200.4261
G1X66.0721Y-200.5017
G1X65.8871Y-200.6867
G1 Z0F20000
(Start Block)

G1X84.7103Y-200.8190
G1Z6F20000
(Plotting speed under)
G1 F8000

G1X76.4696Y-219.3398
G1X73.8238Y-219.3398
G1X82.0645Y-200.8190
G1X84.7103Y-200.8190
G1 Z0F20000
(Start Block)

G1X81.6733Y-202.0236
G1Z6F20000
(Plotting speed under)
G1 F8000

G1X82.5351Y-201.1617
G1X82.6514Y-201.0697
G1X82.7807Y-201.0039
G1X82.9101Y-200.9644
G1X83.0262Y-200.9513
G1X83.1161Y-200.9644
G1X83.1666Y-201.0039
G1X83.1644Y-201.0697
G1X83.0964Y-201.1617
G1X81.4339Y-202.8243
G1X81.3665Y-202.9011
G1X81.2956Y-202.9983
G1X81.2236Y-203.1104
G1X81.1530Y-203.2319
G1X81.0861Y-203.3572
G1X81.0256Y-203.4809
G1X80.9738Y-203.5973
G1X80.9331Y-203.7010
G1X80.9062Y-203.7865
G1X80.8953Y-203.8482
G1X80.9030Y-203.8806
G1X80.9317Y-203.8782
G1X80.9839Y-203.8355
G1X83.6577Y-201.1617
G1X83.7739Y-201.0697
G1X83.9032Y-201.0039
G1X84.0326Y-200.9644
G1X84.1488Y-200.9513
G1X84.2387Y-200.9644
G1X84.2891Y-201.0039
G1X84.2869Y-201.0697
G1X84.2190Y-201.1617
G1X80.5340Y-204.8466
G1X80.4667Y-204.9234
G1X80.3958Y-205.0207
G1X80.3238Y-205.1328
G1X80.2531Y-205.2543
G1X80.1863Y-205.3796
G1X80.1257Y-205.5033
G1X80.0739Y-205.6197
G1X80.0333Y-205.7234
G1X80.0063Y-205.8089
G1X79.9955Y-205.8706
G1X80.0032Y-205.9030
G1X80.0319Y-205.9006
G1X80.0841Y-205.8578
G1X83.9082Y-202.0337
G1X83.9604Y-201.9910
G1X83.9891Y-201.9886
G1X83.9968Y-202.0210
G1X83.9860Y-202.0827
G1X83.9590Y-202.1682
G1X83.9184Y-202.2719
G1X83.8666Y-202.3883
G1X83.8060Y-202.5120
G1X83.7392Y-202.6373
G1X83.6686Y-202.7588
G1X83.5966Y-202.8709
G1X83.5256Y-202.9681
G1X83.4583Y-203.0449
G1X79.6342Y-206.8690
G1X79.5668Y-206.9458
G1X79.4959Y-207.0431
G1X79.4239Y-207.1552
G1X79.3533Y-207.2767
G1X79.2865Y-207.4020
G1X79.2259Y-207.5256
G1X79.1741Y-207.6421
G1X79.1335Y-207.7458
G1X79.1065Y-207.8313
G1X79.0956Y-207.8930
G1X79.1033Y-207.9254
G1X79.1321Y-207.9230
G1X79.1843Y-207.8802
G1X83.0084Y-204.0561
G1X83.0606Y-204.0134
G1X83.0893Y-204.0110
G1X83.0970Y-204.0434
G1X83.0861Y-204.1051
G1X83.0592Y-204.1905
G1X83.0185Y-204.2942
G1X82.9667Y-204.4107
G1X82.9062Y-204.5344
G1X82.8394Y-204.6597
G1X82.7687Y-204.7812
G1X82.6967Y-204.8933
G1X82.6258Y-204.9905
G1X82.5585Y-205.0673
G1X78.7344Y-208.8914
G1X78.6670Y-208.9682
G1X78.5961Y-209.0654
G1X78.5241Y-209.1776
G1X78.4534Y-209.2990
G1X78.3866Y-209.4244
G1X78.3261Y-209.5480
G1X78.2742Y-209.6644
G1X78.2336Y-209.7682
G1X78.2067Y-209.8536
G1X78.1958Y-209.9153
G1X78.2035Y-209.9478
G1X78.2322Y-209.9453
G1X78.2844Y-209.9026
G1X82.1085Y-206.0785
G1X82.1607Y-206.0357
G1X82.1894Y-206.0333
G1X82.1971Y-206.0657
G1X82.1863Y-206.1274
G1X82.1593Y-206.2129
G1X82.1187Y-206.3166
G1X82.0669Y-206.4331
G1X82.0064Y-206.5567
G1X81.9395Y-206.6821
G1X81.8689Y-206.8035
G1X81.7969Y-206.9156
G1X81.7260Y-207.0129
G1X81.6586Y-207.0897
G1X77.8345Y-210.9138
G1X77.7671Y-210.9906
G1X77.6962Y-211.0878
G1X77.6242Y-211.1999
G1X77.5536Y-211.3214
G1X77.4868Y-211.4467
G1X77.4262Y-211.5704
G1X77.3744Y-211.6868
G1X77.3338Y-211.7905
G1X77.3068Y-211.8760
G1X77.2960Y-211.9377
G1X77.3037Y-211.9701
G1X77.3324Y-211.9677
G1X77.3846Y-211.9250
G1X81.2087Y-208.1009
G1X81.2609Y-208.0581
G1X81.2896Y-208.0557
G1X81.2973Y-208.0881
G1X81.2864Y-208.1498
G1X81.2595Y-208.2353
G1X81.2189Y-208.3390
G1X81.1670Y-208.4555
G1X81.1065Y-208.5791
G1X81.0397Y-208.7044
G1X80.9690Y-208.8259
G1X80.8970Y-208.9380
G1X80.8261Y-209.0352
G1X80.7588Y-209.1120
G1X76.9347Y-212.9361
G1X76.8673Y-213.0130
G1X76.7964Y-213.1102
G1X76.7244Y-213.2223
G1X76.6537Y-213.3438
G1X76.5869Y-213.4691
G1X76.5264Y-213.5927
G1X76.4746Y-213.7092
G1X76.4340Y-213.8129
G1X76.4070Y-213.8984
G1X76.3961Y-213.9601
G1X76.4038Y-213.9925
G1X76.4326Y-213.9901
G1X76.4848Y-213.9473
G1X80.3088Y-210.1232
G1X80.3610Y-210.0805
G1X80.3898Y-210.0781
G1X80.3975Y-210.1105
G1X80.3866Y-210.1722
G1X80.3596Y-210.2577
G1X80.3190Y-210.3614
G1X80.2672Y-210.4778
G1X80.2067Y-210.6015
G1X80.1398Y-210.7268
G1X80.0692Y-210.8483
G1X79.9972Y-210.9604
G1X79.9263Y-211.0576
G1X79.8589Y-211.1344
G1X76.0348Y-214.9585
G1X75.9675Y-215.0353
G1X75.8966Y-215.1326
G1X75.8245Y-215.2447
G1X75.7539Y-215.3661
G1X75.6871Y-215.4915
G1X75.6266Y-215.6151
G1X75.5747Y-215.7316
G1X75.5341Y-215.8353
G1X75.5071Y-215.9208
G1X75.4963Y-215.9825
G1X75.5040Y-216.0149
G1X75.5327Y-216.0125
G1X75.5849Y-215.9697
G1X79.4090Y-212.1456
G1X79.4612Y-212.1029
G1X79.4899Y-212.1004
G1X79.4976Y-212.1328
G1X79.4868Y-212.1945
G1X79.4598Y-212.2800
G1X79.4192Y-212.3837
G1X79.3674Y-212.5002
G1X79.3068Y-212.6238
G1X79.2400Y-212.7492
G1X79.1694Y-212.8706
G1X79.0974Y-212.9828
G1X79.0265Y-213.0800
G1X78.9591Y-213.1568
G1X75.1350Y-216.9809
G1X75.0676Y-217.0577
G1X74.9967Y-217.1549
G1X74.9247Y-217.2670
G1X74.8541Y-217.3885
G1X74.7872Y-217.5138
G1X74.7267Y-217.6375
G1X74.6749Y-217.7539
G1X74.6343Y-217.8577
G1X74.6073Y-217.9431
G1X74.5964Y-218.0048
G1X74.6042Y-218.0372
G1X74.6329Y-218.0348
G1X74.6851Y-217.9921
G1X78.5092Y-214.1680
G1X78.5614Y-214.1252
G1X78.5901Y-214.1228
G1X78.5978Y-214.1552
G1X78.5869Y-214.2169
G1X78.5600Y-214.3024
G1X78.5193Y-214.4061
G1X78.4675Y-214.5226
G1X78.4070Y-214.6462
G1X78.3402Y-214.7715
G1X78.2695Y-214.8930
G1X78.1975Y-215.0051
G1X78.1266Y-215.1024
G1X78.0592Y-215.1792
G1X74.2414Y-218.9970
G1X74.1734Y-219.0891
G1X74.1712Y-219.1549
G1X74.2216Y-219.1944
G1X74.3115Y-219.2075
G1X74.4277Y-219.1944
G1X74.5571Y-219.1549
G1X74.6864Y-219.0891
G1X74.8026Y-218.9970
G1X77.6093Y-216.1904
G1X77.6615Y-216.1476
G1X77.6903Y-216.1452
G1X77.6980Y-216.1776
G1X77.6871Y-216.2393
G1X77.6601Y-216.3248
G1X77.6195Y-216.4285
G1X77.5677Y-216.5449
G1X77.5071Y-216.6686
G1X77.4403Y-216.7939
G1X77.3697Y-216.9154
G1X77.2977Y-217.0275
G1X77.2268Y-217.1247
G1X77.1594Y-217.2015
G1X75.3639Y-218.9970
G1X75.2959Y-219.0891
G1X75.2937Y-219.1549
G1X75.3442Y-219.1944
G1X75.4340Y-219.2075
G1X75.5503Y-219.1944
G1X75.6796Y-219.1549
G1X75.8090Y-219.0891
G1X75.9252Y-218.9970
G1X76.8229Y-218.0993
G1X76.8445Y-218.0908
G1X76.8414Y-218.1297
G1X76.8178Y-218.2069
G1X76.7775Y-218.3134
G1X76.7248Y-218.4399
G1X76.6636Y-218.5774
G1X76.5980Y-218.7168
G1X76.5321Y-218.8489
G1X76.4699Y-218.9646
G1X76.4155Y-219.0549
G1X76.3730Y-219.1105
G1X76.2760Y-219.2075
G1 Z0F20000
(Start Block)

G1X94.9905Y-219.3398
G1Z6F20000
(Plotting speed under)
G1 F8000

G1X90.3916Y-229.6586
G1X86.8555Y-237.8607
G1X84.2097Y-237.8607
G1X87.7457Y-229.6586
G1X92.3446Y-219.3398
G1X94.9905Y-219.3398
G1 Z0F20000
(Start Block)

G1X92.3303Y-219.6970
G1Z6F20000
(Plotting speed under)
G1 F8000

G1X92.4427Y-219.5845
G1X92.5467Y-219.5221
G1X92.6882Y-219.4846
G1X92.8358Y-219.4721
G1X92.9584Y-219.4846
G1X93.0249Y-219.5221
G1X93.0040Y-219.5845
G1X92.0895Y-220.4990
G1X92.0221Y-220.5759
G1X91.9511Y-220.6731
G1X91.8790Y-220.7854
G1X91.8083Y-220.9070
G1X91.7413Y-221.0324
G1X91.6806Y-221.1562
G1X91.6286Y-221.2728
G1X91.5879Y-221.3767
G1X91.5608Y-221.4623
G1X91.5498Y-221.5241
G1X91.5574Y-221.5566
G1X91.5860Y-221.5543
G1X91.6382Y-221.5116
G1X93.4672Y-219.6826
G1X93.5834Y-219.5905
G1X93.7128Y-219.5247
G1X93.8421Y-219.4853
G1X93.9583Y-219.4721
G1X94.0482Y-219.4853
G1X94.0986Y-219.5247
G1X94.0964Y-219.5905
G1X94.0285Y-219.6826
G1X91.1869Y-222.5241
G1X91.1196Y-222.6009
G1X91.0486Y-222.6982
G1X90.9765Y-222.8104
G1X90.9057Y-222.9320
G1X90.8388Y-223.0575
G1X90.7781Y-223.1813
G1X90.7261Y-223.2979
G1X90.6853Y-223.4018
G1X90.6582Y-223.4874
G1X90.6472Y-223.5492
G1X90.6548Y-223.5817
G1X90.6835Y-223.5794
G1X90.7357Y-223.5367
G1X94.5897Y-219.6826
G1X94.6415Y-219.6403
G1X94.6690Y-219.6391
G1X94.6749Y-219.6733
G1X94.6617Y-219.7373
G1X94.6320Y-219.8255
G1X94.5885Y-219.9321
G1X94.5337Y-220.0515
G1X94.4703Y-220.1781
G1X94.4008Y-220.3061
G1X94.3278Y-220.4299
G1X94.2539Y-220.5439
G1X94.1818Y-220.6423
G1X94.1140Y-220.7196
G1X90.2844Y-224.5492
G1X90.2170Y-224.6260
G1X90.1461Y-224.7233
G1X90.0740Y-224.8355
G1X90.0032Y-224.9571
G1X89.9362Y-225.0826
G1X89.8755Y-225.2064
G1X89.8236Y-225.3230
G1X89.7828Y-225.4269
G1X89.7557Y-225.5125
G1X89.7447Y-225.5743
G1X89.7523Y-225.6068
G1X89.7810Y-225.6045
G1X89.8331Y-225.5617
G1X93.6628Y-221.7321
G1X93.7149Y-221.6894
G1X93.7436Y-221.6870
G1X93.7512Y-221.7195
G1X93.7402Y-221.7814
G1X93.7131Y-221.8670
G1X93.6723Y-221.9708
G1X93.6204Y-222.0874
G1X93.5597Y-222.2112
G1X93.4927Y-222.3367
G1X93.4219Y-222.4583
G1X93.3498Y-222.5705
G1X93.2789Y-222.6678
G1X93.2115Y-222.7446
G1X89.3819Y-226.5743
G1X89.3145Y-226.6511
G1X89.2435Y-226.7484
G1X89.1714Y-226.8606
G1X89.1006Y-226.9822
G1X89.0337Y-227.1077
G1X88.9730Y-227.2315
G1X88.9210Y-227.3481
G1X88.8802Y-227.4519
G1X88.8531Y-227.5376
G1X88.8421Y-227.5994
G1X88.8498Y-227.6319
G1X88.8784Y-227.6295
G1X88.9306Y-227.5868
G1X92.7602Y-223.7572
G1X92.8124Y-223.7145
G1X92.8410Y-223.7121
G1X92.8487Y-223.7446
G1X92.8377Y-223.8064
G1X92.8106Y-223.8920
G1X92.7698Y-223.9959
G1X92.7178Y-224.1125
G1X92.6571Y-224.2363
G1X92.5902Y-224.3618
G1X92.5194Y-224.4834
G1X92.4473Y-224.5956
G1X92.3763Y-224.6929
G1X92.3089Y-224.7697
G1X88.4793Y-228.5994
G1X88.4062Y-228.6835
G1X88.3292Y-228.7911
G1X88.2514Y-228.9150
G1X88.1760Y-229.0482
G1X88.1060Y-229.1838
G1X88.0446Y-229.3147
G1X87.9949Y-229.4339
G1X87.9600Y-229.5344
G1X87.9431Y-229.6091
G1X87.9472Y-229.6512
G1X87.9754Y-229.6535
G1X88.0309Y-229.6091
G1X91.8577Y-225.7823
G1X91.9098Y-225.7395
G1X91.9385Y-225.7372
G1X91.9461Y-225.7697
G1X91.9351Y-225.8315
G1X91.9080Y-225.9171
G1X91.8672Y-226.0210
G1X91.8153Y-226.1376
G1X91.7546Y-226.2614
G1X91.6876Y-226.3869
G1X91.6168Y-226.5085
G1X91.5447Y-226.6207
G1X91.4738Y-226.7180
G1X91.4064Y-226.7948
G1X87.6055Y-230.5957
G1X87.5328Y-230.6794
G1X87.4571Y-230.7857
G1X87.3812Y-230.9077
G1X87.3082Y-231.0385
G1X87.2409Y-231.1714
G1X87.1824Y-231.2994
G1X87.1356Y-231.4158
G1X87.1034Y-231.5136
G1X87.0888Y-231.5859
G1X87.0948Y-231.6261
G1X87.1242Y-231.6272
G1X87.1802Y-231.5823
G1X90.9551Y-227.8073
G1X91.0073Y-227.7646
G1X91.0360Y-227.7623
G1X91.0436Y-227.7948
G1X91.0326Y-227.8566
G1X91.0055Y-227.9422
G1X90.9647Y-228.0461
G1X90.9127Y-228.1627
G1X90.8520Y-228.2865
G1X90.7851Y-228.4120
G1X90.7143Y-228.5336
G1X90.6422Y-228.6458
G1X90.5712Y-228.7431
G1X90.5038Y-228.8199
G1X86.7549Y-232.5689
G1X86.6822Y-232.6526
G1X86.6064Y-232.7589
G1X86.5305Y-232.8809
G1X86.4575Y-233.0117
G1X86.3902Y-233.1446
G1X86.3317Y-233.2726
G1X86.2849Y-233.3890
G1X86.2527Y-233.4868
G1X86.2381Y-233.5592
G1X86.2441Y-233.5993
G1X86.2736Y-233.6004
G1X86.3295Y-233.5555
G1X90.0526Y-229.8324
G1X90.1085Y-229.7875
G1X90.1380Y-229.7885
G1X90.1440Y-229.8286
G1X90.1295Y-229.9010
G1X90.0974Y-229.9987
G1X90.0506Y-230.1150
G1X89.9921Y-230.2430
G1X89.9249Y-230.3758
G1X89.8519Y-230.5067
G1X89.7761Y-230.6286
G1X89.7003Y-230.7349
G1X89.6277Y-230.8186
G1X85.9042Y-234.5421
G1X85.8315Y-234.6258
G1X85.7557Y-234.7321
G1X85.6799Y-234.8541
G1X85.6068Y-234.9849
G1X85.5395Y-235.1178
G1X85.4810Y-235.2459
G1X85.4342Y-235.3622
G1X85.4020Y-235.4600
G1X85.3874Y-235.5324
G1X85.3934Y-235.5725
G1X85.4229Y-235.5736
G1X85.4789Y-235.5287
G1X89.2023Y-231.8052
G1X89.2583Y-231.7603
G1X89.2877Y-231.7613
G1X89.2937Y-231.8015
G1X89.2791Y-231.8739
G1X89.2469Y-231.9717
G1X89.2001Y-232.0880
G1X89.1416Y-232.2161
G1X89.0744Y-232.3489
G1X89.0013Y-232.4798
G1X88.9254Y-232.6018
G1X88.8497Y-232.7081
G1X88.7770Y-232.7918
G1X85.0535Y-236.5153
G1X84.9915Y-236.5993
G1X84.9455Y-236.7065
G1X84.9144Y-236.8298
G1X84.8975Y-236.9623
G1X84.8940Y-237.0971
G1X84.9030Y-237.2271
G1X84.9237Y-237.3454
G1X84.9552Y-237.4450
G1X84.9968Y-237.5191
G1X85.0476Y-237.5606
G1X85.1067Y-237.5625
G1X85.1734Y-237.5179
G1X87.9263Y-234.7650
G1X87.9990Y-234.6813
G1X88.0747Y-234.5750
G1X88.1506Y-234.4530
G1X88.2237Y-234.3221
G1X88.2909Y-234.1893
G1X88.3494Y-234.0612
G1X88.3963Y-233.9449
G1X88.4285Y-233.8471
G1X88.4430Y-233.7747
G1X88.4371Y-233.7346
G1X88.4076Y-233.7335
G1X88.3516Y-233.7784
G1X84.6122Y-237.5179
G1X84.5713Y-237.5777
G1X84.5741Y-237.6275
G1X84.6145Y-237.6673
G1X84.6862Y-237.6972
G1X84.7833Y-237.7172
G1X84.8995Y-237.7271
G1X85.0288Y-237.7271
G1X85.1650Y-237.7172
G1X85.3019Y-237.6972
G1X85.4335Y-237.6673
G1X85.5535Y-237.6275
G1X85.6560Y-237.5777
G1X85.7347Y-237.5179
G1X87.5010Y-235.7516
G1X87.5569Y-235.7067
G1X87.5864Y-235.7078
G1X87.5924Y-235.7479
G1X87.5778Y-235.8203
G1X87.5456Y-235.9181
G1X87.4988Y-236.0344
G1X87.4403Y-236.1625
G1X87.3730Y-236.2953
G1X87.3000Y-236.4262
G1X87.2241Y-236.5482
G1X87.1483Y-236.6545
G1X87.0756Y-236.7382
G1X86.1925Y-237.6214
G1X86.1746Y-237.6808
G1X86.2429Y-237.7165
G1X86.3661Y-237.7284
G1X86.5131Y-237.7165
G1X86.6527Y-237.6808
G1X86.7537Y-237.6214
G1X86.8608Y-237.5144
G1 Z0F20000
(Start Block)

G1X105.3764Y-237.8607
G1Z6F20000
(Plotting speed under)
G1 F8000

G1X101.4000Y-247.6503
G1X98.1638Y-256.3815
G1X95.5180Y-256.3815
G1X98.7542Y-247.6503
G1X102.7305Y-237.8607
G1X105.3764Y-237.8607
G1 Z0F20000
(Start Block)

G1X102.5879Y-238.5635
G1Z6F20000
(Plotting speed under)
G1 F8000

G1X102.9479Y-238.2034
G1X103.0641Y-238.1114
G1X103.1935Y-238.0456
G1X103.3228Y-238.0061
G1X103.4390Y-237.9930
G1X103.5289Y-238.0061
G1X103.5793Y-238.0456
G1X103.5771Y-238.1114
G1X103.5092Y-238.2034
G1X102.4144Y-239.2982
G1X102.3426Y-239.3811
G1X102.2691Y-239.4851
G1X102.1966Y-239.6037
G1X102.1278Y-239.7303
G1X102.0654Y-239.8583
G1X102.0120Y-239.9812
G1X101.9703Y-240.0924
G1X101.9430Y-240.1854
G1X101.9326Y-240.2535
G1X101.9420Y-240.2903
G1X101.9738Y-240.2891
G1X102.0305Y-240.2434
G1X104.0704Y-238.2034
G1X104.1866Y-238.1114
G1X104.3160Y-238.0456
G1X104.4453Y-238.0061
G1X104.5615Y-237.9930
G1X104.6514Y-238.0061
G1X104.7018Y-238.0456
G1X104.6997Y-238.1114
G1X104.6317Y-238.2034
G1X101.6466Y-241.1885
G1X101.5747Y-241.2714
G1X101.5012Y-241.3755
G1X101.4288Y-241.4941
G1X101.3600Y-241.6207
G1X101.2976Y-241.7487
G1X101.2442Y-241.8716
G1X101.2025Y-241.9828
G1X101.1751Y-242.0758
G1X101.1648Y-242.1439
G1X101.1742Y-242.1806
G1X101.2059Y-242.1794
G1X101.2627Y-242.1337
G1X104.8165Y-238.5799
G1X104.8732Y-238.5342
G1X104.9049Y-238.5330
G1X104.9143Y-238.5698
G1X104.9040Y-238.6379
G1X104.8767Y-238.7309
G1X104.8350Y-238.8421
G1X104.7816Y-238.9650
G1X104.7192Y-239.0930
G1X104.6504Y-239.2196
G1X104.5779Y-239.3382
G1X104.5044Y-239.4422
G1X104.4325Y-239.5251
G1X100.8788Y-243.0789
G1X100.8069Y-243.1618
G1X100.7334Y-243.2658
G1X100.6609Y-243.3844
G1X100.5922Y-243.5110
G1X100.5297Y-243.6390
G1X100.4763Y-243.7619
G1X100.4346Y-243.8732
G1X100.4073Y-243.9661
G1X100.3970Y-244.0342
G1X100.4064Y-244.0710
G1X100.4381Y-244.0698
G1X100.4949Y-244.0241
G1X104.0486Y-240.4703
G1X104.1054Y-240.4246
G1X104.1371Y-240.4234
G1X104.1465Y-240.4601
G1X104.1362Y-240.5283
G1X104.1088Y-240.6212
G1X104.0671Y-240.7324
G1X104.0137Y-240.8553
G1X103.9513Y-240.9833
G1X103.8826Y-241.1099
G1X103.8101Y-241.2285
G1X103.7366Y-241.3326
G1X103.6647Y-241.4155
G1X100.1110Y-244.9692
G1X100.0391Y-245.0522
G1X99.9656Y-245.1562
G1X99.8931Y-245.2748
G1X99.8243Y-245.4014
G1X99.7619Y-245.5294
G1X99.7085Y-245.6523
G1X99.6668Y-245.7635
G1X99.6395Y-245.8565
G1X99.6292Y-245.9246
G1X99.6385Y-245.9614
G1X99.6703Y-245.9602
G1X99.7270Y-245.9144
G1X103.2808Y-242.3607
G1X103.3375Y-242.3150
G1X103.3693Y-242.3137
G1X103.3787Y-242.3505
G1X103.3683Y-242.4186
G1X103.3410Y-242.5116
G1X103.2993Y-242.6228
G1X103.2459Y-242.7457
G1X103.1835Y-242.8737
G1X103.1147Y-243.0003
G1X103.0422Y-243.1189
G1X102.9687Y-243.2229
G1X102.8969Y-243.3059
G1X99.3431Y-246.8596
G1X99.2716Y-246.9422
G1X99.1991Y-247.0452
G1X99.1281Y-247.1623
G1X99.0611Y-247.2871
G1X99.0008Y-247.4130
G1X98.9496Y-247.5337
G1X98.9102Y-247.6427
G1X98.8849Y-247.7336
G1X98.8764Y-247.7999
G1X98.8873Y-247.8351
G1X98.9200Y-247.8330
G1X98.9771Y-247.7869
G1X102.5130Y-244.2510
G1X102.5697Y-244.2053
G1X102.6015Y-244.2041
G1X102.6108Y-244.2409
G1X102.6005Y-244.3090
G1X102.5732Y-244.4019
G1X102.5315Y-244.5132
G1X102.4781Y-244.6361
G1X102.4157Y-244.7641
G1X102.3469Y-244.8907
G1X102.2744Y-245.0093
G1X102.2009Y-245.1133
G1X102.1290Y-245.1962
G1X98.6466Y-248.6787
G1X98.5693Y-248.7691
G1X98.4925Y-248.8817
G1X98.4192Y-249.0085
G1X98.3524Y-249.1415
G1X98.2950Y-249.2727
G1X98.2501Y-249.3940
G1X98.2205Y-249.4973
G1X98.2094Y-249.5747
G1X98.2196Y-249.6181
G1X98.2541Y-249.6193
G1X98.3160Y-249.5705
G1X101.7451Y-246.1414
G1X101.8019Y-246.0957
G1X101.8336Y-246.0945
G1X101.8430Y-246.1312
G1X101.8327Y-246.1993
G1X101.8053Y-246.2923
G1X101.7636Y-246.4035
G1X101.7103Y-246.5264
G1X101.6478Y-246.6545
G1X101.5791Y-246.7810
G1X101.5066Y-246.8996
G1X101.4331Y-247.0037
G1X101.3612Y-247.0866
G1X97.9854Y-250.4623
G1X97.9082Y-250.5527
G1X97.8314Y-250.6653
G1X97.7581Y-250.7921
G1X97.6913Y-250.9252
G1X97.6339Y-251.0564
G1X97.5890Y-251.1776
G1X97.5594Y-251.2810
G1X97.5482Y-251.3583
G1X97.5585Y-251.4017
G1X97.5930Y-251.4030
G1X97.6549Y-251.3542
G1X101.0712Y-247.9378
G1X101.1274Y-247.8927
G1X101.1576Y-247.8930
G1X101.1647Y-247.9321
G1X101.1515Y-248.0031
G1X101.1208Y-248.0993
G1X101.0757Y-248.2141
G1X101.0188Y-248.3405
G1X100.9530Y-248.4718
G1X100.8814Y-248.6013
G1X100.8066Y-248.7222
G1X100.7315Y-248.8277
G1X100.6591Y-248.9112
G1X97.3244Y-252.2460
G1X97.2471Y-252.3363
G1X97.1703Y-252.4489
G1X97.0970Y-252.5758
G1X97.0302Y-252.7088
G1X96.9728Y-252.8400
G1X96.9279Y-252.9613
G1X96.8983Y-253.0646
G1X96.8872Y-253.1420
G1X96.8974Y-253.1853
G1X96.9319Y-253.1866
G1X96.9938Y-253.1378
G1X100.3286Y-249.8030
G1X100.3904Y-249.7542
G1X100.4250Y-249.7555
G1X100.4352Y-249.7989
G1X100.4240Y-249.8762
G1X100.3945Y-249.9796
G1X100.3496Y-250.1008
G1X100.2922Y-250.2320
G1X100.2254Y-250.3651
G1X100.1521Y-250.4919
G1X100.0753Y-250.6045
G1X99.9980Y-250.6949
G1X96.6632Y-254.0296
G1X96.5860Y-254.1200
G1X96.5092Y-254.2326
G1X96.4359Y-254.3594
G1X96.3691Y-254.4924
G1X96.3117Y-254.6236
G1X96.2668Y-254.7449
G1X96.2372Y-254.8482
G1X96.2260Y-254.9256
G1X96.2363Y-254.9689
G1X96.2708Y-254.9702
G1X96.3327Y-254.9214
G1X99.6675Y-251.5867
G1X99.7293Y-251.5379
G1X99.7639Y-251.5391
G1X99.7741Y-251.5825
G1X99.7629Y-251.6599
G1X99.7334Y-251.7632
G1X99.6884Y-251.8845
G1X99.6311Y-252.0157
G1X99.5642Y-252.1487
G1X99.4910Y-252.2755
G1X99.4142Y-252.3881
G1X99.3369Y-252.4785
G1X96.0022Y-255.8132
G1X95.9176Y-255.9288
G1X95.8969Y-256.0298
G1X95.9281Y-256.1082
G1X95.9996Y-256.1562
G1X96.0995Y-256.1659
G1X96.2162Y-256.1293
G1X96.3379Y-256.0388
G1X99.0064Y-253.3703
G1X99.0682Y-253.3215
G1X99.1028Y-253.3228
G1X99.1130Y-253.3661
G1X99.1018Y-253.4435
G1X99.0723Y-253.5468
G1X99.0274Y-253.6681
G1X98.9700Y-253.7993
G1X98.9032Y-253.9323
G1X98.8299Y-254.0592
G1X98.7531Y-254.1718
G1X98.6758Y-254.2621
G1X96.8992Y-256.0388
G1X96.8312Y-256.1309
G1X96.8290Y-256.1966
G1X96.8794Y-256.2361
G1X96.9693Y-256.2492
G1X97.0855Y-256.2361
G1X97.2149Y-256.1966
G1X97.3442Y-256.1309
G1X97.4604Y-256.0388
G1X98.3487Y-255.1504
G1X98.4095Y-255.1028
G1X98.4431Y-255.1050
G1X98.4526Y-255.1490
G1X98.4410Y-255.2269
G1X98.4112Y-255.3304
G1X98.3663Y-255.4517
G1X98.3091Y-255.5827
G1X98.2428Y-255.7152
G1X98.1702Y-255.8414
G1X98.0943Y-255.9531
G1X98.0182Y-256.0422
G1X97.8112Y-256.2492
G1 Z0F20000
(Start Block)

G1X116.6846Y-256.3815
G1Z6F20000
(Plotting speed under)
G1 F8000

G1X115.0704Y-261.1440
G1X113.5766Y-265.9065
G1X112.2855Y-270.4045
G1X111.1186Y-274.9024
G1X108.4727Y-274.9024
G1X109.6397Y-270.4045
G1X110.9307Y-265.9065
G1X112.4245Y-261.1440
G1X114.0388Y-256.3815
G1X116.6846Y-256.3815
G1 Z0F20000
(Start Block)

G1X113.8548Y-257.3365
G1Z6F20000
(Plotting speed under)
G1 F8000

G1X114.4670Y-256.7243
G1X114.5832Y-256.6322
G1X114.7125Y-256.5664
G1X114.8419Y-256.5270
G1X114.9581Y-256.5138
G1X115.0480Y-256.5270
G1X115.0984Y-256.5664
G1X115.0962Y-256.6322
G1X115.0283Y-256.7243
G1X113.7775Y-257.9751
G1X113.7012Y-258.0644
G1X113.6272Y-258.1743
G1X113.5580Y-258.2971
G1X113.4962Y-258.4251
G1X113.4444Y-258.5506
G1X113.4053Y-258.6661
G1X113.3814Y-258.7638
G1X113.3753Y-258.8361
G1X113.3896Y-258.8754
G1X113.4268Y-258.8739
G1X113.4897Y-258.8241
G1X115.5895Y-256.7243
G1X115.7057Y-256.6322
G1X115.8351Y-256.5664
G1X115.9645Y-256.5270
G1X116.0807Y-256.5138
G1X116.1705Y-256.5270
G1X116.2210Y-256.5664
G1X116.2188Y-256.6322
G1X116.1508Y-256.7243
G1X113.2019Y-259.6732
G1X113.1256Y-259.7625
G1X113.0516Y-259.8724
G1X112.9824Y-259.9952
G1X112.9206Y-260.1232
G1X112.8689Y-260.2487
G1X112.8297Y-260.3642
G1X112.8058Y-260.4619
G1X112.7997Y-260.5342
G1X112.8139Y-260.5735
G1X112.8513Y-260.5720
G1X112.9141Y-260.5223
G1X116.0731Y-257.3633
G1X116.1359Y-257.3135
G1X116.1732Y-257.3121
G1X116.1875Y-257.3513
G1X116.1814Y-257.4236
G1X116.1575Y-257.5214
G1X116.1183Y-257.6368
G1X116.0666Y-257.7624
G1X116.0048Y-257.8904
G1X115.9356Y-258.0131
G1X115.8616Y-258.1230
G1X115.7853Y-258.2124
G1X112.6409Y-261.3567
G1X112.5580Y-261.4554
G1X112.4796Y-261.5764
G1X112.4087Y-261.7101
G1X112.3486Y-261.8466
G1X112.3022Y-261.9760
G1X112.2727Y-262.0886
G1X112.2631Y-262.1746
G1X112.2764Y-262.2241
G1X112.3159Y-262.2273
G1X112.3845Y-262.1744
G1X115.4975Y-259.0614
G1X115.5604Y-259.0116
G1X115.5976Y-259.0102
G1X115.6119Y-259.0494
G1X115.6058Y-259.1218
G1X115.5819Y-259.2195
G1X115.5427Y-259.3349
G1X115.4910Y-259.4605
G1X115.4292Y-259.5885
G1X115.3600Y-259.7113
G1X115.2860Y-259.8211
G1X115.2097Y-259.9105
G1X112.1280Y-262.9922
G1X112.0450Y-263.0909
G1X111.9666Y-263.2120
G1X111.8958Y-263.3456
G1X111.8356Y-263.4821
G1X111.7892Y-263.6116
G1X111.7597Y-263.7242
G1X111.7501Y-263.8101
G1X111.7634Y-263.8596
G1X111.8029Y-263.8628
G1X111.8715Y-263.8100
G1X114.9219Y-260.7595
G1X114.9850Y-260.7095
G1X115.0230Y-260.7074
G1X115.0383Y-260.7456
G1X115.0335Y-260.8166
G1X115.0110Y-260.9129
G1X114.9733Y-261.0269
G1X114.9230Y-261.1510
G1X114.8625Y-261.2777
G1X114.7944Y-261.3994
G1X114.7210Y-261.5086
G1X114.6450Y-261.5977
G1X111.6150Y-264.6277
G1X111.5320Y-264.7264
G1X111.4536Y-264.8475
G1X111.3828Y-264.9812
G1X111.3226Y-265.1176
G1X111.2762Y-265.2471
G1X111.2467Y-265.3597
G1X111.2371Y-265.4456
G1X111.2504Y-265.4952
G1X111.2899Y-265.4984
G1X111.3585Y-265.4455
G1X114.3885Y-262.4155
G1X114.4571Y-262.3626
G1X114.4965Y-262.3658
G1X114.5099Y-262.4153
G1X114.5002Y-262.5013
G1X114.4707Y-262.6139
G1X114.4243Y-262.7434
G1X114.3642Y-262.8798
G1X114.2934Y-263.0135
G1X114.2149Y-263.1346
G1X114.1320Y-263.2333
G1X111.1217Y-266.2435
G1X111.0396Y-266.3413
G1X110.9635Y-266.4601
G1X110.8961Y-266.5903
G1X110.8401Y-266.7227
G1X110.7983Y-266.8476
G1X110.7732Y-266.9557
G1X110.7678Y-267.0375
G1X110.7846Y-267.0836
G1X110.8263Y-267.0845
G1X110.8958Y-267.0307
G1X113.8755Y-264.0510
G1X113.9441Y-263.9981
G1X113.9835Y-264.0014
G1X113.9969Y-264.0508
G1X113.9872Y-264.1368
G1X113.9577Y-264.2494
G1X113.9113Y-264.3789
G1X113.8512Y-264.5153
G1X113.7804Y-264.6490
G1X113.7019Y-264.7701
G1X113.6190Y-264.8688
G1X110.6698Y-267.8180
G1X110.5877Y-267.9158
G1X110.5116Y-268.0345
G1X110.4442Y-268.1648
G1X110.3882Y-268.2971
G1X110.3463Y-268.4221
G1X110.3213Y-268.5302
G1X110.3158Y-268.6120
G1X110.3326Y-268.6580
G1X110.3744Y-268.6589
G1X110.4438Y-268.6052
G1X113.3625Y-265.6865
G1X113.4315Y-265.6332
G1X113.4722Y-265.6352
G1X113.4873Y-265.6830
G1X113.4799Y-265.7667
G1X113.4527Y-265.8770
G1X113.4086Y-266.0041
G1X113.3507Y-266.1384
G1X113.2816Y-266.2703
G1X113.2044Y-266.3902
G1X113.1219Y-266.4884
G1X110.2179Y-269.3924
G1X110.1357Y-269.4903
G1X110.0595Y-269.6092
G1X109.9918Y-269.7397
G1X109.9356Y-269.8723
G1X109.8935Y-269.9975
G1X109.8682Y-270.1058
G1X109.8625Y-270.1879
G1X109.8790Y-270.2342
G1X109.9206Y-270.2352
G1X109.9900Y-270.1815
G1X112.8959Y-267.2757
G1X112.9653Y-267.2219
G1X113.0071Y-267.2228
G1X113.0239Y-267.2689
G1X113.0184Y-267.3507
G1X112.9934Y-267.4588
G1X112.9515Y-267.5837
G1X112.8955Y-267.7160
G1X112.8281Y-267.8463
G1X112.7520Y-267.9651
G1X112.6699Y-268.0629
G1X109.7934Y-270.9394
G1X109.7122Y-271.0364
G1X109.6383Y-271.1529
G1X109.5742Y-271.2799
G1X109.5222Y-271.4082
G1X109.4846Y-271.5288
G1X109.4640Y-271.6326
G1X109.4625Y-271.7104
G1X109.4825Y-271.7532
G1X109.5265Y-271.7519
G1X109.5968Y-271.6973
G1X112.4440Y-268.8501
G1X112.5134Y-268.7964
G1X112.5552Y-268.7973
G1X112.5720Y-268.8434
G1X112.5665Y-268.9252
G1X112.5415Y-269.0333
G1X112.4996Y-269.1582
G1X112.4436Y-269.2905
G1X112.3762Y-269.4208
G1X112.3001Y-269.5395
G1X112.2180Y-269.6374
G1X109.4002Y-272.4552
G1X109.3189Y-272.5522
G1X109.2450Y-272.6687
G1X109.1809Y-272.7957
G1X109.1289Y-272.9240
G1X109.0914Y-273.0446
G1X109.0707Y-273.1484
G1X109.0692Y-273.2262
G1X109.0893Y-273.2690
G1X109.1333Y-273.2676
G1X109.2035Y-273.2131
G1X111.9920Y-270.4246
G1X112.0621Y-270.3702
G1X112.1057Y-270.3693
G1X112.1251Y-270.4128
G1X112.1228Y-270.4914
G1X112.1013Y-270.5960
G1X112.0629Y-270.7174
G1X112.0101Y-270.8465
G1X111.9454Y-270.9742
G1X111.8711Y-271.0911
G1X111.7896Y-271.1883
G1X109.0069Y-273.9710
G1X108.9228Y-274.0743
G1X108.8580Y-274.1908
G1X108.8127Y-274.3107
G1X108.7876Y-274.4243
G1X108.7831Y-274.5220
G1X108.7996Y-274.5941
G1X108.8375Y-274.6308
G1X108.8973Y-274.6226
G1X108.9796Y-274.5596
G1X111.5930Y-271.9462
G1X111.6632Y-271.8916
G1X111.7072Y-271.8903
G1X111.7273Y-271.9331
G1X111.7258Y-272.0109
G1X111.7051Y-272.1147
G1X111.6676Y-272.2353
G1X111.6156Y-272.3636
G1X111.5515Y-272.4906
G1X111.4776Y-272.6071
G1X111.3963Y-272.7041
G1X109.5408Y-274.5596
G1X109.4728Y-274.6517
G1X109.4706Y-274.7175
G1X109.5211Y-274.7569
G1X109.6110Y-274.7701
G1X109.7272Y-274.7569
G1X109.8565Y-274.7175
G1X109.9859Y-274.6517
G1X110.1021Y-274.5596
G1X111.1997Y-273.4620
G1X111.2700Y-273.4074
G1X111.3140Y-273.4061
G1X111.3341Y-273.4489
G1X111.3326Y-273.5267
G1X111.3119Y-273.6305
G1X111.2744Y-273.7510
G1X111.2223Y-273.8794
G1X111.1582Y-274.0064
G1X111.0844Y-274.1229
G1X111.0031Y-274.2199
G1X110.4529Y-274.7701
G1 Z0F20000
(Start Block)

G1X129.6394Y-274.9024
G1Z6F20000
(Plotting speed under)
G1 F8000

G1X128.5469Y-279.6649
G1X127.6566Y-284.1628
G1X126.8698Y-288.9253
G1X126.2785Y-293.4232
G1X123.6327Y-293.4232
G1X124.2239Y-288.9253
G1X125.0107Y-284.1628
G1X125.9010Y-279.6649
G1X126.9936Y-274.9024
G1X129.6394Y-274.9024
G1 Z0F20000
(Start Block)

G1X126.9471Y-275.6967
G1Z6F20000
(Plotting speed under)
G1 F8000

G1X127.3986Y-275.2452
G1X127.5148Y-275.1531
G1X127.6442Y-275.0873
G1X127.7735Y-275.0478
G1X127.8897Y-275.0347
G1X127.9796Y-275.0478
G1X128.0300Y-275.0873
G1X128.0278Y-275.1531
G1X127.9599Y-275.2452
G1X126.9905Y-276.2146
G1X126.9100Y-276.3107
G1X126.8384Y-276.4250
G1X126.7776Y-276.5487
G1X126.7296Y-276.6730
G1X126.6964Y-276.7892
G1X126.6801Y-276.8886
G1X126.6827Y-276.9624
G1X126.7060Y-277.0019
G1X126.7523Y-276.9983
G1X126.8234Y-276.9429
G1X128.5212Y-275.2452
G1X128.6374Y-275.1531
G1X128.7667Y-275.0873
G1X128.8961Y-275.0478
G1X129.0123Y-275.0347
G1X129.1022Y-275.0478
G1X129.1526Y-275.0873
G1X129.1504Y-275.1531
G1X129.0824Y-275.2452
G1X126.6563Y-277.6713
G1X126.5758Y-277.7675
G1X126.5042Y-277.8818
G1X126.4434Y-278.0054
G1X126.3954Y-278.1297
G1X126.3623Y-278.2460
G1X126.3459Y-278.3453
G1X126.3485Y-278.4191
G1X126.3718Y-278.4586
G1X126.4181Y-278.4550
G1X126.4892Y-278.3997
G1X129.1495Y-275.7393
G1X129.2206Y-275.6840
G1X129.2668Y-275.6804
G1X129.2902Y-275.7199
G1X129.2927Y-275.7937
G1X129.2764Y-275.8930
G1X129.2433Y-276.0093
G1X129.1953Y-276.1336
G1X129.1345Y-276.2573
G1X129.0628Y-276.3715
G1X128.9824Y-276.4677
G1X126.3221Y-279.1280
G1X126.2420Y-279.2238
G1X126.1715Y-279.3369
G1X126.1124Y-279.4590
G1X126.0664Y-279.5813
G1X126.0354Y-279.6953
G1X126.0213Y-279.7925
G1X126.0258Y-279.8643
G1X126.0508Y-279.9022
G1X126.0982Y-279.8975
G1X126.1697Y-279.8417
G1X128.8153Y-277.1961
G1X128.8864Y-277.1407
G1X128.9326Y-277.1371
G1X128.9560Y-277.1766
G1X128.9585Y-277.2504
G1X128.9422Y-277.3498
G1X128.9091Y-277.4660
G1X128.8611Y-277.5903
G1X128.8003Y-277.7140
G1X128.7286Y-277.8283
G1X128.6482Y-277.9244
G1X126.0312Y-280.5415
G1X125.9433Y-280.6486
G1X125.8682Y-280.7753
G1X125.8082Y-280.9100
G1X125.7655Y-281.0412
G1X125.7426Y-281.1573
G1X125.7415Y-281.2469
G1X125.7646Y-281.2984
G1X125.8143Y-281.3004
G1X125.8927Y-281.2412
G1X128.4811Y-278.6528
G1X128.5522Y-278.5974
G1X128.5984Y-278.5938
G1X128.6218Y-278.6333
G1X128.6243Y-278.7071
G1X128.6080Y-278.8065
G1X128.5749Y-278.9227
G1X128.5269Y-279.0470
G1X128.4661Y-279.1707
G1X128.3944Y-279.2850
G1X128.3140Y-279.3812
G1X125.7541Y-281.9410
G1X125.6663Y-282.0482
G1X125.5912Y-282.1748
G1X125.5312Y-282.3095
G1X125.4885Y-282.4407
G1X125.4655Y-282.5569
G1X125.4645Y-282.6465
G1X125.4876Y-282.6980
G1X125.5372Y-282.7000
G1X125.6156Y-282.6408
G1X128.1572Y-280.0992
G1X128.2356Y-280.0401
G1X128.2852Y-280.0420
G1X128.3084Y-280.0936
G1X128.3073Y-280.1832
G1X128.2843Y-280.2993
G1X128.2417Y-280.4305
G1X128.1817Y-280.5652
G1X128.1066Y-280.6919
G1X128.0187Y-280.7990
G1X125.4771Y-283.3406
G1X125.3893Y-283.4476
G1X125.3145Y-283.5741
G1X125.2548Y-283.7084
G1X125.2125Y-283.8392
G1X125.1900Y-283.9549
G1X125.1893Y-284.0441
G1X125.2128Y-284.0953
G1X125.2627Y-284.0971
G1X125.3411Y-284.0378
G1X127.8802Y-281.4988
G1X127.9586Y-281.4396
G1X128.0082Y-281.4416
G1X128.0314Y-281.4931
G1X128.0303Y-281.5827
G1X128.0073Y-281.6989
G1X127.9647Y-281.8301
G1X127.9047Y-281.9648
G1X127.8296Y-282.0914
G1X127.7417Y-282.1986
G1X125.2301Y-284.7102
G1X125.1431Y-284.8164
G1X125.0705Y-284.9405
G1X125.0142Y-285.0716
G1X124.9759Y-285.1984
G1X124.9574Y-285.3100
G1X124.9607Y-285.3953
G1X124.9875Y-285.4432
G1X125.0397Y-285.4426
G1X125.1190Y-285.3825
G1X127.6032Y-282.8983
G1X127.6816Y-282.8392
G1X127.7312Y-282.8411
G1X127.7543Y-282.8927
G1X127.7533Y-282.9823
G1X127.7303Y-283.0984
G1X127.6876Y-283.2296
G1X127.6276Y-283.3643
G1X127.5525Y-283.4910
G1X127.4647Y-283.5981
G1X125.0079Y-286.0548
G1X124.9210Y-286.1611
G1X124.8484Y-286.2852
G1X124.7920Y-286.4162
G1X124.7537Y-286.5431
G1X124.7353Y-286.6547
G1X124.7385Y-286.7400
G1X124.7653Y-286.7879
G1X124.8175Y-286.7873
G1X124.8968Y-286.7272
G1X127.3261Y-284.2979
G1X127.4054Y-284.2379
G1X127.4574Y-284.2375
G1X127.4839Y-284.2857
G1X127.4868Y-284.3713
G1X127.4681Y-284.4832
G1X127.4294Y-284.6104
G1X127.3728Y-284.7416
G1X127.3001Y-284.8660
G1X127.2130Y-284.9723
G1X124.7858Y-287.3995
G1X124.6988Y-287.5057
G1X124.6262Y-287.6299
G1X124.5699Y-287.7609
G1X124.5316Y-287.8878
G1X124.5131Y-287.9994
G1X124.5164Y-288.0847
G1X124.5432Y-288.1325
G1X124.5953Y-288.1320
G1X124.6747Y-288.0719
G1X127.1020Y-285.6446
G1X127.1813Y-285.5845
G1X127.2335Y-285.5839
G1X127.2602Y-285.6318
G1X127.2635Y-285.7171
G1X127.2451Y-285.8287
G1X127.2068Y-285.9556
G1X127.1504Y-286.0866
G1X127.0778Y-286.2107
G1X126.9909Y-286.3169
G1X124.5640Y-288.7438
G1X124.4780Y-288.8491
G1X124.4078Y-288.9709
G1X124.3549Y-289.0985
G1X124.3207Y-289.2212
G1X124.3066Y-289.3284
G1X124.3140Y-289.4096
G1X124.3443Y-289.4540
G1X124.3988Y-289.4510
G1X124.4791Y-289.3900
G1X126.8798Y-286.9893
G1X126.9591Y-286.9292
G1X127.0113Y-286.9286
G1X127.0381Y-286.9765
G1X127.0414Y-287.0618
G1X127.0229Y-287.1734
G1X126.9846Y-287.3002
G1X126.9283Y-287.4313
G1X126.8557Y-287.5554
G1X126.7687Y-287.6616
G1X124.3941Y-290.0362
G1X124.3081Y-290.1416
G1X124.2379Y-290.2633
G1X124.1850Y-290.3909
G1X124.1508Y-290.5136
G1X124.1367Y-290.6208
G1X124.1441Y-290.7020
G1X124.1744Y-290.7464
G1X124.2290Y-290.7434
G1X124.3092Y-290.6824
G1X126.6576Y-288.3340
G1X126.7370Y-288.2739
G1X126.7891Y-288.2733
G1X126.8159Y-288.3212
G1X126.8192Y-288.4065
G1X126.8008Y-288.5181
G1X126.7625Y-288.6449
G1X126.7061Y-288.7760
G1X126.6335Y-288.9001
G1X126.5466Y-289.0063
G1X124.2242Y-291.3286
G1X124.1382Y-291.4340
G1X124.0680Y-291.5557
G1X124.0151Y-291.6833
G1X123.9810Y-291.8060
G1X123.9669Y-291.9133
G1X123.9742Y-291.9944
G1X124.0045Y-292.0388
G1X124.0591Y-292.0358
G1X124.1393Y-291.9749
G1X126.4574Y-289.6568
G1X126.5376Y-289.5958
G1X126.5922Y-289.5928
G1X126.6224Y-289.6373
G1X126.6298Y-289.7184
G1X126.6157Y-289.8257
G1X126.5815Y-289.9484
G1X126.5287Y-290.0759
G1X126.4585Y-290.1977
G1X126.3724Y-290.3030
G1X124.0544Y-292.6210
G1X123.9667Y-292.7329
G1X123.9124Y-292.8507
G1X123.8893Y-292.9637
G1X123.8948Y-293.0612
G1X123.9267Y-293.1324
G1X123.9825Y-293.1665
G1X124.0598Y-293.1528
G1X124.1562Y-293.0805
G1X126.2875Y-290.9492
G1X126.3677Y-290.8882
G1X126.4223Y-290.8852
G1X126.4526Y-290.9297
G1X126.4599Y-291.0108
G1X126.4458Y-291.1181
G1X126.4117Y-291.2408
G1X126.3588Y-291.3683
G1X126.2886Y-291.4901
G1X126.2026Y-291.5954
G1X124.7175Y-293.0805
G1X124.6495Y-293.1725
G1X124.6473Y-293.2383
G1X124.6978Y-293.2778
G1X124.7876Y-293.2909
G1X124.9039Y-293.2778
G1X125.0332Y-293.2383
G1X125.1626Y-293.1725
G1X125.2788Y-293.0805
G1X126.1176Y-292.2416
G1X126.1979Y-292.1806
G1X126.2524Y-292.1777
G1X126.2827Y-292.2221
G1X126.2901Y-292.3032
G1X126.2760Y-292.4105
G1X126.2418Y-292.5332
G1X126.1889Y-292.6608
G1X126.1187Y-292.7825
G1X126.0327Y-292.8878
G1X125.6296Y-293.2909
G1 Z0F20000
(Start Block)

G1X144.7994Y-293.4232
G1Z6F20000
(Plotting speed under)
G1 F8000

G1X144.3383Y-298.1857
G1X144.0611Y-302.6837
G1X143.9372Y-307.4462
G1X143.9812Y-311.9441
G1X141.3353Y-311.9441
G1X141.2914Y-307.4462
G1X141.4153Y-302.6837
G1X141.6924Y-298.1857
G1X142.1536Y-293.4232
G1X144.7994Y-293.4232
G1 Z0F20000
(Start Block)

G1X142.2201Y-294.1088
G1Z6F20000
(Plotting speed under)
G1 F8000

G1X142.5629Y-293.7660
G1X142.6791Y-293.6739
G1X142.8084Y-293.6082
G1X142.9378Y-293.5687
G1X143.0540Y-293.5555
G1X143.1439Y-293.5687
G1X143.1943Y-293.6082
G1X143.1921Y-293.6739
G1X143.1241Y-293.7660
G1X142.3704Y-294.5197
G1X142.2852Y-294.6242
G1X142.2173Y-294.7437
G1X142.1677Y-294.8679
G1X142.1374Y-294.9868
G1X142.1274Y-295.0899
G1X142.1387Y-295.1672
G1X142.1723Y-295.2083
G1X142.2291Y-295.2030
G1X142.3102Y-295.1412
G1X143.6854Y-293.7660
G1X143.8016Y-293.6739
G1X143.9310Y-293.6082
G1X144.0603Y-293.5687
G1X144.1765Y-293.5555
G1X144.2664Y-293.5687
G1X144.3168Y-293.6082
G1X144.3146Y-293.6739
G1X144.2467Y-293.7660
G1X142.2501Y-295.7626
G1X142.1648Y-295.8671
G1X142.0969Y-295.9865
G1X142.0474Y-296.1108
G1X142.0171Y-296.2296
G1X142.0071Y-296.3328
G1X142.0184Y-296.4100
G1X142.0520Y-296.4512
G1X142.1088Y-296.4459
G1X142.1899Y-296.3841
G1X144.4041Y-294.1698
G1X144.4852Y-294.1080
G1X144.5420Y-294.1027
G1X144.5756Y-294.1439
G1X144.5869Y-294.2211
G1X144.5769Y-294.3242
G1X144.5466Y-294.4431
G1X144.4970Y-294.5673
G1X144.4291Y-294.6868
G1X144.3439Y-294.7913
G1X142.1297Y-297.0055
G1X142.0445Y-297.1100
G1X141.9766Y-297.2294
G1X141.9270Y-297.3537
G1X141.8967Y-297.4725
G1X141.8868Y-297.5757
G1X141.8980Y-297.6529
G1X141.9316Y-297.6940
G1X141.9884Y-297.6888
G1X142.0695Y-297.6269
G1X144.2837Y-295.4127
G1X144.3648Y-295.3509
G1X144.4217Y-295.3456
G1X144.4552Y-295.3867
G1X144.4665Y-295.4640
G1X144.4565Y-295.5671
G1X144.4263Y-295.6860
G1X144.3767Y-295.8102
G1X144.3088Y-295.9297
G1X144.2236Y-296.0341
G1X142.0192Y-298.2385
G1X141.9348Y-298.3422
G1X141.8691Y-298.4595
G1X141.8226Y-298.5807
G1X141.7960Y-298.6958
G1X141.7898Y-298.7951
G1X141.8048Y-298.8687
G1X141.8415Y-298.9067
G1X141.9005Y-298.8993
G1X141.9823Y-298.8366
G1X144.1634Y-296.6556
G1X144.2445Y-296.5938
G1X144.3013Y-296.5885
G1X144.3349Y-296.6296
G1X144.3462Y-296.7069
G1X144.3362Y-296.8100
G1X144.3059Y-296.9288
G1X144.2563Y-297.0531
G1X144.1884Y-297.1726
G1X144.1032Y-297.2770
G1X141.9455Y-299.4348
G1X141.8611Y-299.5384
G1X141.7953Y-299.6558
G1X141.7489Y-299.7769
G1X141.7223Y-299.8921
G1X141.7161Y-299.9913
G1X141.7311Y-300.0649
G1X141.7678Y-300.1029
G1X141.8267Y-300.0955
G1X141.9086Y-300.0329
G1X144.0431Y-297.8985
G1X144.1254Y-297.8354
G1X144.1856Y-297.8267
G1X144.2241Y-297.8629
G1X144.2413Y-297.9343
G1X144.2374Y-298.0314
G1X144.2129Y-298.1443
G1X144.1683Y-298.2637
G1X144.1038Y-298.3798
G1X144.0198Y-298.4830
G1X141.8718Y-300.6310
G1X141.7874Y-300.7347
G1X141.7216Y-300.8520
G1X141.6751Y-300.9731
G1X141.6485Y-301.0883
G1X141.6424Y-301.1876
G1X141.6574Y-301.2611
G1X141.6941Y-301.2992
G1X141.7531Y-301.2918
G1X141.8349Y-301.2291
G1X143.9511Y-299.1130
G1X144.0329Y-299.0504
G1X144.0919Y-299.0430
G1X144.1286Y-299.0810
G1X144.1436Y-299.1545
G1X144.1375Y-299.2538
G1X144.1108Y-299.3690
G1X144.0644Y-299.4901
G1X143.9986Y-299.6074
G1X143.9142Y-299.7111
G1X141.7981Y-301.8273
G1X141.7136Y-301.9310
G1X141.6477Y-302.0485
G1X141.6009Y-302.1699
G1X141.5740Y-302.2854
G1X141.5676Y-302.3850
G1X141.5822Y-302.4588
G1X141.6186Y-302.4971
G1X141.6774Y-302.4899
G1X141.7593Y-302.4273
G1X143.8773Y-300.3092
G1X143.9592Y-300.2466
G1X144.0182Y-300.2392
G1X144.0549Y-300.2772
G1X144.0699Y-300.3508
G1X144.0637Y-300.4501
G1X144.0372Y-300.5652
G1X143.9907Y-300.6864
G1X143.9249Y-300.8037
G1X143.8405Y-300.9074
G1X141.7443Y-303.0036
G1X141.6516Y-303.1204
G1X141.5841Y-303.2515
G1X141.5422Y-303.3832
G1X141.5263Y-303.5022
G1X141.5367Y-303.5948
G1X141.5738Y-303.6476
G1X141.6379Y-303.6472
G1X141.7293Y-303.5798
G1X143.8036Y-301.5055
G1X143.8855Y-301.4428
G1X143.9445Y-301.4355
G1X143.9812Y-301.4735
G1X143.9961Y-301.5470
G1X143.9900Y-301.6463
G1X143.9634Y-301.7614
G1X143.9170Y-301.8826
G1X143.8512Y-301.9999
G1X143.7668Y-302.1036
G1X141.7143Y-304.1561
G1X141.6216Y-304.2729
G1X141.5541Y-304.4040
G1X141.5122Y-304.5357
G1X141.4963Y-304.6547
G1X141.5067Y-304.7473
G1X141.5438Y-304.8002
G1X141.6079Y-304.7997
G1X141.6993Y-304.7324
G1X143.7299Y-302.7017
G1X143.8123Y-302.6386
G1X143.8727Y-302.6298
G1X143.9114Y-302.6658
G1X143.9287Y-302.7370
G1X143.9251Y-302.8338
G1X143.9009Y-302.9465
G1X143.8564Y-303.0657
G1X143.7920Y-303.1817
G1X143.7081Y-303.2848
G1X141.6843Y-305.3086
G1X141.5916Y-305.4254
G1X141.5241Y-305.5565
G1X141.4823Y-305.6882
G1X141.4664Y-305.8072
G1X141.4768Y-305.8998
G1X141.5138Y-305.9527
G1X141.5779Y-305.9522
G1X141.6693Y-305.8849
G1X143.6931Y-303.8611
G1X143.7846Y-303.7937
G1X143.8487Y-303.7932
G1X143.8857Y-303.8461
G1X143.8961Y-303.9387
G1X143.8802Y-304.0577
G1X143.8383Y-304.1894
G1X143.7709Y-304.3205
G1X143.6781Y-304.4373
G1X141.6544Y-306.4611
G1X141.5616Y-306.5779
G1X141.4942Y-306.7090
G1X141.4523Y-306.8407
G1X141.4364Y-306.9597
G1X141.4468Y-307.0523
G1X141.4839Y-307.1052
G1X141.5479Y-307.1047
G1X141.6394Y-307.0374
G1X143.6632Y-305.0136
G1X143.7546Y-304.9462
G1X143.8187Y-304.9457
G1X143.8558Y-304.9986
G1X143.8662Y-305.0912
G1X143.8503Y-305.2102
G1X143.8084Y-305.3419
G1X143.7409Y-305.4730
G1X143.6482Y-305.5898
G1X141.6378Y-307.6003
G1X141.5459Y-307.7162
G1X141.4807Y-307.8450
G1X141.4421Y-307.9734
G1X141.4300Y-308.0886
G1X141.4441Y-308.1775
G1X141.4845Y-308.2271
G1X141.5509Y-308.2243
G1X141.6432Y-308.1561
G1X143.6332Y-306.1661
G1X143.7246Y-306.0987
G1X143.7887Y-306.0982
G1X143.8258Y-306.1511
G1X143.8362Y-306.2437
G1X143.8203Y-306.3627
G1X143.7784Y-306.4944
G1X143.7109Y-306.6255
G1X143.6182Y-306.7423
G1X141.6486Y-308.7119
G1X141.5567Y-308.8279
G1X141.4916Y-308.9566
G1X141.4530Y-309.0851
G1X141.4408Y-309.2003
G1X141.4550Y-309.2892
G1X141.4953Y-309.3388
G1X141.5617Y-309.3360
G1X141.6540Y-309.2678
G1X143.6032Y-307.3186
G1X143.6950Y-307.2509
G1X143.7601Y-307.2494
G1X143.7985Y-307.3009
G1X143.8104Y-307.3920
G1X143.7961Y-307.5094
G1X143.7556Y-307.6398
G1X143.6891Y-307.7699
G1X143.5967Y-307.8863
G1X141.6594Y-309.8236
G1X141.5676Y-309.9396
G1X141.5024Y-310.0683
G1X141.4638Y-310.1968
G1X141.4517Y-310.3120
G1X141.4659Y-310.4009
G1X141.5062Y-310.4505
G1X141.5726Y-310.4476
G1X141.6649Y-310.3794
G1X143.6022Y-308.4422
G1X143.6945Y-308.3740
G1X143.7608Y-308.3712
G1X143.8012Y-308.4207
G1X143.8153Y-308.5096
G1X143.8032Y-308.6248
G1X143.7646Y-308.7533
G1X143.6994Y-308.8821
G1X143.6076Y-308.9980
G1X141.6703Y-310.9353
G1X141.5785Y-311.0512
G1X141.5133Y-311.1800
G1X141.4747Y-311.3085
G1X141.4625Y-311.4237
G1X141.4767Y-311.5126
G1X141.5170Y-311.5621
G1X141.5834Y-311.5593
G1X141.6757Y-311.4911
G1X143.6130Y-309.5539
G1X143.7053Y-309.4857
G1X143.7717Y-309.4829
G1X143.8120Y-309.5324
G1X143.8262Y-309.6213
G1X143.8140Y-309.7365
G1X143.7754Y-309.8650
G1X143.7103Y-309.9937
G1X143.6184Y-310.1097
G1X142.1268Y-311.6013
G1X142.0588Y-311.6934
G1X142.0566Y-311.7592
G1X142.1071Y-311.7986
G1X142.1970Y-311.8118
G1X142.3132Y-311.7986
G1X142.4425Y-311.7592
G1X142.5719Y-311.6934
G1X142.6881Y-311.6013
G1X143.6238Y-310.6655
G1X143.7162Y-310.5973
G1X143.7825Y-310.5945
G1X143.8229Y-310.6441
G1X143.8370Y-310.7330
G1X143.8249Y-310.8482
G1X143.7863Y-310.9767
G1X143.7211Y-311.1054
G1X143.6293Y-311.2214
G1X143.1614Y-311.6893
G1X143.1325Y-311.7493
G1X143.1726Y-311.7893
G1X143.2623Y-311.8093
G1X143.3817Y-311.8093
G1X143.5114Y-311.7893
G1X143.6315Y-311.7493
G1X143.7227Y-311.6893
G1X143.8452Y-311.5668
G1 Z0F20000
(Start Block)

G1X162.5020Y-311.9441
G1Z6F20000
(Plotting speed under)
G1 F8000

G1X162.7020Y-316.4420
G1X163.0824Y-321.2045
G1X163.5988Y-325.7024
G1X164.3085Y-330.4649
G1X161.6627Y-330.4649
G1X160.9530Y-325.7024
G1X160.4366Y-321.2045
G1X160.0561Y-316.4420
G1X159.8562Y-311.9441
G1X162.5020Y-311.9441
G1 Z0F20000
(Start Block)

G1X160.5475Y-312.0764
G1Z6F20000
(Plotting speed under)
G1 F8000

G1X160.2285Y-312.3954
G1X160.1375Y-312.5106
G1X160.0744Y-312.6372
G1X160.0387Y-312.7627
G1X160.0300Y-312.8745
G1X160.0475Y-312.9601
G1X160.0908Y-313.0066
G1X160.1593Y-313.0017
G1X160.2524Y-312.9328
G1X160.8983Y-312.2868
G1X161.0145Y-312.1948
G1X161.1439Y-312.1290
G1X161.2732Y-312.0895
G1X161.3894Y-312.0764
G1X161.4793Y-312.0895
G1X161.5297Y-312.1290
G1X161.5275Y-312.1948
G1X161.4596Y-312.2868
G1X160.2763Y-313.4701
G1X160.1852Y-313.5853
G1X160.1222Y-313.7120
G1X160.0865Y-313.8375
G1X160.0777Y-313.9493
G1X160.0953Y-314.0348
G1X160.1386Y-314.0814
G1X160.2070Y-314.0765
G1X160.3002Y-314.0075
G1X162.0208Y-312.2868
G1X162.1199Y-312.2119
G1X162.2040Y-312.1914
G1X162.2694Y-312.2159
G1X162.3123Y-312.2761
G1X162.3288Y-312.3625
G1X162.3153Y-312.4659
G1X162.2679Y-312.5770
G1X162.1828Y-312.6862
G1X160.3240Y-314.5449
G1X160.2330Y-314.6601
G1X160.1699Y-314.7867
G1X160.1343Y-314.9123
G1X160.1255Y-315.0241
G1X160.1431Y-315.1096
G1X160.1864Y-315.1562
G1X160.2548Y-315.1513
G1X160.3479Y-315.0823
G1X162.2066Y-313.2236
G1X162.2998Y-313.1546
G1X162.3682Y-313.1497
G1X162.4115Y-313.1963
G1X162.4291Y-313.2818
G1X162.4203Y-313.3936
G1X162.3846Y-313.5191
G1X162.3216Y-313.6458
G1X162.2305Y-313.7609
G1X160.3718Y-315.6196
G1X160.2807Y-315.7349
G1X160.2174Y-315.8618
G1X160.1814Y-315.9877
G1X160.1722Y-316.0999
G1X160.1893Y-316.1858
G1X160.2323Y-316.2328
G1X160.3005Y-316.2281
G1X160.3935Y-316.1592
G1X162.2544Y-314.2983
G1X162.3475Y-314.2293
G1X162.4160Y-314.2244
G1X162.4593Y-314.2710
G1X162.4768Y-314.3565
G1X162.4681Y-314.4684
G1X162.4324Y-314.5939
G1X162.3694Y-314.7205
G1X162.2783Y-314.8357
G1X160.4351Y-316.6790
G1X160.3448Y-316.7934
G1X160.2837Y-316.9180
G1X160.2509Y-317.0407
G1X160.2454Y-317.1493
G1X160.2661Y-317.2316
G1X160.3122Y-317.2754
G1X160.3827Y-317.2684
G1X160.4766Y-317.1987
G1X162.3022Y-315.3731
G1X162.3953Y-315.3041
G1X162.4638Y-315.2992
G1X162.5071Y-315.3458
G1X162.5246Y-315.4313
G1X162.5158Y-315.5431
G1X162.4802Y-315.6686
G1X162.4171Y-315.7953
G1X162.3261Y-315.9105
G1X160.5181Y-317.7185
G1X160.4278Y-317.8329
G1X160.3667Y-317.9575
G1X160.3339Y-318.0802
G1X160.3284Y-318.1888
G1X160.3491Y-318.2711
G1X160.3953Y-318.3149
G1X160.4658Y-318.3079
G1X160.5596Y-318.2382
G1X162.3500Y-316.4478
G1X162.4435Y-316.3784
G1X162.5132Y-316.3723
G1X162.5582Y-316.4172
G1X162.5777Y-316.5007
G1X162.5709Y-316.6106
G1X162.5370Y-316.7344
G1X162.4751Y-316.8599
G1X162.3845Y-316.9746
G1X160.6011Y-318.7579
G1X160.5108Y-318.8724
G1X160.4498Y-318.9970
G1X160.4170Y-319.1197
G1X160.4114Y-319.2283
G1X160.4322Y-319.3106
G1X160.4783Y-319.3543
G1X160.5488Y-319.3474
G1X160.6427Y-319.2777
G1X162.4260Y-317.4943
G1X162.5199Y-317.4246
G1X162.5904Y-317.4177
G1X162.6365Y-317.4615
G1X162.6573Y-317.5437
G1X162.6517Y-317.6523
G1X162.6189Y-317.7750
G1X162.5578Y-317.8997
G1X162.4675Y-318.0141
G1X160.6842Y-319.7974
G1X160.5939Y-319.9118
G1X160.5328Y-320.0365
G1X160.5000Y-320.1592
G1X160.4945Y-320.2678
G1X160.5152Y-320.3501
G1X160.5613Y-320.3938
G1X160.6318Y-320.3869
G1X160.7257Y-320.3172
G1X162.5091Y-318.5338
G1X162.6029Y-318.4641
G1X162.6734Y-318.4572
G1X162.7195Y-318.5010
G1X162.7403Y-318.5832
G1X162.7348Y-318.6918
G1X162.7020Y-318.8145
G1X162.6409Y-318.9392
G1X162.5506Y-319.0536
G1X160.7672Y-320.8369
G1X160.6774Y-320.9508
G1X160.6177Y-321.0742
G1X160.5867Y-321.1950
G1X160.5834Y-321.3014
G1X160.6063Y-321.3815
G1X160.6543Y-321.4234
G1X160.7261Y-321.4152
G1X160.8205Y-321.3449
G1X162.5921Y-319.5733
G1X162.6860Y-319.5036
G1X162.7564Y-319.4967
G1X162.8026Y-319.5405
G1X162.8233Y-319.6227
G1X162.8178Y-319.7313
G1X162.7850Y-319.8540
G1X162.7239Y-319.9787
G1X162.6336Y-320.0931
G1X160.8783Y-321.8484
G1X160.7887Y-321.9621
G1X160.7295Y-322.0849
G1X160.6993Y-322.2050
G1X160.6967Y-322.3106
G1X160.7205Y-322.3899
G1X160.7692Y-322.4310
G1X160.8415Y-322.4223
G1X160.9361Y-322.3518
G1X162.6751Y-320.6128
G1X162.7690Y-320.5431
G1X162.8395Y-320.5362
G1X162.8856Y-320.5799
G1X162.9064Y-320.6622
G1X162.9008Y-320.7708
G1X162.8680Y-320.8935
G1X162.8070Y-321.0182
G1X162.7167Y-321.1326
G1X160.9939Y-322.8553
G1X160.9043Y-322.9690
G1X160.8451Y-323.0918
G1X160.8149Y-323.2119
G1X160.8124Y-323.3175
G1X160.8361Y-323.3968
G1X160.8848Y-323.4380
G1X160.9572Y-323.4292
G1X161.0517Y-323.3588
G1X162.7652Y-321.6453
G1X162.8598Y-321.5748
G1X162.9321Y-321.5661
G1X162.9808Y-321.6072
G1X163.0046Y-321.6865
G1X163.0020Y-321.7921
G1X162.9718Y-321.9122
G1X162.9126Y-322.0350
G1X162.8230Y-322.1487
G1X161.1095Y-323.8622
G1X161.0199Y-323.9759
G1X160.9607Y-324.0988
G1X160.9305Y-324.2188
G1X160.9280Y-324.3244
G1X160.9517Y-324.4037
G1X161.0004Y-324.4449
G1X161.0728Y-324.4361
G1X161.1673Y-324.3657
G1X162.8808Y-322.6522
G1X162.9754Y-322.5817
G1X163.0477Y-322.5730
G1X163.0964Y-322.6142
G1X163.1202Y-322.6934
G1X163.1177Y-322.7990
G1X163.0875Y-322.9191
G1X163.0282Y-323.0419
G1X162.9386Y-323.1556
G1X161.2251Y-324.8691
G1X161.1344Y-324.9840
G1X161.0723Y-325.1097
G1X161.0379Y-325.2339
G1X161.0307Y-325.3443
G1X161.0497Y-325.4283
G1X161.0943Y-325.4736
G1X161.1636Y-325.4678
G1X161.2571Y-325.3984
G1X162.9964Y-323.6591
G1X163.0910Y-323.5887
G1X163.1633Y-323.5799
G1X163.2120Y-323.6211
G1X163.2358Y-323.7004
G1X163.2333Y-323.8060
G1X163.2031Y-323.9261
G1X163.1438Y-324.0489
G1X163.0543Y-324.1626
G1X161.3527Y-325.8641
G1X161.2637Y-325.9772
G1X161.2062Y-326.0983
G1X161.1784Y-326.2160
G1X161.1786Y-326.3188
G1X161.2051Y-326.3954
G1X161.2563Y-326.4341
G1X161.3303Y-326.4237
G1X161.4255Y-326.3526
G1X163.1121Y-324.6660
G1X163.2066Y-324.5956
G1X163.2789Y-324.5868
G1X163.3277Y-324.6280
G1X163.3514Y-324.7073
G1X163.3489Y-324.8129
G1X163.3187Y-324.9330
G1X163.2595Y-325.0558
G1X163.1698Y-325.1695
G1X161.4983Y-326.8411
G1X161.4093Y-326.9541
G1X161.3518Y-327.0752
G1X161.3240Y-327.1929
G1X161.3242Y-327.2958
G1X161.3507Y-327.3723
G1X161.4018Y-327.4111
G1X161.4759Y-327.4006
G1X161.5711Y-327.3296
G1X163.2277Y-325.6729
G1X163.3225Y-325.6022
G1X163.3957Y-325.5926
G1X163.4456Y-325.6326
G1X163.4707Y-325.7105
G1X163.4695Y-325.8148
G1X163.4405Y-325.9337
G1X163.3821Y-326.0557
G1X163.2928Y-326.1691
G1X161.6439Y-327.8180
G1X161.5549Y-327.9311
G1X161.4974Y-328.0522
G1X161.4696Y-328.1699
G1X161.4698Y-328.2727
G1X161.4963Y-328.3493
G1X161.5474Y-328.3880
G1X161.6215Y-328.3776
G1X161.7166Y-328.3065
G1X163.3656Y-326.6576
G1X163.4608Y-326.5865
G1X163.5348Y-326.5760
G1X163.5859Y-326.6148
G1X163.6125Y-326.6913
G1X163.6127Y-326.7942
G1X163.5849Y-326.9119
G1X163.5273Y-327.0330
G1X163.4384Y-327.1460
G1X161.7894Y-328.7950
G1X161.7005Y-328.9080
G1X161.6430Y-329.0292
G1X161.6152Y-329.1468
G1X161.6154Y-329.2497
G1X161.6419Y-329.3262
G1X161.6930Y-329.3650
G1X161.7670Y-329.3545
G1X161.8622Y-329.2834
G1X163.5112Y-327.6345
G1X163.6064Y-327.5634
G1X163.6804Y-327.5530
G1X163.7315Y-327.5918
G1X163.7580Y-327.6683
G1X163.7583Y-327.7711
G1X163.7304Y-327.8888
G1X163.6729Y-328.0099
G1X163.5840Y-328.1230
G1X161.9350Y-329.7719
G1X161.8436Y-329.8944
G1X161.8050Y-330.0132
G1X161.8119Y-330.1160
G1X161.8568Y-330.1905
G1X161.9324Y-330.2245
G1X162.0313Y-330.2059
G1X162.1460Y-330.1222
G1X163.6568Y-328.6115
G1X163.7520Y-328.5404
G1X163.8260Y-328.5299
G1X163.8771Y-328.5687
G1X163.9036Y-328.6452
G1X163.9038Y-328.7481
G1X163.8760Y-328.8658
G1X163.8185Y-328.9869
G1X163.7295Y-329.0999
G1X162.7073Y-330.1222
G1X162.6393Y-330.2143
G1X162.6372Y-330.2800
G1X162.6876Y-330.3195
G1X162.7775Y-330.3327
G1X162.8937Y-330.3195
G1X163.0230Y-330.2800
G1X163.1524Y-330.2143
G1X163.2686Y-330.1222
G1X163.8023Y-329.5884
G1X163.8976Y-329.5173
G1X163.9716Y-329.5069
G1X164.0227Y-329.5457
G1X164.0492Y-329.6222
G1X164.0494Y-329.7250
G1X164.0216Y-329.8427
G1X163.9641Y-329.9638
G1X163.8751Y-330.0769
G1X163.6194Y-330.3327
G1 Z0F20000
(Start Block)

G1X145.7877Y-330.4649
G1Z6F20000
(Plotting speed under)
G1 F8000

G1X146.6076Y-334.9629
G1X147.5678Y-339.4608
G1X148.7311Y-344.2233
G1X150.0376Y-348.9858
G1X147.3918Y-348.9858
G1X146.0853Y-344.2233
G1X144.9219Y-339.4608
G1X143.9617Y-334.9629
G1X143.1419Y-330.4649
G1X145.7877Y-330.4649
G1 Z0F20000
(Start Block)

G1X143.4272Y-330.5972
G1Z6F20000
(Plotting speed under)
G1 F8000

G1X143.3736Y-330.6508
G1X143.3483Y-330.7345
G1X143.3526Y-330.8694
G1X143.3782Y-331.0099
G1X143.4168Y-331.1105
G1X143.4601Y-331.1256
G1X143.7780Y-330.8077
G1X143.8941Y-330.7156
G1X144.0235Y-330.6498
G1X144.1529Y-330.6104
G1X144.2691Y-330.5972
G1X144.3590Y-330.6104
G1X144.4094Y-330.6498
G1X144.4072Y-330.7156
G1X144.3392Y-330.8077
G1X143.7035Y-331.4434
G1X143.6151Y-331.5559
G1X143.5592Y-331.6754
G1X143.5336Y-331.7909
G1X143.5363Y-331.8913
G1X143.5653Y-331.9653
G1X143.6187Y-332.0018
G1X143.6943Y-331.9898
G1X143.7901Y-331.9181
G1X144.9005Y-330.8077
G1X145.0169Y-330.7154
G1X145.1467Y-330.6492
G1X145.2768Y-330.6090
G1X145.3938Y-330.5951
G1X145.4844Y-330.6074
G1X145.5355Y-330.6462
G1X145.5339Y-330.7115
G1X145.4661Y-330.8034
G1X143.8766Y-332.3929
G1X143.7882Y-332.5054
G1X143.7322Y-332.6249
G1X143.7066Y-332.7404
G1X143.7094Y-332.8407
G1X143.7384Y-332.9147
G1X143.7917Y-332.9513
G1X143.8673Y-332.9393
G1X143.9631Y-332.8676
G1X145.5526Y-331.2781
G1X145.6484Y-331.2064
G1X145.7240Y-331.1945
G1X145.7773Y-331.2310
G1X145.8063Y-331.3050
G1X145.8091Y-331.4053
G1X145.7835Y-331.5208
G1X145.7275Y-331.6404
G1X145.6391Y-331.7529
G1X144.0496Y-333.3423
G1X143.9613Y-333.4548
G1X143.9053Y-333.5744
G1X143.8797Y-333.6899
G1X143.8825Y-333.7902
G1X143.9115Y-333.8642
G1X143.9648Y-333.9008
G1X144.0404Y-333.8888
G1X144.1362Y-333.8171
G1X145.7257Y-332.2276
G1X145.8215Y-332.1559
G1X145.8970Y-332.1439
G1X145.9504Y-332.1805
G1X145.9794Y-332.2545
G1X145.9821Y-332.3548
G1X145.9565Y-332.4703
G1X145.9006Y-332.5898
G1X145.8122Y-332.7023
G1X144.2227Y-334.2918
G1X144.1344Y-334.4043
G1X144.0785Y-334.5237
G1X144.0531Y-334.6390
G1X144.0560Y-334.7391
G1X144.0853Y-334.8130
G1X144.1387Y-334.8494
G1X144.2144Y-334.8372
G1X144.3103Y-334.7655
G1X145.8987Y-333.1771
G1X145.9945Y-333.1054
G1X146.0701Y-333.0934
G1X146.1234Y-333.1300
G1X146.1525Y-333.2040
G1X146.1552Y-333.3043
G1X146.1296Y-333.4198
G1X146.0736Y-333.5393
G1X145.9853Y-333.6518
G1X144.4090Y-335.2281
G1X144.3212Y-335.3400
G1X144.2666Y-335.4582
G1X144.2429Y-335.5717
G1X144.2479Y-335.6698
G1X144.2792Y-335.7416
G1X144.3345Y-335.7762
G1X144.4114Y-335.7628
G1X144.5077Y-335.6906
G1X146.0718Y-334.1265
G1X146.1676Y-334.0548
G1X146.2432Y-334.0429
G1X146.2965Y-334.0794
G1X146.3255Y-334.1534
G1X146.3283Y-334.2537
G1X146.3027Y-334.3692
G1X146.2467Y-334.4888
G1X146.1583Y-334.6013
G1X144.6065Y-336.1531
G1X144.5186Y-336.2651
G1X144.4641Y-336.3832
G1X144.4404Y-336.4968
G1X144.4454Y-336.5948
G1X144.4767Y-336.6666
G1X144.5320Y-336.7012
G1X144.6089Y-336.6878
G1X144.7052Y-336.6156
G1X146.2449Y-335.0760
G1X146.3411Y-335.0039
G1X146.4177Y-334.9909
G1X146.4724Y-335.0260
G1X146.5031Y-335.0984
G1X146.5075Y-335.1970
G1X146.4834Y-335.3111
G1X146.4284Y-335.4296
G1X146.3404Y-335.5417
G1X144.8040Y-337.0782
G1X144.7161Y-337.1901
G1X144.6615Y-337.3083
G1X144.6379Y-337.4218
G1X144.6429Y-337.5199
G1X144.6742Y-337.5917
G1X144.7294Y-337.6263
G1X144.8064Y-337.6129
G1X144.9027Y-337.5407
G1X146.4392Y-336.0042
G1X146.5355Y-335.9320
G1X146.6125Y-335.9186
G1X146.6677Y-335.9532
G1X146.6990Y-336.0250
G1X146.7040Y-336.1231
G1X146.6803Y-336.2366
G1X146.6258Y-336.3548
G1X146.5379Y-336.4667
G1X145.0015Y-338.0032
G1X144.9136Y-338.1152
G1X144.8590Y-338.2333
G1X144.8354Y-338.3469
G1X144.8404Y-338.4449
G1X144.8717Y-338.5167
G1X144.9269Y-338.5513
G1X145.0039Y-338.5379
G1X145.1002Y-338.4657
G1X146.6367Y-336.9293
G1X146.7330Y-336.8570
G1X146.8100Y-336.8437
G1X146.8652Y-336.8783
G1X146.8965Y-336.9500
G1X146.9015Y-337.0481
G1X146.8778Y-337.1617
G1X146.8232Y-337.2798
G1X146.7354Y-337.3918
G1X145.1989Y-338.9283
G1X145.1113Y-339.0400
G1X145.0572Y-339.1577
G1X145.0342Y-339.2706
G1X145.0400Y-339.3679
G1X145.0720Y-339.4389
G1X145.1280Y-339.4728
G1X145.2054Y-339.4590
G1X145.3019Y-339.3866
G1X146.8341Y-337.8543
G1X146.9305Y-337.7821
G1X147.0074Y-337.7687
G1X147.0627Y-337.8033
G1X147.0940Y-337.8751
G1X147.0990Y-337.9732
G1X147.0753Y-338.0867
G1X147.0207Y-338.2049
G1X146.9329Y-338.3168
G1X145.4121Y-339.8377
G1X145.3247Y-339.9491
G1X145.2714Y-340.0660
G1X145.2496Y-340.1777
G1X145.2567Y-340.2737
G1X145.2901Y-340.3433
G1X145.3472Y-340.3761
G1X145.4255Y-340.3614
G1X145.5223Y-340.2887
G1X147.0316Y-338.7794
G1X147.1280Y-338.7071
G1X147.2049Y-338.6938
G1X147.2602Y-338.7284
G1X147.2915Y-338.8001
G1X147.2965Y-338.8982
G1X147.2728Y-339.0118
G1X147.2182Y-339.1299
G1X147.1304Y-339.2419
G1X145.6325Y-340.7398
G1X145.5451Y-340.8513
G1X145.4918Y-340.9681
G1X145.4700Y-341.0799
G1X145.4771Y-341.1758
G1X145.5105Y-341.2455
G1X145.5676Y-341.2783
G1X145.6458Y-341.2636
G1X145.7426Y-341.1909
G1X147.2291Y-339.7044
G1X147.3259Y-339.6317
G1X147.4042Y-339.6170
G1X147.4613Y-339.6498
G1X147.4947Y-339.7194
G1X147.5018Y-339.8154
G1X147.4800Y-339.9271
G1X147.4267Y-340.0440
G1X147.3394Y-340.1554
G1X145.8528Y-341.6420
G1X145.7655Y-341.7535
G1X145.7122Y-341.8703
G1X145.6904Y-341.9820
G1X145.6974Y-342.0780
G1X145.7308Y-342.1477
G1X145.7879Y-342.1804
G1X145.8662Y-342.1658
G1X145.9630Y-342.0930
G1X147.4496Y-340.6065
G1X147.5464Y-340.5338
G1X147.6246Y-340.5191
G1X147.6818Y-340.5519
G1X147.7152Y-340.6215
G1X147.7222Y-340.7175
G1X147.7004Y-340.8292
G1X147.6471Y-340.9461
G1X147.5598Y-341.0576
G1X146.0732Y-342.5441
G1X145.9858Y-342.6556
G1X145.9326Y-342.7725
G1X145.9107Y-342.8842
G1X145.9178Y-342.9801
G1X145.9512Y-343.0498
G1X146.0083Y-343.0826
G1X146.0866Y-343.0679
G1X146.1834Y-342.9952
G1X147.6699Y-341.5086
G1X147.7668Y-341.4360
G1X147.8450Y-341.4213
G1X147.9021Y-341.4541
G1X147.9355Y-341.5237
G1X147.9426Y-341.6197
G1X147.9208Y-341.7314
G1X147.8675Y-341.8483
G1X147.7801Y-341.9597
G1X146.2936Y-343.4463
G1X146.2062Y-343.5578
G1X146.1529Y-343.6746
G1X146.1311Y-343.7864
G1X146.1382Y-343.8823
G1X146.1716Y-343.9520
G1X146.2287Y-343.9847
G1X146.3069Y-343.9701
G1X146.4037Y-343.8974
G1X147.8903Y-342.4108
G1X147.9871Y-342.3381
G1X148.0654Y-342.3234
G1X148.1225Y-342.3562
G1X148.1559Y-342.4259
G1X148.1630Y-342.5218
G1X148.1412Y-342.6335
G1X148.0878Y-342.7504
G1X148.0005Y-342.8619
G1X146.5227Y-344.3398
G1X146.4357Y-344.4508
G1X146.3837Y-344.5664
G1X146.3636Y-344.6764
G1X146.3726Y-344.7704
G1X146.4079Y-344.8382
G1X146.4667Y-344.8692
G1X146.5462Y-344.8534
G1X146.6435Y-344.7802
G1X148.1107Y-343.3130
G1X148.2075Y-343.2403
G1X148.2858Y-343.2256
G1X148.3429Y-343.2584
G1X148.3763Y-343.3280
G1X148.3833Y-343.4240
G1X148.3615Y-343.5357
G1X148.3082Y-343.6526
G1X148.2209Y-343.7641
G1X146.7643Y-345.2206
G1X146.6774Y-345.3317
G1X146.6253Y-345.4473
G1X146.6052Y-345.5573
G1X146.6142Y-345.6513
G1X146.6496Y-345.7190
G1X146.7084Y-345.7501
G1X146.7878Y-345.7342
G1X146.8851Y-345.6611
G1X148.3311Y-344.2151
G1X148.4281Y-344.1422
G1X148.5069Y-344.1270
G1X148.5647Y-344.1590
G1X148.5990Y-344.2278
G1X148.6069Y-344.3230
G1X148.5858Y-344.4339
G1X148.5331Y-344.5502
G1X148.4460Y-344.6615
G1X147.0059Y-346.1015
G1X146.9191Y-346.2125
G1X146.8670Y-346.3282
G1X146.8468Y-346.4382
G1X146.8559Y-346.5322
G1X146.8912Y-346.5999
G1X146.9500Y-346.6310
G1X147.0295Y-346.6151
G1X147.1268Y-346.5420
G1X148.5668Y-345.1019
G1X148.6641Y-345.0288
G1X148.7435Y-345.0129
G1X148.8023Y-345.0440
G1X148.8377Y-345.1117
G1X148.8467Y-345.2057
G1X148.8266Y-345.3157
G1X148.7745Y-345.4314
G1X148.6876Y-345.5424
G1X147.2476Y-346.9824
G1X147.1607Y-347.0934
G1X147.1086Y-347.2091
G1X147.0885Y-347.3191
G1X147.0975Y-347.4131
G1X147.1329Y-347.4808
G1X147.1917Y-347.5119
G1X147.2711Y-347.4960
G1X147.3684Y-347.4228
G1X148.8084Y-345.9828
G1X148.9057Y-345.9097
G1X148.9852Y-345.8938
G1X149.0440Y-345.9249
G1X149.0793Y-345.9926
G1X149.0883Y-346.0866
G1X149.0682Y-346.1966
G1X149.0161Y-346.3123
G1X148.9292Y-346.4233
G1X147.4893Y-347.8633
G1X147.4023Y-347.9743
G1X147.3503Y-348.0900
G1X147.3302Y-348.2000
G1X147.3392Y-348.2940
G1X147.3745Y-348.3617
G1X147.4333Y-348.3928
G1X147.5128Y-348.3769
G1X147.6101Y-348.3037
G1X149.0501Y-346.8637
G1X149.1473Y-346.7906
G1X149.2268Y-346.7747
G1X149.2856Y-346.8058
G1X149.3210Y-346.8735
G1X149.3300Y-346.9675
G1X149.3099Y-347.0775
G1X149.2578Y-347.1932
G1X149.1709Y-347.3042
G1X147.8320Y-348.6430
G1X147.7641Y-348.7351
G1X147.7619Y-348.8009
G1X147.8123Y-348.8403
G1X147.9022Y-348.8535
G1X148.0184Y-348.8403
G1X148.1477Y-348.8009
G1X148.2771Y-348.7351
G1X148.3933Y-348.6430
G1X149.2917Y-347.7446
G1X149.3890Y-347.6714
G1X149.4685Y-347.6556
G1X149.5273Y-347.6866
G1X149.5626Y-347.7543
G1X149.5717Y-347.8484
G1X149.5515Y-347.9584
G1X149.4995Y-348.0740
G1X149.4126Y-348.1850
G1X148.9546Y-348.6430
G1X148.8866Y-348.7351
G1X148.8844Y-348.8009
G1X148.9348Y-348.8403
G1X149.0247Y-348.8535
G1X149.1409Y-348.8403
G1X149.2703Y-348.8009
G1X149.3996Y-348.7351
G1X149.5158Y-348.6430
G1X149.7438Y-348.4150
G1 Z0F20000
(Start Block)

G1X131.5168Y-348.9858
G1Z6F20000
(Plotting speed under)
G1 F8000

G1X132.8742Y-353.4837
G1X134.3435Y-357.9816
G1X137.7835Y-367.5067
G1X135.1377Y-367.5067
G1X131.6977Y-357.9816
G1X130.2284Y-353.4837
G1X128.8709Y-348.9858
G1X131.5168Y-348.9858
G1 Z0F20000
(Start Block)

G1X129.6054Y-349.1181
G1Z6F20000
(Plotting speed under)
G1 F8000

G1X129.3885Y-349.3350
G1X129.3020Y-349.4456
G1X129.2510Y-349.5603
G1X129.2324Y-349.6688
G1X129.2431Y-349.7611
G1X129.2801Y-349.8271
G1X129.3404Y-349.8567
G1X129.4210Y-349.8397
G1X129.5186Y-349.7662
G1X129.9563Y-349.3286
G1X130.0725Y-349.2365
G1X130.2018Y-349.1707
G1X130.3312Y-349.1312
G1X130.4474Y-349.1181
G1X130.5373Y-349.1312
G1X130.5877Y-349.1707
G1X130.5855Y-349.2365
G1X130.5175Y-349.3286
G1X129.6488Y-350.1973
G1X129.5623Y-350.3079
G1X129.5112Y-350.4226
G1X129.4926Y-350.5311
G1X129.5033Y-350.6234
G1X129.5404Y-350.6894
G1X129.6007Y-350.7190
G1X129.6812Y-350.7020
G1X129.7789Y-350.6285
G1X131.0788Y-349.3286
G1X131.1946Y-349.2439
G1X131.2961Y-349.2225
G1X131.3752Y-349.2530
G1X131.4241Y-349.3236
G1X131.4345Y-349.4228
G1X131.3986Y-349.5390
G1X131.3082Y-349.6604
G1X129.9090Y-351.0596
G1X129.8225Y-351.1702
G1X129.7715Y-351.2848
G1X129.7528Y-351.3934
G1X129.7636Y-351.4857
G1X129.8006Y-351.5517
G1X129.8609Y-351.5812
G1X129.9414Y-351.5643
G1X130.0391Y-351.4908
G1X131.4383Y-350.0916
G1X131.5360Y-350.0180
G1X131.6165Y-350.0011
G1X131.6768Y-350.0307
G1X131.7138Y-350.0967
G1X131.7246Y-350.1890
G1X131.7060Y-350.2975
G1X131.6549Y-350.4121
G1X131.5684Y-350.5227
G1X130.1692Y-351.9219
G1X130.0827Y-352.0325
G1X130.0317Y-352.1471
G1X130.0131Y-352.2556
G1X130.0238Y-352.3480
G1X130.0608Y-352.4140
G1X130.1212Y-352.4436
G1X130.2017Y-352.4266
G1X130.2993Y-352.3531
G1X131.6985Y-350.9539
G1X131.7962Y-350.8803
G1X131.8767Y-350.8634
G1X131.9370Y-350.8930
G1X131.9741Y-350.9590
G1X131.9848Y-351.0513
G1X131.9662Y-351.1598
G1X131.9152Y-351.2744
G1X131.8287Y-351.3850
G1X130.4295Y-352.7842
G1X130.3430Y-352.8948
G1X130.2919Y-353.0095
G1X130.2732Y-353.1181
G1X130.2839Y-353.2104
G1X130.3209Y-353.2765
G1X130.3811Y-353.3061
G1X130.4616Y-353.2892
G1X130.5592Y-353.2157
G1X131.9588Y-351.8162
G1X132.0565Y-351.7426
G1X132.1370Y-351.7257
G1X132.1973Y-351.7553
G1X132.2343Y-351.8213
G1X132.2451Y-351.9136
G1X132.2264Y-352.0221
G1X132.1754Y-352.1367
G1X132.0889Y-352.2473
G1X130.6974Y-353.6388
G1X130.6113Y-353.7490
G1X130.5612Y-353.8627
G1X130.5438Y-353.9699
G1X130.5561Y-354.0608
G1X130.5946Y-354.1253
G1X130.6562Y-354.1536
G1X130.7376Y-354.1357
G1X130.8357Y-354.0618
G1X132.2190Y-352.6784
G1X132.3167Y-352.6049
G1X132.3972Y-352.5880
G1X132.4575Y-352.6175
G1X132.4946Y-352.6836
G1X132.5053Y-352.7759
G1X132.4867Y-352.8844
G1X132.4356Y-352.9990
G1X132.3492Y-353.1096
G1X130.9738Y-354.4849
G1X130.8877Y-354.5952
G1X130.8376Y-354.7089
G1X130.8203Y-354.8161
G1X130.8325Y-354.9069
G1X130.8710Y-354.9714
G1X130.9326Y-354.9997
G1X131.0140Y-354.9819
G1X131.1120Y-354.9080
G1X132.4793Y-353.5408
G1X132.5771Y-353.4670
G1X132.6582Y-353.4496
G1X132.7192Y-353.4784
G1X132.7570Y-353.5436
G1X132.7686Y-353.6351
G1X132.7507Y-353.7429
G1X132.7001Y-353.8570
G1X132.6138Y-353.9674
G1X131.2502Y-355.3310
G1X131.1641Y-355.4413
G1X131.1140Y-355.5550
G1X131.0966Y-355.6622
G1X131.1089Y-355.7530
G1X131.1474Y-355.8176
G1X131.2090Y-355.8459
G1X131.2904Y-355.8280
G1X131.3885Y-355.7541
G1X132.7521Y-354.3905
G1X132.8501Y-354.3166
G1X132.9315Y-354.2988
G1X132.9931Y-354.3270
G1X133.0316Y-354.3915
G1X133.0438Y-354.4824
G1X133.0265Y-354.5896
G1X132.9764Y-354.7033
G1X132.8903Y-354.8136
G1X131.5266Y-356.1772
G1X131.4405Y-356.2874
G1X131.3904Y-356.4011
G1X131.3731Y-356.5083
G1X131.3853Y-356.5992
G1X131.4238Y-356.6637
G1X131.4854Y-356.6920
G1X131.5668Y-356.6741
G1X131.6648Y-356.6002
G1X133.0284Y-355.2366
G1X133.1265Y-355.1627
G1X133.2079Y-355.1449
G1X133.2695Y-355.1732
G1X133.3080Y-355.2377
G1X133.3202Y-355.3285
G1X133.3029Y-355.4358
G1X133.2528Y-355.5494
G1X133.1666Y-355.6597
G1X131.8031Y-357.0233
G1X131.7169Y-357.1336
G1X131.6668Y-357.2473
G1X131.6494Y-357.3545
G1X131.6617Y-357.4453
G1X131.7002Y-357.5098
G1X131.7618Y-357.5381
G1X131.8432Y-357.5203
G1X131.9412Y-357.4464
G1X133.3049Y-356.0828
G1X133.4029Y-356.0089
G1X133.4843Y-355.9910
G1X133.5459Y-356.0193
G1X133.5844Y-356.0838
G1X133.5966Y-356.1747
G1X133.5793Y-356.2819
G1X133.5292Y-356.3956
G1X133.4430Y-356.5058
G1X132.0830Y-357.8659
G1X131.9973Y-357.9757
G1X131.9484Y-358.0881
G1X131.9328Y-358.1936
G1X131.9470Y-358.2825
G1X131.9875Y-358.3451
G1X132.0508Y-358.3716
G1X132.1335Y-358.3526
G1X132.2319Y-358.2782
G1X133.5812Y-356.9289
G1X133.6793Y-356.8550
G1X133.7607Y-356.8371
G1X133.8223Y-356.8655
G1X133.8608Y-356.9300
G1X133.8730Y-357.0208
G1X133.8557Y-357.1280
G1X133.8056Y-357.2417
G1X133.7194Y-357.3520
G1X132.3808Y-358.6906
G1X132.2952Y-358.8004
G1X132.2463Y-358.9128
G1X132.2306Y-359.0183
G1X132.2449Y-359.1072
G1X132.2853Y-359.1698
G1X132.3487Y-359.1963
G1X132.4313Y-359.1773
G1X132.5298Y-359.1029
G1X133.8576Y-357.7750
G1X133.9557Y-357.7011
G1X134.0371Y-357.6833
G1X134.0987Y-357.7116
G1X134.1372Y-357.7761
G1X134.1494Y-357.8669
G1X134.1321Y-357.9741
G1X134.0820Y-358.0879
G1X133.9958Y-358.1981
G1X132.6787Y-359.5153
G1X132.5930Y-359.6251
G1X132.5441Y-359.7375
G1X132.5285Y-359.8431
G1X132.5427Y-359.9319
G1X132.5832Y-359.9944
G1X132.6465Y-360.0210
G1X132.7291Y-360.0020
G1X132.8276Y-359.9276
G1X134.1438Y-358.6114
G1X134.2423Y-358.5370
G1X134.3250Y-358.5180
G1X134.3883Y-358.5446
G1X134.4288Y-358.6071
G1X134.4429Y-358.6960
G1X134.4273Y-358.8015
G1X134.3784Y-358.9139
G1X134.2927Y-359.0237
G1X132.9765Y-360.3399
G1X132.8909Y-360.4497
G1X132.8419Y-360.5622
G1X132.8263Y-360.6677
G1X132.8405Y-360.7566
G1X132.8810Y-360.8192
G1X132.9443Y-360.8457
G1X133.0270Y-360.8267
G1X133.1255Y-360.7523
G1X134.4417Y-359.4361
G1X134.5401Y-359.3617
G1X134.6228Y-359.3427
G1X134.6861Y-359.3692
G1X134.7266Y-359.4318
G1X134.7408Y-359.5207
G1X134.7252Y-359.6261
G1X134.6763Y-359.7386
G1X134.5906Y-359.8485
G1X133.2744Y-361.1646
G1X133.1887Y-361.2744
G1X133.1398Y-361.3869
G1X133.1242Y-361.4924
G1X133.1384Y-361.5813
G1X133.1789Y-361.6438
G1X133.2422Y-361.6704
G1X133.3248Y-361.6513
G1X133.4233Y-361.5770
G1X134.7395Y-360.2608
G1X134.8380Y-360.1864
G1X134.9206Y-360.1674
G1X134.9839Y-360.1939
G1X135.0244Y-360.2565
G1X135.0386Y-360.3453
G1X135.0230Y-360.4509
G1X134.9741Y-360.5633
G1X134.8884Y-360.6731
G1X133.5722Y-361.9893
G1X133.4865Y-362.0991
G1X133.4376Y-362.2116
G1X133.4220Y-362.3171
G1X133.4362Y-362.4060
G1X133.4767Y-362.4685
G1X133.5400Y-362.4951
G1X133.6226Y-362.4761
G1X133.7211Y-362.4017
G1X135.0373Y-361.0855
G1X135.1358Y-361.0111
G1X135.2185Y-360.9921
G1X135.2818Y-361.0186
G1X135.3223Y-361.0812
G1X135.3365Y-361.1700
G1X135.3208Y-361.2755
G1X135.2719Y-361.3880
G1X135.1863Y-361.4978
G1X133.8701Y-362.8140
G1X133.7844Y-362.9238
G1X133.7355Y-363.0363
G1X133.7199Y-363.1418
G1X133.7340Y-363.2307
G1X133.7745Y-363.2932
G1X133.8379Y-363.3198
G1X133.9205Y-363.3007
G1X134.0190Y-363.2264
G1X135.3352Y-361.9102
G1X135.4337Y-361.8358
G1X135.5163Y-361.8167
G1X135.5796Y-361.8433
G1X135.6201Y-361.9059
G1X135.6343Y-361.9947
G1X135.6187Y-362.1002
G1X135.5698Y-362.2127
G1X135.4841Y-362.3225
G1X134.1679Y-363.6387
G1X134.0822Y-363.7485
G1X134.0333Y-363.8610
G1X134.0177Y-363.9665
G1X134.0319Y-364.0554
G1X134.0724Y-364.1179
G1X134.1357Y-364.1445
G1X134.2183Y-364.1254
G1X134.3168Y-364.0511
G1X135.6330Y-362.7349
G1X135.7315Y-362.6605
G1X135.8141Y-362.6414
G1X135.8775Y-362.6680
G1X135.9179Y-362.7306
G1X135.9321Y-362.8194
G1X135.9165Y-362.9249
G1X135.8676Y-363.0374
G1X135.7819Y-363.1472
G1X134.4657Y-364.4634
G1X134.3800Y-364.5732
G1X134.3311Y-364.6857
G1X134.3155Y-364.7912
G1X134.3297Y-364.8801
G1X134.3702Y-364.9426
G1X134.4335Y-364.9692
G1X134.5162Y-364.9501
G1X134.6146Y-364.8758
G1X135.9308Y-363.5596
G1X136.0293Y-363.4852
G1X136.1120Y-363.4661
G1X136.1753Y-363.4927
G1X136.2158Y-363.5553
G1X136.2300Y-363.6441
G1X136.2143Y-363.7496
G1X136.1655Y-363.8621
G1X136.0798Y-363.9719
G1X134.7636Y-365.2881
G1X134.6779Y-365.3979
G1X134.6290Y-365.5104
G1X134.6134Y-365.6159
G1X134.6276Y-365.7048
G1X134.6680Y-365.7673
G1X134.7314Y-365.7939
G1X134.8140Y-365.7748
G1X134.9125Y-365.7005
G1X136.2287Y-364.3843
G1X136.3272Y-364.3099
G1X136.4098Y-364.2908
G1X136.4731Y-364.3174
G1X136.5136Y-364.3800
G1X136.5278Y-364.4688
G1X136.5122Y-364.5743
G1X136.4633Y-364.6868
G1X136.3776Y-364.7966
G1X135.0614Y-366.1128
G1X134.9757Y-366.2226
G1X134.9268Y-366.3351
G1X134.9112Y-366.4406
G1X134.9254Y-366.5295
G1X134.9659Y-366.5920
G1X135.0292Y-366.6186
G1X135.1119Y-366.5995
G1X135.2103Y-366.5252
G1X136.5265Y-365.2090
G1X136.6250Y-365.1346
G1X136.7077Y-365.1155
G1X136.7710Y-365.1421
G1X136.8115Y-365.2047
G1X136.8256Y-365.2935
G1X136.8100Y-365.3990
G1X136.7611Y-365.5115
G1X136.6754Y-365.6213
G1X135.3592Y-366.9375
G1X135.2747Y-367.0531
G1X135.2538Y-367.1542
G1X135.2849Y-367.2328
G1X135.3561Y-367.2810
G1X135.4559Y-367.2908
G1X135.5725Y-367.2544
G1X135.6941Y-367.1639
G1X136.8244Y-366.0336
G1X136.9228Y-365.9593
G1X137.0055Y-365.9402
G1X137.0688Y-365.9668
G1X137.1093Y-366.0294
G1X137.1235Y-366.1182
G1X137.1079Y-366.2237
G1X137.0590Y-366.3362
G1X136.9733Y-366.4460
G1X136.2554Y-367.1639
G1X136.1874Y-367.2560
G1X136.1852Y-367.3217
G1X136.2357Y-367.3612
G1X136.3256Y-367.3744
G1X136.4418Y-367.3612
G1X136.5711Y-367.3217
G1X136.7005Y-367.2560
G1X136.8167Y-367.1639
G1X137.1756Y-366.8049
G1X137.2739Y-366.7482
G1X137.3538Y-366.7722
G1X137.4071Y-366.8540
G1X137.4255Y-366.9708
G1X137.4008Y-367.0995
G1X137.3245Y-367.2173
G1X137.1675Y-367.3744
G1 Z0F20000
(Start Block)

G1X119.2626Y-367.5067
G1Z6F20000
(Plotting speed under)
G1 F8000

G1X122.7428Y-376.2379
G1X126.9170Y-386.0275
G1X124.2712Y-386.0275
G1X120.0969Y-376.2379
G1X116.6168Y-367.5067
G1X119.2626Y-367.5067
G1 Z0F20000
(Start Block)

G1X117.0323Y-367.6390
G1Z6F20000
(Plotting speed under)
G1 F8000

G1X116.9535Y-367.7177
G1X116.9197Y-367.8099
G1X116.9342Y-367.9346
G1X116.9815Y-368.0534
G1X117.0464Y-368.1277
G1X117.1135Y-368.1190
G1X117.3831Y-367.8494
G1X117.4993Y-367.7573
G1X117.6287Y-367.6916
G1X117.7580Y-367.6521
G1X117.8742Y-367.6390
G1X117.9641Y-367.6521
G1X118.0145Y-367.6916
G1X118.0123Y-367.7573
G1X117.9444Y-367.8494
G1X117.4051Y-368.3886
G1X117.3199Y-368.4980
G1X117.2723Y-368.6092
G1X117.2584Y-368.7129
G1X117.2746Y-368.7998
G1X117.3171Y-368.8603
G1X117.3822Y-368.8851
G1X117.4661Y-368.8648
G1X117.5651Y-368.7900
G1X118.5056Y-367.8494
G1X118.6186Y-367.7605
G1X118.7395Y-367.7032
G1X118.8569Y-367.6757
G1X118.9594Y-367.6763
G1X119.0356Y-367.7031
G1X119.0740Y-367.7545
G1X119.0634Y-367.8288
G1X118.9922Y-367.9241
G1X117.7250Y-369.1913
G1X117.6398Y-369.3006
G1X117.5922Y-369.4118
G1X117.5783Y-369.5156
G1X117.5945Y-369.6024
G1X117.6370Y-369.6629
G1X117.7021Y-369.6877
G1X117.7860Y-369.6674
G1X117.8850Y-369.5926
G1X119.1522Y-368.3254
G1X119.2511Y-368.2505
G1X119.3350Y-368.2302
G1X119.4001Y-368.2550
G1X119.4426Y-368.3156
G1X119.4589Y-368.4024
G1X119.4450Y-368.5061
G1X119.3973Y-368.6174
G1X119.3121Y-368.7267
G1X118.0449Y-369.9939
G1X117.9597Y-370.1032
G1X117.9121Y-370.2145
G1X117.8982Y-370.3182
G1X117.9144Y-370.4050
G1X117.9570Y-370.4656
G1X118.0220Y-370.4904
G1X118.1059Y-370.4700
G1X118.2049Y-370.3952
G1X119.4721Y-369.1280
G1X119.5710Y-369.0532
G1X119.6549Y-369.0329
G1X119.7200Y-369.0577
G1X119.7625Y-369.1182
G1X119.7788Y-369.2050
G1X119.7649Y-369.3088
G1X119.7172Y-369.4200
G1X119.6321Y-369.5293
G1X118.3649Y-370.7965
G1X118.2796Y-370.9058
G1X118.2320Y-371.0171
G1X118.2181Y-371.1208
G1X118.2344Y-371.2077
G1X118.2769Y-371.2682
G1X118.3419Y-371.2930
G1X118.4258Y-371.2727
G1X118.5248Y-371.1978
G1X119.7920Y-369.9306
G1X119.8909Y-369.8558
G1X119.9748Y-369.8355
G1X120.0399Y-369.8603
G1X120.0825Y-369.9208
G1X120.0987Y-370.0076
G1X120.0848Y-370.1114
G1X120.0372Y-370.2226
G1X119.9520Y-370.3319
G1X118.6848Y-371.5991
G1X118.5995Y-371.7085
G1X118.5519Y-371.8197
G1X118.5381Y-371.9234
G1X118.5543Y-372.0103
G1X118.5968Y-372.0708
G1X118.6619Y-372.0956
G1X118.7458Y-372.0753
G1X118.8447Y-372.0005
G1X120.1119Y-370.7333
G1X120.2109Y-370.6584
G1X120.2948Y-370.6381
G1X120.3598Y-370.6629
G1X120.4024Y-370.7234
G1X120.4186Y-370.8103
G1X120.4047Y-370.9140
G1X120.3571Y-371.0252
G1X120.2719Y-371.1346
G1X119.0047Y-372.4018
G1X118.9195Y-372.5111
G1X118.8718Y-372.6223
G1X118.8580Y-372.7260
G1X118.8742Y-372.8129
G1X118.9167Y-372.8734
G1X118.9818Y-372.8982
G1X119.0657Y-372.8779
G1X119.1646Y-372.8031
G1X120.4318Y-371.5359
G1X120.5308Y-371.4610
G1X120.6147Y-371.4407
G1X120.6798Y-371.4655
G1X120.7223Y-371.5261
G1X120.7385Y-371.6129
G1X120.7247Y-371.7166
G1X120.6770Y-371.8279
G1X120.5918Y-371.9372
G1X119.3246Y-373.2044
G1X119.2394Y-373.3137
G1X119.1917Y-373.4249
G1X119.1779Y-373.5287
G1X119.1941Y-373.6155
G1X119.2366Y-373.6760
G1X119.3017Y-373.7009
G1X119.3856Y-373.6805
G1X119.4845Y-373.6057
G1X120.7517Y-372.3385
G1X120.8507Y-372.2637
G1X120.9346Y-372.2433
G1X120.9997Y-372.2682
G1X121.0422Y-372.3287
G1X121.0584Y-372.4155
G1X121.0446Y-372.5192
G1X120.9969Y-372.6305
G1X120.9117Y-372.7398
G1X119.6445Y-374.0070
G1X119.5593Y-374.1163
G1X119.5116Y-374.2276
G1X119.4978Y-374.3313
G1X119.5140Y-374.4181
G1X119.5565Y-374.4786
G1X119.6216Y-374.5035
G1X119.7055Y-374.4831
G1X119.8045Y-374.4083
G1X121.0717Y-373.1411
G1X121.1706Y-373.0663
G1X121.2545Y-373.0460
G1X121.3196Y-373.0708
G1X121.3621Y-373.1313
G1X121.3783Y-373.2181
G1X121.3645Y-373.3219
G1X121.3168Y-373.4331
G1X121.2316Y-373.5424
G1X119.9644Y-374.8096
G1X119.8792Y-374.9190
G1X119.8315Y-375.0302
G1X119.8177Y-375.1339
G1X119.8339Y-375.2208
G1X119.8764Y-375.2813
G1X119.9415Y-375.3061
G1X120.0254Y-375.2858
G1X120.1244Y-375.2109
G1X121.3916Y-373.9437
G1X121.4905Y-373.8689
G1X121.5744Y-373.8486
G1X121.6395Y-373.8734
G1X121.6820Y-373.9339
G1X121.6982Y-374.0208
G1X121.6844Y-374.1245
G1X121.6367Y-374.2357
G1X121.5515Y-374.3451
G1X120.2843Y-375.6123
G1X120.1991Y-375.7216
G1X120.1516Y-375.8327
G1X120.1378Y-375.9363
G1X120.1542Y-376.0230
G1X120.1968Y-376.0834
G1X120.2620Y-376.1081
G1X120.3460Y-376.0877
G1X120.4450Y-376.0129
G1X121.7115Y-374.7464
G1X121.8104Y-374.6715
G1X121.8943Y-374.6512
G1X121.9594Y-374.6760
G1X122.0019Y-374.7365
G1X122.0181Y-374.8234
G1X122.0043Y-374.9271
G1X121.9566Y-375.0383
G1X121.8714Y-375.1477
G1X120.6128Y-376.4063
G1X120.5279Y-376.5153
G1X120.4811Y-376.6257
G1X120.4685Y-376.7282
G1X120.4862Y-376.8135
G1X120.5301Y-376.8727
G1X120.5965Y-376.8962
G1X120.6813Y-376.8750
G1X120.7806Y-376.7998
G1X122.0314Y-375.5490
G1X122.1303Y-375.4741
G1X122.2142Y-375.4538
G1X122.2793Y-375.4786
G1X122.3218Y-375.5392
G1X122.3381Y-375.6260
G1X122.3242Y-375.7297
G1X122.2765Y-375.8410
G1X122.1913Y-375.9503
G1X120.9483Y-377.1933
G1X120.8635Y-377.3023
G1X120.8167Y-377.4126
G1X120.8041Y-377.5151
G1X120.8218Y-377.6005
G1X120.8657Y-377.6596
G1X120.9320Y-377.6832
G1X121.0168Y-377.6620
G1X121.1161Y-377.5868
G1X122.3513Y-376.3516
G1X122.4504Y-376.2765
G1X122.5349Y-376.2557
G1X122.6008Y-376.2797
G1X122.6442Y-376.3393
G1X122.6613Y-376.4252
G1X122.6483Y-376.5282
G1X122.6012Y-376.6389
G1X122.5162Y-376.7480
G1X121.2839Y-377.9803
G1X121.1990Y-378.0893
G1X121.1522Y-378.1996
G1X121.1397Y-378.3021
G1X121.1573Y-378.3875
G1X121.2013Y-378.4466
G1X121.2676Y-378.4701
G1X121.3524Y-378.4489
G1X121.4517Y-378.3738
G1X122.6840Y-377.1414
G1X122.7833Y-377.0663
G1X122.8680Y-377.0451
G1X122.9344Y-377.0686
G1X122.9783Y-377.1277
G1X122.9960Y-377.2131
G1X122.9834Y-377.3156
G1X122.9366Y-377.4259
G1X122.8518Y-377.5349
G1X121.6194Y-378.7673
G1X121.5346Y-378.8762
G1X121.4878Y-378.9866
G1X121.4752Y-379.0891
G1X121.4929Y-379.1745
G1X121.5368Y-379.2336
G1X121.6031Y-379.2571
G1X121.6879Y-379.2359
G1X121.7872Y-379.1607
G1X123.0195Y-377.9284
G1X123.1188Y-377.8532
G1X123.2036Y-377.8321
G1X123.2699Y-377.8556
G1X123.3139Y-377.9147
G1X123.3316Y-378.0001
G1X123.3190Y-378.1026
G1X123.2722Y-378.2129
G1X123.1873Y-378.3219
G1X121.9550Y-379.5542
G1X121.8701Y-379.6632
G1X121.8234Y-379.7736
G1X121.8108Y-379.8760
G1X121.8284Y-379.9615
G1X121.8724Y-380.0205
G1X121.9387Y-380.0441
G1X122.0235Y-380.0229
G1X122.1228Y-379.9477
G1X123.3551Y-378.7154
G1X123.4544Y-378.6402
G1X123.5392Y-378.6190
G1X123.6055Y-378.6426
G1X123.6495Y-378.7017
G1X123.6671Y-378.7871
G1X123.6545Y-378.8895
G1X123.6078Y-378.9999
G1X123.5229Y-379.1089
G1X122.2906Y-380.3412
G1X122.2057Y-380.4502
G1X122.1589Y-380.5605
G1X122.1463Y-380.6630
G1X122.1640Y-380.7484
G1X122.2079Y-380.8075
G1X122.2743Y-380.8311
G1X122.3591Y-380.8099
G1X122.4584Y-380.7347
G1X123.6907Y-379.5024
G1X123.7900Y-379.4272
G1X123.8747Y-379.4060
G1X123.9411Y-379.4296
G1X123.9850Y-379.4886
G1X124.0027Y-379.5740
G1X123.9901Y-379.6765
G1X123.9433Y-379.7869
G1X123.8584Y-379.8959
G1X122.6261Y-381.1282
G1X122.5413Y-381.2372
G1X122.4945Y-381.3475
G1X122.4819Y-381.4500
G1X122.4996Y-381.5354
G1X122.5435Y-381.5945
G1X122.6098Y-381.6180
G1X122.6946Y-381.5968
G1X122.7939Y-381.5216
G1X124.0262Y-380.2893
G1X124.1255Y-380.2142
G1X124.2103Y-380.1930
G1X124.2766Y-380.2165
G1X124.3206Y-380.2756
G1X124.3382Y-380.3610
G1X124.3256Y-380.4635
G1X124.2789Y-380.5738
G1X124.1940Y-380.6828
G1X122.9617Y-381.9151
G1X122.8768Y-382.0241
G1X122.8300Y-382.1345
G1X122.8175Y-382.2369
G1X122.8351Y-382.3224
G1X122.8791Y-382.3814
G1X122.9454Y-382.4050
G1X123.0302Y-382.3838
G1X123.1295Y-382.3086
G1X124.3618Y-381.0763
G1X124.4611Y-381.0011
G1X124.5458Y-380.9799
G1X124.6122Y-381.0035
G1X124.6562Y-381.0626
G1X124.6738Y-381.1480
G1X124.6612Y-381.2504
G1X124.6144Y-381.3608
G1X124.5296Y-381.4698
G1X123.2972Y-382.7021
G1X123.2124Y-382.8111
G1X123.1656Y-382.9215
G1X123.1530Y-383.0239
G1X123.1707Y-383.1093
G1X123.2146Y-383.1684
G1X123.2810Y-383.1920
G1X123.3657Y-383.1708
G1X123.4650Y-383.0956
G1X124.6973Y-381.8633
G1X124.7966Y-381.7881
G1X124.8814Y-381.7669
G1X124.9477Y-381.7905
G1X124.9917Y-381.8495
G1X125.0094Y-381.9350
G1X124.9968Y-382.0374
G1X124.9500Y-382.1478
G1X124.8651Y-382.2568
G1X123.6328Y-383.4891
G1X123.5479Y-383.5981
G1X123.5012Y-383.7084
G1X123.4886Y-383.8109
G1X123.5062Y-383.8963
G1X123.5502Y-383.9554
G1X123.6165Y-383.9789
G1X123.7013Y-383.9577
G1X123.8006Y-383.8826
G1X125.0329Y-382.6503
G1X125.1322Y-382.5751
G1X125.2170Y-382.5539
G1X125.2833Y-382.5774
G1X125.3273Y-382.6365
G1X125.3449Y-382.7219
G1X125.3323Y-382.8244
G1X125.2856Y-382.9348
G1X125.2007Y-383.0437
G1X123.9684Y-384.2761
G1X123.8835Y-384.3850
G1X123.8367Y-384.4954
G1X123.8241Y-384.5979
G1X123.8418Y-384.6833
G1X123.8857Y-384.7424
G1X123.9521Y-384.7659
G1X124.0369Y-384.7447
G1X124.1362Y-384.6695
G1X125.3685Y-383.4372
G1X125.4678Y-383.3621
G1X125.5525Y-383.3408
G1X125.6189Y-383.3644
G1X125.6628Y-383.4235
G1X125.6805Y-383.5089
G1X125.6679Y-383.6114
G1X125.6211Y-383.7217
G1X125.5362Y-383.8307
G1X124.3039Y-385.0630
G1X124.2191Y-385.1720
G1X124.1723Y-385.2824
G1X124.1597Y-385.3849
G1X124.1774Y-385.4702
G1X124.2213Y-385.5293
G1X124.2876Y-385.5529
G1X124.3724Y-385.5317
G1X124.4717Y-385.4565
G1X125.7040Y-384.2242
G1X125.8033Y-384.1490
G1X125.8881Y-384.1278
G1X125.9544Y-384.1514
G1X125.9984Y-384.2105
G1X126.0160Y-384.2959
G1X126.0034Y-384.3984
G1X125.9567Y-384.5087
G1X125.8718Y-384.6177
G1X124.8048Y-385.6847
G1X124.7368Y-385.7768
G1X124.7346Y-385.8426
G1X124.7850Y-385.8821
G1X124.8749Y-385.8952
G1X124.9911Y-385.8821
G1X125.1205Y-385.8426
G1X125.2498Y-385.7768
G1X125.3660Y-385.6847
G1X126.0396Y-385.0112
G1X126.1389Y-384.9360
G1X126.2236Y-384.9148
G1X126.2900Y-384.9383
G1X126.3340Y-384.9975
G1X126.3516Y-385.0828
G1X126.3390Y-385.1853
G1X126.2922Y-385.2957
G1X126.2074Y-385.4046
G1X125.8706Y-385.7414
G1X125.8264Y-385.8168
G1X125.8563Y-385.8670
G1X125.9409Y-385.8921
G1X126.0603Y-385.8921
G1X126.1951Y-385.8670
G1X126.3255Y-385.8168
G1X126.4318Y-385.7414
G1X126.5856Y-385.5877
G1 Z0F20000
(Start Block)

G1X94.4751Y-348.9858
G1Z6F20000
(Plotting speed under)
G1 F8000

G1X95.8325Y-353.4837
G1X97.3018Y-357.9816
G1X100.7418Y-367.5067
G1X98.0959Y-367.5067
G1X94.6560Y-357.9816
G1X93.1867Y-353.4837
G1X91.8292Y-348.9858
G1X94.4751Y-348.9858
G1 Z0F20000
(Start Block)

G1X92.5638Y-349.1181
G1Z6F20000
(Plotting speed under)
G1 F8000

G1X92.3468Y-349.3350
G1X92.2603Y-349.4456
G1X92.2093Y-349.5603
G1X92.1906Y-349.6688
G1X92.2014Y-349.7611
G1X92.2384Y-349.8271
G1X92.2987Y-349.8567
G1X92.3792Y-349.8397
G1X92.4769Y-349.7662
G1X92.9145Y-349.3286
G1X93.0308Y-349.2365
G1X93.1601Y-349.1707
G1X93.2895Y-349.1312
G1X93.4057Y-349.1181
G1X93.4955Y-349.1312
G1X93.5460Y-349.1707
G1X93.5438Y-349.2365
G1X93.4758Y-349.3286
G1X92.6070Y-350.1973
G1X92.5206Y-350.3079
G1X92.4695Y-350.4226
G1X92.4509Y-350.5311
G1X92.4616Y-350.6234
G1X92.4987Y-350.6894
G1X92.5590Y-350.7190
G1X92.6395Y-350.7020
G1X92.7372Y-350.6285
G1X94.0371Y-349.3286
G1X94.1529Y-349.2439
G1X94.2544Y-349.2225
G1X94.3336Y-349.2530
G1X94.3824Y-349.3236
G1X94.3928Y-349.4228
G1X94.3569Y-349.5390
G1X94.2665Y-349.6604
G1X92.8673Y-351.0596
G1X92.7808Y-351.1702
G1X92.7298Y-351.2848
G1X92.7111Y-351.3934
G1X92.7219Y-351.4857
G1X92.7589Y-351.5517
G1X92.8192Y-351.5812
G1X92.8997Y-351.5643
G1X92.9974Y-351.4908
G1X94.3966Y-350.0916
G1X94.4943Y-350.0180
G1X94.5748Y-350.0011
G1X94.6351Y-350.0307
G1X94.6721Y-350.0967
G1X94.6829Y-350.1890
G1X94.6642Y-350.2975
G1X94.6132Y-350.4121
G1X94.5267Y-350.5227
G1X93.1275Y-351.9219
G1X93.0410Y-352.0325
G1X92.9900Y-352.1471
G1X92.9714Y-352.2556
G1X92.9821Y-352.3480
G1X93.0192Y-352.4140
G1X93.0795Y-352.4436
G1X93.1600Y-352.4266
G1X93.2577Y-352.3531
G1X94.6568Y-350.9539
G1X94.7545Y-350.8803
G1X94.8350Y-350.8634
G1X94.8953Y-350.8930
G1X94.9324Y-350.9590
G1X94.9431Y-351.0513
G1X94.9245Y-351.1598
G1X94.8734Y-351.2744
G1X94.7870Y-351.3850
G1X93.3878Y-352.7842
G1X93.3013Y-352.8948
G1X93.2502Y-353.0095
G1X93.2315Y-353.1181
G1X93.2422Y-353.2104
G1X93.2792Y-353.2765
G1X93.3394Y-353.3061
G1X93.4199Y-353.2892
G1X93.5175Y-353.2157
G1X94.9171Y-351.8162
G1X95.0148Y-351.7426
G1X95.0953Y-351.7257
G1X95.1556Y-351.7553
G1X95.1926Y-351.8213
G1X95.2034Y-351.9136
G1X95.1847Y-352.0221
G1X95.1337Y-352.1367
G1X95.0472Y-352.2473
G1X93.6558Y-353.6388
G1X93.5696Y-353.7490
G1X93.5195Y-353.8627
G1X93.5022Y-353.9699
G1X93.5144Y-354.0608
G1X93.5529Y-354.1253
G1X93.6145Y-354.1536
G1X93.6959Y-354.1357
G1X93.7939Y-354.0618
G1X95.1773Y-352.6784
G1X95.2750Y-352.6049
G1X95.3555Y-352.5880
G1X95.4158Y-352.6175
G1X95.4529Y-352.6836
G1X95.4636Y-352.7759
G1X95.4450Y-352.8844
G1X95.3939Y-352.9990
G1X95.3074Y-353.1096
G1X93.9321Y-354.4849
G1X93.8460Y-354.5952
G1X93.7959Y-354.7089
G1X93.7785Y-354.8161
G1X93.7908Y-354.9069
G1X93.8293Y-354.9714
G1X93.8909Y-354.9997
G1X93.9723Y-354.9819
G1X94.0703Y-354.9080
G1X95.4376Y-353.5408
G1X95.5354Y-353.4670
G1X95.6164Y-353.4496
G1X95.6775Y-353.4784
G1X95.7153Y-353.5436
G1X95.7269Y-353.6351
G1X95.7090Y-353.7429
G1X95.6584Y-353.8570
G1X95.5722Y-353.9674
G1X94.2085Y-355.3310
G1X94.1224Y-355.4413
G1X94.0723Y-355.5550
G1X94.0550Y-355.6622
G1X94.0672Y-355.7530
G1X94.1057Y-355.8176
G1X94.1673Y-355.8459
G1X94.2487Y-355.8280
G1X94.3467Y-355.7541
G1X95.7103Y-354.3905
G1X95.8083Y-354.3166
G1X95.8898Y-354.2988
G1X95.9514Y-354.3270
G1X95.9899Y-354.3915
G1X96.0021Y-354.4824
G1X95.9848Y-354.5896
G1X95.9347Y-354.7033
G1X95.8485Y-354.8136
G1X94.4849Y-356.1772
G1X94.3988Y-356.2874
G1X94.3487Y-356.4011
G1X94.3313Y-356.5083
G1X94.3436Y-356.5992
G1X94.3821Y-356.6637
G1X94.4437Y-356.6920
G1X94.5251Y-356.6741
G1X94.6231Y-356.6002
G1X95.9867Y-355.2366
G1X96.0848Y-355.1627
G1X96.1662Y-355.1449
G1X96.2278Y-355.1732
G1X96.2663Y-355.2377
G1X96.2785Y-355.3285
G1X96.2612Y-355.4358
G1X96.2111Y-355.5494
G1X96.1249Y-355.6597
G1X94.7613Y-357.0233
G1X94.6752Y-357.1336
G1X94.6251Y-357.2473
G1X94.6077Y-357.3545
G1X94.6199Y-357.4453
G1X94.6585Y-357.5098
G1X94.7201Y-357.5381
G1X94.8015Y-357.5203
G1X94.8995Y-357.4464
G1X96.2631Y-356.0828
G1X96.3612Y-356.0089
G1X96.4426Y-355.9910
G1X96.5042Y-356.0193
G1X96.5427Y-356.0838
G1X96.5549Y-356.1747
G1X96.5376Y-356.2819
G1X96.4875Y-356.3956
G1X96.4013Y-356.5058
G1X95.0413Y-357.8659
G1X94.9556Y-357.9757
G1X94.9067Y-358.0881
G1X94.8911Y-358.1936
G1X94.9053Y-358.2825
G1X94.9458Y-358.3451
G1X95.0091Y-358.3716
G1X95.0918Y-358.3526
G1X95.1902Y-358.2782
G1X96.5395Y-356.9289
G1X96.6376Y-356.8550
G1X96.7190Y-356.8371
G1X96.7806Y-356.8655
G1X96.8191Y-356.9300
G1X96.8313Y-357.0208
G1X96.8140Y-357.1280
G1X96.7639Y-357.2417
G1X96.6777Y-357.3520
G1X95.3392Y-358.6906
G1X95.2535Y-358.8004
G1X95.2046Y-358.9128
G1X95.1890Y-359.0183
G1X95.2031Y-359.1072
G1X95.2436Y-359.1698
G1X95.3069Y-359.1963
G1X95.3896Y-359.1773
G1X95.4881Y-359.1029
G1X96.8159Y-357.7750
G1X96.9140Y-357.7011
G1X96.9954Y-357.6833
G1X97.0570Y-357.7116
G1X97.0955Y-357.7761
G1X97.1077Y-357.8669
G1X97.0904Y-357.9741
G1X97.0403Y-358.0879
G1X96.9541Y-358.1981
G1X95.6370Y-359.5153
G1X95.5513Y-359.6251
G1X95.5024Y-359.7375
G1X95.4868Y-359.8431
G1X95.5010Y-359.9319
G1X95.5415Y-359.9944
G1X95.6048Y-360.0210
G1X95.6874Y-360.0020
G1X95.7859Y-359.9276
G1X97.1021Y-358.6114
G1X97.2006Y-358.5370
G1X97.2832Y-358.5180
G1X97.3466Y-358.5446
G1X97.3870Y-358.6071
G1X97.4012Y-358.6960
G1X97.3856Y-358.8015
G1X97.3367Y-358.9139
G1X97.2510Y-359.0237
G1X95.9348Y-360.3399
G1X95.8491Y-360.4497
G1X95.8003Y-360.5622
G1X95.7846Y-360.6677
G1X95.7988Y-360.7566
G1X95.8393Y-360.8192
G1X95.9026Y-360.8457
G1X95.9853Y-360.8267
G1X96.0838Y-360.7523
G1X97.4000Y-359.4361
G1X97.4984Y-359.3617
G1X97.5811Y-359.3427
G1X97.6444Y-359.3692
G1X97.6849Y-359.4318
G1X97.6991Y-359.5207
G1X97.6835Y-359.6261
G1X97.6346Y-359.7386
G1X97.5489Y-359.8485
G1X96.2327Y-361.1646
G1X96.1470Y-361.2744
G1X96.0981Y-361.3869
G1X96.0825Y-361.4924
G1X96.0966Y-361.5813
G1X96.1371Y-361.6438
G1X96.2005Y-361.6704
G1X96.2831Y-361.6513
G1X96.3816Y-361.5770
G1X97.6978Y-360.2608
G1X97.7963Y-360.1864
G1X97.8789Y-360.1674
G1X97.9422Y-360.1939
G1X97.9827Y-360.2565
G1X97.9969Y-360.3453
G1X97.9813Y-360.4509
G1X97.9324Y-360.5633
G1X97.8467Y-360.6731
G1X96.5305Y-361.9893
G1X96.4448Y-362.0991
G1X96.3959Y-362.2116
G1X96.3803Y-362.3171
G1X96.3945Y-362.4060
G1X96.4350Y-362.4685
G1X96.4983Y-362.4951
G1X96.5809Y-362.4761
G1X96.6794Y-362.4017
G1X97.9956Y-361.0855
G1X98.0941Y-361.0111
G1X98.1767Y-360.9921
G1X98.2401Y-361.0186
G1X98.2806Y-361.0812
G1X98.2947Y-361.1700
G1X98.2791Y-361.2755
G1X98.2302Y-361.3880
G1X98.1445Y-361.4978
G1X96.8283Y-362.8140
G1X96.7427Y-362.9238
G1X96.6938Y-363.0363
G1X96.6781Y-363.1418
G1X96.6923Y-363.2307
G1X96.7328Y-363.2932
G1X96.7961Y-363.3198
G1X96.8788Y-363.3007
G1X96.9773Y-363.2264
G1X98.2935Y-361.9102
G1X98.3920Y-361.8358
G1X98.4746Y-361.8167
G1X98.5379Y-361.8433
G1X98.5784Y-361.9059
G1X98.5926Y-361.9947
G1X98.5770Y-362.1002
G1X98.5281Y-362.2127
G1X98.4424Y-362.3225
G1X97.1262Y-363.6387
G1X97.0405Y-363.7485
G1X96.9916Y-363.8610
G1X96.9760Y-363.9665
G1X96.9902Y-364.0554
G1X97.0307Y-364.1179
G1X97.0940Y-364.1445
G1X97.1766Y-364.1254
G1X97.2751Y-364.0511
G1X98.5913Y-362.7349
G1X98.6898Y-362.6605
G1X98.7724Y-362.6414
G1X98.8357Y-362.6680
G1X98.8762Y-362.7306
G1X98.8904Y-362.8194
G1X98.8748Y-362.9249
G1X98.8259Y-363.0374
G1X98.7402Y-363.1472
G1X97.4240Y-364.4634
G1X97.3383Y-364.5732
G1X97.2894Y-364.6857
G1X97.2738Y-364.7912
G1X97.2880Y-364.8801
G1X97.3285Y-364.9426
G1X97.3918Y-364.9692
G1X97.4745Y-364.9501
G1X97.5729Y-364.8758
G1X98.8891Y-363.5596
G1X98.9876Y-363.4852
G1X99.0703Y-363.4661
G1X99.1336Y-363.4927
G1X99.1741Y-363.5553
G1X99.1883Y-363.6441
G1X99.1727Y-363.7496
G1X99.1237Y-363.8621
G1X99.0381Y-363.9719
G1X97.7219Y-365.2881
G1X97.6362Y-365.3979
G1X97.5873Y-365.5104
G1X97.5717Y-365.6159
G1X97.5858Y-365.7048
G1X97.6263Y-365.7673
G1X97.6896Y-365.7939
G1X97.7723Y-365.7748
G1X97.8708Y-365.7005
G1X99.1870Y-364.3843
G1X99.2855Y-364.3099
G1X99.3681Y-364.2908
G1X99.4314Y-364.3174
G1X99.4719Y-364.3800
G1X99.4861Y-364.4688
G1X99.4705Y-364.5743
G1X99.4216Y-364.6868
G1X99.3359Y-364.7966
G1X98.0197Y-366.1128
G1X97.9340Y-366.2226
G1X97.8851Y-366.3351
G1X97.8695Y-366.4406
G1X97.8837Y-366.5295
G1X97.9242Y-366.5920
G1X97.9875Y-366.6186
G1X98.0701Y-366.5995
G1X98.1686Y-366.5252
G1X99.4848Y-365.2090
G1X99.5833Y-365.1346
G1X99.6659Y-365.1155
G1X99.7293Y-365.1421
G1X99.7697Y-365.2047
G1X99.7840Y-365.2935
G1X99.7683Y-365.3990
G1X99.7194Y-365.5115
G1X99.6337Y-365.6213
G1X98.3175Y-366.9375
G1X98.2330Y-367.0531
G1X98.2121Y-367.1542
G1X98.2432Y-367.2328
G1X98.3144Y-367.2810
G1X98.4142Y-367.2908
G1X98.5308Y-367.2544
G1X98.6524Y-367.1639
G1X99.7827Y-366.0336
G1X99.8811Y-365.9593
G1X99.9638Y-365.9402
G1X100.0271Y-365.9668
G1X100.0676Y-366.0294
G1X100.0818Y-366.1182
G1X100.0662Y-366.2237
G1X100.0173Y-366.3362
G1X99.9316Y-366.4460
G1X99.2137Y-367.1639
G1X99.1457Y-367.2560
G1X99.1435Y-367.3217
G1X99.1940Y-367.3612
G1X99.2839Y-367.3744
G1X99.4000Y-367.3612
G1X99.5294Y-367.3217
G1X99.6588Y-367.2560
G1X99.7750Y-367.1639
G1X100.1339Y-366.8049
G1X100.2322Y-366.7482
G1X100.3121Y-366.7722
G1X100.3654Y-366.8540
G1X100.3838Y-366.9708
G1X100.3591Y-367.0995
G1X100.2828Y-367.2173
G1X100.1257Y-367.3744
G1 Z0F20000
(Start Block)

G1X82.2209Y-367.5067
G1Z6F20000
(Plotting speed under)
G1 F8000

G1X85.7010Y-376.2379
G1X89.8753Y-386.0275
G1X87.2294Y-386.0275
G1X83.0552Y-376.2379
G1X79.5751Y-367.5067
G1X82.2209Y-367.5067
G1 Z0F20000
(Start Block)

G1X79.9906Y-367.6390
G1Z6F20000
(Plotting speed under)
G1 F8000

G1X79.9118Y-367.7177
G1X79.8780Y-367.8099
G1X79.8925Y-367.9346
G1X79.9398Y-368.0534
G1X80.0047Y-368.1277
G1X80.0718Y-368.1190
G1X80.3414Y-367.8494
G1X80.4576Y-367.7573
G1X80.5869Y-367.6916
G1X80.7163Y-367.6521
G1X80.8325Y-367.6390
G1X80.9224Y-367.6521
G1X80.9728Y-367.6916
G1X80.9706Y-367.7573
G1X80.9026Y-367.8494
G1X80.3634Y-368.3886
G1X80.2782Y-368.4980
G1X80.2305Y-368.6092
G1X80.2167Y-368.7129
G1X80.2329Y-368.7998
G1X80.2754Y-368.8603
G1X80.3405Y-368.8851
G1X80.4244Y-368.8648
G1X80.5234Y-368.7900
G1X81.4639Y-367.8494
G1X81.5769Y-367.7605
G1X81.6978Y-367.7032
G1X81.8152Y-367.6757
G1X81.9177Y-367.6763
G1X81.9939Y-367.7031
G1X82.0323Y-367.7545
G1X82.0217Y-367.8288
G1X81.9505Y-367.9241
G1X80.6833Y-369.1913
G1X80.5981Y-369.3006
G1X80.5505Y-369.4118
G1X80.5366Y-369.5156
G1X80.5528Y-369.6024
G1X80.5954Y-369.6629
G1X80.6604Y-369.6877
G1X80.7443Y-369.6674
G1X80.8433Y-369.5926
G1X82.1105Y-368.3254
G1X82.2094Y-368.2505
G1X82.2933Y-368.2302
G1X82.3584Y-368.2550
G1X82.4009Y-368.3156
G1X82.4171Y-368.4024
G1X82.4033Y-368.5061
G1X82.3556Y-368.6174
G1X82.2704Y-368.7267
G1X81.0032Y-369.9939
G1X80.9180Y-370.1032
G1X80.8704Y-370.2145
G1X80.8565Y-370.3182
G1X80.8727Y-370.4050
G1X80.9153Y-370.4656
G1X80.9804Y-370.4904
G1X81.0642Y-370.4700
G1X81.1632Y-370.3952
G1X82.4304Y-369.1280
G1X82.5294Y-369.0532
G1X82.6132Y-369.0329
G1X82.6783Y-369.0577
G1X82.7208Y-369.1182
G1X82.7371Y-369.2050
G1X82.7232Y-369.3088
G1X82.6756Y-369.4200
G1X82.5903Y-369.5293
G1X81.3231Y-370.7965
G1X81.2379Y-370.9058
G1X81.1903Y-371.0171
G1X81.1764Y-371.1208
G1X81.1927Y-371.2077
G1X81.2352Y-371.2682
G1X81.3003Y-371.2930
G1X81.3842Y-371.2727
G1X81.4831Y-371.1978
G1X82.7503Y-369.9306
G1X82.8493Y-369.8558
G1X82.9331Y-369.8355
G1X82.9982Y-369.8603
G1X83.0407Y-369.9208
G1X83.0570Y-370.0076
G1X83.0431Y-370.1114
G1X82.9955Y-370.2226
G1X82.9102Y-370.3319
G1X81.6431Y-371.5991
G1X81.5579Y-371.7085
G1X81.5102Y-371.8197
G1X81.4963Y-371.9234
G1X81.5126Y-372.0103
G1X81.5551Y-372.0708
G1X81.6202Y-372.0956
G1X81.7041Y-372.0753
G1X81.8030Y-372.0005
G1X83.0702Y-370.7333
G1X83.1692Y-370.6584
G1X83.2531Y-370.6381
G1X83.3181Y-370.6629
G1X83.3606Y-370.7234
G1X83.3769Y-370.8103
G1X83.3630Y-370.9140
G1X83.3154Y-371.0252
G1X83.2302Y-371.1346
G1X81.9630Y-372.4018
G1X81.8778Y-372.5111
G1X81.8301Y-372.6223
G1X81.8162Y-372.7260
G1X81.8325Y-372.8129
G1X81.8750Y-372.8734
G1X81.9401Y-372.8982
G1X82.0240Y-372.8779
G1X82.1229Y-372.8031
G1X83.3901Y-371.5359
G1X83.4891Y-371.4610
G1X83.5730Y-371.4407
G1X83.6380Y-371.4655
G1X83.6806Y-371.5261
G1X83.6968Y-371.6129
G1X83.6829Y-371.7166
G1X83.6353Y-371.8279
G1X83.5501Y-371.9372
G1X82.2829Y-373.2044
G1X82.1977Y-373.3137
G1X82.1500Y-373.4249
G1X82.1362Y-373.5287
G1X82.1524Y-373.6155
G1X82.1949Y-373.6760
G1X82.2600Y-373.7009
G1X82.3439Y-373.6805
G1X82.4428Y-373.6057
G1X83.7100Y-372.3385
G1X83.8090Y-372.2637
G1X83.8929Y-372.2433
G1X83.9580Y-372.2682
G1X84.0005Y-372.3287
G1X84.0167Y-372.4155
G1X84.0028Y-372.5192
G1X83.9552Y-372.6305
G1X83.8700Y-372.7398
G1X82.6028Y-374.0070
G1X82.5176Y-374.1163
G1X82.4699Y-374.2276
G1X82.4561Y-374.3313
G1X82.4723Y-374.4181
G1X82.5148Y-374.4786
G1X82.5799Y-374.5035
G1X82.6638Y-374.4831
G1X82.7627Y-374.4083
G1X84.0299Y-373.1411
G1X84.1289Y-373.0663
G1X84.2128Y-373.0460
G1X84.2779Y-373.0708
G1X84.3204Y-373.1313
G1X84.3366Y-373.2181
G1X84.3228Y-373.3219
G1X84.2751Y-373.4331
G1X84.1899Y-373.5424
G1X82.9227Y-374.8096
G1X82.8375Y-374.9190
G1X82.7898Y-375.0302
G1X82.7760Y-375.1339
G1X82.7922Y-375.2208
G1X82.8347Y-375.2813
G1X82.8998Y-375.3061
G1X82.9837Y-375.2858
G1X83.0827Y-375.2109
G1X84.3498Y-373.9437
G1X84.4488Y-373.8689
G1X84.5327Y-373.8486
G1X84.5978Y-373.8734
G1X84.6403Y-373.9339
G1X84.6565Y-374.0208
G1X84.6427Y-374.1245
G1X84.5950Y-374.2357
G1X84.5098Y-374.3451
G1X83.2426Y-375.6123
G1X83.1574Y-375.7216
G1X83.1099Y-375.8327
G1X83.0961Y-375.9363
G1X83.1125Y-376.0230
G1X83.1551Y-376.0834
G1X83.2203Y-376.1081
G1X83.3043Y-376.0877
G1X83.4033Y-376.0129
G1X84.6698Y-374.7464
G1X84.7687Y-374.6715
G1X84.8526Y-374.6512
G1X84.9177Y-374.6760
G1X84.9602Y-374.7365
G1X84.9764Y-374.8234
G1X84.9626Y-374.9271
G1X84.9149Y-375.0383
G1X84.8297Y-375.1477
G1X83.5710Y-376.4063
G1X83.4862Y-376.5153
G1X83.4394Y-376.6257
G1X83.4268Y-376.7282
G1X83.4445Y-376.8135
G1X83.4884Y-376.8727
G1X83.5548Y-376.8962
G1X83.6395Y-376.8750
G1X83.7388Y-376.7998
G1X84.9897Y-375.5490
G1X85.0886Y-375.4741
G1X85.1725Y-375.4538
G1X85.2376Y-375.4786
G1X85.2801Y-375.5392
G1X85.2963Y-375.6260
G1X85.2825Y-375.7297
G1X85.2348Y-375.8410
G1X85.1496Y-375.9503
G1X83.9066Y-377.1933
G1X83.8217Y-377.3023
G1X83.7750Y-377.4126
G1X83.7624Y-377.5151
G1X83.7800Y-377.6005
G1X83.8240Y-377.6596
G1X83.8903Y-377.6832
G1X83.9751Y-377.6620
G1X84.0744Y-377.5868
G1X85.3096Y-376.3516
G1X85.4088Y-376.2765
G1X85.4932Y-376.2557
G1X85.5591Y-376.2797
G1X85.6025Y-376.3393
G1X85.6196Y-376.4252
G1X85.6066Y-376.5282
G1X85.5595Y-376.6389
G1X85.4745Y-376.7480
G1X84.2422Y-377.9803
G1X84.1573Y-378.0893
G1X84.1105Y-378.1996
G1X84.0979Y-378.3021
G1X84.1156Y-378.3875
G1X84.1596Y-378.4466
G1X84.2259Y-378.4701
G1X84.3107Y-378.4489
G1X84.4100Y-378.3738
G1X85.6423Y-377.1414
G1X85.7416Y-377.0663
G1X85.8264Y-377.0451
G1X85.8927Y-377.0686
G1X85.9366Y-377.1277
G1X85.9543Y-377.2131
G1X85.9417Y-377.3156
G1X85.8949Y-377.4259
G1X85.8101Y-377.5349
G1X84.5777Y-378.7673
G1X84.4929Y-378.8762
G1X84.4461Y-378.9866
G1X84.4335Y-379.0891
G1X84.4512Y-379.1745
G1X84.4951Y-379.2336
G1X84.5615Y-379.2571
G1X84.6462Y-379.2359
G1X84.7455Y-379.1607
G1X85.9778Y-377.9284
G1X86.0771Y-377.8532
G1X86.1619Y-377.8321
G1X86.2282Y-377.8556
G1X86.2722Y-377.9147
G1X86.2899Y-378.0001
G1X86.2773Y-378.1026
G1X86.2305Y-378.2129
G1X86.1456Y-378.3219
G1X84.9133Y-379.5542
G1X84.8284Y-379.6632
G1X84.7817Y-379.7736
G1X84.7691Y-379.8760
G1X84.7867Y-379.9615
G1X84.8307Y-380.0205
G1X84.8970Y-380.0441
G1X84.9818Y-380.0229
G1X85.0811Y-379.9477
G1X86.3134Y-378.7154
G1X86.4127Y-378.6402
G1X86.4975Y-378.6190
G1X86.5638Y-378.6426
G1X86.6077Y-378.7017
G1X86.6254Y-378.7871
G1X86.6128Y-378.8895
G1X86.5661Y-378.9999
G1X86.4812Y-379.1089
G1X85.2488Y-380.3412
G1X85.1640Y-380.4502
G1X85.1172Y-380.5605
G1X85.1046Y-380.6630
G1X85.1223Y-380.7484
G1X85.1662Y-380.8075
G1X85.2326Y-380.8311
G1X85.3173Y-380.8099
G1X85.4166Y-380.7347
G1X86.6489Y-379.5024
G1X86.7482Y-379.4272
G1X86.8330Y-379.4060
G1X86.8994Y-379.4296
G1X86.9433Y-379.4886
G1X86.9610Y-379.5740
G1X86.9484Y-379.6765
G1X86.9016Y-379.7869
G1X86.8167Y-379.8959
G1X85.5844Y-381.1282
G1X85.4995Y-381.2372
G1X85.4528Y-381.3475
G1X85.4402Y-381.4500
G1X85.4578Y-381.5354
G1X85.5018Y-381.5945
G1X85.5681Y-381.6180
G1X85.6529Y-381.5968
G1X85.7522Y-381.5216
G1X86.9845Y-380.2893
G1X87.0838Y-380.2142
G1X87.1686Y-380.1930
G1X87.2349Y-380.2165
G1X87.2789Y-380.2756
G1X87.2965Y-380.3610
G1X87.2839Y-380.4635
G1X87.2372Y-380.5738
G1X87.1523Y-380.6828
G1X85.9200Y-381.9151
G1X85.8351Y-382.0241
G1X85.7883Y-382.1345
G1X85.7757Y-382.2369
G1X85.7934Y-382.3224
G1X85.8374Y-382.3814
G1X85.9037Y-382.4050
G1X85.9885Y-382.3838
G1X86.0878Y-382.3086
G1X87.3201Y-381.0763
G1X87.4194Y-381.0011
G1X87.5042Y-380.9799
G1X87.5705Y-381.0035
G1X87.6144Y-381.0626
G1X87.6321Y-381.1480
G1X87.6195Y-381.2504
G1X87.5727Y-381.3608
G1X87.4879Y-381.4698
G1X86.2555Y-382.7021
G1X86.1707Y-382.8111
G1X86.1239Y-382.9215
G1X86.1113Y-383.0239
G1X86.1290Y-383.1093
G1X86.1729Y-383.1684
G1X86.2393Y-383.1920
G1X86.3240Y-383.1708
G1X86.4233Y-383.0956
G1X87.6556Y-381.8633
G1X87.7549Y-381.7881
G1X87.8397Y-381.7669
G1X87.9060Y-381.7905
G1X87.9500Y-381.8495
G1X87.9677Y-381.9350
G1X87.9551Y-382.0374
G1X87.9083Y-382.1478
G1X87.8234Y-382.2568
G1X86.5911Y-383.4891
G1X86.5062Y-383.5981
G1X86.4595Y-383.7084
G1X86.4469Y-383.8109
G1X86.4645Y-383.8963
G1X86.5085Y-383.9554
G1X86.5748Y-383.9789
G1X86.6596Y-383.9577
G1X86.7589Y-383.8826
G1X87.9912Y-382.6503
G1X88.0905Y-382.5751
G1X88.1753Y-382.5539
G1X88.2416Y-382.5774
G1X88.2856Y-382.6365
G1X88.3032Y-382.7219
G1X88.2906Y-382.8244
G1X88.2439Y-382.9348
G1X88.1590Y-383.0437
G1X86.9267Y-384.2761
G1X86.8418Y-384.3850
G1X86.7950Y-384.4954
G1X86.7824Y-384.5979
G1X86.8001Y-384.6833
G1X86.8440Y-384.7424
G1X86.9104Y-384.7659
G1X86.9952Y-384.7447
G1X87.0945Y-384.6695
G1X88.3267Y-383.4372
G1X88.4260Y-383.3621
G1X88.5108Y-383.3408
G1X88.5772Y-383.3644
G1X88.6211Y-383.4235
G1X88.6388Y-383.5089
G1X88.6262Y-383.6114
G1X88.5794Y-383.7217
G1X88.4945Y-383.8307
G1X87.2622Y-385.0630
G1X87.1773Y-385.1720
G1X87.1306Y-385.2824
G1X87.1180Y-385.3849
G1X87.1356Y-385.4702
G1X87.1796Y-385.5293
G1X87.2459Y-385.5529
G1X87.3307Y-385.5317
G1X87.4300Y-385.4565
G1X88.6623Y-384.2242
G1X88.7616Y-384.1490
G1X88.8464Y-384.1278
G1X88.9127Y-384.1514
G1X88.9567Y-384.2105
G1X88.9743Y-384.2959
G1X88.9617Y-384.3984
G1X88.9150Y-384.5087
G1X88.8301Y-384.6177
G1X87.7631Y-385.6847
G1X87.6951Y-385.7768
G1X87.6929Y-385.8426
G1X87.7433Y-385.8821
G1X87.8332Y-385.8952
G1X87.9494Y-385.8821
G1X88.0788Y-385.8426
G1X88.2081Y-385.7768
G1X88.3243Y-385.6847
G1X88.9979Y-385.0112
G1X89.0972Y-384.9360
G1X89.1820Y-384.9148
G1X89.2483Y-384.9383
G1X89.2922Y-384.9975
G1X89.3099Y-385.0828
G1X89.2973Y-385.1853
G1X89.2505Y-385.2957
G1X89.1657Y-385.4046
G1X88.8289Y-385.7414
G1X88.7847Y-385.8168
G1X88.8146Y-385.8670
G1X88.8991Y-385.8921
G1X89.0186Y-385.8921
G1X89.1534Y-385.8670
G1X89.2837Y-385.8168
G1X89.3902Y-385.7414
G1X89.5439Y-385.5877
G1 Z0F20000
(Start Block)

G1X57.4333Y-348.9858
G1Z6F20000
(Plotting speed under)
G1 F8000

G1X58.7908Y-353.4837
G1X60.2601Y-357.9816
G1X63.7001Y-367.5067
G1X61.0542Y-367.5067
G1X57.6143Y-357.9816
G1X56.1450Y-353.4837
G1X54.7875Y-348.9858
G1X57.4333Y-348.9858
G1 Z0F20000
(Start Block)

G1X55.5220Y-349.1181
G1Z6F20000
(Plotting speed under)
G1 F8000

G1X55.3051Y-349.3350
G1X55.2186Y-349.4456
G1X55.1676Y-349.5603
G1X55.1490Y-349.6688
G1X55.1597Y-349.7611
G1X55.1967Y-349.8271
G1X55.2570Y-349.8567
G1X55.3376Y-349.8397
G1X55.4352Y-349.7662
G1X55.8728Y-349.3286
G1X55.9890Y-349.2365
G1X56.1184Y-349.1707
G1X56.2477Y-349.1312
G1X56.3640Y-349.1181
G1X56.4538Y-349.1312
G1X56.5043Y-349.1707
G1X56.5021Y-349.2365
G1X56.4341Y-349.3286
G1X55.5653Y-350.1973
G1X55.4788Y-350.3079
G1X55.4278Y-350.4226
G1X55.4092Y-350.5311
G1X55.4199Y-350.6234
G1X55.4570Y-350.6894
G1X55.5173Y-350.7190
G1X55.5978Y-350.7020
G1X55.6955Y-350.6285
G1X56.9954Y-349.3286
G1X57.1112Y-349.2439
G1X57.2127Y-349.2225
G1X57.2918Y-349.2530
G1X57.3407Y-349.3236
G1X57.3511Y-349.4228
G1X57.3152Y-349.5390
G1X57.2248Y-349.6604
G1X55.8256Y-351.0596
G1X55.7391Y-351.1702
G1X55.6880Y-351.2848
G1X55.6694Y-351.3934
G1X55.6802Y-351.4857
G1X55.7172Y-351.5517
G1X55.7775Y-351.5812
G1X55.8580Y-351.5643
G1X55.9557Y-351.4908
G1X57.3549Y-350.0916
G1X57.4526Y-350.0180
G1X57.5331Y-350.0011
G1X57.5934Y-350.0307
G1X57.6304Y-350.0967
G1X57.6412Y-350.1890
G1X57.6226Y-350.2975
G1X57.5715Y-350.4121
G1X57.4850Y-350.5227
G1X56.0858Y-351.9219
G1X55.9993Y-352.0325
G1X55.9483Y-352.1471
G1X55.9297Y-352.2556
G1X55.9404Y-352.3480
G1X55.9774Y-352.4140
G1X56.0377Y-352.4436
G1X56.1183Y-352.4266
G1X56.2159Y-352.3531
G1X57.6151Y-350.9539
G1X57.7128Y-350.8803
G1X57.7933Y-350.8634
G1X57.8536Y-350.8930
G1X57.8907Y-350.9590
G1X57.9014Y-351.0513
G1X57.8828Y-351.1598
G1X57.8318Y-351.2744
G1X57.7453Y-351.3850
G1X56.3461Y-352.7842
G1X56.2595Y-352.8948
G1X56.2085Y-353.0095
G1X56.1898Y-353.1181
G1X56.2005Y-353.2104
G1X56.2375Y-353.2765
G1X56.2977Y-353.3061
G1X56.3782Y-353.2892
G1X56.4758Y-353.2157
G1X57.8754Y-351.8162
G1X57.9730Y-351.7426
G1X58.0536Y-351.7257
G1X58.1139Y-351.7553
G1X58.1509Y-351.8213
G1X58.1616Y-351.9136
G1X58.1430Y-352.0221
G1X58.0920Y-352.1367
G1X58.0055Y-352.2473
G1X56.6140Y-353.6388
G1X56.5279Y-353.7490
G1X56.4778Y-353.8627
G1X56.4604Y-353.9699
G1X56.4727Y-354.0608
G1X56.5112Y-354.1253
G1X56.5728Y-354.1536
G1X56.6542Y-354.1357
G1X56.7522Y-354.0618
G1X58.1356Y-352.6784
G1X58.2333Y-352.6049
G1X58.3138Y-352.5880
G1X58.3741Y-352.6175
G1X58.4111Y-352.6836
G1X58.4219Y-352.7759
G1X58.4033Y-352.8844
G1X58.3522Y-352.9990
G1X58.2657Y-353.1096
G1X56.8904Y-354.4849
G1X56.8043Y-354.5952
G1X56.7542Y-354.7089
G1X56.7368Y-354.8161
G1X56.7491Y-354.9069
G1X56.7876Y-354.9714
G1X56.8492Y-354.9997
G1X56.9306Y-354.9819
G1X57.0286Y-354.9080
G1X58.3958Y-353.5408
G1X58.4937Y-353.4670
G1X58.5747Y-353.4496
G1X58.6357Y-353.4784
G1X58.6736Y-353.5436
G1X58.6852Y-353.6351
G1X58.6673Y-353.7429
G1X58.6167Y-353.8570
G1X58.5304Y-353.9674
G1X57.1668Y-355.3310
G1X57.0807Y-355.4413
G1X57.0306Y-355.5550
G1X57.0132Y-355.6622
G1X57.0255Y-355.7530
G1X57.0640Y-355.8176
G1X57.1256Y-355.8459
G1X57.2070Y-355.8280
G1X57.3050Y-355.7541
G1X58.6686Y-354.3905
G1X58.7667Y-354.3166
G1X58.8481Y-354.2988
G1X58.9097Y-354.3270
G1X58.9482Y-354.3915
G1X58.9604Y-354.4824
G1X58.9431Y-354.5896
G1X58.8930Y-354.7033
G1X58.8068Y-354.8136
G1X57.4432Y-356.1772
G1X57.3571Y-356.2874
G1X57.3070Y-356.4011
G1X57.2896Y-356.5083
G1X57.3018Y-356.5992
G1X57.3404Y-356.6637
G1X57.4020Y-356.6920
G1X57.4834Y-356.6741
G1X57.5814Y-356.6002
G1X58.9450Y-355.2366
G1X59.0430Y-355.1627
G1X59.1245Y-355.1449
G1X59.1861Y-355.1732
G1X59.2246Y-355.2377
G1X59.2368Y-355.3285
G1X59.2195Y-355.4358
G1X59.1694Y-355.5494
G1X59.0832Y-355.6597
G1X57.7196Y-357.0233
G1X57.6335Y-357.1336
G1X57.5834Y-357.2473
G1X57.5660Y-357.3545
G1X57.5783Y-357.4453
G1X57.6168Y-357.5098
G1X57.6784Y-357.5381
G1X57.7598Y-357.5203
G1X57.8578Y-357.4464
G1X59.2214Y-356.0828
G1X59.3195Y-356.0089
G1X59.4009Y-355.9910
G1X59.4625Y-356.0193
G1X59.5010Y-356.0838
G1X59.5132Y-356.1747
G1X59.4959Y-356.2819
G1X59.4458Y-356.3956
G1X59.3596Y-356.5058
G1X57.9996Y-357.8659
G1X57.9139Y-357.9757
G1X57.8650Y-358.0881
G1X57.8494Y-358.1936
G1X57.8636Y-358.2825
G1X57.9041Y-358.3451
G1X57.9674Y-358.3716
G1X58.0500Y-358.3526
G1X58.1485Y-358.2782
G1X59.4978Y-356.9289
G1X59.5958Y-356.8550
G1X59.6773Y-356.8371
G1X59.7389Y-356.8655
G1X59.7774Y-356.9300
G1X59.7896Y-357.0208
G1X59.7723Y-357.1280
G1X59.7222Y-357.2417
G1X59.6360Y-357.3520
G1X58.2975Y-358.6906
G1X58.2118Y-358.8004
G1X58.1629Y-358.9128
G1X58.1472Y-359.0183
G1X58.1614Y-359.1072
G1X58.2019Y-359.1698
G1X58.2653Y-359.1963
G1X58.3479Y-359.1773
G1X58.4464Y-359.1029
G1X59.7742Y-357.7750
G1X59.8723Y-357.7011
G1X59.9537Y-357.6833
G1X60.0153Y-357.7116
G1X60.0538Y-357.7761
G1X60.0660Y-357.8669
G1X60.0487Y-357.9741
G1X59.9986Y-358.0879
G1X59.9124Y-358.1981
G1X58.5953Y-359.5153
G1X58.5096Y-359.6251
G1X58.4607Y-359.7375
G1X58.4451Y-359.8431
G1X58.4593Y-359.9319
G1X58.4998Y-359.9944
G1X58.5631Y-360.0210
G1X58.6457Y-360.0020
G1X58.7442Y-359.9276
G1X60.0604Y-358.6114
G1X60.1589Y-358.5370
G1X60.2415Y-358.5180
G1X60.3048Y-358.5446
G1X60.3454Y-358.6071
G1X60.3595Y-358.6960
G1X60.3439Y-358.8015
G1X60.2950Y-358.9139
G1X60.2093Y-359.0237
G1X58.8931Y-360.3399
G1X58.8074Y-360.4497
G1X58.7585Y-360.5622
G1X58.7429Y-360.6677
G1X58.7571Y-360.7566
G1X58.7976Y-360.8192
G1X58.8609Y-360.8457
G1X58.9436Y-360.8267
G1X59.0420Y-360.7523
G1X60.3582Y-359.4361
G1X60.4567Y-359.3617
G1X60.5394Y-359.3427
G1X60.6027Y-359.3692
G1X60.6432Y-359.4318
G1X60.6574Y-359.5207
G1X60.6417Y-359.6261
G1X60.5928Y-359.7386
G1X60.5072Y-359.8485
G1X59.1909Y-361.1646
G1X59.1053Y-361.2744
G1X59.0564Y-361.3869
G1X59.0408Y-361.4924
G1X59.0550Y-361.5813
G1X59.0954Y-361.6438
G1X59.1587Y-361.6704
G1X59.2414Y-361.6513
G1X59.3399Y-361.5770
G1X60.6561Y-360.2608
G1X60.7546Y-360.1864
G1X60.8372Y-360.1674
G1X60.9005Y-360.1939
G1X60.9410Y-360.2565
G1X60.9552Y-360.3453
G1X60.9396Y-360.4509
G1X60.8907Y-360.5633
G1X60.8050Y-360.6731
G1X59.4888Y-361.9893
G1X59.4031Y-362.0991
G1X59.3542Y-362.2116
G1X59.3386Y-362.3171
G1X59.3528Y-362.4060
G1X59.3933Y-362.4685
G1X59.4566Y-362.4951
G1X59.5392Y-362.4761
G1X59.6377Y-362.4017
G1X60.9539Y-361.0855
G1X61.0524Y-361.0111
G1X61.1351Y-360.9921
G1X61.1984Y-361.0186
G1X61.2389Y-361.0812
G1X61.2530Y-361.1700
G1X61.2374Y-361.2755
G1X61.1885Y-361.3880
G1X61.1028Y-361.4978
G1X59.7866Y-362.8140
G1X59.7010Y-362.9238
G1X59.6520Y-363.0363
G1X59.6364Y-363.1418
G1X59.6506Y-363.2307
G1X59.6911Y-363.2932
G1X59.7544Y-363.3198
G1X59.8371Y-363.3007
G1X59.9356Y-363.2264
G1X61.2518Y-361.9102
G1X61.3502Y-361.8358
G1X61.4329Y-361.8167
G1X61.4962Y-361.8433
G1X61.5367Y-361.9059
G1X61.5509Y-361.9947
G1X61.5353Y-362.1002
G1X61.4864Y-362.2127
G1X61.4007Y-362.3225
G1X60.0845Y-363.6387
G1X59.9988Y-363.7485
G1X59.9499Y-363.8610
G1X59.9343Y-363.9665
G1X59.9485Y-364.0554
G1X59.9890Y-364.1179
G1X60.0523Y-364.1445
G1X60.1349Y-364.1254
G1X60.2334Y-364.0511
G1X61.5496Y-362.7349
G1X61.6481Y-362.6605
G1X61.7307Y-362.6414
G1X61.7940Y-362.6680
G1X61.8345Y-362.7306
G1X61.8487Y-362.8194
G1X61.8331Y-362.9249
G1X61.7842Y-363.0374
G1X61.6985Y-363.1472
G1X60.3823Y-364.4634
G1X60.2966Y-364.5732
G1X60.2477Y-364.6857
G1X60.2321Y-364.7912
G1X60.2463Y-364.8801
G1X60.2868Y-364.9426
G1X60.3501Y-364.9692
G1X60.4327Y-364.9501
G1X60.5312Y-364.8758
G1X61.8474Y-363.5596
G1X61.9459Y-363.4852
G1X62.0286Y-363.4661
G1X62.0919Y-363.4927
G1X62.1324Y-363.5553
G1X62.1466Y-363.6441
G1X62.1309Y-363.7496
G1X62.0821Y-363.8621
G1X61.9964Y-363.9719
G1X60.6802Y-365.2881
G1X60.5945Y-365.3979
G1X60.5456Y-365.5104
G1X60.5300Y-365.6159
G1X60.5441Y-365.7048
G1X60.5846Y-365.7673
G1X60.6480Y-365.7939
G1X60.7306Y-365.7748
G1X60.8291Y-365.7005
G1X62.1453Y-364.3843
G1X62.2438Y-364.3099
G1X62.3264Y-364.2908
G1X62.3897Y-364.3174
G1X62.4302Y-364.3800
G1X62.4444Y-364.4688
G1X62.4288Y-364.5743
G1X62.3799Y-364.6868
G1X62.2942Y-364.7966
G1X60.9780Y-366.1128
G1X60.8923Y-366.2226
G1X60.8434Y-366.3351
G1X60.8278Y-366.4406
G1X60.8420Y-366.5295
G1X60.8825Y-366.5920
G1X60.9458Y-366.6186
G1X61.0284Y-366.5995
G1X61.1269Y-366.5252
G1X62.4431Y-365.2090
G1X62.5416Y-365.1346
G1X62.6242Y-365.1155
G1X62.6876Y-365.1421
G1X62.7281Y-365.2047
G1X62.7422Y-365.2935
G1X62.7266Y-365.3990
G1X62.6777Y-365.5115
G1X62.5920Y-365.6213
G1X61.2758Y-366.9375
G1X61.1913Y-367.0531
G1X61.1704Y-367.1542
G1X61.2015Y-367.2328
G1X61.2727Y-367.2810
G1X61.3725Y-367.2908
G1X61.4891Y-367.2544
G1X61.6107Y-367.1639
G1X62.7409Y-366.0336
G1X62.8394Y-365.9593
G1X62.9221Y-365.9402
G1X62.9854Y-365.9668
G1X63.0259Y-366.0294
G1X63.0401Y-366.1182
G1X63.0245Y-366.2237
G1X62.9756Y-366.3362
G1X62.8899Y-366.4460
G1X62.1720Y-367.1639
G1X62.1040Y-367.2560
G1X62.1018Y-367.3217
G1X62.1522Y-367.3612
G1X62.2422Y-367.3744
G1X62.3584Y-367.3612
G1X62.4877Y-367.3217
G1X62.6171Y-367.2560
G1X62.7332Y-367.1639
G1X63.0922Y-366.8049
G1X63.1905Y-366.7482
G1X63.2704Y-366.7722
G1X63.3237Y-366.8540
G1X63.3421Y-366.9708
G1X63.3173Y-367.0995
G1X63.2411Y-367.2173
G1X63.0841Y-367.3744
G1 Z0F20000
(Start Block)

G1X45.1792Y-367.5067
G1Z6F20000
(Plotting speed under)
G1 F8000

G1X48.6593Y-376.2379
G1X52.8336Y-386.0275
G1X50.1877Y-386.0275
G1X46.0135Y-376.2379
G1X42.5334Y-367.5067
G1X45.1792Y-367.5067
G1 Z0F20000
(Start Block)

G1X42.9489Y-367.6390
G1Z6F20000
(Plotting speed under)
G1 F8000

G1X42.8701Y-367.7177
G1X42.8363Y-367.8099
G1X42.8508Y-367.9346
G1X42.8981Y-368.0534
G1X42.9630Y-368.1277
G1X43.0301Y-368.1190
G1X43.2997Y-367.8494
G1X43.4159Y-367.7573
G1X43.5452Y-367.6916
G1X43.6746Y-367.6521
G1X43.7908Y-367.6390
G1X43.8807Y-367.6521
G1X43.9311Y-367.6916
G1X43.9289Y-367.7573
G1X43.8609Y-367.8494
G1X43.3217Y-368.3886
G1X43.2365Y-368.4980
G1X43.1888Y-368.6092
G1X43.1750Y-368.7129
G1X43.1912Y-368.7998
G1X43.2337Y-368.8603
G1X43.2988Y-368.8851
G1X43.3827Y-368.8648
G1X43.4817Y-368.7900
G1X44.4222Y-367.8494
G1X44.5352Y-367.7605
G1X44.6561Y-367.7032
G1X44.7735Y-367.6757
G1X44.8760Y-367.6763
G1X44.9522Y-367.7031
G1X44.9906Y-367.7545
G1X44.9800Y-367.8288
G1X44.9088Y-367.9241
G1X43.6416Y-369.1913
G1X43.5564Y-369.3006
G1X43.5087Y-369.4118
G1X43.4949Y-369.5156
G1X43.5111Y-369.6024
G1X43.5536Y-369.6629
G1X43.6187Y-369.6877
G1X43.7026Y-369.6674
G1X43.8016Y-369.5926
G1X45.0688Y-368.3254
G1X45.1677Y-368.2505
G1X45.2516Y-368.2302
G1X45.3167Y-368.2550
G1X45.3592Y-368.3156
G1X45.3754Y-368.4024
G1X45.3616Y-368.5061
G1X45.3139Y-368.6174
G1X45.2287Y-368.7267
G1X43.9615Y-369.9939
G1X43.8763Y-370.1032
G1X43.8287Y-370.2145
G1X43.8148Y-370.3182
G1X43.8310Y-370.4050
G1X43.8735Y-370.4656
G1X43.9386Y-370.4904
G1X44.0225Y-370.4700
G1X44.1215Y-370.3952
G1X45.3887Y-369.1280
G1X45.4876Y-369.0532
G1X45.5715Y-369.0329
G1X45.6366Y-369.0577
G1X45.6791Y-369.1182
G1X45.6953Y-369.2050
G1X45.6815Y-369.3088
G1X45.6338Y-369.4200
G1X45.5486Y-369.5293
G1X44.2814Y-370.7965
G1X44.1962Y-370.9058
G1X44.1486Y-371.0171
G1X44.1347Y-371.1208
G1X44.1509Y-371.2077
G1X44.1935Y-371.2682
G1X44.2585Y-371.2930
G1X44.3424Y-371.2727
G1X44.4414Y-371.1978
G1X45.7086Y-369.9306
G1X45.8075Y-369.8558
G1X45.8914Y-369.8355
G1X45.9565Y-369.8603
G1X45.9991Y-369.9208
G1X46.0152Y-370.0076
G1X46.0014Y-370.1114
G1X45.9538Y-370.2226
G1X45.8685Y-370.3319
G1X44.6013Y-371.5991
G1X44.5161Y-371.7085
G1X44.4685Y-371.8197
G1X44.4546Y-371.9234
G1X44.4708Y-372.0103
G1X44.5134Y-372.0708
G1X44.5785Y-372.0956
G1X44.6624Y-372.0753
G1X44.7613Y-372.0005
G1X46.0285Y-370.7333
G1X46.1275Y-370.6584
G1X46.2114Y-370.6381
G1X46.2764Y-370.6629
G1X46.3190Y-370.7234
G1X46.3352Y-370.8103
G1X46.3213Y-370.9140
G1X46.2737Y-371.0252
G1X46.1884Y-371.1346
G1X44.9212Y-372.4018
G1X44.8361Y-372.5111
G1X44.7884Y-372.6223
G1X44.7746Y-372.7260
G1X44.7908Y-372.8129
G1X44.8333Y-372.8734
G1X44.8984Y-372.8982
G1X44.9823Y-372.8779
G1X45.0812Y-372.8031
G1X46.3484Y-371.5359
G1X46.4474Y-371.4610
G1X46.5313Y-371.4407
G1X46.5964Y-371.4655
G1X46.6389Y-371.5261
G1X46.6551Y-371.6129
G1X46.6412Y-371.7166
G1X46.5936Y-371.8279
G1X46.5084Y-371.9372
G1X45.2412Y-373.2044
G1X45.1560Y-373.3137
G1X45.1083Y-373.4249
G1X45.0945Y-373.5287
G1X45.1107Y-373.6155
G1X45.1532Y-373.6760
G1X45.2183Y-373.7009
G1X45.3022Y-373.6805
G1X45.4011Y-373.6057
G1X46.6683Y-372.3385
G1X46.7673Y-372.2637
G1X46.8512Y-372.2433
G1X46.9163Y-372.2682
G1X46.9588Y-372.3287
G1X46.9750Y-372.4155
G1X46.9611Y-372.5192
G1X46.9135Y-372.6305
G1X46.8283Y-372.7398
G1X45.5611Y-374.0070
G1X45.4759Y-374.1163
G1X45.4282Y-374.2276
G1X45.4144Y-374.3313
G1X45.4306Y-374.4181
G1X45.4731Y-374.4786
G1X45.5382Y-374.5035
G1X45.6221Y-374.4831
G1X45.7210Y-374.4083
G1X46.9882Y-373.1411
G1X47.0872Y-373.0663
G1X47.1711Y-373.0460
G1X47.2362Y-373.0708
G1X47.2787Y-373.1313
G1X47.2949Y-373.2181
G1X47.2810Y-373.3219
G1X47.2334Y-373.4331
G1X47.1482Y-373.5424
G1X45.8810Y-374.8096
G1X45.7958Y-374.9190
G1X45.7481Y-375.0302
G1X45.7343Y-375.1339
G1X45.7505Y-375.2208
G1X45.7930Y-375.2813
G1X45.8581Y-375.3061
G1X45.9420Y-375.2858
G1X46.0409Y-375.2109
G1X47.3081Y-373.9437
G1X47.4071Y-373.8689
G1X47.4910Y-373.8486
G1X47.5561Y-373.8734
G1X47.5986Y-373.9339
G1X47.6148Y-374.0208
G1X47.6009Y-374.1245
G1X47.5533Y-374.2357
G1X47.4681Y-374.3451
G1X46.2009Y-375.6123
G1X46.1157Y-375.7216
G1X46.0682Y-375.8327
G1X46.0544Y-375.9363
G1X46.0708Y-376.0230
G1X46.1134Y-376.0834
G1X46.1786Y-376.1081
G1X46.2626Y-376.0877
G1X46.3616Y-376.0129
G1X47.6280Y-374.7464
G1X47.7270Y-374.6715
G1X47.8109Y-374.6512
G1X47.8760Y-374.6760
G1X47.9185Y-374.7365
G1X47.9347Y-374.8234
G1X47.9209Y-374.9271
G1X47.8732Y-375.0383
G1X47.7880Y-375.1477
G1X46.5294Y-376.4063
G1X46.4445Y-376.5153
G1X46.3977Y-376.6257
G1X46.3851Y-376.7282
G1X46.4028Y-376.8135
G1X46.4467Y-376.8727
G1X46.5131Y-376.8962
G1X46.5978Y-376.8750
G1X46.6971Y-376.7998
G1X47.9480Y-375.5490
G1X48.0469Y-375.4741
G1X48.1308Y-375.4538
G1X48.1959Y-375.4786
G1X48.2384Y-375.5392
G1X48.2546Y-375.6260
G1X48.2408Y-375.7297
G1X48.1931Y-375.8410
G1X48.1079Y-375.9503
G1X46.8649Y-377.1933
G1X46.7801Y-377.3023
G1X46.7333Y-377.4126
G1X46.7207Y-377.5151
G1X46.7383Y-377.6005
G1X46.7823Y-377.6596
G1X46.8486Y-377.6832
G1X46.9334Y-377.6620
G1X47.0327Y-377.5868
G1X48.2679Y-376.3516
G1X48.3671Y-376.2765
G1X48.4515Y-376.2557
G1X48.5174Y-376.2797
G1X48.5608Y-376.3393
G1X48.5779Y-376.4252
G1X48.5649Y-376.5282
G1X48.5178Y-376.6389
G1X48.4328Y-376.7480
G1X47.2005Y-377.9803
G1X47.1156Y-378.0893
G1X47.0688Y-378.1996
G1X47.0563Y-378.3021
G1X47.0739Y-378.3875
G1X47.1178Y-378.4466
G1X47.1842Y-378.4701
G1X47.2689Y-378.4489
G1X47.3682Y-378.3738
G1X48.6006Y-377.1414
G1X48.6999Y-377.0663
G1X48.7846Y-377.0451
G1X48.8510Y-377.0686
G1X48.8949Y-377.1277
G1X48.9126Y-377.2131
G1X48.9000Y-377.3156
G1X48.8532Y-377.4259
G1X48.7683Y-377.5349
G1X47.5360Y-378.7673
G1X47.4512Y-378.8762
G1X47.4044Y-378.9866
G1X47.3918Y-379.0891
G1X47.4094Y-379.1745
G1X47.4534Y-379.2336
G1X47.5197Y-379.2571
G1X47.6045Y-379.2359
G1X47.7038Y-379.1607
G1X48.9361Y-377.9284
G1X49.0354Y-377.8532
G1X49.1202Y-377.8321
G1X49.1865Y-377.8556
G1X49.2305Y-377.9147
G1X49.2481Y-378.0001
G1X49.2355Y-378.1026
G1X49.1888Y-378.2129
G1X49.1039Y-378.3219
G1X47.8716Y-379.5542
G1X47.7867Y-379.6632
G1X47.7400Y-379.7736
G1X47.7274Y-379.8760
G1X47.7450Y-379.9615
G1X47.7890Y-380.0205
G1X47.8553Y-380.0441
G1X47.9401Y-380.0229
G1X48.0394Y-379.9477
G1X49.2717Y-378.7154
G1X49.3710Y-378.6402
G1X49.4558Y-378.6190
G1X49.5221Y-378.6426
G1X49.5661Y-378.7017
G1X49.5837Y-378.7871
G1X49.5711Y-378.8895
G1X49.5243Y-378.9999
G1X49.4395Y-379.1089
G1X48.2072Y-380.3412
G1X48.1223Y-380.4502
G1X48.0755Y-380.5605
G1X48.0629Y-380.6630
G1X48.0806Y-380.7484
G1X48.1245Y-380.8075
G1X48.1909Y-380.8311
G1X48.2756Y-380.8099
G1X48.3749Y-380.7347
G1X49.6073Y-379.5024
G1X49.7065Y-379.4272
G1X49.7913Y-379.4060
G1X49.8577Y-379.4296
G1X49.9016Y-379.4886
G1X49.9193Y-379.5740
G1X49.9067Y-379.6765
G1X49.8599Y-379.7869
G1X49.7750Y-379.8959
G1X48.5427Y-381.1282
G1X48.4579Y-381.2372
G1X48.4111Y-381.3475
G1X48.3985Y-381.4500
G1X48.4161Y-381.5354
G1X48.4601Y-381.5945
G1X48.5264Y-381.6180
G1X48.6112Y-381.5968
G1X48.7105Y-381.5216
G1X49.9428Y-380.2893
G1X50.0421Y-380.2142
G1X50.1269Y-380.1930
G1X50.1932Y-380.2165
G1X50.2372Y-380.2756
G1X50.2548Y-380.3610
G1X50.2422Y-380.4635
G1X50.1955Y-380.5738
G1X50.1106Y-380.6828
G1X48.8783Y-381.9151
G1X48.7934Y-382.0241
G1X48.7466Y-382.1345
G1X48.7341Y-382.2369
G1X48.7517Y-382.3224
G1X48.7956Y-382.3814
G1X48.8620Y-382.4050
G1X48.9468Y-382.3838
G1X49.0461Y-382.3086
G1X50.2784Y-381.0763
G1X50.3777Y-381.0011
G1X50.4624Y-380.9799
G1X50.5288Y-381.0035
G1X50.5727Y-381.0626
G1X50.5904Y-381.1480
G1X50.5778Y-381.2504
G1X50.5310Y-381.3608
G1X50.4461Y-381.4698
G1X49.2138Y-382.7021
G1X49.1290Y-382.8111
G1X49.0822Y-382.9215
G1X49.0696Y-383.0239
G1X49.0872Y-383.1093
G1X49.1312Y-383.1684
G1X49.1976Y-383.1920
G1X49.2823Y-383.1708
G1X49.3816Y-383.0956
G1X50.6139Y-381.8633
G1X50.7132Y-381.7881
G1X50.7980Y-381.7669
G1X50.8643Y-381.7905
G1X50.9083Y-381.8495
G1X50.9259Y-381.9350
G1X50.9133Y-382.0374
G1X50.8666Y-382.1478
G1X50.7817Y-382.2568
G1X49.5494Y-383.4891
G1X49.4645Y-383.5981
G1X49.4178Y-383.7084
G1X49.4052Y-383.8109
G1X49.4228Y-383.8963
G1X49.4668Y-383.9554
G1X49.5331Y-383.9789
G1X49.6179Y-383.9577
G1X49.7172Y-383.8826
G1X50.9495Y-382.6503
G1X51.0488Y-382.5751
G1X51.1336Y-382.5539
G1X51.1999Y-382.5774
G1X51.2439Y-382.6365
G1X51.2615Y-382.7219
G1X51.2489Y-382.8244
G1X51.2021Y-382.9348
G1X51.1173Y-383.0437
G1X49.8850Y-384.2761
G1X49.8001Y-384.3850
G1X49.7533Y-384.4954
G1X49.7407Y-384.5979
G1X49.7584Y-384.6833
G1X49.8023Y-384.7424
G1X49.8687Y-384.7659
G1X49.9534Y-384.7447
G1X50.0527Y-384.6695
G1X51.2851Y-383.4372
G1X51.3843Y-383.3621
G1X51.4691Y-383.3408
G1X51.5355Y-383.3644
G1X51.5794Y-383.4235
G1X51.5971Y-383.5089
G1X51.5845Y-383.6114
G1X51.5377Y-383.7217
G1X51.4528Y-383.8307
G1X50.2205Y-385.0630
G1X50.1357Y-385.1720
G1X50.0889Y-385.2824
G1X50.0763Y-385.3849
G1X50.0939Y-385.4702
G1X50.1379Y-385.5293
G1X50.2042Y-385.5529
G1X50.2890Y-385.5317
G1X50.3883Y-385.4565
G1X51.6206Y-384.2242
G1X51.7199Y-384.1490
G1X51.8047Y-384.1278
G1X51.8710Y-384.1514
G1X51.9150Y-384.2105
G1X51.9326Y-384.2959
G1X51.9200Y-384.3984
G1X51.8733Y-384.5087
G1X51.7884Y-384.6177
G1X50.7213Y-385.6847
G1X50.6534Y-385.7768
G1X50.6512Y-385.8426
G1X50.7016Y-385.8821
G1X50.7915Y-385.8952
G1X50.9077Y-385.8821
G1X51.0371Y-385.8426
G1X51.1664Y-385.7768
G1X51.2826Y-385.6847
G1X51.9562Y-385.0112
G1X52.0555Y-384.9360
G1X52.1402Y-384.9148
G1X52.2066Y-384.9383
G1X52.2505Y-384.9975
G1X52.2682Y-385.0828
G1X52.2556Y-385.1853
G1X52.2088Y-385.2957
G1X52.1240Y-385.4046
G1X51.7872Y-385.7414
G1X51.7430Y-385.8168
G1X51.7729Y-385.8670
G1X51.8575Y-385.8921
G1X51.9769Y-385.8921
G1X52.1116Y-385.8670
G1X52.2420Y-385.8168
G1X52.3484Y-385.7414
G1X52.5022Y-385.5877
G1 Z0F20000
(Start Block)

G1X34.6626Y-330.4649
G1Z6F20000
(Plotting speed under)
G1 F8000

G1X35.4824Y-334.9629
G1X36.4427Y-339.4608
G1X37.6060Y-344.2233
G1X38.9125Y-348.9858
G1X36.2667Y-348.9858
G1X34.9602Y-344.2233
G1X33.7968Y-339.4608
G1X32.8366Y-334.9629
G1X32.0167Y-330.4649
G1X34.6626Y-330.4649
G1 Z0F20000
(Start Block)

G1X32.3020Y-330.5972
G1Z6F20000
(Plotting speed under)
G1 F8000

G1X32.2484Y-330.6508
G1X32.2231Y-330.7345
G1X32.2275Y-330.8694
G1X32.2531Y-331.0099
G1X32.2917Y-331.1105
G1X32.3350Y-331.1256
G1X32.6528Y-330.8077
G1X32.7690Y-330.7156
G1X32.8984Y-330.6498
G1X33.0277Y-330.6104
G1X33.1439Y-330.5972
G1X33.2338Y-330.6104
G1X33.2843Y-330.6498
G1X33.2821Y-330.7156
G1X33.2141Y-330.8077
G1X32.5784Y-331.4434
G1X32.4900Y-331.5559
G1X32.4341Y-331.6754
G1X32.4085Y-331.7909
G1X32.4112Y-331.8913
G1X32.4402Y-331.9653
G1X32.4935Y-332.0018
G1X32.5691Y-331.9898
G1X32.6649Y-331.9181
G1X33.7754Y-330.8077
G1X33.8918Y-330.7154
G1X34.0216Y-330.6492
G1X34.1516Y-330.6090
G1X34.2686Y-330.5951
G1X34.3593Y-330.6074
G1X34.4104Y-330.6462
G1X34.4087Y-330.7115
G1X34.3410Y-330.8034
G1X32.7515Y-332.3929
G1X32.6631Y-332.5054
G1X32.6071Y-332.6249
G1X32.5815Y-332.7404
G1X32.5842Y-332.8407
G1X32.6133Y-332.9147
G1X32.6666Y-332.9513
G1X32.7422Y-332.9393
G1X32.8380Y-332.8676
G1X34.4275Y-331.2781
G1X34.5233Y-331.2064
G1X34.5989Y-331.1945
G1X34.6522Y-331.2310
G1X34.6812Y-331.3050
G1X34.6840Y-331.4053
G1X34.6583Y-331.5208
G1X34.6024Y-331.6404
G1X34.5140Y-331.7529
G1X32.9245Y-333.3423
G1X32.8362Y-333.4548
G1X32.7802Y-333.5744
G1X32.7546Y-333.6899
G1X32.7573Y-333.7902
G1X32.7864Y-333.8642
G1X32.8397Y-333.9008
G1X32.9153Y-333.8888
G1X33.0111Y-333.8171
G1X34.6006Y-332.2276
G1X34.6963Y-332.1559
G1X34.7719Y-332.1439
G1X34.8252Y-332.1805
G1X34.8543Y-332.2545
G1X34.8570Y-332.3548
G1X34.8314Y-332.4703
G1X34.7754Y-332.5898
G1X34.6871Y-332.7023
G1X33.0976Y-334.2918
G1X33.0093Y-334.4043
G1X32.9534Y-334.5237
G1X32.9280Y-334.6390
G1X32.9309Y-334.7391
G1X32.9601Y-334.8130
G1X33.0136Y-334.8494
G1X33.0893Y-334.8372
G1X33.1851Y-334.7655
G1X34.7736Y-333.1771
G1X34.8694Y-333.1054
G1X34.9450Y-333.0934
G1X34.9983Y-333.1300
G1X35.0274Y-333.2040
G1X35.0301Y-333.3043
G1X35.0045Y-333.4198
G1X34.9485Y-333.5393
G1X34.8601Y-333.6518
G1X33.2839Y-335.2281
G1X33.1960Y-335.3400
G1X33.1415Y-335.4582
G1X33.1178Y-335.5717
G1X33.1228Y-335.6698
G1X33.1541Y-335.7416
G1X33.2094Y-335.7762
G1X33.2863Y-335.7628
G1X33.3826Y-335.6906
G1X34.9467Y-334.1265
G1X35.0425Y-334.0548
G1X35.1181Y-334.0429
G1X35.1714Y-334.0794
G1X35.2004Y-334.1534
G1X35.2031Y-334.2537
G1X35.1775Y-334.3692
G1X35.1216Y-334.4888
G1X35.0332Y-334.6013
G1X33.4814Y-336.1531
G1X33.3935Y-336.2651
G1X33.3389Y-336.3832
G1X33.3153Y-336.4968
G1X33.3203Y-336.5948
G1X33.3516Y-336.6666
G1X33.4068Y-336.7012
G1X33.4838Y-336.6878
G1X33.5801Y-336.6156
G1X35.1198Y-335.0760
G1X35.2159Y-335.0039
G1X35.2925Y-334.9909
G1X35.3473Y-335.0260
G1X35.3780Y-335.0984
G1X35.3824Y-335.1970
G1X35.3582Y-335.3111
G1X35.3033Y-335.4296
G1X35.2153Y-335.5417
G1X33.6789Y-337.0782
G1X33.5910Y-337.1901
G1X33.5364Y-337.3083
G1X33.5128Y-337.4218
G1X33.5178Y-337.5199
G1X33.5490Y-337.5917
G1X33.6043Y-337.6263
G1X33.6813Y-337.6129
G1X33.7776Y-337.5407
G1X35.3141Y-336.0042
G1X35.4104Y-335.9320
G1X35.4873Y-335.9186
G1X35.5426Y-335.9532
G1X35.5739Y-336.0250
G1X35.5789Y-336.1231
G1X35.5552Y-336.2366
G1X35.5006Y-336.3548
G1X35.4128Y-336.4667
G1X33.8763Y-338.0032
G1X33.7885Y-338.1152
G1X33.7339Y-338.2333
G1X33.7103Y-338.3469
G1X33.7152Y-338.4449
G1X33.7465Y-338.5167
G1X33.8018Y-338.5513
G1X33.8787Y-338.5379
G1X33.9751Y-338.4657
G1X35.5115Y-336.9293
G1X35.6079Y-336.8570
G1X35.6848Y-336.8437
G1X35.7401Y-336.8783
G1X35.7714Y-336.9500
G1X35.7764Y-337.0481
G1X35.7527Y-337.1617
G1X35.6981Y-337.2798
G1X35.6103Y-337.3918
G1X34.0738Y-338.9283
G1X33.9862Y-339.0400
G1X33.9321Y-339.1577
G1X33.9091Y-339.2706
G1X33.9148Y-339.3679
G1X33.9469Y-339.4389
G1X34.0028Y-339.4728
G1X34.0803Y-339.4590
G1X34.1768Y-339.3866
G1X35.7090Y-337.8543
G1X35.8054Y-337.7821
G1X35.8823Y-337.7687
G1X35.9376Y-337.8033
G1X35.9689Y-337.8751
G1X35.9739Y-337.9732
G1X35.9502Y-338.0867
G1X35.8956Y-338.2049
G1X35.8078Y-338.3168
G1X34.2869Y-339.8377
G1X34.1996Y-339.9491
G1X34.1463Y-340.0660
G1X34.1245Y-340.1777
G1X34.1316Y-340.2737
G1X34.1649Y-340.3433
G1X34.2221Y-340.3761
G1X34.3003Y-340.3614
G1X34.3971Y-340.2887
G1X35.9065Y-338.7794
G1X36.0028Y-338.7071
G1X36.0798Y-338.6938
G1X36.1351Y-338.7284
G1X36.1664Y-338.8001
G1X36.1713Y-338.8982
G1X36.1477Y-339.0118
G1X36.0931Y-339.1299
G1X36.0053Y-339.2419
G1X34.5073Y-340.7398
G1X34.4200Y-340.8513
G1X34.3667Y-340.9681
G1X34.3449Y-341.0799
G1X34.3520Y-341.1758
G1X34.3853Y-341.2455
G1X34.4424Y-341.2783
G1X34.5207Y-341.2636
G1X34.6175Y-341.1909
G1X36.1040Y-339.7044
G1X36.2008Y-339.6317
G1X36.2791Y-339.6170
G1X36.3362Y-339.6498
G1X36.3696Y-339.7194
G1X36.3767Y-339.8154
G1X36.3549Y-339.9271
G1X36.3016Y-340.0440
G1X36.2143Y-340.1554
G1X34.7277Y-341.6420
G1X34.6404Y-341.7535
G1X34.5871Y-341.8703
G1X34.5652Y-341.9820
G1X34.5723Y-342.0780
G1X34.6057Y-342.1477
G1X34.6628Y-342.1804
G1X34.7411Y-342.1658
G1X34.8379Y-342.0930
G1X36.3245Y-340.6065
G1X36.4213Y-340.5338
G1X36.4995Y-340.5191
G1X36.5567Y-340.5519
G1X36.5900Y-340.6215
G1X36.5971Y-340.7175
G1X36.5753Y-340.8292
G1X36.5220Y-340.9461
G1X36.4347Y-341.0576
G1X34.9481Y-342.5441
G1X34.8607Y-342.6556
G1X34.8074Y-342.7725
G1X34.7856Y-342.8842
G1X34.7927Y-342.9801
G1X34.8261Y-343.0498
G1X34.8832Y-343.0826
G1X34.9615Y-343.0679
G1X35.0583Y-342.9952
G1X36.5448Y-341.5086
G1X36.6416Y-341.4360
G1X36.7199Y-341.4213
G1X36.7770Y-341.4541
G1X36.8104Y-341.5237
G1X36.8175Y-341.6197
G1X36.7957Y-341.7314
G1X36.7424Y-341.8483
G1X36.6550Y-341.9597
G1X35.1684Y-343.4463
G1X35.0811Y-343.5578
G1X35.0278Y-343.6746
G1X35.0060Y-343.7864
G1X35.0131Y-343.8823
G1X35.0464Y-343.9520
G1X35.1036Y-343.9847
G1X35.1818Y-343.9701
G1X35.2786Y-343.8974
G1X36.7652Y-342.4108
G1X36.8620Y-342.3381
G1X36.9403Y-342.3234
G1X36.9974Y-342.3562
G1X37.0308Y-342.4259
G1X37.0379Y-342.5218
G1X37.0160Y-342.6335
G1X36.9627Y-342.7504
G1X36.8754Y-342.8619
G1X35.3975Y-344.3398
G1X35.3106Y-344.4508
G1X35.2586Y-344.5664
G1X35.2384Y-344.6764
G1X35.2475Y-344.7704
G1X35.2828Y-344.8382
G1X35.3416Y-344.8692
G1X35.4211Y-344.8534
G1X35.5183Y-344.7802
G1X36.9856Y-343.3130
G1X37.0824Y-343.2403
G1X37.1606Y-343.2256
G1X37.2178Y-343.2584
G1X37.2511Y-343.3280
G1X37.2582Y-343.4240
G1X37.2364Y-343.5357
G1X37.1831Y-343.6526
G1X37.0958Y-343.7641
G1X35.6392Y-345.2206
G1X35.5523Y-345.3317
G1X35.5002Y-345.4473
G1X35.4801Y-345.5573
G1X35.4891Y-345.6513
G1X35.5244Y-345.7190
G1X35.5832Y-345.7501
G1X35.6627Y-345.7342
G1X35.7600Y-345.6611
G1X37.2059Y-344.2151
G1X37.3030Y-344.1422
G1X37.3818Y-344.1270
G1X37.4396Y-344.1590
G1X37.4739Y-344.2278
G1X37.4818Y-344.3230
G1X37.4607Y-344.4339
G1X37.4080Y-344.5502
G1X37.3208Y-344.6615
G1X35.8808Y-346.1015
G1X35.7939Y-346.2125
G1X35.7418Y-346.3282
G1X35.7217Y-346.4382
G1X35.7308Y-346.5322
G1X35.7661Y-346.5999
G1X35.8249Y-346.6310
G1X35.9044Y-346.6151
G1X36.0016Y-346.5420
G1X37.4417Y-345.1019
G1X37.5389Y-345.0288
G1X37.6184Y-345.0129
G1X37.6772Y-345.0440
G1X37.7125Y-345.1117
G1X37.7216Y-345.2057
G1X37.7015Y-345.3157
G1X37.6494Y-345.4314
G1X37.5625Y-345.5424
G1X36.1225Y-346.9824
G1X36.0356Y-347.0934
G1X35.9835Y-347.2091
G1X35.9634Y-347.3191
G1X35.9724Y-347.4131
G1X36.0077Y-347.4808
G1X36.0666Y-347.5119
G1X36.1460Y-347.4960
G1X36.2433Y-347.4228
G1X37.6833Y-345.9828
G1X37.7806Y-345.9097
G1X37.8600Y-345.8938
G1X37.9189Y-345.9249
G1X37.9542Y-345.9926
G1X37.9632Y-346.0866
G1X37.9431Y-346.1966
G1X37.8910Y-346.3123
G1X37.8041Y-346.4233
G1X36.3641Y-347.8633
G1X36.2772Y-347.9743
G1X36.2252Y-348.0900
G1X36.2050Y-348.2000
G1X36.2141Y-348.2940
G1X36.2494Y-348.3617
G1X36.3082Y-348.3928
G1X36.3877Y-348.3769
G1X36.4850Y-348.3037
G1X37.9250Y-346.8637
G1X38.0222Y-346.7906
G1X38.1017Y-346.7747
G1X38.1605Y-346.8058
G1X38.1959Y-346.8735
G1X38.2049Y-346.9675
G1X38.1848Y-347.0775
G1X38.1327Y-347.1932
G1X38.0458Y-347.3042
G1X36.7069Y-348.6430
G1X36.6389Y-348.7351
G1X36.6368Y-348.8009
G1X36.6872Y-348.8403
G1X36.7771Y-348.8535
G1X36.8933Y-348.8403
G1X37.0226Y-348.8009
G1X37.1520Y-348.7351
G1X37.2682Y-348.6430
G1X38.1666Y-347.7446
G1X38.2639Y-347.6714
G1X38.3434Y-347.6556
G1X38.4021Y-347.6866
G1X38.4375Y-347.7543
G1X38.4465Y-347.8484
G1X38.4264Y-347.9584
G1X38.3743Y-348.0740
G1X38.2874Y-348.1850
G1X37.8295Y-348.6430
G1X37.7615Y-348.7351
G1X37.7593Y-348.8009
G1X37.8097Y-348.8403
G1X37.8996Y-348.8535
G1X38.0158Y-348.8403
G1X38.1452Y-348.8009
G1X38.2745Y-348.7351
G1X38.3907Y-348.6430
G1X38.6187Y-348.4150
G1 Z0F20000
(Start Block)

G1X51.3769Y-311.9441
G1Z6F20000
(Plotting speed under)
G1 F8000

G1X51.5768Y-316.4420
G1X51.9573Y-321.2045
G1X52.4737Y-325.7024
G1X53.1834Y-330.4649
G1X50.5376Y-330.4649
G1X49.8279Y-325.7024
G1X49.3115Y-321.2045
G1X48.9310Y-316.4420
G1X48.7311Y-311.9441
G1X51.3769Y-311.9441
G1 Z0F20000
(Start Block)

G1X49.4224Y-312.0764
G1Z6F20000
(Plotting speed under)
G1 F8000

G1X49.1034Y-312.3954
G1X49.0123Y-312.5106
G1X48.9493Y-312.6372
G1X48.9136Y-312.7627
G1X48.9048Y-312.8745
G1X48.9224Y-312.9601
G1X48.9657Y-313.0066
G1X49.0342Y-313.0017
G1X49.1273Y-312.9328
G1X49.7732Y-312.2868
G1X49.8894Y-312.1948
G1X50.0187Y-312.1290
G1X50.1481Y-312.0895
G1X50.2643Y-312.0764
G1X50.3542Y-312.0895
G1X50.4046Y-312.1290
G1X50.4024Y-312.1948
G1X50.3344Y-312.2868
G1X49.1511Y-313.4701
G1X49.0601Y-313.5853
G1X48.9970Y-313.7120
G1X48.9614Y-313.8375
G1X48.9526Y-313.9493
G1X48.9702Y-314.0348
G1X49.0135Y-314.0814
G1X49.0819Y-314.0765
G1X49.1750Y-314.0075
G1X50.8957Y-312.2868
G1X50.9948Y-312.2119
G1X51.0789Y-312.1914
G1X51.1443Y-312.2159
G1X51.1871Y-312.2761
G1X51.2037Y-312.3625
G1X51.1902Y-312.4659
G1X51.1428Y-312.5770
G1X51.0576Y-312.6862
G1X49.1989Y-314.5449
G1X49.1079Y-314.6601
G1X49.0448Y-314.7867
G1X49.0092Y-314.9123
G1X49.0004Y-315.0241
G1X49.0180Y-315.1096
G1X49.0612Y-315.1562
G1X49.1297Y-315.1513
G1X49.2228Y-315.0823
G1X51.0815Y-313.2236
G1X51.1746Y-313.1546
G1X51.2431Y-313.1497
G1X51.2864Y-313.1963
G1X51.3040Y-313.2818
G1X51.2952Y-313.3936
G1X51.2595Y-313.5191
G1X51.1965Y-313.6458
G1X51.1054Y-313.7609
G1X49.2467Y-315.6196
G1X49.1556Y-315.7349
G1X49.0922Y-315.8618
G1X49.0563Y-315.9877
G1X49.0471Y-316.0999
G1X49.0642Y-316.1858
G1X49.1072Y-316.2328
G1X49.1754Y-316.2281
G1X49.2684Y-316.1592
G1X51.1293Y-314.2983
G1X51.2224Y-314.2293
G1X51.2909Y-314.2244
G1X51.3342Y-314.2710
G1X51.3517Y-314.3565
G1X51.3430Y-314.4684
G1X51.3073Y-314.5939
G1X51.2442Y-314.7205
G1X51.1532Y-314.8357
G1X49.3099Y-316.6790
G1X49.2196Y-316.7934
G1X49.1586Y-316.9180
G1X49.1257Y-317.0407
G1X49.1202Y-317.1493
G1X49.1410Y-317.2316
G1X49.1871Y-317.2754
G1X49.2576Y-317.2684
G1X49.3515Y-317.1987
G1X51.1771Y-315.3731
G1X51.2702Y-315.3041
G1X51.3387Y-315.2992
G1X51.3820Y-315.3458
G1X51.3995Y-315.4313
G1X51.3907Y-315.5431
G1X51.3551Y-315.6686
G1X51.2920Y-315.7953
G1X51.2010Y-315.9105
G1X49.3930Y-317.7185
G1X49.3027Y-317.8329
G1X49.2416Y-317.9575
G1X49.2088Y-318.0802
G1X49.2033Y-318.1888
G1X49.2240Y-318.2711
G1X49.2702Y-318.3149
G1X49.3406Y-318.3079
G1X49.4345Y-318.2382
G1X51.2248Y-316.4478
G1X51.3184Y-316.3784
G1X51.3881Y-316.3723
G1X51.4331Y-316.4172
G1X51.4526Y-316.5007
G1X51.4458Y-316.6106
G1X51.4119Y-316.7344
G1X51.3500Y-316.8599
G1X51.2594Y-316.9746
G1X49.4760Y-318.7579
G1X49.3857Y-318.8724
G1X49.3247Y-318.9970
G1X49.2918Y-319.1197
G1X49.2863Y-319.2283
G1X49.3071Y-319.3106
G1X49.3532Y-319.3543
G1X49.4237Y-319.3474
G1X49.5175Y-319.2777
G1X51.3009Y-317.4943
G1X51.3948Y-317.4246
G1X51.4652Y-317.4177
G1X51.5114Y-317.4615
G1X51.5321Y-317.5437
G1X51.5266Y-317.6523
G1X51.4938Y-317.7750
G1X51.4327Y-317.8997
G1X51.3424Y-318.0141
G1X49.5591Y-319.7974
G1X49.4687Y-319.9118
G1X49.4077Y-320.0365
G1X49.3749Y-320.1592
G1X49.3693Y-320.2678
G1X49.3901Y-320.3501
G1X49.4362Y-320.3938
G1X49.5067Y-320.3869
G1X49.6006Y-320.3172
G1X51.3839Y-318.5338
G1X51.4778Y-318.4641
G1X51.5483Y-318.4572
G1X51.5944Y-318.5010
G1X51.6152Y-318.5832
G1X51.6097Y-318.6918
G1X51.5768Y-318.8145
G1X51.5158Y-318.9392
G1X51.4255Y-319.0536
G1X49.6421Y-320.8369
G1X49.5523Y-320.9508
G1X49.4926Y-321.0742
G1X49.4616Y-321.1950
G1X49.4583Y-321.3014
G1X49.4812Y-321.3815
G1X49.5292Y-321.4234
G1X49.6010Y-321.4152
G1X49.6954Y-321.3449
G1X51.4670Y-319.5733
G1X51.5608Y-319.5036
G1X51.6313Y-319.4967
G1X51.6774Y-319.5405
G1X51.6982Y-319.6227
G1X51.6927Y-319.7313
G1X51.6599Y-319.8540
G1X51.5988Y-319.9787
G1X51.5085Y-320.0931
G1X49.7532Y-321.8484
G1X49.6636Y-321.9621
G1X49.6043Y-322.0849
G1X49.5742Y-322.2050
G1X49.5716Y-322.3106
G1X49.5954Y-322.3899
G1X49.6441Y-322.4310
G1X49.7164Y-322.4223
G1X49.8110Y-322.3518
G1X51.5500Y-320.6128
G1X51.6439Y-320.5431
G1X51.7144Y-320.5362
G1X51.7605Y-320.5799
G1X51.7813Y-320.6622
G1X51.7757Y-320.7708
G1X51.7429Y-320.8935
G1X51.6818Y-321.0182
G1X51.5915Y-321.1326
G1X49.8688Y-322.8553
G1X49.7792Y-322.9690
G1X49.7200Y-323.0918
G1X49.6898Y-323.2119
G1X49.6872Y-323.3175
G1X49.7110Y-323.3968
G1X49.7597Y-323.4380
G1X49.8320Y-323.4292
G1X49.9266Y-323.3588
G1X51.6401Y-321.6453
G1X51.7347Y-321.5748
G1X51.8070Y-321.5661
G1X51.8557Y-321.6072
G1X51.8795Y-321.6865
G1X51.8769Y-321.7921
G1X51.8467Y-321.9122
G1X51.7875Y-322.0350
G1X51.6979Y-322.1487
G1X49.9844Y-323.8622
G1X49.8948Y-323.9759
G1X49.8356Y-324.0988
G1X49.8054Y-324.2188
G1X49.8028Y-324.3244
G1X49.8266Y-324.4037
G1X49.8753Y-324.4449
G1X49.9476Y-324.4361
G1X50.0422Y-324.3657
G1X51.7557Y-322.6522
G1X51.8503Y-322.5817
G1X51.9226Y-322.5730
G1X51.9713Y-322.6142
G1X51.9951Y-322.6934
G1X51.9925Y-322.7990
G1X51.9623Y-322.9191
G1X51.9031Y-323.0419
G1X51.8135Y-323.1556
G1X50.1000Y-324.8691
G1X50.0093Y-324.9840
G1X49.9472Y-325.1097
G1X49.9128Y-325.2339
G1X49.9055Y-325.3443
G1X49.9245Y-325.4283
G1X49.9691Y-325.4736
G1X50.0385Y-325.4678
G1X50.1320Y-325.3984
G1X51.8713Y-323.6591
G1X51.9659Y-323.5887
G1X52.0382Y-323.5799
G1X52.0869Y-323.6211
G1X52.1107Y-323.7004
G1X52.1082Y-323.8060
G1X52.0779Y-323.9261
G1X52.0187Y-324.0489
G1X51.9291Y-324.1626
G1X50.2276Y-325.8641
G1X50.1386Y-325.9772
G1X50.0811Y-326.0983
G1X50.0533Y-326.2160
G1X50.0535Y-326.3188
G1X50.0800Y-326.3954
G1X50.1311Y-326.4341
G1X50.2052Y-326.4237
G1X50.3004Y-326.3526
G1X51.9869Y-324.6660
G1X52.0815Y-324.5956
G1X52.1538Y-324.5868
G1X52.2025Y-324.6280
G1X52.2263Y-324.7073
G1X52.2238Y-324.8129
G1X52.1936Y-324.9330
G1X52.1343Y-325.0558
G1X52.0447Y-325.1695
G1X50.3732Y-326.8411
G1X50.2842Y-326.9541
G1X50.2267Y-327.0752
G1X50.1989Y-327.1929
G1X50.1991Y-327.2958
G1X50.2256Y-327.3723
G1X50.2767Y-327.4111
G1X50.3507Y-327.4006
G1X50.4460Y-327.3296
G1X52.1025Y-325.6729
G1X52.1974Y-325.6022
G1X52.2706Y-325.5926
G1X52.3205Y-325.6326
G1X52.3456Y-325.7105
G1X52.3444Y-325.8148
G1X52.3153Y-325.9337
G1X52.2570Y-326.0557
G1X52.1677Y-326.1691
G1X50.5187Y-327.8180
G1X50.4298Y-327.9311
G1X50.3722Y-328.0522
G1X50.3445Y-328.1699
G1X50.3447Y-328.2727
G1X50.3712Y-328.3493
G1X50.4223Y-328.3880
G1X50.4963Y-328.3776
G1X50.5915Y-328.3065
G1X52.2405Y-326.6576
G1X52.3357Y-326.5865
G1X52.4097Y-326.5760
G1X52.4608Y-326.6148
G1X52.4873Y-326.6913
G1X52.4875Y-326.7942
G1X52.4597Y-326.9119
G1X52.4022Y-327.0330
G1X52.3133Y-327.1460
G1X50.6643Y-328.7950
G1X50.5754Y-328.9080
G1X50.5178Y-329.0292
G1X50.4900Y-329.1468
G1X50.4903Y-329.2497
G1X50.5168Y-329.3262
G1X50.5679Y-329.3650
G1X50.6419Y-329.3545
G1X50.7371Y-329.2834
G1X52.3860Y-327.6345
G1X52.4813Y-327.5634
G1X52.5553Y-327.5530
G1X52.6064Y-327.5918
G1X52.6329Y-327.6683
G1X52.6331Y-327.7711
G1X52.6053Y-327.8888
G1X52.5478Y-328.0099
G1X52.4588Y-328.1230
G1X50.8099Y-329.7719
G1X50.7185Y-329.8944
G1X50.6799Y-330.0132
G1X50.6868Y-330.1160
G1X50.7317Y-330.1905
G1X50.8073Y-330.2245
G1X50.9062Y-330.2059
G1X51.0209Y-330.1222
G1X52.5316Y-328.6115
G1X52.6268Y-328.5404
G1X52.7009Y-328.5299
G1X52.7520Y-328.5687
G1X52.7785Y-328.6452
G1X52.7787Y-328.7481
G1X52.7509Y-328.8658
G1X52.6934Y-328.9869
G1X52.6044Y-329.0999
G1X51.5822Y-330.1222
G1X51.5142Y-330.2143
G1X51.5120Y-330.2800
G1X51.5625Y-330.3195
G1X51.6524Y-330.3327
G1X51.7685Y-330.3195
G1X51.8979Y-330.2800
G1X52.0272Y-330.2143
G1X52.1435Y-330.1222
G1X52.6772Y-329.5884
G1X52.7724Y-329.5173
G1X52.8464Y-329.5069
G1X52.8976Y-329.5457
G1X52.9241Y-329.6222
G1X52.9243Y-329.7250
G1X52.8965Y-329.8427
G1X52.8390Y-329.9638
G1X52.7500Y-330.0769
G1X52.4942Y-330.3327
G1 Z0F20000
(Start Block)

G1X33.6743Y-293.4232
G1Z6F20000
(Plotting speed under)
G1 F8000

G1X33.2131Y-298.1857
G1X32.9360Y-302.6837
G1X32.8121Y-307.4462
G1X32.8561Y-311.9441
G1X30.2102Y-311.9441
G1X30.1663Y-307.4462
G1X30.2902Y-302.6837
G1X30.5673Y-298.1857
G1X31.0284Y-293.4232
G1X33.6743Y-293.4232
G1 Z0F20000
(Start Block)

G1X31.0950Y-294.1088
G1Z6F20000
(Plotting speed under)
G1 F8000

G1X31.4377Y-293.7660
G1X31.5539Y-293.6739
G1X31.6833Y-293.6082
G1X31.8126Y-293.5687
G1X31.9288Y-293.5555
G1X32.0187Y-293.5687
G1X32.0692Y-293.6082
G1X32.0670Y-293.6739
G1X31.9990Y-293.7660
G1X31.2453Y-294.5197
G1X31.1600Y-294.6242
G1X31.0922Y-294.7437
G1X31.0426Y-294.8679
G1X31.0123Y-294.9868
G1X31.0023Y-295.0899
G1X31.0136Y-295.1672
G1X31.0472Y-295.2083
G1X31.1040Y-295.2030
G1X31.1851Y-295.1412
G1X32.5603Y-293.7660
G1X32.6765Y-293.6739
G1X32.8058Y-293.6082
G1X32.9352Y-293.5687
G1X33.0514Y-293.5555
G1X33.1413Y-293.5687
G1X33.1917Y-293.6082
G1X33.1895Y-293.6739
G1X33.1215Y-293.7660
G1X31.1249Y-295.7626
G1X31.0397Y-295.8671
G1X30.9718Y-295.9865
G1X30.9222Y-296.1108
G1X30.8919Y-296.2296
G1X30.8820Y-296.3328
G1X30.8933Y-296.4100
G1X30.9268Y-296.4512
G1X30.9837Y-296.4459
G1X31.0647Y-296.3841
G1X33.2790Y-294.1698
G1X33.3601Y-294.1080
G1X33.4169Y-294.1027
G1X33.4505Y-294.1439
G1X33.4618Y-294.2211
G1X33.4518Y-294.3242
G1X33.4215Y-294.4431
G1X33.3719Y-294.5673
G1X33.3040Y-294.6868
G1X33.2188Y-294.7913
G1X31.0046Y-297.0055
G1X30.9194Y-297.1100
G1X30.8515Y-297.2294
G1X30.8019Y-297.3537
G1X30.7716Y-297.4725
G1X30.7616Y-297.5757
G1X30.7729Y-297.6529
G1X30.8065Y-297.6940
G1X30.8633Y-297.6888
G1X30.9444Y-297.6269
G1X33.1586Y-295.4127
G1X33.2397Y-295.3509
G1X33.2966Y-295.3456
G1X33.3301Y-295.3867
G1X33.3414Y-295.4640
G1X33.3314Y-295.5671
G1X33.3011Y-295.6860
G1X33.2516Y-295.8102
G1X33.1837Y-295.9297
G1X33.0985Y-296.0341
G1X30.8941Y-298.2385
G1X30.8097Y-298.3422
G1X30.7439Y-298.4595
G1X30.6975Y-298.5807
G1X30.6708Y-298.6958
G1X30.6647Y-298.7951
G1X30.6797Y-298.8687
G1X30.7164Y-298.9067
G1X30.7753Y-298.8993
G1X30.8572Y-298.8366
G1X33.0383Y-296.6556
G1X33.1194Y-296.5938
G1X33.1762Y-296.5885
G1X33.2098Y-296.6296
G1X33.2211Y-296.7069
G1X33.2111Y-296.8100
G1X33.1808Y-296.9288
G1X33.1312Y-297.0531
G1X33.0633Y-297.1726
G1X32.9781Y-297.2770
G1X30.8204Y-299.4348
G1X30.7360Y-299.5384
G1X30.6702Y-299.6558
G1X30.6237Y-299.7769
G1X30.5971Y-299.8921
G1X30.5910Y-299.9913
G1X30.6060Y-300.0649
G1X30.6427Y-300.1029
G1X30.7016Y-300.0955
G1X30.7835Y-300.0329
G1X32.9179Y-297.8985
G1X33.0003Y-297.8354
G1X33.0605Y-297.8267
G1X33.0990Y-297.8629
G1X33.1161Y-297.9343
G1X33.1123Y-298.0314
G1X33.0878Y-298.1443
G1X33.0431Y-298.2637
G1X32.9787Y-298.3798
G1X32.8947Y-298.4830
G1X30.7467Y-300.6310
G1X30.6623Y-300.7347
G1X30.5965Y-300.8520
G1X30.5500Y-300.9731
G1X30.5234Y-301.0883
G1X30.5173Y-301.1876
G1X30.5323Y-301.2611
G1X30.5689Y-301.2992
G1X30.6279Y-301.2918
G1X30.7098Y-301.2291
G1X32.8259Y-299.1130
G1X32.9078Y-299.0504
G1X32.9668Y-299.0430
G1X33.0035Y-299.0810
G1X33.0185Y-299.1545
G1X33.0123Y-299.2538
G1X32.9857Y-299.3690
G1X32.9392Y-299.4901
G1X32.8735Y-299.6074
G1X32.7891Y-299.7111
G1X30.6730Y-301.8273
G1X30.5885Y-301.9310
G1X30.5225Y-302.0485
G1X30.4758Y-302.1699
G1X30.4489Y-302.2854
G1X30.4424Y-302.3850
G1X30.4571Y-302.4588
G1X30.4935Y-302.4971
G1X30.5523Y-302.4899
G1X30.6341Y-302.4273
G1X32.7522Y-300.3092
G1X32.8341Y-300.2466
G1X32.8931Y-300.2392
G1X32.9298Y-300.2772
G1X32.9447Y-300.3508
G1X32.9386Y-300.4501
G1X32.9120Y-300.5652
G1X32.8656Y-300.6864
G1X32.7998Y-300.8037
G1X32.7154Y-300.9074
G1X30.6192Y-303.0036
G1X30.5264Y-303.1204
G1X30.4590Y-303.2515
G1X30.4171Y-303.3832
G1X30.4012Y-303.5022
G1X30.4116Y-303.5948
G1X30.4487Y-303.6476
G1X30.5127Y-303.6472
G1X30.6042Y-303.5798
G1X32.6785Y-301.5055
G1X32.7604Y-301.4428
G1X32.8194Y-301.4355
G1X32.8561Y-301.4735
G1X32.8710Y-301.5470
G1X32.8649Y-301.6463
G1X32.8383Y-301.7614
G1X32.7918Y-301.8826
G1X32.7261Y-301.9999
G1X32.6417Y-302.1036
G1X30.5892Y-304.1561
G1X30.4964Y-304.2729
G1X30.4290Y-304.4040
G1X30.3871Y-304.5357
G1X30.3712Y-304.6547
G1X30.3816Y-304.7473
G1X30.4187Y-304.8002
G1X30.4828Y-304.7997
G1X30.5742Y-304.7324
G1X32.6048Y-302.7017
G1X32.6872Y-302.6386
G1X32.7476Y-302.6298
G1X32.7863Y-302.6658
G1X32.8036Y-302.7370
G1X32.8000Y-302.8338
G1X32.7758Y-302.9465
G1X32.7313Y-303.0657
G1X32.6669Y-303.1817
G1X32.5830Y-303.2848
G1X30.5592Y-305.3086
G1X30.4665Y-305.4254
G1X30.3990Y-305.5565
G1X30.3571Y-305.6882
G1X30.3412Y-305.8072
G1X30.3516Y-305.8998
G1X30.3887Y-305.9527
G1X30.4528Y-305.9522
G1X30.5442Y-305.8849
G1X32.5680Y-303.8611
G1X32.6595Y-303.7937
G1X32.7235Y-303.7932
G1X32.7606Y-303.8461
G1X32.7710Y-303.9387
G1X32.7551Y-304.0577
G1X32.7132Y-304.1894
G1X32.6458Y-304.3205
G1X32.5530Y-304.4373
G1X30.5293Y-306.4611
G1X30.4365Y-306.5779
G1X30.3691Y-306.7090
G1X30.3272Y-306.8407
G1X30.3113Y-306.9597
G1X30.3217Y-307.0523
G1X30.3587Y-307.1052
G1X30.4228Y-307.1047
G1X30.5143Y-307.0374
G1X32.5381Y-305.0136
G1X32.6295Y-304.9462
G1X32.6936Y-304.9457
G1X32.7306Y-304.9986
G1X32.7410Y-305.0912
G1X32.7251Y-305.2102
G1X32.6833Y-305.3419
G1X32.6158Y-305.4730
G1X32.5231Y-305.5898
G1X30.5126Y-307.6003
G1X30.4208Y-307.7162
G1X30.3556Y-307.8450
G1X30.3170Y-307.9734
G1X30.3049Y-308.0886
G1X30.3190Y-308.1775
G1X30.3593Y-308.2271
G1X30.4257Y-308.2243
G1X30.5180Y-308.1561
G1X32.5081Y-306.1661
G1X32.5995Y-306.0987
G1X32.6636Y-306.0982
G1X32.7007Y-306.1511
G1X32.7111Y-306.2437
G1X32.6952Y-306.3627
G1X32.6533Y-306.4944
G1X32.5858Y-306.6255
G1X32.4931Y-306.7423
G1X30.5235Y-308.7119
G1X30.4316Y-308.8279
G1X30.3665Y-308.9566
G1X30.3279Y-309.0851
G1X30.3157Y-309.2003
G1X30.3299Y-309.2892
G1X30.3702Y-309.3388
G1X30.4366Y-309.3360
G1X30.5289Y-309.2678
G1X32.4781Y-307.3186
G1X32.5699Y-307.2509
G1X32.6349Y-307.2494
G1X32.6734Y-307.3009
G1X32.6853Y-307.3920
G1X32.6710Y-307.5094
G1X32.6305Y-307.6398
G1X32.5640Y-307.7699
G1X32.4716Y-307.8863
G1X30.5343Y-309.8236
G1X30.4425Y-309.9396
G1X30.3773Y-310.0683
G1X30.3387Y-310.1968
G1X30.3266Y-310.3120
G1X30.3407Y-310.4009
G1X30.3811Y-310.4505
G1X30.4474Y-310.4476
G1X30.5398Y-310.3794
G1X32.4770Y-308.4422
G1X32.5693Y-308.3740
G1X32.6357Y-308.3712
G1X32.6761Y-308.4207
G1X32.6902Y-308.5096
G1X32.6780Y-308.6248
G1X32.6395Y-308.7533
G1X32.5743Y-308.8821
G1X32.4824Y-308.9980
G1X30.5452Y-310.9353
G1X30.4533Y-311.0512
G1X30.3882Y-311.1800
G1X30.3496Y-311.3085
G1X30.3374Y-311.4237
G1X30.3516Y-311.5126
G1X30.3919Y-311.5621
G1X30.4583Y-311.5593
G1X30.5506Y-311.4911
G1X32.4879Y-309.5539
G1X32.5802Y-309.4857
G1X32.6466Y-309.4829
G1X32.6869Y-309.5324
G1X32.7011Y-309.6213
G1X32.6889Y-309.7365
G1X32.6503Y-309.8650
G1X32.5851Y-309.9937
G1X32.4933Y-310.1097
G1X31.0017Y-311.6013
G1X30.9337Y-311.6934
G1X30.9315Y-311.7592
G1X30.9820Y-311.7986
G1X31.0718Y-311.8118
G1X31.1880Y-311.7986
G1X31.3174Y-311.7592
G1X31.4468Y-311.6934
G1X31.5630Y-311.6013
G1X32.4987Y-310.6655
G1X32.5910Y-310.5973
G1X32.6574Y-310.5945
G1X32.6978Y-310.6441
G1X32.7119Y-310.7330
G1X32.6998Y-310.8482
G1X32.6612Y-310.9767
G1X32.5960Y-311.1054
G1X32.5042Y-311.2214
G1X32.0363Y-311.6893
G1X32.0074Y-311.7493
G1X32.0475Y-311.7893
G1X32.1372Y-311.8093
G1X32.2566Y-311.8093
G1X32.3862Y-311.7893
G1X32.5064Y-311.7493
G1X32.5975Y-311.6893
G1X32.7201Y-311.5668
G1 Z0F20000
(Start Block)

G1X55.5560Y-274.9024
G1Z6F20000
(Plotting speed under)
G1 F8000

G1X54.4634Y-279.6649
G1X53.5731Y-284.1628
G1X52.7863Y-288.9253
G1X52.1951Y-293.4232
G1X49.5493Y-293.4232
G1X50.1405Y-288.9253
G1X50.9273Y-284.1628
G1X51.8176Y-279.6649
G1X52.9102Y-274.9024
G1X55.5560Y-274.9024
G1 Z0F20000
(Start Block)

G1X52.8637Y-275.6967
G1Z6F20000
(Plotting speed under)
G1 F8000

G1X53.3152Y-275.2452
G1X53.4314Y-275.1531
G1X53.5608Y-275.0873
G1X53.6901Y-275.0478
G1X53.8063Y-275.0347
G1X53.8962Y-275.0478
G1X53.9466Y-275.0873
G1X53.9444Y-275.1531
G1X53.8765Y-275.2452
G1X52.9070Y-276.2146
G1X52.8266Y-276.3107
G1X52.7550Y-276.4250
G1X52.6942Y-276.5487
G1X52.6462Y-276.6730
G1X52.6130Y-276.7892
G1X52.5967Y-276.8886
G1X52.5992Y-276.9624
G1X52.6226Y-277.0019
G1X52.6689Y-276.9983
G1X52.7400Y-276.9429
G1X54.4377Y-275.2452
G1X54.5539Y-275.1531
G1X54.6833Y-275.0873
G1X54.8126Y-275.0478
G1X54.9289Y-275.0347
G1X55.0187Y-275.0478
G1X55.0692Y-275.0873
G1X55.0670Y-275.1531
G1X54.9990Y-275.2452
G1X52.5729Y-277.6713
G1X52.4924Y-277.7675
G1X52.4208Y-277.8818
G1X52.3600Y-278.0054
G1X52.3120Y-278.1297
G1X52.2788Y-278.2460
G1X52.2625Y-278.3453
G1X52.2651Y-278.4191
G1X52.2884Y-278.4586
G1X52.3347Y-278.4550
G1X52.4058Y-278.3997
G1X55.0661Y-275.7393
G1X55.1372Y-275.6840
G1X55.1834Y-275.6804
G1X55.2068Y-275.7199
G1X55.2093Y-275.7937
G1X55.1930Y-275.8930
G1X55.1599Y-276.0093
G1X55.1119Y-276.1336
G1X55.0511Y-276.2573
G1X54.9794Y-276.3715
G1X54.8990Y-276.4677
G1X52.2387Y-279.1280
G1X52.1586Y-279.2238
G1X52.0881Y-279.3369
G1X52.0290Y-279.4590
G1X51.9830Y-279.5813
G1X51.9520Y-279.6953
G1X51.9379Y-279.7925
G1X51.9424Y-279.8643
G1X51.9674Y-279.9022
G1X52.0148Y-279.8975
G1X52.0863Y-279.8417
G1X54.7319Y-277.1961
G1X54.8030Y-277.1407
G1X54.8492Y-277.1371
G1X54.8726Y-277.1766
G1X54.8751Y-277.2504
G1X54.8588Y-277.3498
G1X54.8257Y-277.4660
G1X54.7777Y-277.5903
G1X54.7169Y-277.7140
G1X54.6452Y-277.8283
G1X54.5648Y-277.9244
G1X51.9478Y-280.5415
G1X51.8599Y-280.6486
G1X51.7848Y-280.7753
G1X51.7247Y-280.9100
G1X51.6821Y-281.0412
G1X51.6591Y-281.1573
G1X51.6581Y-281.2469
G1X51.6812Y-281.2984
G1X51.7309Y-281.3004
G1X51.8093Y-281.2412
G1X54.3977Y-278.6528
G1X54.4688Y-278.5974
G1X54.5150Y-278.5938
G1X54.5384Y-278.6333
G1X54.5409Y-278.7071
G1X54.5246Y-278.8065
G1X54.4915Y-278.9227
G1X54.4435Y-279.0470
G1X54.3827Y-279.1707
G1X54.3111Y-279.2850
G1X54.2306Y-279.3812
G1X51.6707Y-281.9410
G1X51.5828Y-282.0482
G1X51.5077Y-282.1748
G1X51.4477Y-282.3095
G1X51.4051Y-282.4407
G1X51.3821Y-282.5569
G1X51.3811Y-282.6465
G1X51.4042Y-282.6980
G1X51.4538Y-282.7000
G1X51.5322Y-282.6408
G1X54.0738Y-280.0992
G1X54.1522Y-280.0401
G1X54.2018Y-280.0420
G1X54.2250Y-280.0936
G1X54.2239Y-280.1832
G1X54.2009Y-280.2993
G1X54.1583Y-280.4305
G1X54.0983Y-280.5652
G1X54.0232Y-280.6919
G1X53.9353Y-280.7990
G1X51.3937Y-283.3406
G1X51.3059Y-283.4476
G1X51.2310Y-283.5741
G1X51.1714Y-283.7084
G1X51.1291Y-283.8392
G1X51.1065Y-283.9549
G1X51.1059Y-284.0441
G1X51.1294Y-284.0953
G1X51.1793Y-284.0971
G1X51.2577Y-284.0378
G1X53.7968Y-281.4988
G1X53.8751Y-281.4396
G1X53.9248Y-281.4416
G1X53.9479Y-281.4931
G1X53.9469Y-281.5827
G1X53.9239Y-281.6989
G1X53.8812Y-281.8301
G1X53.8213Y-281.9648
G1X53.7461Y-282.0914
G1X53.6582Y-282.1986
G1X51.1467Y-284.7102
G1X51.0597Y-284.8164
G1X50.9871Y-284.9405
G1X50.9308Y-285.0716
G1X50.8924Y-285.1984
G1X50.8740Y-285.3100
G1X50.8773Y-285.3953
G1X50.9041Y-285.4432
G1X50.9562Y-285.4426
G1X51.0356Y-285.3825
G1X53.5197Y-282.8983
G1X53.5981Y-282.8392
G1X53.6478Y-282.8411
G1X53.6709Y-282.8927
G1X53.6699Y-282.9823
G1X53.6469Y-283.0984
G1X53.6042Y-283.2296
G1X53.5442Y-283.3643
G1X53.4691Y-283.4910
G1X53.3812Y-283.5981
G1X50.9245Y-286.0548
G1X50.8375Y-286.1611
G1X50.7650Y-286.2852
G1X50.7086Y-286.4162
G1X50.6703Y-286.5431
G1X50.6519Y-286.6547
G1X50.6551Y-286.7400
G1X50.6819Y-286.7879
G1X50.7341Y-286.7873
G1X50.8134Y-286.7272
G1X53.2427Y-284.2979
G1X53.3220Y-284.2379
G1X53.3739Y-284.2375
G1X53.4005Y-284.2857
G1X53.4034Y-284.3713
G1X53.3847Y-284.4832
G1X53.3460Y-284.6104
G1X53.2894Y-284.7416
G1X53.2167Y-284.8660
G1X53.1296Y-284.9723
G1X50.7024Y-287.3995
G1X50.6154Y-287.5057
G1X50.5428Y-287.6299
G1X50.4865Y-287.7609
G1X50.4482Y-287.8878
G1X50.4297Y-287.9994
G1X50.4330Y-288.0847
G1X50.4598Y-288.1325
G1X50.5119Y-288.1320
G1X50.5913Y-288.0719
G1X53.0185Y-285.6446
G1X53.0979Y-285.5845
G1X53.1500Y-285.5839
G1X53.1768Y-285.6318
G1X53.1801Y-285.7171
G1X53.1616Y-285.8287
G1X53.1234Y-285.9556
G1X53.0670Y-286.0866
G1X52.9944Y-286.2107
G1X52.9075Y-286.3169
G1X50.4806Y-288.7438
G1X50.3945Y-288.8491
G1X50.3244Y-288.9709
G1X50.2715Y-289.0985
G1X50.2373Y-289.2212
G1X50.2232Y-289.3284
G1X50.2306Y-289.4096
G1X50.2609Y-289.4540
G1X50.3154Y-289.4510
G1X50.3957Y-289.3900
G1X52.7964Y-286.9893
G1X52.8757Y-286.9292
G1X52.9279Y-286.9286
G1X52.9547Y-286.9765
G1X52.9579Y-287.0618
G1X52.9395Y-287.1734
G1X52.9012Y-287.3002
G1X52.8448Y-287.4313
G1X52.7723Y-287.5554
G1X52.6853Y-287.6616
G1X50.3107Y-290.0362
G1X50.2247Y-290.1416
G1X50.1545Y-290.2633
G1X50.1016Y-290.3909
G1X50.0674Y-290.5136
G1X50.0533Y-290.6208
G1X50.0607Y-290.7020
G1X50.0910Y-290.7464
G1X50.1456Y-290.7434
G1X50.2258Y-290.6824
G1X52.5742Y-288.3340
G1X52.6536Y-288.2739
G1X52.7057Y-288.2733
G1X52.7325Y-288.3212
G1X52.7358Y-288.4065
G1X52.7174Y-288.5181
G1X52.6790Y-288.6449
G1X52.6227Y-288.7760
G1X52.5501Y-288.9001
G1X52.4632Y-289.0063
G1X50.1408Y-291.3286
G1X50.0548Y-291.4340
G1X49.9846Y-291.5557
G1X49.9317Y-291.6833
G1X49.8976Y-291.8060
G1X49.8835Y-291.9133
G1X49.8908Y-291.9944
G1X49.9211Y-292.0388
G1X49.9757Y-292.0358
G1X50.0559Y-291.9749
G1X52.3740Y-289.6568
G1X52.4542Y-289.5958
G1X52.5087Y-289.5928
G1X52.5390Y-289.6373
G1X52.5464Y-289.7184
G1X52.5323Y-289.8257
G1X52.4981Y-289.9484
G1X52.4452Y-290.0759
G1X52.3751Y-290.1977
G1X52.2890Y-290.3030
G1X49.9710Y-292.6210
G1X49.8833Y-292.7329
G1X49.8290Y-292.8507
G1X49.8059Y-292.9637
G1X49.8114Y-293.0612
G1X49.8433Y-293.1324
G1X49.8990Y-293.1665
G1X49.9764Y-293.1528
G1X50.0728Y-293.0805
G1X52.2041Y-290.9492
G1X52.2843Y-290.8882
G1X52.3389Y-290.8852
G1X52.3691Y-290.9297
G1X52.3765Y-291.0108
G1X52.3624Y-291.1181
G1X52.3282Y-291.2408
G1X52.2754Y-291.3683
G1X52.2052Y-291.4901
G1X52.1191Y-291.5954
G1X50.6341Y-293.0805
G1X50.5661Y-293.1725
G1X50.5639Y-293.2383
G1X50.6143Y-293.2778
G1X50.7042Y-293.2909
G1X50.8205Y-293.2778
G1X50.9498Y-293.2383
G1X51.0792Y-293.1725
G1X51.1953Y-293.0805
G1X52.0342Y-292.2416
G1X52.1144Y-292.1806
G1X52.1690Y-292.1777
G1X52.1993Y-292.2221
G1X52.2067Y-292.3032
G1X52.1926Y-292.4105
G1X52.1584Y-292.5332
G1X52.1055Y-292.6608
G1X52.0353Y-292.7825
G1X51.9492Y-292.8878
G1X51.5462Y-293.2909
G1 Z0F20000
(Start Block)

G1X42.6012Y-256.3815
G1Z6F20000
(Plotting speed under)
G1 F8000

G1X40.9870Y-261.1440
G1X39.4932Y-265.9065
G1X38.2021Y-270.4045
G1X37.0352Y-274.9024
G1X34.3893Y-274.9024
G1X35.5563Y-270.4045
G1X36.8474Y-265.9065
G1X38.3411Y-261.1440
G1X39.9554Y-256.3815
G1X42.6012Y-256.3815
G1 Z0F20000
(Start Block)

G1X39.7714Y-257.3365
G1Z6F20000
(Plotting speed under)
G1 F8000

G1X40.3836Y-256.7243
G1X40.4998Y-256.6322
G1X40.6291Y-256.5664
G1X40.7585Y-256.5270
G1X40.8747Y-256.5138
G1X40.9646Y-256.5270
G1X41.0150Y-256.5664
G1X41.0128Y-256.6322
G1X40.9448Y-256.7243
G1X39.6941Y-257.9751
G1X39.6178Y-258.0644
G1X39.5438Y-258.1743
G1X39.4746Y-258.2971
G1X39.4128Y-258.4251
G1X39.3610Y-258.5506
G1X39.3219Y-258.6661
G1X39.2980Y-258.7638
G1X39.2918Y-258.8361
G1X39.3061Y-258.8754
G1X39.3434Y-258.8739
G1X39.4063Y-258.8241
G1X41.5061Y-256.7243
G1X41.6223Y-256.6322
G1X41.7517Y-256.5664
G1X41.8810Y-256.5270
G1X41.9972Y-256.5138
G1X42.0871Y-256.5270
G1X42.1375Y-256.5664
G1X42.1353Y-256.6322
G1X42.0674Y-256.7243
G1X39.1185Y-259.6732
G1X39.0422Y-259.7625
G1X38.9682Y-259.8724
G1X38.8990Y-259.9952
G1X38.8372Y-260.1232
G1X38.7854Y-260.2487
G1X38.7463Y-260.3642
G1X38.7224Y-260.4619
G1X38.7163Y-260.5342
G1X38.7305Y-260.5735
G1X38.7678Y-260.5720
G1X38.8307Y-260.5223
G1X41.9896Y-257.3633
G1X42.0525Y-257.3135
G1X42.0898Y-257.3121
G1X42.1041Y-257.3513
G1X42.0980Y-257.4236
G1X42.0741Y-257.5214
G1X42.0349Y-257.6368
G1X41.9832Y-257.7624
G1X41.9214Y-257.8904
G1X41.8522Y-258.0131
G1X41.7781Y-258.1230
G1X41.7018Y-258.2124
G1X38.5575Y-261.3567
G1X38.4746Y-261.4554
G1X38.3962Y-261.5764
G1X38.3253Y-261.7101
G1X38.2652Y-261.8466
G1X38.2188Y-261.9760
G1X38.1893Y-262.0886
G1X38.1796Y-262.1746
G1X38.1930Y-262.2241
G1X38.2324Y-262.2273
G1X38.3011Y-262.1744
G1X41.4141Y-259.0614
G1X41.4769Y-259.0116
G1X41.5142Y-259.0102
G1X41.5285Y-259.0494
G1X41.5224Y-259.1218
G1X41.4985Y-259.2195
G1X41.4593Y-259.3349
G1X41.4076Y-259.4605
G1X41.3458Y-259.5885
G1X41.2766Y-259.7113
G1X41.2026Y-259.8211
G1X41.1263Y-259.9105
G1X38.0445Y-262.9922
G1X37.9616Y-263.0909
G1X37.8832Y-263.2120
G1X37.8123Y-263.3456
G1X37.7522Y-263.4821
G1X37.7058Y-263.6116
G1X37.6763Y-263.7242
G1X37.6667Y-263.8101
G1X37.6800Y-263.8596
G1X37.7195Y-263.8628
G1X37.7881Y-263.8100
G1X40.8385Y-260.7595
G1X40.9016Y-260.7095
G1X40.9396Y-260.7074
G1X40.9549Y-260.7456
G1X40.9501Y-260.8166
G1X40.9276Y-260.9129
G1X40.8899Y-261.0269
G1X40.8396Y-261.1510
G1X40.7791Y-261.2777
G1X40.7109Y-261.3994
G1X40.6376Y-261.5086
G1X40.5615Y-261.5977
G1X37.5316Y-264.6277
G1X37.4486Y-264.7264
G1X37.3702Y-264.8475
G1X37.2994Y-264.9812
G1X37.2392Y-265.1176
G1X37.1928Y-265.2471
G1X37.1633Y-265.3597
G1X37.1537Y-265.4456
G1X37.1670Y-265.4952
G1X37.2065Y-265.4984
G1X37.2750Y-265.4455
G1X40.3051Y-262.4155
G1X40.3736Y-262.3626
G1X40.4131Y-262.3658
G1X40.4265Y-262.4153
G1X40.4168Y-262.5013
G1X40.3873Y-262.6139
G1X40.3409Y-262.7434
G1X40.2808Y-262.8798
G1X40.2099Y-263.0135
G1X40.1315Y-263.1346
G1X40.0486Y-263.2333
G1X37.0383Y-266.2435
G1X36.9562Y-266.3413
G1X36.8801Y-266.4601
G1X36.8127Y-266.5903
G1X36.7567Y-266.7227
G1X36.7148Y-266.8476
G1X36.6898Y-266.9557
G1X36.6844Y-267.0375
G1X36.7011Y-267.0836
G1X36.7429Y-267.0845
G1X36.8123Y-267.0307
G1X39.7921Y-264.0510
G1X39.8607Y-263.9981
G1X39.9001Y-264.0014
G1X39.9135Y-264.0508
G1X39.9038Y-264.1368
G1X39.8743Y-264.2494
G1X39.8279Y-264.3789
G1X39.7678Y-264.5153
G1X39.6970Y-264.6490
G1X39.6185Y-264.7701
G1X39.5356Y-264.8688
G1X36.5864Y-267.8180
G1X36.5043Y-267.9158
G1X36.4282Y-268.0345
G1X36.3608Y-268.1648
G1X36.3048Y-268.2971
G1X36.2629Y-268.4221
G1X36.2379Y-268.5302
G1X36.2324Y-268.6120
G1X36.2492Y-268.6580
G1X36.2910Y-268.6589
G1X36.3604Y-268.6052
G1X39.2791Y-265.6865
G1X39.3481Y-265.6332
G1X39.3888Y-265.6352
G1X39.4039Y-265.6830
G1X39.3964Y-265.7667
G1X39.3693Y-265.8770
G1X39.3252Y-266.0041
G1X39.2672Y-266.1384
G1X39.1982Y-266.2703
G1X39.1210Y-266.3902
G1X39.0385Y-266.4884
G1X36.1344Y-269.3924
G1X36.0523Y-269.4903
G1X35.9761Y-269.6092
G1X35.9084Y-269.7397
G1X35.8522Y-269.8723
G1X35.8101Y-269.9975
G1X35.7848Y-270.1058
G1X35.7790Y-270.1879
G1X35.7956Y-270.2342
G1X35.8372Y-270.2352
G1X35.9067Y-270.1815
G1X38.8125Y-267.2757
G1X38.8819Y-267.2219
G1X38.9237Y-267.2228
G1X38.9405Y-267.2689
G1X38.9350Y-267.3507
G1X38.9100Y-267.4588
G1X38.8681Y-267.5837
G1X38.8121Y-267.7160
G1X38.7447Y-267.8463
G1X38.6686Y-267.9651
G1X38.5865Y-268.0629
G1X35.7100Y-270.9394
G1X35.6287Y-271.0364
G1X35.5549Y-271.1529
G1X35.4907Y-271.2799
G1X35.4387Y-271.4082
G1X35.4012Y-271.5288
G1X35.3805Y-271.6326
G1X35.3790Y-271.7104
G1X35.3991Y-271.7532
G1X35.4431Y-271.7519
G1X35.5134Y-271.6973
G1X38.3606Y-268.8501
G1X38.4300Y-268.7964
G1X38.4718Y-268.7973
G1X38.4885Y-268.8434
G1X38.4831Y-268.9252
G1X38.4581Y-269.0333
G1X38.4162Y-269.1582
G1X38.3602Y-269.2905
G1X38.2928Y-269.4208
G1X38.2167Y-269.5395
G1X38.1346Y-269.6374
G1X35.3168Y-272.4552
G1X35.2355Y-272.5522
G1X35.1616Y-272.6687
G1X35.0975Y-272.7957
G1X35.0455Y-272.9240
G1X35.0080Y-273.0446
G1X34.9873Y-273.1484
G1X34.9858Y-273.2262
G1X35.0059Y-273.2690
G1X35.0498Y-273.2676
G1X35.1201Y-273.2131
G1X37.9086Y-270.4246
G1X37.9787Y-270.3702
G1X38.0223Y-270.3693
G1X38.0417Y-270.4128
G1X38.0394Y-270.4914
G1X38.0179Y-270.5960
G1X37.9795Y-270.7174
G1X37.9267Y-270.8465
G1X37.8619Y-270.9742
G1X37.7876Y-271.0911
G1X37.7062Y-271.1883
G1X34.9235Y-273.9710
G1X34.8394Y-274.0743
G1X34.7745Y-274.1908
G1X34.7293Y-274.3107
G1X34.7042Y-274.4243
G1X34.6997Y-274.5220
G1X34.7161Y-274.5941
G1X34.7541Y-274.6308
G1X34.8139Y-274.6226
G1X34.8961Y-274.5596
G1X37.5096Y-271.9462
G1X37.5798Y-271.8916
G1X37.6238Y-271.8903
G1X37.6439Y-271.9331
G1X37.6424Y-272.0109
G1X37.6217Y-272.1147
G1X37.5842Y-272.2353
G1X37.5322Y-272.3636
G1X37.4681Y-272.4906
G1X37.3942Y-272.6071
G1X37.3129Y-272.7041
G1X35.4574Y-274.5596
G1X35.3894Y-274.6517
G1X35.3872Y-274.7175
G1X35.4377Y-274.7569
G1X35.5276Y-274.7701
G1X35.6438Y-274.7569
G1X35.7731Y-274.7175
G1X35.9025Y-274.6517
G1X36.0187Y-274.5596
G1X37.1163Y-273.4620
G1X37.1866Y-273.4074
G1X37.2305Y-273.4061
G1X37.2506Y-273.4489
G1X37.2491Y-273.5267
G1X37.2285Y-273.6305
G1X37.1909Y-273.7510
G1X37.1389Y-273.8794
G1X37.0748Y-274.0064
G1X37.0009Y-274.1229
G1X36.9197Y-274.2199
G1X36.3695Y-274.7701
G1 Z0F20000
(Start Block)

G1X68.3347Y-237.8607
G1Z6F20000
(Plotting speed under)
G1 F8000

G1X64.3583Y-247.6503
G1X61.1221Y-256.3815
G1X58.4763Y-256.3815
G1X61.7125Y-247.6503
G1X65.6888Y-237.8607
G1X68.3347Y-237.8607
G1 Z0F20000
(Start Block)

G1X65.5462Y-238.5635
G1Z6F20000
(Plotting speed under)
G1 F8000

G1X65.9062Y-238.2034
G1X66.0224Y-238.1114
G1X66.1517Y-238.0456
G1X66.2811Y-238.0061
G1X66.3973Y-237.9930
G1X66.4872Y-238.0061
G1X66.5376Y-238.0456
G1X66.5354Y-238.1114
G1X66.4674Y-238.2034
G1X65.3727Y-239.2982
G1X65.3009Y-239.3811
G1X65.2274Y-239.4851
G1X65.1549Y-239.6037
G1X65.0861Y-239.7303
G1X65.0237Y-239.8583
G1X64.9703Y-239.9812
G1X64.9286Y-240.0924
G1X64.9013Y-240.1854
G1X64.8909Y-240.2535
G1X64.9003Y-240.2903
G1X64.9321Y-240.2891
G1X64.9888Y-240.2434
G1X67.0287Y-238.2034
G1X67.1449Y-238.1114
G1X67.2743Y-238.0456
G1X67.4036Y-238.0061
G1X67.5198Y-237.9930
G1X67.6097Y-238.0061
G1X67.6601Y-238.0456
G1X67.6579Y-238.1114
G1X67.5900Y-238.2034
G1X64.6049Y-241.1885
G1X64.5330Y-241.2714
G1X64.4595Y-241.3755
G1X64.3871Y-241.4941
G1X64.3183Y-241.6207
G1X64.2559Y-241.7487
G1X64.2025Y-241.8716
G1X64.1608Y-241.9828
G1X64.1334Y-242.0758
G1X64.1231Y-242.1439
G1X64.1325Y-242.1806
G1X64.1642Y-242.1794
G1X64.2210Y-242.1337
G1X67.7748Y-238.5799
G1X67.8315Y-238.5342
G1X67.8632Y-238.5330
G1X67.8726Y-238.5698
G1X67.8623Y-238.6379
G1X67.8350Y-238.7309
G1X67.7933Y-238.8421
G1X67.7399Y-238.9650
G1X67.6775Y-239.0930
G1X67.6087Y-239.2196
G1X67.5362Y-239.3382
G1X67.4627Y-239.4422
G1X67.3908Y-239.5251
G1X63.8371Y-243.0789
G1X63.7652Y-243.1618
G1X63.6917Y-243.2658
G1X63.6192Y-243.3844
G1X63.5504Y-243.5110
G1X63.4880Y-243.6390
G1X63.4346Y-243.7619
G1X63.3929Y-243.8732
G1X63.3656Y-243.9661
G1X63.3553Y-244.0342
G1X63.3647Y-244.0710
G1X63.3964Y-244.0698
G1X63.4532Y-244.0241
G1X67.0069Y-240.4703
G1X67.0637Y-240.4246
G1X67.0954Y-240.4234
G1X67.1048Y-240.4601
G1X67.0945Y-240.5283
G1X67.0671Y-240.6212
G1X67.0254Y-240.7324
G1X66.9720Y-240.8553
G1X66.9096Y-240.9833
G1X66.8409Y-241.1099
G1X66.7684Y-241.2285
G1X66.6949Y-241.3326
G1X66.6230Y-241.4155
G1X63.0692Y-244.9692
G1X62.9974Y-245.0522
G1X62.9239Y-245.1562
G1X62.8514Y-245.2748
G1X62.7826Y-245.4014
G1X62.7202Y-245.5294
G1X62.6668Y-245.6523
G1X62.6251Y-245.7635
G1X62.5978Y-245.8565
G1X62.5875Y-245.9246
G1X62.5968Y-245.9614
G1X62.6286Y-245.9602
G1X62.6853Y-245.9144
G1X66.2391Y-242.3607
G1X66.2958Y-242.3150
G1X66.3276Y-242.3137
G1X66.3370Y-242.3505
G1X66.3266Y-242.4186
G1X66.2993Y-242.5116
G1X66.2576Y-242.6228
G1X66.2042Y-242.7457
G1X66.1418Y-242.8737
G1X66.0730Y-243.0003
G1X66.0005Y-243.1189
G1X65.9270Y-243.2229
G1X65.8552Y-243.3059
G1X62.3014Y-246.8596
G1X62.2299Y-246.9422
G1X62.1574Y-247.0452
G1X62.0864Y-247.1623
G1X62.0194Y-247.2871
G1X61.9591Y-247.4130
G1X61.9079Y-247.5337
G1X61.8685Y-247.6427
G1X61.8432Y-247.7336
G1X61.8347Y-247.7999
G1X61.8456Y-247.8351
G1X61.8783Y-247.8330
G1X61.9354Y-247.7869
G1X65.4713Y-244.2510
G1X65.5280Y-244.2053
G1X65.5597Y-244.2041
G1X65.5691Y-244.2409
G1X65.5588Y-244.3090
G1X65.5315Y-244.4019
G1X65.4898Y-244.5132
G1X65.4364Y-244.6361
G1X65.3740Y-244.7641
G1X65.3052Y-244.8907
G1X65.2327Y-245.0093
G1X65.1592Y-245.1133
G1X65.0873Y-245.1962
G1X61.6048Y-248.6787
G1X61.5276Y-248.7691
G1X61.4508Y-248.8817
G1X61.3775Y-249.0085
G1X61.3107Y-249.1415
G1X61.2533Y-249.2727
G1X61.2084Y-249.3940
G1X61.1788Y-249.4973
G1X61.1677Y-249.5747
G1X61.1779Y-249.6181
G1X61.2124Y-249.6193
G1X61.2743Y-249.5705
G1X64.7034Y-246.1414
G1X64.7602Y-246.0957
G1X64.7919Y-246.0945
G1X64.8013Y-246.1312
G1X64.7910Y-246.1993
G1X64.7636Y-246.2923
G1X64.7219Y-246.4035
G1X64.6685Y-246.5264
G1X64.6061Y-246.6545
G1X64.5374Y-246.7810
G1X64.4649Y-246.8996
G1X64.3914Y-247.0037
G1X64.3195Y-247.0866
G1X60.9437Y-250.4623
G1X60.8665Y-250.5527
G1X60.7897Y-250.6653
G1X60.7164Y-250.7921
G1X60.6496Y-250.9252
G1X60.5922Y-251.0564
G1X60.5473Y-251.1776
G1X60.5177Y-251.2810
G1X60.5066Y-251.3583
G1X60.5167Y-251.4017
G1X60.5513Y-251.4030
G1X60.6132Y-251.3542
G1X64.0295Y-247.9378
G1X64.0857Y-247.8927
G1X64.1159Y-247.8930
G1X64.1230Y-247.9321
G1X64.1098Y-248.0031
G1X64.0791Y-248.0993
G1X64.0339Y-248.2141
G1X63.9771Y-248.3405
G1X63.9113Y-248.4718
G1X63.8397Y-248.6013
G1X63.7649Y-248.7222
G1X63.6898Y-248.8277
G1X63.6174Y-248.9112
G1X60.2826Y-252.2460
G1X60.2054Y-252.3363
G1X60.1286Y-252.4489
G1X60.0553Y-252.5758
G1X59.9885Y-252.7088
G1X59.9311Y-252.8400
G1X59.8862Y-252.9613
G1X59.8566Y-253.0646
G1X59.8454Y-253.1420
G1X59.8557Y-253.1853
G1X59.8902Y-253.1866
G1X59.9521Y-253.1378
G1X63.2869Y-249.8030
G1X63.3487Y-249.7542
G1X63.3833Y-249.7555
G1X63.3935Y-249.7989
G1X63.3823Y-249.8762
G1X63.3528Y-249.9796
G1X63.3078Y-250.1008
G1X63.2505Y-250.2320
G1X63.1836Y-250.3651
G1X63.1104Y-250.4919
G1X63.0336Y-250.6045
G1X62.9563Y-250.6949
G1X59.6215Y-254.0296
G1X59.5443Y-254.1200
G1X59.4675Y-254.2326
G1X59.3942Y-254.3594
G1X59.3274Y-254.4924
G1X59.2700Y-254.6236
G1X59.2251Y-254.7449
G1X59.1955Y-254.8482
G1X59.1844Y-254.9256
G1X59.1945Y-254.9689
G1X59.2291Y-254.9702
G1X59.2910Y-254.9214
G1X62.6257Y-251.5867
G1X62.6876Y-251.5379
G1X62.7222Y-251.5391
G1X62.7324Y-251.5825
G1X62.7212Y-251.6599
G1X62.6917Y-251.7632
G1X62.6467Y-251.8845
G1X62.5894Y-252.0157
G1X62.5225Y-252.1487
G1X62.4492Y-252.2755
G1X62.3725Y-252.3881
G1X62.2952Y-252.4785
G1X58.9604Y-255.8132
G1X58.8760Y-255.9288
G1X58.8552Y-256.0298
G1X58.8864Y-256.1082
G1X58.9579Y-256.1562
G1X59.0578Y-256.1659
G1X59.1745Y-256.1293
G1X59.2962Y-256.0388
G1X61.9647Y-253.3703
G1X62.0265Y-253.3215
G1X62.0611Y-253.3228
G1X62.0713Y-253.3661
G1X62.0601Y-253.4435
G1X62.0306Y-253.5468
G1X61.9856Y-253.6681
G1X61.9282Y-253.7993
G1X61.8614Y-253.9323
G1X61.7882Y-254.0592
G1X61.7114Y-254.1718
G1X61.6341Y-254.2621
G1X59.8575Y-256.0388
G1X59.7895Y-256.1309
G1X59.7873Y-256.1966
G1X59.8377Y-256.2361
G1X59.9276Y-256.2492
G1X60.0438Y-256.2361
G1X60.1732Y-256.1966
G1X60.3025Y-256.1309
G1X60.4187Y-256.0388
G1X61.3071Y-255.1504
G1X61.3678Y-255.1028
G1X61.4014Y-255.1050
G1X61.4109Y-255.1490
G1X61.3993Y-255.2269
G1X61.3695Y-255.3304
G1X61.3246Y-255.4517
G1X61.2674Y-255.5827
G1X61.2011Y-255.7152
G1X61.1285Y-255.8414
G1X61.0526Y-255.9531
G1X60.9765Y-256.0422
G1X60.7695Y-256.2492
G1 Z0F20000
(Start Block)

G1X57.9488Y-219.3398
G1Z6F20000
(Plotting speed under)
G1 F8000

G1X53.3498Y-229.6586
G1X49.8138Y-237.8607
G1X47.1680Y-237.8607
G1X50.7040Y-229.6586
G1X55.3029Y-219.3398
G1X57.9488Y-219.3398
G1 Z0F20000
(Start Block)

G1X55.2886Y-219.6970
G1Z6F20000
(Plotting speed under)
G1 F8000

G1X55.4010Y-219.5845
G1X55.5050Y-219.5221
G1X55.6465Y-219.4846
G1X55.7941Y-219.4721
G1X55.9167Y-219.4846
G1X55.9832Y-219.5221
G1X55.9623Y-219.5845
G1X55.0478Y-220.4990
G1X54.9804Y-220.5759
G1X54.9094Y-220.6731
G1X54.8373Y-220.7854
G1X54.7666Y-220.9070
G1X54.6996Y-221.0324
G1X54.6389Y-221.1562
G1X54.5869Y-221.2728
G1X54.5462Y-221.3767
G1X54.5191Y-221.4623
G1X54.5081Y-221.5241
G1X54.5157Y-221.5566
G1X54.5443Y-221.5543
G1X54.5965Y-221.5116
G1X56.4255Y-219.6826
G1X56.5417Y-219.5905
G1X56.6711Y-219.5247
G1X56.8004Y-219.4853
G1X56.9166Y-219.4721
G1X57.0065Y-219.4853
G1X57.0569Y-219.5247
G1X57.0547Y-219.5905
G1X56.9868Y-219.6826
G1X54.1452Y-222.5241
G1X54.0779Y-222.6009
G1X54.0069Y-222.6982
G1X53.9348Y-222.8104
G1X53.8640Y-222.9320
G1X53.7971Y-223.0575
G1X53.7363Y-223.1813
G1X53.6844Y-223.2979
G1X53.6436Y-223.4018
G1X53.6165Y-223.4874
G1X53.6055Y-223.5492
G1X53.6131Y-223.5817
G1X53.6418Y-223.5794
G1X53.6940Y-223.5367
G1X57.5480Y-219.6826
G1X57.5998Y-219.6403
G1X57.6273Y-219.6391
G1X57.6332Y-219.6733
G1X57.6200Y-219.7373
G1X57.5903Y-219.8255
G1X57.5468Y-219.9321
G1X57.4920Y-220.0515
G1X57.4286Y-220.1781
G1X57.3591Y-220.3061
G1X57.2861Y-220.4299
G1X57.2122Y-220.5439
G1X57.1401Y-220.6423
G1X57.0723Y-220.7196
G1X53.2427Y-224.5492
G1X53.1753Y-224.6260
G1X53.1043Y-224.7233
G1X53.0322Y-224.8355
G1X52.9615Y-224.9571
G1X52.8945Y-225.0826
G1X52.8338Y-225.2064
G1X52.7818Y-225.3230
G1X52.7411Y-225.4269
G1X52.7140Y-225.5125
G1X52.7030Y-225.5743
G1X52.7106Y-225.6068
G1X52.7392Y-225.6045
G1X52.7914Y-225.5617
G1X56.6210Y-221.7321
G1X56.6732Y-221.6894
G1X56.7019Y-221.6870
G1X56.7095Y-221.7195
G1X56.6985Y-221.7814
G1X56.6714Y-221.8670
G1X56.6306Y-221.9708
G1X56.5787Y-222.0874
G1X56.5180Y-222.2112
G1X56.4510Y-222.3367
G1X56.3802Y-222.4583
G1X56.3081Y-222.5705
G1X56.2372Y-222.6678
G1X56.1698Y-222.7446
G1X52.3401Y-226.5743
G1X52.2728Y-226.6511
G1X52.2018Y-226.7484
G1X52.1297Y-226.8606
G1X52.0589Y-226.9822
G1X51.9920Y-227.1077
G1X51.9313Y-227.2315
G1X51.8793Y-227.3481
G1X51.8385Y-227.4519
G1X51.8114Y-227.5376
G1X51.8004Y-227.5994
G1X51.8080Y-227.6319
G1X51.8367Y-227.6295
G1X51.8889Y-227.5868
G1X55.7185Y-223.7572
G1X55.7707Y-223.7145
G1X55.7994Y-223.7121
G1X55.8070Y-223.7446
G1X55.7960Y-223.8064
G1X55.7689Y-223.8920
G1X55.7281Y-223.9959
G1X55.6761Y-224.1125
G1X55.6154Y-224.2363
G1X55.5485Y-224.3618
G1X55.4777Y-224.4834
G1X55.4056Y-224.5956
G1X55.3346Y-224.6929
G1X55.2672Y-224.7697
G1X51.4376Y-228.5994
G1X51.3645Y-228.6835
G1X51.2874Y-228.7911
G1X51.2097Y-228.9150
G1X51.1342Y-229.0482
G1X51.0643Y-229.1838
G1X51.0029Y-229.3147
G1X50.9532Y-229.4339
G1X50.9183Y-229.5344
G1X50.9014Y-229.6091
G1X50.9054Y-229.6512
G1X50.9337Y-229.6535
G1X50.9892Y-229.6091
G1X54.8160Y-225.7823
G1X54.8681Y-225.7395
G1X54.8968Y-225.7372
G1X54.9044Y-225.7697
G1X54.8934Y-225.8315
G1X54.8663Y-225.9171
G1X54.8255Y-226.0210
G1X54.7736Y-226.1376
G1X54.7129Y-226.2614
G1X54.6459Y-226.3869
G1X54.5751Y-226.5085
G1X54.5030Y-226.6207
G1X54.4321Y-226.7180
G1X54.3647Y-226.7948
G1X50.5638Y-230.5957
G1X50.4912Y-230.6794
G1X50.4154Y-230.7857
G1X50.3395Y-230.9077
G1X50.2665Y-231.0385
G1X50.1992Y-231.1714
G1X50.1407Y-231.2994
G1X50.0939Y-231.4158
G1X50.0617Y-231.5136
G1X50.0471Y-231.5859
G1X50.0531Y-231.6261
G1X50.0825Y-231.6272
G1X50.1385Y-231.5823
G1X53.9134Y-227.8073
G1X53.9656Y-227.7646
G1X53.9943Y-227.7623
G1X54.0019Y-227.7948
G1X53.9909Y-227.8566
G1X53.9638Y-227.9422
G1X53.9230Y-228.0461
G1X53.8710Y-228.1627
G1X53.8103Y-228.2865
G1X53.7434Y-228.4120
G1X53.6726Y-228.5336
G1X53.6005Y-228.6458
G1X53.5295Y-228.7431
G1X53.4621Y-228.8199
G1X49.7131Y-232.5689
G1X49.6405Y-232.6526
G1X49.5647Y-232.7589
G1X49.4888Y-232.8809
G1X49.4158Y-233.0117
G1X49.3485Y-233.1446
G1X49.2900Y-233.2726
G1X49.2432Y-233.3890
G1X49.2110Y-233.4868
G1X49.1964Y-233.5592
G1X49.2024Y-233.5993
G1X49.2319Y-233.6004
G1X49.2878Y-233.5555
G1X53.0109Y-229.8324
G1X53.0668Y-229.7875
G1X53.0963Y-229.7885
G1X53.1023Y-229.8286
G1X53.0878Y-229.9010
G1X53.0557Y-229.9987
G1X53.0089Y-230.1150
G1X52.9504Y-230.2430
G1X52.8832Y-230.3758
G1X52.8102Y-230.5067
G1X52.7343Y-230.6286
G1X52.6586Y-230.7349
G1X52.5859Y-230.8186
G1X48.8625Y-234.5421
G1X48.7898Y-234.6258
G1X48.7140Y-234.7321
G1X48.6382Y-234.8541
G1X48.5651Y-234.9849
G1X48.4979Y-235.1178
G1X48.4393Y-235.2459
G1X48.3925Y-235.3622
G1X48.3603Y-235.4600
G1X48.3457Y-235.5324
G1X48.3517Y-235.5725
G1X48.3812Y-235.5736
G1X48.4371Y-235.5287
G1X52.1606Y-231.8052
G1X52.2166Y-231.7603
G1X52.2460Y-231.7613
G1X52.2520Y-231.8015
G1X52.2374Y-231.8739
G1X52.2053Y-231.9717
G1X52.1584Y-232.0880
G1X52.0999Y-232.2161
G1X52.0326Y-232.3489
G1X51.9596Y-232.4798
G1X51.8837Y-232.6018
G1X51.8080Y-232.7081
G1X51.7353Y-232.7918
G1X48.0118Y-236.5153
G1X47.9499Y-236.5993
G1X47.9037Y-236.7065
G1X47.8727Y-236.8298
G1X47.8558Y-236.9623
G1X47.8523Y-237.0971
G1X47.8613Y-237.2271
G1X47.8820Y-237.3454
G1X47.9135Y-237.4450
G1X47.9551Y-237.5191
G1X48.0059Y-237.5606
G1X48.0650Y-237.5625
G1X48.1317Y-237.5179
G1X50.8846Y-234.7650
G1X50.9573Y-234.6813
G1X51.0330Y-234.5750
G1X51.1089Y-234.4530
G1X51.1820Y-234.3221
G1X51.2492Y-234.1893
G1X51.3077Y-234.0612
G1X51.3546Y-233.9449
G1X51.3867Y-233.8471
G1X51.4013Y-233.7747
G1X51.3954Y-233.7346
G1X51.3659Y-233.7335
G1X51.3099Y-233.7784
G1X47.5704Y-237.5179
G1X47.5296Y-237.5777
G1X47.5324Y-237.6275
G1X47.5727Y-237.6673
G1X47.6445Y-237.6972
G1X47.7416Y-237.7172
G1X47.8578Y-237.7271
G1X47.9871Y-237.7271
G1X48.1233Y-237.7172
G1X48.2602Y-237.6972
G1X48.3918Y-237.6673
G1X48.5119Y-237.6275
G1X48.6143Y-237.5777
G1X48.6930Y-237.5179
G1X50.4593Y-235.7516
G1X50.5152Y-235.7067
G1X50.5447Y-235.7078
G1X50.5507Y-235.7479
G1X50.5361Y-235.8203
G1X50.5039Y-235.9181
G1X50.4571Y-236.0344
G1X50.3985Y-236.1625
G1X50.3313Y-236.2953
G1X50.2582Y-236.4262
G1X50.1824Y-236.5482
G1X50.1066Y-236.6545
G1X50.0339Y-236.7382
G1X49.1508Y-237.6214
G1X49.1329Y-237.6808
G1X49.2012Y-237.7165
G1X49.3244Y-237.7284
G1X49.4714Y-237.7165
G1X49.6110Y-237.6808
G1X49.7120Y-237.6214
G1X49.8191Y-237.5144
G1 Z0F20000
(Start Block)

G1X79.6430Y-256.3815
G1Z6F20000
(Plotting speed under)
G1 F8000

G1X78.0287Y-261.1440
G1X76.5349Y-265.9065
G1X75.2438Y-270.4045
G1X74.0769Y-274.9024
G1X71.4310Y-274.9024
G1X72.5979Y-270.4045
G1X73.8891Y-265.9065
G1X75.3828Y-261.1440
G1X76.9971Y-256.3815
G1X79.6430Y-256.3815
G1 Z0F20000
(Start Block)

G1X76.8131Y-257.3365
G1Z6F20000
(Plotting speed under)
G1 F8000

G1X77.4253Y-256.7243
G1X77.5415Y-256.6322
G1X77.6709Y-256.5664
G1X77.8002Y-256.5270
G1X77.9164Y-256.5138
G1X78.0063Y-256.5270
G1X78.0567Y-256.5664
G1X78.0545Y-256.6322
G1X77.9866Y-256.7243
G1X76.7358Y-257.9751
G1X76.6595Y-258.0644
G1X76.5855Y-258.1743
G1X76.5163Y-258.2971
G1X76.4545Y-258.4251
G1X76.4027Y-258.5506
G1X76.3636Y-258.6661
G1X76.3397Y-258.7638
G1X76.3335Y-258.8361
G1X76.3478Y-258.8754
G1X76.3851Y-258.8739
G1X76.4480Y-258.8241
G1X78.5478Y-256.7243
G1X78.6640Y-256.6322
G1X78.7934Y-256.5664
G1X78.9227Y-256.5270
G1X79.0389Y-256.5138
G1X79.1288Y-256.5270
G1X79.1793Y-256.5664
G1X79.1771Y-256.6322
G1X79.1091Y-256.7243
G1X76.1602Y-259.6732
G1X76.0839Y-259.7625
G1X76.0099Y-259.8724
G1X75.9407Y-259.9952
G1X75.8789Y-260.1232
G1X75.8271Y-260.2487
G1X75.7880Y-260.3642
G1X75.7641Y-260.4619
G1X75.7580Y-260.5342
G1X75.7723Y-260.5735
G1X75.8095Y-260.5720
G1X75.8724Y-260.5223
G1X79.0313Y-257.3633
G1X79.0942Y-257.3135
G1X79.1315Y-257.3121
G1X79.1458Y-257.3513
G1X79.1397Y-257.4236
G1X79.1158Y-257.5214
G1X79.0766Y-257.6368
G1X79.0249Y-257.7624
G1X78.9631Y-257.8904
G1X78.8939Y-258.0131
G1X78.8198Y-258.1230
G1X78.7436Y-258.2124
G1X75.5993Y-261.3567
G1X75.5163Y-261.4554
G1X75.4379Y-261.5764
G1X75.3671Y-261.7101
G1X75.3069Y-261.8466
G1X75.2605Y-261.9760
G1X75.2310Y-262.0886
G1X75.2213Y-262.1746
G1X75.2347Y-262.2241
G1X75.2742Y-262.2273
G1X75.3427Y-262.1744
G1X78.4558Y-259.0614
G1X78.5186Y-259.0116
G1X78.5559Y-259.0102
G1X78.5702Y-259.0494
G1X78.5641Y-259.1218
G1X78.5402Y-259.2195
G1X78.5010Y-259.3349
G1X78.4493Y-259.4605
G1X78.3875Y-259.5885
G1X78.3183Y-259.7113
G1X78.2443Y-259.8211
G1X78.1680Y-259.9105
G1X75.0863Y-262.9922
G1X75.0033Y-263.0909
G1X74.9249Y-263.2120
G1X74.8541Y-263.3456
G1X74.7939Y-263.4821
G1X74.7475Y-263.6116
G1X74.7180Y-263.7242
G1X74.7084Y-263.8101
G1X74.7217Y-263.8596
G1X74.7612Y-263.8628
G1X74.8298Y-263.8100
G1X77.8802Y-260.7595
G1X77.9433Y-260.7095
G1X77.9813Y-260.7074
G1X77.9966Y-260.7456
G1X77.9918Y-260.8166
G1X77.9693Y-260.9129
G1X77.9316Y-261.0269
G1X77.8813Y-261.1510
G1X77.8208Y-261.2777
G1X77.7526Y-261.3994
G1X77.6793Y-261.5086
G1X77.6033Y-261.5977
G1X74.5732Y-264.6277
G1X74.4903Y-264.7264
G1X74.4119Y-264.8475
G1X74.3411Y-264.9812
G1X74.2809Y-265.1176
G1X74.2345Y-265.2471
G1X74.2050Y-265.3597
G1X74.1954Y-265.4456
G1X74.2087Y-265.4952
G1X74.2482Y-265.4984
G1X74.3168Y-265.4455
G1X77.3468Y-262.4155
G1X77.4154Y-262.3626
G1X77.4548Y-262.3658
G1X77.4682Y-262.4153
G1X77.4585Y-262.5013
G1X77.4290Y-262.6139
G1X77.3826Y-262.7434
G1X77.3225Y-262.8798
G1X77.2517Y-263.0135
G1X77.1732Y-263.1346
G1X77.0903Y-263.2333
G1X74.0800Y-266.2435
G1X73.9979Y-266.3413
G1X73.9218Y-266.4601
G1X73.8544Y-266.5903
G1X73.7984Y-266.7227
G1X73.7566Y-266.8476
G1X73.7315Y-266.9557
G1X73.7261Y-267.0375
G1X73.7429Y-267.0836
G1X73.7846Y-267.0845
G1X73.8541Y-267.0307
G1X76.8338Y-264.0510
G1X76.9024Y-263.9981
G1X76.9418Y-264.0014
G1X76.9552Y-264.0508
G1X76.9456Y-264.1368
G1X76.9160Y-264.2494
G1X76.8696Y-264.3789
G1X76.8095Y-264.5153
G1X76.7387Y-264.6490
G1X76.6602Y-264.7701
G1X76.5773Y-264.8688
G1X73.6281Y-267.8180
G1X73.5460Y-267.9158
G1X73.4699Y-268.0345
G1X73.4025Y-268.1648
G1X73.3465Y-268.2971
G1X73.3046Y-268.4221
G1X73.2796Y-268.5302
G1X73.2741Y-268.6120
G1X73.2909Y-268.6580
G1X73.3327Y-268.6589
G1X73.4021Y-268.6052
G1X76.3208Y-265.6865
G1X76.3898Y-265.6332
G1X76.4305Y-265.6352
G1X76.4456Y-265.6830
G1X76.4381Y-265.7667
G1X76.4109Y-265.8770
G1X76.3669Y-266.0041
G1X76.3089Y-266.1384
G1X76.2399Y-266.2703
G1X76.1627Y-266.3902
G1X76.0802Y-266.4884
G1X73.1761Y-269.3924
G1X73.0940Y-269.4903
G1X73.0178Y-269.6092
G1X72.9501Y-269.7397
G1X72.8939Y-269.8723
G1X72.8518Y-269.9975
G1X72.8265Y-270.1058
G1X72.8208Y-270.1879
G1X72.8373Y-270.2342
G1X72.8790Y-270.2352
G1X72.9483Y-270.1815
G1X75.8542Y-267.2757
G1X75.9236Y-267.2219
G1X75.9654Y-267.2228
G1X75.9822Y-267.2689
G1X75.9767Y-267.3507
G1X75.9517Y-267.4588
G1X75.9098Y-267.5837
G1X75.8538Y-267.7160
G1X75.7864Y-267.8463
G1X75.7103Y-267.9651
G1X75.6282Y-268.0629
G1X72.7517Y-270.9394
G1X72.6704Y-271.0364
G1X72.5966Y-271.1529
G1X72.5324Y-271.2799
G1X72.4804Y-271.4082
G1X72.4429Y-271.5288
G1X72.4222Y-271.6326
G1X72.4208Y-271.7104
G1X72.4408Y-271.7532
G1X72.4848Y-271.7519
G1X72.5551Y-271.6973
G1X75.4023Y-268.8501
G1X75.4717Y-268.7964
G1X75.5135Y-268.7973
G1X75.5302Y-268.8434
G1X75.5248Y-268.9252
G1X75.4997Y-269.0333
G1X75.4579Y-269.1582
G1X75.4019Y-269.2905
G1X75.3345Y-269.4208
G1X75.2584Y-269.5395
G1X75.1763Y-269.6374
G1X72.3584Y-272.4552
G1X72.2772Y-272.5522
G1X72.2033Y-272.6687
G1X72.1392Y-272.7957
G1X72.0872Y-272.9240
G1X72.0497Y-273.0446
G1X72.0290Y-273.1484
G1X72.0275Y-273.2262
G1X72.0476Y-273.2690
G1X72.0916Y-273.2676
G1X72.1618Y-273.2131
G1X74.9503Y-270.4246
G1X75.0204Y-270.3702
G1X75.0640Y-270.3693
G1X75.0834Y-270.4128
G1X75.0811Y-270.4914
G1X75.0596Y-270.5960
G1X75.0212Y-270.7174
G1X74.9684Y-270.8465
G1X74.9037Y-270.9742
G1X74.8293Y-271.0911
G1X74.7479Y-271.1883
G1X71.9652Y-273.9710
G1X71.8811Y-274.0743
G1X71.8162Y-274.1908
G1X71.7710Y-274.3107
G1X71.7459Y-274.4243
G1X71.7414Y-274.5220
G1X71.7578Y-274.5941
G1X71.7958Y-274.6308
G1X71.8556Y-274.6226
G1X71.9378Y-274.5596
G1X74.5513Y-271.9462
G1X74.6215Y-271.8916
G1X74.6655Y-271.8903
G1X74.6856Y-271.9331
G1X74.6841Y-272.0109
G1X74.6634Y-272.1147
G1X74.6259Y-272.2353
G1X74.5739Y-272.3636
G1X74.5098Y-272.4906
G1X74.4359Y-272.6071
G1X74.3547Y-272.7041
G1X72.4991Y-274.5596
G1X72.4311Y-274.6517
G1X72.4290Y-274.7175
G1X72.4794Y-274.7569
G1X72.5693Y-274.7701
G1X72.6855Y-274.7569
G1X72.8148Y-274.7175
G1X72.9442Y-274.6517
G1X73.0604Y-274.5596
G1X74.1580Y-273.4620
G1X74.2283Y-273.4074
G1X74.2723Y-273.4061
G1X74.2923Y-273.4489
G1X74.2909Y-273.5267
G1X74.2702Y-273.6305
G1X74.2327Y-273.7510
G1X74.1807Y-273.8794
G1X74.1165Y-274.0064
G1X74.0427Y-274.1229
G1X73.9614Y-274.2199
G1X73.4112Y-274.7701
G1 Z0F20000
(Start Block)

G1X92.5977Y-274.9024
G1Z6F20000
(Plotting speed under)
G1 F8000

G1X91.5051Y-279.6649
G1X90.6148Y-284.1628
G1X89.8280Y-288.9253
G1X89.2368Y-293.4232
G1X86.5910Y-293.4232
G1X87.1822Y-288.9253
G1X87.9690Y-284.1628
G1X88.8593Y-279.6649
G1X89.9519Y-274.9024
G1X92.5977Y-274.9024
G1 Z0F20000
(Start Block)

G1X89.9054Y-275.6967
G1Z6F20000
(Plotting speed under)
G1 F8000

G1X90.3569Y-275.2452
G1X90.4731Y-275.1531
G1X90.6025Y-275.0873
G1X90.7318Y-275.0478
G1X90.8480Y-275.0347
G1X90.9379Y-275.0478
G1X90.9883Y-275.0873
G1X90.9862Y-275.1531
G1X90.9182Y-275.2452
G1X89.9488Y-276.2146
G1X89.8683Y-276.3107
G1X89.7967Y-276.4250
G1X89.7359Y-276.5487
G1X89.6879Y-276.6730
G1X89.6547Y-276.7892
G1X89.6384Y-276.8886
G1X89.6410Y-276.9624
G1X89.6643Y-277.0019
G1X89.7106Y-276.9983
G1X89.7817Y-276.9429
G1X91.4794Y-275.2452
G1X91.5957Y-275.1531
G1X91.7250Y-275.0873
G1X91.8544Y-275.0478
G1X91.9706Y-275.0347
G1X92.0604Y-275.0478
G1X92.1109Y-275.0873
G1X92.1087Y-275.1531
G1X92.0407Y-275.2452
G1X89.6146Y-277.6713
G1X89.5341Y-277.7675
G1X89.4625Y-277.8818
G1X89.4017Y-278.0054
G1X89.3537Y-278.1297
G1X89.3206Y-278.2460
G1X89.3042Y-278.3453
G1X89.3068Y-278.4191
G1X89.3302Y-278.4586
G1X89.3764Y-278.4550
G1X89.4475Y-278.3997
G1X92.1078Y-275.7393
G1X92.1789Y-275.6840
G1X92.2251Y-275.6804
G1X92.2485Y-275.7199
G1X92.2510Y-275.7937
G1X92.2347Y-275.8930
G1X92.2015Y-276.0093
G1X92.1536Y-276.1336
G1X92.0928Y-276.2573
G1X92.0211Y-276.3715
G1X91.9407Y-276.4677
G1X89.2804Y-279.1280
G1X89.2004Y-279.2238
G1X89.1298Y-279.3369
G1X89.0707Y-279.4590
G1X89.0247Y-279.5813
G1X88.9937Y-279.6953
G1X88.9796Y-279.7925
G1X88.9841Y-279.8643
G1X89.0091Y-279.9022
G1X89.0565Y-279.8975
G1X89.1280Y-279.8417
G1X91.7736Y-277.1961
G1X91.8447Y-277.1407
G1X91.8909Y-277.1371
G1X91.9143Y-277.1766
G1X91.9168Y-277.2504
G1X91.9005Y-277.3498
G1X91.8674Y-277.4660
G1X91.8194Y-277.5903
G1X91.7586Y-277.7140
G1X91.6869Y-277.8283
G1X91.6065Y-277.9244
G1X88.9895Y-280.5415
G1X88.9016Y-280.6486
G1X88.8265Y-280.7753
G1X88.7665Y-280.9100
G1X88.7238Y-281.0412
G1X88.7008Y-281.1573
G1X88.6998Y-281.2469
G1X88.7229Y-281.2984
G1X88.7725Y-281.3004
G1X88.8509Y-281.2412
G1X91.4394Y-278.6528
G1X91.5105Y-278.5974
G1X91.5567Y-278.5938
G1X91.5801Y-278.6333
G1X91.5826Y-278.7071
G1X91.5663Y-278.8065
G1X91.5332Y-278.9227
G1X91.4852Y-279.0470
G1X91.4244Y-279.1707
G1X91.3528Y-279.2850
G1X91.2723Y-279.3812
G1X88.7124Y-281.9410
G1X88.6245Y-282.0482
G1X88.5494Y-282.1748
G1X88.4894Y-282.3095
G1X88.4468Y-282.4407
G1X88.4238Y-282.5569
G1X88.4228Y-282.6465
G1X88.4459Y-282.6980
G1X88.4955Y-282.7000
G1X88.5739Y-282.6408
G1X91.1155Y-280.0992
G1X91.1939Y-280.0401
G1X91.2435Y-280.0420
G1X91.2667Y-280.0936
G1X91.2656Y-280.1832
G1X91.2426Y-280.2993
G1X91.2000Y-280.4305
G1X91.1400Y-280.5652
G1X91.0649Y-280.6919
G1X90.9770Y-280.7990
G1X88.4354Y-283.3406
G1X88.3476Y-283.4476
G1X88.2727Y-283.5741
G1X88.2131Y-283.7084
G1X88.1708Y-283.8392
G1X88.1483Y-283.9549
G1X88.1476Y-284.0441
G1X88.1711Y-284.0953
G1X88.2209Y-284.0971
G1X88.2994Y-284.0378
G1X90.8385Y-281.4988
G1X90.9169Y-281.4396
G1X90.9665Y-281.4416
G1X90.9896Y-281.4931
G1X90.9886Y-281.5827
G1X90.9656Y-281.6989
G1X90.9229Y-281.8301
G1X90.8629Y-281.9648
G1X90.7879Y-282.0914
G1X90.7000Y-282.1986
G1X88.1884Y-284.7102
G1X88.1014Y-284.8164
G1X88.0288Y-284.9405
G1X87.9725Y-285.0716
G1X87.9342Y-285.1984
G1X87.9157Y-285.3100
G1X87.9190Y-285.3953
G1X87.9458Y-285.4432
G1X87.9980Y-285.4426
G1X88.0773Y-285.3825
G1X90.5614Y-282.8983
G1X90.6398Y-282.8392
G1X90.6895Y-282.8411
G1X90.7126Y-282.8927
G1X90.7116Y-282.9823
G1X90.6886Y-283.0984
G1X90.6459Y-283.2296
G1X90.5859Y-283.3643
G1X90.5108Y-283.4910
G1X90.4229Y-283.5981
G1X87.9662Y-286.0548
G1X87.8793Y-286.1611
G1X87.8067Y-286.2852
G1X87.7503Y-286.4162
G1X87.7120Y-286.5431
G1X87.6936Y-286.6547
G1X87.6969Y-286.7400
G1X87.7236Y-286.7879
G1X87.7758Y-286.7873
G1X87.8551Y-286.7272
G1X90.2844Y-284.2979
G1X90.3637Y-284.2379
G1X90.4157Y-284.2375
G1X90.4422Y-284.2857
G1X90.4451Y-284.3713
G1X90.4264Y-284.4832
G1X90.3877Y-284.6104
G1X90.3311Y-284.7416
G1X90.2583Y-284.8660
G1X90.1713Y-284.9723
G1X87.7441Y-287.3995
G1X87.6571Y-287.5057
G1X87.5845Y-287.6299
G1X87.5282Y-287.7609
G1X87.4899Y-287.8878
G1X87.4714Y-287.9994
G1X87.4747Y-288.0847
G1X87.5015Y-288.1325
G1X87.5536Y-288.1320
G1X87.6330Y-288.0719
G1X90.0602Y-285.6446
G1X90.1396Y-285.5845
G1X90.1917Y-285.5839
G1X90.2185Y-285.6318
G1X90.2218Y-285.7171
G1X90.2034Y-285.8287
G1X90.1650Y-285.9556
G1X90.1087Y-286.0866
G1X90.0361Y-286.2107
G1X89.9492Y-286.3169
G1X87.5223Y-288.7438
G1X87.4362Y-288.8491
G1X87.3661Y-288.9709
G1X87.3132Y-289.0985
G1X87.2790Y-289.2212
G1X87.2649Y-289.3284
G1X87.2723Y-289.4096
G1X87.3026Y-289.4540
G1X87.3571Y-289.4510
G1X87.4374Y-289.3900
G1X89.8381Y-286.9893
G1X89.9174Y-286.9292
G1X89.9696Y-286.9286
G1X89.9964Y-286.9765
G1X89.9997Y-287.0618
G1X89.9812Y-287.1734
G1X89.9429Y-287.3002
G1X89.8865Y-287.4313
G1X89.8140Y-287.5554
G1X89.7270Y-287.6616
G1X87.3524Y-290.0362
G1X87.2664Y-290.1416
G1X87.1962Y-290.2633
G1X87.1433Y-290.3909
G1X87.1091Y-290.5136
G1X87.0950Y-290.6208
G1X87.1024Y-290.7020
G1X87.1327Y-290.7464
G1X87.1872Y-290.7434
G1X87.2675Y-290.6824
G1X89.6160Y-288.3340
G1X89.6953Y-288.2739
G1X89.7474Y-288.2733
G1X89.7742Y-288.3212
G1X89.7775Y-288.4065
G1X89.7591Y-288.5181
G1X89.7208Y-288.6449
G1X89.6644Y-288.7760
G1X89.5918Y-288.9001
G1X89.5049Y-289.0063
G1X87.1826Y-291.3286
G1X87.0965Y-291.4340
G1X87.0263Y-291.5557
G1X86.9734Y-291.6833
G1X86.9392Y-291.8060
G1X86.9251Y-291.9133
G1X86.9326Y-291.9944
G1X86.9628Y-292.0388
G1X87.0174Y-292.0358
G1X87.0976Y-291.9749
G1X89.4156Y-289.6568
G1X89.4959Y-289.5958
G1X89.5504Y-289.5928
G1X89.5807Y-289.6373
G1X89.5881Y-289.7184
G1X89.5740Y-289.8257
G1X89.5398Y-289.9484
G1X89.4869Y-290.0759
G1X89.4168Y-290.1977
G1X89.3307Y-290.3030
G1X87.0127Y-292.6210
G1X86.9250Y-292.7329
G1X86.8707Y-292.8507
G1X86.8476Y-292.9637
G1X86.8531Y-293.0612
G1X86.8850Y-293.1324
G1X86.9408Y-293.1665
G1X87.0181Y-293.1528
G1X87.1145Y-293.0805
G1X89.2458Y-290.9492
G1X89.3260Y-290.8882
G1X89.3806Y-290.8852
G1X89.4109Y-290.9297
G1X89.4182Y-291.0108
G1X89.4041Y-291.1181
G1X89.3699Y-291.2408
G1X89.3171Y-291.3683
G1X89.2469Y-291.4901
G1X89.1608Y-291.5954
G1X87.6758Y-293.0805
G1X87.6078Y-293.1725
G1X87.6056Y-293.2383
G1X87.6561Y-293.2778
G1X87.7460Y-293.2909
G1X87.8621Y-293.2778
G1X87.9915Y-293.2383
G1X88.1208Y-293.1725
G1X88.2371Y-293.0805
G1X89.0759Y-292.2416
G1X89.1561Y-292.1806
G1X89.2107Y-292.1777
G1X89.2410Y-292.2221
G1X89.2484Y-292.3032
G1X89.2343Y-292.4105
G1X89.2001Y-292.5332
G1X89.1472Y-292.6608
G1X89.0770Y-292.7825
G1X88.9910Y-292.8878
G1X88.5878Y-293.2909
G1 Z0F20000
(Start Block)

G1X107.7577Y-293.4232
G1Z6F20000
(Plotting speed under)
G1 F8000

G1X107.2965Y-298.1857
G1X107.0194Y-302.6837
G1X106.8955Y-307.4462
G1X106.9395Y-311.9441
G1X104.2936Y-311.9441
G1X104.2497Y-307.4462
G1X104.3736Y-302.6837
G1X104.6507Y-298.1857
G1X105.1118Y-293.4232
G1X107.7577Y-293.4232
G1 Z0F20000
(Start Block)

G1X105.1784Y-294.1088
G1Z6F20000
(Plotting speed under)
G1 F8000

G1X105.5212Y-293.7660
G1X105.6374Y-293.6739
G1X105.7667Y-293.6082
G1X105.8961Y-293.5687
G1X106.0123Y-293.5555
G1X106.1022Y-293.5687
G1X106.1526Y-293.6082
G1X106.1504Y-293.6739
G1X106.0824Y-293.7660
G1X105.3287Y-294.5197
G1X105.2435Y-294.6242
G1X105.1756Y-294.7437
G1X105.1260Y-294.8679
G1X105.0957Y-294.9868
G1X105.0857Y-295.0899
G1X105.0970Y-295.1672
G1X105.1306Y-295.2083
G1X105.1874Y-295.2030
G1X105.2685Y-295.1412
G1X106.6437Y-293.7660
G1X106.7599Y-293.6739
G1X106.8892Y-293.6082
G1X107.0186Y-293.5687
G1X107.1348Y-293.5555
G1X107.2247Y-293.5687
G1X107.2751Y-293.6082
G1X107.2729Y-293.6739
G1X107.2050Y-293.7660
G1X105.2083Y-295.7626
G1X105.1231Y-295.8671
G1X105.0552Y-295.9865
G1X105.0056Y-296.1108
G1X104.9754Y-296.2296
G1X104.9654Y-296.3328
G1X104.9767Y-296.4100
G1X105.0102Y-296.4512
G1X105.0671Y-296.4459
G1X105.1482Y-296.3841
G1X107.3624Y-294.1698
G1X107.4435Y-294.1080
G1X107.5003Y-294.1027
G1X107.5339Y-294.1439
G1X107.5452Y-294.2211
G1X107.5352Y-294.3242
G1X107.5049Y-294.4431
G1X107.4553Y-294.5673
G1X107.3874Y-294.6868
G1X107.3022Y-294.7913
G1X105.0880Y-297.0055
G1X105.0028Y-297.1100
G1X104.9349Y-297.2294
G1X104.8853Y-297.3537
G1X104.8550Y-297.4725
G1X104.8450Y-297.5757
G1X104.8563Y-297.6529
G1X104.8899Y-297.6940
G1X104.9467Y-297.6888
G1X105.0278Y-297.6269
G1X107.2420Y-295.4127
G1X107.3231Y-295.3509
G1X107.3800Y-295.3456
G1X107.4135Y-295.3867
G1X107.4248Y-295.4640
G1X107.4148Y-295.5671
G1X107.3846Y-295.6860
G1X107.3350Y-295.8102
G1X107.2671Y-295.9297
G1X107.1819Y-296.0341
G1X104.9775Y-298.2385
G1X104.8931Y-298.3422
G1X104.8273Y-298.4595
G1X104.7809Y-298.5807
G1X104.7543Y-298.6958
G1X104.7481Y-298.7951
G1X104.7631Y-298.8687
G1X104.7998Y-298.9067
G1X104.8588Y-298.8993
G1X104.9407Y-298.8366
G1X107.1217Y-296.6556
G1X107.2028Y-296.5938
G1X107.2596Y-296.5885
G1X107.2932Y-296.6296
G1X107.3045Y-296.7069
G1X107.2945Y-296.8100
G1X107.2642Y-296.9288
G1X107.2146Y-297.0531
G1X107.1467Y-297.1726
G1X107.0615Y-297.2770
G1X104.9038Y-299.4348
G1X104.8194Y-299.5384
G1X104.7536Y-299.6558
G1X104.7071Y-299.7769
G1X104.6805Y-299.8921
G1X104.6744Y-299.9913
G1X104.6894Y-300.0649
G1X104.7261Y-300.1029
G1X104.7851Y-300.0955
G1X104.8669Y-300.0329
G1X107.0013Y-297.8985
G1X107.0837Y-297.8354
G1X107.1439Y-297.8267
G1X107.1824Y-297.8629
G1X107.1995Y-297.9343
G1X107.1957Y-298.0314
G1X107.1712Y-298.1443
G1X107.1266Y-298.2637
G1X107.0621Y-298.3798
G1X106.9781Y-298.4830
G1X104.8301Y-300.6310
G1X104.7457Y-300.7347
G1X104.6799Y-300.8520
G1X104.6334Y-300.9731
G1X104.6068Y-301.0883
G1X104.6007Y-301.1876
G1X104.6157Y-301.2611
G1X104.6524Y-301.2992
G1X104.7113Y-301.2918
G1X104.7932Y-301.2291
G1X106.9093Y-299.1130
G1X106.9912Y-299.0504
G1X107.0502Y-299.0430
G1X107.0869Y-299.0810
G1X107.1019Y-299.1545
G1X107.0957Y-299.2538
G1X107.0692Y-299.3690
G1X107.0227Y-299.4901
G1X106.9569Y-299.6074
G1X106.8725Y-299.7111
G1X104.7564Y-301.8273
G1X104.6719Y-301.9310
G1X104.6060Y-302.0485
G1X104.5592Y-302.1699
G1X104.5323Y-302.2854
G1X104.5259Y-302.3850
G1X104.5405Y-302.4588
G1X104.5769Y-302.4971
G1X104.6357Y-302.4899
G1X104.7176Y-302.4273
G1X106.8357Y-300.3092
G1X106.9175Y-300.2466
G1X106.9765Y-300.2392
G1X107.0132Y-300.2772
G1X107.0281Y-300.3508
G1X107.0220Y-300.4501
G1X106.9954Y-300.5652
G1X106.9490Y-300.6864
G1X106.8832Y-300.8037
G1X106.7988Y-300.9074
G1X104.7026Y-303.0036
G1X104.6099Y-303.1204
G1X104.5424Y-303.2515
G1X104.5005Y-303.3832
G1X104.4846Y-303.5022
G1X104.4950Y-303.5948
G1X104.5321Y-303.6476
G1X104.5961Y-303.6472
G1X104.6876Y-303.5798
G1X106.7619Y-301.5055
G1X106.8438Y-301.4428
G1X106.9028Y-301.4355
G1X106.9395Y-301.4735
G1X106.9545Y-301.5470
G1X106.9483Y-301.6463
G1X106.9217Y-301.7614
G1X106.8752Y-301.8826
G1X106.8095Y-301.9999
G1X106.7251Y-302.1036
G1X104.6726Y-304.1561
G1X104.5799Y-304.2729
G1X104.5124Y-304.4040
G1X104.4705Y-304.5357
G1X104.4546Y-304.6547
G1X104.4650Y-304.7473
G1X104.5021Y-304.8002
G1X104.5662Y-304.7997
G1X104.6576Y-304.7324
G1X106.6882Y-302.7017
G1X106.7706Y-302.6386
G1X106.8310Y-302.6298
G1X106.8697Y-302.6658
G1X106.8870Y-302.7370
G1X106.8834Y-302.8338
G1X106.8592Y-302.9465
G1X106.8147Y-303.0657
G1X106.7503Y-303.1817
G1X106.6664Y-303.2848
G1X104.6426Y-305.3086
G1X104.5499Y-305.4254
G1X104.4824Y-305.5565
G1X104.4406Y-305.6882
G1X104.4247Y-305.8072
G1X104.4351Y-305.8998
G1X104.4721Y-305.9527
G1X104.5362Y-305.9522
G1X104.6276Y-305.8849
G1X106.6514Y-303.8611
G1X106.7429Y-303.7937
G1X106.8070Y-303.7932
G1X106.8440Y-303.8461
G1X106.8544Y-303.9387
G1X106.8385Y-304.0577
G1X106.7966Y-304.1894
G1X106.7292Y-304.3205
G1X106.6365Y-304.4373
G1X104.6127Y-306.4611
G1X104.5199Y-306.5779
G1X104.4524Y-306.7090
G1X104.4106Y-306.8407
G1X104.3947Y-306.9597
G1X104.4051Y-307.0523
G1X104.4422Y-307.1052
G1X104.5062Y-307.1047
G1X104.5977Y-307.0374
G1X106.6215Y-305.0136
G1X106.7129Y-304.9462
G1X106.7770Y-304.9457
G1X106.8140Y-304.9986
G1X106.8244Y-305.0912
G1X106.8085Y-305.2102
G1X106.7667Y-305.3419
G1X106.6992Y-305.4730
G1X106.6065Y-305.5898
G1X104.5960Y-307.6003
G1X104.5042Y-307.7162
G1X104.4390Y-307.8450
G1X104.4004Y-307.9734
G1X104.3883Y-308.0886
G1X104.4024Y-308.1775
G1X104.4428Y-308.2271
G1X104.5092Y-308.2243
G1X104.6015Y-308.1561
G1X106.5915Y-306.1661
G1X106.6829Y-306.0987
G1X106.7470Y-306.0982
G1X106.7841Y-306.1511
G1X106.7945Y-306.2437
G1X106.7786Y-306.3627
G1X106.7367Y-306.4944
G1X106.6692Y-306.6255
G1X106.5765Y-306.7423
G1X104.6069Y-308.7119
G1X104.5151Y-308.8279
G1X104.4499Y-308.9566
G1X104.4113Y-309.0851
G1X104.3991Y-309.2003
G1X104.4133Y-309.2892
G1X104.4536Y-309.3388
G1X104.5200Y-309.3360
G1X104.6123Y-309.2678
G1X106.5615Y-307.3186
G1X106.6533Y-307.2509
G1X106.7184Y-307.2494
G1X106.7568Y-307.3009
G1X106.7687Y-307.3920
G1X106.7544Y-307.5094
G1X106.7139Y-307.6398
G1X106.6474Y-307.7699
G1X106.5550Y-307.8863
G1X104.6177Y-309.8236
G1X104.5259Y-309.9396
G1X104.4607Y-310.0683
G1X104.4222Y-310.1968
G1X104.4100Y-310.3120
G1X104.4241Y-310.4009
G1X104.4645Y-310.4505
G1X104.5308Y-310.4476
G1X104.6232Y-310.3794
G1X106.5604Y-308.4422
G1X106.6528Y-308.3740
G1X106.7191Y-308.3712
G1X106.7595Y-308.4207
G1X106.7736Y-308.5096
G1X106.7615Y-308.6248
G1X106.7229Y-308.7533
G1X106.6577Y-308.8821
G1X106.5659Y-308.9980
G1X104.6286Y-310.9353
G1X104.5367Y-311.0512
G1X104.4716Y-311.1800
G1X104.4330Y-311.3085
G1X104.4208Y-311.4237
G1X104.4350Y-311.5126
G1X104.4753Y-311.5621
G1X104.5417Y-311.5593
G1X104.6340Y-311.4911
G1X106.5713Y-309.5539
G1X106.6636Y-309.4857
G1X106.7300Y-309.4829
G1X106.7703Y-309.5324
G1X106.7845Y-309.6213
G1X106.7723Y-309.7365
G1X106.7337Y-309.8650
G1X106.6686Y-309.9937
G1X106.5767Y-310.1097
G1X105.0851Y-311.6013
G1X105.0171Y-311.6934
G1X105.0150Y-311.7592
G1X105.0654Y-311.7986
G1X105.1553Y-311.8118
G1X105.2715Y-311.7986
G1X105.4008Y-311.7592
G1X105.5302Y-311.6934
G1X105.6464Y-311.6013
G1X106.5821Y-310.6655
G1X106.6745Y-310.5973
G1X106.7409Y-310.5945
G1X106.7812Y-310.6441
G1X106.7953Y-310.7330
G1X106.7832Y-310.8482
G1X106.7446Y-310.9767
G1X106.6794Y-311.1054
G1X106.5876Y-311.2214
G1X106.1197Y-311.6893
G1X106.0908Y-311.7493
G1X106.1309Y-311.7893
G1X106.2206Y-311.8093
G1X106.3400Y-311.8093
G1X106.4697Y-311.7893
G1X106.5898Y-311.7493
G1X106.6810Y-311.6893
G1X106.8035Y-311.5668
G1 Z0F20000
(Start Block)

G1X125.4603Y-311.9441
G1Z6F20000
(Plotting speed under)
G1 F8000

G1X125.6603Y-316.4420
G1X126.0407Y-321.2045
G1X126.5572Y-325.7024
G1X127.2668Y-330.4649
G1X124.6210Y-330.4649
G1X123.9113Y-325.7024
G1X123.3949Y-321.2045
G1X123.0144Y-316.4420
G1X122.8145Y-311.9441
G1X125.4603Y-311.9441
G1 Z0F20000
(Start Block)

G1X123.5058Y-312.0764
G1Z6F20000
(Plotting speed under)
G1 F8000

G1X123.1868Y-312.3954
G1X123.0957Y-312.5106
G1X123.0327Y-312.6372
G1X122.9970Y-312.7627
G1X122.9883Y-312.8745
G1X123.0058Y-312.9601
G1X123.0491Y-313.0066
G1X123.1176Y-313.0017
G1X123.2107Y-312.9328
G1X123.8566Y-312.2868
G1X123.9728Y-312.1948
G1X124.1021Y-312.1290
G1X124.2315Y-312.0895
G1X124.3477Y-312.0764
G1X124.4376Y-312.0895
G1X124.4880Y-312.1290
G1X124.4858Y-312.1948
G1X124.4179Y-312.2868
G1X123.2346Y-313.4701
G1X123.1435Y-313.5853
G1X123.0804Y-313.7120
G1X123.0448Y-313.8375
G1X123.0360Y-313.9493
G1X123.0536Y-314.0348
G1X123.0969Y-314.0814
G1X123.1654Y-314.0765
G1X123.2585Y-314.0075
G1X124.9791Y-312.2868
G1X125.0782Y-312.2119
G1X125.1623Y-312.1914
G1X125.2277Y-312.2159
G1X125.2706Y-312.2761
G1X125.2871Y-312.3625
G1X125.2736Y-312.4659
G1X125.2262Y-312.5770
G1X125.1411Y-312.6862
G1X123.2824Y-314.5449
G1X123.1913Y-314.6601
G1X123.1282Y-314.7867
G1X123.0926Y-314.9123
G1X123.0838Y-315.0241
G1X123.1014Y-315.1096
G1X123.1446Y-315.1562
G1X123.2131Y-315.1513
G1X123.3062Y-315.0823
G1X125.1649Y-313.2236
G1X125.2581Y-313.1546
G1X125.3265Y-313.1497
G1X125.3698Y-313.1963
G1X125.3874Y-313.2818
G1X125.3786Y-313.3936
G1X125.3430Y-313.5191
G1X125.2799Y-313.6458
G1X125.1888Y-313.7609
G1X123.3301Y-315.6196
G1X123.2390Y-315.7349
G1X123.1756Y-315.8618
G1X123.1397Y-315.9877
G1X123.1305Y-316.0999
G1X123.1477Y-316.1858
G1X123.1906Y-316.2328
G1X123.2588Y-316.2281
G1X123.3518Y-316.1592
G1X125.2127Y-314.2983
G1X125.3058Y-314.2293
G1X125.3743Y-314.2244
G1X125.4176Y-314.2710
G1X125.4351Y-314.3565
G1X125.4264Y-314.4684
G1X125.3907Y-314.5939
G1X125.3277Y-314.7205
G1X125.2366Y-314.8357
G1X123.3933Y-316.6790
G1X123.3030Y-316.7934
G1X123.2420Y-316.9180
G1X123.2092Y-317.0407
G1X123.2036Y-317.1493
G1X123.2244Y-317.2316
G1X123.2705Y-317.2754
G1X123.3410Y-317.2684
G1X123.4349Y-317.1987
G1X125.2605Y-315.3731
G1X125.3536Y-315.3041
G1X125.4221Y-315.2992
G1X125.4654Y-315.3458
G1X125.4829Y-315.4313
G1X125.4741Y-315.5431
G1X125.4385Y-315.6686
G1X125.3754Y-315.7953
G1X125.2844Y-315.9105
G1X123.4764Y-317.7185
G1X123.3861Y-317.8329
G1X123.3250Y-317.9575
G1X123.2922Y-318.0802
G1X123.2867Y-318.1888
G1X123.3075Y-318.2711
G1X123.3536Y-318.3149
G1X123.4240Y-318.3079
G1X123.5179Y-318.2382
G1X125.3083Y-316.4478
G1X125.4018Y-316.3784
G1X125.4715Y-316.3723
G1X125.5165Y-316.4172
G1X125.5360Y-316.5007
G1X125.5292Y-316.6106
G1X125.4953Y-316.7344
G1X125.4334Y-316.8599
G1X125.3428Y-316.9746
G1X123.5594Y-318.7579
G1X123.4691Y-318.8724
G1X123.4081Y-318.9970
G1X123.3752Y-319.1197
G1X123.3697Y-319.2283
G1X123.3905Y-319.3106
G1X123.4366Y-319.3543
G1X123.5071Y-319.3474
G1X123.6009Y-319.2777
G1X125.3843Y-317.4943
G1X125.4782Y-317.4246
G1X125.5487Y-317.4177
G1X125.5948Y-317.4615
G1X125.6156Y-317.5437
G1X125.6100Y-317.6523
G1X125.5772Y-317.7750
G1X125.5161Y-317.8997
G1X125.4258Y-318.0141
G1X123.6425Y-319.7974
G1X123.5522Y-319.9118
G1X123.4911Y-320.0365
G1X123.4583Y-320.1592
G1X123.4527Y-320.2678
G1X123.4735Y-320.3501
G1X123.5196Y-320.3938
G1X123.5901Y-320.3869
G1X123.6840Y-320.3172
G1X125.4674Y-318.5338
G1X125.5612Y-318.4641
G1X125.6317Y-318.4572
G1X125.6778Y-318.5010
G1X125.6986Y-318.5832
G1X125.6931Y-318.6918
G1X125.6602Y-318.8145
G1X125.5992Y-318.9392
G1X125.5089Y-319.0536
G1X123.7255Y-320.8369
G1X123.6357Y-320.9508
G1X123.5760Y-321.0742
G1X123.5451Y-321.1950
G1X123.5417Y-321.3014
G1X123.5646Y-321.3815
G1X123.6126Y-321.4234
G1X123.6844Y-321.4152
G1X123.7788Y-321.3449
G1X125.5504Y-319.5733
G1X125.6443Y-319.5036
G1X125.7147Y-319.4967
G1X125.7609Y-319.5405
G1X125.7816Y-319.6227
G1X125.7761Y-319.7313
G1X125.7433Y-319.8540
G1X125.6822Y-319.9787
G1X125.5919Y-320.0931
G1X123.8366Y-321.8484
G1X123.7470Y-321.9621
G1X123.6878Y-322.0849
G1X123.6576Y-322.2050
G1X123.6550Y-322.3106
G1X123.6788Y-322.3899
G1X123.7275Y-322.4310
G1X123.7998Y-322.4223
G1X123.8944Y-322.3518
G1X125.6334Y-320.6128
G1X125.7273Y-320.5431
G1X125.7978Y-320.5362
G1X125.8439Y-320.5799
G1X125.8647Y-320.6622
G1X125.8591Y-320.7708
G1X125.8263Y-320.8935
G1X125.7653Y-321.0182
G1X125.6750Y-321.1326
G1X123.9522Y-322.8553
G1X123.8626Y-322.9690
G1X123.8034Y-323.0918
G1X123.7732Y-323.2119
G1X123.7706Y-323.3175
G1X123.7944Y-323.3968
G1X123.8431Y-323.4380
G1X123.9154Y-323.4292
G1X124.0100Y-323.3588
G1X125.7235Y-321.6453
G1X125.8181Y-321.5748
G1X125.8904Y-321.5661
G1X125.9391Y-321.6072
G1X125.9629Y-321.6865
G1X125.9603Y-321.7921
G1X125.9301Y-321.9122
G1X125.8709Y-322.0350
G1X125.7813Y-322.1487
G1X124.0678Y-323.8622
G1X123.9782Y-323.9759
G1X123.9190Y-324.0988
G1X123.8888Y-324.2188
G1X123.8862Y-324.3244
G1X123.9100Y-324.4037
G1X123.9587Y-324.4449
G1X124.0311Y-324.4361
G1X124.1256Y-324.3657
G1X125.8391Y-322.6522
G1X125.9337Y-322.5817
G1X126.0060Y-322.5730
G1X126.0547Y-322.6142
G1X126.0785Y-322.6934
G1X126.0760Y-322.7990
G1X126.0457Y-322.9191
G1X125.9865Y-323.0419
G1X125.8969Y-323.1556
G1X124.1834Y-324.8691
G1X124.0927Y-324.9840
G1X124.0306Y-325.1097
G1X123.9962Y-325.2339
G1X123.9889Y-325.3443
G1X124.0080Y-325.4283
G1X124.0526Y-325.4736
G1X124.1220Y-325.4678
G1X124.2154Y-325.3984
G1X125.9547Y-323.6591
G1X126.0493Y-323.5887
G1X126.1216Y-323.5799
G1X126.1703Y-323.6211
G1X126.1941Y-323.7004
G1X126.1916Y-323.8060
G1X126.1614Y-323.9261
G1X126.1021Y-324.0489
G1X126.0125Y-324.1626
G1X124.3110Y-325.8641
G1X124.2220Y-325.9772
G1X124.1645Y-326.0983
G1X124.1367Y-326.2160
G1X124.1369Y-326.3188
G1X124.1634Y-326.3954
G1X124.2146Y-326.4341
G1X124.2886Y-326.4237
G1X124.3838Y-326.3526
G1X126.0703Y-324.6660
G1X126.1649Y-324.5956
G1X126.2372Y-324.5868
G1X126.2860Y-324.6280
G1X126.3097Y-324.7073
G1X126.3072Y-324.8129
G1X126.2770Y-324.9330
G1X126.2177Y-325.0558
G1X126.1282Y-325.1695
G1X124.4566Y-326.8411
G1X124.3676Y-326.9541
G1X124.3101Y-327.0752
G1X124.2823Y-327.1929
G1X124.2825Y-327.2958
G1X124.3090Y-327.3723
G1X124.3601Y-327.4111
G1X124.4342Y-327.4006
G1X124.5294Y-327.3296
G1X126.1859Y-325.6729
G1X126.2809Y-325.6022
G1X126.3540Y-325.5926
G1X126.4039Y-325.6326
G1X126.4290Y-325.7105
G1X126.4278Y-325.8148
G1X126.3988Y-325.9337
G1X126.3404Y-326.0557
G1X126.2511Y-326.1691
G1X124.6021Y-327.8180
G1X124.5132Y-327.9311
G1X124.4557Y-328.0522
G1X124.4279Y-328.1699
G1X124.4281Y-328.2727
G1X124.4546Y-328.3493
G1X124.5057Y-328.3880
G1X124.5797Y-328.3776
G1X124.6750Y-328.3065
G1X126.3239Y-326.6576
G1X126.4191Y-326.5865
G1X126.4931Y-326.5760
G1X126.5442Y-326.6148
G1X126.5708Y-326.6913
G1X126.5710Y-326.7942
G1X126.5432Y-326.9119
G1X126.4856Y-327.0330
G1X126.3967Y-327.1460
G1X124.7477Y-328.7950
G1X124.6588Y-328.9080
G1X124.6012Y-329.0292
G1X124.5734Y-329.1468
G1X124.5737Y-329.2497
G1X124.6002Y-329.3262
G1X124.6513Y-329.3650
G1X124.7253Y-329.3545
G1X124.8205Y-329.2834
G1X126.4695Y-327.6345
G1X126.5647Y-327.5634
G1X126.6387Y-327.5530
G1X126.6898Y-327.5918
G1X126.7163Y-327.6683
G1X126.7165Y-327.7711
G1X126.6887Y-327.8888
G1X126.6312Y-328.0099
G1X126.5423Y-328.1230
G1X124.8933Y-329.7719
G1X124.8019Y-329.8944
G1X124.7633Y-330.0132
G1X124.7702Y-330.1160
G1X124.8151Y-330.1905
G1X124.8907Y-330.2245
G1X124.9896Y-330.2059
G1X125.1043Y-330.1222
G1X126.6150Y-328.6115
G1X126.7102Y-328.5404
G1X126.7843Y-328.5299
G1X126.8354Y-328.5687
G1X126.8619Y-328.6452
G1X126.8621Y-328.7481
G1X126.8343Y-328.8658
G1X126.7768Y-328.9869
G1X126.6878Y-329.0999
G1X125.6656Y-330.1222
G1X125.5976Y-330.2143
G1X125.5954Y-330.2800
G1X125.6459Y-330.3195
G1X125.7358Y-330.3327
G1X125.8520Y-330.3195
G1X125.9813Y-330.2800
G1X126.1107Y-330.2143
G1X126.2269Y-330.1222
G1X126.7606Y-329.5884
G1X126.8558Y-329.5173
G1X126.9298Y-329.5069
G1X126.9810Y-329.5457
G1X127.0075Y-329.6222
G1X127.0077Y-329.7250
G1X126.9799Y-329.8427
G1X126.9224Y-329.9638
G1X126.8334Y-330.0769
G1X126.5777Y-330.3327
G1 Z0F20000
(Start Block)

G1X108.7460Y-330.4649
G1Z6F20000
(Plotting speed under)
G1 F8000

G1X109.5658Y-334.9629
G1X110.5261Y-339.4608
G1X111.6894Y-344.2233
G1X112.9959Y-348.9858
G1X110.3501Y-348.9858
G1X109.0436Y-344.2233
G1X107.8802Y-339.4608
G1X106.9200Y-334.9629
G1X106.1001Y-330.4649
G1X108.7460Y-330.4649
G1 Z0F20000
(Start Block)

G1X106.3855Y-330.5972
G1Z6F20000
(Plotting speed under)
G1 F8000

G1X106.3319Y-330.6508
G1X106.3066Y-330.7345
G1X106.3109Y-330.8694
G1X106.3365Y-331.0099
G1X106.3751Y-331.1105
G1X106.4184Y-331.1256
G1X106.7363Y-330.8077
G1X106.8525Y-330.7156
G1X106.9818Y-330.6498
G1X107.1112Y-330.6104
G1X107.2273Y-330.5972
G1X107.3173Y-330.6104
G1X107.3677Y-330.6498
G1X107.3655Y-330.7156
G1X107.2975Y-330.8077
G1X106.6618Y-331.4434
G1X106.5735Y-331.5559
G1X106.5175Y-331.6754
G1X106.4919Y-331.7909
G1X106.4946Y-331.8913
G1X106.5236Y-331.9653
G1X106.5770Y-332.0018
G1X106.6525Y-331.9898
G1X106.7483Y-331.9181
G1X107.8588Y-330.8077
G1X107.9752Y-330.7154
G1X108.1050Y-330.6492
G1X108.2351Y-330.6090
G1X108.3520Y-330.5951
G1X108.4427Y-330.6074
G1X108.4939Y-330.6462
G1X108.4921Y-330.7115
G1X108.4244Y-330.8034
G1X106.8349Y-332.3929
G1X106.7465Y-332.5054
G1X106.6905Y-332.6249
G1X106.6649Y-332.7404
G1X106.6677Y-332.8407
G1X106.6967Y-332.9147
G1X106.7500Y-332.9513
G1X106.8256Y-332.9393
G1X106.9214Y-332.8676
G1X108.5109Y-331.2781
G1X108.6067Y-331.2064
G1X108.6823Y-331.1945
G1X108.7356Y-331.2310
G1X108.7646Y-331.3050
G1X108.7674Y-331.4053
G1X108.7418Y-331.5208
G1X108.6858Y-331.6404
G1X108.5974Y-331.7529
G1X107.0080Y-333.3423
G1X106.9196Y-333.4548
G1X106.8636Y-333.5744
G1X106.8380Y-333.6899
G1X106.8407Y-333.7902
G1X106.8698Y-333.8642
G1X106.9231Y-333.9008
G1X106.9987Y-333.8888
G1X107.0945Y-333.8171
G1X108.6840Y-332.2276
G1X108.7798Y-332.1559
G1X108.8553Y-332.1439
G1X108.9087Y-332.1805
G1X108.9377Y-332.2545
G1X108.9404Y-332.3548
G1X108.9148Y-332.4703
G1X108.8588Y-332.5898
G1X108.7705Y-332.7023
G1X107.1810Y-334.2918
G1X107.0927Y-334.4043
G1X107.0368Y-334.5237
G1X107.0114Y-334.6390
G1X107.0143Y-334.7391
G1X107.0435Y-334.8130
G1X107.0970Y-334.8494
G1X107.1727Y-334.8372
G1X107.2686Y-334.7655
G1X108.8570Y-333.1771
G1X108.9528Y-333.1054
G1X109.0284Y-333.0934
G1X109.0817Y-333.1300
G1X109.1108Y-333.2040
G1X109.1135Y-333.3043
G1X109.0879Y-333.4198
G1X109.0319Y-333.5393
G1X108.9436Y-333.6518
G1X107.3673Y-335.2281
G1X107.2795Y-335.3400
G1X107.2249Y-335.4582
G1X107.2012Y-335.5717
G1X107.2062Y-335.6698
G1X107.2375Y-335.7416
G1X107.2928Y-335.7762
G1X107.3697Y-335.7628
G1X107.4661Y-335.6906
G1X109.0301Y-334.1265
G1X109.1259Y-334.0548
G1X109.2015Y-334.0429
G1X109.2548Y-334.0794
G1X109.2838Y-334.1534
G1X109.2866Y-334.2537
G1X109.2610Y-334.3692
G1X109.2050Y-334.4888
G1X109.1166Y-334.6013
G1X107.5648Y-336.1531
G1X107.4770Y-336.2651
G1X107.4224Y-336.3832
G1X107.3987Y-336.4968
G1X107.4037Y-336.5948
G1X107.4350Y-336.6666
G1X107.4902Y-336.7012
G1X107.5672Y-336.6878
G1X107.6635Y-336.6156
G1X109.2032Y-335.0760
G1X109.2994Y-335.0039
G1X109.3760Y-334.9909
G1X109.4307Y-335.0260
G1X109.4614Y-335.0984
G1X109.4658Y-335.1970
G1X109.4416Y-335.3111
G1X109.3867Y-335.4296
G1X109.2987Y-335.5417
G1X107.7623Y-337.0782
G1X107.6744Y-337.1901
G1X107.6198Y-337.3083
G1X107.5962Y-337.4218
G1X107.6012Y-337.5199
G1X107.6325Y-337.5917
G1X107.6877Y-337.6263
G1X107.7647Y-337.6129
G1X107.8610Y-337.5407
G1X109.3975Y-336.0042
G1X109.4938Y-335.9320
G1X109.5708Y-335.9186
G1X109.6260Y-335.9532
G1X109.6573Y-336.0250
G1X109.6623Y-336.1231
G1X109.6387Y-336.2366
G1X109.5841Y-336.3548
G1X109.4962Y-336.4667
G1X107.9597Y-338.0032
G1X107.8719Y-338.1152
G1X107.8173Y-338.2333
G1X107.7937Y-338.3469
G1X107.7986Y-338.4449
G1X107.8299Y-338.5167
G1X107.8852Y-338.5513
G1X107.9622Y-338.5379
G1X108.0585Y-338.4657
G1X109.5950Y-336.9293
G1X109.6913Y-336.8570
G1X109.7682Y-336.8437
G1X109.8235Y-336.8783
G1X109.8548Y-336.9500
G1X109.8598Y-337.0481
G1X109.8361Y-337.1617
G1X109.7815Y-337.2798
G1X109.6937Y-337.3918
G1X108.1572Y-338.9283
G1X108.0696Y-339.0400
G1X108.0155Y-339.1577
G1X107.9925Y-339.2706
G1X107.9982Y-339.3679
G1X108.0303Y-339.4389
G1X108.0862Y-339.4728
G1X108.1637Y-339.4590
G1X108.2602Y-339.3866
G1X109.7924Y-337.8543
G1X109.8888Y-337.7821
G1X109.9657Y-337.7687
G1X110.0210Y-337.8033
G1X110.0523Y-337.8751
G1X110.0573Y-337.9732
G1X110.0336Y-338.0867
G1X109.9790Y-338.2049
G1X109.8912Y-338.3168
G1X108.3704Y-339.8377
G1X108.2830Y-339.9491
G1X108.2297Y-340.0660
G1X108.2079Y-340.1777
G1X108.2150Y-340.2737
G1X108.2484Y-340.3433
G1X108.3055Y-340.3761
G1X108.3837Y-340.3614
G1X108.4805Y-340.2887
G1X109.9899Y-338.7794
G1X110.0863Y-338.7071
G1X110.1632Y-338.6938
G1X110.2185Y-338.7284
G1X110.2498Y-338.8001
G1X110.2547Y-338.8982
G1X110.2311Y-339.0118
G1X110.1765Y-339.1299
G1X110.0887Y-339.2419
G1X108.5907Y-340.7398
G1X108.5034Y-340.8513
G1X108.4501Y-340.9681
G1X108.4283Y-341.0799
G1X108.4354Y-341.1758
G1X108.4687Y-341.2455
G1X108.5258Y-341.2783
G1X108.6041Y-341.2636
G1X108.7009Y-341.1909
G1X110.1874Y-339.7044
G1X110.2842Y-339.6317
G1X110.3625Y-339.6170
G1X110.4196Y-339.6498
G1X110.4530Y-339.7194
G1X110.4601Y-339.8154
G1X110.4383Y-339.9271
G1X110.3850Y-340.0440
G1X110.2977Y-340.1554
G1X108.8111Y-341.6420
G1X108.7238Y-341.7535
G1X108.6705Y-341.8703
G1X108.6487Y-341.9820
G1X108.6557Y-342.0780
G1X108.6891Y-342.1477
G1X108.7462Y-342.1804
G1X108.8245Y-342.1658
G1X108.9213Y-342.0930
G1X110.4079Y-340.6065
G1X110.5047Y-340.5338
G1X110.5830Y-340.5191
G1X110.6401Y-340.5519
G1X110.6734Y-340.6215
G1X110.6805Y-340.7175
G1X110.6587Y-340.8292
G1X110.6054Y-340.9461
G1X110.5181Y-341.0576
G1X109.0315Y-342.5441
G1X108.9442Y-342.6556
G1X108.8908Y-342.7725
G1X108.8690Y-342.8842
G1X108.8761Y-342.9801
G1X108.9095Y-343.0498
G1X108.9666Y-343.0826
G1X109.0449Y-343.0679
G1X109.1417Y-342.9952
G1X110.6283Y-341.5086
G1X110.7251Y-341.4360
G1X110.8033Y-341.4213
G1X110.8604Y-341.4541
G1X110.8938Y-341.5237
G1X110.9009Y-341.6197
G1X110.8791Y-341.7314
G1X110.8258Y-341.8483
G1X110.7384Y-341.9597
G1X109.2519Y-343.4463
G1X109.1645Y-343.5578
G1X109.1112Y-343.6746
G1X109.0894Y-343.7864
G1X109.0965Y-343.8823
G1X109.1299Y-343.9520
G1X109.1870Y-343.9847
G1X109.2652Y-343.9701
G1X109.3620Y-343.8974
G1X110.8486Y-342.4108
G1X110.9454Y-342.3381
G1X111.0237Y-342.3234
G1X111.0808Y-342.3562
G1X111.1142Y-342.4259
G1X111.1213Y-342.5218
G1X111.0994Y-342.6335
G1X111.0462Y-342.7504
G1X110.9588Y-342.8619
G1X109.4809Y-344.3398
G1X109.3940Y-344.4508
G1X109.3420Y-344.5664
G1X109.3218Y-344.6764
G1X109.3309Y-344.7704
G1X109.3662Y-344.8382
G1X109.4250Y-344.8692
G1X109.5045Y-344.8534
G1X109.6017Y-344.7802
G1X111.0690Y-343.3130
G1X111.1658Y-343.2403
G1X111.2441Y-343.2256
G1X111.3012Y-343.2584
G1X111.3346Y-343.3280
G1X111.3416Y-343.4240
G1X111.3198Y-343.5357
G1X111.2665Y-343.6526
G1X111.1792Y-343.7641
G1X109.7226Y-345.2206
G1X109.6357Y-345.3317
G1X109.5836Y-345.4473
G1X109.5635Y-345.5573
G1X109.5725Y-345.6513
G1X109.6079Y-345.7190
G1X109.6667Y-345.7501
G1X109.7461Y-345.7342
G1X109.8434Y-345.6611
G1X111.2894Y-344.2151
G1X111.3864Y-344.1422
G1X111.4652Y-344.1270
G1X111.5230Y-344.1590
G1X111.5573Y-344.2278
G1X111.5652Y-344.3230
G1X111.5442Y-344.4339
G1X111.4914Y-344.5502
G1X111.4042Y-344.6615
G1X109.9642Y-346.1015
G1X109.8773Y-346.2125
G1X109.8253Y-346.3282
G1X109.8051Y-346.4382
G1X109.8142Y-346.5322
G1X109.8495Y-346.5999
G1X109.9083Y-346.6310
G1X109.9878Y-346.6151
G1X110.0851Y-346.5420
G1X111.5251Y-345.1019
G1X111.6223Y-345.0288
G1X111.7018Y-345.0129
G1X111.7606Y-345.0440
G1X111.7960Y-345.1117
G1X111.8050Y-345.2057
G1X111.7849Y-345.3157
G1X111.7328Y-345.4314
G1X111.6459Y-345.5424
G1X110.2059Y-346.9824
G1X110.1190Y-347.0934
G1X110.0669Y-347.2091
G1X110.0468Y-347.3191
G1X110.0558Y-347.4131
G1X110.0911Y-347.4808
G1X110.1500Y-347.5119
G1X110.2294Y-347.4960
G1X110.3267Y-347.4228
G1X111.7667Y-345.9828
G1X111.8640Y-345.9097
G1X111.9435Y-345.8938
G1X112.0023Y-345.9249
G1X112.0376Y-345.9926
G1X112.0466Y-346.0866
G1X112.0265Y-346.1966
G1X111.9745Y-346.3123
G1X111.8875Y-346.4233
G1X110.4475Y-347.8633
G1X110.3607Y-347.9743
G1X110.3086Y-348.0900
G1X110.2884Y-348.2000
G1X110.2975Y-348.2940
G1X110.3328Y-348.3617
G1X110.3916Y-348.3928
G1X110.4711Y-348.3769
G1X110.5683Y-348.3037
G1X112.0084Y-346.8637
G1X112.1057Y-346.7906
G1X112.1851Y-346.7747
G1X112.2439Y-346.8058
G1X112.2793Y-346.8735
G1X112.2883Y-346.9675
G1X112.2682Y-347.0775
G1X112.2161Y-347.1932
G1X112.1292Y-347.3042
G1X110.7903Y-348.6430
G1X110.7224Y-348.7351
G1X110.7202Y-348.8009
G1X110.7706Y-348.8403
G1X110.8605Y-348.8535
G1X110.9767Y-348.8403
G1X111.1060Y-348.8009
G1X111.2354Y-348.7351
G1X111.3516Y-348.6430
G1X112.2500Y-347.7446
G1X112.3473Y-347.6714
G1X112.4268Y-347.6556
G1X112.4856Y-347.6866
G1X112.5209Y-347.7543
G1X112.5299Y-347.8484
G1X112.5098Y-347.9584
G1X112.4577Y-348.0740
G1X112.3709Y-348.1850
G1X111.9129Y-348.6430
G1X111.8449Y-348.7351
G1X111.8427Y-348.8009
G1X111.8931Y-348.8403
G1X111.9830Y-348.8535
G1X112.0992Y-348.8403
G1X112.2286Y-348.8009
G1X112.3579Y-348.7351
G1X112.4741Y-348.6430
G1X112.7022Y-348.4150
G1 Z0F20000
(Start Block)

G1X88.4186Y-311.9441
G1Z6F20000
(Plotting speed under)
G1 F8000

G1X88.6186Y-316.4420
G1X88.9990Y-321.2045
G1X89.5154Y-325.7024
G1X90.2251Y-330.4649
G1X87.5793Y-330.4649
G1X86.8696Y-325.7024
G1X86.3532Y-321.2045
G1X85.9727Y-316.4420
G1X85.7728Y-311.9441
G1X88.4186Y-311.9441
G1 Z0F20000
(Start Block)

G1X86.4641Y-312.0764
G1Z6F20000
(Plotting speed under)
G1 F8000

G1X86.1451Y-312.3954
G1X86.0540Y-312.5106
G1X85.9910Y-312.6372
G1X85.9553Y-312.7627
G1X85.9466Y-312.8745
G1X85.9641Y-312.9601
G1X86.0074Y-313.0066
G1X86.0759Y-313.0017
G1X86.1690Y-312.9328
G1X86.8149Y-312.2868
G1X86.9311Y-312.1948
G1X87.0604Y-312.1290
G1X87.1898Y-312.0895
G1X87.3060Y-312.0764
G1X87.3959Y-312.0895
G1X87.4463Y-312.1290
G1X87.4441Y-312.1948
G1X87.3762Y-312.2868
G1X86.1929Y-313.4701
G1X86.1018Y-313.5853
G1X86.0387Y-313.7120
G1X86.0031Y-313.8375
G1X85.9943Y-313.9493
G1X86.0119Y-314.0348
G1X86.0552Y-314.0814
G1X86.1236Y-314.0765
G1X86.2167Y-314.0075
G1X87.9374Y-312.2868
G1X88.0364Y-312.2119
G1X88.1206Y-312.1914
G1X88.1860Y-312.2159
G1X88.2289Y-312.2761
G1X88.2454Y-312.3625
G1X88.2319Y-312.4659
G1X88.1845Y-312.5770
G1X88.0993Y-312.6862
G1X86.2406Y-314.5449
G1X86.1496Y-314.6601
G1X86.0865Y-314.7867
G1X86.0509Y-314.9123
G1X86.0421Y-315.0241
G1X86.0596Y-315.1096
G1X86.1029Y-315.1562
G1X86.1714Y-315.1513
G1X86.2645Y-315.0823
G1X88.1232Y-313.2236
G1X88.2163Y-313.1546
G1X88.2848Y-313.1497
G1X88.3281Y-313.1963
G1X88.3456Y-313.2818
G1X88.3369Y-313.3936
G1X88.3012Y-313.5191
G1X88.2382Y-313.6458
G1X88.1471Y-313.7609
G1X86.2884Y-315.6196
G1X86.1973Y-315.7349
G1X86.1340Y-315.8618
G1X86.0980Y-315.9877
G1X86.0888Y-316.0999
G1X86.1059Y-316.1858
G1X86.1489Y-316.2328
G1X86.2171Y-316.2281
G1X86.3101Y-316.1592
G1X88.1710Y-314.2983
G1X88.2641Y-314.2293
G1X88.3326Y-314.2244
G1X88.3759Y-314.2710
G1X88.3934Y-314.3565
G1X88.3847Y-314.4684
G1X88.3490Y-314.5939
G1X88.2859Y-314.7205
G1X88.1949Y-314.8357
G1X86.3516Y-316.6790
G1X86.2614Y-316.7934
G1X86.2003Y-316.9180
G1X86.1675Y-317.0407
G1X86.1619Y-317.1493
G1X86.1827Y-317.2316
G1X86.2288Y-317.2754
G1X86.2993Y-317.2684
G1X86.3932Y-317.1987
G1X88.2188Y-315.3731
G1X88.3119Y-315.3041
G1X88.3804Y-315.2992
G1X88.4237Y-315.3458
G1X88.4412Y-315.4313
G1X88.4324Y-315.5431
G1X88.3968Y-315.6686
G1X88.3337Y-315.7953
G1X88.2427Y-315.9105
G1X86.4347Y-317.7185
G1X86.3444Y-317.8329
G1X86.2833Y-317.9575
G1X86.2505Y-318.0802
G1X86.2450Y-318.1888
G1X86.2657Y-318.2711
G1X86.3119Y-318.3149
G1X86.3823Y-318.3079
G1X86.4762Y-318.2382
G1X88.2666Y-316.4478
G1X88.3601Y-316.3784
G1X88.4298Y-316.3723
G1X88.4748Y-316.4172
G1X88.4943Y-316.5007
G1X88.4875Y-316.6106
G1X88.4536Y-316.7344
G1X88.3917Y-316.8599
G1X88.3011Y-316.9746
G1X86.5177Y-318.7579
G1X86.4274Y-318.8724
G1X86.3663Y-318.9970
G1X86.3335Y-319.1197
G1X86.3280Y-319.2283
G1X86.3488Y-319.3106
G1X86.3949Y-319.3543
G1X86.4654Y-319.3474
G1X86.5593Y-319.2777
G1X88.3426Y-317.4943
G1X88.4365Y-317.4246
G1X88.5070Y-317.4177
G1X88.5531Y-317.4615
G1X88.5738Y-317.5437
G1X88.5683Y-317.6523
G1X88.5355Y-317.7750
G1X88.4744Y-317.8997
G1X88.3841Y-318.0141
G1X86.6008Y-319.7974
G1X86.5105Y-319.9118
G1X86.4494Y-320.0365
G1X86.4166Y-320.1592
G1X86.4111Y-320.2678
G1X86.4318Y-320.3501
G1X86.4779Y-320.3938
G1X86.5484Y-320.3869
G1X86.6423Y-320.3172
G1X88.4256Y-318.5338
G1X88.5195Y-318.4641
G1X88.5900Y-318.4572
G1X88.6361Y-318.5010
G1X88.6569Y-318.5832
G1X88.6514Y-318.6918
G1X88.6185Y-318.8145
G1X88.5575Y-318.9392
G1X88.4672Y-319.0536
G1X86.6838Y-320.8369
G1X86.5940Y-320.9508
G1X86.5343Y-321.0742
G1X86.5033Y-321.1950
G1X86.5000Y-321.3014
G1X86.5229Y-321.3815
G1X86.5709Y-321.4234
G1X86.6427Y-321.4152
G1X86.7371Y-321.3449
G1X88.5087Y-319.5733
G1X88.6026Y-319.5036
G1X88.6730Y-319.4967
G1X88.7192Y-319.5405
G1X88.7399Y-319.6227
G1X88.7344Y-319.7313
G1X88.7016Y-319.8540
G1X88.6405Y-319.9787
G1X88.5502Y-320.0931
G1X86.7949Y-321.8484
G1X86.7053Y-321.9621
G1X86.6461Y-322.0849
G1X86.6159Y-322.2050
G1X86.6133Y-322.3106
G1X86.6371Y-322.3899
G1X86.6858Y-322.4310
G1X86.7581Y-322.4223
G1X86.8527Y-322.3518
G1X88.5917Y-320.6128
G1X88.6856Y-320.5431
G1X88.7561Y-320.5362
G1X88.8022Y-320.5799
G1X88.8230Y-320.6622
G1X88.8174Y-320.7708
G1X88.7846Y-320.8935
G1X88.7235Y-321.0182
G1X88.6332Y-321.1326
G1X86.9105Y-322.8553
G1X86.8209Y-322.9690
G1X86.7617Y-323.0918
G1X86.7315Y-323.2119
G1X86.7289Y-323.3175
G1X86.7527Y-323.3968
G1X86.8014Y-323.4380
G1X86.8737Y-323.4292
G1X86.9683Y-323.3588
G1X88.6818Y-321.6453
G1X88.7764Y-321.5748
G1X88.8487Y-321.5661
G1X88.8974Y-321.6072
G1X88.9212Y-321.6865
G1X88.9186Y-321.7921
G1X88.8884Y-321.9122
G1X88.8292Y-322.0350
G1X88.7396Y-322.1487
G1X87.0261Y-323.8622
G1X86.9365Y-323.9759
G1X86.8773Y-324.0988
G1X86.8471Y-324.2188
G1X86.8446Y-324.3244
G1X86.8683Y-324.4037
G1X86.9170Y-324.4449
G1X86.9894Y-324.4361
G1X87.0839Y-324.3657
G1X88.7974Y-322.6522
G1X88.8920Y-322.5817
G1X88.9643Y-322.5730
G1X89.0130Y-322.6142
G1X89.0368Y-322.6934
G1X89.0342Y-322.7990
G1X89.0041Y-322.9191
G1X88.9448Y-323.0419
G1X88.8552Y-323.1556
G1X87.1417Y-324.8691
G1X87.0510Y-324.9840
G1X86.9889Y-325.1097
G1X86.9545Y-325.2339
G1X86.9472Y-325.3443
G1X86.9663Y-325.4283
G1X87.0108Y-325.4736
G1X87.0802Y-325.4678
G1X87.1737Y-325.3984
G1X88.9130Y-323.6591
G1X89.0076Y-323.5887
G1X89.0799Y-323.5799
G1X89.1286Y-323.6211
G1X89.1524Y-323.7004
G1X89.1499Y-323.8060
G1X89.1197Y-323.9261
G1X89.0604Y-324.0489
G1X88.9708Y-324.1626
G1X87.2693Y-325.8641
G1X87.1803Y-325.9772
G1X87.1228Y-326.0983
G1X87.0950Y-326.2160
G1X87.0952Y-326.3188
G1X87.1217Y-326.3954
G1X87.1728Y-326.4341
G1X87.2469Y-326.4237
G1X87.3421Y-326.3526
G1X89.0286Y-324.6660
G1X89.1232Y-324.5956
G1X89.1955Y-324.5868
G1X89.2442Y-324.6280
G1X89.2680Y-324.7073
G1X89.2655Y-324.8129
G1X89.2353Y-324.9330
G1X89.1760Y-325.0558
G1X89.0864Y-325.1695
G1X87.4149Y-326.8411
G1X87.3259Y-326.9541
G1X87.2684Y-327.0752
G1X87.2406Y-327.1929
G1X87.2408Y-327.2958
G1X87.2673Y-327.3723
G1X87.3184Y-327.4111
G1X87.3925Y-327.4006
G1X87.4876Y-327.3296
G1X89.1443Y-325.6729
G1X89.2391Y-325.6022
G1X89.3123Y-325.5926
G1X89.3622Y-325.6326
G1X89.3873Y-325.7105
G1X89.3861Y-325.8148
G1X89.3571Y-325.9337
G1X89.2987Y-326.0557
G1X89.2094Y-326.1691
G1X87.5605Y-327.8180
G1X87.4715Y-327.9311
G1X87.4140Y-328.0522
G1X87.3862Y-328.1699
G1X87.3864Y-328.2727
G1X87.4129Y-328.3493
G1X87.4640Y-328.3880
G1X87.5380Y-328.3776
G1X87.6332Y-328.3065
G1X89.2822Y-326.6576
G1X89.3774Y-326.5865
G1X89.4514Y-326.5760
G1X89.5025Y-326.6148
G1X89.5290Y-326.6913
G1X89.5293Y-326.7942
G1X89.5014Y-326.9119
G1X89.4439Y-327.0330
G1X89.3550Y-327.1460
G1X87.7060Y-328.7950
G1X87.6171Y-328.9080
G1X87.5596Y-329.0292
G1X87.5318Y-329.1468
G1X87.5320Y-329.2497
G1X87.5585Y-329.3262
G1X87.6096Y-329.3650
G1X87.6836Y-329.3545
G1X87.7788Y-329.2834
G1X89.4278Y-327.6345
G1X89.5230Y-327.5634
G1X89.5970Y-327.5530
G1X89.6481Y-327.5918
G1X89.6746Y-327.6683
G1X89.6748Y-327.7711
G1X89.6470Y-327.8888
G1X89.5895Y-328.0099
G1X89.5005Y-328.1230
G1X87.8516Y-329.7719
G1X87.7602Y-329.8944
G1X87.7216Y-330.0132
G1X87.7285Y-330.1160
G1X87.7734Y-330.1905
G1X87.8490Y-330.2245
G1X87.9478Y-330.2059
G1X88.0626Y-330.1222
G1X89.5733Y-328.6115
G1X89.6686Y-328.5404
G1X89.7426Y-328.5299
G1X89.7937Y-328.5687
G1X89.8202Y-328.6452
G1X89.8204Y-328.7481
G1X89.7926Y-328.8658
G1X89.7351Y-328.9869
G1X89.6461Y-329.0999
G1X88.6239Y-330.1222
G1X88.5559Y-330.2143
G1X88.5537Y-330.2800
G1X88.6042Y-330.3195
G1X88.6940Y-330.3327
G1X88.8102Y-330.3195
G1X88.9396Y-330.2800
G1X89.0690Y-330.2143
G1X89.1852Y-330.1222
G1X89.7189Y-329.5884
G1X89.8141Y-329.5173
G1X89.8882Y-329.5069
G1X89.9393Y-329.5457
G1X89.9658Y-329.6222
G1X89.9660Y-329.7250
G1X89.9382Y-329.8427
G1X89.8807Y-329.9638
G1X89.7917Y-330.0769
G1X89.5359Y-330.3327
G1 Z0F20000
(Start Block)

G1X71.7043Y-330.4649
G1Z6F20000
(Plotting speed under)
G1 F8000

G1X72.5241Y-334.9629
G1X73.4844Y-339.4608
G1X74.6477Y-344.2233
G1X75.9542Y-348.9858
G1X73.3084Y-348.9858
G1X72.0019Y-344.2233
G1X70.8385Y-339.4608
G1X69.8783Y-334.9629
G1X69.0584Y-330.4649
G1X71.7043Y-330.4649
G1 Z0F20000
(Start Block)

G1X69.3438Y-330.5972
G1Z6F20000
(Plotting speed under)
G1 F8000

G1X69.2902Y-330.6508
G1X69.2649Y-330.7345
G1X69.2692Y-330.8694
G1X69.2948Y-331.0099
G1X69.3334Y-331.1105
G1X69.3767Y-331.1256
G1X69.6945Y-330.8077
G1X69.8107Y-330.7156
G1X69.9401Y-330.6498
G1X70.0695Y-330.6104
G1X70.1857Y-330.5972
G1X70.2755Y-330.6104
G1X70.3260Y-330.6498
G1X70.3238Y-330.7156
G1X70.2558Y-330.8077
G1X69.6201Y-331.4434
G1X69.5317Y-331.5559
G1X69.4758Y-331.6754
G1X69.4502Y-331.7909
G1X69.4529Y-331.8913
G1X69.4819Y-331.9653
G1X69.5353Y-332.0018
G1X69.6108Y-331.9898
G1X69.7066Y-331.9181
G1X70.8171Y-330.8077
G1X70.9335Y-330.7154
G1X71.0633Y-330.6492
G1X71.1934Y-330.6090
G1X71.3104Y-330.5951
G1X71.4010Y-330.6074
G1X71.4521Y-330.6462
G1X71.4505Y-330.7115
G1X71.3827Y-330.8034
G1X69.7932Y-332.3929
G1X69.7048Y-332.5054
G1X69.6488Y-332.6249
G1X69.6232Y-332.7404
G1X69.6260Y-332.8407
G1X69.6550Y-332.9147
G1X69.7083Y-332.9513
G1X69.7839Y-332.9393
G1X69.8797Y-332.8676
G1X71.4692Y-331.2781
G1X71.5650Y-331.2064
G1X71.6406Y-331.1945
G1X71.6939Y-331.2310
G1X71.7229Y-331.3050
G1X71.7257Y-331.4053
G1X71.7001Y-331.5208
G1X71.6441Y-331.6404
G1X71.5557Y-331.7529
G1X69.9662Y-333.3423
G1X69.8779Y-333.4548
G1X69.8219Y-333.5744
G1X69.7963Y-333.6899
G1X69.7990Y-333.7902
G1X69.8281Y-333.8642
G1X69.8814Y-333.9008
G1X69.9570Y-333.8888
G1X70.0528Y-333.8171
G1X71.6422Y-332.2276
G1X71.7381Y-332.1559
G1X71.8136Y-332.1439
G1X71.8670Y-332.1805
G1X71.8960Y-332.2545
G1X71.8987Y-332.3548
G1X71.8731Y-332.4703
G1X71.8172Y-332.5898
G1X71.7288Y-332.7023
G1X70.1393Y-334.2918
G1X70.0510Y-334.4043
G1X69.9951Y-334.5237
G1X69.9697Y-334.6390
G1X69.9726Y-334.7391
G1X70.0018Y-334.8130
G1X70.0553Y-334.8494
G1X70.1310Y-334.8372
G1X70.2269Y-334.7655
G1X71.8153Y-333.1771
G1X71.9111Y-333.1054
G1X71.9867Y-333.0934
G1X72.0400Y-333.1300
G1X72.0691Y-333.2040
G1X72.0718Y-333.3043
G1X72.0462Y-333.4198
G1X71.9902Y-333.5393
G1X71.9019Y-333.6518
G1X70.3256Y-335.2281
G1X70.2378Y-335.3400
G1X70.1832Y-335.4582
G1X70.1595Y-335.5717
G1X70.1645Y-335.6698
G1X70.1958Y-335.7416
G1X70.2511Y-335.7762
G1X70.3280Y-335.7628
G1X70.4243Y-335.6906
G1X71.9884Y-334.1265
G1X72.0842Y-334.0548
G1X72.1598Y-334.0429
G1X72.2131Y-334.0794
G1X72.2421Y-334.1534
G1X72.2449Y-334.2537
G1X72.2193Y-334.3692
G1X72.1633Y-334.4888
G1X72.0749Y-334.6013
G1X70.5231Y-336.1531
G1X70.4352Y-336.2651
G1X70.3807Y-336.3832
G1X70.3570Y-336.4968
G1X70.3620Y-336.5948
G1X70.3933Y-336.6666
G1X70.4486Y-336.7012
G1X70.5255Y-336.6878
G1X70.6218Y-336.6156
G1X72.1615Y-335.0760
G1X72.2576Y-335.0039
G1X72.3342Y-334.9909
G1X72.3890Y-335.0260
G1X72.4197Y-335.0984
G1X72.4241Y-335.1970
G1X72.4000Y-335.3111
G1X72.3450Y-335.4296
G1X72.2570Y-335.5417
G1X70.7206Y-337.0782
G1X70.6327Y-337.1901
G1X70.5781Y-337.3083
G1X70.5545Y-337.4218
G1X70.5595Y-337.5199
G1X70.5907Y-337.5917
G1X70.6460Y-337.6263
G1X70.7230Y-337.6129
G1X70.8193Y-337.5407
G1X72.3558Y-336.0042
G1X72.4521Y-335.9320
G1X72.5291Y-335.9186
G1X72.5843Y-335.9532
G1X72.6156Y-336.0250
G1X72.6206Y-336.1231
G1X72.5969Y-336.2366
G1X72.5424Y-336.3548
G1X72.4545Y-336.4667
G1X70.9181Y-338.0032
G1X70.8302Y-338.1152
G1X70.7756Y-338.2333
G1X70.7520Y-338.3469
G1X70.7570Y-338.4449
G1X70.7882Y-338.5167
G1X70.8435Y-338.5513
G1X70.9205Y-338.5379
G1X71.0168Y-338.4657
G1X72.5533Y-336.9293
G1X72.6496Y-336.8570
G1X72.7265Y-336.8437
G1X72.7818Y-336.8783
G1X72.8131Y-336.9500
G1X72.8181Y-337.0481
G1X72.7944Y-337.1617
G1X72.7398Y-337.2798
G1X72.6520Y-337.3918
G1X71.1155Y-338.9283
G1X71.0279Y-339.0400
G1X70.9738Y-339.1577
G1X70.9508Y-339.2706
G1X70.9565Y-339.3679
G1X70.9886Y-339.4389
G1X71.0445Y-339.4728
G1X71.1220Y-339.4590
G1X71.2185Y-339.3866
G1X72.7507Y-337.8543
G1X72.8471Y-337.7821
G1X72.9240Y-337.7687
G1X72.9793Y-337.8033
G1X73.0106Y-337.8751
G1X73.0156Y-337.9732
G1X72.9919Y-338.0867
G1X72.9373Y-338.2049
G1X72.8495Y-338.3168
G1X71.3287Y-339.8377
G1X71.2413Y-339.9491
G1X71.1880Y-340.0660
G1X71.1662Y-340.1777
G1X71.1733Y-340.2737
G1X71.2067Y-340.3433
G1X71.2638Y-340.3761
G1X71.3420Y-340.3614
G1X71.4389Y-340.2887
G1X72.9482Y-338.7794
G1X73.0445Y-338.7071
G1X73.1215Y-338.6938
G1X73.1768Y-338.7284
G1X73.2081Y-338.8001
G1X73.2130Y-338.8982
G1X73.1894Y-339.0118
G1X73.1348Y-339.1299
G1X73.0469Y-339.2419
G1X71.5490Y-340.7398
G1X71.4617Y-340.8513
G1X71.4084Y-340.9681
G1X71.3866Y-341.0799
G1X71.3936Y-341.1758
G1X71.4270Y-341.2455
G1X71.4842Y-341.2783
G1X71.5624Y-341.2636
G1X71.6592Y-341.1909
G1X73.1457Y-339.7044
G1X73.2425Y-339.6317
G1X73.3208Y-339.6170
G1X73.3779Y-339.6498
G1X73.4113Y-339.7194
G1X73.4184Y-339.8154
G1X73.3966Y-339.9271
G1X73.3433Y-340.0440
G1X73.2560Y-340.1554
G1X71.7694Y-341.6420
G1X71.6821Y-341.7535
G1X71.6288Y-341.8703
G1X71.6070Y-341.9820
G1X71.6140Y-342.0780
G1X71.6474Y-342.1477
G1X71.7045Y-342.1804
G1X71.7828Y-342.1658
G1X71.8796Y-342.0930
G1X73.3662Y-340.6065
G1X73.4630Y-340.5338
G1X73.5412Y-340.5191
G1X73.5983Y-340.5519
G1X73.6317Y-340.6215
G1X73.6388Y-340.7175
G1X73.6170Y-340.8292
G1X73.5637Y-340.9461
G1X73.4763Y-341.0576
G1X71.9898Y-342.5441
G1X71.9024Y-342.6556
G1X71.8492Y-342.7725
G1X71.8273Y-342.8842
G1X71.8344Y-342.9801
G1X71.8678Y-343.0498
G1X71.9249Y-343.0826
G1X72.0031Y-343.0679
G1X72.1000Y-342.9952
G1X73.5865Y-341.5086
G1X73.6833Y-341.4360
G1X73.7616Y-341.4213
G1X73.8187Y-341.4541
G1X73.8521Y-341.5237
G1X73.8592Y-341.6197
G1X73.8374Y-341.7314
G1X73.7841Y-341.8483
G1X73.6967Y-341.9597
G1X72.2101Y-343.4463
G1X72.1228Y-343.5578
G1X72.0695Y-343.6746
G1X72.0477Y-343.7864
G1X72.0548Y-343.8823
G1X72.0881Y-343.9520
G1X72.1453Y-343.9847
G1X72.2235Y-343.9701
G1X72.3203Y-343.8974
G1X73.8069Y-342.4108
G1X73.9037Y-342.3381
G1X73.9820Y-342.3234
G1X74.0391Y-342.3562
G1X74.0725Y-342.4259
G1X74.0796Y-342.5218
G1X74.0577Y-342.6335
G1X74.0044Y-342.7504
G1X73.9171Y-342.8619
G1X72.4392Y-344.3398
G1X72.3523Y-344.4508
G1X72.3002Y-344.5664
G1X72.2801Y-344.6764
G1X72.2892Y-344.7704
G1X72.3245Y-344.8382
G1X72.3833Y-344.8692
G1X72.4628Y-344.8534
G1X72.5601Y-344.7802
G1X74.0273Y-343.3130
G1X74.1241Y-343.2403
G1X74.2024Y-343.2256
G1X74.2595Y-343.2584
G1X74.2928Y-343.3280
G1X74.2999Y-343.4240
G1X74.2781Y-343.5357
G1X74.2248Y-343.6526
G1X74.1375Y-343.7641
G1X72.6809Y-345.2206
G1X72.5940Y-345.3317
G1X72.5419Y-345.4473
G1X72.5218Y-345.5573
G1X72.5308Y-345.6513
G1X72.5661Y-345.7190
G1X72.6250Y-345.7501
G1X72.7044Y-345.7342
G1X72.8017Y-345.6611
G1X74.2477Y-344.2151
G1X74.3447Y-344.1422
G1X74.4235Y-344.1270
G1X74.4813Y-344.1590
G1X74.5156Y-344.2278
G1X74.5235Y-344.3230
G1X74.5024Y-344.4339
G1X74.4497Y-344.5502
G1X74.3625Y-344.6615
G1X72.9225Y-346.1015
G1X72.8356Y-346.2125
G1X72.7836Y-346.3282
G1X72.7634Y-346.4382
G1X72.7725Y-346.5322
G1X72.8078Y-346.5999
G1X72.8666Y-346.6310
G1X72.9461Y-346.6151
G1X73.0433Y-346.5420
G1X74.4834Y-345.1019
G1X74.5806Y-345.0288
G1X74.6601Y-345.0129
G1X74.7189Y-345.0440
G1X74.7543Y-345.1117
G1X74.7633Y-345.2057
G1X74.7432Y-345.3157
G1X74.6911Y-345.4314
G1X74.6042Y-345.5424
G1X73.1642Y-346.9824
G1X73.0773Y-347.0934
G1X73.0252Y-347.2091
G1X73.0051Y-347.3191
G1X73.0141Y-347.4131
G1X73.0495Y-347.4808
G1X73.1083Y-347.5119
G1X73.1877Y-347.4960
G1X73.2850Y-347.4228
G1X74.7250Y-345.9828
G1X74.8223Y-345.9097
G1X74.9018Y-345.8938
G1X74.9606Y-345.9249
G1X74.9959Y-345.9926
G1X75.0049Y-346.0866
G1X74.9848Y-346.1966
G1X74.9327Y-346.3123
G1X74.8459Y-346.4233
G1X73.4058Y-347.8633
G1X73.3189Y-347.9743
G1X73.2668Y-348.0900
G1X73.2467Y-348.2000
G1X73.2558Y-348.2940
G1X73.2911Y-348.3617
G1X73.3499Y-348.3928
G1X73.4294Y-348.3769
G1X73.5267Y-348.3037
G1X74.9667Y-346.8637
G1X75.0639Y-346.7906
G1X75.1434Y-346.7747
G1X75.2022Y-346.8058
G1X75.2376Y-346.8735
G1X75.2466Y-346.9675
G1X75.2265Y-347.0775
G1X75.1744Y-347.1932
G1X75.0875Y-347.3042
G1X73.7486Y-348.6430
G1X73.6807Y-348.7351
G1X73.6785Y-348.8009
G1X73.7289Y-348.8403
G1X73.8188Y-348.8535
G1X73.9350Y-348.8403
G1X74.0643Y-348.8009
G1X74.1937Y-348.7351
G1X74.3099Y-348.6430
G1X75.2083Y-347.7446
G1X75.3056Y-347.6714
G1X75.3850Y-347.6556
G1X75.4439Y-347.6866
G1X75.4792Y-347.7543
G1X75.4882Y-347.8484
G1X75.4681Y-347.9584
G1X75.4160Y-348.0740
G1X75.3291Y-348.1850
G1X74.8711Y-348.6430
G1X74.8032Y-348.7351
G1X74.8010Y-348.8009
G1X74.8514Y-348.8403
G1X74.9413Y-348.8535
G1X75.0575Y-348.8403
G1X75.1869Y-348.8009
G1X75.3162Y-348.7351
G1X75.4324Y-348.6430
G1X75.6604Y-348.4150
G1 Z0F20000
(Start Block)

G1X70.7160Y-293.4232
G1Z6F20000
(Plotting speed under)
G1 F8000

G1X70.2548Y-298.1857
G1X69.9777Y-302.6837
G1X69.8538Y-307.4462
G1X69.8977Y-311.9441
G1X67.2519Y-311.9441
G1X67.2080Y-307.4462
G1X67.3318Y-302.6837
G1X67.6090Y-298.1857
G1X68.0701Y-293.4232
G1X70.7160Y-293.4232
G1 Z0F20000
(Start Block)

G1X68.1367Y-294.1088
G1Z6F20000
(Plotting speed under)
G1 F8000

G1X68.4794Y-293.7660
G1X68.5956Y-293.6739
G1X68.7250Y-293.6082
G1X68.8544Y-293.5687
G1X68.9706Y-293.5555
G1X69.0604Y-293.5687
G1X69.1109Y-293.6082
G1X69.1087Y-293.6739
G1X69.0407Y-293.7660
G1X68.2870Y-294.5197
G1X68.2018Y-294.6242
G1X68.1339Y-294.7437
G1X68.0843Y-294.8679
G1X68.0540Y-294.9868
G1X68.0440Y-295.0899
G1X68.0553Y-295.1672
G1X68.0889Y-295.2083
G1X68.1457Y-295.2030
G1X68.2268Y-295.1412
G1X69.6020Y-293.7660
G1X69.7182Y-293.6739
G1X69.8475Y-293.6082
G1X69.9769Y-293.5687
G1X70.0931Y-293.5555
G1X70.1830Y-293.5687
G1X70.2334Y-293.6082
G1X70.2312Y-293.6739
G1X70.1633Y-293.7660
G1X68.1666Y-295.7626
G1X68.0814Y-295.8671
G1X68.0135Y-295.9865
G1X67.9639Y-296.1108
G1X67.9337Y-296.2296
G1X67.9237Y-296.3328
G1X67.9350Y-296.4100
G1X67.9685Y-296.4512
G1X68.0254Y-296.4459
G1X68.1065Y-296.3841
G1X70.3207Y-294.1698
G1X70.4018Y-294.1080
G1X70.4586Y-294.1027
G1X70.4922Y-294.1439
G1X70.5035Y-294.2211
G1X70.4935Y-294.3242
G1X70.4632Y-294.4431
G1X70.4136Y-294.5673
G1X70.3457Y-294.6868
G1X70.2605Y-294.7913
G1X68.0463Y-297.0055
G1X67.9611Y-297.1100
G1X67.8932Y-297.2294
G1X67.8436Y-297.3537
G1X67.8133Y-297.4725
G1X67.8033Y-297.5757
G1X67.8146Y-297.6529
G1X67.8482Y-297.6940
G1X67.9050Y-297.6888
G1X67.9861Y-297.6269
G1X70.2003Y-295.4127
G1X70.2814Y-295.3509
G1X70.3382Y-295.3456
G1X70.3718Y-295.3867
G1X70.3831Y-295.4640
G1X70.3731Y-295.5671
G1X70.3429Y-295.6860
G1X70.2933Y-295.8102
G1X70.2254Y-295.9297
G1X70.1402Y-296.0341
G1X67.9358Y-298.2385
G1X67.8514Y-298.3422
G1X67.7856Y-298.4595
G1X67.7392Y-298.5807
G1X67.7125Y-298.6958
G1X67.7064Y-298.7951
G1X67.7214Y-298.8687
G1X67.7581Y-298.9067
G1X67.8171Y-298.8993
G1X67.8989Y-298.8366
G1X70.0800Y-296.6556
G1X70.1611Y-296.5938
G1X70.2179Y-296.5885
G1X70.2515Y-296.6296
G1X70.2628Y-296.7069
G1X70.2528Y-296.8100
G1X70.2225Y-296.9288
G1X70.1729Y-297.0531
G1X70.1050Y-297.1726
G1X70.0198Y-297.2770
G1X67.8621Y-299.4348
G1X67.7777Y-299.5384
G1X67.7119Y-299.6558
G1X67.6655Y-299.7769
G1X67.6388Y-299.8921
G1X67.6327Y-299.9913
G1X67.6477Y-300.0649
G1X67.6844Y-300.1029
G1X67.7433Y-300.0955
G1X67.8252Y-300.0329
G1X69.9597Y-297.8985
G1X70.0420Y-297.8354
G1X70.1022Y-297.8267
G1X70.1407Y-297.8629
G1X70.1578Y-297.9343
G1X70.1540Y-298.0314
G1X70.1295Y-298.1443
G1X70.0849Y-298.2637
G1X70.0204Y-298.3798
G1X69.9364Y-298.4830
G1X67.7884Y-300.6310
G1X67.7039Y-300.7347
G1X67.6382Y-300.8520
G1X67.5917Y-300.9731
G1X67.5651Y-301.0883
G1X67.5590Y-301.1876
G1X67.5740Y-301.2611
G1X67.6107Y-301.2992
G1X67.6696Y-301.2918
G1X67.7515Y-301.2291
G1X69.8677Y-299.1130
G1X69.9495Y-299.0504
G1X70.0085Y-299.0430
G1X70.0452Y-299.0810
G1X70.0602Y-299.1545
G1X70.0540Y-299.2538
G1X70.0274Y-299.3690
G1X69.9810Y-299.4901
G1X69.9152Y-299.6074
G1X69.8308Y-299.7111
G1X67.7147Y-301.8273
G1X67.6302Y-301.9310
G1X67.5642Y-302.0485
G1X67.5175Y-302.1699
G1X67.4906Y-302.2854
G1X67.4842Y-302.3850
G1X67.4988Y-302.4588
G1X67.5352Y-302.4971
G1X67.5940Y-302.4899
G1X67.6758Y-302.4273
G1X69.7939Y-300.3092
G1X69.8758Y-300.2466
G1X69.9348Y-300.2392
G1X69.9715Y-300.2772
G1X69.9865Y-300.3508
G1X69.9803Y-300.4501
G1X69.9537Y-300.5652
G1X69.9072Y-300.6864
G1X69.8415Y-300.8037
G1X69.7571Y-300.9074
G1X67.6609Y-303.0036
G1X67.5681Y-303.1204
G1X67.5007Y-303.2515
G1X67.4588Y-303.3832
G1X67.4429Y-303.5022
G1X67.4533Y-303.5948
G1X67.4904Y-303.6476
G1X67.5544Y-303.6472
G1X67.6459Y-303.5798
G1X69.7202Y-301.5055
G1X69.8021Y-301.4428
G1X69.8611Y-301.4355
G1X69.8978Y-301.4735
G1X69.9127Y-301.5470
G1X69.9066Y-301.6463
G1X69.8800Y-301.7614
G1X69.8335Y-301.8826
G1X69.7678Y-301.9999
G1X69.6834Y-302.1036
G1X67.6309Y-304.1561
G1X67.5382Y-304.2729
G1X67.4707Y-304.4040
G1X67.4288Y-304.5357
G1X67.4129Y-304.6547
G1X67.4233Y-304.7473
G1X67.4604Y-304.8002
G1X67.5245Y-304.7997
G1X67.6159Y-304.7324
G1X69.6465Y-302.7017
G1X69.7289Y-302.6386
G1X69.7893Y-302.6298
G1X69.8279Y-302.6658
G1X69.8453Y-302.7370
G1X69.8417Y-302.8338
G1X69.8175Y-302.9465
G1X69.7730Y-303.0657
G1X69.7086Y-303.1817
G1X69.6247Y-303.2848
G1X67.6009Y-305.3086
G1X67.5082Y-305.4254
G1X67.4407Y-305.5565
G1X67.3989Y-305.6882
G1X67.3830Y-305.8072
G1X67.3934Y-305.8998
G1X67.4304Y-305.9527
G1X67.4945Y-305.9522
G1X67.5859Y-305.8849
G1X69.6097Y-303.8611
G1X69.7012Y-303.7937
G1X69.7652Y-303.7932
G1X69.8023Y-303.8461
G1X69.8127Y-303.9387
G1X69.7968Y-304.0577
G1X69.7549Y-304.1894
G1X69.6875Y-304.3205
G1X69.5947Y-304.4373
G1X67.5709Y-306.4611
G1X67.4782Y-306.5779
G1X67.4108Y-306.7090
G1X67.3689Y-306.8407
G1X67.3530Y-306.9597
G1X67.3634Y-307.0523
G1X67.4004Y-307.1052
G1X67.4645Y-307.1047
G1X67.5560Y-307.0374
G1X69.5798Y-305.0136
G1X69.6712Y-304.9462
G1X69.7353Y-304.9457
G1X69.7723Y-304.9986
G1X69.7827Y-305.0912
G1X69.7668Y-305.2102
G1X69.7250Y-305.3419
G1X69.6575Y-305.4730
G1X69.5648Y-305.5898
G1X67.5543Y-307.6003
G1X67.4625Y-307.7162
G1X67.3973Y-307.8450
G1X67.3587Y-307.9734
G1X67.3466Y-308.0886
G1X67.3607Y-308.1775
G1X67.4011Y-308.2271
G1X67.4674Y-308.2243
G1X67.5598Y-308.1561
G1X69.5498Y-306.1661
G1X69.6412Y-306.0987
G1X69.7053Y-306.0982
G1X69.7424Y-306.1511
G1X69.7528Y-306.2437
G1X69.7368Y-306.3627
G1X69.6950Y-306.4944
G1X69.6275Y-306.6255
G1X69.5348Y-306.7423
G1X67.5652Y-308.7119
G1X67.4733Y-308.8279
G1X67.4082Y-308.9566
G1X67.3696Y-309.0851
G1X67.3574Y-309.2003
G1X67.3716Y-309.2892
G1X67.4119Y-309.3388
G1X67.4783Y-309.3360
G1X67.5706Y-309.2678
G1X69.5198Y-307.3186
G1X69.6116Y-307.2509
G1X69.6767Y-307.2494
G1X69.7151Y-307.3009
G1X69.7270Y-307.3920
G1X69.7127Y-307.5094
G1X69.6722Y-307.6398
G1X69.6057Y-307.7699
G1X69.5133Y-307.8863
G1X67.5760Y-309.8236
G1X67.4842Y-309.9396
G1X67.4190Y-310.0683
G1X67.3804Y-310.1968
G1X67.3683Y-310.3120
G1X67.3824Y-310.4009
G1X67.4227Y-310.4505
G1X67.4892Y-310.4476
G1X67.5815Y-310.3794
G1X69.5187Y-308.4422
G1X69.6110Y-308.3740
G1X69.6774Y-308.3712
G1X69.7178Y-308.4207
G1X69.7319Y-308.5096
G1X69.7198Y-308.6248
G1X69.6812Y-308.7533
G1X69.6160Y-308.8821
G1X69.5242Y-308.9980
G1X67.5869Y-310.9353
G1X67.4950Y-311.0512
G1X67.4299Y-311.1800
G1X67.3913Y-311.3085
G1X67.3791Y-311.4237
G1X67.3933Y-311.5126
G1X67.4336Y-311.5621
G1X67.5000Y-311.5593
G1X67.5923Y-311.4911
G1X69.5296Y-309.5539
G1X69.6219Y-309.4857
G1X69.6883Y-309.4829
G1X69.7286Y-309.5324
G1X69.7428Y-309.6213
G1X69.7306Y-309.7365
G1X69.6920Y-309.8650
G1X69.6269Y-309.9937
G1X69.5350Y-310.1097
G1X68.0434Y-311.6013
G1X67.9754Y-311.6934
G1X67.9732Y-311.7592
G1X68.0237Y-311.7986
G1X68.1135Y-311.8118
G1X68.2298Y-311.7986
G1X68.3591Y-311.7592
G1X68.4885Y-311.6934
G1X68.6047Y-311.6013
G1X69.5404Y-310.6655
G1X69.6328Y-310.5973
G1X69.6991Y-310.5945
G1X69.7395Y-310.6441
G1X69.7536Y-310.7330
G1X69.7415Y-310.8482
G1X69.7029Y-310.9767
G1X69.6377Y-311.1054
G1X69.5459Y-311.2214
G1X69.0780Y-311.6893
G1X69.0491Y-311.7493
G1X69.0892Y-311.7893
G1X69.1789Y-311.8093
G1X69.2983Y-311.8093
G1X69.4279Y-311.7893
G1X69.5481Y-311.7493
G1X69.6392Y-311.6893
G1X69.7618Y-311.5668
G1 Z0F20000
(Start Block)

G1X168.5585Y-348.9858
G1Z6F20000
(Plotting speed under)
G1 F8000

G1X169.9159Y-353.4837
G1X171.3852Y-357.9816
G1X174.8252Y-367.5067
G1X172.1794Y-367.5067
G1X168.7394Y-357.9816
G1X167.2701Y-353.4837
G1X165.9126Y-348.9858
G1X168.5585Y-348.9858
G1 Z0F20000
(Start Block)

G1X166.6472Y-349.1181
G1Z6F20000
(Plotting speed under)
G1 F8000

G1X166.4302Y-349.3350
G1X166.3437Y-349.4456
G1X166.2927Y-349.5603
G1X166.2741Y-349.6688
G1X166.2848Y-349.7611
G1X166.3219Y-349.8271
G1X166.3822Y-349.8567
G1X166.4627Y-349.8397
G1X166.5603Y-349.7662
G1X166.9980Y-349.3286
G1X167.1142Y-349.2365
G1X167.2435Y-349.1707
G1X167.3729Y-349.1312
G1X167.4891Y-349.1181
G1X167.5790Y-349.1312
G1X167.6294Y-349.1707
G1X167.6272Y-349.2365
G1X167.5592Y-349.3286
G1X166.6904Y-350.1973
G1X166.6040Y-350.3079
G1X166.5529Y-350.4226
G1X166.5343Y-350.5311
G1X166.5450Y-350.6234
G1X166.5821Y-350.6894
G1X166.6424Y-350.7190
G1X166.7229Y-350.7020
G1X166.8206Y-350.6285
G1X168.1205Y-349.3286
G1X168.2363Y-349.2439
G1X168.3378Y-349.2225
G1X168.4170Y-349.2530
G1X168.4658Y-349.3236
G1X168.4762Y-349.4228
G1X168.4403Y-349.5390
G1X168.3499Y-349.6604
G1X166.9507Y-351.0596
G1X166.8642Y-351.1702
G1X166.8132Y-351.2848
G1X166.7946Y-351.3934
G1X166.8053Y-351.4857
G1X166.8423Y-351.5517
G1X166.9026Y-351.5812
G1X166.9832Y-351.5643
G1X167.0808Y-351.4908
G1X168.4800Y-350.0916
G1X168.5777Y-350.0180
G1X168.6582Y-350.0011
G1X168.7185Y-350.0307
G1X168.7555Y-350.0967
G1X168.7663Y-350.1890
G1X168.7477Y-350.2975
G1X168.6966Y-350.4121
G1X168.6101Y-350.5227
G1X167.2109Y-351.9219
G1X167.1244Y-352.0325
G1X167.0734Y-352.1471
G1X167.0548Y-352.2556
G1X167.0655Y-352.3480
G1X167.1026Y-352.4140
G1X167.1629Y-352.4436
G1X167.2434Y-352.4266
G1X167.3411Y-352.3531
G1X168.7403Y-350.9539
G1X168.8379Y-350.8803
G1X168.9185Y-350.8634
G1X168.9788Y-350.8930
G1X169.0158Y-350.9590
G1X169.0265Y-351.0513
G1X169.0079Y-351.1598
G1X168.9569Y-351.2744
G1X168.8704Y-351.3850
G1X167.4712Y-352.7842
G1X167.3847Y-352.8948
G1X167.3336Y-353.0095
G1X167.3149Y-353.1181
G1X167.3256Y-353.2104
G1X167.3626Y-353.2765
G1X167.4228Y-353.3061
G1X167.5033Y-353.2892
G1X167.6010Y-353.2157
G1X169.0005Y-351.8162
G1X169.0982Y-351.7426
G1X169.1787Y-351.7257
G1X169.2390Y-351.7553
G1X169.2760Y-351.8213
G1X169.2868Y-351.9136
G1X169.2682Y-352.0221
G1X169.2171Y-352.1367
G1X169.1306Y-352.2473
G1X167.7392Y-353.6388
G1X167.6530Y-353.7490
G1X167.6029Y-353.8627
G1X167.5856Y-353.9699
G1X167.5978Y-354.0608
G1X167.6363Y-354.1253
G1X167.6979Y-354.1536
G1X167.7793Y-354.1357
G1X167.8773Y-354.0618
G1X169.2607Y-352.6784
G1X169.3584Y-352.6049
G1X169.4389Y-352.5880
G1X169.4992Y-352.6175
G1X169.5363Y-352.6836
G1X169.5470Y-352.7759
G1X169.5284Y-352.8844
G1X169.4774Y-352.9990
G1X169.3909Y-353.1096
G1X168.0156Y-354.4849
G1X167.9294Y-354.5952
G1X167.8793Y-354.7089
G1X167.8620Y-354.8161
G1X167.8742Y-354.9069
G1X167.9127Y-354.9714
G1X167.9743Y-354.9997
G1X168.0557Y-354.9819
G1X168.1538Y-354.9080
G1X169.5210Y-353.5408
G1X169.6188Y-353.4670
G1X169.6998Y-353.4496
G1X169.7609Y-353.4784
G1X169.7987Y-353.5436
G1X169.8103Y-353.6351
G1X169.7924Y-353.7429
G1X169.7419Y-353.8570
G1X169.6556Y-353.9674
G1X168.2919Y-355.3310
G1X168.2058Y-355.4413
G1X168.1557Y-355.5550
G1X168.1384Y-355.6622
G1X168.1506Y-355.7530
G1X168.1891Y-355.8176
G1X168.2507Y-355.8459
G1X168.3321Y-355.8280
G1X168.4302Y-355.7541
G1X169.7937Y-354.3905
G1X169.8918Y-354.3166
G1X169.9732Y-354.2988
G1X170.0348Y-354.3270
G1X170.0733Y-354.3915
G1X170.0856Y-354.4824
G1X170.0682Y-354.5896
G1X170.0181Y-354.7033
G1X169.9320Y-354.8136
G1X168.5684Y-356.1772
G1X168.4822Y-356.2874
G1X168.4321Y-356.4011
G1X168.4148Y-356.5083
G1X168.4270Y-356.5992
G1X168.4655Y-356.6637
G1X168.5271Y-356.6920
G1X168.6085Y-356.6741
G1X168.7065Y-356.6002
G1X170.0702Y-355.2366
G1X170.1682Y-355.1627
G1X170.2496Y-355.1449
G1X170.3112Y-355.1732
G1X170.3497Y-355.2377
G1X170.3619Y-355.3285
G1X170.3446Y-355.4358
G1X170.2945Y-355.5494
G1X170.2083Y-355.6597
G1X168.8447Y-357.0233
G1X168.7586Y-357.1336
G1X168.7085Y-357.2473
G1X168.6911Y-357.3545
G1X168.7034Y-357.4453
G1X168.7419Y-357.5098
G1X168.8035Y-357.5381
G1X168.8849Y-357.5203
G1X168.9830Y-357.4464
G1X170.3465Y-356.0828
G1X170.4446Y-356.0089
G1X170.5260Y-355.9910
G1X170.5876Y-356.0193
G1X170.6261Y-356.0838
G1X170.6384Y-356.1747
G1X170.6210Y-356.2819
G1X170.5709Y-356.3956
G1X170.4848Y-356.5058
G1X169.1247Y-357.8659
G1X169.0390Y-357.9757
G1X168.9901Y-358.0881
G1X168.9745Y-358.1936
G1X168.9887Y-358.2825
G1X169.0292Y-358.3451
G1X169.0925Y-358.3716
G1X169.1752Y-358.3526
G1X169.2737Y-358.2782
G1X170.6230Y-356.9289
G1X170.7210Y-356.8550
G1X170.8024Y-356.8371
G1X170.8640Y-356.8655
G1X170.9025Y-356.9300
G1X170.9147Y-357.0208
G1X170.8974Y-357.1280
G1X170.8473Y-357.2417
G1X170.7611Y-357.3520
G1X169.4226Y-358.6906
G1X169.3369Y-358.8004
G1X169.2880Y-358.9128
G1X169.2724Y-359.0183
G1X169.2865Y-359.1072
G1X169.3270Y-359.1698
G1X169.3904Y-359.1963
G1X169.4730Y-359.1773
G1X169.5715Y-359.1029
G1X170.8993Y-357.7750
G1X170.9974Y-357.7011
G1X171.0788Y-357.6833
G1X171.1404Y-357.7116
G1X171.1789Y-357.7761
G1X171.1911Y-357.8669
G1X171.1738Y-357.9741
G1X171.1237Y-358.0879
G1X171.0376Y-358.1981
G1X169.7204Y-359.5153
G1X169.6347Y-359.6251
G1X169.5858Y-359.7375
G1X169.5702Y-359.8431
G1X169.5844Y-359.9319
G1X169.6249Y-359.9944
G1X169.6882Y-360.0210
G1X169.7708Y-360.0020
G1X169.8693Y-359.9276
G1X171.1855Y-358.6114
G1X171.2840Y-358.5370
G1X171.3666Y-358.5180
G1X171.4300Y-358.5446
G1X171.4705Y-358.6071
G1X171.4846Y-358.6960
G1X171.4690Y-358.8015
G1X171.4201Y-358.9139
G1X171.3344Y-359.0237
G1X170.0182Y-360.3399
G1X169.9325Y-360.4497
G1X169.8837Y-360.5622
G1X169.8680Y-360.6677
G1X169.8822Y-360.7566
G1X169.9227Y-360.8192
G1X169.9860Y-360.8457
G1X170.0687Y-360.8267
G1X170.1672Y-360.7523
G1X171.4834Y-359.4361
G1X171.5819Y-359.3617
G1X171.6645Y-359.3427
G1X171.7278Y-359.3692
G1X171.7683Y-359.4318
G1X171.7825Y-359.5207
G1X171.7669Y-359.6261
G1X171.7180Y-359.7386
G1X171.6323Y-359.8485
G1X170.3161Y-361.1646
G1X170.2304Y-361.2744
G1X170.1815Y-361.3869
G1X170.1659Y-361.4924
G1X170.1801Y-361.5813
G1X170.2206Y-361.6438
G1X170.2839Y-361.6704
G1X170.3665Y-361.6513
G1X170.4650Y-361.5770
G1X171.7812Y-360.2608
G1X171.8797Y-360.1864
G1X171.9623Y-360.1674
G1X172.0256Y-360.1939
G1X172.0661Y-360.2565
G1X172.0803Y-360.3453
G1X172.0647Y-360.4509
G1X172.0158Y-360.5633
G1X171.9301Y-360.6731
G1X170.6139Y-361.9893
G1X170.5282Y-362.0991
G1X170.4793Y-362.2116
G1X170.4637Y-362.3171
G1X170.4779Y-362.4060
G1X170.5184Y-362.4685
G1X170.5817Y-362.4951
G1X170.6644Y-362.4761
G1X170.7628Y-362.4017
G1X172.0790Y-361.0855
G1X172.1775Y-361.0111
G1X172.2602Y-360.9921
G1X172.3235Y-361.0186
G1X172.3640Y-361.0812
G1X172.3782Y-361.1700
G1X172.3625Y-361.2755
G1X172.3136Y-361.3880
G1X172.2280Y-361.4978
G1X170.9117Y-362.8140
G1X170.8261Y-362.9238
G1X170.7772Y-363.0363
G1X170.7616Y-363.1418
G1X170.7757Y-363.2307
G1X170.8162Y-363.2932
G1X170.8795Y-363.3198
G1X170.9622Y-363.3007
G1X171.0607Y-363.2264
G1X172.3769Y-361.9102
G1X172.4754Y-361.8358
G1X172.5580Y-361.8167
G1X172.6213Y-361.8433
G1X172.6618Y-361.9059
G1X172.6760Y-361.9947
G1X172.6604Y-362.1002
G1X172.6115Y-362.2127
G1X172.5258Y-362.3225
G1X171.2096Y-363.6387
G1X171.1239Y-363.7485
G1X171.0750Y-363.8610
G1X171.0594Y-363.9665
G1X171.0736Y-364.0554
G1X171.1141Y-364.1179
G1X171.1774Y-364.1445
G1X171.2600Y-364.1254
G1X171.3585Y-364.0511
G1X172.6747Y-362.7349
G1X172.7732Y-362.6605
G1X172.8559Y-362.6414
G1X172.9192Y-362.6680
G1X172.9596Y-362.7306
G1X172.9738Y-362.8194
G1X172.9582Y-362.9249
G1X172.9093Y-363.0374
G1X172.8236Y-363.1472
G1X171.5074Y-364.4634
G1X171.4218Y-364.5732
G1X171.3728Y-364.6857
G1X171.3572Y-364.7912
G1X171.3714Y-364.8801
G1X171.4119Y-364.9426
G1X171.4752Y-364.9692
G1X171.5579Y-364.9501
G1X171.6564Y-364.8758
G1X172.9726Y-363.5596
G1X173.0710Y-363.4852
G1X173.1537Y-363.4661
G1X173.2170Y-363.4927
G1X173.2575Y-363.5553
G1X173.2717Y-363.6441
G1X173.2561Y-363.7496
G1X173.2072Y-363.8621
G1X173.1215Y-363.9719
G1X171.8053Y-365.2881
G1X171.7196Y-365.3979
G1X171.6707Y-365.5104
G1X171.6551Y-365.6159
G1X171.6692Y-365.7048
G1X171.7098Y-365.7673
G1X171.7731Y-365.7939
G1X171.8557Y-365.7748
G1X171.9542Y-365.7005
G1X173.2704Y-364.3843
G1X173.3689Y-364.3099
G1X173.4515Y-364.2908
G1X173.5148Y-364.3174
G1X173.5553Y-364.3800
G1X173.5695Y-364.4688
G1X173.5539Y-364.5743
G1X173.5050Y-364.6868
G1X173.4193Y-364.7966
G1X172.1031Y-366.1128
G1X172.0174Y-366.2226
G1X171.9685Y-366.3351
G1X171.9529Y-366.4406
G1X171.9671Y-366.5295
G1X172.0076Y-366.5920
G1X172.0709Y-366.6186
G1X172.1535Y-366.5995
G1X172.2520Y-366.5252
G1X173.5682Y-365.2090
G1X173.6667Y-365.1346
G1X173.7493Y-365.1155
G1X173.8127Y-365.1421
G1X173.8532Y-365.2047
G1X173.8674Y-365.2935
G1X173.8517Y-365.3990
G1X173.8028Y-365.5115
G1X173.7171Y-365.6213
G1X172.4010Y-366.9375
G1X172.3164Y-367.0531
G1X172.2955Y-367.1542
G1X172.3266Y-367.2328
G1X172.3979Y-367.2810
G1X172.4976Y-367.2908
G1X172.6142Y-367.2544
G1X172.7358Y-367.1639
G1X173.8661Y-366.0336
G1X173.9646Y-365.9593
G1X174.0472Y-365.9402
G1X174.1105Y-365.9668
G1X174.1510Y-366.0294
G1X174.1652Y-366.1182
G1X174.1496Y-366.2237
G1X174.1007Y-366.3362
G1X174.0150Y-366.4460
G1X173.2971Y-367.1639
G1X173.2292Y-367.2560
G1X173.2270Y-367.3217
G1X173.2774Y-367.3612
G1X173.3673Y-367.3744
G1X173.4835Y-367.3612
G1X173.6128Y-367.3217
G1X173.7422Y-367.2560
G1X173.8584Y-367.1639
G1X174.2173Y-366.8049
G1X174.3156Y-366.7482
G1X174.3955Y-366.7722
G1X174.4489Y-366.8540
G1X174.4672Y-366.9708
G1X174.4425Y-367.0995
G1X174.3662Y-367.2173
G1X174.2092Y-367.3744
G1 Z0F20000
(Start Block)

G1X156.3043Y-367.5067
G1Z6F20000
(Plotting speed under)
G1 F8000

G1X159.7844Y-376.2379
G1X163.9587Y-386.0275
G1X161.3128Y-386.0275
G1X157.1386Y-376.2379
G1X153.6585Y-367.5067
G1X156.3043Y-367.5067
G1 Z0F20000
(Start Block)

G1X154.0740Y-367.6390
G1Z6F20000
(Plotting speed under)
G1 F8000

G1X153.9952Y-367.7177
G1X153.9614Y-367.8099
G1X153.9759Y-367.9346
G1X154.0232Y-368.0534
G1X154.0881Y-368.1277
G1X154.1552Y-368.1190
G1X154.4248Y-367.8494
G1X154.5410Y-367.7573
G1X154.6703Y-367.6916
G1X154.7997Y-367.6521
G1X154.9159Y-367.6390
G1X155.0058Y-367.6521
G1X155.0562Y-367.6916
G1X155.0540Y-367.7573
G1X154.9861Y-367.8494
G1X154.4468Y-368.3886
G1X154.3616Y-368.4980
G1X154.3140Y-368.6092
G1X154.3001Y-368.7129
G1X154.3163Y-368.7998
G1X154.3588Y-368.8603
G1X154.4239Y-368.8851
G1X154.5078Y-368.8648
G1X154.6068Y-368.7900
G1X155.5473Y-367.8494
G1X155.6603Y-367.7605
G1X155.7812Y-367.7032
G1X155.8986Y-367.6757
G1X156.0011Y-367.6763
G1X156.0773Y-367.7031
G1X156.1158Y-367.7545
G1X156.1051Y-367.8288
G1X156.0339Y-367.9241
G1X154.7667Y-369.1913
G1X154.6815Y-369.3006
G1X154.6339Y-369.4118
G1X154.6200Y-369.5156
G1X154.6362Y-369.6024
G1X154.6788Y-369.6629
G1X154.7438Y-369.6877
G1X154.8277Y-369.6674
G1X154.9267Y-369.5926
G1X156.1939Y-368.3254
G1X156.2928Y-368.2505
G1X156.3767Y-368.2302
G1X156.4418Y-368.2550
G1X156.4844Y-368.3156
G1X156.5005Y-368.4024
G1X156.4867Y-368.5061
G1X156.4391Y-368.6174
G1X156.3538Y-368.7267
G1X155.0866Y-369.9939
G1X155.0014Y-370.1032
G1X154.9538Y-370.2145
G1X154.9400Y-370.3182
G1X154.9561Y-370.4050
G1X154.9987Y-370.4656
G1X155.0637Y-370.4904
G1X155.1476Y-370.4700
G1X155.2466Y-370.3952
G1X156.5138Y-369.1280
G1X156.6128Y-369.0532
G1X156.6967Y-369.0329
G1X156.7617Y-369.0577
G1X156.8043Y-369.1182
G1X156.8205Y-369.2050
G1X156.8066Y-369.3088
G1X156.7590Y-369.4200
G1X156.6738Y-369.5293
G1X155.4066Y-370.7965
G1X155.3213Y-370.9058
G1X155.2737Y-371.0171
G1X155.2599Y-371.1208
G1X155.2761Y-371.2077
G1X155.3186Y-371.2682
G1X155.3837Y-371.2930
G1X155.4676Y-371.2727
G1X155.5665Y-371.1978
G1X156.8337Y-369.9306
G1X156.9327Y-369.8558
G1X157.0166Y-369.8355
G1X157.0816Y-369.8603
G1X157.1242Y-369.9208
G1X157.1404Y-370.0076
G1X157.1265Y-370.1114
G1X157.0789Y-370.2226
G1X156.9937Y-370.3319
G1X155.7265Y-371.5991
G1X155.6413Y-371.7085
G1X155.5936Y-371.8197
G1X155.5798Y-371.9234
G1X155.5960Y-372.0103
G1X155.6385Y-372.0708
G1X155.7036Y-372.0956
G1X155.7875Y-372.0753
G1X155.8864Y-372.0005
G1X157.1536Y-370.7333
G1X157.2526Y-370.6584
G1X157.3365Y-370.6381
G1X157.4016Y-370.6629
G1X157.4441Y-370.7234
G1X157.4603Y-370.8103
G1X157.4464Y-370.9140
G1X157.3988Y-371.0252
G1X157.3136Y-371.1346
G1X156.0464Y-372.4018
G1X155.9612Y-372.5111
G1X155.9135Y-372.6223
G1X155.8997Y-372.7260
G1X155.9159Y-372.8129
G1X155.9584Y-372.8734
G1X156.0235Y-372.8982
G1X156.1074Y-372.8779
G1X156.2063Y-372.8031
G1X157.4735Y-371.5359
G1X157.5725Y-371.4610
G1X157.6564Y-371.4407
G1X157.7215Y-371.4655
G1X157.7640Y-371.5261
G1X157.7802Y-371.6129
G1X157.7663Y-371.7166
G1X157.7187Y-371.8279
G1X157.6335Y-371.9372
G1X156.3663Y-373.2044
G1X156.2811Y-373.3137
G1X156.2334Y-373.4249
G1X156.2196Y-373.5287
G1X156.2358Y-373.6155
G1X156.2783Y-373.6760
G1X156.3434Y-373.7009
G1X156.4273Y-373.6805
G1X156.5262Y-373.6057
G1X157.7934Y-372.3385
G1X157.8924Y-372.2637
G1X157.9763Y-372.2433
G1X158.0414Y-372.2682
G1X158.0839Y-372.3287
G1X158.1001Y-372.4155
G1X158.0863Y-372.5192
G1X158.0386Y-372.6305
G1X157.9534Y-372.7398
G1X156.6862Y-374.0070
G1X156.6010Y-374.1163
G1X156.5533Y-374.2276
G1X156.5395Y-374.3313
G1X156.5557Y-374.4181
G1X156.5982Y-374.4786
G1X156.6633Y-374.5035
G1X156.7472Y-374.4831
G1X156.8462Y-374.4083
G1X158.1134Y-373.1411
G1X158.2123Y-373.0663
G1X158.2962Y-373.0460
G1X158.3613Y-373.0708
G1X158.4038Y-373.1313
G1X158.4200Y-373.2181
G1X158.4062Y-373.3219
G1X158.3585Y-373.4331
G1X158.2733Y-373.5424
G1X157.0061Y-374.8096
G1X156.9209Y-374.9190
G1X156.8732Y-375.0302
G1X156.8594Y-375.1339
G1X156.8756Y-375.2208
G1X156.9181Y-375.2813
G1X156.9832Y-375.3061
G1X157.0671Y-375.2858
G1X157.1661Y-375.2109
G1X158.4333Y-373.9437
G1X158.5322Y-373.8689
G1X158.6161Y-373.8486
G1X158.6812Y-373.8734
G1X158.7237Y-373.9339
G1X158.7399Y-374.0208
G1X158.7261Y-374.1245
G1X158.6784Y-374.2357
G1X158.5932Y-374.3451
G1X157.3260Y-375.6123
G1X157.2408Y-375.7216
G1X157.1933Y-375.8327
G1X157.1795Y-375.9363
G1X157.1959Y-376.0230
G1X157.2385Y-376.0834
G1X157.3037Y-376.1081
G1X157.3877Y-376.0877
G1X157.4867Y-376.0129
G1X158.7532Y-374.7464
G1X158.8521Y-374.6715
G1X158.9360Y-374.6512
G1X159.0011Y-374.6760
G1X159.0436Y-374.7365
G1X159.0598Y-374.8234
G1X159.0460Y-374.9271
G1X158.9983Y-375.0383
G1X158.9131Y-375.1477
G1X157.6545Y-376.4063
G1X157.5696Y-376.5153
G1X157.5228Y-376.6257
G1X157.5102Y-376.7282
G1X157.5279Y-376.8135
G1X157.5718Y-376.8727
G1X157.6382Y-376.8962
G1X157.7230Y-376.8750
G1X157.8222Y-376.7998
G1X159.0731Y-375.5490
G1X159.1720Y-375.4741
G1X159.2559Y-375.4538
G1X159.3210Y-375.4786
G1X159.3635Y-375.5392
G1X159.3797Y-375.6260
G1X159.3659Y-375.7297
G1X159.3183Y-375.8410
G1X159.2330Y-375.9503
G1X157.9900Y-377.1933
G1X157.9052Y-377.3023
G1X157.8584Y-377.4126
G1X157.8458Y-377.5151
G1X157.8634Y-377.6005
G1X157.9074Y-377.6596
G1X157.9737Y-377.6832
G1X158.0585Y-377.6620
G1X158.1578Y-377.5868
G1X159.3930Y-376.3516
G1X159.4922Y-376.2765
G1X159.5766Y-376.2557
G1X159.6425Y-376.2797
G1X159.6859Y-376.3393
G1X159.7030Y-376.4252
G1X159.6900Y-376.5282
G1X159.6429Y-376.6389
G1X159.5579Y-376.7480
G1X158.3256Y-377.9803
G1X158.2407Y-378.0893
G1X158.1940Y-378.1996
G1X158.1814Y-378.3021
G1X158.1990Y-378.3875
G1X158.2430Y-378.4466
G1X158.3093Y-378.4701
G1X158.3941Y-378.4489
G1X158.4934Y-378.3738
G1X159.7257Y-377.1414
G1X159.8250Y-377.0663
G1X159.9098Y-377.0451
G1X159.9761Y-377.0686
G1X160.0201Y-377.1277
G1X160.0377Y-377.2131
G1X160.0251Y-377.3156
G1X159.9783Y-377.4259
G1X159.8935Y-377.5349
G1X158.6612Y-378.7673
G1X158.5763Y-378.8762
G1X158.5295Y-378.9866
G1X158.5169Y-379.0891
G1X158.5346Y-379.1745
G1X158.5785Y-379.2336
G1X158.6449Y-379.2571
G1X158.7296Y-379.2359
G1X158.8289Y-379.1607
G1X160.0613Y-377.9284
G1X160.1605Y-377.8532
G1X160.2453Y-377.8321
G1X160.3117Y-377.8556
G1X160.3556Y-377.9147
G1X160.3733Y-378.0001
G1X160.3607Y-378.1026
G1X160.3139Y-378.2129
G1X160.2290Y-378.3219
G1X158.9967Y-379.5542
G1X158.9119Y-379.6632
G1X158.8651Y-379.7736
G1X158.8525Y-379.8760
G1X158.8701Y-379.9615
G1X158.9141Y-380.0205
G1X158.9804Y-380.0441
G1X159.0652Y-380.0229
G1X159.1645Y-379.9477
G1X160.3968Y-378.7154
G1X160.4961Y-378.6402
G1X160.5809Y-378.6190
G1X160.6472Y-378.6426
G1X160.6912Y-378.7017
G1X160.7088Y-378.7871
G1X160.6962Y-378.8895
G1X160.6495Y-378.9999
G1X160.5646Y-379.1089
G1X159.3323Y-380.3412
G1X159.2474Y-380.4502
G1X159.2006Y-380.5605
G1X159.1881Y-380.6630
G1X159.2057Y-380.7484
G1X159.2496Y-380.8075
G1X159.3160Y-380.8311
G1X159.4008Y-380.8099
G1X159.5000Y-380.7347
G1X160.7324Y-379.5024
G1X160.8317Y-379.4272
G1X160.9164Y-379.4060
G1X160.9828Y-379.4296
G1X161.0267Y-379.4886
G1X161.0444Y-379.5740
G1X161.0318Y-379.6765
G1X160.9850Y-379.7869
G1X160.9001Y-379.8959
G1X159.6678Y-381.1282
G1X159.5830Y-381.2372
G1X159.5362Y-381.3475
G1X159.5236Y-381.4500
G1X159.5412Y-381.5354
G1X159.5852Y-381.5945
G1X159.6515Y-381.6180
G1X159.7363Y-381.5968
G1X159.8356Y-381.5216
G1X161.0679Y-380.2893
G1X161.1672Y-380.2142
G1X161.2520Y-380.1930
G1X161.3183Y-380.2165
G1X161.3623Y-380.2756
G1X161.3799Y-380.3610
G1X161.3673Y-380.4635
G1X161.3206Y-380.5738
G1X161.2357Y-380.6828
G1X160.0034Y-381.9151
G1X159.9185Y-382.0241
G1X159.8718Y-382.1345
G1X159.8592Y-382.2369
G1X159.8768Y-382.3224
G1X159.9208Y-382.3814
G1X159.9871Y-382.4050
G1X160.0719Y-382.3838
G1X160.1712Y-382.3086
G1X161.4035Y-381.0763
G1X161.5028Y-381.0011
G1X161.5876Y-380.9799
G1X161.6539Y-381.0035
G1X161.6979Y-381.0626
G1X161.7155Y-381.1480
G1X161.7029Y-381.2504
G1X161.6561Y-381.3608
G1X161.5713Y-381.4698
G1X160.3390Y-382.7021
G1X160.2541Y-382.8111
G1X160.2073Y-382.9215
G1X160.1947Y-383.0239
G1X160.2124Y-383.1093
G1X160.2563Y-383.1684
G1X160.3227Y-383.1920
G1X160.4074Y-383.1708
G1X160.5067Y-383.0956
G1X161.7391Y-381.8633
G1X161.8383Y-381.7881
G1X161.9231Y-381.7669
G1X161.9895Y-381.7905
G1X162.0334Y-381.8495
G1X162.0511Y-381.9350
G1X162.0385Y-382.0374
G1X161.9917Y-382.1478
G1X161.9068Y-382.2568
G1X160.6745Y-383.4891
G1X160.5897Y-383.5981
G1X160.5429Y-383.7084
G1X160.5303Y-383.8109
G1X160.5479Y-383.8963
G1X160.5919Y-383.9554
G1X160.6582Y-383.9789
G1X160.7430Y-383.9577
G1X160.8423Y-383.8826
G1X162.0746Y-382.6503
G1X162.1739Y-382.5751
G1X162.2587Y-382.5539
G1X162.3250Y-382.5774
G1X162.3690Y-382.6365
G1X162.3866Y-382.7219
G1X162.3740Y-382.8244
G1X162.3273Y-382.9348
G1X162.2424Y-383.0437
G1X161.0101Y-384.2761
G1X160.9252Y-384.3850
G1X160.8784Y-384.4954
G1X160.8659Y-384.5979
G1X160.8835Y-384.6833
G1X160.9274Y-384.7424
G1X160.9938Y-384.7659
G1X161.0786Y-384.7447
G1X161.1779Y-384.6695
G1X162.4102Y-383.4372
G1X162.5095Y-383.3621
G1X162.5942Y-383.3408
G1X162.6606Y-383.3644
G1X162.7046Y-383.4235
G1X162.7222Y-383.5089
G1X162.7096Y-383.6114
G1X162.6628Y-383.7217
G1X162.5779Y-383.8307
G1X161.3456Y-385.0630
G1X161.2608Y-385.1720
G1X161.2140Y-385.2824
G1X161.2014Y-385.3849
G1X161.2190Y-385.4702
G1X161.2630Y-385.5293
G1X161.3294Y-385.5529
G1X161.4141Y-385.5317
G1X161.5134Y-385.4565
G1X162.7457Y-384.2242
G1X162.8450Y-384.1490
G1X162.9298Y-384.1278
G1X162.9961Y-384.1514
G1X163.0401Y-384.2105
G1X163.0577Y-384.2959
G1X163.0451Y-384.3984
G1X162.9984Y-384.5087
G1X162.9135Y-384.6177
G1X161.8465Y-385.6847
G1X161.7785Y-385.7768
G1X161.7763Y-385.8426
G1X161.8267Y-385.8821
G1X161.9166Y-385.8952
G1X162.0328Y-385.8821
G1X162.1622Y-385.8426
G1X162.2915Y-385.7768
G1X162.4077Y-385.6847
G1X163.0813Y-385.0112
G1X163.1806Y-384.9360
G1X163.2654Y-384.9148
G1X163.3317Y-384.9383
G1X163.3757Y-384.9975
G1X163.3933Y-385.0828
G1X163.3807Y-385.1853
G1X163.3339Y-385.2957
G1X163.2491Y-385.4046
G1X162.9123Y-385.7414
G1X162.8681Y-385.8168
G1X162.8980Y-385.8670
G1X162.9826Y-385.8921
G1X163.1020Y-385.8921
G1X163.2368Y-385.8670
G1X163.3671Y-385.8168
G1X163.4736Y-385.7414
G1X163.6273Y-385.5877
G1 Z0F20000
(Start Block)

G1X193.3460Y-367.5067
G1Z6F20000
(Plotting speed under)
G1 F8000

G1X196.8262Y-376.2379
G1X201.0004Y-386.0275
G1X198.3546Y-386.0275
G1X194.1803Y-376.2379
G1X190.7002Y-367.5067
G1X193.3460Y-367.5067
G1 Z0F20000
(Start Block)

G1X191.1157Y-367.6390
G1Z6F20000
(Plotting speed under)
G1 F8000

G1X191.0369Y-367.7177
G1X191.0032Y-367.8099
G1X191.0176Y-367.9346
G1X191.0650Y-368.0534
G1X191.1298Y-368.1277
G1X191.1969Y-368.1190
G1X191.4665Y-367.8494
G1X191.5827Y-367.7573
G1X191.7121Y-367.6916
G1X191.8414Y-367.6521
G1X191.9576Y-367.6390
G1X192.0475Y-367.6521
G1X192.0979Y-367.6916
G1X192.0957Y-367.7573
G1X192.0278Y-367.8494
G1X191.4885Y-368.3886
G1X191.4033Y-368.4980
G1X191.3557Y-368.6092
G1X191.3418Y-368.7129
G1X191.3580Y-368.7998
G1X191.4006Y-368.8603
G1X191.4656Y-368.8851
G1X191.5495Y-368.8648
G1X191.6485Y-368.7900
G1X192.5890Y-367.8494
G1X192.7020Y-367.7605
G1X192.8229Y-367.7032
G1X192.9403Y-367.6757
G1X193.0428Y-367.6763
G1X193.1190Y-367.7031
G1X193.1575Y-367.7545
G1X193.1468Y-367.8288
G1X193.0756Y-367.9241
G1X191.8084Y-369.1913
G1X191.7232Y-369.3006
G1X191.6756Y-369.4118
G1X191.6617Y-369.5156
G1X191.6779Y-369.6024
G1X191.7205Y-369.6629
G1X191.7856Y-369.6877
G1X191.8695Y-369.6674
G1X191.9684Y-369.5926
G1X193.2356Y-368.3254
G1X193.3346Y-368.2505
G1X193.4184Y-368.2302
G1X193.4835Y-368.2550
G1X193.5260Y-368.3156
G1X193.5423Y-368.4024
G1X193.5284Y-368.5061
G1X193.4808Y-368.6174
G1X193.3955Y-368.7267
G1X192.1283Y-369.9939
G1X192.0432Y-370.1032
G1X191.9955Y-370.2145
G1X191.9816Y-370.3182
G1X191.9979Y-370.4050
G1X192.0404Y-370.4656
G1X192.1055Y-370.4904
G1X192.1894Y-370.4700
G1X192.2883Y-370.3952
G1X193.5555Y-369.1280
G1X193.6545Y-369.0532
G1X193.7384Y-369.0329
G1X193.8034Y-369.0577
G1X193.8459Y-369.1182
G1X193.8622Y-369.2050
G1X193.8483Y-369.3088
G1X193.8007Y-369.4200
G1X193.7155Y-369.5293
G1X192.4483Y-370.7965
G1X192.3631Y-370.9058
G1X192.3154Y-371.0171
G1X192.3015Y-371.1208
G1X192.3178Y-371.2077
G1X192.3603Y-371.2682
G1X192.4254Y-371.2930
G1X192.5093Y-371.2727
G1X192.6082Y-371.1978
G1X193.8754Y-369.9306
G1X193.9744Y-369.8558
G1X194.0583Y-369.8355
G1X194.1233Y-369.8603
G1X194.1659Y-369.9208
G1X194.1821Y-370.0076
G1X194.1682Y-370.1114
G1X194.1206Y-370.2226
G1X194.0354Y-370.3319
G1X192.7682Y-371.5991
G1X192.6830Y-371.7085
G1X192.6353Y-371.8197
G1X192.6215Y-371.9234
G1X192.6377Y-372.0103
G1X192.6802Y-372.0708
G1X192.7453Y-372.0956
G1X192.8292Y-372.0753
G1X192.9281Y-372.0005
G1X194.1953Y-370.7333
G1X194.2943Y-370.6584
G1X194.3782Y-370.6381
G1X194.4433Y-370.6629
G1X194.4858Y-370.7234
G1X194.5020Y-370.8103
G1X194.4881Y-370.9140
G1X194.4405Y-371.0252
G1X194.3553Y-371.1346
G1X193.0881Y-372.4018
G1X193.0029Y-372.5111
G1X192.9552Y-372.6223
G1X192.9414Y-372.7260
G1X192.9576Y-372.8129
G1X193.0001Y-372.8734
G1X193.0652Y-372.8982
G1X193.1491Y-372.8779
G1X193.2480Y-372.8031
G1X194.5152Y-371.5359
G1X194.6142Y-371.4610
G1X194.6981Y-371.4407
G1X194.7632Y-371.4655
G1X194.8057Y-371.5261
G1X194.8219Y-371.6129
G1X194.8081Y-371.7166
G1X194.7604Y-371.8279
G1X194.6752Y-371.9372
G1X193.4080Y-373.2044
G1X193.3228Y-373.3137
G1X193.2751Y-373.4249
G1X193.2613Y-373.5287
G1X193.2775Y-373.6155
G1X193.3200Y-373.6760
G1X193.3851Y-373.7009
G1X193.4690Y-373.6805
G1X193.5679Y-373.6057
G1X194.8351Y-372.3385
G1X194.9341Y-372.2637
G1X195.0180Y-372.2433
G1X195.0831Y-372.2682
G1X195.1256Y-372.3287
G1X195.1418Y-372.4155
G1X195.1280Y-372.5192
G1X195.0803Y-372.6305
G1X194.9951Y-372.7398
G1X193.7279Y-374.0070
G1X193.6427Y-374.1163
G1X193.5950Y-374.2276
G1X193.5812Y-374.3313
G1X193.5974Y-374.4181
G1X193.6399Y-374.4786
G1X193.7050Y-374.5035
G1X193.7889Y-374.4831
G1X193.8879Y-374.4083
G1X195.1551Y-373.1411
G1X195.2540Y-373.0663
G1X195.3379Y-373.0460
G1X195.4030Y-373.0708
G1X195.4455Y-373.1313
G1X195.4617Y-373.2181
G1X195.4479Y-373.3219
G1X195.4002Y-373.4331
G1X195.3150Y-373.5424
G1X194.0478Y-374.8096
G1X193.9626Y-374.9190
G1X193.9149Y-375.0302
G1X193.9011Y-375.1339
G1X193.9173Y-375.2208
G1X193.9598Y-375.2813
G1X194.0249Y-375.3061
G1X194.1088Y-375.2858
G1X194.2078Y-375.2109
G1X195.4750Y-373.9437
G1X195.5739Y-373.8689
G1X195.6578Y-373.8486
G1X195.7229Y-373.8734
G1X195.7654Y-373.9339
G1X195.7816Y-374.0208
G1X195.7678Y-374.1245
G1X195.7201Y-374.2357
G1X195.6349Y-374.3451
G1X194.3677Y-375.6123
G1X194.2826Y-375.7216
G1X194.2350Y-375.8327
G1X194.2213Y-375.9363
G1X194.2376Y-376.0230
G1X194.2802Y-376.0834
G1X194.3454Y-376.1081
G1X194.4294Y-376.0877
G1X194.5284Y-376.0129
G1X195.7949Y-374.7464
G1X195.8938Y-374.6715
G1X195.9777Y-374.6512
G1X196.0428Y-374.6760
G1X196.0853Y-374.7365
G1X196.1015Y-374.8234
G1X196.0877Y-374.9271
G1X196.0401Y-375.0383
G1X195.9548Y-375.1477
G1X194.6962Y-376.4063
G1X194.6113Y-376.5153
G1X194.5645Y-376.6257
G1X194.5519Y-376.7282
G1X194.5696Y-376.8135
G1X194.6136Y-376.8727
G1X194.6799Y-376.8962
G1X194.7647Y-376.8750
G1X194.8640Y-376.7998
G1X196.1148Y-375.5490
G1X196.2138Y-375.4741
G1X196.2976Y-375.4538
G1X196.3627Y-375.4786
G1X196.4052Y-375.5392
G1X196.4215Y-375.6260
G1X196.4076Y-375.7297
G1X196.3600Y-375.8410
G1X196.2747Y-375.9503
G1X195.0317Y-377.1933
G1X194.9469Y-377.3023
G1X194.9001Y-377.4126
G1X194.8875Y-377.5151
G1X194.9052Y-377.6005
G1X194.9491Y-377.6596
G1X195.0155Y-377.6832
G1X195.1002Y-377.6620
G1X195.1995Y-377.5868
G1X196.4347Y-376.3516
G1X196.5339Y-376.2765
G1X196.6183Y-376.2557
G1X196.6842Y-376.2797
G1X196.7276Y-376.3393
G1X196.7447Y-376.4252
G1X196.7317Y-376.5282
G1X196.6846Y-376.6389
G1X196.5996Y-376.7480
G1X195.3673Y-377.9803
G1X195.2824Y-378.0893
G1X195.2357Y-378.1996
G1X195.2231Y-378.3021
G1X195.2407Y-378.3875
G1X195.2847Y-378.4466
G1X195.3510Y-378.4701
G1X195.4358Y-378.4489
G1X195.5351Y-378.3738
G1X196.7674Y-377.1414
G1X196.8667Y-377.0663
G1X196.9515Y-377.0451
G1X197.0178Y-377.0686
G1X197.0617Y-377.1277
G1X197.0794Y-377.2131
G1X197.0668Y-377.3156
G1X197.0200Y-377.4259
G1X196.9352Y-377.5349
G1X195.7029Y-378.7673
G1X195.6180Y-378.8762
G1X195.5712Y-378.9866
G1X195.5586Y-379.0891
G1X195.5763Y-379.1745
G1X195.6202Y-379.2336
G1X195.6866Y-379.2571
G1X195.7713Y-379.2359
G1X195.8706Y-379.1607
G1X197.1029Y-377.9284
G1X197.2022Y-377.8532
G1X197.2870Y-377.8321
G1X197.3534Y-377.8556
G1X197.3973Y-377.9147
G1X197.4150Y-378.0001
G1X197.4024Y-378.1026
G1X197.3556Y-378.2129
G1X197.2707Y-378.3219
G1X196.0384Y-379.5542
G1X195.9535Y-379.6632
G1X195.9068Y-379.7736
G1X195.8942Y-379.8760
G1X195.9118Y-379.9615
G1X195.9558Y-380.0205
G1X196.0221Y-380.0441
G1X196.1069Y-380.0229
G1X196.2062Y-379.9477
G1X197.4385Y-378.7154
G1X197.5378Y-378.6402
G1X197.6226Y-378.6190
G1X197.6889Y-378.6426
G1X197.7329Y-378.7017
G1X197.7505Y-378.7871
G1X197.7379Y-378.8895
G1X197.6912Y-378.9999
G1X197.6063Y-379.1089
G1X196.3740Y-380.3412
G1X196.2891Y-380.4502
G1X196.2423Y-380.5605
G1X196.2297Y-380.6630
G1X196.2474Y-380.7484
G1X196.2914Y-380.8075
G1X196.3577Y-380.8311
G1X196.4425Y-380.8099
G1X196.5418Y-380.7347
G1X197.7741Y-379.5024
G1X197.8734Y-379.4272
G1X197.9582Y-379.4060
G1X198.0245Y-379.4296
G1X198.0684Y-379.4886
G1X198.0861Y-379.5740
G1X198.0735Y-379.6765
G1X198.0267Y-379.7869
G1X197.9419Y-379.8959
G1X196.7095Y-381.1282
G1X196.6247Y-381.2372
G1X196.5779Y-381.3475
G1X196.5653Y-381.4500
G1X196.5830Y-381.5354
G1X196.6269Y-381.5945
G1X196.6933Y-381.6180
G1X196.7780Y-381.5968
G1X196.8773Y-381.5216
G1X198.1096Y-380.2893
G1X198.2089Y-380.2142
G1X198.2937Y-380.1930
G1X198.3600Y-380.2165
G1X198.4040Y-380.2756
G1X198.4217Y-380.3610
G1X198.4091Y-380.4635
G1X198.3623Y-380.5738
G1X198.2774Y-380.6828
G1X197.0451Y-381.9151
G1X196.9602Y-382.0241
G1X196.9135Y-382.1345
G1X196.9009Y-382.2369
G1X196.9185Y-382.3224
G1X196.9625Y-382.3814
G1X197.0288Y-382.4050
G1X197.1136Y-382.3838
G1X197.2129Y-382.3086
G1X198.4452Y-381.0763
G1X198.5445Y-381.0011
G1X198.6293Y-380.9799
G1X198.6956Y-381.0035
G1X198.7395Y-381.0626
G1X198.7572Y-381.1480
G1X198.7446Y-381.2504
G1X198.6979Y-381.3608
G1X198.6130Y-381.4698
G1X197.3807Y-382.7021
G1X197.2958Y-382.8111
G1X197.2490Y-382.9215
G1X197.2364Y-383.0239
G1X197.2541Y-383.1093
G1X197.2980Y-383.1684
G1X197.3644Y-383.1920
G1X197.4491Y-383.1708
G1X197.5484Y-383.0956
G1X198.7807Y-381.8633
G1X198.8800Y-381.7881
G1X198.9648Y-381.7669
G1X199.0312Y-381.7905
G1X199.0751Y-381.8495
G1X199.0928Y-381.9350
G1X199.0802Y-382.0374
G1X199.0334Y-382.1478
G1X198.9485Y-382.2568
G1X197.7162Y-383.4891
G1X197.6313Y-383.5981
G1X197.5846Y-383.7084
G1X197.5720Y-383.8109
G1X197.5896Y-383.8963
G1X197.6336Y-383.9554
G1X197.6999Y-383.9789
G1X197.7847Y-383.9577
G1X197.8840Y-383.8826
G1X199.1163Y-382.6503
G1X199.2156Y-382.5751
G1X199.3004Y-382.5539
G1X199.3667Y-382.5774
G1X199.4107Y-382.6365
G1X199.4283Y-382.7219
G1X199.4157Y-382.8244
G1X199.3690Y-382.9348
G1X199.2841Y-383.0437
G1X198.0518Y-384.2761
G1X197.9669Y-384.3850
G1X197.9201Y-384.4954
G1X197.9075Y-384.5979
G1X197.9252Y-384.6833
G1X197.9692Y-384.7424
G1X198.0355Y-384.7659
G1X198.1203Y-384.7447
G1X198.2196Y-384.6695
G1X199.4519Y-383.4372
G1X199.5512Y-383.3621
G1X199.6360Y-383.3408
G1X199.7023Y-383.3644
G1X199.7462Y-383.4235
G1X199.7639Y-383.5089
G1X199.7513Y-383.6114
G1X199.7045Y-383.7217
G1X199.6197Y-383.8307
G1X198.3873Y-385.0630
G1X198.3025Y-385.1720
G1X198.2557Y-385.2824
G1X198.2431Y-385.3849
G1X198.2608Y-385.4702
G1X198.3047Y-385.5293
G1X198.3711Y-385.5529
G1X198.4558Y-385.5317
G1X198.5551Y-385.4565
G1X199.7874Y-384.2242
G1X199.8867Y-384.1490
G1X199.9715Y-384.1278
G1X200.0378Y-384.1514
G1X200.0818Y-384.2105
G1X200.0995Y-384.2959
G1X200.0869Y-384.3984
G1X200.0401Y-384.5087
G1X199.9552Y-384.6177
G1X198.8882Y-385.6847
G1X198.8202Y-385.7768
G1X198.8180Y-385.8426
G1X198.8685Y-385.8821
G1X198.9583Y-385.8952
G1X199.0745Y-385.8821
G1X199.2039Y-385.8426
G1X199.3332Y-385.7768
G1X199.4495Y-385.6847
G1X200.1230Y-385.0112
G1X200.2223Y-384.9360
G1X200.3071Y-384.9148
G1X200.3734Y-384.9383
G1X200.4174Y-384.9975
G1X200.4350Y-385.0828
G1X200.4224Y-385.1853
G1X200.3757Y-385.2957
G1X200.2908Y-385.4046
G1X199.9540Y-385.7414
G1X199.9098Y-385.8168
G1X199.9398Y-385.8670
G1X200.0243Y-385.8921
G1X200.1437Y-385.8921
G1X200.2785Y-385.8670
G1X200.4089Y-385.8168
G1X200.5153Y-385.7414
G1X200.6690Y-385.5877
G1 Z0F20000
(Start Block)

G1X205.6002Y-348.9858
G1Z6F20000
(Plotting speed under)
G1 F8000

G1X206.9576Y-353.4837
G1X208.4269Y-357.9816
G1X211.8669Y-367.5067
G1X209.2211Y-367.5067
G1X205.7811Y-357.9816
G1X204.3118Y-353.4837
G1X202.9543Y-348.9858
G1X205.6002Y-348.9858
G1 Z0F20000
(Start Block)

G1X203.6889Y-349.1181
G1Z6F20000
(Plotting speed under)
G1 F8000

G1X203.4719Y-349.3350
G1X203.3854Y-349.4456
G1X203.3344Y-349.5603
G1X203.3158Y-349.6688
G1X203.3265Y-349.7611
G1X203.3635Y-349.8271
G1X203.4239Y-349.8567
G1X203.5044Y-349.8397
G1X203.6020Y-349.7662
G1X204.0397Y-349.3286
G1X204.1559Y-349.2365
G1X204.2852Y-349.1707
G1X204.4146Y-349.1312
G1X204.5308Y-349.1181
G1X204.6207Y-349.1312
G1X204.6711Y-349.1707
G1X204.6689Y-349.2365
G1X204.6009Y-349.3286
G1X203.7322Y-350.1973
G1X203.6457Y-350.3079
G1X203.5946Y-350.4226
G1X203.5760Y-350.5311
G1X203.5867Y-350.6234
G1X203.6238Y-350.6894
G1X203.6841Y-350.7190
G1X203.7646Y-350.7020
G1X203.8623Y-350.6285
G1X205.1622Y-349.3286
G1X205.2780Y-349.2439
G1X205.3795Y-349.2225
G1X205.4587Y-349.2530
G1X205.5075Y-349.3236
G1X205.5179Y-349.4228
G1X205.4820Y-349.5390
G1X205.3916Y-349.6604
G1X203.9924Y-351.0596
G1X203.9059Y-351.1702
G1X203.8549Y-351.2848
G1X203.8362Y-351.3934
G1X203.8470Y-351.4857
G1X203.8840Y-351.5517
G1X203.9443Y-351.5812
G1X204.0248Y-351.5643
G1X204.1225Y-351.4908
G1X205.5217Y-350.0916
G1X205.6194Y-350.0180
G1X205.6999Y-350.0011
G1X205.7602Y-350.0307
G1X205.7973Y-350.0967
G1X205.8080Y-350.1890
G1X205.7894Y-350.2975
G1X205.7383Y-350.4121
G1X205.6518Y-350.5227
G1X204.2526Y-351.9219
G1X204.1662Y-352.0325
G1X204.1151Y-352.1471
G1X204.0965Y-352.2556
G1X204.1072Y-352.3480
G1X204.1443Y-352.4140
G1X204.2046Y-352.4436
G1X204.2851Y-352.4266
G1X204.3828Y-352.3531
G1X205.7820Y-350.9539
G1X205.8796Y-350.8803
G1X205.9601Y-350.8634
G1X206.0205Y-350.8930
G1X206.0575Y-350.9590
G1X206.0682Y-351.0513
G1X206.0496Y-351.1598
G1X205.9986Y-351.2744
G1X205.9121Y-351.3850
G1X204.5129Y-352.7842
G1X204.4264Y-352.8948
G1X204.3753Y-353.0095
G1X204.3566Y-353.1181
G1X204.3673Y-353.2104
G1X204.4043Y-353.2765
G1X204.4645Y-353.3061
G1X204.5450Y-353.2892
G1X204.6427Y-353.2157
G1X206.0422Y-351.8162
G1X206.1399Y-351.7426
G1X206.2204Y-351.7257
G1X206.2807Y-351.7553
G1X206.3177Y-351.8213
G1X206.3285Y-351.9136
G1X206.3098Y-352.0221
G1X206.2588Y-352.1367
G1X206.1723Y-352.2473
G1X204.7809Y-353.6388
G1X204.6947Y-353.7490
G1X204.6446Y-353.8627
G1X204.6273Y-353.9699
G1X204.6395Y-354.0608
G1X204.6780Y-354.1253
G1X204.7396Y-354.1536
G1X204.8211Y-354.1357
G1X204.9191Y-354.0618
G1X206.3024Y-352.6784
G1X206.4001Y-352.6049
G1X206.4806Y-352.5880
G1X206.5409Y-352.6175
G1X206.5780Y-352.6836
G1X206.5887Y-352.7759
G1X206.5701Y-352.8844
G1X206.5190Y-352.9990
G1X206.4326Y-353.1096
G1X205.0572Y-354.4849
G1X204.9711Y-354.5952
G1X204.9210Y-354.7089
G1X204.9037Y-354.8161
G1X204.9159Y-354.9069
G1X204.9544Y-354.9714
G1X205.0160Y-354.9997
G1X205.0974Y-354.9819
G1X205.1955Y-354.9080
G1X206.5627Y-353.5408
G1X206.6605Y-353.4670
G1X206.7416Y-353.4496
G1X206.8026Y-353.4784
G1X206.8404Y-353.5436
G1X206.8520Y-353.6351
G1X206.8341Y-353.7429
G1X206.7836Y-353.8570
G1X206.6973Y-353.9674
G1X205.3337Y-355.3310
G1X205.2475Y-355.4413
G1X205.1974Y-355.5550
G1X205.1801Y-355.6622
G1X205.1923Y-355.7530
G1X205.2308Y-355.8176
G1X205.2924Y-355.8459
G1X205.3738Y-355.8280
G1X205.4718Y-355.7541
G1X206.8355Y-354.3905
G1X206.9335Y-354.3166
G1X207.0149Y-354.2988
G1X207.0765Y-354.3270
G1X207.1150Y-354.3915
G1X207.1272Y-354.4824
G1X207.1099Y-354.5896
G1X207.0598Y-354.7033
G1X206.9737Y-354.8136
G1X205.6101Y-356.1772
G1X205.5239Y-356.2874
G1X205.4738Y-356.4011
G1X205.4565Y-356.5083
G1X205.4687Y-356.5992
G1X205.5072Y-356.6637
G1X205.5688Y-356.6920
G1X205.6502Y-356.6741
G1X205.7483Y-356.6002
G1X207.1119Y-355.2366
G1X207.2099Y-355.1627
G1X207.2913Y-355.1449
G1X207.3529Y-355.1732
G1X207.3914Y-355.2377
G1X207.4037Y-355.3285
G1X207.3863Y-355.4358
G1X207.3362Y-355.5494
G1X207.2501Y-355.6597
G1X205.8865Y-357.0233
G1X205.8003Y-357.1336
G1X205.7502Y-357.2473
G1X205.7329Y-357.3545
G1X205.7451Y-357.4453
G1X205.7836Y-357.5098
G1X205.8452Y-357.5381
G1X205.9266Y-357.5203
G1X206.0246Y-357.4464
G1X207.3883Y-356.0828
G1X207.4863Y-356.0089
G1X207.5677Y-355.9910
G1X207.6293Y-356.0193
G1X207.6678Y-356.0838
G1X207.6800Y-356.1747
G1X207.6627Y-356.2819
G1X207.6126Y-356.3956
G1X207.5264Y-356.5058
G1X206.1664Y-357.8659
G1X206.0807Y-357.9757
G1X206.0318Y-358.0881
G1X206.0162Y-358.1936
G1X206.0304Y-358.2825
G1X206.0709Y-358.3451
G1X206.1342Y-358.3716
G1X206.2169Y-358.3526
G1X206.3153Y-358.2782
G1X207.6647Y-356.9289
G1X207.7627Y-356.8550
G1X207.8441Y-356.8371
G1X207.9057Y-356.8655
G1X207.9442Y-356.9300
G1X207.9564Y-357.0208
G1X207.9391Y-357.1280
G1X207.8890Y-357.2417
G1X207.8029Y-357.3520
G1X206.4643Y-358.6906
G1X206.3786Y-358.8004
G1X206.3297Y-358.9128
G1X206.3141Y-359.0183
G1X206.3283Y-359.1072
G1X206.3688Y-359.1698
G1X206.4321Y-359.1963
G1X206.5147Y-359.1773
G1X206.6132Y-359.1029
G1X207.9410Y-357.7750
G1X208.0391Y-357.7011
G1X208.1205Y-357.6833
G1X208.1821Y-357.7116
G1X208.2206Y-357.7761
G1X208.2328Y-357.8669
G1X208.2155Y-357.9741
G1X208.1654Y-358.0879
G1X208.0792Y-358.1981
G1X206.7621Y-359.5153
G1X206.6764Y-359.6251
G1X206.6275Y-359.7375
G1X206.6119Y-359.8431
G1X206.6261Y-359.9319
G1X206.6666Y-359.9944
G1X206.7299Y-360.0210
G1X206.8125Y-360.0020
G1X206.9110Y-359.9276
G1X208.2272Y-358.6114
G1X208.3257Y-358.5370
G1X208.4084Y-358.5180
G1X208.4717Y-358.5446
G1X208.5122Y-358.6071
G1X208.5264Y-358.6960
G1X208.5107Y-358.8015
G1X208.4618Y-358.9139
G1X208.3762Y-359.0237
G1X207.0600Y-360.3399
G1X206.9743Y-360.4497
G1X206.9254Y-360.5622
G1X206.9098Y-360.6677
G1X206.9239Y-360.7566
G1X206.9644Y-360.8192
G1X207.0277Y-360.8457
G1X207.1104Y-360.8267
G1X207.2089Y-360.7523
G1X208.5251Y-359.4361
G1X208.6235Y-359.3617
G1X208.7062Y-359.3427
G1X208.7695Y-359.3692
G1X208.8100Y-359.4318
G1X208.8242Y-359.5207
G1X208.8086Y-359.6261
G1X208.7597Y-359.7386
G1X208.6740Y-359.8485
G1X207.3578Y-361.1646
G1X207.2721Y-361.2744
G1X207.2232Y-361.3869
G1X207.2076Y-361.4924
G1X207.2218Y-361.5813
G1X207.2623Y-361.6438
G1X207.3256Y-361.6704
G1X207.4082Y-361.6513
G1X207.5067Y-361.5770
G1X208.8229Y-360.2608
G1X208.9214Y-360.1864
G1X209.0040Y-360.1674
G1X209.0674Y-360.1939
G1X209.1078Y-360.2565
G1X209.1220Y-360.3453
G1X209.1064Y-360.4509
G1X209.0575Y-360.5633
G1X208.9718Y-360.6731
G1X207.6556Y-361.9893
G1X207.5699Y-362.0991
G1X207.5210Y-362.2116
G1X207.5054Y-362.3171
G1X207.5196Y-362.4060
G1X207.5601Y-362.4685
G1X207.6234Y-362.4951
G1X207.7061Y-362.4761
G1X207.8046Y-362.4017
G1X209.1207Y-361.0855
G1X209.2192Y-361.0111
G1X209.3019Y-360.9921
G1X209.3652Y-361.0186
G1X209.4057Y-361.0812
G1X209.4199Y-361.1700
G1X209.4042Y-361.2755
G1X209.3554Y-361.3880
G1X209.2697Y-361.4978
G1X207.9535Y-362.8140
G1X207.8678Y-362.9238
G1X207.8189Y-363.0363
G1X207.8033Y-363.1418
G1X207.8175Y-363.2307
G1X207.8579Y-363.2932
G1X207.9213Y-363.3198
G1X208.0039Y-363.3007
G1X208.1024Y-363.2264
G1X209.4186Y-361.9102
G1X209.5171Y-361.8358
G1X209.5997Y-361.8167
G1X209.6630Y-361.8433
G1X209.7035Y-361.9059
G1X209.7177Y-361.9947
G1X209.7021Y-362.1002
G1X209.6532Y-362.2127
G1X209.5675Y-362.3225
G1X208.2513Y-363.6387
G1X208.1656Y-363.7485
G1X208.1167Y-363.8610
G1X208.1011Y-363.9665
G1X208.1153Y-364.0554
G1X208.1558Y-364.1179
G1X208.2191Y-364.1445
G1X208.3017Y-364.1254
G1X208.4002Y-364.0511
G1X209.7164Y-362.7349
G1X209.8149Y-362.6605
G1X209.8975Y-362.6414
G1X209.9609Y-362.6680
G1X210.0014Y-362.7306
G1X210.0155Y-362.8194
G1X209.9999Y-362.9249
G1X209.9510Y-363.0374
G1X209.8653Y-363.1472
G1X208.5491Y-364.4634
G1X208.4635Y-364.5732
G1X208.4145Y-364.6857
G1X208.3989Y-364.7912
G1X208.4131Y-364.8801
G1X208.4536Y-364.9426
G1X208.5169Y-364.9692
G1X208.5996Y-364.9501
G1X208.6980Y-364.8758
G1X210.0143Y-363.5596
G1X210.1127Y-363.4852
G1X210.1954Y-363.4661
G1X210.2587Y-363.4927
G1X210.2992Y-363.5553
G1X210.3134Y-363.6441
G1X210.2978Y-363.7496
G1X210.2489Y-363.8621
G1X210.1632Y-363.9719
G1X208.8470Y-365.2881
G1X208.7613Y-365.3979
G1X208.7124Y-365.5104
G1X208.6968Y-365.6159
G1X208.7110Y-365.7048
G1X208.7515Y-365.7673
G1X208.8148Y-365.7939
G1X208.8974Y-365.7748
G1X208.9959Y-365.7005
G1X210.3121Y-364.3843
G1X210.4106Y-364.3099
G1X210.4932Y-364.2908
G1X210.5565Y-364.3174
G1X210.5970Y-364.3800
G1X210.6112Y-364.4688
G1X210.5956Y-364.5743
G1X210.5467Y-364.6868
G1X210.4610Y-364.7966
G1X209.1448Y-366.1128
G1X209.0591Y-366.2226
G1X209.0102Y-366.3351
G1X208.9946Y-366.4406
G1X209.0088Y-366.5295
G1X209.0493Y-366.5920
G1X209.1126Y-366.6186
G1X209.1953Y-366.5995
G1X209.2937Y-366.5252
G1X210.6099Y-365.2090
G1X210.7084Y-365.1346
G1X210.7911Y-365.1155
G1X210.8544Y-365.1421
G1X210.8949Y-365.2047
G1X210.9091Y-365.2935
G1X210.8935Y-365.3990
G1X210.8445Y-365.5115
G1X210.7589Y-365.6213
G1X209.4427Y-366.9375
G1X209.3581Y-367.0531
G1X209.3372Y-367.1542
G1X209.3683Y-367.2328
G1X209.4396Y-367.2810
G1X209.5393Y-367.2908
G1X209.6559Y-367.2544
G1X209.7775Y-367.1639
G1X210.9078Y-366.0336
G1X211.0062Y-365.9593
G1X211.0889Y-365.9402
G1X211.1522Y-365.9668
G1X211.1927Y-366.0294
G1X211.2069Y-366.1182
G1X211.1913Y-366.2237
G1X211.1424Y-366.3362
G1X211.0567Y-366.4460
G1X210.3388Y-367.1639
G1X210.2708Y-367.2560
G1X210.2686Y-367.3217
G1X210.3191Y-367.3612
G1X210.4090Y-367.3744
G1X210.5252Y-367.3612
G1X210.6545Y-367.3217
G1X210.7839Y-367.2560
G1X210.9001Y-367.1639
G1X211.2590Y-366.8049
G1X211.3573Y-366.7482
G1X211.4373Y-366.7722
G1X211.4905Y-366.8540
G1X211.5090Y-366.9708
G1X211.4842Y-367.0995
G1X211.4079Y-367.2173
G1X211.2509Y-367.3744
G1 Z0F20000
(Start Block)

G1X182.8294Y-330.4649
G1Z6F20000
(Plotting speed under)
G1 F8000

G1X183.6493Y-334.9629
G1X184.6095Y-339.4608
G1X185.7728Y-344.2233
G1X187.0793Y-348.9858
G1X184.4335Y-348.9858
G1X183.1270Y-344.2233
G1X181.9637Y-339.4608
G1X181.0034Y-334.9629
G1X180.1836Y-330.4649
G1X182.8294Y-330.4649
G1 Z0F20000
(Start Block)

G1X180.4689Y-330.5972
G1Z6F20000
(Plotting speed under)
G1 F8000

G1X180.4153Y-330.6508
G1X180.3900Y-330.7345
G1X180.3943Y-330.8694
G1X180.4199Y-331.0099
G1X180.4585Y-331.1105
G1X180.5018Y-331.1256
G1X180.8197Y-330.8077
G1X180.9359Y-330.7156
G1X181.0652Y-330.6498
G1X181.1946Y-330.6104
G1X181.3108Y-330.5972
G1X181.4007Y-330.6104
G1X181.4511Y-330.6498
G1X181.4489Y-330.7156
G1X181.3809Y-330.8077
G1X180.7452Y-331.4434
G1X180.6569Y-331.5559
G1X180.6009Y-331.6754
G1X180.5753Y-331.7909
G1X180.5780Y-331.8913
G1X180.6071Y-331.9653
G1X180.6604Y-332.0018
G1X180.7360Y-331.9898
G1X180.8317Y-331.9181
G1X181.9422Y-330.8077
G1X182.0586Y-330.7154
G1X182.1884Y-330.6492
G1X182.3185Y-330.6090
G1X182.4355Y-330.5951
G1X182.5261Y-330.6074
G1X182.5773Y-330.6462
G1X182.5756Y-330.7115
G1X182.5078Y-330.8034
G1X180.9183Y-332.3929
G1X180.8299Y-332.5054
G1X180.7740Y-332.6249
G1X180.7483Y-332.7404
G1X180.7511Y-332.8407
G1X180.7801Y-332.9147
G1X180.8334Y-332.9513
G1X180.9090Y-332.9393
G1X181.0048Y-332.8676
G1X182.5943Y-331.2781
G1X182.6901Y-331.2064
G1X182.7657Y-331.1945
G1X182.8190Y-331.2310
G1X182.8481Y-331.3050
G1X182.8508Y-331.4053
G1X182.8252Y-331.5208
G1X182.7692Y-331.6404
G1X182.6808Y-331.7529
G1X181.0914Y-333.3423
G1X181.0030Y-333.4548
G1X180.9470Y-333.5744
G1X180.9214Y-333.6899
G1X180.9241Y-333.7902
G1X180.9532Y-333.8642
G1X181.0065Y-333.9008
G1X181.0821Y-333.8888
G1X181.1779Y-333.8171
G1X182.7674Y-332.2276
G1X182.8632Y-332.1559
G1X182.9388Y-332.1439
G1X182.9921Y-332.1805
G1X183.0211Y-332.2545
G1X183.0238Y-332.3548
G1X182.9982Y-332.4703
G1X182.9423Y-332.5898
G1X182.8539Y-332.7023
G1X181.2644Y-334.2918
G1X181.1761Y-334.4043
G1X181.1202Y-334.5237
G1X181.0948Y-334.6390
G1X181.0977Y-334.7391
G1X181.1269Y-334.8130
G1X181.1804Y-334.8494
G1X181.2561Y-334.8372
G1X181.3520Y-334.7655
G1X182.9405Y-333.1771
G1X183.0363Y-333.1054
G1X183.1118Y-333.0934
G1X183.1651Y-333.1300
G1X183.1942Y-333.2040
G1X183.1969Y-333.3043
G1X183.1713Y-333.4198
G1X183.1153Y-333.5393
G1X183.0270Y-333.6518
G1X181.4507Y-335.2281
G1X181.3629Y-335.3400
G1X181.3083Y-335.4582
G1X181.2846Y-335.5717
G1X181.2896Y-335.6698
G1X181.3209Y-335.7416
G1X181.3762Y-335.7762
G1X181.4531Y-335.7628
G1X181.5495Y-335.6906
G1X183.1135Y-334.1265
G1X183.2093Y-334.0548
G1X183.2849Y-334.0429
G1X183.3382Y-334.0794
G1X183.3672Y-334.1534
G1X183.3700Y-334.2537
G1X183.3444Y-334.3692
G1X183.2884Y-334.4888
G1X183.2000Y-334.6013
G1X181.6482Y-336.1531
G1X181.5604Y-336.2651
G1X181.5058Y-336.3832
G1X181.4821Y-336.4968
G1X181.4871Y-336.5948
G1X181.5184Y-336.6666
G1X181.5737Y-336.7012
G1X181.6506Y-336.6878
G1X181.7469Y-336.6156
G1X183.2866Y-335.0760
G1X183.3828Y-335.0039
G1X183.4594Y-334.9909
G1X183.5141Y-335.0260
G1X183.5448Y-335.0984
G1X183.5492Y-335.1970
G1X183.5251Y-335.3111
G1X183.4701Y-335.4296
G1X183.3821Y-335.5417
G1X181.8457Y-337.0782
G1X181.7578Y-337.1901
G1X181.7033Y-337.3083
G1X181.6796Y-337.4218
G1X181.6846Y-337.5199
G1X181.7159Y-337.5917
G1X181.7712Y-337.6263
G1X181.8481Y-337.6129
G1X181.9444Y-337.5407
G1X183.4809Y-336.0042
G1X183.5772Y-335.9320
G1X183.6542Y-335.9186
G1X183.7095Y-335.9532
G1X183.7407Y-336.0250
G1X183.7457Y-336.1231
G1X183.7221Y-336.2366
G1X183.6675Y-336.3548
G1X183.5796Y-336.4667
G1X182.0432Y-338.0032
G1X181.9553Y-338.1152
G1X181.9007Y-338.2333
G1X181.8771Y-338.3469
G1X181.8821Y-338.4449
G1X181.9133Y-338.5167
G1X181.9686Y-338.5513
G1X182.0456Y-338.5379
G1X182.1419Y-338.4657
G1X183.6784Y-336.9293
G1X183.7747Y-336.8570
G1X183.8516Y-336.8437
G1X183.9069Y-336.8783
G1X183.9382Y-336.9500
G1X183.9432Y-337.0481
G1X183.9195Y-337.1617
G1X183.8650Y-337.2798
G1X183.7771Y-337.3918
G1X182.2407Y-338.9283
G1X182.1530Y-339.0400
G1X182.0989Y-339.1577
G1X182.0759Y-339.2706
G1X182.0816Y-339.3679
G1X182.1137Y-339.4389
G1X182.1697Y-339.4728
G1X182.2471Y-339.4590
G1X182.3436Y-339.3866
G1X183.8759Y-337.8543
G1X183.9722Y-337.7821
G1X184.0491Y-337.7687
G1X184.1044Y-337.8033
G1X184.1357Y-337.8751
G1X184.1407Y-337.9732
G1X184.1170Y-338.0867
G1X184.0624Y-338.2049
G1X183.9746Y-338.3168
G1X182.4538Y-339.8377
G1X182.3664Y-339.9491
G1X182.3131Y-340.0660
G1X182.2913Y-340.1777
G1X182.2984Y-340.2737
G1X182.3318Y-340.3433
G1X182.3889Y-340.3761
G1X182.4672Y-340.3614
G1X182.5640Y-340.2887
G1X184.0733Y-338.7794
G1X184.1697Y-338.7071
G1X184.2466Y-338.6938
G1X184.3019Y-338.7284
G1X184.3332Y-338.8001
G1X184.3382Y-338.8982
G1X184.3145Y-339.0118
G1X184.2599Y-339.1299
G1X184.1721Y-339.2419
G1X182.6741Y-340.7398
G1X182.5868Y-340.8513
G1X182.5335Y-340.9681
G1X182.5117Y-341.0799
G1X182.5188Y-341.1758
G1X182.5521Y-341.2455
G1X182.6093Y-341.2783
G1X182.6875Y-341.2636
G1X182.7843Y-341.1909
G1X184.2708Y-339.7044
G1X184.3676Y-339.6317
G1X184.4459Y-339.6170
G1X184.5030Y-339.6498
G1X184.5364Y-339.7194
G1X184.5435Y-339.8154
G1X184.5217Y-339.9271
G1X184.4684Y-340.0440
G1X184.3811Y-340.1554
G1X182.8945Y-341.6420
G1X182.8072Y-341.7535
G1X182.7539Y-341.8703
G1X182.7321Y-341.9820
G1X182.7392Y-342.0780
G1X182.7725Y-342.1477
G1X182.8296Y-342.1804
G1X182.9079Y-342.1658
G1X183.0047Y-342.0930
G1X184.4913Y-340.6065
G1X184.5881Y-340.5338
G1X184.6664Y-340.5191
G1X184.7235Y-340.5519
G1X184.7568Y-340.6215
G1X184.7639Y-340.7175
G1X184.7421Y-340.8292
G1X184.6888Y-340.9461
G1X184.6015Y-341.0576
G1X183.1149Y-342.5441
G1X183.0276Y-342.6556
G1X182.9743Y-342.7725
G1X182.9524Y-342.8842
G1X182.9595Y-342.9801
G1X182.9929Y-343.0498
G1X183.0500Y-343.0826
G1X183.1283Y-343.0679
G1X183.2251Y-342.9952
G1X184.7117Y-341.5086
G1X184.8085Y-341.4360
G1X184.8867Y-341.4213
G1X184.9438Y-341.4541
G1X184.9772Y-341.5237
G1X184.9843Y-341.6197
G1X184.9625Y-341.7314
G1X184.9092Y-341.8483
G1X184.8219Y-341.9597
G1X183.3353Y-343.4463
G1X183.2479Y-343.5578
G1X183.1946Y-343.6746
G1X183.1728Y-343.7864
G1X183.1799Y-343.8823
G1X183.2133Y-343.9520
G1X183.2704Y-343.9847
G1X183.3486Y-343.9701
G1X183.4455Y-343.8974
G1X184.9320Y-342.4108
G1X185.0288Y-342.3381
G1X185.1071Y-342.3234
G1X185.1642Y-342.3562
G1X185.1976Y-342.4259
G1X185.2047Y-342.5218
G1X185.1828Y-342.6335
G1X185.1296Y-342.7504
G1X185.0422Y-342.8619
G1X183.5643Y-344.3398
G1X183.4774Y-344.4508
G1X183.4254Y-344.5664
G1X183.4052Y-344.6764
G1X183.4143Y-344.7704
G1X183.4496Y-344.8382
G1X183.5084Y-344.8692
G1X183.5879Y-344.8534
G1X183.6852Y-344.7802
G1X185.1524Y-343.3130
G1X185.2492Y-343.2403
G1X185.3275Y-343.2256
G1X185.3846Y-343.2584
G1X185.4180Y-343.3280
G1X185.4250Y-343.4240
G1X185.4032Y-343.5357
G1X185.3499Y-343.6526
G1X185.2626Y-343.7641
G1X183.8060Y-345.2206
G1X183.7191Y-345.3317
G1X183.6670Y-345.4473
G1X183.6469Y-345.5573
G1X183.6559Y-345.6513
G1X183.6913Y-345.7190
G1X183.7501Y-345.7501
G1X183.8296Y-345.7342
G1X183.9268Y-345.6611
G1X185.3728Y-344.2151
G1X185.4698Y-344.1422
G1X185.5486Y-344.1270
G1X185.6064Y-344.1590
G1X185.6407Y-344.2278
G1X185.6486Y-344.3230
G1X185.6276Y-344.4339
G1X185.5748Y-344.5502
G1X185.4876Y-344.6615
G1X184.0477Y-346.1015
G1X183.9608Y-346.2125
G1X183.9087Y-346.3282
G1X183.8886Y-346.4382
G1X183.8976Y-346.5322
G1X183.9329Y-346.5999
G1X183.9917Y-346.6310
G1X184.0712Y-346.6151
G1X184.1685Y-346.5420
G1X185.6085Y-345.1019
G1X185.7058Y-345.0288
G1X185.7852Y-345.0129
G1X185.8440Y-345.0440
G1X185.8794Y-345.1117
G1X185.8884Y-345.2057
G1X185.8683Y-345.3157
G1X185.8162Y-345.4314
G1X185.7293Y-345.5424
G1X184.2893Y-346.9824
G1X184.2024Y-347.0934
G1X184.1503Y-347.2091
G1X184.1302Y-347.3191
G1X184.1392Y-347.4131
G1X184.1746Y-347.4808
G1X184.2334Y-347.5119
G1X184.3128Y-347.4960
G1X184.4101Y-347.4228
G1X185.8501Y-345.9828
G1X185.9474Y-345.9097
G1X186.0269Y-345.8938
G1X186.0857Y-345.9249
G1X186.1210Y-345.9926
G1X186.1301Y-346.0866
G1X186.1099Y-346.1966
G1X186.0579Y-346.3123
G1X185.9710Y-346.4233
G1X184.5309Y-347.8633
G1X184.4441Y-347.9743
G1X184.3920Y-348.0900
G1X184.3718Y-348.2000
G1X184.3809Y-348.2940
G1X184.4162Y-348.3617
G1X184.4750Y-348.3928
G1X184.5545Y-348.3769
G1X184.6518Y-348.3037
G1X186.0918Y-346.8637
G1X186.1891Y-346.7906
G1X186.2685Y-346.7747
G1X186.3273Y-346.8058
G1X186.3627Y-346.8735
G1X186.3717Y-346.9675
G1X186.3516Y-347.0775
G1X186.2995Y-347.1932
G1X186.2126Y-347.3042
G1X184.8737Y-348.6430
G1X184.8058Y-348.7351
G1X184.8036Y-348.8009
G1X184.8540Y-348.8403
G1X184.9439Y-348.8535
G1X185.0601Y-348.8403
G1X185.1895Y-348.8009
G1X185.3188Y-348.7351
G1X185.4350Y-348.6430
G1X186.3334Y-347.7446
G1X186.4307Y-347.6714
G1X186.5102Y-347.6556
G1X186.5690Y-347.6866
G1X186.6043Y-347.7543
G1X186.6133Y-347.8484
G1X186.5932Y-347.9584
G1X186.5412Y-348.0740
G1X186.4543Y-348.1850
G1X185.9963Y-348.6430
G1X185.9283Y-348.7351
G1X185.9261Y-348.8009
G1X185.9765Y-348.8403
G1X186.0664Y-348.8535
G1X186.1826Y-348.8403
G1X186.3120Y-348.8009
G1X186.4413Y-348.7351
G1X186.5575Y-348.6430
G1X186.7856Y-348.4150
G1 Z0F20000
(Start Block)

G1X199.5437Y-311.9441
G1Z6F20000
(Plotting speed under)
G1 F8000

G1X199.7437Y-316.4420
G1X200.1241Y-321.2045
G1X200.6406Y-325.7024
G1X201.3502Y-330.4649
G1X198.7044Y-330.4649
G1X197.9947Y-325.7024
G1X197.4783Y-321.2045
G1X197.0978Y-316.4420
G1X196.8979Y-311.9441
G1X199.5437Y-311.9441
G1 Z0F20000
(Start Block)

G1X197.5892Y-312.0764
G1Z6F20000
(Plotting speed under)
G1 F8000

G1X197.2702Y-312.3954
G1X197.1791Y-312.5106
G1X197.1161Y-312.6372
G1X197.0805Y-312.7627
G1X197.0717Y-312.8745
G1X197.0892Y-312.9601
G1X197.1325Y-313.0066
G1X197.2010Y-313.0017
G1X197.2941Y-312.9328
G1X197.9400Y-312.2868
G1X198.0562Y-312.1948
G1X198.1856Y-312.1290
G1X198.3149Y-312.0895
G1X198.4311Y-312.0764
G1X198.5210Y-312.0895
G1X198.5714Y-312.1290
G1X198.5692Y-312.1948
G1X198.5013Y-312.2868
G1X197.3180Y-313.4701
G1X197.2269Y-313.5853
G1X197.1638Y-313.7120
G1X197.1282Y-313.8375
G1X197.1195Y-313.9493
G1X197.1370Y-314.0348
G1X197.1803Y-314.0814
G1X197.2488Y-314.0765
G1X197.3419Y-314.0075
G1X199.0625Y-312.2868
G1X199.1616Y-312.2119
G1X199.2457Y-312.1914
G1X199.3111Y-312.2159
G1X199.3540Y-312.2761
G1X199.3706Y-312.3625
G1X199.3570Y-312.4659
G1X199.3096Y-312.5770
G1X199.2245Y-312.6862
G1X197.3658Y-314.5449
G1X197.2747Y-314.6601
G1X197.2116Y-314.7867
G1X197.1760Y-314.9123
G1X197.1672Y-315.0241
G1X197.1848Y-315.1096
G1X197.2281Y-315.1562
G1X197.2965Y-315.1513
G1X197.3896Y-315.0823
G1X199.2483Y-313.2236
G1X199.3415Y-313.1546
G1X199.4100Y-313.1497
G1X199.4532Y-313.1963
G1X199.4708Y-313.2818
G1X199.4620Y-313.3936
G1X199.4264Y-313.5191
G1X199.3633Y-313.6458
G1X199.2722Y-313.7609
G1X197.4135Y-315.6196
G1X197.3224Y-315.7349
G1X197.2591Y-315.8618
G1X197.2231Y-315.9877
G1X197.2139Y-316.0999
G1X197.2311Y-316.1858
G1X197.2740Y-316.2328
G1X197.3422Y-316.2281
G1X197.4353Y-316.1592
G1X199.2961Y-314.2983
G1X199.3892Y-314.2293
G1X199.4577Y-314.2244
G1X199.5010Y-314.2710
G1X199.5185Y-314.3565
G1X199.5098Y-314.4684
G1X199.4741Y-314.5939
G1X199.4111Y-314.7205
G1X199.3200Y-314.8357
G1X197.4768Y-316.6790
G1X197.3865Y-316.7934
G1X197.3254Y-316.9180
G1X197.2926Y-317.0407
G1X197.2870Y-317.1493
G1X197.3078Y-317.2316
G1X197.3540Y-317.2754
G1X197.4244Y-317.2684
G1X197.5183Y-317.1987
G1X199.3439Y-315.3731
G1X199.4370Y-315.3041
G1X199.5055Y-315.2992
G1X199.5488Y-315.3458
G1X199.5663Y-315.4313
G1X199.5576Y-315.5431
G1X199.5219Y-315.6686
G1X199.4588Y-315.7953
G1X199.3678Y-315.9105
G1X197.5598Y-317.7185
G1X197.4695Y-317.8329
G1X197.4084Y-317.9575
G1X197.3756Y-318.0802
G1X197.3701Y-318.1888
G1X197.3909Y-318.2711
G1X197.4370Y-318.3149
G1X197.5075Y-318.3079
G1X197.6013Y-318.2382
G1X199.3917Y-316.4478
G1X199.4853Y-316.3784
G1X199.5549Y-316.3723
G1X199.5999Y-316.4172
G1X199.6194Y-316.5007
G1X199.6126Y-316.6106
G1X199.5787Y-316.7344
G1X199.5168Y-316.8599
G1X199.4262Y-316.9746
G1X197.6429Y-318.7579
G1X197.5525Y-318.8724
G1X197.4915Y-318.9970
G1X197.4586Y-319.1197
G1X197.4531Y-319.2283
G1X197.4739Y-319.3106
G1X197.5200Y-319.3543
G1X197.5905Y-319.3474
G1X197.6844Y-319.2777
G1X199.4677Y-317.4943
G1X199.5616Y-317.4246
G1X199.6321Y-317.4177
G1X199.6782Y-317.4615
G1X199.6990Y-317.5437
G1X199.6934Y-317.6523
G1X199.6606Y-317.7750
G1X199.5996Y-317.8997
G1X199.5092Y-318.0141
G1X197.7259Y-319.7974
G1X197.6356Y-319.9118
G1X197.5745Y-320.0365
G1X197.5417Y-320.1592
G1X197.5362Y-320.2678
G1X197.5569Y-320.3501
G1X197.6031Y-320.3938
G1X197.6735Y-320.3869
G1X197.7674Y-320.3172
G1X199.5508Y-318.5338
G1X199.6446Y-318.4641
G1X199.7151Y-318.4572
G1X199.7612Y-318.5010
G1X199.7820Y-318.5832
G1X199.7765Y-318.6918
G1X199.7437Y-318.8145
G1X199.6826Y-318.9392
G1X199.5923Y-319.0536
G1X197.8089Y-320.8369
G1X197.7191Y-320.9508
G1X197.6594Y-321.0742
G1X197.6285Y-321.1950
G1X197.6251Y-321.3014
G1X197.6480Y-321.3815
G1X197.6960Y-321.4234
G1X197.7678Y-321.4152
G1X197.8622Y-321.3449
G1X199.6338Y-319.5733
G1X199.7277Y-319.5036
G1X199.7981Y-319.4967
G1X199.8443Y-319.5405
G1X199.8650Y-319.6227
G1X199.8595Y-319.7313
G1X199.8267Y-319.8540
G1X199.7656Y-319.9787
G1X199.6753Y-320.0931
G1X197.9200Y-321.8484
G1X197.8304Y-321.9621
G1X197.7712Y-322.0849
G1X197.7410Y-322.2050
G1X197.7384Y-322.3106
G1X197.7622Y-322.3899
G1X197.8109Y-322.4310
G1X197.8833Y-322.4223
G1X197.9778Y-322.3518
G1X199.7168Y-320.6128
G1X199.8107Y-320.5431
G1X199.8812Y-320.5362
G1X199.9273Y-320.5799
G1X199.9481Y-320.6622
G1X199.9426Y-320.7708
G1X199.9097Y-320.8935
G1X199.8487Y-321.0182
G1X199.7584Y-321.1326
G1X198.0356Y-322.8553
G1X197.9460Y-322.9690
G1X197.8868Y-323.0918
G1X197.8566Y-323.2119
G1X197.8540Y-323.3175
G1X197.8778Y-323.3968
G1X197.9265Y-323.4380
G1X197.9989Y-323.4292
G1X198.0934Y-323.3588
G1X199.8069Y-321.6453
G1X199.9015Y-321.5748
G1X199.9738Y-321.5661
G1X200.0225Y-321.6072
G1X200.0463Y-321.6865
G1X200.0438Y-321.7921
G1X200.0135Y-321.9122
G1X199.9543Y-322.0350
G1X199.8647Y-322.1487
G1X198.1512Y-323.8622
G1X198.0616Y-323.9759
G1X198.0024Y-324.0988
G1X197.9722Y-324.2188
G1X197.9697Y-324.3244
G1X197.9934Y-324.4037
G1X198.0422Y-324.4449
G1X198.1145Y-324.4361
G1X198.2090Y-324.3657
G1X199.9225Y-322.6522
G1X200.0171Y-322.5817
G1X200.0894Y-322.5730
G1X200.1381Y-322.6142
G1X200.1619Y-322.6934
G1X200.1594Y-322.7990
G1X200.1292Y-322.9191
G1X200.0699Y-323.0419
G1X199.9803Y-323.1556
G1X198.2668Y-324.8691
G1X198.1761Y-324.9840
G1X198.1140Y-325.1097
G1X198.0797Y-325.2339
G1X198.0723Y-325.3443
G1X198.0914Y-325.4283
G1X198.1360Y-325.4736
G1X198.2054Y-325.4678
G1X198.2988Y-325.3984
G1X200.0382Y-323.6591
G1X200.1327Y-323.5887
G1X200.2050Y-323.5799
G1X200.2538Y-323.6211
G1X200.2775Y-323.7004
G1X200.2750Y-323.8060
G1X200.2448Y-323.9261
G1X200.1856Y-324.0489
G1X200.0960Y-324.1626
G1X198.3944Y-325.8641
G1X198.3054Y-325.9772
G1X198.2479Y-326.0983
G1X198.2201Y-326.2160
G1X198.2203Y-326.3188
G1X198.2468Y-326.3954
G1X198.2980Y-326.4341
G1X198.3720Y-326.4237
G1X198.4672Y-326.3526
G1X200.1537Y-324.6660
G1X200.2483Y-324.5956
G1X200.3206Y-324.5868
G1X200.3694Y-324.6280
G1X200.3931Y-324.7073
G1X200.3906Y-324.8129
G1X200.3604Y-324.9330
G1X200.3012Y-325.0558
G1X200.2116Y-325.1695
G1X198.5400Y-326.8411
G1X198.4510Y-326.9541
G1X198.3935Y-327.0752
G1X198.3657Y-327.1929
G1X198.3659Y-327.2958
G1X198.3924Y-327.3723
G1X198.4436Y-327.4111
G1X198.5176Y-327.4006
G1X198.6128Y-327.3296
G1X200.2694Y-325.6729
G1X200.3643Y-325.6022
G1X200.4374Y-325.5926
G1X200.4873Y-325.6326
G1X200.5124Y-325.7105
G1X200.5112Y-325.8148
G1X200.4822Y-325.9337
G1X200.4238Y-326.0557
G1X200.3345Y-326.1691
G1X198.6856Y-327.8180
G1X198.5966Y-327.9311
G1X198.5391Y-328.0522
G1X198.5113Y-328.1699
G1X198.5115Y-328.2727
G1X198.5380Y-328.3493
G1X198.5891Y-328.3880
G1X198.6632Y-328.3776
G1X198.7584Y-328.3065
G1X200.4073Y-326.6576
G1X200.5025Y-326.5865
G1X200.5765Y-326.5760
G1X200.6276Y-326.6148
G1X200.6542Y-326.6913
G1X200.6544Y-326.7942
G1X200.6266Y-326.9119
G1X200.5690Y-327.0330
G1X200.4801Y-327.1460
G1X198.8311Y-328.7950
G1X198.7422Y-328.9080
G1X198.6847Y-329.0292
G1X198.6569Y-329.1468
G1X198.6571Y-329.2497
G1X198.6836Y-329.3262
G1X198.7347Y-329.3650
G1X198.8087Y-329.3545
G1X198.9039Y-329.2834
G1X200.5529Y-327.6345
G1X200.6481Y-327.5634
G1X200.7221Y-327.5530
G1X200.7732Y-327.5918
G1X200.7998Y-327.6683
G1X200.8000Y-327.7711
G1X200.7722Y-327.8888
G1X200.7146Y-328.0099
G1X200.6257Y-328.1230
G1X198.9767Y-329.7719
G1X198.8853Y-329.8944
G1X198.8468Y-330.0132
G1X198.8536Y-330.1160
G1X198.8985Y-330.1905
G1X198.9741Y-330.2245
G1X199.0730Y-330.2059
G1X199.1878Y-330.1222
G1X200.6984Y-328.6115
G1X200.7937Y-328.5404
G1X200.8677Y-328.5299
G1X200.9188Y-328.5687
G1X200.9453Y-328.6452
G1X200.9455Y-328.7481
G1X200.9177Y-328.8658
G1X200.8602Y-328.9869
G1X200.7713Y-329.0999
G1X199.7490Y-330.1222
G1X199.6810Y-330.2143
G1X199.6788Y-330.2800
G1X199.7293Y-330.3195
G1X199.8192Y-330.3327
G1X199.9354Y-330.3195
G1X200.0647Y-330.2800
G1X200.1941Y-330.2143
G1X200.3103Y-330.1222
G1X200.8440Y-329.5884
G1X200.9392Y-329.5173
G1X201.0133Y-329.5069
G1X201.0644Y-329.5457
G1X201.0909Y-329.6222
G1X201.0911Y-329.7250
G1X201.0633Y-329.8427
G1X201.0058Y-329.9638
G1X200.9168Y-330.0769
G1X200.6611Y-330.3327
G1 Z0F20000
(Start Block)

G1X216.5015Y-237.8607
G1Z6F20000
(Plotting speed under)
G1 F8000

G1X212.5251Y-247.6503
G1X209.2889Y-256.3815
G1X206.6431Y-256.3815
G1X209.8793Y-247.6503
G1X213.8557Y-237.8607
G1X216.5015Y-237.8607
G1 Z0F20000
(Start Block)

G1X213.7130Y-238.5635
G1Z6F20000
(Plotting speed under)
G1 F8000

G1X214.0730Y-238.2034
G1X214.1892Y-238.1114
G1X214.3186Y-238.0456
G1X214.4479Y-238.0061
G1X214.5641Y-237.9930
G1X214.6540Y-238.0061
G1X214.7044Y-238.0456
G1X214.7022Y-238.1114
G1X214.6343Y-238.2034
G1X213.5396Y-239.2982
G1X213.4677Y-239.3811
G1X213.3942Y-239.4851
G1X213.3217Y-239.6037
G1X213.2529Y-239.7303
G1X213.1905Y-239.8583
G1X213.1371Y-239.9812
G1X213.0954Y-240.0924
G1X213.0681Y-240.1854
G1X213.0578Y-240.2535
G1X213.0671Y-240.2903
G1X213.0989Y-240.2891
G1X213.1556Y-240.2434
G1X215.1956Y-238.2034
G1X215.3117Y-238.1114
G1X215.4411Y-238.0456
G1X215.5704Y-238.0061
G1X215.6867Y-237.9930
G1X215.7766Y-238.0061
G1X215.8270Y-238.0456
G1X215.8248Y-238.1114
G1X215.7568Y-238.2034
G1X212.7717Y-241.1885
G1X212.6998Y-241.2714
G1X212.6263Y-241.3755
G1X212.5539Y-241.4941
G1X212.4851Y-241.6207
G1X212.4227Y-241.7487
G1X212.3693Y-241.8716
G1X212.3276Y-241.9828
G1X212.3002Y-242.0758
G1X212.2899Y-242.1439
G1X212.2993Y-242.1806
G1X212.3310Y-242.1794
G1X212.3878Y-242.1337
G1X215.9416Y-238.5799
G1X215.9983Y-238.5342
G1X216.0301Y-238.5330
G1X216.0394Y-238.5698
G1X216.0291Y-238.6379
G1X216.0018Y-238.7309
G1X215.9601Y-238.8421
G1X215.9067Y-238.9650
G1X215.8443Y-239.0930
G1X215.7755Y-239.2196
G1X215.7030Y-239.3382
G1X215.6295Y-239.4422
G1X215.5577Y-239.5251
G1X212.0039Y-243.0789
G1X211.9320Y-243.1618
G1X211.8585Y-243.2658
G1X211.7861Y-243.3844
G1X211.7173Y-243.5110
G1X211.6548Y-243.6390
G1X211.6015Y-243.7619
G1X211.5598Y-243.8732
G1X211.5324Y-243.9661
G1X211.5221Y-244.0342
G1X211.5315Y-244.0710
G1X211.5632Y-244.0698
G1X211.6200Y-244.0241
G1X215.1738Y-240.4703
G1X215.2305Y-240.4246
G1X215.2622Y-240.4234
G1X215.2716Y-240.4601
G1X215.2613Y-240.5283
G1X215.2339Y-240.6212
G1X215.1922Y-240.7324
G1X215.1389Y-240.8553
G1X215.0764Y-240.9833
G1X215.0077Y-241.1099
G1X214.9352Y-241.2285
G1X214.8617Y-241.3326
G1X214.7898Y-241.4155
G1X211.2361Y-244.9692
G1X211.1642Y-245.0522
G1X211.0907Y-245.1562
G1X211.0182Y-245.2748
G1X210.9494Y-245.4014
G1X210.8870Y-245.5294
G1X210.8336Y-245.6523
G1X210.7919Y-245.7635
G1X210.7646Y-245.8565
G1X210.7543Y-245.9246
G1X210.7637Y-245.9614
G1X210.7954Y-245.9602
G1X210.8522Y-245.9144
G1X214.4059Y-242.3607
G1X214.4627Y-242.3150
G1X214.4944Y-242.3137
G1X214.5038Y-242.3505
G1X214.4935Y-242.4186
G1X214.4661Y-242.5116
G1X214.4244Y-242.6228
G1X214.3710Y-242.7457
G1X214.3086Y-242.8737
G1X214.2398Y-243.0003
G1X214.1674Y-243.1189
G1X214.0939Y-243.2229
G1X214.0220Y-243.3059
G1X210.4682Y-246.8596
G1X210.3967Y-246.9422
G1X210.3242Y-247.0452
G1X210.2532Y-247.1623
G1X210.1863Y-247.2871
G1X210.1259Y-247.4130
G1X210.0748Y-247.5337
G1X210.0353Y-247.6427
G1X210.0100Y-247.7336
G1X210.0015Y-247.7999
G1X210.0124Y-247.8351
G1X210.0451Y-247.8330
G1X210.1022Y-247.7869
G1X213.6381Y-244.2510
G1X213.6948Y-244.2053
G1X213.7266Y-244.2041
G1X213.7360Y-244.2409
G1X213.7256Y-244.3090
G1X213.6983Y-244.4019
G1X213.6566Y-244.5132
G1X213.6032Y-244.6361
G1X213.5408Y-244.7641
G1X213.4720Y-244.8907
G1X213.3995Y-245.0093
G1X213.3260Y-245.1133
G1X213.2542Y-245.1962
G1X209.7717Y-248.6787
G1X209.6944Y-248.7691
G1X209.6176Y-248.8817
G1X209.5443Y-249.0085
G1X209.4775Y-249.1415
G1X209.4201Y-249.2727
G1X209.3752Y-249.3940
G1X209.3456Y-249.4973
G1X209.3345Y-249.5747
G1X209.3447Y-249.6181
G1X209.3792Y-249.6193
G1X209.4411Y-249.5705
G1X212.8703Y-246.1414
G1X212.9270Y-246.0957
G1X212.9587Y-246.0945
G1X212.9681Y-246.1312
G1X212.9578Y-246.1993
G1X212.9305Y-246.2923
G1X212.8888Y-246.4035
G1X212.8354Y-246.5264
G1X212.7730Y-246.6545
G1X212.7042Y-246.7810
G1X212.6317Y-246.8996
G1X212.5582Y-247.0037
G1X212.4863Y-247.0866
G1X209.1106Y-250.4623
G1X209.0333Y-250.5527
G1X208.9565Y-250.6653
G1X208.8832Y-250.7921
G1X208.8164Y-250.9252
G1X208.7590Y-251.0564
G1X208.7141Y-251.1776
G1X208.6845Y-251.2810
G1X208.6734Y-251.3583
G1X208.6836Y-251.4017
G1X208.7181Y-251.4030
G1X208.7800Y-251.3542
G1X212.1963Y-247.9378
G1X212.2525Y-247.8927
G1X212.2827Y-247.8930
G1X212.2898Y-247.9321
G1X212.2766Y-248.0031
G1X212.2460Y-248.0993
G1X212.2008Y-248.2141
G1X212.1439Y-248.3405
G1X212.0782Y-248.4718
G1X212.0065Y-248.6013
G1X211.9317Y-248.7222
G1X211.8566Y-248.8277
G1X211.7842Y-248.9112
G1X208.4495Y-252.2460
G1X208.3722Y-252.3363
G1X208.2954Y-252.4489
G1X208.2221Y-252.5758
G1X208.1553Y-252.7088
G1X208.0979Y-252.8400
G1X208.0530Y-252.9613
G1X208.0234Y-253.0646
G1X208.0123Y-253.1420
G1X208.0225Y-253.1853
G1X208.0570Y-253.1866
G1X208.1189Y-253.1378
G1X211.4537Y-249.8030
G1X211.5156Y-249.7542
G1X211.5501Y-249.7555
G1X211.5603Y-249.7989
G1X211.5492Y-249.8762
G1X211.5196Y-249.9796
G1X211.4747Y-250.1008
G1X211.4173Y-250.2320
G1X211.3505Y-250.3651
G1X211.2772Y-250.4919
G1X211.2004Y-250.6045
G1X211.1231Y-250.6949
G1X207.7884Y-254.0296
G1X207.7111Y-254.1200
G1X207.6343Y-254.2326
G1X207.5610Y-254.3594
G1X207.4942Y-254.4924
G1X207.4368Y-254.6236
G1X207.3919Y-254.7449
G1X207.3623Y-254.8482
G1X207.3512Y-254.9256
G1X207.3614Y-254.9689
G1X207.3959Y-254.9702
G1X207.4578Y-254.9214
G1X210.7926Y-251.5867
G1X210.8545Y-251.5379
G1X210.8890Y-251.5391
G1X210.8992Y-251.5825
G1X210.8881Y-251.6599
G1X210.8585Y-251.7632
G1X210.8136Y-251.8845
G1X210.7562Y-252.0157
G1X210.6894Y-252.1487
G1X210.6161Y-252.2755
G1X210.5393Y-252.3881
G1X210.4620Y-252.4785
G1X207.1273Y-255.8132
G1X207.0428Y-255.9288
G1X207.0220Y-256.0298
G1X207.0532Y-256.1082
G1X207.1247Y-256.1562
G1X207.2246Y-256.1659
G1X207.3413Y-256.1293
G1X207.4630Y-256.0388
G1X210.1315Y-253.3703
G1X210.1934Y-253.3215
G1X210.2279Y-253.3228
G1X210.2381Y-253.3661
G1X210.2270Y-253.4435
G1X210.1974Y-253.5468
G1X210.1525Y-253.6681
G1X210.0951Y-253.7993
G1X210.0283Y-253.9323
G1X209.9550Y-254.0592
G1X209.8782Y-254.1718
G1X209.8009Y-254.2621
G1X208.0243Y-256.0388
G1X207.9563Y-256.1309
G1X207.9541Y-256.1966
G1X208.0045Y-256.2361
G1X208.0945Y-256.2492
G1X208.2107Y-256.2361
G1X208.3400Y-256.1966
G1X208.4694Y-256.1309
G1X208.5855Y-256.0388
G1X209.4739Y-255.1504
G1X209.5346Y-255.1028
G1X209.5682Y-255.1050
G1X209.5777Y-255.1490
G1X209.5661Y-255.2269
G1X209.5364Y-255.3304
G1X209.4914Y-255.4517
G1X209.4343Y-255.5827
G1X209.3679Y-255.7152
G1X209.2953Y-255.8414
G1X209.2194Y-255.9531
G1X209.1433Y-256.0422
G1X208.9364Y-256.2492
G1 Z0F20000
(Start Block)

G1X246.4392Y-163.7773
G1Z6F20000
(Plotting speed under)
G1 F8000

G1X245.1431Y-168.2752
G1X243.7310Y-172.7731
G1X242.1186Y-177.5356
G1X240.3963Y-182.2981
G1X237.7505Y-182.2981
G1X239.4728Y-177.5356
G1X241.0852Y-172.7731
G1X242.4973Y-168.2752
G1X243.7933Y-163.7773
G1X246.4392Y-163.7773
G1 Z0F20000
(Start Block)

G1X243.8278Y-164.1355
G1Z6F20000
(Plotting speed under)
G1 F8000

G1X243.9408Y-164.0225
G1X244.0451Y-163.9598
G1X244.1867Y-163.9221
G1X244.3343Y-163.9095
G1X244.4569Y-163.9221
G1X244.5232Y-163.9598
G1X244.5020Y-164.0225
G1X243.8111Y-164.7135
G1X243.7290Y-164.8113
G1X243.6528Y-164.9301
G1X243.5852Y-165.0605
G1X243.5291Y-165.1930
G1X243.4870Y-165.3181
G1X243.4618Y-165.4264
G1X243.4562Y-165.5084
G1X243.4728Y-165.5546
G1X243.5145Y-165.5556
G1X243.5839Y-165.5019
G1X244.9657Y-164.1200
G1X245.0820Y-164.0279
G1X245.2113Y-163.9622
G1X245.3407Y-163.9227
G1X245.4569Y-163.9095
G1X245.5467Y-163.9227
G1X245.5972Y-163.9622
G1X245.5950Y-164.0279
G1X245.5270Y-164.1200
G1X243.3567Y-166.2903
G1X243.2746Y-166.3882
G1X243.1984Y-166.5070
G1X243.1308Y-166.6375
G1X243.0747Y-166.7699
G1X243.0326Y-166.8950
G1X243.0074Y-167.0033
G1X243.0018Y-167.0853
G1X243.0184Y-167.1315
G1X243.0601Y-167.1325
G1X243.1295Y-167.0788
G1X246.0883Y-164.1200
G1X246.1514Y-164.0700
G1X246.1894Y-164.0678
G1X246.2047Y-164.1061
G1X246.1999Y-164.1771
G1X246.1774Y-164.2734
G1X246.1397Y-164.3874
G1X246.0894Y-164.5115
G1X246.0289Y-164.6382
G1X245.9608Y-164.7599
G1X245.8874Y-164.8691
G1X245.8114Y-164.9582
G1X242.9023Y-167.8673
G1X242.8196Y-167.9657
G1X242.7418Y-168.0861
G1X242.6720Y-168.2188
G1X242.6130Y-168.3542
G1X242.5679Y-168.4823
G1X242.5396Y-168.5937
G1X242.5311Y-168.6785
G1X242.5454Y-168.7271
G1X242.5855Y-168.7296
G1X242.6543Y-168.6765
G1X245.5842Y-165.7467
G1X245.6536Y-165.6930
G1X245.6953Y-165.6939
G1X245.7119Y-165.7402
G1X245.7063Y-165.8221
G1X245.6811Y-165.9304
G1X245.6390Y-166.0555
G1X245.5829Y-166.1880
G1X245.5153Y-166.3184
G1X245.4391Y-166.4373
G1X245.3570Y-166.5351
G1X242.3975Y-169.4946
G1X242.3145Y-169.5933
G1X242.2361Y-169.7144
G1X242.1652Y-169.8481
G1X242.1050Y-169.9846
G1X242.0586Y-170.1142
G1X242.0290Y-170.2268
G1X242.0193Y-170.3128
G1X242.0327Y-170.3624
G1X242.0721Y-170.3656
G1X242.1407Y-170.3127
G1X245.1298Y-167.3236
G1X245.1992Y-167.2699
G1X245.2409Y-167.2709
G1X245.2576Y-167.3171
G1X245.2519Y-167.3990
G1X245.2267Y-167.5073
G1X245.1847Y-167.6324
G1X245.1285Y-167.7649
G1X245.0610Y-167.8953
G1X244.9848Y-168.0142
G1X244.9026Y-168.1120
G1X241.8838Y-171.1308
G1X241.8008Y-171.2295
G1X241.7224Y-171.3506
G1X241.6515Y-171.4844
G1X241.5913Y-171.6209
G1X241.5449Y-171.7504
G1X241.5153Y-171.8631
G1X241.5056Y-171.9490
G1X241.5190Y-171.9986
G1X241.5584Y-172.0018
G1X241.6269Y-171.9490
G1X244.6584Y-168.9175
G1X244.7270Y-168.8646
G1X244.7664Y-168.8679
G1X244.7797Y-168.9174
G1X244.7701Y-169.0034
G1X244.7405Y-169.1161
G1X244.6940Y-169.2456
G1X244.6338Y-169.3821
G1X244.5630Y-169.5158
G1X244.4845Y-169.6370
G1X244.4016Y-169.7356
G1X241.3640Y-172.7732
G1X241.2877Y-172.8625
G1X241.2137Y-172.9723
G1X241.1446Y-173.0951
G1X241.0829Y-173.2230
G1X241.0312Y-173.3485
G1X240.9921Y-173.4639
G1X240.9683Y-173.5615
G1X240.9622Y-173.6338
G1X240.9765Y-173.6730
G1X241.0139Y-173.6715
G1X241.0767Y-173.6217
G1X244.1447Y-170.5537
G1X244.2133Y-170.5009
G1X244.2527Y-170.5041
G1X244.2660Y-170.5537
G1X244.2563Y-170.6396
G1X244.2268Y-170.7523
G1X244.1803Y-170.8818
G1X244.1201Y-171.0183
G1X244.0493Y-171.1521
G1X243.9708Y-171.2732
G1X243.8879Y-171.3719
G1X240.7895Y-174.4702
G1X240.7132Y-174.5596
G1X240.6392Y-174.6694
G1X240.5700Y-174.7922
G1X240.5083Y-174.9201
G1X240.4566Y-175.0455
G1X240.4176Y-175.1610
G1X240.3937Y-175.2586
G1X240.3877Y-175.3308
G1X240.4020Y-175.3701
G1X240.4393Y-175.3686
G1X240.5022Y-175.3188
G1X243.6310Y-172.1900
G1X243.6996Y-172.1371
G1X243.7390Y-172.1404
G1X243.7523Y-172.1899
G1X243.7427Y-172.2759
G1X243.7131Y-172.3885
G1X243.6666Y-172.5181
G1X243.6065Y-172.6546
G1X243.5356Y-172.7883
G1X243.4571Y-172.9094
G1X243.3742Y-173.0081
G1X240.2149Y-176.1673
G1X240.1387Y-176.2567
G1X240.0647Y-176.3665
G1X239.9955Y-176.4892
G1X239.9338Y-176.6171
G1X239.8821Y-176.7426
G1X239.8430Y-176.8580
G1X239.8192Y-176.9557
G1X239.8131Y-177.0279
G1X239.8275Y-177.0671
G1X239.8648Y-177.0657
G1X239.9277Y-177.0159
G1X243.0845Y-173.8591
G1X243.1473Y-173.8093
G1X243.1847Y-173.8078
G1X243.1990Y-173.8470
G1X243.1929Y-173.9193
G1X243.1691Y-174.0169
G1X243.1300Y-174.1323
G1X243.0783Y-174.2578
G1X243.0166Y-174.3857
G1X242.9475Y-174.5084
G1X242.8734Y-174.6183
G1X242.7972Y-174.7076
G1X239.6225Y-177.8823
G1X239.5455Y-177.9724
G1X239.4695Y-178.0842
G1X239.3974Y-178.2098
G1X239.3321Y-178.3414
G1X239.2764Y-178.4709
G1X239.2331Y-178.5905
G1X239.2052Y-178.6921
G1X239.1956Y-178.7680
G1X239.2070Y-178.8102
G1X239.2423Y-178.8106
G1X239.3045Y-178.7616
G1X242.5099Y-175.5561
G1X242.5728Y-175.5063
G1X242.6101Y-175.5049
G1X242.6244Y-175.5441
G1X242.6184Y-175.6163
G1X242.5945Y-175.7140
G1X242.5555Y-175.8294
G1X242.5038Y-175.9549
G1X242.4421Y-176.0828
G1X242.3729Y-176.2055
G1X242.2989Y-176.3153
G1X242.2226Y-176.4047
G1X238.9865Y-179.6408
G1X238.9095Y-179.7308
G1X238.8336Y-179.8427
G1X238.7615Y-179.9683
G1X238.6962Y-180.0998
G1X238.6404Y-180.2294
G1X238.5972Y-180.3489
G1X238.5693Y-180.4506
G1X238.5596Y-180.5265
G1X238.5710Y-180.5686
G1X238.6064Y-180.5691
G1X238.6686Y-180.5200
G1X241.9354Y-177.2532
G1X241.9979Y-177.2038
G1X242.0343Y-177.2032
G1X242.0473Y-177.2438
G1X242.0395Y-177.3178
G1X242.0137Y-177.4173
G1X241.9727Y-177.5347
G1X241.9191Y-177.6620
G1X241.8557Y-177.7917
G1X241.7852Y-177.9157
G1X241.7102Y-178.0265
G1X241.6336Y-178.1162
G1X238.3506Y-181.3993
G1X238.2587Y-181.5152
G1X238.1935Y-181.6440
G1X238.1549Y-181.7725
G1X238.1427Y-181.8878
G1X238.1568Y-181.9767
G1X238.1971Y-182.0263
G1X238.2635Y-182.0235
G1X238.3558Y-181.9554
G1X241.3157Y-178.9954
G1X241.3778Y-178.9464
G1X241.4132Y-178.9468
G1X241.4246Y-178.9890
G1X241.4149Y-179.0649
G1X241.3870Y-179.1665
G1X241.3438Y-179.2861
G1X241.2881Y-179.4156
G1X241.2227Y-179.5472
G1X241.1507Y-179.6728
G1X241.0747Y-179.7846
G1X240.9977Y-179.8747
G1X238.9170Y-181.9554
G1X238.8491Y-182.0474
G1X238.8469Y-182.1132
G1X238.8973Y-182.1527
G1X238.9872Y-182.1658
G1X239.1034Y-182.1527
G1X239.2328Y-182.1132
G1X239.3621Y-182.0474
G1X239.4783Y-181.9554
G1X240.6798Y-180.7539
G1X240.7419Y-180.7048
G1X240.7773Y-180.7053
G1X240.7887Y-180.7474
G1X240.7790Y-180.8233
G1X240.7511Y-180.9250
G1X240.7079Y-181.0446
G1X240.6522Y-181.1741
G1X240.5868Y-181.3056
G1X240.5147Y-181.4313
G1X240.4388Y-181.5431
G1X240.3618Y-181.6331
G1X239.8291Y-182.1658
G1 Z0F20000
(Start Block)

G1X231.8782Y-145.2564
G1Z6F20000
(Plotting speed under)
G1 F8000

G1X231.1334Y-149.7543
G1X230.2455Y-154.2522
G1X229.1555Y-159.0147
G1X227.9183Y-163.7773
G1X225.2725Y-163.7773
G1X226.5096Y-159.0147
G1X227.5997Y-154.2522
G1X228.4875Y-149.7543
G1X229.2323Y-145.2564
G1X231.8782Y-145.2564
G1 Z0F20000
(Start Block)

G1X229.3311Y-145.4694
G1Z6F20000
(Plotting speed under)
G1 F8000

G1X229.3715Y-145.4290
G1X229.4557Y-145.4032
G1X229.6078Y-145.3903
G1X229.7739Y-145.3903
G1X229.9002Y-145.4032
G1X229.9328Y-145.4290
G1X229.4302Y-145.9316
G1X229.3433Y-146.0378
G1X229.2707Y-146.1620
G1X229.2142Y-146.2931
G1X229.1759Y-146.4200
G1X229.1574Y-146.5316
G1X229.1606Y-146.6169
G1X229.1874Y-146.6649
G1X229.2395Y-146.6643
G1X229.3188Y-146.6042
G1X230.3239Y-145.5992
G1X230.4401Y-145.5071
G1X230.5695Y-145.4413
G1X230.6988Y-145.4018
G1X230.8150Y-145.3887
G1X230.9049Y-145.4018
G1X230.9553Y-145.4413
G1X230.9531Y-145.5071
G1X230.8852Y-145.5992
G1X229.2074Y-147.2769
G1X229.1205Y-147.3831
G1X229.0479Y-147.5073
G1X228.9915Y-147.6384
G1X228.9531Y-147.7653
G1X228.9346Y-147.8769
G1X228.9379Y-147.9623
G1X228.9646Y-148.0102
G1X229.0167Y-148.0096
G1X229.0961Y-147.9496
G1X231.4464Y-145.5992
G1X231.5285Y-145.5364
G1X231.5878Y-145.5287
G1X231.6249Y-145.5662
G1X231.6405Y-145.6392
G1X231.6349Y-145.7379
G1X231.6089Y-145.8524
G1X231.5629Y-145.9731
G1X231.4975Y-146.0901
G1X231.4132Y-146.1936
G1X228.9847Y-148.6222
G1X228.8977Y-148.7284
G1X228.8251Y-148.8526
G1X228.7687Y-148.9837
G1X228.7304Y-149.1106
G1X228.7119Y-149.2222
G1X228.7151Y-149.3075
G1X228.7419Y-149.3555
G1X228.7940Y-149.3549
G1X228.8733Y-149.2949
G1X231.3019Y-146.8663
G1X231.3812Y-146.8062
G1X231.4333Y-146.8057
G1X231.4601Y-146.8536
G1X231.4633Y-146.9389
G1X231.4448Y-147.0506
G1X231.4064Y-147.1775
G1X231.3500Y-147.3085
G1X231.2774Y-147.4327
G1X231.1905Y-147.5389
G1X228.7461Y-149.9833
G1X228.6582Y-150.0905
G1X228.5831Y-150.2171
G1X228.5232Y-150.3517
G1X228.4806Y-150.4828
G1X228.4577Y-150.5989
G1X228.4567Y-150.6884
G1X228.4799Y-150.7399
G1X228.5296Y-150.7418
G1X228.6080Y-150.6826
G1X231.0791Y-148.2116
G1X231.1584Y-148.1515
G1X231.2105Y-148.1510
G1X231.2373Y-148.1989
G1X231.2405Y-148.2842
G1X231.2220Y-148.3959
G1X231.1837Y-148.5228
G1X231.1273Y-148.6538
G1X231.0547Y-148.7780
G1X230.9677Y-148.8842
G1X228.4700Y-151.3819
G1X228.3821Y-151.4891
G1X228.3071Y-151.6157
G1X228.2471Y-151.7503
G1X228.2046Y-151.8814
G1X228.1817Y-151.9975
G1X228.1807Y-152.0870
G1X228.2039Y-152.1385
G1X228.2536Y-152.1404
G1X228.3320Y-152.0812
G1X230.8563Y-149.5569
G1X230.9353Y-149.4972
G1X230.9863Y-149.4977
G1X231.0116Y-149.5472
G1X231.0130Y-149.6343
G1X230.9926Y-149.7478
G1X230.9524Y-149.8765
G1X230.8945Y-150.0091
G1X230.8209Y-150.1343
G1X230.7335Y-150.2410
G1X228.1939Y-152.7805
G1X228.1061Y-152.8877
G1X228.0310Y-153.0143
G1X227.9711Y-153.1489
G1X227.9285Y-153.2800
G1X227.9056Y-153.3961
G1X227.9046Y-153.4856
G1X227.9278Y-153.5371
G1X227.9775Y-153.5390
G1X228.0559Y-153.4798
G1X230.5955Y-150.9403
G1X230.6739Y-150.8811
G1X230.7236Y-150.8830
G1X230.7468Y-150.9345
G1X230.7458Y-151.0240
G1X230.7229Y-151.1401
G1X230.6803Y-151.2712
G1X230.6204Y-151.4058
G1X230.5453Y-151.5324
G1X230.4574Y-151.6396
G1X227.9134Y-154.1836
G1X227.8330Y-154.2798
G1X227.7614Y-154.3940
G1X227.7006Y-154.5176
G1X227.6527Y-154.6419
G1X227.6196Y-154.7580
G1X227.6034Y-154.8573
G1X227.6060Y-154.9311
G1X227.6294Y-154.9705
G1X227.6757Y-154.9669
G1X227.7468Y-154.9115
G1X230.3194Y-152.3389
G1X230.3978Y-152.2797
G1X230.4475Y-152.2816
G1X230.4707Y-152.3331
G1X230.4697Y-152.4226
G1X230.4468Y-152.5387
G1X230.4043Y-152.6698
G1X230.3443Y-152.8044
G1X230.2693Y-152.9310
G1X230.1814Y-153.0382
G1X227.5802Y-155.6394
G1X227.4998Y-155.7355
G1X227.4282Y-155.8497
G1X227.3674Y-155.9734
G1X227.3195Y-156.0976
G1X227.2864Y-156.2138
G1X227.2702Y-156.3131
G1X227.2728Y-156.3868
G1X227.2962Y-156.4262
G1X227.3425Y-156.4226
G1X227.4136Y-156.3672
G1X230.0433Y-153.7375
G1X230.1218Y-153.6783
G1X230.1714Y-153.6802
G1X230.1946Y-153.7317
G1X230.1937Y-153.8212
G1X230.1707Y-153.9373
G1X230.1282Y-154.0684
G1X230.0682Y-154.2030
G1X229.9932Y-154.3296
G1X229.9053Y-154.4368
G1X227.2470Y-157.0951
G1X227.1666Y-157.1912
G1X227.0950Y-157.3055
G1X227.0342Y-157.4291
G1X226.9863Y-157.5533
G1X226.9533Y-157.6695
G1X226.9370Y-157.7688
G1X226.9396Y-157.8425
G1X226.9630Y-157.8819
G1X227.0093Y-157.8783
G1X227.0804Y-157.8229
G1X229.7387Y-155.1647
G1X229.8097Y-155.1093
G1X229.8560Y-155.1057
G1X229.8795Y-155.1451
G1X229.8821Y-155.2188
G1X229.8658Y-155.3181
G1X229.8327Y-155.4343
G1X229.7848Y-155.5585
G1X229.7241Y-155.6822
G1X229.6525Y-155.7964
G1X229.5720Y-155.8926
G1X226.9138Y-158.5508
G1X226.8329Y-158.6475
G1X226.7599Y-158.7631
G1X226.6971Y-158.8888
G1X226.6466Y-159.0156
G1X226.6108Y-159.1344
G1X226.5918Y-159.2365
G1X226.5919Y-159.3127
G1X226.6133Y-159.3542
G1X226.6582Y-159.3520
G1X226.7288Y-159.2971
G1X229.4055Y-156.6204
G1X229.4766Y-156.5650
G1X229.5228Y-156.5614
G1X229.5463Y-156.6008
G1X229.5489Y-156.6746
G1X229.5326Y-156.7739
G1X229.4995Y-156.8900
G1X229.4517Y-157.0143
G1X229.3909Y-157.1379
G1X229.3193Y-157.2521
G1X229.2389Y-157.3483
G1X226.5318Y-160.0554
G1X226.4505Y-160.1524
G1X226.3766Y-160.2689
G1X226.3124Y-160.3960
G1X226.2604Y-160.5243
G1X226.2228Y-160.6450
G1X226.2021Y-160.7487
G1X226.2006Y-160.8266
G1X226.2206Y-160.8695
G1X226.2646Y-160.8681
G1X226.3348Y-160.8136
G1X229.0723Y-158.0761
G1X229.1434Y-158.0208
G1X229.1896Y-158.0171
G1X229.2131Y-158.0566
G1X229.2157Y-158.1303
G1X229.1994Y-158.2296
G1X229.1664Y-158.3457
G1X229.1184Y-158.4700
G1X229.0577Y-158.5936
G1X228.9861Y-158.7079
G1X228.9057Y-158.8040
G1X226.1379Y-161.5718
G1X226.0566Y-161.6688
G1X225.9827Y-161.7854
G1X225.9185Y-161.9124
G1X225.8665Y-162.0408
G1X225.8289Y-162.1614
G1X225.8082Y-162.2652
G1X225.8066Y-162.3431
G1X225.8267Y-162.3859
G1X225.8706Y-162.3846
G1X225.9409Y-162.3301
G1X228.7250Y-159.5460
G1X228.7952Y-159.4914
G1X228.8392Y-159.4901
G1X228.8592Y-159.5330
G1X228.8577Y-159.6108
G1X228.8370Y-159.7146
G1X228.7994Y-159.8352
G1X228.7474Y-159.9636
G1X228.6832Y-160.0907
G1X228.6093Y-160.2072
G1X228.5280Y-160.3042
G1X225.7439Y-163.0883
G1X225.6527Y-163.2105
G1X225.6147Y-163.3287
G1X225.6224Y-163.4307
G1X225.6682Y-163.5044
G1X225.7445Y-163.5377
G1X225.8440Y-163.5184
G1X225.9590Y-163.4345
G1X228.3310Y-161.0624
G1X228.4013Y-161.0079
G1X228.4453Y-161.0066
G1X228.4653Y-161.0494
G1X228.4638Y-161.1273
G1X228.4430Y-161.2311
G1X228.4055Y-161.3517
G1X228.3534Y-161.4801
G1X228.2893Y-161.6071
G1X228.2154Y-161.7237
G1X228.1341Y-161.8207
G1X226.5203Y-163.4345
G1X226.4523Y-163.5266
G1X226.4501Y-163.5924
G1X226.5005Y-163.6318
G1X226.5904Y-163.6450
G1X226.7066Y-163.6318
G1X226.8360Y-163.5924
G1X226.9653Y-163.5266
G1X227.0815Y-163.4345
G1X227.9371Y-162.5789
G1X228.0074Y-162.5243
G1X228.0514Y-162.5230
G1X228.0714Y-162.5659
G1X228.0698Y-162.6437
G1X228.0491Y-162.7475
G1X228.0116Y-162.8682
G1X227.9595Y-162.9965
G1X227.8954Y-163.1236
G1X227.8215Y-163.2401
G1X227.7401Y-163.3371
G1X227.4323Y-163.6450
G1 Z0F20000
(Start Block)

G1X214.8366Y-126.7356
G1Z6F20000
(Plotting speed under)
G1 F8000

G1X214.7178Y-131.2335
G1X214.4224Y-135.9960
G1X213.9851Y-140.4939
G1X213.3573Y-145.2564
G1X210.7114Y-145.2564
G1X211.3393Y-140.4939
G1X211.7766Y-135.9960
G1X212.0719Y-131.2335
G1X212.1908Y-126.7356
G1X214.8366Y-126.7356
G1 Z0F20000
(Start Block)

G1X212.3170Y-126.9647
G1Z6F20000
(Plotting speed under)
G1 F8000

G1X212.3655Y-126.9163
G1X212.4548Y-126.8853
G1X212.6095Y-126.8698
G1X212.7757Y-126.8698
G1X212.8994Y-126.8853
G1X212.9268Y-126.9163
G1X212.5123Y-127.3307
G1X212.4196Y-127.4476
G1X212.3521Y-127.5786
G1X212.3102Y-127.7104
G1X212.2942Y-127.8294
G1X212.3046Y-127.9221
G1X212.3416Y-127.9750
G1X212.4056Y-127.9745
G1X212.4971Y-127.9072
G1X213.3260Y-127.0783
G1X213.4422Y-126.9862
G1X213.5715Y-126.9205
G1X213.7009Y-126.8810
G1X213.8171Y-126.8679
G1X213.9070Y-126.8810
G1X213.9574Y-126.9205
G1X213.9552Y-126.9862
G1X213.8872Y-127.0783
G1X212.4818Y-128.4837
G1X212.3891Y-128.6006
G1X212.3216Y-128.7316
G1X212.2797Y-128.8634
G1X212.2638Y-128.9824
G1X212.2741Y-129.0751
G1X212.3111Y-129.1280
G1X212.3752Y-129.1275
G1X212.4666Y-129.0602
G1X214.4485Y-127.0783
G1X214.5418Y-127.0092
G1X214.6107Y-127.0038
G1X214.6546Y-127.0498
G1X214.6728Y-127.1346
G1X214.6647Y-127.2457
G1X214.6297Y-127.3706
G1X214.5671Y-127.4969
G1X214.4762Y-127.6119
G1X212.4514Y-129.6367
G1X212.3586Y-129.7536
G1X212.2911Y-129.8846
G1X212.2492Y-130.0164
G1X212.2333Y-130.1354
G1X212.2437Y-130.2281
G1X212.2807Y-130.2810
G1X212.3447Y-130.2805
G1X212.4362Y-130.2132
G1X214.4610Y-128.1884
G1X214.5524Y-128.1211
G1X214.6165Y-128.1206
G1X214.6535Y-128.1735
G1X214.6638Y-128.2662
G1X214.6479Y-128.3851
G1X214.6060Y-128.5169
G1X214.5385Y-128.6480
G1X214.4458Y-128.7649
G1X212.4209Y-130.7897
G1X212.3368Y-130.8930
G1X212.2719Y-131.0096
G1X212.2266Y-131.1296
G1X212.2013Y-131.2433
G1X212.1967Y-131.3411
G1X212.2131Y-131.4133
G1X212.2509Y-131.4501
G1X212.3107Y-131.4419
G1X212.3929Y-131.3790
G1X214.4305Y-129.3414
G1X214.5220Y-129.2741
G1X214.5860Y-129.2736
G1X214.6230Y-129.3264
G1X214.6334Y-129.4191
G1X214.6174Y-129.5381
G1X214.5755Y-129.6699
G1X214.5080Y-129.8010
G1X214.4153Y-129.9179
G1X212.3558Y-131.9774
G1X212.2714Y-132.0810
G1X212.2056Y-132.1984
G1X212.1591Y-132.3196
G1X212.1324Y-132.4348
G1X212.1263Y-132.5341
G1X212.1412Y-132.6077
G1X212.1779Y-132.6458
G1X212.2368Y-132.6384
G1X212.3187Y-132.5757
G1X214.4001Y-130.4944
G1X214.4915Y-130.4270
G1X214.5555Y-130.4266
G1X214.5925Y-130.4794
G1X214.6029Y-130.5721
G1X214.5870Y-130.6911
G1X214.5451Y-130.8229
G1X214.4776Y-130.9540
G1X214.3848Y-131.0708
G1X212.2816Y-133.1741
G1X212.1971Y-133.2778
G1X212.1314Y-133.3952
G1X212.0848Y-133.5163
G1X212.0582Y-133.6315
G1X212.0520Y-133.7308
G1X212.0670Y-133.8044
G1X212.1036Y-133.8425
G1X212.1626Y-133.8351
G1X212.2444Y-133.7725
G1X214.3616Y-131.6553
G1X214.4435Y-131.5927
G1X214.5025Y-131.5853
G1X214.5391Y-131.6233
G1X214.5540Y-131.6970
G1X214.5479Y-131.7963
G1X214.5213Y-131.9115
G1X214.4748Y-132.0326
G1X214.4090Y-132.1500
G1X214.3245Y-132.2537
G1X212.2074Y-134.3709
G1X212.1229Y-134.4746
G1X212.0571Y-134.5919
G1X212.0106Y-134.7131
G1X211.9840Y-134.8283
G1X211.9778Y-134.9276
G1X211.9928Y-135.0012
G1X212.0294Y-135.0393
G1X212.0884Y-135.0319
G1X212.1702Y-134.9692
G1X214.2874Y-132.8520
G1X214.3693Y-132.7894
G1X214.4283Y-132.7820
G1X214.4649Y-132.8201
G1X214.4798Y-132.8937
G1X214.4737Y-132.9930
G1X214.4470Y-133.1082
G1X214.4005Y-133.2294
G1X214.3348Y-133.3467
G1X214.2503Y-133.4504
G1X212.1331Y-135.5676
G1X212.0482Y-135.6718
G1X211.9811Y-135.7905
G1X211.9327Y-135.9136
G1X211.9037Y-136.0310
G1X211.8952Y-136.1327
G1X211.9079Y-136.2086
G1X211.9426Y-136.2486
G1X212.0002Y-136.2426
G1X212.0816Y-136.1804
G1X214.2132Y-134.0488
G1X214.2951Y-133.9862
G1X214.3540Y-133.9788
G1X214.3907Y-134.0168
G1X214.4056Y-134.0905
G1X214.3995Y-134.1898
G1X214.3728Y-134.3050
G1X214.3263Y-134.4261
G1X214.2605Y-134.5435
G1X214.1761Y-134.6472
G1X212.0211Y-136.8021
G1X211.9359Y-136.9066
G1X211.8680Y-137.0261
G1X211.8184Y-137.1504
G1X211.7880Y-137.2693
G1X211.7780Y-137.3725
G1X211.7893Y-137.4498
G1X211.8228Y-137.4909
G1X211.8796Y-137.4857
G1X211.9607Y-137.4239
G1X214.1390Y-135.2455
G1X214.2209Y-135.1829
G1X214.2798Y-135.1755
G1X214.3165Y-135.2136
G1X214.3314Y-135.2872
G1X214.3252Y-135.3865
G1X214.2986Y-135.5017
G1X214.2521Y-135.6229
G1X214.1863Y-135.7402
G1X214.1019Y-135.8439
G1X211.9002Y-138.0456
G1X211.8150Y-138.1500
G1X211.7471Y-138.2696
G1X211.6975Y-138.3939
G1X211.6672Y-138.5127
G1X211.6571Y-138.6159
G1X211.6684Y-138.6932
G1X211.7019Y-138.7343
G1X211.7587Y-138.7291
G1X211.8398Y-138.6673
G1X214.0552Y-136.4519
G1X214.1362Y-136.3901
G1X214.1931Y-136.3848
G1X214.2266Y-136.4260
G1X214.2378Y-136.5033
G1X214.2278Y-136.6065
G1X214.1975Y-136.7253
G1X214.1479Y-136.8496
G1X214.0799Y-136.9692
G1X213.9947Y-137.0736
G1X211.7793Y-139.2890
G1X211.6941Y-139.3935
G1X211.6262Y-139.5130
G1X211.5766Y-139.6373
G1X211.5463Y-139.7561
G1X211.5362Y-139.8593
G1X211.5475Y-139.9366
G1X211.5810Y-139.9778
G1X211.6378Y-139.9725
G1X211.7189Y-139.9107
G1X213.9343Y-137.6953
G1X214.0154Y-137.6335
G1X214.0722Y-137.6283
G1X214.1057Y-137.6694
G1X214.1169Y-137.7467
G1X214.1069Y-137.8499
G1X214.0766Y-137.9688
G1X214.0270Y-138.0931
G1X213.9591Y-138.2126
G1X213.8738Y-138.3170
G1X211.6491Y-140.5418
G1X211.5630Y-140.6471
G1X211.4928Y-140.7689
G1X211.4399Y-140.8965
G1X211.4057Y-141.0192
G1X211.3916Y-141.1265
G1X211.3989Y-141.2077
G1X211.4291Y-141.2522
G1X211.4837Y-141.2492
G1X211.5639Y-141.1883
G1X213.8134Y-138.9388
G1X213.8944Y-138.8769
G1X213.9512Y-138.8717
G1X213.9848Y-138.9129
G1X213.9960Y-138.9901
G1X213.9860Y-139.0934
G1X213.9557Y-139.2122
G1X213.9061Y-139.3365
G1X213.8381Y-139.4560
G1X213.7529Y-139.5605
G1X211.4787Y-141.8347
G1X211.3926Y-141.9401
G1X211.3224Y-142.0618
G1X211.2695Y-142.1894
G1X211.2353Y-142.3122
G1X211.2211Y-142.4195
G1X211.2284Y-142.5007
G1X211.2587Y-142.5451
G1X211.3132Y-142.5422
G1X211.3934Y-142.4812
G1X213.6925Y-140.1822
G1X213.7742Y-140.1197
G1X213.8329Y-140.1126
G1X213.8690Y-140.1512
G1X213.8834Y-140.2253
G1X213.8767Y-140.3252
G1X213.8495Y-140.4410
G1X213.8025Y-140.5626
G1X213.7364Y-140.6803
G1X213.6518Y-140.7841
G1X211.3082Y-143.1277
G1X211.2221Y-143.2330
G1X211.1520Y-143.3548
G1X211.0990Y-143.4824
G1X211.0648Y-143.6052
G1X211.0507Y-143.7125
G1X211.0580Y-143.7937
G1X211.0882Y-143.8381
G1X211.1428Y-143.8352
G1X211.2230Y-143.7742
G1X213.5422Y-141.4550
G1X213.6225Y-141.3940
G1X213.6770Y-141.3911
G1X213.7072Y-141.4355
G1X213.7146Y-141.5167
G1X213.7004Y-141.6240
G1X213.6662Y-141.7468
G1X213.6133Y-141.8744
G1X213.5431Y-141.9961
G1X213.4570Y-142.1015
G1X211.1378Y-144.4207
G1X211.0486Y-144.5340
G1X210.9906Y-144.6556
G1X210.9621Y-144.7740
G1X210.9615Y-144.8776
G1X210.9872Y-144.9550
G1X211.0376Y-144.9945
G1X211.1111Y-144.9845
G1X211.2061Y-144.9136
G1X213.3718Y-142.7479
G1X213.4520Y-142.6870
G1X213.5066Y-142.6840
G1X213.5368Y-142.7285
G1X213.5441Y-142.8097
G1X213.5300Y-142.9170
G1X213.4958Y-143.0397
G1X213.4429Y-143.1673
G1X213.3727Y-143.2891
G1X213.2866Y-143.3944
G1X211.7674Y-144.9136
G1X211.6994Y-145.0057
G1X211.6972Y-145.0715
G1X211.7476Y-145.1110
G1X211.8375Y-145.1241
G1X211.9537Y-145.1110
G1X212.0831Y-145.0715
G1X212.2124Y-145.0057
G1X212.3286Y-144.9136
G1X213.2014Y-144.0409
G1X213.2816Y-143.9800
G1X213.3361Y-143.9770
G1X213.3664Y-144.0214
G1X213.3737Y-144.1026
G1X213.3596Y-144.2100
G1X213.3253Y-144.3327
G1X213.2724Y-144.4603
G1X213.2022Y-144.5821
G1X213.1161Y-144.6874
G1X212.6794Y-145.1241
G1 Z0F20000
(Start Block)

G1X232.2077Y-108.2147
G1Z6F20000
(Plotting speed under)
G1 F8000

G1X232.7527Y-112.9772
G1X233.1102Y-117.4751
G1X233.3200Y-122.2376
G1X233.3575Y-126.7356
G1X230.7116Y-126.7356
G1X230.6741Y-122.2376
G1X230.4644Y-117.4751
G1X230.1068Y-112.9772
G1X229.5619Y-108.2147
G1X232.2077Y-108.2147
G1 Z0F20000
(Start Block)

G1X230.0258Y-108.3470
G1Z6F20000
(Plotting speed under)
G1 F8000

G1X229.8842Y-108.4886
G1X229.8180Y-108.5858
G1X229.7800Y-108.7040
G1X229.7682Y-108.8255
G1X229.7804Y-108.9327
G1X229.8148Y-109.0079
G1X229.8693Y-109.0337
G1X229.9418Y-108.9922
G1X230.3765Y-108.5575
G1X230.4927Y-108.4654
G1X230.6221Y-108.3996
G1X230.7515Y-108.3601
G1X230.8677Y-108.3470
G1X230.9575Y-108.3601
G1X231.0080Y-108.3996
G1X231.0058Y-108.4654
G1X230.9378Y-108.5575
G1X230.0683Y-109.4270
G1X229.9787Y-109.5407
G1X229.9195Y-109.6635
G1X229.8892Y-109.7836
G1X229.8867Y-109.8892
G1X229.9104Y-109.9686
G1X229.9591Y-110.0098
G1X230.0314Y-110.0010
G1X230.1259Y-109.9306
G1X231.4991Y-108.5575
G1X231.6083Y-108.4724
G1X231.7192Y-108.4250
G1X231.8226Y-108.4116
G1X231.9089Y-108.4282
G1X231.9690Y-108.4712
G1X231.9934Y-108.5367
G1X231.9728Y-108.6209
G1X231.8978Y-108.7200
G1X230.1836Y-110.4342
G1X230.0940Y-110.5480
G1X230.0347Y-110.6708
G1X230.0045Y-110.7909
G1X230.0019Y-110.8965
G1X230.0256Y-110.9758
G1X230.0744Y-111.0170
G1X230.1466Y-111.0083
G1X230.2412Y-110.9379
G1X231.9555Y-109.2236
G1X232.0500Y-109.1532
G1X232.1223Y-109.1444
G1X232.1710Y-109.1856
G1X232.1948Y-109.2650
G1X232.1922Y-109.3706
G1X232.1619Y-109.4907
G1X232.1027Y-109.6135
G1X232.0131Y-109.7272
G1X230.2988Y-111.4415
G1X230.2092Y-111.5552
G1X230.1500Y-111.6781
G1X230.1198Y-111.7982
G1X230.1172Y-111.9038
G1X230.1409Y-111.9831
G1X230.1896Y-112.0243
G1X230.2619Y-112.0156
G1X230.3565Y-111.9451
G1X232.0707Y-110.2309
G1X232.1653Y-110.1604
G1X232.2376Y-110.1517
G1X232.2863Y-110.1929
G1X232.3100Y-110.2722
G1X232.3074Y-110.3778
G1X232.2772Y-110.4980
G1X232.2180Y-110.6208
G1X232.1283Y-110.7345
G1X230.4141Y-112.4488
G1X230.3242Y-112.5628
G1X230.2642Y-112.6863
G1X230.2330Y-112.8075
G1X230.2292Y-112.9143
G1X230.2518Y-112.9948
G1X230.2994Y-113.0370
G1X230.3710Y-113.0290
G1X230.4653Y-112.9588
G1X232.1860Y-111.2382
G1X232.2805Y-111.1677
G1X232.3528Y-111.1590
G1X232.4015Y-111.2002
G1X232.4253Y-111.2795
G1X232.4227Y-111.3851
G1X232.3925Y-111.5052
G1X232.3332Y-111.6281
G1X232.2436Y-111.7418
G1X230.5066Y-113.4788
G1X230.4163Y-113.5932
G1X230.3552Y-113.7179
G1X230.3224Y-113.8406
G1X230.3168Y-113.9492
G1X230.3375Y-114.0315
G1X230.3836Y-114.0754
G1X230.4541Y-114.0685
G1X230.5479Y-113.9987
G1X232.3012Y-112.2454
G1X232.3958Y-112.1750
G1X232.4681Y-112.1663
G1X232.5168Y-112.2075
G1X232.5405Y-112.2868
G1X232.5379Y-112.3924
G1X232.5077Y-112.5125
G1X232.4485Y-112.6354
G1X232.3588Y-112.7491
G1X230.5893Y-114.5187
G1X230.4990Y-114.6331
G1X230.4379Y-114.7578
G1X230.4050Y-114.8805
G1X230.3994Y-114.9891
G1X230.4202Y-115.0714
G1X230.4663Y-115.1152
G1X230.5367Y-115.1084
G1X230.6306Y-115.0386
G1X232.4165Y-113.2527
G1X232.5103Y-113.1830
G1X232.5805Y-113.1764
G1X232.6263Y-113.2205
G1X232.6468Y-113.3031
G1X232.6409Y-113.4120
G1X232.6078Y-113.5350
G1X232.5465Y-113.6598
G1X232.4561Y-113.7744
G1X230.6719Y-115.5586
G1X230.5816Y-115.6730
G1X230.5205Y-115.7977
G1X230.4877Y-115.9204
G1X230.4821Y-116.0290
G1X230.5028Y-116.1113
G1X230.5489Y-116.1551
G1X230.6194Y-116.1482
G1X230.7132Y-116.0785
G1X232.4974Y-114.2943
G1X232.5913Y-114.2245
G1X232.6618Y-114.2177
G1X232.7078Y-114.2615
G1X232.7286Y-114.3438
G1X232.7230Y-114.4524
G1X232.6902Y-114.5751
G1X232.6291Y-114.6998
G1X232.5388Y-114.8142
G1X230.7546Y-116.5984
G1X230.6643Y-116.7129
G1X230.6032Y-116.8375
G1X230.5703Y-116.9603
G1X230.5648Y-117.0689
G1X230.5855Y-117.1512
G1X230.6316Y-117.1950
G1X230.7021Y-117.1881
G1X230.7959Y-117.1184
G1X232.5801Y-115.3342
G1X232.6740Y-115.2644
G1X232.7444Y-115.2576
G1X232.7905Y-115.3014
G1X232.8112Y-115.3837
G1X232.8057Y-115.4923
G1X232.7728Y-115.6150
G1X232.7117Y-115.7397
G1X232.6214Y-115.8541
G1X230.8243Y-117.6513
G1X230.7332Y-117.7664
G1X230.6701Y-117.8931
G1X230.6345Y-118.0187
G1X230.6256Y-118.1305
G1X230.6431Y-118.2161
G1X230.6864Y-118.2627
G1X230.7548Y-118.2578
G1X230.8479Y-118.1889
G1X232.6627Y-116.3741
G1X232.7566Y-116.3043
G1X232.8271Y-116.2974
G1X232.8731Y-116.3412
G1X232.8939Y-116.4236
G1X232.8883Y-116.5322
G1X232.8555Y-116.6549
G1X232.7944Y-116.7796
G1X232.7041Y-116.8940
G1X230.8716Y-118.7264
G1X230.7806Y-118.8416
G1X230.7175Y-118.9683
G1X230.6818Y-119.0939
G1X230.6730Y-119.2057
G1X230.6905Y-119.2912
G1X230.7338Y-119.3379
G1X230.8022Y-119.3330
G1X230.8953Y-119.2640
G1X232.7454Y-117.4139
G1X232.8389Y-117.3445
G1X232.9084Y-117.3386
G1X232.9532Y-117.3837
G1X232.9725Y-117.4675
G1X232.9654Y-117.5776
G1X232.9312Y-117.7017
G1X232.8692Y-117.8273
G1X232.7786Y-117.9420
G1X230.9190Y-119.8016
G1X230.8279Y-119.9168
G1X230.7648Y-120.0435
G1X230.7292Y-120.1690
G1X230.7204Y-120.2809
G1X230.7379Y-120.3664
G1X230.7811Y-120.4131
G1X230.8496Y-120.4082
G1X230.9427Y-120.3392
G1X232.8023Y-118.4796
G1X232.8954Y-118.4106
G1X232.9638Y-118.4058
G1X233.0071Y-118.4524
G1X233.0246Y-118.5379
G1X233.0158Y-118.6498
G1X232.9801Y-118.7753
G1X232.9170Y-118.9020
G1X232.8259Y-119.0172
G1X230.9663Y-120.8768
G1X230.8753Y-120.9920
G1X230.8122Y-121.1186
G1X230.7765Y-121.2442
G1X230.7677Y-121.3561
G1X230.7852Y-121.4416
G1X230.8285Y-121.4882
G1X230.8969Y-121.4833
G1X230.9900Y-121.4144
G1X232.8496Y-119.5548
G1X232.9427Y-119.4858
G1X233.0112Y-119.4809
G1X233.0544Y-119.5276
G1X233.0719Y-119.6131
G1X233.0631Y-119.7249
G1X233.0275Y-119.8505
G1X232.9644Y-119.9772
G1X232.8733Y-120.0924
G1X231.0162Y-121.9494
G1X230.9244Y-122.0654
G1X230.8591Y-122.1943
G1X230.8204Y-122.3229
G1X230.8081Y-122.4382
G1X230.8221Y-122.5272
G1X230.8623Y-122.5769
G1X230.9286Y-122.5742
G1X231.0209Y-122.5060
G1X232.8970Y-120.6300
G1X232.9901Y-120.5610
G1X233.0585Y-120.5561
G1X233.1018Y-120.6027
G1X233.1193Y-120.6883
G1X233.1105Y-120.8001
G1X233.0748Y-120.9257
G1X233.0117Y-121.0524
G1X232.9207Y-121.1675
G1X231.0255Y-123.0627
G1X230.9336Y-123.1787
G1X230.8684Y-123.3075
G1X230.8297Y-123.4361
G1X230.8174Y-123.5515
G1X230.8314Y-123.6405
G1X230.8716Y-123.6902
G1X230.9379Y-123.6875
G1X231.0302Y-123.6193
G1X232.9443Y-121.7051
G1X233.0375Y-121.6361
G1X233.1059Y-121.6313
G1X233.1492Y-121.6779
G1X233.1667Y-121.7635
G1X233.1579Y-121.8753
G1X233.1222Y-122.0009
G1X233.0591Y-122.1275
G1X232.9680Y-122.2427
G1X231.0348Y-124.1759
G1X230.9429Y-124.2919
G1X230.8777Y-124.4208
G1X230.8390Y-124.5494
G1X230.8267Y-124.6647
G1X230.8407Y-124.7538
G1X230.8809Y-124.8034
G1X230.9472Y-124.8007
G1X231.0395Y-124.7326
G1X232.9801Y-122.7919
G1X233.0724Y-122.7238
G1X233.1387Y-122.7211
G1X233.1788Y-122.7708
G1X233.1929Y-122.8598
G1X233.1806Y-122.9751
G1X233.1418Y-123.1037
G1X233.0766Y-123.2326
G1X232.9847Y-123.3486
G1X231.0441Y-125.2892
G1X230.9522Y-125.4052
G1X230.8870Y-125.5340
G1X230.8482Y-125.6626
G1X230.8359Y-125.7780
G1X230.8500Y-125.8670
G1X230.8901Y-125.9167
G1X230.9565Y-125.9140
G1X231.0487Y-125.8458
G1X232.9894Y-123.9052
G1X233.0816Y-123.8370
G1X233.1479Y-123.8343
G1X233.1881Y-123.8840
G1X233.2021Y-123.9730
G1X233.1898Y-124.0884
G1X233.1511Y-124.2170
G1X233.0859Y-124.3458
G1X232.9940Y-124.4618
G1X231.0630Y-126.3928
G1X230.9951Y-126.4849
G1X230.9929Y-126.5506
G1X231.0433Y-126.5901
G1X231.1332Y-126.6033
G1X231.2494Y-126.5901
G1X231.3787Y-126.5506
G1X231.5081Y-126.4849
G1X231.6243Y-126.3928
G1X232.9986Y-125.0184
G1X233.0909Y-124.9503
G1X233.1572Y-124.9476
G1X233.1974Y-124.9973
G1X233.2114Y-125.0863
G1X233.1991Y-125.2016
G1X233.1604Y-125.3303
G1X233.0952Y-125.4591
G1X233.0033Y-125.5751
G1X232.1855Y-126.3928
G1X232.1176Y-126.4849
G1X232.1154Y-126.5506
G1X232.1658Y-126.5901
G1X232.2557Y-126.6033
G1X232.3719Y-126.5901
G1X232.5013Y-126.5506
G1X232.6306Y-126.4849
G1X232.7468Y-126.3928
G1X233.1557Y-125.9839
G1X233.1909Y-125.9903
G1X233.2126Y-126.0725
G1X233.2207Y-126.1995
G1X233.2149Y-126.3405
G1X233.1948Y-126.4645
G1X233.1603Y-126.5406
G1X233.0976Y-126.6033
G1 Z0F20000
(Start Block)

G1X247.0653Y-89.6939
G1Z6F20000
(Plotting speed under)
G1 F8000

G1X248.2311Y-94.4564
G1X249.1938Y-98.9543
G1X250.0601Y-103.7168
G1X250.7286Y-108.2147
G1X248.0828Y-108.2147
G1X247.4142Y-103.7168
G1X246.5479Y-98.9543
G1X245.5852Y-94.4564
G1X244.4195Y-89.6939
G1X247.0653Y-89.6939
G1 Z0F20000
(Start Block)

G1X245.1120Y-89.8261
G1Z6F20000
(Plotting speed under)
G1 F8000

G1X244.9015Y-90.0366
G1X244.8142Y-90.1481
G1X244.7609Y-90.2649
G1X244.7392Y-90.3766
G1X244.7463Y-90.4725
G1X244.7797Y-90.5421
G1X244.8368Y-90.5749
G1X244.9151Y-90.5602
G1X245.0119Y-90.4875
G1X245.4628Y-90.0366
G1X245.5790Y-89.9445
G1X245.7084Y-89.8788
G1X245.8377Y-89.8393
G1X245.9539Y-89.8261
G1X246.0438Y-89.8393
G1X246.0942Y-89.8788
G1X246.0920Y-89.9445
G1X246.0241Y-90.0366
G1X245.1223Y-90.9384
G1X245.0350Y-91.0498
G1X244.9817Y-91.1667
G1X244.9599Y-91.2784
G1X244.9670Y-91.3743
G1X245.0004Y-91.4439
G1X245.0576Y-91.4767
G1X245.1358Y-91.4620
G1X245.2327Y-91.3893
G1X246.5853Y-90.0366
G1X246.7019Y-89.9511
G1X246.8054Y-89.9278
G1X246.8873Y-89.9555
G1X246.9391Y-90.0232
G1X246.9523Y-90.1196
G1X246.9184Y-90.2337
G1X246.8288Y-90.3544
G1X245.3430Y-91.8402
G1X245.2557Y-91.9516
G1X245.2024Y-92.0685
G1X245.1806Y-92.1801
G1X245.1878Y-92.2761
G1X245.2212Y-92.3457
G1X245.2783Y-92.3785
G1X245.3566Y-92.3638
G1X245.4534Y-92.2911
G1X246.9392Y-90.8053
G1X247.0360Y-90.7326
G1X247.1143Y-90.7179
G1X247.1714Y-90.7507
G1X247.2048Y-90.8203
G1X247.2119Y-90.9162
G1X247.1902Y-91.0279
G1X247.1369Y-91.1447
G1X247.0496Y-91.2562
G1X245.5638Y-92.7420
G1X245.4764Y-92.8534
G1X245.4232Y-92.9703
G1X245.4014Y-93.0819
G1X245.4085Y-93.1779
G1X245.4419Y-93.2475
G1X245.4990Y-93.2803
G1X245.5773Y-93.2656
G1X245.6741Y-93.1929
G1X247.1599Y-91.7071
G1X247.2568Y-91.6344
G1X247.3350Y-91.6197
G1X247.3922Y-91.6524
G1X247.4256Y-91.7221
G1X247.4327Y-91.8180
G1X247.4109Y-91.9297
G1X247.3576Y-92.0465
G1X247.2703Y-92.1580
G1X245.7845Y-93.6437
G1X245.6972Y-93.7552
G1X245.6439Y-93.8720
G1X245.6221Y-93.9837
G1X245.6292Y-94.0797
G1X245.6627Y-94.1493
G1X245.7198Y-94.1820
G1X245.7981Y-94.1673
G1X245.8949Y-94.0946
G1X247.3807Y-92.6089
G1X247.4775Y-92.5362
G1X247.5558Y-92.5215
G1X247.6129Y-92.5542
G1X247.6463Y-92.6238
G1X247.6534Y-92.7198
G1X247.6316Y-92.8315
G1X247.5784Y-92.9483
G1X247.4910Y-93.0598
G1X245.9969Y-94.5539
G1X245.9091Y-94.6658
G1X245.8545Y-94.7840
G1X245.8309Y-94.8975
G1X245.8359Y-94.9955
G1X245.8672Y-95.0672
G1X245.9226Y-95.1018
G1X245.9996Y-95.0884
G1X246.0959Y-95.0162
G1X247.6014Y-93.5107
G1X247.6982Y-93.4380
G1X247.7765Y-93.4233
G1X247.8336Y-93.4560
G1X247.8671Y-93.5257
G1X247.8742Y-93.6216
G1X247.8524Y-93.7332
G1X247.7991Y-93.8501
G1X247.7118Y-93.9616
G1X246.1948Y-95.4785
G1X246.1070Y-95.5905
G1X246.0524Y-95.7086
G1X246.0288Y-95.8221
G1X246.0338Y-95.9201
G1X246.0651Y-95.9919
G1X246.1205Y-96.0264
G1X246.1974Y-96.0131
G1X246.2938Y-95.9408
G1X247.8221Y-94.4125
G1X247.9188Y-94.3399
G1X247.9966Y-94.3257
G1X248.0530Y-94.3591
G1X248.0857Y-94.4296
G1X248.0920Y-94.5263
G1X248.0696Y-94.6386
G1X248.0158Y-94.7559
G1X247.9283Y-94.8676
G1X246.3927Y-96.4031
G1X246.3049Y-96.5151
G1X246.2503Y-96.6332
G1X246.2267Y-96.7467
G1X246.2317Y-96.8448
G1X246.2631Y-96.9165
G1X246.3184Y-96.9511
G1X246.3953Y-96.9377
G1X246.4917Y-96.8655
G1X248.0272Y-95.3299
G1X248.1236Y-95.2577
G1X248.2005Y-95.2443
G1X248.2559Y-95.2789
G1X248.2872Y-95.3506
G1X248.2922Y-95.4486
G1X248.2686Y-95.5621
G1X248.2140Y-95.6803
G1X248.1262Y-95.7922
G1X246.5906Y-97.3278
G1X246.5028Y-97.4397
G1X246.4482Y-97.5579
G1X246.4246Y-97.6714
G1X246.4296Y-97.7694
G1X246.4609Y-97.8411
G1X246.5163Y-97.8757
G1X246.5932Y-97.8623
G1X246.6896Y-97.7901
G1X248.2251Y-96.2545
G1X248.3215Y-96.1823
G1X248.3985Y-96.1689
G1X248.4538Y-96.2035
G1X248.4851Y-96.2752
G1X248.4901Y-96.3733
G1X248.4665Y-96.4868
G1X248.4119Y-96.6049
G1X248.3241Y-96.7168
G1X246.7885Y-98.2524
G1X246.7007Y-98.3644
G1X246.6461Y-98.4825
G1X246.6225Y-98.5960
G1X246.6276Y-98.6940
G1X246.6589Y-98.7657
G1X246.7142Y-98.8003
G1X246.7912Y-98.7869
G1X246.8876Y-98.7146
G1X248.4230Y-97.1792
G1X248.5194Y-97.1070
G1X248.5964Y-97.0936
G1X248.6517Y-97.1281
G1X248.6830Y-97.1998
G1X248.6880Y-97.2979
G1X248.6644Y-97.4114
G1X248.6098Y-97.5295
G1X248.5220Y-97.6415
G1X246.9739Y-99.1895
G1X246.8856Y-99.3020
G1X246.8296Y-99.4216
G1X246.8040Y-99.5371
G1X246.8067Y-99.6374
G1X246.8357Y-99.7115
G1X246.8890Y-99.7481
G1X246.9645Y-99.7361
G1X247.0603Y-99.6644
G1X248.6209Y-98.1038
G1X248.7173Y-98.0316
G1X248.7942Y-98.0182
G1X248.8496Y-98.0528
G1X248.8809Y-98.1245
G1X248.8859Y-98.2225
G1X248.8623Y-98.3360
G1X248.8077Y-98.4542
G1X248.7199Y-98.5661
G1X247.1467Y-100.1393
G1X247.0583Y-100.2518
G1X247.0024Y-100.3714
G1X246.9767Y-100.4869
G1X246.9794Y-100.5872
G1X247.0084Y-100.6612
G1X247.0617Y-100.6978
G1X247.1373Y-100.6859
G1X247.2331Y-100.6142
G1X248.8188Y-99.0284
G1X248.9148Y-98.9566
G1X248.9909Y-98.9441
G1X249.0449Y-98.9800
G1X249.0747Y-99.0532
G1X249.0782Y-99.1527
G1X249.0533Y-99.2675
G1X248.9978Y-99.3866
G1X248.9096Y-99.4989
G1X247.3195Y-101.0891
G1X247.2311Y-101.2015
G1X247.1751Y-101.3211
G1X247.1495Y-101.4366
G1X247.1522Y-101.5370
G1X247.1812Y-101.6110
G1X247.2345Y-101.6476
G1X247.3101Y-101.6356
G1X247.4058Y-101.5639
G1X248.9960Y-99.9738
G1X249.0918Y-99.9021
G1X249.1674Y-99.8902
G1X249.2206Y-99.9267
G1X249.2497Y-100.0008
G1X249.2524Y-100.1011
G1X249.2267Y-100.2166
G1X249.1707Y-100.3362
G1X249.0824Y-100.4487
G1X247.4922Y-102.0388
G1X247.4039Y-102.1513
G1X247.3479Y-102.2709
G1X247.3223Y-102.3864
G1X247.3250Y-102.4868
G1X247.3540Y-102.5608
G1X247.4073Y-102.5974
G1X247.4828Y-102.5854
G1X247.5786Y-102.5137
G1X249.1688Y-100.9236
G1X249.2646Y-100.8519
G1X249.3401Y-100.8399
G1X249.3934Y-100.8765
G1X249.4224Y-100.9506
G1X249.4251Y-101.0509
G1X249.3995Y-101.1664
G1X249.3435Y-101.2860
G1X249.2552Y-101.3985
G1X247.6650Y-102.9886
G1X247.5767Y-103.1011
G1X247.5207Y-103.2206
G1X247.4952Y-103.3360
G1X247.4980Y-103.4362
G1X247.5272Y-103.5101
G1X247.5805Y-103.5466
G1X247.6562Y-103.5346
G1X247.7520Y-103.4629
G1X249.3415Y-101.8733
G1X249.4373Y-101.8017
G1X249.5129Y-101.7897
G1X249.5662Y-101.8263
G1X249.5952Y-101.9003
G1X249.5979Y-102.0007
G1X249.5723Y-102.1162
G1X249.5163Y-102.2357
G1X249.4279Y-102.3482
G1X247.8246Y-103.9515
G1X247.7357Y-104.0646
G1X247.6781Y-104.1857
G1X247.6503Y-104.3034
G1X247.6505Y-104.4063
G1X247.6770Y-104.4829
G1X247.7281Y-104.5217
G1X247.8021Y-104.5112
G1X247.8973Y-104.4401
G1X249.5143Y-102.8231
G1X249.6101Y-102.7514
G1X249.6857Y-102.7395
G1X249.7389Y-102.7760
G1X249.7680Y-102.8501
G1X249.7707Y-102.9504
G1X249.7450Y-103.0660
G1X249.6890Y-103.1855
G1X249.6007Y-103.2980
G1X247.9699Y-104.9288
G1X247.8809Y-105.0419
G1X247.8234Y-105.1630
G1X247.7955Y-105.2807
G1X247.7957Y-105.3836
G1X247.8222Y-105.4601
G1X247.8733Y-105.4989
G1X247.9473Y-105.4885
G1X248.0425Y-105.4174
G1X249.6871Y-103.7729
G1X249.7825Y-103.7016
G1X249.8571Y-103.6906
G1X249.9090Y-103.7285
G1X249.9364Y-103.8042
G1X249.9375Y-103.9061
G1X249.9105Y-104.0230
G1X249.8535Y-104.1436
G1X249.7648Y-104.2564
G1X248.1151Y-105.9061
G1X248.0262Y-106.0192
G1X247.9686Y-106.1403
G1X247.9408Y-106.2580
G1X247.9410Y-106.3609
G1X247.9674Y-106.4374
G1X248.0185Y-106.4762
G1X248.0925Y-106.4658
G1X248.1878Y-106.3947
G1X249.8374Y-104.7451
G1X249.9326Y-104.6740
G1X250.0066Y-104.6636
G1X250.0577Y-104.7023
G1X250.0842Y-104.7789
G1X250.0844Y-104.8818
G1X250.0565Y-104.9995
G1X249.9990Y-105.1206
G1X249.9100Y-105.2337
G1X248.2604Y-106.8834
G1X248.1714Y-106.9964
G1X248.1139Y-107.1176
G1X248.0860Y-107.2353
G1X248.0862Y-107.3382
G1X248.1127Y-107.4147
G1X248.1638Y-107.4535
G1X248.2378Y-107.4431
G1X248.3330Y-107.3720
G1X249.9826Y-105.7223
G1X250.0778Y-105.6513
G1X250.1518Y-105.6409
G1X250.2029Y-105.6796
G1X250.2295Y-105.7562
G1X250.2296Y-105.8591
G1X250.2018Y-105.9768
G1X250.1442Y-106.0979
G1X250.0553Y-106.2110
G1X248.4056Y-107.8606
G1X248.3372Y-107.9532
G1X248.3337Y-108.0203
G1X248.3823Y-108.0615
G1X248.4702Y-108.0768
G1X248.5843Y-108.0657
G1X248.7118Y-108.0280
G1X248.8399Y-107.9635
G1X248.9556Y-107.8719
G1X250.1279Y-106.6996
G1X250.2231Y-106.6285
G1X250.2971Y-106.6181
G1X250.3482Y-106.6569
G1X250.3747Y-106.7335
G1X250.3749Y-106.8363
G1X250.3470Y-106.9541
G1X250.2895Y-107.0752
G1X250.2005Y-107.1883
G1X249.5169Y-107.8719
G1X249.4489Y-107.9640
G1X249.4467Y-108.0298
G1X249.4971Y-108.0693
G1X249.5870Y-108.0824
G1X249.7032Y-108.0693
G1X249.8326Y-108.0298
G1X249.9619Y-107.9640
G1X250.0781Y-107.8719
G1X250.4200Y-107.5301
G1X250.4683Y-107.5402
G1X250.5067Y-107.6410
G1X250.5281Y-107.7856
G1X250.5258Y-107.9272
G1X250.4926Y-108.0187
G1X250.4289Y-108.0824
G1 Z0F20000
(Start Block)

G1X251.8783Y-126.7356
G1Z6F20000
(Plotting speed under)
G1 F8000

G1X251.7595Y-131.2335
G1X251.4641Y-135.9960
G1X251.0268Y-140.4939
G1X250.3990Y-145.2564
G1X247.7532Y-145.2564
G1X248.3810Y-140.4939
G1X248.8183Y-135.9960
G1X249.1137Y-131.2335
G1X249.2325Y-126.7356
G1X251.8783Y-126.7356
G1 Z0F20000
(Start Block)

G1X249.3588Y-126.9647
G1Z6F20000
(Plotting speed under)
G1 F8000

G1X249.4072Y-126.9163
G1X249.4966Y-126.8853
G1X249.6512Y-126.8698
G1X249.8174Y-126.8698
G1X249.9411Y-126.8853
G1X249.9684Y-126.9163
G1X249.5540Y-127.3307
G1X249.4613Y-127.4476
G1X249.3938Y-127.5786
G1X249.3519Y-127.7104
G1X249.3359Y-127.8294
G1X249.3463Y-127.9221
G1X249.3833Y-127.9750
G1X249.4473Y-127.9745
G1X249.5388Y-127.9072
G1X250.3677Y-127.0783
G1X250.4839Y-126.9862
G1X250.6132Y-126.9205
G1X250.7426Y-126.8810
G1X250.8588Y-126.8679
G1X250.9487Y-126.8810
G1X250.9991Y-126.9205
G1X250.9969Y-126.9862
G1X250.9289Y-127.0783
G1X249.5235Y-128.4837
G1X249.4308Y-128.6006
G1X249.3633Y-128.7316
G1X249.3214Y-128.8634
G1X249.3054Y-128.9824
G1X249.3158Y-129.0751
G1X249.3528Y-129.1280
G1X249.4169Y-129.1275
G1X249.5083Y-129.0602
G1X251.4902Y-127.0783
G1X251.5835Y-127.0092
G1X251.6524Y-127.0038
G1X251.6963Y-127.0498
G1X251.7145Y-127.1346
G1X251.7065Y-127.2457
G1X251.6714Y-127.3706
G1X251.6088Y-127.4969
G1X251.5179Y-127.6119
G1X249.4931Y-129.6367
G1X249.4004Y-129.7536
G1X249.3329Y-129.8846
G1X249.2909Y-130.0164
G1X249.2750Y-130.1354
G1X249.2854Y-130.2281
G1X249.3224Y-130.2810
G1X249.3864Y-130.2805
G1X249.4778Y-130.2132
G1X251.5027Y-128.1884
G1X251.5941Y-128.1211
G1X251.6582Y-128.1206
G1X251.6952Y-128.1735
G1X251.7055Y-128.2662
G1X251.6896Y-128.3851
G1X251.6477Y-128.5169
G1X251.5802Y-128.6480
G1X251.4874Y-128.7649
G1X249.4626Y-130.7897
G1X249.3785Y-130.8930
G1X249.3136Y-131.0096
G1X249.2683Y-131.1296
G1X249.2431Y-131.2433
G1X249.2384Y-131.3411
G1X249.2548Y-131.4133
G1X249.2926Y-131.4501
G1X249.3524Y-131.4419
G1X249.4346Y-131.3790
G1X251.4722Y-129.3414
G1X251.5636Y-129.2741
G1X251.6277Y-129.2736
G1X251.6647Y-129.3264
G1X251.6751Y-129.4191
G1X251.6591Y-129.5381
G1X251.6172Y-129.6699
G1X251.5497Y-129.8010
G1X251.4570Y-129.9179
G1X249.3975Y-131.9774
G1X249.3131Y-132.0810
G1X249.2473Y-132.1984
G1X249.2008Y-132.3196
G1X249.1741Y-132.4348
G1X249.1680Y-132.5341
G1X249.1829Y-132.6077
G1X249.2195Y-132.6458
G1X249.2785Y-132.6384
G1X249.3604Y-132.5757
G1X251.4418Y-130.4944
G1X251.5332Y-130.4270
G1X251.5972Y-130.4266
G1X251.6343Y-130.4794
G1X251.6446Y-130.5721
G1X251.6287Y-130.6911
G1X251.5868Y-130.8229
G1X251.5193Y-130.9540
G1X251.4265Y-131.0708
G1X249.3233Y-133.1741
G1X249.2389Y-133.2778
G1X249.1731Y-133.3952
G1X249.1266Y-133.5163
G1X249.0999Y-133.6315
G1X249.0938Y-133.7308
G1X249.1087Y-133.8044
G1X249.1453Y-133.8425
G1X249.2043Y-133.8351
G1X249.2862Y-133.7725
G1X251.4034Y-131.6553
G1X251.4852Y-131.5927
G1X251.5442Y-131.5853
G1X251.5808Y-131.6233
G1X251.5958Y-131.6970
G1X251.5896Y-131.7963
G1X251.5630Y-131.9115
G1X251.5164Y-132.0326
G1X251.4507Y-132.1500
G1X251.3663Y-132.2537
G1X249.2490Y-134.3709
G1X249.1646Y-134.4746
G1X249.0989Y-134.5919
G1X249.0523Y-134.7131
G1X249.0257Y-134.8283
G1X249.0195Y-134.9276
G1X249.0345Y-135.0012
G1X249.0711Y-135.0393
G1X249.1301Y-135.0319
G1X249.2119Y-134.9692
G1X251.3291Y-132.8520
G1X251.4110Y-132.7894
G1X251.4700Y-132.7820
G1X251.5066Y-132.8201
G1X251.5215Y-132.8937
G1X251.5154Y-132.9930
G1X251.4887Y-133.1082
G1X251.4422Y-133.2294
G1X251.3764Y-133.3467
G1X251.2920Y-133.4504
G1X249.1748Y-135.5676
G1X249.0899Y-135.6718
G1X249.0228Y-135.7905
G1X248.9744Y-135.9136
G1X248.9455Y-136.0310
G1X248.9369Y-136.1327
G1X248.9496Y-136.2086
G1X248.9843Y-136.2486
G1X249.0419Y-136.2426
G1X249.1233Y-136.1804
G1X251.2549Y-134.0488
G1X251.3368Y-133.9862
G1X251.3958Y-133.9788
G1X251.4324Y-134.0168
G1X251.4473Y-134.0905
G1X251.4412Y-134.1898
G1X251.4145Y-134.3050
G1X251.3680Y-134.4261
G1X251.3022Y-134.5435
G1X251.2178Y-134.6472
G1X249.0629Y-136.8021
G1X248.9776Y-136.9066
G1X248.9097Y-137.0261
G1X248.8601Y-137.1504
G1X248.8298Y-137.2693
G1X248.8197Y-137.3725
G1X248.8310Y-137.4498
G1X248.8645Y-137.4909
G1X248.9213Y-137.4857
G1X249.0024Y-137.4239
G1X251.1807Y-135.2455
G1X251.2626Y-135.1829
G1X251.3215Y-135.1755
G1X251.3582Y-135.2136
G1X251.3731Y-135.2872
G1X251.3669Y-135.3865
G1X251.3403Y-135.5017
G1X251.2938Y-135.6229
G1X251.2280Y-135.7402
G1X251.1436Y-135.8439
G1X248.9419Y-138.0456
G1X248.8567Y-138.1500
G1X248.7888Y-138.2696
G1X248.7392Y-138.3939
G1X248.7089Y-138.5127
G1X248.6988Y-138.6159
G1X248.7101Y-138.6932
G1X248.7436Y-138.7343
G1X248.8004Y-138.7291
G1X248.8815Y-138.6673
G1X251.0969Y-136.4519
G1X251.1780Y-136.3901
G1X251.2348Y-136.3848
G1X251.2683Y-136.4260
G1X251.2796Y-136.5033
G1X251.2695Y-136.6065
G1X251.2392Y-136.7253
G1X251.1896Y-136.8496
G1X251.1217Y-136.9692
G1X251.0364Y-137.0736
G1X248.8210Y-139.2890
G1X248.7358Y-139.3935
G1X248.6679Y-139.5130
G1X248.6183Y-139.6373
G1X248.5879Y-139.7561
G1X248.5779Y-139.8593
G1X248.5892Y-139.9366
G1X248.6227Y-139.9778
G1X248.6795Y-139.9725
G1X248.7606Y-139.9107
G1X250.9760Y-137.6953
G1X251.0571Y-137.6335
G1X251.1139Y-137.6283
G1X251.1474Y-137.6694
G1X251.1586Y-137.7467
G1X251.1486Y-137.8499
G1X251.1183Y-137.9688
G1X251.0687Y-138.0931
G1X251.0008Y-138.2126
G1X250.9155Y-138.3170
G1X248.6908Y-140.5418
G1X248.6048Y-140.6471
G1X248.5346Y-140.7689
G1X248.4816Y-140.8965
G1X248.4474Y-141.0192
G1X248.4333Y-141.1265
G1X248.4406Y-141.2077
G1X248.4708Y-141.2522
G1X248.5254Y-141.2492
G1X248.6056Y-141.1883
G1X250.8551Y-138.9388
G1X250.9362Y-138.8769
G1X250.9930Y-138.8717
G1X251.0265Y-138.9129
G1X251.0378Y-138.9901
G1X251.0277Y-139.0934
G1X250.9974Y-139.2122
G1X250.9478Y-139.3365
G1X250.8799Y-139.4560
G1X250.7946Y-139.5605
G1X248.5204Y-141.8347
G1X248.4343Y-141.9401
G1X248.3641Y-142.0618
G1X248.3112Y-142.1894
G1X248.2770Y-142.3122
G1X248.2628Y-142.4195
G1X248.2702Y-142.5007
G1X248.3004Y-142.5451
G1X248.3549Y-142.5422
G1X248.4352Y-142.4812
G1X250.7342Y-140.1822
G1X250.8159Y-140.1197
G1X250.8746Y-140.1126
G1X250.9107Y-140.1512
G1X250.9251Y-140.2253
G1X250.9184Y-140.3252
G1X250.8912Y-140.4410
G1X250.8442Y-140.5626
G1X250.7781Y-140.6803
G1X250.6935Y-140.7841
G1X248.3499Y-143.1277
G1X248.2639Y-143.2330
G1X248.1937Y-143.3548
G1X248.1408Y-143.4824
G1X248.1065Y-143.6052
G1X248.0924Y-143.7125
G1X248.0997Y-143.7937
G1X248.1300Y-143.8381
G1X248.1845Y-143.8352
G1X248.2647Y-143.7742
G1X250.5839Y-141.4550
G1X250.6642Y-141.3940
G1X250.7187Y-141.3911
G1X250.7489Y-141.4355
G1X250.7563Y-141.5167
G1X250.7421Y-141.6240
G1X250.7079Y-141.7468
G1X250.6550Y-141.8744
G1X250.5848Y-141.9961
G1X250.4987Y-142.1015
G1X248.1795Y-144.4207
G1X248.0903Y-144.5340
G1X248.0323Y-144.6556
G1X248.0038Y-144.7740
G1X248.0032Y-144.8776
G1X248.0289Y-144.9550
G1X248.0793Y-144.9945
G1X248.1528Y-144.9845
G1X248.2478Y-144.9136
G1X250.4135Y-142.7479
G1X250.4937Y-142.6870
G1X250.5483Y-142.6840
G1X250.5785Y-142.7285
G1X250.5858Y-142.8097
G1X250.5717Y-142.9170
G1X250.5375Y-143.0397
G1X250.4846Y-143.1673
G1X250.4143Y-143.2891
G1X250.3283Y-143.3944
G1X248.8091Y-144.9136
G1X248.7411Y-145.0057
G1X248.7389Y-145.0715
G1X248.7894Y-145.1110
G1X248.8792Y-145.1241
G1X248.9954Y-145.1110
G1X249.1248Y-145.0715
G1X249.2541Y-145.0057
G1X249.3703Y-144.9136
G1X250.2431Y-144.0409
G1X250.3233Y-143.9800
G1X250.3778Y-143.9770
G1X250.4080Y-144.0214
G1X250.4154Y-144.1026
G1X250.4012Y-144.2100
G1X250.3670Y-144.3327
G1X250.3141Y-144.4603
G1X250.2439Y-144.5821
G1X250.1578Y-144.6874
G1X249.7211Y-145.1241
G1 Z0F20000

G00 X0.0000 Y0.0000

