$H
G21
G17
G90
G1 Z0F20000
G1 F15000

(Start Layer)

(Start Block)


G1X74.5595Y-230.1553
G1Z5F20000
(Plotting speed under)
G1 F4000


G1X96.3084Y-199.7606

G1X39.1013Y-219.2909

G1 Z0F20000

(Start Block)


G1X39.1013Y-219.2909
G1Z5F20000
(Plotting speed under)
G1 F4000


G1X74.5595Y-230.1553

G1X38.4744Y-182.4067

G1 Z0F20000

(Start Block)


G1X38.4744Y-182.4067
G1Z5F20000
(Plotting speed under)
G1 F4000


G1X39.1013Y-219.2909

G1X73.5231Y-170.3723

G1 Z0F20000

(Start Block)


G1X73.5231Y-170.3723
G1Z5F20000
(Plotting speed under)
G1 F4000


G1X38.4744Y-182.4067

G1X96.2390Y-200.0291

G1 Z0F20000

(Start Block)


G1X96.2390Y-200.0291
G1Z5F20000
(Plotting speed under)
G1 F4000


G1X73.5231Y-170.3723

G1X75.5018Y-231.1285

G1 Z0F20000

(Start Block)


G1X75.5018Y-231.1285
G1Z5F20000
(Plotting speed under)
G1 F4000


G1X96.2390Y-200.0291

G1X39.6938Y-221.4463

G1 Z0F20000

(Start Block)


G1X39.6938Y-221.4463
G1Z5F20000
(Plotting speed under)
G1 F4000


G1X75.5018Y-231.1285

G1X37.8347Y-184.6030

G1 Z0F20000

(Start Block)


G1X37.8347Y-184.6030
G1Z5F20000
(Plotting speed under)
G1 F4000


G1X39.6938Y-221.4463

G1X72.4560Y-171.4121

G1 Z0F20000

(Start Block)


G1X72.4560Y-171.4121
G1Z5F20000
(Plotting speed under)
G1 F4000


G1X37.8347Y-184.6030

G1X96.1346Y-200.2987

G1 Z0F20000

(Start Block)


G1X96.1346Y-200.2987
G1Z5F20000
(Plotting speed under)
G1 F4000


G1X72.4560Y-171.4121

G1X76.4318Y-232.0688

G1 Z0F20000

(Start Block)


G1X76.4318Y-232.0688
G1Z5F20000
(Plotting speed under)
G1 F4000


G1X96.1346Y-200.2987

G1X40.3136Y-223.5799

G1 Z0F20000

(Start Block)


G1X40.3136Y-223.5799
G1Z5F20000
(Plotting speed under)
G1 F4000


G1X76.4318Y-232.0688

G1X37.2243Y-186.8183

G1 Z0F20000

(Start Block)


G1X37.2243Y-186.8183
G1Z5F20000
(Plotting speed under)
G1 F4000


G1X40.3136Y-223.5799

G1X71.3801Y-172.4858

G1 Z0F20000

(Start Block)


G1X71.3801Y-172.4858
G1Z5F20000
(Plotting speed under)
G1 F4000


G1X37.2243Y-186.8183

G1X95.9953Y-200.5706

G1 Z0F20000

(Start Block)


G1X95.9953Y-200.5706
G1Z5F20000
(Plotting speed under)
G1 F4000


G1X71.3801Y-172.4858

G1X77.3488Y-232.9768

G1 Z0F20000

(Start Block)


G1X77.3488Y-232.9768
G1Z5F20000
(Plotting speed under)
G1 F4000


G1X95.9953Y-200.5706

G1X40.9599Y-225.6907

G1 Z0F20000

(Start Block)


G1X40.9599Y-225.6907
G1Z5F20000
(Plotting speed under)
G1 F4000


G1X77.3488Y-232.9768

G1X36.6439Y-189.0517

G1 Z0F20000

(Start Block)


G1X36.6439Y-189.0517
G1Z5F20000
(Plotting speed under)
G1 F4000


G1X40.9599Y-225.6907

G1X70.2966Y-173.5936

G1 Z0F20000

(Start Block)


G1X70.2966Y-173.5936
G1Z5F20000
(Plotting speed under)
G1 F4000


G1X36.6439Y-189.0517

G1X95.8213Y-200.8461

G1 Z0F20000

(Start Block)


G1X95.8213Y-200.8461
G1Z5F20000
(Plotting speed under)
G1 F4000


G1X70.2966Y-173.5936

G1X78.2514Y-233.8528

G1 Z0F20000

(Start Block)


G1X78.2514Y-233.8528
G1Z5F20000
(Plotting speed under)
G1 F4000


G1X95.8213Y-200.8461

G1X41.6321Y-227.7779

G1 Z0F20000

(Start Block)


G1X41.6321Y-227.7779
G1Z5F20000
(Plotting speed under)
G1 F4000


G1X78.2514Y-233.8528

G1X36.0940Y-191.3021

G1 Z0F20000

(Start Block)


G1X36.0940Y-191.3021
G1Z5F20000
(Plotting speed under)
G1 F4000


G1X41.6321Y-227.7779

G1X69.2065Y-174.7357

G1 Z0F20000

(Start Block)


G1X69.2065Y-174.7357
G1Z5F20000
(Plotting speed under)
G1 F4000


G1X36.0940Y-191.3021

G1X95.6126Y-201.1261

G1 Z0F20000

(Start Block)


G1X95.6126Y-201.1261
G1Z5F20000
(Plotting speed under)
G1 F4000


G1X69.2065Y-174.7357

G1X79.1387Y-234.6974

G1 Z0F20000

(Start Block)


G1X79.1387Y-234.6974
G1Z5F20000
(Plotting speed under)
G1 F4000


G1X95.6126Y-201.1261

G1X42.3292Y-229.8406

G1 Z0F20000

(Start Block)


G1X42.3292Y-229.8406
G1Z5F20000
(Plotting speed under)
G1 F4000


G1X79.1387Y-234.6974

G1X35.5752Y-193.5685

G1 Z0F20000

(Start Block)


G1X35.5752Y-193.5685
G1Z5F20000
(Plotting speed under)
G1 F4000


G1X42.3292Y-229.8406

G1X68.1110Y-175.9124

G1 Z0F20000

(Start Block)


G1X68.1110Y-175.9124
G1Z5F20000
(Plotting speed under)
G1 F4000


G1X35.5752Y-193.5685

G1X95.3694Y-201.4119

G1 Z0F20000

(Start Block)


G1X95.3694Y-201.4119
G1Z5F20000
(Plotting speed under)
G1 F4000


G1X68.1110Y-175.9124

G1X80.0097Y-235.5111

G1 Z0F20000

(Start Block)


G1X80.0097Y-235.5111
G1Z5F20000
(Plotting speed under)
G1 F4000


G1X95.3694Y-201.4119

G1X43.0505Y-231.8782

G1 Z0F20000

(Start Block)


G1X43.0505Y-231.8782
G1Z5F20000
(Plotting speed under)
G1 F4000


G1X80.0097Y-235.5111

G1X35.0879Y-195.8498

G1 Z0F20000

(Start Block)


G1X35.0879Y-195.8498
G1Z5F20000
(Plotting speed under)
G1 F4000


G1X43.0505Y-231.8782

G1X67.0112Y-177.1238

G1 Z0F20000

(Start Block)


G1X67.0112Y-177.1238
G1Z5F20000
(Plotting speed under)
G1 F4000


G1X35.0879Y-195.8498

G1X95.0919Y-201.7046

G1 Z0F20000

(Start Block)


G1X95.0919Y-201.7046
G1Z5F20000
(Plotting speed under)
G1 F4000


G1X67.0112Y-177.1238

G1X80.8633Y-236.2945

G1 Z0F20000

(Start Block)


G1X80.8633Y-236.2945
G1Z5F20000
(Plotting speed under)
G1 F4000


G1X95.0919Y-201.7046

G1X43.7952Y-233.8896

G1 Z0F20000

(Start Block)


G1X43.7952Y-233.8896
G1Z5F20000
(Plotting speed under)
G1 F4000


G1X80.8633Y-236.2945

G1X34.6328Y-198.1451

G1 Z0F20000

(Start Block)


G1X34.6328Y-198.1451
G1Z5F20000
(Plotting speed under)
G1 F4000


G1X43.7952Y-233.8896

G1X65.9084Y-178.3700

G1 Z0F20000

(Start Block)


G1X65.9084Y-178.3700
G1Z5F20000
(Plotting speed under)
G1 F4000


G1X34.6328Y-198.1451

G1X94.7804Y-202.0054

G1 Z0F20000

(Start Block)


G1X94.7804Y-202.0054
G1Z5F20000
(Plotting speed under)
G1 F4000


G1X65.9084Y-178.3700

G1X81.6985Y-237.0481

G1 Z0F20000

(Start Block)


G1X81.6985Y-237.0481
G1Z5F20000
(Plotting speed under)
G1 F4000


G1X94.7804Y-202.0054

G1X44.5623Y-235.8742

G1 Z0F20000

(Start Block)


G1X44.5623Y-235.8742
G1Z5F20000
(Plotting speed under)
G1 F4000


G1X81.6985Y-237.0481

G1X34.2101Y-200.4532

G1 Z0F20000

(Start Block)


G1X34.2101Y-200.4532
G1Z5F20000
(Plotting speed under)
G1 F4000


G1X44.5623Y-235.8742

G1X64.8037Y-179.6511

G1 Z0F20000

(Start Block)


G1X64.8037Y-179.6511
G1Z5F20000
(Plotting speed under)
G1 F4000


G1X34.2101Y-200.4532

G1X94.4352Y-202.3153

G1 Z0F20000

(Start Block)


G1X94.4352Y-202.3153
G1Z5F20000
(Plotting speed under)
G1 F4000


G1X64.8037Y-179.6511

G1X82.5144Y-237.7727

G1 Z0F20000

(Start Block)


G1X82.5144Y-237.7727
G1Z5F20000
(Plotting speed under)
G1 F4000


G1X94.4352Y-202.3153

G1X45.3509Y-237.8313

G1 Z0F20000

(Start Block)


G1X45.3509Y-237.8313
G1Z5F20000
(Plotting speed under)
G1 F4000


G1X82.5144Y-237.7727

G1X33.8204Y-202.7731

G1 Z0F20000

(Start Block)


G1X33.8204Y-202.7731
G1Z5F20000
(Plotting speed under)
G1 F4000


G1X45.3509Y-237.8313

G1X63.6981Y-180.9671

G1 Z0F20000

(Start Block)


G1X63.6981Y-180.9671
G1Z5F20000
(Plotting speed under)
G1 F4000


G1X33.8204Y-202.7731

G1X94.0565Y-202.6356

G1 Z0F20000

(Start Block)


G1X94.0565Y-202.6356
G1Z5F20000
(Plotting speed under)
G1 F4000


G1X63.6981Y-180.9671

G1X83.3100Y-238.4687

G1 Z0F20000

(Start Block)


G1X83.3100Y-238.4687
G1Z5F20000
(Plotting speed under)
G1 F4000


G1X94.0565Y-202.6356

G1X46.1601Y-239.7602

G1 Z0F20000

(Start Block)


G1X46.1601Y-239.7602
G1Z5F20000
(Plotting speed under)
G1 F4000


G1X83.3100Y-238.4687

G1X33.4640Y-205.1036

G1 Z0F20000

(Start Block)


G1X33.4640Y-205.1036
G1Z5F20000
(Plotting speed under)
G1 F4000


G1X46.1601Y-239.7602

G1X62.5930Y-182.3182

G1 Z0F20000

(Start Block)


G1X62.5930Y-182.3182
G1Z5F20000
(Plotting speed under)
G1 F4000


G1X33.4640Y-205.1036

G1X93.6448Y-202.9672

G1 Z0F20000

(Start Block)


G1X93.6448Y-202.9672
G1Z5F20000
(Plotting speed under)
G1 F4000


G1X62.5930Y-182.3182

G1X84.0843Y-239.1369

G1 Z0F20000

(Start Block)


G1X84.0843Y-239.1369
G1Z5F20000
(Plotting speed under)
G1 F4000


G1X93.6448Y-202.9672

G1X46.9890Y-241.6601

G1 Z0F20000

(Start Block)


G1X46.9890Y-241.6601
G1Z5F20000
(Plotting speed under)
G1 F4000


G1X84.0843Y-239.1369

G1X33.1412Y-207.4437

G1 Z0F20000

(Start Block)


G1X33.1412Y-207.4437
G1Z5F20000
(Plotting speed under)
G1 F4000


G1X46.9890Y-241.6601

G1X61.4894Y-183.7041

G1 Z0F20000

(Start Block)


G1X61.4894Y-183.7041
G1Z5F20000
(Plotting speed under)
G1 F4000


G1X33.1412Y-207.4437

G1X93.2005Y-203.3113

G1 Z0F20000

(Start Block)


G1X93.2005Y-203.3113
G1Z5F20000
(Plotting speed under)
G1 F4000


G1X61.4894Y-183.7041

G1X84.8366Y-239.7781

G1 Z0F20000

(Start Block)


G1X84.8366Y-239.7781
G1Z5F20000
(Plotting speed under)
G1 F4000


G1X93.2005Y-203.3113

G1X47.8365Y-243.5306

G1 Z0F20000

(Start Block)


G1X47.8365Y-243.5306
G1Z5F20000
(Plotting speed under)
G1 F4000


G1X84.8366Y-239.7781

G1X32.8524Y-209.7922

G1 Z0F20000

(Start Block)


G1X32.8524Y-209.7922
G1Z5F20000
(Plotting speed under)
G1 F4000


G1X47.8365Y-243.5306

G1X60.3885Y-185.1249

G1 Z0F20000

(Start Block)


G1X60.3885Y-185.1249
G1Z5F20000
(Plotting speed under)
G1 F4000


G1X32.8524Y-209.7922

G1X92.7239Y-203.6690

G1 Z0F20000

(Start Block)


G1X92.7239Y-203.6690
G1Z5F20000
(Plotting speed under)
G1 F4000


G1X60.3885Y-185.1249

G1X85.5657Y-240.3930

G1 Z0F20000

(Start Block)


G1X85.5657Y-240.3930
G1Z5F20000
(Plotting speed under)
G1 F4000


G1X92.7239Y-203.6690

G1X48.7018Y-245.3708

G1 Z0F20000

(Start Block)


G1X48.7018Y-245.3708
G1Z5F20000
(Plotting speed under)
G1 F4000


G1X85.5657Y-240.3930

G1X32.5977Y-212.1480

G1 Z0F20000

(Start Block)


G1X32.5977Y-212.1480
G1Z5F20000
(Plotting speed under)
G1 F4000


G1X48.7018Y-245.3708

G1X59.2915Y-186.5805

G1 Z0F20000

(Start Block)


G1X59.2915Y-186.5805
G1Z5F20000
(Plotting speed under)
G1 F4000


G1X32.5977Y-212.1480

G1X92.2156Y-204.0413

G1 Z0F20000

(Start Block)


G1X92.2156Y-204.0413
G1Z5F20000
(Plotting speed under)
G1 F4000


G1X59.2915Y-186.5805

G1X86.2710Y-240.9824

G1 Z0F20000

(Start Block)


G1X86.2710Y-240.9824
G1Z5F20000
(Plotting speed under)
G1 F4000


G1X92.2156Y-204.0413

G1X49.5838Y-247.1804

G1 Z0F20000

(Start Block)


G1X49.5838Y-247.1804
G1Z5F20000
(Plotting speed under)
G1 F4000


G1X86.2710Y-240.9824

G1X32.3775Y-214.5100

G1 Z0F20000

(Start Block)


G1X32.3775Y-214.5100
G1Z5F20000
(Plotting speed under)
G1 F4000


G1X49.5838Y-247.1804

G1X58.1994Y-188.0706

G1 Z0F20000

(Start Block)


G1X58.1994Y-188.0706
G1Z5F20000
(Plotting speed under)
G1 F4000


G1X32.3775Y-214.5100

G1X91.6760Y-204.4292

G1 Z0F20000

(Start Block)


G1X91.6760Y-204.4292
G1Z5F20000
(Plotting speed under)
G1 F4000


G1X58.1994Y-188.0706

G1X86.9516Y-241.5471

G1 Z0F20000

(Start Block)


G1X86.9516Y-241.5471
G1Z5F20000
(Plotting speed under)
G1 F4000


G1X91.6760Y-204.4292

G1X50.4814Y-248.9587

G1 Z0F20000

(Start Block)


G1X50.4814Y-248.9587
G1Z5F20000
(Plotting speed under)
G1 F4000


G1X86.9516Y-241.5471

G1X32.1919Y-216.8769

G1 Z0F20000

(Start Block)


G1X32.1919Y-216.8769
G1Z5F20000
(Plotting speed under)
G1 F4000


G1X50.4814Y-248.9587

G1X57.1136Y-189.5952

G1 Z0F20000

(Start Block)


G1X57.1136Y-189.5952
G1Z5F20000
(Plotting speed under)
G1 F4000


G1X32.1919Y-216.8769

G1X91.1057Y-204.8339

G1 Z0F20000

(Start Block)


G1X91.1057Y-204.8339
G1Z5F20000
(Plotting speed under)
G1 F4000


G1X57.1136Y-189.5952

G1X87.6067Y-242.0878

G1 Z0F20000

(Start Block)


G1X87.6067Y-242.0878
G1Z5F20000
(Plotting speed under)
G1 F4000


G1X91.1057Y-204.8339

G1X51.3937Y-250.7052

G1 Z0F20000

(Start Block)


G1X51.3937Y-250.7052
G1Z5F20000
(Plotting speed under)
G1 F4000


G1X87.6067Y-242.0878

G1X32.0410Y-219.2478

G1 Z0F20000

(Start Block)


G1X32.0410Y-219.2478
G1Z5F20000
(Plotting speed under)
G1 F4000


G1X51.3937Y-250.7052

G1X56.0350Y-191.1540

G1 Z0F20000

(Start Block)


G1X56.0350Y-191.1540
G1Z5F20000
(Plotting speed under)
G1 F4000


G1X32.0410Y-219.2478

G1X90.5052Y-205.2562

G1 Z0F20000

(Start Block)


G1X90.5052Y-205.2562
G1Z5F20000
(Plotting speed under)
G1 F4000


G1X56.0350Y-191.1540

G1X88.2354Y-242.6055

G1 Z0F20000

(Start Block)


G1X88.2354Y-242.6055
G1Z5F20000
(Plotting speed under)
G1 F4000


G1X90.5052Y-205.2562

G1X52.3195Y-252.4195

G1 Z0F20000

(Start Block)


G1X52.3195Y-252.4195
G1Z5F20000
(Plotting speed under)
G1 F4000


G1X88.2354Y-242.6055

G1X31.9250Y-221.6213

G1 Z0F20000

(Start Block)


G1X31.9250Y-221.6213
G1Z5F20000
(Plotting speed under)
G1 F4000


G1X52.3195Y-252.4195

G1X54.9648Y-192.7467

G1 Z0F20000

(Start Block)


G1X54.9648Y-192.7467
G1Z5F20000
(Plotting speed under)
G1 F4000


G1X31.9250Y-221.6213

G1X89.8752Y-205.6972

G1 Z0F20000

(Start Block)


G1X89.8752Y-205.6972
G1Z5F20000
(Plotting speed under)
G1 F4000


G1X54.9648Y-192.7467

G1X88.8371Y-243.1011

G1 Z0F20000

(Start Block)


G1X88.8371Y-243.1011
G1Z5F20000
(Plotting speed under)
G1 F4000


G1X89.8752Y-205.6972

G1X53.2578Y-254.1011

G1 Z0F20000

(Start Block)


G1X53.2578Y-254.1011
G1Z5F20000
(Plotting speed under)
G1 F4000


G1X88.8371Y-243.1011

G1X31.8438Y-223.9964

G1 Z0F20000

(Start Block)


G1X31.8438Y-223.9964
G1Z5F20000
(Plotting speed under)
G1 F4000


G1X53.2578Y-254.1011

G1X53.9042Y-194.3730

G1 Z0F20000

(Start Block)


G1X53.9042Y-194.3730
G1Z5F20000
(Plotting speed under)
G1 F4000


G1X31.8438Y-223.9964

G1X89.2163Y-206.1579

G1 Z0F20000

(Start Block)


G1X89.2163Y-206.1579
G1Z5F20000
(Plotting speed under)
G1 F4000


G1X53.9042Y-194.3730

G1X89.4110Y-243.5755

G1 Z0F20000

(Start Block)


G1X89.4110Y-243.5755
G1Z5F20000
(Plotting speed under)
G1 F4000


G1X89.2163Y-206.1579

G1X54.2075Y-255.7497

G1 Z0F20000

(Start Block)


G1X54.2075Y-255.7497
G1Z5F20000
(Plotting speed under)
G1 F4000


G1X89.4110Y-243.5755

G1X31.7977Y-226.3719

G1 Z0F20000

(Start Block)


G1X31.7977Y-226.3719
G1Z5F20000
(Plotting speed under)
G1 F4000


G1X54.2075Y-255.7497

G1X52.8543Y-196.0326

G1 Z0F20000

(Start Block)


G1X52.8543Y-196.0326
G1Z5F20000
(Plotting speed under)
G1 F4000


G1X31.7977Y-226.3719

G1X88.5292Y-206.6393

G1 Z0F20000

(Start Block)


G1X88.5292Y-206.6393
G1Z5F20000
(Plotting speed under)
G1 F4000


G1X52.8543Y-196.0326

G1X89.9565Y-244.0295

G1 Z0F20000

(Start Block)


G1X89.9565Y-244.0295
G1Z5F20000
(Plotting speed under)
G1 F4000


G1X88.5292Y-206.6393

G1X55.1675Y-257.3649

G1 Z0F20000

(Start Block)


G1X55.1675Y-257.3649
G1Z5F20000
(Plotting speed under)
G1 F4000


G1X89.9565Y-244.0295

G1X31.7865Y-228.7466

G1 Z0F20000

(Start Block)


G1X31.7865Y-228.7466
G1Z5F20000
(Plotting speed under)
G1 F4000


G1X55.1675Y-257.3649

G1X51.8161Y-197.7252

G1 Z0F20000

(Start Block)


G1X51.8161Y-197.7252
G1Z5F20000
(Plotting speed under)
G1 F4000


G1X31.7865Y-228.7466

G1X87.8145Y-207.1421

G1 Z0F20000

(Start Block)


G1X87.8145Y-207.1421
G1Z5F20000
(Plotting speed under)
G1 F4000


G1X51.8161Y-197.7252

G1X90.4728Y-244.4643

G1 Z0F20000

(Start Block)


G1X90.4728Y-244.4643
G1Z5F20000
(Plotting speed under)
G1 F4000


G1X87.8145Y-207.1421

G1X56.1367Y-258.9463

G1 Z0F20000

(Start Block)


G1X56.1367Y-258.9463
G1Z5F20000
(Plotting speed under)
G1 F4000


G1X90.4728Y-244.4643

G1X31.8102Y-231.1193

G1 Z0F20000

(Start Block)


G1X31.8102Y-231.1193
G1Z5F20000
(Plotting speed under)
G1 F4000


G1X56.1367Y-258.9463

G1X50.7907Y-199.4503

G1 Z0F20000

(Start Block)


G1X50.7907Y-199.4503
G1Z5F20000
(Plotting speed under)
G1 F4000


G1X31.8102Y-231.1193

G1X87.0729Y-207.6674

G1 Z0F20000

(Start Block)


G1X87.0729Y-207.6674
G1Z5F20000
(Plotting speed under)
G1 F4000


G1X50.7907Y-199.4503

G1X90.9594Y-244.8806

G1 Z0F20000

(Start Block)


G1X90.9594Y-244.8806
G1Z5F20000
(Plotting speed under)
G1 F4000


G1X87.0729Y-207.6674

G1X57.1139Y-260.4938

G1 Z0F20000

(Start Block)


G1X57.1139Y-260.4938
G1Z5F20000
(Plotting speed under)
G1 F4000


G1X90.9594Y-244.8806

G1X31.8688Y-233.4890

G1 Z0F20000

(Start Block)


G1X31.8688Y-233.4890
G1Z5F20000
(Plotting speed under)
G1 F4000


G1X57.1139Y-260.4938

G1X49.7793Y-201.2074

G1 Z0F20000

(Start Block)


G1X49.7793Y-201.2074
G1Z5F20000
(Plotting speed under)
G1 F4000


G1X31.8688Y-233.4890

G1X86.3054Y-208.2160

G1 Z0F20000

(Start Block)


G1X86.3054Y-208.2160
G1Z5F20000
(Plotting speed under)
G1 F4000


G1X49.7793Y-201.2074

G1X91.4156Y-245.2796

G1 Z0F20000

(Start Block)


G1X91.4156Y-245.2796
G1Z5F20000
(Plotting speed under)
G1 F4000


G1X86.3054Y-208.2160

G1X58.0980Y-262.0069

G1 Z0F20000

(Start Block)


G1X58.0980Y-262.0069
G1Z5F20000
(Plotting speed under)
G1 F4000


G1X91.4156Y-245.2796

G1X31.9620Y-235.8544

G1 Z0F20000

(Start Block)


G1X31.9620Y-235.8544
G1Z5F20000
(Plotting speed under)
G1 F4000


G1X58.0980Y-262.0069

G1X48.7828Y-202.9962

G1 Z0F20000

(Start Block)


G1X48.7828Y-202.9962
G1Z5F20000
(Plotting speed under)
G1 F4000


G1X31.9620Y-235.8544

G1X85.5126Y-208.7888

G1 Z0F20000

(Start Block)


G1X85.5126Y-208.7888
G1Z5F20000
(Plotting speed under)
G1 F4000


G1X48.7828Y-202.9962

G1X91.8409Y-245.6622

G1 Z0F20000

(Start Block)


G1X91.8409Y-245.6622
G1Z5F20000
(Plotting speed under)
G1 F4000


G1X85.5126Y-208.7888

G1X59.0879Y-263.4856

G1 Z0F20000

(Start Block)


G1X59.0879Y-263.4856
G1Z5F20000
(Plotting speed under)
G1 F4000


G1X91.8409Y-245.6622

G1X32.0898Y-238.2145

G1 Z0F20000

(Start Block)


G1X32.0898Y-238.2145
G1Z5F20000
(Plotting speed under)
G1 F4000


G1X59.0879Y-263.4856

G1X47.8024Y-204.8160

G1 Z0F20000

(Start Block)


G1X47.8024Y-204.8160
G1Z5F20000
(Plotting speed under)
G1 F4000


G1X32.0898Y-238.2145

G1X84.6953Y-209.3866

G1 Z0F20000

(Start Block)


G1X84.6953Y-209.3866
G1Z5F20000
(Plotting speed under)
G1 F4000


G1X47.8024Y-204.8160

G1X92.2348Y-246.0295

G1 Z0F20000

(Start Block)


G1X92.2348Y-246.0295
G1Z5F20000
(Plotting speed under)
G1 F4000


G1X84.6953Y-209.3866

G1X60.0824Y-264.9296

G1 Z0F20000

(Start Block)


G1X60.0824Y-264.9296
G1Z5F20000
(Plotting speed under)
G1 F4000


G1X92.2348Y-246.0295

G1X32.2519Y-240.5680

G1 Z0F20000

(Start Block)


G1X32.2519Y-240.5680
G1Z5F20000
(Plotting speed under)
G1 F4000


G1X60.0824Y-264.9296

G1X46.8389Y-206.6664

G1 Z0F20000

(Start Block)


G1X46.8389Y-206.6664
G1Z5F20000
(Plotting speed under)
G1 F4000


G1X32.2519Y-240.5680

G1X83.8544Y-210.0101

G1 Z0F20000

(Start Block)


G1X83.8544Y-210.0101
G1Z5F20000
(Plotting speed under)
G1 F4000


G1X46.8389Y-206.6664

G1X92.5968Y-246.3825

G1 Z0F20000

(Start Block)


G1X92.5968Y-246.3825
G1Z5F20000
(Plotting speed under)
G1 F4000


G1X83.8544Y-210.0101

G1X61.0804Y-266.3388

G1 Z0F20000

(Start Block)


G1X61.0804Y-266.3388
G1Z5F20000
(Plotting speed under)
G1 F4000


G1X92.5968Y-246.3825

G1X32.4482Y-242.9138

G1 Z0F20000

(Start Block)


G1X32.4482Y-242.9138
G1Z5F20000
(Plotting speed under)
G1 F4000


G1X61.0804Y-266.3388

G1X45.8936Y-208.5467

G1 Z0F20000

(Start Block)


G1X45.8936Y-208.5467
G1Z5F20000
(Plotting speed under)
G1 F4000


G1X32.4482Y-242.9138

G1X82.9908Y-210.6603

G1 Z0F20000

(Start Block)


G1X82.9908Y-210.6603
G1Z5F20000
(Plotting speed under)
G1 F4000


G1X45.8936Y-208.5467

G1X92.9264Y-246.7224

G1 Z0F20000

(Start Block)


G1X92.9264Y-246.7224
G1Z5F20000
(Plotting speed under)
G1 F4000


G1X82.9908Y-210.6603

G1X62.0807Y-267.7132

G1 Z0F20000

(Start Block)


G1X62.0807Y-267.7132
G1Z5F20000
(Plotting speed under)
G1 F4000


G1X92.9264Y-246.7224

G1X32.6783Y-245.2508

G1 Z0F20000

(Start Block)


G1X32.6783Y-245.2508
G1Z5F20000
(Plotting speed under)
G1 F4000


G1X62.0807Y-267.7132

G1X44.9672Y-210.4563

G1 Z0F20000

(Start Block)


G1X44.9672Y-210.4563
G1Z5F20000
(Plotting speed under)
G1 F4000


G1X32.6783Y-245.2508

G1X82.1054Y-211.3377

G1 Z0F20000

(Start Block)


G1X82.1054Y-211.3377
G1Z5F20000
(Plotting speed under)
G1 F4000


G1X44.9672Y-210.4563

G1X93.2232Y-247.0501

G1 Z0F20000

(Start Block)


G1X93.2232Y-247.0501
G1Z5F20000
(Plotting speed under)
G1 F4000


G1X82.1054Y-211.3377

G1X63.0822Y-269.0525

G1 Z0F20000

(Start Block)


G1X63.0822Y-269.0525
G1Z5F20000
(Plotting speed under)
G1 F4000


G1X93.2232Y-247.0501

G1X32.9419Y-247.5779

G1 Z0F20000

(Start Block)


G1X32.9419Y-247.5779
G1Z5F20000
(Plotting speed under)
G1 F4000


G1X63.0822Y-269.0525

G1X44.0608Y-212.3947

G1 Z0F20000

(Start Block)


G1X44.0608Y-212.3947
G1Z5F20000
(Plotting speed under)
G1 F4000


G1X32.9419Y-247.5779

G1X81.1990Y-212.0431

G1 Z0F20000

(Start Block)


G1X81.1990Y-212.0431
G1Z5F20000
(Plotting speed under)
G1 F4000


G1X44.0608Y-212.3947

G1X93.4869Y-247.3668

G1 Z0F20000

(Start Block)


G1X93.4869Y-247.3668
G1Z5F20000
(Plotting speed under)
G1 F4000


G1X81.1990Y-212.0431

G1X64.0837Y-270.3570

G1 Z0F20000

(Start Block)


G1X64.0837Y-270.3570
G1Z5F20000
(Plotting speed under)
G1 F4000


G1X93.4869Y-247.3668

G1X33.2387Y-249.8940

G1 Z0F20000

(Start Block)


G1X33.2387Y-249.8940
G1Z5F20000
(Plotting speed under)
G1 F4000


G1X64.0837Y-270.3570

G1X43.1753Y-214.3610

G1 Z0F20000

(Start Block)


G1X43.1753Y-214.3610
G1Z5F20000
(Plotting speed under)
G1 F4000


G1X33.2387Y-249.8940

G1X80.2727Y-212.7772

G1 Z0F20000

(Start Block)


G1X80.2727Y-212.7772
G1Z5F20000
(Plotting speed under)
G1 F4000


G1X43.1753Y-214.3610

G1X93.7170Y-247.6735

G1 Z0F20000

(Start Block)


G1X93.7170Y-247.6735
G1Z5F20000
(Plotting speed under)
G1 F4000


G1X80.2727Y-212.7772

G1X65.0840Y-271.6265

G1 Z0F20000

(Start Block)


G1X65.0840Y-271.6265
G1Z5F20000
(Plotting speed under)
G1 F4000


G1X93.7170Y-247.6735

G1X33.5682Y-252.1980

G1 Z0F20000

(Start Block)


G1X33.5682Y-252.1980
G1Z5F20000
(Plotting speed under)
G1 F4000


G1X65.0840Y-271.6265

G1X42.3117Y-216.3546

G1 Z0F20000

(Start Block)


G1X42.3117Y-216.3546
G1Z5F20000
(Plotting speed under)
G1 F4000


G1X33.5682Y-252.1980

G1X79.3273Y-213.5407

G1 Z0F20000

(Start Block)


G1X79.3273Y-213.5407
G1Z5F20000
(Plotting speed under)
G1 F4000


G1X42.3117Y-216.3546

G1X93.9133Y-247.9715

G1 Z0F20000

(Start Block)


G1X93.9133Y-247.9715
G1Z5F20000
(Plotting speed under)
G1 F4000


G1X79.3273Y-213.5407

G1X66.0820Y-272.8611

G1 Z0F20000

(Start Block)


G1X66.0820Y-272.8611
G1Z5F20000
(Plotting speed under)
G1 F4000


G1X93.9133Y-247.9715

G1X33.9302Y-254.4888

G1 Z0F20000

(Start Block)


G1X33.9302Y-254.4888
G1Z5F20000
(Plotting speed under)
G1 F4000


G1X66.0820Y-272.8611

G1X41.4708Y-218.3748

G1 Z0F20000

(Start Block)


G1X41.4708Y-218.3748
G1Z5F20000
(Plotting speed under)
G1 F4000


G1X33.9302Y-254.4888

G1X78.3639Y-214.3341

G1 Z0F20000

(Start Block)


G1X78.3639Y-214.3341
G1Z5F20000
(Plotting speed under)
G1 F4000


G1X41.4708Y-218.3748

G1X94.0754Y-248.2618

G1 Z0F20000

(Start Block)


G1X94.0754Y-248.2618
G1Z5F20000
(Plotting speed under)
G1 F4000


G1X78.3639Y-214.3341

G1X67.0765Y-274.0609

G1 Z0F20000

(Start Block)


G1X67.0765Y-274.0609
G1Z5F20000
(Plotting speed under)
G1 F4000


G1X94.0754Y-248.2618

G1X34.3241Y-256.7653

G1 Z0F20000

(Start Block)


G1X34.3241Y-256.7653
G1Z5F20000
(Plotting speed under)
G1 F4000


G1X67.0765Y-274.0609

G1X40.6535Y-220.4208

G1 Z0F20000

(Start Block)


G1X40.6535Y-220.4208
G1Z5F20000
(Plotting speed under)
G1 F4000


G1X34.3241Y-256.7653

G1X77.3834Y-215.1581

G1 Z0F20000

(Start Block)


G1X77.3834Y-215.1581
G1Z5F20000
(Plotting speed under)
G1 F4000


G1X40.6535Y-220.4208

G1X94.2033Y-248.5456

G1 Z0F20000

(Start Block)


G1X94.2033Y-248.5456
G1Z5F20000
(Plotting speed under)
G1 F4000


G1X77.3834Y-215.1581

G1X68.0665Y-275.2261

G1 Z0F20000

(Start Block)


G1X68.0665Y-275.2261
G1Z5F20000
(Plotting speed under)
G1 F4000


G1X94.2033Y-248.5456

G1X34.7494Y-259.0265

G1 Z0F20000

(Start Block)


G1X34.7494Y-259.0265
G1Z5F20000
(Plotting speed under)
G1 F4000


G1X68.0665Y-275.2261

G1X39.8607Y-222.4918

G1 Z0F20000

(Start Block)


G1X39.8607Y-222.4918
G1Z5F20000
(Plotting speed under)
G1 F4000


G1X34.7494Y-259.0265

G1X76.3870Y-216.0131

G1 Z0F20000

(Start Block)


G1X76.3870Y-216.0131
G1Z5F20000
(Plotting speed under)
G1 F4000


G1X39.8607Y-222.4918

G1X94.2965Y-248.8240

G1 Z0F20000

(Start Block)


G1X94.2965Y-248.8240
G1Z5F20000
(Plotting speed under)
G1 F4000


G1X76.3870Y-216.0131

G1X69.0506Y-276.3567

G1 Z0F20000

(Start Block)


G1X69.0506Y-276.3567
G1Z5F20000
(Plotting speed under)
G1 F4000


G1X94.2965Y-248.8240

G1X35.2056Y-261.2713

G1 Z0F20000

(Start Block)


G1X35.2056Y-261.2713
G1Z5F20000
(Plotting speed under)
G1 F4000


G1X69.0506Y-276.3567

G1X39.0931Y-224.5870

G1 Z0F20000

(Start Block)


G1X39.0931Y-224.5870
G1Z5F20000
(Plotting speed under)
G1 F4000


G1X35.2056Y-261.2713

G1X75.3755Y-216.8997

G1 Z0F20000

(Start Block)


G1X75.3755Y-216.8997
G1Z5F20000
(Plotting speed under)
G1 F4000


G1X39.0931Y-224.5870

G1X94.3551Y-249.0981

G1 Z0F20000

(Start Block)


G1X94.3551Y-249.0981
G1Z5F20000
(Plotting speed under)
G1 F4000


G1X75.3755Y-216.8997

G1X70.0278Y-277.4531

G1 Z0F20000

(Start Block)


G1X70.0278Y-277.4531
G1Z5F20000
(Plotting speed under)
G1 F4000


G1X94.3551Y-249.0981

G1X35.6921Y-263.4987

G1 Z0F20000

(Start Block)


G1X35.6921Y-263.4987
G1Z5F20000
(Plotting speed under)
G1 F4000


G1X70.0278Y-277.4531

G1X38.3516Y-226.7055

G1 Z0F20000

(Start Block)


G1X38.3516Y-226.7055
G1Z5F20000
(Plotting speed under)
G1 F4000


G1X35.6921Y-263.4987

G1X74.3502Y-217.8184

G1 Z0F20000

(Start Block)


G1X74.3502Y-217.8184
G1Z5F20000
(Plotting speed under)
G1 F4000


G1X38.3516Y-226.7055

G1X94.3789Y-249.3691

G1 Z0F20000

(Start Block)


G1X94.3789Y-249.3691
G1Z5F20000
(Plotting speed under)
G1 F4000


G1X74.3502Y-217.8184

G1X70.9970Y-278.5155

G1 Z0F20000

(Start Block)


G1X70.9970Y-278.5155
G1Z5F20000
(Plotting speed under)
G1 F4000


G1X94.3789Y-249.3691

G1X36.2084Y-265.7079

G1 Z0F20000

(Start Block)


G1X36.2084Y-265.7079
G1Z5F20000
(Plotting speed under)
G1 F4000


G1X70.9970Y-278.5155

G1X37.6369Y-228.8464

G1 Z0F20000

(Start Block)


G1X37.6369Y-228.8464
G1Z5F20000
(Plotting speed under)
G1 F4000


G1X36.2084Y-265.7079

G1X73.3120Y-218.7696

G1 Z0F20000

(Start Block)


G1X73.3120Y-218.7696
G1Z5F20000
(Plotting speed under)
G1 F4000


G1X37.6369Y-228.8464

G1X94.3677Y-249.6382

G1 Z0F20000

(Start Block)


G1X94.3677Y-249.6382
G1Z5F20000
(Plotting speed under)
G1 F4000


G1X73.3120Y-218.7696

G1X71.9569Y-279.5442

G1 Z0F20000

(Start Block)


G1X71.9569Y-279.5442
G1Z5F20000
(Plotting speed under)
G1 F4000


G1X94.3677Y-249.6382

G1X36.7538Y-267.8976

G1 Z0F20000

(Start Block)


G1X36.7538Y-267.8976
G1Z5F20000
(Plotting speed under)
G1 F4000


G1X71.9569Y-279.5442

G1X36.9497Y-231.0089

G1 Z0F20000

(Start Block)


G1X36.9497Y-231.0089
G1Z5F20000
(Plotting speed under)
G1 F4000


G1X36.7538Y-267.8976

G1X72.2621Y-219.7537

G1 Z0F20000

(Start Block)


G1X72.2621Y-219.7537
G1Z5F20000
(Plotting speed under)
G1 F4000


G1X36.9497Y-231.0089

G1X94.3216Y-249.9065

G1 Z0F20000

(Start Block)


G1X94.3216Y-249.9065
G1Z5F20000
(Plotting speed under)
G1 F4000


G1X72.2621Y-219.7537

G1X72.9066Y-280.5394

G1 Z0F20000

(Start Block)


G1X72.9066Y-280.5394
G1Z5F20000
(Plotting speed under)
G1 F4000


G1X94.3216Y-249.9065

G1X37.3277Y-270.0671

G1 Z0F20000

(Start Block)


G1X37.3277Y-270.0671
G1Z5F20000
(Plotting speed under)
G1 F4000


G1X72.9066Y-280.5394

G1X36.2907Y-233.1919

G1 Z0F20000

(Start Block)


G1X36.2907Y-233.1919
G1Z5F20000
(Plotting speed under)
G1 F4000


G1X37.3277Y-270.0671

G1X71.2015Y-220.7712

G1 Z0F20000

(Start Block)


G1X71.2015Y-220.7712
G1Z5F20000
(Plotting speed under)
G1 F4000


G1X36.2907Y-233.1919

G1X94.2405Y-250.1752

G1 Z0F20000

(Start Block)


G1X94.2405Y-250.1752
G1Z5F20000
(Plotting speed under)
G1 F4000


G1X71.2015Y-220.7712

G1X73.8450Y-281.5016

G1 Z0F20000

(Start Block)


G1X73.8450Y-281.5016
G1Z5F20000
(Plotting speed under)
G1 F4000


G1X94.2405Y-250.1752

G1X37.9294Y-272.2153

G1 Z0F20000

(Start Block)


G1X37.9294Y-272.2153
G1Z5F20000
(Plotting speed under)
G1 F4000


G1X73.8450Y-281.5016

G1X35.6607Y-235.3947

G1 Z0F20000

(Start Block)


G1X35.6607Y-235.3947
G1Z5F20000
(Plotting speed under)
G1 F4000


G1X37.9294Y-272.2153

G1X70.1313Y-221.8222

G1 Z0F20000

(Start Block)


G1X70.1313Y-221.8222
G1Z5F20000
(Plotting speed under)
G1 F4000


G1X35.6607Y-235.3947

G1X94.1245Y-250.4455

G1 Z0F20000

(Start Block)


G1X94.1245Y-250.4455
G1Z5F20000
(Plotting speed under)
G1 F4000


G1X70.1313Y-221.8222

G1X74.7708Y-282.4311

G1 Z0F20000

(Start Block)


G1X74.7708Y-282.4311
G1Z5F20000
(Plotting speed under)
G1 F4000


G1X94.1245Y-250.4455

G1X38.5581Y-274.3414

G1 Z0F20000

(Start Block)


G1X38.5581Y-274.3414
G1Z5F20000
(Plotting speed under)
G1 F4000


G1X74.7708Y-282.4311

G1X35.0602Y-237.6161

G1 Z0F20000

(Start Block)


G1X35.0602Y-237.6161
G1Z5F20000
(Plotting speed under)
G1 F4000


G1X38.5581Y-274.3414

G1X69.0528Y-222.9072

G1 Z0F20000

(Start Block)


G1X69.0528Y-222.9072
G1Z5F20000
(Plotting speed under)
G1 F4000


G1X35.0602Y-237.6161

G1X93.9736Y-250.7185

G1 Z0F20000

(Start Block)


G1X93.9736Y-250.7185
G1Z5F20000
(Plotting speed under)
G1 F4000


G1X69.0528Y-222.9072

G1X75.6831Y-283.3284

G1 Z0F20000

(Start Block)


G1X75.6831Y-283.3284
G1Z5F20000
(Plotting speed under)
G1 F4000


G1X93.9736Y-250.7185

G1X39.2131Y-276.4445

G1 Z0F20000

(Start Block)


G1X39.2131Y-276.4445
G1Z5F20000
(Plotting speed under)
G1 F4000


G1X75.6831Y-283.3284

G1X34.4899Y-239.8552

G1 Z0F20000

(Start Block)


G1X34.4899Y-239.8552
G1Z5F20000
(Plotting speed under)
G1 F4000


G1X39.2131Y-276.4445

G1X67.9669Y-224.0264

G1 Z0F20000

(Start Block)


G1X67.9669Y-224.0264
G1Z5F20000
(Plotting speed under)
G1 F4000


G1X34.4899Y-239.8552

G1X93.7880Y-250.9953

G1 Z0F20000

(Start Block)


G1X93.7880Y-250.9953
G1Z5F20000
(Plotting speed under)
G1 F4000


G1X67.9669Y-224.0264

G1X76.5808Y-284.1939

G1 Z0F20000

(Start Block)


G1X76.5808Y-284.1939
G1Z5F20000
(Plotting speed under)
G1 F4000


G1X93.7880Y-250.9953

G1X39.8937Y-278.5236

G1 Z0F20000

(Start Block)


G1X39.8937Y-278.5236
G1Z5F20000
(Plotting speed under)
G1 F4000


G1X76.5808Y-284.1939

G1X33.9503Y-242.1111

G1 Z0F20000

(Start Block)


G1X33.9503Y-242.1111
G1Z5F20000
(Plotting speed under)
G1 F4000


G1X39.8937Y-278.5236

G1X66.8749Y-225.1800

G1 Z0F20000

(Start Block)


G1X66.8749Y-225.1800
G1Z5F20000
(Plotting speed under)
G1 F4000


G1X33.9503Y-242.1111

G1X93.5678Y-251.2771

G1 Z0F20000

(Start Block)


G1X93.5678Y-251.2771
G1Z5F20000
(Plotting speed under)
G1 F4000


G1X66.8749Y-225.1800

G1X77.4627Y-285.0282

G1 Z0F20000

(Start Block)


G1X77.4627Y-285.0282
G1Z5F20000
(Plotting speed under)
G1 F4000


G1X93.5678Y-251.2771

G1X40.5990Y-280.5781

G1 Z0F20000

(Start Block)


G1X40.5990Y-280.5781
G1Z5F20000
(Plotting speed under)
G1 F4000


G1X77.4627Y-285.0282

G1X33.4419Y-244.3826

G1 Z0F20000

(Start Block)


G1X33.4419Y-244.3826
G1Z5F20000
(Plotting speed under)
G1 F4000


G1X40.5990Y-280.5781

G1X65.7778Y-226.3682

G1 Z0F20000

(Start Block)


G1X65.7778Y-226.3682
G1Z5F20000
(Plotting speed under)
G1 F4000


G1X33.4419Y-244.3826

G1X93.3132Y-251.5651

G1 Z0F20000

(Start Block)


G1X93.3132Y-251.5651
G1Z5F20000
(Plotting speed under)
G1 F4000


G1X65.7778Y-226.3682

G1X78.3280Y-285.8318

G1 Z0F20000

(Start Block)


G1X78.3280Y-285.8318
G1Z5F20000
(Plotting speed under)
G1 F4000


G1X93.3132Y-251.5651

G1X41.3281Y-282.6070

G1 Z0F20000

(Start Block)


G1X41.3281Y-282.6070
G1Z5F20000
(Plotting speed under)
G1 F4000


G1X78.3280Y-285.8318

G1X32.9653Y-246.6687

G1 Z0F20000

(Start Block)


G1X32.9653Y-246.6687
G1Z5F20000
(Plotting speed under)
G1 F4000


G1X41.3281Y-282.6070

G1X64.6770Y-227.5912

G1 Z0F20000

(Start Block)


G1X64.6770Y-227.5912
G1Z5F20000
(Plotting speed under)
G1 F4000


G1X32.9653Y-246.6687

G1X93.0244Y-251.8604

G1 Z0F20000

(Start Block)


G1X93.0244Y-251.8604
G1Z5F20000
(Plotting speed under)
G1 F4000


G1X64.6770Y-227.5912

G1X79.1757Y-286.6052

G1 Z0F20000

(Start Block)


G1X79.1757Y-286.6052
G1Z5F20000
(Plotting speed under)
G1 F4000


G1X93.0244Y-251.8604

G1X42.0803Y-284.6096

G1 Z0F20000

(Start Block)


G1X42.0803Y-284.6096
G1Z5F20000
(Plotting speed under)
G1 F4000


G1X79.1757Y-286.6052

G1X32.5209Y-248.9683

G1 Z0F20000

(Start Block)


G1X32.5209Y-248.9683
G1Z5F20000
(Plotting speed under)
G1 F4000


G1X42.0803Y-284.6096

G1X63.5734Y-228.8490

G1 Z0F20000

(Start Block)


G1X63.5734Y-228.8490
G1Z5F20000
(Plotting speed under)
G1 F4000


G1X32.5209Y-248.9683

G1X92.7016Y-252.1641

G1 Z0F20000

(Start Block)


G1X92.7016Y-252.1641
G1Z5F20000
(Plotting speed under)
G1 F4000


G1X63.5734Y-228.8490

G1X80.0045Y-287.3490

G1 Z0F20000

(Start Block)


G1X80.0045Y-287.3490
G1Z5F20000
(Plotting speed under)
G1 F4000


G1X92.7016Y-252.1641

G1X42.8547Y-286.5852

G1 Z0F20000

(Start Block)


G1X42.8547Y-286.5852
G1Z5F20000
(Plotting speed under)
G1 F4000


G1X80.0045Y-287.3490

G1X32.1092Y-251.2805

G1 Z0F20000

(Start Block)


G1X32.1092Y-251.2805
G1Z5F20000
(Plotting speed under)
G1 F4000


G1X42.8547Y-286.5852

G1X62.4682Y-230.1417

G1 Z0F20000

(Start Block)


G1X62.4682Y-230.1417
G1Z5F20000
(Plotting speed under)
G1 F4000


G1X32.1092Y-251.2805

G1X92.3453Y-252.4774

G1 Z0F20000

(Start Block)


G1X92.3453Y-252.4774
G1Z5F20000
(Plotting speed under)
G1 F4000


G1X62.4682Y-230.1417

G1X80.8138Y-288.0640

G1 Z0F20000

(Start Block)


G1X80.8138Y-288.0640
G1Z5F20000
(Plotting speed under)
G1 F4000


G1X92.3453Y-252.4774

G1X43.6502Y-288.5329

G1 Z0F20000

(Start Block)


G1X43.6502Y-288.5329
G1Z5F20000
(Plotting speed under)
G1 F4000


G1X80.8138Y-288.0640

G1X31.7305Y-253.6040

G1 Z0F20000

(Start Block)


G1X31.7305Y-253.6040
G1Z5F20000
(Plotting speed under)
G1 F4000


G1X43.6502Y-288.5329

G1X61.3627Y-231.4694

G1 Z0F20000

(Start Block)


G1X61.3627Y-231.4694
G1Z5F20000
(Plotting speed under)
G1 F4000


G1X31.7305Y-253.6040

G1X91.9556Y-252.8013

G1 Z0F20000

(Start Block)


G1X91.9556Y-252.8013
G1Z5F20000
(Plotting speed under)
G1 F4000


G1X61.3627Y-231.4694

G1X81.6024Y-288.7507

G1 Z0F20000

(Start Block)


G1X81.6024Y-288.7507
G1Z5F20000
(Plotting speed under)
G1 F4000


G1X91.9556Y-252.8013

G1X44.4661Y-290.4523

G1 Z0F20000

(Start Block)


G1X44.4661Y-290.4523
G1Z5F20000
(Plotting speed under)
G1 F4000


G1X81.6024Y-288.7507

G1X31.3852Y-255.9379

G1 Z0F20000

(Start Block)


G1X31.3852Y-255.9379
G1Z5F20000
(Plotting speed under)
G1 F4000


G1X44.4661Y-290.4523

G1X60.2579Y-232.8321

G1 Z0F20000

(Start Block)


G1X60.2579Y-232.8321
G1Z5F20000
(Plotting speed under)
G1 F4000


G1X31.3852Y-255.9379

G1X91.5330Y-253.1369

G1 Z0F20000

(Start Block)


G1X91.5330Y-253.1369
G1Z5F20000
(Plotting speed under)
G1 F4000


G1X60.2579Y-232.8321

G1X82.3695Y-289.4099

G1 Z0F20000

(Start Block)


G1X82.3695Y-289.4099
G1Z5F20000
(Plotting speed under)
G1 F4000


G1X91.5330Y-253.1369

G1X45.3013Y-292.3424

G1 Z0F20000

(Start Block)


G1X45.3013Y-292.3424
G1Z5F20000
(Plotting speed under)
G1 F4000


G1X82.3695Y-289.4099

G1X31.0737Y-258.2809

G1 Z0F20000

(Start Block)


G1X31.0737Y-258.2809
G1Z5F20000
(Plotting speed under)
G1 F4000


G1X45.3013Y-292.3424

G1X59.1551Y-234.2296

G1 Z0F20000

(Start Block)


G1X59.1551Y-234.2296
G1Z5F20000
(Plotting speed under)
G1 F4000


G1X31.0737Y-258.2809

G1X91.0779Y-253.4854

G1 Z0F20000

(Start Block)


G1X91.0779Y-253.4854
G1Z5F20000
(Plotting speed under)
G1 F4000


G1X59.1551Y-234.2296

G1X83.1142Y-290.0423

G1 Z0F20000

(Start Block)


G1X83.1142Y-290.0423
G1Z5F20000
(Plotting speed under)
G1 F4000


G1X91.0779Y-253.4854

G1X46.1549Y-294.2029

G1 Z0F20000

(Start Block)


G1X46.1549Y-294.2029
G1Z5F20000
(Plotting speed under)
G1 F4000


G1X83.1142Y-290.0423

G1X30.7962Y-260.6319

G1 Z0F20000

(Start Block)


G1X30.7962Y-260.6319
G1Z5F20000
(Plotting speed under)
G1 F4000


G1X46.1549Y-294.2029

G1X58.0554Y-235.6620

G1 Z0F20000

(Start Block)


G1X58.0554Y-235.6620
G1Z5F20000
(Plotting speed under)
G1 F4000


G1X30.7962Y-260.6319

G1X90.5907Y-253.8478

G1 Z0F20000

(Start Block)


G1X90.5907Y-253.8478
G1Z5F20000
(Plotting speed under)
G1 F4000


G1X58.0554Y-235.6620

G1X83.8355Y-290.6486

G1 Z0F20000

(Start Block)


G1X83.8355Y-290.6486
G1Z5F20000
(Plotting speed under)
G1 F4000


G1X90.5907Y-253.8478

G1X47.0258Y-296.0330

G1 Z0F20000

(Start Block)


G1X47.0258Y-296.0330
G1Z5F20000
(Plotting speed under)
G1 F4000


G1X83.8355Y-290.6486

G1X30.5530Y-262.9899

G1 Z0F20000

(Start Block)


G1X30.5530Y-262.9899
G1Z5F20000
(Plotting speed under)
G1 F4000


G1X47.0258Y-296.0330

G1X56.9599Y-237.1291

G1 Z0F20000

(Start Block)


G1X56.9599Y-237.1291
G1Z5F20000
(Plotting speed under)
G1 F4000


G1X30.5530Y-262.9899

G1X90.0719Y-254.2252

G1 Z0F20000

(Start Block)


G1X90.0719Y-254.2252
G1Z5F20000
(Plotting speed under)
G1 F4000


G1X56.9599Y-237.1291

G1X84.5326Y-291.2296

G1 Z0F20000

(Start Block)


G1X84.5326Y-291.2296
G1Z5F20000
(Plotting speed under)
G1 F4000


G1X90.0719Y-254.2252

G1X47.9132Y-297.8322

G1 Z0F20000

(Start Block)


G1X47.9132Y-297.8322
G1Z5F20000
(Plotting speed under)
G1 F4000


G1X84.5326Y-291.2296

G1X30.3443Y-265.3537

G1 Z0F20000

(Start Block)


G1X30.3443Y-265.3537
G1Z5F20000
(Plotting speed under)
G1 F4000


G1X47.9132Y-297.8322

G1X55.8698Y-238.6307

G1 Z0F20000

(Start Block)


G1X55.8698Y-238.6307
G1Z5F20000
(Plotting speed under)
G1 F4000


G1X30.3443Y-265.3537

G1X89.5220Y-254.6186

G1 Z0F20000

(Start Block)


G1X89.5220Y-254.6186
G1Z5F20000
(Plotting speed under)
G1 F4000


G1X55.8698Y-238.6307

G1X85.2048Y-291.7862

G1 Z0F20000

(Start Block)


G1X85.2048Y-291.7862
G1Z5F20000
(Plotting speed under)
G1 F4000


G1X89.5220Y-254.6186

G1X48.8158Y-299.6000

G1 Z0F20000

(Start Block)


G1X48.8158Y-299.6000
G1Z5F20000
(Plotting speed under)
G1 F4000


G1X85.2048Y-291.7862

G1X30.1702Y-267.7220

G1 Z0F20000

(Start Block)


G1X30.1702Y-267.7220
G1Z5F20000
(Plotting speed under)
G1 F4000


G1X48.8158Y-299.6000

G1X54.7862Y-240.1667

G1 Z0F20000

(Start Block)


G1X54.7862Y-240.1667
G1Z5F20000
(Plotting speed under)
G1 F4000


G1X30.1702Y-267.7220

G1X88.9416Y-255.0290

G1 Z0F20000

(Start Block)


G1X88.9416Y-255.0290
G1Z5F20000
(Plotting speed under)
G1 F4000


G1X54.7862Y-240.1667

G1X85.8512Y-292.3192

G1 Z0F20000

(Start Block)


G1X85.8512Y-292.3192
G1Z5F20000
(Plotting speed under)
G1 F4000


G1X88.9416Y-255.0290

G1X49.7327Y-301.3358

G1 Z0F20000

(Start Block)


G1X49.7327Y-301.3358
G1Z5F20000
(Plotting speed under)
G1 F4000


G1X85.8512Y-292.3192

G1X30.0309Y-270.0939

G1 Z0F20000

(Start Block)


G1X30.0309Y-270.0939
G1Z5F20000
(Plotting speed under)
G1 F4000


G1X49.7327Y-301.3358

G1X53.7103Y-241.7368

G1 Z0F20000

(Start Block)


G1X53.7103Y-241.7368
G1Z5F20000
(Plotting speed under)
G1 F4000


G1X30.0309Y-270.0939

G1X88.3312Y-255.4575

G1 Z0F20000

(Start Block)


G1X88.3312Y-255.4575
G1Z5F20000
(Plotting speed under)
G1 F4000


G1X53.7103Y-241.7368

G1X86.4710Y-292.8295

G1 Z0F20000

(Start Block)


G1X86.4710Y-292.8295
G1Z5F20000
(Plotting speed under)
G1 F4000


G1X88.3312Y-255.4575

G1X50.6628Y-303.0393

G1 Z0F20000

(Start Block)


G1X50.6628Y-303.0393
G1Z5F20000
(Plotting speed under)
G1 F4000


G1X86.4710Y-292.8295

G1X29.9265Y-272.4681

G1 Z0F20000

(Start Block)


G1X29.9265Y-272.4681
G1Z5F20000
(Plotting speed under)
G1 F4000


G1X50.6628Y-303.0393

G1X52.6432Y-243.3407

G1 Z0F20000

(Start Block)


G1X52.6432Y-243.3407
G1Z5F20000
(Plotting speed under)
G1 F4000


G1X29.9265Y-272.4681

G1X87.6915Y-255.9050

G1 Z0F20000

(Start Block)


G1X87.6915Y-255.9050
G1Z5F20000
(Plotting speed under)
G1 F4000


G1X52.6432Y-243.3407

G1X87.0635Y-293.3179

G1 Z0F20000

(Start Block)


G1X87.0635Y-293.3179
G1Z5F20000
(Plotting speed under)
G1 F4000


G1X87.6915Y-255.9050

G1X51.6050Y-304.7100

G1 Z0F20000

(Start Block)


G1X51.6050Y-304.7100
G1Z5F20000
(Plotting speed under)
G1 F4000


G1X87.0635Y-293.3179

G1X29.8570Y-274.8434

G1 Z0F20000

(Start Block)


G1X29.8570Y-274.8434
G1Z5F20000
(Plotting speed under)
G1 F4000


G1X51.6050Y-304.7100

G1X51.5860Y-244.9782

G1 Z0F20000

(Start Block)


G1X51.5860Y-244.9782
G1Z5F20000
(Plotting speed under)
G1 F4000


G1X29.8570Y-274.8434

G1X87.0231Y-256.3724

G1 Z0F20000

(Start Block)


G1X87.0231Y-256.3724
G1Z5F20000
(Plotting speed under)
G1 F4000


G1X51.5860Y-244.9782

G1X87.6281Y-293.7854

G1 Z0F20000

(Start Block)


G1X87.6281Y-293.7854
G1Z5F20000
(Plotting speed under)
G1 F4000


G1X87.0231Y-256.3724

G1X52.5582Y-306.3475

G1 Z0F20000

(Start Block)


G1X52.5582Y-306.3475
G1Z5F20000
(Plotting speed under)
G1 F4000


G1X87.6281Y-293.7854

G1X29.8225Y-277.2188

G1 Z0F20000

(Start Block)


G1X29.8225Y-277.2188
G1Z5F20000
(Plotting speed under)
G1 F4000


G1X52.5582Y-306.3475

G1X50.5399Y-246.6488

G1 Z0F20000

(Start Block)


G1X50.5399Y-246.6488
G1Z5F20000
(Plotting speed under)
G1 F4000


G1X29.8225Y-277.2188

G1X86.3267Y-256.8608

G1 Z0F20000

(Start Block)


G1X86.3267Y-256.8608
G1Z5F20000
(Plotting speed under)
G1 F4000


G1X50.5399Y-246.6488

G1X88.1639Y-294.2329

G1 Z0F20000

(Start Block)


G1X88.1639Y-294.2329
G1Z5F20000
(Plotting speed under)
G1 F4000


G1X86.3267Y-256.8608

G1X53.5214Y-307.9515

G1 Z0F20000

(Start Block)


G1X53.5214Y-307.9515
G1Z5F20000
(Plotting speed under)
G1 F4000


G1X88.1639Y-294.2329

G1X29.8229Y-279.5930

G1 Z0F20000

(Start Block)


G1X29.8229Y-279.5930
G1Z5F20000
(Plotting speed under)
G1 F4000


G1X53.5214Y-307.9515

G1X49.5058Y-248.3522

G1 Z0F20000

(Start Block)


G1X49.5058Y-248.3522
G1Z5F20000
(Plotting speed under)
G1 F4000


G1X29.8229Y-279.5930

G1X85.6030Y-257.3710

G1 Z0F20000

(Start Block)


G1X85.6030Y-257.3710
G1Z5F20000
(Plotting speed under)
G1 F4000


G1X49.5058Y-248.3522

G1X88.6704Y-294.6614

G1 Z0F20000

(Start Block)


G1X88.6704Y-294.6614
G1Z5F20000
(Plotting speed under)
G1 F4000


G1X85.6030Y-257.3710

G1X54.4933Y-309.5217

G1 Z0F20000

(Start Block)


G1X54.4933Y-309.5217
G1Z5F20000
(Plotting speed under)
G1 F4000


G1X88.6704Y-294.6614

G1X29.8582Y-281.9648

G1 Z0F20000

(Start Block)


G1X29.8582Y-281.9648
G1Z5F20000
(Plotting speed under)
G1 F4000


G1X54.4933Y-309.5217

G1X48.4850Y-250.0880

G1 Z0F20000

(Start Block)


G1X48.4850Y-250.0880
G1Z5F20000
(Plotting speed under)
G1 F4000


G1X29.8582Y-281.9648

G1X84.8528Y-257.9040

G1 Z0F20000

(Start Block)


G1X84.8528Y-257.9040
G1Z5F20000
(Plotting speed under)
G1 F4000


G1X48.4850Y-250.0880

G1X89.1469Y-295.0719

G1 Z0F20000

(Start Block)


G1X89.1469Y-295.0719
G1Z5F20000
(Plotting speed under)
G1 F4000


G1X84.8528Y-257.9040

G1X55.4730Y-311.0577

G1 Z0F20000

(Start Block)


G1X55.4730Y-311.0577
G1Z5F20000
(Plotting speed under)
G1 F4000


G1X89.1469Y-295.0719

G1X29.9283Y-284.3332

G1 Z0F20000

(Start Block)


G1X29.9283Y-284.3332
G1Z5F20000
(Plotting speed under)
G1 F4000


G1X55.4730Y-311.0577

G1X47.4784Y-251.8557

G1 Z0F20000

(Start Block)


G1X47.4784Y-251.8557
G1Z5F20000
(Plotting speed under)
G1 F4000


G1X29.9283Y-284.3332

G1X84.0767Y-258.4605

G1 Z0F20000

(Start Block)


G1X84.0767Y-258.4605
G1Z5F20000
(Plotting speed under)
G1 F4000


G1X47.4784Y-251.8557

G1X89.5929Y-295.4653

G1 Z0F20000

(Start Block)


G1X89.5929Y-295.4653
G1Z5F20000
(Plotting speed under)
G1 F4000


G1X84.0767Y-258.4605

G1X56.4592Y-312.5594

G1 Z0F20000

(Start Block)


G1X56.4592Y-312.5594
G1Z5F20000
(Plotting speed under)
G1 F4000


G1X89.5929Y-295.4653

G1X30.0331Y-286.6970

G1 Z0F20000

(Start Block)


G1X30.0331Y-286.6970
G1Z5F20000
(Plotting speed under)
G1 F4000


G1X56.4592Y-312.5594

G1X46.4871Y-253.6549

G1 Z0F20000

(Start Block)


G1X46.4871Y-253.6549
G1Z5F20000
(Plotting speed under)
G1 F4000


G1X30.0331Y-286.6970

G1X83.2757Y-259.0415

G1 Z0F20000

(Start Block)


G1X83.2757Y-259.0415
G1Z5F20000
(Plotting speed under)
G1 F4000


G1X46.4871Y-253.6549

G1X90.0079Y-295.8427

G1 Z0F20000

(Start Block)


G1X90.0079Y-295.8427
G1Z5F20000
(Plotting speed under)
G1 F4000


G1X83.2757Y-259.0415

G1X57.4507Y-314.0265

G1 Z0F20000

(Start Block)


G1X57.4507Y-314.0265
G1Z5F20000
(Plotting speed under)
G1 F4000


G1X90.0079Y-295.8427

G1X30.1723Y-289.0550

G1 Z0F20000

(Start Block)


G1X30.1723Y-289.0550
G1Z5F20000
(Plotting speed under)
G1 F4000


G1X57.4507Y-314.0265

G1X45.5122Y-255.4849

G1 Z0F20000

(Start Block)


G1X45.5122Y-255.4849
G1Z5F20000
(Plotting speed under)
G1 F4000


G1X30.1723Y-289.0550

G1X82.4505Y-259.6478

G1 Z0F20000

(Start Block)


G1X82.4505Y-259.6478
G1Z5F20000
(Plotting speed under)
G1 F4000


G1X45.5122Y-255.4849

G1X90.3912Y-296.2051

G1 Z0F20000

(Start Block)


G1X90.3912Y-296.2051
G1Z5F20000
(Plotting speed under)
G1 F4000


G1X82.4505Y-259.6478

G1X58.4465Y-315.4590

G1 Z0F20000

(Start Block)


G1X58.4465Y-315.4590
G1Z5F20000
(Plotting speed under)
G1 F4000


G1X90.3912Y-296.2051

G1X30.3458Y-291.4060

G1 Z0F20000

(Start Block)


G1X30.3458Y-291.4060
G1Z5F20000
(Plotting speed under)
G1 F4000


G1X58.4465Y-315.4590

G1X44.5547Y-257.3453

G1 Z0F20000

(Start Block)


G1X44.5547Y-257.3453
G1Z5F20000
(Plotting speed under)
G1 F4000


G1X30.3458Y-291.4060

G1X81.6019Y-260.2801

G1 Z0F20000

(Start Block)


G1X81.6019Y-260.2801
G1Z5F20000
(Plotting speed under)
G1 F4000


G1X44.5547Y-257.3453

G1X90.7425Y-296.5537

G1 Z0F20000

(Start Block)


G1X90.7425Y-296.5537
G1Z5F20000
(Plotting speed under)
G1 F4000


G1X81.6019Y-260.2801

G1X59.4454Y-316.8566

G1 Z0F20000

(Start Block)


G1X59.4454Y-316.8566
G1Z5F20000
(Plotting speed under)
G1 F4000


G1X90.7425Y-296.5537

G1X30.5534Y-293.7491

G1 Z0F20000

(Start Block)


G1X30.5534Y-293.7491
G1Z5F20000
(Plotting speed under)
G1 F4000


G1X59.4454Y-316.8566

G1X43.6155Y-259.2355

G1 Z0F20000

(Start Block)


G1X43.6155Y-259.2355
G1Z5F20000
(Plotting speed under)
G1 F4000


G1X30.5534Y-293.7491

G1X80.7310Y-260.9392

G1 Z0F20000

(Start Block)


G1X80.7310Y-260.9392
G1Z5F20000
(Plotting speed under)
G1 F4000


G1X43.6155Y-259.2355

G1X91.0612Y-296.8893

G1 Z0F20000

(Start Block)


G1X91.0612Y-296.8893
G1Z5F20000
(Plotting speed under)
G1 F4000


G1X80.7310Y-260.9392

G1X60.4462Y-318.2193

G1 Z0F20000

(Start Block)


G1X60.4462Y-318.2193
G1Z5F20000
(Plotting speed under)
G1 F4000


G1X91.0612Y-296.8893

G1X30.7946Y-296.0829

G1 Z0F20000

(Start Block)


G1X30.7946Y-296.0829
G1Z5F20000
(Plotting speed under)
G1 F4000


G1X60.4462Y-318.2193

G1X42.6957Y-261.1547

G1 Z0F20000

(Start Block)


G1X42.6957Y-261.1547
G1Z5F20000
(Plotting speed under)
G1 F4000


G1X30.7946Y-296.0829

G1X79.8385Y-261.6259

G1 Z0F20000

(Start Block)


G1X79.8385Y-261.6259
G1Z5F20000
(Plotting speed under)
G1 F4000


G1X42.6957Y-261.1547

G1X91.3470Y-297.2133

G1 Z0F20000

(Start Block)


G1X91.3470Y-297.2133
G1Z5F20000
(Plotting speed under)
G1 F4000


G1X79.8385Y-261.6259

G1X61.4478Y-319.5471

G1 Z0F20000

(Start Block)


G1X61.4478Y-319.5471
G1Z5F20000
(Plotting speed under)
G1 F4000


G1X91.3470Y-297.2133

G1X31.0693Y-298.4065

G1 Z0F20000

(Start Block)


G1X31.0693Y-298.4065
G1Z5F20000
(Plotting speed under)
G1 F4000


G1X61.4478Y-319.5471

G1X41.7962Y-263.1025

G1 Z0F20000

(Start Block)


G1X41.7962Y-263.1025
G1Z5F20000
(Plotting speed under)
G1 F4000


G1X31.0693Y-298.4065

G1X78.9253Y-262.3408

G1 Z0F20000

(Start Block)


G1X78.9253Y-262.3408
G1Z5F20000
(Plotting speed under)
G1 F4000


G1X41.7962Y-263.1025

G1X91.5995Y-297.5265

G1 Z0F20000

(Start Block)


G1X91.5995Y-297.5265
G1Z5F20000
(Plotting speed under)
G1 F4000


G1X78.9253Y-262.3408

G1X62.4491Y-320.8399

G1 Z0F20000

(Start Block)


G1X62.4491Y-320.8399
G1Z5F20000
(Plotting speed under)
G1 F4000


G1X91.5995Y-297.5265

G1X31.3771Y-300.7186

G1 Z0F20000

(Start Block)


G1X31.3771Y-300.7186
G1Z5F20000
(Plotting speed under)
G1 F4000


G1X62.4491Y-320.8399

G1X40.9179Y-265.0780

G1 Z0F20000

(Start Block)


G1X40.9179Y-265.0780
G1Z5F20000
(Plotting speed under)
G1 F4000


G1X31.3771Y-300.7186

G1X77.9925Y-263.0846

G1 Z0F20000

(Start Block)


G1X77.9925Y-263.0846
G1Z5F20000
(Plotting speed under)
G1 F4000


G1X40.9179Y-265.0780

G1X91.8184Y-297.8302

G1 Z0F20000

(Start Block)


G1X91.8184Y-297.8302
G1Z5F20000
(Plotting speed under)
G1 F4000


G1X77.9925Y-263.0846

G1X63.4488Y-322.0978

G1 Z0F20000

(Start Block)


G1X63.4488Y-322.0978
G1Z5F20000
(Plotting speed under)
G1 F4000


G1X91.8184Y-297.8302

G1X31.7175Y-303.0184

G1 Z0F20000

(Start Block)


G1X31.7175Y-303.0184
G1Z5F20000
(Plotting speed under)
G1 F4000


G1X63.4488Y-322.0978

G1X40.0617Y-267.0805

G1 Z0F20000

(Start Block)


G1X40.0617Y-267.0805
G1Z5F20000
(Plotting speed under)
G1 F4000


G1X31.7175Y-303.0184

G1X77.0410Y-263.8580

G1 Z0F20000

(Start Block)


G1X77.0410Y-263.8580
G1Z5F20000
(Plotting speed under)
G1 F4000


G1X40.0617Y-267.0805

G1X92.0034Y-298.1255

G1 Z0F20000

(Start Block)


G1X92.0034Y-298.1255
G1Z5F20000
(Plotting speed under)
G1 F4000


G1X77.0410Y-263.8580

G1X64.4457Y-323.3208

G1 Z0F20000

(Start Block)


G1X64.4457Y-323.3208
G1Z5F20000
(Plotting speed under)
G1 F4000


G1X92.0034Y-298.1255

G1X32.0901Y-305.3045

G1 Z0F20000

(Start Block)


G1X32.0901Y-305.3045
G1Z5F20000
(Plotting speed under)
G1 F4000


G1X64.4457Y-323.3208

G1X39.2286Y-269.1094

G1 Z0F20000

(Start Block)


G1X39.2286Y-269.1094
G1Z5F20000
(Plotting speed under)
G1 F4000


G1X32.0901Y-305.3045

G1X76.0719Y-264.6615

G1 Z0F20000

(Start Block)


G1X76.0719Y-264.6615
G1Z5F20000
(Plotting speed under)
G1 F4000


G1X39.2286Y-269.1094

G1X92.1542Y-298.4135

G1 Z0F20000

(Start Block)


G1X92.1542Y-298.4135
G1Z5F20000
(Plotting speed under)
G1 F4000


G1X76.0719Y-264.6615

G1X65.4388Y-324.5091

G1 Z0F20000

(Start Block)


G1X65.4388Y-324.5091
G1Z5F20000
(Plotting speed under)
G1 F4000


G1X92.1542Y-298.4135

G1X32.4945Y-307.5760

G1 Z0F20000

(Start Block)


G1X32.4945Y-307.5760
G1Z5F20000
(Plotting speed under)
G1 F4000


G1X65.4388Y-324.5091

G1X38.4193Y-271.1638

G1 Z0F20000

(Start Block)


G1X38.4193Y-271.1638
G1Z5F20000
(Plotting speed under)
G1 F4000


G1X32.4945Y-307.5760

G1X75.0860Y-265.4957

G1 Z0F20000

(Start Block)


G1X75.0860Y-265.4957
G1Z5F20000
(Plotting speed under)
G1 F4000


G1X38.4193Y-271.1638

G1X92.2705Y-298.6954

G1 Z0F20000

(Start Block)


G1X92.2705Y-298.6954
G1Z5F20000
(Plotting speed under)
G1 F4000


G1X75.0860Y-265.4957

G1X66.4270Y-325.6627

G1 Z0F20000

(Start Block)


G1X66.4270Y-325.6627
G1Z5F20000
(Plotting speed under)
G1 F4000


G1X92.2705Y-298.6954

G1X32.9301Y-309.8319

G1 Z0F20000

(Start Block)


G1X32.9301Y-309.8319
G1Z5F20000
(Plotting speed under)
G1 F4000


G1X66.4270Y-325.6627

G1X37.6348Y-273.2430

G1 Z0F20000

(Start Block)


G1X37.6348Y-273.2430
G1Z5F20000
(Plotting speed under)
G1 F4000


G1X32.9301Y-309.8319

G1X74.0844Y-266.3612

G1 Z0F20000

(Start Block)


G1X74.0844Y-266.3612
G1Z5F20000
(Plotting speed under)
G1 F4000


G1X37.6348Y-273.2430

G1X92.3523Y-298.9722

G1 Z0F20000

(Start Block)


G1X92.3523Y-298.9722
G1Z5F20000
(Plotting speed under)
G1 F4000


G1X74.0844Y-266.3612

G1X67.4089Y-326.7820

G1 Z0F20000

(Start Block)


G1X67.4089Y-326.7820
G1Z5F20000
(Plotting speed under)
G1 F4000


G1X92.3523Y-298.9722

G1X33.3965Y-312.0711

G1 Z0F20000

(Start Block)


G1X33.3965Y-312.0711
G1Z5F20000
(Plotting speed under)
G1 F4000


G1X67.4089Y-326.7820

G1X36.8758Y-275.3460

G1 Z0F20000

(Start Block)


G1X36.8758Y-275.3460
G1Z5F20000
(Plotting speed under)
G1 F4000


G1X33.3965Y-312.0711

G1X73.0682Y-267.2584

G1 Z0F20000

(Start Block)


G1X73.0682Y-267.2584
G1Z5F20000
(Plotting speed under)
G1 F4000


G1X36.8758Y-275.3460

G1X92.3992Y-299.2452

G1 Z0F20000

(Start Block)


G1X92.3992Y-299.2452
G1Z5F20000
(Plotting speed under)
G1 F4000


G1X73.0682Y-267.2584

G1X68.3836Y-327.8670

G1 Z0F20000

(Start Block)


G1X68.3836Y-327.8670
G1Z5F20000
(Plotting speed under)
G1 F4000


G1X92.3992Y-299.2452

G1X33.8930Y-314.2925

G1 Z0F20000

(Start Block)


G1X33.8930Y-314.2925
G1Z5F20000
(Plotting speed under)
G1 F4000


G1X68.3836Y-327.8670

G1X36.1431Y-277.4720

G1 Z0F20000

(Start Block)


G1X36.1431Y-277.4720
G1Z5F20000
(Plotting speed under)
G1 F4000


G1X33.8930Y-314.2925

G1X72.0385Y-268.1879

G1 Z0F20000

(Start Block)


G1X72.0385Y-268.1879
G1Z5F20000
(Plotting speed under)
G1 F4000


G1X36.1431Y-277.4720

G1X92.4114Y-299.5155

G1 Z0F20000

(Start Block)


G1X92.4114Y-299.5155
G1Z5F20000
(Plotting speed under)
G1 F4000


G1X72.0385Y-268.1879

G1X69.3498Y-328.9182

G1 Z0F20000

(Start Block)


G1X69.3498Y-328.9182
G1Z5F20000
(Plotting speed under)
G1 F4000


G1X92.4114Y-299.5155

G1X34.4191Y-316.4953

G1 Z0F20000

(Start Block)


G1X34.4191Y-316.4953
G1Z5F20000
(Plotting speed under)
G1 F4000


G1X69.3498Y-328.9182

G1X35.4375Y-279.6202

G1 Z0F20000

(Start Block)


G1X35.4375Y-279.6202
G1Z5F20000
(Plotting speed under)
G1 F4000


G1X34.4191Y-316.4953

G1X70.9963Y-269.1500

G1 Z0F20000

(Start Block)


G1X70.9963Y-269.1500
G1Z5F20000
(Plotting speed under)
G1 F4000


G1X35.4375Y-279.6202

G1X92.3886Y-299.7842

G1 Z0F20000

(Start Block)


G1X92.3886Y-299.7842
G1Z5F20000
(Plotting speed under)
G1 F4000


G1X70.9963Y-269.1500

G1X70.3065Y-329.9356

G1 Z0F20000

(Start Block)


G1X70.3065Y-329.9356
G1Z5F20000
(Plotting speed under)
G1 F4000


G1X92.3886Y-299.7842

G1X34.9740Y-318.6784

G1 Z0F20000

(Start Block)


G1X34.9740Y-318.6784
G1Z5F20000
(Plotting speed under)
G1 F4000


G1X70.3065Y-329.9356

G1X34.7596Y-281.7896

G1 Z0F20000

(Start Block)


G1X34.7596Y-281.7896
G1Z5F20000
(Plotting speed under)
G1 F4000


G1X34.9740Y-318.6784

G1X69.9427Y-270.1452

G1 Z0F20000

(Start Block)


G1X69.9427Y-270.1452
G1Z5F20000
(Plotting speed under)
G1 F4000


G1X34.7596Y-281.7896

G1X92.3308Y-300.0525

G1 Z0F20000

(Start Block)


G1X92.3308Y-300.0525
G1Z5F20000
(Plotting speed under)
G1 F4000


G1X69.9427Y-270.1452

G1X71.2525Y-330.9198

G1 Z0F20000

(Start Block)


G1X71.2525Y-330.9198
G1Z5F20000
(Plotting speed under)
G1 F4000


G1X92.3308Y-300.0525

G1X35.5572Y-320.8409

G1 Z0F20000

(Start Block)


G1X35.5572Y-320.8409
G1Z5F20000
(Plotting speed under)
G1 F4000


G1X71.2525Y-330.9198

G1X34.1102Y-283.9794

G1 Z0F20000

(Start Block)


G1X34.1102Y-283.9794
G1Z5F20000
(Plotting speed under)
G1 F4000


G1X35.5572Y-320.8409

G1X68.8788Y-271.1738

G1 Z0F20000

(Start Block)


G1X68.8788Y-271.1738
G1Z5F20000
(Plotting speed under)
G1 F4000


G1X34.1102Y-283.9794

G1X92.2381Y-300.3216

G1 Z0F20000

(Start Block)


G1X92.2381Y-300.3216
G1Z5F20000
(Plotting speed under)
G1 F4000


G1X68.8788Y-271.1738

G1X72.1868Y-331.8711

G1 Z0F20000

(Start Block)


G1X72.1868Y-331.8711
G1Z5F20000
(Plotting speed under)
G1 F4000


G1X92.2381Y-300.3216

G1X36.1680Y-322.9819

G1 Z0F20000

(Start Block)


G1X36.1680Y-322.9819
G1Z5F20000
(Plotting speed under)
G1 F4000


G1X72.1868Y-331.8711

G1X33.4900Y-286.1884

G1 Z0F20000

(Start Block)


G1X33.4900Y-286.1884
G1Z5F20000
(Plotting speed under)
G1 F4000


G1X36.1680Y-322.9819

G1X67.8057Y-272.2361

G1 Z0F20000

(Start Block)


G1X67.8057Y-272.2361
G1Z5F20000
(Plotting speed under)
G1 F4000


G1X33.4900Y-286.1884

G1X92.1105Y-300.5926

G1 Z0F20000

(Start Block)


G1X92.1105Y-300.5926
G1Z5F20000
(Plotting speed under)
G1 F4000


G1X67.8057Y-272.2361

G1X73.1083Y-332.7899

G1 Z0F20000

(Start Block)


G1X73.1083Y-332.7899
G1Z5F20000
(Plotting speed under)
G1 F4000


G1X92.1105Y-300.5926

G1X36.8055Y-325.1004

G1 Z0F20000

(Start Block)


G1X36.8055Y-325.1004
G1Z5F20000
(Plotting speed under)
G1 F4000


G1X73.1083Y-332.7899

G1X32.8994Y-288.4158

G1 Z0F20000

(Start Block)


G1X32.8994Y-288.4158
G1Z5F20000
(Plotting speed under)
G1 F4000


G1X36.8055Y-325.1004

G1X66.7246Y-273.3325

G1 Z0F20000

(Start Block)


G1X66.7246Y-273.3325
G1Z5F20000
(Plotting speed under)
G1 F4000


G1X32.8994Y-288.4158

G1X91.9481Y-300.8667

G1 Z0F20000

(Start Block)


G1X91.9481Y-300.8667
G1Z5F20000
(Plotting speed under)
G1 F4000


G1X66.7246Y-273.3325

G1X74.0158Y-333.6765

G1 Z0F20000

(Start Block)


G1X74.0158Y-333.6765
G1Z5F20000
(Plotting speed under)
G1 F4000


G1X91.9481Y-300.8667

G1X37.4691Y-327.1956

G1 Z0F20000

(Start Block)


G1X37.4691Y-327.1956
G1Z5F20000
(Plotting speed under)
G1 F4000


G1X74.0158Y-333.6765

G1X32.3392Y-290.6606

G1 Z0F20000

(Start Block)


G1X32.3392Y-290.6606
G1Z5F20000
(Plotting speed under)
G1 F4000


G1X37.4691Y-327.1956

G1X65.6365Y-274.4631

G1 Z0F20000

(Start Block)


G1X65.6365Y-274.4631
G1Z5F20000
(Plotting speed under)
G1 F4000


G1X32.3392Y-290.6606

G1X91.7510Y-301.1451

G1 Z0F20000

(Start Block)


G1X91.7510Y-301.1451
G1Z5F20000
(Plotting speed under)
G1 F4000


G1X65.6365Y-274.4631

G1X74.9084Y-334.5316

G1 Z0F20000

(Start Block)


G1X74.9084Y-334.5316
G1Z5F20000
(Plotting speed under)
G1 F4000


G1X91.7510Y-301.1451

G1X38.1580Y-329.2666

G1 Z0F20000

(Start Block)


G1X38.1580Y-329.2666
G1Z5F20000
(Plotting speed under)
G1 F4000


G1X74.9084Y-334.5316

G1X31.8100Y-292.9218

G1 Z0F20000

(Start Block)


G1X31.8100Y-292.9218
G1Z5F20000
(Plotting speed under)
G1 F4000


G1X38.1580Y-329.2666

G1X64.5427Y-275.6282

G1 Z0F20000

(Start Block)


G1X64.5427Y-275.6282
G1Z5F20000
(Plotting speed under)
G1 F4000


G1X31.8100Y-292.9218

G1X91.5193Y-301.4288

G1 Z0F20000

(Start Block)


G1X91.5193Y-301.4288
G1Z5F20000
(Plotting speed under)
G1 F4000


G1X64.5427Y-275.6282

G1X75.7849Y-335.3556

G1 Z0F20000

(Start Block)


G1X75.7849Y-335.3556
G1Z5F20000
(Plotting speed under)
G1 F4000


G1X91.5193Y-301.4288

G1X38.8713Y-331.3127

G1 Z0F20000

(Start Block)


G1X38.8713Y-331.3127
G1Z5F20000
(Plotting speed under)
G1 F4000


G1X75.7849Y-335.3556

G1X31.3121Y-295.1983

G1 Z0F20000

(Start Block)


G1X31.3121Y-295.1983
G1Z5F20000
(Plotting speed under)
G1 F4000


G1X38.8713Y-331.3127

G1X63.4443Y-276.8279

G1 Z0F20000

(Start Block)


G1X63.4443Y-276.8279
G1Z5F20000
(Plotting speed under)
G1 F4000


G1X31.3121Y-295.1983

G1X91.2533Y-301.7191

G1 Z0F20000

(Start Block)


G1X91.2533Y-301.7191
G1Z5F20000
(Plotting speed under)
G1 F4000


G1X63.4443Y-276.8279

G1X76.6444Y-336.1491

G1 Z0F20000

(Start Block)


G1X76.6444Y-336.1491
G1Z5F20000
(Plotting speed under)
G1 F4000


G1X91.2533Y-301.7191

G1X39.6083Y-333.3329

G1 Z0F20000

(Start Block)


G1X39.6083Y-333.3329
G1Z5F20000
(Plotting speed under)
G1 F4000


G1X76.6444Y-336.1491

G1X30.8462Y-297.4890

G1 Z0F20000

(Start Block)


G1X30.8462Y-297.4890
G1Z5F20000
(Plotting speed under)
G1 F4000


G1X39.6083Y-333.3329

G1X62.3424Y-278.0625

G1 Z0F20000

(Start Block)


G1X62.3424Y-278.0625
G1Z5F20000
(Plotting speed under)
G1 F4000


G1X30.8462Y-297.4890

G1X90.9531Y-302.0171

G1 Z0F20000

(Start Block)


G1X90.9531Y-302.0171
G1Z5F20000
(Plotting speed under)
G1 F4000


G1X62.3424Y-278.0625

G1X77.4859Y-336.9126

G1 Z0F20000

(Start Block)


G1X77.4859Y-336.9126
G1Z5F20000
(Plotting speed under)
G1 F4000


G1X90.9531Y-302.0171

G1X40.3679Y-335.3266

G1 Z0F20000

(Start Block)


G1X40.3679Y-335.3266
G1Z5F20000
(Plotting speed under)
G1 F4000


G1X77.4859Y-336.9126

G1X30.4126Y-299.7930

G1 Z0F20000

(Start Block)


G1X30.4126Y-299.7930
G1Z5F20000
(Plotting speed under)
G1 F4000


G1X40.3679Y-335.3266

G1X61.2381Y-279.3319

G1 Z0F20000

(Start Block)


G1X61.2381Y-279.3319
G1Z5F20000
(Plotting speed under)
G1 F4000


G1X30.4126Y-299.7930

G1X90.6192Y-302.3238

G1 Z0F20000

(Start Block)


G1X90.6192Y-302.3238
G1Z5F20000
(Plotting speed under)
G1 F4000


G1X61.2381Y-279.3319

G1X78.3084Y-337.6467

G1 Z0F20000

(Start Block)


G1X78.3084Y-337.6467
G1Z5F20000
(Plotting speed under)
G1 F4000


G1X90.6192Y-302.3238

G1X41.1494Y-337.2930

G1 Z0F20000

(Start Block)


G1X41.1494Y-337.2930
G1Z5F20000
(Plotting speed under)
G1 F4000


G1X78.3084Y-337.6467

G1X30.0119Y-302.1090

G1 Z0F20000

(Start Block)


G1X30.0119Y-302.1090
G1Z5F20000
(Plotting speed under)
G1 F4000


G1X41.1494Y-337.2930

G1X60.1327Y-280.6363

G1 Z0F20000

(Start Block)


G1X60.1327Y-280.6363
G1Z5F20000
(Plotting speed under)
G1 F4000


G1X30.0119Y-302.1090

G1X90.2516Y-302.6405

G1 Z0F20000

(Start Block)


G1X90.2516Y-302.6405
G1Z5F20000
(Plotting speed under)
G1 F4000


G1X60.1327Y-280.6363

G1X79.1109Y-338.3522

G1 Z0F20000

(Start Block)


G1X79.1109Y-338.3522
G1Z5F20000
(Plotting speed under)
G1 F4000


G1X90.2516Y-302.6405

G1X41.9519Y-339.2314

G1 Z0F20000

(Start Block)


G1X41.9519Y-339.2314
G1Z5F20000
(Plotting speed under)
G1 F4000


G1X79.1109Y-338.3522

G1X29.6443Y-304.4361

G1 Z0F20000

(Start Block)


G1X29.6443Y-304.4361
G1Z5F20000
(Plotting speed under)
G1 F4000


G1X41.9519Y-339.2314

G1X59.0273Y-281.9756

G1 Z0F20000

(Start Block)


G1X59.0273Y-281.9756
G1Z5F20000
(Plotting speed under)
G1 F4000


G1X29.6443Y-304.4361

G1X89.8510Y-302.9682

G1 Z0F20000

(Start Block)


G1X89.8510Y-302.9682
G1Z5F20000
(Plotting speed under)
G1 F4000


G1X59.0273Y-281.9756

G1X79.8924Y-339.0297

G1 Z0F20000

(Start Block)


G1X79.8924Y-339.0297
G1Z5F20000
(Plotting speed under)
G1 F4000


G1X89.8510Y-302.9682

G1X42.7743Y-341.1411

G1 Z0F20000

(Start Block)


G1X42.7743Y-341.1411
G1Z5F20000
(Plotting speed under)
G1 F4000


G1X79.8924Y-339.0297

G1X29.3102Y-306.7731

G1 Z0F20000

(Start Block)


G1X29.3102Y-306.7731
G1Z5F20000
(Plotting speed under)
G1 F4000


G1X42.7743Y-341.1411

G1X57.9231Y-283.3499

G1 Z0F20000

(Start Block)


G1X57.9231Y-283.3499
G1Z5F20000
(Plotting speed under)
G1 F4000


G1X29.3102Y-306.7731

G1X89.4175Y-303.3080

G1 Z0F20000

(Start Block)


G1X89.4175Y-303.3080
G1Z5F20000
(Plotting speed under)
G1 F4000


G1X57.9231Y-283.3499

G1X80.6522Y-339.6799

G1 Z0F20000

(Start Block)


G1X80.6522Y-339.6799
G1Z5F20000
(Plotting speed under)
G1 F4000


G1X89.4175Y-303.3080

G1X43.6157Y-343.0214

G1 Z0F20000

(Start Block)


G1X43.6157Y-343.0214
G1Z5F20000
(Plotting speed under)
G1 F4000


G1X80.6522Y-339.6799

G1X29.0100Y-309.1190

G1 Z0F20000

(Start Block)


G1X29.0100Y-309.1190
G1Z5F20000
(Plotting speed under)
G1 F4000


G1X43.6157Y-343.0214

G1X56.8212Y-284.7590

G1 Z0F20000

(Start Block)


G1X56.8212Y-284.7590
G1Z5F20000
(Plotting speed under)
G1 F4000


G1X29.0100Y-309.1190

G1X88.9516Y-303.6610

G1 Z0F20000

(Start Block)


G1X88.9516Y-303.6610
G1Z5F20000
(Plotting speed under)
G1 F4000


G1X56.8212Y-284.7590

G1X81.3892Y-340.3035

G1 Z0F20000

(Start Block)


G1X81.3892Y-340.3035
G1Z5F20000
(Plotting speed under)
G1 F4000


G1X88.9516Y-303.6610

G1X44.4752Y-344.8719

G1 Z0F20000

(Start Block)


G1X44.4752Y-344.8719
G1Z5F20000
(Plotting speed under)
G1 F4000


G1X81.3892Y-340.3035

G1X28.7438Y-311.4724

G1 Z0F20000

(Start Block)


G1X28.7438Y-311.4724
G1Z5F20000
(Plotting speed under)
G1 F4000


G1X44.4752Y-344.8719

G1X55.7227Y-286.2030

G1 Z0F20000

(Start Block)


G1X55.7227Y-286.2030
G1Z5F20000
(Plotting speed under)
G1 F4000


G1X28.7438Y-311.4724

G1X88.4539Y-304.0283

G1 Z0F20000

(Start Block)


G1X88.4539Y-304.0283
G1Z5F20000
(Plotting speed under)
G1 F4000


G1X55.7227Y-286.2030

G1X82.1026Y-340.9013

G1 Z0F20000

(Start Block)


G1X82.1026Y-340.9013
G1Z5F20000
(Plotting speed under)
G1 F4000


G1X88.4539Y-304.0283

G1X45.3517Y-346.6917

G1 Z0F20000

(Start Block)


G1X45.3517Y-346.6917
G1Z5F20000
(Plotting speed under)
G1 F4000


G1X82.1026Y-340.9013

G1X28.5121Y-313.8325

G1 Z0F20000

(Start Block)


G1X28.5121Y-313.8325
G1Z5F20000
(Plotting speed under)
G1 F4000


G1X45.3517Y-346.6917

G1X54.6289Y-287.6816

G1 Z0F20000

(Start Block)


G1X54.6289Y-287.6816
G1Z5F20000
(Plotting speed under)
G1 F4000


G1X28.5121Y-313.8325

G1X87.9247Y-304.4109

G1 Z0F20000

(Start Block)


G1X87.9247Y-304.4109
G1Z5F20000
(Plotting speed under)
G1 F4000


G1X54.6289Y-287.6816

G1X82.7915Y-341.4741

G1 Z0F20000

(Start Block)


G1X82.7915Y-341.4741
G1Z5F20000
(Plotting speed under)
G1 F4000


G1X87.9247Y-304.4109

G1X46.2442Y-348.4805

G1 Z0F20000

(Start Block)


G1X46.2442Y-348.4805
G1Z5F20000
(Plotting speed under)
G1 F4000


G1X82.7915Y-341.4741

G1X28.3149Y-316.1979

G1 Z0F20000

(Start Block)


G1X28.3149Y-316.1979
G1Z5F20000
(Plotting speed under)
G1 F4000


G1X46.2442Y-348.4805

G1X53.5408Y-289.1946

G1 Z0F20000

(Start Block)


G1X53.5408Y-289.1946
G1Z5F20000
(Plotting speed under)
G1 F4000


G1X28.3149Y-316.1979

G1X87.3646Y-304.8098

G1 Z0F20000

(Start Block)


G1X87.3646Y-304.8098
G1Z5F20000
(Plotting speed under)
G1 F4000


G1X53.5408Y-289.1946

G1X83.4552Y-342.0228

G1 Z0F20000

(Start Block)


G1X83.4552Y-342.0228
G1Z5F20000
(Plotting speed under)
G1 F4000


G1X87.3646Y-304.8098

G1X47.1517Y-350.2377

G1 Z0F20000

(Start Block)


G1X47.1517Y-350.2377
G1Z5F20000
(Plotting speed under)
G1 F4000


G1X83.4552Y-342.0228

G1X28.1523Y-318.5676

G1 Z0F20000

(Start Block)


G1X28.1523Y-318.5676
G1Z5F20000
(Plotting speed under)
G1 F4000


G1X47.1517Y-350.2377

G1X52.4597Y-290.7420

G1 Z0F20000

(Start Block)


G1X52.4597Y-290.7420
G1Z5F20000
(Plotting speed under)
G1 F4000


G1X28.1523Y-318.5676

G1X86.7741Y-305.2262

G1 Z0F20000

(Start Block)


G1X86.7741Y-305.2262
G1Z5F20000
(Plotting speed under)
G1 F4000


G1X52.4597Y-290.7420

G1X84.0928Y-342.5481

G1 Z0F20000

(Start Block)


G1X84.0928Y-342.5481
G1Z5F20000
(Plotting speed under)
G1 F4000


G1X86.7741Y-305.2262

G1X48.0731Y-351.9629

G1 Z0F20000

(Start Block)


G1X48.0731Y-351.9629
G1Z5F20000
(Plotting speed under)
G1 F4000


G1X84.0928Y-342.5481

G1X28.0246Y-320.9403

G1 Z0F20000

(Start Block)


G1X28.0246Y-320.9403
G1Z5F20000
(Plotting speed under)
G1 F4000


G1X48.0731Y-351.9629

G1X51.3866Y-292.3234

G1 Z0F20000

(Start Block)


G1X51.3866Y-292.3234
G1Z5F20000
(Plotting speed under)
G1 F4000


G1X28.0246Y-320.9403

G1X86.1540Y-305.6608

G1 Z0F20000

(Start Block)


G1X86.1540Y-305.6608
G1Z5F20000
(Plotting speed under)
G1 F4000


G1X51.3866Y-292.3234

G1X84.7036Y-343.0510

G1 Z0F20000

(Start Block)


G1X84.7036Y-343.0510
G1Z5F20000
(Plotting speed under)
G1 F4000


G1X86.1540Y-305.6608

G1X49.0073Y-353.6555

G1 Z0F20000

(Start Block)


G1X49.0073Y-353.6555
G1Z5F20000
(Plotting speed under)
G1 F4000


G1X84.7036Y-343.0510

G1X27.9318Y-323.3150

G1 Z0F20000

(Start Block)


G1X27.9318Y-323.3150
G1Z5F20000
(Plotting speed under)
G1 F4000


G1X49.0073Y-353.6555

G1X50.3227Y-293.9385

G1 Z0F20000

(Start Block)


G1X50.3227Y-293.9385
G1Z5F20000
(Plotting speed under)
G1 F4000


G1X27.9318Y-323.3150

G1X85.5046Y-306.1149

G1 Z0F20000

(Start Block)


G1X85.5046Y-306.1149
G1Z5F20000
(Plotting speed under)
G1 F4000


G1X50.3227Y-293.9385

G1X85.2869Y-343.5324

G1 Z0F20000

(Start Block)


G1X85.2869Y-343.5324
G1Z5F20000
(Plotting speed under)
G1 F4000


G1X85.5046Y-306.1149

G1X49.9534Y-355.3152

G1 Z0F20000

(Start Block)


G1X49.9534Y-355.3152
G1Z5F20000
(Plotting speed under)
G1 F4000


G1X85.2869Y-343.5324

G1X27.8740Y-325.6905

G1 Z0F20000

(Start Block)


G1X27.8740Y-325.6905
G1Z5F20000
(Plotting speed under)
G1 F4000


G1X49.9534Y-355.3152

G1X49.2690Y-295.5870

G1 Z0F20000

(Start Block)


G1X49.2690Y-295.5870
G1Z5F20000
(Plotting speed under)
G1 F4000


G1X27.8740Y-325.6905

G1X84.8269Y-306.5892

G1 Z0F20000

(Start Block)


G1X84.8269Y-306.5892
G1Z5F20000
(Plotting speed under)
G1 F4000


G1X49.2690Y-295.5870

G1X85.8419Y-343.9931

G1 Z0F20000

(Start Block)


G1X85.8419Y-343.9931
G1Z5F20000
(Plotting speed under)
G1 F4000


G1X84.8269Y-306.5892

G1X50.9100Y-356.9416

G1 Z0F20000

(Start Block)


G1X50.9100Y-356.9416
G1Z5F20000
(Plotting speed under)
G1 F4000


G1X85.8419Y-343.9931

G1X27.8511Y-328.0656

G1 Z0F20000

(Start Block)


G1X27.8511Y-328.0656
G1Z5F20000
(Plotting speed under)
G1 F4000


G1X50.9100Y-356.9416

G1X48.2268Y-297.2686

G1 Z0F20000

(Start Block)


G1X48.2268Y-297.2686
G1Z5F20000
(Plotting speed under)
G1 F4000


G1X27.8511Y-328.0656

G1X84.1213Y-307.0847

G1 Z0F20000

(Start Block)


G1X84.1213Y-307.0847
G1Z5F20000
(Plotting speed under)
G1 F4000


G1X48.2268Y-297.2686

G1X86.3681Y-344.4342

G1 Z0F20000

(Start Block)


G1X86.3681Y-344.4342
G1Z5F20000
(Plotting speed under)
G1 F4000


G1X84.1213Y-307.0847

G1X51.8762Y-358.5343

G1 Z0F20000

(Start Block)


G1X51.8762Y-358.5343
G1Z5F20000
(Plotting speed under)
G1 F4000


G1X86.3681Y-344.4342

G1X27.8631Y-330.4391

G1 Z0F20000

(Start Block)


G1X27.8631Y-330.4391
G1Z5F20000
(Plotting speed under)
G1 F4000


G1X51.8762Y-358.5343

G1X47.1970Y-298.9828

G1 Z0F20000

(Start Block)


G1X47.1970Y-298.9828
G1Z5F20000
(Plotting speed under)
G1 F4000


G1X27.8631Y-330.4391

G1X83.3887Y-307.6024

G1 Z0F20000

(Start Block)


G1X83.3887Y-307.6024
G1Z5F20000
(Plotting speed under)
G1 F4000


G1X47.1970Y-298.9828

G1X86.8647Y-344.8566

G1 Z0F20000

(Start Block)


G1X86.8647Y-344.8566
G1Z5F20000
(Plotting speed under)
G1 F4000


G1X83.3887Y-307.6024

G1X52.8509Y-360.0932

G1 Z0F20000

(Start Block)


G1X52.8509Y-360.0932
G1Z5F20000
(Plotting speed under)
G1 F4000


G1X86.8647Y-344.8566

G1X27.9100Y-332.8100

G1 Z0F20000

(Start Block)


G1X27.9100Y-332.8100
G1Z5F20000
(Plotting speed under)
G1 F4000


G1X52.8509Y-360.0932

G1X46.1808Y-300.7293

G1 Z0F20000

(Start Block)


G1X46.1808Y-300.7293
G1Z5F20000
(Plotting speed under)
G1 F4000


G1X27.9100Y-332.8100

G1X82.6298Y-308.1431

G1 Z0F20000

(Start Block)


G1X82.6298Y-308.1431
G1Z5F20000
(Plotting speed under)
G1 F4000


G1X46.1808Y-300.7293

G1X87.3311Y-345.2612

G1 Z0F20000

(Start Block)


G1X87.3311Y-345.2612
G1Z5F20000
(Plotting speed under)
G1 F4000


G1X82.6298Y-308.1431

G1X53.8328Y-361.6178

G1 Z0F20000

(Start Block)


G1X53.8328Y-361.6178
G1Z5F20000
(Plotting speed under)
G1 F4000


G1X87.3311Y-345.2612

G1X27.9917Y-335.1769

G1 Z0F20000

(Start Block)


G1X27.9917Y-335.1769
G1Z5F20000
(Plotting speed under)
G1 F4000


G1X53.8328Y-361.6178

G1X45.1792Y-302.5075

G1 Z0F20000

(Start Block)


G1X45.1792Y-302.5075
G1Z5F20000
(Plotting speed under)
G1 F4000


G1X27.9917Y-335.1769

G1X81.8453Y-308.7077

G1 Z0F20000

(Start Block)


G1X81.8453Y-308.7077
G1Z5F20000
(Plotting speed under)
G1 F4000


G1X45.1792Y-302.5075

G1X87.7668Y-345.6492

G1 Z0F20000

(Start Block)


G1X87.7668Y-345.6492
G1Z5F20000
(Plotting speed under)
G1 F4000


G1X81.8453Y-308.7077

G1X54.8209Y-363.1080

G1 Z0F20000

(Start Block)


G1X54.8209Y-363.1080
G1Z5F20000
(Plotting speed under)
G1 F4000


G1X87.7668Y-345.6492

G1X28.1079Y-337.5389

G1 Z0F20000

(Start Block)


G1X28.1079Y-337.5389
G1Z5F20000
(Plotting speed under)
G1 F4000


G1X54.8209Y-363.1080

G1X44.1933Y-304.3170

G1 Z0F20000

(Start Block)


G1X44.1933Y-304.3170
G1Z5F20000
(Plotting speed under)
G1 F4000


G1X28.1079Y-337.5389

G1X81.0361Y-309.2971

G1 Z0F20000

(Start Block)


G1X81.0361Y-309.2971
G1Z5F20000
(Plotting speed under)
G1 F4000


G1X44.1933Y-304.3170

G1X88.1713Y-346.0216

G1 Z0F20000

(Start Block)


G1X88.1713Y-346.0216
G1Z5F20000
(Plotting speed under)
G1 F4000


G1X81.0361Y-309.2971

G1X55.8140Y-364.5636

G1 Z0F20000

(Start Block)


G1X55.8140Y-364.5636
G1Z5F20000
(Plotting speed under)
G1 F4000


G1X88.1713Y-346.0216

G1X28.2586Y-339.8947

G1 Z0F20000

(Start Block)


G1X28.2586Y-339.8947
G1Z5F20000
(Plotting speed under)
G1 F4000


G1X55.8140Y-364.5636

G1X43.2240Y-306.1572

G1 Z0F20000

(Start Block)


G1X43.2240Y-306.1572
G1Z5F20000
(Plotting speed under)
G1 F4000


G1X28.2586Y-339.8947

G1X80.2031Y-309.9119

G1 Z0F20000

(Start Block)


G1X80.2031Y-309.9119
G1Z5F20000
(Plotting speed under)
G1 F4000


G1X43.2240Y-306.1572

G1X88.5440Y-346.3792

G1 Z0F20000

(Start Block)


G1X88.5440Y-346.3792
G1Z5F20000
(Plotting speed under)
G1 F4000


G1X80.2031Y-309.9119

G1X56.8110Y-365.9845

G1 Z0F20000

(Start Block)


G1X56.8110Y-365.9845
G1Z5F20000
(Plotting speed under)
G1 F4000


G1X88.5440Y-346.3792

G1X28.4435Y-342.2432

G1 Z0F20000

(Start Block)


G1X28.4435Y-342.2432
G1Z5F20000
(Plotting speed under)
G1 F4000


G1X56.8110Y-365.9845

G1X42.2725Y-308.0276

G1 Z0F20000

(Start Block)


G1X42.2725Y-308.0276
G1Z5F20000
(Plotting speed under)
G1 F4000


G1X28.4435Y-342.2432

G1X79.3469Y-310.5531

G1 Z0F20000

(Start Block)


G1X79.3469Y-310.5531
G1Z5F20000
(Plotting speed under)
G1 F4000


G1X42.2725Y-308.0276

G1X88.8845Y-346.7234

G1 Z0F20000

(Start Block)


G1X88.8845Y-346.7234
G1Z5F20000
(Plotting speed under)
G1 F4000


G1X79.3469Y-310.5531

G1X57.8106Y-367.3705

G1 Z0F20000

(Start Block)


G1X57.8106Y-367.3705
G1Z5F20000
(Plotting speed under)
G1 F4000


G1X88.8845Y-346.7234

G1X28.6623Y-344.5833

G1 Z0F20000

(Start Block)


G1X28.6623Y-344.5833
G1Z5F20000
(Plotting speed under)
G1 F4000


G1X57.8106Y-367.3705

G1X41.3397Y-309.9275

G1 Z0F20000

(Start Block)


G1X41.3397Y-309.9275
G1Z5F20000
(Plotting speed under)
G1 F4000


G1X28.6623Y-344.5833

G1X78.4687Y-311.2213

G1 Z0F20000

(Start Block)


G1X78.4687Y-311.2213
G1Z5F20000
(Plotting speed under)
G1 F4000


G1X41.3397Y-309.9275

G1X89.1923Y-347.0550

G1 Z0F20000

(Start Block)


G1X89.1923Y-347.0550
G1Z5F20000
(Plotting speed under)
G1 F4000


G1X78.4687Y-311.2213

G1X58.8119Y-368.7217

G1 Z0F20000

(Start Block)


G1X58.8119Y-368.7217
G1Z5F20000
(Plotting speed under)
G1 F4000


G1X89.1923Y-347.0550

G1X28.9147Y-346.9139

G1 Z0F20000

(Start Block)


G1X28.9147Y-346.9139
G1Z5F20000
(Plotting speed under)
G1 F4000


G1X58.8119Y-368.7217

G1X40.4265Y-311.8563

G1 Z0F20000

(Start Block)


G1X40.4265Y-311.8563
G1Z5F20000
(Plotting speed under)
G1 F4000


G1X28.9147Y-346.9139

G1X77.5692Y-311.9172

G1 Z0F20000

(Start Block)


G1X77.5692Y-311.9172
G1Z5F20000
(Plotting speed under)
G1 F4000


G1X40.4265Y-311.8563

G1X89.4671Y-347.3753

G1 Z0F20000

(Start Block)


G1X89.4671Y-347.3753
G1Z5F20000
(Plotting speed under)
G1 F4000


G1X77.5692Y-311.9172

G1X59.8135Y-370.0378

G1 Z0F20000

(Start Block)


G1X59.8135Y-370.0378
G1Z5F20000
(Plotting speed under)
G1 F4000


G1X89.4671Y-347.3753

G1X29.2004Y-349.2338

G1 Z0F20000

(Start Block)


G1X29.2004Y-349.2338
G1Z5F20000
(Plotting speed under)
G1 F4000


G1X59.8135Y-370.0378

G1X39.5339Y-313.8134

G1 Z0F20000

(Start Block)


G1X39.5339Y-313.8134
G1Z5F20000
(Plotting speed under)
G1 F4000


G1X29.2004Y-349.2338

G1X76.6495Y-312.6417

G1 Z0F20000

(Start Block)


G1X76.6495Y-312.6417
G1Z5F20000
(Plotting speed under)
G1 F4000


G1X39.5339Y-313.8134

G1X89.7085Y-347.6852

G1 Z0F20000

(Start Block)


G1X89.7085Y-347.6852
G1Z5F20000
(Plotting speed under)
G1 F4000


G1X76.6495Y-312.6417

G1X60.8143Y-371.3190

G1 Z0F20000

(Start Block)


G1X60.8143Y-371.3190
G1Z5F20000
(Plotting speed under)
G1 F4000


G1X89.7085Y-347.6852

G1X29.5191Y-351.5419

G1 Z0F20000

(Start Block)


G1X29.5191Y-351.5419
G1Z5F20000
(Plotting speed under)
G1 F4000


G1X60.8143Y-371.3190

G1X38.6629Y-315.7979

G1 Z0F20000

(Start Block)


G1X38.6629Y-315.7979
G1Z5F20000
(Plotting speed under)
G1 F4000


G1X29.5191Y-351.5419

G1X75.7104Y-313.3953

G1 Z0F20000

(Start Block)


G1X75.7104Y-313.3953
G1Z5F20000
(Plotting speed under)
G1 F4000


G1X38.6629Y-315.7979

G1X89.9161Y-347.9860

G1 Z0F20000

(Start Block)


G1X89.9161Y-347.9860
G1Z5F20000
(Plotting speed under)
G1 F4000


G1X75.7104Y-313.3953

G1X61.8132Y-372.5652

G1 Z0F20000

(Start Block)


G1X61.8132Y-372.5652
G1Z5F20000
(Plotting speed under)
G1 F4000


G1X89.9161Y-347.9860

G1X29.8703Y-353.8372

G1 Z0F20000

(Start Block)


G1X29.8703Y-353.8372
G1Z5F20000
(Plotting speed under)
G1 F4000


G1X61.8132Y-372.5652

G1X37.8143Y-317.8094

G1 Z0F20000

(Start Block)


G1X37.8143Y-317.8094
G1Z5F20000
(Plotting speed under)
G1 F4000


G1X29.8703Y-353.8372

G1X74.7528Y-314.1786

G1 Z0F20000

(Start Block)


G1X74.7528Y-314.1786
G1Z5F20000
(Plotting speed under)
G1 F4000


G1X37.8143Y-317.8094

G1X90.0897Y-348.2788

G1 Z0F20000

(Start Block)


G1X90.0897Y-348.2788
G1Z5F20000
(Plotting speed under)
G1 F4000


G1X74.7528Y-314.1786

G1X62.8090Y-373.7767

G1 Z0F20000

(Start Block)


G1X62.8090Y-373.7767
G1Z5F20000
(Plotting speed under)
G1 F4000


G1X90.0897Y-348.2788

G1X30.2535Y-356.1186

G1 Z0F20000

(Start Block)


G1X30.2535Y-356.1186
G1Z5F20000
(Plotting speed under)
G1 F4000


G1X62.8090Y-373.7767

G1X36.9890Y-319.8468

G1 Z0F20000

(Start Block)


G1X36.9890Y-319.8468
G1Z5F20000
(Plotting speed under)
G1 F4000


G1X30.2535Y-356.1186

G1X73.7780Y-314.9923

G1 Z0F20000

(Start Block)


G1X73.7780Y-314.9923
G1Z5F20000
(Plotting speed under)
G1 F4000


G1X36.9890Y-319.8468

G1X90.2291Y-348.5646

G1 Z0F20000

(Start Block)


G1X90.2291Y-348.5646
G1Z5F20000
(Plotting speed under)
G1 F4000


G1X73.7780Y-314.9923

G1X63.8006Y-374.9534

G1 Z0F20000

(Start Block)


G1X63.8006Y-374.9534
G1Z5F20000
(Plotting speed under)
G1 F4000


G1X90.2291Y-348.5646

G1X30.6683Y-358.3850

G1 Z0F20000

(Start Block)


G1X30.6683Y-358.3850
G1Z5F20000
(Plotting speed under)
G1 F4000


G1X63.8006Y-374.9534

G1X36.1879Y-321.9096

G1 Z0F20000

(Start Block)


G1X36.1879Y-321.9096
G1Z5F20000
(Plotting speed under)
G1 F4000


G1X30.6683Y-358.3850

G1X72.7868Y-315.8368

G1 Z0F20000

(Start Block)


G1X72.7868Y-315.8368
G1Z5F20000
(Plotting speed under)
G1 F4000


G1X36.1879Y-321.9096

G1X90.3339Y-348.8446

G1 Z0F20000

(Start Block)


G1X90.3339Y-348.8446
G1Z5F20000
(Plotting speed under)
G1 F4000


G1X72.7868Y-315.8368

G1X64.7868Y-376.0956

G1 Z0F20000

(Start Block)


G1X64.7868Y-376.0956
G1Z5F20000
(Plotting speed under)
G1 F4000


G1X90.3339Y-348.8446

G1X31.1143Y-360.6355

G1 Z0F20000

(Start Block)


G1X31.1143Y-360.6355
G1Z5F20000
(Plotting speed under)
G1 F4000


G1X64.7868Y-376.0956

G1X35.4118Y-323.9967

G1 Z0F20000

(Start Block)


G1X35.4118Y-323.9967
G1Z5F20000
(Plotting speed under)
G1 F4000


G1X31.1143Y-360.6355

G1X71.7802Y-316.7128

G1 Z0F20000

(Start Block)


G1X71.7802Y-316.7128
G1Z5F20000
(Plotting speed under)
G1 F4000


G1X35.4118Y-323.9967

G1X90.4041Y-349.1200

G1 Z0F20000

(Start Block)


G1X90.4041Y-349.1200
G1Z5F20000
(Plotting speed under)
G1 F4000


G1X71.7802Y-316.7128

G1X65.7664Y-377.2034

G1 Z0F20000

(Start Block)


G1X65.7664Y-377.2034
G1Z5F20000
(Plotting speed under)
G1 F4000


G1X90.4041Y-349.1200

G1X31.5907Y-362.8688

G1 Z0F20000

(Start Block)


G1X31.5907Y-362.8688
G1Z5F20000
(Plotting speed under)
G1 F4000


G1X65.7664Y-377.2034

G1X34.6614Y-326.1075

G1 Z0F20000

(Start Block)


G1X34.6614Y-326.1075
G1Z5F20000
(Plotting speed under)
G1 F4000


G1X31.5907Y-362.8688

G1X70.7594Y-317.6207

G1 Z0F20000

(Start Block)


G1X70.7594Y-317.6207
G1Z5F20000
(Plotting speed under)
G1 F4000


G1X34.6614Y-326.1075

G1X90.4395Y-349.3920

G1 Z0F20000

(Start Block)


G1X90.4395Y-349.3920
G1Z5F20000
(Plotting speed under)
G1 F4000


G1X70.7594Y-317.6207

G1X66.7384Y-378.2772

G1 Z0F20000

(Start Block)


G1X66.7384Y-378.2772
G1Z5F20000
(Plotting speed under)
G1 F4000


G1X90.4395Y-349.3920

G1X32.0972Y-365.0842

G1 Z0F20000

(Start Block)


G1X32.0972Y-365.0842
G1Z5F20000
(Plotting speed under)
G1 F4000


G1X66.7384Y-378.2772

G1X33.9377Y-328.2410

G1 Z0F20000

(Start Block)


G1X33.9377Y-328.2410
G1Z5F20000
(Plotting speed under)
G1 F4000


G1X32.0972Y-365.0842

G1X69.7254Y-318.5610

G1 Z0F20000

(Start Block)


G1X69.7254Y-318.5610
G1Z5F20000
(Plotting speed under)
G1 F4000


G1X33.9377Y-328.2410

G1X90.4401Y-349.6616

G1 Z0F20000

(Start Block)


G1X90.4401Y-349.6616
G1Z5F20000
(Plotting speed under)
G1 F4000


G1X69.7254Y-318.5610

G1X67.7016Y-379.3171

G1 Z0F20000

(Start Block)


G1X67.7016Y-379.3171
G1Z5F20000
(Plotting speed under)
G1 F4000


G1X90.4401Y-349.6616

G1X32.6329Y-367.2805

G1 Z0F20000

(Start Block)


G1X32.6329Y-367.2805
G1Z5F20000
(Plotting speed under)
G1 F4000


G1X67.7016Y-379.3171

G1X33.2412Y-330.3964

G1 Z0F20000

(Start Block)


G1X33.2412Y-330.3964
G1Z5F20000
(Plotting speed under)
G1 F4000


G1X32.6329Y-367.2805

G1X68.6793Y-319.5341

G1 Z0F20000

(Start Block)


G1X68.6793Y-319.5341
G1Z5F20000
(Plotting speed under)
G1 F4000


G1X33.2412Y-330.3964

G1X90.4056Y-349.9301

G1 Z0F20000

(Start Block)


G1X90.4056Y-349.9301
G1Z5F20000
(Plotting speed under)
G1 F4000


G1X68.6793Y-319.5341

G1X68.6549Y-380.3235

G1 Z0F20000

(Start Block)


G1X68.6549Y-380.3235
G1Z5F20000
(Plotting speed under)
G1 F4000


G1X90.4056Y-349.9301

G1X33.1973Y-369.4569

G1 Z0F20000

(Start Block)


G1X33.1973Y-369.4569
G1Z5F20000
(Plotting speed under)
G1 F4000


G1X68.6549Y-380.3235

G1X32.5727Y-332.5726

G1 Z0F20000

(Start Block)


G1X32.5727Y-332.5726
G1Z5F20000
(Plotting speed under)
G1 F4000


G1X33.1973Y-369.4569

G1X67.6221Y-320.5403

G1 Z0F20000

(Start Block)


G1X67.6221Y-320.5403
G1Z5F20000
(Plotting speed under)
G1 F4000


G1X32.5727Y-332.5726

G1X90.3363Y-350.1985

G1 Z0F20000

(Start Block)


G1X90.3363Y-350.1985
G1Z5F20000
(Plotting speed under)
G1 F4000


G1X67.6221Y-320.5403

G1X69.5971Y-381.2966

G1 Z0F20000

(Start Block)


G1X69.5971Y-381.2966
G1Z5F20000
(Plotting speed under)
G1 F4000


G1X90.3363Y-350.1985

G1X33.7898Y-371.6123

G1 Z0F20000

(Start Block)


G1X33.7898Y-371.6123
G1Z5F20000
(Plotting speed under)
G1 F4000


G1X69.5971Y-381.2966

G1X31.9330Y-334.7689

G1 Z0F20000

(Start Block)


G1X31.9330Y-334.7689
G1Z5F20000
(Plotting speed under)
G1 F4000


G1X33.7898Y-371.6123

G1X66.5550Y-321.5801

G1 Z0F20000

(Start Block)


G1X66.5550Y-321.5801
G1Z5F20000
(Plotting speed under)
G1 F4000


G1X31.9330Y-334.7689

G1X90.2319Y-350.4681

G1 Z0F20000

(Start Block)


G1X90.2319Y-350.4681
G1Z5F20000
(Plotting speed under)
G1 F4000


G1X66.5550Y-321.5801

G1X70.5272Y-382.2370

G1 Z0F20000

(Start Block)


G1X70.5272Y-382.2370
G1Z5F20000
(Plotting speed under)
G1 F4000


G1X90.2319Y-350.4681

G1X34.4095Y-373.7459

G1 Z0F20000

(Start Block)


G1X34.4095Y-373.7459
G1Z5F20000
(Plotting speed under)
G1 F4000


G1X70.5272Y-382.2370

G1X31.3225Y-336.9842

G1 Z0F20000

(Start Block)


G1X31.3225Y-336.9842
G1Z5F20000
(Plotting speed under)
G1 F4000


G1X34.4095Y-373.7459

G1X65.4792Y-322.6538

G1 Z0F20000

(Start Block)


G1X65.4792Y-322.6538
G1Z5F20000
(Plotting speed under)
G1 F4000


G1X31.3225Y-336.9842

G1X90.0927Y-350.7401

G1 Z0F20000

(Start Block)


G1X90.0927Y-350.7401
G1Z5F20000
(Plotting speed under)
G1 F4000


G1X65.4792Y-322.6538

G1X71.4442Y-383.1451

G1 Z0F20000

(Start Block)


G1X71.4442Y-383.1451
G1Z5F20000
(Plotting speed under)
G1 F4000


G1X90.0927Y-350.7401

G1X35.0558Y-375.8568

G1 Z0F20000

(Start Block)


G1X35.0558Y-375.8568
G1Z5F20000
(Plotting speed under)
G1 F4000


G1X71.4442Y-383.1451

G1X30.7420Y-339.2175

G1 Z0F20000

(Start Block)


G1X30.7420Y-339.2175
G1Z5F20000
(Plotting speed under)
G1 F4000


G1X35.0558Y-375.8568

G1X64.3956Y-323.7615

G1 Z0F20000

(Start Block)


G1X64.3956Y-323.7615
G1Z5F20000
(Plotting speed under)
G1 F4000


G1X30.7420Y-339.2175

G1X89.9187Y-351.0155

G1 Z0F20000

(Start Block)


G1X89.9187Y-351.0155
G1Z5F20000
(Plotting speed under)
G1 F4000


G1X64.3956Y-323.7615

G1X72.3468Y-384.0212

G1 Z0F20000

(Start Block)


G1X72.3468Y-384.0212
G1Z5F20000
(Plotting speed under)
G1 F4000


G1X89.9187Y-351.0155

G1X35.7280Y-377.9440

G1 Z0F20000

(Start Block)


G1X35.7280Y-377.9440
G1Z5F20000
(Plotting speed under)
G1 F4000


G1X72.3468Y-384.0212

G1X30.1921Y-341.4679

G1 Z0F20000

(Start Block)


G1X30.1921Y-341.4679
G1Z5F20000
(Plotting speed under)
G1 F4000


G1X35.7280Y-377.9440

G1X63.3055Y-324.9035

G1 Z0F20000

(Start Block)


G1X63.3055Y-324.9035
G1Z5F20000
(Plotting speed under)
G1 F4000


G1X30.1921Y-341.4679

G1X89.7101Y-351.2955

G1 Z0F20000

(Start Block)


G1X89.7101Y-351.2955
G1Z5F20000
(Plotting speed under)
G1 F4000


G1X63.3055Y-324.9035

G1X73.2342Y-384.8658

G1 Z0F20000

(Start Block)


G1X73.2342Y-384.8658
G1Z5F20000
(Plotting speed under)
G1 F4000


G1X89.7101Y-351.2955

G1X36.4250Y-380.0069

G1 Z0F20000

(Start Block)


G1X36.4250Y-380.0069
G1Z5F20000
(Plotting speed under)
G1 F4000


G1X73.2342Y-384.8658

G1X29.6732Y-343.7342

G1 Z0F20000

(Start Block)


G1X29.6732Y-343.7342
G1Z5F20000
(Plotting speed under)
G1 F4000


G1X36.4250Y-380.0069

G1X62.2101Y-326.0801

G1 Z0F20000

(Start Block)


G1X62.2101Y-326.0801
G1Z5F20000
(Plotting speed under)
G1 F4000


G1X29.6732Y-343.7342

G1X89.4669Y-351.5813

G1 Z0F20000

(Start Block)


G1X89.4669Y-351.5813
G1Z5F20000
(Plotting speed under)
G1 F4000


G1X62.2101Y-326.0801

G1X74.1052Y-385.6796

G1 Z0F20000

(Start Block)


G1X74.1052Y-385.6796
G1Z5F20000
(Plotting speed under)
G1 F4000


G1X89.4669Y-351.5813

G1X37.1463Y-382.0444

G1 Z0F20000

(Start Block)


G1X37.1463Y-382.0444
G1Z5F20000
(Plotting speed under)
G1 F4000


G1X74.1052Y-385.6796

G1X29.1859Y-346.0156

G1 Z0F20000

(Start Block)


G1X29.1859Y-346.0156
G1Z5F20000
(Plotting speed under)
G1 F4000


G1X37.1463Y-382.0444

G1X61.1103Y-327.2915

G1 Z0F20000

(Start Block)


G1X61.1103Y-327.2915
G1Z5F20000
(Plotting speed under)
G1 F4000


G1X29.1859Y-346.0156

G1X89.1895Y-351.8740

G1 Z0F20000

(Start Block)


G1X89.1895Y-351.8740
G1Z5F20000
(Plotting speed under)
G1 F4000


G1X61.1103Y-327.2915

G1X74.9589Y-386.4630

G1 Z0F20000

(Start Block)


G1X74.9589Y-386.4630
G1Z5F20000
(Plotting speed under)
G1 F4000


G1X89.1895Y-351.8740

G1X37.8909Y-384.0559

G1 Z0F20000

(Start Block)


G1X37.8909Y-384.0559
G1Z5F20000
(Plotting speed under)
G1 F4000


G1X74.9589Y-386.4630

G1X28.7307Y-348.3108

G1 Z0F20000

(Start Block)


G1X28.7307Y-348.3108
G1Z5F20000
(Plotting speed under)
G1 F4000


G1X37.8909Y-384.0559

G1X60.0075Y-328.5376

G1 Z0F20000

(Start Block)


G1X60.0075Y-328.5376
G1Z5F20000
(Plotting speed under)
G1 F4000


G1X28.7307Y-348.3108

G1X88.8781Y-352.1748

G1 Z0F20000

(Start Block)


G1X88.8781Y-352.1748
G1Z5F20000
(Plotting speed under)
G1 F4000


G1X60.0075Y-328.5376

G1X75.7941Y-387.2167

G1 Z0F20000

(Start Block)


G1X75.7941Y-387.2167
G1Z5F20000
(Plotting speed under)
G1 F4000


G1X88.8781Y-352.1748

G1X38.6579Y-386.0406

G1 Z0F20000

(Start Block)


G1X38.6579Y-386.0406
G1Z5F20000
(Plotting speed under)
G1 F4000


G1X75.7941Y-387.2167

G1X28.3080Y-350.6189

G1 Z0F20000

(Start Block)


G1X28.3080Y-350.6189
G1Z5F20000
(Plotting speed under)
G1 F4000


G1X38.6579Y-386.0406

G1X58.9028Y-329.8186

G1 Z0F20000

(Start Block)


G1X58.9028Y-329.8186
G1Z5F20000
(Plotting speed under)
G1 F4000


G1X28.3080Y-350.6189

G1X88.5329Y-352.4847

G1 Z0F20000

(Start Block)


G1X88.5329Y-352.4847
G1Z5F20000
(Plotting speed under)
G1 F4000


G1X58.9028Y-329.8186

G1X76.6100Y-387.9413

G1 Z0F20000

(Start Block)


G1X76.6100Y-387.9413
G1Z5F20000
(Plotting speed under)
G1 F4000


G1X88.5329Y-352.4847

G1X39.4465Y-387.9978

G1 Z0F20000

(Start Block)


G1X39.4465Y-387.9978
G1Z5F20000
(Plotting speed under)
G1 F4000


G1X76.6100Y-387.9413

G1X27.9182Y-352.9388

G1 Z0F20000

(Start Block)


G1X27.9182Y-352.9388
G1Z5F20000
(Plotting speed under)
G1 F4000


G1X39.4465Y-387.9978

G1X57.7972Y-331.1346

G1 Z0F20000

(Start Block)


G1X57.7972Y-331.1346
G1Z5F20000
(Plotting speed under)
G1 F4000


G1X27.9182Y-352.9388

G1X88.1544Y-352.8049

G1 Z0F20000

(Start Block)


G1X88.1544Y-352.8049
G1Z5F20000
(Plotting speed under)
G1 F4000


G1X57.7972Y-331.1346

G1X77.4057Y-388.6374

G1 Z0F20000

(Start Block)


G1X77.4057Y-388.6374
G1Z5F20000
(Plotting speed under)
G1 F4000


G1X88.1544Y-352.8049

G1X40.2557Y-389.9266

G1 Z0F20000

(Start Block)


G1X40.2557Y-389.9266
G1Z5F20000
(Plotting speed under)
G1 F4000


G1X77.4057Y-388.6374

G1X27.5617Y-355.2693

G1 Z0F20000

(Start Block)


G1X27.5617Y-355.2693
G1Z5F20000
(Plotting speed under)
G1 F4000


G1X40.2557Y-389.9266

G1X56.6921Y-332.4856

G1 Z0F20000

(Start Block)


G1X56.6921Y-332.4856
G1Z5F20000
(Plotting speed under)
G1 F4000


G1X27.5617Y-355.2693

G1X87.7427Y-353.1365

G1 Z0F20000

(Start Block)


G1X87.7427Y-353.1365
G1Z5F20000
(Plotting speed under)
G1 F4000


G1X56.6921Y-332.4856

G1X78.1801Y-389.3057

G1 Z0F20000

(Start Block)


G1X78.1801Y-389.3057
G1Z5F20000
(Plotting speed under)
G1 F4000


G1X87.7427Y-353.1365

G1X41.0845Y-391.8267

G1 Z0F20000

(Start Block)


G1X41.0845Y-391.8267
G1Z5F20000
(Plotting speed under)
G1 F4000


G1X78.1801Y-389.3057

G1X27.2389Y-357.6094

G1 Z0F20000

(Start Block)


G1X27.2389Y-357.6094
G1Z5F20000
(Plotting speed under)
G1 F4000


G1X41.0845Y-391.8267

G1X55.5885Y-333.8715

G1 Z0F20000

(Start Block)


G1X55.5885Y-333.8715
G1Z5F20000
(Plotting speed under)
G1 F4000


G1X27.2389Y-357.6094

G1X87.2984Y-353.4806

G1 Z0F20000

(Start Block)


G1X87.2984Y-353.4806
G1Z5F20000
(Plotting speed under)
G1 F4000


G1X55.5885Y-333.8715

G1X78.9323Y-389.9469

G1 Z0F20000

(Start Block)


G1X78.9323Y-389.9469
G1Z5F20000
(Plotting speed under)
G1 F4000


G1X87.2984Y-353.4806

G1X41.9321Y-393.6971

G1 Z0F20000

(Start Block)


G1X41.9321Y-393.6971
G1Z5F20000
(Plotting speed under)
G1 F4000


G1X78.9323Y-389.9469

G1X26.9500Y-359.9579

G1 Z0F20000

(Start Block)


G1X26.9500Y-359.9579
G1Z5F20000
(Plotting speed under)
G1 F4000


G1X41.9321Y-393.6971

G1X54.4876Y-335.2922

G1 Z0F20000

(Start Block)


G1X54.4876Y-335.2922
G1Z5F20000
(Plotting speed under)
G1 F4000


G1X26.9500Y-359.9579

G1X86.8219Y-353.8383

G1 Z0F20000

(Start Block)


G1X86.8219Y-353.8383
G1Z5F20000
(Plotting speed under)
G1 F4000


G1X54.4876Y-335.2922

G1X79.6615Y-390.5619

G1 Z0F20000

(Start Block)


G1X79.6615Y-390.5619
G1Z5F20000
(Plotting speed under)
G1 F4000


G1X86.8219Y-353.8383

G1X42.7973Y-395.5375

G1 Z0F20000

(Start Block)


G1X42.7973Y-395.5375
G1Z5F20000
(Plotting speed under)
G1 F4000


G1X79.6615Y-390.5619

G1X26.6953Y-362.3137

G1 Z0F20000

(Start Block)


G1X26.6953Y-362.3137
G1Z5F20000
(Plotting speed under)
G1 F4000


G1X42.7973Y-395.5375

G1X53.3958Y-336.6132

G1 Z0F20000

(Start Block)


G1X53.3958Y-336.6132
G1Z5F20000
(Plotting speed under)
G1 F4000


G1X26.6953Y-362.3137

G1 Z0F20000

(Start Block)


G1X80.5174Y-389.9737
G1Z5F20000
(Plotting speed under)
G1 F4000


G1X86.3915Y-353.5544

G1X43.9024Y-395.6479

G1 Z0F20000

(Start Block)


G1X43.9024Y-395.6479
G1Z5F20000
(Plotting speed under)
G1 F4000


G1X80.5174Y-389.9737

G1X26.7707Y-362.4549

G1 Z0F20000

(Start Block)


G1X26.7707Y-362.4549
G1Z5F20000
(Plotting speed under)
G1 F4000


G1X43.9024Y-395.6479

G1X52.6669Y-335.4956

G1 Z0F20000

(Start Block)


G1X52.6669Y-335.4956
G1Z5F20000
(Plotting speed under)
G1 F4000


G1X26.7707Y-362.4549

G1X86.2151Y-351.3346

G1 Z0F20000

(Start Block)


G1X86.2151Y-351.3346
G1Z5F20000
(Plotting speed under)
G1 F4000


G1X52.6669Y-335.4956

G1X81.5611Y-387.9307

G1 Z0F20000

(Start Block)


G1X81.5611Y-387.9307
G1Z5F20000
(Plotting speed under)
G1 F4000


G1X86.2151Y-351.3346

G1X45.1631Y-394.8185

G1 Z0F20000

(Start Block)


G1X45.1631Y-394.8185
G1Z5F20000
(Plotting speed under)
G1 F4000


G1X81.5611Y-387.9307

G1X26.9481Y-362.2142

G1 Z0F20000

(Start Block)


G1X26.9481Y-362.2142
G1Z5F20000
(Plotting speed under)
G1 F4000


G1X45.1631Y-394.8185

G1X51.9441Y-334.4124

G1 Z0F20000

(Start Block)


G1X51.9441Y-334.4124
G1Z5F20000
(Plotting speed under)
G1 F4000


G1X26.9481Y-362.2142

G1X86.0079Y-349.1315

G1 Z0F20000

(Start Block)


G1X86.0079Y-349.1315
G1Z5F20000
(Plotting speed under)
G1 F4000


G1X51.9441Y-334.4124

G1X82.5793Y-385.8638

G1 Z0F20000

(Start Block)


G1X82.5793Y-385.8638
G1Z5F20000
(Plotting speed under)
G1 F4000


G1X86.0079Y-349.1315

G1X46.4384Y-393.9574

G1 Z0F20000

(Start Block)


G1X46.4384Y-393.9574
G1Z5F20000
(Plotting speed under)
G1 F4000


G1X82.5793Y-385.8638

G1X27.1602Y-361.9773

G1 Z0F20000

(Start Block)


G1X27.1602Y-361.9773
G1Z5F20000
(Plotting speed under)
G1 F4000


G1X46.4384Y-393.9574

G1X51.2285Y-333.3634

G1 Z0F20000

(Start Block)


G1X51.2285Y-333.3634
G1Z5F20000
(Plotting speed under)
G1 F4000


G1X27.1602Y-361.9773

G1X85.7706Y-346.9461

G1 Z0F20000

(Start Block)


G1X85.7706Y-346.9461
G1Z5F20000
(Plotting speed under)
G1 F4000


G1X51.2285Y-333.3634

G1X83.5712Y-383.7738

G1 Z0F20000

(Start Block)


G1X83.5712Y-383.7738
G1Z5F20000
(Plotting speed under)
G1 F4000


G1X85.7706Y-346.9461

G1X47.7273Y-393.0640

G1 Z0F20000

(Start Block)


G1X47.7273Y-393.0640
G1Z5F20000
(Plotting speed under)
G1 F4000


G1X83.5712Y-383.7738

G1X27.4072Y-361.7431

G1 Z0F20000

(Start Block)


G1X27.4072Y-361.7431
G1Z5F20000
(Plotting speed under)
G1 F4000


G1X47.7273Y-393.0640

G1X50.5214Y-332.3483

G1 Z0F20000

(Start Block)


G1X50.5214Y-332.3483
G1Z5F20000
(Plotting speed under)
G1 F4000


G1X27.4072Y-361.7431

G1X85.5037Y-344.7794

G1 Z0F20000

(Start Block)


G1X85.5037Y-344.7794
G1Z5F20000
(Plotting speed under)
G1 F4000


G1X50.5214Y-332.3483

G1X84.5360Y-381.6617

G1 Z0F20000

(Start Block)


G1X84.5360Y-381.6617
G1Z5F20000
(Plotting speed under)
G1 F4000


G1X85.5037Y-344.7794

G1X49.0286Y-392.1380

G1 Z0F20000

(Start Block)


G1X49.0286Y-392.1380
G1Z5F20000
(Plotting speed under)
G1 F4000


G1X84.5360Y-381.6617

G1X27.6891Y-361.5105

G1 Z0F20000

(Start Block)


G1X27.6891Y-361.5105
G1Z5F20000
(Plotting speed under)
G1 F4000


G1X49.0286Y-392.1380

G1X49.8239Y-331.3669

G1 Z0F20000

(Start Block)


G1X49.8239Y-331.3669
G1Z5F20000
(Plotting speed under)
G1 F4000


G1X27.6891Y-361.5105

G1X85.2079Y-342.6324

G1 Z0F20000

(Start Block)


G1X85.2079Y-342.6324
G1Z5F20000
(Plotting speed under)
G1 F4000


G1X49.8239Y-331.3669

G1X85.4730Y-379.5284

G1 Z0F20000

(Start Block)


G1X85.4730Y-379.5284
G1Z5F20000
(Plotting speed under)
G1 F4000


G1X85.2079Y-342.6324

G1X50.3414Y-391.1790

G1 Z0F20000

(Start Block)


G1X50.3414Y-391.1790
G1Z5F20000
(Plotting speed under)
G1 F4000


G1X85.4730Y-379.5284

G1X28.0060Y-361.2782

G1 Z0F20000

(Start Block)


G1X28.0060Y-361.2782
G1Z5F20000
(Plotting speed under)
G1 F4000


G1X50.3414Y-391.1790

G1X49.1370Y-330.4187

G1 Z0F20000

(Start Block)


G1X49.1370Y-330.4187
G1Z5F20000
(Plotting speed under)
G1 F4000


G1X28.0060Y-361.2782

G1X84.8839Y-340.5060

G1 Z0F20000

(Start Block)


G1X84.8839Y-340.5060
G1Z5F20000
(Plotting speed under)
G1 F4000


G1X49.1370Y-330.4187

G1X86.3816Y-377.3748

G1 Z0F20000

(Start Block)


G1X86.3816Y-377.3748
G1Z5F20000
(Plotting speed under)
G1 F4000


G1X84.8839Y-340.5060

G1X51.6644Y-390.1865

G1 Z0F20000

(Start Block)


G1X51.6644Y-390.1865
G1Z5F20000
(Plotting speed under)
G1 F4000


G1X86.3816Y-377.3748

G1X28.3578Y-361.0452

G1 Z0F20000

(Start Block)


G1X28.3578Y-361.0452
G1Z5F20000
(Plotting speed under)
G1 F4000


G1X51.6644Y-390.1865

G1X48.4619Y-329.5035

G1 Z0F20000

(Start Block)


G1X48.4619Y-329.5035
G1Z5F20000
(Plotting speed under)
G1 F4000


G1X28.3578Y-361.0452

G1X84.5323Y-338.4011

G1 Z0F20000

(Start Block)


G1X84.5323Y-338.4011
G1Z5F20000
(Plotting speed under)
G1 F4000


G1X48.4619Y-329.5035

G1X87.2610Y-375.2018

G1 Z0F20000

(Start Block)


G1X87.2610Y-375.2018
G1Z5F20000
(Plotting speed under)
G1 F4000


G1X84.5323Y-338.4011

G1X52.9967Y-389.1603

G1 Z0F20000

(Start Block)


G1X52.9967Y-389.1603
G1Z5F20000
(Plotting speed under)
G1 F4000


G1X87.2610Y-375.2018

G1X28.7445Y-360.8102

G1 Z0F20000

(Start Block)


G1X28.7445Y-360.8102
G1Z5F20000
(Plotting speed under)
G1 F4000


G1X52.9967Y-389.1603

G1X47.7996Y-328.6208

G1 Z0F20000

(Start Block)


G1X47.7996Y-328.6208
G1Z5F20000
(Plotting speed under)
G1 F4000


G1X28.7445Y-360.8102

G1X84.1539Y-336.3186

G1 Z0F20000

(Start Block)


G1X84.1539Y-336.3186
G1Z5F20000
(Plotting speed under)
G1 F4000


G1X47.7996Y-328.6208

G1X88.1107Y-373.0105

G1 Z0F20000

(Start Block)


G1X88.1107Y-373.0105
G1Z5F20000
(Plotting speed under)
G1 F4000


G1X84.1539Y-336.3186

G1X54.3369Y-388.1001

G1 Z0F20000

(Start Block)


G1X54.3369Y-388.1001
G1Z5F20000
(Plotting speed under)
G1 F4000


G1X88.1107Y-373.0105

G1X29.1661Y-360.5722

G1 Z0F20000

(Start Block)


G1X29.1661Y-360.5722
G1Z5F20000
(Plotting speed under)
G1 F4000


G1X54.3369Y-388.1001

G1X47.1512Y-327.7702

G1 Z0F20000

(Start Block)


G1X47.1512Y-327.7702
G1Z5F20000
(Plotting speed under)
G1 F4000


G1X29.1661Y-360.5722

G1X83.7495Y-334.2595

G1 Z0F20000

(Start Block)


G1X83.7495Y-334.2595
G1Z5F20000
(Plotting speed under)
G1 F4000


G1X47.1512Y-327.7702

G1X88.9301Y-370.8018

G1 Z0F20000

(Start Block)


G1X88.9301Y-370.8018
G1Z5F20000
(Plotting speed under)
G1 F4000


G1X83.7495Y-334.2595

G1X55.6841Y-387.0056

G1 Z0F20000

(Start Block)


G1X55.6841Y-387.0056
G1Z5F20000
(Plotting speed under)
G1 F4000


G1X88.9301Y-370.8018

G1X29.6223Y-360.3299

G1 Z0F20000

(Start Block)


G1X29.6223Y-360.3299
G1Z5F20000
(Plotting speed under)
G1 F4000


G1X55.6841Y-387.0056

G1X46.5178Y-326.9512

G1 Z0F20000

(Start Block)


G1X46.5178Y-326.9512
G1Z5F20000
(Plotting speed under)
G1 F4000


G1X29.6223Y-360.3299

G1X83.3198Y-332.2245

G1 Z0F20000

(Start Block)


G1X83.3198Y-332.2245
G1Z5F20000
(Plotting speed under)
G1 F4000


G1X46.5178Y-326.9512

G1X89.7185Y-368.5767

G1 Z0F20000

(Start Block)


G1X89.7185Y-368.5767
G1Z5F20000
(Plotting speed under)
G1 F4000


G1X83.3198Y-332.2245

G1X57.0371Y-385.8766

G1 Z0F20000

(Start Block)


G1X57.0371Y-385.8766
G1Z5F20000
(Plotting speed under)
G1 F4000


G1X89.7185Y-368.5767

G1X30.1131Y-360.0823

G1 Z0F20000

(Start Block)


G1X30.1131Y-360.0823
G1Z5F20000
(Plotting speed under)
G1 F4000


G1X57.0371Y-385.8766

G1X45.9003Y-326.1632

G1 Z0F20000

(Start Block)


G1X45.9003Y-326.1632
G1Z5F20000
(Plotting speed under)
G1 F4000


G1X30.1131Y-360.0823

G1X82.8656Y-330.2145

G1 Z0F20000

(Start Block)


G1X82.8656Y-330.2145
G1Z5F20000
(Plotting speed under)
G1 F4000


G1X45.9003Y-326.1632

G1X90.4756Y-366.3363

G1 Z0F20000

(Start Block)


G1X90.4756Y-366.3363
G1Z5F20000
(Plotting speed under)
G1 F4000


G1X82.8656Y-330.2145

G1X58.3947Y-384.7129

G1 Z0F20000

(Start Block)


G1X58.3947Y-384.7129
G1Z5F20000
(Plotting speed under)
G1 F4000


G1X90.4756Y-366.3363

G1X30.6383Y-359.8281

G1 Z0F20000

(Start Block)


G1X30.6383Y-359.8281
G1Z5F20000
(Plotting speed under)
G1 F4000


G1X58.3947Y-384.7129

G1X45.2999Y-325.4058

G1 Z0F20000

(Start Block)


G1X45.2999Y-325.4058
G1Z5F20000
(Plotting speed under)
G1 F4000


G1X30.6383Y-359.8281

G1X82.3879Y-328.2303

G1 Z0F20000

(Start Block)


G1X82.3879Y-328.2303
G1Z5F20000
(Plotting speed under)
G1 F4000


G1X45.2999Y-325.4058

G1X91.2007Y-364.0817

G1 Z0F20000

(Start Block)


G1X91.2007Y-364.0817
G1Z5F20000
(Plotting speed under)
G1 F4000


G1X82.3879Y-328.2303

G1X59.7557Y-383.5145

G1 Z0F20000

(Start Block)


G1X59.7557Y-383.5145
G1Z5F20000
(Plotting speed under)
G1 F4000


G1X91.2007Y-364.0817

G1X31.1975Y-359.5662

G1 Z0F20000

(Start Block)


G1X31.1975Y-359.5662
G1Z5F20000
(Plotting speed under)
G1 F4000


G1X59.7557Y-383.5145

G1X44.7176Y-324.6784

G1 Z0F20000

(Start Block)


G1X44.7176Y-324.6784
G1Z5F20000
(Plotting speed under)
G1 F4000


G1X31.1975Y-359.5662

G1X81.8874Y-326.2727

G1 Z0F20000

(Start Block)


G1X81.8874Y-326.2727
G1Z5F20000
(Plotting speed under)
G1 F4000


G1X44.7176Y-324.6784

G1X91.8934Y-361.8138

G1 Z0F20000

(Start Block)


G1X91.8934Y-361.8138
G1Z5F20000
(Plotting speed under)
G1 F4000


G1X81.8874Y-326.2727

G1X61.1191Y-382.2812

G1 Z0F20000

(Start Block)


G1X61.1191Y-382.2812
G1Z5F20000
(Plotting speed under)
G1 F4000


G1X91.8934Y-361.8138

G1X31.7906Y-359.2956

G1 Z0F20000

(Start Block)


G1X31.7906Y-359.2956
G1Z5F20000
(Plotting speed under)
G1 F4000


G1X61.1191Y-382.2812

G1X44.1543Y-323.9802

G1 Z0F20000

(Start Block)


G1X44.1543Y-323.9802
G1Z5F20000
(Plotting speed under)
G1 F4000


G1X31.7906Y-359.2956

G1X81.3651Y-324.3424

G1 Z0F20000

(Start Block)


G1X81.3651Y-324.3424
G1Z5F20000
(Plotting speed under)
G1 F4000


G1X44.1543Y-323.9802

G1X92.5534Y-359.5338

G1 Z0F20000

(Start Block)


G1X92.5534Y-359.5338
G1Z5F20000
(Plotting speed under)
G1 F4000


G1X81.3651Y-324.3424

G1X62.4837Y-381.0130

G1 Z0F20000

(Start Block)


G1X62.4837Y-381.0130
G1Z5F20000
(Plotting speed under)
G1 F4000


G1X92.5534Y-359.5338

G1X32.4172Y-359.0150

G1 Z0F20000

(Start Block)


G1X32.4172Y-359.0150
G1Z5F20000
(Plotting speed under)
G1 F4000


G1X62.4837Y-381.0130

G1X43.6109Y-323.3108

G1 Z0F20000

(Start Block)


G1X43.6109Y-323.3108
G1Z5F20000
(Plotting speed under)
G1 F4000


G1X32.4172Y-359.0150

G1X80.8218Y-322.4400

G1 Z0F20000

(Start Block)


G1X80.8218Y-322.4400
G1Z5F20000
(Plotting speed under)
G1 F4000


G1X43.6109Y-323.3108

G1X93.1802Y-357.2428

G1 Z0F20000

(Start Block)


G1X93.1802Y-357.2428
G1Z5F20000
(Plotting speed under)
G1 F4000


G1X80.8218Y-322.4400

G1X63.8482Y-379.7097

G1 Z0F20000

(Start Block)


G1X63.8482Y-379.7097
G1Z5F20000
(Plotting speed under)
G1 F4000


G1X93.1802Y-357.2428

G1X33.0771Y-358.7234

G1 Z0F20000

(Start Block)


G1X33.0771Y-358.7234
G1Z5F20000
(Plotting speed under)
G1 F4000


G1X63.8482Y-379.7097

G1X43.0885Y-322.6694

G1 Z0F20000

(Start Block)


G1X43.0885Y-322.6694
G1Z5F20000
(Plotting speed under)
G1 F4000


G1X33.0771Y-358.7234

G1X80.2586Y-320.5664

G1 Z0F20000

(Start Block)


G1X80.2586Y-320.5664
G1Z5F20000
(Plotting speed under)
G1 F4000


G1X43.0885Y-322.6694

G1X93.7734Y-354.9419

G1 Z0F20000

(Start Block)


G1X93.7734Y-354.9419
G1Z5F20000
(Plotting speed under)
G1 F4000


G1X80.2586Y-320.5664

G1X65.2116Y-378.3716

G1 Z0F20000

(Start Block)


G1X65.2116Y-378.3716
G1Z5F20000
(Plotting speed under)
G1 F4000


G1X93.7734Y-354.9419

G1X33.7696Y-358.4196

G1 Z0F20000

(Start Block)


G1X33.7696Y-358.4196
G1Z5F20000
(Plotting speed under)
G1 F4000


G1X65.2116Y-378.3716

G1X42.5879Y-322.0553

G1 Z0F20000

(Start Block)


G1X42.5879Y-322.0553
G1Z5F20000
(Plotting speed under)
G1 F4000


G1X33.7696Y-358.4196

G1X79.6763Y-318.7221

G1 Z0F20000

(Start Block)


G1X79.6763Y-318.7221
G1Z5F20000
(Plotting speed under)
G1 F4000


G1X42.5879Y-322.0553

G1X94.3328Y-352.6322

G1 Z0F20000

(Start Block)


G1X94.3328Y-352.6322
G1Z5F20000
(Plotting speed under)
G1 F4000


G1X79.6763Y-318.7221

G1X66.5727Y-376.9985

G1 Z0F20000

(Start Block)


G1X66.5727Y-376.9985
G1Z5F20000
(Plotting speed under)
G1 F4000


G1X94.3328Y-352.6322

G1X34.4946Y-358.1027

G1 Z0F20000

(Start Block)


G1X34.4946Y-358.1027
G1Z5F20000
(Plotting speed under)
G1 F4000


G1X66.5727Y-376.9985

G1X42.1100Y-321.4677

G1 Z0F20000

(Start Block)


G1X42.1100Y-321.4677
G1Z5F20000
(Plotting speed under)
G1 F4000


G1X34.4946Y-358.1027

G1X79.0760Y-316.9077

G1 Z0F20000

(Start Block)


G1X79.0760Y-316.9077
G1Z5F20000
(Plotting speed under)
G1 F4000


G1X42.1100Y-321.4677

G1X94.8581Y-350.3148

G1 Z0F20000

(Start Block)


G1X94.8581Y-350.3148
G1Z5F20000
(Plotting speed under)
G1 F4000


G1X79.0760Y-316.9077

G1X67.9303Y-375.5907

G1 Z0F20000

(Start Block)


G1X67.9303Y-375.5907
G1Z5F20000
(Plotting speed under)
G1 F4000


G1X94.8581Y-350.3148

G1X35.2515Y-357.7715

G1 Z0F20000

(Start Block)


G1X35.2515Y-357.7715
G1Z5F20000
(Plotting speed under)
G1 F4000


G1X67.9303Y-375.5907

G1X41.6558Y-320.9060

G1 Z0F20000

(Start Block)


G1X41.6558Y-320.9060
G1Z5F20000
(Plotting speed under)
G1 F4000


G1X35.2515Y-357.7715

G1X78.4586Y-315.1238

G1 Z0F20000

(Start Block)


G1X78.4586Y-315.1238
G1Z5F20000
(Plotting speed under)
G1 F4000


G1X41.6558Y-320.9060

G1X95.3491Y-347.9909

G1 Z0F20000

(Start Block)


G1X95.3491Y-347.9909
G1Z5F20000
(Plotting speed under)
G1 F4000


G1X78.4586Y-315.1238

G1X69.2833Y-374.1482

G1 Z0F20000

(Start Block)


G1X69.2833Y-374.1482
G1Z5F20000
(Plotting speed under)
G1 F4000


G1X95.3491Y-347.9909

G1X36.0398Y-357.4251

G1 Z0F20000

(Start Block)


G1X36.0398Y-357.4251
G1Z5F20000
(Plotting speed under)
G1 F4000


G1X69.2833Y-374.1482

G1X41.2260Y-320.3692

G1 Z0F20000

(Start Block)


G1X41.2260Y-320.3692
G1Z5F20000
(Plotting speed under)
G1 F4000


G1X36.0398Y-357.4251

G1X77.8253Y-313.3711

G1 Z0F20000

(Start Block)


G1X77.8253Y-313.3711
G1Z5F20000
(Plotting speed under)
G1 F4000


G1X41.2260Y-320.3692

G1X95.8055Y-345.6615

G1 Z0F20000

(Start Block)


G1X95.8055Y-345.6615
G1Z5F20000
(Plotting speed under)
G1 F4000


G1X77.8253Y-313.3711

G1X70.6305Y-372.6713

G1 Z0F20000

(Start Block)


G1X70.6305Y-372.6713
G1Z5F20000
(Plotting speed under)
G1 F4000


G1X95.8055Y-345.6615

G1X36.8590Y-357.0622

G1 Z0F20000

(Start Block)


G1X36.8590Y-357.0622
G1Z5F20000
(Plotting speed under)
G1 F4000


G1X70.6305Y-372.6713

G1X40.8214Y-319.8566

G1 Z0F20000

(Start Block)


G1X40.8214Y-319.8566
G1Z5F20000
(Plotting speed under)
G1 F4000


G1X36.8590Y-357.0622

G1X77.1770Y-311.6499

G1 Z0F20000

(Start Block)


G1X77.1770Y-311.6499
G1Z5F20000
(Plotting speed under)
G1 F4000


G1X40.8214Y-319.8566

G1X96.2272Y-343.3279

G1 Z0F20000

(Start Block)


G1X96.2272Y-343.3279
G1Z5F20000
(Plotting speed under)
G1 F4000


G1X77.1770Y-311.6499

G1X71.9708Y-371.1600

G1 Z0F20000

(Start Block)


G1X71.9708Y-371.1600
G1Z5F20000
(Plotting speed under)
G1 F4000


G1X96.2272Y-343.3279

G1X37.7086Y-356.6820

G1 Z0F20000

(Start Block)


G1X37.7086Y-356.6820
G1Z5F20000
(Plotting speed under)
G1 F4000


G1X71.9708Y-371.1600

G1X40.4429Y-319.3673

G1 Z0F20000

(Start Block)


G1X40.4429Y-319.3673
G1Z5F20000
(Plotting speed under)
G1 F4000


G1X37.7086Y-356.6820

G1X76.5147Y-309.9609

G1 Z0F20000

(Start Block)


G1X76.5147Y-309.9609
G1Z5F20000
(Plotting speed under)
G1 F4000


G1X40.4429Y-319.3673

G1X96.6141Y-340.9913

G1 Z0F20000

(Start Block)


G1X96.6141Y-340.9913
G1Z5F20000
(Plotting speed under)
G1 F4000


G1X76.5147Y-309.9609

G1X73.3031Y-369.6147

G1 Z0F20000

(Start Block)


G1X73.3031Y-369.6147
G1Z5F20000
(Plotting speed under)
G1 F4000


G1X96.6141Y-340.9913

G1X38.5879Y-356.2834

G1 Z0F20000

(Start Block)


G1X38.5879Y-356.2834
G1Z5F20000
(Plotting speed under)
G1 F4000


G1X73.3031Y-369.6147

G1X40.0912Y-318.9005

G1 Z0F20000

(Start Block)


G1X40.0912Y-318.9005
G1Z5F20000
(Plotting speed under)
G1 F4000


G1X38.5879Y-356.2834

G1X75.8396Y-308.3043

G1 Z0F20000

(Start Block)


G1X75.8396Y-308.3043
G1Z5F20000
(Plotting speed under)
G1 F4000


G1X40.0912Y-318.9005

G1X96.9661Y-338.6527

G1 Z0F20000

(Start Block)


G1X96.9661Y-338.6527
G1Z5F20000
(Plotting speed under)
G1 F4000


G1X75.8396Y-308.3043

G1X74.6262Y-368.0357

G1 Z0F20000

(Start Block)


G1X74.6262Y-368.0357
G1Z5F20000
(Plotting speed under)
G1 F4000


G1X96.9661Y-338.6527

G1X39.4964Y-355.8655

G1 Z0F20000

(Start Block)


G1X39.4964Y-355.8655
G1Z5F20000
(Plotting speed under)
G1 F4000


G1X74.6262Y-368.0357

G1X39.7671Y-318.4552

G1 Z0F20000

(Start Block)


G1X39.7671Y-318.4552
G1Z5F20000
(Plotting speed under)
G1 F4000


G1X39.4964Y-355.8655

G1X75.1528Y-306.6807

G1 Z0F20000

(Start Block)


G1X75.1528Y-306.6807
G1Z5F20000
(Plotting speed under)
G1 F4000


G1X39.7671Y-318.4552

G1X97.2831Y-336.3133

G1 Z0F20000

(Start Block)


G1X97.2831Y-336.3133
G1Z5F20000
(Plotting speed under)
G1 F4000


G1X75.1528Y-306.6807

G1X75.9390Y-366.4233

G1 Z0F20000

(Start Block)


G1X75.9390Y-366.4233
G1Z5F20000
(Plotting speed under)
G1 F4000


G1X97.2831Y-336.3133

G1X40.4333Y-355.4273

G1 Z0F20000

(Start Block)


G1X40.4333Y-355.4273
G1Z5F20000
(Plotting speed under)
G1 F4000


G1X75.9390Y-366.4233

G1X39.4711Y-318.0305

G1 Z0F20000

(Start Block)


G1X39.4711Y-318.0305
G1Z5F20000
(Plotting speed under)
G1 F4000


G1X40.4333Y-355.4273

G1X74.4553Y-305.0903

G1 Z0F20000

(Start Block)


G1X74.4553Y-305.0903
G1Z5F20000
(Plotting speed under)
G1 F4000


G1X39.4711Y-318.0305

G1X97.5652Y-333.9743

G1 Z0F20000

(Start Block)


G1X97.5652Y-333.9743
G1Z5F20000
(Plotting speed under)
G1 F4000


G1X74.4553Y-305.0903

G1X77.2404Y-364.7778

G1 Z0F20000

(Start Block)


G1X77.2404Y-364.7778
G1Z5F20000
(Plotting speed under)
G1 F4000


G1X97.5652Y-333.9743

G1X41.3980Y-354.9678

G1 Z0F20000

(Start Block)


G1X41.3980Y-354.9678
G1Z5F20000
(Plotting speed under)
G1 F4000


G1X77.2404Y-364.7778

G1X39.2042Y-317.6255

G1 Z0F20000

(Start Block)


G1X39.2042Y-317.6255
G1Z5F20000
(Plotting speed under)
G1 F4000


G1X41.3980Y-354.9678

G1X73.7483Y-303.5336

G1 Z0F20000

(Start Block)


G1X73.7483Y-303.5336
G1Z5F20000
(Plotting speed under)
G1 F4000


G1X39.2042Y-317.6255

G1X97.8123Y-331.6368

G1 Z0F20000

(Start Block)


G1X97.8123Y-331.6368
G1Z5F20000
(Plotting speed under)
G1 F4000


G1X73.7483Y-303.5336

G1X78.5293Y-363.0997

G1 Z0F20000

(Start Block)


G1X78.5293Y-363.0997
G1Z5F20000
(Plotting speed under)
G1 F4000


G1X97.8123Y-331.6368

G1X42.3897Y-354.4862

G1 Z0F20000

(Start Block)


G1X42.3897Y-354.4862
G1Z5F20000
(Plotting speed under)
G1 F4000


G1X78.5293Y-363.0997

G1X38.9667Y-317.2392

G1 Z0F20000

(Start Block)


G1X38.9667Y-317.2392
G1Z5F20000
(Plotting speed under)
G1 F4000


G1X42.3897Y-354.4862

G1X73.0327Y-302.0108

G1 Z0F20000

(Start Block)


G1X73.0327Y-302.0108
G1Z5F20000
(Plotting speed under)
G1 F4000


G1X38.9667Y-317.2392

G1X98.0246Y-329.3021

G1 Z0F20000

(Start Block)


G1X98.0246Y-329.3021
G1Z5F20000
(Plotting speed under)
G1 F4000


G1X73.0327Y-302.0108

G1X79.8047Y-361.3893

G1 Z0F20000

(Start Block)


G1X79.8047Y-361.3893
G1Z5F20000
(Plotting speed under)
G1 F4000


G1X98.0246Y-329.3021

G1X43.4078Y-353.9816

G1 Z0F20000

(Start Block)


G1X43.4078Y-353.9816
G1Z5F20000
(Plotting speed under)
G1 F4000


G1X79.8047Y-361.3893

G1X38.7594Y-316.8706

G1 Z0F20000

(Start Block)


G1X38.7594Y-316.8706
G1Z5F20000
(Plotting speed under)
G1 F4000


G1X43.4078Y-353.9816

G1X72.3099Y-300.5222

G1 Z0F20000

(Start Block)


G1X72.3099Y-300.5222
G1Z5F20000
(Plotting speed under)
G1 F4000


G1X38.7594Y-316.8706

G1X98.2021Y-326.9712

G1 Z0F20000

(Start Block)


G1X98.2021Y-326.9712
G1Z5F20000
(Plotting speed under)
G1 F4000


G1X72.3099Y-300.5222

G1X81.0654Y-359.6472

G1 Z0F20000

(Start Block)


G1X81.0654Y-359.6472
G1Z5F20000
(Plotting speed under)
G1 F4000


G1X98.2021Y-326.9712

G1X44.4513Y-353.4531

G1 Z0F20000

(Start Block)


G1X44.4513Y-353.4531
G1Z5F20000
(Plotting speed under)
G1 F4000


G1X81.0654Y-359.6472

G1X38.5828Y-316.5187

G1 Z0F20000

(Start Block)


G1X38.5828Y-316.5187
G1Z5F20000
(Plotting speed under)
G1 F4000


G1X44.4513Y-353.4531

G1X71.5810Y-299.0681

G1 Z0F20000

(Start Block)


G1X71.5810Y-299.0681
G1Z5F20000
(Plotting speed under)
G1 F4000


G1X38.5828Y-316.5187

G1X98.3450Y-324.6453

G1 Z0F20000

(Start Block)


G1X98.3450Y-324.6453
G1Z5F20000
(Plotting speed under)
G1 F4000


G1X71.5810Y-299.0681

G1X82.3105Y-357.8738

G1 Z0F20000

(Start Block)


G1X82.3105Y-357.8738
G1Z5F20000
(Plotting speed under)
G1 F4000


G1X98.3450Y-324.6453

G1X45.5197Y-352.8999

G1 Z0F20000

(Start Block)


G1X45.5197Y-352.8999
G1Z5F20000
(Plotting speed under)
G1 F4000


G1X82.3105Y-357.8738

G1X38.4374Y-316.1824

G1 Z0F20000

(Start Block)


G1X38.4374Y-316.1824
G1Z5F20000
(Plotting speed under)
G1 F4000


G1X45.5197Y-352.8999

G1X70.8471Y-297.6485

G1 Z0F20000

(Start Block)


G1X70.8471Y-297.6485
G1Z5F20000
(Plotting speed under)
G1 F4000


G1X38.4374Y-316.1824

G1X98.4535Y-322.3255

G1 Z0F20000

(Start Block)


G1X98.4535Y-322.3255
G1Z5F20000
(Plotting speed under)
G1 F4000


G1X70.8471Y-297.6485

G1X83.5390Y-356.0697

G1 Z0F20000

(Start Block)


G1X83.5390Y-356.0697
G1Z5F20000
(Plotting speed under)
G1 F4000


G1X98.4535Y-322.3255

G1X46.6119Y-352.3212

G1 Z0F20000

(Start Block)


G1X46.6119Y-352.3212
G1Z5F20000
(Plotting speed under)
G1 F4000


G1X83.5390Y-356.0697

G1X38.3238Y-315.8608

G1 Z0F20000

(Start Block)


G1X38.3238Y-315.8608
G1Z5F20000
(Plotting speed under)
G1 F4000


G1X46.6119Y-352.3212

G1X70.1093Y-296.2637

G1 Z0F20000

(Start Block)


G1X70.1093Y-296.2637
G1Z5F20000
(Plotting speed under)
G1 F4000


G1X38.3238Y-315.8608

G1X98.5279Y-320.0131

G1 Z0F20000

(Start Block)


G1X98.5279Y-320.0131
G1Z5F20000
(Plotting speed under)
G1 F4000


G1X70.1093Y-296.2637

G1X84.7497Y-354.2355

G1 Z0F20000

(Start Block)


G1X84.7497Y-354.2355
G1Z5F20000
(Plotting speed under)
G1 F4000


G1X98.5279Y-320.0131

G1X47.7271Y-351.7161

G1 Z0F20000

(Start Block)


G1X47.7271Y-351.7161
G1Z5F20000
(Plotting speed under)
G1 F4000


G1X84.7497Y-354.2355

G1X38.2424Y-315.5527

G1 Z0F20000

(Start Block)


G1X38.2424Y-315.5527
G1Z5F20000
(Plotting speed under)
G1 F4000


G1X47.7271Y-351.7161

G1X69.3688Y-294.9137

G1 Z0F20000

(Start Block)


G1X69.3688Y-294.9137
G1Z5F20000
(Plotting speed under)
G1 F4000


G1X38.2424Y-315.5527

G1X98.5683Y-317.7090

G1 Z0F20000

(Start Block)


G1X98.5683Y-317.7090
G1Z5F20000
(Plotting speed under)
G1 F4000


G1X69.3688Y-294.9137

G1X85.9417Y-352.3717

G1 Z0F20000

(Start Block)


G1X85.9417Y-352.3717
G1Z5F20000
(Plotting speed under)
G1 F4000


G1X98.5683Y-317.7090

G1X48.8645Y-351.0840

G1 Z0F20000

(Start Block)


G1X48.8645Y-351.0840
G1Z5F20000
(Plotting speed under)
G1 F4000


G1X85.9417Y-352.3717

G1X38.1937Y-315.2572

G1 Z0F20000

(Start Block)


G1X38.1937Y-315.2572
G1Z5F20000
(Plotting speed under)
G1 F4000


G1X48.8645Y-351.0840

G1X68.6267Y-293.5987

G1 Z0F20000

(Start Block)


G1X68.6267Y-293.5987
G1Z5F20000
(Plotting speed under)
G1 F4000


G1X38.1937Y-315.2572

G1X98.5750Y-315.4146

G1 Z0F20000

(Start Block)


G1X98.5750Y-315.4146
G1Z5F20000
(Plotting speed under)
G1 F4000


G1X68.6267Y-293.5987

G1X87.1140Y-350.4790

G1 Z0F20000

(Start Block)


G1X87.1140Y-350.4790
G1Z5F20000
(Plotting speed under)
G1 F4000


G1X98.5750Y-315.4146

G1X50.0231Y-350.4241

G1 Z0F20000

(Start Block)


G1X50.0231Y-350.4241
G1Z5F20000
(Plotting speed under)
G1 F4000


G1X87.1140Y-350.4790

G1X38.1781Y-314.9730

G1 Z0F20000

(Start Block)


G1X38.1781Y-314.9730
G1Z5F20000
(Plotting speed under)
G1 F4000


G1X50.0231Y-350.4241

G1X67.8842Y-292.3186

G1 Z0F20000

(Start Block)


G1X67.8842Y-292.3186
G1Z5F20000
(Plotting speed under)
G1 F4000


G1X38.1781Y-314.9730

G1X98.5485Y-313.1307

G1 Z0F20000

(Start Block)


G1X98.5485Y-313.1307
G1Z5F20000
(Plotting speed under)
G1 F4000


G1X67.8842Y-292.3186

G1X88.2658Y-348.5580

G1 Z0F20000

(Start Block)


G1X88.2658Y-348.5580
G1Z5F20000
(Plotting speed under)
G1 F4000


G1X98.5485Y-313.1307

G1X51.2020Y-349.7358

G1 Z0F20000

(Start Block)


G1X51.2020Y-349.7358
G1Z5F20000
(Plotting speed under)
G1 F4000


G1X88.2658Y-348.5580

G1X38.1958Y-314.6991

G1 Z0F20000

(Start Block)


G1X38.1958Y-314.6991
G1Z5F20000
(Plotting speed under)
G1 F4000


G1X51.2020Y-349.7358

G1X67.1425Y-291.0735

G1 Z0F20000

(Start Block)


G1X67.1425Y-291.0735
G1Z5F20000
(Plotting speed under)
G1 F4000


G1X38.1958Y-314.6991

G1X98.4890Y-310.8586

G1 Z0F20000

(Start Block)


G1X98.4890Y-310.8586
G1Z5F20000
(Plotting speed under)
G1 F4000


G1X67.1425Y-291.0735

G1X89.3960Y-346.6096

G1 Z0F20000

(Start Block)


G1X89.3960Y-346.6096
G1Z5F20000
(Plotting speed under)
G1 F4000


G1X98.4890Y-310.8586

G1X52.4002Y-349.0183

G1 Z0F20000

(Start Block)


G1X52.4002Y-349.0183
G1Z5F20000
(Plotting speed under)
G1 F4000


G1X89.3960Y-346.6096

G1X38.2473Y-314.4344

G1 Z0F20000

(Start Block)


G1X38.2473Y-314.4344
G1Z5F20000
(Plotting speed under)
G1 F4000


G1X52.4002Y-349.0183

G1X66.4028Y-289.8633

G1 Z0F20000

(Start Block)


G1X66.4028Y-289.8633
G1Z5F20000
(Plotting speed under)
G1 F4000


G1X38.2473Y-314.4344

G1X98.3970Y-308.5994

G1 Z0F20000

(Start Block)


G1X98.3970Y-308.5994
G1Z5F20000
(Plotting speed under)
G1 F4000


G1X66.4028Y-289.8633

G1X90.5037Y-344.6343

G1 Z0F20000

(Start Block)


G1X90.5037Y-344.6343
G1Z5F20000
(Plotting speed under)
G1 F4000


G1X98.3970Y-308.5994

G1X53.6169Y-348.2711

G1 Z0F20000

(Start Block)


G1X53.6169Y-348.2711
G1Z5F20000
(Plotting speed under)
G1 F4000


G1X90.5037Y-344.6343

G1X38.3329Y-314.1777

G1 Z0F20000

(Start Block)


G1X38.3329Y-314.1777
G1Z5F20000
(Plotting speed under)
G1 F4000


G1X53.6169Y-348.2711

G1X65.6661Y-288.6879

G1 Z0F20000

(Start Block)


G1X65.6661Y-288.6879
G1Z5F20000
(Plotting speed under)
G1 F4000


G1X38.3329Y-314.1777

G1X98.2729Y-306.3541

G1 Z0F20000

(Start Block)


G1X98.2729Y-306.3541
G1Z5F20000
(Plotting speed under)
G1 F4000


G1X65.6661Y-288.6879

G1X91.5882Y-342.6329

G1 Z0F20000

(Start Block)


G1X91.5882Y-342.6329
G1Z5F20000
(Plotting speed under)
G1 F4000


G1X98.2729Y-306.3541

G1X54.8509Y-347.4936

G1 Z0F20000

(Start Block)


G1X54.8509Y-347.4936
G1Z5F20000
(Plotting speed under)
G1 F4000


G1X91.5882Y-342.6329

G1X38.4526Y-313.9280

G1 Z0F20000

(Start Block)


G1X38.4526Y-313.9280
G1Z5F20000
(Plotting speed under)
G1 F4000


G1X54.8509Y-347.4936

G1X64.9337Y-287.5472

G1 Z0F20000

(Start Block)


G1X64.9337Y-287.5472
G1Z5F20000
(Plotting speed under)
G1 F4000


G1X38.4526Y-313.9280

G1X98.1173Y-304.1237

G1 Z0F20000

(Start Block)


G1X98.1173Y-304.1237
G1Z5F20000
(Plotting speed under)
G1 F4000


G1X64.9337Y-287.5472

G1X92.6485Y-340.6063

G1 Z0F20000

(Start Block)


G1X92.6485Y-340.6063
G1Z5F20000
(Plotting speed under)
G1 F4000


G1X98.1173Y-304.1237

G1X56.1012Y-346.6851

G1 Z0F20000

(Start Block)


G1X56.1012Y-346.6851
G1Z5F20000
(Plotting speed under)
G1 F4000


G1X92.6485Y-340.6063

G1X38.6069Y-313.6840

G1 Z0F20000

(Start Block)


G1X38.6069Y-313.6840
G1Z5F20000
(Plotting speed under)
G1 F4000


G1X56.1012Y-346.6851

G1X64.2066Y-286.4411

G1 Z0F20000

(Start Block)


G1X64.2066Y-286.4411
G1Z5F20000
(Plotting speed under)
G1 F4000


G1X38.6069Y-313.6840

G1X97.9305Y-301.9094

G1 Z0F20000

(Start Block)


G1X97.9305Y-301.9094
G1Z5F20000
(Plotting speed under)
G1 F4000


G1X64.2066Y-286.4411

G1X93.6838Y-338.5552

G1 Z0F20000

(Start Block)


G1X93.6838Y-338.5552
G1Z5F20000
(Plotting speed under)
G1 F4000


G1X97.9305Y-301.9094

G1X57.3669Y-345.8452

G1 Z0F20000

(Start Block)


G1X57.3669Y-345.8452
G1Z5F20000
(Plotting speed under)
G1 F4000


G1X93.6838Y-338.5552

G1X38.7958Y-313.4447

G1 Z0F20000

(Start Block)


G1X38.7958Y-313.4447
G1Z5F20000
(Plotting speed under)
G1 F4000


G1X57.3669Y-345.8452

G1X63.4861Y-285.3693

G1 Z0F20000

(Start Block)


G1X63.4861Y-285.3693
G1Z5F20000
(Plotting speed under)
G1 F4000


G1X38.7958Y-313.4447

G1X97.7132Y-299.7121

G1 Z0F20000

(Start Block)


G1X97.7132Y-299.7121
G1Z5F20000
(Plotting speed under)
G1 F4000


G1X63.4861Y-285.3693

G1X94.6933Y-336.4806

G1 Z0F20000

(Start Block)


G1X94.6933Y-336.4806
G1Z5F20000
(Plotting speed under)
G1 F4000


G1X97.7132Y-299.7121

G1X58.6468Y-344.9734

G1 Z0F20000

(Start Block)


G1X58.6468Y-344.9734
G1Z5F20000
(Plotting speed under)
G1 F4000


G1X94.6933Y-336.4806

G1X39.0195Y-313.2088

G1 Z0F20000

(Start Block)


G1X39.0195Y-313.2088
G1Z5F20000
(Plotting speed under)
G1 F4000


G1X58.6468Y-344.9734

G1X62.7733Y-284.3316

G1 Z0F20000

(Start Block)


G1X62.7733Y-284.3316
G1Z5F20000
(Plotting speed under)
G1 F4000


G1X39.0195Y-313.2088

G1X97.4660Y-297.5328

G1 Z0F20000

(Start Block)


G1X97.4660Y-297.5328
G1Z5F20000
(Plotting speed under)
G1 F4000


G1X62.7733Y-284.3316

G1X95.6762Y-334.3832

G1 Z0F20000

(Start Block)


G1X95.6762Y-334.3832
G1Z5F20000
(Plotting speed under)
G1 F4000


G1X97.4660Y-297.5328

G1X59.9400Y-344.0693

G1 Z0F20000

(Start Block)


G1X59.9400Y-344.0693
G1Z5F20000
(Plotting speed under)
G1 F4000


G1X95.6762Y-334.3832

G1X39.2781Y-312.9753

G1 Z0F20000

(Start Block)


G1X39.2781Y-312.9753
G1Z5F20000
(Plotting speed under)
G1 F4000


G1X59.9400Y-344.0693

G1X62.0692Y-283.3277

G1 Z0F20000

(Start Block)


G1X62.0692Y-283.3277
G1Z5F20000
(Plotting speed under)
G1 F4000


G1X39.2781Y-312.9753

G1X97.1894Y-295.3725

G1 Z0F20000

(Start Block)


G1X97.1894Y-295.3725
G1Z5F20000
(Plotting speed under)
G1 F4000


G1X62.0692Y-283.3277

G1X96.6319Y-332.2639

G1 Z0F20000

(Start Block)


G1X96.6319Y-332.2639
G1Z5F20000
(Plotting speed under)
G1 F4000


G1X97.1894Y-295.3725

G1X61.2452Y-343.1323

G1 Z0F20000

(Start Block)


G1X61.2452Y-343.1323
G1Z5F20000
(Plotting speed under)
G1 F4000


G1X96.6319Y-332.2639

G1X39.5717Y-312.7429

G1 Z0F20000

(Start Block)


G1X39.5717Y-312.7429
G1Z5F20000
(Plotting speed under)
G1 F4000


G1X61.2452Y-343.1323

G1X61.3751Y-282.3574

G1 Z0F20000

(Start Block)


G1X61.3751Y-282.3574
G1Z5F20000
(Plotting speed under)
G1 F4000


G1X39.5717Y-312.7429

G1X96.8842Y-293.2322

G1 Z0F20000

(Start Block)


G1X96.8842Y-293.2322
G1Z5F20000
(Plotting speed under)
G1 F4000


G1X61.3751Y-282.3574

G1X97.5595Y-330.1237

G1 Z0F20000

(Start Block)


G1X97.5595Y-330.1237
G1Z5F20000
(Plotting speed under)
G1 F4000


G1X96.8842Y-293.2322

G1X62.5615Y-342.1622

G1 Z0F20000

(Start Block)


G1X62.5615Y-342.1622
G1Z5F20000
(Plotting speed under)
G1 F4000


G1X97.5595Y-330.1237

G1X39.9002Y-312.5105

G1 Z0F20000

(Start Block)


G1X39.9002Y-312.5105
G1Z5F20000
(Plotting speed under)
G1 F4000


G1X62.5615Y-342.1622

G1X60.6920Y-281.4203

G1 Z0F20000

(Start Block)


G1X60.6920Y-281.4203
G1Z5F20000
(Plotting speed under)
G1 F4000


G1X39.9002Y-312.5105

G1X96.5509Y-291.1129

G1 Z0F20000

(Start Block)


G1X96.5509Y-291.1129
G1Z5F20000
(Plotting speed under)
G1 F4000


G1X60.6920Y-281.4203

G1X98.4584Y-327.9635

G1 Z0F20000

(Start Block)


G1X98.4584Y-327.9635
G1Z5F20000
(Plotting speed under)
G1 F4000


G1X96.5509Y-291.1129

G1X63.8878Y-341.1585

G1 Z0F20000

(Start Block)


G1X63.8878Y-341.1585
G1Z5F20000
(Plotting speed under)
G1 F4000


G1X98.4584Y-327.9635

G1X40.2636Y-312.2770

G1 Z0F20000

(Start Block)


G1X40.2636Y-312.2770
G1Z5F20000
(Plotting speed under)
G1 F4000


G1X63.8878Y-341.1585

G1X60.0210Y-280.5159

G1 Z0F20000

(Start Block)


G1X60.0210Y-280.5159
G1Z5F20000
(Plotting speed under)
G1 F4000


G1X40.2636Y-312.2770

G1X96.1904Y-289.0153

G1 Z0F20000

(Start Block)


G1X96.1904Y-289.0153
G1Z5F20000
(Plotting speed under)
G1 F4000


G1X60.0210Y-280.5159

G1X99.3281Y-325.7844

G1 Z0F20000

(Start Block)


G1X99.3281Y-325.7844
G1Z5F20000
(Plotting speed under)
G1 F4000


G1X96.1904Y-289.0153

G1X65.2228Y-340.1210

G1 Z0F20000

(Start Block)


G1X65.2228Y-340.1210
G1Z5F20000
(Plotting speed under)
G1 F4000


G1X99.3281Y-325.7844

G1X40.6619Y-312.0411

G1 Z0F20000

(Start Block)


G1X40.6619Y-312.0411
G1Z5F20000
(Plotting speed under)
G1 F4000


G1X65.2228Y-340.1210

G1X59.3632Y-279.6439

G1 Z0F20000

(Start Block)


G1X59.3632Y-279.6439
G1Z5F20000
(Plotting speed under)
G1 F4000


G1X40.6619Y-312.0411

G1X95.8032Y-286.9405

G1 Z0F20000

(Start Block)


G1X95.8032Y-286.9405
G1Z5F20000
(Plotting speed under)
G1 F4000


G1X59.3632Y-279.6439

G1X100.1678Y-323.5872

G1 Z0F20000

(Start Block)


G1X100.1678Y-323.5872
G1Z5F20000
(Plotting speed under)
G1 F4000


G1X95.8032Y-286.9405

G1X66.5655Y-339.0494

G1 Z0F20000

(Start Block)


G1X66.5655Y-339.0494
G1Z5F20000
(Plotting speed under)
G1 F4000


G1X100.1678Y-323.5872

G1X41.0951Y-311.8018

G1 Z0F20000

(Start Block)


G1X41.0951Y-311.8018
G1Z5F20000
(Plotting speed under)
G1 F4000


G1X66.5655Y-339.0494

G1X58.7197Y-278.8039

G1 Z0F20000

(Start Block)


G1X58.7197Y-278.8039
G1Z5F20000
(Plotting speed under)
G1 F4000


G1X41.0951Y-311.8018

G1X95.3903Y-284.8893

G1 Z0F20000

(Start Block)


G1X95.3903Y-284.8893
G1Z5F20000
(Plotting speed under)
G1 F4000


G1X58.7197Y-278.8039

G1X100.9769Y-321.3729

G1 Z0F20000

(Start Block)


G1X100.9769Y-321.3729
G1Z5F20000
(Plotting speed under)
G1 F4000


G1X95.3903Y-284.8893

G1X67.9147Y-337.9435

G1 Z0F20000

(Start Block)


G1X67.9147Y-337.9435
G1Z5F20000
(Plotting speed under)
G1 F4000


G1X100.9769Y-321.3729

G1X41.5628Y-311.5579

G1 Z0F20000

(Start Block)


G1X41.5628Y-311.5579
G1Z5F20000
(Plotting speed under)
G1 F4000


G1X67.9147Y-337.9435

G1X58.0915Y-277.9953

G1 Z0F20000

(Start Block)


G1X58.0915Y-277.9953
G1Z5F20000
(Plotting speed under)
G1 F4000


G1X41.5628Y-311.5579

G1X94.9523Y-282.8626

G1 Z0F20000

(Start Block)


G1X94.9523Y-282.8626
G1Z5F20000
(Plotting speed under)
G1 F4000


G1X58.0915Y-277.9953

G1X101.7549Y-319.1426

G1 Z0F20000

(Start Block)


G1X101.7549Y-319.1426
G1Z5F20000
(Plotting speed under)
G1 F4000


G1X94.9523Y-282.8626

G1X69.2693Y-336.8029

G1 Z0F20000

(Start Block)


G1X69.2693Y-336.8029
G1Z5F20000
(Plotting speed under)
G1 F4000


G1X101.7549Y-319.1426

G1X42.0651Y-311.3082

G1 Z0F20000

(Start Block)


G1X42.0651Y-311.3082
G1Z5F20000
(Plotting speed under)
G1 F4000


G1X69.2693Y-336.8029

G1X57.4796Y-277.2175

G1 Z0F20000

(Start Block)


G1X57.4796Y-277.2175
G1Z5F20000
(Plotting speed under)
G1 F4000


G1X42.0651Y-311.3082

G1X94.4902Y-280.8611

G1 Z0F20000

(Start Block)


G1X94.4902Y-280.8611
G1Z5F20000
(Plotting speed under)
G1 F4000


G1X57.4796Y-277.2175

G1X102.5014Y-316.8973

G1 Z0F20000

(Start Block)


G1X102.5014Y-316.8973
G1Z5F20000
(Plotting speed under)
G1 F4000


G1X94.4902Y-280.8611

G1X70.6282Y-335.6277

G1 Z0F20000

(Start Block)


G1X70.6282Y-335.6277
G1Z5F20000
(Plotting speed under)
G1 F4000


G1X102.5014Y-316.8973

G1X42.6016Y-311.0515

G1 Z0F20000

(Start Block)


G1X42.6016Y-311.0515
G1Z5F20000
(Plotting speed under)
G1 F4000


G1X70.6282Y-335.6277

G1X56.8852Y-276.4702

G1 Z0F20000

(Start Block)


G1X56.8852Y-276.4702
G1Z5F20000
(Plotting speed under)
G1 F4000


G1X42.6016Y-311.0515

G1X94.0048Y-278.8856

G1 Z0F20000

(Start Block)


G1X94.0048Y-278.8856
G1Z5F20000
(Plotting speed under)
G1 F4000


G1X56.8852Y-276.4702

G1X103.2158Y-314.6382

G1 Z0F20000

(Start Block)


G1X103.2158Y-314.6382
G1Z5F20000
(Plotting speed under)
G1 F4000


G1X94.0048Y-278.8856

G1X71.9902Y-334.4177

G1 Z0F20000

(Start Block)


G1X71.9902Y-334.4177
G1Z5F20000
(Plotting speed under)
G1 F4000


G1X103.2158Y-314.6382

G1X43.1721Y-310.7869

G1 Z0F20000

(Start Block)


G1X43.1721Y-310.7869
G1Z5F20000
(Plotting speed under)
G1 F4000


G1X71.9902Y-334.4177

G1X56.3090Y-275.7526

G1 Z0F20000

(Start Block)


G1X56.3090Y-275.7526
G1Z5F20000
(Plotting speed under)
G1 F4000


G1X43.1721Y-310.7869

G1X93.4970Y-276.9370

G1 Z0F20000

(Start Block)


G1X93.4970Y-276.9370
G1Z5F20000
(Plotting speed under)
G1 F4000


G1X56.3090Y-275.7526

G1X103.8977Y-312.3662

G1 Z0F20000

(Start Block)


G1X103.8977Y-312.3662
G1Z5F20000
(Plotting speed under)
G1 F4000


G1X93.4970Y-276.9370

G1X73.3541Y-333.1728

G1 Z0F20000

(Start Block)


G1X73.3541Y-333.1728
G1Z5F20000
(Plotting speed under)
G1 F4000


G1X103.8977Y-312.3662

G1X43.7764Y-310.5130

G1 Z0F20000

(Start Block)


G1X43.7764Y-310.5130
G1Z5F20000
(Plotting speed under)
G1 F4000


G1X73.3541Y-333.1728

G1X55.7522Y-275.0641

G1 Z0F20000

(Start Block)


G1X55.7522Y-275.0641
G1Z5F20000
(Plotting speed under)
G1 F4000


G1X43.7764Y-310.5130

G1X92.9676Y-275.0159

G1 Z0F20000

(Start Block)


G1X92.9676Y-275.0159
G1Z5F20000
(Plotting speed under)
G1 F4000


G1X55.7522Y-275.0641

G1X104.5466Y-310.0824

G1 Z0F20000

(Start Block)


G1X104.5466Y-310.0824
G1Z5F20000
(Plotting speed under)
G1 F4000


G1X92.9676Y-275.0159

G1X74.7188Y-331.8929

G1 Z0F20000

(Start Block)


G1X74.7188Y-331.8929
G1Z5F20000
(Plotting speed under)
G1 F4000


G1X104.5466Y-310.0824

G1X44.4141Y-310.2289

G1 Z0F20000

(Start Block)


G1X44.4141Y-310.2289
G1Z5F20000
(Plotting speed under)
G1 F4000


G1X74.7188Y-331.8929

G1X55.2157Y-274.4040

G1 Z0F20000

(Start Block)


G1X55.2157Y-274.4040
G1Z5F20000
(Plotting speed under)
G1 F4000


G1X44.4141Y-310.2289

G1X92.4176Y-273.1231

G1 Z0F20000

(Start Block)


G1X92.4176Y-273.1231
G1Z5F20000
(Plotting speed under)
G1 F4000


G1X55.2157Y-274.4040

G1X105.1623Y-307.7880

G1 Z0F20000

(Start Block)


G1X105.1623Y-307.7880
G1Z5F20000
(Plotting speed under)
G1 F4000


G1X92.4176Y-273.1231

G1X76.0831Y-330.5781

G1 Z0F20000

(Start Block)


G1X76.0831Y-330.5781
G1Z5F20000
(Plotting speed under)
G1 F4000


G1X105.1623Y-307.7880

G1X45.0849Y-309.9334

G1 Z0F20000

(Start Block)


G1X45.0849Y-309.9334
G1Z5F20000
(Plotting speed under)
G1 F4000


G1X76.0831Y-330.5781

G1X54.7005Y-273.7718

G1 Z0F20000

(Start Block)


G1X54.7005Y-273.7718
G1Z5F20000
(Plotting speed under)
G1 F4000


G1X45.0849Y-309.9334

G1X91.8479Y-271.2591

G1 Z0F20000

(Start Block)


G1X91.8479Y-271.2591
G1Z5F20000
(Plotting speed under)
G1 F4000


G1X54.7005Y-273.7718

G1X105.7443Y-305.4840

G1 Z0F20000

(Start Block)


G1X105.7443Y-305.4840
G1Z5F20000
(Plotting speed under)
G1 F4000


G1X91.8479Y-271.2591

G1X77.4458Y-329.2283

G1 Z0F20000

(Start Block)


G1X77.4458Y-329.2283
G1Z5F20000
(Plotting speed under)
G1 F4000


G1X105.7443Y-305.4840

G1X45.7883Y-309.6254

G1 Z0F20000

(Start Block)


G1X45.7883Y-309.6254
G1Z5F20000
(Plotting speed under)
G1 F4000


G1X77.4458Y-329.2283

G1X54.2073Y-273.1666

G1 Z0F20000

(Start Block)


G1X54.2073Y-273.1666
G1Z5F20000
(Plotting speed under)
G1 F4000


G1X45.7883Y-309.6254

G1X91.2595Y-269.4247

G1 Z0F20000

(Start Block)


G1X91.2595Y-269.4247
G1Z5F20000
(Plotting speed under)
G1 F4000


G1X54.2073Y-273.1666

G1X106.2924Y-303.1716

G1 Z0F20000

(Start Block)


G1X106.2924Y-303.1716
G1Z5F20000
(Plotting speed under)
G1 F4000


G1X91.2595Y-269.4247

G1X78.8059Y-327.8436

G1 Z0F20000

(Start Block)


G1X78.8059Y-327.8436
G1Z5F20000
(Plotting speed under)
G1 F4000


G1X106.2924Y-303.1716

G1X46.5239Y-309.3039

G1 Z0F20000

(Start Block)


G1X46.5239Y-309.3039
G1Z5F20000
(Plotting speed under)
G1 F4000


G1X78.8059Y-327.8436

G1X53.7372Y-272.5877

G1 Z0F20000

(Start Block)


G1X53.7372Y-272.5877
G1Z5F20000
(Plotting speed under)
G1 F4000


G1X46.5239Y-309.3039

G1X90.6534Y-267.6204

G1 Z0F20000

(Start Block)


G1X90.6534Y-267.6204
G1Z5F20000
(Plotting speed under)
G1 F4000


G1X53.7372Y-272.5877

G1X106.8063Y-300.8519

G1 Z0F20000

(Start Block)


G1X106.8063Y-300.8519
G1Z5F20000
(Plotting speed under)
G1 F4000


G1X90.6534Y-267.6204

G1X80.1621Y-326.4243

G1 Z0F20000

(Start Block)


G1X80.1621Y-326.4243
G1Z5F20000
(Plotting speed under)
G1 F4000


G1X106.8063Y-300.8519

G1X47.2914Y-308.9677

G1 Z0F20000

(Start Block)


G1X47.2914Y-308.9677
G1Z5F20000
(Plotting speed under)
G1 F4000


G1X80.1621Y-326.4243

G1X53.2910Y-272.0343

G1 Z0F20000

(Start Block)


G1X53.2910Y-272.0343
G1Z5F20000
(Plotting speed under)
G1 F4000


G1X47.2914Y-308.9677

G1X90.0306Y-265.8469

G1 Z0F20000

(Start Block)


G1X90.0306Y-265.8469
G1Z5F20000
(Plotting speed under)
G1 F4000


G1X53.2910Y-272.0343

G1X107.2858Y-298.5260

G1 Z0F20000

(Start Block)


G1X107.2858Y-298.5260
G1Z5F20000
(Plotting speed under)
G1 F4000


G1X90.0306Y-265.8469

G1X81.5133Y-324.9703

G1 Z0F20000

(Start Block)


G1X81.5133Y-324.9703
G1Z5F20000
(Plotting speed under)
G1 F4000


G1X107.2858Y-298.5260

G1X48.0900Y-308.6159

G1 Z0F20000

(Start Block)


G1X48.0900Y-308.6159
G1Z5F20000
(Plotting speed under)
G1 F4000


G1X81.5133Y-324.9703

G1X52.8695Y-271.5057

G1 Z0F20000

(Start Block)


G1X52.8695Y-271.5057
G1Z5F20000
(Plotting speed under)
G1 F4000


G1X48.0900Y-308.6159

G1X89.3922Y-264.1046

G1 Z0F20000

(Start Block)


G1X89.3922Y-264.1046
G1Z5F20000
(Plotting speed under)
G1 F4000


G1X52.8695Y-271.5057

G1X107.7307Y-296.1952

G1 Z0F20000

(Start Block)


G1X107.7307Y-296.1952
G1Z5F20000
(Plotting speed under)
G1 F4000


G1X89.3922Y-264.1046

G1X82.8583Y-323.4819

G1 Z0F20000

(Start Block)


G1X82.8583Y-323.4819
G1Z5F20000
(Plotting speed under)
G1 F4000


G1X107.7307Y-296.1952

G1X48.9194Y-308.2474

G1 Z0F20000

(Start Block)


G1X48.9194Y-308.2474
G1Z5F20000
(Plotting speed under)
G1 F4000


G1X82.8583Y-323.4819

G1X52.4736Y-271.0009

G1 Z0F20000

(Start Block)


G1X52.4736Y-271.0009
G1Z5F20000
(Plotting speed under)
G1 F4000


G1X48.9194Y-308.2474

G1X88.7391Y-262.3940

G1 Z0F20000

(Start Block)


G1X88.7391Y-262.3940
G1Z5F20000
(Plotting speed under)
G1 F4000


G1X52.4736Y-271.0009

G1X108.1408Y-293.8604

G1 Z0F20000

(Start Block)


G1X108.1408Y-293.8604
G1Z5F20000
(Plotting speed under)
G1 F4000


G1X88.7391Y-262.3940

G1X84.1961Y-321.9593

G1 Z0F20000

(Start Block)


G1X84.1961Y-321.9593
G1Z5F20000
(Plotting speed under)
G1 F4000


G1X108.1408Y-293.8604

G1X49.7789Y-307.8611

G1 Z0F20000

(Start Block)


G1X49.7789Y-307.8611
G1Z5F20000
(Plotting speed under)
G1 F4000


G1X84.1961Y-321.9593

G1X52.1039Y-270.5192

G1 Z0F20000

(Start Block)


G1X52.1039Y-270.5192
G1Z5F20000
(Plotting speed under)
G1 F4000


G1X49.7789Y-307.8611

G1X88.0725Y-260.7157

G1 Z0F20000

(Start Block)


G1X88.0725Y-260.7157
G1Z5F20000
(Plotting speed under)
G1 F4000


G1X52.1039Y-270.5192

G1X108.5161Y-291.5230

G1 Z0F20000

(Start Block)


G1X108.5161Y-291.5230
G1Z5F20000
(Plotting speed under)
G1 F4000


G1X88.0725Y-260.7157

G1X85.5254Y-320.4028

G1 Z0F20000

(Start Block)


G1X85.5254Y-320.4028
G1Z5F20000
(Plotting speed under)
G1 F4000


G1X108.5161Y-291.5230

G1X50.6680Y-307.4562

G1 Z0F20000

(Start Block)


G1X50.6680Y-307.4562
G1Z5F20000
(Plotting speed under)
G1 F4000


G1X85.5254Y-320.4028

G1X51.7613Y-270.0597

G1 Z0F20000

(Start Block)


G1X51.7613Y-270.0597
G1Z5F20000
(Plotting speed under)
G1 F4000


G1X50.6680Y-307.4562

G1X87.3934Y-259.0701

G1 Z0F20000

(Start Block)


G1X87.3934Y-259.0701
G1Z5F20000
(Plotting speed under)
G1 F4000


G1X51.7613Y-270.0597

G1X108.8564Y-289.1840

G1 Z0F20000

(Start Block)


G1X108.8564Y-289.1840
G1Z5F20000
(Plotting speed under)
G1 F4000


G1X87.3934Y-259.0701

G1X86.8452Y-318.8126

G1 Z0F20000

(Start Block)


G1X86.8452Y-318.8126
G1Z5F20000
(Plotting speed under)
G1 F4000


G1X108.8564Y-289.1840

G1X51.5860Y-307.0317

G1 Z0F20000

(Start Block)


G1X51.5860Y-307.0317
G1Z5F20000
(Plotting speed under)
G1 F4000


G1X86.8452Y-318.8126

G1X51.4465Y-269.6214

G1 Z0F20000

(Start Block)


G1X51.4465Y-269.6214
G1Z5F20000
(Plotting speed under)
G1 F4000


G1X51.5860Y-307.0317

G1X86.7028Y-257.4575

G1 Z0F20000

(Start Block)


G1X86.7028Y-257.4575
G1Z5F20000
(Plotting speed under)
G1 F4000


G1X51.4465Y-269.6214

G1X109.1618Y-286.8446

G1 Z0F20000

(Start Block)


G1X109.1618Y-286.8446
G1Z5F20000
(Plotting speed under)
G1 F4000


G1X86.7028Y-257.4575

G1X88.1543Y-317.1891

G1 Z0F20000

(Start Block)


G1X88.1543Y-317.1891
G1Z5F20000
(Plotting speed under)
G1 F4000


G1X109.1618Y-286.8446

G1X52.5322Y-306.5865

G1 Z0F20000

(Start Block)


G1X52.5322Y-306.5865
G1Z5F20000
(Plotting speed under)
G1 F4000


G1X88.1543Y-317.1891

G1X51.1601Y-269.2033

G1 Z0F20000

(Start Block)


G1X51.1601Y-269.2033
G1Z5F20000
(Plotting speed under)
G1 F4000


G1X52.5322Y-306.5865

G1X86.0020Y-255.8783

G1 Z0F20000

(Start Block)


G1X86.0020Y-255.8783
G1Z5F20000
(Plotting speed under)
G1 F4000


G1X51.1601Y-269.2033

G1X109.4323Y-284.5060

G1 Z0F20000

(Start Block)


G1X109.4323Y-284.5060
G1Z5F20000
(Plotting speed under)
G1 F4000


G1X86.0020Y-255.8783

G1X89.4517Y-315.5327

G1 Z0F20000

(Start Block)


G1X89.4517Y-315.5327
G1Z5F20000
(Plotting speed under)
G1 F4000


G1X109.4323Y-284.5060

G1X53.5060Y-306.1198

G1 Z0F20000

(Start Block)


G1X53.5060Y-306.1198
G1Z5F20000
(Plotting speed under)
G1 F4000


G1X89.4517Y-315.5327

G1X50.9028Y-268.8046

G1 Z0F20000

(Start Block)


G1X50.9028Y-268.8046
G1Z5F20000
(Plotting speed under)
G1 F4000


G1X53.5060Y-306.1198

G1X85.2921Y-254.3329

G1 Z0F20000

(Start Block)


G1X85.2921Y-254.3329
G1Z5F20000
(Plotting speed under)
G1 F4000


G1X50.9028Y-268.8046

G1X109.6678Y-282.1693

G1 Z0F20000

(Start Block)


G1X109.6678Y-282.1693
G1Z5F20000
(Plotting speed under)
G1 F4000


G1X85.2921Y-254.3329

G1X90.7362Y-313.8438

G1 Z0F20000

(Start Block)


G1X90.7362Y-313.8438
G1Z5F20000
(Plotting speed under)
G1 F4000


G1X109.6678Y-282.1693

G1X54.5066Y-305.6306

G1 Z0F20000

(Start Block)


G1X54.5066Y-305.6306
G1Z5F20000
(Plotting speed under)
G1 F4000


G1X90.7362Y-313.8438

G1X50.6753Y-268.4243

G1 Z0F20000

(Start Block)


G1X50.6753Y-268.4243
G1Z5F20000
(Plotting speed under)
G1 F4000


G1X54.5066Y-305.6306

G1X84.5740Y-252.8214

G1 Z0F20000

(Start Block)


G1X84.5740Y-252.8214
G1Z5F20000
(Plotting speed under)
G1 F4000


G1X50.6753Y-268.4243

G1X109.8685Y-279.8357

G1 Z0F20000

(Start Block)


G1X109.8685Y-279.8357
G1Z5F20000
(Plotting speed under)
G1 F4000


G1X84.5740Y-252.8214

G1X92.0069Y-312.1229

G1 Z0F20000

(Start Block)


G1X92.0069Y-312.1229
G1Z5F20000
(Plotting speed under)
G1 F4000


G1X109.8685Y-279.8357

G1X55.5332Y-305.1182

G1 Z0F20000

(Start Block)


G1X55.5332Y-305.1182
G1Z5F20000
(Plotting speed under)
G1 F4000


G1X92.0069Y-312.1229

G1X50.4782Y-268.0614

G1 Z0F20000

(Start Block)


G1X50.4782Y-268.0614
G1Z5F20000
(Plotting speed under)
G1 F4000


G1X55.5332Y-305.1182

G1X83.8491Y-251.3443

G1 Z0F20000

(Start Block)


G1X83.8491Y-251.3443
G1Z5F20000
(Plotting speed under)
G1 F4000


G1X50.4782Y-268.0614

G1X110.0345Y-277.5063

G1 Z0F20000

(Start Block)


G1X110.0345Y-277.5063
G1Z5F20000
(Plotting speed under)
G1 F4000


G1X83.8491Y-251.3443

G1X93.2625Y-310.3703

G1 Z0F20000

(Start Block)


G1X93.2625Y-310.3703
G1Z5F20000
(Plotting speed under)
G1 F4000


G1X110.0345Y-277.5063

G1X56.5851Y-304.5815

G1 Z0F20000

(Start Block)


G1X56.5851Y-304.5815
G1Z5F20000
(Plotting speed under)
G1 F4000


G1X93.2625Y-310.3703

G1X50.3119Y-267.7148

G1 Z0F20000

(Start Block)


G1X50.3119Y-267.7148
G1Z5F20000
(Plotting speed under)
G1 F4000


G1X56.5851Y-304.5815

G1X83.1183Y-249.9016

G1 Z0F20000

(Start Block)


G1X83.1183Y-249.9016
G1Z5F20000
(Plotting speed under)
G1 F4000


G1X50.3119Y-267.7148

G1X110.1660Y-275.1824

G1 Z0F20000

(Start Block)


G1X110.1660Y-275.1824
G1Z5F20000
(Plotting speed under)
G1 F4000


G1X83.1183Y-249.9016

G1X94.5022Y-308.5866

G1 Z0F20000

(Start Block)


G1X94.5022Y-308.5866
G1Z5F20000
(Plotting speed under)
G1 F4000


G1X110.1660Y-275.1824

G1X57.6615Y-304.0199

G1 Z0F20000

(Start Block)


G1X57.6615Y-304.0199
G1Z5F20000
(Plotting speed under)
G1 F4000


G1X94.5022Y-308.5866

G1X50.1771Y-267.3835

G1 Z0F20000

(Start Block)


G1X50.1771Y-267.3835
G1Z5F20000
(Plotting speed under)
G1 F4000


G1X57.6615Y-304.0199

G1X82.3830Y-248.4936

G1 Z0F20000

(Start Block)


G1X82.3830Y-248.4936
G1Z5F20000
(Plotting speed under)
G1 F4000


G1X50.1771Y-267.3835

G1X110.2631Y-272.8649

G1 Z0F20000

(Start Block)


G1X110.2631Y-272.8649
G1Z5F20000
(Plotting speed under)
G1 F4000


G1X82.3830Y-248.4936

G1X95.7248Y-306.7724

G1 Z0F20000

(Start Block)


G1X95.7248Y-306.7724
G1Z5F20000
(Plotting speed under)
G1 F4000


G1X110.2631Y-272.8649

G1X58.7614Y-303.4325

G1 Z0F20000

(Start Block)


G1X58.7614Y-303.4325
G1Z5F20000
(Plotting speed under)
G1 F4000


G1X95.7248Y-306.7724

G1X50.0741Y-267.0665

G1 Z0F20000

(Start Block)


G1X50.0741Y-267.0665
G1Z5F20000
(Plotting speed under)
G1 F4000


G1X58.7614Y-303.4325

G1X81.6442Y-247.1203

G1 Z0F20000

(Start Block)


G1X81.6442Y-247.1203
G1Z5F20000
(Plotting speed under)
G1 F4000


G1X50.0741Y-267.0665

G1X110.3261Y-270.5552

G1 Z0F20000

(Start Block)


G1X110.3261Y-270.5552
G1Z5F20000
(Plotting speed under)
G1 F4000


G1X81.6442Y-247.1203

G1X96.9294Y-304.9283

G1 Z0F20000

(Start Block)


G1X96.9294Y-304.9283
G1Z5F20000
(Plotting speed under)
G1 F4000


G1X110.3261Y-270.5552

G1X59.8841Y-302.8185

G1 Z0F20000

(Start Block)


G1X59.8841Y-302.8185
G1Z5F20000
(Plotting speed under)
G1 F4000


G1X96.9294Y-304.9283

G1X50.0036Y-266.7627

G1 Z0F20000

(Start Block)


G1X50.0036Y-266.7627
G1Z5F20000
(Plotting speed under)
G1 F4000


G1X59.8841Y-302.8185

G1X80.9030Y-245.7820

G1 Z0F20000

(Start Block)


G1X80.9030Y-245.7820
G1Z5F20000
(Plotting speed under)
G1 F4000


G1X50.0036Y-266.7627

G1X110.3552Y-268.2542

G1 Z0F20000

(Start Block)


G1X110.3552Y-268.2542
G1Z5F20000
(Plotting speed under)
G1 F4000


G1X80.9030Y-245.7820

G1X98.1150Y-303.0548

G1 Z0F20000

(Start Block)


G1X98.1150Y-303.0548
G1Z5F20000
(Plotting speed under)
G1 F4000


G1X110.3552Y-268.2542

G1X61.0287Y-302.1773

G1 Z0F20000

(Start Block)


G1X61.0287Y-302.1773
G1Z5F20000
(Plotting speed under)
G1 F4000


G1X98.1150Y-303.0548

G1X49.9658Y-266.4711

G1 Z0F20000

(Start Block)


G1X49.9658Y-266.4711
G1Z5F20000
(Plotting speed under)
G1 F4000


G1X61.0287Y-302.1773

G1X80.1607Y-244.4786

G1 Z0F20000

(Start Block)


G1X80.1607Y-244.4786
G1Z5F20000
(Plotting speed under)
G1 F4000


G1X49.9658Y-266.4711

G1X110.3509Y-265.9631

G1 Z0F20000

(Start Block)


G1X110.3509Y-265.9631
G1Z5F20000
(Plotting speed under)
G1 F4000


G1X80.1607Y-244.4786

G1X99.2806Y-301.1526

G1 Z0F20000

(Start Block)


G1X99.2806Y-301.1526
G1Z5F20000
(Plotting speed under)
G1 F4000


G1X110.3509Y-265.9631

G1X62.1941Y-301.5080

G1 Z0F20000

(Start Block)


G1X62.1941Y-301.5080
G1Z5F20000
(Plotting speed under)
G1 F4000


G1X99.2806Y-301.1526

G1X49.9613Y-266.1905

G1 Z0F20000

(Start Block)


G1X49.9613Y-266.1905
G1Z5F20000
(Plotting speed under)
G1 F4000


G1X62.1941Y-301.5080

G1X79.4183Y-243.2101

G1 Z0F20000

(Start Block)


G1X79.4183Y-243.2101
G1Z5F20000
(Plotting speed under)
G1 F4000


G1X49.9613Y-266.1905

G1X110.3133Y-263.6831

G1 Z0F20000

(Start Block)


G1X110.3133Y-263.6831
G1Z5F20000
(Plotting speed under)
G1 F4000


G1X79.4183Y-243.2101

G1X100.4253Y-299.2224

G1 Z0F20000

(Start Block)


G1X100.4253Y-299.2224
G1Z5F20000
(Plotting speed under)
G1 F4000


G1X110.3133Y-263.6831

G1X63.3796Y-300.8100

G1 Z0F20000

(Start Block)


G1X63.3796Y-300.8100
G1Z5F20000
(Plotting speed under)
G1 F4000


G1X100.4253Y-299.2224

G1X49.9902Y-265.9197

G1 Z0F20000

(Start Block)


G1X49.9902Y-265.9197
G1Z5F20000
(Plotting speed under)
G1 F4000


G1X63.3796Y-300.8100

G1X78.6772Y-241.9766

G1 Z0F20000

(Start Block)


G1X78.6772Y-241.9766
G1Z5F20000
(Plotting speed under)
G1 F4000


G1X49.9902Y-265.9197

G1X110.2430Y-261.4152

G1 Z0F20000

(Start Block)


G1X110.2430Y-261.4152
G1Z5F20000
(Plotting speed under)
G1 F4000


G1X78.6772Y-241.9766

G1X101.5481Y-297.2649

G1 Z0F20000

(Start Block)


G1X101.5481Y-297.2649
G1Z5F20000
(Plotting speed under)
G1 F4000


G1X110.2430Y-261.4152

G1X64.5841Y-300.0827

G1 Z0F20000

(Start Block)


G1X64.5841Y-300.0827
G1Z5F20000
(Plotting speed under)
G1 F4000


G1X101.5481Y-297.2649

G1X50.0530Y-265.6578

G1 Z0F20000

(Start Block)


G1X50.0530Y-265.6578
G1Z5F20000
(Plotting speed under)
G1 F4000


G1X64.5841Y-300.0827

G1X77.9383Y-240.7780

G1 Z0F20000

(Start Block)


G1X77.9383Y-240.7780
G1Z5F20000
(Plotting speed under)
G1 F4000


G1X50.0530Y-265.6578

G1X110.1403Y-259.1604

G1 Z0F20000

(Start Block)


G1X110.1403Y-259.1604
G1Z5F20000
(Plotting speed under)
G1 F4000


G1X77.9383Y-240.7780

G1X102.6482Y-295.2809

G1 Z0F20000

(Start Block)


G1X102.6482Y-295.2809
G1Z5F20000
(Plotting speed under)
G1 F4000


G1X110.1403Y-259.1604

G1X65.8066Y-299.3255

G1 Z0F20000

(Start Block)


G1X65.8066Y-299.3255
G1Z5F20000
(Plotting speed under)
G1 F4000


G1X102.6482Y-295.2809

G1X50.1499Y-265.4036

G1 Z0F20000

(Start Block)


G1X50.1499Y-265.4036
G1Z5F20000
(Plotting speed under)
G1 F4000


G1X65.8066Y-299.3255

G1X77.2029Y-239.6142

G1 Z0F20000

(Start Block)


G1X77.2029Y-239.6142
G1Z5F20000
(Plotting speed under)
G1 F4000


G1X50.1499Y-265.4036

G1X110.0056Y-256.9200

G1 Z0F20000

(Start Block)


G1X110.0056Y-256.9200
G1Z5F20000
(Plotting speed under)
G1 F4000


G1X77.2029Y-239.6142

G1X103.7247Y-293.2710

G1 Z0F20000

(Start Block)


G1X103.7247Y-293.2710
G1Z5F20000
(Plotting speed under)
G1 F4000


G1X110.0056Y-256.9200

G1X67.0461Y-298.5377

G1 Z0F20000

(Start Block)


G1X67.0461Y-298.5377
G1Z5F20000
(Plotting speed under)
G1 F4000


G1X103.7247Y-293.2710

G1X50.2811Y-265.1559

G1 Z0F20000

(Start Block)


G1X50.2811Y-265.1559
G1Z5F20000
(Plotting speed under)
G1 F4000


G1X67.0461Y-298.5377

G1X76.4722Y-238.4850

G1 Z0F20000

(Start Block)


G1X76.4722Y-238.4850
G1Z5F20000
(Plotting speed under)
G1 F4000


G1X50.2811Y-265.1559

G1X109.8396Y-254.6948

G1 Z0F20000

(Start Block)


G1X109.8396Y-254.6948
G1Z5F20000
(Plotting speed under)
G1 F4000


G1X76.4722Y-238.4850

G1X104.7767Y-291.2362

G1 Z0F20000

(Start Block)


G1X104.7767Y-291.2362
G1Z5F20000
(Plotting speed under)
G1 F4000


G1X109.8396Y-254.6948

G1X68.3017Y-297.7189

G1 Z0F20000

(Start Block)


G1X68.3017Y-297.7189
G1Z5F20000
(Plotting speed under)
G1 F4000


G1X104.7767Y-291.2362

G1X50.4469Y-264.9136

G1 Z0F20000

(Start Block)


G1X50.4469Y-264.9136
G1Z5F20000
(Plotting speed under)
G1 F4000


G1X68.3017Y-297.7189

G1X75.7472Y-237.3903

G1 Z0F20000

(Start Block)


G1X75.7472Y-237.3903
G1Z5F20000
(Plotting speed under)
G1 F4000


G1X50.4469Y-264.9136

G1X109.6426Y-252.4860

G1 Z0F20000

(Start Block)


G1X109.6426Y-252.4860
G1Z5F20000
(Plotting speed under)
G1 F4000


G1X75.7472Y-237.3903

G1X105.8036Y-289.1772

G1 Z0F20000

(Start Block)


G1X105.8036Y-289.1772
G1Z5F20000
(Plotting speed under)
G1 F4000


G1X109.6426Y-252.4860

G1X69.5722Y-296.8684

G1 Z0F20000

(Start Block)


G1X69.5722Y-296.8684
G1Z5F20000
(Plotting speed under)
G1 F4000


G1X105.8036Y-289.1772

G1X50.6474Y-264.6755

G1 Z0F20000

(Start Block)


G1X50.6474Y-264.6755
G1Z5F20000
(Plotting speed under)
G1 F4000


G1X69.5722Y-296.8684

G1X75.0291Y-236.3299

G1 Z0F20000

(Start Block)


G1X75.0291Y-236.3299
G1Z5F20000
(Plotting speed under)
G1 F4000


G1X50.6474Y-264.6755

G1X109.4153Y-250.2946

G1 Z0F20000

(Start Block)


G1X109.4153Y-250.2946
G1Z5F20000
(Plotting speed under)
G1 F4000


G1X75.0291Y-236.3299

G1X106.8043Y-287.0949

G1 Z0F20000

(Start Block)


G1X106.8043Y-287.0949
G1Z5F20000
(Plotting speed under)
G1 F4000


G1X109.4153Y-250.2946

G1X70.8567Y-295.9859

G1 Z0F20000

(Start Block)


G1X70.8567Y-295.9859
G1Z5F20000
(Plotting speed under)
G1 F4000


G1X106.8043Y-287.0949

G1X50.8827Y-264.4406

G1 Z0F20000

(Start Block)


G1X50.8827Y-264.4406
G1Z5F20000
(Plotting speed under)
G1 F4000


G1X70.8567Y-295.9859

G1X74.3190Y-235.3035

G1 Z0F20000

(Start Block)


G1X74.3190Y-235.3035
G1Z5F20000
(Plotting speed under)
G1 F4000


G1X50.8827Y-264.4406

G1X109.1582Y-248.1215

G1 Z0F20000

(Start Block)


G1X109.1582Y-248.1215
G1Z5F20000
(Plotting speed under)
G1 F4000


G1X74.3190Y-235.3035

G1X107.7783Y-284.9901

G1 Z0F20000

(Start Block)


G1X107.7783Y-284.9901
G1Z5F20000
(Plotting speed under)
G1 F4000


G1X109.1582Y-248.1215

G1X72.1540Y-295.0709

G1 Z0F20000

(Start Block)


G1X72.1540Y-295.0709
G1Z5F20000
(Plotting speed under)
G1 F4000


G1X107.7783Y-284.9901

G1X51.1529Y-264.2076

G1 Z0F20000

(Start Block)


G1X51.1529Y-264.2076
G1Z5F20000
(Plotting speed under)
G1 F4000


G1X72.1540Y-295.0709

G1X73.6182Y-234.3108

G1 Z0F20000

(Start Block)


G1X73.6182Y-234.3108
G1Z5F20000
(Plotting speed under)
G1 F4000


G1X51.1529Y-264.2076

G1X108.8720Y-245.9678

G1 Z0F20000

(Start Block)


G1X108.8720Y-245.9678
G1Z5F20000
(Plotting speed under)
G1 F4000


G1X73.6182Y-234.3108

G1X108.7247Y-282.8638

G1 Z0F20000

(Start Block)


G1X108.7247Y-282.8638
G1Z5F20000
(Plotting speed under)
G1 F4000


G1X108.8720Y-245.9678

G1X73.4630Y-294.1229

G1 Z0F20000

(Start Block)


G1X73.4630Y-294.1229
G1Z5F20000
(Plotting speed under)
G1 F4000


G1X108.7247Y-282.8638

G1X51.4581Y-263.9753

G1 Z0F20000

(Start Block)


G1X51.4581Y-263.9753
G1Z5F20000
(Plotting speed under)
G1 F4000


G1X73.4630Y-294.1229

G1X72.9276Y-233.3516

G1 Z0F20000

(Start Block)


G1X72.9276Y-233.3516
G1Z5F20000
(Plotting speed under)
G1 F4000


G1X51.4581Y-263.9753

G1X108.5574Y-243.8344

G1 Z0F20000

(Start Block)


G1X108.5574Y-243.8344
G1Z5F20000
(Plotting speed under)
G1 F4000


G1X72.9276Y-233.3516

G1X109.6428Y-280.7168

G1 Z0F20000

(Start Block)


G1X109.6428Y-280.7168
G1Z5F20000
(Plotting speed under)
G1 F4000


G1X108.5574Y-243.8344

G1X74.7828Y-293.1416

G1 Z0F20000

(Start Block)


G1X74.7828Y-293.1416
G1Z5F20000
(Plotting speed under)
G1 F4000


G1X109.6428Y-280.7168

G1X51.7982Y-263.7427

G1 Z0F20000

(Start Block)


G1X51.7982Y-263.7427
G1Z5F20000
(Plotting speed under)
G1 F4000


G1X74.7828Y-293.1416

G1X72.2484Y-232.4254

G1 Z0F20000

(Start Block)


G1X72.2484Y-232.4254
G1Z5F20000
(Plotting speed under)
G1 F4000


G1X51.7982Y-263.7427

G1X108.2149Y-241.7222

G1 Z0F20000

(Start Block)


G1X108.2149Y-241.7222
G1Z5F20000
(Plotting speed under)
G1 F4000


G1X72.2484Y-232.4254

G1X110.5321Y-278.5502

G1 Z0F20000

(Start Block)


G1X110.5321Y-278.5502
G1Z5F20000
(Plotting speed under)
G1 F4000


G1X108.2149Y-241.7222

G1X76.1121Y-292.1267

G1 Z0F20000

(Start Block)


G1X76.1121Y-292.1267
G1Z5F20000
(Plotting speed under)
G1 F4000


G1X110.5321Y-278.5502

G1X52.1733Y-263.5085

G1 Z0F20000

(Start Block)


G1X52.1733Y-263.5085
G1Z5F20000
(Plotting speed under)
G1 F4000


G1X76.1121Y-292.1267

G1X71.5817Y-231.5319

G1 Z0F20000

(Start Block)


G1X71.5817Y-231.5319
G1Z5F20000
(Plotting speed under)
G1 F4000


G1X52.1733Y-263.5085

G1X107.8454Y-239.6321

G1 Z0F20000

(Start Block)


G1X107.8454Y-239.6321
G1Z5F20000
(Plotting speed under)
G1 F4000


G1X71.5817Y-231.5319

G1X111.3918Y-276.3649

G1 Z0F20000

(Start Block)


G1X111.3918Y-276.3649
G1Z5F20000
(Plotting speed under)
G1 F4000


G1X107.8454Y-239.6321

G1X77.4497Y-291.0779

G1 Z0F20000

(Start Block)


G1X77.4497Y-291.0779
G1Z5F20000
(Plotting speed under)
G1 F4000


G1X111.3918Y-276.3649

G1X52.5832Y-263.2716

G1 Z0F20000

(Start Block)


G1X52.5832Y-263.2716
G1Z5F20000
(Plotting speed under)
G1 F4000


G1X77.4497Y-291.0779

G1X70.9285Y-230.6706

G1 Z0F20000

(Start Block)


G1X70.9285Y-230.6706
G1Z5F20000
(Plotting speed under)
G1 F4000


G1X52.5832Y-263.2716

G1X107.4497Y-237.5651

G1 Z0F20000

(Start Block)


G1X107.4497Y-237.5651
G1Z5F20000
(Plotting speed under)
G1 F4000


G1X70.9285Y-230.6706

G1X112.2214Y-274.1619

G1 Z0F20000

(Start Block)


G1X112.2214Y-274.1619
G1Z5F20000
(Plotting speed under)
G1 F4000


G1X107.4497Y-237.5651

G1X78.7948Y-289.9949

G1 Z0F20000

(Start Block)


G1X78.7948Y-289.9949
G1Z5F20000
(Plotting speed under)
G1 F4000


G1X112.2214Y-274.1619

G1X53.0278Y-263.0309

G1 Z0F20000

(Start Block)


G1X53.0278Y-263.0309
G1Z5F20000
(Plotting speed under)
G1 F4000


G1X78.7948Y-289.9949

G1X70.2900Y-229.8411

G1 Z0F20000

(Start Block)


G1X70.2900Y-229.8411
G1Z5F20000
(Plotting speed under)
G1 F4000


G1X53.0278Y-263.0309

G1X107.0283Y-235.5219

G1 Z0F20000

(Start Block)


G1X107.0283Y-235.5219
G1Z5F20000
(Plotting speed under)
G1 F4000


G1X70.2900Y-229.8411

G1X113.0202Y-271.9422

G1 Z0F20000

(Start Block)


G1X113.0202Y-271.9422
G1Z5F20000
(Plotting speed under)
G1 F4000


G1X107.0283Y-235.5219

G1X80.1459Y-288.8775

G1 Z0F20000

(Start Block)


G1X80.1459Y-288.8775
G1Z5F20000
(Plotting speed under)
G1 F4000


G1X113.0202Y-271.9422

G1X53.5071Y-262.7852

G1 Z0F20000

(Start Block)


G1X53.5071Y-262.7852
G1Z5F20000
(Plotting speed under)
G1 F4000


G1X80.1459Y-288.8775

G1X69.6671Y-229.0428

G1 Z0F20000

(Start Block)


G1X69.6671Y-229.0428
G1Z5F20000
(Plotting speed under)
G1 F4000


G1X53.5071Y-262.7852

G1X106.5822Y-233.5035

G1 Z0F20000

(Start Block)


G1X106.5822Y-233.5035
G1Z5F20000
(Plotting speed under)
G1 F4000


G1X69.6671Y-229.0428

G1X113.7879Y-269.7068

G1 Z0F20000

(Start Block)


G1X113.7879Y-269.7068
G1Z5F20000
(Plotting speed under)
G1 F4000


G1X106.5822Y-233.5035

G1X81.5021Y-287.7255

G1 Z0F20000

(Start Block)


G1X81.5021Y-287.7255
G1Z5F20000
(Plotting speed under)
G1 F4000


G1X113.7879Y-269.7068

G1X54.0208Y-262.5333

G1 Z0F20000

(Start Block)


G1X54.0208Y-262.5333
G1Z5F20000
(Plotting speed under)
G1 F4000


G1X81.5021Y-287.7255

G1X69.0609Y-228.2752

G1 Z0F20000

(Start Block)


G1X69.0609Y-228.2752
G1Z5F20000
(Plotting speed under)
G1 F4000


G1X54.0208Y-262.5333

G1X106.1123Y-231.5106

G1 Z0F20000

(Start Block)


G1X106.1123Y-231.5106
G1Z5F20000
(Plotting speed under)
G1 F4000


G1X69.0609Y-228.2752

G1X114.5237Y-267.4568

G1 Z0F20000

(Start Block)


G1X114.5237Y-267.4568
G1Z5F20000
(Plotting speed under)
G1 F4000


G1X106.1123Y-231.5106

G1X82.8621Y-286.5387

G1 Z0F20000

(Start Block)


G1X82.8621Y-286.5387
G1Z5F20000
(Plotting speed under)
G1 F4000


G1X114.5237Y-267.4568

G1X54.5687Y-262.2741

G1 Z0F20000

(Start Block)


G1X54.5687Y-262.2741
G1Z5F20000
(Plotting speed under)
G1 F4000


G1X82.8621Y-286.5387

G1X68.4724Y-227.5378

G1 Z0F20000

(Start Block)


G1X68.4724Y-227.5378
G1Z5F20000
(Plotting speed under)
G1 F4000


G1X54.5687Y-262.2741

G1X105.6193Y-229.5440

G1 Z0F20000

(Start Block)


G1X105.6193Y-229.5440
G1Z5F20000
(Plotting speed under)
G1 F4000


G1X68.4724Y-227.5378

G1X115.2273Y-265.1933

G1 Z0F20000

(Start Block)


G1X115.2273Y-265.1933
G1Z5F20000
(Plotting speed under)
G1 F4000


G1X105.6193Y-229.5440

G1X84.2249Y-285.3171

G1 Z0F20000

(Start Block)


G1X84.2249Y-285.3171
G1Z5F20000
(Plotting speed under)
G1 F4000


G1X115.2273Y-265.1933

G1X55.1505Y-262.0065

G1 Z0F20000

(Start Block)


G1X55.1505Y-262.0065
G1Z5F20000
(Plotting speed under)
G1 F4000


G1X84.2249Y-285.3171

G1X67.9026Y-226.8300

G1 Z0F20000

(Start Block)


G1X67.9026Y-226.8300
G1Z5F20000
(Plotting speed under)
G1 F4000


G1X55.1505Y-262.0065

G1X105.1042Y-227.6044

G1 Z0F20000

(Start Block)


G1X105.1042Y-227.6044
G1Z5F20000
(Plotting speed under)
G1 F4000


G1X67.9026Y-226.8300

G1X115.8983Y-262.9172

G1 Z0F20000

(Start Block)


G1X115.8983Y-262.9172
G1Z5F20000
(Plotting speed under)
G1 F4000


G1X105.1042Y-227.6044

G1X85.5892Y-284.0605

G1 Z0F20000

(Start Block)


G1X85.5892Y-284.0605
G1Z5F20000
(Plotting speed under)
G1 F4000


G1X115.8983Y-262.9172

G1X55.7659Y-261.7294

G1 Z0F20000

(Start Block)


G1X55.7659Y-261.7294
G1Z5F20000
(Plotting speed under)
G1 F4000


G1X85.5892Y-284.0605

G1X67.3524Y-226.1510

G1 Z0F20000

(Start Block)


G1X67.3524Y-226.1510
G1Z5F20000
(Plotting speed under)
G1 F4000


G1X55.7659Y-261.7294

G1X104.5678Y-225.6926

G1 Z0F20000

(Start Block)


G1X104.5678Y-225.6926
G1Z5F20000
(Plotting speed under)
G1 F4000


G1X67.3524Y-226.1510

G1X116.5362Y-260.6298

G1 Z0F20000

(Start Block)


G1X116.5362Y-260.6298
G1Z5F20000
(Plotting speed under)
G1 F4000


G1X104.5678Y-225.6926

G1X86.9538Y-282.7690

G1 Z0F20000

(Start Block)


G1X86.9538Y-282.7690
G1Z5F20000
(Plotting speed under)
G1 F4000


G1X116.5362Y-260.6298

G1X56.4147Y-261.4416

G1 Z0F20000

(Start Block)


G1X56.4147Y-261.4416
G1Z5F20000
(Plotting speed under)
G1 F4000


G1X86.9538Y-282.7690

G1X66.8229Y-225.5003

G1 Z0F20000

(Start Block)


G1X66.8229Y-225.5003
G1Z5F20000
(Plotting speed under)
G1 F4000


G1X56.4147Y-261.4416

G1X104.0112Y-223.8093

G1 Z0F20000

(Start Block)


G1X104.0112Y-223.8093
G1Z5F20000
(Plotting speed under)
G1 F4000


G1X66.8229Y-225.5003

G1X117.1407Y-258.3321

G1 Z0F20000

(Start Block)


G1X117.1407Y-258.3321
G1Z5F20000
(Plotting speed under)
G1 F4000


G1X104.0112Y-223.8093

G1X88.3178Y-281.4425

G1 Z0F20000

(Start Block)


G1X88.3178Y-281.4425
G1Z5F20000
(Plotting speed under)
G1 F4000


G1X117.1407Y-258.3321

G1X57.0963Y-261.1420

G1 Z0F20000

(Start Block)


G1X57.0963Y-261.1420
G1Z5F20000
(Plotting speed under)
G1 F4000


G1X88.3178Y-281.4425

G1X66.3149Y-224.8771

G1 Z0F20000

(Start Block)


G1X66.3149Y-224.8771
G1Z5F20000
(Plotting speed under)
G1 F4000


G1X57.0963Y-261.1420

G1X103.4352Y-221.9551

G1 Z0F20000

(Start Block)


G1X103.4352Y-221.9551
G1Z5F20000
(Plotting speed under)
G1 F4000


G1X66.3149Y-224.8771

G1X117.7115Y-256.0252

G1 Z0F20000

(Start Block)


G1X117.7115Y-256.0252
G1Z5F20000
(Plotting speed under)
G1 F4000


G1X103.4352Y-221.9551

G1X89.6797Y-280.0811

G1 Z0F20000

(Start Block)


G1X89.6797Y-280.0811
G1Z5F20000
(Plotting speed under)
G1 F4000


G1X117.7115Y-256.0252

G1X57.8105Y-260.8296

G1 Z0F20000

(Start Block)


G1X57.8105Y-260.8296
G1Z5F20000
(Plotting speed under)
G1 F4000


G1X89.6797Y-280.0811

G1X65.8293Y-224.2808

G1 Z0F20000

(Start Block)


G1X65.8293Y-224.2808
G1Z5F20000
(Plotting speed under)
G1 F4000


G1X57.8105Y-260.8296

G1X102.8408Y-220.1307

G1 Z0F20000

(Start Block)


G1X102.8408Y-220.1307
G1Z5F20000
(Plotting speed under)
G1 F4000


G1X65.8293Y-224.2808

G1X118.2482Y-253.7102

G1 Z0F20000

(Start Block)


G1X118.2482Y-253.7102
G1Z5F20000
(Plotting speed under)
G1 F4000


G1X102.8408Y-220.1307

G1X91.0386Y-278.6849

G1 Z0F20000

(Start Block)


G1X91.0386Y-278.6849
G1Z5F20000
(Plotting speed under)
G1 F4000


G1X118.2482Y-253.7102

G1X58.5568Y-260.5034

G1 Z0F20000

(Start Block)


G1X58.5568Y-260.5034
G1Z5F20000
(Plotting speed under)
G1 F4000


G1X91.0386Y-278.6849

G1X65.3671Y-223.7105

G1 Z0F20000

(Start Block)


G1X65.3671Y-223.7105
G1Z5F20000
(Plotting speed under)
G1 F4000


G1X58.5568Y-260.5034

G1X102.2290Y-218.3366

G1 Z0F20000

(Start Block)


G1X102.2290Y-218.3366
G1Z5F20000
(Plotting speed under)
G1 F4000


G1X65.3671Y-223.7105

G1X118.7507Y-251.3883

G1 Z0F20000

(Start Block)


G1X118.7507Y-251.3883
G1Z5F20000
(Plotting speed under)
G1 F4000


G1X102.2290Y-218.3366

G1X92.3933Y-277.2540

G1 Z0F20000

(Start Block)


G1X92.3933Y-277.2540
G1Z5F20000
(Plotting speed under)
G1 F4000


G1X118.7507Y-251.3883

G1X59.3346Y-260.1621

G1 Z0F20000

(Start Block)


G1X59.3346Y-260.1621
G1Z5F20000
(Plotting speed under)
G1 F4000


G1X92.3933Y-277.2540

G1X64.9290Y-223.1654

G1 Z0F20000

(Start Block)


G1X64.9290Y-223.1654
G1Z5F20000
(Plotting speed under)
G1 F4000


G1X59.3346Y-260.1621

G1X101.6009Y-216.5733

G1 Z0F20000

(Start Block)


G1X101.6009Y-216.5733
G1Z5F20000
(Plotting speed under)
G1 F4000


G1X64.9290Y-223.1654

G1X119.2187Y-249.0607

G1 Z0F20000

(Start Block)


G1X119.2187Y-249.0607
G1Z5F20000
(Plotting speed under)
G1 F4000


G1X101.6009Y-216.5733

G1X93.7426Y-275.7886

G1 Z0F20000

(Start Block)


G1X93.7426Y-275.7886
G1Z5F20000
(Plotting speed under)
G1 F4000


G1X119.2187Y-249.0607

G1X60.1436Y-259.8048

G1 Z0F20000

(Start Block)


G1X60.1436Y-259.8048
G1Z5F20000
(Plotting speed under)
G1 F4000


G1X93.7426Y-275.7886

G1X64.5159Y-222.6448

G1 Z0F20000

(Start Block)


G1X64.5159Y-222.6448
G1Z5F20000
(Plotting speed under)
G1 F4000


G1X60.1436Y-259.8048

G1X100.9575Y-214.8416

G1 Z0F20000

(Start Block)


G1X100.9575Y-214.8416
G1Z5F20000
(Plotting speed under)
G1 F4000


G1X64.5159Y-222.6448

G1X119.6520Y-246.7284

G1 Z0F20000

(Start Block)


G1X119.6520Y-246.7284
G1Z5F20000
(Plotting speed under)
G1 F4000


G1X100.9575Y-214.8416

G1X95.0853Y-274.2887

G1 Z0F20000

(Start Block)


G1X95.0853Y-274.2887
G1Z5F20000
(Plotting speed under)
G1 F4000


G1X119.6520Y-246.7284

G1X60.9831Y-259.4306

G1 Z0F20000

(Start Block)


G1X60.9831Y-259.4306
G1Z5F20000
(Plotting speed under)
G1 F4000


G1X95.0853Y-274.2887

G1X64.1286Y-222.1479

G1 Z0F20000

(Start Block)


G1X64.1286Y-222.1479
G1Z5F20000
(Plotting speed under)
G1 F4000


G1X60.9831Y-259.4306

G1X100.2998Y-213.1417

G1 Z0F20000

(Start Block)


G1X100.2998Y-213.1417
G1Z5F20000
(Plotting speed under)
G1 F4000


G1X64.1286Y-222.1479

G1X120.0506Y-244.3926

G1 Z0F20000

(Start Block)


G1X120.0506Y-244.3926
G1Z5F20000
(Plotting speed under)
G1 F4000


G1X100.2998Y-213.1417

G1X96.4204Y-272.7548

G1 Z0F20000

(Start Block)


G1X96.4204Y-272.7548
G1Z5F20000
(Plotting speed under)
G1 F4000


G1X120.0506Y-244.3926

G1X61.8525Y-259.0382

G1 Z0F20000

(Start Block)


G1X61.8525Y-259.0382
G1Z5F20000
(Plotting speed under)
G1 F4000


G1X96.4204Y-272.7548

G1X63.7679Y-221.6736

G1 Z0F20000

(Start Block)


G1X63.7679Y-221.6736
G1Z5F20000
(Plotting speed under)
G1 F4000


G1X61.8525Y-259.0382

G1X99.6289Y-211.4742

G1 Z0F20000

(Start Block)


G1X99.6289Y-211.4742
G1Z5F20000
(Plotting speed under)
G1 F4000


G1X63.7679Y-221.6736

G1X120.4142Y-242.0545

G1 Z0F20000

(Start Block)


G1X120.4142Y-242.0545
G1Z5F20000
(Plotting speed under)
G1 F4000


G1X99.6289Y-211.4742

G1X97.7466Y-271.1871

G1 Z0F20000

(Start Block)


G1X97.7466Y-271.1871
G1Z5F20000
(Plotting speed under)
G1 F4000


G1X120.4142Y-242.0545

G1X62.7513Y-258.6269

G1 Z0F20000

(Start Block)


G1X62.7513Y-258.6269
G1Z5F20000
(Plotting speed under)
G1 F4000


G1X97.7466Y-271.1871

G1X63.4344Y-221.2212

G1 Z0F20000

(Start Block)


G1X63.4344Y-221.2212
G1Z5F20000
(Plotting speed under)
G1 F4000


G1X62.7513Y-258.6269

G1X98.9458Y-209.8395

G1 Z0F20000

(Start Block)


G1X98.9458Y-209.8395
G1Z5F20000
(Plotting speed under)
G1 F4000


G1X63.4344Y-221.2212

G1X120.7429Y-239.7153

G1 Z0F20000

(Start Block)


G1X120.7429Y-239.7153
G1Z5F20000
(Plotting speed under)
G1 F4000


G1X98.9458Y-209.8395

G1X99.0630Y-269.5858

G1 Z0F20000

(Start Block)


G1X99.0630Y-269.5858
G1Z5F20000
(Plotting speed under)
G1 F4000


G1X120.7429Y-239.7153

G1X63.6787Y-258.1956

G1 Z0F20000

(Start Block)


G1X63.6787Y-258.1956
G1Z5F20000
(Plotting speed under)
G1 F4000


G1X99.0630Y-269.5858

G1X63.1290Y-220.7898

G1 Z0F20000

(Start Block)


G1X63.1290Y-220.7898
G1Z5F20000
(Plotting speed under)
G1 F4000


G1X63.6787Y-258.1956

G1X98.2518Y-208.2380

G1 Z0F20000

(Start Block)


G1X98.2518Y-208.2380
G1Z5F20000
(Plotting speed under)
G1 F4000


G1X63.1290Y-220.7898

G1X121.0367Y-237.3760

G1 Z0F20000

(Start Block)


G1X121.0367Y-237.3760
G1Z5F20000
(Plotting speed under)
G1 F4000


G1X98.2518Y-208.2380

G1X100.3683Y-267.9513

G1 Z0F20000

(Start Block)


G1X100.3683Y-267.9513
G1Z5F20000
(Plotting speed under)
G1 F4000


G1X121.0367Y-237.3760

G1X64.6342Y-257.7433

G1 Z0F20000

(Start Block)


G1X64.6342Y-257.7433
G1Z5F20000
(Plotting speed under)
G1 F4000


G1X100.3683Y-267.9513

G1X62.8522Y-220.3782

G1 Z0F20000

(Start Block)


G1X62.8522Y-220.3782
G1Z5F20000
(Plotting speed under)
G1 F4000


G1X64.6342Y-257.7433

G1X97.5478Y-206.6700

G1 Z0F20000

(Start Block)


G1X97.5478Y-206.6700
G1Z5F20000
(Plotting speed under)
G1 F4000


G1X62.8522Y-220.3782

G1X121.2955Y-235.0379

G1 Z0F20000

(Start Block)


G1X121.2955Y-235.0379
G1Z5F20000
(Plotting speed under)
G1 F4000


G1X97.5478Y-206.6700

G1X101.6616Y-266.2841

G1 Z0F20000

(Start Block)


G1X101.6616Y-266.2841
G1Z5F20000
(Plotting speed under)
G1 F4000


G1X121.2955Y-235.0379

G1X65.6170Y-257.2693

G1 Z0F20000

(Start Block)


G1X65.6170Y-257.2693
G1Z5F20000
(Plotting speed under)
G1 F4000


G1X101.6616Y-266.2841

G1X62.6048Y-219.9858

G1 Z0F20000

(Start Block)


G1X62.6048Y-219.9858
G1Z5F20000
(Plotting speed under)
G1 F4000


G1X65.6170Y-257.2693

G1X96.8350Y-205.1359

G1 Z0F20000

(Start Block)


G1X96.8350Y-205.1359
G1Z5F20000
(Plotting speed under)
G1 F4000


G1X62.6048Y-219.9858

G1X121.5195Y-232.7021

G1 Z0F20000

(Start Block)


G1X121.5195Y-232.7021
G1Z5F20000
(Plotting speed under)
G1 F4000


G1X96.8350Y-205.1359

G1X102.9416Y-264.5844

G1 Z0F20000

(Start Block)


G1X102.9416Y-264.5844
G1Z5F20000
(Plotting speed under)
G1 F4000


G1X121.5195Y-232.7021

G1X66.6263Y-256.7724

G1 Z0F20000

(Start Block)


G1X66.6263Y-256.7724
G1Z5F20000
(Plotting speed under)
G1 F4000


G1X102.9416Y-264.5844

G1X62.3873Y-219.6113

G1 Z0F20000

(Start Block)


G1X62.3873Y-219.6113
G1Z5F20000
(Plotting speed under)
G1 F4000


G1X66.6263Y-256.7724

G1X96.1146Y-203.6358

G1 Z0F20000

(Start Block)


G1X96.1146Y-203.6358
G1Z5F20000
(Plotting speed under)
G1 F4000


G1X62.3873Y-219.6113

G1X121.7086Y-230.3698

G1 Z0F20000

(Start Block)


G1X121.7086Y-230.3698
G1Z5F20000
(Plotting speed under)
G1 F4000


G1X96.1146Y-203.6358

G1X104.2074Y-262.8529

G1 Z0F20000

(Start Block)


G1X104.2074Y-262.8529
G1Z5F20000
(Plotting speed under)
G1 F4000


G1X121.7086Y-230.3698

G1X67.6615Y-256.2520

G1 Z0F20000

(Start Block)


G1X67.6615Y-256.2520
G1Z5F20000
(Plotting speed under)
G1 F4000


G1X104.2074Y-262.8529

G1X62.2004Y-219.2540

G1 Z0F20000

(Start Block)


G1X62.2004Y-219.2540
G1Z5F20000
(Plotting speed under)
G1 F4000


G1X67.6615Y-256.2520

G1X95.3875Y-202.1701

G1 Z0F20000

(Start Block)


G1X95.3875Y-202.1701
G1Z5F20000
(Plotting speed under)
G1 F4000


G1X62.2004Y-219.2540

G1X121.8631Y-228.0421

G1 Z0F20000

(Start Block)


G1X121.8631Y-228.0421
G1Z5F20000
(Plotting speed under)
G1 F4000


G1X95.3875Y-202.1701

G1X105.4578Y-261.0899

G1 Z0F20000

(Start Block)


G1X105.4578Y-261.0899
G1Z5F20000
(Plotting speed under)
G1 F4000


G1X121.8631Y-228.0421

G1X68.7216Y-255.7072

G1 Z0F20000

(Start Block)


G1X68.7216Y-255.7072
G1Z5F20000
(Plotting speed under)
G1 F4000


G1X105.4578Y-261.0899

G1X62.0445Y-218.9126

G1 Z0F20000

(Start Block)


G1X62.0445Y-218.9126
G1Z5F20000
(Plotting speed under)
G1 F4000


G1X68.7216Y-255.7072

G1X94.6551Y-200.7389

G1 Z0F20000

(Start Block)


G1X94.6551Y-200.7389
G1Z5F20000
(Plotting speed under)
G1 F4000


G1X62.0445Y-218.9126

G1X121.9831Y-225.7202

G1 Z0F20000

(Start Block)


G1X121.9831Y-225.7202
G1Z5F20000
(Plotting speed under)
G1 F4000


G1X94.6551Y-200.7389

G1X106.6919Y-259.2960

G1 Z0F20000

(Start Block)


G1X106.6919Y-259.2960
G1Z5F20000
(Plotting speed under)
G1 F4000


G1X121.9831Y-225.7202

G1X69.8059Y-255.1371

G1 Z0F20000

(Start Block)


G1X69.8059Y-255.1371
G1Z5F20000
(Plotting speed under)
G1 F4000


G1X106.6919Y-259.2960

G1X61.9203Y-218.5862

G1 Z0F20000

(Start Block)


G1X61.9203Y-218.5862
G1Z5F20000
(Plotting speed under)
G1 F4000


G1X69.8059Y-255.1371

G1X93.9185Y-199.3425

G1 Z0F20000

(Start Block)


G1X93.9185Y-199.3425
G1Z5F20000
(Plotting speed under)
G1 F4000


G1X61.9203Y-218.5862

G1X122.0688Y-223.4052

G1 Z0F20000

(Start Block)


G1X122.0688Y-223.4052
G1Z5F20000
(Plotting speed under)
G1 F4000


G1X93.9185Y-199.3425

G1X107.9087Y-257.4718

G1 Z0F20000

(Start Block)


G1X107.9087Y-257.4718
G1Z5F20000
(Plotting speed under)
G1 F4000


G1X122.0688Y-223.4052

G1X70.9135Y-254.5409

G1 Z0F20000

(Start Block)


G1X70.9135Y-254.5409
G1Z5F20000
(Plotting speed under)
G1 F4000


G1X107.9087Y-257.4718

G1X61.8281Y-218.2737

G1 Z0F20000

(Start Block)


G1X61.8281Y-218.2737
G1Z5F20000
(Plotting speed under)
G1 F4000


G1X70.9135Y-254.5409

G1X93.1788Y-197.9808

G1 Z0F20000

(Start Block)


G1X93.1788Y-197.9808
G1Z5F20000
(Plotting speed under)
G1 F4000


G1X61.8281Y-218.2737

G1X122.1205Y-221.0982

G1 Z0F20000

(Start Block)


G1X122.1205Y-221.0982
G1Z5F20000
(Plotting speed under)
G1 F4000


G1X93.1788Y-197.9808

G1X109.1071Y-255.6178

G1 Z0F20000

(Start Block)


G1X109.1071Y-255.6178
G1Z5F20000
(Plotting speed under)
G1 F4000


G1X122.1205Y-221.0982

G1X72.0436Y-253.9179

G1 Z0F20000

(Start Block)


G1X72.0436Y-253.9179
G1Z5F20000
(Plotting speed under)
G1 F4000


G1X109.1071Y-255.6178

G1X61.7684Y-217.9741

G1 Z0F20000

(Start Block)


G1X61.7684Y-217.9741
G1Z5F20000
(Plotting speed under)
G1 F4000


G1X72.0436Y-253.9179

G1X92.4371Y-196.6541

G1 Z0F20000

(Start Block)


G1X92.4371Y-196.6541
G1Z5F20000
(Plotting speed under)
G1 F4000


G1X61.7684Y-217.9741

G1X122.1385Y-218.8004

G1 Z0F20000

(Start Block)


G1X122.1385Y-218.8004
G1Z5F20000
(Plotting speed under)
G1 F4000


G1X92.4371Y-196.6541

G1X110.2861Y-253.7347

G1 Z0F20000

(Start Block)


G1X110.2861Y-253.7347
G1Z5F20000
(Plotting speed under)
G1 F4000


G1X122.1385Y-218.8004

G1X73.1952Y-253.2674

G1 Z0F20000

(Start Block)


G1X73.1952Y-253.2674
G1Z5F20000
(Plotting speed under)
G1 F4000


G1X110.2861Y-253.7347

G1X61.7416Y-217.6862

G1 Z0F20000

(Start Block)


G1X61.7416Y-217.6862
G1Z5F20000
(Plotting speed under)
G1 F4000


G1X73.1952Y-253.2674

G1X91.6946Y-195.3623

G1 Z0F20000

(Start Block)


G1X91.6946Y-195.3623
G1Z5F20000
(Plotting speed under)
G1 F4000


G1X61.7416Y-217.6862

G1X122.1231Y-216.5129

G1 Z0F20000

(Start Block)


G1X122.1231Y-216.5129
G1Z5F20000
(Plotting speed under)
G1 F4000


G1X91.6946Y-195.3623

G1X111.4448Y-251.8231

G1 Z0F20000

(Start Block)


G1X111.4448Y-251.8231
G1Z5F20000
(Plotting speed under)
G1 F4000


G1X122.1231Y-216.5129

G1X74.3674Y-252.5887

G1 Z0F20000

(Start Block)


G1X74.3674Y-252.5887
G1Z5F20000
(Plotting speed under)
G1 F4000


G1X111.4448Y-251.8231

G1X61.7482Y-217.4090

G1 Z0F20000

(Start Block)


G1X61.7482Y-217.4090
G1Z5F20000
(Plotting speed under)
G1 F4000


G1X74.3674Y-252.5887

G1X90.9526Y-194.1055

G1 Z0F20000

(Start Block)


G1X90.9526Y-194.1055
G1Z5F20000
(Plotting speed under)
G1 F4000


G1X61.7482Y-217.4090

G1X122.0746Y-214.2368

G1 Z0F20000

(Start Block)


G1X122.0746Y-214.2368
G1Z5F20000
(Plotting speed under)
G1 F4000


G1X90.9526Y-194.1055

G1X112.5823Y-249.8838

G1 Z0F20000

(Start Block)


G1X112.5823Y-249.8838
G1Z5F20000
(Plotting speed under)
G1 F4000


G1X122.0746Y-214.2368

G1X75.5593Y-251.8810

G1 Z0F20000

(Start Block)


G1X75.5593Y-251.8810
G1Z5F20000
(Plotting speed under)
G1 F4000


G1X112.5823Y-249.8838

G1X61.7883Y-217.1414

G1 Z0F20000

(Start Block)


G1X61.7883Y-217.1414
G1Z5F20000
(Plotting speed under)
G1 F4000


G1X75.5593Y-251.8810

G1X90.2120Y-192.8836

G1 Z0F20000

(Start Block)


G1X90.2120Y-192.8836
G1Z5F20000
(Plotting speed under)
G1 F4000


G1X61.7883Y-217.1414

G1X121.9934Y-211.9731

G1 Z0F20000

(Start Block)


G1X121.9934Y-211.9731
G1Z5F20000
(Plotting speed under)
G1 F4000


G1X90.2120Y-192.8836

G1X113.6977Y-247.9174

G1 Z0F20000

(Start Block)


G1X113.6977Y-247.9174
G1Z5F20000
(Plotting speed under)
G1 F4000


G1X121.9934Y-211.9731

G1X76.7699Y-251.1438

G1 Z0F20000

(Start Block)


G1X76.7699Y-251.1438
G1Z5F20000
(Plotting speed under)
G1 F4000


G1X113.6977Y-247.9174

G1X61.8624Y-216.8821

G1 Z0F20000

(Start Block)


G1X61.8624Y-216.8821
G1Z5F20000
(Plotting speed under)
G1 F4000


G1X76.7699Y-251.1438

G1X89.4742Y-191.6966

G1 Z0F20000

(Start Block)


G1X89.4742Y-191.6966
G1Z5F20000
(Plotting speed under)
G1 F4000


G1X61.8624Y-216.8821

G1X121.8800Y-209.7230

G1 Z0F20000

(Start Block)


G1X121.8800Y-209.7230
G1Z5F20000
(Plotting speed under)
G1 F4000


G1X89.4742Y-191.6966

G1X114.7900Y-245.9247

G1 Z0F20000

(Start Block)


G1X114.7900Y-245.9247
G1Z5F20000
(Plotting speed under)
G1 F4000


G1X121.8800Y-209.7230

G1X77.9982Y-250.3765

G1 Z0F20000

(Start Block)


G1X77.9982Y-250.3765
G1Z5F20000
(Plotting speed under)
G1 F4000


G1X114.7900Y-245.9247

G1X61.9707Y-216.6302

G1 Z0F20000

(Start Block)


G1X61.9707Y-216.6302
G1Z5F20000
(Plotting speed under)
G1 F4000


G1X77.9982Y-250.3765

G1X88.7402Y-190.5443

G1 Z0F20000

(Start Block)


G1X88.7402Y-190.5443
G1Z5F20000
(Plotting speed under)
G1 F4000


G1X61.9707Y-216.6302

G1X121.7349Y-207.4875

G1 Z0F20000

(Start Block)


G1X121.7349Y-207.4875
G1Z5F20000
(Plotting speed under)
G1 F4000


G1X88.7402Y-190.5443

G1X115.8585Y-243.9064

G1 Z0F20000

(Start Block)


G1X115.8585Y-243.9064
G1Z5F20000
(Plotting speed under)
G1 F4000


G1X121.7349Y-207.4875

G1X79.2432Y-249.5784

G1 Z0F20000

(Start Block)


G1X79.2432Y-249.5784
G1Z5F20000
(Plotting speed under)
G1 F4000


G1X115.8585Y-243.9064

G1X62.1135Y-216.3844

G1 Z0F20000

(Start Block)


G1X62.1135Y-216.3844
G1Z5F20000
(Plotting speed under)
G1 F4000


G1X79.2432Y-249.5784

G1X88.0112Y-189.4266

G1 Z0F20000

(Start Block)


G1X88.0112Y-189.4266
G1Z5F20000
(Plotting speed under)
G1 F4000


G1X62.1135Y-216.3844

G1X121.5584Y-205.2677

G1 Z0F20000

(Start Block)


G1X121.5584Y-205.2677
G1Z5F20000
(Plotting speed under)
G1 F4000


G1X88.0112Y-189.4266

G1X116.9023Y-241.8635

G1 Z0F20000

(Start Block)


G1X116.9023Y-241.8635
G1Z5F20000
(Plotting speed under)
G1 F4000


G1X121.5584Y-205.2677

G1X80.5039Y-248.7491

G1 Z0F20000

(Start Block)


G1X80.5039Y-248.7491
G1Z5F20000
(Plotting speed under)
G1 F4000


G1X116.9023Y-241.8635

G1X62.2908Y-216.1436

G1 Z0F20000

(Start Block)


G1X62.2908Y-216.1436
G1Z5F20000
(Plotting speed under)
G1 F4000


G1X80.5039Y-248.7491

G1X87.2884Y-188.3434

G1 Z0F20000

(Start Block)


G1X87.2884Y-188.3434
G1Z5F20000
(Plotting speed under)
G1 F4000


G1X62.2908Y-216.1436

G1X121.3513Y-203.0646

G1 Z0F20000

(Start Block)


G1X121.3513Y-203.0646
G1Z5F20000
(Plotting speed under)
G1 F4000


G1X87.2884Y-188.3434

G1X117.9205Y-239.7966

G1 Z0F20000

(Start Block)


G1X117.9205Y-239.7966
G1Z5F20000
(Plotting speed under)
G1 F4000


G1X121.3513Y-203.0646

G1X81.7791Y-247.8880

G1 Z0F20000

(Start Block)


G1X81.7791Y-247.8880
G1Z5F20000
(Plotting speed under)
G1 F4000


G1X117.9205Y-239.7966

G1X62.5028Y-215.9068

G1 Z0F20000

(Start Block)


G1X62.5028Y-215.9068
G1Z5F20000
(Plotting speed under)
G1 F4000


G1X81.7791Y-247.8880

G1X86.5729Y-187.2943

G1 Z0F20000

(Start Block)


G1X86.5729Y-187.2943
G1Z5F20000
(Plotting speed under)
G1 F4000


G1X62.5028Y-215.9068

G1X121.1140Y-200.8792

G1 Z0F20000

(Start Block)


G1X121.1140Y-200.8792
G1Z5F20000
(Plotting speed under)
G1 F4000


G1X86.5729Y-187.2943

G1X118.9124Y-237.7067

G1 Z0F20000

(Start Block)


G1X118.9124Y-237.7067
G1Z5F20000
(Plotting speed under)
G1 F4000


G1X121.1140Y-200.8792

G1X83.0680Y-246.9948

G1 Z0F20000

(Start Block)


G1X83.0680Y-246.9948
G1Z5F20000
(Plotting speed under)
G1 F4000


G1X118.9124Y-237.7067

G1X62.7497Y-215.6726

G1 Z0F20000

(Start Block)


G1X62.7497Y-215.6726
G1Z5F20000
(Plotting speed under)
G1 F4000


G1X83.0680Y-246.9948

G1X85.8658Y-186.2792

G1 Z0F20000

(Start Block)


G1X85.8658Y-186.2792
G1Z5F20000
(Plotting speed under)
G1 F4000


G1X62.7497Y-215.6726

G1X120.8472Y-198.7124

G1 Z0F20000

(Start Block)


G1X120.8472Y-198.7124
G1Z5F20000
(Plotting speed under)
G1 F4000


G1X85.8658Y-186.2792

G1X119.8772Y-235.5946

G1 Z0F20000

(Start Block)


G1X119.8772Y-235.5946
G1Z5F20000
(Plotting speed under)
G1 F4000


G1X120.8472Y-198.7124

G1X84.3693Y-246.0688

G1 Z0F20000

(Start Block)


G1X84.3693Y-246.0688
G1Z5F20000
(Plotting speed under)
G1 F4000


G1X119.8772Y-235.5946

G1X63.0316Y-215.4399

G1 Z0F20000

(Start Block)


G1X63.0316Y-215.4399
G1Z5F20000
(Plotting speed under)
G1 F4000


G1X84.3693Y-246.0688

G1X85.1682Y-185.2977

G1 Z0F20000

(Start Block)


G1X85.1682Y-185.2977
G1Z5F20000
(Plotting speed under)
G1 F4000


G1X63.0316Y-215.4399

G1X120.5515Y-196.5653

G1 Z0F20000

(Start Block)


G1X120.5515Y-196.5653
G1Z5F20000
(Plotting speed under)
G1 F4000


G1X85.1682Y-185.2977

G1X120.8143Y-233.4613

G1 Z0F20000

(Start Block)


G1X120.8143Y-233.4613
G1Z5F20000
(Plotting speed under)
G1 F4000


G1X120.5515Y-196.5653

G1X85.6821Y-245.1098

G1 Z0F20000

(Start Block)


G1X85.6821Y-245.1098
G1Z5F20000
(Plotting speed under)
G1 F4000


G1X120.8143Y-233.4613

G1X63.3484Y-215.2077

G1 Z0F20000

(Start Block)


G1X63.3484Y-215.2077
G1Z5F20000
(Plotting speed under)
G1 F4000


G1X85.6821Y-245.1098

G1X84.4813Y-184.3495

G1 Z0F20000

(Start Block)


G1X84.4813Y-184.3495
G1Z5F20000
(Plotting speed under)
G1 F4000


G1X63.3484Y-215.2077

G1X120.2275Y-194.4389

G1 Z0F20000

(Start Block)


G1X120.2275Y-194.4389
G1Z5F20000
(Plotting speed under)
G1 F4000


G1X84.4813Y-184.3495

G1X121.7230Y-231.3078

G1 Z0F20000

(Start Block)


G1X121.7230Y-231.3078
G1Z5F20000
(Plotting speed under)
G1 F4000


G1X120.2275Y-194.4389

G1X87.0051Y-244.1174

G1 Z0F20000

(Start Block)


G1X87.0051Y-244.1174
G1Z5F20000
(Plotting speed under)
G1 F4000


G1X121.7230Y-231.3078

G1X63.7001Y-214.9747

G1 Z0F20000

(Start Block)


G1X63.7001Y-214.9747
G1Z5F20000
(Plotting speed under)
G1 F4000


G1X87.0051Y-244.1174

G1X83.8061Y-183.4342

G1 Z0F20000

(Start Block)


G1X83.8061Y-183.4342
G1Z5F20000
(Plotting speed under)
G1 F4000


G1X63.7001Y-214.9747

G1X119.8760Y-192.3339

G1 Z0F20000

(Start Block)


G1X119.8760Y-192.3339
G1Z5F20000
(Plotting speed under)
G1 F4000


G1X83.8061Y-183.4342

G1X122.6025Y-229.1348

G1 Z0F20000

(Start Block)


G1X122.6025Y-229.1348
G1Z5F20000
(Plotting speed under)
G1 F4000


G1X119.8760Y-192.3339

G1X88.3373Y-243.0913

G1 Z0F20000

(Start Block)


G1X88.3373Y-243.0913
G1Z5F20000
(Plotting speed under)
G1 F4000


G1X122.6025Y-229.1348

G1X64.0868Y-214.7397

G1 Z0F20000

(Start Block)


G1X64.0868Y-214.7397
G1Z5F20000
(Plotting speed under)
G1 F4000


G1X88.3373Y-243.0913

G1X83.1438Y-182.5515

G1 Z0F20000

(Start Block)


G1X83.1438Y-182.5515
G1Z5F20000
(Plotting speed under)
G1 F4000


G1X64.0868Y-214.7397

G1X119.4976Y-190.2514

G1 Z0F20000

(Start Block)


G1X119.4976Y-190.2514
G1Z5F20000
(Plotting speed under)
G1 F4000


G1X83.1438Y-182.5515

G1X123.4522Y-226.9435

G1 Z0F20000

(Start Block)


G1X123.4522Y-226.9435
G1Z5F20000
(Plotting speed under)
G1 F4000


G1X119.4976Y-190.2514

G1X89.6775Y-242.0311

G1 Z0F20000

(Start Block)


G1X89.6775Y-242.0311
G1Z5F20000
(Plotting speed under)
G1 F4000


G1X123.4522Y-226.9435

G1X64.5083Y-214.5017

G1 Z0F20000

(Start Block)


G1X64.5083Y-214.5017
G1Z5F20000
(Plotting speed under)
G1 F4000


G1X89.6775Y-242.0311

G1X82.4954Y-181.7008

G1 Z0F20000

(Start Block)


G1X82.4954Y-181.7008
G1Z5F20000
(Plotting speed under)
G1 F4000


G1X64.5083Y-214.5017

G1X119.0933Y-188.1922

G1 Z0F20000

(Start Block)


G1X119.0933Y-188.1922
G1Z5F20000
(Plotting speed under)
G1 F4000


G1X82.4954Y-181.7008

G1X124.2717Y-224.7348

G1 Z0F20000

(Start Block)


G1X124.2717Y-224.7348
G1Z5F20000
(Plotting speed under)
G1 F4000


G1X119.0933Y-188.1922

G1X91.0247Y-240.9366

G1 Z0F20000

(Start Block)


G1X91.0247Y-240.9366
G1Z5F20000
(Plotting speed under)
G1 F4000


G1X124.2717Y-224.7348

G1X64.9645Y-214.2594

G1 Z0F20000

(Start Block)


G1X64.9645Y-214.2594
G1Z5F20000
(Plotting speed under)
G1 F4000


G1X91.0247Y-240.9366

G1X81.8619Y-180.8817

G1 Z0F20000

(Start Block)


G1X81.8619Y-180.8817
G1Z5F20000
(Plotting speed under)
G1 F4000


G1X64.9645Y-214.2594

G1X118.6636Y-186.1572

G1 Z0F20000

(Start Block)


G1X118.6636Y-186.1572
G1Z5F20000
(Plotting speed under)
G1 F4000


G1X81.8619Y-180.8817

G1X125.0602Y-222.5098

G1 Z0F20000

(Start Block)


G1X125.0602Y-222.5098
G1Z5F20000
(Plotting speed under)
G1 F4000


G1X118.6636Y-186.1572

G1X92.3777Y-239.8077

G1 Z0F20000

(Start Block)


G1X92.3777Y-239.8077
G1Z5F20000
(Plotting speed under)
G1 F4000


G1X125.0602Y-222.5098

G1X65.4552Y-214.0118

G1 Z0F20000

(Start Block)


G1X65.4552Y-214.0118
G1Z5F20000
(Plotting speed under)
G1 F4000


G1X92.3777Y-239.8077

G1X81.2445Y-180.0937

G1 Z0F20000

(Start Block)


G1X81.2445Y-180.0937
G1Z5F20000
(Plotting speed under)
G1 F4000


G1X65.4552Y-214.0118

G1X118.2095Y-184.1472

G1 Z0F20000

(Start Block)


G1X118.2095Y-184.1472
G1Z5F20000
(Plotting speed under)
G1 F4000


G1X81.2445Y-180.0937

G1X125.8173Y-220.2694

G1 Z0F20000

(Start Block)


G1X125.8173Y-220.2694
G1Z5F20000
(Plotting speed under)
G1 F4000


G1X118.2095Y-184.1472

G1X93.7352Y-238.6441

G1 Z0F20000

(Start Block)


G1X93.7352Y-238.6441
G1Z5F20000
(Plotting speed under)
G1 F4000


G1X125.8173Y-220.2694

G1X65.9803Y-213.7576

G1 Z0F20000

(Start Block)


G1X65.9803Y-213.7576
G1Z5F20000
(Plotting speed under)
G1 F4000


G1X93.7352Y-238.6441

G1X80.6441Y-179.3362

G1 Z0F20000

(Start Block)


G1X80.6441Y-179.3362
G1Z5F20000
(Plotting speed under)
G1 F4000


G1X65.9803Y-213.7576

G1X117.7318Y-182.1629

G1 Z0F20000

(Start Block)


G1X117.7318Y-182.1629
G1Z5F20000
(Plotting speed under)
G1 F4000


G1X80.6441Y-179.3362

G1X126.5424Y-218.0148

G1 Z0F20000

(Start Block)


G1X126.5424Y-218.0148
G1Z5F20000
(Plotting speed under)
G1 F4000


G1X117.7318Y-182.1629

G1X95.0963Y-237.4458

G1 Z0F20000

(Start Block)


G1X95.0963Y-237.4458
G1Z5F20000
(Plotting speed under)
G1 F4000


G1X126.5424Y-218.0148

G1X66.5395Y-213.4957

G1 Z0F20000

(Start Block)


G1X66.5395Y-213.4957
G1Z5F20000
(Plotting speed under)
G1 F4000


G1X95.0963Y-237.4458

G1X80.0617Y-178.6087

G1 Z0F20000

(Start Block)


G1X80.0617Y-178.6087
G1Z5F20000
(Plotting speed under)
G1 F4000


G1X66.5395Y-213.4957

G1X117.2314Y-180.2053

G1 Z0F20000

(Start Block)


G1X117.2314Y-180.2053
G1Z5F20000
(Plotting speed under)
G1 F4000


G1X80.0617Y-178.6087

G1X127.2353Y-215.7470

G1 Z0F20000

(Start Block)


G1X127.2353Y-215.7470
G1Z5F20000
(Plotting speed under)
G1 F4000


G1X117.2314Y-180.2053

G1X96.4597Y-236.2125

G1 Z0F20000

(Start Block)


G1X96.4597Y-236.2125
G1Z5F20000
(Plotting speed under)
G1 F4000


G1X127.2353Y-215.7470

G1X67.1326Y-213.2251

G1 Z0F20000

(Start Block)


G1X67.1326Y-213.2251
G1Z5F20000
(Plotting speed under)
G1 F4000


G1X96.4597Y-236.2125

G1X79.4983Y-177.9106

G1 Z0F20000

(Start Block)


G1X79.4983Y-177.9106
G1Z5F20000
(Plotting speed under)
G1 F4000


G1X67.1326Y-213.2251

G1X116.7090Y-178.2749

G1 Z0F20000

(Start Block)


G1X116.7090Y-178.2749
G1Z5F20000
(Plotting speed under)
G1 F4000


G1X79.4983Y-177.9106

G1X127.8953Y-213.4670

G1 Z0F20000

(Start Block)


G1X127.8953Y-213.4670
G1Z5F20000
(Plotting speed under)
G1 F4000


G1X116.7090Y-178.2749

G1X97.8242Y-234.9443

G1 Z0F20000

(Start Block)


G1X97.8242Y-234.9443
G1Z5F20000
(Plotting speed under)
G1 F4000


G1X127.8953Y-213.4670

G1X67.7591Y-212.9445

G1 Z0F20000

(Start Block)


G1X67.7591Y-212.9445
G1Z5F20000
(Plotting speed under)
G1 F4000


G1X97.8242Y-234.9443

G1X78.9549Y-177.2411

G1 Z0F20000

(Start Block)


G1X78.9549Y-177.2411
G1Z5F20000
(Plotting speed under)
G1 F4000


G1X67.7591Y-212.9445

G1X116.1658Y-176.3725

G1 Z0F20000

(Start Block)


G1X116.1658Y-176.3725
G1Z5F20000
(Plotting speed under)
G1 F4000


G1X78.9549Y-177.2411

G1X128.5221Y-211.1761

G1 Z0F20000

(Start Block)


G1X128.5221Y-211.1761
G1Z5F20000
(Plotting speed under)
G1 F4000


G1X116.1658Y-176.3725

G1X99.1888Y-233.6412

G1 Z0F20000

(Start Block)


G1X99.1888Y-233.6412
G1Z5F20000
(Plotting speed under)
G1 F4000


G1X128.5221Y-211.1761

G1X68.4189Y-212.6530

G1 Z0F20000

(Start Block)


G1X68.4189Y-212.6530
G1Z5F20000
(Plotting speed under)
G1 F4000


G1X99.1888Y-233.6412

G1X78.4325Y-176.5996

G1 Z0F20000

(Start Block)


G1X78.4325Y-176.5996
G1Z5F20000
(Plotting speed under)
G1 F4000


G1X68.4189Y-212.6530

G1X115.6026Y-174.4988

G1 Z0F20000

(Start Block)


G1X115.6026Y-174.4988
G1Z5F20000
(Plotting speed under)
G1 F4000


G1X78.4325Y-176.5996

G1X129.1154Y-208.8752

G1 Z0F20000

(Start Block)


G1X129.1154Y-208.8752
G1Z5F20000
(Plotting speed under)
G1 F4000


G1X115.6026Y-174.4988

G1X100.5522Y-232.3031

G1 Z0F20000

(Start Block)


G1X100.5522Y-232.3031
G1Z5F20000
(Plotting speed under)
G1 F4000


G1X129.1154Y-208.8752

G1X69.1114Y-212.3493

G1 Z0F20000

(Start Block)


G1X69.1114Y-212.3493
G1Z5F20000
(Plotting speed under)
G1 F4000


G1X100.5522Y-232.3031

G1X77.9318Y-175.9855

G1 Z0F20000

(Start Block)


G1X77.9318Y-175.9855
G1Z5F20000
(Plotting speed under)
G1 F4000


G1X69.1114Y-212.3493

G1X115.0204Y-172.6545

G1 Z0F20000

(Start Block)


G1X115.0204Y-172.6545
G1Z5F20000
(Plotting speed under)
G1 F4000


G1X77.9318Y-175.9855

G1X129.6749Y-206.5655

G1 Z0F20000

(Start Block)


G1X129.6749Y-206.5655
G1Z5F20000
(Plotting speed under)
G1 F4000


G1X115.0204Y-172.6545

G1X101.9133Y-230.9301

G1 Z0F20000

(Start Block)


G1X101.9133Y-230.9301
G1Z5F20000
(Plotting speed under)
G1 F4000


G1X129.6749Y-206.5655

G1X69.8363Y-212.0324

G1 Z0F20000

(Start Block)


G1X69.8363Y-212.0324
G1Z5F20000
(Plotting speed under)
G1 F4000


G1X101.9133Y-230.9301

G1X77.4539Y-175.3978

G1 Z0F20000

(Start Block)


G1X77.4539Y-175.3978
G1Z5F20000
(Plotting speed under)
G1 F4000


G1X69.8363Y-212.0324

G1X114.4201Y-170.8400

G1 Z0F20000

(Start Block)


G1X114.4201Y-170.8400
G1Z5F20000
(Plotting speed under)
G1 F4000


G1X77.4539Y-175.3978

G1X130.2003Y-204.2480

G1 Z0F20000

(Start Block)


G1X130.2003Y-204.2480
G1Z5F20000
(Plotting speed under)
G1 F4000


G1X114.4201Y-170.8400

G1X103.2709Y-229.5224

G1 Z0F20000

(Start Block)


G1X103.2709Y-229.5224
G1Z5F20000
(Plotting speed under)
G1 F4000


G1X130.2003Y-204.2480

G1X70.5931Y-211.7012

G1 Z0F20000

(Start Block)


G1X70.5931Y-211.7012
G1Z5F20000
(Plotting speed under)
G1 F4000


G1X103.2709Y-229.5224

G1X76.9996Y-174.8360

G1 Z0F20000

(Start Block)


G1X76.9996Y-174.8360
G1Z5F20000
(Plotting speed under)
G1 F4000


G1X70.5931Y-211.7012

G1X113.8028Y-169.0561

G1 Z0F20000

(Start Block)


G1X113.8028Y-169.0561
G1Z5F20000
(Plotting speed under)
G1 F4000


G1X76.9996Y-174.8360

G1X130.6913Y-201.9241

G1 Z0F20000

(Start Block)


G1X130.6913Y-201.9241
G1Z5F20000
(Plotting speed under)
G1 F4000


G1X113.8028Y-169.0561

G1X104.6239Y-228.0799

G1 Z0F20000

(Start Block)


G1X104.6239Y-228.0799
G1Z5F20000
(Plotting speed under)
G1 F4000


G1X130.6913Y-201.9241

G1X71.3814Y-211.3548

G1 Z0F20000

(Start Block)


G1X71.3814Y-211.3548
G1Z5F20000
(Plotting speed under)
G1 F4000


G1X104.6239Y-228.0799

G1X76.5698Y-174.2992

G1 Z0F20000

(Start Block)


G1X76.5698Y-174.2992
G1Z5F20000
(Plotting speed under)
G1 F4000


G1X71.3814Y-211.3548

G1X113.1695Y-167.3033

G1 Z0F20000

(Start Block)


G1X113.1695Y-167.3033
G1Z5F20000
(Plotting speed under)
G1 F4000


G1X76.5698Y-174.2992

G1X131.1478Y-199.5948

G1 Z0F20000

(Start Block)


G1X131.1478Y-199.5948
G1Z5F20000
(Plotting speed under)
G1 F4000


G1X113.1695Y-167.3033

G1X105.9711Y-226.6030

G1 Z0F20000

(Start Block)


G1X105.9711Y-226.6030
G1Z5F20000
(Plotting speed under)
G1 F4000


G1X131.1478Y-199.5948

G1X72.2005Y-210.9919

G1 Z0F20000

(Start Block)


G1X72.2005Y-210.9919
G1Z5F20000
(Plotting speed under)
G1 F4000


G1X105.9711Y-226.6030

G1X76.1652Y-173.7866

G1 Z0F20000

(Start Block)


G1X76.1652Y-173.7866
G1Z5F20000
(Plotting speed under)
G1 F4000


G1X72.2005Y-210.9919

G1X112.5212Y-165.5821

G1 Z0F20000

(Start Block)


G1X112.5212Y-165.5821
G1Z5F20000
(Plotting speed under)
G1 F4000


G1X76.1652Y-173.7866

G1X131.5695Y-197.2612

G1 Z0F20000

(Start Block)


G1X131.5695Y-197.2612
G1Z5F20000
(Plotting speed under)
G1 F4000


G1X112.5212Y-165.5821

G1X107.3114Y-225.0918

G1 Z0F20000

(Start Block)


G1X107.3114Y-225.0918
G1Z5F20000
(Plotting speed under)
G1 F4000


G1X131.5695Y-197.2612

G1X73.0501Y-210.6118

G1 Z0F20000

(Start Block)


G1X73.0501Y-210.6118
G1Z5F20000
(Plotting speed under)
G1 F4000


G1X107.3114Y-225.0918

G1X75.7866Y-173.2973

G1 Z0F20000

(Start Block)


G1X75.7866Y-173.2973
G1Z5F20000
(Plotting speed under)
G1 F4000


G1X73.0501Y-210.6118

G1X111.8590Y-163.8930

G1 Z0F20000

(Start Block)


G1X111.8590Y-163.8930
G1Z5F20000
(Plotting speed under)
G1 F4000


G1X75.7866Y-173.2973

G1X131.9565Y-194.9246

G1 Z0F20000

(Start Block)


G1X131.9565Y-194.9246
G1Z5F20000
(Plotting speed under)
G1 F4000


G1X111.8590Y-163.8930

G1X108.6437Y-223.5466

G1 Z0F20000

(Start Block)


G1X108.6437Y-223.5466
G1Z5F20000
(Plotting speed under)
G1 F4000


G1X131.9565Y-194.9246

G1X73.9294Y-210.2132

G1 Z0F20000

(Start Block)


G1X73.9294Y-210.2132
G1Z5F20000
(Plotting speed under)
G1 F4000


G1X108.6437Y-223.5466

G1X75.4349Y-172.8304

G1 Z0F20000

(Start Block)


G1X75.4349Y-172.8304
G1Z5F20000
(Plotting speed under)
G1 F4000


G1X73.9294Y-210.2132

G1X111.1839Y-162.2363

G1 Z0F20000

(Start Block)


G1X111.1839Y-162.2363
G1Z5F20000
(Plotting speed under)
G1 F4000


G1X75.4349Y-172.8304

G1X132.3085Y-192.5860

G1 Z0F20000

(Start Block)


G1X132.3085Y-192.5860
G1Z5F20000
(Plotting speed under)
G1 F4000


G1X111.1839Y-162.2363

G1X109.9668Y-221.9677

G1 Z0F20000

(Start Block)


G1X109.9668Y-221.9677
G1Z5F20000
(Plotting speed under)
G1 F4000


G1X132.3085Y-192.5860

G1X74.8378Y-209.7953

G1 Z0F20000

(Start Block)


G1X74.8378Y-209.7953
G1Z5F20000
(Plotting speed under)
G1 F4000


G1X109.9668Y-221.9677

G1X75.1107Y-172.3851

G1 Z0F20000

(Start Block)


G1X75.1107Y-172.3851
G1Z5F20000
(Plotting speed under)
G1 F4000


G1X74.8378Y-209.7953

G1X110.4971Y-160.6126

G1 Z0F20000

(Start Block)


G1X110.4971Y-160.6126
G1Z5F20000
(Plotting speed under)
G1 F4000


G1X75.1107Y-172.3851

G1X132.6256Y-190.2466

G1 Z0F20000

(Start Block)


G1X132.6256Y-190.2466
G1Z5F20000
(Plotting speed under)
G1 F4000


G1X110.4971Y-160.6126

G1X111.2796Y-220.3553

G1 Z0F20000

(Start Block)


G1X111.2796Y-220.3553
G1Z5F20000
(Plotting speed under)
G1 F4000


G1X132.6256Y-190.2466

G1X75.7746Y-209.3572

G1 Z0F20000

(Start Block)


G1X75.7746Y-209.3572
G1Z5F20000
(Plotting speed under)
G1 F4000


G1X111.2796Y-220.3553

G1X74.8147Y-171.9603

G1 Z0F20000

(Start Block)


G1X74.8147Y-171.9603
G1Z5F20000
(Plotting speed under)
G1 F4000


G1X75.7746Y-209.3572

G1X109.7996Y-159.0222

G1 Z0F20000

(Start Block)


G1X109.7996Y-159.0222
G1Z5F20000
(Plotting speed under)
G1 F4000


G1X74.8147Y-171.9603

G1X132.9077Y-187.9076

G1 Z0F20000

(Start Block)


G1X132.9077Y-187.9076
G1Z5F20000
(Plotting speed under)
G1 F4000


G1X109.7996Y-159.0222

G1X112.5810Y-218.7099

G1 Z0F20000

(Start Block)


G1X112.5810Y-218.7099
G1Z5F20000
(Plotting speed under)
G1 F4000


G1X132.9077Y-187.9076

G1X76.7392Y-208.8977

G1 Z0F20000

(Start Block)


G1X76.7392Y-208.8977
G1Z5F20000
(Plotting speed under)
G1 F4000


G1X112.5810Y-218.7099

G1X74.5477Y-171.5553

G1 Z0F20000

(Start Block)


G1X74.5477Y-171.5553
G1Z5F20000
(Plotting speed under)
G1 F4000


G1X76.7392Y-208.8977

G1X109.0926Y-157.4655

G1 Z0F20000

(Start Block)


G1X109.0926Y-157.4655
G1Z5F20000
(Plotting speed under)
G1 F4000


G1X74.5477Y-171.5553

G1X133.1549Y-185.5701

G1 Z0F20000

(Start Block)


G1X133.1549Y-185.5701
G1Z5F20000
(Plotting speed under)
G1 F4000


G1X109.0926Y-157.4655

G1X113.8700Y-217.0318

G1 Z0F20000

(Start Block)


G1X113.8700Y-217.0318
G1Z5F20000
(Plotting speed under)
G1 F4000


G1X133.1549Y-185.5701

G1X77.7309Y-208.4162

G1 Z0F20000

(Start Block)


G1X77.7309Y-208.4162
G1Z5F20000
(Plotting speed under)
G1 F4000


G1X113.8700Y-217.0318

G1X74.3101Y-171.1689

G1 Z0F20000

(Start Block)


G1X74.3101Y-171.1689
G1Z5F20000
(Plotting speed under)
G1 F4000


G1X77.7309Y-208.4162

G1X108.3771Y-155.9426

G1 Z0F20000

(Start Block)


G1X108.3771Y-155.9426
G1Z5F20000
(Plotting speed under)
G1 F4000


G1X74.3101Y-171.1689

G1X133.3673Y-183.2354

G1 Z0F20000

(Start Block)


G1X133.3673Y-183.2354
G1Z5F20000
(Plotting speed under)
G1 F4000


G1X108.3771Y-155.9426

G1X115.1454Y-215.3215

G1 Z0F20000

(Start Block)


G1X115.1454Y-215.3215
G1Z5F20000
(Plotting speed under)
G1 F4000


G1X133.3673Y-183.2354

G1X78.7489Y-207.9116

G1 Z0F20000

(Start Block)


G1X78.7489Y-207.9116
G1Z5F20000
(Plotting speed under)
G1 F4000


G1X115.1454Y-215.3215

G1X74.1027Y-170.8003

G1 Z0F20000

(Start Block)


G1X74.1027Y-170.8003
G1Z5F20000
(Plotting speed under)
G1 F4000


G1X78.7489Y-207.9116

G1X107.6543Y-154.4540

G1 Z0F20000

(Start Block)


G1X107.6543Y-154.4540
G1Z5F20000
(Plotting speed under)
G1 F4000


G1X74.1027Y-170.8003

G1X133.5449Y-180.9045

G1 Z0F20000

(Start Block)


G1X133.5449Y-180.9045
G1Z5F20000
(Plotting speed under)
G1 F4000


G1X107.6543Y-154.4540

G1X116.4062Y-213.5795

G1 Z0F20000

(Start Block)


G1X116.4062Y-213.5795
G1Z5F20000
(Plotting speed under)
G1 F4000


G1X133.5449Y-180.9045

G1X79.7925Y-207.3832

G1 Z0F20000

(Start Block)


G1X79.7925Y-207.3832
G1Z5F20000
(Plotting speed under)
G1 F4000


G1X116.4062Y-213.5795

G1X73.9261Y-170.4484

G1 Z0F20000

(Start Block)


G1X73.9261Y-170.4484
G1Z5F20000
(Plotting speed under)
G1 F4000


G1X79.7925Y-207.3832

G1X106.9254Y-152.9997

G1 Z0F20000

(Start Block)


G1X106.9254Y-152.9997
G1Z5F20000
(Plotting speed under)
G1 F4000


G1X73.9261Y-170.4484

G1X133.6879Y-178.5786

G1 Z0F20000

(Start Block)


G1X133.6879Y-178.5786
G1Z5F20000
(Plotting speed under)
G1 F4000


G1X106.9254Y-152.9997

G1X117.6513Y-211.8061

G1 Z0F20000

(Start Block)


G1X117.6513Y-211.8061
G1Z5F20000
(Plotting speed under)
G1 F4000


G1X133.6879Y-178.5786

G1X80.8608Y-206.8300

G1 Z0F20000

(Start Block)


G1X80.8608Y-206.8300
G1Z5F20000
(Plotting speed under)
G1 F4000


G1X117.6513Y-211.8061

G1X73.7807Y-170.1121

G1 Z0F20000

(Start Block)


G1X73.7807Y-170.1121
G1Z5F20000
(Plotting speed under)
G1 F4000


G1X80.8608Y-206.8300

G1X106.1915Y-151.5801

G1 Z0F20000

(Start Block)


G1X106.1915Y-151.5801
G1Z5F20000
(Plotting speed under)
G1 F4000


G1X73.7807Y-170.1121

G1X133.7964Y-176.2588

G1 Z0F20000

(Start Block)


G1X133.7964Y-176.2588
G1Z5F20000
(Plotting speed under)
G1 F4000


G1X106.1915Y-151.5801

G1X118.8798Y-210.0021

G1 Z0F20000

(Start Block)


G1X118.8798Y-210.0021
G1Z5F20000
(Plotting speed under)
G1 F4000


G1X133.7964Y-176.2588

G1X81.9529Y-206.2513

G1 Z0F20000

(Start Block)


G1X81.9529Y-206.2513
G1Z5F20000
(Plotting speed under)
G1 F4000


G1X118.8798Y-210.0021

G1X73.6670Y-169.7904

G1 Z0F20000

(Start Block)


G1X73.6670Y-169.7904
G1Z5F20000
(Plotting speed under)
G1 F4000


G1X81.9529Y-206.2513

G1X105.4537Y-150.1952

G1 Z0F20000

(Start Block)


G1X105.4537Y-150.1952
G1Z5F20000
(Plotting speed under)
G1 F4000


G1X73.6670Y-169.7904

G1X133.8708Y-173.9463

G1 Z0F20000

(Start Block)


G1X133.8708Y-173.9463
G1Z5F20000
(Plotting speed under)
G1 F4000


G1X105.4537Y-150.1952

G1X120.0905Y-208.1679

G1 Z0F20000

(Start Block)


G1X120.0905Y-208.1679
G1Z5F20000
(Plotting speed under)
G1 F4000


G1X133.8708Y-173.9463

G1X83.0681Y-205.6463

G1 Z0F20000

(Start Block)


G1X83.0681Y-205.6463
G1Z5F20000
(Plotting speed under)
G1 F4000


G1X120.0905Y-208.1679

G1X73.5856Y-169.4823

G1 Z0F20000

(Start Block)


G1X73.5856Y-169.4823
G1Z5F20000
(Plotting speed under)
G1 F4000


G1X83.0681Y-205.6463

G1X104.7131Y-148.8452

G1 Z0F20000

(Start Block)


G1X104.7131Y-148.8452
G1Z5F20000
(Plotting speed under)
G1 F4000


G1X73.5856Y-169.4823

G1X133.9113Y-171.6423

G1 Z0F20000

(Start Block)


G1X133.9113Y-171.6423
G1Z5F20000
(Plotting speed under)
G1 F4000


G1X104.7131Y-148.8452

G1X121.2826Y-206.3042

G1 Z0F20000

(Start Block)


G1X121.2826Y-206.3042
G1Z5F20000
(Plotting speed under)
G1 F4000


G1X133.9113Y-171.6423

G1X84.2054Y-205.0143

G1 Z0F20000

(Start Block)


G1X84.2054Y-205.0143
G1Z5F20000
(Plotting speed under)
G1 F4000


G1X121.2826Y-206.3042

G1X73.5368Y-169.1867

G1 Z0F20000

(Start Block)


G1X73.5368Y-169.1867
G1Z5F20000
(Plotting speed under)
G1 F4000


G1X84.2054Y-205.0143

G1X103.9711Y-147.5301

G1 Z0F20000

(Start Block)


G1X103.9711Y-147.5301
G1Z5F20000
(Plotting speed under)
G1 F4000


G1X73.5368Y-169.1867

G1X133.9181Y-169.3478

G1 Z0F20000

(Start Block)


G1X133.9181Y-169.3478
G1Z5F20000
(Plotting speed under)
G1 F4000


G1X103.9711Y-147.5301

G1X122.4320Y-204.5062

G1 Z0F20000

(Start Block)


G1X122.4320Y-204.5062
G1Z5F20000
(Plotting speed under)
G1 F4000


G1X133.9181Y-169.3478

G1 Z0F20000

(Start Block)


G1X73.2346Y-169.0010
G1Z5F20000
(Plotting speed under)
G1 F4000


G1X85.2093Y-204.4510

G1X102.8104Y-146.3503

G1 Z0F20000

(Start Block)


G1X102.8104Y-146.3503
G1Z5F20000
(Plotting speed under)
G1 F4000


G1X73.2346Y-169.0010

G1X133.3416Y-167.1662

G1 Z0F20000

(Start Block)


G1X133.3416Y-167.1662
G1Z5F20000
(Plotting speed under)
G1 F4000


G1X102.8104Y-146.3503

G1X122.9249Y-202.5947

G1 Z0F20000

(Start Block)


G1X122.9249Y-202.5947
G1Z5F20000
(Plotting speed under)
G1 F4000


G1X133.3416Y-167.1662

G1X85.7293Y-203.7722

G1 Z0F20000

(Start Block)


G1X85.7293Y-203.7722
G1Z5F20000
(Plotting speed under)
G1 F4000


G1X122.9249Y-202.5947

G1X72.5935Y-168.7366

G1 Z0F20000

(Start Block)


G1X72.5935Y-168.7366
G1Z5F20000
(Plotting speed under)
G1 F4000


G1X85.7293Y-203.7722

G1X101.4098Y-145.1146

G1 Z0F20000

(Start Block)


G1X101.4098Y-145.1146
G1Z5F20000
(Plotting speed under)
G1 F4000


G1X72.5935Y-168.7366

G1X132.6233Y-164.9035

G1 Z0F20000

(Start Block)


G1X132.6233Y-164.9035
G1Z5F20000
(Plotting speed under)
G1 F4000


G1X101.4098Y-145.1146

G1X123.3963Y-200.6557

G1 Z0F20000

(Start Block)


G1X123.3963Y-200.6557
G1Z5F20000
(Plotting speed under)
G1 F4000


G1X132.6233Y-164.9035

G1X86.2686Y-203.0642

G1 Z0F20000

(Start Block)


G1X86.2686Y-203.0642
G1Z5F20000
(Plotting speed under)
G1 F4000


G1X123.3963Y-200.6557

G1X71.9860Y-168.4812

G1 Z0F20000

(Start Block)


G1X71.9860Y-168.4812
G1Z5F20000
(Plotting speed under)
G1 F4000


G1X86.2686Y-203.0642

G1X100.0112Y-143.9137

G1 Z0F20000

(Start Block)


G1X100.0112Y-143.9137
G1Z5F20000
(Plotting speed under)
G1 F4000


G1X71.9860Y-168.4812

G1X131.8725Y-162.6537

G1 Z0F20000

(Start Block)


G1X131.8725Y-162.6537
G1Z5F20000
(Plotting speed under)
G1 F4000


G1X100.0112Y-143.9137

G1X123.8452Y-198.6899

G1 Z0F20000

(Start Block)


G1X123.8452Y-198.6899
G1Z5F20000
(Plotting speed under)
G1 F4000


G1X131.8725Y-162.6537

G1X86.8263Y-202.3264

G1 Z0F20000

(Start Block)


G1X86.8263Y-202.3264
G1Z5F20000
(Plotting speed under)
G1 F4000


G1X123.8452Y-198.6899

G1X71.4126Y-168.2340

G1 Z0F20000

(Start Block)


G1X71.4126Y-168.2340
G1Z5F20000
(Plotting speed under)
G1 F4000


G1X86.8263Y-202.3264

G1X98.6156Y-142.7477

G1 Z0F20000

(Start Block)


G1X98.6156Y-142.7477
G1Z5F20000
(Plotting speed under)
G1 F4000


G1X71.4126Y-168.2340

G1X131.0896Y-160.4178

G1 Z0F20000

(Start Block)


G1X131.0896Y-160.4178
G1Z5F20000
(Plotting speed under)
G1 F4000


G1X98.6156Y-142.7477

G1X124.2708Y-196.6981

G1 Z0F20000

(Start Block)


G1X124.2708Y-196.6981
G1Z5F20000
(Plotting speed under)
G1 F4000


G1X131.0896Y-160.4178

G1X87.4014Y-201.5584

G1 Z0F20000

(Start Block)


G1X87.4014Y-201.5584
G1Z5F20000
(Plotting speed under)
G1 F4000


G1X124.2708Y-196.6981

G1X70.8734Y-167.9937

G1 Z0F20000

(Start Block)


G1X70.8734Y-167.9937
G1Z5F20000
(Plotting speed under)
G1 F4000


G1X87.4014Y-201.5584

G1X97.2243Y-141.6164

G1 Z0F20000

(Start Block)


G1X97.2243Y-141.6164
G1Z5F20000
(Plotting speed under)
G1 F4000


G1X70.8734Y-167.9937

G1X130.2751Y-158.1968

G1 Z0F20000

(Start Block)


G1X130.2751Y-158.1968
G1Z5F20000
(Plotting speed under)
G1 F4000


G1X97.2243Y-141.6164

G1X124.6723Y-194.6809

G1 Z0F20000

(Start Block)


G1X124.6723Y-194.6809
G1Z5F20000
(Plotting speed under)
G1 F4000


G1X130.2751Y-158.1968

G1X87.9929Y-200.7594

G1 Z0F20000

(Start Block)


G1X87.9929Y-200.7594
G1Z5F20000
(Plotting speed under)
G1 F4000


G1X124.6723Y-194.6809

G1X70.3687Y-167.7591

G1 Z0F20000

(Start Block)


G1X70.3687Y-167.7591
G1Z5F20000
(Plotting speed under)
G1 F4000


G1X87.9929Y-200.7594

G1X95.8384Y-140.5196

G1 Z0F20000

(Start Block)


G1X95.8384Y-140.5196
G1Z5F20000
(Plotting speed under)
G1 F4000


G1X70.3687Y-167.7591

G1X129.4295Y-155.9918

G1 Z0F20000

(Start Block)


G1X129.4295Y-155.9918
G1Z5F20000
(Plotting speed under)
G1 F4000


G1X95.8384Y-140.5196

G1X125.0487Y-192.6393

G1 Z0F20000

(Start Block)


G1X125.0487Y-192.6393
G1Z5F20000
(Plotting speed under)
G1 F4000


G1X129.4295Y-155.9918

G1X88.5996Y-199.9290

G1 Z0F20000

(Start Block)


G1X88.5996Y-199.9290
G1Z5F20000
(Plotting speed under)
G1 F4000


G1X125.0487Y-192.6393

G1X69.8987Y-167.5292

G1 Z0F20000

(Start Block)


G1X69.8987Y-167.5292
G1Z5F20000
(Plotting speed under)
G1 F4000


G1X88.5996Y-199.9290

G1X94.4589Y-139.4572

G1 Z0F20000

(Start Block)


G1X94.4589Y-139.4572
G1Z5F20000
(Plotting speed under)
G1 F4000


G1X69.8987Y-167.5292

G1X128.5534Y-153.8039

G1 Z0F20000

(Start Block)


G1X128.5534Y-153.8039
G1Z5F20000
(Plotting speed under)
G1 F4000


G1X94.4589Y-139.4572

G1X125.3994Y-190.5741

G1 Z0F20000

(Start Block)


G1X125.3994Y-190.5741
G1Z5F20000
(Plotting speed under)
G1 F4000


G1X128.5534Y-153.8039

G1X89.2207Y-199.0667

G1 Z0F20000

(Start Block)


G1X89.2207Y-199.0667
G1Z5F20000
(Plotting speed under)
G1 F4000


G1X125.3994Y-190.5741

G1X69.4635Y-167.3027

G1 Z0F20000

(Start Block)


G1X69.4635Y-167.3027
G1Z5F20000
(Plotting speed under)
G1 F4000


G1X89.2207Y-199.0667

G1X93.0872Y-138.4288

G1 Z0F20000

(Start Block)


G1X93.0872Y-138.4288
G1Z5F20000
(Plotting speed under)
G1 F4000


G1X69.4635Y-167.3027

G1X127.6473Y-151.6340

G1 Z0F20000

(Start Block)


G1X127.6473Y-151.6340
G1Z5F20000
(Plotting speed under)
G1 F4000


G1X93.0872Y-138.4288

G1X125.7235Y-188.4862

G1 Z0F20000

(Start Block)


G1X125.7235Y-188.4862
G1Z5F20000
(Plotting speed under)
G1 F4000


G1X127.6473Y-151.6340

G1X89.8549Y-198.1720

G1 Z0F20000

(Start Block)


G1X89.8549Y-198.1720
G1Z5F20000
(Plotting speed under)
G1 F4000


G1X125.7235Y-188.4862

G1X69.0631Y-167.0786

G1 Z0F20000

(Start Block)


G1X69.0631Y-167.0786
G1Z5F20000
(Plotting speed under)
G1 F4000


G1X89.8549Y-198.1720

G1X91.7243Y-137.4343

G1 Z0F20000

(Start Block)


G1X91.7243Y-137.4343
G1Z5F20000
(Plotting speed under)
G1 F4000


G1X69.0631Y-167.0786

G1X126.7119Y-149.4831

G1 Z0F20000

(Start Block)


G1X126.7119Y-149.4831
G1Z5F20000
(Plotting speed under)
G1 F4000


G1X91.7243Y-137.4343

G1X126.0203Y-186.3764

G1 Z0F20000

(Start Block)


G1X126.0203Y-186.3764
G1Z5F20000
(Plotting speed under)
G1 F4000


G1X126.7119Y-149.4831

G1X90.5013Y-197.2445

G1 Z0F20000

(Start Block)


G1X90.5013Y-197.2445
G1Z5F20000
(Plotting speed under)
G1 F4000


G1X126.0203Y-186.3764

G1X68.6977Y-166.8557

G1 Z0F20000

(Start Block)


G1X68.6977Y-166.8557
G1Z5F20000
(Plotting speed under)
G1 F4000


G1X90.5013Y-197.2445

G1X90.3712Y-136.4734

G1 Z0F20000

(Start Block)


G1X90.3712Y-136.4734
G1Z5F20000
(Plotting speed under)
G1 F4000


G1X68.6977Y-166.8557

G1X125.7478Y-147.3522

G1 Z0F20000

(Start Block)


G1X125.7478Y-147.3522
G1Z5F20000
(Plotting speed under)
G1 F4000


G1X90.3712Y-136.4734

G1X126.2891Y-184.2457

G1 Z0F20000

(Start Block)


G1X126.2891Y-184.2457
G1Z5F20000
(Plotting speed under)
G1 F4000


G1X125.7478Y-147.3522

G1X91.1587Y-196.2839

G1 Z0F20000

(Start Block)


G1X91.1587Y-196.2839
G1Z5F20000
(Plotting speed under)
G1 F4000


G1X126.2891Y-184.2457

G1X68.3673Y-166.6327

G1 Z0F20000

(Start Block)


G1X68.3673Y-166.6327
G1Z5F20000
(Plotting speed under)
G1 F4000


G1X91.1587Y-196.2839

G1X89.0292Y-135.5456

G1 Z0F20000

(Start Block)


G1X89.0292Y-135.5456
G1Z5F20000
(Plotting speed under)
G1 F4000


G1X68.3673Y-166.6327

G1X124.7557Y-145.2423

G1 Z0F20000

(Start Block)


G1X124.7557Y-145.2423
G1Z5F20000
(Plotting speed under)
G1 F4000


G1X89.0292Y-135.5456

G1X126.5293Y-182.0950

G1 Z0F20000

(Start Block)


G1X126.5293Y-182.0950
G1Z5F20000
(Plotting speed under)
G1 F4000


G1X124.7557Y-145.2423

G1X91.8260Y-195.2897

G1 Z0F20000

(Start Block)


G1X91.8260Y-195.2897
G1Z5F20000
(Plotting speed under)
G1 F4000


G1X126.5293Y-182.0950

G1X68.0717Y-166.4086

G1 Z0F20000

(Start Block)


G1X68.0717Y-166.4086
G1Z5F20000
(Plotting speed under)
G1 F4000


G1X91.8260Y-195.2897

G1X87.6993Y-134.6506

G1 Z0F20000

(Start Block)


G1X87.6993Y-134.6506
G1Z5F20000
(Plotting speed under)
G1 F4000


G1X68.0717Y-166.4086

G1X123.7363Y-143.1541

G1 Z0F20000

(Start Block)


G1X123.7363Y-143.1541
G1Z5F20000
(Plotting speed under)
G1 F4000


G1X87.6993Y-134.6506

G1X126.7401Y-179.9252

G1 Z0F20000

(Start Block)


G1X126.7401Y-179.9252
G1Z5F20000
(Plotting speed under)
G1 F4000


G1X123.7363Y-143.1541

G1X92.5021Y-194.2617

G1 Z0F20000

(Start Block)


G1X92.5021Y-194.2617
G1Z5F20000
(Plotting speed under)
G1 F4000


G1X126.7401Y-179.9252

G1X67.8111Y-166.1822

G1 Z0F20000

(Start Block)


G1X67.8111Y-166.1822
G1Z5F20000
(Plotting speed under)
G1 F4000


G1X92.5021Y-194.2617

G1X86.3826Y-133.7880

G1 Z0F20000

(Start Block)


G1X86.3826Y-133.7880
G1Z5F20000
(Plotting speed under)
G1 F4000


G1X67.8111Y-166.1822

G1X122.6904Y-141.0887

G1 Z0F20000

(Start Block)


G1X122.6904Y-141.0887
G1Z5F20000
(Plotting speed under)
G1 F4000


G1X86.3826Y-133.7880

G1X126.9209Y-177.7375

G1 Z0F20000

(Start Block)


G1X126.9209Y-177.7375
G1Z5F20000
(Plotting speed under)
G1 F4000


G1X122.6904Y-141.0887

G1X93.1859Y-193.1996

G1 Z0F20000

(Start Block)


G1X93.1859Y-193.1996
G1Z5F20000
(Plotting speed under)
G1 F4000


G1X126.9209Y-177.7375

G1X67.5853Y-165.9523

G1 Z0F20000

(Start Block)


G1X67.5853Y-165.9523
G1Z5F20000
(Plotting speed under)
G1 F4000


G1X93.1859Y-193.1996

G1X85.0802Y-132.9574

G1 Z0F20000

(Start Block)


G1X85.0802Y-132.9574
G1Z5F20000
(Plotting speed under)
G1 F4000


G1X67.5853Y-165.9523

G1X121.6186Y-139.0469

G1 Z0F20000

(Start Block)


G1X121.6186Y-139.0469
G1Z5F20000
(Plotting speed under)
G1 F4000


G1X85.0802Y-132.9574

G1X127.0712Y-175.5327

G1 Z0F20000

(Start Block)


G1X127.0712Y-175.5327
G1Z5F20000
(Plotting speed under)
G1 F4000


G1X121.6186Y-139.0469

G1X93.8762Y-192.1031

G1 Z0F20000

(Start Block)


G1X93.8762Y-192.1031
G1Z5F20000
(Plotting speed under)
G1 F4000


G1X127.0712Y-175.5327

G1X67.3941Y-165.7178

G1 Z0F20000

(Start Block)


G1X67.3941Y-165.7178
G1Z5F20000
(Plotting speed under)
G1 F4000


G1X93.8762Y-192.1031

G1X83.7931Y-132.1581

G1 Z0F20000

(Start Block)


G1X83.7931Y-132.1581
G1Z5F20000
(Plotting speed under)
G1 F4000


G1X67.3941Y-165.7178

G1X120.5218Y-137.0295

G1 Z0F20000

(Start Block)


G1X120.5218Y-137.0295
G1Z5F20000
(Plotting speed under)
G1 F4000


G1X83.7931Y-132.1581

G1X127.1905Y-173.3118

G1 Z0F20000

(Start Block)


G1X127.1905Y-173.3118
G1Z5F20000
(Plotting speed under)
G1 F4000


G1X120.5218Y-137.0295

G1X94.5720Y-190.9721

G1 Z0F20000

(Start Block)


G1X94.5720Y-190.9721
G1Z5F20000
(Plotting speed under)
G1 F4000


G1X127.1905Y-173.3118

G1X67.2374Y-165.4775

G1 Z0F20000

(Start Block)


G1X67.2374Y-165.4775
G1Z5F20000
(Plotting speed under)
G1 F4000


G1X94.5720Y-190.9721

G1X82.5223Y-131.3897

G1 Z0F20000

(Start Block)


G1X82.5223Y-131.3897
G1Z5F20000
(Plotting speed under)
G1 F4000


G1X67.2374Y-165.4775

G1X119.4009Y-135.0374

G1 Z0F20000

(Start Block)


G1X119.4009Y-135.0374
G1Z5F20000
(Plotting speed under)
G1 F4000


G1X82.5223Y-131.3897

G1X127.2781Y-171.0760

G1 Z0F20000

(Start Block)


G1X127.2781Y-171.0760
G1Z5F20000
(Plotting speed under)
G1 F4000


G1X119.4009Y-135.0374

G1X95.2720Y-189.8064

G1 Z0F20000

(Start Block)


G1X95.2720Y-189.8064
G1Z5F20000
(Plotting speed under)
G1 F4000


G1X127.2781Y-171.0760

G1X67.1150Y-165.2304

G1 Z0F20000

(Start Block)


G1X67.1150Y-165.2304
G1Z5F20000
(Plotting speed under)
G1 F4000


G1X95.2720Y-189.8064

G1X81.2689Y-130.6517

G1 Z0F20000

(Start Block)


G1X81.2689Y-130.6517
G1Z5F20000
(Plotting speed under)
G1 F4000


G1X67.1150Y-165.2304

G1X118.2566Y-133.0714

G1 Z0F20000

(Start Block)


G1X118.2566Y-133.0714
G1Z5F20000
(Plotting speed under)
G1 F4000


G1X81.2689Y-130.6517

G1X127.3337Y-168.8263

G1 Z0F20000

(Start Block)


G1X127.3337Y-168.8263
G1Z5F20000
(Plotting speed under)
G1 F4000


G1X118.2566Y-133.0714

G1X95.9750Y-188.6058

G1 Z0F20000

(Start Block)


G1X95.9750Y-188.6058
G1Z5F20000
(Plotting speed under)
G1 F4000


G1X127.3337Y-168.8263

G1X67.0266Y-164.9752

G1 Z0F20000

(Start Block)


G1X67.0266Y-164.9752
G1Z5F20000
(Plotting speed under)
G1 F4000


G1X95.9750Y-188.6058

G1X80.0339Y-129.9435

G1 Z0F20000

(Start Block)


G1X80.0339Y-129.9435
G1Z5F20000
(Plotting speed under)
G1 F4000


G1X67.0266Y-164.9752

G1X117.0899Y-131.1321

G1 Z0F20000

(Start Block)


G1X117.0899Y-131.1321
G1Z5F20000
(Plotting speed under)
G1 F4000


G1X80.0339Y-129.9435

G1X127.3567Y-166.5638

G1 Z0F20000

(Start Block)


G1X127.3567Y-166.5638
G1Z5F20000
(Plotting speed under)
G1 F4000


G1X117.0899Y-131.1321

G1X96.6801Y-187.3704

G1 Z0F20000

(Start Block)


G1X96.6801Y-187.3704
G1Z5F20000
(Plotting speed under)
G1 F4000


G1X127.3567Y-166.5638

G1X66.9720Y-164.7108

G1 Z0F20000

(Start Block)


G1X66.9720Y-164.7108
G1Z5F20000
(Plotting speed under)
G1 F4000


G1X96.6801Y-187.3704

G1X78.8181Y-129.2644

G1 Z0F20000

(Start Block)


G1X78.8181Y-129.2644
G1Z5F20000
(Plotting speed under)
G1 F4000


G1X66.9720Y-164.7108

G1X115.9017Y-129.2204

G1 Z0F20000

(Start Block)


G1X115.9017Y-129.2204
G1Z5F20000
(Plotting speed under)
G1 F4000


G1X78.8181Y-129.2644

G1X127.3469Y-164.2894

G1 Z0F20000

(Start Block)


G1X127.3469Y-164.2894
G1Z5F20000
(Plotting speed under)
G1 F4000


G1X115.9017Y-129.2204

G1X97.3858Y-186.1000

G1 Z0F20000

(Start Block)


G1X97.3858Y-186.1000
G1Z5F20000
(Plotting speed under)
G1 F4000


G1X127.3469Y-164.2894

G1X66.9507Y-164.4361

G1 Z0F20000

(Start Block)


G1X66.9507Y-164.4361
G1Z5F20000
(Plotting speed under)
G1 F4000


G1X97.3858Y-186.1000

G1X77.6227Y-128.6137

G1 Z0F20000

(Start Block)


G1X77.6227Y-128.6137
G1Z5F20000
(Plotting speed under)
G1 F4000


G1X66.9507Y-164.4361

G1X114.6928Y-127.3369

G1 Z0F20000

(Start Block)


G1X114.6928Y-127.3369
G1Z5F20000
(Plotting speed under)
G1 F4000


G1X77.6227Y-128.6137

G1X127.3037Y-162.0045

G1 Z0F20000

(Start Block)


G1X127.3037Y-162.0045
G1Z5F20000
(Plotting speed under)
G1 F4000


G1X114.6928Y-127.3369

G1X98.0913Y-184.7947

G1 Z0F20000

(Start Block)


G1X98.0913Y-184.7947
G1Z5F20000
(Plotting speed under)
G1 F4000


G1X127.3037Y-162.0045

G1X66.9625Y-164.1500

G1 Z0F20000

(Start Block)


G1X66.9625Y-164.1500
G1Z5F20000
(Plotting speed under)
G1 F4000


G1X98.0913Y-184.7947

G1X76.4485Y-127.9908

G1 Z0F20000

(Start Block)


G1X76.4485Y-127.9908
G1Z5F20000
(Plotting speed under)
G1 F4000


G1X66.9625Y-164.1500

G1X113.4643Y-125.4823

G1 Z0F20000

(Start Block)


G1X113.4643Y-125.4823
G1Z5F20000
(Plotting speed under)
G1 F4000


G1X76.4485Y-127.9908

G1X127.2269Y-159.7099

G1 Z0F20000

(Start Block)


G1X127.2269Y-159.7099
G1Z5F20000
(Plotting speed under)
G1 F4000


G1X113.4643Y-125.4823

G1X98.7952Y-183.4544

G1 Z0F20000

(Start Block)


G1X98.7952Y-183.4544
G1Z5F20000
(Plotting speed under)
G1 F4000


G1X127.2269Y-159.7099

G1X67.0070Y-163.8515

G1 Z0F20000

(Start Block)


G1X67.0070Y-163.8515
G1Z5F20000
(Plotting speed under)
G1 F4000


G1X98.7952Y-183.4544

G1X75.2965Y-127.3950

G1 Z0F20000

(Start Block)


G1X75.2965Y-127.3950
G1Z5F20000
(Plotting speed under)
G1 F4000


G1X67.0070Y-163.8515

G1X112.2170Y-123.6573

G1 Z0F20000

(Start Block)


G1X112.2170Y-123.6573
G1Z5F20000
(Plotting speed under)
G1 F4000


G1X75.2965Y-127.3950

G1X127.1162Y-157.4070

G1 Z0F20000

(Start Block)


G1X127.1162Y-157.4070
G1Z5F20000
(Plotting speed under)
G1 F4000


G1X112.2170Y-123.6573

G1X99.4963Y-182.0792

G1 Z0F20000

(Start Block)


G1X99.4963Y-182.0792
G1Z5F20000
(Plotting speed under)
G1 F4000


G1X127.1162Y-157.4070

G1X67.0837Y-163.5394

G1 Z0F20000

(Start Block)


G1X67.0837Y-163.5394
G1Z5F20000
(Plotting speed under)
G1 F4000


G1X99.4963Y-182.0792

G1X74.1675Y-126.8255

G1 Z0F20000

(Start Block)


G1X74.1675Y-126.8255
G1Z5F20000
(Plotting speed under)
G1 F4000


G1X67.0837Y-163.5394

G1X110.9521Y-121.8624

G1 Z0F20000

(Start Block)


G1X110.9521Y-121.8624
G1Z5F20000
(Plotting speed under)
G1 F4000


G1X74.1675Y-126.8255

G1X126.9712Y-155.0967

G1 Z0F20000

(Start Block)


G1X126.9712Y-155.0967
G1Z5F20000
(Plotting speed under)
G1 F4000


G1X110.9521Y-121.8624

G1X100.1937Y-180.6693

G1 Z0F20000

(Start Block)


G1X100.1937Y-180.6693
G1Z5F20000
(Plotting speed under)
G1 F4000


G1X126.9712Y-155.0967

G1X67.1922Y-163.2127

G1 Z0F20000

(Start Block)


G1X67.1922Y-163.2127
G1Z5F20000
(Plotting speed under)
G1 F4000


G1X100.1937Y-180.6693

G1X73.0623Y-126.2815

G1 Z0F20000

(Start Block)


G1X73.0623Y-126.2815
G1Z5F20000
(Plotting speed under)
G1 F4000


G1X67.1922Y-163.2127

G1X109.6705Y-120.0982

G1 Z0F20000

(Start Block)


G1X109.6705Y-120.0982
G1Z5F20000
(Plotting speed under)
G1 F4000


G1X73.0623Y-126.2815

G1X126.7919Y-152.7803

G1 Z0F20000

(Start Block)


G1X126.7919Y-152.7803
G1Z5F20000
(Plotting speed under)
G1 F4000


G1X109.6705Y-120.0982

G1X100.8860Y-179.2249

G1 Z0F20000

(Start Block)


G1X100.8860Y-179.2249
G1Z5F20000
(Plotting speed under)
G1 F4000


G1X126.7919Y-152.7803

G1X67.3319Y-162.8703

G1 Z0F20000

(Start Block)


G1X67.3319Y-162.8703
G1Z5F20000
(Plotting speed under)
G1 F4000


G1X100.8860Y-179.2249

G1X71.9819Y-125.7623

G1 Z0F20000

(Start Block)


G1X71.9819Y-125.7623
G1Z5F20000
(Plotting speed under)
G1 F4000


G1X67.3319Y-162.8703

G1X108.3732Y-118.3653

G1 Z0F20000

(Start Block)


G1X108.3732Y-118.3653
G1Z5F20000
(Plotting speed under)
G1 F4000


G1X71.9819Y-125.7623

G1X126.5780Y-150.4588

G1 Z0F20000

(Start Block)


G1X126.5780Y-150.4588
G1Z5F20000
(Plotting speed under)
G1 F4000


G1X108.3732Y-118.3653

G1X101.5721Y-177.7459

G1 Z0F20000

(Start Block)


G1X101.5721Y-177.7459
G1Z5F20000
(Plotting speed under)
G1 F4000


G1X126.5780Y-150.4588

G1X67.5023Y-162.5112

G1 Z0F20000

(Start Block)


G1X67.5023Y-162.5112
G1Z5F20000
(Plotting speed under)
G1 F4000


G1X101.5721Y-177.7459

G1X70.9270Y-125.2669

G1 Z0F20000

(Start Block)


G1X70.9270Y-125.2669
G1Z5F20000
(Plotting speed under)
G1 F4000


G1X67.5023Y-162.5112

G1X107.0612Y-116.6641

G1 Z0F20000

(Start Block)


G1X107.0612Y-116.6641
G1Z5F20000
(Plotting speed under)
G1 F4000


G1X70.9270Y-125.2669

G1X126.3293Y-148.1335

G1 Z0F20000

(Start Block)


G1X126.3293Y-148.1335
G1Z5F20000
(Plotting speed under)
G1 F4000


G1X107.0612Y-116.6641

G1X102.2510Y-176.2328

G1 Z0F20000

(Start Block)


G1X102.2510Y-176.2328
G1Z5F20000
(Plotting speed under)
G1 F4000


G1X126.3293Y-148.1335

G1X67.7029Y-162.1345

G1 Z0F20000

(Start Block)


G1X67.7029Y-162.1345
G1Z5F20000
(Plotting speed under)
G1 F4000


G1X102.2510Y-176.2328

G1X69.8984Y-124.7946

G1 Z0F20000

(Start Block)


G1X69.8984Y-124.7946
G1Z5F20000
(Plotting speed under)
G1 F4000


G1X67.7029Y-162.1345

G1X105.7358Y-114.9951

G1 Z0F20000

(Start Block)


G1X105.7358Y-114.9951
G1Z5F20000
(Plotting speed under)
G1 F4000


G1X69.8984Y-124.7946

G1X126.0457Y-145.8055

G1 Z0F20000

(Start Block)


G1X126.0457Y-145.8055
G1Z5F20000
(Plotting speed under)
G1 F4000


G1X105.7358Y-114.9951

G1X102.9215Y-174.6858

G1 Z0F20000

(Start Block)


G1X102.9215Y-174.6858
G1Z5F20000
(Plotting speed under)
G1 F4000


G1X126.0457Y-145.8055

G1X67.9331Y-161.7390

G1 Z0F20000

(Start Block)


G1X67.9331Y-161.7390
G1Z5F20000
(Plotting speed under)
G1 F4000


G1X102.9215Y-174.6858

G1X68.8968Y-124.3444

G1 Z0F20000

(Start Block)


G1X68.8968Y-124.3444
G1Z5F20000
(Plotting speed under)
G1 F4000


G1X67.9331Y-161.7390

G1X104.3978Y-113.3589

G1 Z0F20000

(Start Block)


G1X104.3978Y-113.3589
G1Z5F20000
(Plotting speed under)
G1 F4000


G1X68.8968Y-124.3444

G1X125.7273Y-143.4759

G1 Z0F20000

(Start Block)


G1X125.7273Y-143.4759
G1Z5F20000
(Plotting speed under)
G1 F4000


G1X104.3978Y-113.3589

G1X103.5824Y-173.1051

G1 Z0F20000

(Start Block)


G1X103.5824Y-173.1051
G1Z5F20000
(Plotting speed under)
G1 F4000


G1X125.7273Y-143.4759

G1X68.1921Y-161.3239

G1 Z0F20000

(Start Block)


G1X68.1921Y-161.3239
G1Z5F20000
(Plotting speed under)
G1 F4000


G1X103.5824Y-173.1051

G1X67.9230Y-123.9155

G1 Z0F20000

(Start Block)


G1X67.9230Y-123.9155
G1Z5F20000
(Plotting speed under)
G1 F4000


G1X68.1921Y-161.3239

G1X103.0484Y-111.7556

G1 Z0F20000

(Start Block)


G1X103.0484Y-111.7556
G1Z5F20000
(Plotting speed under)
G1 F4000


G1X67.9230Y-123.9155

G1X125.3738Y-141.1460

G1 Z0F20000

(Start Block)


G1X125.3738Y-141.1460
G1Z5F20000
(Plotting speed under)
G1 F4000


G1X103.0484Y-111.7556

G1X104.2327Y-171.4912

G1 Z0F20000

(Start Block)


G1X104.2327Y-171.4912
G1Z5F20000
(Plotting speed under)
G1 F4000


G1X125.3738Y-141.1460

G1X68.4794Y-160.8882

G1 Z0F20000

(Start Block)


G1X68.4794Y-160.8882
G1Z5F20000
(Plotting speed under)
G1 F4000


G1X104.2327Y-171.4912

G1X66.9777Y-123.5069

G1 Z0F20000

(Start Block)


G1X66.9777Y-123.5069
G1Z5F20000
(Plotting speed under)
G1 F4000


G1X68.4794Y-160.8882

G1X101.6887Y-110.1858

G1 Z0F20000

(Start Block)


G1X101.6887Y-110.1858
G1Z5F20000
(Plotting speed under)
G1 F4000


G1X66.9777Y-123.5069

G1X124.9855Y-138.8168

G1 Z0F20000

(Start Block)


G1X124.9855Y-138.8168
G1Z5F20000
(Plotting speed under)
G1 F4000


G1X101.6887Y-110.1858

G1X104.8712Y-169.8442

G1 Z0F20000

(Start Block)


G1X104.8712Y-169.8442
G1Z5F20000
(Plotting speed under)
G1 F4000


G1X124.9855Y-138.8168

G1X68.7943Y-160.4310

G1 Z0F20000

(Start Block)


G1X68.7943Y-160.4310
G1Z5F20000
(Plotting speed under)
G1 F4000


G1X104.8712Y-169.8442

G1X66.0616Y-123.1176

G1 Z0F20000

(Start Block)


G1X66.0616Y-123.1176
G1Z5F20000
(Plotting speed under)
G1 F4000


G1X68.7943Y-160.4310

G1X100.3199Y-108.6497

G1 Z0F20000

(Start Block)


G1X100.3199Y-108.6497
G1Z5F20000
(Plotting speed under)
G1 F4000


G1X66.0616Y-123.1176

G1X124.5622Y-136.4895

G1 Z0F20000

(Start Block)


G1X124.5622Y-136.4895
G1Z5F20000
(Plotting speed under)
G1 F4000


G1X100.3199Y-108.6497

G1X105.4969Y-168.1648

G1 Z0F20000

(Start Block)


G1X105.4969Y-168.1648
G1Z5F20000
(Plotting speed under)
G1 F4000


G1X124.5622Y-136.4895

G1X69.1359Y-159.9513

G1 Z0F20000

(Start Block)


G1X69.1359Y-159.9513
G1Z5F20000
(Plotting speed under)
G1 F4000


G1X105.4969Y-168.1648

G1X65.1751Y-122.7467

G1 Z0F20000

(Start Block)


G1X65.1751Y-122.7467
G1Z5F20000
(Plotting speed under)
G1 F4000


G1X69.1359Y-159.9513

G1X98.9430Y-107.1477

G1 Z0F20000

(Start Block)


G1X98.9430Y-107.1477
G1Z5F20000
(Plotting speed under)
G1 F4000


G1X65.1751Y-122.7467

G1X124.1041Y-134.1654

G1 Z0F20000

(Start Block)


G1X124.1041Y-134.1654
G1Z5F20000
(Plotting speed under)
G1 F4000


G1X98.9430Y-107.1477

G1X106.1086Y-166.4533

G1 Z0F20000

(Start Block)


G1X106.1086Y-166.4533
G1Z5F20000
(Plotting speed under)
G1 F4000


G1X124.1041Y-134.1654

G1X69.5036Y-159.4483

G1 Z0F20000

(Start Block)


G1X69.5036Y-159.4483
G1Z5F20000
(Plotting speed under)
G1 F4000


G1X106.1086Y-166.4533

G1X64.3190Y-122.3931

G1 Z0F20000

(Start Block)


G1X64.3190Y-122.3931
G1Z5F20000
(Plotting speed under)
G1 F4000


G1X69.5036Y-159.4483

G1X97.5592Y-105.6799

G1 Z0F20000

(Start Block)


G1X97.5592Y-105.6799
G1Z5F20000
(Plotting speed under)
G1 F4000


G1X64.3190Y-122.3931

G1X123.6112Y-131.8454

G1 Z0F20000

(Start Block)


G1X123.6112Y-131.8454
G1Z5F20000
(Plotting speed under)
G1 F4000


G1X97.5592Y-105.6799

G1X106.7055Y-164.7102

G1 Z0F20000

(Start Block)


G1X106.7055Y-164.7102
G1Z5F20000
(Plotting speed under)
G1 F4000


G1X123.6112Y-131.8454

G1X69.8966Y-158.9211

G1 Z0F20000

(Start Block)


G1X69.8966Y-158.9211
G1Z5F20000
(Plotting speed under)
G1 F4000


G1X106.7055Y-164.7102

G1X63.4938Y-122.0559

G1 Z0F20000

(Start Block)


G1X63.4938Y-122.0559
G1Z5F20000
(Plotting speed under)
G1 F4000


G1X69.8966Y-158.9211

G1X96.1696Y-104.2466

G1 Z0F20000

(Start Block)


G1X96.1696Y-104.2466
G1Z5F20000
(Plotting speed under)
G1 F4000


G1X63.4938Y-122.0559

G1X123.0839Y-129.5309

G1 Z0F20000

(Start Block)


G1X123.0839Y-129.5309
G1Z5F20000
(Plotting speed under)
G1 F4000


G1X96.1696Y-104.2466

G1X107.2863Y-162.9360

G1 Z0F20000

(Start Block)


G1X107.2863Y-162.9360
G1Z5F20000
(Plotting speed under)
G1 F4000


G1X123.0839Y-129.5309

G1X70.3140Y-158.3690

G1 Z0F20000

(Start Block)


G1X70.3140Y-158.3690
G1Z5F20000
(Plotting speed under)
G1 F4000


G1X107.2863Y-162.9360

G1X62.7000Y-121.7340

G1 Z0F20000

(Start Block)


G1X62.7000Y-121.7340
G1Z5F20000
(Plotting speed under)
G1 F4000


G1X70.3140Y-158.3690

G1X94.7753Y-102.8479

G1 Z0F20000

(Start Block)


G1X94.7753Y-102.8479
G1Z5F20000
(Plotting speed under)
G1 F4000


G1X62.7000Y-121.7340

G1X122.5222Y-127.2228

G1 Z0F20000

(Start Block)


G1X122.5222Y-127.2228
G1Z5F20000
(Plotting speed under)
G1 F4000


G1X94.7753Y-102.8479

G1X107.8500Y-161.1313

G1 Z0F20000

(Start Block)


G1X107.8500Y-161.1313
G1Z5F20000
(Plotting speed under)
G1 F4000


G1X122.5222Y-127.2228

G1X70.7551Y-157.7910

G1 Z0F20000

(Start Block)


G1X70.7551Y-157.7910
G1Z5F20000
(Plotting speed under)
G1 F4000


G1X107.8500Y-161.1313

G1X61.9382Y-121.4264

G1 Z0F20000

(Start Block)


G1X61.9382Y-121.4264
G1Z5F20000
(Plotting speed under)
G1 F4000


G1X70.7551Y-157.7910

G1X93.3776Y-101.4840

G1 Z0F20000

(Start Block)


G1X93.3776Y-101.4840
G1Z5F20000
(Plotting speed under)
G1 F4000


G1X61.9382Y-121.4264

G1X121.9263Y-124.9225

G1 Z0F20000

(Start Block)


G1X121.9263Y-124.9225
G1Z5F20000
(Plotting speed under)
G1 F4000


G1X93.3776Y-101.4840

G1X108.3958Y-159.2967

G1 Z0F20000

(Start Block)


G1X108.3958Y-159.2967
G1Z5F20000
(Plotting speed under)
G1 F4000


G1X121.9263Y-124.9225

G1X71.2188Y-157.1866

G1 Z0F20000

(Start Block)


G1X71.2188Y-157.1866
G1Z5F20000
(Plotting speed under)
G1 F4000


G1X108.3958Y-159.2967

G1X61.2087Y-121.1321

G1 Z0F20000

(Start Block)


G1X61.2087Y-121.1321
G1Z5F20000
(Plotting speed under)
G1 F4000


G1X71.2188Y-157.1866

G1X91.9776Y-100.1550

G1 Z0F20000

(Start Block)


G1X91.9776Y-100.1550
G1Z5F20000
(Plotting speed under)
G1 F4000


G1X61.2087Y-121.1321

G1X121.2967Y-122.6309

G1 Z0F20000

(Start Block)


G1X121.2967Y-122.6309
G1Z5F20000
(Plotting speed under)
G1 F4000


G1X91.9776Y-100.1550

G1X108.9225Y-157.4326

G1 Z0F20000

(Start Block)


G1X108.9225Y-157.4326
G1Z5F20000
(Plotting speed under)
G1 F4000


G1X121.2967Y-122.6309

G1X71.7045Y-156.5548

G1 Z0F20000

(Start Block)


G1X71.7045Y-156.5548
G1Z5F20000
(Plotting speed under)
G1 F4000


G1X108.9225Y-157.4326

G1X60.5120Y-120.8498

G1 Z0F20000

(Start Block)


G1X60.5120Y-120.8498
G1Z5F20000
(Plotting speed under)
G1 F4000


G1X71.7045Y-156.5548

G1X90.5763Y-98.8610

G1 Z0F20000

(Start Block)


G1X90.5763Y-98.8610
G1Z5F20000
(Plotting speed under)
G1 F4000


G1X60.5120Y-120.8498

G1X120.6335Y-120.3492

G1 Z0F20000

(Start Block)


G1X120.6335Y-120.3492
G1Z5F20000
(Plotting speed under)
G1 F4000


G1X90.5763Y-98.8610

G1X109.4293Y-155.5399

G1 Z0F20000

(Start Block)


G1X109.4293Y-155.5399
G1Z5F20000
(Plotting speed under)
G1 F4000


G1X120.6335Y-120.3492

G1X72.2110Y-155.8950

G1 Z0F20000

(Start Block)


G1X72.2110Y-155.8950
G1Z5F20000
(Plotting speed under)
G1 F4000


G1X109.4293Y-155.5399

G1X59.8485Y-120.5786

G1 Z0F20000

(Start Block)


G1X59.8485Y-120.5786
G1Z5F20000
(Plotting speed under)
G1 F4000


G1X72.2110Y-155.8950

G1X89.1751Y-97.6019

G1 Z0F20000

(Start Block)


G1X89.1751Y-97.6019
G1Z5F20000
(Plotting speed under)
G1 F4000


G1X59.8485Y-120.5786

G1X119.9371Y-118.0786

G1 Z0F20000

(Start Block)


G1X119.9371Y-118.0786
G1Z5F20000
(Plotting speed under)
G1 F4000


G1X89.1751Y-97.6019

G1X109.9151Y-153.6193

G1 Z0F20000

(Start Block)


G1X109.9151Y-153.6193
G1Z5F20000
(Plotting speed under)
G1 F4000


G1X119.9371Y-118.0786

G1X72.7375Y-155.2065

G1 Z0F20000

(Start Block)


G1X72.7375Y-155.2065
G1Z5F20000
(Plotting speed under)
G1 F4000


G1X109.9151Y-153.6193

G1X59.2185Y-120.3173

G1 Z0F20000

(Start Block)


G1X59.2185Y-120.3173
G1Z5F20000
(Plotting speed under)
G1 F4000


G1X72.7375Y-155.2065

G1X87.7751Y-96.3778

G1 Z0F20000

(Start Block)


G1X87.7751Y-96.3778
G1Z5F20000
(Plotting speed under)
G1 F4000


G1X59.2185Y-120.3173

G1X119.2080Y-115.8201

G1 Z0F20000

(Start Block)


G1X119.2080Y-115.8201
G1Z5F20000
(Plotting speed under)
G1 F4000


G1X87.7751Y-96.3778

G1X110.3791Y-151.6712

G1 Z0F20000

(Start Block)


G1X110.3791Y-151.6712
G1Z5F20000
(Plotting speed under)
G1 F4000


G1X119.2080Y-115.8201

G1X73.2831Y-154.4887

G1 Z0F20000

(Start Block)


G1X73.2831Y-154.4887
G1Z5F20000
(Plotting speed under)
G1 F4000


G1X110.3791Y-151.6712

G1X58.6223Y-120.0648

G1 Z0F20000

(Start Block)


G1X58.6223Y-120.0648
G1Z5F20000
(Plotting speed under)
G1 F4000


G1X73.2831Y-154.4887

G1X86.3773Y-95.1885

G1 Z0F20000

(Start Block)


G1X86.3773Y-95.1885
G1Z5F20000
(Plotting speed under)
G1 F4000


G1X58.6223Y-120.0648

G1X118.4464Y-113.5748

G1 Z0F20000

(Start Block)


G1X118.4464Y-113.5748
G1Z5F20000
(Plotting speed under)
G1 F4000


G1X86.3773Y-95.1885

G1X110.8204Y-149.6966

G1 Z0F20000

(Start Block)


G1X110.8204Y-149.6966
G1Z5F20000
(Plotting speed under)
G1 F4000


G1X118.4464Y-113.5748

G1X73.8467Y-153.7409

G1 Z0F20000

(Start Block)


G1X73.8467Y-153.7409
G1Z5F20000
(Plotting speed under)
G1 F4000


G1X110.8204Y-149.6966

G1X58.0603Y-119.8199

G1 Z0F20000

(Start Block)


G1X58.0603Y-119.8199
G1Z5F20000
(Plotting speed under)
G1 F4000


G1X73.8467Y-153.7409

G1X84.9830Y-94.0341

G1 Z0F20000

(Start Block)


G1X84.9830Y-94.0341
G1Z5F20000
(Plotting speed under)
G1 F4000


G1X58.0603Y-119.8199

G1X117.6529Y-111.3437

G1 Z0F20000

(Start Block)


G1X117.6529Y-111.3437
G1Z5F20000
(Plotting speed under)
G1 F4000


G1X84.9830Y-94.0341

G1X111.2380Y-147.6963

G1 Z0F20000

(Start Block)


G1X111.2380Y-147.6963
G1Z5F20000
(Plotting speed under)
G1 F4000


G1X117.6529Y-111.3437

G1X74.4274Y-152.9626

G1 Z0F20000

(Start Block)


G1X74.4274Y-152.9626
G1Z5F20000
(Plotting speed under)
G1 F4000


G1X111.2380Y-147.6963

G1X57.5326Y-119.5817

G1 Z0F20000

(Start Block)


G1X57.5326Y-119.5817
G1Z5F20000
(Plotting speed under)
G1 F4000


G1X74.4274Y-152.9626

G1X83.5934Y-92.9143

G1 Z0F20000

(Start Block)


G1X83.5934Y-92.9143
G1Z5F20000
(Plotting speed under)
G1 F4000


G1X57.5326Y-119.5817

G1X116.8281Y-109.1280

G1 Z0F20000

(Start Block)


G1X116.8281Y-109.1280
G1Z5F20000
(Plotting speed under)
G1 F4000


G1X83.5934Y-92.9143

G1X111.6312Y-145.6709

G1 Z0F20000

(Start Block)


G1X111.6312Y-145.6709
G1Z5F20000
(Plotting speed under)
G1 F4000


G1X116.8281Y-109.1280

G1X75.0240Y-152.1533

G1 Z0F20000

(Start Block)


G1X75.0240Y-152.1533
G1Z5F20000
(Plotting speed under)
G1 F4000


G1X111.6312Y-145.6709

G1X57.0394Y-119.3488

G1 Z0F20000

(Start Block)


G1X57.0394Y-119.3488
G1Z5F20000
(Plotting speed under)
G1 F4000


G1X75.0240Y-152.1533

G1X82.2095Y-91.8289

G1 Z0F20000

(Start Block)


G1X82.2095Y-91.8289
G1Z5F20000
(Plotting speed under)
G1 F4000


G1X57.0394Y-119.3488

G1X115.9723Y-106.9286

G1 Z0F20000

(Start Block)


G1X115.9723Y-106.9286
G1Z5F20000
(Plotting speed under)
G1 F4000


G1X82.2095Y-91.8289

G1X111.9992Y-143.6214

G1 Z0F20000

(Start Block)


G1X111.9992Y-143.6214
G1Z5F20000
(Plotting speed under)
G1 F4000


G1X115.9723Y-106.9286

G1X75.6356Y-151.3123

G1 Z0F20000

(Start Block)


G1X75.6356Y-151.3123
G1Z5F20000
(Plotting speed under)
G1 F4000


G1X111.9992Y-143.6214

G1X56.5809Y-119.1201

G1 Z0F20000

(Start Block)


G1X56.5809Y-119.1201
G1Z5F20000
(Plotting speed under)
G1 F4000


G1X75.6356Y-151.3123

G1X80.8325Y-90.7779

G1 Z0F20000

(Start Block)


G1X80.8325Y-90.7779
G1Z5F20000
(Plotting speed under)
G1 F4000


G1X56.5809Y-119.1201

G1X115.0861Y-104.7465

G1 Z0F20000

(Start Block)


G1X115.0861Y-104.7465
G1Z5F20000
(Plotting speed under)
G1 F4000


G1X80.8325Y-90.7779

G1X112.3411Y-141.5485

G1 Z0F20000

(Start Block)


G1X112.3411Y-141.5485
G1Z5F20000
(Plotting speed under)
G1 F4000


G1X115.0861Y-104.7465

G1X76.2612Y-150.4393

G1 Z0F20000

(Start Block)


G1X76.2612Y-150.4393
G1Z5F20000
(Plotting speed under)
G1 F4000


G1X112.3411Y-141.5485

G1X56.1573Y-118.8946

G1 Z0F20000

(Start Block)


G1X56.1573Y-118.8946
G1Z5F20000
(Plotting speed under)
G1 F4000


G1X76.2612Y-150.4393

G1X79.4636Y-89.7608

G1 Z0F20000

(Start Block)


G1X79.4636Y-89.7608
G1Z5F20000
(Plotting speed under)
G1 F4000


G1X56.1573Y-118.8946

G1X114.1702Y-102.5828

G1 Z0F20000

(Start Block)


G1X114.1702Y-102.5828
G1Z5F20000
(Plotting speed under)
G1 F4000


G1X79.4636Y-89.7608

G1X112.6562Y-139.4532

G1 Z0F20000

(Start Block)


G1X112.6562Y-139.4532
G1Z5F20000
(Plotting speed under)
G1 F4000


G1X114.1702Y-102.5828

G1X76.8996Y-149.5337

G1 Z0F20000

(Start Block)


G1X76.8996Y-149.5337
G1Z5F20000
(Plotting speed under)
G1 F4000


G1X112.6562Y-139.4532

G1X55.7686Y-118.6710

G1 Z0F20000

(Start Block)


G1X55.7686Y-118.6710
G1Z5F20000
(Plotting speed under)
G1 F4000


G1X76.8996Y-149.5337

G1X78.1039Y-88.7775

G1 Z0F20000

(Start Block)


G1X78.1039Y-88.7775
G1Z5F20000
(Plotting speed under)
G1 F4000


G1X55.7686Y-118.6710

G1X113.2252Y-100.4385

G1 Z0F20000

(Start Block)


G1X113.2252Y-100.4385
G1Z5F20000
(Plotting speed under)
G1 F4000


G1X78.1039Y-88.7775

G1X112.9438Y-137.3363

G1 Z0F20000

(Start Block)


G1X112.9438Y-137.3363
G1Z5F20000
(Plotting speed under)
G1 F4000


G1X113.2252Y-100.4385

G1X77.5497Y-148.5952

G1 Z0F20000

(Start Block)


G1X77.5497Y-148.5952
G1Z5F20000
(Plotting speed under)
G1 F4000


G1X112.9438Y-137.3363

G1X55.4148Y-118.4482

G1 Z0F20000

(Start Block)


G1X55.4148Y-118.4482
G1Z5F20000
(Plotting speed under)
G1 F4000


G1X77.5497Y-148.5952

G1X76.7543Y-87.8277

G1 Z0F20000

(Start Block)


G1X76.7543Y-87.8277
G1Z5F20000
(Plotting speed under)
G1 F4000


G1X55.4148Y-118.4482

G1X112.2517Y-98.3145

G1 Z0F20000

(Start Block)


G1X112.2517Y-98.3145
G1Z5F20000
(Plotting speed under)
G1 F4000


G1X76.7543Y-87.8277

G1X113.2032Y-135.1989

G1 Z0F20000

(Start Block)


G1X113.2032Y-135.1989
G1Z5F20000
(Plotting speed under)
G1 F4000


G1X112.2517Y-98.3145

G1X78.2106Y-147.6235

G1 Z0F20000

(Start Block)


G1X78.2106Y-147.6235
G1Z5F20000
(Plotting speed under)
G1 F4000


G1X113.2032Y-135.1989

G1X55.0960Y-118.2250

G1 Z0F20000

(Start Block)


G1X55.0960Y-118.2250
G1Z5F20000
(Plotting speed under)
G1 F4000


G1X78.2106Y-147.6235

G1X75.4163Y-86.9109

G1 Z0F20000

(Start Block)


G1X75.4163Y-86.9109
G1Z5F20000
(Plotting speed under)
G1 F4000


G1X55.0960Y-118.2250

G1X111.2504Y-96.2117

G1 Z0F20000

(Start Block)


G1X111.2504Y-96.2117
G1Z5F20000
(Plotting speed under)
G1 F4000


G1X75.4163Y-86.9109

G1X113.4336Y-133.0417

G1 Z0F20000

(Start Block)


G1X113.4336Y-133.0417
G1Z5F20000
(Plotting speed under)
G1 F4000


G1X111.2504Y-96.2117

G1X78.8809Y-146.6181

G1 Z0F20000

(Start Block)


G1X78.8809Y-146.6181
G1Z5F20000
(Plotting speed under)
G1 F4000


G1X113.4336Y-133.0417

G1X54.8121Y-118.0002

G1 Z0F20000

(Start Block)


G1X54.8121Y-118.0002
G1Z5F20000
(Plotting speed under)
G1 F4000


G1X78.8809Y-146.6181

G1X74.0906Y-86.0267

G1 Z0F20000

(Start Block)


G1X74.0906Y-86.0267
G1Z5F20000
(Plotting speed under)
G1 F4000


G1X54.8121Y-118.0002

G1X110.2221Y-94.1310

G1 Z0F20000

(Start Block)


G1X110.2221Y-94.1310
G1Z5F20000
(Plotting speed under)
G1 F4000


G1X74.0906Y-86.0267

G1X113.6345Y-130.8659

G1 Z0F20000

(Start Block)


G1X113.6345Y-130.8659
G1Z5F20000
(Plotting speed under)
G1 F4000


G1X110.2221Y-94.1310

G1X79.5597Y-145.5787

G1 Z0F20000

(Start Block)


G1X79.5597Y-145.5787
G1Z5F20000
(Plotting speed under)
G1 F4000


G1X113.6345Y-130.8659

G1X54.5630Y-117.7728

G1 Z0F20000

(Start Block)


G1X54.5630Y-117.7728
G1Z5F20000
(Plotting speed under)
G1 F4000


G1X79.5597Y-145.5787

G1X72.7785Y-85.1748

G1 Z0F20000

(Start Block)


G1X72.7785Y-85.1748
G1Z5F20000
(Plotting speed under)
G1 F4000


G1X54.5630Y-117.7728

G1X109.1675Y-92.0733

G1 Z0F20000

(Start Block)


G1X109.1675Y-92.0733
G1Z5F20000
(Plotting speed under)
G1 F4000


G1X72.7785Y-85.1748

G1X113.8052Y-128.6723

G1 Z0F20000

(Start Block)


G1X113.8052Y-128.6723
G1Z5F20000
(Plotting speed under)
G1 F4000


G1X109.1675Y-92.0733

G1X80.2458Y-144.5052

G1 Z0F20000

(Start Block)


G1X80.2458Y-144.5052
G1Z5F20000
(Plotting speed under)
G1 F4000


G1X113.8052Y-128.6723

G1X54.3488Y-117.5415

G1 Z0F20000

(Start Block)


G1X54.3488Y-117.5415
G1Z5F20000
(Plotting speed under)
G1 F4000


G1X80.2458Y-144.5052

G1X71.4811Y-84.3546

G1 Z0F20000

(Start Block)


G1X71.4811Y-84.3546
G1Z5F20000
(Plotting speed under)
G1 F4000


G1X54.3488Y-117.5415

G1X108.0873Y-90.0395

G1 Z0F20000

(Start Block)


G1X108.0873Y-90.0395
G1Z5F20000
(Plotting speed under)
G1 F4000


G1X71.4811Y-84.3546

G1X113.9453Y-126.4621

G1 Z0F20000

(Start Block)


G1X113.9453Y-126.4621
G1Z5F20000
(Plotting speed under)
G1 F4000


G1X108.0873Y-90.0395

G1X80.9381Y-143.3973

G1 Z0F20000

(Start Block)


G1X80.9381Y-143.3973
G1Z5F20000
(Plotting speed under)
G1 F4000


G1X113.9453Y-126.4621

G1X54.1691Y-117.3052

G1 Z0F20000

(Start Block)


G1X54.1691Y-117.3052
G1Z5F20000
(Plotting speed under)
G1 F4000


G1X80.9381Y-143.3973

G1X70.1993Y-83.5657

G1 Z0F20000

(Start Block)


G1X70.1993Y-83.5657
G1Z5F20000
(Plotting speed under)
G1 F4000


G1X54.1691Y-117.3052

G1X106.9824Y-88.0305

G1 Z0F20000

(Start Block)


G1X106.9824Y-88.0305
G1Z5F20000
(Plotting speed under)
G1 F4000


G1X70.1993Y-83.5657

G1X114.0540Y-124.2362

G1 Z0F20000

(Start Block)


G1X114.0540Y-124.2362
G1Z5F20000
(Plotting speed under)
G1 F4000


G1X106.9824Y-88.0305

G1X81.6354Y-142.2547

G1 Z0F20000

(Start Block)


G1X81.6354Y-142.2547
G1Z5F20000
(Plotting speed under)
G1 F4000


G1X114.0540Y-124.2362

G1X54.0238Y-117.0628

G1 Z0F20000

(Start Block)


G1X54.0238Y-117.0628
G1Z5F20000
(Plotting speed under)
G1 F4000


G1X81.6354Y-142.2547

G1X68.9342Y-82.8075

G1 Z0F20000

(Start Block)


G1X68.9342Y-82.8075
G1Z5F20000
(Plotting speed under)
G1 F4000


G1X54.0238Y-117.0628

G1X105.8536Y-86.0470

G1 Z0F20000

(Start Block)


G1X105.8536Y-86.0470
G1Z5F20000
(Plotting speed under)
G1 F4000


G1X68.9342Y-82.8075

G1X114.1310Y-121.9956

G1 Z0F20000

(Start Block)


G1X114.1310Y-121.9956
G1Z5F20000
(Plotting speed under)
G1 F4000


G1X105.8536Y-86.0470

G1X82.3365Y-141.0774

G1 Z0F20000

(Start Block)


G1X82.3365Y-141.0774
G1Z5F20000
(Plotting speed under)
G1 F4000


G1X114.1310Y-121.9956

G1X53.9127Y-116.8130

G1 Z0F20000

(Start Block)


G1X53.9127Y-116.8130
G1Z5F20000
(Plotting speed under)
G1 F4000


G1X82.3365Y-141.0774

G1X67.6868Y-82.0795

G1 Z0F20000

(Start Block)


G1X67.6868Y-82.0795
G1Z5F20000
(Plotting speed under)
G1 F4000


G1X53.9127Y-116.8130

G1X104.7018Y-84.0897

G1 Z0F20000

(Start Block)


G1X104.7018Y-84.0897
G1Z5F20000
(Plotting speed under)
G1 F4000


G1X67.6868Y-82.0795

G1X114.1759Y-119.7415

G1 Z0F20000

(Start Block)


G1X114.1759Y-119.7415
G1Z5F20000
(Plotting speed under)
G1 F4000


G1X104.7018Y-84.0897

G1X83.0404Y-139.8653

G1 Z0F20000

(Start Block)


G1X83.0404Y-139.8653
G1Z5F20000
(Plotting speed under)
G1 F4000


G1X114.1759Y-119.7415

G1X53.8356Y-116.5549

G1 Z0F20000

(Start Block)


G1X53.8356Y-116.5549
G1Z5F20000
(Plotting speed under)
G1 F4000


G1X83.0404Y-139.8653

G1X66.4581Y-81.3810

G1 Z0F20000

(Start Block)


G1X66.4581Y-81.3810
G1Z5F20000
(Plotting speed under)
G1 F4000


G1X53.8356Y-116.5549

G1X103.5278Y-82.1595

G1 Z0F20000

(Start Block)


G1X103.5278Y-82.1595
G1Z5F20000
(Plotting speed under)
G1 F4000


G1X66.4581Y-81.3810

G1X114.1880Y-117.4749

G1 Z0F20000

(Start Block)


G1X114.1880Y-117.4749
G1Z5F20000
(Plotting speed under)
G1 F4000


G1X103.5278Y-82.1595

G1X83.7458Y-138.6182

G1 Z0F20000

(Start Block)


G1X83.7458Y-138.6182
G1Z5F20000
(Plotting speed under)
G1 F4000


G1X114.1880Y-117.4749

G1X53.7921Y-116.2872

G1 Z0F20000

(Start Block)


G1X53.7921Y-116.2872
G1Z5F20000
(Plotting speed under)
G1 F4000


G1X83.7458Y-138.6182

G1X65.2490Y-80.7114

G1 Z0F20000

(Start Block)


G1X65.2490Y-80.7114
G1Z5F20000
(Plotting speed under)
G1 F4000


G1X53.7921Y-116.2872

G1X102.3326Y-80.2572

G1 Z0F20000

(Start Block)


G1X102.3326Y-80.2572
G1Z5F20000
(Plotting speed under)
G1 F4000


G1X65.2490Y-80.7114

G1X114.1671Y-115.1969

G1 Z0F20000

(Start Block)


G1X114.1671Y-115.1969
G1Z5F20000
(Plotting speed under)
G1 F4000


G1X102.3326Y-80.2572

G1X84.4516Y-137.3362

G1 Z0F20000

(Start Block)


G1X84.4516Y-137.3362
G1Z5F20000
(Plotting speed under)
G1 F4000


G1X114.1671Y-115.1969

G1X53.7819Y-116.0088

G1 Z0F20000

(Start Block)


G1X53.7819Y-116.0088
G1Z5F20000
(Plotting speed under)
G1 F4000


G1X84.4516Y-137.3362

G1X64.0605Y-80.0701

G1 Z0F20000

(Start Block)


G1X64.0605Y-80.0701
G1Z5F20000
(Plotting speed under)
G1 F4000


G1X53.7819Y-116.0088

G1X101.1171Y-78.3832

G1 Z0F20000

(Start Block)


G1X101.1171Y-78.3832
G1Z5F20000
(Plotting speed under)
G1 F4000


G1X64.0605Y-80.0701

G1X114.1128Y-112.9086

G1 Z0F20000

(Start Block)


G1X114.1128Y-112.9086
G1Z5F20000
(Plotting speed under)
G1 F4000


G1X101.1171Y-78.3832

G1X85.1566Y-136.0192

G1 Z0F20000

(Start Block)


G1X85.1566Y-136.0192
G1Z5F20000
(Plotting speed under)
G1 F4000


G1X114.1128Y-112.9086

G1X53.8046Y-115.7188

G1 Z0F20000

(Start Block)


G1X53.8046Y-115.7188
G1Z5F20000
(Plotting speed under)
G1 F4000


G1X85.1566Y-136.0192

G1X62.8936Y-79.4563

G1 Z0F20000

(Start Block)


G1X62.8936Y-79.4563
G1Z5F20000
(Plotting speed under)
G1 F4000


G1X53.8046Y-115.7188

G1X99.8822Y-76.5384

G1 Z0F20000

(Start Block)


G1X99.8822Y-76.5384
G1Z5F20000
(Plotting speed under)
G1 F4000


G1X62.8936Y-79.4563

G1X114.0247Y-110.6112

G1 Z0F20000

(Start Block)


G1X114.0247Y-110.6112
G1Z5F20000
(Plotting speed under)
G1 F4000


G1X99.8822Y-76.5384

G1X85.8597Y-134.6673

G1 Z0F20000

(Start Block)


G1X85.8597Y-134.6673
G1Z5F20000
(Plotting speed under)
G1 F4000


G1X114.0247Y-110.6112

G1X53.8599Y-115.4158

G1 Z0F20000

(Start Block)


G1X53.8599Y-115.4158
G1Z5F20000
(Plotting speed under)
G1 F4000


G1X85.8597Y-134.6673

G1X61.7491Y-78.8693

G1 Z0F20000

(Start Block)


G1X61.7491Y-78.8693
G1Z5F20000
(Plotting speed under)
G1 F4000


G1X53.8599Y-115.4158

G1X98.6290Y-74.7233

G1 Z0F20000

(Start Block)


G1X98.6290Y-74.7233
G1Z5F20000
(Plotting speed under)
G1 F4000


G1X61.7491Y-78.8693

G1X113.9026Y-108.3057

G1 Z0F20000

(Start Block)


G1X113.9026Y-108.3057
G1Z5F20000
(Plotting speed under)
G1 F4000


G1X98.6290Y-74.7233

G1X86.5598Y-133.2806

G1 Z0F20000

(Start Block)


G1X86.5598Y-133.2806
G1Z5F20000
(Plotting speed under)
G1 F4000


G1X113.9026Y-108.3057

G1X53.9472Y-115.0990

G1 Z0F20000

(Start Block)


G1X53.9472Y-115.0990
G1Z5F20000
(Plotting speed under)
G1 F4000


G1X86.5598Y-133.2806

G1X60.6280Y-78.3084

G1 Z0F20000

(Start Block)


G1X60.6280Y-78.3084
G1Z5F20000
(Plotting speed under)
G1 F4000


G1X53.9472Y-115.0990

G1X97.3584Y-72.9386

G1 Z0F20000

(Start Block)


G1X97.3584Y-72.9386
G1Z5F20000
(Plotting speed under)
G1 F4000


G1X60.6280Y-78.3084

G1X113.7463Y-105.9932

G1 Z0F20000

(Start Block)


G1X113.7463Y-105.9932
G1Z5F20000
(Plotting speed under)
G1 F4000


G1X97.3584Y-72.9386

G1X87.2555Y-131.8592

G1 Z0F20000

(Start Block)


G1X87.2555Y-131.8592
G1Z5F20000
(Plotting speed under)
G1 F4000


G1X113.7463Y-105.9932

G1X54.0661Y-114.7672

G1 Z0F20000

(Start Block)


G1X54.0661Y-114.7672
G1Z5F20000
(Plotting speed under)
G1 F4000


G1X87.2555Y-131.8592

G1X59.5309Y-77.7727

G1 Z0F20000

(Start Block)


G1X59.5309Y-77.7727
G1Z5F20000
(Plotting speed under)
G1 F4000


G1X54.0661Y-114.7672

G1X96.0715Y-71.1847

G1 Z0F20000

(Start Block)


G1X96.0715Y-71.1847
G1Z5F20000
(Plotting speed under)
G1 F4000


G1X59.5309Y-77.7727

G1X113.5554Y-103.6750

G1 Z0F20000

(Start Block)


G1X113.5554Y-103.6750
G1Z5F20000
(Plotting speed under)
G1 F4000


G1X96.0715Y-71.1847

G1X87.9459Y-130.4032

G1 Z0F20000

(Start Block)


G1X87.9459Y-130.4032
G1Z5F20000
(Plotting speed under)
G1 F4000


G1X113.5554Y-103.6750

G1X54.2161Y-114.4194

G1 Z0F20000

(Start Block)


G1X54.2161Y-114.4194
G1Z5F20000
(Plotting speed under)
G1 F4000


G1X87.9459Y-130.4032

G1X58.4589Y-77.2615

G1 Z0F20000

(Start Block)


G1X58.4589Y-77.2615
G1Z5F20000
(Plotting speed under)
G1 F4000


G1X54.2161Y-114.4194

G1X94.7691Y-69.4623

G1 Z0F20000

(Start Block)


G1X94.7691Y-69.4623
G1Z5F20000
(Plotting speed under)
G1 F4000


G1X58.4589Y-77.2615

G1X113.3300Y-101.3521

G1 Z0F20000

(Start Block)


G1X113.3300Y-101.3521
G1Z5F20000
(Plotting speed under)
G1 F4000


G1X94.7691Y-69.4623

G1X88.6298Y-128.9129

G1 Z0F20000

(Start Block)


G1X88.6298Y-128.9129
G1Z5F20000
(Plotting speed under)
G1 F4000


G1X113.3300Y-101.3521

G1X54.3967Y-114.0545

G1 Z0F20000

(Start Block)


G1X54.3967Y-114.0545
G1Z5F20000
(Plotting speed under)
G1 F4000


G1X88.6298Y-128.9129

G1X57.4127Y-76.7739

G1 Z0F20000

(Start Block)


G1X57.4127Y-76.7739
G1Z5F20000
(Plotting speed under)
G1 F4000


G1X54.3967Y-114.0545

G1X93.4526Y-67.7718

G1 Z0F20000

(Start Block)


G1X93.4526Y-67.7718
G1Z5F20000
(Plotting speed under)
G1 F4000


G1X57.4127Y-76.7739

G1X113.0697Y-99.0258

G1 Z0F20000

(Start Block)


G1X113.0697Y-99.0258
G1Z5F20000
(Plotting speed under)
G1 F4000


G1X93.4526Y-67.7718

G1X89.3060Y-127.3885

G1 Z0F20000

(Start Block)


G1X89.3060Y-127.3885
G1Z5F20000
(Plotting speed under)
G1 F4000


G1X113.0697Y-99.0258

G1X54.6072Y-113.6717

G1 Z0F20000

(Start Block)


G1X54.6072Y-113.6717
G1Z5F20000
(Plotting speed under)
G1 F4000


G1X89.3060Y-127.3885

G1X56.3930Y-76.3090

G1 Z0F20000

(Start Block)


G1X56.3930Y-76.3090
G1Z5F20000
(Plotting speed under)
G1 F4000


G1X54.6072Y-113.6717

G1X92.1228Y-66.1137

G1 Z0F20000

(Start Block)


G1X92.1228Y-66.1137
G1Z5F20000
(Plotting speed under)
G1 F4000


G1X56.3930Y-76.3090

G1X112.7746Y-96.6972

G1 Z0F20000

(Start Block)


G1X112.7746Y-96.6972
G1Z5F20000
(Plotting speed under)
G1 F4000


G1X92.1228Y-66.1137

G1X89.9734Y-125.8302

G1 Z0F20000

(Start Block)


G1X89.9734Y-125.8302
G1Z5F20000
(Plotting speed under)
G1 F4000


G1X112.7746Y-96.6972

G1X54.8470Y-113.2698

G1 Z0F20000

(Start Block)


G1X54.8470Y-113.2698
G1Z5F20000
(Plotting speed under)
G1 F4000


G1X89.9734Y-125.8302

G1X55.4006Y-75.8660

G1 Z0F20000

(Start Block)


G1X55.4006Y-75.8660
G1Z5F20000
(Plotting speed under)
G1 F4000


G1X54.8470Y-113.2698

G1X90.7809Y-64.4884

G1 Z0F20000

(Start Block)


G1X90.7809Y-64.4884
G1Z5F20000
(Plotting speed under)
G1 F4000


G1X55.4006Y-75.8660

G1X112.4445Y-94.3673

G1 Z0F20000

(Start Block)


G1X112.4445Y-94.3673
G1Z5F20000
(Plotting speed under)
G1 F4000


G1X90.7809Y-64.4884

G1X90.6309Y-124.2384

G1 Z0F20000

(Start Block)


G1X90.6309Y-124.2384
G1Z5F20000
(Plotting speed under)
G1 F4000


G1X112.4445Y-94.3673

G1X55.1155Y-112.8479

G1 Z0F20000

(Start Block)


G1X55.1155Y-112.8479
G1Z5F20000
(Plotting speed under)
G1 F4000


G1X90.6309Y-124.2384

G1X54.4363Y-75.4440

G1 Z0F20000

(Start Block)


G1X54.4363Y-75.4440
G1Z5F20000
(Plotting speed under)
G1 F4000


G1X55.1155Y-112.8479

G1X89.4280Y-62.8962

G1 Z0F20000

(Start Block)


G1X89.4280Y-62.8962
G1Z5F20000
(Plotting speed under)
G1 F4000


G1X54.4363Y-75.4440

G1X112.0794Y-92.0375

G1 Z0F20000

(Start Block)


G1X112.0794Y-92.0375
G1Z5F20000
(Plotting speed under)
G1 F4000


G1X89.4280Y-62.8962

G1X91.2774Y-122.6135

G1 Z0F20000

(Start Block)


G1X91.2774Y-122.6135
G1Z5F20000
(Plotting speed under)
G1 F4000


G1X112.0794Y-92.0375

G1X55.4121Y-112.4052

G1 Z0F20000

(Start Block)


G1X55.4121Y-112.4052
G1Z5F20000
(Plotting speed under)
G1 F4000


G1X91.2774Y-122.6135

G1X53.5006Y-75.0419

G1 Z0F20000

(Start Block)


G1X53.5006Y-75.0419
G1Z5F20000
(Plotting speed under)
G1 F4000


G1X55.4121Y-112.4052

G1X88.0652Y-61.3376

G1 Z0F20000

(Start Block)


G1X88.0652Y-61.3376
G1Z5F20000
(Plotting speed under)
G1 F4000


G1X53.5006Y-75.0419

G1X111.6794Y-89.7088

G1 Z0F20000

(Start Block)


G1X111.6794Y-89.7088
G1Z5F20000
(Plotting speed under)
G1 F4000


G1X88.0652Y-61.3376

G1X91.9118Y-120.9557

G1 Z0F20000

(Start Block)


G1X91.9118Y-120.9557
G1Z5F20000
(Plotting speed under)
G1 F4000


G1X111.6794Y-89.7088

G1X55.7359Y-111.9405

G1 Z0F20000

(Start Block)


G1X55.7359Y-111.9405
G1Z5F20000
(Plotting speed under)
G1 F4000


G1X91.9118Y-120.9557

G1X52.5942Y-74.6588

G1 Z0F20000

(Start Block)


G1X52.5942Y-74.6588
G1Z5F20000
(Plotting speed under)
G1 F4000


G1X55.7359Y-111.9405

G1X86.6935Y-59.8128

G1 Z0F20000

(Start Block)


G1X86.6935Y-59.8128
G1Z5F20000
(Plotting speed under)
G1 F4000


G1X52.5942Y-74.6588

G1X111.2445Y-87.3825

G1 Z0F20000

(Start Block)


G1X111.2445Y-87.3825
G1Z5F20000
(Plotting speed under)
G1 F4000


G1X86.6935Y-59.8128

G1X92.5329Y-119.2655

G1 Z0F20000

(Start Block)


G1X92.5329Y-119.2655
G1Z5F20000
(Plotting speed under)
G1 F4000


G1X111.2445Y-87.3825

G1X56.0863Y-111.4532

G1 Z0F20000

(Start Block)


G1X56.0863Y-111.4532
G1Z5F20000
(Plotting speed under)
G1 F4000


G1X92.5329Y-119.2655

G1X51.7178Y-74.2938

G1 Z0F20000

(Start Block)


G1X51.7178Y-74.2938
G1Z5F20000
(Plotting speed under)
G1 F4000


G1X56.0863Y-111.4532

G1X85.3142Y-58.3221

G1 Z0F20000

(Start Block)


G1X85.3142Y-58.3221
G1Z5F20000
(Plotting speed under)
G1 F4000


G1X51.7178Y-74.2938

G1X110.7748Y-85.0596

G1 Z0F20000

(Start Block)


G1X110.7748Y-85.0596
G1Z5F20000
(Plotting speed under)
G1 F4000


G1X85.3142Y-58.3221

G1X93.1398Y-117.5435

G1 Z0F20000

(Start Block)


G1X93.1398Y-117.5435
G1Z5F20000
(Plotting speed under)
G1 F4000


G1X110.7748Y-85.0596

G1X56.4625Y-110.9423

G1 Z0F20000

(Start Block)


G1X56.4625Y-110.9423
G1Z5F20000
(Plotting speed under)
G1 F4000


G1X93.1398Y-117.5435

G1X50.8719Y-73.9458

G1 Z0F20000

(Start Block)


G1X50.8719Y-73.9458
G1Z5F20000
(Plotting speed under)
G1 F4000


G1X56.4625Y-110.9423

G1X83.9283Y-56.8658

G1 Z0F20000

(Start Block)


G1X83.9283Y-56.8658
G1Z5F20000
(Plotting speed under)
G1 F4000


G1X50.8719Y-73.9458

G1X110.2705Y-82.7413

G1 Z0F20000

(Start Block)


G1X110.2705Y-82.7413
G1Z5F20000
(Plotting speed under)
G1 F4000


G1X83.9283Y-56.8658

G1X93.7314Y-115.7900

G1 Z0F20000

(Start Block)


G1X93.7314Y-115.7900
G1Z5F20000
(Plotting speed under)
G1 F4000


G1X110.2705Y-82.7413

G1X56.8932Y-110.5150

G1 Z0F20000

(Start Block)


G1X56.8932Y-110.5150
G1Z5F20000
(Plotting speed under)
G1 F4000


G1X93.7314Y-115.7900

G1 Z0F20000

(Start Block)


G1X82.9382Y-56.5379
G1Z5F20000
(Plotting speed under)
G1 F4000


G1X50.2724Y-74.2148

G1X110.3187Y-82.0156

G1 Z0F20000

(Start Block)


G1X110.3187Y-82.0156
G1Z5F20000
(Plotting speed under)
G1 F4000


G1X82.9382Y-56.5379

G1X95.0796Y-116.0854

G1 Z0F20000

(Start Block)


G1X95.0796Y-116.0854
G1Z5F20000
(Plotting speed under)
G1 F4000


G1X110.3187Y-82.0156

G1X58.2478Y-112.4190

G1 Z0F20000

(Start Block)


G1X58.2478Y-112.4190
G1Z5F20000
(Plotting speed under)
G1 F4000


G1X95.0796Y-116.0854

G1X50.4185Y-76.3625

G1 Z0F20000

(Start Block)


G1X50.4185Y-76.3625
G1Z5F20000
(Plotting speed under)
G1 F4000


G1X58.2478Y-112.4190

G1X82.4720Y-57.6155

G1 Z0F20000

(Start Block)


G1X82.4720Y-57.6155
G1Z5F20000
(Plotting speed under)
G1 F4000


G1X50.4185Y-76.3625

G1X110.6749Y-82.1747

G1 Z0F20000

(Start Block)


G1X110.6749Y-82.1747
G1Z5F20000
(Plotting speed under)
G1 F4000


G1X82.4720Y-57.6155

G1X96.5668Y-116.7353

G1 Z0F20000

(Start Block)


G1X96.5668Y-116.7353
G1Z5F20000
(Plotting speed under)
G1 F4000


G1X110.6749Y-82.1747

G1X59.6258Y-114.2969

G1 Z0F20000

(Start Block)


G1X59.6258Y-114.2969
G1Z5F20000
(Plotting speed under)
G1 F4000


G1X96.5668Y-116.7353

G1X50.5966Y-78.5240

G1 Z0F20000

(Start Block)


G1X50.5966Y-78.5240
G1Z5F20000
(Plotting speed under)
G1 F4000


G1X59.6258Y-114.2969

G1X82.0026Y-58.7278

G1 Z0F20000

(Start Block)


G1X82.0026Y-58.7278
G1Z5F20000
(Plotting speed under)
G1 F4000


G1X50.5966Y-78.5240

G1X110.9971Y-82.3418

G1 Z0F20000

(Start Block)


G1X110.9971Y-82.3418
G1Z5F20000
(Plotting speed under)
G1 F4000


G1X82.0026Y-58.7278

G1X98.0356Y-117.3554

G1 Z0F20000

(Start Block)


G1X98.0356Y-117.3554
G1Z5F20000
(Plotting speed under)
G1 F4000


G1X110.9971Y-82.3418

G1X61.0263Y-116.1480

G1 Z0F20000

(Start Block)


G1X61.0263Y-116.1480
G1Z5F20000
(Plotting speed under)
G1 F4000


G1X98.0356Y-117.3554

G1X50.8073Y-80.6985

G1 Z0F20000

(Start Block)


G1X50.8073Y-80.6985
G1Z5F20000
(Plotting speed under)
G1 F4000


G1X61.0263Y-116.1480

G1X81.5314Y-59.8751

G1 Z0F20000

(Start Block)


G1X81.5314Y-59.8751
G1Z5F20000
(Plotting speed under)
G1 F4000


G1X50.8073Y-80.6985

G1X111.2855Y-82.5180

G1 Z0F20000

(Start Block)


G1X111.2855Y-82.5180
G1Z5F20000
(Plotting speed under)
G1 F4000


G1X81.5314Y-59.8751

G1X99.4851Y-117.9464

G1 Z0F20000

(Start Block)


G1X99.4851Y-117.9464
G1Z5F20000
(Plotting speed under)
G1 F4000


G1X111.2855Y-82.5180

G1X62.4482Y-117.9717

G1 Z0F20000

(Start Block)


G1X62.4482Y-117.9717
G1Z5F20000
(Plotting speed under)
G1 F4000


G1X99.4851Y-117.9464

G1X51.0509Y-82.8846

G1 Z0F20000

(Start Block)


G1X51.0509Y-82.8846
G1Z5F20000
(Plotting speed under)
G1 F4000


G1X62.4482Y-117.9717

G1X81.0593Y-61.0573

G1 Z0F20000

(Start Block)


G1X81.0593Y-61.0573
G1Z5F20000
(Plotting speed under)
G1 F4000


G1X51.0509Y-82.8846

G1X111.5405Y-82.7046

G1 Z0F20000

(Start Block)


G1X111.5405Y-82.7046
G1Z5F20000
(Plotting speed under)
G1 F4000


G1X81.0593Y-61.0573

G1X100.9143Y-118.5089

G1 Z0F20000

(Start Block)


G1X100.9143Y-118.5089
G1Z5F20000
(Plotting speed under)
G1 F4000


G1X111.5405Y-82.7046

G1X63.8909Y-119.7670

G1 Z0F20000

(Start Block)


G1X63.8909Y-119.7670
G1Z5F20000
(Plotting speed under)
G1 F4000


G1X100.9143Y-118.5089

G1X51.3278Y-85.0815

G1 Z0F20000

(Start Block)


G1X51.3278Y-85.0815
G1Z5F20000
(Plotting speed under)
G1 F4000


G1X63.8909Y-119.7670

G1X80.5877Y-62.2745

G1 Z0F20000

(Start Block)


G1X80.5877Y-62.2745
G1Z5F20000
(Plotting speed under)
G1 F4000


G1X51.3278Y-85.0815

G1X111.7625Y-82.9025

G1 Z0F20000

(Start Block)


G1X111.7625Y-82.9025
G1Z5F20000
(Plotting speed under)
G1 F4000


G1X80.5877Y-62.2745

G1X102.3222Y-119.0437

G1 Z0F20000

(Start Block)


G1X102.3222Y-119.0437
G1Z5F20000
(Plotting speed under)
G1 F4000


G1X111.7625Y-82.9025

G1X65.3531Y-121.5335

G1 Z0F20000

(Start Block)


G1X65.3531Y-121.5335
G1Z5F20000
(Plotting speed under)
G1 F4000


G1X102.3222Y-119.0437

G1X51.6383Y-87.2879

G1 Z0F20000

(Start Block)


G1X51.6383Y-87.2879
G1Z5F20000
(Plotting speed under)
G1 F4000


G1X65.3531Y-121.5335

G1X80.1175Y-63.5266

G1 Z0F20000

(Start Block)


G1X80.1175Y-63.5266
G1Z5F20000
(Plotting speed under)
G1 F4000


G1X51.6383Y-87.2879

G1X111.9518Y-83.1129

G1 Z0F20000

(Start Block)


G1X111.9518Y-83.1129
G1Z5F20000
(Plotting speed under)
G1 F4000


G1X80.1175Y-63.5266

G1X103.7080Y-119.5514

G1 Z0F20000

(Start Block)


G1X103.7080Y-119.5514
G1Z5F20000
(Plotting speed under)
G1 F4000


G1X111.9518Y-83.1129

G1X66.8341Y-123.2705

G1 Z0F20000

(Start Block)


G1X66.8341Y-123.2705
G1Z5F20000
(Plotting speed under)
G1 F4000


G1X103.7080Y-119.5514

G1X51.9828Y-89.5027

G1 Z0F20000

(Start Block)


G1X51.9828Y-89.5027
G1Z5F20000
(Plotting speed under)
G1 F4000


G1X66.8341Y-123.2705

G1X79.6501Y-64.8136

G1 Z0F20000

(Start Block)


G1X79.6501Y-64.8136
G1Z5F20000
(Plotting speed under)
G1 F4000


G1X51.9828Y-89.5027

G1X112.1089Y-83.3368

G1 Z0F20000

(Start Block)


G1X112.1089Y-83.3368
G1Z5F20000
(Plotting speed under)
G1 F4000


G1X79.6501Y-64.8136

G1X105.0708Y-120.0328

G1 Z0F20000

(Start Block)


G1X105.0708Y-120.0328
G1Z5F20000
(Plotting speed under)
G1 F4000


G1X112.1089Y-83.3368

G1X68.3327Y-124.9772

G1 Z0F20000

(Start Block)


G1X68.3327Y-124.9772
G1Z5F20000
(Plotting speed under)
G1 F4000


G1X105.0708Y-120.0328

G1X52.3614Y-91.7248

G1 Z0F20000

(Start Block)


G1X52.3614Y-91.7248
G1Z5F20000
(Plotting speed under)
G1 F4000


G1X68.3327Y-124.9772

G1X79.1865Y-66.1353

G1 Z0F20000

(Start Block)


G1X79.1865Y-66.1353
G1Z5F20000
(Plotting speed under)
G1 F4000


G1X52.3614Y-91.7248

G1X112.2342Y-83.5754

G1 Z0F20000

(Start Block)


G1X112.2342Y-83.5754
G1Z5F20000
(Plotting speed under)
G1 F4000


G1X79.1865Y-66.1353

G1X106.4097Y-120.4887

G1 Z0F20000

(Start Block)


G1X106.4097Y-120.4887
G1Z5F20000
(Plotting speed under)
G1 F4000


G1X112.2342Y-83.5754

G1X69.8481Y-126.6533

G1 Z0F20000

(Start Block)


G1X69.8481Y-126.6533
G1Z5F20000
(Plotting speed under)
G1 F4000


G1X106.4097Y-120.4887

G1X52.7745Y-93.9531

G1 Z0F20000

(Start Block)


G1X52.7745Y-93.9531
G1Z5F20000
(Plotting speed under)
G1 F4000


G1X69.8481Y-126.6533

G1X78.7280Y-67.4916

G1 Z0F20000

(Start Block)


G1X78.7280Y-67.4916
G1Z5F20000
(Plotting speed under)
G1 F4000


G1X52.7745Y-93.9531

G1X112.3283Y-83.8296

G1 Z0F20000

(Start Block)


G1X112.3283Y-83.8296
G1Z5F20000
(Plotting speed under)
G1 F4000


G1X78.7280Y-67.4916

G1X107.7239Y-120.9198

G1 Z0F20000

(Start Block)


G1X107.7239Y-120.9198
G1Z5F20000
(Plotting speed under)
G1 F4000


G1X112.3283Y-83.8296

G1X71.3791Y-128.2981

G1 Z0F20000

(Start Block)


G1X71.3791Y-128.2981
G1Z5F20000
(Plotting speed under)
G1 F4000


G1X107.7239Y-120.9198

G1X53.2221Y-96.1864

G1 Z0F20000

(Start Block)


G1X53.2221Y-96.1864
G1Z5F20000
(Plotting speed under)
G1 F4000


G1X71.3791Y-128.2981

G1X78.2755Y-68.8824

G1 Z0F20000

(Start Block)


G1X78.2755Y-68.8824
G1Z5F20000
(Plotting speed under)
G1 F4000


G1X53.2221Y-96.1864

G1X112.3916Y-84.1005

G1 Z0F20000

(Start Block)


G1X112.3916Y-84.1005
G1Z5F20000
(Plotting speed under)
G1 F4000


G1X78.2755Y-68.8824

G1X109.0126Y-121.3271

G1 Z0F20000

(Start Block)


G1X109.0126Y-121.3271
G1Z5F20000
(Plotting speed under)
G1 F4000


G1X112.3916Y-84.1005

G1X72.9248Y-129.9112

G1 Z0F20000

(Start Block)


G1X72.9248Y-129.9112
G1Z5F20000
(Plotting speed under)
G1 F4000


G1X109.0126Y-121.3271

G1X53.7045Y-98.4235

G1 Z0F20000

(Start Block)


G1X53.7045Y-98.4235
G1Z5F20000
(Plotting speed under)
G1 F4000


G1X72.9248Y-129.9112

G1X77.8304Y-70.3073

G1 Z0F20000

(Start Block)


G1X77.8304Y-70.3073
G1Z5F20000
(Plotting speed under)
G1 F4000


G1X53.7045Y-98.4235

G1X112.4248Y-84.3891

G1 Z0F20000

(Start Block)


G1X112.4248Y-84.3891
G1Z5F20000
(Plotting speed under)
G1 F4000


G1X77.8304Y-70.3073

G1X110.2750Y-121.7113

G1 Z0F20000

(Start Block)


G1X110.2750Y-121.7113
G1Z5F20000
(Plotting speed under)
G1 F4000


G1X112.4248Y-84.3891

G1X74.4841Y-131.4920

G1 Z0F20000

(Start Block)


G1X74.4841Y-131.4920
G1Z5F20000
(Plotting speed under)
G1 F4000


G1X110.2750Y-121.7113

G1X54.2218Y-100.6634

G1 Z0F20000

(Start Block)


G1X54.2218Y-100.6634
G1Z5F20000
(Plotting speed under)
G1 F4000


G1X74.4841Y-131.4920

G1X77.3937Y-71.7662

G1 Z0F20000

(Start Block)


G1X77.3937Y-71.7662
G1Z5F20000
(Plotting speed under)
G1 F4000


G1X54.2218Y-100.6634

G1X112.4284Y-84.6964

G1 Z0F20000

(Start Block)


G1X112.4284Y-84.6964
G1Z5F20000
(Plotting speed under)
G1 F4000


G1X77.3937Y-71.7662

G1X111.5103Y-122.0733

G1 Z0F20000

(Start Block)


G1X111.5103Y-122.0733
G1Z5F20000
(Plotting speed under)
G1 F4000


G1X112.4284Y-84.6964

G1X76.0558Y-133.0402

G1 Z0F20000

(Start Block)


G1X76.0558Y-133.0402
G1Z5F20000
(Plotting speed under)
G1 F4000


G1X111.5103Y-122.0733

G1X54.7740Y-102.9048

G1 Z0F20000

(Start Block)


G1X54.7740Y-102.9048
G1Z5F20000
(Plotting speed under)
G1 F4000


G1X76.0558Y-133.0402

G1X76.9665Y-73.2587

G1 Z0F20000

(Start Block)


G1X76.9665Y-73.2587
G1Z5F20000
(Plotting speed under)
G1 F4000


G1X54.7740Y-102.9048

G1X112.4031Y-85.0233

G1 Z0F20000

(Start Block)


G1X112.4031Y-85.0233
G1Z5F20000
(Plotting speed under)
G1 F4000


G1X76.9665Y-73.2587

G1X112.7179Y-122.4141

G1 Z0F20000

(Start Block)


G1X112.7179Y-122.4141
G1Z5F20000
(Plotting speed under)
G1 F4000


G1X112.4031Y-85.0233

G1X77.6389Y-134.5553

G1 Z0F20000

(Start Block)


G1X77.6389Y-134.5553
G1Z5F20000
(Plotting speed under)
G1 F4000


G1X112.7179Y-122.4141

G1X55.3611Y-105.1467

G1 Z0F20000

(Start Block)


G1X55.3611Y-105.1467
G1Z5F20000
(Plotting speed under)
G1 F4000


G1X77.6389Y-134.5553

G1X76.5500Y-74.7845

G1 Z0F20000

(Start Block)


G1X76.5500Y-74.7845
G1Z5F20000
(Plotting speed under)
G1 F4000


G1X55.3611Y-105.1467

G1X112.3496Y-85.3709

G1 Z0F20000

(Start Block)


G1X112.3496Y-85.3709
G1Z5F20000
(Plotting speed under)
G1 F4000


G1X76.5500Y-74.7845

G1X113.8969Y-122.7347

G1 Z0F20000

(Start Block)


G1X113.8969Y-122.7347
G1Z5F20000
(Plotting speed under)
G1 F4000


G1X112.3496Y-85.3709

G1X79.2323Y-136.0370

G1 Z0F20000

(Start Block)


G1X79.2323Y-136.0370
G1Z5F20000
(Plotting speed under)
G1 F4000


G1X113.8969Y-122.7347

G1X55.9832Y-107.3877

G1 Z0F20000

(Start Block)


G1X55.9832Y-107.3877
G1Z5F20000
(Plotting speed under)
G1 F4000


G1X79.2323Y-136.0370

G1X76.1452Y-76.3433

G1 Z0F20000

(Start Block)


G1X76.1452Y-76.3433
G1Z5F20000
(Plotting speed under)
G1 F4000


G1X55.9832Y-107.3877

G1X112.2686Y-85.7400

G1 Z0F20000

(Start Block)


G1X112.2686Y-85.7400
G1Z5F20000
(Plotting speed under)
G1 F4000


G1X76.1452Y-76.3433

G1X115.0469Y-123.0359

G1 Z0F20000

(Start Block)


G1X115.0469Y-123.0359
G1Z5F20000
(Plotting speed under)
G1 F4000


G1X112.2686Y-85.7400

G1X80.8349Y-137.4850

G1 Z0F20000

(Start Block)


G1X80.8349Y-137.4850
G1Z5F20000
(Plotting speed under)
G1 F4000


G1X115.0469Y-123.0359

G1X56.6402Y-109.6269

G1 Z0F20000

(Start Block)


G1X56.6402Y-109.6269
G1Z5F20000
(Plotting speed under)
G1 F4000


G1X80.8349Y-137.4850

G1X75.7532Y-77.9345

G1 Z0F20000

(Start Block)


G1X75.7532Y-77.9345
G1Z5F20000
(Plotting speed under)
G1 F4000


G1X56.6402Y-109.6269

G1X112.1607Y-86.1315

G1 Z0F20000

(Start Block)


G1X112.1607Y-86.1315
G1Z5F20000
(Plotting speed under)
G1 F4000


G1X75.7532Y-77.9345

G1X116.1671Y-123.3187

G1 Z0F20000

(Start Block)


G1X116.1671Y-123.3187
G1Z5F20000
(Plotting speed under)
G1 F4000


G1X112.1607Y-86.1315

G1X82.4456Y-138.8990

G1 Z0F20000

(Start Block)


G1X82.4456Y-138.8990
G1Z5F20000
(Plotting speed under)
G1 F4000


G1X116.1671Y-123.3187

G1X57.3321Y-111.8629

G1 Z0F20000

(Start Block)


G1X57.3321Y-111.8629
G1Z5F20000
(Plotting speed under)
G1 F4000


G1X82.4456Y-138.8990

G1X75.3752Y-79.5579

G1 Z0F20000

(Start Block)


G1X75.3752Y-79.5579
G1Z5F20000
(Plotting speed under)
G1 F4000


G1X57.3321Y-111.8629

G1X112.0268Y-86.5463

G1 Z0F20000

(Start Block)


G1X112.0268Y-86.5463
G1Z5F20000
(Plotting speed under)
G1 F4000


G1X75.3752Y-79.5579

G1X117.2570Y-123.5841

G1 Z0F20000

(Start Block)


G1X117.2570Y-123.5841
G1Z5F20000
(Plotting speed under)
G1 F4000


G1X112.0268Y-86.5463

G1X84.0631Y-140.2787

G1 Z0F20000

(Start Block)


G1X84.0631Y-140.2787
G1Z5F20000
(Plotting speed under)
G1 F4000


G1X117.2570Y-123.5841

G1X58.0586Y-114.0947

G1 Z0F20000

(Start Block)


G1X58.0586Y-114.0947
G1Z5F20000
(Plotting speed under)
G1 F4000


G1X84.0631Y-140.2787

G1X75.0121Y-81.2128

G1 Z0F20000

(Start Block)


G1X75.0121Y-81.2128
G1Z5F20000
(Plotting speed under)
G1 F4000


G1X58.0586Y-114.0947

G1X111.8676Y-86.9854

G1 Z0F20000

(Start Block)


G1X111.8676Y-86.9854
G1Z5F20000
(Plotting speed under)
G1 F4000


G1X75.0121Y-81.2128

G1X118.3160Y-123.8332

G1 Z0F20000

(Start Block)


G1X118.3160Y-123.8332
G1Z5F20000
(Plotting speed under)
G1 F4000


G1X111.8676Y-86.9854

G1X85.6865Y-141.6239

G1 Z0F20000

(Start Block)


G1X85.6865Y-141.6239
G1Z5F20000
(Plotting speed under)
G1 F4000


G1X118.3160Y-123.8332

G1X58.8197Y-116.3211

G1 Z0F20000

(Start Block)


G1X58.8197Y-116.3211
G1Z5F20000
(Plotting speed under)
G1 F4000


G1X85.6865Y-141.6239

G1X74.6651Y-82.8988

G1 Z0F20000

(Start Block)


G1X74.6651Y-82.8988
G1Z5F20000
(Plotting speed under)
G1 F4000


G1X58.8197Y-116.3211

G1X111.6839Y-87.4493

G1 Z0F20000

(Start Block)


G1X111.6839Y-87.4493
G1Z5F20000
(Plotting speed under)
G1 F4000


G1X74.6651Y-82.8988

G1X119.3435Y-124.0669

G1 Z0F20000

(Start Block)


G1X119.3435Y-124.0669
G1Z5F20000
(Plotting speed under)
G1 F4000


G1X111.6839Y-87.4493

G1X87.3145Y-142.9344

G1 Z0F20000

(Start Block)


G1X87.3145Y-142.9344
G1Z5F20000
(Plotting speed under)
G1 F4000


G1X119.3435Y-124.0669

G1X59.6151Y-118.5410

G1 Z0F20000

(Start Block)


G1X59.6151Y-118.5410
G1Z5F20000
(Plotting speed under)
G1 F4000


G1X87.3145Y-142.9344

G1X74.3350Y-84.6154

G1 Z0F20000

(Start Block)


G1X74.3350Y-84.6154
G1Z5F20000
(Plotting speed under)
G1 F4000


G1X59.6151Y-118.5410

G1X111.4766Y-87.9391

G1 Z0F20000

(Start Block)


G1X111.4766Y-87.9391
G1Z5F20000
(Plotting speed under)
G1 F4000


G1X74.3350Y-84.6154

G1X120.3392Y-124.2864

G1 Z0F20000

(Start Block)


G1X120.3392Y-124.2864
G1Z5F20000
(Plotting speed under)
G1 F4000


G1X111.4766Y-87.9391

G1X88.9460Y-144.2102

G1 Z0F20000

(Start Block)


G1X88.9460Y-144.2102
G1Z5F20000
(Plotting speed under)
G1 F4000


G1X120.3392Y-124.2864

G1X60.4447Y-120.7533

G1 Z0F20000

(Start Block)


G1X60.4447Y-120.7533
G1Z5F20000
(Plotting speed under)
G1 F4000


G1X88.9460Y-144.2102

G1X74.0230Y-86.3619

G1 Z0F20000

(Start Block)


G1X74.0230Y-86.3619
G1Z5F20000
(Plotting speed under)
G1 F4000


G1X60.4447Y-120.7533

G1X111.2466Y-88.4555

G1 Z0F20000

(Start Block)


G1X111.2466Y-88.4555
G1Z5F20000
(Plotting speed under)
G1 F4000


G1X74.0230Y-86.3619

G1X121.3024Y-124.4926

G1 Z0F20000

(Start Block)


G1X121.3024Y-124.4926
G1Z5F20000
(Plotting speed under)
G1 F4000


G1X111.2466Y-88.4555

G1X90.5797Y-145.4511

G1 Z0F20000

(Start Block)


G1X90.5797Y-145.4511
G1Z5F20000
(Plotting speed under)
G1 F4000


G1X121.3024Y-124.4926

G1X61.3080Y-122.9567

G1 Z0F20000

(Start Block)


G1X61.3080Y-122.9567
G1Z5F20000
(Plotting speed under)
G1 F4000


G1X90.5797Y-145.4511

G1X73.7300Y-88.1377

G1 Z0F20000

(Start Block)


G1X73.7300Y-88.1377
G1Z5F20000
(Plotting speed under)
G1 F4000


G1X61.3080Y-122.9567

G1X110.9948Y-88.9991

G1 Z0F20000

(Start Block)


G1X110.9948Y-88.9991
G1Z5F20000
(Plotting speed under)
G1 F4000


G1X73.7300Y-88.1377

G1X122.2329Y-124.6868

G1 Z0F20000

(Start Block)


G1X122.2329Y-124.6868
G1Z5F20000
(Plotting speed under)
G1 F4000


G1X110.9948Y-88.9991

G1X92.2147Y-146.6570

G1 Z0F20000

(Start Block)


G1X92.2147Y-146.6570
G1Z5F20000
(Plotting speed under)
G1 F4000


G1X122.2329Y-124.6868

G1X62.2050Y-125.1503

G1 Z0F20000

(Start Block)


G1X62.2050Y-125.1503
G1Z5F20000
(Plotting speed under)
G1 F4000


G1X92.2147Y-146.6570

G1X73.4570Y-89.9422

G1 Z0F20000

(Start Block)


G1X73.4570Y-89.9422
G1Z5F20000
(Plotting speed under)
G1 F4000


G1X62.2050Y-125.1503

G1X110.7220Y-89.5707

G1 Z0F20000

(Start Block)


G1X110.7220Y-89.5707
G1Z5F20000
(Plotting speed under)
G1 F4000


G1X73.4570Y-89.9422

G1X123.1302Y-124.8699

G1 Z0F20000

(Start Block)


G1X123.1302Y-124.8699
G1Z5F20000
(Plotting speed under)
G1 F4000


G1X110.7220Y-89.5707

G1X93.8497Y-147.8280

G1 Z0F20000

(Start Block)


G1X93.8497Y-147.8280
G1Z5F20000
(Plotting speed under)
G1 F4000


G1X123.1302Y-124.8699

G1X63.1350Y-127.3328

G1 Z0F20000

(Start Block)


G1X63.1350Y-127.3328
G1Z5F20000
(Plotting speed under)
G1 F4000


G1X93.8497Y-147.8280

G1X73.2049Y-91.7748

G1 Z0F20000

(Start Block)


G1X73.2049Y-91.7748
G1Z5F20000
(Plotting speed under)
G1 F4000


G1X63.1350Y-127.3328

G1X110.4292Y-90.1711

G1 Z0F20000

(Start Block)


G1X110.4292Y-90.1711
G1Z5F20000
(Plotting speed under)
G1 F4000


G1X73.2049Y-91.7748

G1X123.9940Y-125.0431

G1 Z0F20000

(Start Block)


G1X123.9940Y-125.0431
G1Z5F20000
(Plotting speed under)
G1 F4000


G1X110.4292Y-90.1711

G1X95.4835Y-148.9640

G1 Z0F20000

(Start Block)


G1X95.4835Y-148.9640
G1Z5F20000
(Plotting speed under)
G1 F4000


G1X123.9940Y-125.0431

G1X64.0979Y-129.5032

G1 Z0F20000

(Start Block)


G1X64.0979Y-129.5032
G1Z5F20000
(Plotting speed under)
G1 F4000


G1X95.4835Y-148.9640

G1X72.9746Y-93.6346

G1 Z0F20000

(Start Block)


G1X72.9746Y-93.6346
G1Z5F20000
(Plotting speed under)
G1 F4000


G1X64.0979Y-129.5032

G1X110.1174Y-90.8007

G1 Z0F20000

(Start Block)


G1X110.1174Y-90.8007
G1Z5F20000
(Plotting speed under)
G1 F4000


G1X72.9746Y-93.6346

G1X124.8240Y-125.2074

G1 Z0F20000

(Start Block)


G1X124.8240Y-125.2074
G1Z5F20000
(Plotting speed under)
G1 F4000


G1X110.1174Y-90.8007

G1X97.1150Y-150.0652

G1 Z0F20000

(Start Block)


G1X97.1150Y-150.0652
G1Z5F20000
(Plotting speed under)
G1 F4000


G1X124.8240Y-125.2074

G1X65.0932Y-131.6604

G1 Z0F20000

(Start Block)


G1X65.0932Y-131.6604
G1Z5F20000
(Plotting speed under)
G1 F4000


G1X97.1150Y-150.0652

G1X72.7671Y-95.5211

G1 Z0F20000

(Start Block)


G1X72.7671Y-95.5211
G1Z5F20000
(Plotting speed under)
G1 F4000


G1X65.0932Y-131.6604

G1X109.7876Y-91.4603

G1 Z0F20000

(Start Block)


G1X109.7876Y-91.4603
G1Z5F20000
(Plotting speed under)
G1 F4000


G1X72.7671Y-95.5211

G1X125.6198Y-125.3641

G1 Z0F20000

(Start Block)


G1X125.6198Y-125.3641
G1Z5F20000
(Plotting speed under)
G1 F4000


G1X109.7876Y-91.4603

G1X98.7430Y-151.1316

G1 Z0F20000

(Start Block)


G1X98.7430Y-151.1316
G1Z5F20000
(Plotting speed under)
G1 F4000


G1X125.6198Y-125.3641

G1X66.1204Y-133.8033

G1 Z0F20000

(Start Block)


G1X66.1204Y-133.8033
G1Z5F20000
(Plotting speed under)
G1 F4000


G1X98.7430Y-151.1316

G1X72.5831Y-97.4333

G1 Z0F20000

(Start Block)


G1X72.5831Y-97.4333
G1Z5F20000
(Plotting speed under)
G1 F4000


G1X66.1204Y-133.8033

G1X109.4407Y-92.1504

G1 Z0F20000

(Start Block)


G1X109.4407Y-92.1504
G1Z5F20000
(Plotting speed under)
G1 F4000


G1X72.5831Y-97.4333

G1X126.3813Y-125.5142

G1 Z0F20000

(Start Block)


G1X126.3813Y-125.5142
G1Z5F20000
(Plotting speed under)
G1 F4000


G1X109.4407Y-92.1504

G1X100.3664Y-152.1633

G1 Z0F20000

(Start Block)


G1X100.3664Y-152.1633
G1Z5F20000
(Plotting speed under)
G1 F4000


G1X126.3813Y-125.5142

G1X67.1790Y-135.9309

G1 Z0F20000

(Start Block)


G1X67.1790Y-135.9309
G1Z5F20000
(Plotting speed under)
G1 F4000


G1X100.3664Y-152.1633

G1X72.4236Y-99.3705

G1 Z0F20000

(Start Block)


G1X72.4236Y-99.3705
G1Z5F20000
(Plotting speed under)
G1 F4000


G1X67.1790Y-135.9309

G1X109.0778Y-92.8716

G1 Z0F20000

(Start Block)


G1X109.0778Y-92.8716
G1Z5F20000
(Plotting speed under)
G1 F4000


G1X72.4236Y-99.3705

G1X127.1083Y-125.6590

G1 Z0F20000

(Start Block)


G1X127.1083Y-125.6590
G1Z5F20000
(Plotting speed under)
G1 F4000


G1X109.0778Y-92.8716

G1X101.9840Y-153.1605

G1 Z0F20000

(Start Block)


G1X101.9840Y-153.1605
G1Z5F20000
(Plotting speed under)
G1 F4000


G1X127.1083Y-125.6590

G1X68.2685Y-138.0422

G1 Z0F20000

(Start Block)


G1X68.2685Y-138.0422
G1Z5F20000
(Plotting speed under)
G1 F4000


G1X101.9840Y-153.1605

G1X72.2894Y-101.3319

G1 Z0F20000

(Start Block)


G1X72.2894Y-101.3319
G1Z5F20000
(Plotting speed under)
G1 F4000


G1X68.2685Y-138.0422

G1X108.7000Y-93.6244

G1 Z0F20000

(Start Block)


G1X108.7000Y-93.6244
G1Z5F20000
(Plotting speed under)
G1 F4000


G1X72.2894Y-101.3319

G1X127.8005Y-125.7995

G1 Z0F20000

(Start Block)


G1X127.8005Y-125.7995
G1Z5F20000
(Plotting speed under)
G1 F4000


G1X108.7000Y-93.6244

G1X103.5948Y-154.1234

G1 Z0F20000

(Start Block)


G1X103.5948Y-154.1234
G1Z5F20000
(Plotting speed under)
G1 F4000


G1X127.8005Y-125.7995

G1X69.3884Y-140.1361

G1 Z0F20000

(Start Block)


G1X69.3884Y-140.1361
G1Z5F20000
(Plotting speed under)
G1 F4000


G1X103.5948Y-154.1234

G1X72.1812Y-103.3166

G1 Z0F20000

(Start Block)


G1X72.1812Y-103.3166
G1Z5F20000
(Plotting speed under)
G1 F4000


G1X69.3884Y-140.1361

G1X108.3082Y-94.4093

G1 Z0F20000

(Start Block)


G1X108.3082Y-94.4093
G1Z5F20000
(Plotting speed under)
G1 F4000


G1X72.1812Y-103.3166

G1X128.4579Y-125.9369

G1 Z0F20000

(Start Block)


G1X128.4579Y-125.9369
G1Z5F20000
(Plotting speed under)
G1 F4000


G1X108.3082Y-94.4093

G1X105.1975Y-155.0523

G1 Z0F20000

(Start Block)


G1X105.1975Y-155.0523
G1Z5F20000
(Plotting speed under)
G1 F4000


G1X128.4579Y-125.9369

G1X70.5380Y-142.2117

G1 Z0F20000

(Start Block)


G1X70.5380Y-142.2117
G1Z5F20000
(Plotting speed under)
G1 F4000


G1X105.1975Y-155.0523

G1X72.0998Y-105.3237

G1 Z0F20000

(Start Block)


G1X72.0998Y-105.3237
G1Z5F20000
(Plotting speed under)
G1 F4000


G1X70.5380Y-142.2117

G1X107.9036Y-95.2267

G1 Z0F20000

(Start Block)


G1X107.9036Y-95.2267
G1Z5F20000
(Plotting speed under)
G1 F4000


G1X72.0998Y-105.3237

G1X129.0804Y-126.0724

G1 Z0F20000

(Start Block)


G1X129.0804Y-126.0724
G1Z5F20000
(Plotting speed under)
G1 F4000


G1X107.9036Y-95.2267

G1X106.7910Y-155.9475

G1 Z0F20000

(Start Block)


G1X106.7910Y-155.9475
G1Z5F20000
(Plotting speed under)
G1 F4000


G1X129.0804Y-126.0724

G1X71.7167Y-144.2679

G1 Z0F20000

(Start Block)


G1X71.7167Y-144.2679
G1Z5F20000
(Plotting speed under)
G1 F4000


G1X106.7910Y-155.9475

G1X72.0460Y-107.3524

G1 Z0F20000

(Start Block)


G1X72.0460Y-107.3524
G1Z5F20000
(Plotting speed under)
G1 F4000


G1X71.7167Y-144.2679

G1X107.4872Y-96.0770

G1 Z0F20000

(Start Block)


G1X107.4872Y-96.0770
G1Z5F20000
(Plotting speed under)
G1 F4000


G1X72.0460Y-107.3524

G1X129.6680Y-126.2071

G1 Z0F20000

(Start Block)


G1X129.6680Y-126.2071
G1Z5F20000
(Plotting speed under)
G1 F4000


G1X107.4872Y-96.0770

G1X108.3743Y-156.8093

G1 Z0F20000

(Start Block)


G1X108.3743Y-156.8093
G1Z5F20000
(Plotting speed under)
G1 F4000


G1X129.6680Y-126.2071

G1X72.9239Y-146.3038

G1 Z0F20000

(Start Block)


G1X72.9239Y-146.3038
G1Z5F20000
(Plotting speed under)
G1 F4000


G1X108.3743Y-156.8093

G1X72.0204Y-109.4017

G1 Z0F20000

(Start Block)


G1X72.0204Y-109.4017
G1Z5F20000
(Plotting speed under)
G1 F4000


G1X72.9239Y-146.3038

G1X107.0601Y-96.9606

G1 Z0F20000

(Start Block)


G1X107.0601Y-96.9606
G1Z5F20000
(Plotting speed under)
G1 F4000


G1X72.0204Y-109.4017

G1X130.2206Y-126.3421

G1 Z0F20000

(Start Block)


G1X130.2206Y-126.3421
G1Z5F20000
(Plotting speed under)
G1 F4000


G1X107.0601Y-96.9606

G1X109.9461Y-157.6380

G1 Z0F20000

(Start Block)


G1X109.9461Y-157.6380
G1Z5F20000
(Plotting speed under)
G1 F4000


G1X130.2206Y-126.3421

G1X74.1590Y-148.3185

G1 Z0F20000

(Start Block)


G1X74.1590Y-148.3185
G1Z5F20000
(Plotting speed under)
G1 F4000


G1X109.9461Y-157.6380

G1X72.0237Y-111.4707

G1 Z0F20000

(Start Block)


G1X72.0237Y-111.4707
G1Z5F20000
(Plotting speed under)
G1 F4000


G1X74.1590Y-148.3185

G1X106.6235Y-97.8778

G1 Z0F20000

(Start Block)


G1X106.6235Y-97.8778
G1Z5F20000
(Plotting speed under)
G1 F4000


G1X72.0237Y-111.4707

G1X130.7383Y-126.4787

G1 Z0F20000

(Start Block)


G1X130.7383Y-126.4787
G1Z5F20000
(Plotting speed under)
G1 F4000


G1X106.6235Y-97.8778

G1X111.5055Y-158.4341

G1 Z0F20000

(Start Block)


G1X111.5055Y-158.4341
G1Z5F20000
(Plotting speed under)
G1 F4000


G1X130.7383Y-126.4787

G1X75.4210Y-150.3111

G1 Z0F20000

(Start Block)


G1X75.4210Y-150.3111
G1Z5F20000
(Plotting speed under)
G1 F4000


G1X111.5055Y-158.4341

G1X72.0565Y-113.5584

G1 Z0F20000

(Start Block)


G1X72.0565Y-113.5584
G1Z5F20000
(Plotting speed under)
G1 F4000


G1X75.4210Y-150.3111

G1X106.1785Y-98.8290

G1 Z0F20000

(Start Block)


G1X106.1785Y-98.8290
G1Z5F20000
(Plotting speed under)
G1 F4000


G1X72.0565Y-113.5584

G1X131.2211Y-126.6180

G1 Z0F20000

(Start Block)


G1X131.2211Y-126.6180
G1Z5F20000
(Plotting speed under)
G1 F4000


G1X106.1785Y-98.8290

G1X113.0513Y-159.1979

G1 Z0F20000

(Start Block)


G1X113.0513Y-159.1979
G1Z5F20000
(Plotting speed under)
G1 F4000


G1X131.2211Y-126.6180

G1X76.7094Y-152.2806

G1 Z0F20000

(Start Block)


G1X76.7094Y-152.2806
G1Z5F20000
(Plotting speed under)
G1 F4000


G1X113.0513Y-159.1979

G1X72.1195Y-115.6638

G1 Z0F20000

(Start Block)


G1X72.1195Y-115.6638
G1Z5F20000
(Plotting speed under)
G1 F4000


G1X76.7094Y-152.2806

G1X105.7261Y-99.8144

G1 Z0F20000

(Start Block)


G1X105.7261Y-99.8144
G1Z5F20000
(Plotting speed under)
G1 F4000


G1X72.1195Y-115.6638

G1X131.6691Y-126.7612

G1 Z0F20000

(Start Block)


G1X131.6691Y-126.7612
G1Z5F20000
(Plotting speed under)
G1 F4000


G1X105.7261Y-99.8144

G1X114.5826Y-159.9300

G1 Z0F20000

(Start Block)


G1X114.5826Y-159.9300
G1Z5F20000
(Plotting speed under)
G1 F4000


G1X131.6691Y-126.7612

G1X78.0233Y-154.2263

G1 Z0F20000

(Start Block)


G1X78.0233Y-154.2263
G1Z5F20000
(Plotting speed under)
G1 F4000


G1X114.5826Y-159.9300

G1X72.2132Y-117.7859

G1 Z0F20000

(Start Block)


G1X72.2132Y-117.7859
G1Z5F20000
(Plotting speed under)
G1 F4000


G1X78.0233Y-154.2263

G1X105.2676Y-100.8341

G1 Z0F20000

(Start Block)


G1X105.2676Y-100.8341
G1Z5F20000
(Plotting speed under)
G1 F4000


G1X72.2132Y-117.7859

G1X132.0826Y-126.9093

G1 Z0F20000

(Start Block)


G1X132.0826Y-126.9093
G1Z5F20000
(Plotting speed under)
G1 F4000


G1X105.2676Y-100.8341

G1X116.0981Y-160.6308

G1 Z0F20000

(Start Block)


G1X116.0981Y-160.6308
G1Z5F20000
(Plotting speed under)
G1 F4000


G1X132.0826Y-126.9093

G1X79.3619Y-156.1472

G1 Z0F20000

(Start Block)


G1X79.3619Y-156.1472
G1Z5F20000
(Plotting speed under)
G1 F4000


G1X116.0981Y-160.6308

G1X72.3381Y-119.9237

G1 Z0F20000

(Start Block)


G1X72.3381Y-119.9237
G1Z5F20000
(Plotting speed under)
G1 F4000


G1X79.3619Y-156.1472

G1X104.8041Y-101.8885

G1 Z0F20000

(Start Block)


G1X104.8041Y-101.8885
G1Z5F20000
(Plotting speed under)
G1 F4000


G1X72.3381Y-119.9237

G1X132.4617Y-127.0636

G1 Z0F20000

(Start Block)


G1X132.4617Y-127.0636
G1Z5F20000
(Plotting speed under)
G1 F4000


G1X104.8041Y-101.8885

G1X117.5970Y-161.3008

G1 Z0F20000

(Start Block)


G1X117.5970Y-161.3008
G1Z5F20000
(Plotting speed under)
G1 F4000


G1X132.4617Y-127.0636

G1X80.7244Y-158.0426

G1 Z0F20000

(Start Block)


G1X80.7244Y-158.0426
G1Z5F20000
(Plotting speed under)
G1 F4000


G1X117.5970Y-161.3008

G1X72.4948Y-122.0761

G1 Z0F20000

(Start Block)


G1X72.4948Y-122.0761
G1Z5F20000
(Plotting speed under)
G1 F4000


G1X80.7244Y-158.0426

G1X104.3367Y-102.9776

G1 Z0F20000

(Start Block)


G1X104.3367Y-102.9776
G1Z5F20000
(Plotting speed under)
G1 F4000


G1X72.4948Y-122.0761

G1X132.8065Y-127.2252

G1 Z0F20000

(Start Block)


G1X132.8065Y-127.2252
G1Z5F20000
(Plotting speed under)
G1 F4000


G1X104.3367Y-102.9776

G1X119.0782Y-161.9408

G1 Z0F20000

(Start Block)


G1X119.0782Y-161.9408
G1Z5F20000
(Plotting speed under)
G1 F4000


G1X132.8065Y-127.2252

G1X82.1100Y-159.9118

G1 Z0F20000

(Start Block)


G1X82.1100Y-159.9118
G1Z5F20000
(Plotting speed under)
G1 F4000


G1X119.0782Y-161.9408

G1X72.6837Y-124.2421

G1 Z0F20000

(Start Block)


G1X72.6837Y-124.2421
G1Z5F20000
(Plotting speed under)
G1 F4000


G1X82.1100Y-159.9118

G1X103.8666Y-104.1016

G1 Z0F20000

(Start Block)


G1X103.8666Y-104.1016
G1Z5F20000
(Plotting speed under)
G1 F4000


G1X72.6837Y-124.2421

G1X133.1174Y-127.3953

G1 Z0F20000

(Start Block)


G1X133.1174Y-127.3953
G1Z5F20000
(Plotting speed under)
G1 F4000


G1X103.8666Y-104.1016

G1X120.5407Y-162.5511

G1 Z0F20000

(Start Block)


G1X120.5407Y-162.5511
G1Z5F20000
(Plotting speed under)
G1 F4000


G1X133.1174Y-127.3953

G1X83.5177Y-161.7538

G1 Z0F20000

(Start Block)


G1X83.5177Y-161.7538
G1Z5F20000
(Plotting speed under)
G1 F4000


G1X120.5407Y-162.5511

G1X72.9053Y-126.4205

G1 Z0F20000

(Start Block)


G1X72.9053Y-126.4205
G1Z5F20000
(Plotting speed under)
G1 F4000


G1X83.5177Y-161.7538

G1X103.3949Y-105.2605

G1 Z0F20000

(Start Block)


G1X103.3949Y-105.2605
G1Z5F20000
(Plotting speed under)
G1 F4000


G1X72.9053Y-126.4205

G1X133.3947Y-127.5748

G1 Z0F20000

(Start Block)


G1X133.3947Y-127.5748
G1Z5F20000
(Plotting speed under)
G1 F4000


G1X103.3949Y-105.2605

G1X121.9835Y-163.1326

G1 Z0F20000

(Start Block)


G1X121.9835Y-163.1326
G1Z5F20000
(Plotting speed under)
G1 F4000


G1X133.3947Y-127.5748

G1X84.9466Y-163.5681

G1 Z0F20000

(Start Block)


G1X84.9466Y-163.5681
G1Z5F20000
(Plotting speed under)
G1 F4000


G1X121.9835Y-163.1326

G1X73.1600Y-128.6104

G1 Z0F20000

(Start Block)


G1X73.1600Y-128.6104
G1Z5F20000
(Plotting speed under)
G1 F4000


G1X84.9466Y-163.5681

G1X102.9229Y-106.4543

G1 Z0F20000

(Start Block)


G1X102.9229Y-106.4543
G1Z5F20000
(Plotting speed under)
G1 F4000


G1X73.1600Y-128.6104

G1X133.6387Y-127.7650

G1 Z0F20000

(Start Block)


G1X133.6387Y-127.7650
G1Z5F20000
(Plotting speed under)
G1 F4000


G1X102.9229Y-106.4543

G1X123.4058Y-163.6858

G1 Z0F20000

(Start Block)


G1X123.4058Y-163.6858
G1Z5F20000
(Plotting speed under)
G1 F4000


G1X133.6387Y-127.7650

G1X86.3959Y-165.3539

G1 Z0F20000

(Start Block)


G1X86.3959Y-165.3539
G1Z5F20000
(Plotting speed under)
G1 F4000


G1X123.4058Y-163.6858

G1X73.4480Y-130.8105

G1 Z0F20000

(Start Block)


G1X73.4480Y-130.8105
G1Z5F20000
(Plotting speed under)
G1 F4000


G1X86.3959Y-165.3539

G1X102.4516Y-107.6832

G1 Z0F20000

(Start Block)


G1X102.4516Y-107.6832
G1Z5F20000
(Plotting speed under)
G1 F4000


G1X73.4480Y-130.8105

G1X133.8497Y-127.9669

G1 Z0F20000

(Start Block)


G1X133.8497Y-127.9669
G1Z5F20000
(Plotting speed under)
G1 F4000


G1X102.4516Y-107.6832

G1X124.8064Y-164.2115

G1 Z0F20000

(Start Block)


G1X124.8064Y-164.2115
G1Z5F20000
(Plotting speed under)
G1 F4000


G1X133.8497Y-127.9669

G1X87.8645Y-167.1107

G1 Z0F20000

(Start Block)


G1X87.8645Y-167.1107
G1Z5F20000
(Plotting speed under)
G1 F4000


G1X124.8064Y-164.2115

G1X73.7698Y-133.0198

G1 Z0F20000

(Start Block)


G1X73.7698Y-133.0198
G1Z5F20000
(Plotting speed under)
G1 F4000


G1X87.8645Y-167.1107

G1X101.9822Y-108.9469

G1 Z0F20000

(Start Block)


G1X101.9822Y-108.9469
G1Z5F20000
(Plotting speed under)
G1 F4000


G1X73.7698Y-133.0198

G1X134.0283Y-128.1817

G1 Z0F20000

(Start Block)


G1X134.0283Y-128.1817
G1Z5F20000
(Plotting speed under)
G1 F4000


G1X101.9822Y-108.9469

G1X126.1847Y-164.7104

G1 Z0F20000

(Start Block)


G1X126.1847Y-164.7104
G1Z5F20000
(Plotting speed under)
G1 F4000


G1X134.0283Y-128.1817

G1X89.3514Y-168.8376

G1 Z0F20000

(Start Block)


G1X89.3514Y-168.8376
G1Z5F20000
(Plotting speed under)
G1 F4000


G1X126.1847Y-164.7104

G1X74.1256Y-135.2372

G1 Z0F20000

(Start Block)


G1X74.1256Y-135.2372
G1Z5F20000
(Plotting speed under)
G1 F4000


G1X89.3514Y-168.8376

G1X101.5160Y-110.2454

G1 Z0F20000

(Start Block)


G1X101.5160Y-110.2454
G1Z5F20000
(Plotting speed under)
G1 F4000


G1X74.1256Y-135.2372

G1X134.1747Y-128.4104

G1 Z0F20000

(Start Block)


G1X134.1747Y-128.4104
G1Z5F20000
(Plotting speed under)
G1 F4000


G1X101.5160Y-110.2454

G1X127.5397Y-165.1832

G1 Z0F20000

(Start Block)


G1X127.5397Y-165.1832
G1Z5F20000
(Plotting speed under)
G1 F4000


G1X134.1747Y-128.4104

G1X90.8558Y-170.5342

G1 Z0F20000

(Start Block)


G1X90.8558Y-170.5342
G1Z5F20000
(Plotting speed under)
G1 F4000


G1X127.5397Y-165.1832

G1X74.5156Y-137.4615

G1 Z0F20000

(Start Block)


G1X74.5156Y-137.4615
G1Z5F20000
(Plotting speed under)
G1 F4000


G1X90.8558Y-170.5342

G1X101.0539Y-111.5787

G1 Z0F20000

(Start Block)


G1X101.0539Y-111.5787
G1Z5F20000
(Plotting speed under)
G1 F4000


G1X74.5156Y-137.4615

G1X134.2896Y-128.6541

G1 Z0F20000

(Start Block)


G1X134.2896Y-128.6541
G1Z5F20000
(Plotting speed under)
G1 F4000


G1X101.0539Y-111.5787

G1X128.8704Y-165.6307

G1 Z0F20000

(Start Block)


G1X128.8704Y-165.6307
G1Z5F20000
(Plotting speed under)
G1 F4000


G1X134.2896Y-128.6541

G1X92.3765Y-172.2000

G1 Z0F20000

(Start Block)


G1X92.3765Y-172.2000
G1Z5F20000
(Plotting speed under)
G1 F4000


G1X128.8704Y-165.6307

G1X74.9402Y-139.6916

G1 Z0F20000

(Start Block)


G1X74.9402Y-139.6916
G1Z5F20000
(Plotting speed under)
G1 F4000


G1X92.3765Y-172.2000

G1X100.5973Y-112.9465

G1 Z0F20000

(Start Block)


G1X100.5973Y-112.9465
G1Z5F20000
(Plotting speed under)
G1 F4000


G1X74.9402Y-139.6916

G1X134.3733Y-128.9137

G1 Z0F20000

(Start Block)


G1X134.3733Y-128.9137
G1Z5F20000
(Plotting speed under)
G1 F4000


G1X100.5973Y-112.9465

G1X130.1762Y-166.0538

G1 Z0F20000

(Start Block)


G1X130.1762Y-166.0538
G1Z5F20000
(Plotting speed under)
G1 F4000


G1X134.3733Y-128.9137

G1X93.9125Y-173.8343

G1 Z0F20000

(Start Block)


G1X93.9125Y-173.8343
G1Z5F20000
(Plotting speed under)
G1 F4000


G1X130.1762Y-166.0538

G1X75.3994Y-141.9263

G1 Z0F20000

(Start Block)


G1X75.3994Y-141.9263
G1Z5F20000
(Plotting speed under)
G1 F4000


G1X93.9125Y-173.8343

G1X100.1472Y-114.3486

G1 Z0F20000

(Start Block)


G1X100.1472Y-114.3486
G1Z5F20000
(Plotting speed under)
G1 F4000


G1X75.3994Y-141.9263

G1X134.4266Y-129.1904

G1 Z0F20000

(Start Block)


G1X134.4266Y-129.1904
G1Z5F20000
(Plotting speed under)
G1 F4000


G1X100.1472Y-114.3486

G1X131.4562Y-166.4533

G1 Z0F20000

(Start Block)


G1X131.4562Y-166.4533
G1Z5F20000
(Plotting speed under)
G1 F4000


G1X134.4266Y-129.1904

G1X95.4628Y-175.4367

G1 Z0F20000

(Start Block)


G1X95.4628Y-175.4367
G1Z5F20000
(Plotting speed under)
G1 F4000


G1X131.4562Y-166.4533

G1X75.8934Y-144.1645

G1 Z0F20000

(Start Block)


G1X75.8934Y-144.1645
G1Z5F20000
(Plotting speed under)
G1 F4000


G1X95.4628Y-175.4367

G1X99.7047Y-115.7849

G1 Z0F20000

(Start Block)


G1X99.7047Y-115.7849
G1Z5F20000
(Plotting speed under)
G1 F4000


G1X75.8934Y-144.1645

G1X134.4499Y-129.4851

G1 Z0F20000

(Start Block)


G1X134.4499Y-129.4851
G1Z5F20000
(Plotting speed under)
G1 F4000


G1X99.7047Y-115.7849

G1X132.7097Y-166.8301

G1 Z0F20000

(Start Block)


G1X132.7097Y-166.8301
G1Z5F20000
(Plotting speed under)
G1 F4000


G1X134.4499Y-129.4851

G1X97.0263Y-177.0067

G1 Z0F20000

(Start Block)


G1X97.0263Y-177.0067
G1Z5F20000
(Plotting speed under)
G1 F4000


G1X132.7097Y-166.8301

G1X76.4223Y-146.4050

G1 Z0F20000

(Start Block)


G1X76.4223Y-146.4050
G1Z5F20000
(Plotting speed under)
G1 F4000


G1X97.0263Y-177.0067

G1X99.2710Y-117.2550

G1 Z0F20000

(Start Block)


G1X99.2710Y-117.2550
G1Z5F20000
(Plotting speed under)
G1 F4000


G1X76.4223Y-146.4050

G1X134.4438Y-129.7989

G1 Z0F20000

(Start Block)


G1X134.4438Y-129.7989
G1Z5F20000
(Plotting speed under)
G1 F4000


G1X99.2710Y-117.2550

G1X133.9358Y-167.1850

G1 Z0F20000

(Start Block)


G1X133.9358Y-167.1850
G1Z5F20000
(Plotting speed under)
G1 F4000


G1X134.4438Y-129.7989

G1X98.6020Y-178.5439

G1 Z0F20000

(Start Block)


G1X98.6020Y-178.5439
G1Z5F20000
(Plotting speed under)
G1 F4000


G1X133.9358Y-167.1850

G1X76.9861Y-148.6467

G1 Z0F20000

(Start Block)


G1X76.9861Y-148.6467
G1Z5F20000
(Plotting speed under)
G1 F4000


G1X98.6020Y-178.5439

G1X98.8473Y-118.7586

G1 Z0F20000

(Start Block)


G1X98.8473Y-118.7586
G1Z5F20000
(Plotting speed under)
G1 F4000


G1X76.9861Y-148.6467

G1X134.4091Y-130.1326

G1 Z0F20000

(Start Block)


G1X134.4091Y-130.1326
G1Z5F20000
(Plotting speed under)
G1 F4000


G1X98.8473Y-118.7586

G1X135.1340Y-167.5189

G1 Z0F20000

(Start Block)


G1X135.1340Y-167.5189
G1Z5F20000
(Plotting speed under)
G1 F4000


G1X134.4091Y-130.1326

G1X100.1886Y-180.0480

G1 Z0F20000

(Start Block)


G1X100.1886Y-180.0480
G1Z5F20000
(Plotting speed under)
G1 F4000


G1X135.1340Y-167.5189

G1X77.5849Y-150.8884

G1 Z0F20000

(Start Block)


G1X77.5849Y-150.8884
G1Z5F20000
(Plotting speed under)
G1 F4000


G1X100.1886Y-180.0480

G1X98.4346Y-120.2954

G1 Z0F20000

(Start Block)


G1X98.4346Y-120.2954
G1Z5F20000
(Plotting speed under)
G1 F4000


G1X77.5849Y-150.8884

G1X134.3463Y-130.4872

G1 Z0F20000

(Start Block)


G1X134.3463Y-130.4872
G1Z5F20000
(Plotting speed under)
G1 F4000


G1X98.4346Y-120.2954

G1X136.3035Y-167.8329

G1 Z0F20000

(Start Block)


G1X136.3035Y-167.8329
G1Z5F20000
(Plotting speed under)
G1 F4000


G1X134.3463Y-130.4872

G1X101.7852Y-181.5185

G1 Z0F20000

(Start Block)


G1X101.7852Y-181.5185
G1Z5F20000
(Plotting speed under)
G1 F4000


G1X136.3035Y-167.8329

G1X78.2186Y-153.1289

G1 Z0F20000

(Start Block)


G1X78.2186Y-153.1289
G1Z5F20000
(Plotting speed under)
G1 F4000


G1X101.7852Y-181.5185

G1X98.0339Y-121.8650

G1 Z0F20000

(Start Block)


G1X98.0339Y-121.8650
G1Z5F20000
(Plotting speed under)
G1 F4000


G1X78.2186Y-153.1289

G1X134.2562Y-130.8636

G1 Z0F20000

(Start Block)


G1X134.2562Y-130.8636
G1Z5F20000
(Plotting speed under)
G1 F4000


G1X98.0339Y-121.8650

G1X137.4436Y-168.1278

G1 Z0F20000

(Start Block)


G1X137.4436Y-168.1278
G1Z5F20000
(Plotting speed under)
G1 F4000


G1X134.2562Y-130.8636

G1X103.3906Y-182.9552

G1 Z0F20000

(Start Block)


G1X103.3906Y-182.9552
G1Z5F20000
(Plotting speed under)
G1 F4000


G1X137.4436Y-168.1278

G1X78.8872Y-155.3671

G1 Z0F20000

(Start Block)


G1X78.8872Y-155.3671
G1Z5F20000
(Plotting speed under)
G1 F4000


G1X103.3906Y-182.9552

G1X97.6465Y-123.4670

G1 Z0F20000

(Start Block)


G1X97.6465Y-123.4670
G1Z5F20000
(Plotting speed under)
G1 F4000


G1X78.8872Y-155.3671

G1X134.1396Y-131.2628

G1 Z0F20000

(Start Block)


G1X134.1396Y-131.2628
G1Z5F20000
(Plotting speed under)
G1 F4000


G1X97.6465Y-123.4670

G1X138.5538Y-168.4047

G1 Z0F20000

(Start Block)


G1X138.5538Y-168.4047
G1Z5F20000
(Plotting speed under)
G1 F4000


G1X134.1396Y-131.2628

G1X105.0037Y-184.3578

G1 Z0F20000

(Start Block)


G1X105.0037Y-184.3578
G1Z5F20000
(Plotting speed under)
G1 F4000


G1X138.5538Y-168.4047

G1X79.5906Y-157.6019

G1 Z0F20000

(Start Block)


G1X79.5906Y-157.6019
G1Z5F20000
(Plotting speed under)
G1 F4000


G1X105.0037Y-184.3578

G1X97.2733Y-125.1009

G1 Z0F20000

(Start Block)


G1X97.2733Y-125.1009
G1Z5F20000
(Plotting speed under)
G1 F4000


G1X79.5906Y-157.6019

G1X133.9972Y-131.6856

G1 Z0F20000

(Start Block)


G1X133.9972Y-131.6856
G1Z5F20000
(Plotting speed under)
G1 F4000


G1X97.2733Y-125.1009

G1X139.6335Y-168.6646

G1 Z0F20000

(Start Block)


G1X139.6335Y-168.6646
G1Z5F20000
(Plotting speed under)
G1 F4000


G1X133.9972Y-131.6856

G1X106.6233Y-185.7260

G1 Z0F20000

(Start Block)


G1X106.6233Y-185.7260
G1Z5F20000
(Plotting speed under)
G1 F4000


G1X139.6335Y-168.6646

G1X80.3287Y-159.8321

G1 Z0F20000

(Start Block)


G1X80.3287Y-159.8321
G1Z5F20000
(Plotting speed under)
G1 F4000


G1X106.6233Y-185.7260

G1X96.9154Y-126.7663

G1 Z0F20000

(Start Block)


G1X96.9154Y-126.7663
G1Z5F20000
(Plotting speed under)
G1 F4000


G1X80.3287Y-159.8321

G1X133.8298Y-132.1328

G1 Z0F20000

(Start Block)


G1X133.8298Y-132.1328
G1Z5F20000
(Plotting speed under)
G1 F4000


G1X96.9154Y-126.7663

G1X140.6820Y-168.9085

G1 Z0F20000

(Start Block)


G1X140.6820Y-168.9085
G1Z5F20000
(Plotting speed under)
G1 F4000


G1X133.8298Y-132.1328

G1X108.2483Y-187.0597

G1 Z0F20000

(Start Block)


G1X108.2483Y-187.0597
G1Z5F20000
(Plotting speed under)
G1 F4000


G1X140.6820Y-168.9085

G1X81.1012Y-162.0565

G1 Z0F20000

(Start Block)


G1X81.1012Y-162.0565
G1Z5F20000
(Plotting speed under)
G1 F4000


G1X108.2483Y-187.0597

G1X96.5739Y-128.4625

G1 Z0F20000

(Start Block)


G1X96.5739Y-128.4625
G1Z5F20000
(Plotting speed under)
G1 F4000


G1X81.1012Y-162.0565

G1X133.6382Y-132.6053

G1 Z0F20000

(Start Block)


G1X133.6382Y-132.6053
G1Z5F20000
(Plotting speed under)
G1 F4000


G1X96.5739Y-128.4625

G1X141.6990Y-169.1373

G1 Z0F20000

(Start Block)


G1X141.6990Y-169.1373
G1Z5F20000
(Plotting speed under)
G1 F4000


G1X133.6382Y-132.6053

G1X109.8776Y-188.3587

G1 Z0F20000

(Start Block)


G1X109.8776Y-188.3587
G1Z5F20000
(Plotting speed under)
G1 F4000


G1X141.6990Y-169.1373

G1X81.9080Y-164.2739

G1 Z0F20000

(Start Block)


G1X81.9080Y-164.2739
G1Z5F20000
(Plotting speed under)
G1 F4000


G1X109.8776Y-188.3587

G1X96.2498Y-130.1891

G1 Z0F20000

(Start Block)


G1X96.2498Y-130.1891
G1Z5F20000
(Plotting speed under)
G1 F4000


G1X81.9080Y-164.2739

G1X133.4232Y-133.1039

G1 Z0F20000

(Start Block)


G1X133.4232Y-133.1039
G1Z5F20000
(Plotting speed under)
G1 F4000


G1X96.2498Y-130.1891

G1X142.6839Y-169.3523

G1 Z0F20000

(Start Block)


G1X142.6839Y-169.3523
G1Z5F20000
(Plotting speed under)
G1 F4000


G1X133.4232Y-133.1039

G1X111.5099Y-189.6229

G1 Z0F20000

(Start Block)


G1X111.5099Y-189.6229
G1Z5F20000
(Plotting speed under)
G1 F4000


G1X142.6839Y-169.3523

G1X82.7488Y-166.4833

G1 Z0F20000

(Start Block)


G1X82.7488Y-166.4833
G1Z5F20000
(Plotting speed under)
G1 F4000


G1X111.5099Y-189.6229

G1X95.9440Y-131.9454

G1 Z0F20000

(Start Block)


G1X95.9440Y-131.9454
G1Z5F20000
(Plotting speed under)
G1 F4000


G1X82.7488Y-166.4833

G1X133.1859Y-133.6292

G1 Z0F20000

(Start Block)


G1X133.1859Y-133.6292
G1Z5F20000
(Plotting speed under)
G1 F4000


G1X95.9440Y-131.9454

G1X143.6363Y-169.5544

G1 Z0F20000

(Start Block)


G1X143.6363Y-169.5544
G1Z5F20000
(Plotting speed under)
G1 F4000


G1X133.1859Y-133.6292

G1X113.1443Y-190.8521

G1 Z0F20000

(Start Block)


G1X113.1443Y-190.8521
G1Z5F20000
(Plotting speed under)
G1 F4000


G1X143.6363Y-169.5544

G1X83.6234Y-168.6836

G1 Z0F20000

(Start Block)


G1X83.6234Y-168.6836
G1Z5F20000
(Plotting speed under)
G1 F4000


G1X113.1443Y-190.8521

G1X95.6575Y-133.7309

G1 Z0F20000

(Start Block)


G1X95.6575Y-133.7309
G1Z5F20000
(Plotting speed under)
G1 F4000


G1X83.6234Y-168.6836

G1X132.9270Y-134.1821

G1 Z0F20000

(Start Block)


G1X132.9270Y-134.1821
G1Z5F20000
(Plotting speed under)
G1 F4000


G1X95.6575Y-133.7309

G1X144.5558Y-169.7447

G1 Z0F20000

(Start Block)


G1X144.5558Y-169.7447
G1Z5F20000
(Plotting speed under)
G1 F4000


G1X132.9270Y-134.1821

G1X114.7794Y-192.0464

G1 Z0F20000

(Start Block)


G1X114.7794Y-192.0464
G1Z5F20000
(Plotting speed under)
G1 F4000


G1X144.5558Y-169.7447

G1X84.5314Y-170.8736

G1 Z0F20000

(Start Block)


G1X84.5314Y-170.8736
G1Z5F20000
(Plotting speed under)
G1 F4000


G1X114.7794Y-192.0464

G1X95.3914Y-135.5448

G1 Z0F20000

(Start Block)


G1X95.3914Y-135.5448
G1Z5F20000
(Plotting speed under)
G1 F4000


G1X84.5314Y-170.8736

G1X132.6474Y-134.7632

G1 Z0F20000

(Start Block)


G1X132.6474Y-134.7632
G1Z5F20000
(Plotting speed under)
G1 F4000


G1X95.3914Y-135.5448

G1X145.4420Y-169.9244

G1 Z0F20000

(Start Block)


G1X145.4420Y-169.9244
G1Z5F20000
(Plotting speed under)
G1 F4000


G1X132.6474Y-134.7632

G1X116.4141Y-193.2058

G1 Z0F20000

(Start Block)


G1X116.4141Y-193.2058
G1Z5F20000
(Plotting speed under)
G1 F4000


G1X145.4420Y-169.9244

G1X85.4724Y-173.0522

G1 Z0F20000

(Start Block)


G1X85.4724Y-173.0522
G1Z5F20000
(Plotting speed under)
G1 F4000


G1X116.4141Y-193.2058

G1X95.1464Y-137.3865

G1 Z0F20000

(Start Block)


G1X95.1464Y-137.3865
G1Z5F20000
(Plotting speed under)
G1 F4000


G1X85.4724Y-173.0522

G1X132.3482Y-135.3732

G1 Z0F20000

(Start Block)


G1X132.3482Y-135.3732
G1Z5F20000
(Plotting speed under)
G1 F4000


G1X95.1464Y-137.3865

G1X146.2946Y-170.0945

G1 Z0F20000

(Start Block)


G1X146.2946Y-170.0945
G1Z5F20000
(Plotting speed under)
G1 F4000


G1X132.3482Y-135.3732

G1X118.0473Y-194.3302

G1 Z0F20000

(Start Block)


G1X118.0473Y-194.3302
G1Z5F20000
(Plotting speed under)
G1 F4000


G1X146.2946Y-170.0945

G1X86.4461Y-175.2183

G1 Z0F20000

(Start Block)


G1X86.4461Y-175.2183
G1Z5F20000
(Plotting speed under)
G1 F4000


G1X118.0473Y-194.3302

G1X94.9236Y-139.2553

G1 Z0F20000

(Start Block)


G1X94.9236Y-139.2553
G1Z5F20000
(Plotting speed under)
G1 F4000


G1X86.4461Y-175.2183

G1X132.0303Y-136.0127

G1 Z0F20000

(Start Block)


G1X132.0303Y-136.0127
G1Z5F20000
(Plotting speed under)
G1 F4000


G1X94.9236Y-139.2553

G1X147.1132Y-170.2562

G1 Z0F20000

(Start Block)


G1X147.1132Y-170.2562
G1Z5F20000
(Plotting speed under)
G1 F4000


G1X132.0303Y-136.0127

G1X119.6777Y-195.4198

G1 Z0F20000

(Start Block)


G1X119.6777Y-195.4198
G1Z5F20000
(Plotting speed under)
G1 F4000


G1X147.1132Y-170.2562

G1X87.4521Y-177.3709

G1 Z0F20000

(Start Block)


G1X87.4521Y-177.3709
G1Z5F20000
(Plotting speed under)
G1 F4000


G1X119.6777Y-195.4198

G1X94.7238Y-141.1504

G1 Z0F20000

(Start Block)


G1X94.7238Y-141.1504
G1Z5F20000
(Plotting speed under)
G1 F4000


G1X87.4521Y-177.3709

G1X131.6947Y-136.6824

G1 Z0F20000

(Start Block)


G1X131.6947Y-136.6824
G1Z5F20000
(Plotting speed under)
G1 F4000


G1X94.7238Y-141.1504

G1X147.8976Y-170.4106

G1 Z0F20000

(Start Block)


G1X147.8976Y-170.4106
G1Z5F20000
(Plotting speed under)
G1 F4000


G1X131.6947Y-136.6824

G1X121.3043Y-196.4746

G1 Z0F20000

(Start Block)


G1X121.3043Y-196.4746
G1Z5F20000
(Plotting speed under)
G1 F4000


G1X147.8976Y-170.4106

G1X88.4898Y-179.5089

G1 Z0F20000

(Start Block)


G1X88.4898Y-179.5089
G1Z5F20000
(Plotting speed under)
G1 F4000


G1X121.3043Y-196.4746

G1X94.5480Y-143.0710

G1 Z0F20000

(Start Block)


G1X94.5480Y-143.0710
G1Z5F20000
(Plotting speed under)
G1 F4000


G1X88.4898Y-179.5089

G1X131.3424Y-137.3828

G1 Z0F20000

(Start Block)


G1X131.3424Y-137.3828
G1Z5F20000
(Plotting speed under)
G1 F4000


G1X94.5480Y-143.0710

G1X148.6476Y-170.5588

G1 Z0F20000

(Start Block)


G1X148.6476Y-170.5588
G1Z5F20000
(Plotting speed under)
G1 F4000


G1X131.3424Y-137.3828

G1X122.9260Y-197.4948

G1 Z0F20000

(Start Block)


G1X122.9260Y-197.4948
G1Z5F20000
(Plotting speed under)
G1 F4000


G1X148.6476Y-170.5588

G1X89.5587Y-181.6312

G1 Z0F20000

(Start Block)


G1X89.5587Y-181.6312
G1Z5F20000
(Plotting speed under)
G1 F4000


G1X122.9260Y-197.4948

G1X94.3968Y-145.0164

G1 Z0F20000

(Start Block)


G1X94.3968Y-145.0164
G1Z5F20000
(Plotting speed under)
G1 F4000


G1X89.5587Y-181.6312

G1X130.9744Y-138.1145

G1 Z0F20000

(Start Block)


G1X130.9744Y-138.1145
G1Z5F20000
(Plotting speed under)
G1 F4000


G1X94.3968Y-145.0164

G1X149.3631Y-170.7021

G1 Z0F20000

(Start Block)


G1X149.3631Y-170.7021
G1Z5F20000
(Plotting speed under)
G1 F4000


G1X130.9744Y-138.1145

G1X124.5415Y-198.4806

G1 Z0F20000

(Start Block)


G1X124.5415Y-198.4806
G1Z5F20000
(Plotting speed under)
G1 F4000


G1X149.3631Y-170.7021

G1X90.6584Y-183.7368

G1 Z0F20000

(Start Block)


G1X90.6584Y-183.7368
G1Z5F20000
(Plotting speed under)
G1 F4000


G1X124.5415Y-198.4806

G1X94.2711Y-146.9856

G1 Z0F20000

(Start Block)


G1X94.2711Y-146.9856
G1Z5F20000
(Plotting speed under)
G1 F4000


G1X90.6584Y-183.7368

G1X130.5918Y-138.8779

G1 Z0F20000

(Start Block)


G1X130.5918Y-138.8779
G1Z5F20000
(Plotting speed under)
G1 F4000


G1X94.2711Y-146.9856

G1X150.0437Y-170.8414

G1 Z0F20000

(Start Block)


G1X150.0437Y-170.8414
G1Z5F20000
(Plotting speed under)
G1 F4000


G1X130.5918Y-138.8779

G1X126.1496Y-199.4322

G1 Z0F20000

(Start Block)


G1X126.1496Y-199.4322
G1Z5F20000
(Plotting speed under)
G1 F4000


G1X150.0437Y-170.8414

G1X91.7882Y-185.8247

G1 Z0F20000

(Start Block)


G1X91.7882Y-185.8247
G1Z5F20000
(Plotting speed under)
G1 F4000


G1X126.1496Y-199.4322

G1X94.1718Y-148.9779

G1 Z0F20000

(Start Block)


G1X94.1718Y-148.9779
G1Z5F20000
(Plotting speed under)
G1 F4000


G1X91.7882Y-185.8247

G1X130.1956Y-139.6735

G1 Z0F20000

(Start Block)


G1X130.1956Y-139.6735
G1Z5F20000
(Plotting speed under)
G1 F4000


G1X94.1718Y-148.9779

G1X150.6895Y-170.9780

G1 Z0F20000

(Start Block)


G1X150.6895Y-170.9780
G1Z5F20000
(Plotting speed under)
G1 F4000


G1X130.1956Y-139.6735

G1X127.7494Y-200.3498

G1 Z0F20000

(Start Block)


G1X127.7494Y-200.3498
G1Z5F20000
(Plotting speed under)
G1 F4000


G1X150.6895Y-170.9780

G1X92.9476Y-187.8939

G1 Z0F20000

(Start Block)


G1X92.9476Y-187.8939
G1Z5F20000
(Plotting speed under)
G1 F4000


G1X127.7494Y-200.3498

G1X94.0995Y-150.9923

G1 Z0F20000

(Start Block)


G1X94.0995Y-150.9923
G1Z5F20000
(Plotting speed under)
G1 F4000


G1X92.9476Y-187.8939

G1X129.7869Y-140.5018

G1 Z0F20000

(Start Block)


G1X129.7869Y-140.5018
G1Z5F20000
(Plotting speed under)
G1 F4000


G1X94.0995Y-150.9923

G1X151.3004Y-171.1131

G1 Z0F20000

(Start Block)


G1X151.3004Y-171.1131
G1Z5F20000
(Plotting speed under)
G1 F4000


G1X129.7869Y-140.5018

G1X129.3396Y-201.2339

G1 Z0F20000

(Start Block)


G1X129.3396Y-201.2339
G1Z5F20000
(Plotting speed under)
G1 F4000


G1X151.3004Y-171.1131

G1X94.1359Y-189.9435

G1 Z0F20000

(Start Block)


G1X94.1359Y-189.9435
G1Z5F20000
(Plotting speed under)
G1 F4000


G1X129.3396Y-201.2339

G1X94.0549Y-153.0280

G1 Z0F20000

(Start Block)


G1X94.0549Y-153.0280
G1Z5F20000
(Plotting speed under)
G1 F4000


G1X94.1359Y-189.9435

G1X129.3668Y-141.3632

G1 Z0F20000

(Start Block)


G1X129.3668Y-141.3632
G1Z5F20000
(Plotting speed under)
G1 F4000


G1X94.0549Y-153.0280

G1X151.8763Y-171.2478

G1 Z0F20000

(Start Block)


G1X151.8763Y-171.2478
G1Z5F20000
(Plotting speed under)
G1 F4000


G1X129.3668Y-141.3632

G1X130.9192Y-202.0846

G1 Z0F20000

(Start Block)


G1X130.9192Y-202.0846
G1Z5F20000
(Plotting speed under)
G1 F4000


G1X151.8763Y-171.2478

G1X95.3524Y-191.9725

G1 Z0F20000

(Start Block)


G1X95.3524Y-191.9725
G1Z5F20000
(Plotting speed under)
G1 F4000


G1X130.9192Y-202.0846

G1X94.0389Y-155.0839

G1 Z0F20000

(Start Block)


G1X94.0389Y-155.0839
G1Z5F20000
(Plotting speed under)
G1 F4000


G1X95.3524Y-191.9725

G1X128.9365Y-142.2579

G1 Z0F20000

(Start Block)


G1X128.9365Y-142.2579
G1Z5F20000
(Plotting speed under)
G1 F4000


G1X94.0389Y-155.0839

G1X152.4173Y-171.3832

G1 Z0F20000

(Start Block)


G1X152.4173Y-171.3832
G1Z5F20000
(Plotting speed under)
G1 F4000


G1X128.9365Y-142.2579

G1X132.4871Y-202.9024

G1 Z0F20000

(Start Block)


G1X132.4871Y-202.9024
G1Z5F20000
(Plotting speed under)
G1 F4000


G1X152.4173Y-171.3832

G1X96.5965Y-193.9799

G1 Z0F20000

(Start Block)


G1X96.5965Y-193.9799
G1Z5F20000
(Plotting speed under)
G1 F4000


G1X132.4871Y-202.9024

G1X94.0519Y-157.1593

G1 Z0F20000

(Start Block)


G1X94.0519Y-157.1593
G1Z5F20000
(Plotting speed under)
G1 F4000


G1X96.5965Y-193.9799

G1X128.4969Y-143.1864

G1 Z0F20000

(Start Block)


G1X128.4969Y-143.1864
G1Z5F20000
(Plotting speed under)
G1 F4000


G1X94.0519Y-157.1593

G1X152.9234Y-171.5206

G1 Z0F20000

(Start Block)


G1X152.9234Y-171.5206
G1Z5F20000
(Plotting speed under)
G1 F4000


G1X128.4969Y-143.1864

G1X134.0420Y-203.6877

G1 Z0F20000

(Start Block)


G1X134.0420Y-203.6877
G1Z5F20000
(Plotting speed under)
G1 F4000


G1X152.9234Y-171.5206

G1X97.8674Y-195.9649

G1 Z0F20000

(Start Block)


G1X97.8674Y-195.9649
G1Z5F20000
(Plotting speed under)
G1 F4000


G1X134.0420Y-203.6877

G1X94.0947Y-159.2529

G1 Z0F20000

(Start Block)


G1X94.0947Y-159.2529
G1Z5F20000
(Plotting speed under)
G1 F4000


G1X97.8674Y-195.9649

G1X128.0494Y-144.1489

G1 Z0F20000

(Start Block)


G1X128.0494Y-144.1489
G1Z5F20000
(Plotting speed under)
G1 F4000


G1X94.0947Y-159.2529

G1X153.3946Y-171.6611

G1 Z0F20000

(Start Block)


G1X153.3946Y-171.6611
G1Z5F20000
(Plotting speed under)
G1 F4000


G1X128.0494Y-144.1489

G1X135.5831Y-204.4409

G1 Z0F20000

(Start Block)


G1X135.5831Y-204.4409
G1Z5F20000
(Plotting speed under)
G1 F4000


G1X153.3946Y-171.6611

G1X99.1644Y-197.9266

G1 Z0F20000

(Start Block)


G1X99.1644Y-197.9266
G1Z5F20000
(Plotting speed under)
G1 F4000


G1X135.5831Y-204.4409

G1X94.1679Y-161.3640

G1 Z0F20000

(Start Block)


G1X94.1679Y-161.3640
G1Z5F20000
(Plotting speed under)
G1 F4000


G1X99.1644Y-197.9266

G1X127.5948Y-145.1457

G1 Z0F20000

(Start Block)


G1X127.5948Y-145.1457
G1Z5F20000
(Plotting speed under)
G1 F4000


G1X94.1679Y-161.3640

G1X153.8312Y-171.8058

G1 Z0F20000

(Start Block)


G1X153.8312Y-171.8058
G1Z5F20000
(Plotting speed under)
G1 F4000


G1X127.5948Y-145.1457

G1X137.1092Y-205.1625

G1 Z0F20000

(Start Block)


G1X137.1092Y-205.1625
G1Z5F20000
(Plotting speed under)
G1 F4000


G1X153.8312Y-171.8058

G1X100.4866Y-199.8641

G1 Z0F20000

(Start Block)


G1X100.4866Y-199.8641
G1Z5F20000
(Plotting speed under)
G1 F4000


G1X137.1092Y-205.1625

G1X94.2719Y-163.4914

G1 Z0F20000

(Start Block)


G1X94.2719Y-163.4914
G1Z5F20000
(Plotting speed under)
G1 F4000


G1X100.4866Y-199.8641

G1X127.1345Y-146.1770

G1 Z0F20000

(Start Block)


G1X127.1345Y-146.1770
G1Z5F20000
(Plotting speed under)
G1 F4000


G1X94.2719Y-163.4914

G1X154.2331Y-171.9558

G1 Z0F20000

(Start Block)


G1X154.2331Y-171.9558
G1Z5F20000
(Plotting speed under)
G1 F4000


G1X127.1345Y-146.1770

G1X138.6194Y-205.8530

G1 Z0F20000

(Start Block)


G1X138.6194Y-205.8530
G1Z5F20000
(Plotting speed under)
G1 F4000


G1X154.2331Y-171.9558

G1X101.8333Y-201.7767

G1 Z0F20000

(Start Block)


G1X101.8333Y-201.7767
G1Z5F20000
(Plotting speed under)
G1 F4000


G1X138.6194Y-205.8530

G1X94.4073Y-165.6342

G1 Z0F20000

(Start Block)


G1X94.4073Y-165.6342
G1Z5F20000
(Plotting speed under)
G1 F4000


G1X101.8333Y-201.7767

G1X126.6696Y-147.2429

G1 Z0F20000

(Start Block)


G1X126.6696Y-147.2429
G1Z5F20000
(Plotting speed under)
G1 F4000


G1X94.4073Y-165.6342

G1X154.6008Y-172.1125

G1 Z0F20000

(Start Block)


G1X154.6008Y-172.1125
G1Z5F20000
(Plotting speed under)
G1 F4000


G1X126.6696Y-147.2429

G1X140.1125Y-206.5130

G1 Z0F20000

(Start Block)


G1X140.1125Y-206.5130
G1Z5F20000
(Plotting speed under)
G1 F4000


G1X154.6008Y-172.1125

G1X103.2035Y-203.6634

G1 Z0F20000

(Start Block)


G1X103.2035Y-203.6634
G1Z5F20000
(Plotting speed under)
G1 F4000


G1X140.1125Y-206.5130

G1X94.5747Y-167.7912

G1 Z0F20000

(Start Block)


G1X94.5747Y-167.7912
G1Z5F20000
(Plotting speed under)
G1 F4000


G1X103.2035Y-203.6634

G1X126.2012Y-148.3436

G1 Z0F20000

(Start Block)


G1X126.2012Y-148.3436
G1Z5F20000
(Plotting speed under)
G1 F4000


G1X94.5747Y-167.7912

G1X154.9343Y-172.2767

G1 Z0F20000

(Start Block)


G1X154.9343Y-172.2767
G1Z5F20000
(Plotting speed under)
G1 F4000


G1X126.2012Y-148.3436

G1X141.5876Y-207.1430

G1 Z0F20000

(Start Block)


G1X141.5876Y-207.1430
G1Z5F20000
(Plotting speed under)
G1 F4000


G1X154.9343Y-172.2767

G1X104.5966Y-205.5236

G1 Z0F20000

(Start Block)


G1X104.5966Y-205.5236
G1Z5F20000
(Plotting speed under)
G1 F4000


G1X141.5876Y-207.1430

G1X94.7745Y-169.9614

G1 Z0F20000

(Start Block)


G1X94.7745Y-169.9614
G1Z5F20000
(Plotting speed under)
G1 F4000


G1X104.5966Y-205.5236

G1X125.7304Y-149.4792

G1 Z0F20000

(Start Block)


G1X125.7304Y-149.4792
G1Z5F20000
(Plotting speed under)
G1 F4000


G1X94.7745Y-169.9614

G1X155.2340Y-172.4498

G1 Z0F20000

(Start Block)


G1X155.2340Y-172.4498
G1Z5F20000
(Plotting speed under)
G1 F4000


G1X125.7304Y-149.4792

G1X143.0436Y-207.7437

G1 Z0F20000

(Start Block)


G1X143.0436Y-207.7437
G1Z5F20000
(Plotting speed under)
G1 F4000


G1X155.2340Y-172.4498

G1X106.0115Y-207.3565

G1 Z0F20000

(Start Block)


G1X106.0115Y-207.3565
G1Z5F20000
(Plotting speed under)
G1 F4000


G1X143.0436Y-207.7437

G1X95.0070Y-172.1438

G1 Z0F20000

(Start Block)


G1X95.0070Y-172.1438
G1Z5F20000
(Plotting speed under)
G1 F4000


G1X106.0115Y-207.3565

G1X125.2585Y-150.6497

G1 Z0F20000

(Start Block)


G1X125.2585Y-150.6497
G1Z5F20000
(Plotting speed under)
G1 F4000


G1X95.0070Y-172.1438

G1X155.5002Y-172.6328

G1 Z0F20000

(Start Block)


G1X155.5002Y-172.6328
G1Z5F20000
(Plotting speed under)
G1 F4000


G1X125.2585Y-150.6497

G1X144.4797Y-208.3157

G1 Z0F20000

(Start Block)


G1X144.4797Y-208.3157
G1Z5F20000
(Plotting speed under)
G1 F4000


G1X155.5002Y-172.6328

G1X107.4472Y-209.1614

G1 Z0F20000

(Start Block)


G1X107.4472Y-209.1614
G1Z5F20000
(Plotting speed under)
G1 F4000


G1X144.4797Y-208.3157

G1X95.2727Y-174.3372

G1 Z0F20000

(Start Block)


G1X95.2727Y-174.3372
G1Z5F20000
(Plotting speed under)
G1 F4000


G1X107.4472Y-209.1614

G1X124.7866Y-151.8552

G1 Z0F20000

(Start Block)


G1X124.7866Y-151.8552
G1Z5F20000
(Plotting speed under)
G1 F4000


G1X95.2727Y-174.3372

G1X155.7331Y-172.8267

G1 Z0F20000

(Start Block)


G1X155.7331Y-172.8267
G1Z5F20000
(Plotting speed under)
G1 F4000


G1X124.7866Y-151.8552

G1X145.8948Y-208.8597

G1 Z0F20000

(Start Block)


G1X145.8948Y-208.8597
G1Z5F20000
(Plotting speed under)
G1 F4000


G1X155.7331Y-172.8267

G1X108.9030Y-210.9376

G1 Z0F20000

(Start Block)


G1X108.9030Y-210.9376
G1Z5F20000
(Plotting speed under)
G1 F4000


G1X145.8948Y-208.8597

G1X95.5719Y-176.5405

G1 Z0F20000

(Start Block)


G1X95.5719Y-176.5405
G1Z5F20000
(Plotting speed under)
G1 F4000


G1X108.9030Y-210.9376

G1X124.3158Y-153.0957

G1 Z0F20000

(Start Block)


G1X124.3158Y-153.0957
G1Z5F20000
(Plotting speed under)
G1 F4000


G1X95.5719Y-176.5405

G1X155.9333Y-173.0328

G1 Z0F20000

(Start Block)


G1X155.9333Y-173.0328
G1Z5F20000
(Plotting speed under)
G1 F4000


G1X124.3158Y-153.0957

G1X147.2882Y-209.3764

G1 Z0F20000

(Start Block)


G1X147.2882Y-209.3764
G1Z5F20000
(Plotting speed under)
G1 F4000


G1X155.9333Y-173.0328

G1X110.3778Y-212.6845

G1 Z0F20000

(Start Block)


G1X110.3778Y-212.6845
G1Z5F20000
(Plotting speed under)
G1 F4000


G1X147.2882Y-209.3764

G1X95.9050Y-178.7526

G1 Z0F20000

(Start Block)


G1X95.9050Y-178.7526
G1Z5F20000
(Plotting speed under)
G1 F4000


G1X110.3778Y-212.6845

G1X123.8473Y-154.3710

G1 Z0F20000

(Start Block)


G1X123.8473Y-154.3710
G1Z5F20000
(Plotting speed under)
G1 F4000


G1X95.9050Y-178.7526

G1X156.1012Y-173.2521

G1 Z0F20000

(Start Block)


G1X156.1012Y-173.2521
G1Z5F20000
(Plotting speed under)
G1 F4000


G1X123.8473Y-154.3710

G1X148.6588Y-209.8665

G1 Z0F20000

(Start Block)


G1X148.6588Y-209.8665
G1Z5F20000
(Plotting speed under)
G1 F4000


G1X156.1012Y-173.2521

G1X111.8707Y-214.4014

G1 Z0F20000

(Start Block)


G1X111.8707Y-214.4014
G1Z5F20000
(Plotting speed under)
G1 F4000


G1X148.6588Y-209.8665

G1X96.2722Y-180.9725

G1 Z0F20000

(Start Block)


G1X96.2722Y-180.9725
G1Z5F20000
(Plotting speed under)
G1 F4000


G1X111.8707Y-214.4014

G1X123.3824Y-155.6811

G1 Z0F20000

(Start Block)


G1X123.3824Y-155.6811
G1Z5F20000
(Plotting speed under)
G1 F4000


G1X96.2722Y-180.9725

G1X156.2370Y-173.4857

G1 Z0F20000

(Start Block)


G1X156.2370Y-173.4857
G1Z5F20000
(Plotting speed under)
G1 F4000


G1X123.3824Y-155.6811

G1X150.0058Y-210.3308

G1 Z0F20000

(Start Block)


G1X150.0058Y-210.3308
G1Z5F20000
(Plotting speed under)
G1 F4000


G1X156.2370Y-173.4857

G1X113.3806Y-216.0878

G1 Z0F20000

(Start Block)


G1X113.3806Y-216.0878
G1Z5F20000
(Plotting speed under)
G1 F4000


G1X150.0058Y-210.3308

G1X96.6737Y-183.1988

G1 Z0F20000

(Start Block)


G1X96.6737Y-183.1988
G1Z5F20000
(Plotting speed under)
G1 F4000


G1X113.3806Y-216.0878

G1X122.9220Y-157.0259

G1 Z0F20000

(Start Block)


G1X122.9220Y-157.0259
G1Z5F20000
(Plotting speed under)
G1 F4000


G1X96.6737Y-183.1988

G1X156.3415Y-173.7345

G1 Z0F20000

(Start Block)


G1X156.3415Y-173.7345
G1Z5F20000
(Plotting speed under)
G1 F4000


G1X122.9220Y-157.0259

G1X151.3283Y-210.7701

G1 Z0F20000

(Start Block)


G1X151.3283Y-210.7701
G1Z5F20000
(Plotting speed under)
G1 F4000


G1X156.3415Y-173.7345

G1X114.9065Y-217.7432

G1 Z0F20000

(Start Block)


G1X114.9065Y-217.7432
G1Z5F20000
(Plotting speed under)
G1 F4000


G1X151.3283Y-210.7701

G1X97.1098Y-185.4306

G1 Z0F20000

(Start Block)


G1X97.1098Y-185.4306
G1Z5F20000
(Plotting speed under)
G1 F4000


G1X114.9065Y-217.7432

G1X122.4674Y-158.4051

G1 Z0F20000

(Start Block)


G1X122.4674Y-158.4051
G1Z5F20000
(Plotting speed under)
G1 F4000


G1X97.1098Y-185.4306

G1X156.4151Y-173.9998

G1 Z0F20000

(Start Block)


G1X156.4151Y-173.9998
G1Z5F20000
(Plotting speed under)
G1 F4000


G1X122.4674Y-158.4051

G1X152.6256Y-211.1852

G1 Z0F20000

(Start Block)


G1X152.6256Y-211.1852
G1Z5F20000
(Plotting speed under)
G1 F4000


G1X156.4151Y-173.9998

G1X116.4474Y-219.3669

G1 Z0F20000

(Start Block)


G1X116.4474Y-219.3669
G1Z5F20000
(Plotting speed under)
G1 F4000


G1X152.6256Y-211.1852

G1X97.5805Y-187.6666

G1 Z0F20000

(Start Block)


G1X97.5805Y-187.6666
G1Z5F20000
(Plotting speed under)
G1 F4000


G1X116.4474Y-219.3669

G1X122.0197Y-159.8187

G1 Z0F20000

(Start Block)


G1X122.0197Y-159.8187
G1Z5F20000
(Plotting speed under)
G1 F4000


G1X97.5805Y-187.6666

G1X156.4583Y-174.2823

G1 Z0F20000

(Start Block)


G1X156.4583Y-174.2823
G1Z5F20000
(Plotting speed under)
G1 F4000


G1X122.0197Y-159.8187

G1X153.8969Y-211.5771

G1 Z0F20000

(Start Block)


G1X153.8969Y-211.5771
G1Z5F20000
(Plotting speed under)
G1 F4000


G1X156.4583Y-174.2823

G1X118.0022Y-220.9586

G1 Z0F20000

(Start Block)


G1X118.0022Y-220.9586
G1Z5F20000
(Plotting speed under)
G1 F4000


G1X153.8969Y-211.5771

G1X98.0861Y-189.9057

G1 Z0F20000

(Start Block)


G1X98.0861Y-189.9057
G1Z5F20000
(Plotting speed under)
G1 F4000


G1X118.0022Y-220.9586

G1X121.5800Y-161.2662

G1 Z0F20000

(Start Block)


G1X121.5800Y-161.2662
G1Z5F20000
(Plotting speed under)
G1 F4000


G1X98.0861Y-189.9057

G1X156.4717Y-174.5833

G1 Z0F20000

(Start Block)


G1X156.4717Y-174.5833
G1Z5F20000
(Plotting speed under)
G1 F4000


G1X121.5800Y-161.2662

G1X155.1413Y-211.9464

G1 Z0F20000

(Start Block)


G1X155.1413Y-211.9464
G1Z5F20000
(Plotting speed under)
G1 F4000


G1X156.4717Y-174.5833

G1X119.5699Y-222.5177

G1 Z0F20000

(Start Block)


G1X119.5699Y-222.5177
G1Z5F20000
(Plotting speed under)
G1 F4000


G1X155.1413Y-211.9464

G1X98.6266Y-192.1467

G1 Z0F20000

(Start Block)


G1X98.6266Y-192.1467
G1Z5F20000
(Plotting speed under)
G1 F4000


G1X119.5699Y-222.5177

G1X121.1495Y-162.7475

G1 Z0F20000

(Start Block)


G1X121.1495Y-162.7475
G1Z5F20000
(Plotting speed under)
G1 F4000


G1X98.6266Y-192.1467

G1X156.4560Y-174.9035

G1 Z0F20000

(Start Block)


G1X156.4560Y-174.9035
G1Z5F20000
(Plotting speed under)
G1 F4000


G1X121.1495Y-162.7475

G1X156.3583Y-212.2942

G1 Z0F20000

(Start Block)


G1X156.3583Y-212.2942
G1Z5F20000
(Plotting speed under)
G1 F4000


G1X156.4560Y-174.9035

G1X121.1493Y-224.0440

G1 Z0F20000

(Start Block)


G1X121.1493Y-224.0440
G1Z5F20000
(Plotting speed under)
G1 F4000


G1X156.3583Y-212.2942

G1X99.2021Y-194.3885

G1 Z0F20000

(Start Block)


G1X99.2021Y-194.3885
G1Z5F20000
(Plotting speed under)
G1 F4000


G1X121.1493Y-224.0440

G1X120.7293Y-164.2622

G1 Z0F20000

(Start Block)


G1X120.7293Y-164.2622
G1Z5F20000
(Plotting speed under)
G1 F4000


G1X99.2021Y-194.3885

G1X156.4119Y-175.2441

G1 Z0F20000

(Start Block)


G1X156.4119Y-175.2441
G1Z5F20000
(Plotting speed under)
G1 F4000


G1X120.7293Y-164.2622

G1X157.5469Y-212.6215

G1 Z0F20000

(Start Block)


G1X157.5469Y-212.6215
G1Z5F20000
(Plotting speed under)
G1 F4000


G1X156.4119Y-175.2441

G1X122.7395Y-225.5369

G1 Z0F20000

(Start Block)


G1X122.7395Y-225.5369
G1Z5F20000
(Plotting speed under)
G1 F4000


G1X157.5469Y-212.6215

G1X99.8125Y-196.6300

G1 Z0F20000

(Start Block)


G1X99.8125Y-196.6300
G1Z5F20000
(Plotting speed under)
G1 F4000


G1X122.7395Y-225.5369

G1X120.3204Y-165.8100

G1 Z0F20000

(Start Block)


G1X120.3204Y-165.8100
G1Z5F20000
(Plotting speed under)
G1 F4000


G1X99.8125Y-196.6300

G1X156.3399Y-175.6059

G1 Z0F20000

(Start Block)


G1X156.3399Y-175.6059
G1Z5F20000
(Plotting speed under)
G1 F4000


G1X120.3204Y-165.8100

G1X158.7067Y-212.9290

G1 Z0F20000

(Start Block)


G1X158.7067Y-212.9290
G1Z5F20000
(Plotting speed under)
G1 F4000


G1X156.3399Y-175.6059

G1X124.3391Y-226.9962

G1 Z0F20000

(Start Block)


G1X124.3391Y-226.9962
G1Z5F20000
(Plotting speed under)
G1 F4000


G1X158.7067Y-212.9290

G1X100.4578Y-198.8699

G1 Z0F20000

(Start Block)


G1X100.4578Y-198.8699
G1Z5F20000
(Plotting speed under)
G1 F4000


G1X124.3391Y-226.9962

G1X119.9241Y-167.3904

G1 Z0F20000

(Start Block)


G1X119.9241Y-167.3904
G1Z5F20000
(Plotting speed under)
G1 F4000


G1X100.4578Y-198.8699

G1X156.2410Y-175.9898

G1 Z0F20000

(Start Block)


G1X156.2410Y-175.9898
G1Z5F20000
(Plotting speed under)
G1 F4000


G1X119.9241Y-167.3904

G1X159.8369Y-213.2178

G1 Z0F20000

(Start Block)


G1X159.8369Y-213.2178
G1Z5F20000
(Plotting speed under)
G1 F4000


G1X156.2410Y-175.9898

G1X125.9472Y-228.4216

G1 Z0F20000

(Start Block)


G1X125.9472Y-228.4216
G1Z5F20000
(Plotting speed under)
G1 F4000


G1X159.8369Y-213.2178

G1X101.1380Y-201.1071

G1 Z0F20000

(Start Block)


G1X101.1380Y-201.1071
G1Z5F20000
(Plotting speed under)
G1 F4000


G1X125.9472Y-228.4216

G1X119.5413Y-169.0030

G1 Z0F20000

(Start Block)


G1X119.5413Y-169.0030
G1Z5F20000
(Plotting speed under)
G1 F4000


G1X101.1380Y-201.1071

G1X156.1157Y-176.3967

G1 Z0F20000

(Start Block)


G1X156.1157Y-176.3967
G1Z5F20000
(Plotting speed under)
G1 F4000


G1X119.5413Y-169.0030

G1X160.9371Y-213.4889

G1 Z0F20000

(Start Block)


G1X160.9371Y-213.4889
G1Z5F20000
(Plotting speed under)
G1 F4000


G1X156.1157Y-176.3967

G1X127.5625Y-229.8127

G1 Z0F20000

(Start Block)


G1X127.5625Y-229.8127
G1Z5F20000
(Plotting speed under)
G1 F4000


G1X160.9371Y-213.4889

G1X101.8529Y-203.3404

G1 Z0F20000

(Start Block)


G1X101.8529Y-203.3404
G1Z5F20000
(Plotting speed under)
G1 F4000


G1X127.5625Y-229.8127

G1X119.1731Y-170.6475

G1 Z0F20000

(Start Block)


G1X119.1731Y-170.6475
G1Z5F20000
(Plotting speed under)
G1 F4000


G1X101.8529Y-203.3404

G1X155.9648Y-176.8276

G1 Z0F20000

(Start Block)


G1X155.9648Y-176.8276
G1Z5F20000
(Plotting speed under)
G1 F4000


G1X119.1731Y-170.6475

G1X162.0064Y-213.7434

G1 Z0F20000

(Start Block)


G1X162.0064Y-213.7434
G1Z5F20000
(Plotting speed under)
G1 F4000


G1X155.9648Y-176.8276

G1X129.1841Y-231.1695

G1 Z0F20000

(Start Block)


G1X129.1841Y-231.1695
G1Z5F20000
(Plotting speed under)
G1 F4000


G1X162.0064Y-213.7434

G1X102.6025Y-205.5688

G1 Z0F20000

(Start Block)


G1X102.6025Y-205.5688
G1Z5F20000
(Plotting speed under)
G1 F4000


G1X129.1841Y-231.1695

G1X118.8205Y-172.3231

G1 Z0F20000

(Start Block)


G1X118.8205Y-172.3231
G1Z5F20000
(Plotting speed under)
G1 F4000


G1X102.6025Y-205.5688

G1X155.7893Y-177.2831

G1 Z0F20000

(Start Block)


G1X155.7893Y-177.2831
G1Z5F20000
(Plotting speed under)
G1 F4000


G1X118.8205Y-172.3231

G1X163.0445Y-213.9821

G1 Z0F20000

(Start Block)


G1X163.0445Y-213.9821
G1Z5F20000
(Plotting speed under)
G1 F4000


G1X155.7893Y-177.2831

G1X130.8107Y-232.4917

G1 Z0F20000

(Start Block)


G1X130.8107Y-232.4917
G1Z5F20000
(Plotting speed under)
G1 F4000


G1X163.0445Y-213.9821

G1X103.3864Y-207.7910

G1 Z0F20000

(Start Block)


G1X103.3864Y-207.7910
G1Z5F20000
(Plotting speed under)
G1 F4000


G1X130.8107Y-232.4917

G1X118.4847Y-174.0295

G1 Z0F20000

(Start Block)


G1X118.4847Y-174.0295
G1Z5F20000
(Plotting speed under)
G1 F4000


G1X103.3864Y-207.7910

G1X155.5898Y-177.7642

G1 Z0F20000

(Start Block)


G1X155.5898Y-177.7642
G1Z5F20000
(Plotting speed under)
G1 F4000


G1X118.4847Y-174.0295

G1X164.0509Y-214.2063

G1 Z0F20000

(Start Block)


G1X164.0509Y-214.2063
G1Z5F20000
(Plotting speed under)
G1 F4000


G1X155.5898Y-177.7642

G1X132.4411Y-233.7791

G1 Z0F20000

(Start Block)


G1X132.4411Y-233.7791
G1Z5F20000
(Plotting speed under)
G1 F4000


G1X164.0509Y-214.2063

G1X104.2046Y-210.0059

G1 Z0F20000

(Start Block)


G1X104.2046Y-210.0059
G1Z5F20000
(Plotting speed under)
G1 F4000


G1X132.4411Y-233.7791

G1X118.1666Y-175.7661

G1 Z0F20000

(Start Block)


G1X118.1666Y-175.7661
G1Z5F20000
(Plotting speed under)
G1 F4000


G1X104.2046Y-210.0059

G1X155.3673Y-178.2715

G1 Z0F20000

(Start Block)


G1X155.3673Y-178.2715
G1Z5F20000
(Plotting speed under)
G1 F4000


G1X118.1666Y-175.7661

G1X165.0251Y-214.4168

G1 Z0F20000

(Start Block)


G1X165.0251Y-214.4168
G1Z5F20000
(Plotting speed under)
G1 F4000


G1X155.3673Y-178.2715

G1X134.0742Y-235.0316

G1 Z0F20000

(Start Block)


G1X134.0742Y-235.0316
G1Z5F20000
(Plotting speed under)
G1 F4000


G1X165.0251Y-214.4168

G1X105.0567Y-212.2124

G1 Z0F20000

(Start Block)


G1X105.0567Y-212.2124
G1Z5F20000
(Plotting speed under)
G1 F4000


G1X134.0742Y-235.0316

G1X117.8671Y-177.5322

G1 Z0F20000

(Start Block)


G1X117.8671Y-177.5322
G1Z5F20000
(Plotting speed under)
G1 F4000


G1X105.0567Y-212.2124

G1X155.1227Y-178.8059

G1 Z0F20000

(Start Block)


G1X155.1227Y-178.8059
G1Z5F20000
(Plotting speed under)
G1 F4000


G1X117.8671Y-177.5322

G1X165.9666Y-214.6149

G1 Z0F20000

(Start Block)


G1X165.9666Y-214.6149
G1Z5F20000
(Plotting speed under)
G1 F4000


G1X155.1227Y-178.8059

G1X135.7089Y-236.2493

G1 Z0F20000

(Start Block)


G1X135.7089Y-236.2493
G1Z5F20000
(Plotting speed under)
G1 F4000


G1X165.9666Y-214.6149

G1X105.9424Y-214.4094

G1 Z0F20000

(Start Block)


G1X105.9424Y-214.4094
G1Z5F20000
(Plotting speed under)
G1 F4000


G1X135.7089Y-236.2493

G1X117.5873Y-179.3272

G1 Z0F20000

(Start Block)


G1X117.5873Y-179.3272
G1Z5F20000
(Plotting speed under)
G1 F4000


G1X105.9424Y-214.4094

G1X154.8568Y-179.3681

G1 Z0F20000

(Start Block)


G1X154.8568Y-179.3681
G1Z5F20000
(Plotting speed under)
G1 F4000


G1X117.5873Y-179.3272

G1X166.8750Y-214.8015

G1 Z0F20000

(Start Block)


G1X166.8750Y-214.8015
G1Z5F20000
(Plotting speed under)
G1 F4000


G1X154.8568Y-179.3681

G1X137.3440Y-237.4320

G1 Z0F20000

(Start Block)


G1X137.3440Y-237.4320
G1Z5F20000
(Plotting speed under)
G1 F4000


G1X166.8750Y-214.8015

G1X106.8615Y-216.5957

G1 Z0F20000

(Start Block)


G1X106.8615Y-216.5957
G1Z5F20000
(Plotting speed under)
G1 F4000


G1X137.3440Y-237.4320

G1X117.3281Y-181.1505

G1 Z0F20000

(Start Block)


G1X117.3281Y-181.1505
G1Z5F20000
(Plotting speed under)
G1 F4000


G1X106.8615Y-216.5957

G1X154.5706Y-179.9588

G1 Z0F20000

(Start Block)


G1X154.5706Y-179.9588
G1Z5F20000
(Plotting speed under)
G1 F4000


G1X117.3281Y-181.1505

G1X167.7500Y-214.9779

G1 Z0F20000

(Start Block)


G1X167.7500Y-214.9779
G1Z5F20000
(Plotting speed under)
G1 F4000


G1X154.5706Y-179.9588

G1X138.9783Y-238.5797

G1 Z0F20000

(Start Block)


G1X138.9783Y-238.5797
G1Z5F20000
(Plotting speed under)
G1 F4000


G1X167.7500Y-214.9779

G1X107.8134Y-218.7703

G1 Z0F20000

(Start Block)


G1X107.8134Y-218.7703
G1Z5F20000
(Plotting speed under)
G1 F4000


G1X138.9783Y-238.5797

G1X117.0904Y-183.0013

G1 Z0F20000

(Start Block)


G1X117.0904Y-183.0013
G1Z5F20000
(Plotting speed under)
G1 F4000


G1X107.8134Y-218.7703

G1X154.2651Y-180.5785

G1 Z0F20000

(Start Block)


G1X154.2651Y-180.5785
G1Z5F20000
(Plotting speed under)
G1 F4000


G1X117.0904Y-183.0013

G1X168.5913Y-215.1451

G1 Z0F20000

(Start Block)


G1X168.5913Y-215.1451
G1Z5F20000
(Plotting speed under)
G1 F4000


G1X154.2651Y-180.5785

G1X140.6107Y-239.6925

G1 Z0F20000

(Start Block)


G1X140.6107Y-239.6925
G1Z5F20000
(Plotting speed under)
G1 F4000


G1X168.5913Y-215.1451

G1X108.7979Y-220.9320

G1 Z0F20000

(Start Block)


G1X108.7979Y-220.9320
G1Z5F20000
(Plotting speed under)
G1 F4000


G1X140.6107Y-239.6925

G1X116.8752Y-184.8789

G1 Z0F20000

(Start Block)


G1X116.8752Y-184.8789
G1Z5F20000
(Plotting speed under)
G1 F4000


G1X108.7979Y-220.9320

G1X153.9411Y-181.2281

G1 Z0F20000

(Start Block)


G1X153.9411Y-181.2281
G1Z5F20000
(Plotting speed under)
G1 F4000


G1X116.8752Y-184.8789

G1X169.3986Y-215.3042

G1 Z0F20000

(Start Block)


G1X169.3986Y-215.3042
G1Z5F20000
(Plotting speed under)
G1 F4000


G1X153.9411Y-181.2281

G1X142.2401Y-240.7705

G1 Z0F20000

(Start Block)


G1X142.2401Y-240.7705
G1Z5F20000
(Plotting speed under)
G1 F4000


G1X169.3986Y-215.3042

G1X109.8145Y-223.0799

G1 Z0F20000

(Start Block)


G1X109.8145Y-223.0799
G1Z5F20000
(Plotting speed under)
G1 F4000


G1X142.2401Y-240.7705

G1X116.6832Y-186.7825

G1 Z0F20000

(Start Block)


G1X116.6832Y-186.7825
G1Z5F20000
(Plotting speed under)
G1 F4000


G1X109.8145Y-223.0799

G1X153.5999Y-181.9079

G1 Z0F20000

(Start Block)


G1X153.5999Y-181.9079
G1Z5F20000
(Plotting speed under)
G1 F4000


G1X116.6832Y-186.7825

G1X170.1716Y-215.4565

G1 Z0F20000

(Start Block)


G1X170.1716Y-215.4565
G1Z5F20000
(Plotting speed under)
G1 F4000


G1X153.5999Y-181.9079

G1X143.8651Y-241.8138

G1 Z0F20000

(Start Block)


G1X143.8651Y-241.8138
G1Z5F20000
(Plotting speed under)
G1 F4000


G1X170.1716Y-215.4565

G1X110.8626Y-225.2127

G1 Z0F20000

(Start Block)


G1X110.8626Y-225.2127
G1Z5F20000
(Plotting speed under)
G1 F4000


G1X143.8651Y-241.8138

G1X116.5155Y-188.7115

G1 Z0F20000

(Start Block)


G1X116.5155Y-188.7115
G1Z5F20000
(Plotting speed under)
G1 F4000


G1X110.8626Y-225.2127

G1X153.2422Y-182.6187

G1 Z0F20000

(Start Block)


G1X153.2422Y-182.6187
G1Z5F20000
(Plotting speed under)
G1 F4000


G1X116.5155Y-188.7115

G1X170.9101Y-215.6029

G1 Z0F20000

(Start Block)


G1X170.9101Y-215.6029
G1Z5F20000
(Plotting speed under)
G1 F4000


G1X153.2422Y-182.6187

G1X145.4848Y-242.8225

G1 Z0F20000

(Start Block)


G1X145.4848Y-242.8225
G1Z5F20000
(Plotting speed under)
G1 F4000


G1X170.9101Y-215.6029

G1X111.9419Y-227.3296

G1 Z0F20000

(Start Block)


G1X111.9419Y-227.3296
G1Z5F20000
(Plotting speed under)
G1 F4000


G1X145.4848Y-242.8225

G1X116.3727Y-190.6649

G1 Z0F20000

(Start Block)


G1X116.3727Y-190.6649
G1Z5F20000
(Plotting speed under)
G1 F4000


G1X111.9419Y-227.3296

G1X152.8693Y-183.3608

G1 Z0F20000

(Start Block)


G1X152.8693Y-183.3608
G1Z5F20000
(Plotting speed under)
G1 F4000


G1X116.3727Y-190.6649

G1X171.6140Y-215.7447

G1 Z0F20000

(Start Block)


G1X171.6140Y-215.7447
G1Z5F20000
(Plotting speed under)
G1 F4000


G1X152.8693Y-183.3608

G1X147.0980Y-243.7969

G1 Z0F20000

(Start Block)


G1X147.0980Y-243.7969
G1Z5F20000
(Plotting speed under)
G1 F4000


G1X171.6140Y-215.7447

G1X113.0516Y-229.4294

G1 Z0F20000

(Start Block)


G1X113.0516Y-229.4294
G1Z5F20000
(Plotting speed under)
G1 F4000


G1X147.0980Y-243.7969

G1X116.2557Y-192.6419

G1 Z0F20000

(Start Block)


G1X116.2557Y-192.6419
G1Z5F20000
(Plotting speed under)
G1 F4000


G1X113.0516Y-229.4294

G1X152.4820Y-184.1349

G1 Z0F20000

(Start Block)


G1X152.4820Y-184.1349
G1Z5F20000
(Plotting speed under)
G1 F4000


G1X116.2557Y-192.6419

G1X172.2831Y-215.8830

G1 Z0F20000

(Start Block)


G1X172.2831Y-215.8830
G1Z5F20000
(Plotting speed under)
G1 F4000


G1X152.4820Y-184.1349

G1X148.7035Y-244.7372

G1 Z0F20000

(Start Block)


G1X148.7035Y-244.7372
G1Z5F20000
(Plotting speed under)
G1 F4000


G1X172.2831Y-215.8830

G1X114.1914Y-231.5112

G1 Z0F20000

(Start Block)


G1X114.1914Y-231.5112
G1Z5F20000
(Plotting speed under)
G1 F4000


G1X148.7035Y-244.7372

G1X116.1653Y-194.6416

G1 Z0F20000

(Start Block)


G1X116.1653Y-194.6416
G1Z5F20000
(Plotting speed under)
G1 F4000


G1X114.1914Y-231.5112

G1X152.0816Y-184.9414

G1 Z0F20000

(Start Block)


G1X152.0816Y-184.9414
G1Z5F20000
(Plotting speed under)
G1 F4000


G1X116.1653Y-194.6416

G1X172.9173Y-216.0190

G1 Z0F20000

(Start Block)


G1X172.9173Y-216.0190
G1Z5F20000
(Plotting speed under)
G1 F4000


G1X152.0816Y-184.9414

G1X150.3002Y-245.6436

G1 Z0F20000

(Start Block)


G1X150.3002Y-245.6436
G1Z5F20000
(Plotting speed under)
G1 F4000


G1X172.9173Y-216.0190

G1X115.3604Y-233.5740

G1 Z0F20000

(Start Block)


G1X115.3604Y-233.5740
G1Z5F20000
(Plotting speed under)
G1 F4000


G1X150.3002Y-245.6436

G1X116.1021Y-196.6632

G1 Z0F20000

(Start Block)


G1X116.1021Y-196.6632
G1Z5F20000
(Plotting speed under)
G1 F4000


G1X115.3604Y-233.5740

G1X151.6690Y-185.7806

G1 Z0F20000

(Start Block)


G1X151.6690Y-185.7806
G1Z5F20000
(Plotting speed under)
G1 F4000


G1X116.1021Y-196.6632

G1X173.5166Y-216.1538

G1 Z0F20000

(Start Block)


G1X173.5166Y-216.1538
G1Z5F20000
(Plotting speed under)
G1 F4000


G1X151.6690Y-185.7806

G1X151.8871Y-246.5165

G1 Z0F20000

(Start Block)


G1X151.8871Y-246.5165
G1Z5F20000
(Plotting speed under)
G1 F4000


G1X173.5166Y-216.1538

G1X116.5582Y-235.6169

G1 Z0F20000

(Start Block)


G1X116.5582Y-235.6169
G1Z5F20000
(Plotting speed under)
G1 F4000


G1X151.8871Y-246.5165

G1X116.0670Y-198.7057

G1 Z0F20000

(Start Block)


G1X116.0670Y-198.7057
G1Z5F20000
(Plotting speed under)
G1 F4000


G1X116.5582Y-235.6169

G1X151.2454Y-186.6531

G1 Z0F20000

(Start Block)


G1X151.2454Y-186.6531
G1Z5F20000
(Plotting speed under)
G1 F4000


G1X116.0670Y-198.7057

G1X174.0809Y-216.2886

G1 Z0F20000

(Start Block)


G1X174.0809Y-216.2886
G1Z5F20000
(Plotting speed under)
G1 F4000


G1X151.2454Y-186.6531

G1X153.4628Y-247.3562

G1 Z0F20000

(Start Block)


G1X153.4628Y-247.3562
G1Z5F20000
(Plotting speed under)
G1 F4000


G1X174.0809Y-216.2886

G1X117.7840Y-237.6387

G1 Z0F20000

(Start Block)


G1X117.7840Y-237.6387
G1Z5F20000
(Plotting speed under)
G1 F4000


G1X153.4628Y-247.3562

G1X116.0606Y-200.7682

G1 Z0F20000

(Start Block)


G1X116.0606Y-200.7682
G1Z5F20000
(Plotting speed under)
G1 F4000


G1X117.7840Y-237.6387

G1X150.8118Y-187.5590

G1 Z0F20000

(Start Block)


G1X150.8118Y-187.5590
G1Z5F20000
(Plotting speed under)
G1 F4000


G1X116.0606Y-200.7682

G1X174.6102Y-216.4246

G1 Z0F20000

(Start Block)


G1X174.6102Y-216.4246
G1Z5F20000
(Plotting speed under)
G1 F4000


G1X150.8118Y-187.5590

G1X155.0265Y-248.1632

G1 Z0F20000

(Start Block)


G1X155.0265Y-248.1632
G1Z5F20000
(Plotting speed under)
G1 F4000


G1X174.6102Y-216.4246

G1X119.0371Y-239.6388

G1 Z0F20000

(Start Block)


G1X119.0371Y-239.6388
G1Z5F20000
(Plotting speed under)
G1 F4000


G1X155.0265Y-248.1632

G1X116.0834Y-202.8498

G1 Z0F20000

(Start Block)


G1X116.0834Y-202.8498
G1Z5F20000
(Plotting speed under)
G1 F4000


G1X119.0371Y-239.6388

G1X150.3695Y-188.4988

G1 Z0F20000

(Start Block)


G1X150.3695Y-188.4988
G1Z5F20000
(Plotting speed under)
G1 F4000


G1X116.0834Y-202.8498

G1X175.1047Y-216.5628

G1 Z0F20000

(Start Block)


G1X175.1047Y-216.5628
G1Z5F20000
(Plotting speed under)
G1 F4000


G1X150.3695Y-188.4988

G1X156.5770Y-248.9377

G1 Z0F20000

(Start Block)


G1X156.5770Y-248.9377
G1Z5F20000
(Plotting speed under)
G1 F4000


G1X175.1047Y-216.5628

G1X120.3167Y-241.6161

G1 Z0F20000

(Start Block)


G1X120.3167Y-241.6161
G1Z5F20000
(Plotting speed under)
G1 F4000


G1X156.5770Y-248.9377

G1X116.1363Y-204.9494

G1 Z0F20000

(Start Block)


G1X116.1363Y-204.9494
G1Z5F20000
(Plotting speed under)
G1 F4000


G1X120.3167Y-241.6161

G1X149.9195Y-189.4727

G1 Z0F20000

(Start Block)


G1X149.9195Y-189.4727
G1Z5F20000
(Plotting speed under)
G1 F4000


G1X116.1363Y-204.9494

G1X175.5644Y-216.7046

G1 Z0F20000

(Start Block)


G1X175.5644Y-216.7046
G1Z5F20000
(Plotting speed under)
G1 F4000


G1X149.9195Y-189.4727

G1X158.1132Y-249.6804

G1 Z0F20000

(Start Block)


G1X158.1132Y-249.6804
G1Z5F20000
(Plotting speed under)
G1 F4000


G1X175.5644Y-216.7046

G1X121.6222Y-243.5699

G1 Z0F20000

(Start Block)


G1X121.6222Y-243.5699
G1Z5F20000
(Plotting speed under)
G1 F4000


G1X158.1132Y-249.6804

G1X116.2196Y-207.0660

G1 Z0F20000

(Start Block)


G1X116.2196Y-207.0660
G1Z5F20000
(Plotting speed under)
G1 F4000


G1X121.6222Y-243.5699

G1X149.4629Y-190.4809

G1 Z0F20000

(Start Block)


G1X149.4629Y-190.4809
G1Z5F20000
(Plotting speed under)
G1 F4000


G1X116.2196Y-207.0660

G1X175.9894Y-216.8509

G1 Z0F20000

(Start Block)


G1X175.9894Y-216.8509
G1Z5F20000
(Plotting speed under)
G1 F4000


G1X149.4629Y-190.4809

G1X159.6342Y-250.3916

G1 Z0F20000

(Start Block)


G1X159.6342Y-250.3916
G1Z5F20000
(Plotting speed under)
G1 F4000


G1X175.9894Y-216.8509

G1X122.9526Y-245.4992

G1 Z0F20000

(Start Block)


G1X122.9526Y-245.4992
G1Z5F20000
(Plotting speed under)
G1 F4000


G1X159.6342Y-250.3916

G1X116.3340Y-209.1986

G1 Z0F20000

(Start Block)


G1X116.3340Y-209.1986
G1Z5F20000
(Plotting speed under)
G1 F4000


G1X122.9526Y-245.4992

G1X149.0009Y-191.5237

G1 Z0F20000

(Start Block)


G1X149.0009Y-191.5237
G1Z5F20000
(Plotting speed under)
G1 F4000


G1X116.3340Y-209.1986

G1X176.3799Y-217.0031

G1 Z0F20000

(Start Block)


G1X176.3799Y-217.0031
G1Z5F20000
(Plotting speed under)
G1 F4000


G1X149.0009Y-191.5237

G1X161.1387Y-251.0719

G1 Z0F20000

(Start Block)


G1X161.1387Y-251.0719
G1Z5F20000
(Plotting speed under)
G1 F4000


G1X176.3799Y-217.0031

G1X124.3073Y-247.4032

G1 Z0F20000

(Start Block)


G1X124.3073Y-247.4032
G1Z5F20000
(Plotting speed under)
G1 F4000


G1X161.1387Y-251.0719

G1X116.4801Y-211.3463

G1 Z0F20000

(Start Block)


G1X116.4801Y-211.3463
G1Z5F20000
(Plotting speed under)
G1 F4000


G1X124.3073Y-247.4032

G1X148.5347Y-192.6012

G1 Z0F20000

(Start Block)


G1X148.5347Y-192.6012
G1Z5F20000
(Plotting speed under)
G1 F4000


G1X116.4801Y-211.3463

G1X176.7362Y-217.1621

G1 Z0F20000

(Start Block)


G1X176.7362Y-217.1621
G1Z5F20000
(Plotting speed under)
G1 F4000


G1X148.5347Y-192.6012

G1X162.6259Y-251.7218

G1 Z0F20000

(Start Block)


G1X162.6259Y-251.7218
G1Z5F20000
(Plotting speed under)
G1 F4000


G1X176.7362Y-217.1621

G1X125.6852Y-249.2812

G1 Z0F20000

(Start Block)


G1X125.6852Y-249.2812
G1Z5F20000
(Plotting speed under)
G1 F4000


G1X162.6259Y-251.7218

G1X116.6582Y-213.5078

G1 Z0F20000

(Start Block)


G1X116.6582Y-213.5078
G1Z5F20000
(Plotting speed under)
G1 F4000


G1X125.6852Y-249.2812

G1X148.0654Y-193.7135

G1 Z0F20000

(Start Block)


G1X148.0654Y-193.7135
G1Z5F20000
(Plotting speed under)
G1 F4000


G1X116.6582Y-213.5078

G1X177.0584Y-217.3292

G1 Z0F20000

(Start Block)


G1X177.0584Y-217.3292
G1Z5F20000
(Plotting speed under)
G1 F4000


G1X148.0654Y-193.7135

G1X164.0948Y-252.3420

G1 Z0F20000

(Start Block)


G1X164.0948Y-252.3420
G1Z5F20000
(Plotting speed under)
G1 F4000


G1X177.0584Y-217.3292

G1X127.0856Y-251.1324

G1 Z0F20000

(Start Block)


G1X127.0856Y-251.1324
G1Z5F20000
(Plotting speed under)
G1 F4000


G1X164.0948Y-252.3420

G1X116.8688Y-215.6822

G1 Z0F20000

(Start Block)


G1X116.8688Y-215.6822
G1Z5F20000
(Plotting speed under)
G1 F4000


G1X127.0856Y-251.1324

G1X147.5941Y-194.8607

G1 Z0F20000

(Start Block)


G1X147.5941Y-194.8607
G1Z5F20000
(Plotting speed under)
G1 F4000


G1X116.8688Y-215.6822

G1X177.3469Y-217.5054

G1 Z0F20000

(Start Block)


G1X177.3469Y-217.5054
G1Z5F20000
(Plotting speed under)
G1 F4000


G1X147.5941Y-194.8607

G1X165.5443Y-252.9331

G1 Z0F20000

(Start Block)


G1X165.5443Y-252.9331
G1Z5F20000
(Plotting speed under)
G1 F4000


G1X177.3469Y-217.5054

G1X128.5075Y-252.9561

G1 Z0F20000

(Start Block)


G1X128.5075Y-252.9561
G1Z5F20000
(Plotting speed under)
G1 F4000


G1X165.5443Y-252.9331

G1X117.1123Y-217.8683

G1 Z0F20000

(Start Block)


G1X117.1123Y-217.8683
G1Z5F20000
(Plotting speed under)
G1 F4000


G1X128.5075Y-252.9561

G1X147.1220Y-196.0429

G1 Z0F20000

(Start Block)


G1X147.1220Y-196.0429
G1Z5F20000
(Plotting speed under)
G1 F4000


G1X117.1123Y-217.8683

G1X177.6020Y-217.6919

G1 Z0F20000

(Start Block)


G1X177.6020Y-217.6919
G1Z5F20000
(Plotting speed under)
G1 F4000


G1X147.1220Y-196.0429

G1X166.9735Y-253.4957

G1 Z0F20000

(Start Block)


G1X166.9735Y-253.4957
G1Z5F20000
(Plotting speed under)
G1 F4000


G1X177.6020Y-217.6919

G1X129.9501Y-254.7515

G1 Z0F20000

(Start Block)


G1X129.9501Y-254.7515
G1Z5F20000
(Plotting speed under)
G1 F4000


G1X166.9735Y-253.4957

G1X117.3891Y-220.0652

G1 Z0F20000

(Start Block)


G1X117.3891Y-220.0652
G1Z5F20000
(Plotting speed under)
G1 F4000


G1X129.9501Y-254.7515

G1X146.6504Y-197.2600

G1 Z0F20000

(Start Block)


G1X146.6504Y-197.2600
G1Z5F20000
(Plotting speed under)
G1 F4000


G1X117.3891Y-220.0652

G1X177.8240Y-217.8898

G1 Z0F20000

(Start Block)


G1X177.8240Y-217.8898
G1Z5F20000
(Plotting speed under)
G1 F4000


G1X146.6504Y-197.2600

G1X168.3815Y-254.0305

G1 Z0F20000

(Start Block)


G1X168.3815Y-254.0305
G1Z5F20000
(Plotting speed under)
G1 F4000


G1X177.8240Y-217.8898

G1X131.4123Y-256.5180

G1 Z0F20000

(Start Block)


G1X131.4123Y-256.5180
G1Z5F20000
(Plotting speed under)
G1 F4000


G1X168.3815Y-254.0305

G1X117.6996Y-222.2716

G1 Z0F20000

(Start Block)


G1X117.6996Y-222.2716
G1Z5F20000
(Plotting speed under)
G1 F4000


G1X131.4123Y-256.5180

G1X146.1803Y-198.5120

G1 Z0F20000

(Start Block)


G1X146.1803Y-198.5120
G1Z5F20000
(Plotting speed under)
G1 F4000


G1X117.6996Y-222.2716

G1X178.0134Y-218.1002

G1 Z0F20000

(Start Block)


G1X178.0134Y-218.1002
G1Z5F20000
(Plotting speed under)
G1 F4000


G1X146.1803Y-198.5120

G1X169.7674Y-254.5382

G1 Z0F20000

(Start Block)


G1X169.7674Y-254.5382
G1Z5F20000
(Plotting speed under)
G1 F4000


G1X178.0134Y-218.1002

G1X132.8932Y-258.2550

G1 Z0F20000

(Start Block)


G1X132.8932Y-258.2550
G1Z5F20000
(Plotting speed under)
G1 F4000


G1X169.7674Y-254.5382

G1X118.0440Y-224.4864

G1 Z0F20000

(Start Block)


G1X118.0440Y-224.4864
G1Z5F20000
(Plotting speed under)
G1 F4000


G1X132.8932Y-258.2550

G1X145.7128Y-199.7989

G1 Z0F20000

(Start Block)


G1X145.7128Y-199.7989
G1Z5F20000
(Plotting speed under)
G1 F4000


G1X118.0440Y-224.4864

G1X178.1705Y-218.3241

G1 Z0F20000

(Start Block)


G1X178.1705Y-218.3241
G1Z5F20000
(Plotting speed under)
G1 F4000


G1X145.7128Y-199.7989

G1X171.1302Y-255.0197

G1 Z0F20000

(Start Block)


G1X171.1302Y-255.0197
G1Z5F20000
(Plotting speed under)
G1 F4000


G1X178.1705Y-218.3241

G1X134.3919Y-259.9619

G1 Z0F20000

(Start Block)


G1X134.3919Y-259.9619
G1Z5F20000
(Plotting speed under)
G1 F4000


G1X171.1302Y-255.0197

G1X118.4226Y-226.7085

G1 Z0F20000

(Start Block)


G1X118.4226Y-226.7085
G1Z5F20000
(Plotting speed under)
G1 F4000


G1X134.3919Y-259.9619

G1X145.2492Y-201.1206

G1 Z0F20000

(Start Block)


G1X145.2492Y-201.1206
G1Z5F20000
(Plotting speed under)
G1 F4000


G1X118.4226Y-226.7085

G1X178.2959Y-218.5626

G1 Z0F20000

(Start Block)


G1X178.2959Y-218.5626
G1Z5F20000
(Plotting speed under)
G1 F4000


G1X145.2492Y-201.1206

G1X172.4692Y-255.4756

G1 Z0F20000

(Start Block)


G1X172.4692Y-255.4756
G1Z5F20000
(Plotting speed under)
G1 F4000


G1X178.2959Y-218.5626

G1X135.9072Y-261.6380

G1 Z0F20000

(Start Block)


G1X135.9072Y-261.6380
G1Z5F20000
(Plotting speed under)
G1 F4000


G1X172.4692Y-255.4756

G1X118.8356Y-228.9367

G1 Z0F20000

(Start Block)


G1X118.8356Y-228.9367
G1Z5F20000
(Plotting speed under)
G1 F4000


G1X135.9072Y-261.6380

G1X144.7906Y-202.4769

G1 Z0F20000

(Start Block)


G1X144.7906Y-202.4769
G1Z5F20000
(Plotting speed under)
G1 F4000


G1X118.8356Y-228.9367

G1X178.3900Y-218.8168

G1 Z0F20000

(Start Block)


G1X178.3900Y-218.8168
G1Z5F20000
(Plotting speed under)
G1 F4000


G1X144.7906Y-202.4769

G1X173.7835Y-255.9068

G1 Z0F20000

(Start Block)


G1X173.7835Y-255.9068
G1Z5F20000
(Plotting speed under)
G1 F4000


G1X178.3900Y-218.8168

G1X137.4383Y-263.2829

G1 Z0F20000

(Start Block)


G1X137.4383Y-263.2829
G1Z5F20000
(Plotting speed under)
G1 F4000


G1X173.7835Y-255.9068

G1X119.2831Y-231.1700

G1 Z0F20000

(Start Block)


G1X119.2831Y-231.1700
G1Z5F20000
(Plotting speed under)
G1 F4000


G1X137.4383Y-263.2829

G1X144.3382Y-203.8675

G1 Z0F20000

(Start Block)


G1X144.3382Y-203.8675
G1Z5F20000
(Plotting speed under)
G1 F4000


G1X119.2831Y-231.1700

G1X178.4534Y-219.0877

G1 Z0F20000

(Start Block)


G1X178.4534Y-219.0877
G1Z5F20000
(Plotting speed under)
G1 F4000


G1X144.3382Y-203.8675

G1X175.0722Y-256.3141

G1 Z0F20000

(Start Block)


G1X175.0722Y-256.3141
G1Z5F20000
(Plotting speed under)
G1 F4000


G1X178.4534Y-219.0877

G1X138.9839Y-264.8960

G1 Z0F20000

(Start Block)


G1X138.9839Y-264.8960
G1Z5F20000
(Plotting speed under)
G1 F4000


G1X175.0722Y-256.3141

G1X119.7655Y-233.4072

G1 Z0F20000

(Start Block)


G1X119.7655Y-233.4072
G1Z5F20000
(Plotting speed under)
G1 F4000


G1X138.9839Y-264.8960

G1X143.8931Y-205.2924

G1 Z0F20000

(Start Block)


G1X143.8931Y-205.2924
G1Z5F20000
(Plotting speed under)
G1 F4000


G1X119.7655Y-233.4072

G1X178.4866Y-219.3762

G1 Z0F20000

(Start Block)


G1X178.4866Y-219.3762
G1Z5F20000
(Plotting speed under)
G1 F4000


G1X143.8931Y-205.2924

G1X176.3346Y-256.6983

G1 Z0F20000

(Start Block)


G1X176.3346Y-256.6983
G1Z5F20000
(Plotting speed under)
G1 F4000


G1X178.4866Y-219.3762

G1X140.5431Y-266.4769

G1 Z0F20000

(Start Block)


G1X140.5431Y-266.4769
G1Z5F20000
(Plotting speed under)
G1 F4000


G1X176.3346Y-256.6983

G1X120.2827Y-235.6471

G1 Z0F20000

(Start Block)


G1X120.2827Y-235.6471
G1Z5F20000
(Plotting speed under)
G1 F4000


G1X140.5431Y-266.4769

G1X143.4563Y-206.7512

G1 Z0F20000

(Start Block)


G1X143.4563Y-206.7512
G1Z5F20000
(Plotting speed under)
G1 F4000


G1X120.2827Y-235.6471

G1X178.4903Y-219.6835

G1 Z0F20000

(Start Block)


G1X178.4903Y-219.6835
G1Z5F20000
(Plotting speed under)
G1 F4000


G1X143.4563Y-206.7512

G1X177.5700Y-257.0604

G1 Z0F20000

(Start Block)


G1X177.5700Y-257.0604
G1Z5F20000
(Plotting speed under)
G1 F4000


G1X178.4903Y-219.6835

G1X142.1148Y-268.0251

G1 Z0F20000

(Start Block)


G1X142.1148Y-268.0251
G1Z5F20000
(Plotting speed under)
G1 F4000


G1X177.5700Y-257.0604

G1X120.8348Y-237.8885

G1 Z0F20000

(Start Block)


G1X120.8348Y-237.8885
G1Z5F20000
(Plotting speed under)
G1 F4000


G1X142.1148Y-268.0251

G1X143.0291Y-208.2437

G1 Z0F20000

(Start Block)


G1X143.0291Y-208.2437
G1Z5F20000
(Plotting speed under)
G1 F4000


G1X120.8348Y-237.8885

G1X178.4651Y-220.0104

G1 Z0F20000

(Start Block)


G1X178.4651Y-220.0104
G1Z5F20000
(Plotting speed under)
G1 F4000


G1X143.0291Y-208.2437

G1X178.7776Y-257.4013

G1 Z0F20000

(Start Block)


G1X178.7776Y-257.4013
G1Z5F20000
(Plotting speed under)
G1 F4000


G1X178.4651Y-220.0104

G1X143.6979Y-269.5403

G1 Z0F20000

(Start Block)


G1X143.6979Y-269.5403
G1Z5F20000
(Plotting speed under)
G1 F4000


G1X178.7776Y-257.4013

G1X121.4219Y-240.1303

G1 Z0F20000

(Start Block)


G1X121.4219Y-240.1303
G1Z5F20000
(Plotting speed under)
G1 F4000


G1X143.6979Y-269.5403

G1X142.6126Y-209.7694

G1 Z0F20000

(Start Block)


G1X142.6126Y-209.7694
G1Z5F20000
(Plotting speed under)
G1 F4000


G1X121.4219Y-240.1303

G1X178.4116Y-220.3579

G1 Z0F20000

(Start Block)


G1X178.4116Y-220.3579
G1Z5F20000
(Plotting speed under)
G1 F4000


G1X142.6126Y-209.7694

G1X179.9567Y-257.7218

G1 Z0F20000

(Start Block)


G1X179.9567Y-257.7218
G1Z5F20000
(Plotting speed under)
G1 F4000


G1X178.4116Y-220.3579

G1X145.2913Y-271.0221

G1 Z0F20000

(Start Block)


G1X145.2913Y-271.0221
G1Z5F20000
(Plotting speed under)
G1 F4000


G1X179.9567Y-257.7218

G1X122.0439Y-242.3714

G1 Z0F20000

(Start Block)


G1X122.0439Y-242.3714
G1Z5F20000
(Plotting speed under)
G1 F4000


G1X145.2913Y-271.0221

G1X142.2078Y-211.3281

G1 Z0F20000

(Start Block)


G1X142.2078Y-211.3281
G1Z5F20000
(Plotting speed under)
G1 F4000


G1X122.0439Y-242.3714

G1X178.3306Y-220.7270

G1 Z0F20000

(Start Block)


G1X178.3306Y-220.7270
G1Z5F20000
(Plotting speed under)
G1 F4000


G1X142.2078Y-211.3281

G1X181.1067Y-258.0230

G1 Z0F20000

(Start Block)


G1X181.1067Y-258.0230
G1Z5F20000
(Plotting speed under)
G1 F4000


G1X178.3306Y-220.7270

G1X146.8939Y-272.4702

G1 Z0F20000

(Start Block)


G1X146.8939Y-272.4702
G1Z5F20000
(Plotting speed under)
G1 F4000


G1X181.1067Y-258.0230

G1X122.7009Y-244.6105

G1 Z0F20000

(Start Block)


G1X122.7009Y-244.6105
G1Z5F20000
(Plotting speed under)
G1 F4000


G1X146.8939Y-272.4702

G1X141.8158Y-212.9193

G1 Z0F20000

(Start Block)


G1X141.8158Y-212.9193
G1Z5F20000
(Plotting speed under)
G1 F4000


G1X122.7009Y-244.6105

G1X178.2228Y-221.1185

G1 Z0F20000

(Start Block)


G1X178.2228Y-221.1185
G1Z5F20000
(Plotting speed under)
G1 F4000


G1X141.8158Y-212.9193

G1X182.2270Y-258.3059

G1 Z0F20000

(Start Block)


G1X182.2270Y-258.3059
G1Z5F20000
(Plotting speed under)
G1 F4000


G1X178.2228Y-221.1185

G1X148.5045Y-273.8842

G1 Z0F20000

(Start Block)


G1X148.5045Y-273.8842
G1Z5F20000
(Plotting speed under)
G1 F4000


G1X182.2270Y-258.3059

G1X123.3927Y-246.8466

G1 Z0F20000

(Start Block)


G1X123.3927Y-246.8466
G1Z5F20000
(Plotting speed under)
G1 F4000


G1X148.5045Y-273.8842

G1X141.4378Y-214.5426

G1 Z0F20000

(Start Block)


G1X141.4378Y-214.5426
G1Z5F20000
(Plotting speed under)
G1 F4000


G1X123.3927Y-246.8466

G1X178.0889Y-221.5333

G1 Z0F20000

(Start Block)


G1X178.0889Y-221.5333
G1Z5F20000
(Plotting speed under)
G1 F4000


G1X141.4378Y-214.5426

G1X183.3169Y-258.5713

G1 Z0F20000

(Start Block)


G1X183.3169Y-258.5713
G1Z5F20000
(Plotting speed under)
G1 F4000


G1X178.0889Y-221.5333

G1X150.1221Y-275.2639

G1 Z0F20000

(Start Block)


G1X150.1221Y-275.2639
G1Z5F20000
(Plotting speed under)
G1 F4000


G1X183.3169Y-258.5713

G1X124.1192Y-249.0784

G1 Z0F20000

(Start Block)


G1X124.1192Y-249.0784
G1Z5F20000
(Plotting speed under)
G1 F4000


G1X150.1221Y-275.2639

G1X141.0746Y-216.1975

G1 Z0F20000

(Start Block)


G1X141.0746Y-216.1975
G1Z5F20000
(Plotting speed under)
G1 F4000


G1X124.1192Y-249.0784

G1X177.9297Y-221.9723

G1 Z0F20000

(Start Block)


G1X177.9297Y-221.9723
G1Z5F20000
(Plotting speed under)
G1 F4000


G1X141.0746Y-216.1975

G1X184.3760Y-258.8204

G1 Z0F20000

(Start Block)


G1X184.3760Y-258.8204
G1Z5F20000
(Plotting speed under)
G1 F4000


G1X177.9297Y-221.9723

G1X151.7454Y-276.6092

G1 Z0F20000

(Start Block)


G1X151.7454Y-276.6092
G1Z5F20000
(Plotting speed under)
G1 F4000


G1X184.3760Y-258.8204

G1X124.8802Y-251.3048

G1 Z0F20000

(Start Block)


G1X124.8802Y-251.3048
G1Z5F20000
(Plotting speed under)
G1 F4000


G1X151.7454Y-276.6092

G1X140.7276Y-217.8834

G1 Z0F20000

(Start Block)


G1X140.7276Y-217.8834
G1Z5F20000
(Plotting speed under)
G1 F4000


G1X124.8802Y-251.3048

G1X177.7461Y-222.4362

G1 Z0F20000

(Start Block)


G1X177.7461Y-222.4362
G1Z5F20000
(Plotting speed under)
G1 F4000


G1X140.7276Y-217.8834

G1X185.4036Y-259.0542

G1 Z0F20000

(Start Block)


G1X185.4036Y-259.0542
G1Z5F20000
(Plotting speed under)
G1 F4000


G1X177.7461Y-222.4362

G1X153.3734Y-277.9198

G1 Z0F20000

(Start Block)


G1X153.3734Y-277.9198
G1Z5F20000
(Plotting speed under)
G1 F4000


G1X185.4036Y-259.0542

G1X125.6755Y-253.5247

G1 Z0F20000

(Start Block)


G1X125.6755Y-253.5247
G1Z5F20000
(Plotting speed under)
G1 F4000


G1X153.3734Y-277.9198

G1X140.3975Y-219.5999

G1 Z0F20000

(Start Block)


G1X140.3975Y-219.5999
G1Z5F20000
(Plotting speed under)
G1 F4000


G1X125.6755Y-253.5247

G1X177.5389Y-222.9259

G1 Z0F20000

(Start Block)


G1X177.5389Y-222.9259
G1Z5F20000
(Plotting speed under)
G1 F4000


G1X140.3975Y-219.5999

G1X186.3993Y-259.2737

G1 Z0F20000

(Start Block)


G1X186.3993Y-259.2737
G1Z5F20000
(Plotting speed under)
G1 F4000


G1X177.5389Y-222.9259

G1X155.0048Y-279.1956

G1 Z0F20000

(Start Block)


G1X155.0048Y-279.1956
G1Z5F20000
(Plotting speed under)
G1 F4000


G1X186.3993Y-259.2737

G1X126.5050Y-255.7370

G1 Z0F20000

(Start Block)


G1X126.5050Y-255.7370
G1Z5F20000
(Plotting speed under)
G1 F4000


G1X155.0048Y-279.1956

G1X140.0854Y-221.3464

G1 Z0F20000

(Start Block)


G1X140.0854Y-221.3464
G1Z5F20000
(Plotting speed under)
G1 F4000


G1X126.5050Y-255.7370

G1X177.3090Y-223.4422

G1 Z0F20000

(Start Block)


G1X177.3090Y-223.4422
G1Z5F20000
(Plotting speed under)
G1 F4000


G1X140.0854Y-221.3464

G1X187.3626Y-259.4800

G1 Z0F20000

(Start Block)


G1X187.3626Y-259.4800
G1Z5F20000
(Plotting speed under)
G1 F4000


G1X177.3090Y-223.4422

G1X156.6386Y-280.4366

G1 Z0F20000

(Start Block)


G1X156.6386Y-280.4366
G1Z5F20000
(Plotting speed under)
G1 F4000


G1X187.3626Y-259.4800

G1X127.3683Y-257.9404

G1 Z0F20000

(Start Block)


G1X127.3683Y-257.9404
G1Z5F20000
(Plotting speed under)
G1 F4000


G1X156.6386Y-280.4366

G1X139.7924Y-223.1222

G1 Z0F20000

(Start Block)


G1X139.7924Y-223.1222
G1Z5F20000
(Plotting speed under)
G1 F4000


G1X127.3683Y-257.9404

G1X177.0571Y-223.9858

G1 Z0F20000

(Start Block)


G1X177.0571Y-223.9858
G1Z5F20000
(Plotting speed under)
G1 F4000


G1X139.7924Y-223.1222

G1X188.2932Y-259.6741

G1 Z0F20000

(Start Block)


G1X188.2932Y-259.6741
G1Z5F20000
(Plotting speed under)
G1 F4000


G1X177.0571Y-223.9858

G1X158.2736Y-281.6426

G1 Z0F20000

(Start Block)


G1X158.2736Y-281.6426
G1Z5F20000
(Plotting speed under)
G1 F4000


G1X188.2932Y-259.6741

G1X128.2652Y-260.1339

G1 Z0F20000

(Start Block)


G1X128.2652Y-260.1339
G1Z5F20000
(Plotting speed under)
G1 F4000


G1X158.2736Y-281.6426

G1X139.5193Y-224.9266

G1 Z0F20000

(Start Block)


G1X139.5193Y-224.9266
G1Z5F20000
(Plotting speed under)
G1 F4000


G1X128.2652Y-260.1339

G1X176.7844Y-224.5574

G1 Z0F20000

(Start Block)


G1X176.7844Y-224.5574
G1Z5F20000
(Plotting speed under)
G1 F4000


G1X139.5193Y-224.9266

G1X189.1905Y-259.8572

G1 Z0F20000

(Start Block)


G1X189.1905Y-259.8572
G1Z5F20000
(Plotting speed under)
G1 F4000


G1X176.7844Y-224.5574

G1X159.9085Y-282.8136

G1 Z0F20000

(Start Block)


G1X159.9085Y-282.8136
G1Z5F20000
(Plotting speed under)
G1 F4000


G1X189.1905Y-259.8572

G1X129.1952Y-262.3165

G1 Z0F20000

(Start Block)


G1X129.1952Y-262.3165
G1Z5F20000
(Plotting speed under)
G1 F4000


G1X159.9085Y-282.8136

G1X139.2672Y-226.7592

G1 Z0F20000

(Start Block)


G1X139.2672Y-226.7592
G1Z5F20000
(Plotting speed under)
G1 F4000


G1X129.1952Y-262.3165

G1X176.4917Y-225.1576

G1 Z0F20000

(Start Block)


G1X176.4917Y-225.1576
G1Z5F20000
(Plotting speed under)
G1 F4000


G1X139.2672Y-226.7592

G1X190.0544Y-260.0304

G1 Z0F20000

(Start Block)


G1X190.0544Y-260.0304
G1Z5F20000
(Plotting speed under)
G1 F4000


G1X176.4917Y-225.1576

G1X161.5424Y-283.9497

G1 Z0F20000

(Start Block)


G1X161.5424Y-283.9497
G1Z5F20000
(Plotting speed under)
G1 F4000


G1X190.0544Y-260.0304

G1X130.1580Y-264.4869

G1 Z0F20000

(Start Block)


G1X130.1580Y-264.4869
G1Z5F20000
(Plotting speed under)
G1 F4000


G1X161.5424Y-283.9497

G1X139.0369Y-228.6190

G1 Z0F20000

(Start Block)


G1X139.0369Y-228.6190
G1Z5F20000
(Plotting speed under)
G1 F4000


G1X130.1580Y-264.4869

G1X176.1799Y-225.7872

G1 Z0F20000

(Start Block)


G1X176.1799Y-225.7872
G1Z5F20000
(Plotting speed under)
G1 F4000


G1X139.0369Y-228.6190

G1X190.8844Y-260.1948

G1 Z0F20000

(Start Block)


G1X190.8844Y-260.1948
G1Z5F20000
(Plotting speed under)
G1 F4000


G1X176.1799Y-225.7872

G1X163.1739Y-285.0509

G1 Z0F20000

(Start Block)


G1X163.1739Y-285.0509
G1Z5F20000
(Plotting speed under)
G1 F4000


G1X190.8844Y-260.1948

G1X131.1532Y-266.6441

G1 Z0F20000

(Start Block)


G1X131.1532Y-266.6441
G1Z5F20000
(Plotting speed under)
G1 F4000


G1X163.1739Y-285.0509

G1X138.8293Y-230.5053

G1 Z0F20000

(Start Block)


G1X138.8293Y-230.5053
G1Z5F20000
(Plotting speed under)
G1 F4000


G1X131.1532Y-266.6441

G1X175.8501Y-226.4468

G1 Z0F20000

(Start Block)


G1X175.8501Y-226.4468
G1Z5F20000
(Plotting speed under)
G1 F4000


G1X138.8293Y-230.5053

G1X191.6803Y-260.3515

G1 Z0F20000

(Start Block)


G1X191.6803Y-260.3515
G1Z5F20000
(Plotting speed under)
G1 F4000


G1X175.8501Y-226.4468

G1X164.8019Y-286.1174

G1 Z0F20000

(Start Block)


G1X164.8019Y-286.1174
G1Z5F20000
(Plotting speed under)
G1 F4000


G1X191.6803Y-260.3515

G1X132.1804Y-268.7871

G1 Z0F20000

(Start Block)


G1X132.1804Y-268.7871
G1Z5F20000
(Plotting speed under)
G1 F4000


G1X164.8019Y-286.1174

G1X138.6453Y-232.4175

G1 Z0F20000

(Start Block)


G1X138.6453Y-232.4175
G1Z5F20000
(Plotting speed under)
G1 F4000


G1X132.1804Y-268.7871

G1X175.5033Y-227.1368

G1 Z0F20000

(Start Block)


G1X175.5033Y-227.1368
G1Z5F20000
(Plotting speed under)
G1 F4000


G1X138.6453Y-232.4175

G1X192.4418Y-260.5017

G1 Z0F20000

(Start Block)


G1X192.4418Y-260.5017
G1Z5F20000
(Plotting speed under)
G1 F4000


G1X175.5033Y-227.1368

G1X166.4253Y-287.1491

G1 Z0F20000

(Start Block)


G1X166.4253Y-287.1491
G1Z5F20000
(Plotting speed under)
G1 F4000


G1X192.4418Y-260.5017

G1X133.2389Y-270.9148

G1 Z0F20000

(Start Block)


G1X133.2389Y-270.9148
G1Z5F20000
(Plotting speed under)
G1 F4000


G1X166.4253Y-287.1491

G1X138.4858Y-234.3547

G1 Z0F20000

(Start Block)


G1X138.4858Y-234.3547
G1Z5F20000
(Plotting speed under)
G1 F4000


G1X133.2389Y-270.9148

G1X175.1404Y-227.8580

G1 Z0F20000

(Start Block)


G1X175.1404Y-227.8580
G1Z5F20000
(Plotting speed under)
G1 F4000


G1X138.4858Y-234.3547

G1X193.1688Y-260.6464

G1 Z0F20000

(Start Block)


G1X193.1688Y-260.6464
G1Z5F20000
(Plotting speed under)
G1 F4000


G1X175.1404Y-227.8580

G1X168.0430Y-288.1464

G1 Z0F20000

(Start Block)


G1X168.0430Y-288.1464
G1Z5F20000
(Plotting speed under)
G1 F4000


G1X193.1688Y-260.6464

G1X134.3284Y-273.0261

G1 Z0F20000

(Start Block)


G1X134.3284Y-273.0261
G1Z5F20000
(Plotting speed under)
G1 F4000


G1X168.0430Y-288.1464

G1X138.3515Y-236.3160

G1 Z0F20000

(Start Block)


G1X138.3515Y-236.3160
G1Z5F20000
(Plotting speed under)
G1 F4000


G1X134.3284Y-273.0261

G1X174.7626Y-228.6107

G1 Z0F20000

(Start Block)


G1X174.7626Y-228.6107
G1Z5F20000
(Plotting speed under)
G1 F4000


G1X138.3515Y-236.3160

G1X193.8611Y-260.7869

G1 Z0F20000

(Start Block)


G1X193.8611Y-260.7869
G1Z5F20000
(Plotting speed under)
G1 F4000


G1X174.7626Y-228.6107

G1X169.6537Y-289.1094

G1 Z0F20000

(Start Block)


G1X169.6537Y-289.1094
G1Z5F20000
(Plotting speed under)
G1 F4000


G1X193.8611Y-260.7869

G1X135.4482Y-275.1200

G1 Z0F20000

(Start Block)


G1X135.4482Y-275.1200
G1Z5F20000
(Plotting speed under)
G1 F4000


G1X169.6537Y-289.1094

G1X138.2433Y-238.3007

G1 Z0F20000

(Start Block)


G1X138.2433Y-238.3007
G1Z5F20000
(Plotting speed under)
G1 F4000


G1X135.4482Y-275.1200

G1X174.3708Y-229.3955

G1 Z0F20000

(Start Block)


G1X174.3708Y-229.3955
G1Z5F20000
(Plotting speed under)
G1 F4000


G1X138.2433Y-238.3007

G1X194.5186Y-260.9243

G1 Z0F20000

(Start Block)


G1X194.5186Y-260.9243
G1Z5F20000
(Plotting speed under)
G1 F4000


G1X174.3708Y-229.3955

G1X171.2564Y-290.0384

G1 Z0F20000

(Start Block)


G1X171.2564Y-290.0384
G1Z5F20000
(Plotting speed under)
G1 F4000


G1X194.5186Y-260.9243

G1X136.5978Y-277.1956

G1 Z0F20000

(Start Block)


G1X136.5978Y-277.1956
G1Z5F20000
(Plotting speed under)
G1 F4000


G1X171.2564Y-290.0384

G1X138.1619Y-240.3078

G1 Z0F20000

(Start Block)


G1X138.1619Y-240.3078
G1Z5F20000
(Plotting speed under)
G1 F4000


G1X136.5978Y-277.1956

G1X173.9662Y-230.2129

G1 Z0F20000

(Start Block)


G1X173.9662Y-230.2129
G1Z5F20000
(Plotting speed under)
G1 F4000


G1X138.1619Y-240.3078

G1X195.1412Y-261.0598

G1 Z0F20000

(Start Block)


G1X195.1412Y-261.0598
G1Z5F20000
(Plotting speed under)
G1 F4000


G1X173.9662Y-230.2129

G1X172.8500Y-290.9337

G1 Z0F20000

(Start Block)


G1X172.8500Y-290.9337
G1Z5F20000
(Plotting speed under)
G1 F4000


G1X195.1412Y-261.0598

G1X137.7764Y-279.2519

G1 Z0F20000

(Start Block)


G1X137.7764Y-279.2519
G1Z5F20000
(Plotting speed under)
G1 F4000


G1X172.8500Y-290.9337

G1X138.1079Y-242.3365

G1 Z0F20000

(Start Block)


G1X138.1079Y-242.3365
G1Z5F20000
(Plotting speed under)
G1 F4000


G1X137.7764Y-279.2519

G1X173.5498Y-231.0631

G1 Z0F20000

(Start Block)


G1X173.5498Y-231.0631
G1Z5F20000
(Plotting speed under)
G1 F4000


G1X138.1079Y-242.3365

G1X195.7288Y-261.1945

G1 Z0F20000

(Start Block)


G1X195.7288Y-261.1945
G1Z5F20000
(Plotting speed under)
G1 F4000


G1X173.5498Y-231.0631

G1X174.4333Y-291.7955

G1 Z0F20000

(Start Block)


G1X174.4333Y-291.7955
G1Z5F20000
(Plotting speed under)
G1 F4000


G1X195.7288Y-261.1945

G1X138.9836Y-281.2878

G1 Z0F20000

(Start Block)


G1X138.9836Y-281.2878
G1Z5F20000
(Plotting speed under)
G1 F4000


G1X174.4333Y-291.7955

G1X138.0823Y-244.3857

G1 Z0F20000

(Start Block)


G1X138.0823Y-244.3857
G1Z5F20000
(Plotting speed under)
G1 F4000


G1X138.9836Y-281.2878

G1X173.1228Y-231.9467

G1 Z0F20000

(Start Block)


G1X173.1228Y-231.9467
G1Z5F20000
(Plotting speed under)
G1 F4000


G1X138.0823Y-244.3857

G1X196.2815Y-261.3296

G1 Z0F20000

(Start Block)


G1X196.2815Y-261.3296
G1Z5F20000
(Plotting speed under)
G1 F4000


G1X173.1228Y-231.9467

G1X176.0052Y-292.6242

G1 Z0F20000

(Start Block)


G1X176.0052Y-292.6242
G1Z5F20000
(Plotting speed under)
G1 F4000


G1X196.2815Y-261.3296

G1X140.2186Y-283.3026

G1 Z0F20000

(Start Block)


G1X140.2186Y-283.3026
G1Z5F20000
(Plotting speed under)
G1 F4000


G1X176.0052Y-292.6242

G1X138.0855Y-246.4547

G1 Z0F20000

(Start Block)


G1X138.0855Y-246.4547
G1Z5F20000
(Plotting speed under)
G1 F4000


G1X140.2186Y-283.3026

G1X172.6862Y-232.8638

G1 Z0F20000

(Start Block)


G1X172.6862Y-232.8638
G1Z5F20000
(Plotting speed under)
G1 F4000


G1X138.0855Y-246.4547

G1X196.7992Y-261.4662

G1 Z0F20000

(Start Block)


G1X196.7992Y-261.4662
G1Z5F20000
(Plotting speed under)
G1 F4000


G1X172.6862Y-232.8638

G1X177.5646Y-293.4204

G1 Z0F20000

(Start Block)


G1X177.5646Y-293.4204
G1Z5F20000
(Plotting speed under)
G1 F4000


G1X196.7992Y-261.4662

G1X141.4806Y-285.2952

G1 Z0F20000

(Start Block)


G1X141.4806Y-285.2952
G1Z5F20000
(Plotting speed under)
G1 F4000


G1X177.5646Y-293.4204

G1X138.1183Y-248.5423

G1 Z0F20000

(Start Block)


G1X138.1183Y-248.5423
G1Z5F20000
(Plotting speed under)
G1 F4000


G1X141.4806Y-285.2952

G1X172.2412Y-233.8149

G1 Z0F20000

(Start Block)


G1X172.2412Y-233.8149
G1Z5F20000
(Plotting speed under)
G1 F4000


G1X138.1183Y-248.5423

G1X197.2821Y-261.6055

G1 Z0F20000

(Start Block)


G1X197.2821Y-261.6055
G1Z5F20000
(Plotting speed under)
G1 F4000


G1X172.2412Y-233.8149

G1X179.1104Y-294.1843

G1 Z0F20000

(Start Block)


G1X179.1104Y-294.1843
G1Z5F20000
(Plotting speed under)
G1 F4000


G1X197.2821Y-261.6055

G1X142.7689Y-287.2648

G1 Z0F20000

(Start Block)


G1X142.7689Y-287.2648
G1Z5F20000
(Plotting speed under)
G1 F4000


G1X179.1104Y-294.1843

G1X138.1812Y-250.6477

G1 Z0F20000

(Start Block)


G1X138.1812Y-250.6477
G1Z5F20000
(Plotting speed under)
G1 F4000


G1X142.7689Y-287.2648

G1X171.7888Y-234.8002

G1 Z0F20000

(Start Block)


G1X171.7888Y-234.8002
G1Z5F20000
(Plotting speed under)
G1 F4000


G1X138.1812Y-250.6477

G1X197.7302Y-261.7486

G1 Z0F20000

(Start Block)


G1X197.7302Y-261.7486
G1Z5F20000
(Plotting speed under)
G1 F4000


G1X171.7888Y-234.8002

G1X180.6417Y-294.9164

G1 Z0F20000

(Start Block)


G1X180.6417Y-294.9164
G1Z5F20000
(Plotting speed under)
G1 F4000


G1X197.7302Y-261.7486

G1X144.0827Y-289.2105

G1 Z0F20000

(Start Block)


G1X144.0827Y-289.2105
G1Z5F20000
(Plotting speed under)
G1 F4000


G1X180.6417Y-294.9164

G1X138.2749Y-252.7697

G1 Z0F20000

(Start Block)


G1X138.2749Y-252.7697
G1Z5F20000
(Plotting speed under)
G1 F4000


G1X144.0827Y-289.2105

G1X171.3303Y-235.8199

G1 Z0F20000

(Start Block)


G1X171.3303Y-235.8199
G1Z5F20000
(Plotting speed under)
G1 F4000


G1X138.2749Y-252.7697

G1X198.1438Y-261.8968

G1 Z0F20000

(Start Block)


G1X198.1438Y-261.8968
G1Z5F20000
(Plotting speed under)
G1 F4000


G1X171.3303Y-235.8199

G1X182.1573Y-295.6172

G1 Z0F20000

(Start Block)


G1X182.1573Y-295.6172
G1Z5F20000
(Plotting speed under)
G1 F4000


G1X198.1438Y-261.8968

G1X145.4213Y-291.1315

G1 Z0F20000

(Start Block)


G1X145.4213Y-291.1315
G1Z5F20000
(Plotting speed under)
G1 F4000


G1X182.1573Y-295.6172

G1X138.3998Y-254.9075

G1 Z0F20000

(Start Block)


G1X138.3998Y-254.9075
G1Z5F20000
(Plotting speed under)
G1 F4000


G1X145.4213Y-291.1315

G1X170.8668Y-236.8743

G1 Z0F20000

(Start Block)


G1X170.8668Y-236.8743
G1Z5F20000
(Plotting speed under)
G1 F4000


G1X138.3998Y-254.9075

G1X198.5229Y-262.0510

G1 Z0F20000

(Start Block)


G1X198.5229Y-262.0510
G1Z5F20000
(Plotting speed under)
G1 F4000


G1X170.8668Y-236.8743

G1X183.6562Y-296.2873

G1 Z0F20000

(Start Block)


G1X183.6562Y-296.2873
G1Z5F20000
(Plotting speed under)
G1 F4000


G1X198.5229Y-262.0510

G1X146.7838Y-293.0269

G1 Z0F20000

(Start Block)


G1X146.7838Y-293.0269
G1Z5F20000
(Plotting speed under)
G1 F4000


G1X183.6562Y-296.2873

G1X138.5564Y-257.0599

G1 Z0F20000

(Start Block)


G1X138.5564Y-257.0599
G1Z5F20000
(Plotting speed under)
G1 F4000


G1X146.7838Y-293.0269

G1X170.3994Y-237.9633

G1 Z0F20000

(Start Block)


G1X170.3994Y-237.9633
G1Z5F20000
(Plotting speed under)
G1 F4000


G1X138.5564Y-257.0599

G1X198.8678Y-262.2126

G1 Z0F20000

(Start Block)


G1X198.8678Y-262.2126
G1Z5F20000
(Plotting speed under)
G1 F4000


G1X170.3994Y-237.9633

G1X185.1374Y-296.9274

G1 Z0F20000

(Start Block)


G1X185.1374Y-296.9274
G1Z5F20000
(Plotting speed under)
G1 F4000


G1X198.8678Y-262.2126

G1X148.1693Y-294.8961

G1 Z0F20000

(Start Block)


G1X148.1693Y-294.8961
G1Z5F20000
(Plotting speed under)
G1 F4000


G1X185.1374Y-296.9274

G1X138.7452Y-259.2258

G1 Z0F20000

(Start Block)


G1X138.7452Y-259.2258
G1Z5F20000
(Plotting speed under)
G1 F4000


G1X148.1693Y-294.8961

G1X169.9293Y-239.0872

G1 Z0F20000

(Start Block)


G1X169.9293Y-239.0872
G1Z5F20000
(Plotting speed under)
G1 F4000


G1X138.7452Y-259.2258

G1X199.1788Y-262.3826

G1 Z0F20000

(Start Block)


G1X199.1788Y-262.3826
G1Z5F20000
(Plotting speed under)
G1 F4000


G1X169.9293Y-239.0872

G1X186.5999Y-297.5378

G1 Z0F20000

(Start Block)


G1X186.5999Y-297.5378
G1Z5F20000
(Plotting speed under)
G1 F4000


G1X199.1788Y-262.3826

G1X149.5770Y-296.7382

G1 Z0F20000

(Start Block)


G1X149.5770Y-296.7382
G1Z5F20000
(Plotting speed under)
G1 F4000


G1X186.5999Y-297.5378

G1X138.9668Y-261.4042

G1 Z0F20000

(Start Block)


G1X138.9668Y-261.4042
G1Z5F20000
(Plotting speed under)
G1 F4000


G1X149.5770Y-296.7382

G1X169.4577Y-240.2461

G1 Z0F20000

(Start Block)


G1X169.4577Y-240.2461
G1Z5F20000
(Plotting speed under)
G1 F4000


G1X138.9668Y-261.4042

G1X199.4561Y-262.5621

G1 Z0F20000

(Start Block)


G1X199.4561Y-262.5621
G1Z5F20000
(Plotting speed under)
G1 F4000


G1X169.4577Y-240.2461

G1X188.0428Y-298.1193

G1 Z0F20000

(Start Block)


G1X188.0428Y-298.1193
G1Z5F20000
(Plotting speed under)
G1 F4000


G1X199.4561Y-262.5621

G1X151.0059Y-298.5526

G1 Z0F20000

(Start Block)


G1X151.0059Y-298.5526
G1Z5F20000
(Plotting speed under)
G1 F4000


G1X188.0428Y-298.1193

G1X139.2213Y-263.5940

G1 Z0F20000

(Start Block)


G1X139.2213Y-263.5940
G1Z5F20000
(Plotting speed under)
G1 F4000


G1X151.0059Y-298.5526

G1X168.9856Y-241.4399

G1 Z0F20000

(Start Block)


G1X168.9856Y-241.4399
G1Z5F20000
(Plotting speed under)
G1 F4000


G1X139.2213Y-263.5940

G1X199.7001Y-262.7523

G1 Z0F20000

(Start Block)


G1X199.7001Y-262.7523
G1Z5F20000
(Plotting speed under)
G1 F4000


G1X168.9856Y-241.4399

G1X189.4651Y-298.6726

G1 Z0F20000

(Start Block)


G1X189.4651Y-298.6726
G1Z5F20000
(Plotting speed under)
G1 F4000


G1X199.7001Y-262.7523

G1X152.4551Y-300.3384

G1 Z0F20000

(Start Block)


G1X152.4551Y-300.3384
G1Z5F20000
(Plotting speed under)
G1 F4000


G1X189.4651Y-298.6726

G1X139.5093Y-265.7942

G1 Z0F20000

(Start Block)


G1X139.5093Y-265.7942
G1Z5F20000
(Plotting speed under)
G1 F4000


G1X152.4551Y-300.3384

G1X168.5143Y-242.6686

G1 Z0F20000

(Start Block)


G1X168.5143Y-242.6686
G1Z5F20000
(Plotting speed under)
G1 F4000


G1X139.5093Y-265.7942

G1X199.9113Y-262.9543

G1 Z0F20000

(Start Block)


G1X199.9113Y-262.9543
G1Z5F20000
(Plotting speed under)
G1 F4000


G1X168.5143Y-242.6686

G1X190.7640Y-298.9903

G1 Z0F20000

(Start Block)


G1X190.7640Y-298.9903
G1Z5F20000
(Plotting speed under)
G1 F4000


G1X199.9113Y-262.9543

G1 Z0F20000

(Start Block)


G1X139.2551Y-266.8493
G1Z5F20000
(Plotting speed under)
G1 F4000


G1X153.5848Y-301.4141

G1X167.2319Y-242.3050

G1 Z0F20000

(Start Block)


G1X167.2319Y-242.3050
G1Z5F20000
(Plotting speed under)
G1 F4000


G1X139.2551Y-266.8493

G1X199.0397Y-261.0687

G1 Z0F20000

(Start Block)


G1X199.0397Y-261.0687
G1Z5F20000
(Plotting speed under)
G1 F4000


G1X167.2319Y-242.3050

G1X190.9569Y-297.1238

G1 Z0F20000

(Start Block)


G1X190.9569Y-297.1238
G1Z5F20000
(Plotting speed under)
G1 F4000


G1X199.0397Y-261.0687

G1X153.8863Y-300.7758

G1 Z0F20000

(Start Block)


G1X153.8863Y-300.7758
G1Z5F20000
(Plotting speed under)
G1 F4000


G1X190.9569Y-297.1238

G1X138.4254Y-266.7013

G1 Z0F20000

(Start Block)


G1X138.4254Y-266.7013
G1Z5F20000
(Plotting speed under)
G1 F4000


G1X153.8863Y-300.7758

G1X165.5803Y-241.2382

G1 Z0F20000

(Start Block)


G1X165.5803Y-241.2382
G1Z5F20000
(Plotting speed under)
G1 F4000


G1X138.4254Y-266.7013

G1X198.0009Y-258.9321

G1 Z0F20000

(Start Block)


G1X198.0009Y-258.9321
G1Z5F20000
(Plotting speed under)
G1 F4000


G1X165.5803Y-241.2382

G1X191.1265Y-295.2314

G1 Z0F20000

(Start Block)


G1X191.1265Y-295.2314
G1Z5F20000
(Plotting speed under)
G1 F4000


G1X198.0009Y-258.9321

G1X154.2053Y-300.1071

G1 Z0F20000

(Start Block)


G1X154.2053Y-300.1071
G1Z5F20000
(Plotting speed under)
G1 F4000


G1X191.1265Y-295.2314

G1X137.6301Y-266.5603

G1 Z0F20000

(Start Block)


G1X137.6301Y-266.5603
G1Z5F20000
(Plotting speed under)
G1 F4000


G1X154.2053Y-300.1071

G1X163.9329Y-240.2061

G1 Z0F20000

(Start Block)


G1X163.9329Y-240.2061
G1Z5F20000
(Plotting speed under)
G1 F4000


G1X137.6301Y-266.5603

G1X196.9304Y-256.8104

G1 Z0F20000

(Start Block)


G1X196.9304Y-256.8104
G1Z5F20000
(Plotting speed under)
G1 F4000


G1X163.9329Y-240.2061

G1X191.2720Y-293.3136

G1 Z0F20000

(Start Block)


G1X191.2720Y-293.3136
G1Z5F20000
(Plotting speed under)
G1 F4000


G1X196.9304Y-256.8104

G1X154.5406Y-299.4076

G1 Z0F20000

(Start Block)


G1X154.5406Y-299.4076
G1Z5F20000
(Plotting speed under)
G1 F4000


G1X191.2720Y-293.3136

G1X136.8692Y-266.4251

G1 Z0F20000

(Start Block)


G1X136.8692Y-266.4251
G1Z5F20000
(Plotting speed under)
G1 F4000


G1X154.5406Y-299.4076

G1X162.2908Y-239.2085

G1 Z0F20000

(Start Block)


G1X162.2908Y-239.2085
G1Z5F20000
(Plotting speed under)
G1 F4000


G1X136.8692Y-266.4251

G1X195.8289Y-254.7047

G1 Z0F20000

(Start Block)


G1X195.8289Y-254.7047
G1Z5F20000
(Plotting speed under)
G1 F4000


G1X162.2908Y-239.2085

G1X191.3924Y-291.3715

G1 Z0F20000

(Start Block)


G1X191.3924Y-291.3715
G1Z5F20000
(Plotting speed under)
G1 F4000


G1X195.8289Y-254.7047

G1X154.8912Y-298.6766

G1 Z0F20000

(Start Block)


G1X154.8912Y-298.6766
G1Z5F20000
(Plotting speed under)
G1 F4000


G1X191.3924Y-291.3715

G1X136.1430Y-266.2945

G1 Z0F20000

(Start Block)


G1X136.1430Y-266.2945
G1Z5F20000
(Plotting speed under)
G1 F4000


G1X154.8912Y-298.6766

G1X160.6553Y-238.2452

G1 Z0F20000

(Start Block)


G1X160.6553Y-238.2452
G1Z5F20000
(Plotting speed under)
G1 F4000


G1X136.1430Y-266.2945

G1X194.6968Y-252.6160

G1 Z0F20000

(Start Block)


G1X194.6968Y-252.6160
G1Z5F20000
(Plotting speed under)
G1 F4000


G1X160.6553Y-238.2452

G1X191.4871Y-289.4057

G1 Z0F20000

(Start Block)


G1X191.4871Y-289.4057
G1Z5F20000
(Plotting speed under)
G1 F4000


G1X194.6968Y-252.6160

G1X155.2561Y-297.9138

G1 Z0F20000

(Start Block)


G1X155.2561Y-297.9138
G1Z5F20000
(Plotting speed under)
G1 F4000


G1X191.4871Y-289.4057

G1X135.4515Y-266.1673

G1 Z0F20000

(Start Block)


G1X135.4515Y-266.1673
G1Z5F20000
(Plotting speed under)
G1 F4000


G1X155.2561Y-297.9138

G1X159.0275Y-237.3161

G1 Z0F20000

(Start Block)


G1X159.0275Y-237.3161
G1Z5F20000
(Plotting speed under)
G1 F4000


G1X135.4515Y-266.1673

G1X193.5348Y-250.5454

G1 Z0F20000

(Start Block)


G1X193.5348Y-250.5454
G1Z5F20000
(Plotting speed under)
G1 F4000


G1X159.0275Y-237.3161

G1X191.5553Y-287.4171

G1 Z0F20000

(Start Block)


G1X191.5553Y-287.4171
G1Z5F20000
(Plotting speed under)
G1 F4000


G1X193.5348Y-250.5454

G1X155.6342Y-297.1185

G1 Z0F20000

(Start Block)


G1X155.6342Y-297.1185
G1Z5F20000
(Plotting speed under)
G1 F4000


G1X191.5553Y-287.4171

G1X134.7950Y-266.0425

G1 Z0F20000

(Start Block)


G1X134.7950Y-266.0425
G1Z5F20000
(Plotting speed under)
G1 F4000


G1X155.6342Y-297.1185

G1X157.4084Y-236.4209

G1 Z0F20000

(Start Block)


G1X157.4084Y-236.4209
G1Z5F20000
(Plotting speed under)
G1 F4000


G1X134.7950Y-266.0425

G1X192.3434Y-248.4937

G1 Z0F20000

(Start Block)


G1X192.3434Y-248.4937
G1Z5F20000
(Plotting speed under)
G1 F4000


G1X157.4084Y-236.4209

G1X191.5961Y-285.4068

G1 Z0F20000

(Start Block)


G1X191.5961Y-285.4068
G1Z5F20000
(Plotting speed under)
G1 F4000


G1X192.3434Y-248.4937

G1X156.0245Y-296.2905

G1 Z0F20000

(Start Block)


G1X156.0245Y-296.2905
G1Z5F20000
(Plotting speed under)
G1 F4000


G1X191.5961Y-285.4068

G1X134.1733Y-265.9189

G1 Z0F20000

(Start Block)


G1X134.1733Y-265.9189
G1Z5F20000
(Plotting speed under)
G1 F4000


G1X156.0245Y-296.2905

G1X155.7993Y-235.5591

G1 Z0F20000

(Start Block)


G1X155.7993Y-235.5591
G1Z5F20000
(Plotting speed under)
G1 F4000


G1X134.1733Y-265.9189

G1X191.1233Y-246.4621

G1 Z0F20000

(Start Block)


G1X191.1233Y-246.4621
G1Z5F20000
(Plotting speed under)
G1 F4000


G1X155.7993Y-235.5591

G1X191.6089Y-283.3754

G1 Z0F20000

(Start Block)


G1X191.6089Y-283.3754
G1Z5F20000
(Plotting speed under)
G1 F4000


G1X191.1233Y-246.4621

G1X156.4257Y-295.4293

G1 Z0F20000

(Start Block)


G1X156.4257Y-295.4293
G1Z5F20000
(Plotting speed under)
G1 F4000


G1X191.6089Y-283.3754

G1X133.5867Y-265.7953

G1 Z0F20000

(Start Block)


G1X133.5867Y-265.7953
G1Z5F20000
(Plotting speed under)
G1 F4000


G1X156.4257Y-295.4293

G1X154.2012Y-234.7305

G1 Z0F20000

(Start Block)


G1X154.2012Y-234.7305
G1Z5F20000
(Plotting speed under)
G1 F4000


G1X133.5867Y-265.7953

G1X189.8753Y-244.4513

G1 Z0F20000

(Start Block)


G1X189.8753Y-244.4513
G1Z5F20000
(Plotting speed under)
G1 F4000


G1X154.2012Y-234.7305

G1X191.5931Y-281.3241

G1 Z0F20000

(Start Block)


G1X191.5931Y-281.3241
G1Z5F20000
(Plotting speed under)
G1 F4000


G1X189.8753Y-244.4513

G1X156.8370Y-294.5346

G1 Z0F20000

(Start Block)


G1X156.8370Y-294.5346
G1Z5F20000
(Plotting speed under)
G1 F4000


G1X191.5931Y-281.3241

G1X133.0350Y-265.6705

G1 Z0F20000

(Start Block)


G1X133.0350Y-265.6705
G1Z5F20000
(Plotting speed under)
G1 F4000


G1X156.8370Y-294.5346

G1X152.6151Y-233.9348

G1 Z0F20000

(Start Block)


G1X152.6151Y-233.9348
G1Z5F20000
(Plotting speed under)
G1 F4000


G1X133.0350Y-265.6705

G1X188.5999Y-242.4624

G1 Z0F20000

(Start Block)


G1X188.5999Y-242.4624
G1Z5F20000
(Plotting speed under)
G1 F4000


G1X152.6151Y-233.9348

G1X191.5479Y-279.2538

G1 Z0F20000

(Start Block)


G1X191.5479Y-279.2538
G1Z5F20000
(Plotting speed under)
G1 F4000


G1X188.5999Y-242.4624

G1X157.2570Y-293.6060

G1 Z0F20000

(Start Block)


G1X157.2570Y-293.6060
G1Z5F20000
(Plotting speed under)
G1 F4000


G1X191.5479Y-279.2538

G1X132.5182Y-265.5434

G1 Z0F20000

(Start Block)


G1X132.5182Y-265.5434
G1Z5F20000
(Plotting speed under)
G1 F4000


G1X157.2570Y-293.6060

G1X151.0423Y-233.1714

G1 Z0F20000

(Start Block)


G1X151.0423Y-233.1714
G1Z5F20000
(Plotting speed under)
G1 F4000


G1X132.5182Y-265.5434

G1X187.2979Y-240.4963

G1 Z0F20000

(Start Block)


G1X187.2979Y-240.4963
G1Z5F20000
(Plotting speed under)
G1 F4000


G1X151.0423Y-233.1714

G1X191.4728Y-277.1654

G1 Z0F20000

(Start Block)


G1X191.4728Y-277.1654
G1Z5F20000
(Plotting speed under)
G1 F4000


G1X187.2979Y-240.4963

G1X157.6847Y-292.6433

G1 Z0F20000

(Start Block)


G1X157.6847Y-292.6433
G1Z5F20000
(Plotting speed under)
G1 F4000


G1X191.4728Y-277.1654

G1X132.0362Y-265.4129

G1 Z0F20000

(Start Block)


G1X132.0362Y-265.4129
G1Z5F20000
(Plotting speed under)
G1 F4000


G1X157.6847Y-292.6433

G1X149.4837Y-232.4399

G1 Z0F20000

(Start Block)


G1X149.4837Y-232.4399
G1Z5F20000
(Plotting speed under)
G1 F4000


G1X132.0362Y-265.4129

G1X185.9702Y-238.5537

G1 Z0F20000

(Start Block)


G1X185.9702Y-238.5537
G1Z5F20000
(Plotting speed under)
G1 F4000


G1X149.4837Y-232.4399

G1X191.3671Y-275.0600

G1 Z0F20000

(Start Block)


G1X191.3671Y-275.0600
G1Z5F20000
(Plotting speed under)
G1 F4000


G1X185.9702Y-238.5537

G1X158.1189Y-291.6463

G1 Z0F20000

(Start Block)


G1X158.1189Y-291.6463
G1Z5F20000
(Plotting speed under)
G1 F4000


G1X191.3671Y-275.0600

G1X131.5888Y-265.2777

G1 Z0F20000

(Start Block)


G1X131.5888Y-265.2777
G1Z5F20000
(Plotting speed under)
G1 F4000


G1X158.1189Y-291.6463

G1X147.9405Y-231.7399

G1 Z0F20000

(Start Block)


G1X147.9405Y-231.7399
G1Z5F20000
(Plotting speed under)
G1 F4000


G1X131.5888Y-265.2777

G1X184.6174Y-236.6356

G1 Z0F20000

(Start Block)


G1X184.6174Y-236.6356
G1Z5F20000
(Plotting speed under)
G1 F4000


G1X147.9405Y-231.7399

G1X191.2304Y-272.9386

G1 Z0F20000

(Start Block)


G1X191.2304Y-272.9386
G1Z5F20000
(Plotting speed under)
G1 F4000


G1X184.6174Y-236.6356

G1X158.5586Y-290.6148

G1 Z0F20000

(Start Block)


G1X158.5586Y-290.6148
G1Z5F20000
(Plotting speed under)
G1 F4000


G1X191.2304Y-272.9386

G1X131.1759Y-265.1368

G1 Z0F20000

(Start Block)


G1X131.1759Y-265.1368
G1Z5F20000
(Plotting speed under)
G1 F4000


G1X158.5586Y-290.6148

G1X146.4136Y-231.0707

G1 Z0F20000

(Start Block)


G1X146.4136Y-231.0707
G1Z5F20000
(Plotting speed under)
G1 F4000


G1X131.1759Y-265.1368

G1X183.2405Y-234.7427

G1 Z0F20000

(Start Block)


G1X183.2405Y-234.7427
G1Z5F20000
(Plotting speed under)
G1 F4000


G1X146.4136Y-231.0707

G1X191.0621Y-270.8021

G1 Z0F20000

(Start Block)


G1X191.0621Y-270.8021
G1Z5F20000
(Plotting speed under)
G1 F4000


G1X183.2405Y-234.7427

G1X159.0024Y-289.5485

G1 Z0F20000

(Start Block)


G1X159.0024Y-289.5485
G1Z5F20000
(Plotting speed under)
G1 F4000


G1X191.0621Y-270.8021

G1X130.7972Y-264.9890

G1 Z0F20000

(Start Block)


G1X130.7972Y-264.9890
G1Z5F20000
(Plotting speed under)
G1 F4000


G1X159.0024Y-289.5485

G1X144.9040Y-230.4319

G1 Z0F20000

(Start Block)


G1X144.9040Y-230.4319
G1Z5F20000
(Plotting speed under)
G1 F4000


G1X130.7972Y-264.9890

G1X181.8402Y-232.8758

G1 Z0F20000

(Start Block)


G1X181.8402Y-232.8758
G1Z5F20000
(Plotting speed under)
G1 F4000


G1X144.9040Y-230.4319

G1X190.8617Y-268.6518

G1 Z0F20000

(Start Block)


G1X190.8617Y-268.6518
G1Z5F20000
(Plotting speed under)
G1 F4000


G1X181.8402Y-232.8758

G1X159.4494Y-288.4474

G1 Z0F20000

(Start Block)


G1X159.4494Y-288.4474
G1Z5F20000
(Plotting speed under)
G1 F4000


G1X190.8617Y-268.6518

G1X130.4526Y-264.8331

G1 Z0F20000

(Start Block)


G1X130.4526Y-264.8331
G1Z5F20000
(Plotting speed under)
G1 F4000


G1X159.4494Y-288.4474

G1X143.4128Y-229.8229

G1 Z0F20000

(Start Block)


G1X143.4128Y-229.8229
G1Z5F20000
(Plotting speed under)
G1 F4000


G1X130.4526Y-264.8331

G1X180.4175Y-231.0358

G1 Z0F20000

(Start Block)


G1X180.4175Y-231.0358
G1Z5F20000
(Plotting speed under)
G1 F4000


G1X143.4128Y-229.8229

G1X190.6288Y-266.4886

G1 Z0F20000

(Start Block)


G1X190.6288Y-266.4886
G1Z5F20000
(Plotting speed under)
G1 F4000


G1X180.4175Y-231.0358

G1X159.8984Y-287.3114

G1 Z0F20000

(Start Block)


G1X159.8984Y-287.3114
G1Z5F20000
(Plotting speed under)
G1 F4000


G1X190.6288Y-266.4886

G1X130.1418Y-264.6681

G1 Z0F20000

(Start Block)


G1X130.1418Y-264.6681
G1Z5F20000
(Plotting speed under)
G1 F4000


G1X159.8984Y-287.3114

G1X141.9410Y-229.2430

G1 Z0F20000

(Start Block)


G1X141.9410Y-229.2430
G1Z5F20000
(Plotting speed under)
G1 F4000


G1X130.1418Y-264.6681

G1X178.9733Y-229.2233

G1 Z0F20000

(Start Block)


G1X178.9733Y-229.2233
G1Z5F20000
(Plotting speed under)
G1 F4000


G1X141.9410Y-229.2430

G1X190.3630Y-264.3137

G1 Z0F20000

(Start Block)


G1X190.3630Y-264.3137
G1Z5F20000
(Plotting speed under)
G1 F4000


G1X178.9733Y-229.2233

G1X160.3481Y-286.1405

G1 Z0F20000

(Start Block)


G1X160.3481Y-286.1405
G1Z5F20000
(Plotting speed under)
G1 F4000


G1X190.3630Y-264.3137

G1X129.8643Y-264.4928

G1 Z0F20000

(Start Block)


G1X129.8643Y-264.4928
G1Z5F20000
(Plotting speed under)
G1 F4000


G1X160.3481Y-286.1405

G1X140.4894Y-228.6915

G1 Z0F20000

(Start Block)


G1X140.4894Y-228.6915
G1Z5F20000
(Plotting speed under)
G1 F4000


G1X129.8643Y-264.4928

G1X177.5084Y-227.4391

G1 Z0F20000

(Start Block)


G1X177.5084Y-227.4391
G1Z5F20000
(Plotting speed under)
G1 F4000


G1X140.4894Y-228.6915

G1X190.0639Y-262.1280

G1 Z0F20000

(Start Block)


G1X190.0639Y-262.1280
G1Z5F20000
(Plotting speed under)
G1 F4000


G1X177.5084Y-227.4391

G1X160.7975Y-284.9346

G1 Z0F20000

(Start Block)


G1X160.7975Y-284.9346
G1Z5F20000
(Plotting speed under)
G1 F4000


G1X190.0639Y-262.1280

G1X129.6200Y-264.3060

G1 Z0F20000

(Start Block)


G1X129.6200Y-264.3060
G1Z5F20000
(Plotting speed under)
G1 F4000


G1X160.7975Y-284.9346

G1X139.0591Y-228.1679

G1 Z0F20000

(Start Block)


G1X139.0591Y-228.1679
G1Z5F20000
(Plotting speed under)
G1 F4000


G1X129.6200Y-264.3060

G1X176.0239Y-225.6837

G1 Z0F20000

(Start Block)


G1X176.0239Y-225.6837
G1Z5F20000
(Plotting speed under)
G1 F4000


G1X139.0591Y-228.1679

G1X189.7311Y-259.9328

G1 Z0F20000

(Start Block)


G1X189.7311Y-259.9328
G1Z5F20000
(Plotting speed under)
G1 F4000


G1X176.0239Y-225.6837

G1X161.2453Y-283.6937

G1 Z0F20000

(Start Block)


G1X161.2453Y-283.6937
G1Z5F20000
(Plotting speed under)
G1 F4000


G1X189.7311Y-259.9328

G1X129.4083Y-264.1069

G1 Z0F20000

(Start Block)


G1X129.4083Y-264.1069
G1Z5F20000
(Plotting speed under)
G1 F4000


G1X161.2453Y-283.6937

G1X137.6508Y-227.6713

G1 Z0F20000

(Start Block)


G1X137.6508Y-227.6713
G1Z5F20000
(Plotting speed under)
G1 F4000


G1X129.4083Y-264.1069

G1X174.5207Y-223.9579

G1 Z0F20000

(Start Block)


G1X174.5207Y-223.9579
G1Z5F20000
(Plotting speed under)
G1 F4000


G1X137.6508Y-227.6713

G1X189.3644Y-257.7292

G1 Z0F20000

(Start Block)


G1X189.3644Y-257.7292
G1Z5F20000
(Plotting speed under)
G1 F4000


G1X174.5207Y-223.9579

G1X161.6904Y-282.4180

G1 Z0F20000

(Start Block)


G1X161.6904Y-282.4180
G1Z5F20000
(Plotting speed under)
G1 F4000


G1X189.3644Y-257.7292

G1X129.2288Y-263.8942

G1 Z0F20000

(Start Block)


G1X129.2288Y-263.8942
G1Z5F20000
(Plotting speed under)
G1 F4000


G1X161.6904Y-282.4180

G1X136.2656Y-227.2010

G1 Z0F20000

(Start Block)


G1X136.2656Y-227.2010
G1Z5F20000
(Plotting speed under)
G1 F4000


G1X129.2288Y-263.8942

G1X172.9997Y-222.2622

G1 Z0F20000

(Start Block)


G1X172.9997Y-222.2622
G1Z5F20000
(Plotting speed under)
G1 F4000


G1X136.2656Y-227.2010

G1X188.9635Y-255.5183

G1 Z0F20000

(Start Block)


G1X188.9635Y-255.5183
G1Z5F20000
(Plotting speed under)
G1 F4000


G1X172.9997Y-222.2622

G1X162.1316Y-281.1076

G1 Z0F20000

(Start Block)


G1X162.1316Y-281.1076
G1Z5F20000
(Plotting speed under)
G1 F4000


G1X188.9635Y-255.5183

G1X129.0810Y-263.6668

G1 Z0F20000

(Start Block)


G1X129.0810Y-263.6668
G1Z5F20000
(Plotting speed under)
G1 F4000


G1X162.1316Y-281.1076

G1X134.9043Y-226.7563

G1 Z0F20000

(Start Block)


G1X134.9043Y-226.7563
G1Z5F20000
(Plotting speed under)
G1 F4000


G1X129.0810Y-263.6668

G1X171.4620Y-220.5972

G1 Z0F20000

(Start Block)


G1X171.4620Y-220.5972
G1Z5F20000
(Plotting speed under)
G1 F4000


G1X134.9043Y-226.7563

G1X188.5282Y-253.3012

G1 Z0F20000

(Start Block)


G1X188.5282Y-253.3012
G1Z5F20000
(Plotting speed under)
G1 F4000


G1X171.4620Y-220.5972

G1X162.5679Y-279.7626

G1 Z0F20000

(Start Block)


G1X162.5679Y-279.7626
G1Z5F20000
(Plotting speed under)
G1 F4000


G1X188.5282Y-253.3012

G1X128.9646Y-263.4238

G1 Z0F20000

(Start Block)


G1X128.9646Y-263.4238
G1Z5F20000
(Plotting speed under)
G1 F4000


G1X162.5679Y-279.7626

G1X133.5678Y-226.3363

G1 Z0F20000

(Start Block)


G1X133.5678Y-226.3363
G1Z5F20000
(Plotting speed under)
G1 F4000


G1X128.9646Y-263.4238

G1X169.9087Y-218.9635

G1 Z0F20000

(Start Block)


G1X169.9087Y-218.9635
G1Z5F20000
(Plotting speed under)
G1 F4000


G1X133.5678Y-226.3363

G1X188.0584Y-251.0791

G1 Z0F20000

(Start Block)


G1X188.0584Y-251.0791
G1Z5F20000
(Plotting speed under)
G1 F4000


G1X169.9087Y-218.9635

G1X162.9980Y-278.3831

G1 Z0F20000

(Start Block)


G1X162.9980Y-278.3831
G1Z5F20000
(Plotting speed under)
G1 F4000


G1X188.0584Y-251.0791

G1X128.8788Y-263.1642

G1 Z0F20000

(Start Block)


G1X128.8788Y-263.1642
G1Z5F20000
(Plotting speed under)
G1 F4000


G1X162.9980Y-278.3831

G1X132.2567Y-225.9402

G1 Z0F20000

(Start Block)


G1X132.2567Y-225.9402
G1Z5F20000
(Plotting speed under)
G1 F4000


G1X128.8788Y-263.1642

G1X168.3407Y-217.3615

G1 Z0F20000

(Start Block)


G1X168.3407Y-217.3615
G1Z5F20000
(Plotting speed under)
G1 F4000


G1X132.2567Y-225.9402

G1X187.5537Y-248.8532

G1 Z0F20000

(Start Block)


G1X187.5537Y-248.8532
G1Z5F20000
(Plotting speed under)
G1 F4000


G1X168.3407Y-217.3615

G1X163.4208Y-276.9694

G1 Z0F20000

(Start Block)


G1X163.4208Y-276.9694
G1Z5F20000
(Plotting speed under)
G1 F4000


G1X187.5537Y-248.8532

G1X128.8232Y-262.8868

G1 Z0F20000

(Start Block)


G1X128.8232Y-262.8868
G1Z5F20000
(Plotting speed under)
G1 F4000


G1X163.4208Y-276.9694

G1X130.9719Y-225.5671

G1 Z0F20000

(Start Block)


G1X130.9719Y-225.5671
G1Z5F20000
(Plotting speed under)
G1 F4000


G1X128.8232Y-262.8868

G1X166.7592Y-215.7918

G1 Z0F20000

(Start Block)


G1X166.7592Y-215.7918
G1Z5F20000
(Plotting speed under)
G1 F4000


G1X130.9719Y-225.5671

G1X187.0142Y-246.6245

G1 Z0F20000

(Start Block)


G1X187.0142Y-246.6245
G1Z5F20000
(Plotting speed under)
G1 F4000


G1X166.7592Y-215.7918

G1X163.8352Y-275.5219

G1 Z0F20000

(Start Block)


G1X163.8352Y-275.5219
G1Z5F20000
(Plotting speed under)
G1 F4000


G1X187.0142Y-246.6245

G1X128.7972Y-262.5908

G1 Z0F20000

(Start Block)


G1X128.7972Y-262.5908
G1Z5F20000
(Plotting speed under)
G1 F4000


G1X163.8352Y-275.5219

G1X129.7142Y-225.2162

G1 Z0F20000

(Start Block)


G1X129.7142Y-225.2162
G1Z5F20000
(Plotting speed under)
G1 F4000


G1X128.7972Y-262.5908

G1X165.1652Y-214.2547

G1 Z0F20000

(Start Block)


G1X165.1652Y-214.2547
G1Z5F20000
(Plotting speed under)
G1 F4000


G1X129.7142Y-225.2162

G1X186.4398Y-244.3942

G1 Z0F20000

(Start Block)


G1X186.4398Y-244.3942
G1Z5F20000
(Plotting speed under)
G1 F4000


G1X165.1652Y-214.2547

G1X164.2401Y-274.0406

G1 Z0F20000

(Start Block)


G1X164.2401Y-274.0406
G1Z5F20000
(Plotting speed under)
G1 F4000


G1X186.4398Y-244.3942

G1X128.8001Y-262.2751

G1 Z0F20000

(Start Block)


G1X128.8001Y-262.2751
G1Z5F20000
(Plotting speed under)
G1 F4000


G1X164.2401Y-274.0406

G1X128.4842Y-224.8865

G1 Z0F20000

(Start Block)


G1X128.4842Y-224.8865
G1Z5F20000
(Plotting speed under)
G1 F4000


G1X128.8001Y-262.2751

G1X163.5598Y-212.7507

G1 Z0F20000

(Start Block)


G1X163.5598Y-212.7507
G1Z5F20000
(Plotting speed under)
G1 F4000


G1X128.4842Y-224.8865

G1X185.8304Y-242.1636

G1 Z0F20000

(Start Block)


G1X185.8304Y-242.1636
G1Z5F20000
(Plotting speed under)
G1 F4000


G1X163.5598Y-212.7507

G1X164.6344Y-272.5261

G1 Z0F20000

(Start Block)


G1X164.6344Y-272.5261
G1Z5F20000
(Plotting speed under)
G1 F4000


G1X185.8304Y-242.1636

G1X128.8312Y-261.9388

G1 Z0F20000

(Start Block)


G1X128.8312Y-261.9388
G1Z5F20000
(Plotting speed under)
G1 F4000


G1X164.6344Y-272.5261

G1X127.2828Y-224.5771

G1 Z0F20000

(Start Block)


G1X127.2828Y-224.5771
G1Z5F20000
(Plotting speed under)
G1 F4000


G1X128.8312Y-261.9388

G1X161.9441Y-211.2801

G1 Z0F20000

(Start Block)


G1X161.9441Y-211.2801
G1Z5F20000
(Plotting speed under)
G1 F4000


G1X127.2828Y-224.5771

G1X185.1861Y-239.9337

G1 Z0F20000

(Start Block)


G1X185.1861Y-239.9337
G1Z5F20000
(Plotting speed under)
G1 F4000


G1X161.9441Y-211.2801

G1X165.0169Y-270.9786

G1 Z0F20000

(Start Block)


G1X165.0169Y-270.9786
G1Z5F20000
(Plotting speed under)
G1 F4000


G1X185.1861Y-239.9337

G1X128.8898Y-261.5809

G1 Z0F20000

(Start Block)


G1X128.8898Y-261.5809
G1Z5F20000
(Plotting speed under)
G1 F4000


G1X165.0169Y-270.9786

G1X126.1104Y-224.2870

G1 Z0F20000

(Start Block)


G1X126.1104Y-224.2870
G1Z5F20000
(Plotting speed under)
G1 F4000


G1X128.8898Y-261.5809

G1X160.3192Y-209.8432

G1 Z0F20000

(Start Block)


G1X160.3192Y-209.8432
G1Z5F20000
(Plotting speed under)
G1 F4000


G1X126.1104Y-224.2870

G1X184.5069Y-237.7058

G1 Z0F20000

(Start Block)


G1X184.5069Y-237.7058
G1Z5F20000
(Plotting speed under)
G1 F4000


G1X160.3192Y-209.8432

G1X165.3865Y-269.3986

G1 Z0F20000

(Start Block)


G1X165.3865Y-269.3986
G1Z5F20000
(Plotting speed under)
G1 F4000


G1X184.5069Y-237.7058

G1X128.9753Y-261.2006

G1 Z0F20000

(Start Block)


G1X128.9753Y-261.2006
G1Z5F20000
(Plotting speed under)
G1 F4000


G1X165.3865Y-269.3986

G1X124.9678Y-224.0154

G1 Z0F20000

(Start Block)


G1X124.9678Y-224.0154
G1Z5F20000
(Plotting speed under)
G1 F4000


G1X128.9753Y-261.2006

G1X158.6862Y-208.4403

G1 Z0F20000

(Start Block)


G1X158.6862Y-208.4403
G1Z5F20000
(Plotting speed under)
G1 F4000


G1X124.9678Y-224.0154

G1X183.7928Y-235.4809

G1 Z0F20000

(Start Block)


G1X183.7928Y-235.4809
G1Z5F20000
(Plotting speed under)
G1 F4000


G1X158.6862Y-208.4403

G1X165.7423Y-267.7866

G1 Z0F20000

(Start Block)


G1X165.7423Y-267.7866
G1Z5F20000
(Plotting speed under)
G1 F4000


G1X183.7928Y-235.4809

G1X129.0869Y-260.7970

G1 Z0F20000

(Start Block)


G1X129.0869Y-260.7970
G1Z5F20000
(Plotting speed under)
G1 F4000


G1X165.7423Y-267.7866

G1X123.8555Y-223.7611

G1 Z0F20000

(Start Block)


G1X123.8555Y-223.7611
G1Z5F20000
(Plotting speed under)
G1 F4000


G1X129.0869Y-260.7970

G1X157.0464Y-207.0717

G1 Z0F20000

(Start Block)


G1X157.0464Y-207.0717
G1Z5F20000
(Plotting speed under)
G1 F4000


G1X123.8555Y-223.7611

G1X183.0440Y-233.2603

G1 Z0F20000

(Start Block)


G1X183.0440Y-233.2603
G1Z5F20000
(Plotting speed under)
G1 F4000


G1X157.0464Y-207.0717

G1X166.0830Y-266.1429

G1 Z0F20000

(Start Block)


G1X166.0830Y-266.1429
G1Z5F20000
(Plotting speed under)
G1 F4000


G1X183.0440Y-233.2603

G1X129.2237Y-260.3693

G1 Z0F20000

(Start Block)


G1X129.2237Y-260.3693
G1Z5F20000
(Plotting speed under)
G1 F4000


G1X166.0830Y-266.1429

G1X122.7741Y-223.5232

G1 Z0F20000

(Start Block)


G1X122.7741Y-223.5232
G1Z5F20000
(Plotting speed under)
G1 F4000


G1X129.2237Y-260.3693

G1X155.4007Y-205.7376

G1 Z0F20000

(Start Block)


G1X155.4007Y-205.7376
G1Z5F20000
(Plotting speed under)
G1 F4000


G1X122.7741Y-223.5232

G1X182.2607Y-231.0451

G1 Z0F20000

(Start Block)


G1X182.2607Y-231.0451
G1Z5F20000
(Plotting speed under)
G1 F4000


G1X155.4007Y-205.7376

G1X166.4078Y-264.4682

G1 Z0F20000

(Start Block)


G1X166.4078Y-264.4682
G1Z5F20000
(Plotting speed under)
G1 F4000


G1X182.2607Y-231.0451

G1X129.3849Y-259.9166

G1 Z0F20000

(Start Block)


G1X129.3849Y-259.9166
G1Z5F20000
(Plotting speed under)
G1 F4000


G1X166.4078Y-264.4682

G1X121.7241Y-223.3006

G1 Z0F20000

(Start Block)


G1X121.7241Y-223.3006
G1Z5F20000
(Plotting speed under)
G1 F4000


G1X129.3849Y-259.9166

G1X153.7504Y-204.4381

G1 Z0F20000

(Start Block)


G1X153.7504Y-204.4381
G1Z5F20000
(Plotting speed under)
G1 F4000


G1X121.7241Y-223.3006

G1X181.4431Y-228.8363

G1 Z0F20000

(Start Block)


G1X181.4431Y-228.8363
G1Z5F20000
(Plotting speed under)
G1 F4000


G1X153.7504Y-204.4381

G1X166.7156Y-262.7629

G1 Z0F20000

(Start Block)


G1X166.7156Y-262.7629
G1Z5F20000
(Plotting speed under)
G1 F4000


G1X181.4431Y-228.8363

G1X129.5698Y-259.4380

G1 Z0F20000

(Start Block)


G1X129.5698Y-259.4380
G1Z5F20000
(Plotting speed under)
G1 F4000


G1X166.7156Y-262.7629

G1X120.7060Y-223.0923

G1 Z0F20000

(Start Block)


G1X120.7060Y-223.0923
G1Z5F20000
(Plotting speed under)
G1 F4000


G1X129.5698Y-259.4380

G1X152.0966Y-203.1735

G1 Z0F20000

(Start Block)


G1X152.0966Y-203.1735
G1Z5F20000
(Plotting speed under)
G1 F4000


G1X120.7060Y-223.0923

G1X180.5913Y-226.6352

G1 Z0F20000

(Start Block)


G1X180.5913Y-226.6352
G1Z5F20000
(Plotting speed under)
G1 F4000


G1X152.0966Y-203.1735

G1X167.0053Y-261.0277

G1 Z0F20000

(Start Block)


G1X167.0053Y-261.0277
G1Z5F20000
(Plotting speed under)
G1 F4000


G1X180.5913Y-226.6352

G1X129.7774Y-258.9330

G1 Z0F20000

(Start Block)


G1X129.7774Y-258.9330
G1Z5F20000
(Plotting speed under)
G1 F4000


G1X167.0053Y-261.0277

G1X119.7203Y-222.8972

G1 Z0F20000

(Start Block)


G1X119.7203Y-222.8972
G1Z5F20000
(Plotting speed under)
G1 F4000


G1X129.7774Y-258.9330

G1X150.4405Y-201.9437

G1 Z0F20000

(Start Block)


G1X150.4405Y-201.9437
G1Z5F20000
(Plotting speed under)
G1 F4000


G1X119.7203Y-222.8972

G1X179.7057Y-224.4430

G1 Z0F20000

(Start Block)


G1X179.7057Y-224.4430
G1Z5F20000
(Plotting speed under)
G1 F4000


G1X150.4405Y-201.9437

G1X167.2761Y-259.2631

G1 Z0F20000

(Start Block)


G1X167.2761Y-259.2631
G1Z5F20000
(Plotting speed under)
G1 F4000


G1X179.7057Y-224.4430

G1X130.0069Y-258.4006

G1 Z0F20000

(Start Block)


G1X130.0069Y-258.4006
G1Z5F20000
(Plotting speed under)
G1 F4000


G1X167.2761Y-259.2631

G1X118.7674Y-222.7142

G1 Z0F20000

(Start Block)


G1X118.7674Y-222.7142
G1Z5F20000
(Plotting speed under)
G1 F4000


G1X130.0069Y-258.4006

G1X148.7832Y-200.7488

G1 Z0F20000

(Start Block)


G1X148.7832Y-200.7488
G1Z5F20000
(Plotting speed under)
G1 F4000


G1X118.7674Y-222.7142

G1X178.7865Y-222.2606

G1 Z0F20000

(Start Block)


G1X178.7865Y-222.2606
G1Z5F20000
(Plotting speed under)
G1 F4000


G1X148.7832Y-200.7488

G1X167.5268Y-257.4698

G1 Z0F20000

(Start Block)


G1X167.5268Y-257.4698
G1Z5F20000
(Plotting speed under)
G1 F4000


G1X178.7865Y-222.2606

G1X130.2573Y-257.8402

G1 Z0F20000

(Start Block)


G1X130.2573Y-257.8402
G1Z5F20000
(Plotting speed under)
G1 F4000


G1X167.5268Y-257.4698

G1X117.8477Y-222.5422

G1 Z0F20000

(Start Block)


G1X117.8477Y-222.5422
G1Z5F20000
(Plotting speed under)
G1 F4000


G1X130.2573Y-257.8402

G1X147.1259Y-199.5890

G1 Z0F20000

(Start Block)


G1X147.1259Y-199.5890
G1Z5F20000
(Plotting speed under)
G1 F4000


G1X117.8477Y-222.5422

G1X177.8342Y-220.0892

G1 Z0F20000

(Start Block)


G1X177.8342Y-220.0892
G1Z5F20000
(Plotting speed under)
G1 F4000


G1X147.1259Y-199.5890

G1X167.7566Y-255.6485

G1 Z0F20000

(Start Block)


G1X167.7566Y-255.6485
G1Z5F20000
(Plotting speed under)
G1 F4000


G1X177.8342Y-220.0892

G1X130.5277Y-257.2512

G1 Z0F20000

(Start Block)


G1X130.5277Y-257.2512
G1Z5F20000
(Plotting speed under)
G1 F4000


G1X167.7566Y-255.6485

G1X116.9615Y-222.3802

G1 Z0F20000

(Start Block)


G1X116.9615Y-222.3802
G1Z5F20000
(Plotting speed under)
G1 F4000


G1X130.5277Y-257.2512

G1X145.4698Y-198.4640

G1 Z0F20000

(Start Block)


G1X145.4698Y-198.4640
G1Z5F20000
(Plotting speed under)
G1 F4000


G1X116.9615Y-222.3802

G1X176.8491Y-217.9300

G1 Z0F20000

(Start Block)


G1X176.8491Y-217.9300
G1Z5F20000
(Plotting speed under)
G1 F4000


G1X145.4698Y-198.4640

G1X167.9646Y-253.8000

G1 Z0F20000

(Start Block)


G1X167.9646Y-253.8000
G1Z5F20000
(Plotting speed under)
G1 F4000


G1X176.8491Y-217.9300

G1X130.8171Y-256.6328

G1 Z0F20000

(Start Block)


G1X130.8171Y-256.6328
G1Z5F20000
(Plotting speed under)
G1 F4000


G1X167.9646Y-253.8000

G1X116.1092Y-222.2270

G1 Z0F20000

(Start Block)


G1X116.1092Y-222.2270
G1Z5F20000
(Plotting speed under)
G1 F4000


G1X130.8171Y-256.6328

G1X143.8159Y-197.3740

G1 Z0F20000

(Start Block)


G1X143.8159Y-197.3740
G1Z5F20000
(Plotting speed under)
G1 F4000


G1X116.1092Y-222.2270

G1X175.8316Y-215.7840

G1 Z0F20000

(Start Block)


G1X175.8316Y-215.7840
G1Z5F20000
(Plotting speed under)
G1 F4000


G1X143.8159Y-197.3740

G1X168.1499Y-251.9248

G1 Z0F20000

(Start Block)


G1X168.1499Y-251.9248
G1Z5F20000
(Plotting speed under)
G1 F4000


G1X175.8316Y-215.7840

G1X131.1245Y-255.9845

G1 Z0F20000

(Start Block)


G1X131.1245Y-255.9845
G1Z5F20000
(Plotting speed under)
G1 F4000


G1X168.1499Y-251.9248

G1X115.2909Y-222.0815

G1 Z0F20000

(Start Block)


G1X115.2909Y-222.0815
G1Z5F20000
(Plotting speed under)
G1 F4000


G1X131.1245Y-255.9845

G1X142.1656Y-196.3187

G1 Z0F20000

(Start Block)


G1X142.1656Y-196.3187
G1Z5F20000
(Plotting speed under)
G1 F4000


G1X115.2909Y-222.0815

G1X174.7822Y-213.6522

G1 Z0F20000

(Start Block)


G1X174.7822Y-213.6522
G1Z5F20000
(Plotting speed under)
G1 F4000


G1X142.1656Y-196.3187

G1X168.3116Y-250.0238

G1 Z0F20000

(Start Block)


G1X168.3116Y-250.0238
G1Z5F20000
(Plotting speed under)
G1 F4000


G1X174.7822Y-213.6522

G1X131.4490Y-255.3056

G1 Z0F20000

(Start Block)


G1X131.4490Y-255.3056
G1Z5F20000
(Plotting speed under)
G1 F4000


G1X168.3116Y-250.0238

G1X114.5070Y-221.9425

G1 Z0F20000

(Start Block)


G1X114.5070Y-221.9425
G1Z5F20000
(Plotting speed under)
G1 F4000


G1X131.4490Y-255.3056

G1X140.5198Y-195.2981

G1 Z0F20000

(Start Block)


G1X140.5198Y-195.2981
G1Z5F20000
(Plotting speed under)
G1 F4000


G1X114.5070Y-221.9425

G1X173.7013Y-211.5357

G1 Z0F20000

(Start Block)


G1X173.7013Y-211.5357
G1Z5F20000
(Plotting speed under)
G1 F4000


G1X140.5198Y-195.2981

G1X168.4488Y-248.0979

G1 Z0F20000

(Start Block)


G1X168.4488Y-248.0979
G1Z5F20000
(Plotting speed under)
G1 F4000


G1X173.7013Y-211.5357

G1X131.7896Y-254.5957

G1 Z0F20000

(Start Block)


G1X131.7896Y-254.5957
G1Z5F20000
(Plotting speed under)
G1 F4000


G1X168.4488Y-248.0979

G1X113.7576Y-221.8090

G1 Z0F20000

(Start Block)


G1X113.7576Y-221.8090
G1Z5F20000
(Plotting speed under)
G1 F4000


G1X131.7896Y-254.5957

G1X138.8798Y-194.3120

G1 Z0F20000

(Start Block)


G1X138.8798Y-194.3120
G1Z5F20000
(Plotting speed under)
G1 F4000


G1X113.7576Y-221.8090

G1X172.5895Y-209.4355

G1 Z0F20000

(Start Block)


G1X172.5895Y-209.4355
G1Z5F20000
(Plotting speed under)
G1 F4000


G1X138.8798Y-194.3120

G1X168.5608Y-246.1477

G1 Z0F20000

(Start Block)


G1X168.5608Y-246.1477
G1Z5F20000
(Plotting speed under)
G1 F4000


G1X172.5895Y-209.4355

G1X132.1451Y-253.8542

G1 Z0F20000

(Start Block)


G1X132.1451Y-253.8542
G1Z5F20000
(Plotting speed under)
G1 F4000


G1X168.5608Y-246.1477

G1X113.0430Y-221.6796

G1 Z0F20000

(Start Block)


G1X113.0430Y-221.6796
G1Z5F20000
(Plotting speed under)
G1 F4000


G1X132.1451Y-253.8542

G1X137.2468Y-193.3601

G1 Z0F20000

(Start Block)


G1X137.2468Y-193.3601
G1Z5F20000
(Plotting speed under)
G1 F4000


G1X113.0430Y-221.6796

G1X171.4474Y-207.3528

G1 Z0F20000

(Start Block)


G1X171.4474Y-207.3528
G1Z5F20000
(Plotting speed under)
G1 F4000


G1X137.2468Y-193.3601

G1X168.6467Y-244.1743

G1 Z0F20000

(Start Block)


G1X168.6467Y-244.1743
G1Z5F20000
(Plotting speed under)
G1 F4000


G1X171.4474Y-207.3528

G1X132.5145Y-253.0806

G1 Z0F20000

(Start Block)


G1X132.5145Y-253.0806
G1Z5F20000
(Plotting speed under)
G1 F4000


G1X168.6467Y-244.1743

G1X112.3631Y-221.5534

G1 Z0F20000

(Start Block)


G1X112.3631Y-221.5534
G1Z5F20000
(Plotting speed under)
G1 F4000


G1X132.5145Y-253.0806

G1X135.6217Y-192.4423

G1 Z0F20000

(Start Block)


G1X135.6217Y-192.4423
G1Z5F20000
(Plotting speed under)
G1 F4000


G1X112.3631Y-221.5534

G1X170.2755Y-205.2883

G1 Z0F20000

(Start Block)


G1X170.2755Y-205.2883
G1Z5F20000
(Plotting speed under)
G1 F4000


G1X135.6217Y-192.4423

G1X168.7059Y-242.1784

G1 Z0F20000

(Start Block)


G1X168.7059Y-242.1784
G1Z5F20000
(Plotting speed under)
G1 F4000


G1X170.2755Y-205.2883

G1X132.8968Y-252.2745

G1 Z0F20000

(Start Block)


G1X132.8968Y-252.2745
G1Z5F20000
(Plotting speed under)
G1 F4000


G1X168.7059Y-242.1784

G1X111.7182Y-221.4291

G1 Z0F20000

(Start Block)


G1X111.7182Y-221.4291
G1Z5F20000
(Plotting speed under)
G1 F4000


G1X132.8968Y-252.2745

G1X134.0058Y-191.5582

G1 Z0F20000

(Start Block)


G1X134.0058Y-191.5582
G1Z5F20000
(Plotting speed under)
G1 F4000


G1X111.7182Y-221.4291

G1X169.0746Y-203.2433

G1 Z0F20000

(Start Block)


G1X169.0746Y-203.2433
G1Z5F20000
(Plotting speed under)
G1 F4000


G1X134.0058Y-191.5582

G1X168.7375Y-240.1609

G1 Z0F20000

(Start Block)


G1X168.7375Y-240.1609
G1Z5F20000
(Plotting speed under)
G1 F4000


G1X169.0746Y-203.2433

G1X133.2908Y-251.4355

G1 Z0F20000

(Start Block)


G1X133.2908Y-251.4355
G1Z5F20000
(Plotting speed under)
G1 F4000


G1X168.7375Y-240.1609

G1X111.1082Y-221.3056

G1 Z0F20000

(Start Block)


G1X111.1082Y-221.3056
G1Z5F20000
(Plotting speed under)
G1 F4000


G1X133.2908Y-251.4355

G1X132.4002Y-190.7075

G1 Z0F20000

(Start Block)


G1X132.4002Y-190.7075
G1Z5F20000
(Plotting speed under)
G1 F4000


G1X111.1082Y-221.3056

G1X167.8451Y-201.2185

G1 Z0F20000

(Start Block)


G1X167.8451Y-201.2185
G1Z5F20000
(Plotting speed under)
G1 F4000


G1X132.4002Y-190.7075

G1X168.7408Y-238.1229

G1 Z0F20000

(Start Block)


G1X168.7408Y-238.1229
G1Z5F20000
(Plotting speed under)
G1 F4000


G1X167.8451Y-201.2185

G1X133.6955Y-250.5631

G1 Z0F20000

(Start Block)


G1X133.6955Y-250.5631
G1Z5F20000
(Plotting speed under)
G1 F4000


G1X168.7408Y-238.1229

G1X110.5332Y-221.1818

G1 Z0F20000

(Start Block)


G1X110.5332Y-221.1818
G1Z5F20000
(Plotting speed under)
G1 F4000


G1X133.6955Y-250.5631

G1X130.8060Y-189.8899

G1 Z0F20000

(Start Block)


G1X130.8060Y-189.8899
G1Z5F20000
(Plotting speed under)
G1 F4000


G1X110.5332Y-221.1818

G1X166.5878Y-199.2149

G1 Z0F20000

(Start Block)


G1X166.5878Y-199.2149
G1Z5F20000
(Plotting speed under)
G1 F4000


G1X130.8060Y-189.8899

G1X168.7153Y-236.0651

G1 Z0F20000

(Start Block)


G1X168.7153Y-236.0651
G1Z5F20000
(Plotting speed under)
G1 F4000


G1X166.5878Y-199.2149

G1X134.1097Y-249.6572

G1 Z0F20000

(Start Block)


G1X134.1097Y-249.6572
G1Z5F20000
(Plotting speed under)
G1 F4000


G1X168.7153Y-236.0651

G1X109.9931Y-221.0563

G1 Z0F20000

(Start Block)


G1X109.9931Y-221.0563
G1Z5F20000
(Plotting speed under)
G1 F4000


G1X134.1097Y-249.6572

G1X129.2243Y-189.1050

G1 Z0F20000

(Start Block)


G1X129.2243Y-189.1050
G1Z5F20000
(Plotting speed under)
G1 F4000


G1X109.9931Y-221.0563

G1X165.3035Y-197.2335

G1 Z0F20000

(Start Block)


G1X165.3035Y-197.2335
G1Z5F20000
(Plotting speed under)
G1 F4000


G1X129.2243Y-189.1050

G1X168.6602Y-233.9887

G1 Z0F20000

(Start Block)


G1X168.6602Y-233.9887
G1Z5F20000
(Plotting speed under)
G1 F4000


G1X165.3035Y-197.2335

G1X134.5324Y-248.7173

G1 Z0F20000

(Start Block)


G1X134.5324Y-248.7173
G1Z5F20000
(Plotting speed under)
G1 F4000


G1X168.6602Y-233.9887

G1X109.4879Y-220.9282

G1 Z0F20000

(Start Block)


G1X109.4879Y-220.9282
G1Z5F20000
(Plotting speed under)
G1 F4000


G1X134.5324Y-248.7173

G1X127.6561Y-188.3522

G1 Z0F20000

(Start Block)


G1X127.6561Y-188.3522
G1Z5F20000
(Plotting speed under)
G1 F4000


G1X109.4879Y-220.9282

G1X163.9929Y-195.2750

G1 Z0F20000

(Start Block)


G1X163.9929Y-195.2750
G1Z5F20000
(Plotting speed under)
G1 F4000


G1X127.6561Y-188.3522

G1X168.5750Y-231.8945

G1 Z0F20000

(Start Block)


G1X168.5750Y-231.8945
G1Z5F20000
(Plotting speed under)
G1 F4000


G1X163.9929Y-195.2750

G1X134.9624Y-247.7432

G1 Z0F20000

(Start Block)


G1X134.9624Y-247.7432
G1Z5F20000
(Plotting speed under)
G1 F4000


G1X168.5750Y-231.8945

G1X109.0174Y-220.7963

G1 Z0F20000

(Start Block)


G1X109.0174Y-220.7963
G1Z5F20000
(Plotting speed under)
G1 F4000


G1X134.9624Y-247.7432

G1X126.1025Y-187.6313

G1 Z0F20000

(Start Block)


G1X126.1025Y-187.6313
G1Z5F20000
(Plotting speed under)
G1 F4000


G1X109.0174Y-220.7963

G1X162.6567Y-193.3405

G1 Z0F20000

(Start Block)


G1X162.6567Y-193.3405
G1Z5F20000
(Plotting speed under)
G1 F4000


G1X126.1025Y-187.6313

G1X168.4591Y-229.7837

G1 Z0F20000

(Start Block)


G1X168.4591Y-229.7837
G1Z5F20000
(Plotting speed under)
G1 F4000


G1X162.6567Y-193.3405

G1X135.3986Y-246.7347

G1 Z0F20000

(Start Block)


G1X135.3986Y-246.7347
G1Z5F20000
(Plotting speed under)
G1 F4000


G1X168.4591Y-229.7837

G1X108.5815Y-220.6593

G1 Z0F20000

(Start Block)


G1X108.5815Y-220.6593
G1Z5F20000
(Plotting speed under)
G1 F4000


G1X135.3986Y-246.7347

G1X124.5646Y-186.9416

G1 Z0F20000

(Start Block)


G1X124.5646Y-186.9416
G1Z5F20000
(Plotting speed under)
G1 F4000


G1X108.5815Y-220.6593

G1X161.2959Y-191.4307

G1 Z0F20000

(Start Block)


G1X161.2959Y-191.4307
G1Z5F20000
(Plotting speed under)
G1 F4000


G1X124.5646Y-186.9416

G1X168.3119Y-227.6571

G1 Z0F20000

(Start Block)


G1X168.3119Y-227.6571
G1Z5F20000
(Plotting speed under)
G1 F4000


G1X161.2959Y-191.4307

G1X135.8398Y-245.6916

G1 Z0F20000

(Start Block)


G1X135.8398Y-245.6916
G1Z5F20000
(Plotting speed under)
G1 F4000


G1X168.3119Y-227.6571

G1X108.1800Y-220.5162

G1 Z0F20000

(Start Block)


G1X108.1800Y-220.5162
G1Z5F20000
(Plotting speed under)
G1 F4000


G1X135.8398Y-245.6916

G1X123.0433Y-186.2826

G1 Z0F20000

(Start Block)


G1X123.0433Y-186.2826
G1Z5F20000
(Plotting speed under)
G1 F4000


G1X108.1800Y-220.5162

G1X159.9111Y-189.5464

G1 Z0F20000

(Start Block)


G1X159.9111Y-189.5464
G1Z5F20000
(Plotting speed under)
G1 F4000


G1X123.0433Y-186.2826

G1X168.1329Y-225.5160

G1 Z0F20000

(Start Block)


G1X168.1329Y-225.5160
G1Z5F20000
(Plotting speed under)
G1 F4000


G1X159.9111Y-189.5464

G1X136.2849Y-244.6138

G1 Z0F20000

(Start Block)


G1X136.2849Y-244.6138
G1Z5F20000
(Plotting speed under)
G1 F4000


G1X168.1329Y-225.5160

G1X107.8128Y-220.3658

G1 Z0F20000

(Start Block)


G1X107.8128Y-220.3658
G1Z5F20000
(Plotting speed under)
G1 F4000


G1X136.2849Y-244.6138

G1X121.5397Y-185.6538

G1 Z0F20000

(Start Block)


G1X121.5397Y-185.6538
G1Z5F20000
(Plotting speed under)
G1 F4000


G1X107.8128Y-220.3658

G1X158.5033Y-187.6884

G1 Z0F20000

(Start Block)


G1X158.5033Y-187.6884
G1Z5F20000
(Plotting speed under)
G1 F4000


G1X121.5397Y-185.6538

G1X167.9218Y-223.3612

G1 Z0F20000

(Start Block)


G1X167.9218Y-223.3612
G1Z5F20000
(Plotting speed under)
G1 F4000


G1X158.5033Y-187.6884

G1X136.7326Y-243.5011

G1 Z0F20000

(Start Block)


G1X136.7326Y-243.5011
G1Z5F20000
(Plotting speed under)
G1 F4000


G1X167.9218Y-223.3612

G1X107.4794Y-220.2070

G1 Z0F20000

(Start Block)


G1X107.4794Y-220.2070
G1Z5F20000
(Plotting speed under)
G1 F4000


G1X136.7326Y-243.5011

G1X120.0548Y-185.0545

G1 Z0F20000

(Start Block)


G1X120.0548Y-185.0545
G1Z5F20000
(Plotting speed under)
G1 F4000


G1X107.4794Y-220.2070

G1X157.0733Y-185.8574

G1 Z0F20000

(Start Block)


G1X157.0733Y-185.8574
G1Z5F20000
(Plotting speed under)
G1 F4000


G1X120.0548Y-185.0545

G1X167.6780Y-221.1940

G1 Z0F20000

(Start Block)


G1X167.6780Y-221.1940
G1Z5F20000
(Plotting speed under)
G1 F4000


G1X157.0733Y-185.8574

G1X137.1820Y-242.3535

G1 Z0F20000

(Start Block)


G1X137.1820Y-242.3535
G1Z5F20000
(Plotting speed under)
G1 F4000


G1X167.6780Y-221.1940

G1X107.1797Y-220.0387

G1 Z0F20000

(Start Block)


G1X107.1797Y-220.0387
G1Z5F20000
(Plotting speed under)
G1 F4000


G1X137.1820Y-242.3535

G1X118.5896Y-184.4842

G1 Z0F20000

(Start Block)


G1X118.5896Y-184.4842
G1Z5F20000
(Plotting speed under)
G1 F4000


G1X107.1797Y-220.0387

G1X155.6221Y-184.0543

G1 Z0F20000

(Start Block)


G1X155.6221Y-184.0543
G1Z5F20000
(Plotting speed under)
G1 F4000


G1X118.5896Y-184.4842

G1X167.4011Y-219.0153

G1 Z0F20000

(Start Block)


G1X167.4011Y-219.0153
G1Z5F20000
(Plotting speed under)
G1 F4000


G1X155.6221Y-184.0543

G1X137.6317Y-241.1709

G1 Z0F20000

(Start Block)


G1X137.6317Y-241.1709
G1Z5F20000
(Plotting speed under)
G1 F4000


G1X167.4011Y-219.0153

G1X106.9133Y-219.8597

G1 Z0F20000

(Start Block)


G1X106.9133Y-219.8597
G1Z5F20000
(Plotting speed under)
G1 F4000


G1X137.6317Y-241.1709

G1X117.1450Y-183.9420

G1 Z0F20000

(Start Block)


G1X117.1450Y-183.9420
G1Z5F20000
(Plotting speed under)
G1 F4000


G1X106.9133Y-219.8597

G1X154.1506Y-182.2795

G1 Z0F20000

(Start Block)


G1X154.1506Y-182.2795
G1Z5F20000
(Plotting speed under)
G1 F4000


G1X117.1450Y-183.9420

G1X167.0908Y-216.8264

G1 Z0F20000

(Start Block)


G1X167.0908Y-216.8264
G1Z5F20000
(Plotting speed under)
G1 F4000


G1X154.1506Y-182.2795

G1X138.0806Y-239.9534

G1 Z0F20000

(Start Block)


G1X138.0806Y-239.9534
G1Z5F20000
(Plotting speed under)
G1 F4000


G1X167.0908Y-216.8264

G1X106.6799Y-219.6690

G1 Z0F20000

(Start Block)


G1X106.6799Y-219.6690
G1Z5F20000
(Plotting speed under)
G1 F4000


G1X138.0806Y-239.9534

G1X115.7219Y-183.4275

G1 Z0F20000

(Start Block)


G1X115.7219Y-183.4275
G1Z5F20000
(Plotting speed under)
G1 F4000


G1X106.6799Y-219.6690

G1X152.6597Y-180.5339

G1 Z0F20000

(Start Block)


G1X152.6597Y-180.5339
G1Z5F20000
(Plotting speed under)
G1 F4000


G1X115.7219Y-183.4275

G1X166.7468Y-214.6283

G1 Z0F20000

(Start Block)


G1X166.7468Y-214.6283
G1Z5F20000
(Plotting speed under)
G1 F4000


G1X152.6597Y-180.5339

G1X138.5277Y-238.7009

G1 Z0F20000

(Start Block)


G1X138.5277Y-238.7009
G1Z5F20000
(Plotting speed under)
G1 F4000


G1X166.7468Y-214.6283

G1X106.4789Y-219.4654

G1 Z0F20000

(Start Block)


G1X106.4789Y-219.4654
G1Z5F20000
(Plotting speed under)
G1 F4000


G1X138.5277Y-238.7009

G1X114.3213Y-182.9397

G1 Z0F20000

(Start Block)


G1X114.3213Y-182.9397
G1Z5F20000
(Plotting speed under)
G1 F4000


G1X106.4789Y-219.4654

G1X151.1505Y-178.8181

G1 Z0F20000

(Start Block)


G1X151.1505Y-178.8181
G1Z5F20000
(Plotting speed under)
G1 F4000


G1X114.3213Y-182.9397

G1X166.3688Y-212.4221

G1 Z0F20000

(Start Block)


G1X166.3688Y-212.4221
G1Z5F20000
(Plotting speed under)
G1 F4000


G1X151.1505Y-178.8181

G1X138.9716Y-237.4137

G1 Z0F20000

(Start Block)


G1X138.9716Y-237.4137
G1Z5F20000
(Plotting speed under)
G1 F4000


G1X166.3688Y-212.4221

G1X106.3100Y-219.2480

G1 Z0F20000

(Start Block)


G1X106.3100Y-219.2480
G1Z5F20000
(Plotting speed under)
G1 F4000


G1X138.9716Y-237.4137

G1X112.9440Y-182.4780

G1 Z0F20000

(Start Block)


G1X112.9440Y-182.4780
G1Z5F20000
(Plotting speed under)
G1 F4000


G1X106.3100Y-219.2480

G1X149.6238Y-177.1326

G1 Z0F20000

(Start Block)


G1X149.6238Y-177.1326
G1Z5F20000
(Plotting speed under)
G1 F4000


G1X112.9440Y-182.4780

G1X165.9565Y-210.2090

G1 Z0F20000

(Start Block)


G1X165.9565Y-210.2090
G1Z5F20000
(Plotting speed under)
G1 F4000


G1X149.6238Y-177.1326

G1X139.4114Y-236.0917

G1 Z0F20000

(Start Block)


G1X139.4114Y-236.0917
G1Z5F20000
(Plotting speed under)
G1 F4000


G1X165.9565Y-210.2090

G1X106.1728Y-219.0155

G1 Z0F20000

(Start Block)


G1X106.1728Y-219.0155
G1Z5F20000
(Plotting speed under)
G1 F4000


G1X139.4114Y-236.0917

G1X111.5908Y-182.0416

G1 Z0F20000

(Start Block)


G1X111.5908Y-182.0416
G1Z5F20000
(Plotting speed under)
G1 F4000


G1X106.1728Y-219.0155

G1X148.0808Y-175.4779

G1 Z0F20000

(Start Block)


G1X148.0808Y-175.4779
G1Z5F20000
(Plotting speed under)
G1 F4000


G1X111.5908Y-182.0416

G1X165.5097Y-207.9902

G1 Z0F20000

(Start Block)


G1X165.5097Y-207.9902
G1Z5F20000
(Plotting speed under)
G1 F4000


G1X148.0808Y-175.4779

G1X139.8457Y-234.7352

G1 Z0F20000

(Start Block)


G1X139.8457Y-234.7352
G1Z5F20000
(Plotting speed under)
G1 F4000


G1X165.5097Y-207.9902

G1X106.0666Y-218.7671

G1 Z0F20000

(Start Block)


G1X106.0666Y-218.7671
G1Z5F20000
(Plotting speed under)
G1 F4000


G1X139.8457Y-234.7352

G1X110.2626Y-181.6297

G1 Z0F20000

(Start Block)


G1X110.2626Y-181.6297
G1Z5F20000
(Plotting speed under)
G1 F4000


G1X106.0666Y-218.7671

G1X146.5225Y-173.8547

G1 Z0F20000

(Start Block)


G1X146.5225Y-173.8547
G1Z5F20000
(Plotting speed under)
G1 F4000


G1X110.2626Y-181.6297

G1X165.0283Y-205.7666

G1 Z0F20000

(Start Block)


G1X165.0283Y-205.7666
G1Z5F20000
(Plotting speed under)
G1 F4000


G1X146.5225Y-173.8547

G1X140.2735Y-233.3443

G1 Z0F20000

(Start Block)


G1X140.2735Y-233.3443
G1Z5F20000
(Plotting speed under)
G1 F4000


G1X165.0283Y-205.7666

G1X105.9909Y-218.5017

G1 Z0F20000

(Start Block)


G1X105.9909Y-218.5017
G1Z5F20000
(Plotting speed under)
G1 F4000


G1X140.2735Y-233.3443

G1X108.9602Y-181.2413

G1 Z0F20000

(Start Block)


G1X108.9602Y-181.2413
G1Z5F20000
(Plotting speed under)
G1 F4000


G1X105.9909Y-218.5017

G1X144.9499Y-172.2634

G1 Z0F20000

(Start Block)


G1X144.9499Y-172.2634
G1Z5F20000
(Plotting speed under)
G1 F4000


G1X108.9602Y-181.2413

G1X164.5120Y-203.5396

G1 Z0F20000

(Start Block)


G1X164.5120Y-203.5396
G1Z5F20000
(Plotting speed under)
G1 F4000


G1X144.9499Y-172.2634

G1X140.6937Y-231.9193

G1 Z0F20000

(Start Block)


G1X140.6937Y-231.9193
G1Z5F20000
(Plotting speed under)
G1 F4000


G1X164.5120Y-203.5396

G1X105.9453Y-218.2182

G1 Z0F20000

(Start Block)


G1X105.9453Y-218.2182
G1Z5F20000
(Plotting speed under)
G1 F4000


G1X140.6937Y-231.9193

G1X107.6843Y-180.8757

G1 Z0F20000

(Start Block)


G1X107.6843Y-180.8757
G1Z5F20000
(Plotting speed under)
G1 F4000


G1X105.9453Y-218.2182

G1X143.3641Y-170.7045

G1 Z0F20000

(Start Block)


G1X143.3641Y-170.7045
G1Z5F20000
(Plotting speed under)
G1 F4000


G1X107.6843Y-180.8757

G1X163.9609Y-201.3103

G1 Z0F20000

(Start Block)


G1X163.9609Y-201.3103
G1Z5F20000
(Plotting speed under)
G1 F4000


G1X143.3641Y-170.7045

G1X141.1050Y-230.4605

G1 Z0F20000

(Start Block)


G1X141.1050Y-230.4605
G1Z5F20000
(Plotting speed under)
G1 F4000


G1X163.9609Y-201.3103

G1X105.9289Y-217.9157

G1 Z0F20000

(Start Block)


G1X105.9289Y-217.9157
G1Z5F20000
(Plotting speed under)
G1 F4000


G1X141.1050Y-230.4605

G1X106.4358Y-180.5319

G1 Z0F20000

(Start Block)


G1X106.4358Y-180.5319
G1Z5F20000
(Plotting speed under)
G1 F4000


G1X105.9289Y-217.9157

G1X141.7662Y-169.1784

G1 Z0F20000

(Start Block)


G1X141.7662Y-169.1784
G1Z5F20000
(Plotting speed under)
G1 F4000


G1X106.4358Y-180.5319

G1X163.3749Y-199.0798

G1 Z0F20000

(Start Block)


G1X163.3749Y-199.0798
G1Z5F20000
(Plotting speed under)
G1 F4000


G1X141.7662Y-169.1784

G1X141.5065Y-228.9682

G1 Z0F20000

(Start Block)


G1X141.5065Y-228.9682
G1Z5F20000
(Plotting speed under)
G1 F4000


G1X163.3749Y-199.0798

G1X105.9413Y-217.5933

G1 Z0F20000

(Start Block)


G1X105.9413Y-217.5933
G1Z5F20000
(Plotting speed under)
G1 F4000


G1X141.5065Y-228.9682

G1X105.2152Y-180.2091

G1 Z0F20000

(Start Block)


G1X105.2152Y-180.2091
G1Z5F20000
(Plotting speed under)
G1 F4000


G1X105.9413Y-217.5933

G1X140.1572Y-167.6854

G1 Z0F20000

(Start Block)


G1X140.1572Y-167.6854
G1Z5F20000
(Plotting speed under)
G1 F4000


G1X105.2152Y-180.2091

G1X162.7539Y-196.8493

G1 Z0F20000

(Start Block)


G1X162.7539Y-196.8493
G1Z5F20000
(Plotting speed under)
G1 F4000


G1X140.1572Y-167.6854

G1X141.8969Y-227.4426

G1 Z0F20000

(Start Block)


G1X141.8969Y-227.4426
G1Z5F20000
(Plotting speed under)
G1 F4000


G1X162.7539Y-196.8493

G1X105.9816Y-217.2499

G1 Z0F20000

(Start Block)


G1X105.9816Y-217.2499
G1Z5F20000
(Plotting speed under)
G1 F4000


G1X141.8969Y-227.4426

G1X104.0233Y-179.9062

G1 Z0F20000

(Start Block)


G1X104.0233Y-179.9062
G1Z5F20000
(Plotting speed under)
G1 F4000


G1X105.9816Y-217.2499

G1X138.5384Y-166.2260

G1 Z0F20000

(Start Block)


G1X138.5384Y-166.2260
G1Z5F20000
(Plotting speed under)
G1 F4000


G1X104.0233Y-179.9062

G1X162.0979Y-194.6200

G1 Z0F20000

(Start Block)


G1X162.0979Y-194.6200
G1Z5F20000
(Plotting speed under)
G1 F4000


G1X138.5384Y-166.2260

G1X142.2753Y-225.8843

G1 Z0F20000

(Start Block)


G1X142.2753Y-225.8843
G1Z5F20000
(Plotting speed under)
G1 F4000


G1X162.0979Y-194.6200

G1X106.0493Y-216.8847

G1 Z0F20000

(Start Block)


G1X106.0493Y-216.8847
G1Z5F20000
(Plotting speed under)
G1 F4000


G1X142.2753Y-225.8843

G1X102.8608Y-179.6224

G1 Z0F20000

(Start Block)


G1X102.8608Y-179.6224
G1Z5F20000
(Plotting speed under)
G1 F4000


G1X106.0493Y-216.8847

G1X136.9107Y-164.8004

G1 Z0F20000

(Start Block)


G1X136.9107Y-164.8004
G1Z5F20000
(Plotting speed under)
G1 F4000


G1X102.8608Y-179.6224

G1X161.4071Y-192.3929

G1 Z0F20000

(Start Block)


G1X161.4071Y-192.3929
G1Z5F20000
(Plotting speed under)
G1 F4000


G1X136.9107Y-164.8004

G1X142.6404Y-224.2936

G1 Z0F20000

(Start Block)


G1X142.6404Y-224.2936
G1Z5F20000
(Plotting speed under)
G1 F4000


G1X161.4071Y-192.3929

G1X106.1435Y-216.4968

G1 Z0F20000

(Start Block)


G1X106.1435Y-216.4968
G1Z5F20000
(Plotting speed under)
G1 F4000


G1X142.6404Y-224.2936

G1X101.7282Y-179.3567

G1 Z0F20000

(Start Block)


G1X101.7282Y-179.3567
G1Z5F20000
(Plotting speed under)
G1 F4000


G1X106.1435Y-216.4968

G1X135.2753Y-163.4089

G1 Z0F20000

(Start Block)


G1X135.2753Y-163.4089
G1Z5F20000
(Plotting speed under)
G1 F4000


G1X101.7282Y-179.3567

G1X160.6814Y-190.1693

G1 Z0F20000

(Start Block)


G1X160.6814Y-190.1693
G1Z5F20000
(Plotting speed under)
G1 F4000


G1X135.2753Y-163.4089

G1X142.9913Y-222.6710

G1 Z0F20000

(Start Block)


G1X142.9913Y-222.6710
G1Z5F20000
(Plotting speed under)
G1 F4000


G1X160.6814Y-190.1693

G1X106.2636Y-216.0852

G1 Z0F20000

(Start Block)


G1X106.2636Y-216.0852
G1Z5F20000
(Plotting speed under)
G1 F4000


G1X142.9913Y-222.6710

G1X100.6261Y-179.1079

G1 Z0F20000

(Start Block)


G1X100.6261Y-179.1079
G1Z5F20000
(Plotting speed under)
G1 F4000


G1X106.2636Y-216.0852

G1X133.6333Y-162.0518

G1 Z0F20000

(Start Block)


G1X133.6333Y-162.0518
G1Z5F20000
(Plotting speed under)
G1 F4000


G1X100.6261Y-179.1079

G1X159.9212Y-187.9503

G1 Z0F20000

(Start Block)


G1X159.9212Y-187.9503
G1Z5F20000
(Plotting speed under)
G1 F4000


G1X133.6333Y-162.0518

G1X143.3269Y-221.0169

G1 Z0F20000

(Start Block)


G1X143.3269Y-221.0169
G1Z5F20000
(Plotting speed under)
G1 F4000


G1X159.9212Y-187.9503

G1X106.4086Y-215.6492

G1 Z0F20000

(Start Block)


G1X106.4086Y-215.6492
G1Z5F20000
(Plotting speed under)
G1 F4000


G1X143.3269Y-221.0169

G1X99.5551Y-178.8752

G1 Z0F20000

(Start Block)


G1X99.5551Y-178.8752
G1Z5F20000
(Plotting speed under)
G1 F4000


G1X106.4086Y-215.6492

G1X131.9860Y-160.7292

G1 Z0F20000

(Start Block)


G1X131.9860Y-160.7292
G1Z5F20000
(Plotting speed under)
G1 F4000


G1X99.5551Y-178.8752

G1X159.1264Y-185.7372

G1 Z0F20000

(Start Block)


G1X159.1264Y-185.7372
G1Z5F20000
(Plotting speed under)
G1 F4000


G1X131.9860Y-160.7292

G1X143.6461Y-219.3319

G1 Z0F20000

(Start Block)


G1X143.6461Y-219.3319
G1Z5F20000
(Plotting speed under)
G1 F4000


G1X159.1264Y-185.7372

G1X106.5778Y-215.1880

G1 Z0F20000

(Start Block)


G1X106.5778Y-215.1880
G1Z5F20000
(Plotting speed under)
G1 F4000


G1X143.6461Y-219.3319

G1X98.5158Y-178.6575

G1 Z0F20000

(Start Block)


G1X98.5158Y-178.6575
G1Z5F20000
(Plotting speed under)
G1 F4000


G1X106.5778Y-215.1880

G1X130.3344Y-159.4413

G1 Z0F20000

(Start Block)


G1X130.3344Y-159.4413
G1Z5F20000
(Plotting speed under)
G1 F4000


G1X98.5158Y-178.6575

G1X158.2974Y-183.5308

G1 Z0F20000

(Start Block)


G1X158.2974Y-183.5308
G1Z5F20000
(Plotting speed under)
G1 F4000


G1X130.3344Y-159.4413

G1X143.9480Y-217.6166

G1 Z0F20000

(Start Block)


G1X143.9480Y-217.6166
G1Z5F20000
(Plotting speed under)
G1 F4000


G1X158.2974Y-183.5308

G1X106.7703Y-214.7008

G1 Z0F20000

(Start Block)


G1X106.7703Y-214.7008
G1Z5F20000
(Plotting speed under)
G1 F4000


G1X143.9480Y-217.6166

G1X97.5084Y-178.4537

G1 Z0F20000

(Start Block)


G1X97.5084Y-178.4537
G1Z5F20000
(Plotting speed under)
G1 F4000


G1X106.7703Y-214.7008

G1X128.6798Y-158.1882

G1 Z0F20000

(Start Block)


G1X128.6798Y-158.1882
G1Z5F20000
(Plotting speed under)
G1 F4000


G1X97.5084Y-178.4537

G1X157.4343Y-181.3326

G1 Z0F20000

(Start Block)


G1X157.4343Y-181.3326
G1Z5F20000
(Plotting speed under)
G1 F4000


G1X128.6798Y-158.1882

G1X144.2315Y-215.8716

G1 Z0F20000

(Start Block)


G1X144.2315Y-215.8716
G1Z5F20000
(Plotting speed under)
G1 F4000


G1X157.4343Y-181.3326

G1X106.9853Y-214.1867

G1 Z0F20000

(Start Block)


G1X106.9853Y-214.1867
G1Z5F20000
(Plotting speed under)
G1 F4000


G1X144.2315Y-215.8716

G1X96.5336Y-178.2628

G1 Z0F20000

(Start Block)


G1X96.5336Y-178.2628
G1Z5F20000
(Plotting speed under)
G1 F4000


G1X106.9853Y-214.1867

G1X127.0231Y-156.9700

G1 Z0F20000

(Start Block)


G1X127.0231Y-156.9700
G1Z5F20000
(Plotting speed under)
G1 F4000


G1X96.5336Y-178.2628

G1X156.5375Y-179.1435

G1 Z0F20000

(Start Block)


G1X156.5375Y-179.1435
G1Z5F20000
(Plotting speed under)
G1 F4000


G1X127.0231Y-156.9700

G1X144.4957Y-214.0974

G1 Z0F20000

(Start Block)


G1X144.4957Y-214.0974
G1Z5F20000
(Plotting speed under)
G1 F4000


G1X156.5375Y-179.1435

G1X107.2218Y-213.6451

G1 Z0F20000

(Start Block)


G1X107.2218Y-213.6451
G1Z5F20000
(Plotting speed under)
G1 F4000


G1X144.4957Y-214.0974

G1X95.5917Y-178.0836

G1 Z0F20000

(Start Block)


G1X95.5917Y-178.0836
G1Z5F20000
(Plotting speed under)
G1 F4000


G1X107.2218Y-213.6451

G1X125.3657Y-155.7868

G1 Z0F20000

(Start Block)


G1X125.3657Y-155.7868
G1Z5F20000
(Plotting speed under)
G1 F4000


G1X95.5917Y-178.0836

G1X155.6073Y-176.9646

G1 Z0F20000

(Start Block)


G1X155.6073Y-176.9646
G1Z5F20000
(Plotting speed under)
G1 F4000


G1X125.3657Y-155.7868

G1X144.7396Y-212.2947

G1 Z0F20000

(Start Block)


G1X144.7396Y-212.2947
G1Z5F20000
(Plotting speed under)
G1 F4000


G1X155.6073Y-176.9646

G1X107.4790Y-213.0752

G1 Z0F20000

(Start Block)


G1X107.4790Y-213.0752
G1Z5F20000
(Plotting speed under)
G1 F4000


G1X144.7396Y-212.2947

G1X94.6831Y-177.9151

G1 Z0F20000

(Start Block)


G1X94.6831Y-177.9151
G1Z5F20000
(Plotting speed under)
G1 F4000


G1X107.4790Y-213.0752

G1X123.7087Y-154.6386

G1 Z0F20000

(Start Block)


G1X123.7087Y-154.6386
G1Z5F20000
(Plotting speed under)
G1 F4000


G1X94.6831Y-177.9151

G1X154.6440Y-174.7972

G1 Z0F20000

(Start Block)


G1X154.6440Y-174.7972
G1Z5F20000
(Plotting speed under)
G1 F4000


G1X123.7087Y-154.6386

G1X144.9623Y-210.4642

G1 Z0F20000

(Start Block)


G1X144.9623Y-210.4642
G1Z5F20000
(Plotting speed under)
G1 F4000


G1X154.6440Y-174.7972

G1X107.7558Y-212.4765

G1 Z0F20000

(Start Block)


G1X107.7558Y-212.4765
G1Z5F20000
(Plotting speed under)
G1 F4000


G1X144.9623Y-210.4642

G1X93.8081Y-177.7561

G1 Z0F20000

(Start Block)


G1X93.8081Y-177.7561
G1Z5F20000
(Plotting speed under)
G1 F4000


G1X107.7558Y-212.4765

G1X122.0531Y-153.5252

G1 Z0F20000

(Start Block)


G1X122.0531Y-153.5252
G1Z5F20000
(Plotting speed under)
G1 F4000


G1X93.8081Y-177.7561

G1X153.6480Y-172.6422

G1 Z0F20000

(Start Block)


G1X153.6480Y-172.6422
G1Z5F20000
(Plotting speed under)
G1 F4000


G1X122.0531Y-153.5252

G1X145.1628Y-208.6067

G1 Z0F20000

(Start Block)


G1X145.1628Y-208.6067
G1Z5F20000
(Plotting speed under)
G1 F4000


G1X153.6480Y-172.6422

G1X108.0514Y-211.8482

G1 Z0F20000

(Start Block)


G1X108.0514Y-211.8482
G1Z5F20000
(Plotting speed under)
G1 F4000


G1X145.1628Y-208.6067

G1X92.9671Y-177.6056

G1 Z0F20000

(Start Block)


G1X92.9671Y-177.6056
G1Z5F20000
(Plotting speed under)
G1 F4000


G1X108.0514Y-211.8482

G1X120.4003Y-152.4468

G1 Z0F20000

(Start Block)


G1X120.4003Y-152.4468
G1Z5F20000
(Plotting speed under)
G1 F4000


G1X92.9671Y-177.6056

G1X152.6199Y-170.5008

G1 Z0F20000

(Start Block)


G1X152.6199Y-170.5008
G1Z5F20000
(Plotting speed under)
G1 F4000


G1X120.4003Y-152.4468

G1X145.3403Y-206.7229

G1 Z0F20000

(Start Block)


G1X145.3403Y-206.7229
G1Z5F20000
(Plotting speed under)
G1 F4000


G1X152.6199Y-170.5008

G1X108.3646Y-211.1898

G1 Z0F20000

(Start Block)


G1X108.3646Y-211.1898
G1Z5F20000
(Plotting speed under)
G1 F4000


G1X145.3403Y-206.7229

G1X92.1602Y-177.4624

G1 Z0F20000

(Start Block)


G1X92.1602Y-177.4624
G1Z5F20000
(Plotting speed under)
G1 F4000


G1X108.3646Y-211.1898

G1X118.7514Y-151.4031

G1 Z0F20000

(Start Block)


G1X118.7514Y-151.4031
G1Z5F20000
(Plotting speed under)
G1 F4000


G1X92.1602Y-177.4624

G1X151.5599Y-168.3740

G1 Z0F20000

(Start Block)


G1X151.5599Y-168.3740
G1Z5F20000
(Plotting speed under)
G1 F4000


G1X118.7514Y-151.4031

G1X145.4940Y-204.8135

G1 Z0F20000

(Start Block)


G1X145.4940Y-204.8135
G1Z5F20000
(Plotting speed under)
G1 F4000


G1X151.5599Y-168.3740

G1X108.6945Y-210.5007

G1 Z0F20000

(Start Block)


G1X108.6945Y-210.5007
G1Z5F20000
(Plotting speed under)
G1 F4000


G1X145.4940Y-204.8135

G1X91.3878Y-177.3253

G1 Z0F20000

(Start Block)


G1X91.3878Y-177.3253
G1Z5F20000
(Plotting speed under)
G1 F4000


G1X108.6945Y-210.5007

G1X117.1074Y-150.3939

G1 Z0F20000

(Start Block)


G1X117.1074Y-150.3939
G1Z5F20000
(Plotting speed under)
G1 F4000


G1X91.3878Y-177.3253

G1X150.4687Y-166.2628

G1 Z0F20000

(Start Block)


G1X150.4687Y-166.2628
G1Z5F20000
(Plotting speed under)
G1 F4000


G1X117.1074Y-150.3939

G1X145.6229Y-202.8794

G1 Z0F20000

(Start Block)


G1X145.6229Y-202.8794
G1Z5F20000
(Plotting speed under)
G1 F4000


G1X150.4687Y-166.2628

G1X109.0402Y-209.7803

G1 Z0F20000

(Start Block)


G1X109.0402Y-209.7803
G1Z5F20000
(Plotting speed under)
G1 F4000


G1X145.6229Y-202.8794

G1X90.6500Y-177.1933

G1 Z0F20000

(Start Block)


G1X90.6500Y-177.1933
G1Z5F20000
(Plotting speed under)
G1 F4000


G1X109.0402Y-209.7803

G1X115.4696Y-149.4192

G1 Z0F20000

(Start Block)


G1X115.4696Y-149.4192
G1Z5F20000
(Plotting speed under)
G1 F4000


G1X90.6500Y-177.1933

G1X149.3468Y-164.1683

G1 Z0F20000

(Start Block)


G1X149.3468Y-164.1683
G1Z5F20000
(Plotting speed under)
G1 F4000


G1X115.4696Y-149.4192

G1X145.7263Y-200.9215

G1 Z0F20000

(Start Block)


G1X145.7263Y-200.9215
G1Z5F20000
(Plotting speed under)
G1 F4000


G1X149.3468Y-164.1683

G1X109.4004Y-209.0281

G1 Z0F20000

(Start Block)


G1X109.4004Y-209.0281
G1Z5F20000
(Plotting speed under)
G1 F4000


G1X145.7263Y-200.9215

G1X89.9469Y-177.0651

G1 Z0F20000

(Start Block)


G1X89.9469Y-177.0651
G1Z5F20000
(Plotting speed under)
G1 F4000


G1X109.4004Y-209.0281

G1X113.8391Y-148.4787

G1 Z0F20000

(Start Block)


G1X113.8391Y-148.4787
G1Z5F20000
(Plotting speed under)
G1 F4000


G1X89.9469Y-177.0651

G1X148.1947Y-162.0916

G1 Z0F20000

(Start Block)


G1X148.1947Y-162.0916
G1Z5F20000
(Plotting speed under)
G1 F4000


G1X113.8391Y-148.4787

G1X145.8034Y-198.9404

G1 Z0F20000

(Start Block)


G1X145.8034Y-198.9404
G1Z5F20000
(Plotting speed under)
G1 F4000


G1X148.1947Y-162.0916

G1X109.7742Y-208.2438

G1 Z0F20000

(Start Block)


G1X109.7742Y-208.2438
G1Z5F20000
(Plotting speed under)
G1 F4000


G1X145.8034Y-198.9404

G1X89.2786Y-176.9397

G1 Z0F20000

(Start Block)


G1X89.2786Y-176.9397
G1Z5F20000
(Plotting speed under)
G1 F4000


G1X109.7742Y-208.2438

G1X112.2169Y-147.5722

G1 Z0F20000

(Start Block)


G1X112.2169Y-147.5722
G1Z5F20000
(Plotting speed under)
G1 F4000


G1X89.2786Y-176.9397

G1X147.0131Y-160.0335

G1 Z0F20000

(Start Block)


G1X147.0131Y-160.0335
G1Z5F20000
(Plotting speed under)
G1 F4000


G1X112.2169Y-147.5722

G1X145.8534Y-196.9373

G1 Z0F20000

(Start Block)


G1X145.8534Y-196.9373
G1Z5F20000
(Plotting speed under)
G1 F4000


G1X147.0131Y-160.0335

G1X110.1605Y-207.4268

G1 Z0F20000

(Start Block)


G1X110.1605Y-207.4268
G1Z5F20000
(Plotting speed under)
G1 F4000


G1X145.8534Y-196.9373

G1X88.6453Y-176.8158

G1 Z0F20000

(Start Block)


G1X88.6453Y-176.8158
G1Z5F20000
(Plotting speed under)
G1 F4000


G1X110.1605Y-207.4268

G1X110.6044Y-146.6992

G1 Z0F20000

(Start Block)


G1X110.6044Y-146.6992
G1Z5F20000
(Plotting speed under)
G1 F4000


G1X88.6453Y-176.8158

G1X145.8026Y-157.9950

G1 Z0F20000

(Start Block)


G1X145.8026Y-157.9950
G1Z5F20000
(Plotting speed under)
G1 F4000


G1X110.6044Y-146.6992

G1X145.8757Y-194.9128

G1 Z0F20000

(Start Block)


G1X145.8757Y-194.9128
G1Z5F20000
(Plotting speed under)
G1 F4000


G1X145.8026Y-157.9950

G1X110.5582Y-206.5767

G1 Z0F20000

(Start Block)


G1X110.5582Y-206.5767
G1Z5F20000
(Plotting speed under)
G1 F4000


G1X145.8757Y-194.9128

G1X88.0470Y-176.6923

G1 Z0F20000

(Start Block)


G1X88.0470Y-176.6923
G1Z5F20000
(Plotting speed under)
G1 F4000


G1X110.5582Y-206.5767

G1X109.0024Y-145.8596

G1 Z0F20000

(Start Block)


G1X109.0024Y-145.8596
G1Z5F20000
(Plotting speed under)
G1 F4000


G1X88.0470Y-176.6923

G1X144.5638Y-155.9772

G1 Z0F20000

(Start Block)


G1X144.5638Y-155.9772
G1Z5F20000
(Plotting speed under)
G1 F4000


G1X109.0024Y-145.8596

G1X145.8695Y-192.8681

G1 Z0F20000

(Start Block)


G1X145.8695Y-192.8681
G1Z5F20000
(Plotting speed under)
G1 F4000


G1X144.5638Y-155.9772

G1X110.9663Y-205.6932

G1 Z0F20000

(Start Block)


G1X110.9663Y-205.6932
G1Z5F20000
(Plotting speed under)
G1 F4000


G1X145.8695Y-192.8681

G1X87.4836Y-176.5680

G1 Z0F20000

(Start Block)


G1X87.4836Y-176.5680
G1Z5F20000
(Plotting speed under)
G1 F4000


G1X110.9663Y-205.6932

G1X107.4122Y-145.0529

G1 Z0F20000

(Start Block)


G1X107.4122Y-145.0529
G1Z5F20000
(Plotting speed under)
G1 F4000


G1X87.4836Y-176.5680

G1X143.2974Y-153.9809

G1 Z0F20000

(Start Block)


G1X143.2974Y-153.9809
G1Z5F20000
(Plotting speed under)
G1 F4000


G1X107.4122Y-145.0529

G1X145.8342Y-190.8040

G1 Z0F20000

(Start Block)


G1X145.8342Y-190.8040
G1Z5F20000
(Plotting speed under)
G1 F4000


G1X143.2974Y-153.9809

G1X111.3835Y-204.7760

G1 Z0F20000

(Start Block)


G1X111.3835Y-204.7760
G1Z5F20000
(Plotting speed under)
G1 F4000


G1X145.8342Y-190.8040

G1X86.9551Y-176.4419

G1 Z0F20000

(Start Block)


G1X86.9551Y-176.4419
G1Z5F20000
(Plotting speed under)
G1 F4000


G1X111.3835Y-204.7760

G1X105.8349Y-144.2787

G1 Z0F20000

(Start Block)


G1X105.8349Y-144.2787
G1Z5F20000
(Plotting speed under)
G1 F4000


G1X86.9551Y-176.4419

G1X142.0043Y-152.0070

G1 Z0F20000

(Start Block)


G1X142.0043Y-152.0070
G1Z5F20000
(Plotting speed under)
G1 F4000


G1X105.8349Y-144.2787

G1X145.7692Y-188.7216

G1 Z0F20000

(Start Block)


G1X145.7692Y-188.7216
G1Z5F20000
(Plotting speed under)
G1 F4000


G1X142.0043Y-152.0070

G1X111.8087Y-203.8248

G1 Z0F20000

(Start Block)


G1X111.8087Y-203.8248
G1Z5F20000
(Plotting speed under)
G1 F4000


G1X145.7692Y-188.7216

G1X86.4614Y-176.3126

G1 Z0F20000

(Start Block)


G1X86.4614Y-176.3126
G1Z5F20000
(Plotting speed under)
G1 F4000


G1X111.8087Y-203.8248

G1X104.2714Y-143.5366

G1 Z0F20000

(Start Block)


G1X104.2714Y-143.5366
G1Z5F20000
(Plotting speed under)
G1 F4000


G1X86.4614Y-176.3126

G1X140.6851Y-150.0565

G1 Z0F20000

(Start Block)


G1X140.6851Y-150.0565
G1Z5F20000
(Plotting speed under)
G1 F4000


G1X104.2714Y-143.5366

G1X145.6738Y-186.6218

G1 Z0F20000

(Start Block)


G1X145.6738Y-186.6218
G1Z5F20000
(Plotting speed under)
G1 F4000


G1X140.6851Y-150.0565

G1X112.2409Y-202.8392

G1 Z0F20000

(Start Block)


G1X112.2409Y-202.8392
G1Z5F20000
(Plotting speed under)
G1 F4000


G1X145.6738Y-186.6218

G1X86.0025Y-176.1791

G1 Z0F20000

(Start Block)


G1X86.0025Y-176.1791
G1Z5F20000
(Plotting speed under)
G1 F4000


G1X112.2409Y-202.8392

G1X102.7229Y-142.8261

G1 Z0F20000

(Start Block)


G1X102.7229Y-142.8261
G1Z5F20000
(Plotting speed under)
G1 F4000


G1X86.0025Y-176.1791

G1X139.3406Y-148.1300

G1 Z0F20000

(Start Block)


G1X139.3406Y-148.1300
G1Z5F20000
(Plotting speed under)
G1 F4000


G1X102.7229Y-142.8261

G1X145.5476Y-184.5055

G1 Z0F20000

(Start Block)


G1X145.5476Y-184.5055
G1Z5F20000
(Plotting speed under)
G1 F4000


G1X139.3406Y-148.1300

G1X112.6789Y-201.8193

G1 Z0F20000

(Start Block)


G1X112.6789Y-201.8193
G1Z5F20000
(Plotting speed under)
G1 F4000


G1X145.5476Y-184.5055

G1X85.5781Y-176.0402

G1 Z0F20000

(Start Block)


G1X85.5781Y-176.0402
G1Z5F20000
(Plotting speed under)
G1 F4000


G1X112.6789Y-201.8193

G1X101.1904Y-142.1467

G1 Z0F20000

(Start Block)


G1X101.1904Y-142.1467
G1Z5F20000
(Plotting speed under)
G1 F4000


G1X85.5781Y-176.0402

G1X137.9717Y-146.2286

G1 Z0F20000

(Start Block)


G1X137.9717Y-146.2286
G1Z5F20000
(Plotting speed under)
G1 F4000


G1X101.1904Y-142.1467

G1X145.3899Y-182.3740

G1 Z0F20000

(Start Block)


G1X145.3899Y-182.3740
G1Z5F20000
(Plotting speed under)
G1 F4000


G1X137.9717Y-146.2286

G1X113.1214Y-200.7646

G1 Z0F20000

(Start Block)


G1X113.1214Y-200.7646
G1Z5F20000
(Plotting speed under)
G1 F4000


G1X145.3899Y-182.3740

G1X85.1880Y-175.8948

G1 Z0F20000

(Start Block)


G1X85.1880Y-175.8948
G1Z5F20000
(Plotting speed under)
G1 F4000


G1X113.1214Y-200.7646

G1X99.6749Y-141.4978

G1 Z0F20000

(Start Block)


G1X99.6749Y-141.4978
G1Z5F20000
(Plotting speed under)
G1 F4000


G1X85.1880Y-175.8948

G1X136.5791Y-144.3530

G1 Z0F20000

(Start Block)


G1X136.5791Y-144.3530
G1Z5F20000
(Plotting speed under)
G1 F4000


G1X99.6749Y-141.4978

G1X145.2002Y-180.2282

G1 Z0F20000

(Start Block)


G1X145.2002Y-180.2282
G1Z5F20000
(Plotting speed under)
G1 F4000


G1X136.5791Y-144.3530

G1X113.5675Y-199.6752

G1 Z0F20000

(Start Block)


G1X113.5675Y-199.6752
G1Z5F20000
(Plotting speed under)
G1 F4000


G1X145.2002Y-180.2282

G1X84.8321Y-175.7418

G1 Z0F20000

(Start Block)


G1X84.8321Y-175.7418
G1Z5F20000
(Plotting speed under)
G1 F4000


G1X113.5675Y-199.6752

G1X98.1775Y-140.8789

G1 Z0F20000

(Start Block)


G1X98.1775Y-140.8789
G1Z5F20000
(Plotting speed under)
G1 F4000


G1X84.8321Y-175.7418

G1X135.1638Y-142.5039

G1 Z0F20000

(Start Block)


G1X135.1638Y-142.5039
G1Z5F20000
(Plotting speed under)
G1 F4000


G1X98.1775Y-140.8789

G1X144.9783Y-178.0692

G1 Z0F20000

(Start Block)


G1X144.9783Y-178.0692
G1Z5F20000
(Plotting speed under)
G1 F4000


G1X135.1638Y-142.5039

G1X114.0160Y-198.5509

G1 Z0F20000

(Start Block)


G1X114.0160Y-198.5509
G1Z5F20000
(Plotting speed under)
G1 F4000


G1X144.9783Y-178.0692

G1X84.5099Y-175.5799

G1 Z0F20000

(Start Block)


G1X84.5099Y-175.5799
G1Z5F20000
(Plotting speed under)
G1 F4000


G1X114.0160Y-198.5509

G1X96.6991Y-140.2893

G1 Z0F20000

(Start Block)


G1X96.6991Y-140.2893
G1Z5F20000
(Plotting speed under)
G1 F4000


G1X84.5099Y-175.5799

G1X133.7267Y-140.6821

G1 Z0F20000

(Start Block)


G1X133.7267Y-140.6821
G1Z5F20000
(Plotting speed under)
G1 F4000


G1X96.6991Y-140.2893

G1X144.7235Y-175.8981

G1 Z0F20000

(Start Block)


G1X144.7235Y-175.8981
G1Z5F20000
(Plotting speed under)
G1 F4000


G1X133.7267Y-140.6821

G1X114.4655Y-197.3917

G1 Z0F20000

(Start Block)


G1X114.4655Y-197.3917
G1Z5F20000
(Plotting speed under)
G1 F4000


G1X144.7235Y-175.8981

G1X84.2214Y-175.4082

G1 Z0F20000

(Start Block)


G1X84.2214Y-175.4082
G1Z5F20000
(Plotting speed under)
G1 F4000


G1X114.4655Y-197.3917

G1X95.2406Y-139.7285

G1 Z0F20000

(Start Block)


G1X95.2406Y-139.7285
G1Z5F20000
(Plotting speed under)
G1 F4000


G1X84.2214Y-175.4082

G1X132.2686Y-138.8884

G1 Z0F20000

(Start Block)


G1X132.2686Y-138.8884
G1Z5F20000
(Plotting speed under)
G1 F4000


G1X95.2406Y-139.7285

G1X144.4355Y-173.7159

G1 Z0F20000

(Start Block)


G1X144.4355Y-173.7159
G1Z5F20000
(Plotting speed under)
G1 F4000


G1X132.2686Y-138.8884

G1X114.9151Y-196.1974

G1 Z0F20000

(Start Block)


G1X114.9151Y-196.1974
G1Z5F20000
(Plotting speed under)
G1 F4000


G1X144.4355Y-173.7159

G1X83.9660Y-175.2254

G1 Z0F20000

(Start Block)


G1X83.9660Y-175.2254
G1Z5F20000
(Plotting speed under)
G1 F4000


G1X114.9151Y-196.1974

G1X93.8030Y-139.1956

G1 Z0F20000

(Start Block)


G1X93.8030Y-139.1956
G1Z5F20000
(Plotting speed under)
G1 F4000


G1X83.9660Y-175.2254

G1X130.7906Y-137.1232

G1 Z0F20000

(Start Block)


G1X130.7906Y-137.1232
G1Z5F20000
(Plotting speed under)
G1 F4000


G1X93.8030Y-139.1956

G1X144.1141Y-171.5238

G1 Z0F20000

(Start Block)


G1X144.1141Y-171.5238
G1Z5F20000
(Plotting speed under)
G1 F4000


G1X130.7906Y-137.1232

G1X115.3636Y-194.9683

G1 Z0F20000

(Start Block)


G1X115.3636Y-194.9683
G1Z5F20000
(Plotting speed under)
G1 F4000


G1X144.1141Y-171.5238

G1X83.7434Y-175.0305

G1 Z0F20000

(Start Block)


G1X83.7434Y-175.0305
G1Z5F20000
(Plotting speed under)
G1 F4000


G1X115.3636Y-194.9683

G1X92.3873Y-138.6900

G1 Z0F20000

(Start Block)


G1X92.3873Y-138.6900
G1Z5F20000
(Plotting speed under)
G1 F4000


G1X83.7434Y-175.0305

G1X129.2935Y-135.3875

G1 Z0F20000

(Start Block)


G1X129.2935Y-135.3875
G1Z5F20000
(Plotting speed under)
G1 F4000


G1X92.3873Y-138.6900

G1X143.7588Y-169.3229

G1 Z0F20000

(Start Block)


G1X143.7588Y-169.3229
G1Z5F20000
(Plotting speed under)
G1 F4000


G1X129.2935Y-135.3875

G1X115.8097Y-193.7043

G1 Z0F20000

(Start Block)


G1X115.8097Y-193.7043
G1Z5F20000
(Plotting speed under)
G1 F4000


G1X143.7588Y-169.3229

G1X83.5532Y-174.8225

G1 Z0F20000

(Start Block)


G1X83.5532Y-174.8225
G1Z5F20000
(Plotting speed under)
G1 F4000


G1X115.8097Y-193.7043

G1X90.9944Y-138.2110

G1 Z0F20000

(Start Block)


G1X90.9944Y-138.2110
G1Z5F20000
(Plotting speed under)
G1 F4000


G1X83.5532Y-174.8225

G1X127.7783Y-133.6816

G1 Z0F20000

(Start Block)


G1X127.7783Y-133.6816
G1Z5F20000
(Plotting speed under)
G1 F4000


G1X90.9944Y-138.2110

G1X143.3694Y-167.1143

G1 Z0F20000

(Start Block)


G1X143.3694Y-167.1143
G1Z5F20000
(Plotting speed under)
G1 F4000


G1X127.7783Y-133.6816

G1X116.2524Y-192.4054

G1 Z0F20000

(Start Block)


G1X116.2524Y-192.4054
G1Z5F20000
(Plotting speed under)
G1 F4000


G1X143.3694Y-167.1143

G1X83.3949Y-174.6001

G1 Z0F20000

(Start Block)


G1X83.3949Y-174.6001
G1Z5F20000
(Plotting speed under)
G1 F4000


G1X116.2524Y-192.4054

G1X89.6250Y-137.7578

G1 Z0F20000

(Start Block)


G1X89.6250Y-137.7578
G1Z5F20000
(Plotting speed under)
G1 F4000


G1X83.3949Y-174.6001

G1X126.2462Y-132.0063

G1 Z0F20000

(Start Block)


G1X126.2462Y-132.0063
G1Z5F20000
(Plotting speed under)
G1 F4000


G1X89.6250Y-137.7578

G1X142.9456Y-164.8991

G1 Z0F20000

(Start Block)


G1X142.9456Y-164.8991
G1Z5F20000
(Plotting speed under)
G1 F4000


G1X126.2462Y-132.0063

G1X116.6905Y-191.0719

G1 Z0F20000

(Start Block)


G1X116.6905Y-191.0719
G1Z5F20000
(Plotting speed under)
G1 F4000


G1X142.9456Y-164.8991

G1X83.2680Y-174.3625

G1 Z0F20000

(Start Block)


G1X83.2680Y-174.3625
G1Z5F20000
(Plotting speed under)
G1 F4000


G1X116.6905Y-191.0719

G1X88.2800Y-137.3296

G1 Z0F20000

(Start Block)


G1X88.2800Y-137.3296
G1Z5F20000
(Plotting speed under)
G1 F4000


G1X83.2680Y-174.3625

G1X124.6980Y-130.3621

G1 Z0F20000

(Start Block)


G1X124.6980Y-130.3621
G1Z5F20000
(Plotting speed under)
G1 F4000


G1X88.2800Y-137.3296

G1X142.4873Y-162.6786

G1 Z0F20000

(Start Block)


G1X142.4873Y-162.6786
G1Z5F20000
(Plotting speed under)
G1 F4000


G1X124.6980Y-130.3621

G1X117.1228Y-189.7040

G1 Z0F20000

(Start Block)


G1X117.1228Y-189.7040
G1Z5F20000
(Plotting speed under)
G1 F4000


G1X142.4873Y-162.6786

G1X83.1720Y-174.1085

G1 Z0F20000

(Start Block)


G1X83.1720Y-174.1085
G1Z5F20000
(Plotting speed under)
G1 F4000


G1X117.1228Y-189.7040

G1X86.9603Y-136.9256

G1 Z0F20000

(Start Block)


G1X86.9603Y-136.9256
G1Z5F20000
(Plotting speed under)
G1 F4000


G1X83.1720Y-174.1085

G1X123.1348Y-128.7495

G1 Z0F20000

(Start Block)


G1X123.1348Y-128.7495
G1Z5F20000
(Plotting speed under)
G1 F4000


G1X86.9603Y-136.9256

G1X141.9943Y-160.4538

G1 Z0F20000

(Start Block)


G1X141.9943Y-160.4538
G1Z5F20000
(Plotting speed under)
G1 F4000


G1X123.1348Y-128.7495

G1X117.5482Y-188.3017

G1 Z0F20000

(Start Block)


G1X117.5482Y-188.3017
G1Z5F20000
(Plotting speed under)
G1 F4000


G1X141.9943Y-160.4538

G1X83.1064Y-173.8372

G1 Z0F20000

(Start Block)


G1X83.1064Y-173.8372
G1Z5F20000
(Plotting speed under)
G1 F4000


G1X117.5482Y-188.3017

G1X85.6667Y-136.5449

G1 Z0F20000

(Start Block)


G1X85.6667Y-136.5449
G1Z5F20000
(Plotting speed under)
G1 F4000


G1X83.1064Y-173.8372

G1X121.5576Y-127.1689

G1 Z0F20000

(Start Block)


G1X121.5576Y-127.1689
G1Z5F20000
(Plotting speed under)
G1 F4000


G1X85.6667Y-136.5449

G1X141.4665Y-158.2259

G1 Z0F20000

(Start Block)


G1X141.4665Y-158.2259
G1Z5F20000
(Plotting speed under)
G1 F4000


G1X121.5576Y-127.1689

G1X117.9655Y-186.8654

G1 Z0F20000

(Start Block)


G1X117.9655Y-186.8654
G1Z5F20000
(Plotting speed under)
G1 F4000


G1X141.4665Y-158.2259

G1X83.0706Y-173.5475

G1 Z0F20000

(Start Block)


G1X83.0706Y-173.5475
G1Z5F20000
(Plotting speed under)
G1 F4000


G1X117.9655Y-186.8654

G1X84.3998Y-136.1867

G1 Z0F20000

(Start Block)


G1X84.3998Y-136.1867
G1Z5F20000
(Plotting speed under)
G1 F4000


G1X83.0706Y-173.5475

G1X119.9677Y-125.6209

G1 Z0F20000

(Start Block)


G1X119.9677Y-125.6209
G1Z5F20000
(Plotting speed under)
G1 F4000


G1X84.3998Y-136.1867

G1X140.9038Y-155.9960

G1 Z0F20000

(Start Block)


G1X140.9038Y-155.9960
G1Z5F20000
(Plotting speed under)
G1 F4000


G1X119.9677Y-125.6209

G1X118.3737Y-185.3954

G1 Z0F20000

(Start Block)


G1X118.3737Y-185.3954
G1Z5F20000
(Plotting speed under)
G1 F4000


G1X140.9038Y-155.9960

G1X83.0638Y-173.2385

G1 Z0F20000

(Start Block)


G1X83.0638Y-173.2385
G1Z5F20000
(Plotting speed under)
G1 F4000


G1X118.3737Y-185.3954

G1X83.1605Y-135.8500

G1 Z0F20000

(Start Block)


G1X83.1605Y-135.8500
G1Z5F20000
(Plotting speed under)
G1 F4000


G1X83.0638Y-173.2385

G1X118.3660Y-124.1057

G1 Z0F20000

(Start Block)


G1X118.3660Y-124.1057
G1Z5F20000
(Plotting speed under)
G1 F4000


G1X83.1605Y-135.8500

G1X140.3061Y-153.7654

G1 Z0F20000

(Start Block)


G1X140.3061Y-153.7654
G1Z5F20000
(Plotting speed under)
G1 F4000


G1X118.3660Y-124.1057

G1X118.7716Y-183.8920

G1 Z0F20000

(Start Block)


G1X118.7716Y-183.8920
G1Z5F20000
(Plotting speed under)
G1 F4000


G1X140.3061Y-153.7654

G1X83.0856Y-172.9092

G1 Z0F20000

(Start Block)


G1X83.0856Y-172.9092
G1Z5F20000
(Plotting speed under)
G1 F4000


G1X118.7716Y-183.8920

G1X81.9494Y-135.5339

G1 Z0F20000

(Start Block)


G1X81.9494Y-135.5339
G1Z5F20000
(Plotting speed under)
G1 F4000


G1X83.0856Y-172.9092

G1X116.7536Y-122.6239

G1 Z0F20000

(Start Block)


G1X116.7536Y-122.6239
G1Z5F20000
(Plotting speed under)
G1 F4000


G1X81.9494Y-135.5339

G1X139.6735Y-151.5351

G1 Z0F20000

(Start Block)


G1X139.6735Y-151.5351
G1Z5F20000
(Plotting speed under)
G1 F4000


G1X116.7536Y-122.6239

G1X119.1582Y-182.3555

G1 Z0F20000

(Start Block)


G1X119.1582Y-182.3555
G1Z5F20000
(Plotting speed under)
G1 F4000


G1X139.6735Y-151.5351

G1X83.1351Y-172.5586

G1 Z0F20000

(Start Block)


G1X83.1351Y-172.5586
G1Z5F20000
(Plotting speed under)
G1 F4000


G1X119.1582Y-182.3555

G1X80.7672Y-135.2375

G1 Z0F20000

(Start Block)


G1X80.7672Y-135.2375
G1Z5F20000
(Plotting speed under)
G1 F4000


G1X83.1351Y-172.5586

G1X115.1316Y-121.1757

G1 Z0F20000

(Start Block)


G1X115.1316Y-121.1757
G1Z5F20000
(Plotting speed under)
G1 F4000


G1X80.7672Y-135.2375

G1X139.0059Y-149.3064

G1 Z0F20000

(Start Block)


G1X139.0059Y-149.3064
G1Z5F20000
(Plotting speed under)
G1 F4000


G1X115.1316Y-121.1757

G1X119.5322Y-180.7864

G1 Z0F20000

(Start Block)


G1X119.5322Y-180.7864
G1Z5F20000
(Plotting speed under)
G1 F4000


G1X139.0059Y-149.3064

G1X83.2117Y-172.1860

G1 Z0F20000

(Start Block)


G1X83.2117Y-172.1860
G1Z5F20000
(Plotting speed under)
G1 F4000


G1X119.5322Y-180.7864

G1X79.6146Y-134.9598

G1 Z0F20000

(Start Block)


G1X79.6146Y-134.9598
G1Z5F20000
(Plotting speed under)
G1 F4000


G1X83.2117Y-172.1860

G1X113.5013Y-119.7614

G1 Z0F20000

(Start Block)


G1X113.5013Y-119.7614
G1Z5F20000
(Plotting speed under)
G1 F4000


G1X79.6146Y-134.9598

G1X138.3035Y-147.0804

G1 Z0F20000

(Start Block)


G1X138.3035Y-147.0804
G1Z5F20000
(Plotting speed under)
G1 F4000


G1X113.5013Y-119.7614

G1X119.8927Y-179.1850

G1 Z0F20000

(Start Block)


G1X119.8927Y-179.1850
G1Z5F20000
(Plotting speed under)
G1 F4000


G1X138.3035Y-147.0804

G1X83.3146Y-171.7903

G1 Z0F20000

(Start Block)


G1X83.3146Y-171.7903
G1Z5F20000
(Plotting speed under)
G1 F4000


G1X119.8927Y-179.1850

G1X78.4921Y-134.6998

G1 Z0F20000

(Start Block)


G1X78.4921Y-134.6998
G1Z5F20000
(Plotting speed under)
G1 F4000


G1X83.3146Y-171.7903

G1X111.8636Y-118.3813

G1 Z0F20000

(Start Block)


G1X111.8636Y-118.3813
G1Z5F20000
(Plotting speed under)
G1 F4000


G1X78.4921Y-134.6998

G1X137.5663Y-144.8582

G1 Z0F20000

(Start Block)


G1X137.5663Y-144.8582
G1Z5F20000
(Plotting speed under)
G1 F4000


G1X111.8636Y-118.3813

G1X120.2387Y-177.5519

G1 Z0F20000

(Start Block)


G1X120.2387Y-177.5519
G1Z5F20000
(Plotting speed under)
G1 F4000


G1X137.5663Y-144.8582

G1X83.4430Y-171.3707

G1 Z0F20000

(Start Block)


G1X83.4430Y-171.3707
G1Z5F20000
(Plotting speed under)
G1 F4000


G1X120.2387Y-177.5519

G1X77.4003Y-134.4566

G1 Z0F20000

(Start Block)


G1X77.4003Y-134.4566
G1Z5F20000
(Plotting speed under)
G1 F4000


G1X83.4430Y-171.3707

G1X110.2197Y-117.0356

G1 Z0F20000

(Start Block)


G1X110.2197Y-117.0356
G1Z5F20000
(Plotting speed under)
G1 F4000


G1X77.4003Y-134.4566

G1X136.7945Y-142.6410

G1 Z0F20000

(Start Block)


G1X136.7945Y-142.6410
G1Z5F20000
(Plotting speed under)
G1 F4000


G1X110.2197Y-117.0356

G1X120.5689Y-175.8875

G1 Z0F20000

(Start Block)


G1X120.5689Y-175.8875
G1Z5F20000
(Plotting speed under)
G1 F4000


G1X136.7945Y-142.6410

G1X83.5962Y-170.9264

G1 Z0F20000

(Start Block)


G1X83.5962Y-170.9264
G1Z5F20000
(Plotting speed under)
G1 F4000


G1X120.5689Y-175.8875

G1X76.3397Y-134.2290

G1 Z0F20000

(Start Block)


G1X76.3397Y-134.2290
G1Z5F20000
(Plotting speed under)
G1 F4000


G1X83.5962Y-170.9264

G1X108.5709Y-115.7246

G1 Z0F20000

(Start Block)


G1X108.5709Y-115.7246
G1Z5F20000
(Plotting speed under)
G1 F4000


G1X76.3397Y-134.2290

G1X135.9883Y-140.4300

G1 Z0F20000

(Start Block)


G1X135.9883Y-140.4300
G1Z5F20000
(Plotting speed under)
G1 F4000


G1X108.5709Y-115.7246

G1X120.8825Y-174.1923

G1 Z0F20000

(Start Block)


G1X120.8825Y-174.1923
G1Z5F20000
(Plotting speed under)
G1 F4000


G1X135.9883Y-140.4300

G1X83.7733Y-170.4566

G1 Z0F20000

(Start Block)


G1X83.7733Y-170.4566
G1Z5F20000
(Plotting speed under)
G1 F4000


G1X120.8825Y-174.1923

G1X75.3110Y-134.0160

G1 Z0F20000

(Start Block)


G1X75.3110Y-134.0160
G1Z5F20000
(Plotting speed under)
G1 F4000


G1X83.7733Y-170.4566

G1X106.9181Y-114.4483

G1 Z0F20000

(Start Block)


G1X106.9181Y-114.4483
G1Z5F20000
(Plotting speed under)
G1 F4000


G1X75.3110Y-134.0160

G1X135.1479Y-138.2262

G1 Z0F20000

(Start Block)


G1X135.1479Y-138.2262
G1Z5F20000
(Plotting speed under)
G1 F4000


G1X106.9181Y-114.4483

G1X121.1784Y-172.4671

G1 Z0F20000

(Start Block)


G1X121.1784Y-172.4671
G1Z5F20000
(Plotting speed under)
G1 F4000


G1X135.1479Y-138.2262

G1X83.9734Y-169.9605

G1 Z0F20000

(Start Block)


G1X83.9734Y-169.9605
G1Z5F20000
(Plotting speed under)
G1 F4000


G1X121.1784Y-172.4671

G1X74.3144Y-133.8166

G1 Z0F20000

(Start Block)


G1X74.3144Y-133.8166
G1Z5F20000
(Plotting speed under)
G1 F4000


G1X83.9734Y-169.9605

G1X105.2626Y-113.2068

G1 Z0F20000

(Start Block)


G1X105.2626Y-113.2068
G1Z5F20000
(Plotting speed under)
G1 F4000


G1X74.3144Y-133.8166

G1X134.2736Y-136.0309

G1 Z0F20000

(Start Block)


G1X134.2736Y-136.0309
G1Z5F20000
(Plotting speed under)
G1 F4000


G1X105.2626Y-113.2068

G1X121.4556Y-170.7122

G1 Z0F20000

(Start Block)


G1X121.4556Y-170.7122
G1Z5F20000
(Plotting speed under)
G1 F4000


G1X134.2736Y-136.0309

G1X84.1956Y-169.4373

G1 Z0F20000

(Start Block)


G1X84.1956Y-169.4373
G1Z5F20000
(Plotting speed under)
G1 F4000


G1X121.4556Y-170.7122

G1X73.3505Y-133.6297

G1 Z0F20000

(Start Block)


G1X73.3505Y-133.6297
G1Z5F20000
(Plotting speed under)
G1 F4000


G1X84.1956Y-169.4373

G1X103.6056Y-112.0002

G1 Z0F20000

(Start Block)


G1X103.6056Y-112.0002
G1Z5F20000
(Plotting speed under)
G1 F4000


G1X73.3505Y-133.6297

G1X133.3656Y-133.8451

G1 Z0F20000

(Start Block)


G1X133.3656Y-133.8451
G1Z5F20000
(Plotting speed under)
G1 F4000


G1X103.6056Y-112.0002

G1X121.7131Y-168.9285

G1 Z0F20000

(Start Block)


G1X121.7131Y-168.9285
G1Z5F20000
(Plotting speed under)
G1 F4000


G1X133.3656Y-133.8451

G1X84.4391Y-168.8864

G1 Z0F20000

(Start Block)


G1X84.4391Y-168.8864
G1Z5F20000
(Plotting speed under)
G1 F4000


G1X121.7131Y-168.9285

G1X72.4196Y-133.4542

G1 Z0F20000

(Start Block)


G1X72.4196Y-133.4542
G1Z5F20000
(Plotting speed under)
G1 F4000


G1X84.4391Y-168.8864

G1X101.9482Y-110.8287

G1 Z0F20000

(Start Block)


G1X101.9482Y-110.8287
G1Z5F20000
(Plotting speed under)
G1 F4000


G1X72.4196Y-133.4542

G1X132.4244Y-131.6699

G1 Z0F20000

(Start Block)


G1X132.4244Y-131.6699
G1Z5F20000
(Plotting speed under)
G1 F4000


G1X101.9482Y-110.8287

G1X121.9500Y-167.1165

G1 Z0F20000

(Start Block)


G1X121.9500Y-167.1165
G1Z5F20000
(Plotting speed under)
G1 F4000


G1X132.4244Y-131.6699

G1X84.7029Y-168.3070

G1 Z0F20000

(Start Block)


G1X84.7029Y-168.3070
G1Z5F20000
(Plotting speed under)
G1 F4000


G1X121.9500Y-167.1165

G1X71.5222Y-133.2890

G1 Z0F20000

(Start Block)


G1X71.5222Y-133.2890
G1Z5F20000
(Plotting speed under)
G1 F4000


G1X84.7029Y-168.3070

G1X100.2915Y-109.6920

G1 Z0F20000

(Start Block)


G1X100.2915Y-109.6920
G1Z5F20000
(Plotting speed under)
G1 F4000


G1X71.5222Y-133.2890

G1X131.4502Y-129.5065

G1 Z0F20000

(Start Block)


G1X131.4502Y-129.5065
G1Z5F20000
(Plotting speed under)
G1 F4000


G1X100.2915Y-109.6920

G1X122.1654Y-165.2769

G1 Z0F20000

(Start Block)


G1X122.1654Y-165.2769
G1Z5F20000
(Plotting speed under)
G1 F4000


G1X131.4502Y-129.5065

G1X84.9861Y-167.6985

G1 Z0F20000

(Start Block)


G1X84.9861Y-167.6985
G1Z5F20000
(Plotting speed under)
G1 F4000


G1X122.1654Y-165.2769

G1X70.6584Y-133.1329

G1 Z0F20000

(Start Block)


G1X70.6584Y-133.1329
G1Z5F20000
(Plotting speed under)
G1 F4000


G1X84.9861Y-167.6985

G1X98.6368Y-108.5903

G1 Z0F20000

(Start Block)


G1X98.6368Y-108.5903
G1Z5F20000
(Plotting speed under)
G1 F4000


G1X70.6584Y-133.1329

G1X130.4435Y-127.3559

G1 Z0F20000

(Start Block)


G1X130.4435Y-127.3559
G1Z5F20000
(Plotting speed under)
G1 F4000


G1X98.6368Y-108.5903

G1X122.3584Y-163.4106

G1 Z0F20000

(Start Block)


G1X122.3584Y-163.4106
G1Z5F20000
(Plotting speed under)
G1 F4000


G1X130.4435Y-127.3559

G1X85.2876Y-167.0603

G1 Z0F20000

(Start Block)


G1X85.2876Y-167.0603
G1Z5F20000
(Plotting speed under)
G1 F4000


G1X122.3584Y-163.4106

G1X69.8288Y-132.9849

G1 Z0F20000

(Start Block)


G1X69.8288Y-132.9849
G1Z5F20000
(Plotting speed under)
G1 F4000


G1X85.2876Y-167.0603

G1X96.9851Y-107.5234

G1 Z0F20000

(Start Block)


G1X96.9851Y-107.5234
G1Z5F20000
(Plotting speed under)
G1 F4000


G1X69.8288Y-132.9849

G1X129.4047Y-125.2193

G1 Z0F20000

(Start Block)


G1X129.4047Y-125.2193
G1Z5F20000
(Plotting speed under)
G1 F4000


G1X96.9851Y-107.5234

G1X122.5281Y-161.5182

G1 Z0F20000

(Start Block)


G1X122.5281Y-161.5182
G1Z5F20000
(Plotting speed under)
G1 F4000


G1X129.4047Y-125.2193

G1X85.6065Y-166.3917

G1 Z0F20000

(Start Block)


G1X85.6065Y-166.3917
G1Z5F20000
(Plotting speed under)
G1 F4000


G1X122.5281Y-161.5182

G1X69.0333Y-132.8439

G1 Z0F20000

(Start Block)


G1X69.0333Y-132.8439
G1Z5F20000
(Plotting speed under)
G1 F4000


G1X85.6065Y-166.3917

G1X95.3377Y-106.4912

G1 Z0F20000

(Start Block)


G1X95.3377Y-106.4912
G1Z5F20000
(Plotting speed under)
G1 F4000


G1X69.0333Y-132.8439

G1X128.3343Y-123.0975

G1 Z0F20000

(Start Block)


G1X128.3343Y-123.0975
G1Z5F20000
(Plotting speed under)
G1 F4000


G1X95.3377Y-106.4912

G1X122.6736Y-159.6005

G1 Z0F20000

(Start Block)


G1X122.6736Y-159.6005
G1Z5F20000
(Plotting speed under)
G1 F4000


G1X128.3343Y-123.0975

G1X85.9418Y-165.6922

G1 Z0F20000

(Start Block)


G1X85.9418Y-165.6922
G1Z5F20000
(Plotting speed under)
G1 F4000


G1X122.6736Y-159.6005

G1X68.2724Y-132.7086

G1 Z0F20000

(Start Block)


G1X68.2724Y-132.7086
G1Z5F20000
(Plotting speed under)
G1 F4000


G1X85.9418Y-165.6922

G1X93.6957Y-105.4936

G1 Z0F20000

(Start Block)


G1X93.6957Y-105.4936
G1Z5F20000
(Plotting speed under)
G1 F4000


G1X68.2724Y-132.7086

G1X127.2328Y-120.9918

G1 Z0F20000

(Start Block)


G1X127.2328Y-120.9918
G1Z5F20000
(Plotting speed under)
G1 F4000


G1X93.6957Y-105.4936

G1X122.7941Y-157.6584

G1 Z0F20000

(Start Block)


G1X122.7941Y-157.6584
G1Z5F20000
(Plotting speed under)
G1 F4000


G1X127.2328Y-120.9918

G1X86.2924Y-164.9613

G1 Z0F20000

(Start Block)


G1X86.2924Y-164.9613
G1Z5F20000
(Plotting speed under)
G1 F4000


G1X122.7941Y-157.6584

G1X67.5461Y-132.5780

G1 Z0F20000

(Start Block)


G1X67.5461Y-132.5780
G1Z5F20000
(Plotting speed under)
G1 F4000


G1X86.2924Y-164.9613

G1X92.0602Y-104.5303

G1 Z0F20000

(Start Block)


G1X92.0602Y-104.5303
G1Z5F20000
(Plotting speed under)
G1 F4000


G1X67.5461Y-132.5780

G1X126.1007Y-118.9031

G1 Z0F20000

(Start Block)


G1X126.1007Y-118.9031
G1Z5F20000
(Plotting speed under)
G1 F4000


G1X92.0602Y-104.5303

G1X122.8889Y-155.6926

G1 Z0F20000

(Start Block)


G1X122.8889Y-155.6926
G1Z5F20000
(Plotting speed under)
G1 F4000


G1X126.1007Y-118.9031

G1X86.6573Y-164.1985

G1 Z0F20000

(Start Block)


G1X86.6573Y-164.1985
G1Z5F20000
(Plotting speed under)
G1 F4000


G1X122.8889Y-155.6926

G1X66.8546Y-132.4509

G1 Z0F20000

(Start Block)


G1X66.8546Y-132.4509
G1Z5F20000
(Plotting speed under)
G1 F4000


G1X86.6573Y-164.1985

G1X90.4323Y-103.6011

G1 Z0F20000

(Start Block)


G1X90.4323Y-103.6011
G1Z5F20000
(Plotting speed under)
G1 F4000


G1X66.8546Y-132.4509

G1X124.9388Y-116.8324

G1 Z0F20000

(Start Block)


G1X124.9388Y-116.8324
G1Z5F20000
(Plotting speed under)
G1 F4000


G1X90.4323Y-103.6011

G1X122.9570Y-153.7041

G1 Z0F20000

(Start Block)


G1X122.9570Y-153.7041
G1Z5F20000
(Plotting speed under)
G1 F4000


G1X124.9388Y-116.8324

G1X87.0354Y-163.4033

G1 Z0F20000

(Start Block)


G1X87.0354Y-163.4033
G1Z5F20000
(Plotting speed under)
G1 F4000


G1X122.9570Y-153.7041

G1X66.1980Y-132.3261

G1 Z0F20000

(Start Block)


G1X66.1980Y-132.3261
G1Z5F20000
(Plotting speed under)
G1 F4000


G1X87.0354Y-163.4033

G1X88.8132Y-102.7058

G1 Z0F20000

(Start Block)


G1X88.8132Y-102.7058
G1Z5F20000
(Plotting speed under)
G1 F4000


G1X66.1980Y-132.3261

G1X123.7475Y-114.7808

G1 Z0F20000

(Start Block)


G1X123.7475Y-114.7808
G1Z5F20000
(Plotting speed under)
G1 F4000


G1X88.8132Y-102.7058

G1X122.9979Y-151.6938

G1 Z0F20000

(Start Block)


G1X122.9979Y-151.6938
G1Z5F20000
(Plotting speed under)
G1 F4000


G1X123.7475Y-114.7808

G1X87.4256Y-162.5754

G1 Z0F20000

(Start Block)


G1X87.4256Y-162.5754
G1Z5F20000
(Plotting speed under)
G1 F4000


G1X122.9979Y-151.6938

G1X65.5763Y-132.2025

G1 Z0F20000

(Start Block)


G1X65.5763Y-132.2025
G1Z5F20000
(Plotting speed under)
G1 F4000


G1X87.4256Y-162.5754

G1X87.2041Y-101.8440

G1 Z0F20000

(Start Block)


G1X87.2041Y-101.8440
G1Z5F20000
(Plotting speed under)
G1 F4000


G1X65.5763Y-132.2025

G1X122.5274Y-112.7491

G1 Z0F20000

(Start Block)


G1X122.5274Y-112.7491
G1Z5F20000
(Plotting speed under)
G1 F4000


G1X87.2041Y-101.8440

G1X123.0108Y-149.6625

G1 Z0F20000

(Start Block)


G1X123.0108Y-149.6625
G1Z5F20000
(Plotting speed under)
G1 F4000


G1X122.5274Y-112.7491

G1X87.8269Y-161.7142

G1 Z0F20000

(Start Block)


G1X87.8269Y-161.7142
G1Z5F20000
(Plotting speed under)
G1 F4000


G1X123.0108Y-149.6625

G1X64.9896Y-132.0789

G1 Z0F20000

(Start Block)


G1X64.9896Y-132.0789
G1Z5F20000
(Plotting speed under)
G1 F4000


G1X87.8269Y-161.7142

G1X85.6059Y-101.0153

G1 Z0F20000

(Start Block)


G1X85.6059Y-101.0153
G1Z5F20000
(Plotting speed under)
G1 F4000


G1X64.9896Y-132.0789

G1X121.2794Y-110.7383

G1 Z0F20000

(Start Block)


G1X121.2794Y-110.7383
G1Z5F20000
(Plotting speed under)
G1 F4000


G1X85.6059Y-101.0153

G1X122.9950Y-147.6112

G1 Z0F20000

(Start Block)


G1X122.9950Y-147.6112
G1Z5F20000
(Plotting speed under)
G1 F4000


G1X121.2794Y-110.7383

G1X88.2381Y-160.8196

G1 Z0F20000

(Start Block)


G1X88.2381Y-160.8196
G1Z5F20000
(Plotting speed under)
G1 F4000


G1X122.9950Y-147.6112

G1X64.4378Y-131.9541

G1 Z0F20000

(Start Block)


G1X64.4378Y-131.9541
G1Z5F20000
(Plotting speed under)
G1 F4000


G1X88.2381Y-160.8196

G1X84.0199Y-100.2195

G1 Z0F20000

(Start Block)


G1X84.0199Y-100.2195
G1Z5F20000
(Plotting speed under)
G1 F4000


G1X64.4378Y-131.9541

G1X120.0041Y-108.7494

G1 Z0F20000

(Start Block)


G1X120.0041Y-108.7494
G1Z5F20000
(Plotting speed under)
G1 F4000


G1X84.0199Y-100.2195

G1X122.9499Y-145.5409

G1 Z0F20000

(Start Block)


G1X122.9499Y-145.5409
G1Z5F20000
(Plotting speed under)
G1 F4000


G1X120.0041Y-108.7494

G1X88.6581Y-159.8910

G1 Z0F20000

(Start Block)


G1X88.6581Y-159.8910
G1Z5F20000
(Plotting speed under)
G1 F4000


G1X122.9499Y-145.5409

G1X63.9209Y-131.8270

G1 Z0F20000

(Start Block)


G1X63.9209Y-131.8270
G1Z5F20000
(Plotting speed under)
G1 F4000


G1X88.6581Y-159.8910

G1X82.4470Y-99.4561

G1 Z0F20000

(Start Block)


G1X82.4470Y-99.4561
G1Z5F20000
(Plotting speed under)
G1 F4000


G1X63.9209Y-131.8270

G1X118.7021Y-106.7832

G1 Z0F20000

(Start Block)


G1X118.7021Y-106.7832
G1Z5F20000
(Plotting speed under)
G1 F4000


G1X82.4470Y-99.4561

G1X122.8748Y-143.4526

G1 Z0F20000

(Start Block)


G1X122.8748Y-143.4526
G1Z5F20000
(Plotting speed under)
G1 F4000


G1X118.7021Y-106.7832

G1X89.0858Y-158.9284

G1 Z0F20000

(Start Block)


G1X89.0858Y-158.9284
G1Z5F20000
(Plotting speed under)
G1 F4000


G1X122.8748Y-143.4526

G1X63.4388Y-131.6965

G1 Z0F20000

(Start Block)


G1X63.4388Y-131.6965
G1Z5F20000
(Plotting speed under)
G1 F4000


G1X89.0858Y-158.9284

G1X80.8884Y-98.7245

G1 Z0F20000

(Start Block)


G1X80.8884Y-98.7245
G1Z5F20000
(Plotting speed under)
G1 F4000


G1X63.4388Y-131.6965

G1X117.3744Y-104.8405

G1 Z0F20000

(Start Block)


G1X117.3744Y-104.8405
G1Z5F20000
(Plotting speed under)
G1 F4000


G1X80.8884Y-98.7245

G1X122.7692Y-141.3472

G1 Z0F20000

(Start Block)


G1X122.7692Y-141.3472
G1Z5F20000
(Plotting speed under)
G1 F4000


G1X117.3744Y-104.8405

G1X89.5200Y-157.9315

G1 Z0F20000

(Start Block)


G1X89.5200Y-157.9315
G1Z5F20000
(Plotting speed under)
G1 F4000


G1X122.7692Y-141.3472

G1X62.9914Y-131.5613

G1 Z0F20000

(Start Block)


G1X62.9914Y-131.5613
G1Z5F20000
(Plotting speed under)
G1 F4000


G1X89.5200Y-157.9315

G1X79.3451Y-98.0244

G1 Z0F20000

(Start Block)


G1X79.3451Y-98.0244
G1Z5F20000
(Plotting speed under)
G1 F4000


G1X62.9914Y-131.5613

G1X116.0217Y-102.9224

G1 Z0F20000

(Start Block)


G1X116.0217Y-102.9224
G1Z5F20000
(Plotting speed under)
G1 F4000


G1X79.3451Y-98.0244

G1X122.6326Y-139.2258

G1 Z0F20000

(Start Block)


G1X122.6326Y-139.2258
G1Z5F20000
(Plotting speed under)
G1 F4000


G1X116.0217Y-102.9224

G1X89.9596Y-156.9000

G1 Z0F20000

(Start Block)


G1X89.9596Y-156.9000
G1Z5F20000
(Plotting speed under)
G1 F4000


G1X122.6326Y-139.2258

G1X62.5784Y-131.4204

G1 Z0F20000

(Start Block)


G1X62.5784Y-131.4204
G1Z5F20000
(Plotting speed under)
G1 F4000


G1X89.9596Y-156.9000

G1X77.8182Y-97.3552

G1 Z0F20000

(Start Block)


G1X77.8182Y-97.3552
G1Z5F20000
(Plotting speed under)
G1 F4000


G1X62.5784Y-131.4204

G1X114.6449Y-101.0294

G1 Z0F20000

(Start Block)


G1X114.6449Y-101.0294
G1Z5F20000
(Plotting speed under)
G1 F4000


G1X77.8182Y-97.3552

G1X122.4643Y-137.0894

G1 Z0F20000

(Start Block)


G1X122.4643Y-137.0894
G1Z5F20000
(Plotting speed under)
G1 F4000


G1X114.6449Y-101.0294

G1X90.4035Y-155.8338

G1 Z0F20000

(Start Block)


G1X90.4035Y-155.8338
G1Z5F20000
(Plotting speed under)
G1 F4000


G1X122.4643Y-137.0894

G1X62.1997Y-131.2726

G1 Z0F20000

(Start Block)


G1X62.1997Y-131.2726
G1Z5F20000
(Plotting speed under)
G1 F4000


G1X90.4035Y-155.8338

G1X76.3086Y-96.7164

G1 Z0F20000

(Start Block)


G1X76.3086Y-96.7164
G1Z5F20000
(Plotting speed under)
G1 F4000


G1X62.1997Y-131.2726

G1X113.2446Y-99.1626

G1 Z0F20000

(Start Block)


G1X113.2446Y-99.1626
G1Z5F20000
(Plotting speed under)
G1 F4000


G1X76.3086Y-96.7164

G1X122.2639Y-134.9391

G1 Z0F20000

(Start Block)


G1X122.2639Y-134.9391
G1Z5F20000
(Plotting speed under)
G1 F4000


G1X113.2446Y-99.1626

G1X90.8505Y-154.7328

G1 Z0F20000

(Start Block)


G1X90.8505Y-154.7328
G1Z5F20000
(Plotting speed under)
G1 F4000


G1X122.2639Y-134.9391

G1X61.8551Y-131.1167

G1 Z0F20000

(Start Block)


G1X61.8551Y-131.1167
G1Z5F20000
(Plotting speed under)
G1 F4000


G1X90.8505Y-154.7328

G1X74.8174Y-96.1073

G1 Z0F20000

(Start Block)


G1X74.8174Y-96.1073
G1Z5F20000
(Plotting speed under)
G1 F4000


G1X61.8551Y-131.1167

G1X111.8220Y-97.3225

G1 Z0F20000

(Start Block)


G1X111.8220Y-97.3225
G1Z5F20000
(Plotting speed under)
G1 F4000


G1X74.8174Y-96.1073

G1X122.0311Y-132.7759

G1 Z0F20000

(Start Block)


G1X122.0311Y-132.7759
G1Z5F20000
(Plotting speed under)
G1 F4000


G1X111.8220Y-97.3225

G1X91.2994Y-153.5968

G1 Z0F20000

(Start Block)


G1X91.2994Y-153.5968
G1Z5F20000
(Plotting speed under)
G1 F4000


G1X122.0311Y-132.7759

G1X61.5442Y-130.9517

G1 Z0F20000

(Start Block)


G1X61.5442Y-130.9517
G1Z5F20000
(Plotting speed under)
G1 F4000


G1X91.2994Y-153.5968

G1X73.3455Y-95.5273

G1 Z0F20000

(Start Block)


G1X73.3455Y-95.5273
G1Z5F20000
(Plotting speed under)
G1 F4000


G1X61.5442Y-130.9517

G1X110.3778Y-95.5099

G1 Z0F20000

(Start Block)


G1X110.3778Y-95.5099
G1Z5F20000
(Plotting speed under)
G1 F4000


G1X73.3455Y-95.5273

G1X121.7653Y-130.6009

G1 Z0F20000

(Start Block)


G1X121.7653Y-130.6009
G1Z5F20000
(Plotting speed under)
G1 F4000


G1X110.3778Y-95.5099

G1X91.7492Y-152.4260

G1 Z0F20000

(Start Block)


G1X91.7492Y-152.4260
G1Z5F20000
(Plotting speed under)
G1 F4000


G1X121.7653Y-130.6009

G1X61.2667Y-130.7764

G1 Z0F20000

(Start Block)


G1X61.2667Y-130.7764
G1Z5F20000
(Plotting speed under)
G1 F4000


G1X91.7492Y-152.4260

G1X71.8939Y-94.9759

G1 Z0F20000

(Start Block)


G1X71.8939Y-94.9759
G1Z5F20000
(Plotting speed under)
G1 F4000


G1X61.2667Y-130.7764

G1X108.9130Y-93.7256

G1 Z0F20000

(Start Block)


G1X108.9130Y-93.7256
G1Z5F20000
(Plotting speed under)
G1 F4000


G1X71.8939Y-94.9759

G1X121.4663Y-128.4154

G1 Z0F20000

(Start Block)


G1X121.4663Y-128.4154
G1Z5F20000
(Plotting speed under)
G1 F4000


G1X108.9130Y-93.7256

G1X92.1985Y-151.2201

G1 Z0F20000

(Start Block)


G1X92.1985Y-151.2201
G1Z5F20000
(Plotting speed under)
G1 F4000


G1X121.4663Y-128.4154

G1X61.0222Y-130.5898

G1 Z0F20000

(Start Block)


G1X61.0222Y-130.5898
G1Z5F20000
(Plotting speed under)
G1 F4000


G1X92.1985Y-151.2201

G1X70.4635Y-94.4521

G1 Z0F20000

(Start Block)


G1X70.4635Y-94.4521
G1Z5F20000
(Plotting speed under)
G1 F4000


G1X61.0222Y-130.5898

G1X107.4285Y-91.9702

G1 Z0F20000

(Start Block)


G1X107.4285Y-91.9702
G1Z5F20000
(Plotting speed under)
G1 F4000


G1X70.4635Y-94.4521

G1X121.1336Y-126.2202

G1 Z0F20000

(Start Block)


G1X121.1336Y-126.2202
G1Z5F20000
(Plotting speed under)
G1 F4000


G1X107.4285Y-91.9702

G1X92.6463Y-149.9794

G1 Z0F20000

(Start Block)


G1X92.6463Y-149.9794
G1Z5F20000
(Plotting speed under)
G1 F4000


G1X121.1336Y-126.2202

G1X60.8104Y-130.3906

G1 Z0F20000

(Start Block)


G1X60.8104Y-130.3906
G1Z5F20000
(Plotting speed under)
G1 F4000


G1X92.6463Y-149.9794

G1X69.0552Y-93.9555

G1 Z0F20000

(Start Block)


G1X69.0552Y-93.9555
G1Z5F20000
(Plotting speed under)
G1 F4000


G1X60.8104Y-130.3906

G1X105.9253Y-90.2443

G1 Z0F20000

(Start Block)


G1X105.9253Y-90.2443
G1Z5F20000
(Plotting speed under)
G1 F4000


G1X69.0552Y-93.9555

G1X120.7670Y-124.0166

G1 Z0F20000

(Start Block)


G1X120.7670Y-124.0166
G1Z5F20000
(Plotting speed under)
G1 F4000


G1X105.9253Y-90.2443

G1X93.0914Y-148.7037

G1 Z0F20000

(Start Block)


G1X93.0914Y-148.7037
G1Z5F20000
(Plotting speed under)
G1 F4000


G1X120.7670Y-124.0166

G1X60.6309Y-130.1779

G1 Z0F20000

(Start Block)


G1X60.6309Y-130.1779
G1Z5F20000
(Plotting speed under)
G1 F4000


G1X93.0914Y-148.7037

G1X67.6700Y-93.4852

G1 Z0F20000

(Start Block)


G1X67.6700Y-93.4852
G1Z5F20000
(Plotting speed under)
G1 F4000


G1X60.6309Y-130.1779

G1X104.4043Y-88.5486

G1 Z0F20000

(Start Block)


G1X104.4043Y-88.5486
G1Z5F20000
(Plotting speed under)
G1 F4000


G1X67.6700Y-93.4852

G1X120.3661Y-121.8057

G1 Z0F20000

(Start Block)


G1X120.3661Y-121.8057
G1Z5F20000
(Plotting speed under)
G1 F4000


G1X104.4043Y-88.5486

G1X93.5327Y-147.3933

G1 Z0F20000

(Start Block)


G1X93.5327Y-147.3933
G1Z5F20000
(Plotting speed under)
G1 F4000


G1X120.3661Y-121.8057

G1X60.4831Y-129.9506

G1 Z0F20000

(Start Block)


G1X60.4831Y-129.9506
G1Z5F20000
(Plotting speed under)
G1 F4000


G1X93.5327Y-147.3933

G1X66.3086Y-93.0404

G1 Z0F20000

(Start Block)


G1X66.3086Y-93.0404
G1Z5F20000
(Plotting speed under)
G1 F4000


G1X60.4831Y-129.9506

G1X102.8667Y-86.8836

G1 Z0F20000

(Start Block)


G1X102.8667Y-86.8836
G1Z5F20000
(Plotting speed under)
G1 F4000


G1X66.3086Y-93.0404

G1X119.9309Y-119.5886

G1 Z0F20000

(Start Block)


G1X119.9309Y-119.5886
G1Z5F20000
(Plotting speed under)
G1 F4000


G1X102.8667Y-86.8836

G1X93.9690Y-146.0484

G1 Z0F20000

(Start Block)


G1X93.9690Y-146.0484
G1Z5F20000
(Plotting speed under)
G1 F4000


G1X119.9309Y-119.5886

G1X60.3666Y-129.7077

G1 Z0F20000

(Start Block)


G1X60.3666Y-129.7077
G1Z5F20000
(Plotting speed under)
G1 F4000


G1X93.9690Y-146.0484

G1X64.9720Y-92.6204

G1 Z0F20000

(Start Block)


G1X64.9720Y-92.6204
G1Z5F20000
(Plotting speed under)
G1 F4000


G1X60.3666Y-129.7077

G1X101.3134Y-85.2498

G1 Z0F20000

(Start Block)


G1X101.3134Y-85.2498
G1Z5F20000
(Plotting speed under)
G1 F4000


G1X64.9720Y-92.6204

G1X119.4611Y-117.3665

G1 Z0F20000

(Start Block)


G1X119.4611Y-117.3665
G1Z5F20000
(Plotting speed under)
G1 F4000


G1X101.3134Y-85.2498

G1X94.3991Y-144.6690

G1 Z0F20000

(Start Block)


G1X94.3991Y-144.6690
G1Z5F20000
(Plotting speed under)
G1 F4000


G1X119.4611Y-117.3665

G1X60.2808Y-129.4480

G1 Z0F20000

(Start Block)


G1X60.2808Y-129.4480
G1Z5F20000
(Plotting speed under)
G1 F4000


G1X94.3991Y-144.6690

G1X63.6609Y-92.2242

G1 Z0F20000

(Start Block)


G1X63.6609Y-92.2242
G1Z5F20000
(Plotting speed under)
G1 F4000


G1X60.2808Y-129.4480

G1X99.7455Y-83.6478

G1 Z0F20000

(Start Block)


G1X99.7455Y-83.6478
G1Z5F20000
(Plotting speed under)
G1 F4000


G1X63.6609Y-92.2242

G1X118.9565Y-115.1406

G1 Z0F20000

(Start Block)


G1X118.9565Y-115.1406
G1Z5F20000
(Plotting speed under)
G1 F4000


G1X99.7455Y-83.6478

G1X94.8220Y-143.2554

G1 Z0F20000

(Start Block)


G1X94.8220Y-143.2554
G1Z5F20000
(Plotting speed under)
G1 F4000


G1X118.9565Y-115.1406

G1X60.2252Y-129.1707

G1 Z0F20000

(Start Block)


G1X60.2252Y-129.1707
G1Z5F20000
(Plotting speed under)
G1 F4000


G1X94.8220Y-143.2554

G1X62.3761Y-91.8511

G1 Z0F20000

(Start Block)


G1X62.3761Y-91.8511
G1Z5F20000
(Plotting speed under)
G1 F4000


G1X60.2252Y-129.1707

G1X98.1640Y-82.0780

G1 Z0F20000

(Start Block)


G1X98.1640Y-82.0780
G1Z5F20000
(Plotting speed under)
G1 F4000


G1X62.3761Y-91.8511

G1X118.4171Y-112.9119

G1 Z0F20000

(Start Block)


G1X118.4171Y-112.9119
G1Z5F20000
(Plotting speed under)
G1 F4000


G1X98.1640Y-82.0780

G1X95.2364Y-141.8079

G1 Z0F20000

(Start Block)


G1X95.2364Y-141.8079
G1Z5F20000
(Plotting speed under)
G1 F4000


G1X118.4171Y-112.9119

G1X60.1991Y-128.8747

G1 Z0F20000

(Start Block)


G1X60.1991Y-128.8747
G1Z5F20000
(Plotting speed under)
G1 F4000


G1X95.2364Y-141.8079

G1X61.1183Y-91.5001

G1 Z0F20000

(Start Block)


G1X61.1183Y-91.5001
G1Z5F20000
(Plotting speed under)
G1 F4000


G1X60.1991Y-128.8747

G1X96.5700Y-80.5409

G1 Z0F20000

(Start Block)


G1X96.5700Y-80.5409
G1Z5F20000
(Plotting speed under)
G1 F4000


G1X61.1183Y-91.5001

G1X117.8427Y-110.6816

G1 Z0F20000

(Start Block)


G1X117.8427Y-110.6816
G1Z5F20000
(Plotting speed under)
G1 F4000


G1X96.5700Y-80.5409

G1X95.6413Y-140.3267

G1 Z0F20000

(Start Block)


G1X95.6413Y-140.3267
G1Z5F20000
(Plotting speed under)
G1 F4000


G1X117.8427Y-110.6816

G1X60.2019Y-128.5590

G1 Z0F20000

(Start Block)


G1X60.2019Y-128.5590
G1Z5F20000
(Plotting speed under)
G1 F4000


G1X95.6413Y-140.3267

G1X59.8883Y-91.1704

G1 Z0F20000

(Start Block)


G1X59.8883Y-91.1704
G1Z5F20000
(Plotting speed under)
G1 F4000


G1X60.2019Y-128.5590

G1X94.9646Y-79.0367

G1 Z0F20000

(Start Block)


G1X94.9646Y-79.0367
G1Z5F20000
(Plotting speed under)
G1 F4000


G1X59.8883Y-91.1704

G1X117.2334Y-108.4510

G1 Z0F20000

(Start Block)


G1X117.2334Y-108.4510
G1Z5F20000
(Plotting speed under)
G1 F4000


G1X94.9646Y-79.0367

G1X96.0355Y-138.8122

G1 Z0F20000

(Start Block)


G1X96.0355Y-138.8122
G1Z5F20000
(Plotting speed under)
G1 F4000


G1X117.2334Y-108.4510

G1X60.2329Y-128.2227

G1 Z0F20000

(Start Block)


G1X60.2329Y-128.2227
G1Z5F20000
(Plotting speed under)
G1 F4000


G1X96.0355Y-138.8122

G1X58.6868Y-90.8609

G1 Z0F20000

(Start Block)


G1X58.6868Y-90.8609
G1Z5F20000
(Plotting speed under)
G1 F4000


G1X60.2329Y-128.2227

G1X93.3489Y-77.5661

G1 Z0F20000

(Start Block)


G1X93.3489Y-77.5661
G1Z5F20000
(Plotting speed under)
G1 F4000


G1X58.6868Y-90.8609

G1X116.5892Y-106.2211

G1 Z0F20000

(Start Block)


G1X116.5892Y-106.2211
G1Z5F20000
(Plotting speed under)
G1 F4000


G1X93.3489Y-77.5661

G1X96.4180Y-137.2648

G1 Z0F20000

(Start Block)


G1X96.4180Y-137.2648
G1Z5F20000
(Plotting speed under)
G1 F4000


G1X116.5892Y-106.2211

G1X60.2916Y-127.8649

G1 Z0F20000

(Start Block)


G1X60.2916Y-127.8649
G1Z5F20000
(Plotting speed under)
G1 F4000


G1X96.4180Y-137.2648

G1X57.5143Y-90.5709

G1 Z0F20000

(Start Block)


G1X57.5143Y-90.5709
G1Z5F20000
(Plotting speed under)
G1 F4000


G1X60.2916Y-127.8649

G1X91.7240Y-76.1291

G1 Z0F20000

(Start Block)


G1X91.7240Y-76.1291
G1Z5F20000
(Plotting speed under)
G1 F4000


G1X57.5143Y-90.5709

G1X115.9100Y-103.9932

G1 Z0F20000

(Start Block)


G1X115.9100Y-103.9932
G1Z5F20000
(Plotting speed under)
G1 F4000


G1X91.7240Y-76.1291

G1X96.7877Y-135.6849

G1 Z0F20000

(Start Block)


G1X96.7877Y-135.6849
G1Z5F20000
(Plotting speed under)
G1 F4000


G1X115.9100Y-103.9932

G1X60.3770Y-127.4847

G1 Z0F20000

(Start Block)


G1X60.3770Y-127.4847
G1Z5F20000
(Plotting speed under)
G1 F4000


G1X96.7877Y-135.6849

G1X56.3717Y-90.2992

G1 Z0F20000

(Start Block)


G1X56.3717Y-90.2992
G1Z5F20000
(Plotting speed under)
G1 F4000


G1X60.3770Y-127.4847

G1X90.0911Y-74.7262

G1 Z0F20000

(Start Block)


G1X90.0911Y-74.7262
G1Z5F20000
(Plotting speed under)
G1 F4000


G1X56.3717Y-90.2992

G1X115.1960Y-101.7683

G1 Z0F20000

(Start Block)


G1X115.1960Y-101.7683
G1Z5F20000
(Plotting speed under)
G1 F4000


G1X90.0911Y-74.7262

G1X97.1435Y-134.0729

G1 Z0F20000

(Start Block)


G1X97.1435Y-134.0729
G1Z5F20000
(Plotting speed under)
G1 F4000


G1X115.1960Y-101.7683

G1X60.4885Y-127.0811

G1 Z0F20000

(Start Block)


G1X60.4885Y-127.0811
G1Z5F20000
(Plotting speed under)
G1 F4000


G1X97.1435Y-134.0729

G1X55.2593Y-90.0449

G1 Z0F20000

(Start Block)


G1X55.2593Y-90.0449
G1Z5F20000
(Plotting speed under)
G1 F4000


G1X60.4885Y-127.0811

G1X88.4512Y-73.3575

G1 Z0F20000

(Start Block)


G1X88.4512Y-73.3575
G1Z5F20000
(Plotting speed under)
G1 F4000


G1X55.2593Y-90.0449

G1X114.4473Y-99.5477

G1 Z0F20000

(Start Block)


G1X114.4473Y-99.5477
G1Z5F20000
(Plotting speed under)
G1 F4000


G1X88.4512Y-73.3575

G1X97.4843Y-132.4293

G1 Z0F20000

(Start Block)


G1X97.4843Y-132.4293
G1Z5F20000
(Plotting speed under)
G1 F4000


G1X114.4473Y-99.5477

G1X60.6252Y-126.6534

G1 Z0F20000

(Start Block)


G1X60.6252Y-126.6534
G1Z5F20000
(Plotting speed under)
G1 F4000


G1X97.4843Y-132.4293

G1X54.1779Y-89.8069

G1 Z0F20000

(Start Block)


G1X54.1779Y-89.8069
G1Z5F20000
(Plotting speed under)
G1 F4000


G1X60.6252Y-126.6534

G1X86.8056Y-72.0234

G1 Z0F20000

(Start Block)


G1X86.8056Y-72.0234
G1Z5F20000
(Plotting speed under)
G1 F4000


G1X54.1779Y-89.8069

G1X113.6640Y-97.3324

G1 Z0F20000

(Start Block)


G1X113.6640Y-97.3324
G1Z5F20000
(Plotting speed under)
G1 F4000


G1X86.8056Y-72.0234

G1X97.8091Y-130.7546

G1 Z0F20000

(Start Block)


G1X97.8091Y-130.7546
G1Z5F20000
(Plotting speed under)
G1 F4000


G1X113.6640Y-97.3324

G1X60.7864Y-126.2008

G1 Z0F20000

(Start Block)


G1X60.7864Y-126.2008
G1Z5F20000
(Plotting speed under)
G1 F4000


G1X97.8091Y-130.7546

G1X53.1278Y-89.5843

G1 Z0F20000

(Start Block)


G1X53.1278Y-89.5843
G1Z5F20000
(Plotting speed under)
G1 F4000


G1X60.7864Y-126.2008

G1X85.1553Y-70.7238

G1 Z0F20000

(Start Block)


G1X85.1553Y-70.7238
G1Z5F20000
(Plotting speed under)
G1 F4000


G1X53.1278Y-89.5843

G1X112.8464Y-95.1237

G1 Z0F20000

(Start Block)


G1X112.8464Y-95.1237
G1Z5F20000
(Plotting speed under)
G1 F4000


G1X85.1553Y-70.7238

G1X98.1169Y-129.0494

G1 Z0F20000

(Start Block)


G1X98.1169Y-129.0494
G1Z5F20000
(Plotting speed under)
G1 F4000


G1X112.8464Y-95.1237

G1X60.9713Y-125.7223

G1 Z0F20000

(Start Block)


G1X60.9713Y-125.7223
G1Z5F20000
(Plotting speed under)
G1 F4000


G1X98.1169Y-129.0494

G1X52.1097Y-89.3760

G1 Z0F20000

(Start Block)


G1X52.1097Y-89.3760
G1Z5F20000
(Plotting speed under)
G1 F4000


G1X60.9713Y-125.7223

G1X83.5015Y-69.4591

G1 Z0F20000

(Start Block)


G1X83.5015Y-69.4591
G1Z5F20000
(Plotting speed under)
G1 F4000


G1X52.1097Y-89.3760

G1X111.9947Y-92.9226

G1 Z0F20000

(Start Block)


G1X111.9947Y-92.9226
G1Z5F20000
(Plotting speed under)
G1 F4000


G1X83.5015Y-69.4591

G1X98.4067Y-127.3142

G1 Z0F20000

(Start Block)


G1X98.4067Y-127.3142
G1Z5F20000
(Plotting speed under)
G1 F4000


G1X111.9947Y-92.9226

G1X61.1788Y-125.2173

G1 Z0F20000

(Start Block)


G1X61.1788Y-125.2173
G1Z5F20000
(Plotting speed under)
G1 F4000


G1X98.4067Y-127.3142

G1X51.1240Y-89.1808

G1 Z0F20000

(Start Block)


G1X51.1240Y-89.1808
G1Z5F20000
(Plotting speed under)
G1 F4000


G1X61.1788Y-125.2173

G1X81.8454Y-68.2292

G1 Z0F20000

(Start Block)


G1X81.8454Y-68.2292
G1Z5F20000
(Plotting speed under)
G1 F4000


G1X51.1240Y-89.1808

G1X111.1092Y-90.7303

G1 Z0F20000

(Start Block)


G1X111.1092Y-90.7303
G1Z5F20000
(Plotting speed under)
G1 F4000


G1X81.8454Y-68.2292

G1X98.6774Y-125.5497

G1 Z0F20000

(Start Block)


G1X98.6774Y-125.5497
G1Z5F20000
(Plotting speed under)
G1 F4000


G1X111.1092Y-90.7303

G1X61.4083Y-124.6849

G1 Z0F20000

(Start Block)


G1X61.4083Y-124.6849
G1Z5F20000
(Plotting speed under)
G1 F4000


G1X98.6774Y-125.5497

G1X50.1710Y-88.9978

G1 Z0F20000

(Start Block)


G1X50.1710Y-88.9978
G1Z5F20000
(Plotting speed under)
G1 F4000


G1X61.4083Y-124.6849

G1X80.1881Y-67.0343

G1 Z0F20000

(Start Block)


G1X80.1881Y-67.0343
G1Z5F20000
(Plotting speed under)
G1 F4000


G1X50.1710Y-88.9978

G1X110.1901Y-88.5479

G1 Z0F20000

(Start Block)


G1X110.1901Y-88.5479
G1Z5F20000
(Plotting speed under)
G1 F4000


G1X80.1881Y-67.0343

G1X98.9282Y-123.7565

G1 Z0F20000

(Start Block)


G1X98.9282Y-123.7565
G1Z5F20000
(Plotting speed under)
G1 F4000


G1X110.1901Y-88.5479

G1X61.6586Y-124.1246

G1 Z0F20000

(Start Block)


G1X61.6586Y-124.1246
G1Z5F20000
(Plotting speed under)
G1 F4000


G1X98.9282Y-123.7565

G1X49.2512Y-88.8259

G1 Z0F20000

(Start Block)


G1X49.2512Y-88.8259
G1Z5F20000
(Plotting speed under)
G1 F4000


G1X61.6586Y-124.1246

G1X78.5308Y-65.8744

G1 Z0F20000

(Start Block)


G1X78.5308Y-65.8744
G1Z5F20000
(Plotting speed under)
G1 F4000


G1X49.2512Y-88.8259

G1X109.2378Y-86.3765

G1 Z0F20000

(Start Block)


G1X109.2378Y-86.3765
G1Z5F20000
(Plotting speed under)
G1 F4000


G1X78.5308Y-65.8744

G1X99.1581Y-121.9352

G1 Z0F20000

(Start Block)


G1X99.1581Y-121.9352
G1Z5F20000
(Plotting speed under)
G1 F4000


G1X109.2378Y-86.3765

G1X61.9290Y-123.5356

G1 Z0F20000

(Start Block)


G1X61.9290Y-123.5356
G1Z5F20000
(Plotting speed under)
G1 F4000


G1X99.1581Y-121.9352

G1X48.3650Y-88.6639

G1 Z0F20000

(Start Block)


G1X48.3650Y-88.6639
G1Z5F20000
(Plotting speed under)
G1 F4000


G1X61.9290Y-123.5356

G1X76.8746Y-64.7494

G1 Z0F20000

(Start Block)


G1X76.8746Y-64.7494
G1Z5F20000
(Plotting speed under)
G1 F4000


G1X48.3650Y-88.6639

G1X108.2527Y-84.2173

G1 Z0F20000

(Start Block)


G1X108.2527Y-84.2173
G1Z5F20000
(Plotting speed under)
G1 F4000


G1X76.8746Y-64.7494

G1X99.3662Y-120.0867

G1 Z0F20000

(Start Block)


G1X99.3662Y-120.0867
G1Z5F20000
(Plotting speed under)
G1 F4000


G1X108.2527Y-84.2173

G1X62.2184Y-122.9173

G1 Z0F20000

(Start Block)


G1X62.2184Y-122.9173
G1Z5F20000
(Plotting speed under)
G1 F4000


G1X99.3662Y-120.0867

G1X47.5126Y-88.5106

G1 Z0F20000

(Start Block)


G1X47.5126Y-88.5106
G1Z5F20000
(Plotting speed under)
G1 F4000


G1X62.2184Y-122.9173

G1X75.2208Y-63.6592

G1 Z0F20000

(Start Block)


G1X75.2208Y-63.6592
G1Z5F20000
(Plotting speed under)
G1 F4000


G1X47.5126Y-88.5106

G1X107.2353Y-82.0712

G1 Z0F20000

(Start Block)


G1X107.2353Y-82.0712
G1Z5F20000
(Plotting speed under)
G1 F4000


G1X75.2208Y-63.6592

G1X99.5515Y-118.2116

G1 Z0F20000

(Start Block)


G1X99.5515Y-118.2116
G1Z5F20000
(Plotting speed under)
G1 F4000


G1X107.2353Y-82.0712

G1X62.5258Y-122.2690

G1 Z0F20000

(Start Block)


G1X62.5258Y-122.2690
G1Z5F20000
(Plotting speed under)
G1 F4000


G1X99.5515Y-118.2116

G1X46.6942Y-88.3651

G1 Z0F20000

(Start Block)


G1X46.6942Y-88.3651
G1Z5F20000
(Plotting speed under)
G1 F4000


G1X62.5258Y-122.2690

G1X73.5704Y-62.6039

G1 Z0F20000

(Start Block)


G1X73.5704Y-62.6039
G1Z5F20000
(Plotting speed under)
G1 F4000


G1X46.6942Y-88.3651

G1X106.1859Y-79.9394

G1 Z0F20000

(Start Block)


G1X106.1859Y-79.9394
G1Z5F20000
(Plotting speed under)
G1 F4000


G1X73.5704Y-62.6039

G1X99.7132Y-116.3107

G1 Z0F20000

(Start Block)


G1X99.7132Y-116.3107
G1Z5F20000
(Plotting speed under)
G1 F4000


G1X106.1859Y-79.9394

G1X62.8503Y-121.5902

G1 Z0F20000

(Start Block)


G1X62.8503Y-121.5902
G1Z5F20000
(Plotting speed under)
G1 F4000


G1X99.7132Y-116.3107

G1X45.9103Y-88.2261

G1 Z0F20000

(Start Block)


G1X45.9103Y-88.2261
G1Z5F20000
(Plotting speed under)
G1 F4000


G1X62.8503Y-121.5902

G1X71.9247Y-61.5832

G1 Z0F20000

(Start Block)


G1X71.9247Y-61.5832
G1Z5F20000
(Plotting speed under)
G1 F4000


G1X45.9103Y-88.2261

G1X105.1051Y-77.8229

G1 Z0F20000

(Start Block)


G1X105.1051Y-77.8229
G1Z5F20000
(Plotting speed under)
G1 F4000


G1X71.9247Y-61.5832

G1X99.8504Y-114.3847

G1 Z0F20000

(Start Block)


G1X99.8504Y-114.3847
G1Z5F20000
(Plotting speed under)
G1 F4000


G1X105.1051Y-77.8229

G1X63.1908Y-120.8803

G1 Z0F20000

(Start Block)


G1X63.1908Y-120.8803
G1Z5F20000
(Plotting speed under)
G1 F4000


G1X99.8504Y-114.3847

G1X45.1609Y-88.0925

G1 Z0F20000

(Start Block)


G1X45.1609Y-88.0925
G1Z5F20000
(Plotting speed under)
G1 F4000


G1X63.1908Y-120.8803

G1X70.2846Y-60.5971

G1 Z0F20000

(Start Block)


G1X70.2846Y-60.5971
G1Z5F20000
(Plotting speed under)
G1 F4000


G1X45.1609Y-88.0925

G1X103.9934Y-75.7227

G1 Z0F20000

(Start Block)


G1X103.9934Y-75.7227
G1Z5F20000
(Plotting speed under)
G1 F4000


G1X70.2846Y-60.5971

G1X99.9625Y-112.4346

G1 Z0F20000

(Start Block)


G1X99.9625Y-112.4346
G1Z5F20000
(Plotting speed under)
G1 F4000


G1X103.9934Y-75.7227

G1X63.5462Y-120.1389

G1 Z0F20000

(Start Block)


G1X63.5462Y-120.1389
G1Z5F20000
(Plotting speed under)
G1 F4000


G1X99.9625Y-112.4346

G1X44.4461Y-87.9632

G1 Z0F20000

(Start Block)


G1X44.4461Y-87.9632
G1Z5F20000
(Plotting speed under)
G1 F4000


G1X63.5462Y-120.1389

G1X68.6516Y-59.6451

G1 Z0F20000

(Start Block)


G1X68.6516Y-59.6451
G1Z5F20000
(Plotting speed under)
G1 F4000


G1X44.4461Y-87.9632

G1X102.8514Y-73.6399

G1 Z0F20000

(Start Block)


G1X102.8514Y-73.6399
G1Z5F20000
(Plotting speed under)
G1 F4000


G1X68.6516Y-59.6451

G1X100.0485Y-110.4612

G1 Z0F20000

(Start Block)


G1X100.0485Y-110.4612
G1Z5F20000
(Plotting speed under)
G1 F4000


G1X102.8514Y-73.6399

G1X63.9156Y-119.3653

G1 Z0F20000

(Start Block)


G1X63.9156Y-119.3653
G1Z5F20000
(Plotting speed under)
G1 F4000


G1X100.0485Y-110.4612

G1X43.7662Y-87.8370

G1 Z0F20000

(Start Block)


G1X43.7662Y-87.8370
G1Z5F20000
(Plotting speed under)
G1 F4000


G1X63.9156Y-119.3653

G1X67.0265Y-58.7272

G1 Z0F20000

(Start Block)


G1X67.0265Y-58.7272
G1Z5F20000
(Plotting speed under)
G1 F4000


G1X43.7662Y-87.8370

G1X101.6796Y-71.5754

G1 Z0F20000

(Start Block)


G1X101.6796Y-71.5754
G1Z5F20000
(Plotting speed under)
G1 F4000


G1X67.0265Y-58.7272

G1X100.1076Y-108.4654

G1 Z0F20000

(Start Block)


G1X100.1076Y-108.4654
G1Z5F20000
(Plotting speed under)
G1 F4000


G1X101.6796Y-71.5754

G1X64.2979Y-118.5593

G1 Z0F20000

(Start Block)


G1X64.2979Y-118.5593
G1Z5F20000
(Plotting speed under)
G1 F4000


G1X100.1076Y-108.4654

G1X43.1212Y-87.7127

G1 Z0F20000

(Start Block)


G1X43.1212Y-87.7127
G1Z5F20000
(Plotting speed under)
G1 F4000


G1X64.2979Y-118.5593

G1X65.4106Y-57.8431

G1 Z0F20000

(Start Block)


G1X65.4106Y-57.8431
G1Z5F20000
(Plotting speed under)
G1 F4000


G1X43.1212Y-87.7127

G1X100.4786Y-69.5303

G1 Z0F20000

(Start Block)


G1X100.4786Y-69.5303
G1Z5F20000
(Plotting speed under)
G1 F4000


G1X65.4106Y-57.8431

G1X100.1393Y-106.4479

G1 Z0F20000

(Start Block)


G1X100.1393Y-106.4479
G1Z5F20000
(Plotting speed under)
G1 F4000


G1X100.4786Y-69.5303

G1X64.6919Y-117.7203

G1 Z0F20000

(Start Block)


G1X64.6919Y-117.7203
G1Z5F20000
(Plotting speed under)
G1 F4000


G1X100.1393Y-106.4479

G1X42.5112Y-87.5892

G1 Z0F20000

(Start Block)


G1X42.5112Y-87.5892
G1Z5F20000
(Plotting speed under)
G1 F4000


G1X64.6919Y-117.7203

G1X63.8050Y-56.9924

G1 Z0F20000

(Start Block)


G1X63.8050Y-56.9924
G1Z5F20000
(Plotting speed under)
G1 F4000


G1X42.5112Y-87.5892

G1X99.2492Y-67.5055

G1 Z0F20000

(Start Block)


G1X99.2492Y-67.5055
G1Z5F20000
(Plotting speed under)
G1 F4000


G1X63.8050Y-56.9924

G1X100.1427Y-104.4099

G1 Z0F20000

(Start Block)


G1X100.1427Y-104.4099
G1Z5F20000
(Plotting speed under)
G1 F4000


G1X99.2492Y-67.5055

G1X65.0966Y-116.8481

G1 Z0F20000

(Start Block)


G1X65.0966Y-116.8481
G1Z5F20000
(Plotting speed under)
G1 F4000


G1X100.1427Y-104.4099

G1X41.9361Y-87.4653

G1 Z0F20000

(Start Block)


G1X41.9361Y-87.4653
G1Z5F20000
(Plotting speed under)
G1 F4000


G1X65.0966Y-116.8481

G1X62.2107Y-56.1747

G1 Z0F20000

(Start Block)


G1X62.2107Y-56.1747
G1Z5F20000
(Plotting speed under)
G1 F4000


G1X41.9361Y-87.4653

G1X97.9920Y-65.5018

G1 Z0F20000

(Start Block)


G1X97.9920Y-65.5018
G1Z5F20000
(Plotting speed under)
G1 F4000


G1X62.2107Y-56.1747

G1X100.1172Y-102.3522

G1 Z0F20000

(Start Block)


G1X100.1172Y-102.3522
G1Z5F20000
(Plotting speed under)
G1 F4000


G1X97.9920Y-65.5018

G1X65.5108Y-115.9422

G1 Z0F20000

(Start Block)


G1X65.5108Y-115.9422
G1Z5F20000
(Plotting speed under)
G1 F4000


G1X100.1172Y-102.3522

G1X41.3959Y-87.3399

G1 Z0F20000

(Start Block)


G1X41.3959Y-87.3399
G1Z5F20000
(Plotting speed under)
G1 F4000


G1X65.5108Y-115.9422

G1X60.6290Y-55.3897

G1 Z0F20000

(Start Block)


G1X60.6290Y-55.3897
G1Z5F20000
(Plotting speed under)
G1 F4000


G1X41.3959Y-87.3399

G1X96.7077Y-63.5204

G1 Z0F20000

(Start Block)


G1X96.7077Y-63.5204
G1Z5F20000
(Plotting speed under)
G1 F4000


G1X60.6290Y-55.3897

G1X100.0622Y-100.2758

G1 Z0F20000

(Start Block)


G1X100.0622Y-100.2758
G1Z5F20000
(Plotting speed under)
G1 F4000


G1X96.7077Y-63.5204

G1X65.9335Y-115.0023

G1 Z0F20000

(Start Block)


G1X65.9335Y-115.0023
G1Z5F20000
(Plotting speed under)
G1 F4000


G1X100.0622Y-100.2758

G1X40.8906Y-87.2118

G1 Z0F20000

(Start Block)


G1X40.8906Y-87.2118
G1Z5F20000
(Plotting speed under)
G1 F4000


G1X65.9335Y-115.0023

G1X59.0607Y-54.6369

G1 Z0F20000

(Start Block)


G1X59.0607Y-54.6369
G1Z5F20000
(Plotting speed under)
G1 F4000


G1X40.8906Y-87.2118

G1X95.3972Y-61.5619

G1 Z0F20000

(Start Block)


G1X95.3972Y-61.5619
G1Z5F20000
(Plotting speed under)
G1 F4000


G1X59.0607Y-54.6369

G1X99.9770Y-98.1817

G1 Z0F20000

(Start Block)


G1X99.9770Y-98.1817
G1Z5F20000
(Plotting speed under)
G1 F4000


G1X95.3972Y-61.5619

G1X66.3635Y-114.0283

G1 Z0F20000

(Start Block)


G1X66.3635Y-114.0283
G1Z5F20000
(Plotting speed under)
G1 F4000


G1X99.9770Y-98.1817

G1X40.4201Y-87.0798

G1 Z0F20000

(Start Block)


G1X40.4201Y-87.0798
G1Z5F20000
(Plotting speed under)
G1 F4000


G1X66.3635Y-114.0283

G1X57.5071Y-53.9159

G1 Z0F20000

(Start Block)


G1X57.5071Y-53.9159
G1Z5F20000
(Plotting speed under)
G1 F4000


G1X40.4201Y-87.0798

G1X94.0611Y-59.6273

G1 Z0F20000

(Start Block)


G1X94.0611Y-59.6273
G1Z5F20000
(Plotting speed under)
G1 F4000


G1X57.5071Y-53.9159

G1X99.8612Y-96.0708

G1 Z0F20000

(Start Block)


G1X99.8612Y-96.0708
G1Z5F20000
(Plotting speed under)
G1 F4000


G1X94.0611Y-59.6273

G1X66.7997Y-113.0199

G1 Z0F20000

(Start Block)


G1X66.7997Y-113.0199
G1Z5F20000
(Plotting speed under)
G1 F4000


G1X99.8612Y-96.0708

G1X39.9841Y-86.9429

G1 Z0F20000

(Start Block)


G1X39.9841Y-86.9429
G1Z5F20000
(Plotting speed under)
G1 F4000


G1X66.7997Y-113.0199

G1X55.9692Y-53.2261

G1 Z0F20000

(Start Block)


G1X55.9692Y-53.2261
G1Z5F20000
(Plotting speed under)
G1 F4000


G1X39.9841Y-86.9429

G1X92.7002Y-57.7175

G1 Z0F20000

(Start Block)


G1X92.7002Y-57.7175
G1Z5F20000
(Plotting speed under)
G1 F4000


G1X55.9692Y-53.2261

G1X99.7141Y-93.9443

G1 Z0F20000

(Start Block)


G1X99.7141Y-93.9443
G1Z5F20000
(Plotting speed under)
G1 F4000


G1X92.7002Y-57.7175

G1X67.2408Y-111.9769

G1 Z0F20000

(Start Block)


G1X67.2408Y-111.9769
G1Z5F20000
(Plotting speed under)
G1 F4000


G1X99.7141Y-93.9443

G1X39.5826Y-86.7998

G1 Z0F20000

(Start Block)


G1X39.5826Y-86.7998
G1Z5F20000
(Plotting speed under)
G1 F4000


G1X67.2408Y-111.9769

G1X54.4479Y-52.5671

G1 Z0F20000

(Start Block)


G1X54.4479Y-52.5671
G1Z5F20000
(Plotting speed under)
G1 F4000


G1X39.5826Y-86.7998

G1X91.3155Y-55.8331

G1 Z0F20000

(Start Block)


G1X91.3155Y-55.8331
G1Z5F20000
(Plotting speed under)
G1 F4000


G1X54.4479Y-52.5671

G1X99.5352Y-91.8032

G1 Z0F20000

(Start Block)


G1X99.5352Y-91.8032
G1Z5F20000
(Plotting speed under)
G1 F4000


G1X91.3155Y-55.8331

G1X67.6859Y-110.8991

G1 Z0F20000

(Start Block)


G1X67.6859Y-110.8991
G1Z5F20000
(Plotting speed under)
G1 F4000


G1X99.5352Y-91.8032

G1X39.2153Y-86.6494

G1 Z0F20000

(Start Block)


G1X39.2153Y-86.6494
G1Z5F20000
(Plotting speed under)
G1 F4000


G1X67.6859Y-110.8991

G1X52.9443Y-51.9382

G1 Z0F20000

(Start Block)


G1X52.9443Y-51.9382
G1Z5F20000
(Plotting speed under)
G1 F4000


G1X39.2153Y-86.6494

G1X89.9077Y-53.9751

G1 Z0F20000

(Start Block)


G1X89.9077Y-53.9751
G1Z5F20000
(Plotting speed under)
G1 F4000


G1X52.9443Y-51.9382

G1X99.3241Y-89.6484

G1 Z0F20000

(Start Block)


G1X99.3241Y-89.6484
G1Z5F20000
(Plotting speed under)
G1 F4000


G1X89.9077Y-53.9751

G1X68.1337Y-109.7865

G1 Z0F20000

(Start Block)


G1X68.1337Y-109.7865
G1Z5F20000
(Plotting speed under)
G1 F4000


G1X99.3241Y-89.6484

G1X38.8819Y-86.4907

G1 Z0F20000

(Start Block)


G1X38.8819Y-86.4907
G1Z5F20000
(Plotting speed under)
G1 F4000


G1X68.1337Y-109.7865

G1X51.4594Y-51.3389

G1 Z0F20000

(Start Block)


G1X51.4594Y-51.3389
G1Z5F20000
(Plotting speed under)
G1 F4000


G1X38.8819Y-86.4907

G1X88.4778Y-52.1441

G1 Z0F20000

(Start Block)


G1X88.4778Y-52.1441
G1Z5F20000
(Plotting speed under)
G1 F4000


G1X51.4594Y-51.3389

G1X99.0803Y-87.4812

G1 Z0F20000

(Start Block)


G1X99.0803Y-87.4812
G1Z5F20000
(Plotting speed under)
G1 F4000


G1X88.4778Y-52.1441

G1X68.5830Y-108.6389

G1 Z0F20000

(Start Block)


G1X68.5830Y-108.6389
G1Z5F20000
(Plotting speed under)
G1 F4000


G1X99.0803Y-87.4812

G1X38.5821Y-86.3224

G1 Z0F20000

(Start Block)


G1X38.5821Y-86.3224
G1Z5F20000
(Plotting speed under)
G1 F4000


G1X68.5830Y-108.6389

G1X49.9941Y-50.7685

G1 Z0F20000

(Start Block)


G1X49.9941Y-50.7685
G1Z5F20000
(Plotting speed under)
G1 F4000


G1X38.5821Y-86.3224

G1X87.0266Y-50.3408

G1 Z0F20000

(Start Block)


G1X87.0266Y-50.3408
G1Z5F20000
(Plotting speed under)
G1 F4000


G1X49.9941Y-50.7685

G1X98.8035Y-85.3026

G1 Z0F20000

(Start Block)


G1X98.8035Y-85.3026
G1Z5F20000
(Plotting speed under)
G1 F4000


G1X87.0266Y-50.3408

G1X69.0327Y-107.4564

G1 Z0F20000

(Start Block)


G1X69.0327Y-107.4564
G1Z5F20000
(Plotting speed under)
G1 F4000


G1X98.8035Y-85.3026

G1X38.3157Y-86.1434

G1 Z0F20000

(Start Block)


G1X38.3157Y-86.1434
G1Z5F20000
(Plotting speed under)
G1 F4000


G1X69.0327Y-107.4564

G1X48.5495Y-50.2263

G1 Z0F20000

(Start Block)


G1X48.5495Y-50.2263
G1Z5F20000
(Plotting speed under)
G1 F4000


G1X38.3157Y-86.1434

G1X85.5551Y-48.5661

G1 Z0F20000

(Start Block)


G1X85.5551Y-48.5661
G1Z5F20000
(Plotting speed under)
G1 F4000


G1X48.5495Y-50.2263

G1X98.4933Y-83.1137

G1 Z0F20000

(Start Block)


G1X98.4933Y-83.1137
G1Z5F20000
(Plotting speed under)
G1 F4000


G1X85.5551Y-48.5661

G1X69.4817Y-106.2389

G1 Z0F20000

(Start Block)


G1X69.4817Y-106.2389
G1Z5F20000
(Plotting speed under)
G1 F4000


G1X98.4933Y-83.1137

G1X38.0821Y-85.9527

G1 Z0F20000

(Start Block)


G1X38.0821Y-85.9527
G1Z5F20000
(Plotting speed under)
G1 F4000


G1X69.4817Y-106.2389

G1X47.1264Y-49.7117

G1 Z0F20000

(Start Block)


G1X47.1264Y-49.7117
G1Z5F20000
(Plotting speed under)
G1 F4000


G1X38.0821Y-85.9527

G1X84.0643Y-46.8204

G1 Z0F20000

(Start Block)


G1X84.0643Y-46.8204
G1Z5F20000
(Plotting speed under)
G1 F4000


G1X47.1264Y-49.7117

G1X98.1493Y-80.9157

G1 Z0F20000

(Start Block)


G1X98.1493Y-80.9157
G1Z5F20000
(Plotting speed under)
G1 F4000


G1X84.0643Y-46.8204

G1X69.9287Y-104.9866

G1 Z0F20000

(Start Block)


G1X69.9287Y-104.9866
G1Z5F20000
(Plotting speed under)
G1 F4000


G1X98.1493Y-80.9157

G1X37.8811Y-85.7492

G1 Z0F20000

(Start Block)


G1X37.8811Y-85.7492
G1Z5F20000
(Plotting speed under)
G1 F4000


G1X69.9287Y-104.9866

G1X45.7257Y-49.2239

G1 Z0F20000

(Start Block)


G1X45.7257Y-49.2239
G1Z5F20000
(Plotting speed under)
G1 F4000


G1X37.8811Y-85.7492

G1X82.5551Y-45.1045

G1 Z0F20000

(Start Block)


G1X82.5551Y-45.1045
G1Z5F20000
(Plotting speed under)
G1 F4000


G1X45.7257Y-49.2239

G1X97.7714Y-78.7095

G1 Z0F20000

(Start Block)


G1X97.7714Y-78.7095
G1Z5F20000
(Plotting speed under)
G1 F4000


G1X82.5551Y-45.1045

G1X70.3727Y-103.6994

G1 Z0F20000

(Start Block)


G1X70.3727Y-103.6994
G1Z5F20000
(Plotting speed under)
G1 F4000


G1X97.7714Y-78.7095

G1X37.7122Y-85.5317

G1 Z0F20000

(Start Block)


G1X37.7122Y-85.5317
G1Z5F20000
(Plotting speed under)
G1 F4000


G1X70.3727Y-103.6994

G1X44.3483Y-48.7622

G1 Z0F20000

(Start Block)


G1X44.3483Y-48.7622
G1Z5F20000
(Plotting speed under)
G1 F4000


G1X37.7122Y-85.5317

G1X81.0285Y-43.4189

G1 Z0F20000

(Start Block)


G1X81.0285Y-43.4189
G1Z5F20000
(Plotting speed under)
G1 F4000


G1X44.3483Y-48.7622

G1X97.3591Y-76.4964

G1 Z0F20000

(Start Block)


G1X97.3591Y-76.4964
G1Z5F20000
(Plotting speed under)
G1 F4000


G1X81.0285Y-43.4189

G1X70.8124Y-102.3775

G1 Z0F20000

(Start Block)


G1X70.8124Y-102.3775
G1Z5F20000
(Plotting speed under)
G1 F4000


G1X97.3591Y-76.4964

G1X37.5749Y-85.2993

G1 Z0F20000

(Start Block)


G1X37.5749Y-85.2993
G1Z5F20000
(Plotting speed under)
G1 F4000


G1X70.8124Y-102.3775

G1X42.9951Y-48.3257

G1 Z0F20000

(Start Block)


G1X42.9951Y-48.3257
G1Z5F20000
(Plotting speed under)
G1 F4000


G1X37.5749Y-85.2993

G1X79.4855Y-41.7642

G1 Z0F20000

(Start Block)


G1X79.4855Y-41.7642
G1Z5F20000
(Plotting speed under)
G1 F4000


G1X42.9951Y-48.3257

G1X96.9124Y-74.2776

G1 Z0F20000

(Start Block)


G1X96.9124Y-74.2776
G1Z5F20000
(Plotting speed under)
G1 F4000


G1X79.4855Y-41.7642

G1X71.2468Y-101.0210

G1 Z0F20000

(Start Block)


G1X71.2468Y-101.0210
G1Z5F20000
(Plotting speed under)
G1 F4000


G1X96.9124Y-74.2776

G1X37.4686Y-85.0509

G1 Z0F20000

(Start Block)


G1X37.4686Y-85.0509
G1Z5F20000
(Plotting speed under)
G1 F4000


G1X71.2468Y-101.0210

G1X41.6669Y-47.9137

G1 Z0F20000

(Start Block)


G1X41.6669Y-47.9137
G1Z5F20000
(Plotting speed under)
G1 F4000


G1X37.4686Y-85.0509

G1X77.9272Y-40.1410

G1 Z0F20000

(Start Block)


G1X77.9272Y-40.1410
G1Z5F20000
(Plotting speed under)
G1 F4000


G1X41.6669Y-47.9137

G1X96.4310Y-72.0540

G1 Z0F20000

(Start Block)


G1X96.4310Y-72.0540
G1Z5F20000
(Plotting speed under)
G1 F4000


G1X77.9272Y-40.1410

G1X71.6746Y-99.6302

G1 Z0F20000

(Start Block)


G1X71.6746Y-99.6302
G1Z5F20000
(Plotting speed under)
G1 F4000


G1X96.4310Y-72.0540

G1X37.3929Y-84.7855

G1 Z0F20000

(Start Block)


G1X37.3929Y-84.7855
G1Z5F20000
(Plotting speed under)
G1 F4000


G1X71.6746Y-99.6302

G1X40.3644Y-47.5253

G1 Z0F20000

(Start Block)


G1X40.3644Y-47.5253
G1Z5F20000
(Plotting speed under)
G1 F4000


G1X37.3929Y-84.7855

G1X76.3547Y-38.5497

G1 Z0F20000

(Start Block)


G1X76.3547Y-38.5497
G1Z5F20000
(Plotting speed under)
G1 F4000


G1X40.3644Y-47.5253

G1X95.9149Y-69.8270

G1 Z0F20000

(Start Block)


G1X95.9149Y-69.8270
G1Z5F20000
(Plotting speed under)
G1 F4000


G1X76.3547Y-38.5497

G1X72.0948Y-98.2053

G1 Z0F20000

(Start Block)


G1X72.0948Y-98.2053
G1Z5F20000
(Plotting speed under)
G1 F4000


G1X95.9149Y-69.8270

G1X37.3472Y-84.5021

G1 Z0F20000

(Start Block)


G1X37.3472Y-84.5021
G1Z5F20000
(Plotting speed under)
G1 F4000


G1X72.0948Y-98.2053

G1X39.0885Y-47.1596

G1 Z0F20000

(Start Block)


G1X39.0885Y-47.1596
G1Z5F20000
(Plotting speed under)
G1 F4000


G1X37.3472Y-84.5021

G1X74.7689Y-36.9907

G1 Z0F20000

(Start Block)


G1X74.7689Y-36.9907
G1Z5F20000
(Plotting speed under)
G1 F4000


G1X39.0885Y-47.1596

G1X95.3638Y-67.5977

G1 Z0F20000

(Start Block)


G1X95.3638Y-67.5977
G1Z5F20000
(Plotting speed under)
G1 F4000


G1X74.7689Y-36.9907

G1X72.5061Y-96.7465

G1 Z0F20000

(Start Block)


G1X72.5061Y-96.7465
G1Z5F20000
(Plotting speed under)
G1 F4000


G1X95.3638Y-67.5977

G1X37.3308Y-84.1996

G1 Z0F20000

(Start Block)


G1X37.3308Y-84.1996
G1Z5F20000
(Plotting speed under)
G1 F4000


G1X72.5061Y-96.7465

G1X37.8399Y-46.8159

G1 Z0F20000

(Start Block)


G1X37.8399Y-46.8159
G1Z5F20000
(Plotting speed under)
G1 F4000


G1X37.3308Y-84.1996

G1X73.1710Y-35.4645

G1 Z0F20000

(Start Block)


G1X73.1710Y-35.4645
G1Z5F20000
(Plotting speed under)
G1 F4000


G1X37.8399Y-46.8159

G1X94.7778Y-65.3672

G1 Z0F20000

(Start Block)


G1X94.7778Y-65.3672
G1Z5F20000
(Plotting speed under)
G1 F4000


G1X73.1710Y-35.4645

G1X72.9076Y-95.2542

G1 Z0F20000

(Start Block)


G1X72.9076Y-95.2542
G1Z5F20000
(Plotting speed under)
G1 F4000


G1X94.7778Y-65.3672

G1X37.3431Y-83.8772

G1 Z0F20000

(Start Block)


G1X37.3431Y-83.8772
G1Z5F20000
(Plotting speed under)
G1 F4000


G1X72.9076Y-95.2542

G1X36.6193Y-46.4930

G1 Z0F20000

(Start Block)


G1X36.6193Y-46.4930
G1Z5F20000
(Plotting speed under)
G1 F4000


G1X37.3431Y-83.8772

G1X71.5620Y-33.9715

G1 Z0F20000

(Start Block)


G1X71.5620Y-33.9715
G1Z5F20000
(Plotting speed under)
G1 F4000


G1X36.6193Y-46.4930

G1X94.1569Y-63.1367

G1 Z0F20000

(Start Block)


G1X94.1569Y-63.1367
G1Z5F20000
(Plotting speed under)
G1 F4000


G1X71.5620Y-33.9715

G1X73.2981Y-93.7288

G1 Z0F20000

(Start Block)


G1X73.2981Y-93.7288
G1Z5F20000
(Plotting speed under)
G1 F4000


G1X94.1569Y-63.1367

G1X37.3834Y-83.5339

G1 Z0F20000

(Start Block)


G1X37.3834Y-83.5339
G1Z5F20000
(Plotting speed under)
G1 F4000


G1X73.2981Y-93.7288

G1X35.4274Y-46.1901

G1 Z0F20000

(Start Block)


G1X35.4274Y-46.1901
G1Z5F20000
(Plotting speed under)
G1 F4000


G1X37.3834Y-83.5339

G1X69.9431Y-32.5120

G1 Z0F20000

(Start Block)


G1X69.9431Y-32.5120
G1Z5F20000
(Plotting speed under)
G1 F4000


G1X35.4274Y-46.1901

G1X93.5010Y-60.9073

G1 Z0F20000

(Start Block)


G1X93.5010Y-60.9073
G1Z5F20000
(Plotting speed under)
G1 F4000


G1X69.9431Y-32.5120

G1X73.6765Y-92.1705

G1 Z0F20000

(Start Block)


G1X73.6765Y-92.1705
G1Z5F20000
(Plotting speed under)
G1 F4000


G1X93.5010Y-60.9073

G1X37.4510Y-83.1687

G1 Z0F20000

(Start Block)


G1X37.4510Y-83.1687
G1Z5F20000
(Plotting speed under)
G1 F4000


G1X73.6765Y-92.1705

G1X34.2648Y-45.9063

G1 Z0F20000

(Start Block)


G1X34.2648Y-45.9063
G1Z5F20000
(Plotting speed under)
G1 F4000


G1X37.4510Y-83.1687

G1X68.3155Y-31.0863

G1 Z0F20000

(Start Block)


G1X68.3155Y-31.0863
G1Z5F20000
(Plotting speed under)
G1 F4000


G1X34.2648Y-45.9063

G1X92.8102Y-58.6803

G1 Z0F20000

(Start Block)


G1X92.8102Y-58.6803
G1Z5F20000
(Plotting speed under)
G1 F4000


G1X68.3155Y-31.0863

G1X74.0416Y-90.5799

G1 Z0F20000

(Start Block)


G1X74.0416Y-90.5799
G1Z5F20000
(Plotting speed under)
G1 F4000


G1X92.8102Y-58.6803

G1X37.5452Y-82.7808

G1 Z0F20000

(Start Block)


G1X37.5452Y-82.7808
G1Z5F20000
(Plotting speed under)
G1 F4000


G1X74.0416Y-90.5799

G1X33.1324Y-45.6410

G1 Z0F20000

(Start Block)


G1X33.1324Y-45.6410
G1Z5F20000
(Plotting speed under)
G1 F4000


G1X37.5452Y-82.7808

G1 Z0F20000

(Start Block)


G1X92.3617Y-57.4560
G1Z5F20000
(Plotting speed under)
G1 F4000


G1X66.8187Y-30.1947

G1X74.8079Y-90.4560

G1 Z0F20000

(Start Block)


G1X74.8079Y-90.4560
G1Z5F20000
(Plotting speed under)
G1 F4000


G1X92.3617Y-57.4560

G1X38.2189Y-84.3675

G1 Z0F20000

(Start Block)


G1X38.2189Y-84.3675
G1Z5F20000
(Plotting speed under)
G1 F4000


G1X74.8079Y-90.4560

G1X32.7221Y-47.8893

G1 Z0F20000

(Start Block)


G1X32.7221Y-47.8893
G1Z5F20000
(Plotting speed under)
G1 F4000


G1X38.2189Y-84.3675

G1X65.8687Y-31.3345

G1 Z0F20000

(Start Block)


G1X65.8687Y-31.3345
G1Z5F20000
(Plotting speed under)
G1 F4000


G1X32.7221Y-47.8893

G1X92.2933Y-57.7341

G1 Z0F20000

(Start Block)


G1X92.2933Y-57.7341
G1Z5F20000
(Plotting speed under)
G1 F4000


G1X65.8687Y-31.3345

G1X75.8354Y-91.2991

G1 Z0F20000

(Start Block)


G1X75.8354Y-91.2991
G1Z5F20000
(Plotting speed under)
G1 F4000


G1X92.2933Y-57.7341

G1X39.0557Y-86.4286

G1 Z0F20000

(Start Block)


G1X39.0557Y-86.4286
G1Z5F20000
(Plotting speed under)
G1 F4000


G1X75.8354Y-91.2991

G1X32.3429Y-50.1536

G1 Z0F20000

(Start Block)


G1X32.3429Y-50.1536
G1Z5F20000
(Plotting speed under)
G1 F4000


G1X39.0557Y-86.4286

G1X64.9132Y-32.5089

G1 Z0F20000

(Start Block)


G1X64.9132Y-32.5089
G1Z5F20000
(Plotting speed under)
G1 F4000


G1X32.3429Y-50.1536

G1X92.1904Y-58.0179

G1 Z0F20000

(Start Block)


G1X92.1904Y-58.0179
G1Z5F20000
(Plotting speed under)
G1 F4000


G1X64.9132Y-32.5089

G1X76.8465Y-92.1112

G1 Z0F20000

(Start Block)


G1X76.8465Y-92.1112
G1Z5F20000
(Plotting speed under)
G1 F4000


G1X92.1904Y-58.0179

G1X39.9168Y-88.4645

G1 Z0F20000

(Start Block)


G1X39.9168Y-88.4645
G1Z5F20000
(Plotting speed under)
G1 F4000


G1X76.8465Y-92.1112

G1X31.9953Y-52.4329

G1 Z0F20000

(Start Block)


G1X31.9953Y-52.4329
G1Z5F20000
(Plotting speed under)
G1 F4000


G1X39.9168Y-88.4645

G1X63.9535Y-33.7180

G1 Z0F20000

(Start Block)


G1X63.9535Y-33.7180
G1Z5F20000
(Plotting speed under)
G1 F4000


G1X31.9953Y-52.4329

G1X92.0533Y-58.3087

G1 Z0F20000

(Start Block)


G1X92.0533Y-58.3087
G1Z5F20000
(Plotting speed under)
G1 F4000


G1X63.9535Y-33.7180

G1X77.8402Y-92.8930

G1 Z0F20000

(Start Block)


G1X77.8402Y-92.8930
G1Z5F20000
(Plotting speed under)
G1 F4000


G1X92.0533Y-58.3087

G1X40.8011Y-90.4743

G1 Z0F20000

(Start Block)


G1X40.8011Y-90.4743
G1Z5F20000
(Plotting speed under)
G1 F4000


G1X77.8402Y-92.8930

G1X31.6797Y-54.7261

G1 Z0F20000

(Start Block)


G1X31.6797Y-54.7261
G1Z5F20000
(Plotting speed under)
G1 F4000


G1X40.8011Y-90.4743

G1X62.9906Y-34.9619

G1 Z0F20000

(Start Block)


G1X62.9906Y-34.9619
G1Z5F20000
(Plotting speed under)
G1 F4000


G1X31.6797Y-54.7261

G1X91.8821Y-58.6074

G1 Z0F20000

(Start Block)


G1X91.8821Y-58.6074
G1Z5F20000
(Plotting speed under)
G1 F4000


G1X62.9906Y-34.9619

G1X78.8157Y-93.6451

G1 Z0F20000

(Start Block)


G1X78.8157Y-93.6451
G1Z5F20000
(Plotting speed under)
G1 F4000


G1X91.8821Y-58.6074

G1X41.7079Y-92.4573

G1 Z0F20000

(Start Block)


G1X41.7079Y-92.4573
G1Z5F20000
(Plotting speed under)
G1 F4000


G1X78.8157Y-93.6451

G1X31.3967Y-57.0322

G1 Z0F20000

(Start Block)


G1X31.3967Y-57.0322
G1Z5F20000
(Plotting speed under)
G1 F4000


G1X41.7079Y-92.4573

G1X62.0258Y-36.2408

G1 Z0F20000

(Start Block)


G1X62.0258Y-36.2408
G1Z5F20000
(Plotting speed under)
G1 F4000


G1X31.3967Y-57.0322

G1X91.6772Y-58.9154

G1 Z0F20000

(Start Block)


G1X91.6772Y-58.9154
G1Z5F20000
(Plotting speed under)
G1 F4000


G1X62.0258Y-36.2408

G1X79.7717Y-94.3680

G1 Z0F20000

(Start Block)


G1X79.7717Y-94.3680
G1Z5F20000
(Plotting speed under)
G1 F4000


G1X91.6772Y-58.9154

G1X42.6363Y-94.4129

G1 Z0F20000

(Start Block)


G1X42.6363Y-94.4129
G1Z5F20000
(Plotting speed under)
G1 F4000


G1X79.7717Y-94.3680

G1X31.1466Y-59.3500

G1 Z0F20000

(Start Block)


G1X31.1466Y-59.3500
G1Z5F20000
(Plotting speed under)
G1 F4000


G1X42.6363Y-94.4129

G1X61.0603Y-37.5545

G1 Z0F20000

(Start Block)


G1X61.0603Y-37.5545
G1Z5F20000
(Plotting speed under)
G1 F4000


G1X31.1466Y-59.3500

G1X91.4389Y-59.2336

G1 Z0F20000

(Start Block)


G1X91.4389Y-59.2336
G1Z5F20000
(Plotting speed under)
G1 F4000


G1X61.0603Y-37.5545

G1X80.7075Y-95.0624

G1 Z0F20000

(Start Block)


G1X80.7075Y-95.0624
G1Z5F20000
(Plotting speed under)
G1 F4000


G1X91.4389Y-59.2336

G1X43.5852Y-96.3401

G1 Z0F20000

(Start Block)


G1X43.5852Y-96.3401
G1Z5F20000
(Plotting speed under)
G1 F4000


G1X80.7075Y-95.0624

G1X30.9298Y-61.6786

G1 Z0F20000

(Start Block)


G1X30.9298Y-61.6786
G1Z5F20000
(Plotting speed under)
G1 F4000


G1X43.5852Y-96.3401

G1X60.0951Y-38.9033

G1 Z0F20000

(Start Block)


G1X60.0951Y-38.9033
G1Z5F20000
(Plotting speed under)
G1 F4000


G1X30.9298Y-61.6786

G1X91.1676Y-59.5632

G1 Z0F20000

(Start Block)


G1X91.1676Y-59.5632
G1Z5F20000
(Plotting speed under)
G1 F4000


G1X60.0951Y-38.9033

G1X81.6220Y-95.7291

G1 Z0F20000

(Start Block)


G1X81.6220Y-95.7291
G1Z5F20000
(Plotting speed under)
G1 F4000


G1X91.1676Y-59.5632

G1X44.5538Y-98.2385

G1 Z0F20000

(Start Block)


G1X44.5538Y-98.2385
G1Z5F20000
(Plotting speed under)
G1 F4000


G1X81.6220Y-95.7291

G1X30.7466Y-64.0166

G1 Z0F20000

(Start Block)


G1X30.7466Y-64.0166
G1Z5F20000
(Plotting speed under)
G1 F4000


G1X44.5538Y-98.2385

G1X59.1314Y-40.2869

G1 Z0F20000

(Start Block)


G1X59.1314Y-40.2869
G1Z5F20000
(Plotting speed under)
G1 F4000


G1X30.7466Y-64.0166

G1X90.8635Y-59.9052

G1 Z0F20000

(Start Block)


G1X90.8635Y-59.9052
G1Z5F20000
(Plotting speed under)
G1 F4000


G1X59.1314Y-40.2869

G1X82.5145Y-96.3686

G1 Z0F20000

(Start Block)


G1X82.5145Y-96.3686
G1Z5F20000
(Plotting speed under)
G1 F4000


G1X90.8635Y-59.9052

G1X45.5412Y-100.1073

G1 Z0F20000

(Start Block)


G1X45.5412Y-100.1073
G1Z5F20000
(Plotting speed under)
G1 F4000


G1X82.5145Y-96.3686

G1X30.5973Y-66.3631

G1 Z0F20000

(Start Block)


G1X30.5973Y-66.3631
G1Z5F20000
(Plotting speed under)
G1 F4000


G1X45.5412Y-100.1073

G1X58.1704Y-41.7054

G1 Z0F20000

(Start Block)


G1X58.1704Y-41.7054
G1Z5F20000
(Plotting speed under)
G1 F4000


G1X30.5973Y-66.3631

G1X90.5272Y-60.2608

G1 Z0F20000

(Start Block)


G1X90.5272Y-60.2608
G1Z5F20000
(Plotting speed under)
G1 F4000


G1X58.1704Y-41.7054

G1X83.3839Y-96.9819

G1 Z0F20000

(Start Block)


G1X83.3839Y-96.9819
G1Z5F20000
(Plotting speed under)
G1 F4000


G1X90.5272Y-60.2608

G1X46.5462Y-101.9460

G1 Z0F20000

(Start Block)


G1X46.5462Y-101.9460
G1Z5F20000
(Plotting speed under)
G1 F4000


G1X83.3839Y-96.9819

G1X30.4823Y-68.7170

G1 Z0F20000

(Start Block)


G1X30.4823Y-68.7170
G1Z5F20000
(Plotting speed under)
G1 F4000


G1X46.5462Y-101.9460

G1X57.2133Y-43.1587

G1 Z0F20000

(Start Block)


G1X57.2133Y-43.1587
G1Z5F20000
(Plotting speed under)
G1 F4000


G1X30.4823Y-68.7170

G1X90.1592Y-60.6310

G1 Z0F20000

(Start Block)


G1X90.1592Y-60.6310
G1Z5F20000
(Plotting speed under)
G1 F4000


G1X57.2133Y-43.1587

G1X84.2294Y-97.5697

G1 Z0F20000

(Start Block)


G1X84.2294Y-97.5697
G1Z5F20000
(Plotting speed under)
G1 F4000


G1X90.1592Y-60.6310

G1X47.5680Y-103.7539

G1 Z0F20000

(Start Block)


G1X47.5680Y-103.7539
G1Z5F20000
(Plotting speed under)
G1 F4000


G1X84.2294Y-97.5697

G1X30.4016Y-71.0770

G1 Z0F20000

(Start Block)


G1X30.4016Y-71.0770
G1Z5F20000
(Plotting speed under)
G1 F4000


G1X47.5680Y-103.7539

G1X56.2612Y-44.6466

G1 Z0F20000

(Start Block)


G1X56.2612Y-44.6466
G1Z5F20000
(Plotting speed under)
G1 F4000


G1X30.4016Y-71.0770

G1X89.7599Y-61.0169

G1 Z0F20000

(Start Block)


G1X89.7599Y-61.0169
G1Z5F20000
(Plotting speed under)
G1 F4000


G1X56.2612Y-44.6466

G1X85.0502Y-98.1326

G1 Z0F20000

(Start Block)


G1X85.0502Y-98.1326
G1Z5F20000
(Plotting speed under)
G1 F4000


G1X89.7599Y-61.0169

G1X48.6054Y-105.5307

G1 Z0F20000

(Start Block)


G1X48.6054Y-105.5307
G1Z5F20000
(Plotting speed under)
G1 F4000


G1X85.0502Y-98.1326

G1X30.3556Y-73.4420

G1 Z0F20000

(Start Block)


G1X30.3556Y-73.4420
G1Z5F20000
(Plotting speed under)
G1 F4000


G1X48.6054Y-105.5307

G1X55.3152Y-46.1689

G1 Z0F20000

(Start Block)


G1X55.3152Y-46.1689
G1Z5F20000
(Plotting speed under)
G1 F4000


G1X30.3556Y-73.4420

G1X89.3299Y-61.4194

G1 Z0F20000

(Start Block)


G1X89.3299Y-61.4194
G1Z5F20000
(Plotting speed under)
G1 F4000


G1X55.3152Y-46.1689

G1X85.8455Y-98.6718

G1 Z0F20000

(Start Block)


G1X85.8455Y-98.6718
G1Z5F20000
(Plotting speed under)
G1 F4000


G1X89.3299Y-61.4194

G1X49.6575Y-107.2757

G1 Z0F20000

(Start Block)


G1X49.6575Y-107.2757
G1Z5F20000
(Plotting speed under)
G1 F4000


G1X85.8455Y-98.6718

G1X30.3443Y-75.8109

G1 Z0F20000

(Start Block)


G1X30.3443Y-75.8109
G1Z5F20000
(Plotting speed under)
G1 F4000


G1X49.6575Y-107.2757

G1X54.3765Y-47.7254

G1 Z0F20000

(Start Block)


G1X54.3765Y-47.7254
G1Z5F20000
(Plotting speed under)
G1 F4000


G1X30.3443Y-75.8109

G1X88.8697Y-61.8397

G1 Z0F20000

(Start Block)


G1X88.8697Y-61.8397
G1Z5F20000
(Plotting speed under)
G1 F4000


G1X54.3765Y-47.7254

G1X86.6145Y-99.1878

G1 Z0F20000

(Start Block)


G1X86.6145Y-99.1878
G1Z5F20000
(Plotting speed under)
G1 F4000


G1X88.8697Y-61.8397

G1X50.7232Y-108.9884

G1 Z0F20000

(Start Block)


G1X50.7232Y-108.9884
G1Z5F20000
(Plotting speed under)
G1 F4000


G1X86.6145Y-99.1878

G1X30.3678Y-78.1825

G1 Z0F20000

(Start Block)


G1X30.3678Y-78.1825
G1Z5F20000
(Plotting speed under)
G1 F4000


G1X50.7232Y-108.9884

G1X53.4462Y-49.3158

G1 Z0F20000

(Start Block)


G1X53.4462Y-49.3158
G1Z5F20000
(Plotting speed under)
G1 F4000


G1X30.3678Y-78.1825

G1X88.3800Y-62.2786

G1 Z0F20000

(Start Block)


G1X88.3800Y-62.2786
G1Z5F20000
(Plotting speed under)
G1 F4000


G1X53.4462Y-49.3158

G1X87.3564Y-99.6817

G1 Z0F20000

(Start Block)


G1X87.3564Y-99.6817
G1Z5F20000
(Plotting speed under)
G1 F4000


G1X88.3800Y-62.2786

G1X51.8013Y-110.6685

G1 Z0F20000

(Start Block)


G1X51.8013Y-110.6685
G1Z5F20000
(Plotting speed under)
G1 F4000


G1X87.3564Y-99.6817

G1X30.4263Y-80.5556

G1 Z0F20000

(Start Block)


G1X30.4263Y-80.5556
G1Z5F20000
(Plotting speed under)
G1 F4000


G1X51.8013Y-110.6685

G1X52.5255Y-50.9398

G1 Z0F20000

(Start Block)


G1X52.5255Y-50.9398
G1Z5F20000
(Plotting speed under)
G1 F4000


G1X30.4263Y-80.5556

G1X87.8613Y-62.7372

G1 Z0F20000

(Start Block)


G1X87.8613Y-62.7372
G1Z5F20000
(Plotting speed under)
G1 F4000


G1X52.5255Y-50.9398

G1X88.0706Y-100.1544

G1 Z0F20000

(Start Block)


G1X88.0706Y-100.1544
G1Z5F20000
(Plotting speed under)
G1 F4000


G1X87.8613Y-62.7372

G1X52.8908Y-112.3155

G1 Z0F20000

(Start Block)


G1X52.8908Y-112.3155
G1Z5F20000
(Plotting speed under)
G1 F4000


G1X88.0706Y-100.1544

G1X30.5197Y-82.9292

G1 Z0F20000

(Start Block)


G1X30.5197Y-82.9292
G1Z5F20000
(Plotting speed under)
G1 F4000


G1X52.8908Y-112.3155

G1X51.6154Y-52.5972

G1 Z0F20000

(Start Block)


G1X51.6154Y-52.5972
G1Z5F20000
(Plotting speed under)
G1 F4000


G1X30.5197Y-82.9292

G1X87.3145Y-63.2163

G1 Z0F20000

(Start Block)


G1X87.3145Y-63.2163
G1Z5F20000
(Plotting speed under)
G1 F4000


G1X51.6154Y-52.5972

G1X88.7564Y-100.6068

G1 Z0F20000

(Start Block)


G1X88.7564Y-100.6068
G1Z5F20000
(Plotting speed under)
G1 F4000


G1X87.3145Y-63.2163

G1X53.9907Y-113.9292

G1 Z0F20000

(Start Block)


G1X53.9907Y-113.9292
G1Z5F20000
(Plotting speed under)
G1 F4000


G1X88.7564Y-100.6068

G1X30.6481Y-85.3020

G1 Z0F20000

(Start Block)


G1X30.6481Y-85.3020
G1Z5F20000
(Plotting speed under)
G1 F4000


G1X53.9907Y-113.9292

G1X50.7170Y-54.2875

G1 Z0F20000

(Start Block)


G1X50.7170Y-54.2875
G1Z5F20000
(Plotting speed under)
G1 F4000


G1X30.6481Y-85.3020

G1X86.7400Y-63.7171

G1 Z0F20000

(Start Block)


G1X86.7400Y-63.7171
G1Z5F20000
(Plotting speed under)
G1 F4000


G1X50.7170Y-54.2875

G1X89.4129Y-101.0398

G1 Z0F20000

(Start Block)


G1X89.4129Y-101.0398
G1Z5F20000
(Plotting speed under)
G1 F4000


G1X86.7400Y-63.7171

G1X55.0997Y-115.5091

G1 Z0F20000

(Start Block)


G1X55.0997Y-115.5091
G1Z5F20000
(Plotting speed under)
G1 F4000


G1X89.4129Y-101.0398

G1X30.8114Y-87.6729

G1 Z0F20000

(Start Block)


G1X30.8114Y-87.6729
G1Z5F20000
(Plotting speed under)
G1 F4000


G1X55.0997Y-115.5091

G1X49.8314Y-56.0103

G1 Z0F20000

(Start Block)


G1X49.8314Y-56.0103
G1Z5F20000
(Plotting speed under)
G1 F4000


G1X30.8114Y-87.6729

G1X86.1388Y-64.2402

G1 Z0F20000

(Start Block)


G1X86.1388Y-64.2402
G1Z5F20000
(Plotting speed under)
G1 F4000


G1X49.8314Y-56.0103

G1X90.0398Y-101.4544

G1 Z0F20000

(Start Block)


G1X90.0398Y-101.4544
G1Z5F20000
(Plotting speed under)
G1 F4000


G1X86.1388Y-64.2402

G1X56.2168Y-117.0550

G1 Z0F20000

(Start Block)


G1X56.2168Y-117.0550
G1Z5F20000
(Plotting speed under)
G1 F4000


G1X90.0398Y-101.4544

G1X31.0095Y-90.0407

G1 Z0F20000

(Start Block)


G1X31.0095Y-90.0407
G1Z5F20000
(Plotting speed under)
G1 F4000


G1X56.2168Y-117.0550

G1X48.9598Y-57.7652

G1 Z0F20000

(Start Block)


G1X48.9598Y-57.7652
G1Z5F20000
(Plotting speed under)
G1 F4000


G1X31.0095Y-90.0407

G1X85.5114Y-64.7867

G1 Z0F20000

(Start Block)


G1X85.5114Y-64.7867
G1Z5F20000
(Plotting speed under)
G1 F4000


G1X48.9598Y-57.7652

G1X90.6364Y-101.8516

G1 Z0F20000

(Start Block)


G1X90.6364Y-101.8516
G1Z5F20000
(Plotting speed under)
G1 F4000


G1X85.5114Y-64.7867

G1X57.3408Y-118.5665

G1 Z0F20000

(Start Block)


G1X57.3408Y-118.5665
G1Z5F20000
(Plotting speed under)
G1 F4000


G1X90.6364Y-101.8516

G1X31.2423Y-92.4042

G1 Z0F20000

(Start Block)


G1X31.2423Y-92.4042
G1Z5F20000
(Plotting speed under)
G1 F4000


G1X57.3408Y-118.5665

G1X48.1031Y-59.5517

G1 Z0F20000

(Start Block)


G1X48.1031Y-59.5517
G1Z5F20000
(Plotting speed under)
G1 F4000


G1X31.2423Y-92.4042

G1X84.8589Y-65.3573

G1 Z0F20000

(Start Block)


G1X84.8589Y-65.3573
G1Z5F20000
(Plotting speed under)
G1 F4000


G1X48.1031Y-59.5517

G1X91.2020Y-102.2325

G1 Z0F20000

(Start Block)


G1X91.2020Y-102.2325
G1Z5F20000
(Plotting speed under)
G1 F4000


G1X84.8589Y-65.3573

G1X58.4706Y-120.0437

G1 Z0F20000

(Start Block)


G1X58.4706Y-120.0437
G1Z5F20000
(Plotting speed under)
G1 F4000


G1X91.2020Y-102.2325

G1X31.5097Y-94.7625

G1 Z0F20000

(Start Block)


G1X31.5097Y-94.7625
G1Z5F20000
(Plotting speed under)
G1 F4000


G1X58.4706Y-120.0437

G1X47.2625Y-61.3693

G1 Z0F20000

(Start Block)


G1X47.2625Y-61.3693
G1Z5F20000
(Plotting speed under)
G1 F4000


G1X31.5097Y-94.7625

G1X84.1818Y-65.9528

G1 Z0F20000

(Start Block)


G1X84.1818Y-65.9528
G1Z5F20000
(Plotting speed under)
G1 F4000


G1X47.2625Y-61.3693

G1X91.7362Y-102.5981

G1 Z0F20000

(Start Block)


G1X91.7362Y-102.5981
G1Z5F20000
(Plotting speed under)
G1 F4000


G1X84.1818Y-65.9528

G1X59.6050Y-121.4862

G1 Z0F20000

(Start Block)


G1X59.6050Y-121.4862
G1Z5F20000
(Plotting speed under)
G1 F4000


G1X91.7362Y-102.5981

G1X31.8115Y-97.1141

G1 Z0F20000

(Start Block)


G1X31.8115Y-97.1141
G1Z5F20000
(Plotting speed under)
G1 F4000


G1X59.6050Y-121.4862

G1X46.4388Y-63.2174

G1 Z0F20000

(Start Block)


G1X46.4388Y-63.2174
G1Z5F20000
(Plotting speed under)
G1 F4000


G1X31.8115Y-97.1141

G1X83.4812Y-66.5742

G1 Z0F20000

(Start Block)


G1X83.4812Y-66.5742
G1Z5F20000
(Plotting speed under)
G1 F4000


G1X46.4388Y-63.2174

G1X92.2385Y-102.9494

G1 Z0F20000

(Start Block)


G1X92.2385Y-102.9494
G1Z5F20000
(Plotting speed under)
G1 F4000


G1X83.4812Y-66.5742

G1X60.7429Y-122.8939

G1 Z0F20000

(Start Block)


G1X60.7429Y-122.8939
G1Z5F20000
(Plotting speed under)
G1 F4000


G1X92.2385Y-102.9494

G1X32.1473Y-99.4581

G1 Z0F20000

(Start Block)


G1X32.1473Y-99.4581
G1Z5F20000
(Plotting speed under)
G1 F4000


G1X60.7429Y-122.8939

G1X45.6332Y-65.0955

G1 Z0F20000

(Start Block)


G1X45.6332Y-65.0955
G1Z5F20000
(Plotting speed under)
G1 F4000


G1X32.1473Y-99.4581

G1X82.7578Y-67.2221

G1 Z0F20000

(Start Block)


G1X82.7578Y-67.2221
G1Z5F20000
(Plotting speed under)
G1 F4000


G1X45.6332Y-65.0955

G1X92.7084Y-103.2874

G1 Z0F20000

(Start Block)


G1X92.7084Y-103.2874
G1Z5F20000
(Plotting speed under)
G1 F4000


G1X82.7578Y-67.2221

G1X61.8832Y-124.2667

G1 Z0F20000

(Start Block)


G1X61.8832Y-124.2667
G1Z5F20000
(Plotting speed under)
G1 F4000


G1X92.7084Y-103.2874

G1X32.5170Y-101.7933

G1 Z0F20000

(Start Block)


G1X32.5170Y-101.7933
G1Z5F20000
(Plotting speed under)
G1 F4000


G1X61.8832Y-124.2667

G1X44.8465Y-67.0029

G1 Z0F20000

(Start Block)


G1X44.8465Y-67.0029
G1Z5F20000
(Plotting speed under)
G1 F4000


G1X32.5170Y-101.7933

G1X82.0125Y-67.8973

G1 Z0F20000

(Start Block)


G1X82.0125Y-67.8973
G1Z5F20000
(Plotting speed under)
G1 F4000


G1X44.8465Y-67.0029

G1X93.1455Y-103.6134

G1 Z0F20000

(Start Block)


G1X93.1455Y-103.6134
G1Z5F20000
(Plotting speed under)
G1 F4000


G1X82.0125Y-67.8973

G1X63.0246Y-125.6046

G1 Z0F20000

(Start Block)


G1X63.0246Y-125.6046
G1Z5F20000
(Plotting speed under)
G1 F4000


G1X93.1455Y-103.6134

G1X32.9202Y-104.1187

G1 Z0F20000

(Start Block)


G1X32.9202Y-104.1187
G1Z5F20000
(Plotting speed under)
G1 F4000


G1X63.0246Y-125.6046

G1X44.0799Y-68.9390

G1 Z0F20000

(Start Block)


G1X44.0799Y-68.9390
G1Z5F20000
(Plotting speed under)
G1 F4000


G1X32.9202Y-104.1187

G1X81.2463Y-68.6005

G1 Z0F20000

(Start Block)


G1X81.2463Y-68.6005
G1Z5F20000
(Plotting speed under)
G1 F4000


G1X44.0799Y-68.9390

G1X93.5495Y-103.9283

G1 Z0F20000

(Start Block)


G1X93.5495Y-103.9283
G1Z5F20000
(Plotting speed under)
G1 F4000


G1X81.2463Y-68.6005

G1X64.1661Y-126.9075

G1 Z0F20000

(Start Block)


G1X64.1661Y-126.9075
G1Z5F20000
(Plotting speed under)
G1 F4000


G1X93.5495Y-103.9283

G1X33.3565Y-106.4330

G1 Z0F20000

(Start Block)


G1X33.3565Y-106.4330
G1Z5F20000
(Plotting speed under)
G1 F4000


G1X64.1661Y-126.9075

G1X43.3341Y-70.9031

G1 Z0F20000

(Start Block)


G1X43.3341Y-70.9031
G1Z5F20000
(Plotting speed under)
G1 F4000


G1X33.3565Y-106.4330

G1X80.4602Y-69.3325

G1 Z0F20000

(Start Block)


G1X80.4602Y-69.3325
G1Z5F20000
(Plotting speed under)
G1 F4000


G1X43.3341Y-70.9031

G1X93.9199Y-104.2332

G1 Z0F20000

(Start Block)


G1X93.9199Y-104.2332
G1Z5F20000
(Plotting speed under)
G1 F4000


G1X80.4602Y-69.3325

G1X65.3064Y-128.1754

G1 Z0F20000

(Start Block)


G1X65.3064Y-128.1754
G1Z5F20000
(Plotting speed under)
G1 F4000


G1X93.9199Y-104.2332

G1X33.8257Y-108.7352

G1 Z0F20000

(Start Block)


G1X33.8257Y-108.7352
G1Z5F20000
(Plotting speed under)
G1 F4000


G1X65.3064Y-128.1754

G1X42.6102Y-72.8946

G1 Z0F20000

(Start Block)


G1X42.6102Y-72.8946
G1Z5F20000
(Plotting speed under)
G1 F4000


G1X33.8257Y-108.7352

G1X79.6549Y-70.0937

G1 Z0F20000

(Start Block)


G1X79.6549Y-70.0937
G1Z5F20000
(Plotting speed under)
G1 F4000


G1X42.6102Y-72.8946

G1X94.2565Y-104.5294

G1 Z0F20000

(Start Block)


G1X94.2565Y-104.5294
G1Z5F20000
(Plotting speed under)
G1 F4000


G1X79.6549Y-70.0937

G1X66.4444Y-129.4085

G1 Z0F20000

(Start Block)


G1X66.4444Y-129.4085
G1Z5F20000
(Plotting speed under)
G1 F4000


G1X94.2565Y-104.5294

G1X34.3273Y-111.0242

G1 Z0F20000

(Start Block)


G1X34.3273Y-111.0242
G1Z5F20000
(Plotting speed under)
G1 F4000


G1X66.4444Y-129.4085

G1X41.9091Y-74.9126

G1 Z0F20000

(Start Block)


G1X41.9091Y-74.9126
G1Z5F20000
(Plotting speed under)
G1 F4000


G1X34.3273Y-111.0242

G1X78.8317Y-70.8849

G1 Z0F20000

(Start Block)


G1X78.8317Y-70.8849
G1Z5F20000
(Plotting speed under)
G1 F4000


G1X41.9091Y-74.9126

G1X94.5590Y-104.8178

G1 Z0F20000

(Start Block)


G1X94.5590Y-104.8178
G1Z5F20000
(Plotting speed under)
G1 F4000


G1X78.8317Y-70.8849

G1X67.5789Y-130.6068

G1 Z0F20000

(Start Block)


G1X67.5789Y-130.6068
G1Z5F20000
(Plotting speed under)
G1 F4000


G1X94.5590Y-104.8178

G1X34.8608Y-113.2989

G1 Z0F20000

(Start Block)


G1X34.8608Y-113.2989
G1Z5F20000
(Plotting speed under)
G1 F4000


G1X67.5789Y-130.6068

G1X41.2315Y-76.9564

G1 Z0F20000

(Start Block)


G1X41.2315Y-76.9564
G1Z5F20000
(Plotting speed under)
G1 F4000


G1X34.8608Y-113.2989

G1X77.9914Y-71.7065

G1 Z0F20000

(Start Block)


G1X77.9914Y-71.7065
G1Z5F20000
(Plotting speed under)
G1 F4000


G1X41.2315Y-76.9564

G1X94.8272Y-105.0998

G1 Z0F20000

(Start Block)


G1X94.8272Y-105.0998
G1Z5F20000
(Plotting speed under)
G1 F4000


G1X77.9914Y-71.7065

G1X68.7088Y-131.7704

G1 Z0F20000

(Start Block)


G1X68.7088Y-131.7704
G1Z5F20000
(Plotting speed under)
G1 F4000


G1X94.8272Y-105.0998

G1X35.4257Y-115.5584

G1 Z0F20000

(Start Block)


G1X35.4257Y-115.5584
G1Z5F20000
(Plotting speed under)
G1 F4000


G1X68.7088Y-131.7704

G1X40.5783Y-79.0252

G1 Z0F20000

(Start Block)


G1X40.5783Y-79.0252
G1Z5F20000
(Plotting speed under)
G1 F4000


G1X35.4257Y-115.5584

G1X77.1351Y-72.5593

G1 Z0F20000

(Start Block)


G1X77.1351Y-72.5593
G1Z5F20000
(Plotting speed under)
G1 F4000


G1X40.5783Y-79.0252

G1X95.0608Y-105.3763

G1 Z0F20000

(Start Block)


G1X95.0608Y-105.3763
G1Z5F20000
(Plotting speed under)
G1 F4000


G1X77.1351Y-72.5593

G1X69.8330Y-132.8996

G1 Z0F20000

(Start Block)


G1X69.8330Y-132.8996
G1Z5F20000
(Plotting speed under)
G1 F4000


G1X95.0608Y-105.3763

G1X36.0215Y-117.8015

G1 Z0F20000

(Start Block)


G1X36.0215Y-117.8015
G1Z5F20000
(Plotting speed under)
G1 F4000


G1X69.8330Y-132.8996

G1X39.9504Y-81.1182

G1 Z0F20000

(Start Block)


G1X39.9504Y-81.1182
G1Z5F20000
(Plotting speed under)
G1 F4000


G1X36.0215Y-117.8015

G1X76.2637Y-73.4437

G1 Z0F20000

(Start Block)


G1X76.2637Y-73.4437
G1Z5F20000
(Plotting speed under)
G1 F4000


G1X39.9504Y-81.1182

G1X95.2597Y-105.6485

G1 Z0F20000

(Start Block)


G1X95.2597Y-105.6485
G1Z5F20000
(Plotting speed under)
G1 F4000


G1X76.2637Y-73.4437

G1X70.9502Y-133.9944

G1 Z0F20000

(Start Block)


G1X70.9502Y-133.9944
G1Z5F20000
(Plotting speed under)
G1 F4000


G1X95.2597Y-105.6485

G1X36.6477Y-120.0272

G1 Z0F20000

(Start Block)


G1X36.6477Y-120.0272
G1Z5F20000
(Plotting speed under)
G1 F4000


G1X70.9502Y-133.9944

G1X39.3486Y-83.2345

G1 Z0F20000

(Start Block)


G1X39.3486Y-83.2345
G1Z5F20000
(Plotting speed under)
G1 F4000


G1X36.6477Y-120.0272

G1X75.3785Y-74.3601

G1 Z0F20000

(Start Block)


G1X75.3785Y-74.3601
G1Z5F20000
(Plotting speed under)
G1 F4000


G1X39.3486Y-83.2345

G1X95.4238Y-105.9177

G1 Z0F20000

(Start Block)


G1X95.4238Y-105.9177
G1Z5F20000
(Plotting speed under)
G1 F4000


G1X75.3785Y-74.3601

G1X72.0595Y-135.0553

G1 Z0F20000

(Start Block)


G1X72.0595Y-135.0553
G1Z5F20000
(Plotting speed under)
G1 F4000


G1X95.4238Y-105.9177

G1X37.3037Y-122.2346

G1 Z0F20000

(Start Block)


G1X37.3037Y-122.2346
G1Z5F20000
(Plotting speed under)
G1 F4000


G1X72.0595Y-135.0553

G1X38.7735Y-85.3733

G1 Z0F20000

(Start Block)


G1X38.7735Y-85.3733
G1Z5F20000
(Plotting speed under)
G1 F4000


G1X37.3037Y-122.2346

G1X74.4804Y-75.3091

G1 Z0F20000

(Start Block)


G1X74.4804Y-75.3091
G1Z5F20000
(Plotting speed under)
G1 F4000


G1X38.7735Y-85.3733

G1X95.5530Y-106.1849

G1 Z0F20000

(Start Block)


G1X95.5530Y-106.1849
G1Z5F20000
(Plotting speed under)
G1 F4000


G1X74.4804Y-75.3091

G1X73.1595Y-136.0824

G1 Z0F20000

(Start Block)


G1X73.1595Y-136.0824
G1Z5F20000
(Plotting speed under)
G1 F4000


G1X95.5530Y-106.1849

G1X37.9887Y-124.4227

G1 Z0F20000

(Start Block)


G1X37.9887Y-124.4227
G1Z5F20000
(Plotting speed under)
G1 F4000


G1X73.1595Y-136.0824

G1X38.2260Y-87.5336

G1 Z0F20000

(Start Block)


G1X38.2260Y-87.5336
G1Z5F20000
(Plotting speed under)
G1 F4000


G1X37.9887Y-124.4227

G1X73.5706Y-76.2909

G1 Z0F20000

(Start Block)


G1X73.5706Y-76.2909
G1Z5F20000
(Plotting speed under)
G1 F4000


G1X38.2260Y-87.5336

G1X95.6472Y-106.4513

G1 Z0F20000

(Start Block)


G1X95.6472Y-106.4513
G1Z5F20000
(Plotting speed under)
G1 F4000


G1X73.5706Y-76.2909

G1X74.2493Y-137.0761

G1 Z0F20000

(Start Block)


G1X74.2493Y-137.0761
G1Z5F20000
(Plotting speed under)
G1 F4000


G1X95.6472Y-106.4513

G1X38.7023Y-126.5905

G1 Z0F20000

(Start Block)


G1X38.7023Y-126.5905
G1Z5F20000
(Plotting speed under)
G1 F4000


G1X74.2493Y-137.0761

G1X37.7067Y-89.7146

G1 Z0F20000

(Start Block)


G1X37.7067Y-89.7146
G1Z5F20000
(Plotting speed under)
G1 F4000


G1X38.7023Y-126.5905

G1X72.6500Y-77.3061

G1 Z0F20000

(Start Block)


G1X72.6500Y-77.3061
G1Z5F20000
(Plotting speed under)
G1 F4000


G1X37.7067Y-89.7146

G1X95.7065Y-106.7181

G1 Z0F20000

(Start Block)


G1X95.7065Y-106.7181
G1Z5F20000
(Plotting speed under)
G1 F4000


G1X72.6500Y-77.3061

G1X75.3277Y-138.0367

G1 Z0F20000

(Start Block)


G1X75.3277Y-138.0367
G1Z5F20000
(Plotting speed under)
G1 F4000


G1X95.7065Y-106.7181

G1X39.4436Y-128.7370

G1 Z0F20000

(Start Block)


G1X39.4436Y-128.7370
G1Z5F20000
(Plotting speed under)
G1 F4000


G1X75.3277Y-138.0367

G1X37.2163Y-91.9152

G1 Z0F20000

(Start Block)


G1X37.2163Y-91.9152
G1Z5F20000
(Plotting speed under)
G1 F4000


G1X39.4436Y-128.7370

G1X71.7199Y-78.3549

G1 Z0F20000

(Start Block)


G1X71.7199Y-78.3549
G1Z5F20000
(Plotting speed under)
G1 F4000


G1X37.2163Y-91.9152

G1X95.7308Y-106.9864

G1 Z0F20000

(Start Block)


G1X95.7308Y-106.9864
G1Z5F20000
(Plotting speed under)
G1 F4000


G1X71.7199Y-78.3549

G1X76.3937Y-138.9646

G1 Z0F20000

(Start Block)


G1X76.3937Y-138.9646
G1Z5F20000
(Plotting speed under)
G1 F4000


G1X95.7308Y-106.9864

G1X40.2120Y-130.8615

G1 Z0F20000

(Start Block)


G1X40.2120Y-130.8615
G1Z5F20000
(Plotting speed under)
G1 F4000


G1X76.3937Y-138.9646

G1X36.7555Y-94.1345

G1 Z0F20000

(Start Block)


G1X36.7555Y-94.1345
G1Z5F20000
(Plotting speed under)
G1 F4000


G1X40.2120Y-130.8615

G1X70.7814Y-79.4376

G1 Z0F20000

(Start Block)


G1X70.7814Y-79.4376
G1Z5F20000
(Plotting speed under)
G1 F4000


G1X36.7555Y-94.1345

G1X95.7203Y-107.2575

G1 Z0F20000

(Start Block)


G1X95.7203Y-107.2575
G1Z5F20000
(Plotting speed under)
G1 F4000


G1X70.7814Y-79.4376

G1X77.4460Y-139.8604

G1 Z0F20000

(Start Block)


G1X77.4460Y-139.8604
G1Z5F20000
(Plotting speed under)
G1 F4000


G1X95.7203Y-107.2575

G1X41.0067Y-132.9629

G1 Z0F20000

(Start Block)


G1X41.0067Y-132.9629
G1Z5F20000
(Plotting speed under)
G1 F4000


G1X77.4460Y-139.8604

G1X36.3247Y-96.3716

G1 Z0F20000

(Start Block)


G1X36.3247Y-96.3716
G1Z5F20000
(Plotting speed under)
G1 F4000


G1X41.0067Y-132.9629

G1X69.8356Y-80.5545

G1 Z0F20000

(Start Block)


G1X69.8356Y-80.5545
G1Z5F20000
(Plotting speed under)
G1 F4000


G1X36.3247Y-96.3716

G1X95.6751Y-107.5323

G1 Z0F20000

(Start Block)


G1X95.6751Y-107.5323
G1Z5F20000
(Plotting speed under)
G1 F4000


G1X69.8356Y-80.5545

G1X78.4838Y-140.7244

G1 Z0F20000

(Start Block)


G1X78.4838Y-140.7244
G1Z5F20000
(Plotting speed under)
G1 F4000


G1X95.6751Y-107.5323

G1X41.8269Y-135.0404

G1 Z0F20000

(Start Block)


G1X41.8269Y-135.0404
G1Z5F20000
(Plotting speed under)
G1 F4000


G1X78.4838Y-140.7244

G1X35.9247Y-98.6253

G1 Z0F20000

(Start Block)


G1X35.9247Y-98.6253
G1Z5F20000
(Plotting speed under)
G1 F4000


G1X41.8269Y-135.0404

G1X68.8836Y-81.7058

G1 Z0F20000

(Start Block)


G1X68.8836Y-81.7058
G1Z5F20000
(Plotting speed under)
G1 F4000


G1X35.9247Y-98.6253

G1X95.5952Y-107.8122

G1 Z0F20000

(Start Block)


G1X95.5952Y-107.8122
G1Z5F20000
(Plotting speed under)
G1 F4000


G1X68.8836Y-81.7058

G1X79.5060Y-141.5571

G1 Z0F20000

(Start Block)


G1X79.5060Y-141.5571
G1Z5F20000
(Plotting speed under)
G1 F4000


G1X95.5952Y-107.8122

G1X42.6719Y-137.0932

G1 Z0F20000

(Start Block)


G1X42.6719Y-137.0932
G1Z5F20000
(Plotting speed under)
G1 F4000


G1X79.5060Y-141.5571

G1X35.5560Y-100.8947

G1 Z0F20000

(Start Block)


G1X35.5560Y-100.8947
G1Z5F20000
(Plotting speed under)
G1 F4000


G1X42.6719Y-137.0932

G1X67.9265Y-82.8917

G1 Z0F20000

(Start Block)


G1X67.9265Y-82.8917
G1Z5F20000
(Plotting speed under)
G1 F4000


G1X35.5560Y-100.8947

G1X95.4809Y-108.0982

G1 Z0F20000

(Start Block)


G1X95.4809Y-108.0982
G1Z5F20000
(Plotting speed under)
G1 F4000


G1X67.9265Y-82.8917

G1X80.5114Y-142.3590

G1 Z0F20000

(Start Block)


G1X80.5114Y-142.3590
G1Z5F20000
(Plotting speed under)
G1 F4000


G1X95.4809Y-108.0982

G1X43.5408Y-139.1205

G1 Z0F20000

(Start Block)


G1X43.5408Y-139.1205
G1Z5F20000
(Plotting speed under)
G1 F4000


G1X80.5114Y-142.3590

G1X35.2190Y-103.1788

G1 Z0F20000

(Start Block)


G1X35.2190Y-103.1788
G1Z5F20000
(Plotting speed under)
G1 F4000


G1X43.5408Y-139.1205

G1X66.9657Y-84.1124

G1 Z0F20000

(Start Block)


G1X66.9657Y-84.1124
G1Z5F20000
(Plotting speed under)
G1 F4000


G1X35.2190Y-103.1788

G1X95.3324Y-108.3915

G1 Z0F20000

(Start Block)


G1X95.3324Y-108.3915
G1Z5F20000
(Plotting speed under)
G1 F4000


G1X66.9657Y-84.1124

G1X81.4992Y-143.1309

G1 Z0F20000

(Start Block)


G1X81.4992Y-143.1309
G1Z5F20000
(Plotting speed under)
G1 F4000


G1X95.3324Y-108.3915

G1X44.4327Y-141.1215

G1 Z0F20000

(Start Block)


G1X44.4327Y-141.1215
G1Z5F20000
(Plotting speed under)
G1 F4000


G1X81.4992Y-143.1309

G1X34.9142Y-105.4764

G1 Z0F20000

(Start Block)


G1X34.9142Y-105.4764
G1Z5F20000
(Plotting speed under)
G1 F4000


G1X44.4327Y-141.1215

G1X66.0020Y-85.3679

G1 Z0F20000

(Start Block)


G1X66.0020Y-85.3679
G1Z5F20000
(Plotting speed under)
G1 F4000


G1X34.9142Y-105.4764

G1X95.1500Y-108.6932

G1 Z0F20000

(Start Block)


G1X95.1500Y-108.6932
G1Z5F20000
(Plotting speed under)
G1 F4000


G1X66.0020Y-85.3679

G1X82.4682Y-143.8731

G1 Z0F20000

(Start Block)


G1X82.4682Y-143.8731
G1Z5F20000
(Plotting speed under)
G1 F4000


G1X95.1500Y-108.6932

G1X45.3467Y-143.0954

G1 Z0F20000

(Start Block)


G1X45.3467Y-143.0954
G1Z5F20000
(Plotting speed under)
G1 F4000


G1X82.4682Y-143.8731

G1X34.6421Y-107.7865

G1 Z0F20000

(Start Block)


G1X34.6421Y-107.7865
G1Z5F20000
(Plotting speed under)
G1 F4000


G1X45.3467Y-143.0954

G1X65.0369Y-86.6583

G1 Z0F20000

(Start Block)


G1X65.0369Y-86.6583
G1Z5F20000
(Plotting speed under)
G1 F4000


G1X34.6421Y-107.7865

G1X94.9339Y-109.0044

G1 Z0F20000

(Start Block)


G1X94.9339Y-109.0044
G1Z5F20000
(Plotting speed under)
G1 F4000


G1X65.0369Y-86.6583

G1X83.4177Y-144.5865

G1 Z0F20000

(Start Block)


G1X83.4177Y-144.5865
G1Z5F20000
(Plotting speed under)
G1 F4000


G1X94.9339Y-109.0044

G1X46.2820Y-145.0416

G1 Z0F20000

(Start Block)


G1X46.2820Y-145.0416
G1Z5F20000
(Plotting speed under)
G1 F4000


G1X83.4177Y-144.5865

G1X34.4030Y-110.1080

G1 Z0F20000

(Start Block)


G1X34.4030Y-110.1080
G1Z5F20000
(Plotting speed under)
G1 F4000


G1X46.2820Y-145.0416

G1X64.0713Y-87.9838

G1 Z0F20000

(Start Block)


G1X64.0713Y-87.9838
G1Z5F20000
(Plotting speed under)
G1 F4000


G1X34.4030Y-110.1080

G1X94.6846Y-109.3263

G1 Z0F20000

(Start Block)


G1X94.6846Y-109.3263
G1Z5F20000
(Plotting speed under)
G1 F4000


G1X64.0713Y-87.9838

G1X84.3465Y-145.2716

G1 Z0F20000

(Start Block)


G1X84.3465Y-145.2716
G1Z5F20000
(Plotting speed under)
G1 F4000


G1X94.6846Y-109.3263

G1X47.2376Y-146.9593

G1 Z0F20000

(Start Block)


G1X47.2376Y-146.9593
G1Z5F20000
(Plotting speed under)
G1 F4000


G1X84.3465Y-145.2716

G1X34.1974Y-112.4399

G1 Z0F20000

(Start Block)


G1X34.1974Y-112.4399
G1Z5F20000
(Plotting speed under)
G1 F4000


G1X47.2376Y-146.9593

G1X63.1065Y-89.3441

G1 Z0F20000

(Start Block)


G1X63.1065Y-89.3441
G1Z5F20000
(Plotting speed under)
G1 F4000


G1X34.1974Y-112.4399

G1X94.4023Y-109.6599

G1 Z0F20000

(Start Block)


G1X94.4023Y-109.6599
G1Z5F20000
(Plotting speed under)
G1 F4000


G1X63.1065Y-89.3441

G1X85.2538Y-145.9292

G1 Z0F20000

(Start Block)


G1X85.2538Y-145.9292
G1Z5F20000
(Plotting speed under)
G1 F4000


G1X94.4023Y-109.6599

G1X48.2126Y-148.8479

G1 Z0F20000

(Start Block)


G1X48.2126Y-148.8479
G1Z5F20000
(Plotting speed under)
G1 F4000


G1X85.2538Y-145.9292

G1X34.0254Y-114.7809

G1 Z0F20000

(Start Block)


G1X34.0254Y-114.7809
G1Z5F20000
(Plotting speed under)
G1 F4000


G1X48.2126Y-148.8479

G1X62.1436Y-90.7394

G1 Z0F20000

(Start Block)


G1X62.1436Y-90.7394
G1Z5F20000
(Plotting speed under)
G1 F4000


G1X34.0254Y-114.7809

G1X94.0875Y-110.0063

G1 Z0F20000

(Start Block)


G1X94.0875Y-110.0063
G1Z5F20000
(Plotting speed under)
G1 F4000


G1X62.1436Y-90.7394

G1X86.1386Y-146.5599

G1 Z0F20000

(Start Block)


G1X86.1386Y-146.5599
G1Z5F20000
(Plotting speed under)
G1 F4000


G1X94.0875Y-110.0063

G1X49.2060Y-150.7068

G1 Z0F20000

(Start Block)


G1X49.2060Y-150.7068
G1Z5F20000
(Plotting speed under)
G1 F4000


G1X86.1386Y-146.5599

G1X33.8875Y-117.1299

G1 Z0F20000

(Start Block)


G1X33.8875Y-117.1299
G1Z5F20000
(Plotting speed under)
G1 F4000


G1X49.2060Y-150.7068

G1X61.1838Y-92.1695

G1 Z0F20000

(Start Block)


G1X61.1838Y-92.1695
G1Z5F20000
(Plotting speed under)
G1 F4000


G1X33.8875Y-117.1299

G1X93.7406Y-110.3667

G1 Z0F20000

(Start Block)


G1X93.7406Y-110.3667
G1Z5F20000
(Plotting speed under)
G1 F4000


G1X61.1838Y-92.1695

G1X87.0002Y-147.1646

G1 Z0F20000

(Start Block)


G1X87.0002Y-147.1646
G1Z5F20000
(Plotting speed under)
G1 F4000


G1X93.7406Y-110.3667

G1X50.2167Y-152.5353

G1 Z0F20000

(Start Block)


G1X50.2167Y-152.5353
G1Z5F20000
(Plotting speed under)
G1 F4000


G1X87.0002Y-147.1646

G1X33.7839Y-119.4859

G1 Z0F20000

(Start Block)


G1X33.7839Y-119.4859
G1Z5F20000
(Plotting speed under)
G1 F4000


G1X50.2167Y-152.5353

G1X60.2282Y-93.6343

G1 Z0F20000

(Start Block)


G1X60.2282Y-93.6343
G1Z5F20000
(Plotting speed under)
G1 F4000


G1X33.7839Y-119.4859

G1X93.3621Y-110.7420

G1 Z0F20000

(Start Block)


G1X93.3621Y-110.7420
G1Z5F20000
(Plotting speed under)
G1 F4000


G1X60.2282Y-93.6343

G1X87.8376Y-147.7440

G1 Z0F20000

(Start Block)


G1X87.8376Y-147.7440
G1Z5F20000
(Plotting speed under)
G1 F4000


G1X93.3621Y-110.7420

G1X51.2438Y-154.3330

G1 Z0F20000

(Start Block)


G1X51.2438Y-154.3330
G1Z5F20000
(Plotting speed under)
G1 F4000


G1X87.8376Y-147.7440

G1X33.7147Y-121.8477

G1 Z0F20000

(Start Block)


G1X33.7147Y-121.8477
G1Z5F20000
(Plotting speed under)
G1 F4000


G1X51.2438Y-154.3330

G1X59.2780Y-95.1336

G1 Z0F20000

(Start Block)


G1X59.2780Y-95.1336
G1Z5F20000
(Plotting speed under)
G1 F4000


G1X33.7147Y-121.8477

G1X92.9525Y-111.1333

G1 Z0F20000

(Start Block)


G1X92.9525Y-111.1333
G1Z5F20000
(Plotting speed under)
G1 F4000


G1X59.2780Y-95.1336

G1X88.6500Y-148.2990

G1 Z0F20000

(Start Block)


G1X88.6500Y-148.2990
G1Z5F20000
(Plotting speed under)
G1 F4000


G1X92.9525Y-111.1333

G1X52.2862Y-156.0992

G1 Z0F20000

(Start Block)


G1X52.2862Y-156.0992
G1Z5F20000
(Plotting speed under)
G1 F4000


G1X88.6500Y-148.2990

G1X33.6802Y-124.2142

G1 Z0F20000

(Start Block)


G1X33.6802Y-124.2142
G1Z5F20000
(Plotting speed under)
G1 F4000


G1X52.2862Y-156.0992

G1X58.3343Y-96.6673

G1 Z0F20000

(Start Block)


G1X58.3343Y-96.6673
G1Z5F20000
(Plotting speed under)
G1 F4000


G1X33.6802Y-124.2142

G1X92.5124Y-111.5416

G1 Z0F20000

(Start Block)


G1X92.5124Y-111.5416
G1Z5F20000
(Plotting speed under)
G1 F4000


G1X58.3343Y-96.6673

G1X89.4366Y-148.8303

G1 Z0F20000

(Start Block)


G1X89.4366Y-148.8303
G1Z5F20000
(Plotting speed under)
G1 F4000


G1X92.5124Y-111.5416

G1X53.3429Y-157.8335

G1 Z0F20000

(Start Block)


G1X53.3429Y-157.8335
G1Z5F20000
(Plotting speed under)
G1 F4000


G1X89.4366Y-148.8303

G1X33.6805Y-126.5841

G1 Z0F20000

(Start Block)


G1X33.6805Y-126.5841
G1Z5F20000
(Plotting speed under)
G1 F4000


G1X53.3429Y-157.8335

G1X57.3983Y-98.2351

G1 Z0F20000

(Start Block)


G1X57.3983Y-98.2351
G1Z5F20000
(Plotting speed under)
G1 F4000


G1X33.6805Y-126.5841

G1X92.0423Y-111.9679

G1 Z0F20000

(Start Block)


G1X92.0423Y-111.9679
G1Z5F20000
(Plotting speed under)
G1 F4000


G1X57.3983Y-98.2351

G1X90.1967Y-149.3389

G1 Z0F20000

(Start Block)


G1X90.1967Y-149.3389
G1Z5F20000
(Plotting speed under)
G1 F4000


G1X92.0423Y-111.9679

G1X54.4128Y-159.5354

G1 Z0F20000

(Start Block)


G1X54.4128Y-159.5354
G1Z5F20000
(Plotting speed under)
G1 F4000


G1X90.1967Y-149.3389

G1X33.7157Y-128.9563

G1 Z0F20000

(Start Block)


G1X33.7157Y-128.9563
G1Z5F20000
(Plotting speed under)
G1 F4000


G1X54.4128Y-159.5354

G1X56.4710Y-99.8368

G1 Z0F20000

(Start Block)


G1X56.4710Y-99.8368
G1Z5F20000
(Plotting speed under)
G1 F4000


G1X33.7157Y-128.9563

G1X91.5429Y-112.4133

G1 Z0F20000

(Start Block)


G1X91.5429Y-112.4133
G1Z5F20000
(Plotting speed under)
G1 F4000


G1X56.4710Y-99.8368

G1X90.9295Y-149.8257

G1 Z0F20000

(Start Block)


G1X90.9295Y-149.8257
G1Z5F20000
(Plotting speed under)
G1 F4000


G1X91.5429Y-112.4133

G1X55.4949Y-161.2045

G1 Z0F20000

(Start Block)


G1X55.4949Y-161.2045
G1Z5F20000
(Plotting speed under)
G1 F4000


G1X90.9295Y-149.8257

G1X33.7858Y-131.3297

G1 Z0F20000

(Start Block)


G1X33.7858Y-131.3297
G1Z5F20000
(Plotting speed under)
G1 F4000


G1X55.4949Y-161.2045

G1X55.5537Y-101.4720

G1 Z0F20000

(Start Block)


G1X55.5537Y-101.4720
G1Z5F20000
(Plotting speed under)
G1 F4000


G1X33.7858Y-131.3297

G1X91.0148Y-112.8786

G1 Z0F20000

(Start Block)


G1X91.0148Y-112.8786
G1Z5F20000
(Plotting speed under)
G1 F4000


G1X55.5537Y-101.4720

G1X91.6343Y-150.2915

G1 Z0F20000

(Start Block)


G1X91.6343Y-150.2915
G1Z5F20000
(Plotting speed under)
G1 F4000


G1X91.0148Y-112.8786

G1X56.5880Y-162.8405

G1 Z0F20000

(Start Block)


G1X56.5880Y-162.8405
G1Z5F20000
(Plotting speed under)
G1 F4000


G1X91.6343Y-150.2915

G1X33.8908Y-133.7032

G1 Z0F20000

(Start Block)


G1X33.8908Y-133.7032
G1Z5F20000
(Plotting speed under)
G1 F4000


G1X56.5880Y-162.8405

G1X54.6474Y-103.1403

G1 Z0F20000

(Start Block)


G1X54.6474Y-103.1403
G1Z5F20000
(Plotting speed under)
G1 F4000


G1X33.8908Y-133.7032

G1X90.4586Y-113.3649

G1 Z0F20000

(Start Block)


G1X90.4586Y-113.3649
G1Z5F20000
(Plotting speed under)
G1 F4000


G1X54.6474Y-103.1403

G1X92.3104Y-150.7373

G1 Z0F20000

(Start Block)


G1X92.3104Y-150.7373
G1Z5F20000
(Plotting speed under)
G1 F4000


G1X90.4586Y-113.3649

G1X57.6910Y-164.4429

G1 Z0F20000

(Start Block)


G1X57.6910Y-164.4429
G1Z5F20000
(Plotting speed under)
G1 F4000


G1X92.3104Y-150.7373

G1X34.0308Y-136.0755

G1 Z0F20000

(Start Block)


G1X34.0308Y-136.0755
G1Z5F20000
(Plotting speed under)
G1 F4000


G1X57.6910Y-164.4429

G1X53.7531Y-104.8415

G1 Z0F20000

(Start Block)


G1X53.7531Y-104.8415
G1Z5F20000
(Plotting speed under)
G1 F4000


G1X34.0308Y-136.0755

G1X89.8752Y-113.8729

G1 Z0F20000

(Start Block)


G1X89.8752Y-113.8729
G1Z5F20000
(Plotting speed under)
G1 F4000


G1X53.7531Y-104.8415

G1X92.9571Y-151.1641

G1 Z0F20000

(Start Block)


G1X92.9571Y-151.1641
G1Z5F20000
(Plotting speed under)
G1 F4000


G1X89.8752Y-113.8729

G1X58.8028Y-166.0116

G1 Z0F20000

(Start Block)


G1X58.8028Y-166.0116
G1Z5F20000
(Plotting speed under)
G1 F4000


G1X92.9571Y-151.1641

G1X34.2057Y-138.4454

G1 Z0F20000

(Start Block)


G1X34.2057Y-138.4454
G1Z5F20000
(Plotting speed under)
G1 F4000


G1X58.8028Y-166.0116

G1X52.8721Y-106.5750

G1 Z0F20000

(Start Block)


G1X52.8721Y-106.5750
G1Z5F20000
(Plotting speed under)
G1 F4000


G1X34.2057Y-138.4454

G1X89.2652Y-114.4037

G1 Z0F20000

(Start Block)


G1X89.2652Y-114.4037
G1Z5F20000
(Plotting speed under)
G1 F4000


G1X52.8721Y-106.5750

G1X93.5740Y-151.5728

G1 Z0F20000

(Start Block)


G1X93.5740Y-151.5728
G1Z5F20000
(Plotting speed under)
G1 F4000


G1X89.2652Y-114.4037

G1X59.9223Y-167.5461

G1 Z0F20000

(Start Block)


G1X59.9223Y-167.5461
G1Z5F20000
(Plotting speed under)
G1 F4000


G1X93.5740Y-151.5728

G1X34.4154Y-140.8120

G1 Z0F20000

(Start Block)


G1X34.4154Y-140.8120
G1Z5F20000
(Plotting speed under)
G1 F4000


G1X59.9223Y-167.5461

G1X52.0053Y-108.3405

G1 Z0F20000

(Start Block)


G1X52.0053Y-108.3405
G1Z5F20000
(Plotting speed under)
G1 F4000


G1X34.4154Y-140.8120

G1X88.6294Y-114.9581

G1 Z0F20000

(Start Block)


G1X88.6294Y-114.9581
G1Z5F20000
(Plotting speed under)
G1 F4000


G1X52.0053Y-108.3405

G1X94.1603Y-151.9645

G1 Z0F20000

(Start Block)


G1X94.1603Y-151.9645
G1Z5F20000
(Plotting speed under)
G1 F4000


G1X88.6294Y-114.9581

G1X61.0484Y-169.0462

G1 Z0F20000

(Start Block)


G1X61.0484Y-169.0462
G1Z5F20000
(Plotting speed under)
G1 F4000


G1X94.1603Y-151.9645

G1X34.6598Y-143.1739

G1 Z0F20000

(Start Block)


G1X34.6598Y-143.1739
G1Z5F20000
(Plotting speed under)
G1 F4000


G1X61.0484Y-169.0462

G1X51.1539Y-110.1374

G1 Z0F20000

(Start Block)


G1X51.1539Y-110.1374
G1Z5F20000
(Plotting speed under)
G1 F4000


G1X34.6598Y-143.1739

G1X87.9686Y-115.5369

G1 Z0F20000

(Start Block)


G1X87.9686Y-115.5369
G1Z5F20000
(Plotting speed under)
G1 F4000


G1X51.1539Y-110.1374

G1X94.7155Y-152.3402

G1 Z0F20000

(Start Block)


G1X94.7155Y-152.3402
G1Z5F20000
(Plotting speed under)
G1 F4000


G1X87.9686Y-115.5369

G1X62.1799Y-170.5119

G1 Z0F20000

(Start Block)


G1X62.1799Y-170.5119
G1Z5F20000
(Plotting speed under)
G1 F4000


G1X94.7155Y-152.3402

G1X34.9386Y-145.5300

G1 Z0F20000

(Start Block)


G1X34.9386Y-145.5300
G1Z5F20000
(Plotting speed under)
G1 F4000


G1X62.1799Y-170.5119

G1X50.3188Y-111.9652

G1 Z0F20000

(Start Block)


G1X50.3188Y-111.9652
G1Z5F20000
(Plotting speed under)
G1 F4000


G1X34.9386Y-145.5300

G1X87.2836Y-116.1410

G1 Z0F20000

(Start Block)


G1X87.2836Y-116.1410
G1Z5F20000
(Plotting speed under)
G1 F4000


G1X50.3188Y-111.9652

G1X95.2392Y-152.7009

G1 Z0F20000

(Start Block)


G1X95.2392Y-152.7009
G1Z5F20000
(Plotting speed under)
G1 F4000


G1X87.2836Y-116.1410

G1X63.3156Y-171.9428

G1 Z0F20000

(Start Block)


G1X63.3156Y-171.9428
G1Z5F20000
(Plotting speed under)
G1 F4000


G1X95.2392Y-152.7009

G1X35.2517Y-147.8793

G1 Z0F20000

(Start Block)


G1X35.2517Y-147.8793
G1Z5F20000
(Plotting speed under)
G1 F4000


G1X63.3156Y-171.9428

G1X49.5010Y-113.8233

G1 Z0F20000

(Start Block)


G1X49.5010Y-113.8233
G1Z5F20000
(Plotting speed under)
G1 F4000


G1X35.2517Y-147.8793

G1X86.5752Y-116.7711

G1 Z0F20000

(Start Block)


G1X86.5752Y-116.7711
G1Z5F20000
(Plotting speed under)
G1 F4000


G1X49.5010Y-113.8233

G1X95.7307Y-153.0476

G1 Z0F20000

(Start Block)


G1X95.7307Y-153.0476
G1Z5F20000
(Plotting speed under)
G1 F4000


G1X86.5752Y-116.7711

G1X64.4544Y-173.3389

G1 Z0F20000

(Start Block)


G1X64.4544Y-173.3389
G1Z5F20000
(Plotting speed under)
G1 F4000


G1X95.7307Y-153.0476

G1X35.5988Y-150.2205

G1 Z0F20000

(Start Block)


G1X35.5988Y-150.2205
G1Z5F20000
(Plotting speed under)
G1 F4000


G1X64.4544Y-173.3389

G1X48.7016Y-115.7112

G1 Z0F20000

(Start Block)


G1X48.7016Y-115.7112
G1Z5F20000
(Plotting speed under)
G1 F4000


G1X35.5988Y-150.2205

G1X85.8445Y-117.4281

G1 Z0F20000

(Start Block)


G1X85.8445Y-117.4281
G1Z5F20000
(Plotting speed under)
G1 F4000


G1X48.7016Y-115.7112

G1X96.1898Y-153.3815

G1 Z0F20000

(Start Block)


G1X96.1898Y-153.3815
G1Z5F20000
(Plotting speed under)
G1 F4000


G1X85.8445Y-117.4281

G1X65.5952Y-174.7001

G1 Z0F20000

(Start Block)


G1X65.5952Y-174.7001
G1Z5F20000
(Plotting speed under)
G1 F4000


G1X96.1898Y-153.3815

G1X35.9797Y-152.5525

G1 Z0F20000

(Start Block)


G1X35.9797Y-152.5525
G1Z5F20000
(Plotting speed under)
G1 F4000


G1X65.5952Y-174.7001

G1X47.9215Y-117.6283

G1 Z0F20000

(Start Block)


G1X47.9215Y-117.6283
G1Z5F20000
(Plotting speed under)
G1 F4000


G1X35.9797Y-152.5525

G1X85.0922Y-118.1125

G1 Z0F20000

(Start Block)


G1X85.0922Y-118.1125
G1Z5F20000
(Plotting speed under)
G1 F4000


G1X47.9215Y-117.6283

G1X96.6159Y-153.7037

G1 Z0F20000

(Start Block)


G1X96.6159Y-153.7037
G1Z5F20000
(Plotting speed under)
G1 F4000


G1X85.0922Y-118.1125

G1X66.7368Y-176.0263

G1 Z0F20000

(Start Block)


G1X66.7368Y-176.0263
G1Z5F20000
(Plotting speed under)
G1 F4000


G1X96.6159Y-153.7037

G1X36.3940Y-154.8743

G1 Z0F20000

(Start Block)


G1X36.3940Y-154.8743
G1Z5F20000
(Plotting speed under)
G1 F4000


G1X66.7368Y-176.0263

G1X47.1617Y-119.5738

G1 Z0F20000

(Start Block)


G1X47.1617Y-119.5738
G1Z5F20000
(Plotting speed under)
G1 F4000


G1X36.3940Y-154.8743

G1X84.3192Y-118.8252

G1 Z0F20000

(Start Block)


G1X84.3192Y-118.8252
G1Z5F20000
(Plotting speed under)
G1 F4000


G1X47.1617Y-119.5738

G1X97.0088Y-154.0151

G1 Z0F20000

(Start Block)


G1X97.0088Y-154.0151
G1Z5F20000
(Plotting speed under)
G1 F4000


G1X84.3192Y-118.8252

G1X67.8780Y-177.3176

G1 Z0F20000

(Start Block)


G1X67.8780Y-177.3176
G1Z5F20000
(Plotting speed under)
G1 F4000


G1X97.0088Y-154.0151

G1X36.8413Y-157.1847

G1 Z0F20000

(Start Block)


G1X36.8413Y-157.1847
G1Z5F20000
(Plotting speed under)
G1 F4000


G1X67.8780Y-177.3176

G1X46.4231Y-121.5471

G1 Z0F20000

(Start Block)


G1X46.4231Y-121.5471
G1Z5F20000
(Plotting speed under)
G1 F4000


G1X36.8413Y-157.1847

G1X83.5266Y-119.5668

G1 Z0F20000

(Start Block)


G1X83.5266Y-119.5668
G1Z5F20000
(Plotting speed under)
G1 F4000


G1X46.4231Y-121.5471

G1X97.3680Y-154.3170

G1 Z0F20000

(Start Block)


G1X97.3680Y-154.3170
G1Z5F20000
(Plotting speed under)
G1 F4000


G1X83.5266Y-119.5668

G1X69.0176Y-178.5739

G1 Z0F20000

(Start Block)


G1X69.0176Y-178.5739
G1Z5F20000
(Plotting speed under)
G1 F4000


G1X97.3680Y-154.3170

G1X37.3213Y-159.4826

G1 Z0F20000

(Start Block)


G1X37.3213Y-159.4826
G1Z5F20000
(Plotting speed under)
G1 F4000


G1X69.0176Y-178.5739

G1X45.7067Y-123.5475

G1 Z0F20000

(Start Block)


G1X45.7067Y-123.5475
G1Z5F20000
(Plotting speed under)
G1 F4000


G1X37.3213Y-159.4826

G1X82.7153Y-120.3379

G1 Z0F20000

(Start Block)


G1X82.7153Y-120.3379
G1Z5F20000
(Plotting speed under)
G1 F4000


G1X45.7067Y-123.5475

G1X97.6933Y-154.6105

G1 Z0F20000

(Start Block)


G1X97.6933Y-154.6105
G1Z5F20000
(Plotting speed under)
G1 F4000


G1X82.7153Y-120.3379

G1X70.1546Y-179.7954

G1 Z0F20000

(Start Block)


G1X70.1546Y-179.7954
G1Z5F20000
(Plotting speed under)
G1 F4000


G1X97.6933Y-154.6105

G1X37.8336Y-161.7670

G1 Z0F20000

(Start Block)


G1X37.8336Y-161.7670
G1Z5F20000
(Plotting speed under)
G1 F4000


G1X70.1546Y-179.7954

G1X45.0132Y-125.5742

G1 Z0F20000

(Start Block)


G1X45.0132Y-125.5742
G1Z5F20000
(Plotting speed under)
G1 F4000


G1X37.8336Y-161.7670

G1X81.8862Y-121.1392

G1 Z0F20000

(Start Block)


G1X81.8862Y-121.1392
G1Z5F20000
(Plotting speed under)
G1 F4000


G1X45.0132Y-125.5742

G1X97.9844Y-154.8967

G1 Z0F20000

(Start Block)


G1X97.9844Y-154.8967
G1Z5F20000
(Plotting speed under)
G1 F4000


G1X81.8862Y-121.1392

G1X71.2877Y-180.9821

G1 Z0F20000

(Start Block)


G1X71.2877Y-180.9821
G1Z5F20000
(Plotting speed under)
G1 F4000


G1X97.9844Y-154.8967

G1X38.3776Y-164.0368

G1 Z0F20000

(Start Block)


G1X38.3776Y-164.0368
G1Z5F20000
(Plotting speed under)
G1 F4000


G1X71.2877Y-180.9821

G1X44.3437Y-127.6264

G1 Z0F20000

(Start Block)


G1X44.3437Y-127.6264
G1Z5F20000
(Plotting speed under)
G1 F4000


G1X38.3776Y-164.0368

G1X81.0405Y-121.9712

G1 Z0F20000

(Start Block)


G1X81.0405Y-121.9712
G1Z5F20000
(Plotting speed under)
G1 F4000


G1X44.3437Y-127.6264

G1X98.2411Y-155.1766

G1 Z0F20000

(Start Block)


G1X98.2411Y-155.1766
G1Z5F20000
(Plotting speed under)
G1 F4000


G1X81.0405Y-121.9712

G1X72.4159Y-182.1343

G1 Z0F20000

(Start Block)


G1X72.4159Y-182.1343
G1Z5F20000
(Plotting speed under)
G1 F4000


G1X98.2411Y-155.1766

G1X38.9528Y-166.2909

G1 Z0F20000

(Start Block)


G1X38.9528Y-166.2909
G1Z5F20000
(Plotting speed under)
G1 F4000


G1X72.4159Y-182.1343

G1X43.6988Y-129.7033

G1 Z0F20000

(Start Block)


G1X43.6988Y-129.7033
G1Z5F20000
(Plotting speed under)
G1 F4000


G1X38.9528Y-166.2909

G1X80.1790Y-122.8344

G1 Z0F20000

(Start Block)


G1X80.1790Y-122.8344
G1Z5F20000
(Plotting speed under)
G1 F4000


G1X43.6988Y-129.7033

G1X98.4632Y-155.4516

G1 Z0F20000

(Start Block)


G1X98.4632Y-155.4516
G1Z5F20000
(Plotting speed under)
G1 F4000


G1X80.1790Y-122.8344

G1X73.5379Y-183.2520

G1 Z0F20000

(Start Block)


G1X73.5379Y-183.2520
G1Z5F20000
(Plotting speed under)
G1 F4000


G1X98.4632Y-155.4516

G1X39.5588Y-168.5284

G1 Z0F20000

(Start Block)


G1X39.5588Y-168.5284
G1Z5F20000
(Plotting speed under)
G1 F4000


G1X73.5379Y-183.2520

G1X43.0795Y-131.8042

G1 Z0F20000

(Start Block)


G1X43.0795Y-131.8042
G1Z5F20000
(Plotting speed under)
G1 F4000


G1X39.5588Y-168.5284

G1X79.3030Y-123.7294

G1 Z0F20000

(Start Block)


G1X79.3030Y-123.7294
G1Z5F20000
(Plotting speed under)
G1 F4000


G1X43.0795Y-131.8042

G1X98.6505Y-155.7227

G1 Z0F20000

(Start Block)


G1X98.6505Y-155.7227
G1Z5F20000
(Plotting speed under)
G1 F4000


G1X79.3030Y-123.7294

G1X74.6526Y-184.3355

G1 Z0F20000

(Start Block)


G1X74.6526Y-184.3355
G1Z5F20000
(Plotting speed under)
G1 F4000


G1X98.6505Y-155.7227

G1X40.1950Y-170.7481

G1 Z0F20000

(Start Block)


G1X40.1950Y-170.7481
G1Z5F20000
(Plotting speed under)
G1 F4000


G1X74.6526Y-184.3355

G1X42.4865Y-133.9281

G1 Z0F20000

(Start Block)


G1X42.4865Y-133.9281
G1Z5F20000
(Plotting speed under)
G1 F4000


G1X40.1950Y-170.7481

G1X78.4133Y-124.6566

G1 Z0F20000

(Start Block)


G1X78.4133Y-124.6566
G1Z5F20000
(Plotting speed under)
G1 F4000


G1X42.4865Y-133.9281

G1X98.8030Y-155.9911

G1 Z0F20000

(Start Block)


G1X98.8030Y-155.9911
G1Z5F20000
(Plotting speed under)
G1 F4000


G1X78.4133Y-124.6566

G1X75.7589Y-185.3851

G1 Z0F20000

(Start Block)


G1X75.7589Y-185.3851
G1Z5F20000
(Plotting speed under)
G1 F4000


G1X98.8030Y-155.9911

G1X40.8607Y-172.9492

G1 Z0F20000

(Start Block)


G1X40.8607Y-172.9492
G1Z5F20000
(Plotting speed under)
G1 F4000


G1X75.7589Y-185.3851

G1X41.9205Y-136.0741

G1 Z0F20000

(Start Block)


G1X41.9205Y-136.0741
G1Z5F20000
(Plotting speed under)
G1 F4000


G1X40.8607Y-172.9492

G1X77.5112Y-125.6164

G1 Z0F20000

(Start Block)


G1X77.5112Y-125.6164
G1Z5F20000
(Plotting speed under)
G1 F4000


G1X41.9205Y-136.0741

G1X98.9205Y-156.2579

G1 Z0F20000

(Start Block)


G1X98.9205Y-156.2579
G1Z5F20000
(Plotting speed under)
G1 F4000


G1X77.5112Y-125.6164

G1X76.8556Y-186.4010

G1 Z0F20000

(Start Block)


G1X76.8556Y-186.4010
G1Z5F20000
(Plotting speed under)
G1 F4000


G1X98.9205Y-156.2579

G1X41.5553Y-175.1306

G1 Z0F20000

(Start Block)


G1X41.5553Y-175.1306
G1Z5F20000
(Plotting speed under)
G1 F4000


G1X76.8556Y-186.4010

G1X41.3823Y-138.2414

G1 Z0F20000

(Start Block)


G1X41.3823Y-138.2414
G1Z5F20000
(Plotting speed under)
G1 F4000


G1X41.5553Y-175.1306

G1X76.5977Y-126.6093

G1 Z0F20000

(Start Block)


G1X76.5977Y-126.6093
G1Z5F20000
(Plotting speed under)
G1 F4000


G1X41.3823Y-138.2414

G1X99.0031Y-156.5243

G1 Z0F20000

(Start Block)


G1X99.0031Y-156.5243
G1Z5F20000
(Plotting speed under)
G1 F4000


G1X76.5977Y-126.6093

G1X77.9417Y-187.3837

G1 Z0F20000

(Start Block)


G1X77.9417Y-187.3837
G1Z5F20000
(Plotting speed under)
G1 F4000


G1X99.0031Y-156.5243

G1X42.2782Y-177.2915

G1 Z0F20000

(Start Block)


G1X42.2782Y-177.2915
G1Z5F20000
(Plotting speed under)
G1 F4000


G1X77.9417Y-187.3837

G1X40.8726Y-140.4290

G1 Z0F20000

(Start Block)


G1X40.8726Y-140.4290
G1Z5F20000
(Plotting speed under)
G1 F4000


G1X42.2782Y-177.2915

G1X75.6739Y-127.6356

G1 Z0F20000

(Start Block)


G1X75.6739Y-127.6356
G1Z5F20000
(Plotting speed under)
G1 F4000


G1X40.8726Y-140.4290

G1X99.0508Y-156.7915

G1 Z0F20000

(Start Block)


G1X99.0508Y-156.7915
G1Z5F20000
(Plotting speed under)
G1 F4000


G1X75.6739Y-127.6356

G1X79.0161Y-188.3334

G1 Z0F20000

(Start Block)


G1X79.0161Y-188.3334
G1Z5F20000
(Plotting speed under)
G1 F4000


G1X99.0508Y-156.7915

G1X43.0285Y-179.4308

G1 Z0F20000

(Start Block)


G1X43.0285Y-179.4308
G1Z5F20000
(Plotting speed under)
G1 F4000


G1X79.0161Y-188.3334

G1X40.3919Y-142.6359

G1 Z0F20000

(Start Block)


G1X40.3919Y-142.6359
G1Z5F20000
(Plotting speed under)
G1 F4000


G1X43.0285Y-179.4308

G1X74.7408Y-128.6957

G1 Z0F20000

(Start Block)


G1X74.7408Y-128.6957
G1Z5F20000
(Plotting speed under)
G1 F4000


G1X40.3919Y-142.6359

G1X99.0635Y-157.0606

G1 Z0F20000

(Start Block)


G1X99.0635Y-157.0606
G1Z5F20000
(Plotting speed under)
G1 F4000


G1X74.7408Y-128.6957

G1X80.0777Y-189.2506

G1 Z0F20000

(Start Block)


G1X80.0777Y-189.2506
G1Z5F20000
(Plotting speed under)
G1 F4000


G1X99.0635Y-157.0606

G1X43.8058Y-181.5476

G1 Z0F20000

(Start Block)


G1X43.8058Y-181.5476
G1Z5F20000
(Plotting speed under)
G1 F4000


G1X80.0777Y-189.2506

G1X39.9411Y-144.8613

G1 Z0F20000

(Start Block)


G1X39.9411Y-144.8613
G1Z5F20000
(Plotting speed under)
G1 F4000


G1X43.8058Y-181.5476

G1X73.7998Y-129.7897

G1 Z0F20000

(Start Block)


G1X73.7998Y-129.7897
G1Z5F20000
(Plotting speed under)
G1 F4000


G1X39.9411Y-144.8613

G1X99.0414Y-157.3328

G1 Z0F20000

(Start Block)


G1X99.0414Y-157.3328
G1Z5F20000
(Plotting speed under)
G1 F4000


G1X73.7998Y-129.7897

G1X81.1253Y-190.1357

G1 Z0F20000

(Start Block)


G1X81.1253Y-190.1357
G1Z5F20000
(Plotting speed under)
G1 F4000


G1X99.0414Y-157.3328

G1X44.6091Y-183.6411

G1 Z0F20000

(Start Block)


G1X44.6091Y-183.6411
G1Z5F20000
(Plotting speed under)
G1 F4000


G1X81.1253Y-190.1357

G1X39.5205Y-147.1040

G1 Z0F20000

(Start Block)


G1X39.5205Y-147.1040
G1Z5F20000
(Plotting speed under)
G1 F4000


G1X44.6091Y-183.6411

G1X72.8517Y-130.9181

G1 Z0F20000

(Start Block)


G1X72.8517Y-130.9181
G1Z5F20000
(Plotting speed under)
G1 F4000


G1X39.5205Y-147.1040

G1X98.9846Y-157.6092

G1 Z0F20000

(Start Block)


G1X98.9846Y-157.6092
G1Z5F20000
(Plotting speed under)
G1 F4000


G1X72.8517Y-130.9181

G1X82.1580Y-190.9892

G1 Z0F20000

(Start Block)


G1X82.1580Y-190.9892
G1Z5F20000
(Plotting speed under)
G1 F4000


G1X98.9846Y-157.6092

G1X45.4376Y-185.7106

G1 Z0F20000

(Start Block)


G1X45.4376Y-185.7106
G1Z5F20000
(Plotting speed under)
G1 F4000


G1X82.1580Y-190.9892

G1X39.1308Y-149.3631

G1 Z0F20000

(Start Block)


G1X39.1308Y-149.3631
G1Z5F20000
(Plotting speed under)
G1 F4000


G1X45.4376Y-185.7106

G1X71.8979Y-132.0809

G1 Z0F20000

(Start Block)


G1X71.8979Y-132.0809
G1Z5F20000
(Plotting speed under)
G1 F4000


G1X39.1308Y-149.3631

G1X98.8933Y-157.8910

G1 Z0F20000

(Start Block)


G1X98.8933Y-157.8910
G1Z5F20000
(Plotting speed under)
G1 F4000


G1X71.8979Y-132.0809

G1X83.1747Y-191.8116

G1 Z0F20000

(Start Block)


G1X83.1747Y-191.8116
G1Z5F20000
(Plotting speed under)
G1 F4000


G1X98.8933Y-157.8910

G1X46.2907Y-187.7550

G1 Z0F20000

(Start Block)


G1X46.2907Y-187.7550
G1Z5F20000
(Plotting speed under)
G1 F4000


G1X83.1747Y-191.8116

G1X38.7726Y-151.6375

G1 Z0F20000

(Start Block)


G1X38.7726Y-151.6375
G1Z5F20000
(Plotting speed under)
G1 F4000


G1X46.2907Y-187.7550

G1X70.9395Y-133.2783

G1 Z0F20000

(Start Block)


G1X70.9395Y-133.2783
G1Z5F20000
(Plotting speed under)
G1 F4000


G1X38.7726Y-151.6375

G1X98.7676Y-158.1792

G1 Z0F20000

(Start Block)


G1X98.7676Y-158.1792
G1Z5F20000
(Plotting speed under)
G1 F4000


G1X70.9395Y-133.2783

G1X84.1744Y-192.6035

G1 Z0F20000

(Start Block)


G1X84.1744Y-192.6035
G1Z5F20000
(Plotting speed under)
G1 F4000


G1X98.7676Y-158.1792

G1X47.1673Y-189.7736

G1 Z0F20000

(Start Block)


G1X47.1673Y-189.7736
G1Z5F20000
(Plotting speed under)
G1 F4000


G1X84.1744Y-192.6035

G1X38.4463Y-153.9261

G1 Z0F20000

(Start Block)


G1X38.4463Y-153.9261
G1Z5F20000
(Plotting speed under)
G1 F4000


G1X47.1673Y-189.7736

G1X69.9776Y-134.5106

G1 Z0F20000

(Start Block)


G1X69.9776Y-134.5106
G1Z5F20000
(Plotting speed under)
G1 F4000


G1X38.4463Y-153.9261

G1X98.6077Y-158.4752

G1 Z0F20000

(Start Block)


G1X98.6077Y-158.4752
G1Z5F20000
(Plotting speed under)
G1 F4000


G1X69.9776Y-134.5106

G1X85.1560Y-193.3654

G1 Z0F20000

(Start Block)


G1X85.1560Y-193.3654
G1Z5F20000
(Plotting speed under)
G1 F4000


G1X98.6077Y-158.4752

G1X48.0667Y-191.7657

G1 Z0F20000

(Start Block)


G1X48.0667Y-191.7657
G1Z5F20000
(Plotting speed under)
G1 F4000


G1X85.1560Y-193.3654

G1X38.1523Y-156.2280

G1 Z0F20000

(Start Block)


G1X38.1523Y-156.2280
G1Z5F20000
(Plotting speed under)
G1 F4000


G1X48.0667Y-191.7657

G1X69.0133Y-135.7777

G1 Z0F20000

(Start Block)


G1X69.0133Y-135.7777
G1Z5F20000
(Plotting speed under)
G1 F4000


G1X38.1523Y-156.2280

G1X98.4141Y-158.7800

G1 Z0F20000

(Start Block)


G1X98.4141Y-158.7800
G1Z5F20000
(Plotting speed under)
G1 F4000


G1X69.0133Y-135.7777

G1X86.1187Y-194.0980

G1 Z0F20000

(Start Block)


G1X86.1187Y-194.0980
G1Z5F20000
(Plotting speed under)
G1 F4000


G1X98.4141Y-158.7800

G1X48.9879Y-193.7305

G1 Z0F20000

(Start Block)


G1X48.9879Y-193.7305
G1Z5F20000
(Plotting speed under)
G1 F4000


G1X86.1187Y-194.0980

G1X37.8912Y-158.5421

G1 Z0F20000

(Start Block)


G1X37.8912Y-158.5421
G1Z5F20000
(Plotting speed under)
G1 F4000


G1X48.9879Y-193.7305

G1X68.0479Y-137.0798

G1 Z0F20000

(Start Block)


G1X68.0479Y-137.0798
G1Z5F20000
(Plotting speed under)
G1 F4000


G1X37.8912Y-158.5421

G1X98.1869Y-159.0946

G1 Z0F20000

(Start Block)


G1X98.1869Y-159.0946
G1Z5F20000
(Plotting speed under)
G1 F4000


G1X68.0479Y-137.0798

G1X87.0613Y-194.8019

G1 Z0F20000

(Start Block)


G1X87.0613Y-194.8019
G1Z5F20000
(Plotting speed under)
G1 F4000


G1X98.1869Y-159.0946

G1X49.9301Y-195.6672

G1 Z0F20000

(Start Block)


G1X49.9301Y-195.6672
G1Z5F20000
(Plotting speed under)
G1 F4000


G1X87.0613Y-194.8019

G1X37.6632Y-160.8672

G1 Z0F20000

(Start Block)


G1X37.6632Y-160.8672
G1Z5F20000
(Plotting speed under)
G1 F4000


G1X49.9301Y-195.6672

G1X67.0824Y-138.4168

G1 Z0F20000

(Start Block)


G1X67.0824Y-138.4168
G1Z5F20000
(Plotting speed under)
G1 F4000


G1X37.6632Y-160.8672

G1X97.9266Y-159.4202

G1 Z0F20000

(Start Block)


G1X97.9266Y-159.4202
G1Z5F20000
(Plotting speed under)
G1 F4000


G1X67.0824Y-138.4168

G1X87.9831Y-195.4778

G1 Z0F20000

(Start Block)


G1X87.9831Y-195.4778
G1Z5F20000
(Plotting speed under)
G1 F4000


G1X97.9266Y-159.4202

G1X50.8922Y-197.5753

G1 Z0F20000

(Start Block)


G1X50.8922Y-197.5753
G1Z5F20000
(Plotting speed under)
G1 F4000


G1X87.9831Y-195.4778

G1X37.4687Y-163.2022

G1 Z0F20000

(Start Block)


G1X37.4687Y-163.2022
G1Z5F20000
(Plotting speed under)
G1 F4000


G1X50.8922Y-197.5753

G1X66.1181Y-139.7888

G1 Z0F20000

(Start Block)


G1X66.1181Y-139.7888
G1Z5F20000
(Plotting speed under)
G1 F4000


G1X37.4687Y-163.2022

G1X97.6334Y-159.7580

G1 Z0F20000

(Start Block)


G1X97.6334Y-159.7580
G1Z5F20000
(Plotting speed under)
G1 F4000


G1X66.1181Y-139.7888

G1X88.8830Y-196.1263

G1 Z0F20000

(Start Block)


G1X88.8830Y-196.1263
G1Z5F20000
(Plotting speed under)
G1 F4000


G1X97.6334Y-159.7580

G1X51.8734Y-199.4541

G1 Z0F20000

(Start Block)


G1X51.8734Y-199.4541
G1Z5F20000
(Plotting speed under)
G1 F4000


G1X88.8830Y-196.1263

G1X37.3080Y-165.5460

G1 Z0F20000

(Start Block)


G1X37.3080Y-165.5460
G1Z5F20000
(Plotting speed under)
G1 F4000


G1X51.8734Y-199.4541

G1X65.1561Y-141.1957

G1 Z0F20000

(Start Block)


G1X65.1561Y-141.1957
G1Z5F20000
(Plotting speed under)
G1 F4000


G1X37.3080Y-165.5460

G1X97.3079Y-160.1090

G1 Z0F20000

(Start Block)


G1X97.3079Y-160.1090
G1Z5F20000
(Plotting speed under)
G1 F4000


G1X65.1561Y-141.1957

G1X89.7602Y-196.7483

G1 Z0F20000

(Start Block)


G1X89.7602Y-196.7483
G1Z5F20000
(Plotting speed under)
G1 F4000


G1X97.3079Y-160.1090

G1X52.8727Y-201.3029

G1 Z0F20000

(Start Block)


G1X52.8727Y-201.3029
G1Z5F20000
(Plotting speed under)
G1 F4000


G1X89.7602Y-196.7483

G1X37.1815Y-167.8975

G1 Z0F20000

(Start Block)


G1X37.1815Y-167.8975
G1Z5F20000
(Plotting speed under)
G1 F4000


G1X52.8727Y-201.3029

G1X64.1976Y-142.6374

G1 Z0F20000

(Start Block)


G1X64.1976Y-142.6374
G1Z5F20000
(Plotting speed under)
G1 F4000


G1X37.1815Y-167.8975

G1X96.9504Y-160.4742

G1 Z0F20000

(Start Block)


G1X96.9504Y-160.4742
G1Z5F20000
(Plotting speed under)
G1 F4000


G1X64.1976Y-142.6374

G1X90.6138Y-197.3445

G1 Z0F20000

(Start Block)


G1X90.6138Y-197.3445
G1Z5F20000
(Plotting speed under)
G1 F4000


G1X96.9504Y-160.4742

G1X53.8890Y-203.1213

G1 Z0F20000

(Start Block)


G1X53.8890Y-203.1213
G1Z5F20000
(Plotting speed under)
G1 F4000


G1X90.6138Y-197.3445

G1X37.0893Y-170.2555

G1 Z0F20000

(Start Block)


G1X37.0893Y-170.2555
G1Z5F20000
(Plotting speed under)
G1 F4000


G1X53.8890Y-203.1213

G1X63.2437Y-144.1137

G1 Z0F20000

(Start Block)


G1X63.2437Y-144.1137
G1Z5F20000
(Plotting speed under)
G1 F4000


G1X37.0893Y-170.2555

G1X96.5615Y-160.8547

G1 Z0F20000

(Start Block)


G1X96.5615Y-160.8547
G1Z5F20000
(Plotting speed under)
G1 F4000


G1X63.2437Y-144.1137

G1X91.4430Y-197.9157

G1 Z0F20000

(Start Block)


G1X91.4430Y-197.9157
G1Z5F20000
(Plotting speed under)
G1 F4000


G1X96.5615Y-160.8547

G1X54.9213Y-204.9085

G1 Z0F20000

(Start Block)


G1X54.9213Y-204.9085
G1Z5F20000
(Plotting speed under)
G1 F4000


G1X91.4430Y-197.9157

G1X37.0317Y-172.6190

G1 Z0F20000

(Start Block)


G1X37.0317Y-172.6190
G1Z5F20000
(Plotting speed under)
G1 F4000


G1X54.9213Y-204.9085

G1X62.2955Y-145.6245

G1 Z0F20000

(Start Block)


G1X62.2955Y-145.6245
G1Z5F20000
(Plotting speed under)
G1 F4000


G1X37.0317Y-172.6190

G1X96.1417Y-161.2515

G1 Z0F20000

(Start Block)


G1X96.1417Y-161.2515
G1Z5F20000
(Plotting speed under)
G1 F4000


G1X62.2955Y-145.6245

G1X92.2469Y-198.4627

G1 Z0F20000

(Start Block)


G1X92.2469Y-198.4627
G1Z5F20000
(Plotting speed under)
G1 F4000


G1X96.1417Y-161.2515

G1X55.9686Y-206.6641

G1 Z0F20000

(Start Block)


G1X55.9686Y-206.6641
G1Z5F20000
(Plotting speed under)
G1 F4000


G1X92.2469Y-198.4627

G1X37.0087Y-174.9867

G1 Z0F20000

(Start Block)


G1X37.0087Y-174.9867
G1Z5F20000
(Plotting speed under)
G1 F4000


G1X55.9686Y-206.6641

G1X61.3542Y-147.1696

G1 Z0F20000

(Start Block)


G1X61.3542Y-147.1696
G1Z5F20000
(Plotting speed under)
G1 F4000


G1X37.0087Y-174.9867

G1X95.6916Y-161.6657

G1 Z0F20000

(Start Block)


G1X95.6916Y-161.6657
G1Z5F20000
(Plotting speed under)
G1 F4000


G1X61.3542Y-147.1696

G1X93.0248Y-198.9864

G1 Z0F20000

(Start Block)


G1X93.0248Y-198.9864
G1Z5F20000
(Plotting speed under)
G1 F4000


G1X95.6916Y-161.6657

G1X57.0298Y-208.3877

G1 Z0F20000

(Start Block)


G1X57.0298Y-208.3877
G1Z5F20000
(Plotting speed under)
G1 F4000


G1X93.0248Y-198.9864

G1X37.0206Y-177.3575

G1 Z0F20000

(Start Block)


G1X37.0206Y-177.3575
G1Z5F20000
(Plotting speed under)
G1 F4000


G1X57.0298Y-208.3877

G1X60.4210Y-148.7486

G1 Z0F20000

(Start Block)


G1X60.4210Y-148.7486
G1Z5F20000
(Plotting speed under)
G1 F4000


G1X37.0206Y-177.3575

G1X95.2117Y-162.0983

G1 Z0F20000

(Start Block)


G1X95.2117Y-162.0983
G1Z5F20000
(Plotting speed under)
G1 F4000


G1X60.4210Y-148.7486

G1X93.7759Y-199.4876

G1 Z0F20000

(Start Block)


G1X93.7759Y-199.4876
G1Z5F20000
(Plotting speed under)
G1 F4000


G1X95.2117Y-162.0983

G1X58.1039Y-210.0788

G1 Z0F20000

(Start Block)


G1X58.1039Y-210.0788
G1Z5F20000
(Plotting speed under)
G1 F4000


G1X93.7759Y-199.4876

G1X37.0674Y-179.7303

G1 Z0F20000

(Start Block)


G1X37.0674Y-179.7303
G1Z5F20000
(Plotting speed under)
G1 F4000


G1X58.1039Y-210.0788

G1X59.4969Y-150.3615

G1 Z0F20000

(Start Block)


G1X59.4969Y-150.3615
G1Z5F20000
(Plotting speed under)
G1 F4000


G1X37.0674Y-179.7303

G1X94.7026Y-162.5502

G1 Z0F20000

(Start Block)


G1X94.7026Y-162.5502
G1Z5F20000
(Plotting speed under)
G1 F4000


G1X59.4969Y-150.3615

G1X94.4994Y-199.9673

G1 Z0F20000

(Start Block)


G1X94.4994Y-199.9673
G1Z5F20000
(Plotting speed under)
G1 F4000


G1X94.7026Y-162.5502

G1X59.1897Y-211.7369

G1 Z0F20000

(Start Block)


G1X59.1897Y-211.7369
G1Z5F20000
(Plotting speed under)
G1 F4000


G1X94.4994Y-199.9673

G1X37.1491Y-182.1039

G1 Z0F20000

(Start Block)


G1X37.1491Y-182.1039
G1Z5F20000
(Plotting speed under)
G1 F4000


G1X59.1897Y-211.7369

G1X58.5831Y-152.0078

G1 Z0F20000

(Start Block)


G1X58.5831Y-152.0078
G1Z5F20000
(Plotting speed under)
G1 F4000


G1X37.1491Y-182.1039

G1X94.1651Y-163.0224

G1 Z0F20000

(Start Block)


G1X94.1651Y-163.0224
G1Z5F20000
(Plotting speed under)
G1 F4000


G1X58.5831Y-152.0078

G1X95.1947Y-200.4263

G1 Z0F20000

(Start Block)


G1X95.1947Y-200.4263
G1Z5F20000
(Plotting speed under)
G1 F4000


G1X94.1651Y-163.0224

G1X60.2862Y-213.3618

G1 Z0F20000

(Start Block)


G1X60.2862Y-213.3618
G1Z5F20000
(Plotting speed under)
G1 F4000


G1X95.1947Y-200.4263

G1X37.2658Y-184.4770

G1 Z0F20000

(Start Block)


G1X37.2658Y-184.4770
G1Z5F20000
(Plotting speed under)
G1 F4000


G1X60.2862Y-213.3618

G1X57.6807Y-153.6871

G1 Z0F20000

(Start Block)


G1X57.6807Y-153.6871
G1Z5F20000
(Plotting speed under)
G1 F4000


G1X37.2658Y-184.4770

G1X93.5998Y-163.5158

G1 Z0F20000

(Start Block)


G1X93.5998Y-163.5158
G1Z5F20000
(Plotting speed under)
G1 F4000


G1X57.6807Y-153.6871

G1X95.8611Y-200.8657

G1 Z0F20000

(Start Block)


G1X95.8611Y-200.8657
G1Z5F20000
(Plotting speed under)
G1 F4000


G1X93.5998Y-163.5158

G1X61.3923Y-214.9530

G1 Z0F20000

(Start Block)


G1X61.3923Y-214.9530
G1Z5F20000
(Plotting speed under)
G1 F4000


G1X95.8611Y-200.8657

G1X37.4174Y-186.8487

G1 Z0F20000

(Start Block)


G1X37.4174Y-186.8487
G1Z5F20000
(Plotting speed under)
G1 F4000


G1X61.3923Y-214.9530

G1X56.7908Y-155.3991

G1 Z0F20000

(Start Block)


G1X56.7908Y-155.3991
G1Z5F20000
(Plotting speed under)
G1 F4000


G1X37.4174Y-186.8487

G1X93.0074Y-164.0313

G1 Z0F20000

(Start Block)


G1X93.0074Y-164.0313
G1Z5F20000
(Plotting speed under)
G1 F4000


G1X56.7908Y-155.3991

G1X96.4980Y-201.2864

G1 Z0F20000

(Start Block)


G1X96.4980Y-201.2864
G1Z5F20000
(Plotting speed under)
G1 F4000


G1X93.0074Y-164.0313

G1X62.5068Y-216.5103

G1 Z0F20000

(Start Block)


G1X62.5068Y-216.5103
G1Z5F20000
(Plotting speed under)
G1 F4000


G1X96.4980Y-201.2864

G1X37.6040Y-189.2176

G1 Z0F20000

(Start Block)


G1X37.6040Y-189.2176
G1Z5F20000
(Plotting speed under)
G1 F4000


G1X62.5068Y-216.5103

G1X55.9144Y-157.1433

G1 Z0F20000

(Start Block)


G1X55.9144Y-157.1433
G1Z5F20000
(Plotting speed under)
G1 F4000


G1X37.6040Y-189.2176

G1X92.3887Y-164.5699

G1 Z0F20000

(Start Block)


G1X92.3887Y-164.5699
G1Z5F20000
(Plotting speed under)
G1 F4000


G1X55.9144Y-157.1433

G1X97.1048Y-201.6893

G1 Z0F20000

(Start Block)


G1X97.1048Y-201.6893
G1Z5F20000
(Plotting speed under)
G1 F4000


G1X92.3887Y-164.5699

G1X63.6286Y-218.0334

G1 Z0F20000

(Start Block)


G1X63.6286Y-218.0334
G1Z5F20000
(Plotting speed under)
G1 F4000


G1X97.1048Y-201.6893

G1X37.8252Y-191.5828

G1 Z0F20000

(Start Block)


G1X37.8252Y-191.5828
G1Z5F20000
(Plotting speed under)
G1 F4000


G1X63.6286Y-218.0334

G1X55.0526Y-158.9192

G1 Z0F20000

(Start Block)


G1X55.0526Y-158.9192
G1Z5F20000
(Plotting speed under)
G1 F4000


G1X37.8252Y-191.5828

G1X91.7445Y-165.1323

G1 Z0F20000

(Start Block)


G1X91.7445Y-165.1323
G1Z5F20000
(Plotting speed under)
G1 F4000


G1X55.0526Y-158.9192

G1X97.6808Y-202.0756

G1 Z0F20000

(Start Block)


G1X97.6808Y-202.0756
G1Z5F20000
(Plotting speed under)
G1 F4000


G1X91.7445Y-165.1323

G1X64.7566Y-219.5221

G1 Z0F20000

(Start Block)


G1X64.7566Y-219.5221
G1Z5F20000
(Plotting speed under)
G1 F4000


G1X97.6808Y-202.0756

G1X38.0810Y-193.9429

G1 Z0F20000

(Start Block)


G1X38.0810Y-193.9429
G1Z5F20000
(Plotting speed under)
G1 F4000


G1X64.7566Y-219.5221

G1X54.2064Y-160.7265

G1 Z0F20000

(Start Block)


G1X54.2064Y-160.7265
G1Z5F20000
(Plotting speed under)
G1 F4000


G1X38.0810Y-193.9429

G1X91.0756Y-165.7195

G1 Z0F20000

(Start Block)


G1X91.0756Y-165.7195
G1Z5F20000
(Plotting speed under)
G1 F4000


G1X54.2064Y-160.7265

G1X98.2256Y-202.4461

G1 Z0F20000

(Start Block)


G1X98.2256Y-202.4461
G1Z5F20000
(Plotting speed under)
G1 F4000


G1X91.0756Y-165.7195

G1X65.8896Y-220.9762

G1 Z0F20000

(Start Block)


G1X65.8896Y-220.9762
G1Z5F20000
(Plotting speed under)
G1 F4000


G1X98.2256Y-202.4461

G1X38.3713Y-196.2969

G1 Z0F20000

(Start Block)


G1X38.3713Y-196.2969
G1Z5F20000
(Plotting speed under)
G1 F4000


G1X65.8896Y-220.9762

G1X53.3770Y-162.5645

G1 Z0F20000

(Start Block)


G1X53.3770Y-162.5645
G1Z5F20000
(Plotting speed under)
G1 F4000


G1X38.3713Y-196.2969

G1X90.3827Y-166.3321

G1 Z0F20000

(Start Block)


G1X90.3827Y-166.3321
G1Z5F20000
(Plotting speed under)
G1 F4000


G1X53.3770Y-162.5645

G1X98.7386Y-202.8021

G1 Z0F20000

(Start Block)


G1X98.7386Y-202.8021
G1Z5F20000
(Plotting speed under)
G1 F4000


G1X90.3827Y-166.3321

G1X67.0265Y-222.3955

G1 Z0F20000

(Start Block)


G1X67.0265Y-222.3955
G1Z5F20000
(Plotting speed under)
G1 F4000


G1X98.7386Y-202.8021

G1X38.6957Y-198.6436

G1 Z0F20000

(Start Block)


G1X38.6957Y-198.6436
G1Z5F20000
(Plotting speed under)
G1 F4000


G1X67.0265Y-222.3955

G1X52.5652Y-164.4326

G1 Z0F20000

(Start Block)


G1X52.5652Y-164.4326
G1Z5F20000
(Plotting speed under)
G1 F4000


G1X38.6957Y-198.6436

G1X89.6668Y-166.9711

G1 Z0F20000

(Start Block)


G1X89.6668Y-166.9711
G1Z5F20000
(Plotting speed under)
G1 F4000


G1X52.5652Y-164.4326

G1X99.2194Y-203.1444

G1 Z0F20000

(Start Block)


G1X99.2194Y-203.1444
G1Z5F20000
(Plotting speed under)
G1 F4000


G1X89.6668Y-166.9711

G1X68.1661Y-223.7800

G1 Z0F20000

(Start Block)


G1X68.1661Y-223.7800
G1Z5F20000
(Plotting speed under)
G1 F4000


G1X99.2194Y-203.1444

G1X39.0541Y-200.9818

G1 Z0F20000

(Start Block)


G1X39.0541Y-200.9818
G1Z5F20000
(Plotting speed under)
G1 F4000


G1X68.1661Y-223.7800

G1X51.7721Y-166.3302

G1 Z0F20000

(Start Block)


G1X51.7721Y-166.3302
G1Z5F20000
(Plotting speed under)
G1 F4000


G1X39.0541Y-200.9818

G1X88.9288Y-167.6370

G1 Z0F20000

(Start Block)


G1X88.9288Y-167.6370
G1Z5F20000
(Plotting speed under)
G1 F4000


G1X51.7721Y-166.3302

G1X99.6675Y-203.4743

G1 Z0F20000

(Start Block)


G1X99.6675Y-203.4743
G1Z5F20000
(Plotting speed under)
G1 F4000


G1X88.9288Y-167.6370

G1X69.3073Y-225.1296

G1 Z0F20000

(Start Block)


G1X69.3073Y-225.1296
G1Z5F20000
(Plotting speed under)
G1 F4000


G1X99.6675Y-203.4743

G1X39.4461Y-203.3106

G1 Z0F20000

(Start Block)


G1X39.4461Y-203.3106
G1Z5F20000
(Plotting speed under)
G1 F4000


G1X69.3073Y-225.1296

G1X50.9987Y-168.2568

G1 Z0F20000

(Start Block)


G1X50.9987Y-168.2568
G1Z5F20000
(Plotting speed under)
G1 F4000


G1X39.4461Y-203.3106

G1X88.1695Y-168.3308

G1 Z0F20000

(Start Block)


G1X88.1695Y-168.3308
G1Z5F20000
(Plotting speed under)
G1 F4000


G1X50.9987Y-168.2568

G1X100.0826Y-203.7928

G1 Z0F20000

(Start Block)


G1X100.0826Y-203.7928
G1Z5F20000
(Plotting speed under)
G1 F4000


G1X88.1695Y-168.3308

G1X70.4489Y-226.4442

G1 Z0F20000

(Start Block)


G1X70.4489Y-226.4442
G1Z5F20000
(Plotting speed under)
G1 F4000


G1X100.0826Y-203.7928

G1X39.8715Y-205.6287

G1 Z0F20000

(Start Block)


G1X39.8715Y-205.6287
G1Z5F20000
(Plotting speed under)
G1 F4000


G1X70.4489Y-226.4442

G1X50.2458Y-170.2117

G1 Z0F20000

(Start Block)


G1X50.2458Y-170.2117
G1Z5F20000
(Plotting speed under)
G1 F4000


G1X39.8715Y-205.6287

G1X87.3899Y-169.0530

G1 Z0F20000

(Start Block)


G1X87.3899Y-169.0530
G1Z5F20000
(Plotting speed under)
G1 F4000


G1X50.2458Y-170.2117

G1X100.4643Y-204.1009

G1 Z0F20000

(Start Block)


G1X100.4643Y-204.1009
G1Z5F20000
(Plotting speed under)
G1 F4000


G1X87.3899Y-169.0530

G1X71.5897Y-227.7238

G1 Z0F20000

(Start Block)


G1X71.5897Y-227.7238
G1Z5F20000
(Plotting speed under)
G1 F4000


G1X100.4643Y-204.1009

G1X40.3297Y-207.9351

G1 Z0F20000

(Start Block)


G1X40.3297Y-207.9351
G1Z5F20000
(Plotting speed under)
G1 F4000


G1X71.5897Y-227.7238

G1X49.5145Y-172.1941

G1 Z0F20000

(Start Block)


G1X49.5145Y-172.1941
G1Z5F20000
(Plotting speed under)
G1 F4000


G1X40.3297Y-207.9351

G1X86.5909Y-169.8044

G1 Z0F20000

(Start Block)


G1X86.5909Y-169.8044
G1Z5F20000
(Plotting speed under)
G1 F4000


G1X49.5145Y-172.1941

G1X100.8123Y-204.3999

G1 Z0F20000

(Start Block)


G1X100.8123Y-204.3999
G1Z5F20000
(Plotting speed under)
G1 F4000


G1X86.5909Y-169.8044

G1X72.7286Y-228.9686

G1 Z0F20000

(Start Block)


G1X72.7286Y-228.9686
G1Z5F20000
(Plotting speed under)
G1 F4000


G1X100.8123Y-204.3999

G1X40.8205Y-210.2286

G1 Z0F20000

(Start Block)


G1X40.8205Y-210.2286
G1Z5F20000
(Plotting speed under)
G1 F4000


G1X72.7286Y-228.9686

G1X48.8056Y-174.2033

G1 Z0F20000

(Start Block)


G1X48.8056Y-174.2033
G1Z5F20000
(Plotting speed under)
G1 F4000


G1X40.8205Y-210.2286

G1X85.7736Y-170.5855

G1 Z0F20000

(Start Block)


G1X85.7736Y-170.5855
G1Z5F20000
(Plotting speed under)
G1 F4000


G1X48.8056Y-174.2033

G1X101.1262Y-204.6908

G1 Z0F20000

(Start Block)


G1X101.1262Y-204.6908
G1Z5F20000
(Plotting speed under)
G1 F4000


G1X85.7736Y-170.5855

G1X73.8644Y-230.1785

G1 Z0F20000

(Start Block)


G1X73.8644Y-230.1785
G1Z5F20000
(Plotting speed under)
G1 F4000


G1X101.1262Y-204.6908

G1X41.3434Y-212.5083

G1 Z0F20000

(Start Block)


G1X41.3434Y-212.5083
G1Z5F20000
(Plotting speed under)
G1 F4000


G1X73.8644Y-230.1785

G1X48.1201Y-176.2386

G1 Z0F20000

(Start Block)


G1X48.1201Y-176.2386
G1Z5F20000
(Plotting speed under)
G1 F4000


G1X41.3434Y-212.5083

G1X84.9389Y-171.3969

G1 Z0F20000

(Start Block)


G1X84.9389Y-171.3969
G1Z5F20000
(Plotting speed under)
G1 F4000


G1X48.1201Y-176.2386

G1X101.4059Y-204.9748

G1 Z0F20000

(Start Block)


G1X101.4059Y-204.9748
G1Z5F20000
(Plotting speed under)
G1 F4000


G1X84.9389Y-171.3969

G1X74.9960Y-231.3537

G1 Z0F20000

(Start Block)


G1X74.9960Y-231.3537
G1Z5F20000
(Plotting speed under)
G1 F4000


G1X101.4059Y-204.9748

G1X41.8978Y-214.7729

G1 Z0F20000

(Start Block)


G1X41.8978Y-214.7729
G1Z5F20000
(Plotting speed under)
G1 F4000


G1X74.9960Y-231.3537

G1X47.4586Y-178.2991

G1 Z0F20000

(Start Block)


G1X47.4586Y-178.2991
G1Z5F20000
(Plotting speed under)
G1 F4000


G1X41.8978Y-214.7729

G1X84.0878Y-172.2392

G1 Z0F20000

(Start Block)


G1X84.0878Y-172.2392
G1Z5F20000
(Plotting speed under)
G1 F4000


G1X47.4586Y-178.2991

G1X101.6511Y-205.2530

G1 Z0F20000

(Start Block)


G1X101.6511Y-205.2530
G1Z5F20000
(Plotting speed under)
G1 F4000


G1X84.0878Y-172.2392

G1X76.1222Y-232.4943

G1 Z0F20000

(Start Block)


G1X76.1222Y-232.4943
G1Z5F20000
(Plotting speed under)
G1 F4000


G1X101.6511Y-205.2530

G1X42.4834Y-217.0216

G1 Z0F20000

(Start Block)


G1X42.4834Y-217.0216
G1Z5F20000
(Plotting speed under)
G1 F4000


G1X76.1222Y-232.4943

G1X46.8222Y-180.3841

G1 Z0F20000

(Start Block)


G1X46.8222Y-180.3841
G1Z5F20000
(Plotting speed under)
G1 F4000


G1X42.4834Y-217.0216

G1X83.2214Y-173.1130

G1 Z0F20000

(Start Block)


G1X83.2214Y-173.1130
G1Z5F20000
(Plotting speed under)
G1 F4000


G1X46.8222Y-180.3841

G1X101.8616Y-205.5265

G1 Z0F20000

(Start Block)


G1X101.8616Y-205.5265
G1Z5F20000
(Plotting speed under)
G1 F4000


G1X83.2214Y-173.1130

G1X77.2419Y-233.6006

G1 Z0F20000

(Start Block)


G1X77.2419Y-233.6006
G1Z5F20000
(Plotting speed under)
G1 F4000


G1X101.8616Y-205.5265

G1X43.0995Y-219.2533

G1 Z0F20000

(Start Block)


G1X43.0995Y-219.2533
G1Z5F20000
(Plotting speed under)
G1 F4000


G1X77.2419Y-233.6006

G1X46.2115Y-182.4927

G1 Z0F20000

(Start Block)


G1X46.2115Y-182.4927
G1Z5F20000
(Plotting speed under)
G1 F4000


G1X43.0995Y-219.2533

G1X82.3407Y-174.0186

G1 Z0F20000

(Start Block)


G1X82.3407Y-174.0186
G1Z5F20000
(Plotting speed under)
G1 F4000


G1X46.2115Y-182.4927

G1X102.0374Y-205.7966

G1 Z0F20000

(Start Block)


G1X102.0374Y-205.7966
G1Z5F20000
(Plotting speed under)
G1 F4000


G1X82.3407Y-174.0186

G1X78.3539Y-234.6728

G1 Z0F20000

(Start Block)


G1X78.3539Y-234.6728
G1Z5F20000
(Plotting speed under)
G1 F4000


G1X102.0374Y-205.7966

G1X43.7455Y-221.4670

G1 Z0F20000

(Start Block)


G1X43.7455Y-221.4670
G1Z5F20000
(Plotting speed under)
G1 F4000


G1X78.3539Y-234.6728

G1X45.6274Y-184.6240

G1 Z0F20000

(Start Block)


G1X45.6274Y-184.6240
G1Z5F20000
(Plotting speed under)
G1 F4000


G1X43.7455Y-221.4670

G1X81.4468Y-174.9566

G1 Z0F20000

(Start Block)


G1X81.4468Y-174.9566
G1Z5F20000
(Plotting speed under)
G1 F4000


G1X45.6274Y-184.6240

G1X102.1782Y-206.0643

G1 Z0F20000

(Start Block)


G1X102.1782Y-206.0643
G1Z5F20000
(Plotting speed under)
G1 F4000


G1X81.4468Y-174.9566

G1X79.4572Y-235.7112

G1 Z0F20000

(Start Block)


G1X79.4572Y-235.7112
G1Z5F20000
(Plotting speed under)
G1 F4000


G1X102.1782Y-206.0643

G1X44.4209Y-223.6616

G1 Z0F20000

(Start Block)


G1X44.4209Y-223.6616
G1Z5F20000
(Plotting speed under)
G1 F4000


G1X79.4572Y-235.7112

G1X45.0706Y-186.7773

G1 Z0F20000

(Start Block)


G1X45.0706Y-186.7773
G1Z5F20000
(Plotting speed under)
G1 F4000


G1X44.4209Y-223.6616

G1X80.5408Y-175.9275

G1 Z0F20000

(Start Block)


G1X80.5408Y-175.9275
G1Z5F20000
(Plotting speed under)
G1 F4000


G1X45.0706Y-186.7773

G1X102.2842Y-206.3309

G1 Z0F20000

(Start Block)


G1X102.2842Y-206.3309
G1Z5F20000
(Plotting speed under)
G1 F4000


G1X80.5408Y-175.9275

G1X80.5505Y-236.7160

G1 Z0F20000

(Start Block)


G1X80.5505Y-236.7160
G1Z5F20000
(Plotting speed under)
G1 F4000


G1X102.2842Y-206.3309

G1X45.1250Y-225.8363

G1 Z0F20000

(Start Block)


G1X45.1250Y-225.8363
G1Z5F20000
(Plotting speed under)
G1 F4000


G1X80.5505Y-236.7160

G1X44.5418Y-188.9514

G1 Z0F20000

(Start Block)


G1X44.5418Y-188.9514
G1Z5F20000
(Plotting speed under)
G1 F4000


G1X45.1250Y-225.8363

G1X79.6237Y-176.9314

G1 Z0F20000

(Start Block)


G1X79.6237Y-176.9314
G1Z5F20000
(Plotting speed under)
G1 F4000


G1X44.5418Y-188.9514

G1X102.3551Y-206.5974

G1 Z0F20000

(Start Block)


G1X102.3551Y-206.5974
G1Z5F20000
(Plotting speed under)
G1 F4000


G1X79.6237Y-176.9314

G1X81.6329Y-237.6877

G1 Z0F20000

(Start Block)


G1X81.6329Y-237.6877
G1Z5F20000
(Plotting speed under)
G1 F4000


G1X102.3551Y-206.5974

G1X45.8571Y-227.9900

G1 Z0F20000

(Start Block)


G1X45.8571Y-227.9900
G1Z5F20000
(Plotting speed under)
G1 F4000


G1X81.6329Y-237.6877

G1X44.0417Y-191.1456

G1 Z0F20000

(Start Block)


G1X44.0417Y-191.1456
G1Z5F20000
(Plotting speed under)
G1 F4000


G1X45.8571Y-227.9900

G1X78.6967Y-177.9689

G1 Z0F20000

(Start Block)


G1X78.6967Y-177.9689
G1Z5F20000
(Plotting speed under)
G1 F4000


G1X44.0417Y-191.1456

G1X102.3912Y-206.8651

G1 Z0F20000

(Start Block)


G1X102.3912Y-206.8651
G1Z5F20000
(Plotting speed under)
G1 F4000


G1X78.6967Y-177.9689

G1X82.7031Y-238.6265

G1 Z0F20000

(Start Block)


G1X82.7031Y-238.6265
G1Z5F20000
(Plotting speed under)
G1 F4000


G1X102.3912Y-206.8651

G1X46.6165Y-230.1220

G1 Z0F20000

(Start Block)


G1X46.6165Y-230.1220
G1Z5F20000
(Plotting speed under)
G1 F4000


G1X82.7031Y-238.6265

G1X43.5709Y-193.3587

G1 Z0F20000

(Start Block)


G1X43.5709Y-193.3587
G1Z5F20000
(Plotting speed under)
G1 F4000


G1X46.6165Y-230.1220

G1X77.7608Y-179.0403

G1 Z0F20000

(Start Block)


G1X77.7608Y-179.0403
G1Z5F20000
(Plotting speed under)
G1 F4000


G1X43.5709Y-193.3587

G1X102.3923Y-207.1351

G1 Z0F20000

(Start Block)


G1X102.3923Y-207.1351
G1Z5F20000
(Plotting speed under)
G1 F4000


G1X77.7608Y-179.0403

G1X83.7601Y-239.5330

G1 Z0F20000

(Start Block)


G1X83.7601Y-239.5330
G1Z5F20000
(Plotting speed under)
G1 F4000


G1X102.3923Y-207.1351

G1X47.4025Y-232.2312

G1 Z0F20000

(Start Block)


G1X47.4025Y-232.2312
G1Z5F20000
(Plotting speed under)
G1 F4000


G1X83.7601Y-239.5330

G1X43.1300Y-195.5899

G1 Z0F20000

(Start Block)


G1X43.1300Y-195.5899
G1Z5F20000
(Plotting speed under)
G1 F4000


G1X47.4025Y-232.2312

G1X76.8173Y-180.1457

G1 Z0F20000

(Start Block)


G1X76.8173Y-180.1457
G1Z5F20000
(Plotting speed under)
G1 F4000


G1X43.1300Y-195.5899

G1X102.3586Y-207.4085

G1 Z0F20000

(Start Block)


G1X102.3586Y-207.4085
G1Z5F20000
(Plotting speed under)
G1 F4000


G1X76.8173Y-180.1457

G1X84.8029Y-240.4075

G1 Z0F20000

(Start Block)


G1X84.8029Y-240.4075
G1Z5F20000
(Plotting speed under)
G1 F4000


G1X102.3586Y-207.4085

G1X48.2143Y-234.3168

G1 Z0F20000

(Start Block)


G1X48.2143Y-234.3168
G1Z5F20000
(Plotting speed under)
G1 F4000


G1X84.8029Y-240.4075

G1X42.7197Y-197.8382

G1 Z0F20000

(Start Block)


G1X42.7197Y-197.8382
G1Z5F20000
(Plotting speed under)
G1 F4000


G1X48.2143Y-234.3168

G1X75.8673Y-181.2855

G1 Z0F20000

(Start Block)


G1X75.8673Y-181.2855
G1Z5F20000
(Plotting speed under)
G1 F4000


G1X42.7197Y-197.8382

G1X102.2903Y-207.6866

G1 Z0F20000

(Start Block)


G1X102.2903Y-207.6866
G1Z5F20000
(Plotting speed under)
G1 F4000


G1X75.8673Y-181.2855

G1X85.8304Y-241.2506

G1 Z0F20000

(Start Block)


G1X85.8304Y-241.2506
G1Z5F20000
(Plotting speed under)
G1 F4000


G1X102.2903Y-207.6866

G1X49.0511Y-236.3780

G1 Z0F20000

(Start Block)


G1X49.0511Y-236.3780
G1Z5F20000
(Plotting speed under)
G1 F4000


G1X85.8304Y-241.2506

G1X42.3404Y-200.1025

G1 Z0F20000

(Start Block)


G1X42.3404Y-200.1025
G1Z5F20000
(Plotting speed under)
G1 F4000


G1X49.0511Y-236.3780

G1X74.9118Y-182.4598

G1 Z0F20000

(Start Block)


G1X74.9118Y-182.4598
G1Z5F20000
(Plotting speed under)
G1 F4000


G1X42.3404Y-200.1025

G1X102.1875Y-207.9704

G1 Z0F20000

(Start Block)


G1X102.1875Y-207.9704
G1Z5F20000
(Plotting speed under)
G1 F4000


G1X74.9118Y-182.4598

G1X86.8415Y-242.0628

G1 Z0F20000

(Start Block)


G1X86.8415Y-242.0628
G1Z5F20000
(Plotting speed under)
G1 F4000


G1X102.1875Y-207.9704

G1X49.9121Y-238.4139

G1 Z0F20000

(Start Block)


G1X49.9121Y-238.4139
G1Z5F20000
(Plotting speed under)
G1 F4000


G1X86.8415Y-242.0628

G1X41.9928Y-202.3818

G1 Z0F20000

(Start Block)


G1X41.9928Y-202.3818
G1Z5F20000
(Plotting speed under)
G1 F4000


G1X49.9121Y-238.4139

G1X73.9521Y-183.6688

G1 Z0F20000

(Start Block)


G1X73.9521Y-183.6688
G1Z5F20000
(Plotting speed under)
G1 F4000


G1X41.9928Y-202.3818

G1X102.0505Y-208.2612

G1 Z0F20000

(Start Block)


G1X102.0505Y-208.2612
G1Z5F20000
(Plotting speed under)
G1 F4000


G1X73.9521Y-183.6688

G1X87.8353Y-242.8447

G1 Z0F20000

(Start Block)


G1X87.8353Y-242.8447
G1Z5F20000
(Plotting speed under)
G1 F4000


G1X102.0505Y-208.2612

G1X50.7963Y-240.4237

G1 Z0F20000

(Start Block)


G1X50.7963Y-240.4237
G1Z5F20000
(Plotting speed under)
G1 F4000


G1X87.8353Y-242.8447

G1X41.6771Y-204.6750

G1 Z0F20000

(Start Block)


G1X41.6771Y-204.6750
G1Z5F20000
(Plotting speed under)
G1 F4000


G1X50.7963Y-240.4237

G1X72.9892Y-184.9127

G1 Z0F20000

(Start Block)


G1X72.9892Y-184.9127
G1Z5F20000
(Plotting speed under)
G1 F4000


G1X41.6771Y-204.6750

G1X101.8793Y-208.5599

G1 Z0F20000

(Start Block)


G1X101.8793Y-208.5599
G1Z5F20000
(Plotting speed under)
G1 F4000


G1X72.9892Y-184.9127

G1X88.8108Y-243.5968

G1 Z0F20000

(Start Block)


G1X88.8108Y-243.5968
G1Z5F20000
(Plotting speed under)
G1 F4000


G1X101.8793Y-208.5599

G1X51.7031Y-242.4068

G1 Z0F20000

(Start Block)


G1X51.7031Y-242.4068
G1Z5F20000
(Plotting speed under)
G1 F4000


G1X88.8108Y-243.5968

G1X41.3941Y-206.9810

G1 Z0F20000

(Start Block)


G1X41.3941Y-206.9810
G1Z5F20000
(Plotting speed under)
G1 F4000


G1X51.7031Y-242.4068

G1X72.0244Y-186.1914

G1 Z0F20000

(Start Block)


G1X72.0244Y-186.1914
G1Z5F20000
(Plotting speed under)
G1 F4000


G1X41.3941Y-206.9810

G1X101.6745Y-208.8678

G1 Z0F20000

(Start Block)


G1X101.6745Y-208.8678
G1Z5F20000
(Plotting speed under)
G1 F4000


G1X72.0244Y-186.1914

G1X89.7669Y-244.3197

G1 Z0F20000

(Start Block)


G1X89.7669Y-244.3197
G1Z5F20000
(Plotting speed under)
G1 F4000


G1X101.6745Y-208.8678

G1X52.6314Y-244.3624

G1 Z0F20000

(Start Block)


G1X52.6314Y-244.3624
G1Z5F20000
(Plotting speed under)
G1 F4000


G1X89.7669Y-244.3197

G1X41.1439Y-209.2989

G1 Z0F20000

(Start Block)


G1X41.1439Y-209.2989
G1Z5F20000
(Plotting speed under)
G1 F4000


G1X52.6314Y-244.3624

G1X71.0589Y-187.5052

G1 Z0F20000

(Start Block)


G1X71.0589Y-187.5052
G1Z5F20000
(Plotting speed under)
G1 F4000


G1X41.1439Y-209.2989

G1X101.4363Y-209.1860

G1 Z0F20000

(Start Block)


G1X101.4363Y-209.1860
G1Z5F20000
(Plotting speed under)
G1 F4000


G1X71.0589Y-187.5052

G1X90.7027Y-245.0142

G1 Z0F20000

(Start Block)


G1X90.7027Y-245.0142
G1Z5F20000
(Plotting speed under)
G1 F4000


G1X101.4363Y-209.1860

G1X53.5803Y-246.2897

G1 Z0F20000

(Start Block)


G1X53.5803Y-246.2897
G1Z5F20000
(Plotting speed under)
G1 F4000


G1X90.7027Y-245.0142

G1X40.9270Y-211.6274

G1 Z0F20000

(Start Block)


G1X40.9270Y-211.6274
G1Z5F20000
(Plotting speed under)
G1 F4000


G1X53.5803Y-246.2897

G1X70.0937Y-188.8538

G1 Z0F20000

(Start Block)


G1X70.0937Y-188.8538
G1Z5F20000
(Plotting speed under)
G1 F4000


G1X40.9270Y-211.6274

G1X101.1649Y-209.5156

G1 Z0F20000

(Start Block)


G1X101.1649Y-209.5156
G1Z5F20000
(Plotting speed under)
G1 F4000


G1X70.0937Y-188.8538

G1X91.6173Y-245.6809

G1 Z0F20000

(Start Block)


G1X91.6173Y-245.6809
G1Z5F20000
(Plotting speed under)
G1 F4000


G1X101.1649Y-209.5156

G1X54.5489Y-248.1881

G1 Z0F20000

(Start Block)


G1X54.5489Y-248.1881
G1Z5F20000
(Plotting speed under)
G1 F4000


G1X91.6173Y-245.6809

G1X40.7438Y-213.9654

G1 Z0F20000

(Start Block)


G1X40.7438Y-213.9654
G1Z5F20000
(Plotting speed under)
G1 F4000


G1X54.5489Y-248.1881

G1X69.1300Y-190.2374

G1 Z0F20000

(Start Block)


G1X69.1300Y-190.2374
G1Z5F20000
(Plotting speed under)
G1 F4000


G1X40.7438Y-213.9654

G1X100.8610Y-209.8576

G1 Z0F20000

(Start Block)


G1X100.8610Y-209.8576
G1Z5F20000
(Plotting speed under)
G1 F4000


G1X69.1300Y-190.2374

G1X92.5097Y-246.3205

G1 Z0F20000

(Start Block)


G1X92.5097Y-246.3205
G1Z5F20000
(Plotting speed under)
G1 F4000


G1X100.8610Y-209.8576

G1X55.5362Y-250.0570

G1 Z0F20000

(Start Block)


G1X55.5362Y-250.0570
G1Z5F20000
(Plotting speed under)
G1 F4000


G1X92.5097Y-246.3205

G1X40.5944Y-216.3119

G1 Z0F20000

(Start Block)


G1X40.5944Y-216.3119
G1Z5F20000
(Plotting speed under)
G1 F4000


G1X55.5362Y-250.0570

G1X68.1690Y-191.6559

G1 Z0F20000

(Start Block)


G1X68.1690Y-191.6559
G1Z5F20000
(Plotting speed under)
G1 F4000


G1X40.5944Y-216.3119

G1X100.5248Y-210.2132

G1 Z0F20000

(Start Block)


G1X100.5248Y-210.2132
G1Z5F20000
(Plotting speed under)
G1 F4000


G1X68.1690Y-191.6559

G1X93.3792Y-246.9339

G1 Z0F20000

(Start Block)


G1X93.3792Y-246.9339
G1Z5F20000
(Plotting speed under)
G1 F4000


G1X100.5248Y-210.2132

G1X56.5413Y-251.8957

G1 Z0F20000

(Start Block)


G1X56.5413Y-251.8957
G1Z5F20000
(Plotting speed under)
G1 F4000


G1X93.3792Y-246.9339

G1X40.4793Y-218.6657

G1 Z0F20000

(Start Block)


G1X40.4793Y-218.6657
G1Z5F20000
(Plotting speed under)
G1 F4000


G1X56.5413Y-251.8957

G1X67.2119Y-193.1091

G1 Z0F20000

(Start Block)


G1X67.2119Y-193.1091
G1Z5F20000
(Plotting speed under)
G1 F4000


G1X40.4793Y-218.6657

G1X100.1568Y-210.5834

G1 Z0F20000

(Start Block)


G1X100.1568Y-210.5834
G1Z5F20000
(Plotting speed under)
G1 F4000


G1X67.2119Y-193.1091

G1X94.2248Y-247.5216

G1 Z0F20000

(Start Block)


G1X94.2248Y-247.5216
G1Z5F20000
(Plotting speed under)
G1 F4000


G1X100.1568Y-210.5834

G1X57.5630Y-253.7038

G1 Z0F20000

(Start Block)


G1X57.5630Y-253.7038
G1Z5F20000
(Plotting speed under)
G1 F4000


G1X94.2248Y-247.5216

G1X40.3986Y-221.0257

G1 Z0F20000

(Start Block)


G1X40.3986Y-221.0257
G1Z5F20000
(Plotting speed under)
G1 F4000


G1X57.5630Y-253.7038

G1X66.2598Y-194.5969

G1 Z0F20000

(Start Block)


G1X66.2598Y-194.5969
G1Z5F20000
(Plotting speed under)
G1 F4000


G1X40.3986Y-221.0257

G1X99.7575Y-210.9692

G1 Z0F20000

(Start Block)


G1X99.7575Y-210.9692
G1Z5F20000
(Plotting speed under)
G1 F4000


G1X66.2598Y-194.5969

G1X95.0456Y-248.0847

G1 Z0F20000

(Start Block)


G1X95.0456Y-248.0847
G1Z5F20000
(Plotting speed under)
G1 F4000


G1X99.7575Y-210.9692

G1X58.6004Y-255.4805

G1 Z0F20000

(Start Block)


G1X58.6004Y-255.4805
G1Z5F20000
(Plotting speed under)
G1 F4000


G1X95.0456Y-248.0847

G1X40.3525Y-223.3907

G1 Z0F20000

(Start Block)


G1X40.3525Y-223.3907
G1Z5F20000
(Plotting speed under)
G1 F4000


G1X58.6004Y-255.4805

G1X65.3138Y-196.1191

G1 Z0F20000

(Start Block)


G1X65.3138Y-196.1191
G1Z5F20000
(Plotting speed under)
G1 F4000


G1X40.3525Y-223.3907

G1X99.3276Y-211.3717

G1 Z0F20000

(Start Block)


G1X99.3276Y-211.3717
G1Z5F20000
(Plotting speed under)
G1 F4000


G1X65.3138Y-196.1191

G1X95.8409Y-248.6238

G1 Z0F20000

(Start Block)


G1X95.8409Y-248.6238
G1Z5F20000
(Plotting speed under)
G1 F4000


G1X99.3276Y-211.3717

G1X59.6525Y-257.2255

G1 Z0F20000

(Start Block)


G1X59.6525Y-257.2255
G1Z5F20000
(Plotting speed under)
G1 F4000


G1X95.8409Y-248.6238

G1X40.3411Y-225.7596

G1 Z0F20000

(Start Block)


G1X40.3411Y-225.7596
G1Z5F20000
(Plotting speed under)
G1 F4000


G1X59.6525Y-257.2255

G1X64.3751Y-197.6756

G1 Z0F20000

(Start Block)


G1X64.3751Y-197.6756
G1Z5F20000
(Plotting speed under)
G1 F4000


G1X40.3411Y-225.7596

G1X98.8674Y-211.7919

G1 Z0F20000

(Start Block)


G1X98.8674Y-211.7919
G1Z5F20000
(Plotting speed under)
G1 F4000


G1X64.3751Y-197.6756

G1X96.6100Y-249.1399

G1 Z0F20000

(Start Block)


G1X96.6100Y-249.1399
G1Z5F20000
(Plotting speed under)
G1 F4000


G1X98.8674Y-211.7919

G1X60.7181Y-258.9383

G1 Z0F20000

(Start Block)


G1X60.7181Y-258.9383
G1Z5F20000
(Plotting speed under)
G1 F4000


G1X96.6100Y-249.1399

G1X40.3646Y-228.1312

G1 Z0F20000

(Start Block)


G1X40.3646Y-228.1312
G1Z5F20000
(Plotting speed under)
G1 F4000


G1X60.7181Y-258.9383

G1X63.4448Y-199.2659

G1 Z0F20000

(Start Block)


G1X63.4448Y-199.2659
G1Z5F20000
(Plotting speed under)
G1 F4000


G1X40.3646Y-228.1312

G1X98.3778Y-212.2308

G1 Z0F20000

(Start Block)


G1X98.3778Y-212.2308
G1Z5F20000
(Plotting speed under)
G1 F4000


G1X63.4448Y-199.2659

G1X97.3520Y-249.6339

G1 Z0F20000

(Start Block)


G1X97.3520Y-249.6339
G1Z5F20000
(Plotting speed under)
G1 F4000


G1X98.3778Y-212.2308

G1X61.7962Y-260.6185

G1 Z0F20000

(Start Block)


G1X61.7962Y-260.6185
G1Z5F20000
(Plotting speed under)
G1 F4000


G1X97.3520Y-249.6339

G1X40.4230Y-230.5044

G1 Z0F20000

(Start Block)


G1X40.4230Y-230.5044
G1Z5F20000
(Plotting speed under)
G1 F4000


G1X61.7962Y-260.6185

G1X62.5240Y-200.8899

G1 Z0F20000

(Start Block)


G1X62.5240Y-200.8899
G1Z5F20000
(Plotting speed under)
G1 F4000


G1X40.4230Y-230.5044

G1X97.8592Y-212.6894

G1 Z0F20000

(Start Block)


G1X97.8592Y-212.6894
G1Z5F20000
(Plotting speed under)
G1 F4000


G1X62.5240Y-200.8899

G1X98.0662Y-250.1066

G1 Z0F20000

(Start Block)


G1X98.0662Y-250.1066
G1Z5F20000
(Plotting speed under)
G1 F4000


G1X97.8592Y-212.6894

G1X62.8857Y-262.2656

G1 Z0F20000

(Start Block)


G1X62.8857Y-262.2656
G1Z5F20000
(Plotting speed under)
G1 F4000


G1X98.0662Y-250.1066

G1X40.5164Y-232.8779

G1 Z0F20000

(Start Block)


G1X40.5164Y-232.8779
G1Z5F20000
(Plotting speed under)
G1 F4000


G1X62.8857Y-262.2656

G1X61.6139Y-202.5472

G1 Z0F20000

(Start Block)


G1X61.6139Y-202.5472
G1Z5F20000
(Plotting speed under)
G1 F4000


G1X40.5164Y-232.8779

G1X97.3123Y-213.1685

G1 Z0F20000

(Start Block)


G1X97.3123Y-213.1685
G1Z5F20000
(Plotting speed under)
G1 F4000


G1X61.6139Y-202.5472

G1X98.7520Y-250.5590

G1 Z0F20000

(Start Block)


G1X98.7520Y-250.5590
G1Z5F20000
(Plotting speed under)
G1 F4000


G1X97.3123Y-213.1685

G1X63.9855Y-263.8793

G1 Z0F20000

(Start Block)


G1X63.9855Y-263.8793
G1Z5F20000
(Plotting speed under)
G1 F4000


G1X98.7520Y-250.5590

G1X40.6447Y-235.2507

G1 Z0F20000

(Start Block)


G1X40.6447Y-235.2507
G1Z5F20000
(Plotting speed under)
G1 F4000


G1X63.9855Y-263.8793

G1X60.7155Y-204.2374

G1 Z0F20000

(Start Block)


G1X60.7155Y-204.2374
G1Z5F20000
(Plotting speed under)
G1 F4000


G1X40.6447Y-235.2507

G1X96.7380Y-213.6692

G1 Z0F20000

(Start Block)


G1X96.7380Y-213.6692
G1Z5F20000
(Plotting speed under)
G1 F4000


G1X60.7155Y-204.2374

G1X99.4086Y-250.9920

G1 Z0F20000

(Start Block)


G1X99.4086Y-250.9920
G1Z5F20000
(Plotting speed under)
G1 F4000


G1X96.7380Y-213.6692

G1X65.0945Y-265.4593

G1 Z0F20000

(Start Block)


G1X65.0945Y-265.4593
G1Z5F20000
(Plotting speed under)
G1 F4000


G1X99.4086Y-250.9920

G1X40.8079Y-237.6216

G1 Z0F20000

(Start Block)


G1X40.8079Y-237.6216
G1Z5F20000
(Plotting speed under)
G1 F4000


G1X65.0945Y-265.4593

G1X59.8299Y-205.9602

G1 Z0F20000

(Start Block)


G1X59.8299Y-205.9602
G1Z5F20000
(Plotting speed under)
G1 F4000


G1X40.8079Y-237.6216

G1X96.1368Y-214.1923

G1 Z0F20000

(Start Block)


G1X96.1368Y-214.1923
G1Z5F20000
(Plotting speed under)
G1 F4000


G1X59.8299Y-205.9602

G1X100.0356Y-251.4067

G1 Z0F20000

(Start Block)


G1X100.0356Y-251.4067
G1Z5F20000
(Plotting speed under)
G1 F4000


G1X96.1368Y-214.1923

G1X66.2116Y-267.0052

G1 Z0F20000

(Start Block)


G1X66.2116Y-267.0052
G1Z5F20000
(Plotting speed under)
G1 F4000


G1X100.0356Y-251.4067

G1X41.0060Y-239.9894

G1 Z0F20000

(Start Block)


G1X41.0060Y-239.9894
G1Z5F20000
(Plotting speed under)
G1 F4000


G1X66.2116Y-267.0052

G1X58.9582Y-207.7150

G1 Z0F20000

(Start Block)


G1X58.9582Y-207.7150
G1Z5F20000
(Plotting speed under)
G1 F4000


G1X41.0060Y-239.9894

G1X95.5095Y-214.7387

G1 Z0F20000

(Start Block)


G1X95.5095Y-214.7387
G1Z5F20000
(Plotting speed under)
G1 F4000


G1X58.9582Y-207.7150

G1X100.6322Y-251.8040

G1 Z0F20000

(Start Block)


G1X100.6322Y-251.8040
G1Z5F20000
(Plotting speed under)
G1 F4000


G1X95.5095Y-214.7387

G1X67.3356Y-268.5169

G1 Z0F20000

(Start Block)


G1X67.3356Y-268.5169
G1Z5F20000
(Plotting speed under)
G1 F4000


G1X100.6322Y-251.8040

G1X41.2387Y-242.3530

G1 Z0F20000

(Start Block)


G1X41.2387Y-242.3530
G1Z5F20000
(Plotting speed under)
G1 F4000


G1X67.3356Y-268.5169

G1X58.1016Y-209.5015

G1 Z0F20000

(Start Block)


G1X58.1016Y-209.5015
G1Z5F20000
(Plotting speed under)
G1 F4000


G1X41.2387Y-242.3530

G1X94.8569Y-215.3092

G1 Z0F20000

(Start Block)


G1X94.8569Y-215.3092
G1Z5F20000
(Plotting speed under)
G1 F4000


G1X58.1016Y-209.5015

G1X101.1978Y-252.1849

G1 Z0F20000

(Start Block)


G1X101.1978Y-252.1849
G1Z5F20000
(Plotting speed under)
G1 F4000


G1X94.8569Y-215.3092

G1X68.4654Y-269.9941

G1 Z0F20000

(Start Block)


G1X68.4654Y-269.9941
G1Z5F20000
(Plotting speed under)
G1 F4000


G1X101.1978Y-252.1849

G1X41.5061Y-244.7112

G1 Z0F20000

(Start Block)


G1X41.5061Y-244.7112
G1Z5F20000
(Plotting speed under)
G1 F4000


G1X68.4654Y-269.9941

G1X57.2608Y-211.3190

G1 Z0F20000

(Start Block)


G1X57.2608Y-211.3190
G1Z5F20000
(Plotting speed under)
G1 F4000


G1X41.5061Y-244.7112

G1X94.1799Y-215.9048

G1 Z0F20000

(Start Block)


G1X94.1799Y-215.9048
G1Z5F20000
(Plotting speed under)
G1 F4000


G1X57.2608Y-211.3190

G1X101.7321Y-252.5505

G1 Z0F20000

(Start Block)


G1X101.7321Y-252.5505
G1Z5F20000
(Plotting speed under)
G1 F4000


G1X94.1799Y-215.9048

G1X69.5998Y-271.4366

G1 Z0F20000

(Start Block)


G1X69.5998Y-271.4366
G1Z5F20000
(Plotting speed under)
G1 F4000


G1X101.7321Y-252.5505

G1X41.8077Y-247.0629

G1 Z0F20000

(Start Block)


G1X41.8077Y-247.0629
G1Z5F20000
(Plotting speed under)
G1 F4000


G1X69.5998Y-271.4366

G1X56.4371Y-213.1670

G1 Z0F20000

(Start Block)


G1X56.4371Y-213.1670
G1Z5F20000
(Plotting speed under)
G1 F4000


G1X41.8077Y-247.0629

G1X93.4793Y-216.5261

G1 Z0F20000

(Start Block)


G1X93.4793Y-216.5261
G1Z5F20000
(Plotting speed under)
G1 F4000


G1X56.4371Y-213.1670

G1X102.2344Y-252.9018

G1 Z0F20000

(Start Block)


G1X102.2344Y-252.9018
G1Z5F20000
(Plotting speed under)
G1 F4000


G1X93.4793Y-216.5261

G1X70.7377Y-272.8444

G1 Z0F20000

(Start Block)


G1X70.7377Y-272.8444
G1Z5F20000
(Plotting speed under)
G1 F4000


G1X102.2344Y-252.9018

G1X42.1435Y-249.4069

G1 Z0F20000

(Start Block)


G1X42.1435Y-249.4069
G1Z5F20000
(Plotting speed under)
G1 F4000


G1X70.7377Y-272.8444

G1X55.6315Y-215.0451

G1 Z0F20000

(Start Block)


G1X55.6315Y-215.0451
G1Z5F20000
(Plotting speed under)
G1 F4000


G1X42.1435Y-249.4069

G1X92.7560Y-217.1740

G1 Z0F20000

(Start Block)


G1X92.7560Y-217.1740
G1Z5F20000
(Plotting speed under)
G1 F4000


G1X55.6315Y-215.0451

G1X102.7044Y-253.2399

G1 Z0F20000

(Start Block)


G1X102.7044Y-253.2399
G1Z5F20000
(Plotting speed under)
G1 F4000


G1X92.7560Y-217.1740

G1X71.8780Y-274.2173

G1 Z0F20000

(Start Block)


G1X71.8780Y-274.2173
G1Z5F20000
(Plotting speed under)
G1 F4000


G1X102.7044Y-253.2399

G1X42.5131Y-251.7422

G1 Z0F20000

(Start Block)


G1X42.5131Y-251.7422
G1Z5F20000
(Plotting speed under)
G1 F4000


G1X71.8780Y-274.2173

G1X54.8448Y-216.9524

G1 Z0F20000

(Start Block)


G1X54.8448Y-216.9524
G1Z5F20000
(Plotting speed under)
G1 F4000


G1X42.5131Y-251.7422

G1X92.0108Y-217.8491

G1 Z0F20000

(Start Block)


G1X92.0108Y-217.8491
G1Z5F20000
(Plotting speed under)
G1 F4000


G1X54.8448Y-216.9524

G1X103.1416Y-253.5658

G1 Z0F20000

(Start Block)


G1X103.1416Y-253.5658
G1Z5F20000
(Plotting speed under)
G1 F4000


G1X92.0108Y-217.8491

G1X73.0194Y-275.5552

G1 Z0F20000

(Start Block)


G1X73.0194Y-275.5552
G1Z5F20000
(Plotting speed under)
G1 F4000


G1X103.1416Y-253.5658

G1X42.9163Y-254.0675

G1 Z0F20000

(Start Block)


G1X42.9163Y-254.0675
G1Z5F20000
(Plotting speed under)
G1 F4000


G1X73.0194Y-275.5552

G1X54.0781Y-218.8885

G1 Z0F20000

(Start Block)


G1X54.0781Y-218.8885
G1Z5F20000
(Plotting speed under)
G1 F4000


G1X42.9163Y-254.0675

G1X91.2446Y-218.5523

G1 Z0F20000

(Start Block)


G1X91.2446Y-218.5523
G1Z5F20000
(Plotting speed under)
G1 F4000


G1X54.0781Y-218.8885

G1X103.5457Y-253.8807

G1 Z0F20000

(Start Block)


G1X103.5457Y-253.8807
G1Z5F20000
(Plotting speed under)
G1 F4000


G1X91.2446Y-218.5523

G1X74.1609Y-276.8582

G1 Z0F20000

(Start Block)


G1X74.1609Y-276.8582
G1Z5F20000
(Plotting speed under)
G1 F4000


G1X103.5457Y-253.8807

G1X43.3526Y-256.3818

G1 Z0F20000

(Start Block)


G1X43.3526Y-256.3818
G1Z5F20000
(Plotting speed under)
G1 F4000


G1X74.1609Y-276.8582

G1X53.3324Y-220.8526

G1 Z0F20000

(Start Block)


G1X53.3324Y-220.8526
G1Z5F20000
(Plotting speed under)
G1 F4000


G1X43.3526Y-256.3818

G1X90.4584Y-219.2841

G1 Z0F20000

(Start Block)


G1X90.4584Y-219.2841
G1Z5F20000
(Plotting speed under)
G1 F4000


G1X53.3324Y-220.8526

G1X103.9162Y-254.1857

G1 Z0F20000

(Start Block)


G1X103.9162Y-254.1857
G1Z5F20000
(Plotting speed under)
G1 F4000


G1X90.4584Y-219.2841

G1X75.3012Y-278.1262

G1 Z0F20000

(Start Block)


G1X75.3012Y-278.1262
G1Z5F20000
(Plotting speed under)
G1 F4000


G1X103.9162Y-254.1857

G1X43.8217Y-258.6840

G1 Z0F20000

(Start Block)


G1X43.8217Y-258.6840
G1Z5F20000
(Plotting speed under)
G1 F4000


G1X75.3012Y-278.1262

G1X52.6084Y-222.8440

G1 Z0F20000

(Start Block)


G1X52.6084Y-222.8440
G1Z5F20000
(Plotting speed under)
G1 F4000


G1X43.8217Y-258.6840

G1X89.6533Y-220.0453

G1 Z0F20000

(Start Block)


G1X89.6533Y-220.0453
G1Z5F20000
(Plotting speed under)
G1 F4000


G1X52.6084Y-222.8440

G1X104.2528Y-254.4819

G1 Z0F20000

(Start Block)


G1X104.2528Y-254.4819
G1Z5F20000
(Plotting speed under)
G1 F4000


G1X89.6533Y-220.0453

G1X76.4392Y-279.3593

G1 Z0F20000

(Start Block)


G1X76.4392Y-279.3593
G1Z5F20000
(Plotting speed under)
G1 F4000


G1X104.2528Y-254.4819

G1X44.3232Y-260.9730

G1 Z0F20000

(Start Block)


G1X44.3232Y-260.9730
G1Z5F20000
(Plotting speed under)
G1 F4000


G1X76.4392Y-279.3593

G1X51.9072Y-224.8620

G1 Z0F20000

(Start Block)


G1X51.9072Y-224.8620
G1Z5F20000
(Plotting speed under)
G1 F4000


G1X44.3232Y-260.9730

G1X88.8300Y-220.8365

G1 Z0F20000

(Start Block)


G1X88.8300Y-220.8365
G1Z5F20000
(Plotting speed under)
G1 F4000


G1X51.9072Y-224.8620

G1X104.5554Y-254.7704

G1 Z0F20000

(Start Block)


G1X104.5554Y-254.7704
G1Z5F20000
(Plotting speed under)
G1 F4000


G1X88.8300Y-220.8365

G1X77.5738Y-280.5577

G1 Z0F20000

(Start Block)


G1X77.5738Y-280.5577
G1Z5F20000
(Plotting speed under)
G1 F4000


G1X104.5554Y-254.7704

G1X44.8567Y-263.2478

G1 Z0F20000

(Start Block)


G1X44.8567Y-263.2478
G1Z5F20000
(Plotting speed under)
G1 F4000


G1X77.5738Y-280.5577

G1X51.2296Y-226.9057

G1 Z0F20000

(Start Block)


G1X51.2296Y-226.9057
G1Z5F20000
(Plotting speed under)
G1 F4000


G1X44.8567Y-263.2478

G1X87.9898Y-221.6581

G1 Z0F20000

(Start Block)


G1X87.9898Y-221.6581
G1Z5F20000
(Plotting speed under)
G1 F4000


G1X51.2296Y-226.9057

G1X104.8236Y-255.0523

G1 Z0F20000

(Start Block)


G1X104.8236Y-255.0523
G1Z5F20000
(Plotting speed under)
G1 F4000


G1X87.9898Y-221.6581

G1X78.7037Y-281.7214

G1 Z0F20000

(Start Block)


G1X78.7037Y-281.7214
G1Z5F20000
(Plotting speed under)
G1 F4000


G1X104.8236Y-255.0523

G1X45.4215Y-265.5073

G1 Z0F20000

(Start Block)


G1X45.4215Y-265.5073
G1Z5F20000
(Plotting speed under)
G1 F4000


G1X78.7037Y-281.7214

G1X50.5763Y-228.9745

G1 Z0F20000

(Start Block)


G1X50.5763Y-228.9745
G1Z5F20000
(Plotting speed under)
G1 F4000


G1X45.4215Y-265.5073

G1X87.1335Y-222.5108

G1 Z0F20000

(Start Block)


G1X87.1335Y-222.5108
G1Z5F20000
(Plotting speed under)
G1 F4000


G1X50.5763Y-228.9745

G1X105.0573Y-255.3288

G1 Z0F20000

(Start Block)


G1X105.0573Y-255.3288
G1Z5F20000
(Plotting speed under)
G1 F4000


G1X87.1335Y-222.5108

G1X79.8279Y-282.8506

G1 Z0F20000

(Start Block)


G1X79.8279Y-282.8506
G1Z5F20000
(Plotting speed under)
G1 F4000


G1X105.0573Y-255.3288

G1X46.0173Y-267.7505

G1 Z0F20000

(Start Block)


G1X46.0173Y-267.7505
G1Z5F20000
(Plotting speed under)
G1 F4000


G1X79.8279Y-282.8506

G1X49.9484Y-231.0674

G1 Z0F20000

(Start Block)


G1X49.9484Y-231.0674
G1Z5F20000
(Plotting speed under)
G1 F4000


G1X46.0173Y-267.7505

G1X86.2622Y-223.3951

G1 Z0F20000

(Start Block)


G1X86.2622Y-223.3951
G1Z5F20000
(Plotting speed under)
G1 F4000


G1X49.9484Y-231.0674

G1X105.2563Y-255.6011

G1 Z0F20000

(Start Block)


G1X105.2563Y-255.6011
G1Z5F20000
(Plotting speed under)
G1 F4000


G1X86.2622Y-223.3951

G1X80.9451Y-283.9455

G1 Z0F20000

(Start Block)


G1X80.9451Y-283.9455
G1Z5F20000
(Plotting speed under)
G1 F4000


G1X105.2563Y-255.6011

G1X46.6434Y-269.9763

G1 Z0F20000

(Start Block)


G1X46.6434Y-269.9763
G1Z5F20000
(Plotting speed under)
G1 F4000


G1X80.9451Y-283.9455

G1X49.3465Y-233.1837

G1 Z0F20000

(Start Block)


G1X49.3465Y-233.1837
G1Z5F20000
(Plotting speed under)
G1 F4000


G1X46.6434Y-269.9763

G1X85.3770Y-224.3115

G1 Z0F20000

(Start Block)


G1X85.3770Y-224.3115
G1Z5F20000
(Plotting speed under)
G1 F4000


G1X49.3465Y-233.1837

G1X105.4204Y-255.8702

G1 Z0F20000

(Start Block)


G1X105.4204Y-255.8702
G1Z5F20000
(Plotting speed under)
G1 F4000


G1X85.3770Y-224.3115

G1X82.0543Y-285.0064

G1 Z0F20000

(Start Block)


G1X82.0543Y-285.0064
G1Z5F20000
(Plotting speed under)
G1 F4000


G1X105.4204Y-255.8702

G1X47.2993Y-272.1837

G1 Z0F20000

(Start Block)


G1X47.2993Y-272.1837
G1Z5F20000
(Plotting speed under)
G1 F4000


G1X82.0543Y-285.0064

G1X48.7714Y-235.3224

G1 Z0F20000

(Start Block)


G1X48.7714Y-235.3224
G1Z5F20000
(Plotting speed under)
G1 F4000


G1X47.2993Y-272.1837

G1X84.4789Y-225.2603

G1 Z0F20000

(Start Block)


G1X84.4789Y-225.2603
G1Z5F20000
(Plotting speed under)
G1 F4000


G1X48.7714Y-235.3224

G1X105.5497Y-256.1374

G1 Z0F20000

(Start Block)


G1X105.5497Y-256.1374
G1Z5F20000
(Plotting speed under)
G1 F4000


G1X84.4789Y-225.2603

G1X83.1544Y-286.0336

G1 Z0F20000

(Start Block)


G1X83.1544Y-286.0336
G1Z5F20000
(Plotting speed under)
G1 F4000


G1X105.5497Y-256.1374

G1X47.9843Y-274.3718

G1 Z0F20000

(Start Block)


G1X47.9843Y-274.3718
G1Z5F20000
(Plotting speed under)
G1 F4000


G1X83.1544Y-286.0336

G1X48.2238Y-237.4827

G1 Z0F20000

(Start Block)


G1X48.2238Y-237.4827
G1Z5F20000
(Plotting speed under)
G1 F4000


G1X47.9843Y-274.3718

G1X83.5691Y-226.2422

G1 Z0F20000

(Start Block)


G1X83.5691Y-226.2422
G1Z5F20000
(Plotting speed under)
G1 F4000


G1X48.2238Y-237.4827

G1X105.6439Y-256.4039

G1 Z0F20000

(Start Block)


G1X105.6439Y-256.4039
G1Z5F20000
(Plotting speed under)
G1 F4000


G1X83.5691Y-226.2422

G1X84.2442Y-287.0273

G1 Z0F20000

(Start Block)


G1X84.2442Y-287.0273
G1Z5F20000
(Plotting speed under)
G1 F4000


G1X105.6439Y-256.4039

G1X48.6978Y-276.5396

G1 Z0F20000

(Start Block)


G1X48.6978Y-276.5396
G1Z5F20000
(Plotting speed under)
G1 F4000


G1X84.2442Y-287.0273

G1X47.7045Y-239.6636

G1 Z0F20000

(Start Block)


G1X47.7045Y-239.6636
G1Z5F20000
(Plotting speed under)
G1 F4000


G1X48.6978Y-276.5396

G1X82.6486Y-227.2572

G1 Z0F20000

(Start Block)


G1X82.6486Y-227.2572
G1Z5F20000
(Plotting speed under)
G1 F4000


G1X47.7045Y-239.6636

G1X105.7033Y-256.6707

G1 Z0F20000

(Start Block)


G1X105.7033Y-256.6707
G1Z5F20000
(Plotting speed under)
G1 F4000


G1X82.6486Y-227.2572

G1X85.3226Y-287.9880

G1 Z0F20000

(Start Block)


G1X85.3226Y-287.9880
G1Z5F20000
(Plotting speed under)
G1 F4000


G1X105.7033Y-256.6707

G1X49.4391Y-278.6862

G1 Z0F20000

(Start Block)


G1X49.4391Y-278.6862
G1Z5F20000
(Plotting speed under)
G1 F4000


G1X85.3226Y-287.9880

G1X47.2140Y-241.8642

G1 Z0F20000

(Start Block)


G1X47.2140Y-241.8642
G1Z5F20000
(Plotting speed under)
G1 F4000


G1X49.4391Y-278.6862

G1X81.7185Y-228.3060

G1 Z0F20000

(Start Block)


G1X81.7185Y-228.3060
G1Z5F20000
(Plotting speed under)
G1 F4000


G1X47.2140Y-241.8642

G1X105.7277Y-256.9390

G1 Z0F20000

(Start Block)


G1X105.7277Y-256.9390
G1Z5F20000
(Plotting speed under)
G1 F4000


G1X81.7185Y-228.3060

G1X86.3886Y-288.9160

G1 Z0F20000

(Start Block)


G1X86.3886Y-288.9160
G1Z5F20000
(Plotting speed under)
G1 F4000


G1X105.7277Y-256.9390

G1X50.2074Y-280.8107

G1 Z0F20000

(Start Block)


G1X50.2074Y-280.8107
G1Z5F20000
(Plotting speed under)
G1 F4000


G1X86.3886Y-288.9160

G1X46.7531Y-244.0835

G1 Z0F20000

(Start Block)


G1X46.7531Y-244.0835
G1Z5F20000
(Plotting speed under)
G1 F4000


G1X50.2074Y-280.8107

G1X80.7800Y-229.3886

G1 Z0F20000

(Start Block)


G1X80.7800Y-229.3886
G1Z5F20000
(Plotting speed under)
G1 F4000


G1X46.7531Y-244.0835

G1X105.7172Y-257.2100

G1 Z0F20000

(Start Block)


G1X105.7172Y-257.2100
G1Z5F20000
(Plotting speed under)
G1 F4000


G1X80.7800Y-229.3886

G1X87.4410Y-289.8118

G1 Z0F20000

(Start Block)


G1X87.4410Y-289.8118
G1Z5F20000
(Plotting speed under)
G1 F4000


G1X105.7172Y-257.2100

G1X51.0021Y-282.9121

G1 Z0F20000

(Start Block)


G1X51.0021Y-282.9121
G1Z5F20000
(Plotting speed under)
G1 F4000


G1X87.4410Y-289.8118

G1X46.3224Y-246.3205

G1 Z0F20000

(Start Block)


G1X46.3224Y-246.3205
G1Z5F20000
(Plotting speed under)
G1 F4000


G1X51.0021Y-282.9121

G1X79.8342Y-230.5055

G1 Z0F20000

(Start Block)


G1X79.8342Y-230.5055
G1Z5F20000
(Plotting speed under)
G1 F4000


G1X46.3224Y-246.3205

G1X105.6720Y-257.4849

G1 Z0F20000

(Start Block)


G1X105.6720Y-257.4849
G1Z5F20000
(Plotting speed under)
G1 F4000


G1X79.8342Y-230.5055

G1X88.4788Y-290.6759

G1 Z0F20000

(Start Block)


G1X88.4788Y-290.6759
G1Z5F20000
(Plotting speed under)
G1 F4000


G1X105.6720Y-257.4849

G1X51.8223Y-284.9897

G1 Z0F20000

(Start Block)


G1X51.8223Y-284.9897
G1Z5F20000
(Plotting speed under)
G1 F4000


G1X88.4788Y-290.6759

G1X45.9223Y-248.5742

G1 Z0F20000

(Start Block)


G1X45.9223Y-248.5742
G1Z5F20000
(Plotting speed under)
G1 F4000


G1X51.8223Y-284.9897

G1X78.8822Y-231.6567

G1 Z0F20000

(Start Block)


G1X78.8822Y-231.6567
G1Z5F20000
(Plotting speed under)
G1 F4000


G1X45.9223Y-248.5742

G1X105.5922Y-257.7647

G1 Z0F20000

(Start Block)


G1X105.5922Y-257.7647
G1Z5F20000
(Plotting speed under)
G1 F4000


G1X78.8822Y-231.6567

G1X89.5010Y-291.5086

G1 Z0F20000

(Start Block)


G1X89.5010Y-291.5086
G1Z5F20000
(Plotting speed under)
G1 F4000


G1X105.5922Y-257.7647

G1X52.6672Y-287.0425

G1 Z0F20000

(Start Block)


G1X52.6672Y-287.0425
G1Z5F20000
(Plotting speed under)
G1 F4000


G1X89.5010Y-291.5086

G1X45.5535Y-250.8436

G1 Z0F20000

(Start Block)


G1X45.5535Y-250.8436
G1Z5F20000
(Plotting speed under)
G1 F4000


G1X52.6672Y-287.0425

G1X77.9252Y-232.8426

G1 Z0F20000

(Start Block)


G1X77.9252Y-232.8426
G1Z5F20000
(Plotting speed under)
G1 F4000


G1X45.5535Y-250.8436

G1X105.4780Y-258.0507

G1 Z0F20000

(Start Block)


G1X105.4780Y-258.0507
G1Z5F20000
(Plotting speed under)
G1 F4000


G1X77.9252Y-232.8426

G1X90.5065Y-292.3107

G1 Z0F20000

(Start Block)


G1X90.5065Y-292.3107
G1Z5F20000
(Plotting speed under)
G1 F4000


G1X105.4780Y-258.0507

G1X53.5360Y-289.0699

G1 Z0F20000

(Start Block)


G1X53.5360Y-289.0699
G1Z5F20000
(Plotting speed under)
G1 F4000


G1X90.5065Y-292.3107

G1X45.2164Y-253.1276

G1 Z0F20000

(Start Block)


G1X45.2164Y-253.1276
G1Z5F20000
(Plotting speed under)
G1 F4000


G1X53.5360Y-289.0699

G1X76.9643Y-234.0632

G1 Z0F20000

(Start Block)


G1X76.9643Y-234.0632
G1Z5F20000
(Plotting speed under)
G1 F4000


G1X45.2164Y-253.1276

G1X105.3296Y-258.3440

G1 Z0F20000

(Start Block)


G1X105.3296Y-258.3440
G1Z5F20000
(Plotting speed under)
G1 F4000


G1X76.9643Y-234.0632

G1X91.4943Y-293.0825

G1 Z0F20000

(Start Block)


G1X91.4943Y-293.0825
G1Z5F20000
(Plotting speed under)
G1 F4000


G1X105.3296Y-258.3440

G1X54.4279Y-291.0709

G1 Z0F20000

(Start Block)


G1X54.4279Y-291.0709
G1Z5F20000
(Plotting speed under)
G1 F4000


G1X91.4943Y-293.0825

G1X44.9116Y-255.4252

G1 Z0F20000

(Start Block)


G1X44.9116Y-255.4252
G1Z5F20000
(Plotting speed under)
G1 F4000


G1X54.4279Y-291.0709

G1X76.0007Y-235.3186

G1 Z0F20000

(Start Block)


G1X76.0007Y-235.3186
G1Z5F20000
(Plotting speed under)
G1 F4000


G1X44.9116Y-255.4252

G1X105.1472Y-258.6456

G1 Z0F20000

(Start Block)


G1X105.1472Y-258.6456
G1Z5F20000
(Plotting speed under)
G1 F4000


G1X76.0007Y-235.3186

G1X92.4634Y-293.8248

G1 Z0F20000

(Start Block)


G1X92.4634Y-293.8248
G1Z5F20000
(Plotting speed under)
G1 F4000


G1X105.1472Y-258.6456

G1X55.3419Y-293.0449

G1 Z0F20000

(Start Block)


G1X55.3419Y-293.0449
G1Z5F20000
(Plotting speed under)
G1 F4000


G1X92.4634Y-293.8248

G1X44.6394Y-257.7353

G1 Z0F20000

(Start Block)


G1X44.6394Y-257.7353
G1Z5F20000
(Plotting speed under)
G1 F4000


G1X55.3419Y-293.0449

G1X75.0355Y-236.6090

G1 Z0F20000

(Start Block)


G1X75.0355Y-236.6090
G1Z5F20000
(Plotting speed under)
G1 F4000


G1X44.6394Y-257.7353

G1X104.9312Y-258.9568

G1 Z0F20000

(Start Block)


G1X104.9312Y-258.9568
G1Z5F20000
(Plotting speed under)
G1 F4000


G1X75.0355Y-236.6090

G1X93.4128Y-294.5383

G1 Z0F20000

(Start Block)


G1X93.4128Y-294.5383
G1Z5F20000
(Plotting speed under)
G1 F4000


G1X104.9312Y-258.9568

G1X56.2772Y-294.9912

G1 Z0F20000

(Start Block)


G1X56.2772Y-294.9912
G1Z5F20000
(Plotting speed under)
G1 F4000


G1X93.4128Y-294.5383

G1X44.4003Y-260.0568

G1 Z0F20000

(Start Block)


G1X44.4003Y-260.0568
G1Z5F20000
(Plotting speed under)
G1 F4000


G1X56.2772Y-294.9912

G1X74.0700Y-237.9344

G1 Z0F20000

(Start Block)


G1X74.0700Y-237.9344
G1Z5F20000
(Plotting speed under)
G1 F4000


G1X44.4003Y-260.0568

G1X104.6819Y-259.2787

G1 Z0F20000

(Start Block)


G1X104.6819Y-259.2787
G1Z5F20000
(Plotting speed under)
G1 F4000


G1X74.0700Y-237.9344

G1X94.3417Y-295.2234

G1 Z0F20000

(Start Block)


G1X94.3417Y-295.2234
G1Z5F20000
(Plotting speed under)
G1 F4000


G1X104.6819Y-259.2787

G1X57.2328Y-296.9089

G1 Z0F20000

(Start Block)


G1X57.2328Y-296.9089
G1Z5F20000
(Plotting speed under)
G1 F4000


G1X94.3417Y-295.2234

G1X44.1946Y-262.3887

G1 Z0F20000

(Start Block)


G1X44.1946Y-262.3887
G1Z5F20000
(Plotting speed under)
G1 F4000


G1X57.2328Y-296.9089

G1X73.1051Y-239.2946

G1 Z0F20000

(Start Block)


G1X73.1051Y-239.2946
G1Z5F20000
(Plotting speed under)
G1 F4000


G1X44.1946Y-262.3887

G1X104.3997Y-259.6123

G1 Z0F20000

(Start Block)


G1X104.3997Y-259.6123
G1Z5F20000
(Plotting speed under)
G1 F4000


G1X73.1051Y-239.2946

G1X95.2490Y-295.8811

G1 Z0F20000

(Start Block)


G1X95.2490Y-295.8811
G1Z5F20000
(Plotting speed under)
G1 F4000


G1X104.3997Y-259.6123

G1X58.2077Y-298.7976

G1 Z0F20000

(Start Block)


G1X58.2077Y-298.7976
G1Z5F20000
(Plotting speed under)
G1 F4000


G1X95.2490Y-295.8811

G1X44.0226Y-264.7296

G1 Z0F20000

(Start Block)


G1X44.0226Y-264.7296
G1Z5F20000
(Plotting speed under)
G1 F4000


G1X58.2077Y-298.7976

G1X72.1422Y-240.6899

G1 Z0F20000

(Start Block)


G1X72.1422Y-240.6899
G1Z5F20000
(Plotting speed under)
G1 F4000


G1X44.0226Y-264.7296

G1X104.0849Y-259.9587

G1 Z0F20000

(Start Block)


G1X104.0849Y-259.9587
G1Z5F20000
(Plotting speed under)
G1 F4000


G1X72.1422Y-240.6899

G1X96.1339Y-296.5118

G1 Z0F20000

(Start Block)


G1X96.1339Y-296.5118
G1Z5F20000
(Plotting speed under)
G1 F4000


G1X104.0849Y-259.9587

G1X59.2010Y-300.6565

G1 Z0F20000

(Start Block)


G1X59.2010Y-300.6565
G1Z5F20000
(Plotting speed under)
G1 F4000


G1X96.1339Y-296.5118

G1X43.8846Y-267.0787

G1 Z0F20000

(Start Block)


G1X43.8846Y-267.0787
G1Z5F20000
(Plotting speed under)
G1 F4000


G1X59.2010Y-300.6565

G1X71.1824Y-242.1199

G1 Z0F20000

(Start Block)


G1X71.1824Y-242.1199
G1Z5F20000
(Plotting speed under)
G1 F4000


G1X43.8846Y-267.0787

G1X103.7381Y-260.3191

G1 Z0F20000

(Start Block)


G1X103.7381Y-260.3191
G1Z5F20000
(Plotting speed under)
G1 F4000


G1X71.1824Y-242.1199

G1X96.9955Y-297.1166

G1 Z0F20000

(Start Block)


G1X96.9955Y-297.1166
G1Z5F20000
(Plotting speed under)
G1 F4000


G1X103.7381Y-260.3191

G1X60.2117Y-302.4851

G1 Z0F20000

(Start Block)


G1X60.2117Y-302.4851
G1Z5F20000
(Plotting speed under)
G1 F4000


G1X96.9955Y-297.1166

G1X43.7809Y-269.4347

G1 Z0F20000

(Start Block)


G1X43.7809Y-269.4347
G1Z5F20000
(Plotting speed under)
G1 F4000


G1X60.2117Y-302.4851

G1X70.2268Y-243.5846

G1 Z0F20000

(Start Block)


G1X70.2268Y-243.5846
G1Z5F20000
(Plotting speed under)
G1 F4000


G1X43.7809Y-269.4347

G1X103.3597Y-260.6943

G1 Z0F20000

(Start Block)


G1X103.3597Y-260.6943
G1Z5F20000
(Plotting speed under)
G1 F4000


G1X70.2268Y-243.5846

G1X97.8329Y-297.6960

G1 Z0F20000

(Start Block)


G1X97.8329Y-297.6960
G1Z5F20000
(Plotting speed under)
G1 F4000


G1X103.3597Y-260.6943

G1X61.2388Y-304.2828

G1 Z0F20000

(Start Block)


G1X61.2388Y-304.2828
G1Z5F20000
(Plotting speed under)
G1 F4000


G1X97.8329Y-297.6960

G1X43.7117Y-271.7965

G1 Z0F20000

(Start Block)


G1X43.7117Y-271.7965
G1Z5F20000
(Plotting speed under)
G1 F4000


G1X61.2388Y-304.2828

G1X69.2766Y-245.0839

G1 Z0F20000

(Start Block)


G1X69.2766Y-245.0839
G1Z5F20000
(Plotting speed under)
G1 F4000


G1X43.7117Y-271.7965

G1X102.9501Y-261.0856

G1 Z0F20000

(Start Block)


G1X102.9501Y-261.0856
G1Z5F20000
(Plotting speed under)
G1 F4000


G1X69.2766Y-245.0839

G1X98.6454Y-298.2510

G1 Z0F20000

(Start Block)


G1X98.6454Y-298.2510
G1Z5F20000
(Plotting speed under)
G1 F4000


G1X102.9501Y-261.0856

G1X62.2812Y-306.0490

G1 Z0F20000

(Start Block)


G1X62.2812Y-306.0490
G1Z5F20000
(Plotting speed under)
G1 F4000


G1X98.6454Y-298.2510

G1X43.6771Y-274.1629

G1 Z0F20000

(Start Block)


G1X43.6771Y-274.1629
G1Z5F20000
(Plotting speed under)
G1 F4000


G1X62.2812Y-306.0490

G1X68.3329Y-246.6175

G1 Z0F20000

(Start Block)


G1X68.3329Y-246.6175
G1Z5F20000
(Plotting speed under)
G1 F4000


G1X43.6771Y-274.1629

G1X102.5101Y-261.4939

G1 Z0F20000

(Start Block)


G1X102.5101Y-261.4939
G1Z5F20000
(Plotting speed under)
G1 F4000


G1X68.3329Y-246.6175

G1X99.4321Y-298.7824

G1 Z0F20000

(Start Block)


G1X99.4321Y-298.7824
G1Z5F20000
(Plotting speed under)
G1 F4000


G1X102.5101Y-261.4939

G1X63.3378Y-307.7834

G1 Z0F20000

(Start Block)


G1X63.3378Y-307.7834
G1Z5F20000
(Plotting speed under)
G1 F4000


G1X99.4321Y-298.7824

G1X43.6773Y-276.5328

G1 Z0F20000

(Start Block)


G1X43.6773Y-276.5328
G1Z5F20000
(Plotting speed under)
G1 F4000


G1X63.3378Y-307.7834

G1X67.3968Y-248.1853

G1 Z0F20000

(Start Block)


G1X67.3968Y-248.1853
G1Z5F20000
(Plotting speed under)
G1 F4000


G1X43.6773Y-276.5328

G1X102.0401Y-261.9202

G1 Z0F20000

(Start Block)


G1X102.0401Y-261.9202
G1Z5F20000
(Plotting speed under)
G1 F4000


G1X67.3968Y-248.1853

G1X100.1922Y-299.2911

G1 Z0F20000

(Start Block)


G1X100.1922Y-299.2911
G1Z5F20000
(Plotting speed under)
G1 F4000


G1X102.0401Y-261.9202

G1X64.4077Y-309.4854

G1 Z0F20000

(Start Block)


G1X64.4077Y-309.4854
G1Z5F20000
(Plotting speed under)
G1 F4000


G1X100.1922Y-299.2911

G1X43.7124Y-278.9051

G1 Z0F20000

(Start Block)


G1X43.7124Y-278.9051
G1Z5F20000
(Plotting speed under)
G1 F4000


G1X64.4077Y-309.4854

G1X66.4696Y-249.7869

G1 Z0F20000

(Start Block)


G1X66.4696Y-249.7869
G1Z5F20000
(Plotting speed under)
G1 F4000


G1X43.7124Y-278.9051

G1X101.5407Y-262.3655

G1 Z0F20000

(Start Block)


G1X101.5407Y-262.3655
G1Z5F20000
(Plotting speed under)
G1 F4000


G1X66.4696Y-249.7869

G1X100.9250Y-299.7778

G1 Z0F20000

(Start Block)


G1X100.9250Y-299.7778
G1Z5F20000
(Plotting speed under)
G1 F4000


G1X101.5407Y-262.3655

G1X65.4898Y-311.1546

G1 Z0F20000

(Start Block)


G1X65.4898Y-311.1546
G1Z5F20000
(Plotting speed under)
G1 F4000


G1X100.9250Y-299.7778

G1X43.7825Y-281.2785

G1 Z0F20000

(Start Block)


G1X43.7825Y-281.2785
G1Z5F20000
(Plotting speed under)
G1 F4000


G1X65.4898Y-311.1546

G1X65.5522Y-251.4220

G1 Z0F20000

(Start Block)


G1X65.5522Y-251.4220
G1Z5F20000
(Plotting speed under)
G1 F4000


G1X43.7825Y-281.2785

G1X101.0126Y-262.8308

G1 Z0F20000

(Start Block)


G1X101.0126Y-262.8308
G1Z5F20000
(Plotting speed under)
G1 F4000


G1X65.5522Y-251.4220

G1X101.6299Y-300.2437

G1 Z0F20000

(Start Block)


G1X101.6299Y-300.2437
G1Z5F20000
(Plotting speed under)
G1 F4000


G1X101.0126Y-262.8308

G1X66.5828Y-312.7906

G1 Z0F20000

(Start Block)


G1X66.5828Y-312.7906
G1Z5F20000
(Plotting speed under)
G1 F4000


G1X101.6299Y-300.2437

G1X43.8875Y-283.6519

G1 Z0F20000

(Start Block)


G1X43.8875Y-283.6519
G1Z5F20000
(Plotting speed under)
G1 F4000


G1X66.5828Y-312.7906

G1X64.6459Y-253.0903

G1 Z0F20000

(Start Block)


G1X64.6459Y-253.0903
G1Z5F20000
(Plotting speed under)
G1 F4000


G1X43.8875Y-283.6519

G1X100.4566Y-263.3170

G1 Z0F20000

(Start Block)


G1X100.4566Y-263.3170
G1Z5F20000
(Plotting speed under)
G1 F4000


G1X64.6459Y-253.0903

G1X102.3060Y-300.6895

G1 Z0F20000

(Start Block)


G1X102.3060Y-300.6895
G1Z5F20000
(Plotting speed under)
G1 F4000


G1X100.4566Y-263.3170

G1X67.6859Y-314.3931

G1 Z0F20000

(Start Block)


G1X67.6859Y-314.3931
G1Z5F20000
(Plotting speed under)
G1 F4000


G1X102.3060Y-300.6895

G1X44.0274Y-286.0242

G1 Z0F20000

(Start Block)


G1X44.0274Y-286.0242
G1Z5F20000
(Plotting speed under)
G1 F4000


G1X67.6859Y-314.3931

G1X63.7516Y-254.7914

G1 Z0F20000

(Start Block)


G1X63.7516Y-254.7914
G1Z5F20000
(Plotting speed under)
G1 F4000


G1X44.0274Y-286.0242

G1X99.8731Y-263.8250

G1 Z0F20000

(Start Block)


G1X99.8731Y-263.8250
G1Z5F20000
(Plotting speed under)
G1 F4000


G1X63.7516Y-254.7914

G1X102.9529Y-301.1163

G1 Z0F20000

(Start Block)


G1X102.9529Y-301.1163
G1Z5F20000
(Plotting speed under)
G1 F4000


G1X99.8731Y-263.8250

G1X68.7977Y-315.9618

G1 Z0F20000

(Start Block)


G1X68.7977Y-315.9618
G1Z5F20000
(Plotting speed under)
G1 F4000


G1X102.9529Y-301.1163

G1X44.2023Y-288.3942

G1 Z0F20000

(Start Block)


G1X44.2023Y-288.3942
G1Z5F20000
(Plotting speed under)
G1 F4000


G1X68.7977Y-315.9618

G1X62.8706Y-256.5249

G1 Z0F20000

(Start Block)


G1X62.8706Y-256.5249
G1Z5F20000
(Plotting speed under)
G1 F4000


G1X44.2023Y-288.3942

G1X99.2632Y-264.3558

G1 Z0F20000

(Start Block)


G1X99.2632Y-264.3558
G1Z5F20000
(Plotting speed under)
G1 F4000


G1X62.8706Y-256.5249

G1X103.5697Y-301.5251

G1 Z0F20000

(Start Block)


G1X103.5697Y-301.5251
G1Z5F20000
(Plotting speed under)
G1 F4000


G1X99.2632Y-264.3558

G1X69.9172Y-317.4963

G1 Z0F20000

(Start Block)


G1X69.9172Y-317.4963
G1Z5F20000
(Plotting speed under)
G1 F4000


G1X103.5697Y-301.5251

G1X44.4119Y-290.7607

G1 Z0F20000

(Start Block)


G1X44.4119Y-290.7607
G1Z5F20000
(Plotting speed under)
G1 F4000


G1X69.9172Y-317.4963

G1X62.0038Y-258.2903

G1 Z0F20000

(Start Block)


G1X62.0038Y-258.2903
G1Z5F20000
(Plotting speed under)
G1 F4000


G1X44.4119Y-290.7607

G1X98.6274Y-264.9101

G1 Z0F20000

(Start Block)


G1X98.6274Y-264.9101
G1Z5F20000
(Plotting speed under)
G1 F4000


G1X62.0038Y-258.2903

G1X104.1561Y-301.9168

G1 Z0F20000

(Start Block)


G1X104.1561Y-301.9168
G1Z5F20000
(Plotting speed under)
G1 F4000


G1X98.6274Y-264.9101

G1X71.0432Y-318.9966

G1 Z0F20000

(Start Block)


G1X71.0432Y-318.9966
G1Z5F20000
(Plotting speed under)
G1 F4000


G1X104.1561Y-301.9168

G1X44.6562Y-293.1226

G1 Z0F20000

(Start Block)


G1X44.6562Y-293.1226
G1Z5F20000
(Plotting speed under)
G1 F4000


G1X71.0432Y-318.9966

G1X61.1523Y-260.0871

G1 Z0F20000

(Start Block)


G1X61.1523Y-260.0871
G1Z5F20000
(Plotting speed under)
G1 F4000


G1X44.6562Y-293.1226

G1X97.9666Y-265.4889

G1 Z0F20000

(Start Block)


G1X97.9666Y-265.4889
G1Z5F20000
(Plotting speed under)
G1 F4000


G1X61.1523Y-260.0871

G1X104.7114Y-302.2925

G1 Z0F20000

(Start Block)


G1X104.7114Y-302.2925
G1Z5F20000
(Plotting speed under)
G1 F4000


G1X97.9666Y-265.4889

G1X72.1747Y-320.4623

G1 Z0F20000

(Start Block)


G1X72.1747Y-320.4623
G1Z5F20000
(Plotting speed under)
G1 F4000


G1X104.7114Y-302.2925

G1X44.9349Y-295.4788

G1 Z0F20000

(Start Block)


G1X44.9349Y-295.4788
G1Z5F20000
(Plotting speed under)
G1 F4000


G1X72.1747Y-320.4623

G1X60.3171Y-261.9149

G1 Z0F20000

(Start Block)


G1X60.3171Y-261.9149
G1Z5F20000
(Plotting speed under)
G1 F4000


G1X44.9349Y-295.4788

G1X97.2817Y-266.0930

G1 Z0F20000

(Start Block)


G1X97.2817Y-266.0930
G1Z5F20000
(Plotting speed under)
G1 F4000


G1X60.3171Y-261.9149

G1X105.2351Y-302.6533

G1 Z0F20000

(Start Block)


G1X105.2351Y-302.6533
G1Z5F20000
(Plotting speed under)
G1 F4000


G1X97.2817Y-266.0930

G1X73.3104Y-321.8933

G1 Z0F20000

(Start Block)


G1X73.3104Y-321.8933
G1Z5F20000
(Plotting speed under)
G1 F4000


G1X105.2351Y-302.6533

G1X45.2480Y-297.8280

G1 Z0F20000

(Start Block)


G1X45.2480Y-297.8280
G1Z5F20000
(Plotting speed under)
G1 F4000


G1X73.3104Y-321.8933

G1X59.4993Y-263.7730

G1 Z0F20000

(Start Block)


G1X59.4993Y-263.7730
G1Z5F20000
(Plotting speed under)
G1 F4000


G1X45.2480Y-297.8280

G1X96.5734Y-266.7230

G1 Z0F20000

(Start Block)


G1X96.5734Y-266.7230
G1Z5F20000
(Plotting speed under)
G1 F4000


G1X59.4993Y-263.7730

G1X105.7267Y-303.0000

G1 Z0F20000

(Start Block)


G1X105.7267Y-303.0000
G1Z5F20000
(Plotting speed under)
G1 F4000


G1X96.5734Y-266.7230

G1X74.4492Y-323.2894

G1 Z0F20000

(Start Block)


G1X74.4492Y-323.2894
G1Z5F20000
(Plotting speed under)
G1 F4000


G1X105.7267Y-303.0000

G1X45.5950Y-300.1693

G1 Z0F20000

(Start Block)


G1X45.5950Y-300.1693
G1Z5F20000
(Plotting speed under)
G1 F4000


G1X74.4492Y-323.2894

G1X58.6999Y-265.6608

G1 Z0F20000

(Start Block)


G1X58.6999Y-265.6608
G1Z5F20000
(Plotting speed under)
G1 F4000


G1X45.5950Y-300.1693

G1X95.8427Y-267.3799

G1 Z0F20000

(Start Block)


G1X95.8427Y-267.3799
G1Z5F20000
(Plotting speed under)
G1 F4000


G1X58.6999Y-265.6608

G1X106.1858Y-303.3340

G1 Z0F20000

(Start Block)


G1X106.1858Y-303.3340
G1Z5F20000
(Plotting speed under)
G1 F4000


G1X95.8427Y-267.3799

G1X75.5900Y-324.6507

G1 Z0F20000

(Start Block)


G1X75.5900Y-324.6507
G1Z5F20000
(Plotting speed under)
G1 F4000


G1X106.1858Y-303.3340

G1X45.9758Y-302.5014

G1 Z0F20000

(Start Block)


G1X45.9758Y-302.5014
G1Z5F20000
(Plotting speed under)
G1 F4000


G1X75.5900Y-324.6507

G1X57.9197Y-267.5778

G1 Z0F20000

(Start Block)


G1X57.9197Y-267.5778
G1Z5F20000
(Plotting speed under)
G1 F4000


G1X45.9758Y-302.5014

G1X95.0904Y-268.0643

G1 Z0F20000

(Start Block)


G1X95.0904Y-268.0643
G1Z5F20000
(Plotting speed under)
G1 F4000


G1X57.9197Y-267.5778

G1X106.6121Y-303.6561

G1 Z0F20000

(Start Block)


G1X106.6121Y-303.6561
G1Z5F20000
(Plotting speed under)
G1 F4000


G1X95.0904Y-268.0643

G1X76.7316Y-325.9769

G1 Z0F20000

(Start Block)


G1X76.7316Y-325.9769
G1Z5F20000
(Plotting speed under)
G1 F4000


G1X106.6121Y-303.6561

G1X46.3901Y-304.8231

G1 Z0F20000

(Start Block)


G1X46.3901Y-304.8231
G1Z5F20000
(Plotting speed under)
G1 F4000


G1X76.7316Y-325.9769

G1X57.1599Y-269.5233

G1 Z0F20000

(Start Block)


G1X57.1599Y-269.5233
G1Z5F20000
(Plotting speed under)
G1 F4000


G1X46.3901Y-304.8231

G1X94.3175Y-268.7769

G1 Z0F20000

(Start Block)


G1X94.3175Y-268.7769
G1Z5F20000
(Plotting speed under)
G1 F4000


G1X57.1599Y-269.5233

G1X107.0050Y-303.9676

G1 Z0F20000

(Start Block)


G1X107.0050Y-303.9676
G1Z5F20000
(Plotting speed under)
G1 F4000


G1X94.3175Y-268.7769

G1X77.8728Y-327.2683

G1 Z0F20000

(Start Block)


G1X77.8728Y-327.2683
G1Z5F20000
(Plotting speed under)
G1 F4000


G1X107.0050Y-303.9676

G1X46.8373Y-307.1336

G1 Z0F20000

(Start Block)


G1X46.8373Y-307.1336
G1Z5F20000
(Plotting speed under)
G1 F4000


G1X77.8728Y-327.2683

G1X56.4213Y-271.4966

G1 Z0F20000

(Start Block)


G1X56.4213Y-271.4966
G1Z5F20000
(Plotting speed under)
G1 F4000


G1X46.8373Y-307.1336

G1X93.5249Y-269.5185

G1 Z0F20000

(Start Block)


G1X93.5249Y-269.5185
G1Z5F20000
(Plotting speed under)
G1 F4000


G1X56.4213Y-271.4966

G1X107.3642Y-304.2695

G1 Z0F20000

(Start Block)


G1X107.3642Y-304.2695
G1Z5F20000
(Plotting speed under)
G1 F4000


G1X93.5249Y-269.5185

G1X79.0125Y-328.5247

G1 Z0F20000

(Start Block)


G1X79.0125Y-328.5247
G1Z5F20000
(Plotting speed under)
G1 F4000


G1X107.3642Y-304.2695

G1X47.3173Y-309.4315

G1 Z0F20000

(Start Block)


G1X47.3173Y-309.4315
G1Z5F20000
(Plotting speed under)
G1 F4000


G1X79.0125Y-328.5247

G1X55.7048Y-273.4969

G1 Z0F20000

(Start Block)


G1X55.7048Y-273.4969
G1Z5F20000
(Plotting speed under)
G1 F4000


G1X47.3173Y-309.4315

G1X92.7136Y-270.2895

G1 Z0F20000

(Start Block)


G1X92.7136Y-270.2895
G1Z5F20000
(Plotting speed under)
G1 F4000


G1X55.7048Y-273.4969

G1X107.6896Y-304.5630

G1 Z0F20000

(Start Block)


G1X107.6896Y-304.5630
G1Z5F20000
(Plotting speed under)
G1 F4000


G1X92.7136Y-270.2895

G1X80.1494Y-329.7463

G1 Z0F20000

(Start Block)


G1X80.1494Y-329.7463
G1Z5F20000
(Plotting speed under)
G1 F4000


G1X107.6896Y-304.5630

G1X47.8295Y-311.7159

G1 Z0F20000

(Start Block)


G1X47.8295Y-311.7159
G1Z5F20000
(Plotting speed under)
G1 F4000


G1X80.1494Y-329.7463

G1X55.0113Y-275.5235

G1 Z0F20000

(Start Block)


G1X55.0113Y-275.5235
G1Z5F20000
(Plotting speed under)
G1 F4000


G1X47.8295Y-311.7159

G1X91.8846Y-271.0907

G1 Z0F20000

(Start Block)


G1X91.8846Y-271.0907
G1Z5F20000
(Plotting speed under)
G1 F4000


G1X55.0113Y-275.5235

G1X107.9807Y-304.8492

G1 Z0F20000

(Start Block)


G1X107.9807Y-304.8492
G1Z5F20000
(Plotting speed under)
G1 F4000


G1X91.8846Y-271.0907

G1X81.2826Y-330.9330

G1 Z0F20000

(Start Block)


G1X81.2826Y-330.9330
G1Z5F20000
(Plotting speed under)
G1 F4000


G1X107.9807Y-304.8492

G1X48.3734Y-313.9857

G1 Z0F20000

(Start Block)


G1X48.3734Y-313.9857
G1Z5F20000
(Plotting speed under)
G1 F4000


G1X81.2826Y-330.9330

G1X54.3417Y-277.5757

G1 Z0F20000

(Start Block)


G1X54.3417Y-277.5757
G1Z5F20000
(Plotting speed under)
G1 F4000


G1X48.3734Y-313.9857

G1X91.0389Y-271.9227

G1 Z0F20000

(Start Block)


G1X91.0389Y-271.9227
G1Z5F20000
(Plotting speed under)
G1 F4000


G1X54.3417Y-277.5757

G1X108.2375Y-305.1292

G1 Z0F20000

(Start Block)


G1X108.2375Y-305.1292
G1Z5F20000
(Plotting speed under)
G1 F4000


G1X91.0389Y-271.9227

G1X82.4107Y-332.0853

G1 Z0F20000

(Start Block)


G1X82.4107Y-332.0853
G1Z5F20000
(Plotting speed under)
G1 F4000


G1X108.2375Y-305.1292

G1X48.9486Y-316.2399

G1 Z0F20000

(Start Block)


G1X48.9486Y-316.2399
G1Z5F20000
(Plotting speed under)
G1 F4000


G1X82.4107Y-332.0853

G1X53.6969Y-279.6526

G1 Z0F20000

(Start Block)


G1X53.6969Y-279.6526
G1Z5F20000
(Plotting speed under)
G1 F4000


G1X48.9486Y-316.2399

G1X90.1775Y-272.7858

G1 Z0F20000

(Start Block)


G1X90.1775Y-272.7858
G1Z5F20000
(Plotting speed under)
G1 F4000


G1X53.6969Y-279.6526

G1X108.4596Y-305.4042

G1 Z0F20000

(Start Block)


G1X108.4596Y-305.4042
G1Z5F20000
(Plotting speed under)
G1 F4000


G1X90.1775Y-272.7858

G1X83.5327Y-333.2030

G1 Z0F20000

(Start Block)


G1X83.5327Y-333.2030
G1Z5F20000
(Plotting speed under)
G1 F4000


G1X108.4596Y-305.4042

G1X49.5546Y-318.4774

G1 Z0F20000

(Start Block)


G1X49.5546Y-318.4774
G1Z5F20000
(Plotting speed under)
G1 F4000


G1X83.5327Y-333.2030

G1X53.0775Y-281.7534

G1 Z0F20000

(Start Block)


G1X53.0775Y-281.7534
G1Z5F20000
(Plotting speed under)
G1 F4000


G1X49.5546Y-318.4774

G1X89.3014Y-273.6808

G1 Z0F20000

(Start Block)


G1X89.3014Y-273.6808
G1Z5F20000
(Plotting speed under)
G1 F4000


G1X53.0775Y-281.7534

G1X108.6471Y-305.6753

G1 Z0F20000

(Start Block)


G1X108.6471Y-305.6753
G1Z5F20000
(Plotting speed under)
G1 F4000


G1X89.3014Y-273.6808

G1X84.6474Y-334.2866

G1 Z0F20000

(Start Block)


G1X84.6474Y-334.2866
G1Z5F20000
(Plotting speed under)
G1 F4000


G1X108.6471Y-305.6753

G1X50.1907Y-320.6972

G1 Z0F20000

(Start Block)


G1X50.1907Y-320.6972
G1Z5F20000
(Plotting speed under)
G1 F4000


G1X84.6474Y-334.2866

G1X52.4844Y-283.8772

G1 Z0F20000

(Start Block)


G1X52.4844Y-283.8772
G1Z5F20000
(Plotting speed under)
G1 F4000


G1X50.1907Y-320.6972

G1X88.4118Y-274.6079

G1 Z0F20000

(Start Block)


G1X88.4118Y-274.6079
G1Z5F20000
(Plotting speed under)
G1 F4000


G1X52.4844Y-283.8772

G1X108.7996Y-305.9436

G1 Z0F20000

(Start Block)


G1X108.7996Y-305.9436
G1Z5F20000
(Plotting speed under)
G1 F4000


G1X88.4118Y-274.6079

G1X85.7537Y-335.3362

G1 Z0F20000

(Start Block)


G1X85.7537Y-335.3362
G1Z5F20000
(Plotting speed under)
G1 F4000


G1X108.7996Y-305.9436

G1X50.8563Y-322.8983

G1 Z0F20000

(Start Block)


G1X50.8563Y-322.8983
G1Z5F20000
(Plotting speed under)
G1 F4000


G1X85.7537Y-335.3362

G1X51.9184Y-286.0232

G1 Z0F20000

(Start Block)


G1X51.9184Y-286.0232
G1Z5F20000
(Plotting speed under)
G1 F4000


G1X50.8563Y-322.8983

G1X87.5097Y-275.5677

G1 Z0F20000

(Start Block)


G1X87.5097Y-275.5677
G1Z5F20000
(Plotting speed under)
G1 F4000


G1X51.9184Y-286.0232

G1X108.9172Y-306.2105

G1 Z0F20000

(Start Block)


G1X108.9172Y-306.2105
G1Z5F20000
(Plotting speed under)
G1 F4000


G1X87.5097Y-275.5677

G1X86.8505Y-336.3523

G1 Z0F20000

(Start Block)


G1X86.8505Y-336.3523
G1Z5F20000
(Plotting speed under)
G1 F4000


G1X108.9172Y-306.2105

G1X51.5509Y-325.0797

G1 Z0F20000

(Start Block)


G1X51.5509Y-325.0797
G1Z5F20000
(Plotting speed under)
G1 F4000


G1X86.8505Y-336.3523

G1X51.3802Y-288.1905

G1 Z0F20000

(Start Block)


G1X51.3802Y-288.1905
G1Z5F20000
(Plotting speed under)
G1 F4000


G1X51.5509Y-325.0797

G1X86.5962Y-276.5605

G1 Z0F20000

(Start Block)


G1X86.5962Y-276.5605
G1Z5F20000
(Plotting speed under)
G1 F4000


G1X51.3802Y-288.1905

G1X108.9999Y-306.4769

G1 Z0F20000

(Start Block)


G1X108.9999Y-306.4769
G1Z5F20000
(Plotting speed under)
G1 F4000


G1X86.5962Y-276.5605

G1X87.9366Y-337.3350

G1 Z0F20000

(Start Block)


G1X87.9366Y-337.3350
G1Z5F20000
(Plotting speed under)
G1 F4000


G1X108.9999Y-306.4769

G1X52.2737Y-327.2406

G1 Z0F20000

(Start Block)


G1X52.2737Y-327.2406
G1Z5F20000
(Plotting speed under)
G1 F4000


G1X87.9366Y-337.3350

G1X50.8704Y-290.3780

G1 Z0F20000

(Start Block)


G1X50.8704Y-290.3780
G1Z5F20000
(Plotting speed under)
G1 F4000


G1X52.2737Y-327.2406

G1X85.6724Y-277.5868

G1 Z0F20000

(Start Block)


G1X85.6724Y-277.5868
G1Z5F20000
(Plotting speed under)
G1 F4000


G1X50.8704Y-290.3780

G1X109.0476Y-306.7441

G1 Z0F20000

(Start Block)


G1X109.0476Y-306.7441
G1Z5F20000
(Plotting speed under)
G1 F4000


G1X85.6724Y-277.5868

G1X89.0110Y-338.2847

G1 Z0F20000

(Start Block)


G1X89.0110Y-338.2847
G1Z5F20000
(Plotting speed under)
G1 F4000


G1X109.0476Y-306.7441

G1X53.0240Y-329.3799

G1 Z0F20000

(Start Block)


G1X53.0240Y-329.3799
G1Z5F20000
(Plotting speed under)
G1 F4000


G1X89.0110Y-338.2847

G1X50.3897Y-292.5850

G1 Z0F20000

(Start Block)


G1X50.3897Y-292.5850
G1Z5F20000
(Plotting speed under)
G1 F4000


G1X53.0240Y-329.3799

G1X84.7394Y-278.6467

G1 Z0F20000

(Start Block)


G1X84.7394Y-278.6467
G1Z5F20000
(Plotting speed under)
G1 F4000


G1X50.3897Y-292.5850

G1X109.0604Y-307.0131

G1 Z0F20000

(Start Block)


G1X109.0604Y-307.0131
G1Z5F20000
(Plotting speed under)
G1 F4000


G1X84.7394Y-278.6467

G1X90.0726Y-339.2020

G1 Z0F20000

(Start Block)


G1X90.0726Y-339.2020
G1Z5F20000
(Plotting speed under)
G1 F4000


G1X109.0604Y-307.0131

G1X53.8012Y-331.4968

G1 Z0F20000

(Start Block)


G1X53.8012Y-331.4968
G1Z5F20000
(Plotting speed under)
G1 F4000


G1X90.0726Y-339.2020

G1X49.9387Y-294.8103

G1 Z0F20000

(Start Block)


G1X49.9387Y-294.8103
G1Z5F20000
(Plotting speed under)
G1 F4000


G1X53.8012Y-331.4968

G1X83.7983Y-279.7407

G1 Z0F20000

(Start Block)


G1X83.7983Y-279.7407
G1Z5F20000
(Plotting speed under)
G1 F4000


G1X49.9387Y-294.8103

G1X109.0383Y-307.2853

G1 Z0F20000

(Start Block)


G1X109.0383Y-307.2853
G1Z5F20000
(Plotting speed under)
G1 F4000


G1X83.7983Y-279.7407

G1X91.1203Y-340.0872

G1 Z0F20000

(Start Block)


G1X91.1203Y-340.0872
G1Z5F20000
(Plotting speed under)
G1 F4000


G1X109.0383Y-307.2853

G1X54.6045Y-333.5904

G1 Z0F20000

(Start Block)


G1X54.6045Y-333.5904
G1Z5F20000
(Plotting speed under)
G1 F4000


G1X91.1203Y-340.0872

G1X49.5181Y-297.0529

G1 Z0F20000

(Start Block)


G1X49.5181Y-297.0529
G1Z5F20000
(Plotting speed under)
G1 F4000


G1X54.6045Y-333.5904

G1X82.8503Y-280.8690

G1 Z0F20000

(Start Block)


G1X82.8503Y-280.8690
G1Z5F20000
(Plotting speed under)
G1 F4000


G1X49.5181Y-297.0529

G1X108.9816Y-307.5617

G1 Z0F20000

(Start Block)


G1X108.9816Y-307.5617
G1Z5F20000
(Plotting speed under)
G1 F4000


G1X82.8503Y-280.8690

G1X92.1530Y-340.9407

G1 Z0F20000

(Start Block)


G1X92.1530Y-340.9407
G1Z5F20000
(Plotting speed under)
G1 F4000


G1X108.9816Y-307.5617

G1X55.4330Y-335.6599

G1 Z0F20000

(Start Block)


G1X55.4330Y-335.6599
G1Z5F20000
(Plotting speed under)
G1 F4000


G1X92.1530Y-340.9407

G1X49.1284Y-299.3120

G1 Z0F20000

(Start Block)


G1X49.1284Y-299.3120
G1Z5F20000
(Plotting speed under)
G1 F4000


G1X55.4330Y-335.6599

G1X81.8966Y-282.0318

G1 Z0F20000

(Start Block)


G1X81.8966Y-282.0318
G1Z5F20000
(Plotting speed under)
G1 F4000


G1X49.1284Y-299.3120

G1X108.8903Y-307.8435

G1 Z0F20000

(Start Block)


G1X108.8903Y-307.8435
G1Z5F20000
(Plotting speed under)
G1 F4000


G1X81.8966Y-282.0318

G1X93.1697Y-341.7632

G1 Z0F20000

(Start Block)


G1X93.1697Y-341.7632
G1Z5F20000
(Plotting speed under)
G1 F4000


G1X108.8903Y-307.8435

G1X56.2860Y-337.7043

G1 Z0F20000

(Start Block)


G1X56.2860Y-337.7043
G1Z5F20000
(Plotting speed under)
G1 F4000


G1X93.1697Y-341.7632

G1X48.7701Y-301.5863

G1 Z0F20000

(Start Block)


G1X48.7701Y-301.5863
G1Z5F20000
(Plotting speed under)
G1 F4000


G1X56.2860Y-337.7043

G1X80.9381Y-283.2292

G1 Z0F20000

(Start Block)


G1X80.9381Y-283.2292
G1Z5F20000
(Plotting speed under)
G1 F4000


G1X48.7701Y-301.5863

G1X108.7647Y-308.1317

G1 Z0F20000

(Start Block)


G1X108.7647Y-308.1317
G1Z5F20000
(Plotting speed under)
G1 F4000


G1X80.9381Y-283.2292

G1X94.1694Y-342.5551

G1 Z0F20000

(Start Block)


G1X94.1694Y-342.5551
G1Z5F20000
(Plotting speed under)
G1 F4000


G1X108.7647Y-308.1317

G1X57.1625Y-339.7230

G1 Z0F20000

(Start Block)


G1X57.1625Y-339.7230
G1Z5F20000
(Plotting speed under)
G1 F4000


G1X94.1694Y-342.5551

G1X48.4437Y-303.8750

G1 Z0F20000

(Start Block)


G1X48.4437Y-303.8750
G1Z5F20000
(Plotting speed under)
G1 F4000


G1X57.1625Y-339.7230

G1X79.9762Y-284.4614

G1 Z0F20000

(Start Block)


G1X79.9762Y-284.4614
G1Z5F20000
(Plotting speed under)
G1 F4000


G1X48.4437Y-303.8750

G1X108.6049Y-308.4277

G1 Z0F20000

(Start Block)


G1X108.6049Y-308.4277
G1Z5F20000
(Plotting speed under)
G1 F4000


G1X79.9762Y-284.4614

G1X95.1511Y-343.3171

G1 Z0F20000

(Start Block)


G1X95.1511Y-343.3171
G1Z5F20000
(Plotting speed under)
G1 F4000


G1X108.6049Y-308.4277

G1X58.0619Y-341.7151

G1 Z0F20000

(Start Block)


G1X58.0619Y-341.7151
G1Z5F20000
(Plotting speed under)
G1 F4000


G1X95.1511Y-343.3171

G1X48.1497Y-306.1769

G1 Z0F20000

(Start Block)


G1X48.1497Y-306.1769
G1Z5F20000
(Plotting speed under)
G1 F4000


G1X58.0619Y-341.7151

G1X79.0120Y-285.7284

G1 Z0F20000

(Start Block)


G1X79.0120Y-285.7284
G1Z5F20000
(Plotting speed under)
G1 F4000


G1X48.1497Y-306.1769

G1X108.4114Y-308.7324

G1 Z0F20000

(Start Block)


G1X108.4114Y-308.7324
G1Z5F20000
(Plotting speed under)
G1 F4000


G1X79.0120Y-285.7284

G1X96.1138Y-344.0497

G1 Z0F20000

(Start Block)


G1X96.1138Y-344.0497
G1Z5F20000
(Plotting speed under)
G1 F4000


G1X108.4114Y-308.7324

G1X58.9831Y-343.6799

G1 Z0F20000

(Start Block)


G1X58.9831Y-343.6799
G1Z5F20000
(Plotting speed under)
G1 F4000


G1X96.1138Y-344.0497

G1X47.8885Y-308.4909

G1 Z0F20000

(Start Block)


G1X47.8885Y-308.4909
G1Z5F20000
(Plotting speed under)
G1 F4000


G1X58.9831Y-343.6799

G1X78.0465Y-287.0304

G1 Z0F20000

(Start Block)


G1X78.0465Y-287.0304
G1Z5F20000
(Plotting speed under)
G1 F4000


G1X47.8885Y-308.4909

G1X108.1842Y-309.0470

G1 Z0F20000

(Start Block)


G1X108.1842Y-309.0470
G1Z5F20000
(Plotting speed under)
G1 F4000


G1X78.0465Y-287.0304

G1X97.0565Y-344.7537

G1 Z0F20000

(Start Block)


G1X97.0565Y-344.7537
G1Z5F20000
(Plotting speed under)
G1 F4000


G1X108.1842Y-309.0470

G1X59.9252Y-345.6168

G1 Z0F20000

(Start Block)


G1X59.9252Y-345.6168
G1Z5F20000
(Plotting speed under)
G1 F4000


G1X97.0565Y-344.7537

G1X47.6604Y-310.8159

G1 Z0F20000

(Start Block)


G1X47.6604Y-310.8159
G1Z5F20000
(Plotting speed under)
G1 F4000


G1X59.9252Y-345.6168

G1X77.0811Y-288.3674

G1 Z0F20000

(Start Block)


G1X77.0811Y-288.3674
G1Z5F20000
(Plotting speed under)
G1 F4000


G1X47.6604Y-310.8159

G1X107.9239Y-309.3727

G1 Z0F20000

(Start Block)


G1X107.9239Y-309.3727
G1Z5F20000
(Plotting speed under)
G1 F4000


G1X77.0811Y-288.3674

G1X97.9783Y-345.4296

G1 Z0F20000

(Start Block)


G1X97.9783Y-345.4296
G1Z5F20000
(Plotting speed under)
G1 F4000


G1X107.9239Y-309.3727

G1X60.8873Y-347.5249

G1 Z0F20000

(Start Block)


G1X60.8873Y-347.5249
G1Z5F20000
(Plotting speed under)
G1 F4000


G1X97.9783Y-345.4296

G1X47.4659Y-313.1509

G1 Z0F20000

(Start Block)


G1X47.4659Y-313.1509
G1Z5F20000
(Plotting speed under)
G1 F4000


G1X60.8873Y-347.5249

G1X76.1168Y-289.7394

G1 Z0F20000

(Start Block)


G1X76.1168Y-289.7394
G1Z5F20000
(Plotting speed under)
G1 F4000


G1X47.4659Y-313.1509

G1X107.6308Y-309.7104

G1 Z0F20000

(Start Block)


G1X107.6308Y-309.7104
G1Z5F20000
(Plotting speed under)
G1 F4000


G1X76.1168Y-289.7394

G1X98.8783Y-346.0782

G1 Z0F20000

(Start Block)


G1X98.8783Y-346.0782
G1Z5F20000
(Plotting speed under)
G1 F4000


G1X107.6308Y-309.7104

G1X61.8685Y-349.4038

G1 Z0F20000

(Start Block)


G1X61.8685Y-349.4038
G1Z5F20000
(Plotting speed under)
G1 F4000


G1X98.8783Y-346.0782

G1X47.3052Y-315.4947

G1 Z0F20000

(Start Block)


G1X47.3052Y-315.4947
G1Z5F20000
(Plotting speed under)
G1 F4000


G1X61.8685Y-349.4038

G1X75.1548Y-291.1461

G1 Z0F20000

(Start Block)


G1X75.1548Y-291.1461
G1Z5F20000
(Plotting speed under)
G1 F4000


G1X47.3052Y-315.4947

G1X107.3054Y-310.0614

G1 Z0F20000

(Start Block)


G1X107.3054Y-310.0614
G1Z5F20000
(Plotting speed under)
G1 F4000


G1X75.1548Y-291.1461

G1X99.7555Y-346.7002

G1 Z0F20000

(Start Block)


G1X99.7555Y-346.7002
G1Z5F20000
(Plotting speed under)
G1 F4000


G1X107.3054Y-310.0614

G1X62.8677Y-351.2527

G1 Z0F20000

(Start Block)


G1X62.8677Y-351.2527
G1Z5F20000
(Plotting speed under)
G1 F4000


G1X99.7555Y-346.7002

G1X47.1786Y-317.8462

G1 Z0F20000

(Start Block)


G1X47.1786Y-317.8462
G1Z5F20000
(Plotting speed under)
G1 F4000


G1X62.8677Y-351.2527

G1X74.1962Y-292.5878

G1 Z0F20000

(Start Block)


G1X74.1962Y-292.5878
G1Z5F20000
(Plotting speed under)
G1 F4000


G1X47.1786Y-317.8462

G1X106.9479Y-310.4265

G1 Z0F20000

(Start Block)


G1X106.9479Y-310.4265
G1Z5F20000
(Plotting speed under)
G1 F4000


G1X74.1962Y-292.5878

G1X100.6092Y-347.2965

G1 Z0F20000

(Start Block)


G1X100.6092Y-347.2965
G1Z5F20000
(Plotting speed under)
G1 F4000


G1X106.9479Y-310.4265

G1X63.8840Y-353.0710

G1 Z0F20000

(Start Block)


G1X63.8840Y-353.0710
G1Z5F20000
(Plotting speed under)
G1 F4000


G1X100.6092Y-347.2965

G1X47.0863Y-320.2043

G1 Z0F20000

(Start Block)


G1X47.0863Y-320.2043
G1Z5F20000
(Plotting speed under)
G1 F4000


G1X63.8840Y-353.0710

G1X73.2423Y-294.0640

G1 Z0F20000

(Start Block)


G1X73.2423Y-294.0640
G1Z5F20000
(Plotting speed under)
G1 F4000


G1X47.0863Y-320.2043

G1X106.5591Y-310.8070

G1 Z0F20000

(Start Block)


G1X106.5591Y-310.8070
G1Z5F20000
(Plotting speed under)
G1 F4000


G1X73.2423Y-294.0640

G1X101.4384Y-347.8677

G1 Z0F20000

(Start Block)


G1X101.4384Y-347.8677
G1Z5F20000
(Plotting speed under)
G1 F4000


G1X106.5591Y-310.8070

G1X64.9162Y-354.8583

G1 Z0F20000

(Start Block)


G1X64.9162Y-354.8583
G1Z5F20000
(Plotting speed under)
G1 F4000


G1X101.4384Y-347.8677

G1X47.0286Y-322.5677

G1 Z0F20000

(Start Block)


G1X47.0286Y-322.5677
G1Z5F20000
(Plotting speed under)
G1 F4000


G1X64.9162Y-354.8583

G1X72.2941Y-295.5747

G1 Z0F20000

(Start Block)


G1X72.2941Y-295.5747
G1Z5F20000
(Plotting speed under)
G1 F4000


G1X47.0286Y-322.5677

G1X106.1394Y-311.2039

G1 Z0F20000

(Start Block)


G1X106.1394Y-311.2039
G1Z5F20000
(Plotting speed under)
G1 F4000


G1X72.2941Y-295.5747

G1X102.2423Y-348.4148

G1 Z0F20000

(Start Block)


G1X102.2423Y-348.4148
G1Z5F20000
(Plotting speed under)
G1 F4000


G1X106.1394Y-311.2039

G1X65.9635Y-356.6140

G1 Z0F20000

(Start Block)


G1X65.9635Y-356.6140
G1Z5F20000
(Plotting speed under)
G1 F4000


G1X102.2423Y-348.4148

G1X47.0056Y-324.9354

G1 Z0F20000

(Start Block)


G1X47.0056Y-324.9354
G1Z5F20000
(Plotting speed under)
G1 F4000


G1X65.9635Y-356.6140

G1X71.3528Y-297.1198

G1 Z0F20000

(Start Block)


G1X71.3528Y-297.1198
G1Z5F20000
(Plotting speed under)
G1 F4000


G1X47.0056Y-324.9354

G1X105.6893Y-311.6180

G1 Z0F20000

(Start Block)


G1X105.6893Y-311.6180
G1Z5F20000
(Plotting speed under)
G1 F4000


G1X71.3528Y-297.1198

G1X103.0203Y-348.9385

G1 Z0F20000

(Start Block)


G1X103.0203Y-348.9385
G1Z5F20000
(Plotting speed under)
G1 F4000


G1X105.6893Y-311.6180

G1X67.0247Y-358.3377

G1 Z0F20000

(Start Block)


G1X67.0247Y-358.3377
G1Z5F20000
(Plotting speed under)
G1 F4000


G1X103.0203Y-348.9385

G1X47.0174Y-327.3063

G1 Z0F20000

(Start Block)


G1X47.0174Y-327.3063
G1Z5F20000
(Plotting speed under)
G1 F4000


G1X67.0247Y-358.3377

G1X70.4196Y-298.6988

G1 Z0F20000

(Start Block)


G1X70.4196Y-298.6988
G1Z5F20000
(Plotting speed under)
G1 F4000


G1X47.0174Y-327.3063

G1X105.2094Y-312.0505

G1 Z0F20000

(Start Block)


G1X105.2094Y-312.0505
G1Z5F20000
(Plotting speed under)
G1 F4000


G1X70.4196Y-298.6988

G1X103.7714Y-349.4397

G1 Z0F20000

(Start Block)


G1X103.7714Y-349.4397
G1Z5F20000
(Plotting speed under)
G1 F4000


G1X105.2094Y-312.0505

G1X68.0988Y-360.0288

G1 Z0F20000

(Start Block)


G1X68.0988Y-360.0288
G1Z5F20000
(Plotting speed under)
G1 F4000


G1X103.7714Y-349.4397

G1X47.0641Y-329.6790

G1 Z0F20000

(Start Block)


G1X47.0641Y-329.6790
G1Z5F20000
(Plotting speed under)
G1 F4000


G1X68.0988Y-360.0288

G1X69.4955Y-300.3116

G1 Z0F20000

(Start Block)


G1X69.4955Y-300.3116
G1Z5F20000
(Plotting speed under)
G1 F4000


G1X47.0641Y-329.6790

G1X104.7004Y-312.5024

G1 Z0F20000

(Start Block)


G1X104.7004Y-312.5024
G1Z5F20000
(Plotting speed under)
G1 F4000


G1X69.4955Y-300.3116

G1X104.4950Y-349.9195

G1 Z0F20000

(Start Block)


G1X104.4950Y-349.9195
G1Z5F20000
(Plotting speed under)
G1 F4000


G1X104.7004Y-312.5024

G1X69.1846Y-361.6870

G1 Z0F20000

(Start Block)


G1X69.1846Y-361.6870
G1Z5F20000
(Plotting speed under)
G1 F4000


G1X104.4950Y-349.9195

G1X47.1458Y-332.0526

G1 Z0F20000

(Start Block)


G1X47.1458Y-332.0526
G1Z5F20000
(Plotting speed under)
G1 F4000


G1X69.1846Y-361.6870

G1X68.5817Y-301.9578

G1 Z0F20000

(Start Block)


G1X68.5817Y-301.9578
G1Z5F20000
(Plotting speed under)
G1 F4000


G1X47.1458Y-332.0526

G1X104.1630Y-312.9746

G1 Z0F20000

(Start Block)


G1X104.1630Y-312.9746
G1Z5F20000
(Plotting speed under)
G1 F4000


G1X68.5817Y-301.9578

G1X105.1903Y-350.3786

G1 Z0F20000

(Start Block)


G1X105.1903Y-350.3786
G1Z5F20000
(Plotting speed under)
G1 F4000


G1X104.1630Y-312.9746

G1X70.2811Y-363.3119

G1 Z0F20000

(Start Block)


G1X70.2811Y-363.3119
G1Z5F20000
(Plotting speed under)
G1 F4000


G1X105.1903Y-350.3786

G1X47.2624Y-334.4258

G1 Z0F20000

(Start Block)


G1X47.2624Y-334.4258
G1Z5F20000
(Plotting speed under)
G1 F4000


G1X70.2811Y-363.3119

G1X67.6792Y-303.6370

G1 Z0F20000

(Start Block)


G1X67.6792Y-303.6370
G1Z5F20000
(Plotting speed under)
G1 F4000


G1X47.2624Y-334.4258

G1X103.5977Y-313.4679

G1 Z0F20000

(Start Block)


G1X103.5977Y-313.4679
G1Z5F20000
(Plotting speed under)
G1 F4000


G1X67.6792Y-303.6370

G1X105.8568Y-350.8180

G1 Z0F20000

(Start Block)


G1X105.8568Y-350.8180
G1Z5F20000
(Plotting speed under)
G1 F4000


G1X103.5977Y-313.4679

G1X71.3871Y-364.9032

G1 Z0F20000

(Start Block)


G1X71.3871Y-364.9032
G1Z5F20000
(Plotting speed under)
G1 F4000


G1X105.8568Y-350.8180

G1X47.4140Y-336.7974

G1 Z0F20000

(Start Block)


G1X47.4140Y-336.7974
G1Z5F20000
(Plotting speed under)
G1 F4000


G1X71.3871Y-364.9032

G1X66.7893Y-305.3489

G1 Z0F20000

(Start Block)


G1X66.7893Y-305.3489
G1Z5F20000
(Plotting speed under)
G1 F4000


G1X47.4140Y-336.7974

G1X103.0054Y-313.9834

G1 Z0F20000

(Start Block)


G1X103.0054Y-313.9834
G1Z5F20000
(Plotting speed under)
G1 F4000


G1X66.7893Y-305.3489

G1X106.4938Y-351.2387

G1 Z0F20000

(Start Block)


G1X106.4938Y-351.2387
G1Z5F20000
(Plotting speed under)
G1 F4000


G1X103.0054Y-313.9834

G1X72.5016Y-366.4605

G1 Z0F20000

(Start Block)


G1X72.5016Y-366.4605
G1Z5F20000
(Plotting speed under)
G1 F4000


G1X106.4938Y-351.2387

G1X47.6004Y-339.1664

G1 Z0F20000

(Start Block)


G1X47.6004Y-339.1664
G1Z5F20000
(Plotting speed under)
G1 F4000


G1X72.5016Y-366.4605

G1X65.9128Y-307.0931

G1 Z0F20000

(Start Block)


G1X65.9128Y-307.0931
G1Z5F20000
(Plotting speed under)
G1 F4000


G1X47.6004Y-339.1664

G1X102.3868Y-314.5219

G1 Z0F20000

(Start Block)


G1X102.3868Y-314.5219
G1Z5F20000
(Plotting speed under)
G1 F4000


G1X65.9128Y-307.0931

G1X107.1006Y-351.6417

G1 Z0F20000

(Start Block)


G1X107.1006Y-351.6417
G1Z5F20000
(Plotting speed under)
G1 F4000


G1X102.3868Y-314.5219

G1X73.6235Y-367.9837

G1 Z0F20000

(Start Block)


G1X73.6235Y-367.9837
G1Z5F20000
(Plotting speed under)
G1 F4000


G1X107.1006Y-351.6417

G1X47.8216Y-341.5315

G1 Z0F20000

(Start Block)


G1X47.8216Y-341.5315
G1Z5F20000
(Plotting speed under)
G1 F4000


G1X73.6235Y-367.9837

G1X65.0510Y-308.8690

G1 Z0F20000

(Start Block)


G1X65.0510Y-308.8690
G1Z5F20000
(Plotting speed under)
G1 F4000


G1X47.8216Y-341.5315

G1X101.7426Y-315.0843

G1 Z0F20000

(Start Block)


G1X101.7426Y-315.0843
G1Z5F20000
(Plotting speed under)
G1 F4000


G1X65.0510Y-308.8690

G1X107.6766Y-352.0279

G1 Z0F20000

(Start Block)


G1X107.6766Y-352.0279
G1Z5F20000
(Plotting speed under)
G1 F4000


G1X101.7426Y-315.0843

G1X74.7514Y-369.4725

G1 Z0F20000

(Start Block)


G1X74.7514Y-369.4725
G1Z5F20000
(Plotting speed under)
G1 F4000


G1X107.6766Y-352.0279

G1X48.0774Y-343.8916

G1 Z0F20000

(Start Block)


G1X48.0774Y-343.8916
G1Z5F20000
(Plotting speed under)
G1 F4000


G1X74.7514Y-369.4725

G1X64.2048Y-310.6762

G1 Z0F20000

(Start Block)


G1X64.2048Y-310.6762
G1Z5F20000
(Plotting speed under)
G1 F4000


G1X48.0774Y-343.8916

G1X101.0737Y-315.6714

G1 Z0F20000

(Start Block)


G1X101.0737Y-315.6714
G1Z5F20000
(Plotting speed under)
G1 F4000


G1X64.2048Y-310.6762

G1X108.2215Y-352.3985

G1 Z0F20000

(Start Block)


G1X108.2215Y-352.3985
G1Z5F20000
(Plotting speed under)
G1 F4000


G1X101.0737Y-315.6714

G1X75.8844Y-370.9266

G1 Z0F20000

(Start Block)


G1X75.8844Y-370.9266
G1Z5F20000
(Plotting speed under)
G1 F4000


G1X108.2215Y-352.3985

G1X48.3676Y-346.2456

G1 Z0F20000

(Start Block)


G1X48.3676Y-346.2456
G1Z5F20000
(Plotting speed under)
G1 F4000


G1X75.8844Y-370.9266

G1X63.3753Y-312.5141

G1 Z0F20000

(Start Block)


G1X63.3753Y-312.5141
G1Z5F20000
(Plotting speed under)
G1 F4000


G1X48.3676Y-346.2456

G1X100.3809Y-316.2840

G1 Z0F20000

(Start Block)


G1X100.3809Y-316.2840
G1Z5F20000
(Plotting speed under)
G1 F4000


G1X63.3753Y-312.5141

G1X108.7345Y-352.7545

G1 Z0F20000

(Start Block)


G1X108.7345Y-352.7545
G1Z5F20000
(Plotting speed under)
G1 F4000


G1X100.3809Y-316.2840

G1X77.0213Y-372.3460

G1 Z0F20000

(Start Block)


G1X77.0213Y-372.3460
G1Z5F20000
(Plotting speed under)
G1 F4000


G1X108.7345Y-352.7545

G1X48.6920Y-348.5923

G1 Z0F20000

(Start Block)


G1X48.6920Y-348.5923
G1Z5F20000
(Plotting speed under)
G1 F4000


G1X77.0213Y-372.3460

G1X62.5635Y-314.3822

G1 Z0F20000

(Start Block)


G1X62.5635Y-314.3822
G1Z5F20000
(Plotting speed under)
G1 F4000


G1X48.6920Y-348.5923

G1X99.6650Y-316.9229

G1 Z0F20000

(Start Block)


G1X99.6650Y-316.9229
G1Z5F20000
(Plotting speed under)
G1 F4000


G1X62.5635Y-314.3822

G1X109.2154Y-353.0969

G1 Z0F20000

(Start Block)


G1X109.2154Y-353.0969
G1Z5F20000
(Plotting speed under)
G1 F4000


G1X99.6650Y-316.9229

G1X78.1609Y-373.7306

G1 Z0F20000

(Start Block)


G1X78.1609Y-373.7306
G1Z5F20000
(Plotting speed under)
G1 F4000


G1X109.2154Y-353.0969

G1X49.0503Y-350.9306

G1 Z0F20000

(Start Block)


G1X49.0503Y-350.9306
G1Z5F20000
(Plotting speed under)
G1 F4000


G1X78.1609Y-373.7306

G1X61.7704Y-316.2798

G1 Z0F20000

(Start Block)


G1X61.7704Y-316.2798
G1Z5F20000
(Plotting speed under)
G1 F4000


G1X49.0503Y-350.9306

G1X98.9270Y-317.5889

G1 Z0F20000

(Start Block)


G1X98.9270Y-317.5889
G1Z5F20000
(Plotting speed under)
G1 F4000


G1X61.7704Y-316.2798

G1X109.6636Y-353.4267

G1 Z0F20000

(Start Block)


G1X109.6636Y-353.4267
G1Z5F20000
(Plotting speed under)
G1 F4000


G1X98.9270Y-317.5889

G1X79.3021Y-375.0802

G1 Z0F20000

(Start Block)


G1X79.3021Y-375.0802
G1Z5F20000
(Plotting speed under)
G1 F4000


G1X109.6636Y-353.4267

G1X49.4423Y-353.2594

G1 Z0F20000

(Start Block)


G1X49.4423Y-353.2594
G1Z5F20000
(Plotting speed under)
G1 F4000


G1X79.3021Y-375.0802

G1X60.9969Y-318.2063

G1 Z0F20000

(Start Block)


G1X60.9969Y-318.2063
G1Z5F20000
(Plotting speed under)
G1 F4000


G1X49.4423Y-353.2594

G1X98.1678Y-318.2826

G1 Z0F20000

(Start Block)


G1X98.1678Y-318.2826
G1Z5F20000
(Plotting speed under)
G1 F4000


G1X60.9969Y-318.2063

G1X110.0788Y-353.7453

G1 Z0F20000

(Start Block)


G1X110.0788Y-353.7453
G1Z5F20000
(Plotting speed under)
G1 F4000


G1X98.1678Y-318.2826

G1X80.4437Y-376.3948

G1 Z0F20000

(Start Block)


G1X80.4437Y-376.3948
G1Z5F20000
(Plotting speed under)
G1 F4000


G1X110.0788Y-353.7453

G1X49.8675Y-355.5775

G1 Z0F20000

(Start Block)


G1X49.8675Y-355.5775
G1Z5F20000
(Plotting speed under)
G1 F4000


G1X80.4437Y-376.3948

G1X60.2440Y-320.1612

G1 Z0F20000

(Start Block)


G1X60.2440Y-320.1612
G1Z5F20000
(Plotting speed under)
G1 F4000


G1X49.8675Y-355.5775

G1X97.3882Y-319.0048

G1 Z0F20000

(Start Block)


G1X97.3882Y-319.0048
G1Z5F20000
(Plotting speed under)
G1 F4000


G1X60.2440Y-320.1612

G1X110.4605Y-354.0534

G1 Z0F20000

(Start Block)


G1X110.4605Y-354.0534
G1Z5F20000
(Plotting speed under)
G1 F4000


G1X97.3882Y-319.0048

G1X81.5845Y-377.6746

G1 Z0F20000

(Start Block)


G1X81.5845Y-377.6746
G1Z5F20000
(Plotting speed under)
G1 F4000


G1X110.4605Y-354.0534

G1X50.3257Y-357.8839

G1 Z0F20000

(Start Block)


G1X50.3257Y-357.8839
G1Z5F20000
(Plotting speed under)
G1 F4000


G1X81.5845Y-377.6746

G1X59.5127Y-322.1435

G1 Z0F20000

(Start Block)


G1X59.5127Y-322.1435
G1Z5F20000
(Plotting speed under)
G1 F4000


G1X50.3257Y-357.8839

G1X96.5893Y-319.7561

G1 Z0F20000

(Start Block)


G1X96.5893Y-319.7561
G1Z5F20000
(Plotting speed under)
G1 F4000


G1X59.5127Y-322.1435

G1X110.8086Y-354.3524

G1 Z0F20000

(Start Block)


G1X110.8086Y-354.3524
G1Z5F20000
(Plotting speed under)
G1 F4000


G1X96.5893Y-319.7561

G1X82.7234Y-378.9194

G1 Z0F20000

(Start Block)


G1X82.7234Y-378.9194
G1Z5F20000
(Plotting speed under)
G1 F4000


G1X110.8086Y-354.3524

G1X50.8164Y-360.1775

G1 Z0F20000

(Start Block)


G1X50.8164Y-360.1775
G1Z5F20000
(Plotting speed under)
G1 F4000


G1X82.7234Y-378.9194

G1X58.8038Y-324.1526

G1 Z0F20000

(Start Block)


G1X58.8038Y-324.1526
G1Z5F20000
(Plotting speed under)
G1 F4000


G1X50.8164Y-360.1775

G1X95.7720Y-320.5371

G1 Z0F20000

(Start Block)


G1X95.7720Y-320.5371
G1Z5F20000
(Plotting speed under)
G1 F4000


G1X58.8038Y-324.1526

G1X111.1225Y-354.6433

G1 Z0F20000

(Start Block)


G1X111.1225Y-354.6433
G1Z5F20000
(Plotting speed under)
G1 F4000


G1X95.7720Y-320.5371

G1X83.8592Y-380.1293

G1 Z0F20000

(Start Block)


G1X83.8592Y-380.1293
G1Z5F20000
(Plotting speed under)
G1 F4000


G1X111.1225Y-354.6433

G1X51.3392Y-362.4572

G1 Z0F20000

(Start Block)


G1X51.3392Y-362.4572
G1Z5F20000
(Plotting speed under)
G1 F4000


G1X83.8592Y-380.1293

G1X58.1181Y-326.1879

G1 Z0F20000

(Start Block)


G1X58.1181Y-326.1879
G1Z5F20000
(Plotting speed under)
G1 F4000


G1X51.3392Y-362.4572

G1X94.9373Y-321.3485

G1 Z0F20000

(Start Block)


G1X94.9373Y-321.3485
G1Z5F20000
(Plotting speed under)
G1 F4000


G1X58.1181Y-326.1879

G1X111.4023Y-354.9273

G1 Z0F20000

(Start Block)


G1X111.4023Y-354.9273
G1Z5F20000
(Plotting speed under)
G1 F4000


G1X94.9373Y-321.3485

G1X84.9908Y-381.3046

G1 Z0F20000

(Start Block)


G1X84.9908Y-381.3046
G1Z5F20000
(Plotting speed under)
G1 F4000


G1X111.4023Y-354.9273

G1X51.8937Y-364.7219

G1 Z0F20000

(Start Block)


G1X51.8937Y-364.7219
G1Z5F20000
(Plotting speed under)
G1 F4000


G1X84.9908Y-381.3046

G1X57.4567Y-328.2484

G1 Z0F20000

(Start Block)


G1X57.4567Y-328.2484
G1Z5F20000
(Plotting speed under)
G1 F4000


G1X51.8937Y-364.7219

G1X94.0863Y-322.1907

G1 Z0F20000

(Start Block)


G1X94.0863Y-322.1907
G1Z5F20000
(Plotting speed under)
G1 F4000


G1X57.4567Y-328.2484

G1X111.6475Y-355.2055

G1 Z0F20000

(Start Block)


G1X111.6475Y-355.2055
G1Z5F20000
(Plotting speed under)
G1 F4000


G1X94.0863Y-322.1907

G1X86.1171Y-382.4453

G1 Z0F20000

(Start Block)


G1X86.1171Y-382.4453
G1Z5F20000
(Plotting speed under)
G1 F4000


G1X111.6475Y-355.2055

G1X52.4792Y-366.9706

G1 Z0F20000

(Start Block)


G1X52.4792Y-366.9706
G1Z5F20000
(Plotting speed under)
G1 F4000


G1X86.1171Y-382.4453

G1X56.8202Y-330.3333

G1 Z0F20000

(Start Block)


G1X56.8202Y-330.3333
G1Z5F20000
(Plotting speed under)
G1 F4000


G1X52.4792Y-366.9706

G1X93.2198Y-323.0644

G1 Z0F20000

(Start Block)


G1X93.2198Y-323.0644
G1Z5F20000
(Plotting speed under)
G1 F4000


G1X56.8202Y-330.3333

G1X111.8581Y-355.4791

G1 Z0F20000

(Start Block)


G1X111.8581Y-355.4791
G1Z5F20000
(Plotting speed under)
G1 F4000


G1X93.2198Y-323.0644

G1X87.2367Y-383.5517

G1 Z0F20000

(Start Block)


G1X87.2367Y-383.5517
G1Z5F20000
(Plotting speed under)
G1 F4000


G1X111.8581Y-355.4791

G1X53.0952Y-369.2023

G1 Z0F20000

(Start Block)


G1X53.0952Y-369.2023
G1Z5F20000
(Plotting speed under)
G1 F4000


G1X87.2367Y-383.5517

G1X56.2095Y-332.4419

G1 Z0F20000

(Start Block)


G1X56.2095Y-332.4419
G1Z5F20000
(Plotting speed under)
G1 F4000


G1X53.0952Y-369.2023

G1X92.3392Y-323.9700

G1 Z0F20000

(Start Block)


G1X92.3392Y-323.9700
G1Z5F20000
(Plotting speed under)
G1 F4000


G1X56.2095Y-332.4419

G1X112.0340Y-355.7492

G1 Z0F20000

(Start Block)


G1X112.0340Y-355.7492
G1Z5F20000
(Plotting speed under)
G1 F4000


G1X92.3392Y-323.9700

G1X88.3488Y-384.6240

G1 Z0F20000

(Start Block)


G1X88.3488Y-384.6240
G1Z5F20000
(Plotting speed under)
G1 F4000


G1X112.0340Y-355.7492

G1X53.7412Y-371.4160

G1 Z0F20000

(Start Block)


G1X53.7412Y-371.4160
G1Z5F20000
(Plotting speed under)
G1 F4000


G1X88.3488Y-384.6240

G1X55.6253Y-334.5732

G1 Z0F20000

(Start Block)


G1X55.6253Y-334.5732
G1Z5F20000
(Plotting speed under)
G1 F4000


G1X53.7412Y-371.4160

G1X91.4453Y-324.9080

G1 Z0F20000

(Start Block)


G1X91.4453Y-324.9080
G1Z5F20000
(Plotting speed under)
G1 F4000


G1X55.6253Y-334.5732

G1X112.1655Y-355.8754

G1 Z0F20000

(Start Block)


G1X112.1655Y-355.8754
G1Z5F20000
(Plotting speed under)
G1 F4000


G1X91.4453Y-324.9080

G1 Z0F20000

(Start Block)


G1X54.7394Y-372.5605
G1Z5F20000
(Plotting speed under)
G1 F4000


G1X89.6088Y-385.0665

G1X55.5576Y-335.2218

G1 Z0F20000

(Start Block)


G1X55.5576Y-335.2218
G1Z5F20000
(Plotting speed under)
G1 F4000


G1X54.7394Y-372.5605

G1X91.1946Y-323.9198

G1 Z0F20000

(Start Block)


G1X91.1946Y-323.9198
G1Z5F20000
(Plotting speed under)
G1 F4000


G1X55.5576Y-335.2218

G1X113.1024Y-353.8703

G1 Z0F20000

(Start Block)


G1X113.1024Y-353.8703
G1Z5F20000
(Plotting speed under)
G1 F4000


G1X91.1946Y-323.9198

G1X91.5331Y-383.7997

G1 Z0F20000

(Start Block)


G1X91.5331Y-383.7997
G1Z5F20000
(Plotting speed under)
G1 F4000


G1X113.1024Y-353.8703

G1X56.2744Y-372.4635

G1 Z0F20000

(Start Block)


G1X56.2744Y-372.4635
G1Z5F20000
(Plotting speed under)
G1 F4000


G1X91.5331Y-383.7997

G1X55.8597Y-335.1243

G1 Z0F20000

(Start Block)


G1X55.8597Y-335.1243
G1Z5F20000
(Plotting speed under)
G1 F4000


G1X56.2744Y-372.4635

G1X91.1084Y-322.6521

G1 Z0F20000

(Start Block)


G1X91.1084Y-322.6521
G1Z5F20000
(Plotting speed under)
G1 F4000


G1X55.8597Y-335.1243

G1X114.0043Y-351.8651

G1 Z0F20000

(Start Block)


G1X114.0043Y-351.8651
G1Z5F20000
(Plotting speed under)
G1 F4000


G1X91.1084Y-322.6521

G1X93.4464Y-382.4998

G1 Z0F20000

(Start Block)


G1X93.4464Y-382.4998
G1Z5F20000
(Plotting speed under)
G1 F4000


G1X114.0043Y-351.8651

G1X57.8374Y-372.3457

G1 Z0F20000

(Start Block)


G1X57.8374Y-372.3457
G1Z5F20000
(Plotting speed under)
G1 F4000


G1X93.4464Y-382.4998

G1X56.1904Y-335.0467

G1 Z0F20000

(Start Block)


G1X56.1904Y-335.0467
G1Z5F20000
(Plotting speed under)
G1 F4000


G1X57.8374Y-372.3457

G1X91.0124Y-321.4179

G1 Z0F20000

(Start Block)


G1X91.0124Y-321.4179
G1Z5F20000
(Plotting speed under)
G1 F4000


G1X56.1904Y-335.0467

G1X114.8713Y-349.8612

G1 Z0F20000

(Start Block)


G1X114.8713Y-349.8612
G1Z5F20000
(Plotting speed under)
G1 F4000


G1X91.0124Y-321.4179

G1X95.3476Y-381.1670

G1 Z0F20000

(Start Block)


G1X95.3476Y-381.1670
G1Z5F20000
(Plotting speed under)
G1 F4000


G1X114.8713Y-349.8612

G1X59.4277Y-372.2060

G1 Z0F20000

(Start Block)


G1X59.4277Y-372.2060
G1Z5F20000
(Plotting speed under)
G1 F4000


G1X95.3476Y-381.1670

G1X56.5505Y-334.9882

G1 Z0F20000

(Start Block)


G1X56.5505Y-334.9882
G1Z5F20000
(Plotting speed under)
G1 F4000


G1X59.4277Y-372.2060

G1X90.9075Y-320.2175

G1 Z0F20000

(Start Block)


G1X90.9075Y-320.2175
G1Z5F20000
(Plotting speed under)
G1 F4000


G1X56.5505Y-334.9882

G1X115.7034Y-347.8595

G1 Z0F20000

(Start Block)


G1X115.7034Y-347.8595
G1Z5F20000
(Plotting speed under)
G1 F4000


G1X90.9075Y-320.2175

G1X97.2355Y-379.8019

G1 Z0F20000

(Start Block)


G1X97.2355Y-379.8019
G1Z5F20000
(Plotting speed under)
G1 F4000


G1X115.7034Y-347.8595

G1X61.0445Y-372.0436

G1 Z0F20000

(Start Block)


G1X61.0445Y-372.0436
G1Z5F20000
(Plotting speed under)
G1 F4000


G1X97.2355Y-379.8019

G1X56.9405Y-334.9477

G1 Z0F20000

(Start Block)


G1X56.9405Y-334.9477
G1Z5F20000
(Plotting speed under)
G1 F4000


G1X61.0445Y-372.0436

G1X90.7949Y-319.0512

G1 Z0F20000

(Start Block)


G1X90.7949Y-319.0512
G1Z5F20000
(Plotting speed under)
G1 F4000


G1X56.9405Y-334.9477

G1X116.5008Y-345.8612

G1 Z0F20000

(Start Block)


G1X116.5008Y-345.8612
G1Z5F20000
(Plotting speed under)
G1 F4000


G1X90.7949Y-319.0512

G1X99.1093Y-378.4048

G1 Z0F20000

(Start Block)


G1X99.1093Y-378.4048
G1Z5F20000
(Plotting speed under)
G1 F4000


G1X116.5008Y-345.8612

G1X62.6872Y-371.8575

G1 Z0F20000

(Start Block)


G1X62.6872Y-371.8575
G1Z5F20000
(Plotting speed under)
G1 F4000


G1X99.1093Y-378.4048

G1X57.3610Y-334.9243

G1 Z0F20000

(Start Block)


G1X57.3610Y-334.9243
G1Z5F20000
(Plotting speed under)
G1 F4000


G1X62.6872Y-371.8575

G1X90.6758Y-317.9192

G1 Z0F20000

(Start Block)


G1X90.6758Y-317.9192
G1Z5F20000
(Plotting speed under)
G1 F4000


G1X57.3610Y-334.9243

G1X117.2634Y-343.8676

G1 Z0F20000

(Start Block)


G1X117.2634Y-343.8676
G1Z5F20000
(Plotting speed under)
G1 F4000


G1X90.6758Y-317.9192

G1X100.9677Y-376.9763

G1 Z0F20000

(Start Block)


G1X100.9677Y-376.9763
G1Z5F20000
(Plotting speed under)
G1 F4000


G1X117.2634Y-343.8676

G1X64.3549Y-371.6471

G1 Z0F20000

(Start Block)


G1X64.3549Y-371.6471
G1Z5F20000
(Plotting speed under)
G1 F4000


G1X100.9677Y-376.9763

G1X57.8126Y-334.9169

G1 Z0F20000

(Start Block)


G1X57.8126Y-334.9169
G1Z5F20000
(Plotting speed under)
G1 F4000


G1X64.3549Y-371.6471

G1X90.5513Y-316.8218

G1 Z0F20000

(Start Block)


G1X90.5513Y-316.8218
G1Z5F20000
(Plotting speed under)
G1 F4000


G1X57.8126Y-334.9169

G1X117.9916Y-341.8798

G1 Z0F20000

(Start Block)


G1X117.9916Y-341.8798
G1Z5F20000
(Plotting speed under)
G1 F4000


G1X90.5513Y-316.8218

G1X102.8098Y-375.5169

G1 Z0F20000

(Start Block)


G1X102.8098Y-375.5169
G1Z5F20000
(Plotting speed under)
G1 F4000


G1X117.9916Y-341.8798

G1X66.0467Y-371.4114

G1 Z0F20000

(Start Block)


G1X66.0467Y-371.4114
G1Z5F20000
(Plotting speed under)
G1 F4000


G1X102.8098Y-375.5169

G1X58.2958Y-334.9245

G1 Z0F20000

(Start Block)


G1X58.2958Y-334.9245
G1Z5F20000
(Plotting speed under)
G1 F4000


G1X66.0467Y-371.4114

G1X90.4225Y-315.7591

G1 Z0F20000

(Start Block)


G1X90.4225Y-315.7591
G1Z5F20000
(Plotting speed under)
G1 F4000


G1X58.2958Y-334.9245

G1X118.6856Y-339.8988

G1 Z0F20000

(Start Block)


G1X118.6856Y-339.8988
G1Z5F20000
(Plotting speed under)
G1 F4000


G1X90.4225Y-315.7591

G1X104.6346Y-374.0271

G1 Z0F20000

(Start Block)


G1X104.6346Y-374.0271
G1Z5F20000
(Plotting speed under)
G1 F4000


G1X118.6856Y-339.8988

G1X67.7619Y-371.1496

G1 Z0F20000

(Start Block)


G1X67.7619Y-371.1496
G1Z5F20000
(Plotting speed under)
G1 F4000


G1X104.6346Y-374.0271

G1X58.8111Y-334.9460

G1 Z0F20000

(Start Block)


G1X58.8111Y-334.9460
G1Z5F20000
(Plotting speed under)
G1 F4000


G1X67.7619Y-371.1496

G1X90.2906Y-314.7312

G1 Z0F20000

(Start Block)


G1X90.2906Y-314.7312
G1Z5F20000
(Plotting speed under)
G1 F4000


G1X58.8111Y-334.9460

G1X119.3455Y-337.9259

G1 Z0F20000

(Start Block)


G1X119.3455Y-337.9259
G1Z5F20000
(Plotting speed under)
G1 F4000


G1X90.2906Y-314.7312

G1X106.4410Y-372.5076

G1 Z0F20000

(Start Block)


G1X106.4410Y-372.5076
G1Z5F20000
(Plotting speed under)
G1 F4000


G1X119.3455Y-337.9259

G1X69.4995Y-370.8611

G1 Z0F20000

(Start Block)


G1X69.4995Y-370.8611
G1Z5F20000
(Plotting speed under)
G1 F4000


G1X106.4410Y-372.5076

G1X59.3589Y-334.9804

G1 Z0F20000

(Start Block)


G1X59.3589Y-334.9804
G1Z5F20000
(Plotting speed under)
G1 F4000


G1X69.4995Y-370.8611

G1X90.1567Y-313.7383

G1 Z0F20000

(Start Block)


G1X90.1567Y-313.7383
G1Z5F20000
(Plotting speed under)
G1 F4000


G1X59.3589Y-334.9804

G1X119.9716Y-335.9621

G1 Z0F20000

(Start Block)


G1X119.9716Y-335.9621
G1Z5F20000
(Plotting speed under)
G1 F4000


G1X90.1567Y-313.7383

G1X108.2280Y-370.9590

G1 Z0F20000

(Start Block)


G1X108.2280Y-370.9590
G1Z5F20000
(Plotting speed under)
G1 F4000


G1X119.9716Y-335.9621

G1X71.2587Y-370.5450

G1 Z0F20000

(Start Block)


G1X71.2587Y-370.5450
G1Z5F20000
(Plotting speed under)
G1 F4000


G1X108.2280Y-370.9590

G1X59.9395Y-335.0265

G1 Z0F20000

(Start Block)


G1X59.9395Y-335.0265
G1Z5F20000
(Plotting speed under)
G1 F4000


G1X71.2587Y-370.5450

G1X90.0221Y-312.7802

G1 Z0F20000

(Start Block)


G1X90.0221Y-312.7802
G1Z5F20000
(Plotting speed under)
G1 F4000


G1X59.9395Y-335.0265

G1X120.5643Y-334.0086

G1 Z0F20000

(Start Block)


G1X120.5643Y-334.0086
G1Z5F20000
(Plotting speed under)
G1 F4000


G1X90.0221Y-312.7802

G1X109.9948Y-369.3818

G1 Z0F20000

(Start Block)


G1X109.9948Y-369.3818
G1Z5F20000
(Plotting speed under)
G1 F4000


G1X120.5643Y-334.0086

G1X73.0386Y-370.2007

G1 Z0F20000

(Start Block)


G1X73.0386Y-370.2007
G1Z5F20000
(Plotting speed under)
G1 F4000


G1X109.9948Y-369.3818

G1X60.5535Y-335.0833

G1 Z0F20000

(Start Block)


G1X60.5535Y-335.0833
G1Z5F20000
(Plotting speed under)
G1 F4000


G1X73.0386Y-370.2007

G1X89.8878Y-311.8572

G1 Z0F20000

(Start Block)


G1X89.8878Y-311.8572
G1Z5F20000
(Plotting speed under)
G1 F4000


G1X60.5535Y-335.0833

G1X121.1240Y-332.0665

G1 Z0F20000

(Start Block)


G1X121.1240Y-332.0665
G1Z5F20000
(Plotting speed under)
G1 F4000


G1X89.8878Y-311.8572

G1X111.7403Y-367.7769

G1 Z0F20000

(Start Block)


G1X111.7403Y-367.7769
G1Z5F20000
(Plotting speed under)
G1 F4000


G1X121.1240Y-332.0665

G1X74.8381Y-369.8275

G1 Z0F20000

(Start Block)


G1X74.8381Y-369.8275
G1Z5F20000
(Plotting speed under)
G1 F4000


G1X111.7403Y-367.7769

G1X61.2011Y-335.1497

G1 Z0F20000

(Start Block)


G1X61.2011Y-335.1497
G1Z5F20000
(Plotting speed under)
G1 F4000


G1X74.8381Y-369.8275

G1X89.7550Y-310.9691

G1 Z0F20000

(Start Block)


G1X89.7550Y-310.9691
G1Z5F20000
(Plotting speed under)
G1 F4000


G1X61.2011Y-335.1497

G1X121.6510Y-330.1369

G1 Z0F20000

(Start Block)


G1X121.6510Y-330.1369
G1Z5F20000
(Plotting speed under)
G1 F4000


G1X89.7550Y-310.9691

G1X113.4638Y-366.1449

G1 Z0F20000

(Start Block)


G1X113.4638Y-366.1449
G1Z5F20000
(Plotting speed under)
G1 F4000


G1X121.6510Y-330.1369

G1X76.6563Y-369.4248

G1 Z0F20000

(Start Block)


G1X76.6563Y-369.4248
G1Z5F20000
(Plotting speed under)
G1 F4000


G1X113.4638Y-366.1449

G1X61.8827Y-335.2245

G1 Z0F20000

(Start Block)


G1X61.8827Y-335.2245
G1Z5F20000
(Plotting speed under)
G1 F4000


G1X76.6563Y-369.4248

G1X89.6250Y-310.1158

G1 Z0F20000

(Start Block)


G1X89.6250Y-310.1158
G1Z5F20000
(Plotting speed under)
G1 F4000


G1X61.8827Y-335.2245

G1X122.1458Y-328.2207

G1 Z0F20000

(Start Block)


G1X122.1458Y-328.2207
G1Z5F20000
(Plotting speed under)
G1 F4000


G1X89.6250Y-310.1158

G1X115.1642Y-364.4866

G1 Z0F20000

(Start Block)


G1X115.1642Y-364.4866
G1Z5F20000
(Plotting speed under)
G1 F4000


G1X122.1458Y-328.2207

G1X78.4922Y-368.9920

G1 Z0F20000

(Start Block)


G1X78.4922Y-368.9920
G1Z5F20000
(Plotting speed under)
G1 F4000


G1X115.1642Y-364.4866

G1X62.5984Y-335.3067

G1 Z0F20000

(Start Block)


G1X62.5984Y-335.3067
G1Z5F20000
(Plotting speed under)
G1 F4000


G1X78.4922Y-368.9920

G1X89.4988Y-309.2973

G1 Z0F20000

(Start Block)


G1X89.4988Y-309.2973
G1Z5F20000
(Plotting speed under)
G1 F4000


G1X62.5984Y-335.3067

G1X122.6088Y-326.3192

G1 Z0F20000

(Start Block)


G1X122.6088Y-326.3192
G1Z5F20000
(Plotting speed under)
G1 F4000


G1X89.4988Y-309.2973

G1X116.8407Y-362.8028

G1 Z0F20000

(Start Block)


G1X116.8407Y-362.8028
G1Z5F20000
(Plotting speed under)
G1 F4000


G1X122.6088Y-326.3192

G1X80.3448Y-368.5284

G1 Z0F20000

(Start Block)


G1X80.3448Y-368.5284
G1Z5F20000
(Plotting speed under)
G1 F4000


G1X116.8407Y-362.8028

G1X63.3486Y-335.3950

G1 Z0F20000

(Start Block)


G1X63.3486Y-335.3950
G1Z5F20000
(Plotting speed under)
G1 F4000


G1X80.3448Y-368.5284

G1X89.3776Y-308.5134

G1 Z0F20000

(Start Block)


G1X89.3776Y-308.5134
G1Z5F20000
(Plotting speed under)
G1 F4000


G1X63.3486Y-335.3950

G1X123.0405Y-324.4334

G1 Z0F20000

(Start Block)


G1X123.0405Y-324.4334
G1Z5F20000
(Plotting speed under)
G1 F4000


G1X89.3776Y-308.5134

G1X118.4925Y-361.0942

G1 Z0F20000

(Start Block)


G1X118.4925Y-361.0942
G1Z5F20000
(Plotting speed under)
G1 F4000


G1X123.0405Y-324.4334

G1X82.2131Y-368.0336

G1 Z0F20000

(Start Block)


G1X82.2131Y-368.0336
G1Z5F20000
(Plotting speed under)
G1 F4000


G1X118.4925Y-361.0942

G1X64.1333Y-335.4883

G1 Z0F20000

(Start Block)


G1X64.1333Y-335.4883
G1Z5F20000
(Plotting speed under)
G1 F4000


G1X82.2131Y-368.0336

G1X89.2625Y-307.7638

G1 Z0F20000

(Start Block)


G1X89.2625Y-307.7638
G1Z5F20000
(Plotting speed under)
G1 F4000


G1X64.1333Y-335.4883

G1X123.4416Y-322.5642

G1 Z0F20000

(Start Block)


G1X123.4416Y-322.5642
G1Z5F20000
(Plotting speed under)
G1 F4000


G1X89.2625Y-307.7638

G1X120.1189Y-359.3617

G1 Z0F20000

(Start Block)


G1X120.1189Y-359.3617
G1Z5F20000
(Plotting speed under)
G1 F4000


G1X123.4416Y-322.5642

G1X84.0961Y-367.5070

G1 Z0F20000

(Start Block)


G1X84.0961Y-367.5070
G1Z5F20000
(Plotting speed under)
G1 F4000


G1X120.1189Y-359.3617

G1X64.9528Y-335.5855

G1 Z0F20000

(Start Block)


G1X64.9528Y-335.5855
G1Z5F20000
(Plotting speed under)
G1 F4000


G1X84.0961Y-367.5070

G1X89.1547Y-307.0485

G1 Z0F20000

(Start Block)


G1X89.1547Y-307.0485
G1Z5F20000
(Plotting speed under)
G1 F4000


G1X64.9528Y-335.5855

G1X123.8124Y-320.7127

G1 Z0F20000

(Start Block)


G1X123.8124Y-320.7127
G1Z5F20000
(Plotting speed under)
G1 F4000


G1X89.1547Y-307.0485

G1X121.7189Y-357.6062

G1 Z0F20000

(Start Block)


G1X121.7189Y-357.6062
G1Z5F20000
(Plotting speed under)
G1 F4000


G1X123.8124Y-320.7127

G1X85.9926Y-366.9481

G1 Z0F20000

(Start Block)


G1X85.9926Y-366.9481
G1Z5F20000
(Plotting speed under)
G1 F4000


G1X121.7189Y-357.6062

G1X65.8071Y-335.6854

G1 Z0F20000

(Start Block)


G1X65.8071Y-335.6854
G1Z5F20000
(Plotting speed under)
G1 F4000


G1X85.9926Y-366.9481

G1X89.0553Y-306.3672

G1 Z0F20000

(Start Block)


G1X89.0553Y-306.3672
G1Z5F20000
(Plotting speed under)
G1 F4000


G1X65.8071Y-335.6854

G1X124.1537Y-318.8799

G1 Z0F20000

(Start Block)


G1X124.1537Y-318.8799
G1Z5F20000
(Plotting speed under)
G1 F4000


G1X89.0553Y-306.3672

G1X123.2919Y-355.8286

G1 Z0F20000

(Start Block)


G1X123.2919Y-355.8286
G1Z5F20000
(Plotting speed under)
G1 F4000


G1X124.1537Y-318.8799

G1X87.9016Y-366.3567

G1 Z0F20000

(Start Block)


G1X87.9016Y-366.3567
G1Z5F20000
(Plotting speed under)
G1 F4000


G1X123.2919Y-355.8286

G1X66.6964Y-335.7869

G1 Z0F20000

(Start Block)


G1X66.6964Y-335.7869
G1Z5F20000
(Plotting speed under)
G1 F4000


G1X87.9016Y-366.3567

G1X88.9654Y-305.7195

G1 Z0F20000

(Start Block)


G1X88.9654Y-305.7195
G1Z5F20000
(Plotting speed under)
G1 F4000


G1X66.6964Y-335.7869

G1X124.4661Y-317.0667

G1 Z0F20000

(Start Block)


G1X124.4661Y-317.0667
G1Z5F20000
(Plotting speed under)
G1 F4000


G1X88.9654Y-305.7195

G1X124.8371Y-354.0296

G1 Z0F20000

(Start Block)


G1X124.8371Y-354.0296
G1Z5F20000
(Plotting speed under)
G1 F4000


G1X124.4661Y-317.0667

G1X89.8220Y-365.7322

G1 Z0F20000

(Start Block)


G1X89.8220Y-365.7322
G1Z5F20000
(Plotting speed under)
G1 F4000


G1X124.8371Y-354.0296

G1X67.6206Y-335.8888

G1 Z0F20000

(Start Block)


G1X67.6206Y-335.8888
G1Z5F20000
(Plotting speed under)
G1 F4000


G1X89.8220Y-365.7322

G1X88.8862Y-305.1050

G1 Z0F20000

(Start Block)


G1X88.8862Y-305.1050
G1Z5F20000
(Plotting speed under)
G1 F4000


G1X67.6206Y-335.8888

G1X124.7502Y-315.2742

G1 Z0F20000

(Start Block)


G1X124.7502Y-315.2742
G1Z5F20000
(Plotting speed under)
G1 F4000


G1X88.8862Y-305.1050

G1X126.3538Y-352.2104

G1 Z0F20000

(Start Block)


G1X126.3538Y-352.2104
G1Z5F20000
(Plotting speed under)
G1 F4000


G1X124.7502Y-315.2742

G1X91.7528Y-365.0743

G1 Z0F20000

(Start Block)


G1X91.7528Y-365.0743
G1Z5F20000
(Plotting speed under)
G1 F4000


G1X126.3538Y-352.2104

G1X68.5798Y-335.9900

G1 Z0F20000

(Start Block)


G1X68.5798Y-335.9900
G1Z5F20000
(Plotting speed under)
G1 F4000


G1X91.7528Y-365.0743

G1X88.8187Y-304.5235

G1 Z0F20000

(Start Block)


G1X88.8187Y-304.5235
G1Z5F20000
(Plotting speed under)
G1 F4000


G1X68.5798Y-335.9900

G1X125.0068Y-313.5031

G1 Z0F20000

(Start Block)


G1X125.0068Y-313.5031
G1Z5F20000
(Plotting speed under)
G1 F4000


G1X88.8187Y-304.5235

G1X127.8415Y-350.3718

G1 Z0F20000

(Start Block)


G1X127.8415Y-350.3718
G1Z5F20000
(Plotting speed under)
G1 F4000


G1X125.0068Y-313.5031

G1X93.6927Y-364.3826

G1 Z0F20000

(Start Block)


G1X93.6927Y-364.3826
G1Z5F20000
(Plotting speed under)
G1 F4000


G1X127.8415Y-350.3718

G1X69.5739Y-336.0892

G1 Z0F20000

(Start Block)


G1X69.5739Y-336.0892
G1Z5F20000
(Plotting speed under)
G1 F4000


G1X93.6927Y-364.3826

G1X88.7641Y-303.9746

G1 Z0F20000

(Start Block)


G1X88.7641Y-303.9746
G1Z5F20000
(Plotting speed under)
G1 F4000


G1X69.5739Y-336.0892

G1X125.2366Y-311.7545

G1 Z0F20000

(Start Block)


G1X125.2366Y-311.7545
G1Z5F20000
(Plotting speed under)
G1 F4000


G1X88.7641Y-303.9746

G1X129.2994Y-348.5148

G1 Z0F20000

(Start Block)


G1X129.2994Y-348.5148
G1Z5F20000
(Plotting speed under)
G1 F4000


G1X125.2366Y-311.7545

G1X95.6407Y-363.6570

G1 Z0F20000

(Start Block)


G1X95.6407Y-363.6570
G1Z5F20000
(Plotting speed under)
G1 F4000


G1X129.2994Y-348.5148

G1X70.6029Y-336.1853

G1 Z0F20000

(Start Block)


G1X70.6029Y-336.1853
G1Z5F20000
(Plotting speed under)
G1 F4000


G1X95.6407Y-363.6570

G1X88.7233Y-303.4577

G1 Z0F20000

(Start Block)


G1X88.7233Y-303.4577
G1Z5F20000
(Plotting speed under)
G1 F4000


G1X70.6029Y-336.1853

G1X125.4403Y-310.0292

G1 Z0F20000

(Start Block)


G1X125.4403Y-310.0292
G1Z5F20000
(Plotting speed under)
G1 F4000


G1X88.7233Y-303.4577

G1X130.7269Y-346.6405

G1 Z0F20000

(Start Block)


G1X130.7269Y-346.6405
G1Z5F20000
(Plotting speed under)
G1 F4000


G1X125.4403Y-310.0292

G1X97.5956Y-362.8970

G1 Z0F20000

(Start Block)


G1X97.5956Y-362.8970
G1Z5F20000
(Plotting speed under)
G1 F4000


G1X130.7269Y-346.6405

G1X71.6665Y-336.2772

G1 Z0F20000

(Start Block)


G1X71.6665Y-336.2772
G1Z5F20000
(Plotting speed under)
G1 F4000


G1X97.5956Y-362.8970

G1X88.6975Y-302.9724

G1 Z0F20000

(Start Block)


G1X88.6975Y-302.9724
G1Z5F20000
(Plotting speed under)
G1 F4000


G1X71.6665Y-336.2772

G1X125.6187Y-308.3280

G1 Z0F20000

(Start Block)


G1X125.6187Y-308.3280
G1Z5F20000
(Plotting speed under)
G1 F4000


G1X88.6975Y-302.9724

G1X132.1236Y-344.7498

G1 Z0F20000

(Start Block)


G1X132.1236Y-344.7498
G1Z5F20000
(Plotting speed under)
G1 F4000


G1X125.6187Y-308.3280

G1X99.5563Y-362.1026

G1 Z0F20000

(Start Block)


G1X99.5563Y-362.1026
G1Z5F20000
(Plotting speed under)
G1 F4000


G1X132.1236Y-344.7498

G1X72.7646Y-336.3638

G1 Z0F20000

(Start Block)


G1X72.7646Y-336.3638
G1Z5F20000
(Plotting speed under)
G1 F4000


G1X99.5563Y-362.1026

G1X88.6876Y-302.5182

G1 Z0F20000

(Start Block)


G1X88.6876Y-302.5182
G1Z5F20000
(Plotting speed under)
G1 F4000


G1X72.7646Y-336.3638

G1X125.7727Y-306.6519

G1 Z0F20000

(Start Block)


G1X125.7727Y-306.6519
G1Z5F20000
(Plotting speed under)
G1 F4000


G1X88.6876Y-302.5182

G1X133.4888Y-342.8437

G1 Z0F20000

(Start Block)


G1X133.4888Y-342.8437
G1Z5F20000
(Plotting speed under)
G1 F4000


G1X125.7727Y-306.6519

G1X101.5216Y-361.2736

G1 Z0F20000

(Start Block)


G1X101.5216Y-361.2736
G1Z5F20000
(Plotting speed under)
G1 F4000


G1X133.4888Y-342.8437

G1X73.8972Y-336.4438

G1 Z0F20000

(Start Block)


G1X73.8972Y-336.4438
G1Z5F20000
(Plotting speed under)
G1 F4000


G1X101.5216Y-361.2736

G1X88.6949Y-302.0945

G1 Z0F20000

(Start Block)


G1X88.6949Y-302.0945
G1Z5F20000
(Plotting speed under)
G1 F4000


G1X73.8972Y-336.4438

G1X125.9030Y-305.0015

G1 Z0F20000

(Start Block)


G1X125.9030Y-305.0015
G1Z5F20000
(Plotting speed under)
G1 F4000


G1X88.6949Y-302.0945

G1X134.8222Y-340.9234

G1 Z0F20000

(Start Block)


G1X134.8222Y-340.9234
G1Z5F20000
(Plotting speed under)
G1 F4000


G1X125.9030Y-305.0015

G1X103.4905Y-360.4097

G1 Z0F20000

(Start Block)


G1X103.4905Y-360.4097
G1Z5F20000
(Plotting speed under)
G1 F4000


G1X134.8222Y-340.9234

G1X75.0638Y-336.5162

G1 Z0F20000

(Start Block)


G1X75.0638Y-336.5162
G1Z5F20000
(Plotting speed under)
G1 F4000


G1X103.4905Y-360.4097

G1X88.7201Y-301.7009

G1 Z0F20000

(Start Block)


G1X88.7201Y-301.7009
G1Z5F20000
(Plotting speed under)
G1 F4000


G1X75.0638Y-336.5162

G1X126.0106Y-303.3776

G1 Z0F20000

(Start Block)


G1X126.0106Y-303.3776
G1Z5F20000
(Plotting speed under)
G1 F4000


G1X88.7201Y-301.7009

G1X136.1231Y-338.9898

G1 Z0F20000

(Start Block)


G1X136.1231Y-338.9898
G1Z5F20000
(Plotting speed under)
G1 F4000


G1X126.0106Y-303.3776

G1X105.4616Y-359.5110

G1 Z0F20000

(Start Block)


G1X105.4616Y-359.5110
G1Z5F20000
(Plotting speed under)
G1 F4000


G1X136.1231Y-338.9898

G1X76.2643Y-336.5798

G1 Z0F20000

(Start Block)


G1X76.2643Y-336.5798
G1Z5F20000
(Plotting speed under)
G1 F4000


G1X105.4616Y-359.5110

G1X88.7643Y-301.3365

G1 Z0F20000

(Start Block)


G1X88.7643Y-301.3365
G1Z5F20000
(Plotting speed under)
G1 F4000


G1X76.2643Y-336.5798

G1X126.0964Y-301.7811

G1 Z0F20000

(Start Block)


G1X126.0964Y-301.7811
G1Z5F20000
(Plotting speed under)
G1 F4000


G1X88.7643Y-301.3365

G1X137.3913Y-337.0441

G1 Z0F20000

(Start Block)


G1X137.3913Y-337.0441
G1Z5F20000
(Plotting speed under)
G1 F4000


G1X126.0964Y-301.7811

G1X107.4340Y-358.5773

G1 Z0F20000

(Start Block)


G1X107.4340Y-358.5773
G1Z5F20000
(Plotting speed under)
G1 F4000


G1X137.3913Y-337.0441

G1X77.4983Y-336.6335

G1 Z0F20000

(Start Block)


G1X77.4983Y-336.6335
G1Z5F20000
(Plotting speed under)
G1 F4000


G1X107.4340Y-358.5773

G1X88.8285Y-301.0009

G1 Z0F20000

(Start Block)


G1X88.8285Y-301.0009
G1Z5F20000
(Plotting speed under)
G1 F4000


G1X77.4983Y-336.6335

G1X126.1612Y-300.2125

G1 Z0F20000

(Start Block)


G1X126.1612Y-300.2125
G1Z5F20000
(Plotting speed under)
G1 F4000


G1X88.8285Y-301.0009

G1X138.6263Y-335.0874

G1 Z0F20000

(Start Block)


G1X138.6263Y-335.0874
G1Z5F20000
(Plotting speed under)
G1 F4000


G1X126.1612Y-300.2125

G1X109.4064Y-357.6087

G1 Z0F20000

(Start Block)


G1X109.4064Y-357.6087
G1Z5F20000
(Plotting speed under)
G1 F4000


G1X138.6263Y-335.0874

G1X78.7655Y-336.6762

G1 Z0F20000

(Start Block)


G1X78.7655Y-336.6762
G1Z5F20000
(Plotting speed under)
G1 F4000


G1X109.4064Y-357.6087

G1X88.9136Y-300.6932

G1 Z0F20000

(Start Block)


G1X88.9136Y-300.6932
G1Z5F20000
(Plotting speed under)
G1 F4000


G1X78.7655Y-336.6762

G1X126.2060Y-298.6726

G1 Z0F20000

(Start Block)


G1X126.2060Y-298.6726
G1Z5F20000
(Plotting speed under)
G1 F4000


G1X88.9136Y-300.6932

G1X139.8278Y-333.1207

G1 Z0F20000

(Start Block)


G1X139.8278Y-333.1207
G1Z5F20000
(Plotting speed under)
G1 F4000


G1X126.2060Y-298.6726

G1X111.3776Y-356.6051

G1 Z0F20000

(Start Block)


G1X111.3776Y-356.6051
G1Z5F20000
(Plotting speed under)
G1 F4000


G1X139.8278Y-333.1207

G1X80.0655Y-336.7067

G1 Z0F20000

(Start Block)


G1X80.0655Y-336.7067
G1Z5F20000
(Plotting speed under)
G1 F4000


G1X111.3776Y-356.6051

G1X89.0205Y-300.4129

G1 Z0F20000

(Start Block)


G1X89.0205Y-300.4129
G1Z5F20000
(Plotting speed under)
G1 F4000


G1X80.0655Y-336.7067

G1X126.2318Y-297.1621

G1 Z0F20000

(Start Block)


G1X126.2318Y-297.1621
G1Z5F20000
(Plotting speed under)
G1 F4000


G1X89.0205Y-300.4129

G1X140.9955Y-331.1452

G1 Z0F20000

(Start Block)


G1X140.9955Y-331.1452
G1Z5F20000
(Plotting speed under)
G1 F4000


G1X126.2318Y-297.1621

G1X113.3465Y-355.5666

G1 Z0F20000

(Start Block)


G1X113.3465Y-355.5666
G1Z5F20000
(Plotting speed under)
G1 F4000


G1X140.9955Y-331.1452

G1X81.3979Y-336.7241

G1 Z0F20000

(Start Block)


G1X81.3979Y-336.7241
G1Z5F20000
(Plotting speed under)
G1 F4000


G1X113.3465Y-355.5666

G1X89.1502Y-300.1591

G1 Z0F20000

(Start Block)


G1X89.1502Y-300.1591
G1Z5F20000
(Plotting speed under)
G1 F4000


G1X81.3979Y-336.7241

G1X126.2395Y-295.6815

G1 Z0F20000

(Start Block)


G1X126.2395Y-295.6815
G1Z5F20000
(Plotting speed under)
G1 F4000


G1X89.1502Y-300.1591

G1X142.1290Y-329.1621

G1 Z0F20000

(Start Block)


G1X142.1290Y-329.1621
G1Z5F20000
(Plotting speed under)
G1 F4000


G1X126.2395Y-295.6815

G1X115.3120Y-354.4934

G1 Z0F20000

(Start Block)


G1X115.3120Y-354.4934
G1Z5F20000
(Plotting speed under)
G1 F4000


G1X142.1290Y-329.1621

G1X82.7622Y-336.7273

G1 Z0F20000

(Start Block)


G1X82.7622Y-336.7273
G1Z5F20000
(Plotting speed under)
G1 F4000


G1X115.3120Y-354.4934

G1X89.3035Y-299.9312

G1 Z0F20000

(Start Block)


G1X89.3035Y-299.9312
G1Z5F20000
(Plotting speed under)
G1 F4000


G1X82.7622Y-336.7273

G1X126.2302Y-294.2314

G1 Z0F20000

(Start Block)


G1X126.2302Y-294.2314
G1Z5F20000
(Plotting speed under)
G1 F4000


G1X89.3035Y-299.9312

G1X143.2282Y-327.1723

G1 Z0F20000

(Start Block)


G1X143.2282Y-327.1723
G1Z5F20000
(Plotting speed under)
G1 F4000


G1X126.2302Y-294.2314

G1X117.2729Y-353.3855

G1 Z0F20000

(Start Block)


G1X117.2729Y-353.3855
G1Z5F20000
(Plotting speed under)
G1 F4000


G1X143.2282Y-327.1723

G1X84.1579Y-336.7151

G1 Z0F20000

(Start Block)


G1X84.1579Y-336.7151
G1Z5F20000
(Plotting speed under)
G1 F4000


G1X117.2729Y-353.3855

G1X89.4812Y-299.7283

G1 Z0F20000

(Start Block)


G1X89.4812Y-299.7283
G1Z5F20000
(Plotting speed under)
G1 F4000


G1X84.1579Y-336.7151

G1X126.2049Y-292.8124

G1 Z0F20000

(Start Block)


G1X126.2049Y-292.8124
G1Z5F20000
(Plotting speed under)
G1 F4000


G1X89.4812Y-299.7283

G1X144.2929Y-325.1772

G1 Z0F20000

(Start Block)


G1X144.2929Y-325.1772
G1Z5F20000
(Plotting speed under)
G1 F4000


G1X126.2049Y-292.8124

G1X119.2280Y-352.2431

G1 Z0F20000

(Start Block)


G1X119.2280Y-352.2431
G1Z5F20000
(Plotting speed under)
G1 F4000


G1X144.2929Y-325.1772

G1X85.5846Y-336.6866

G1 Z0F20000

(Start Block)


G1X85.5846Y-336.6866
G1Z5F20000
(Plotting speed under)
G1 F4000


G1X119.2280Y-352.2431

G1X89.6841Y-299.5495

G1 Z0F20000

(Start Block)


G1X89.6841Y-299.5495
G1Z5F20000
(Plotting speed under)
G1 F4000


G1X85.5846Y-336.6866

G1X126.1645Y-291.4250

G1 Z0F20000

(Start Block)


G1X126.1645Y-291.4250
G1Z5F20000
(Plotting speed under)
G1 F4000


G1X89.6841Y-299.5495

G1X145.3228Y-323.1778

G1 Z0F20000

(Start Block)


G1X145.3228Y-323.1778
G1Z5F20000
(Plotting speed under)
G1 F4000


G1X126.1645Y-291.4250

G1X121.1762Y-351.0664

G1 Z0F20000

(Start Block)


G1X121.1762Y-351.0664
G1Z5F20000
(Plotting speed under)
G1 F4000


G1X145.3228Y-323.1778

G1X87.0415Y-336.6408

G1 Z0F20000

(Start Block)


G1X87.0415Y-336.6408
G1Z5F20000
(Plotting speed under)
G1 F4000


G1X121.1762Y-351.0664

G1X89.9131Y-299.3941

G1 Z0F20000

(Start Block)


G1X89.9131Y-299.3941
G1Z5F20000
(Plotting speed under)
G1 F4000


G1X87.0415Y-336.6408

G1X126.1103Y-290.0696

G1 Z0F20000

(Start Block)


G1X126.1103Y-290.0696
G1Z5F20000
(Plotting speed under)
G1 F4000


G1X89.9131Y-299.3941

G1X146.3180Y-321.1753

G1 Z0F20000

(Start Block)


G1X146.3180Y-321.1753
G1Z5F20000
(Plotting speed under)
G1 F4000


G1X126.1103Y-290.0696

G1X123.1164Y-349.8557

G1 Z0F20000

(Start Block)


G1X123.1164Y-349.8557
G1Z5F20000
(Plotting speed under)
G1 F4000


G1X146.3180Y-321.1753

G1X88.5283Y-336.5766

G1 Z0F20000

(Start Block)


G1X88.5283Y-336.5766
G1Z5F20000
(Plotting speed under)
G1 F4000


G1X123.1164Y-349.8557

G1X90.1688Y-299.2611

G1 Z0F20000

(Start Block)


G1X90.1688Y-299.2611
G1Z5F20000
(Plotting speed under)
G1 F4000


G1X88.5283Y-336.5766

G1X126.0431Y-288.7468

G1 Z0F20000

(Start Block)


G1X126.0431Y-288.7468
G1Z5F20000
(Plotting speed under)
G1 F4000


G1X90.1688Y-299.2611

G1X147.2782Y-319.1709

G1 Z0F20000

(Start Block)


G1X147.2782Y-319.1709
G1Z5F20000
(Plotting speed under)
G1 F4000


G1X126.0431Y-288.7468

G1X125.0474Y-348.6113

G1 Z0F20000

(Start Block)


G1X125.0474Y-348.6113
G1Z5F20000
(Plotting speed under)
G1 F4000


G1X147.2782Y-319.1709

G1X90.0442Y-336.4931

G1 Z0F20000

(Start Block)


G1X90.0442Y-336.4931
G1Z5F20000
(Plotting speed under)
G1 F4000


G1X125.0474Y-348.6113

G1X90.4521Y-299.1497

G1 Z0F20000

(Start Block)


G1X90.4521Y-299.1497
G1Z5F20000
(Plotting speed under)
G1 F4000


G1X90.0442Y-336.4931

G1X125.9643Y-287.4569

G1 Z0F20000

(Start Block)


G1X125.9643Y-287.4569
G1Z5F20000
(Plotting speed under)
G1 F4000


G1X90.4521Y-299.1497

G1X148.2035Y-317.1656

G1 Z0F20000

(Start Block)


G1X148.2035Y-317.1656
G1Z5F20000
(Plotting speed under)
G1 F4000


G1X125.9643Y-287.4569

G1X126.9681Y-347.3334

G1 Z0F20000

(Start Block)


G1X126.9681Y-347.3334
G1Z5F20000
(Plotting speed under)
G1 F4000


G1X148.2035Y-317.1656

G1X91.5885Y-336.3892

G1 Z0F20000

(Start Block)


G1X91.5885Y-336.3892
G1Z5F20000
(Plotting speed under)
G1 F4000


G1X126.9681Y-347.3334

G1X90.7636Y-299.0589

G1 Z0F20000

(Start Block)


G1X90.7636Y-299.0589
G1Z5F20000
(Plotting speed under)
G1 F4000


G1X91.5885Y-336.3892

G1X125.8747Y-286.2002

G1 Z0F20000

(Start Block)


G1X125.8747Y-286.2002
G1Z5F20000
(Plotting speed under)
G1 F4000


G1X90.7636Y-299.0589

G1X149.0938Y-315.1607

G1 Z0F20000

(Start Block)


G1X149.0938Y-315.1607
G1Z5F20000
(Plotting speed under)
G1 F4000


G1X125.8747Y-286.2002

G1X128.8775Y-346.0225

G1 Z0F20000

(Start Block)


G1X128.8775Y-346.0225
G1Z5F20000
(Plotting speed under)
G1 F4000


G1X149.0938Y-315.1607

G1X93.1607Y-336.2642

G1 Z0F20000

(Start Block)


G1X93.1607Y-336.2642
G1Z5F20000
(Plotting speed under)
G1 F4000


G1X128.8775Y-346.0225

G1X91.1041Y-298.9877

G1 Z0F20000

(Start Block)


G1X91.1041Y-298.9877
G1Z5F20000
(Plotting speed under)
G1 F4000


G1X93.1607Y-336.2642

G1X125.7756Y-284.9773

G1 Z0F20000

(Start Block)


G1X125.7756Y-284.9773
G1Z5F20000
(Plotting speed under)
G1 F4000


G1X91.1041Y-298.9877

G1X149.9492Y-313.1574

G1 Z0F20000

(Start Block)


G1X149.9492Y-313.1574
G1Z5F20000
(Plotting speed under)
G1 F4000


G1X125.7756Y-284.9773

G1X130.7744Y-344.6789

G1 Z0F20000

(Start Block)


G1X130.7744Y-344.6789
G1Z5F20000
(Plotting speed under)
G1 F4000


G1X149.9492Y-313.1574

G1X94.7599Y-336.1170

G1 Z0F20000

(Start Block)


G1X94.7599Y-336.1170
G1Z5F20000
(Plotting speed under)
G1 F4000


G1X130.7744Y-344.6789

G1X91.4740Y-298.9354

G1 Z0F20000

(Start Block)


G1X91.4740Y-298.9354
G1Z5F20000
(Plotting speed under)
G1 F4000


G1X94.7599Y-336.1170

G1X125.6680Y-283.7882

G1 Z0F20000

(Start Block)


G1X125.6680Y-283.7882
G1Z5F20000
(Plotting speed under)
G1 F4000


G1X91.4740Y-298.9354

G1X150.7697Y-311.1567

G1 Z0F20000

(Start Block)


G1X150.7697Y-311.1567
G1Z5F20000
(Plotting speed under)
G1 F4000


G1X125.6680Y-283.7882

G1X132.6578Y-343.3031

G1 Z0F20000

(Start Block)


G1X132.6578Y-343.3031
G1Z5F20000
(Plotting speed under)
G1 F4000


G1X150.7697Y-311.1567

G1X96.3854Y-335.9469

G1 Z0F20000

(Start Block)


G1X96.3854Y-335.9469
G1Z5F20000
(Plotting speed under)
G1 F4000


G1X132.6578Y-343.3031

G1X91.8742Y-298.9006

G1 Z0F20000

(Start Block)


G1X91.8742Y-298.9006
G1Z5F20000
(Plotting speed under)
G1 F4000


G1X96.3854Y-335.9469

G1X125.5531Y-282.6333

G1 Z0F20000

(Start Block)


G1X125.5531Y-282.6333
G1Z5F20000
(Plotting speed under)
G1 F4000


G1X91.8742Y-298.9006

G1X151.5555Y-309.1599

G1 Z0F20000

(Start Block)


G1X151.5555Y-309.1599
G1Z5F20000
(Plotting speed under)
G1 F4000


G1X125.5531Y-282.6333

G1X134.5265Y-341.8955

G1 Z0F20000

(Start Block)


G1X134.5265Y-341.8955
G1Z5F20000
(Plotting speed under)
G1 F4000


G1X151.5555Y-309.1599

G1X98.0365Y-335.7528

G1 Z0F20000

(Start Block)


G1X98.0365Y-335.7528
G1Z5F20000
(Plotting speed under)
G1 F4000


G1X134.5265Y-341.8955

G1X92.3049Y-298.8827

G1 Z0F20000

(Start Block)


G1X92.3049Y-298.8827
G1Z5F20000
(Plotting speed under)
G1 F4000


G1X98.0365Y-335.7528

G1X125.4321Y-281.5128

G1 Z0F20000

(Start Block)


G1X125.4321Y-281.5128
G1Z5F20000
(Plotting speed under)
G1 F4000


G1X92.3049Y-298.8827

G1X152.3067Y-307.1681

G1 Z0F20000

(Start Block)


G1X152.3067Y-307.1681
G1Z5F20000
(Plotting speed under)
G1 F4000


G1X125.4321Y-281.5128

G1X136.3797Y-340.4567

G1 Z0F20000

(Start Block)


G1X136.3797Y-340.4567
G1Z5F20000
(Plotting speed under)
G1 F4000


G1X152.3067Y-307.1681

G1X99.7123Y-335.5340

G1 Z0F20000

(Start Block)


G1X99.7123Y-335.5340
G1Z5F20000
(Plotting speed under)
G1 F4000


G1X136.3797Y-340.4567

G1X92.7670Y-298.8804

G1 Z0F20000

(Start Block)


G1X92.7670Y-298.8804
G1Z5F20000
(Plotting speed under)
G1 F4000


G1X99.7123Y-335.5340

G1X125.3060Y-280.4269

G1 Z0F20000

(Start Block)


G1X125.3060Y-280.4269
G1Z5F20000
(Plotting speed under)
G1 F4000


G1X92.7670Y-298.8804

G1X153.0235Y-305.1824

G1 Z0F20000

(Start Block)


G1X153.0235Y-305.1824
G1Z5F20000
(Plotting speed under)
G1 F4000


G1X125.3060Y-280.4269

G1X138.2161Y-338.9871

G1 Z0F20000

(Start Block)


G1X138.2161Y-338.9871
G1Z5F20000
(Plotting speed under)
G1 F4000


G1X153.0235Y-305.1824

G1X101.4120Y-335.2898

G1 Z0F20000

(Start Block)


G1X101.4120Y-335.2898
G1Z5F20000
(Plotting speed under)
G1 F4000


G1X138.2161Y-338.9871

G1X93.2608Y-298.8927

G1 Z0F20000

(Start Block)


G1X93.2608Y-298.8927
G1Z5F20000
(Plotting speed under)
G1 F4000


G1X101.4120Y-335.2898

G1X125.1760Y-279.3758

G1 Z0F20000

(Start Block)


G1X125.1760Y-279.3758
G1Z5F20000
(Plotting speed under)
G1 F4000


G1X93.2608Y-298.8927

G1X153.7060Y-303.2040

G1 Z0F20000

(Start Block)


G1X153.7060Y-303.2040
G1Z5F20000
(Plotting speed under)
G1 F4000


G1X125.1760Y-279.3758

G1X140.0348Y-337.4874

G1 Z0F20000

(Start Block)


G1X140.0348Y-337.4874
G1Z5F20000
(Plotting speed under)
G1 F4000


G1X153.7060Y-303.2040

G1X103.1348Y-335.0192

G1 Z0F20000

(Start Block)


G1X103.1348Y-335.0192
G1Z5F20000
(Plotting speed under)
G1 F4000


G1X140.0348Y-337.4874

G1X93.7869Y-298.9186

G1 Z0F20000

(Start Block)


G1X93.7869Y-298.9186
G1Z5F20000
(Plotting speed under)
G1 F4000


G1X103.1348Y-335.0192

G1X125.0433Y-278.3595

G1 Z0F20000

(Start Block)


G1X125.0433Y-278.3595
G1Z5F20000
(Plotting speed under)
G1 F4000


G1X93.7869Y-298.9186

G1X154.3547Y-301.2340

G1 Z0F20000

(Start Block)


G1X154.3547Y-301.2340
G1Z5F20000
(Plotting speed under)
G1 F4000


G1X125.0433Y-278.3595

G1X141.8349Y-335.9581

G1 Z0F20000

(Start Block)


G1X141.8349Y-335.9581
G1Z5F20000
(Plotting speed under)
G1 F4000


G1X154.3547Y-301.2340

G1X104.8797Y-334.7216

G1 Z0F20000

(Start Block)


G1X104.8797Y-334.7216
G1Z5F20000
(Plotting speed under)
G1 F4000


G1X141.8349Y-335.9581

G1X94.3455Y-298.9570

G1 Z0F20000

(Start Block)


G1X94.3455Y-298.9570
G1Z5F20000
(Plotting speed under)
G1 F4000


G1X104.8797Y-334.7216

G1X124.9091Y-277.3782

G1 Z0F20000

(Start Block)


G1X124.9091Y-277.3782
G1Z5F20000
(Plotting speed under)
G1 F4000


G1X94.3455Y-298.9570

G1X154.9697Y-299.2735

G1 Z0F20000

(Start Block)


G1X154.9697Y-299.2735
G1Z5F20000
(Plotting speed under)
G1 F4000


G1X124.9091Y-277.3782

G1X143.6153Y-334.3999

G1 Z0F20000

(Start Block)


G1X143.6153Y-334.3999
G1Z5F20000
(Plotting speed under)
G1 F4000


G1X154.9697Y-299.2735

G1X106.6458Y-334.3962

G1 Z0F20000

(Start Block)


G1X106.6458Y-334.3962
G1Z5F20000
(Plotting speed under)
G1 F4000


G1X143.6153Y-334.3999

G1X94.9373Y-299.0068

G1 Z0F20000

(Start Block)


G1X94.9373Y-299.0068
G1Z5F20000
(Plotting speed under)
G1 F4000


G1X106.6458Y-334.3962

G1X124.7744Y-276.4318

G1 Z0F20000

(Start Block)


G1X124.7744Y-276.4318
G1Z5F20000
(Plotting speed under)
G1 F4000


G1X94.9373Y-299.0068

G1X155.5514Y-297.3237

G1 Z0F20000

(Start Block)


G1X155.5514Y-297.3237
G1Z5F20000
(Plotting speed under)
G1 F4000


G1X124.7744Y-276.4318

G1X145.3751Y-332.8134

G1 Z0F20000

(Start Block)


G1X145.3751Y-332.8134
G1Z5F20000
(Plotting speed under)
G1 F4000


G1X155.5514Y-297.3237

G1X108.4323Y-334.0424

G1 Z0F20000

(Start Block)


G1X108.4323Y-334.0424
G1Z5F20000
(Plotting speed under)
G1 F4000


G1X145.3751Y-332.8134

G1X95.5624Y-299.0670

G1 Z0F20000

(Start Block)


G1X95.5624Y-299.0670
G1Z5F20000
(Plotting speed under)
G1 F4000


G1X108.4323Y-334.0424

G1X124.6406Y-275.5204

G1 Z0F20000

(Start Block)


G1X124.6406Y-275.5204
G1Z5F20000
(Plotting speed under)
G1 F4000


G1X95.5624Y-299.0670

G1X156.1001Y-295.3856

G1 Z0F20000

(Start Block)


G1X156.1001Y-295.3856
G1Z5F20000
(Plotting speed under)
G1 F4000


G1X124.6406Y-275.5204

G1X147.1134Y-331.1994

G1 Z0F20000

(Start Block)


G1X147.1134Y-331.1994
G1Z5F20000
(Plotting speed under)
G1 F4000


G1X156.1001Y-295.3856

G1X110.2381Y-333.6594

G1 Z0F20000

(Start Block)


G1X110.2381Y-333.6594
G1Z5F20000
(Plotting speed under)
G1 F4000


G1X147.1134Y-331.1994

G1X96.2213Y-299.1363

G1 Z0F20000

(Start Block)


G1X96.2213Y-299.1363
G1Z5F20000
(Plotting speed under)
G1 F4000


G1X110.2381Y-333.6594

G1X124.5086Y-274.6439

G1 Z0F20000

(Start Block)


G1X124.5086Y-274.6439
G1Z5F20000
(Plotting speed under)
G1 F4000


G1X96.2213Y-299.1363

G1X156.6163Y-293.4603

G1 Z0F20000

(Start Block)


G1X156.6163Y-293.4603
G1Z5F20000
(Plotting speed under)
G1 F4000


G1X124.5086Y-274.6439

G1X148.8293Y-329.5586

G1 Z0F20000

(Start Block)


G1X148.8293Y-329.5586
G1Z5F20000
(Plotting speed under)
G1 F4000


G1X156.6163Y-293.4603

G1X112.0623Y-333.2467

G1 Z0F20000

(Start Block)


G1X112.0623Y-333.2467
G1Z5F20000
(Plotting speed under)
G1 F4000


G1X148.8293Y-329.5586

G1X96.9142Y-299.2136

G1 Z0F20000

(Start Block)


G1X96.9142Y-299.2136
G1Z5F20000
(Plotting speed under)
G1 F4000


G1X112.0623Y-333.2467

G1X124.3797Y-273.8022

G1 Z0F20000

(Start Block)


G1X124.3797Y-273.8022
G1Z5F20000
(Plotting speed under)
G1 F4000


G1X96.9142Y-299.2136

G1X157.1005Y-291.5490

G1 Z0F20000

(Start Block)


G1X157.1005Y-291.5490
G1Z5F20000
(Plotting speed under)
G1 F4000


G1X124.3797Y-273.8022

G1X150.5219Y-327.8917

G1 Z0F20000

(Start Block)


G1X150.5219Y-327.8917
G1Z5F20000
(Plotting speed under)
G1 F4000


G1X157.1005Y-291.5490

G1X113.9039Y-332.8037

G1 Z0F20000

(Start Block)


G1X113.9039Y-332.8037
G1Z5F20000
(Plotting speed under)
G1 F4000


G1X150.5219Y-327.8917

G1X97.6413Y-299.2980

G1 Z0F20000

(Start Block)


G1X97.6413Y-299.2980
G1Z5F20000
(Plotting speed under)
G1 F4000


G1X113.9039Y-332.8037

G1X124.2550Y-272.9952

G1 Z0F20000

(Start Block)


G1X124.2550Y-272.9952
G1Z5F20000
(Plotting speed under)
G1 F4000


G1X97.6413Y-299.2980

G1X157.5530Y-289.6525

G1 Z0F20000

(Start Block)


G1X157.5530Y-289.6525
G1Z5F20000
(Plotting speed under)
G1 F4000


G1X124.2550Y-272.9952

G1X152.1903Y-326.1996

G1 Z0F20000

(Start Block)


G1X152.1903Y-326.1996
G1Z5F20000
(Plotting speed under)
G1 F4000


G1X157.5530Y-289.6525

G1X115.7619Y-332.3298

G1 Z0F20000

(Start Block)


G1X115.7619Y-332.3298
G1Z5F20000
(Plotting speed under)
G1 F4000


G1X152.1903Y-326.1996

G1X98.4030Y-299.3881

G1 Z0F20000

(Start Block)


G1X98.4030Y-299.3881
G1Z5F20000
(Plotting speed under)
G1 F4000


G1X115.7619Y-332.3298

G1X124.1357Y-272.2227

G1 Z0F20000

(Start Block)


G1X124.1357Y-272.2227
G1Z5F20000
(Plotting speed under)
G1 F4000


G1X98.4030Y-299.3881

G1X157.9745Y-287.7721

G1 Z0F20000

(Start Block)


G1X157.9745Y-287.7721
G1Z5F20000
(Plotting speed under)
G1 F4000


G1X124.1357Y-272.2227

G1X153.8337Y-324.4830

G1 Z0F20000

(Start Block)


G1X153.8337Y-324.4830
G1Z5F20000
(Plotting speed under)
G1 F4000


G1X157.9745Y-287.7721

G1X117.6352Y-331.8244

G1 Z0F20000

(Start Block)


G1X117.6352Y-331.8244
G1Z5F20000
(Plotting speed under)
G1 F4000


G1X153.8337Y-324.4830

G1X99.1993Y-299.4828

G1 Z0F20000

(Start Block)


G1X99.1993Y-299.4828
G1Z5F20000
(Plotting speed under)
G1 F4000


G1X117.6352Y-331.8244

G1X124.0229Y-271.4846

G1 Z0F20000

(Start Block)


G1X124.0229Y-271.4846
G1Z5F20000
(Plotting speed under)
G1 F4000


G1X99.1993Y-299.4828

G1X158.3654Y-285.9087

G1 Z0F20000

(Start Block)


G1X158.3654Y-285.9087
G1Z5F20000
(Plotting speed under)
G1 F4000


G1X124.0229Y-271.4846

G1X155.4513Y-322.7427

G1 Z0F20000

(Start Block)


G1X155.4513Y-322.7427
G1Z5F20000
(Plotting speed under)
G1 F4000


G1X158.3654Y-285.9087

G1X119.5228Y-331.2872

G1 Z0F20000

(Start Block)


G1X119.5228Y-331.2872
G1Z5F20000
(Plotting speed under)
G1 F4000


G1X155.4513Y-322.7427

G1X100.0303Y-299.5810

G1 Z0F20000

(Start Block)


G1X100.0303Y-299.5810
G1Z5F20000
(Plotting speed under)
G1 F4000


G1X119.5228Y-331.2872

G1X123.9178Y-270.7807

G1 Z0F20000

(Start Block)


G1X123.9178Y-270.7807
G1Z5F20000
(Plotting speed under)
G1 F4000


G1X100.0303Y-299.5810

G1X158.7264Y-284.0633

G1 Z0F20000

(Start Block)


G1X158.7264Y-284.0633
G1Z5F20000
(Plotting speed under)
G1 F4000


G1X123.9178Y-270.7807

G1X157.0424Y-320.9797

G1 Z0F20000

(Start Block)


G1X157.0424Y-320.9797
G1Z5F20000
(Plotting speed under)
G1 F4000


G1X158.7264Y-284.0633

G1X121.4236Y-330.7176

G1 Z0F20000

(Start Block)


G1X121.4236Y-330.7176
G1Z5F20000
(Plotting speed under)
G1 F4000


G1X157.0424Y-320.9797

G1X100.8963Y-299.6816

G1 Z0F20000

(Start Block)


G1X100.8963Y-299.6816
G1Z5F20000
(Plotting speed under)
G1 F4000


G1X121.4236Y-330.7176

G1X123.8214Y-270.1105

G1 Z0F20000

(Start Block)


G1X123.8214Y-270.1105
G1Z5F20000
(Plotting speed under)
G1 F4000


G1X100.8963Y-299.6816

G1X159.0580Y-282.2369

G1 Z0F20000

(Start Block)


G1X159.0580Y-282.2369
G1Z5F20000
(Plotting speed under)
G1 F4000


G1X123.8214Y-270.1105

G1X158.6063Y-319.1949

G1 Z0F20000

(Start Block)


G1X158.6063Y-319.1949
G1Z5F20000
(Plotting speed under)
G1 F4000


G1X159.0580Y-282.2369

G1X123.3365Y-330.1152

G1 Z0F20000

(Start Block)


G1X123.3365Y-330.1152
G1Z5F20000
(Plotting speed under)
G1 F4000


G1X158.6063Y-319.1949

G1X101.7972Y-299.7834

G1 Z0F20000

(Start Block)


G1X101.7972Y-299.7834
G1Z5F20000
(Plotting speed under)
G1 F4000


G1X123.3365Y-330.1152

G1X123.7350Y-269.4739

G1 Z0F20000

(Start Block)


G1X123.7350Y-269.4739
G1Z5F20000
(Plotting speed under)
G1 F4000


G1X101.7972Y-299.7834

G1X159.3609Y-280.4305

G1 Z0F20000

(Start Block)


G1X159.3609Y-280.4305
G1Z5F20000
(Plotting speed under)
G1 F4000


G1X123.7350Y-269.4739

G1X160.1421Y-317.3891

G1 Z0F20000

(Start Block)


G1X160.1421Y-317.3891
G1Z5F20000
(Plotting speed under)
G1 F4000


G1X159.3609Y-280.4305

G1X125.2605Y-329.4796

G1 Z0F20000

(Start Block)


G1X125.2605Y-329.4796
G1Z5F20000
(Plotting speed under)
G1 F4000


G1X160.1421Y-317.3891

G1X102.7331Y-299.8852

G1 Z0F20000

(Start Block)


G1X102.7331Y-299.8852
G1Z5F20000
(Plotting speed under)
G1 F4000


G1X125.2605Y-329.4796

G1X123.6595Y-268.8705

G1 Z0F20000

(Start Block)


G1X123.6595Y-268.8705
G1Z5F20000
(Plotting speed under)
G1 F4000


G1X102.7331Y-299.8852

G1X159.6358Y-278.6450

G1 Z0F20000

(Start Block)


G1X159.6358Y-278.6450
G1Z5F20000
(Plotting speed under)
G1 F4000


G1X123.6595Y-268.8705

G1X161.6492Y-315.5633

G1 Z0F20000

(Start Block)


G1X161.6492Y-315.5633
G1Z5F20000
(Plotting speed under)
G1 F4000


G1X159.6358Y-278.6450

G1X127.1944Y-328.8105

G1 Z0F20000

(Start Block)


G1X127.1944Y-328.8105
G1Z5F20000
(Plotting speed under)
G1 F4000


G1X161.6492Y-315.5633

G1X103.7039Y-299.9858

G1 Z0F20000

(Start Block)


G1X103.7039Y-299.9858
G1Z5F20000
(Plotting speed under)
G1 F4000


G1X127.1944Y-328.8105

G1X123.5962Y-268.2998

G1 Z0F20000

(Start Block)


G1X123.5962Y-268.2998
G1Z5F20000
(Plotting speed under)
G1 F4000


G1X103.7039Y-299.9858

G1X159.8833Y-276.8813

G1 Z0F20000

(Start Block)


G1X159.8833Y-276.8813
G1Z5F20000
(Plotting speed under)
G1 F4000


G1X123.5962Y-268.2998

G1X163.1270Y-313.7185

G1 Z0F20000

(Start Block)


G1X163.1270Y-313.7185
G1Z5F20000
(Plotting speed under)
G1 F4000


G1X159.8833Y-276.8813

G1X129.1371Y-328.1075

G1 Z0F20000

(Start Block)


G1X129.1371Y-328.1075
G1Z5F20000
(Plotting speed under)
G1 F4000


G1X163.1270Y-313.7185

G1X104.7096Y-300.0841

G1 Z0F20000

(Start Block)


G1X104.7096Y-300.0841
G1Z5F20000
(Plotting speed under)
G1 F4000


G1X129.1371Y-328.1075

G1X123.5460Y-267.7616

G1 Z0F20000

(Start Block)


G1X123.5460Y-267.7616
G1Z5F20000
(Plotting speed under)
G1 F4000


G1X104.7096Y-300.0841

G1X160.1044Y-275.1404

G1 Z0F20000

(Start Block)


G1X160.1044Y-275.1404
G1Z5F20000
(Plotting speed under)
G1 F4000


G1X123.5460Y-267.7616

G1X164.5749Y-311.8556

G1 Z0F20000

(Start Block)


G1X164.5749Y-311.8556
G1Z5F20000
(Plotting speed under)
G1 F4000


G1X160.1044Y-275.1404

G1X131.0875Y-327.3705

G1 Z0F20000

(Start Block)


G1X131.0875Y-327.3705
G1Z5F20000
(Plotting speed under)
G1 F4000


G1X164.5749Y-311.8556

G1X105.7500Y-300.1790

G1 Z0F20000

(Start Block)


G1X105.7500Y-300.1790
G1Z5F20000
(Plotting speed under)
G1 F4000


G1X131.0875Y-327.3705

G1X123.5101Y-267.2553

G1 Z0F20000

(Start Block)


G1X123.5101Y-267.2553
G1Z5F20000
(Plotting speed under)
G1 F4000


G1X105.7500Y-300.1790

G1X160.2996Y-273.4230

G1 Z0F20000

(Start Block)


G1X160.2996Y-273.4230
G1Z5F20000
(Plotting speed under)
G1 F4000


G1X123.5101Y-267.2553

G1X165.9922Y-309.9757

G1 Z0F20000

(Start Block)


G1X165.9922Y-309.9757
G1Z5F20000
(Plotting speed under)
G1 F4000


G1X160.2996Y-273.4230

G1X133.0445Y-326.5991

G1 Z0F20000

(Start Block)


G1X133.0445Y-326.5991
G1Z5F20000
(Plotting speed under)
G1 F4000


G1X165.9922Y-309.9757

G1X106.8252Y-300.2693

G1 Z0F20000

(Start Block)


G1X106.8252Y-300.2693
G1Z5F20000
(Plotting speed under)
G1 F4000


G1X133.0445Y-326.5991

G1X123.4895Y-266.7804

G1 Z0F20000

(Start Block)


G1X123.4895Y-266.7804
G1Z5F20000
(Plotting speed under)
G1 F4000


G1X106.8252Y-300.2693

G1X160.4697Y-271.7301

G1 Z0F20000

(Start Block)


G1X160.4697Y-271.7301
G1Z5F20000
(Plotting speed under)
G1 F4000


G1X123.4895Y-266.7804

G1X167.3785Y-308.0798

G1 Z0F20000

(Start Block)


G1X167.3785Y-308.0798
G1Z5F20000
(Plotting speed under)
G1 F4000


G1X160.4697Y-271.7301

G1X135.0069Y-325.7932

G1 Z0F20000

(Start Block)


G1X135.0069Y-325.7932
G1Z5F20000
(Plotting speed under)
G1 F4000


G1X167.3785Y-308.0798

G1X107.9348Y-300.3538

G1 Z0F20000

(Start Block)


G1X107.9348Y-300.3538
G1Z5F20000
(Plotting speed under)
G1 F4000


G1X135.0069Y-325.7932

G1X123.4853Y-266.3364

G1 Z0F20000

(Start Block)


G1X123.4853Y-266.3364
G1Z5F20000
(Plotting speed under)
G1 F4000


G1X107.9348Y-300.3538

G1X160.6158Y-270.0624

G1 Z0F20000

(Start Block)


G1X160.6158Y-270.0624
G1Z5F20000
(Plotting speed under)
G1 F4000


G1X123.4853Y-266.3364

G1X168.7332Y-306.1688

G1 Z0F20000

(Start Block)


G1X168.7332Y-306.1688
G1Z5F20000
(Plotting speed under)
G1 F4000


G1X160.6158Y-270.0624

G1X136.9735Y-324.9526

G1 Z0F20000

(Start Block)


G1X136.9735Y-324.9526
G1Z5F20000
(Plotting speed under)
G1 F4000


G1X168.7332Y-306.1688

G1X109.0787Y-300.4314

G1 Z0F20000

(Start Block)


G1X109.0787Y-300.4314
G1Z5F20000
(Plotting speed under)
G1 F4000


G1X136.9735Y-324.9526

G1X123.4984Y-265.9228

G1 Z0F20000

(Start Block)


G1X123.4984Y-265.9228
G1Z5F20000
(Plotting speed under)
G1 F4000


G1X109.0787Y-300.4314

G1X160.7385Y-268.4208

G1 Z0F20000

(Start Block)


G1X160.7385Y-268.4208
G1Z5F20000
(Plotting speed under)
G1 F4000


G1X123.4984Y-265.9228

G1X170.0558Y-304.2440

G1 Z0F20000

(Start Block)


G1X170.0558Y-304.2440
G1Z5F20000
(Plotting speed under)
G1 F4000


G1X160.7385Y-268.4208

G1X138.9433Y-324.0771

G1 Z0F20000

(Start Block)


G1X138.9433Y-324.0771
G1Z5F20000
(Plotting speed under)
G1 F4000


G1X170.0558Y-304.2440

G1X110.2566Y-300.5009

G1 Z0F20000

(Start Block)


G1X110.2566Y-300.5009
G1Z5F20000
(Plotting speed under)
G1 F4000


G1X138.9433Y-324.0771

G1X123.5298Y-265.5389

G1 Z0F20000

(Start Block)


G1X123.5298Y-265.5389
G1Z5F20000
(Plotting speed under)
G1 F4000


G1X110.2566Y-300.5009

G1X160.8387Y-266.8059

G1 Z0F20000

(Start Block)


G1X160.8387Y-266.8059
G1Z5F20000
(Plotting speed under)
G1 F4000


G1X123.5298Y-265.5389

G1X171.3459Y-302.3063

G1 Z0F20000

(Start Block)


G1X171.3459Y-302.3063
G1Z5F20000
(Plotting speed under)
G1 F4000


G1X160.8387Y-266.8059

G1X140.9150Y-323.1668

G1 Z0F20000

(Start Block)


G1X140.9150Y-323.1668
G1Z5F20000
(Plotting speed under)
G1 F4000


G1X171.3459Y-302.3063

G1X111.4683Y-300.5614

G1 Z0F20000

(Start Block)


G1X111.4683Y-300.5614
G1Z5F20000
(Plotting speed under)
G1 F4000


G1X140.9150Y-323.1668

G1X123.5806Y-265.1842

G1 Z0F20000

(Start Block)


G1X123.5806Y-265.1842
G1Z5F20000
(Plotting speed under)
G1 F4000


G1X111.4683Y-300.5614

G1X160.9174Y-265.2186

G1 Z0F20000

(Start Block)


G1X160.9174Y-265.2186
G1Z5F20000
(Plotting speed under)
G1 F4000


G1X123.5806Y-265.1842

G1X172.6031Y-300.3568

G1 Z0F20000

(Start Block)


G1X172.6031Y-300.3568
G1Z5F20000
(Plotting speed under)
G1 F4000


G1X160.9174Y-265.2186

G1X142.8875Y-322.2215

G1 Z0F20000

(Start Block)


G1X142.8875Y-322.2215
G1Z5F20000
(Plotting speed under)
G1 F4000


G1X172.6031Y-300.3568

G1X112.7134Y-300.6115

G1 Z0F20000

(Start Block)


G1X112.7134Y-300.6115
G1Z5F20000
(Plotting speed under)
G1 F4000


G1X142.8875Y-322.2215

G1X123.6516Y-264.8580

G1 Z0F20000

(Start Block)


G1X123.6516Y-264.8580
G1Z5F20000
(Plotting speed under)
G1 F4000


G1X112.7134Y-300.6115

G1X160.9754Y-263.6595

G1 Z0F20000

(Start Block)


G1X160.9754Y-263.6595
G1Z5F20000
(Plotting speed under)
G1 F4000


G1X123.6516Y-264.8580

G1X173.8270Y-298.3966

G1 Z0F20000

(Start Block)


G1X173.8270Y-298.3966
G1Z5F20000
(Plotting speed under)
G1 F4000


G1X160.9754Y-263.6595

G1X144.8596Y-321.2412

G1 Z0F20000

(Start Block)


G1X144.8596Y-321.2412
G1Z5F20000
(Plotting speed under)
G1 F4000


G1X173.8270Y-298.3966

G1X113.9916Y-300.6503

G1 Z0F20000

(Start Block)


G1X113.9916Y-300.6503
G1Z5F20000
(Plotting speed under)
G1 F4000


G1X144.8596Y-321.2412

G1X123.7439Y-264.5595

G1 Z0F20000

(Start Block)


G1X123.7439Y-264.5595
G1Z5F20000
(Plotting speed under)
G1 F4000


G1X113.9916Y-300.6503

G1X161.0138Y-262.1293

G1 Z0F20000

(Start Block)


G1X161.0138Y-262.1293
G1Z5F20000
(Plotting speed under)
G1 F4000


G1X123.7439Y-264.5595

G1X175.0173Y-296.4269

G1 Z0F20000

(Start Block)


G1X175.0173Y-296.4269
G1Z5F20000
(Plotting speed under)
G1 F4000


G1X161.0138Y-262.1293

G1X146.8302Y-320.2260

G1 Z0F20000

(Start Block)


G1X146.8302Y-320.2260
G1Z5F20000
(Plotting speed under)
G1 F4000


G1X175.0173Y-296.4269

G1X115.3024Y-300.6766

G1 Z0F20000

(Start Block)


G1X115.3024Y-300.6766
G1Z5F20000
(Plotting speed under)
G1 F4000


G1X146.8302Y-320.2260

G1X123.8583Y-264.2881

G1 Z0F20000

(Start Block)


G1X123.8583Y-264.2881
G1Z5F20000
(Plotting speed under)
G1 F4000


G1X115.3024Y-300.6766

G1X161.0334Y-260.6287

G1 Z0F20000

(Start Block)


G1X161.0334Y-260.6287
G1Z5F20000
(Plotting speed under)
G1 F4000


G1X123.8583Y-264.2881

G1X176.1736Y-294.4487

G1 Z0F20000

(Start Block)


G1X176.1736Y-294.4487
G1Z5F20000
(Plotting speed under)
G1 F4000


G1X161.0334Y-260.6287

G1X148.7981Y-319.1760

G1 Z0F20000

(Start Block)


G1X148.7981Y-319.1760
G1Z5F20000
(Plotting speed under)
G1 F4000


G1X176.1736Y-294.4487

G1X116.6454Y-300.6894

G1 Z0F20000

(Start Block)


G1X116.6454Y-300.6894
G1Z5F20000
(Plotting speed under)
G1 F4000


G1X148.7981Y-319.1760

G1X123.9957Y-264.0430

G1 Z0F20000

(Start Block)


G1X123.9957Y-264.0430
G1Z5F20000
(Plotting speed under)
G1 F4000


G1X116.6454Y-300.6894

G1X161.0354Y-259.1582

G1 Z0F20000

(Start Block)


G1X161.0354Y-259.1582
G1Z5F20000
(Plotting speed under)
G1 F4000


G1X123.9957Y-264.0430

G1X177.2957Y-292.4632

G1 Z0F20000

(Start Block)


G1X177.2957Y-292.4632
G1Z5F20000
(Plotting speed under)
G1 F4000


G1X161.0354Y-259.1582

G1X150.7622Y-318.0911

G1 Z0F20000

(Start Block)


G1X150.7622Y-318.0911
G1Z5F20000
(Plotting speed under)
G1 F4000


G1X177.2957Y-292.4632

G1X118.0202Y-300.6875

G1 Z0F20000

(Start Block)


G1X118.0202Y-300.6875
G1Z5F20000
(Plotting speed under)
G1 F4000


G1X150.7622Y-318.0911

G1X124.1570Y-263.8235

G1 Z0F20000

(Start Block)


G1X124.1570Y-263.8235
G1Z5F20000
(Plotting speed under)
G1 F4000


G1X118.0202Y-300.6875

G1X161.0206Y-257.7184

G1 Z0F20000

(Start Block)


G1X161.0206Y-257.7184
G1Z5F20000
(Plotting speed under)
G1 F4000


G1X124.1570Y-263.8235

G1X178.3835Y-290.4716

G1 Z0F20000

(Start Block)


G1X178.3835Y-290.4716
G1Z5F20000
(Plotting speed under)
G1 F4000


G1X161.0206Y-257.7184

G1X152.7212Y-316.9717

G1 Z0F20000

(Start Block)


G1X152.7212Y-316.9717
G1Z5F20000
(Plotting speed under)
G1 F4000


G1X178.3835Y-290.4716

G1X119.4263Y-300.6700

G1 Z0F20000

(Start Block)


G1X119.4263Y-300.6700
G1Z5F20000
(Plotting speed under)
G1 F4000


G1X152.7212Y-316.9717

G1X124.3430Y-263.6287

G1 Z0F20000

(Start Block)


G1X124.3430Y-263.6287
G1Z5F20000
(Plotting speed under)
G1 F4000


G1X119.4263Y-300.6700

G1X160.9902Y-256.3098

G1 Z0F20000

(Start Block)


G1X160.9902Y-256.3098
G1Z5F20000
(Plotting speed under)
G1 F4000


G1X124.3430Y-263.6287

G1X179.4366Y-288.4749

G1 Z0F20000

(Start Block)


G1X179.4366Y-288.4749
G1Z5F20000
(Plotting speed under)
G1 F4000


G1X160.9902Y-256.3098

G1X154.6742Y-315.8179

G1 Z0F20000

(Start Block)


G1X154.6742Y-315.8179
G1Z5F20000
(Plotting speed under)
G1 F4000


G1X179.4366Y-288.4749

G1X120.8631Y-300.6359

G1 Z0F20000

(Start Block)


G1X120.8631Y-300.6359
G1Z5F20000
(Plotting speed under)
G1 F4000


G1X154.6742Y-315.8179

G1X124.5545Y-263.4578

G1 Z0F20000

(Start Block)


G1X124.5545Y-263.4578
G1Z5F20000
(Plotting speed under)
G1 F4000


G1X120.8631Y-300.6359

G1X160.9451Y-254.9330

G1 Z0F20000

(Start Block)


G1X160.9451Y-254.9330
G1Z5F20000
(Plotting speed under)
G1 F4000


G1X124.5545Y-263.4578

G1X180.4550Y-286.4744

G1 Z0F20000

(Start Block)


G1X180.4550Y-286.4744
G1Z5F20000
(Plotting speed under)
G1 F4000


G1X160.9451Y-254.9330

G1X156.6198Y-314.6299

G1 Z0F20000

(Start Block)


G1X156.6198Y-314.6299
G1Z5F20000
(Plotting speed under)
G1 F4000


G1X180.4550Y-286.4744

G1X122.3301Y-300.5841

G1 Z0F20000

(Start Block)


G1X122.3301Y-300.5841
G1Z5F20000
(Plotting speed under)
G1 F4000


G1X156.6198Y-314.6299

G1X124.7923Y-263.3099

G1 Z0F20000

(Start Block)


G1X124.7923Y-263.3099
G1Z5F20000
(Plotting speed under)
G1 F4000


G1X122.3301Y-300.5841

G1X160.8864Y-253.5884

G1 Z0F20000

(Start Block)


G1X160.8864Y-253.5884
G1Z5F20000
(Plotting speed under)
G1 F4000


G1X124.7923Y-263.3099

G1X181.4385Y-284.4711

G1 Z0F20000

(Start Block)


G1X181.4385Y-284.4711
G1Z5F20000
(Plotting speed under)
G1 F4000


G1X160.8864Y-253.5884

G1X158.5571Y-313.4079

G1 Z0F20000

(Start Block)


G1X158.5571Y-313.4079
G1Z5F20000
(Plotting speed under)
G1 F4000


G1X181.4385Y-284.4711

G1X123.8266Y-300.5135

G1 Z0F20000

(Start Block)


G1X123.8266Y-300.5135
G1Z5F20000
(Plotting speed under)
G1 F4000


G1X158.5571Y-313.4079

G1X125.0572Y-263.1842

G1 Z0F20000

(Start Block)


G1X125.0572Y-263.1842
G1Z5F20000
(Plotting speed under)
G1 F4000


G1X123.8266Y-300.5135

G1X160.8153Y-252.2765

G1 Z0F20000

(Start Block)


G1X160.8153Y-252.2765
G1Z5F20000
(Plotting speed under)
G1 F4000


G1X125.0572Y-263.1842

G1X182.3871Y-282.4663

G1 Z0F20000

(Start Block)


G1X182.3871Y-282.4663
G1Z5F20000
(Plotting speed under)
G1 F4000


G1X160.8153Y-252.2765

G1X160.4848Y-312.1524

G1 Z0F20000

(Start Block)


G1X160.4848Y-312.1524
G1Z5F20000
(Plotting speed under)
G1 F4000


G1X182.3871Y-282.4663

G1X125.3521Y-300.4233

G1 Z0F20000

(Start Block)


G1X125.3521Y-300.4233
G1Z5F20000
(Plotting speed under)
G1 F4000


G1X160.4848Y-312.1524

G1X125.3498Y-263.0798

G1 Z0F20000

(Start Block)


G1X125.3498Y-263.0798
G1Z5F20000
(Plotting speed under)
G1 F4000


G1X125.3521Y-300.4233

G1X160.7327Y-250.9976

G1 Z0F20000

(Start Block)


G1X160.7327Y-250.9976
G1Z5F20000
(Plotting speed under)
G1 F4000


G1X125.3498Y-263.0798

G1X183.3008Y-280.4610

G1 Z0F20000

(Start Block)


G1X183.3008Y-280.4610
G1Z5F20000
(Plotting speed under)
G1 F4000


G1X160.7327Y-250.9976

G1X162.4019Y-310.8634

G1 Z0F20000

(Start Block)


G1X162.4019Y-310.8634
G1Z5F20000
(Plotting speed under)
G1 F4000


G1X183.3008Y-280.4610

G1X126.9057Y-300.3126

G1 Z0F20000

(Start Block)


G1X126.9057Y-300.3126
G1Z5F20000
(Plotting speed under)
G1 F4000


G1X162.4019Y-310.8634

G1X125.6708Y-262.9956

G1 Z0F20000

(Start Block)


G1X125.6708Y-262.9956
G1Z5F20000
(Plotting speed under)
G1 F4000


G1X126.9057Y-300.3126

G1X160.6398Y-249.7521

G1 Z0F20000

(Start Block)


G1X160.6398Y-249.7521
G1Z5F20000
(Plotting speed under)
G1 F4000


G1X125.6708Y-262.9956

G1X184.1795Y-278.4565

G1 Z0F20000

(Start Block)


G1X184.1795Y-278.4565
G1Z5F20000
(Plotting speed under)
G1 F4000


G1X160.6398Y-249.7521

G1X164.3072Y-309.5416

G1 Z0F20000

(Start Block)


G1X164.3072Y-309.5416
G1Z5F20000
(Plotting speed under)
G1 F4000


G1X184.1795Y-278.4565

G1X128.4870Y-300.1803

G1 Z0F20000

(Start Block)


G1X128.4870Y-300.1803
G1Z5F20000
(Plotting speed under)
G1 F4000


G1X164.3072Y-309.5416

G1X126.0210Y-262.9308

G1 Z0F20000

(Start Block)


G1X126.0210Y-262.9308
G1Z5F20000
(Plotting speed under)
G1 F4000


G1X128.4870Y-300.1803

G1X160.5378Y-248.5404

G1 Z0F20000

(Start Block)


G1X160.5378Y-248.5404
G1Z5F20000
(Plotting speed under)
G1 F4000


G1X126.0210Y-262.9308

G1X185.0233Y-276.4539

G1 Z0F20000

(Start Block)


G1X185.0233Y-276.4539
G1Z5F20000
(Plotting speed under)
G1 F4000


G1X160.5378Y-248.5404

G1X166.1998Y-308.1873

G1 Z0F20000

(Start Block)


G1X166.1998Y-308.1873
G1Z5F20000
(Plotting speed under)
G1 F4000


G1X185.0233Y-276.4539

G1X130.0950Y-300.0256

G1 Z0F20000

(Start Block)


G1X130.0950Y-300.0256
G1Z5F20000
(Plotting speed under)
G1 F4000


G1X166.1998Y-308.1873

G1X126.4009Y-262.8844

G1 Z0F20000

(Start Block)


G1X126.4009Y-262.8844
G1Z5F20000
(Plotting speed under)
G1 F4000


G1X130.0950Y-300.0256

G1X160.4277Y-247.3626

G1 Z0F20000

(Start Block)


G1X160.4277Y-247.3626
G1Z5F20000
(Plotting speed under)
G1 F4000


G1X126.4009Y-262.8844

G1X185.8322Y-274.4544

G1 Z0F20000

(Start Block)


G1X185.8322Y-274.4544
G1Z5F20000
(Plotting speed under)
G1 F4000


G1X160.4277Y-247.3626

G1X168.0784Y-306.8008

G1 Z0F20000

(Start Block)


G1X168.0784Y-306.8008
G1Z5F20000
(Plotting speed under)
G1 F4000


G1X185.8322Y-274.4544

G1X131.7292Y-299.8475

G1 Z0F20000

(Start Block)


G1X131.7292Y-299.8475
G1Z5F20000
(Plotting speed under)
G1 F4000


G1X168.0784Y-306.8008

G1X126.8112Y-262.8554

G1 Z0F20000

(Start Block)


G1X126.8112Y-262.8554
G1Z5F20000
(Plotting speed under)
G1 F4000


G1X131.7292Y-299.8475

G1X160.3106Y-246.2192

G1 Z0F20000

(Start Block)


G1X160.3106Y-246.2192
G1Z5F20000
(Plotting speed under)
G1 F4000


G1X126.8112Y-262.8554

G1X186.6065Y-272.4591

G1 Z0F20000

(Start Block)


G1X186.6065Y-272.4591
G1Z5F20000
(Plotting speed under)
G1 F4000


G1X160.3106Y-246.2192

G1X169.9420Y-305.3828

G1 Z0F20000

(Start Block)


G1X169.9420Y-305.3828
G1Z5F20000
(Plotting speed under)
G1 F4000


G1X186.6065Y-272.4591

G1X133.3885Y-299.6454

G1 Z0F20000

(Start Block)


G1X133.3885Y-299.6454
G1Z5F20000
(Plotting speed under)
G1 F4000


G1X169.9420Y-305.3828

G1X127.2523Y-262.8428

G1 Z0F20000

(Start Block)


G1X127.2523Y-262.8428
G1Z5F20000
(Plotting speed under)
G1 F4000


G1X133.3885Y-299.6454

G1X160.1878Y-245.1102

G1 Z0F20000

(Start Block)


G1X160.1878Y-245.1102
G1Z5F20000
(Plotting speed under)
G1 F4000


G1X127.2523Y-262.8428

G1X187.3462Y-270.4692

G1 Z0F20000

(Start Block)


G1X187.3462Y-270.4692
G1Z5F20000
(Plotting speed under)
G1 F4000


G1X160.1878Y-245.1102

G1X171.7897Y-303.9337

G1 Z0F20000

(Start Block)


G1X171.7897Y-303.9337
G1Z5F20000
(Plotting speed under)
G1 F4000


G1X187.3462Y-270.4692

G1X135.0724Y-299.4182

G1 Z0F20000

(Start Block)


G1X135.0724Y-299.4182
G1Z5F20000
(Plotting speed under)
G1 F4000


G1X171.7897Y-303.9337

G1X127.7249Y-262.8455

G1 Z0F20000

(Start Block)


G1X127.7249Y-262.8455
G1Z5F20000
(Plotting speed under)
G1 F4000


G1X135.0724Y-299.4182

G1X160.0603Y-244.0359

G1 Z0F20000

(Start Block)


G1X160.0603Y-244.0359
G1Z5F20000
(Plotting speed under)
G1 F4000


G1X127.7249Y-262.8455

G1X188.0515Y-268.4858

G1 Z0F20000

(Start Block)


G1X188.0515Y-268.4858
G1Z5F20000
(Plotting speed under)
G1 F4000


G1X160.0603Y-244.0359

G1X173.6204Y-302.4540

G1 Z0F20000

(Start Block)


G1X173.6204Y-302.4540
G1Z5F20000
(Plotting speed under)
G1 F4000


G1X188.0515Y-268.4858

G1X136.7799Y-299.1653

G1 Z0F20000

(Start Block)


G1X136.7799Y-299.1653
G1Z5F20000
(Plotting speed under)
G1 F4000


G1X173.6204Y-302.4540

G1X128.2294Y-262.8624

G1 Z0F20000

(Start Block)


G1X128.2294Y-262.8624
G1Z5F20000
(Plotting speed under)
G1 F4000


G1X136.7799Y-299.1653

G1X159.9293Y-242.9963

G1 Z0F20000

(Start Block)


G1X159.9293Y-242.9963
G1Z5F20000
(Plotting speed under)
G1 F4000


G1X128.2294Y-262.8624

G1X188.7228Y-266.5101

G1 Z0F20000

(Start Block)


G1X188.7228Y-266.5101
G1Z5F20000
(Plotting speed under)
G1 F4000


G1X159.9293Y-242.9963

G1X175.4331Y-300.9443

G1 Z0F20000

(Start Block)


G1X175.4331Y-300.9443
G1Z5F20000
(Plotting speed under)
G1 F4000


G1X188.7228Y-266.5101

G1X138.5101Y-298.8858

G1 Z0F20000

(Start Block)


G1X138.5101Y-298.8858
G1Z5F20000
(Plotting speed under)
G1 F4000


G1X175.4331Y-300.9443

G1X128.7663Y-262.8926

G1 Z0F20000

(Start Block)


G1X128.7663Y-262.8926
G1Z5F20000
(Plotting speed under)
G1 F4000


G1X138.5101Y-298.8858

G1X159.7959Y-241.9917

G1 Z0F20000

(Start Block)


G1X159.7959Y-241.9917
G1Z5F20000
(Plotting speed under)
G1 F4000


G1X128.7663Y-262.8926

G1X189.3602Y-264.5431

G1 Z0F20000

(Start Block)


G1X189.3602Y-264.5431
G1Z5F20000
(Plotting speed under)
G1 F4000


G1X159.7959Y-241.9917

G1X177.2267Y-299.4054

G1 Z0F20000

(Start Block)


G1X177.2267Y-299.4054
G1Z5F20000
(Plotting speed under)
G1 F4000


G1X189.3602Y-264.5431

G1X140.2622Y-298.5790

G1 Z0F20000

(Start Block)


G1X140.2622Y-298.5790
G1Z5F20000
(Plotting speed under)
G1 F4000


G1X177.2267Y-299.4054

G1X129.3359Y-262.9349

G1 Z0F20000

(Start Block)


G1X129.3359Y-262.9349
G1Z5F20000
(Plotting speed under)
G1 F4000


G1X140.2622Y-298.5790

G1X159.6614Y-241.0220

G1 Z0F20000

(Start Block)


G1X159.6614Y-241.0220
G1Z5F20000
(Plotting speed under)
G1 F4000


G1X129.3359Y-262.9349

G1X189.9640Y-262.5861

G1 Z0F20000

(Start Block)


G1X189.9640Y-262.5861
G1Z5F20000
(Plotting speed under)
G1 F4000


G1X159.6614Y-241.0220

G1X179.0004Y-297.8377

G1 Z0F20000

(Start Block)


G1X179.0004Y-297.8377
G1Z5F20000
(Plotting speed under)
G1 F4000


G1X189.9640Y-262.5861

G1X142.0352Y-298.2442

G1 Z0F20000

(Start Block)


G1X142.0352Y-298.2442
G1Z5F20000
(Plotting speed under)
G1 F4000


G1X179.0004Y-297.8377

G1X129.9387Y-262.9883

G1 Z0F20000

(Start Block)


G1X129.9387Y-262.9883
G1Z5F20000
(Plotting speed under)
G1 F4000


G1X142.0352Y-298.2442

G1X159.5269Y-240.0872

G1 Z0F20000

(Start Block)


G1X159.5269Y-240.0872
G1Z5F20000
(Plotting speed under)
G1 F4000


G1X129.9387Y-262.9883

G1X190.5347Y-260.6400

G1 Z0F20000

(Start Block)


G1X190.5347Y-260.6400
G1Z5F20000
(Plotting speed under)
G1 F4000


G1X159.5269Y-240.0872

G1X180.7531Y-296.2420

G1 Z0F20000

(Start Block)


G1X180.7531Y-296.2420
G1Z5F20000
(Plotting speed under)
G1 F4000


G1X190.5347Y-260.6400

G1X143.8282Y-297.8808

G1 Z0F20000

(Start Block)


G1X143.8282Y-297.8808
G1Z5F20000
(Plotting speed under)
G1 F4000


G1X180.7531Y-296.2420

G1X130.5750Y-263.0516

G1 Z0F20000

(Start Block)


G1X130.5750Y-263.0516
G1Z5F20000
(Plotting speed under)
G1 F4000


G1X143.8282Y-297.8808

G1X159.3935Y-239.1874

G1 Z0F20000

(Start Block)


G1X159.3935Y-239.1874
G1Z5F20000
(Plotting speed under)
G1 F4000


G1X130.5750Y-263.0516

G1X191.0726Y-258.7061

G1 Z0F20000

(Start Block)


G1X191.0726Y-258.7061
G1Z5F20000
(Plotting speed under)
G1 F4000


G1X159.3935Y-239.1874

G1X182.4840Y-294.6190

G1 Z0F20000

(Start Block)


G1X182.4840Y-294.6190
G1Z5F20000
(Plotting speed under)
G1 F4000


G1X191.0726Y-258.7061

G1X145.6403Y-297.4880

G1 Z0F20000

(Start Block)


G1X145.6403Y-297.4880
G1Z5F20000
(Plotting speed under)
G1 F4000


G1X182.4840Y-294.6190

G1X131.2452Y-263.1237

G1 Z0F20000

(Start Block)


G1X131.2452Y-263.1237
G1Z5F20000
(Plotting speed under)
G1 F4000


G1X145.6403Y-297.4880

G1X159.2624Y-238.3225

G1 Z0F20000

(Start Block)


G1X159.2624Y-238.3225
G1Z5F20000
(Plotting speed under)
G1 F4000


G1X131.2452Y-263.1237

G1X191.5781Y-256.7853

G1 Z0F20000

(Start Block)


G1X191.5781Y-256.7853
G1Z5F20000
(Plotting speed under)
G1 F4000


G1X159.2624Y-238.3225

G1X184.1922Y-292.9694

G1 Z0F20000

(Start Block)


G1X184.1922Y-292.9694
G1Z5F20000
(Plotting speed under)
G1 F4000


G1X191.5781Y-256.7853

G1X147.4704Y-297.0653

G1 Z0F20000

(Start Block)


G1X147.4704Y-297.0653
G1Z5F20000
(Plotting speed under)
G1 F4000


G1X184.1922Y-292.9694

G1X131.9495Y-263.2035

G1 Z0F20000

(Start Block)


G1X131.9495Y-263.2035
G1Z5F20000
(Plotting speed under)
G1 F4000


G1X147.4704Y-297.0653

G1X159.1348Y-237.4924

G1 Z0F20000

(Start Block)


G1X159.1348Y-237.4924
G1Z5F20000
(Plotting speed under)
G1 F4000


G1X131.9495Y-263.2035

G1X192.0517Y-254.8788

G1 Z0F20000

(Start Block)


G1X192.0517Y-254.8788
G1Z5F20000
(Plotting speed under)
G1 F4000


G1X159.1348Y-237.4924

G1X185.8769Y-291.2940

G1 Z0F20000

(Start Block)


G1X185.8769Y-291.2940
G1Z5F20000
(Plotting speed under)
G1 F4000


G1X192.0517Y-254.8788

G1X149.3175Y-296.6120

G1 Z0F20000

(Start Block)


G1X149.3175Y-296.6120
G1Z5F20000
(Plotting speed under)
G1 F4000


G1X185.8769Y-291.2940

G1X132.6881Y-263.2899

G1 Z0F20000

(Start Block)


G1X132.6881Y-263.2899
G1Z5F20000
(Plotting speed under)
G1 F4000


G1X149.3175Y-296.6120

G1X159.0118Y-236.6969

G1 Z0F20000

(Start Block)


G1X159.0118Y-236.6969
G1Z5F20000
(Plotting speed under)
G1 F4000


G1X132.6881Y-263.2899

G1X192.4938Y-252.9876

G1 Z0F20000

(Start Block)


G1X192.4938Y-252.9876
G1Z5F20000
(Plotting speed under)
G1 F4000


G1X159.0118Y-236.6969

G1X187.5371Y-289.5936

G1 Z0F20000

(Start Block)


G1X187.5371Y-289.5936
G1Z5F20000
(Plotting speed under)
G1 F4000


G1X192.4938Y-252.9876

G1X151.1807Y-296.1277

G1 Z0F20000

(Start Block)


G1X151.1807Y-296.1277
G1Z5F20000
(Plotting speed under)
G1 F4000


G1X187.5371Y-289.5936

G1X133.4612Y-263.3817

G1 Z0F20000

(Start Block)


G1X133.4612Y-263.3817
G1Z5F20000
(Plotting speed under)
G1 F4000


G1X151.1807Y-296.1277

G1X158.8945Y-235.9359

G1 Z0F20000

(Start Block)


G1X158.8945Y-235.9359
G1Z5F20000
(Plotting speed under)
G1 F4000


G1X133.4612Y-263.3817

G1X192.9051Y-251.1127

G1 Z0F20000

(Start Block)


G1X192.9051Y-251.1127
G1Z5F20000
(Plotting speed under)
G1 F4000


G1X158.8945Y-235.9359

G1X189.1720Y-287.8690

G1 Z0F20000

(Start Block)


G1X189.1720Y-287.8690
G1Z5F20000
(Plotting speed under)
G1 F4000


G1X192.9051Y-251.1127

G1X153.0589Y-295.6118

G1 Z0F20000

(Start Block)


G1X153.0589Y-295.6118
G1Z5F20000
(Plotting speed under)
G1 F4000


G1X189.1720Y-287.8690

G1X134.2691Y-263.4777

G1 Z0F20000

(Start Block)


G1X134.2691Y-263.4777
G1Z5F20000
(Plotting speed under)
G1 F4000


G1X153.0589Y-295.6118

G1X158.7842Y-235.2092

G1 Z0F20000

(Start Block)


G1X158.7842Y-235.2092
G1Z5F20000
(Plotting speed under)
G1 F4000


G1X134.2691Y-263.4777

G1X193.2860Y-249.2552

G1 Z0F20000

(Start Block)


G1X193.2860Y-249.2552
G1Z5F20000
(Plotting speed under)
G1 F4000


G1X158.7842Y-235.2092

G1X190.7809Y-286.1212

G1 Z0F20000

(Start Block)


G1X190.7809Y-286.1212
G1Z5F20000
(Plotting speed under)
G1 F4000


G1X193.2860Y-249.2552

G1X154.9510Y-295.0638

G1 Z0F20000

(Start Block)


G1X154.9510Y-295.0638
G1Z5F20000
(Plotting speed under)
G1 F4000


G1X190.7809Y-286.1212

G1X135.1117Y-263.5769

G1 Z0F20000

(Start Block)


G1X135.1117Y-263.5769
G1Z5F20000
(Plotting speed under)
G1 F4000


G1X154.9510Y-295.0638

G1X158.6818Y-234.5165

G1 Z0F20000

(Start Block)


G1X158.6818Y-234.5165
G1Z5F20000
(Plotting speed under)
G1 F4000


G1X135.1117Y-263.5769

G1X193.6371Y-247.4160

G1 Z0F20000

(Start Block)


G1X193.6371Y-247.4160
G1Z5F20000
(Plotting speed under)
G1 F4000


G1X158.6818Y-234.5165

G1X192.3630Y-284.3508

G1 Z0F20000

(Start Block)


G1X192.3630Y-284.3508
G1Z5F20000
(Plotting speed under)
G1 F4000


G1X193.6371Y-247.4160

G1X156.8559Y-294.4833

G1 Z0F20000

(Start Block)


G1X156.8559Y-294.4833
G1Z5F20000
(Plotting speed under)
G1 F4000


G1X192.3630Y-284.3508

G1X135.9893Y-263.6780

G1 Z0F20000

(Start Block)


G1X135.9893Y-263.6780
G1Z5F20000
(Plotting speed under)
G1 F4000


G1X156.8559Y-294.4833

G1X158.5886Y-233.8576

G1 Z0F20000

(Start Block)


G1X158.5886Y-233.8576
G1Z5F20000
(Plotting speed under)
G1 F4000


G1X135.9893Y-263.6780

G1X193.9591Y-245.5962

G1 Z0F20000

(Start Block)


G1X193.9591Y-245.5962
G1Z5F20000
(Plotting speed under)
G1 F4000


G1X158.5886Y-233.8576

G1X193.9176Y-282.5589

G1 Z0F20000

(Start Block)


G1X193.9176Y-282.5589
G1Z5F20000
(Plotting speed under)
G1 F4000


G1X193.9591Y-245.5962

G1X158.7727Y-293.8699

G1 Z0F20000

(Start Block)


G1X158.7727Y-293.8699
G1Z5F20000
(Plotting speed under)
G1 F4000


G1X193.9176Y-282.5589

G1X136.9019Y-263.7799

G1 Z0F20000

(Start Block)


G1X136.9019Y-263.7799
G1Z5F20000
(Plotting speed under)
G1 F4000


G1X158.7727Y-293.8699

G1X158.5057Y-233.2320

G1 Z0F20000

(Start Block)


G1X158.5057Y-233.2320
G1Z5F20000
(Plotting speed under)
G1 F4000


G1X136.9019Y-263.7799

G1X194.2526Y-243.7966

G1 Z0F20000

(Start Block)


G1X194.2526Y-243.7966
G1Z5F20000
(Plotting speed under)
G1 F4000


G1X158.5057Y-233.2320

G1X195.4439Y-280.7463

G1 Z0F20000

(Start Block)


G1X195.4439Y-280.7463
G1Z5F20000
(Plotting speed under)
G1 F4000


G1X194.2526Y-243.7966

G1X160.7000Y-293.2232

G1 Z0F20000

(Start Block)


G1X160.7000Y-293.2232
G1Z5F20000
(Plotting speed under)
G1 F4000


G1X195.4439Y-280.7463

G1X137.8494Y-263.8814

G1 Z0F20000

(Start Block)


G1X137.8494Y-263.8814
G1Z5F20000
(Plotting speed under)
G1 F4000


G1X160.7000Y-293.2232

G1X158.4342Y-232.6395

G1 Z0F20000

(Start Block)


G1X158.4342Y-232.6395
G1Z5F20000
(Plotting speed under)
G1 F4000


G1X137.8494Y-263.8814

G1X194.5183Y-242.0183

G1 Z0F20000

(Start Block)


G1X194.5183Y-242.0183
G1Z5F20000
(Plotting speed under)
G1 F4000


G1X158.4342Y-232.6395

G1X196.9414Y-278.9141

G1 Z0F20000

(Start Block)


G1X196.9414Y-278.9141
G1Z5F20000
(Plotting speed under)
G1 F4000


G1X194.5183Y-242.0183

G1X162.6370Y-292.5429

G1 Z0F20000

(Start Block)


G1X162.6370Y-292.5429
G1Z5F20000
(Plotting speed under)
G1 F4000


G1X196.9414Y-278.9141

G1X138.8318Y-263.9814

G1 Z0F20000

(Start Block)


G1X138.8318Y-263.9814
G1Z5F20000
(Plotting speed under)
G1 F4000


G1X162.6370Y-292.5429

G1X158.3751Y-232.0797

G1 Z0F20000

(Start Block)


G1X158.3751Y-232.0797
G1Z5F20000
(Plotting speed under)
G1 F4000


G1X138.8318Y-263.9814

G1X194.7569Y-240.2621

G1 Z0F20000

(Start Block)


G1X194.7569Y-240.2621
G1Z5F20000
(Plotting speed under)
G1 F4000


G1X158.3751Y-232.0797

G1X198.4093Y-277.0632

G1 Z0F20000

(Start Block)


G1X198.4093Y-277.0632
G1Z5F20000
(Plotting speed under)
G1 F4000


G1X194.7569Y-240.2621

G1X164.5824Y-291.8287

G1 Z0F20000

(Start Block)


G1X164.5824Y-291.8287
G1Z5F20000
(Plotting speed under)
G1 F4000


G1X198.4093Y-277.0632

G1X139.8491Y-264.0787

G1 Z0F20000

(Start Block)


G1X139.8491Y-264.0787
G1Z5F20000
(Plotting speed under)
G1 F4000


G1X164.5824Y-291.8287

G1X158.3296Y-231.5522

G1 Z0F20000

(Start Block)


G1X158.3296Y-231.5522
G1Z5F20000
(Plotting speed under)
G1 F4000


G1X139.8491Y-264.0787

G1X194.9693Y-238.5289

G1 Z0F20000

(Start Block)


G1X194.9693Y-238.5289
G1Z5F20000
(Plotting speed under)
G1 F4000


G1X158.3296Y-231.5522

G1X199.8470Y-275.1945

G1 Z0F20000

(Start Block)


G1X199.8470Y-275.1945
G1Z5F20000
(Plotting speed under)
G1 F4000


G1X194.9693Y-238.5289

G1X166.5351Y-291.0802

G1 Z0F20000

(Start Block)


G1X166.5351Y-291.0802
G1Z5F20000
(Plotting speed under)
G1 F4000


G1X199.8470Y-275.1945

G1X140.9011Y-264.1721

G1 Z0F20000

(Start Block)


G1X140.9011Y-264.1721
G1Z5F20000
(Plotting speed under)
G1 F4000


G1X166.5351Y-291.0802

G1X158.2987Y-231.0564

G1 Z0F20000

(Start Block)


G1X158.2987Y-231.0564
G1Z5F20000
(Plotting speed under)
G1 F4000


G1X140.9011Y-264.1721

G1X195.1561Y-236.8195

G1 Z0F20000

(Start Block)


G1X195.1561Y-236.8195
G1Z5F20000
(Plotting speed under)
G1 F4000


G1X158.2987Y-231.0564

G1X201.2541Y-273.3092

G1 Z0F20000

(Start Block)


G1X201.2541Y-273.3092
G1Z5F20000
(Plotting speed under)
G1 F4000


G1X195.1561Y-236.8195

G1X168.4940Y-290.2974

G1 Z0F20000

(Start Block)


G1X168.4940Y-290.2974
G1Z5F20000
(Plotting speed under)
G1 F4000


G1X201.2541Y-273.3092

G1X141.9877Y-264.2606

G1 Z0F20000

(Start Block)


G1X141.9877Y-264.2606
G1Z5F20000
(Plotting speed under)
G1 F4000


G1X168.4940Y-290.2974

G1X158.2834Y-230.5919

G1 Z0F20000

(Start Block)


G1X158.2834Y-230.5919
G1Z5F20000
(Plotting speed under)
G1 F4000


G1X141.9877Y-264.2606

G1X195.3181Y-235.1349

G1 Z0F20000

(Start Block)


G1X195.3181Y-235.1349
G1Z5F20000
(Plotting speed under)
G1 F4000


G1X158.2834Y-230.5919

G1X202.6299Y-271.4081

G1 Z0F20000

(Start Block)


G1X202.6299Y-271.4081
G1Z5F20000
(Plotting speed under)
G1 F4000


G1X195.3181Y-235.1349

G1X170.4580Y-289.4799

G1 Z0F20000

(Start Block)


G1X170.4580Y-289.4799
G1Z5F20000
(Plotting speed under)
G1 F4000


G1X202.6299Y-271.4081

G1X143.1088Y-264.3429

G1 Z0F20000

(Start Block)


G1X143.1088Y-264.3429
G1Z5F20000
(Plotting speed under)
G1 F4000


G1X170.4580Y-289.4799

G1X158.2848Y-230.1580

G1 Z0F20000

(Start Block)


G1X158.2848Y-230.1580
G1Z5F20000
(Plotting speed under)
G1 F4000


G1X143.1088Y-264.3429

G1X195.4563Y-233.4758

G1 Z0F20000

(Start Block)


G1X195.4563Y-233.4758
G1Z5F20000
(Plotting speed under)
G1 F4000


G1X158.2848Y-230.1580

G1X203.9740Y-269.4925

G1 Z0F20000

(Start Block)


G1X203.9740Y-269.4925
G1Z5F20000
(Plotting speed under)
G1 F4000


G1X195.4563Y-233.4758

G1X172.4258Y-288.6277

G1 Z0F20000

(Start Block)


G1X172.4258Y-288.6277
G1Z5F20000
(Plotting speed under)
G1 F4000


G1X203.9740Y-269.4925

G1X144.2640Y-264.4180

G1 Z0F20000

(Start Block)


G1X144.2640Y-264.4180
G1Z5F20000
(Plotting speed under)
G1 F4000


G1X172.4258Y-288.6277

G1X158.3039Y-229.7544

G1 Z0F20000

(Start Block)


G1X158.3039Y-229.7544
G1Z5F20000
(Plotting speed under)
G1 F4000


G1X144.2640Y-264.4180

G1X195.5714Y-231.8430

G1 Z0F20000

(Start Block)


G1X195.5714Y-231.8430
G1Z5F20000
(Plotting speed under)
G1 F4000


G1X158.3039Y-229.7544

G1X205.2858Y-267.5632

G1 Z0F20000

(Start Block)


G1X205.2858Y-267.5632
G1Z5F20000
(Plotting speed under)
G1 F4000


G1X195.5714Y-231.8430

G1X174.3963Y-287.7407

G1 Z0F20000

(Start Block)


G1X174.3963Y-287.7407
G1Z5F20000
(Plotting speed under)
G1 F4000


G1X205.2858Y-267.5632

G1X145.4532Y-264.4847

G1 Z0F20000

(Start Block)


G1X145.4532Y-264.4847
G1Z5F20000
(Plotting speed under)
G1 F4000


G1X174.3963Y-287.7407

G1X158.3416Y-229.3803

G1 Z0F20000

(Start Block)


G1X158.3416Y-229.3803
G1Z5F20000
(Plotting speed under)
G1 F4000


G1X145.4532Y-264.4847

G1X195.6644Y-230.2373

G1 Z0F20000

(Start Block)


G1X195.6644Y-230.2373
G1Z5F20000
(Plotting speed under)
G1 F4000


G1X158.3416Y-229.3803

G1X206.5650Y-265.6214

G1 Z0F20000

(Start Block)


G1X206.5650Y-265.6214
G1Z5F20000
(Plotting speed under)
G1 F4000


G1X195.6644Y-230.2373

G1X176.3684Y-286.8187

G1 Z0F20000

(Start Block)


G1X176.3684Y-286.8187
G1Z5F20000
(Plotting speed under)
G1 F4000


G1X206.5650Y-265.6214

G1X146.6761Y-264.5418

G1 Z0F20000

(Start Block)


G1X146.6761Y-264.5418
G1Z5F20000
(Plotting speed under)
G1 F4000


G1X176.3684Y-286.8187

G1X158.3990Y-229.0351

G1 Z0F20000

(Start Block)


G1X158.3990Y-229.0351
G1Z5F20000
(Plotting speed under)
G1 F4000


G1X146.6761Y-264.5418

G1X195.7361Y-228.6593

G1 Z0F20000

(Start Block)


G1X195.7361Y-228.6593
G1Z5F20000
(Plotting speed under)
G1 F4000


G1X158.3990Y-229.0351

G1X207.8112Y-263.6683

G1 Z0F20000

(Start Block)


G1X207.8112Y-263.6683
G1Z5F20000
(Plotting speed under)
G1 F4000


G1X195.7361Y-228.6593

G1X178.3409Y-285.8618

G1 Z0F20000

(Start Block)


G1X178.3409Y-285.8618
G1Z5F20000
(Plotting speed under)
G1 F4000


G1X207.8112Y-263.6683

G1X147.9322Y-264.5883

G1 Z0F20000

(Start Block)


G1X147.9322Y-264.5883
G1Z5F20000
(Plotting speed under)
G1 F4000


G1X178.3409Y-285.8618

G1X158.4770Y-228.7182

G1 Z0F20000

(Start Block)


G1X158.4770Y-228.7182
G1Z5F20000
(Plotting speed under)
G1 F4000


G1X147.9322Y-264.5883

G1X195.7875Y-227.1097

G1 Z0F20000

(Start Block)


G1X195.7875Y-227.1097
G1Z5F20000
(Plotting speed under)
G1 F4000


G1X158.4770Y-228.7182

G1X209.0239Y-261.7048

G1 Z0F20000

(Start Block)


G1X209.0239Y-261.7048
G1Z5F20000
(Plotting speed under)
G1 F4000


G1X195.7875Y-227.1097

G1X180.3126Y-284.8699

G1 Z0F20000

(Start Block)


G1X180.3126Y-284.8699
G1Z5F20000
(Plotting speed under)
G1 F4000


G1X209.0239Y-261.7048

G1X149.2212Y-264.6230

G1 Z0F20000

(Start Block)


G1X149.2212Y-264.6230
G1Z5F20000
(Plotting speed under)
G1 F4000


G1X180.3126Y-284.8699

G1X158.5766Y-228.4288

G1 Z0F20000

(Start Block)


G1X158.5766Y-228.4288
G1Z5F20000
(Plotting speed under)
G1 F4000


G1X149.2212Y-264.6230

G1X195.8195Y-225.5893

G1 Z0F20000

(Start Block)


G1X195.8195Y-225.5893
G1Z5F20000
(Plotting speed under)
G1 F4000


G1X158.5766Y-228.4288

G1X210.2029Y-259.7322

G1 Z0F20000

(Start Block)


G1X210.2029Y-259.7322
G1Z5F20000
(Plotting speed under)
G1 F4000


G1X195.8195Y-225.5893

G1X182.2825Y-283.8431

G1 Z0F20000

(Start Block)


G1X182.2825Y-283.8431
G1Z5F20000
(Plotting speed under)
G1 F4000


G1X210.2029Y-259.7322

G1X150.5428Y-264.6449

G1 Z0F20000

(Start Block)


G1X150.5428Y-264.6449
G1Z5F20000
(Plotting speed under)
G1 F4000


G1X182.2825Y-283.8431

G1X158.6985Y-228.1662

G1 Z0F20000

(Start Block)


G1X158.6985Y-228.1662
G1Z5F20000
(Plotting speed under)
G1 F4000


G1X150.5428Y-264.6449

G1X195.8332Y-224.0986

G1 Z0F20000

(Start Block)


G1X195.8332Y-224.0986
G1Z5F20000
(Plotting speed under)
G1 F4000


G1X158.6985Y-228.1662

G1X211.3479Y-257.7514

G1 Z0F20000

(Start Block)


G1X211.3479Y-257.7514
G1Z5F20000
(Plotting speed under)
G1 F4000


G1X195.8332Y-224.0986

G1X184.2492Y-282.7814

G1 Z0F20000

(Start Block)


G1X184.2492Y-282.7814
G1Z5F20000
(Plotting speed under)
G1 F4000


G1X211.3479Y-257.7514

G1X151.8965Y-264.6530

G1 Z0F20000

(Start Block)


G1X151.8965Y-264.6530
G1Z5F20000
(Plotting speed under)
G1 F4000


G1X184.2492Y-282.7814

G1X158.8438Y-227.9297

G1 Z0F20000

(Start Block)


G1X158.8438Y-227.9297
G1Z5F20000
(Plotting speed under)
G1 F4000


G1X151.8965Y-264.6530

G1X195.8294Y-222.6382

G1 Z0F20000

(Start Block)


G1X195.8294Y-222.6382
G1Z5F20000
(Plotting speed under)
G1 F4000


G1X158.8438Y-227.9297

G1X212.4586Y-255.7637

G1 Z0F20000

(Start Block)


G1X212.4586Y-255.7637
G1Z5F20000
(Plotting speed under)
G1 F4000


G1X195.8294Y-222.6382

G1X186.2118Y-281.6851

G1 Z0F20000

(Start Block)


G1X186.2118Y-281.6851
G1Z5F20000
(Plotting speed under)
G1 F4000


G1X212.4586Y-255.7637

G1X153.2818Y-264.6461

G1 Z0F20000

(Start Block)


G1X153.2818Y-264.6461
G1Z5F20000
(Plotting speed under)
G1 F4000


G1X186.2118Y-281.6851

G1X159.0132Y-227.7185

G1 Z0F20000

(Start Block)


G1X159.0132Y-227.7185
G1Z5F20000
(Plotting speed under)
G1 F4000


G1X153.2818Y-264.6461

G1X195.8093Y-221.2088

G1 Z0F20000

(Start Block)


G1X195.8093Y-221.2088
G1Z5F20000
(Plotting speed under)
G1 F4000


G1X159.0132Y-227.7185

G1X213.5348Y-253.7703

G1 Z0F20000

(Start Block)


G1X213.5348Y-253.7703
G1Z5F20000
(Plotting speed under)
G1 F4000


G1X195.8093Y-221.2088

G1X188.1689Y-280.5542

G1 Z0F20000

(Start Block)


G1X188.1689Y-280.5542
G1Z5F20000
(Plotting speed under)
G1 F4000


G1X213.5348Y-253.7703

G1X154.6981Y-264.6231

G1 Z0F20000

(Start Block)


G1X154.6981Y-264.6231
G1Z5F20000
(Plotting speed under)
G1 F4000


G1X188.1689Y-280.5542

G1X159.2076Y-227.5318

G1 Z0F20000

(Start Block)


G1X159.2076Y-227.5318
G1Z5F20000
(Plotting speed under)
G1 F4000


G1X154.6981Y-264.6231

G1X195.7739Y-219.8107

G1 Z0F20000

(Start Block)


G1X195.7739Y-219.8107
G1Z5F20000
(Plotting speed under)
G1 F4000


G1X159.2076Y-227.5318

G1X214.5765Y-251.7722

G1 Z0F20000

(Start Block)


G1X214.5765Y-251.7722
G1Z5F20000
(Plotting speed under)
G1 F4000


G1X195.7739Y-219.8107

G1X190.1196Y-279.3890

G1 Z0F20000

(Start Block)


G1X190.1196Y-279.3890
G1Z5F20000
(Plotting speed under)
G1 F4000


G1X214.5765Y-251.7722

G1X156.1450Y-264.5832

G1 Z0F20000

(Start Block)


G1X156.1450Y-264.5832
G1Z5F20000
(Plotting speed under)
G1 F4000


G1X190.1196Y-279.3890

G1X159.4278Y-227.3686

G1 Z0F20000

(Start Block)


G1X159.4278Y-227.3686
G1Z5F20000
(Plotting speed under)
G1 F4000


G1X156.1450Y-264.5832

G1X195.7242Y-218.4446

G1 Z0F20000

(Start Block)


G1X195.7242Y-218.4446
G1Z5F20000
(Plotting speed under)
G1 F4000


G1X159.4278Y-227.3686

G1X215.5833Y-249.7706

G1 Z0F20000

(Start Block)


G1X215.5833Y-249.7706
G1Z5F20000
(Plotting speed under)
G1 F4000


G1X195.7242Y-218.4446

G1X192.0625Y-278.1897

G1 Z0F20000

(Start Block)


G1X192.0625Y-278.1897
G1Z5F20000
(Plotting speed under)
G1 F4000


G1X215.5833Y-249.7706

G1X157.6219Y-264.5253

G1 Z0F20000

(Start Block)


G1X157.6219Y-264.5253
G1Z5F20000
(Plotting speed under)
G1 F4000


G1X192.0625Y-278.1897

G1X159.6745Y-227.2283

G1 Z0F20000

(Start Block)


G1X159.6745Y-227.2283
G1Z5F20000
(Plotting speed under)
G1 F4000


G1X157.6219Y-264.5253

G1X195.6613Y-217.1108

G1 Z0F20000

(Start Block)


G1X195.6613Y-217.1108
G1Z5F20000
(Plotting speed under)
G1 F4000


G1X159.6745Y-227.2283

G1X216.5552Y-247.7667

G1 Z0F20000

(Start Block)


G1X216.5552Y-247.7667
G1Z5F20000
(Plotting speed under)
G1 F4000


G1X195.6613Y-217.1108

G1X193.9968Y-276.9565

G1 Z0F20000

(Start Block)


G1X193.9968Y-276.9565
G1Z5F20000
(Plotting speed under)
G1 F4000


G1X216.5552Y-247.7667

G1X159.1281Y-264.4483

G1 Z0F20000

(Start Block)


G1X159.1281Y-264.4483
G1Z5F20000
(Plotting speed under)
G1 F4000


G1X193.9968Y-276.9565

G1X159.9485Y-227.1097

G1 Z0F20000

(Start Block)


G1X159.9485Y-227.1097
G1Z5F20000
(Plotting speed under)
G1 F4000


G1X159.1281Y-264.4483

G1X195.5862Y-215.8098

G1 Z0F20000

(Start Block)


G1X195.5862Y-215.8098
G1Z5F20000
(Plotting speed under)
G1 F4000


G1X159.9485Y-227.1097

G1X217.4921Y-245.7616

G1 Z0F20000

(Start Block)


G1X217.4921Y-245.7616
G1Z5F20000
(Plotting speed under)
G1 F4000


G1X195.5862Y-215.8098

G1X195.9210Y-275.6897

G1 Z0F20000

(Start Block)


G1X195.9210Y-275.6897
G1Z5F20000
(Plotting speed under)
G1 F4000


G1X217.4921Y-245.7616

G1X160.6631Y-264.3514

G1 Z0F20000

(Start Block)


G1X160.6631Y-264.3514
G1Z5F20000
(Plotting speed under)
G1 F4000


G1X195.9210Y-275.6897

G1X160.2505Y-227.0121

G1 Z0F20000

(Start Block)


G1X160.2505Y-227.0121
G1Z5F20000
(Plotting speed under)
G1 F4000


G1X160.6631Y-264.3514

G1X195.5001Y-214.5420

G1 Z0F20000

(Start Block)


G1X195.5001Y-214.5420
G1Z5F20000
(Plotting speed under)
G1 F4000


G1X160.2505Y-227.0121

G1X218.3942Y-243.7564

G1 Z0F20000

(Start Block)


G1X218.3942Y-243.7564
G1Z5F20000
(Plotting speed under)
G1 F4000


G1X195.5001Y-214.5420

G1X197.8344Y-274.3898

G1 Z0F20000

(Start Block)


G1X197.8344Y-274.3898
G1Z5F20000
(Plotting speed under)
G1 F4000


G1X218.3942Y-243.7564

G1X162.2260Y-264.2335

G1 Z0F20000

(Start Block)


G1X162.2260Y-264.2335
G1Z5F20000
(Plotting speed under)
G1 F4000


G1X197.8344Y-274.3898

G1X160.5812Y-226.9345

G1 Z0F20000

(Start Block)


G1X160.5812Y-226.9345
G1Z5F20000
(Plotting speed under)
G1 F4000


G1X162.2260Y-264.2335

G1X195.4040Y-213.3077

G1 Z0F20000

(Start Block)


G1X195.4040Y-213.3077
G1Z5F20000
(Plotting speed under)
G1 F4000


G1X160.5812Y-226.9345

G1X219.2612Y-241.7525

G1 Z0F20000

(Start Block)


G1X219.2612Y-241.7525
G1Z5F20000
(Plotting speed under)
G1 F4000


G1X195.4040Y-213.3077

G1X199.7355Y-273.0571

G1 Z0F20000

(Start Block)


G1X199.7355Y-273.0571
G1Z5F20000
(Plotting speed under)
G1 F4000


G1X219.2612Y-241.7525

G1X163.8162Y-264.0939

G1 Z0F20000

(Start Block)


G1X163.8162Y-264.0939
G1Z5F20000
(Plotting speed under)
G1 F4000


G1X199.7355Y-273.0571

G1X160.9412Y-226.8760

G1 Z0F20000

(Start Block)


G1X160.9412Y-226.8760
G1Z5F20000
(Plotting speed under)
G1 F4000


G1X163.8162Y-264.0939

G1X195.2991Y-212.1073

G1 Z0F20000

(Start Block)


G1X195.2991Y-212.1073
G1Z5F20000
(Plotting speed under)
G1 F4000


G1X160.9412Y-226.8760

G1X220.0934Y-239.7508

G1 Z0F20000

(Start Block)


G1X220.0934Y-239.7508
G1Z5F20000
(Plotting speed under)
G1 F4000


G1X195.2991Y-212.1073

G1X201.6236Y-271.6921

G1 Z0F20000

(Start Block)


G1X201.6236Y-271.6921
G1Z5F20000
(Plotting speed under)
G1 F4000


G1X220.0934Y-239.7508

G1X165.4330Y-263.9315

G1 Z0F20000

(Start Block)


G1X165.4330Y-263.9315
G1Z5F20000
(Plotting speed under)
G1 F4000


G1X201.6236Y-271.6921

G1X161.3312Y-226.8355

G1 Z0F20000

(Start Block)


G1X161.3312Y-226.8355
G1Z5F20000
(Plotting speed under)
G1 F4000


G1X165.4330Y-263.9315

G1X195.1866Y-210.9409

G1 Z0F20000

(Start Block)


G1X195.1866Y-210.9409
G1Z5F20000
(Plotting speed under)
G1 F4000


G1X161.3312Y-226.8355

G1X220.8908Y-237.7525

G1 Z0F20000

(Start Block)


G1X220.8908Y-237.7525
G1Z5F20000
(Plotting speed under)
G1 F4000


G1X195.1866Y-210.9409

G1X203.4973Y-270.2951

G1 Z0F20000

(Start Block)


G1X203.4973Y-270.2951
G1Z5F20000
(Plotting speed under)
G1 F4000


G1X220.8908Y-237.7525

G1X167.0757Y-263.7455

G1 Z0F20000

(Start Block)


G1X167.0757Y-263.7455
G1Z5F20000
(Plotting speed under)
G1 F4000


G1X203.4973Y-270.2951

G1X161.7517Y-226.8120

G1 Z0F20000

(Start Block)


G1X161.7517Y-226.8120
G1Z5F20000
(Plotting speed under)
G1 F4000


G1X167.0757Y-263.7455

G1X195.0675Y-209.8089

G1 Z0F20000

(Start Block)


G1X195.0675Y-209.8089
G1Z5F20000
(Plotting speed under)
G1 F4000


G1X161.7517Y-226.8120

G1X221.6536Y-235.7589

G1 Z0F20000

(Start Block)


G1X221.6536Y-235.7589
G1Z5F20000
(Plotting speed under)
G1 F4000


G1X195.0675Y-209.8089

G1X205.3558Y-268.8666

G1 Z0F20000

(Start Block)


G1X205.3558Y-268.8666
G1Z5F20000
(Plotting speed under)
G1 F4000


G1X221.6536Y-235.7589

G1X168.7433Y-263.5351

G1 Z0F20000

(Start Block)


G1X168.7433Y-263.5351
G1Z5F20000
(Plotting speed under)
G1 F4000


G1X205.3558Y-268.8666

G1X162.2032Y-226.8046

G1 Z0F20000

(Start Block)


G1X162.2032Y-226.8046
G1Z5F20000
(Plotting speed under)
G1 F4000


G1X168.7433Y-263.5351

G1X194.9429Y-208.7114

G1 Z0F20000

(Start Block)


G1X194.9429Y-208.7114
G1Z5F20000
(Plotting speed under)
G1 F4000


G1X162.2032Y-226.8046

G1X222.3818Y-233.7711

G1 Z0F20000

(Start Block)


G1X222.3818Y-233.7711
G1Z5F20000
(Plotting speed under)
G1 F4000


G1X194.9429Y-208.7114

G1X207.1979Y-267.4072

G1 Z0F20000

(Start Block)


G1X207.1979Y-267.4072
G1Z5F20000
(Plotting speed under)
G1 F4000


G1X222.3818Y-233.7711

G1X170.4351Y-263.2995

G1 Z0F20000

(Start Block)


G1X170.4351Y-263.2995
G1Z5F20000
(Plotting speed under)
G1 F4000


G1X207.1979Y-267.4072

G1X162.6863Y-226.8121

G1 Z0F20000

(Start Block)


G1X162.6863Y-226.8121
G1Z5F20000
(Plotting speed under)
G1 F4000


G1X170.4351Y-263.2995

G1X194.8142Y-207.6487

G1 Z0F20000

(Start Block)


G1X194.8142Y-207.6487
G1Z5F20000
(Plotting speed under)
G1 F4000


G1X162.6863Y-226.8121

G1X223.0758Y-231.7901

G1 Z0F20000

(Start Block)


G1X223.0758Y-231.7901
G1Z5F20000
(Plotting speed under)
G1 F4000


G1X194.8142Y-207.6487

G1X209.0227Y-265.9175

G1 Z0F20000

(Start Block)


G1X209.0227Y-265.9175
G1Z5F20000
(Plotting speed under)
G1 F4000


G1X223.0758Y-231.7901

G1X172.1503Y-263.0378

G1 Z0F20000

(Start Block)


G1X172.1503Y-263.0378
G1Z5F20000
(Plotting speed under)
G1 F4000


G1X209.0227Y-265.9175

G1X163.2015Y-226.8336

G1 Z0F20000

(Start Block)


G1X163.2015Y-226.8336
G1Z5F20000
(Plotting speed under)
G1 F4000


G1X172.1503Y-263.0378

G1X194.6823Y-206.6208

G1 Z0F20000

(Start Block)


G1X194.6823Y-206.6208
G1Z5F20000
(Plotting speed under)
G1 F4000


G1X163.2015Y-226.8336

G1X223.7358Y-229.8172

G1 Z0F20000

(Start Block)


G1X223.7358Y-229.8172
G1Z5F20000
(Plotting speed under)
G1 F4000


G1X194.6823Y-206.6208

G1X210.8291Y-264.3981

G1 Z0F20000

(Start Block)


G1X210.8291Y-264.3981
G1Z5F20000
(Plotting speed under)
G1 F4000


G1X223.7358Y-229.8172

G1X173.8879Y-262.7493

G1 Z0F20000

(Start Block)


G1X173.8879Y-262.7493
G1Z5F20000
(Plotting speed under)
G1 F4000


G1X210.8291Y-264.3981

G1X163.7493Y-226.8680

G1 Z0F20000

(Start Block)


G1X163.7493Y-226.8680
G1Z5F20000
(Plotting speed under)
G1 F4000


G1X173.8879Y-262.7493

G1X194.5484Y-205.6277

G1 Z0F20000

(Start Block)


G1X194.5484Y-205.6277
G1Z5F20000
(Plotting speed under)
G1 F4000


G1X163.7493Y-226.8680

G1X224.3619Y-227.8534

G1 Z0F20000

(Start Block)


G1X224.3619Y-227.8534
G1Z5F20000
(Plotting speed under)
G1 F4000


G1X194.5484Y-205.6277

G1X212.6162Y-262.8494

G1 Z0F20000

(Start Block)


G1X212.6162Y-262.8494
G1Z5F20000
(Plotting speed under)
G1 F4000


G1X224.3619Y-227.8534

G1X175.6470Y-262.4333

G1 Z0F20000

(Start Block)


G1X175.6470Y-262.4333
G1Z5F20000
(Plotting speed under)
G1 F4000


G1X212.6162Y-262.8494

G1X164.3299Y-226.9141

G1 Z0F20000

(Start Block)


G1X164.3299Y-226.9141
G1Z5F20000
(Plotting speed under)
G1 F4000


G1X175.6470Y-262.4333

G1X194.4138Y-204.6696

G1 Z0F20000

(Start Block)


G1X194.4138Y-204.6696
G1Z5F20000
(Plotting speed under)
G1 F4000


G1X164.3299Y-226.9141

G1X224.9547Y-225.8999

G1 Z0F20000

(Start Block)


G1X224.9547Y-225.8999
G1Z5F20000
(Plotting speed under)
G1 F4000


G1X194.4138Y-204.6696

G1X214.3830Y-261.2724

G1 Z0F20000

(Start Block)


G1X214.3830Y-261.2724
G1Z5F20000
(Plotting speed under)
G1 F4000


G1X224.9547Y-225.8999

G1X177.4268Y-262.0890

G1 Z0F20000

(Start Block)


G1X177.4268Y-262.0890
G1Z5F20000
(Plotting speed under)
G1 F4000


G1X214.3830Y-261.2724

G1X164.9438Y-226.9709

G1 Z0F20000

(Start Block)


G1X164.9438Y-226.9709
G1Z5F20000
(Plotting speed under)
G1 F4000


G1X177.4268Y-262.0890

G1X194.2795Y-203.7465

G1 Z0F20000

(Start Block)


G1X194.2795Y-203.7465
G1Z5F20000
(Plotting speed under)
G1 F4000


G1X164.9438Y-226.9709

G1X225.5145Y-223.9577

G1 Z0F20000

(Start Block)


G1X225.5145Y-223.9577
G1Z5F20000
(Plotting speed under)
G1 F4000


G1X194.2795Y-203.7465

G1X216.1286Y-259.6675

G1 Z0F20000

(Start Block)


G1X216.1286Y-259.6675
G1Z5F20000
(Plotting speed under)
G1 F4000


G1X225.5145Y-223.9577

G1X179.2262Y-261.7159

G1 Z0F20000

(Start Block)


G1X179.2262Y-261.7159
G1Z5F20000
(Plotting speed under)
G1 F4000


G1X216.1286Y-259.6675

G1X165.5914Y-227.0373

G1 Z0F20000

(Start Block)


G1X165.5914Y-227.0373
G1Z5F20000
(Plotting speed under)
G1 F4000


G1X179.2262Y-261.7159

G1X194.1468Y-202.8583

G1 Z0F20000

(Start Block)


G1X194.1468Y-202.8583
G1Z5F20000
(Plotting speed under)
G1 F4000


G1X165.5914Y-227.0373

G1X226.0415Y-222.0280

G1 Z0F20000

(Start Block)


G1X226.0415Y-222.0280
G1Z5F20000
(Plotting speed under)
G1 F4000


G1X194.1468Y-202.8583

G1X217.8521Y-258.0356

G1 Z0F20000

(Start Block)


G1X217.8521Y-258.0356
G1Z5F20000
(Plotting speed under)
G1 F4000


G1X226.0415Y-222.0280

G1X181.0444Y-261.3132

G1 Z0F20000

(Start Block)


G1X181.0444Y-261.3132
G1Z5F20000
(Plotting speed under)
G1 F4000


G1X217.8521Y-258.0356

G1X166.2729Y-227.1121

G1 Z0F20000

(Start Block)


G1X166.2729Y-227.1121
G1Z5F20000
(Plotting speed under)
G1 F4000


G1X181.0444Y-261.3132

G1X194.0167Y-202.0050

G1 Z0F20000

(Start Block)


G1X194.0167Y-202.0050
G1Z5F20000
(Plotting speed under)
G1 F4000


G1X166.2729Y-227.1121

G1X226.5364Y-220.1119

G1 Z0F20000

(Start Block)


G1X226.5364Y-220.1119
G1Z5F20000
(Plotting speed under)
G1 F4000


G1X194.0167Y-202.0050

G1X219.5526Y-256.3773

G1 Z0F20000

(Start Block)


G1X219.5526Y-256.3773
G1Z5F20000
(Plotting speed under)
G1 F4000


G1X226.5364Y-220.1119

G1X182.8803Y-260.8804

G1 Z0F20000

(Start Block)


G1X182.8803Y-260.8804
G1Z5F20000
(Plotting speed under)
G1 F4000


G1X219.5526Y-256.3773

G1X166.9885Y-227.1942

G1 Z0F20000

(Start Block)


G1X166.9885Y-227.1942
G1Z5F20000
(Plotting speed under)
G1 F4000


G1X182.8803Y-260.8804

G1X193.8904Y-201.1864

G1 Z0F20000

(Start Block)


G1X193.8904Y-201.1864
G1Z5F20000
(Plotting speed under)
G1 F4000


G1X166.9885Y-227.1942

G1X226.9994Y-218.2103

G1 Z0F20000

(Start Block)


G1X226.9994Y-218.2103
G1Z5F20000
(Plotting speed under)
G1 F4000


G1X193.8904Y-201.1864

G1X221.2292Y-254.6935

G1 Z0F20000

(Start Block)


G1X221.2292Y-254.6935
G1Z5F20000
(Plotting speed under)
G1 F4000


G1X226.9994Y-218.2103

G1X184.7329Y-260.4169

G1 Z0F20000

(Start Block)


G1X184.7329Y-260.4169
G1Z5F20000
(Plotting speed under)
G1 F4000


G1X221.2292Y-254.6935

G1X167.7386Y-227.2825

G1 Z0F20000

(Start Block)


G1X167.7386Y-227.2825
G1Z5F20000
(Plotting speed under)
G1 F4000


G1X184.7329Y-260.4169

G1X193.7692Y-200.4024

G1 Z0F20000

(Start Block)


G1X193.7692Y-200.4024
G1Z5F20000
(Plotting speed under)
G1 F4000


G1X167.7386Y-227.2825

G1X227.4312Y-216.3244

G1 Z0F20000

(Start Block)


G1X227.4312Y-216.3244
G1Z5F20000
(Plotting speed under)
G1 F4000


G1X193.7692Y-200.4024

G1X222.8810Y-252.9850

G1 Z0F20000

(Start Block)


G1X222.8810Y-252.9850
G1Z5F20000
(Plotting speed under)
G1 F4000


G1X227.4312Y-216.3244

G1X186.6012Y-259.9221

G1 Z0F20000

(Start Block)


G1X186.6012Y-259.9221
G1Z5F20000
(Plotting speed under)
G1 F4000


G1X222.8810Y-252.9850

G1X168.5233Y-227.3758

G1 Z0F20000

(Start Block)


G1X168.5233Y-227.3758
G1Z5F20000
(Plotting speed under)
G1 F4000


G1X186.6012Y-259.9221

G1X193.6541Y-199.6528

G1 Z0F20000

(Start Block)


G1X193.6541Y-199.6528
G1Z5F20000
(Plotting speed under)
G1 F4000


G1X168.5233Y-227.3758

G1X227.8323Y-214.4552

G1 Z0F20000

(Start Block)


G1X227.8323Y-214.4552
G1Z5F20000
(Plotting speed under)
G1 F4000


G1X193.6541Y-199.6528

G1X224.5074Y-251.2526

G1 Z0F20000

(Start Block)


G1X224.5074Y-251.2526
G1Z5F20000
(Plotting speed under)
G1 F4000


G1X227.8323Y-214.4552

G1X188.4841Y-259.3956

G1 Z0F20000

(Start Block)


G1X188.4841Y-259.3956
G1Z5F20000
(Plotting speed under)
G1 F4000


G1X224.5074Y-251.2526

G1X169.3427Y-227.4730

G1 Z0F20000

(Start Block)


G1X169.3427Y-227.4730
G1Z5F20000
(Plotting speed under)
G1 F4000


G1X188.4841Y-259.3956

G1X193.5463Y-198.9375

G1 Z0F20000

(Start Block)


G1X193.5463Y-198.9375
G1Z5F20000
(Plotting speed under)
G1 F4000


G1X169.3427Y-227.4730

G1X228.2032Y-212.6037

G1 Z0F20000

(Start Block)


G1X228.2032Y-212.6037
G1Z5F20000
(Plotting speed under)
G1 F4000


G1X193.5463Y-198.9375

G1X226.1075Y-249.4971

G1 Z0F20000

(Start Block)


G1X226.1075Y-249.4971
G1Z5F20000
(Plotting speed under)
G1 F4000


G1X228.2032Y-212.6037

G1X190.3806Y-258.8369

G1 Z0F20000

(Start Block)


G1X190.3806Y-258.8369
G1Z5F20000
(Plotting speed under)
G1 F4000


G1X226.1075Y-249.4971

G1X170.1970Y-227.5729

G1 Z0F20000

(Start Block)


G1X170.1970Y-227.5729
G1Z5F20000
(Plotting speed under)
G1 F4000


G1X190.3806Y-258.8369

G1X193.4469Y-198.2560

G1 Z0F20000

(Start Block)


G1X193.4469Y-198.2560
G1Z5F20000
(Plotting speed under)
G1 F4000


G1X170.1970Y-227.5729

G1X228.5446Y-210.7708

G1 Z0F20000

(Start Block)


G1X228.5446Y-210.7708
G1Z5F20000
(Plotting speed under)
G1 F4000


G1X193.4469Y-198.2560

G1X227.6805Y-247.7195

G1 Z0F20000

(Start Block)


G1X227.6805Y-247.7195
G1Z5F20000
(Plotting speed under)
G1 F4000


G1X228.5446Y-210.7708

G1X192.2896Y-258.2455

G1 Z0F20000

(Start Block)


G1X192.2896Y-258.2455
G1Z5F20000
(Plotting speed under)
G1 F4000


G1X227.6805Y-247.7195

G1X171.0862Y-227.6744

G1 Z0F20000

(Start Block)


G1X171.0862Y-227.6744
G1Z5F20000
(Plotting speed under)
G1 F4000


G1X192.2896Y-258.2455

G1X193.3570Y-197.6083

G1 Z0F20000

(Start Block)


G1X193.3570Y-197.6083
G1Z5F20000
(Plotting speed under)
G1 F4000


G1X171.0862Y-227.6744

G1X228.8570Y-208.9577

G1 Z0F20000

(Start Block)


G1X228.8570Y-208.9577
G1Z5F20000
(Plotting speed under)
G1 F4000


G1X193.3570Y-197.6083

G1X229.2257Y-245.9206

G1 Z0F20000

(Start Block)


G1X229.2257Y-245.9206
G1Z5F20000
(Plotting speed under)
G1 F4000


G1X228.8570Y-208.9577

G1X194.2100Y-257.6210

G1 Z0F20000

(Start Block)


G1X194.2100Y-257.6210
G1Z5F20000
(Plotting speed under)
G1 F4000


G1X229.2257Y-245.9206

G1X172.0104Y-227.7763

G1 Z0F20000

(Start Block)


G1X172.0104Y-227.7763
G1Z5F20000
(Plotting speed under)
G1 F4000


G1X194.2100Y-257.6210

G1X193.2778Y-196.9938

G1 Z0F20000

(Start Block)


G1X193.2778Y-196.9938
G1Z5F20000
(Plotting speed under)
G1 F4000


G1X172.0104Y-227.7763

G1X229.1412Y-207.1651

G1 Z0F20000

(Start Block)


G1X229.1412Y-207.1651
G1Z5F20000
(Plotting speed under)
G1 F4000


G1X193.2778Y-196.9938

G1X230.7425Y-244.1014

G1 Z0F20000

(Start Block)


G1X230.7425Y-244.1014
G1Z5F20000
(Plotting speed under)
G1 F4000


G1X229.1412Y-207.1651

G1X196.1407Y-256.9632

G1 Z0F20000

(Start Block)


G1X196.1407Y-256.9632
G1Z5F20000
(Plotting speed under)
G1 F4000


G1X230.7425Y-244.1014

G1X172.9695Y-227.8774

G1 Z0F20000

(Start Block)


G1X172.9695Y-227.8774
G1Z5F20000
(Plotting speed under)
G1 F4000


G1X196.1407Y-256.9632

G1X193.2103Y-196.4122

G1 Z0F20000

(Start Block)


G1X193.2103Y-196.4122
G1Z5F20000
(Plotting speed under)
G1 F4000


G1X172.9695Y-227.8774

G1X229.3978Y-205.3940

G1 Z0F20000

(Start Block)


G1X229.3978Y-205.3940
G1Z5F20000
(Plotting speed under)
G1 F4000


G1X193.2103Y-196.4122

G1X232.2302Y-242.2628

G1 Z0F20000

(Start Block)


G1X232.2302Y-242.2628
G1Z5F20000
(Plotting speed under)
G1 F4000


G1X229.3978Y-205.3940

G1X198.0806Y-256.2716

G1 Z0F20000

(Start Block)


G1X198.0806Y-256.2716
G1Z5F20000
(Plotting speed under)
G1 F4000


G1X232.2302Y-242.2628

G1X173.9636Y-227.9767

G1 Z0F20000

(Start Block)


G1X173.9636Y-227.9767
G1Z5F20000
(Plotting speed under)
G1 F4000


G1X198.0806Y-256.2716

G1X193.1556Y-195.8632

G1 Z0F20000

(Start Block)


G1X193.1556Y-195.8632
G1Z5F20000
(Plotting speed under)
G1 F4000


G1X173.9636Y-227.9767

G1X229.6276Y-203.6453

G1 Z0F20000

(Start Block)


G1X229.6276Y-203.6453
G1Z5F20000
(Plotting speed under)
G1 F4000


G1X193.1556Y-195.8632

G1X233.6882Y-240.4059

G1 Z0F20000

(Start Block)


G1X233.6882Y-240.4059
G1Z5F20000
(Plotting speed under)
G1 F4000


G1X229.6276Y-203.6453

G1X200.0285Y-255.5460

G1 Z0F20000

(Start Block)


G1X200.0285Y-255.5460
G1Z5F20000
(Plotting speed under)
G1 F4000


G1X233.6882Y-240.4059

G1X174.9924Y-228.0728

G1 Z0F20000

(Start Block)


G1X174.9924Y-228.0728
G1Z5F20000
(Plotting speed under)
G1 F4000


G1X200.0285Y-255.5460

G1X193.1148Y-195.3463

G1 Z0F20000

(Start Block)


G1X193.1148Y-195.3463
G1Z5F20000
(Plotting speed under)
G1 F4000


G1X174.9924Y-228.0728

G1X229.8314Y-201.9200

G1 Z0F20000

(Start Block)


G1X229.8314Y-201.9200
G1Z5F20000
(Plotting speed under)
G1 F4000


G1X193.1148Y-195.3463

G1X235.1158Y-238.5316

G1 Z0F20000

(Start Block)


G1X235.1158Y-238.5316
G1Z5F20000
(Plotting speed under)
G1 F4000


G1X229.8314Y-201.9200

G1X201.9834Y-254.7861

G1 Z0F20000

(Start Block)


G1X201.9834Y-254.7861
G1Z5F20000
(Plotting speed under)
G1 F4000


G1X235.1158Y-238.5316

G1X176.0560Y-228.1648

G1 Z0F20000

(Start Block)


G1X176.0560Y-228.1648
G1Z5F20000
(Plotting speed under)
G1 F4000


G1X201.9834Y-254.7861

G1X193.0889Y-194.8609

G1 Z0F20000

(Start Block)


G1X193.0889Y-194.8609
G1Z5F20000
(Plotting speed under)
G1 F4000


G1X176.0560Y-228.1648

G1X230.0099Y-200.2188

G1 Z0F20000

(Start Block)


G1X230.0099Y-200.2188
G1Z5F20000
(Plotting speed under)
G1 F4000


G1X193.0889Y-194.8609

G1X236.5125Y-236.6409

G1 Z0F20000

(Start Block)


G1X236.5125Y-236.6409
G1Z5F20000
(Plotting speed under)
G1 F4000


G1X230.0099Y-200.2188

G1X203.9441Y-253.9918

G1 Z0F20000

(Start Block)


G1X203.9441Y-253.9918
G1Z5F20000
(Plotting speed under)
G1 F4000


G1X236.5125Y-236.6409

G1X177.1541Y-228.2513

G1 Z0F20000

(Start Block)


G1X177.1541Y-228.2513
G1Z5F20000
(Plotting speed under)
G1 F4000


G1X203.9441Y-253.9918

G1X193.0791Y-194.4067

G1 Z0F20000

(Start Block)


G1X193.0791Y-194.4067
G1Z5F20000
(Plotting speed under)
G1 F4000


G1X177.1541Y-228.2513

G1X230.1639Y-198.5426

G1 Z0F20000

(Start Block)


G1X230.1639Y-198.5426
G1Z5F20000
(Plotting speed under)
G1 F4000


G1X193.0791Y-194.4067

G1X237.8778Y-234.7349

G1 Z0F20000

(Start Block)


G1X237.8778Y-234.7349
G1Z5F20000
(Plotting speed under)
G1 F4000


G1X230.1639Y-198.5426

G1X205.9095Y-253.1628

G1 Z0F20000

(Start Block)


G1X205.9095Y-253.1628
G1Z5F20000
(Plotting speed under)
G1 F4000


G1X237.8778Y-234.7349

G1X178.2866Y-228.3314

G1 Z0F20000

(Start Block)


G1X178.2866Y-228.3314
G1Z5F20000
(Plotting speed under)
G1 F4000


G1X205.9095Y-253.1628

G1X193.0863Y-193.9829

G1 Z0F20000

(Start Block)


G1X193.0863Y-193.9829
G1Z5F20000
(Plotting speed under)
G1 F4000


G1X178.2866Y-228.3314

G1X230.2943Y-196.8921

G1 Z0F20000

(Start Block)


G1X230.2943Y-196.8921
G1Z5F20000
(Plotting speed under)
G1 F4000


G1X193.0863Y-193.9829

G1X239.2112Y-232.8145

G1 Z0F20000

(Start Block)


G1X239.2112Y-232.8145
G1Z5F20000
(Plotting speed under)
G1 F4000


G1X230.2943Y-196.8921

G1X207.8783Y-252.2990

G1 Z0F20000

(Start Block)


G1X207.8783Y-252.2990
G1Z5F20000
(Plotting speed under)
G1 F4000


G1X239.2112Y-232.8145

G1X179.4531Y-228.4037

G1 Z0F20000

(Start Block)


G1X179.4531Y-228.4037
G1Z5F20000
(Plotting speed under)
G1 F4000


G1X207.8783Y-252.2990

G1X193.1115Y-193.5892

G1 Z0F20000

(Start Block)


G1X193.1115Y-193.5892
G1Z5F20000
(Plotting speed under)
G1 F4000


G1X179.4531Y-228.4037

G1X230.4019Y-195.2682

G1 Z0F20000

(Start Block)


G1X230.4019Y-195.2682
G1Z5F20000
(Plotting speed under)
G1 F4000


G1X193.1115Y-193.5892

G1X240.5123Y-230.8810

G1 Z0F20000

(Start Block)


G1X240.5123Y-230.8810
G1Z5F20000
(Plotting speed under)
G1 F4000


G1X230.4019Y-195.2682

G1X209.8495Y-251.4003

G1 Z0F20000

(Start Block)


G1X209.8495Y-251.4003
G1Z5F20000
(Plotting speed under)
G1 F4000


G1X240.5123Y-230.8810

G1X180.6535Y-228.4674

G1 Z0F20000

(Start Block)


G1X180.6535Y-228.4674
G1Z5F20000
(Plotting speed under)
G1 F4000


G1X209.8495Y-251.4003

G1X193.1556Y-193.2248

G1 Z0F20000

(Start Block)


G1X193.1556Y-193.2248
G1Z5F20000
(Plotting speed under)
G1 F4000


G1X180.6535Y-228.4674

G1X230.4877Y-193.6716

G1 Z0F20000

(Start Block)


G1X230.4877Y-193.6716
G1Z5F20000
(Plotting speed under)
G1 F4000


G1X193.1556Y-193.2248

G1X241.7805Y-228.9354

G1 Z0F20000

(Start Block)


G1X241.7805Y-228.9354
G1Z5F20000
(Plotting speed under)
G1 F4000


G1X230.4877Y-193.6716

G1X211.8219Y-250.4667

G1 Z0F20000

(Start Block)


G1X211.8219Y-250.4667
G1Z5F20000
(Plotting speed under)
G1 F4000


G1X241.7805Y-228.9354

G1X181.8875Y-228.5211

G1 Z0F20000

(Start Block)


G1X181.8875Y-228.5211
G1Z5F20000
(Plotting speed under)
G1 F4000


G1X211.8219Y-250.4667

G1X193.2198Y-192.8891

G1 Z0F20000

(Start Block)


G1X193.2198Y-192.8891
G1Z5F20000
(Plotting speed under)
G1 F4000


G1X181.8875Y-228.5211

G1X230.5525Y-192.1030

G1 Z0F20000

(Start Block)


G1X230.5525Y-192.1030
G1Z5F20000
(Plotting speed under)
G1 F4000


G1X193.2198Y-192.8891

G1X243.0156Y-226.9786

G1 Z0F20000

(Start Block)


G1X243.0156Y-226.9786
G1Z5F20000
(Plotting speed under)
G1 F4000


G1X230.5525Y-192.1030

G1X213.7942Y-249.4981

G1 Z0F20000

(Start Block)


G1X213.7942Y-249.4981
G1Z5F20000
(Plotting speed under)
G1 F4000


G1X243.0156Y-226.9786

G1X183.1546Y-228.5638

G1 Z0F20000

(Start Block)


G1X183.1546Y-228.5638
G1Z5F20000
(Plotting speed under)
G1 F4000


G1X213.7942Y-249.4981

G1X193.3049Y-192.5814

G1 Z0F20000

(Start Block)


G1X193.3049Y-192.5814
G1Z5F20000
(Plotting speed under)
G1 F4000


G1X183.1546Y-228.5638

G1X230.5974Y-190.5631

G1 Z0F20000

(Start Block)


G1X230.5974Y-190.5631
G1Z5F20000
(Plotting speed under)
G1 F4000


G1X193.3049Y-192.5814

G1X244.2171Y-225.0120

G1 Z0F20000

(Start Block)


G1X244.2171Y-225.0120
G1Z5F20000
(Plotting speed under)
G1 F4000


G1X230.5974Y-190.5631

G1X215.7655Y-248.4946

G1 Z0F20000

(Start Block)


G1X215.7655Y-248.4946
G1Z5F20000
(Plotting speed under)
G1 F4000


G1X244.2171Y-225.0120

G1X184.4546Y-228.5944

G1 Z0F20000

(Start Block)


G1X184.4546Y-228.5944
G1Z5F20000
(Plotting speed under)
G1 F4000


G1X215.7655Y-248.4946

G1X193.4118Y-192.3010

G1 Z0F20000

(Start Block)


G1X193.4118Y-192.3010
G1Z5F20000
(Plotting speed under)
G1 F4000


G1X184.4546Y-228.5944

G1X230.4426Y-189.2396

G1 Z0F20000

(Start Block)


G1X230.4426Y-189.2396
G1Z5F20000
(Plotting speed under)
G1 F4000


G1X193.4118Y-192.3010

G1 Z0F20000

(Start Block)


G1X217.0577Y-247.5106
G1Z5F20000
(Plotting speed under)
G1 F4000


G1X244.9561Y-223.1572

G1X184.8621Y-228.5999

G1 Z0F20000

(Start Block)


G1X184.8621Y-228.5999
G1Z5F20000
(Plotting speed under)
G1 F4000


G1X217.0577Y-247.5106

G1X192.3686Y-191.9690

G1 Z0F20000

(Start Block)


G1X192.3686Y-191.9690
G1Z5F20000
(Plotting speed under)
G1 F4000


G1X184.8621Y-228.5999

G1X229.2101Y-187.4273

G1 Z0F20000

(Start Block)


G1X229.2101Y-187.4273
G1Z5F20000
(Plotting speed under)
G1 F4000


G1X192.3686Y-191.9690

G1X244.8495Y-220.8425

G1 Z0F20000

(Start Block)


G1X244.8495Y-220.8425
G1Z5F20000
(Plotting speed under)
G1 F4000


G1X229.2101Y-187.4273

G1X217.7829Y-246.1058

G1 Z0F20000

(Start Block)


G1X217.7829Y-246.1058
G1Z5F20000
(Plotting speed under)
G1 F4000


G1X244.8495Y-220.8425

G1X184.9861Y-228.2714

G1 Z0F20000

(Start Block)


G1X184.9861Y-228.2714
G1Z5F20000
(Plotting speed under)
G1 F4000


G1X217.7829Y-246.1058

G1X191.2815Y-191.4094

G1 Z0F20000

(Start Block)


G1X191.2815Y-191.4094
G1Z5F20000
(Plotting speed under)
G1 F4000


G1X184.9861Y-228.2714

G1X227.9605Y-185.6455

G1 Z0F20000

(Start Block)


G1X227.9605Y-185.6455
G1Z5F20000
(Plotting speed under)
G1 F4000


G1X191.2815Y-191.4094

G1X244.7085Y-218.5211

G1 Z0F20000

(Start Block)


G1X244.7085Y-218.5211
G1Z5F20000
(Plotting speed under)
G1 F4000


G1X227.9605Y-185.6455

G1X218.5035Y-244.6664

G1 Z0F20000

(Start Block)


G1X218.5035Y-244.6664
G1Z5F20000
(Plotting speed under)
G1 F4000


G1X244.7085Y-218.5211

G1X185.1414Y-227.9277

G1 Z0F20000

(Start Block)


G1X185.1414Y-227.9277
G1Z5F20000
(Plotting speed under)
G1 F4000


G1X218.5035Y-244.6664

G1X190.2189Y-190.8748

G1 Z0F20000

(Start Block)


G1X190.2189Y-190.8748
G1Z5F20000
(Plotting speed under)
G1 F4000


G1X185.1414Y-227.9277

G1X226.6949Y-183.8949

G1 Z0F20000

(Start Block)


G1X226.6949Y-183.8949
G1Z5F20000
(Plotting speed under)
G1 F4000


G1X190.2189Y-190.8748

G1X244.5329Y-216.1944

G1 Z0F20000

(Start Block)


G1X244.5329Y-216.1944
G1Z5F20000
(Plotting speed under)
G1 F4000


G1X226.6949Y-183.8949

G1X219.2183Y-243.1924

G1 Z0F20000

(Start Block)


G1X219.2183Y-243.1924
G1Z5F20000
(Plotting speed under)
G1 F4000


G1X244.5329Y-216.1944

G1X185.3278Y-227.5676

G1 Z0F20000

(Start Block)


G1X185.3278Y-227.5676
G1Z5F20000
(Plotting speed under)
G1 F4000


G1X219.2183Y-243.1924

G1X189.1815Y-190.3644

G1 Z0F20000

(Start Block)


G1X189.1815Y-190.3644
G1Z5F20000
(Plotting speed under)
G1 F4000


G1X185.3278Y-227.5676

G1X225.4144Y-182.1758

G1 Z0F20000

(Start Block)


G1X225.4144Y-182.1758
G1Z5F20000
(Plotting speed under)
G1 F4000


G1X189.1815Y-190.3644

G1X244.3227Y-213.8634

G1 Z0F20000

(Start Block)


G1X244.3227Y-213.8634
G1Z5F20000
(Plotting speed under)
G1 F4000


G1X225.4144Y-182.1758

G1X219.9263Y-241.6842

G1 Z0F20000

(Start Block)


G1X219.9263Y-241.6842
G1Z5F20000
(Plotting speed under)
G1 F4000


G1X244.3227Y-213.8634

G1X185.5444Y-227.1902

G1 Z0F20000

(Start Block)


G1X185.5444Y-227.1902
G1Z5F20000
(Plotting speed under)
G1 F4000


G1X219.9263Y-241.6842

G1X188.1701Y-189.8773

G1 Z0F20000

(Start Block)


G1X188.1701Y-189.8773
G1Z5F20000
(Plotting speed under)
G1 F4000


G1X185.5444Y-227.1902

G1X224.1198Y-180.4887

G1 Z0F20000

(Start Block)


G1X224.1198Y-180.4887
G1Z5F20000
(Plotting speed under)
G1 F4000


G1X188.1701Y-189.8773

G1X244.0776Y-211.5293

G1 Z0F20000

(Start Block)


G1X244.0776Y-211.5293
G1Z5F20000
(Plotting speed under)
G1 F4000


G1X224.1198Y-180.4887

G1X220.6262Y-240.1419

G1 Z0F20000

(Start Block)


G1X220.6262Y-240.1419
G1Z5F20000
(Plotting speed under)
G1 F4000


G1X244.0776Y-211.5293

G1X185.7909Y-226.7944

G1 Z0F20000

(Start Block)


G1X185.7909Y-226.7944
G1Z5F20000
(Plotting speed under)
G1 F4000


G1X220.6262Y-240.1419

G1X187.1856Y-189.4127

G1 Z0F20000

(Start Block)


G1X187.1856Y-189.4127
G1Z5F20000
(Plotting speed under)
G1 F4000


G1X185.7909Y-226.7944

G1X222.8125Y-178.8342

G1 Z0F20000

(Start Block)


G1X222.8125Y-178.8342
G1Z5F20000
(Plotting speed under)
G1 F4000


G1X187.1856Y-189.4127

G1X243.7976Y-209.1932

G1 Z0F20000

(Start Block)


G1X243.7976Y-209.1932
G1Z5F20000
(Plotting speed under)
G1 F4000


G1X222.8125Y-178.8342

G1X221.3170Y-238.5660

G1 Z0F20000

(Start Block)


G1X221.3170Y-238.5660
G1Z5F20000
(Plotting speed under)
G1 F4000


G1X243.7976Y-209.1932

G1X186.0664Y-226.3793

G1 Z0F20000

(Start Block)


G1X186.0664Y-226.3793
G1Z5F20000
(Plotting speed under)
G1 F4000


G1X221.3170Y-238.5660

G1X186.2286Y-188.9696

G1 Z0F20000

(Start Block)


G1X186.2286Y-188.9696
G1Z5F20000
(Plotting speed under)
G1 F4000


G1X186.0664Y-226.3793

G1X221.4933Y-177.2126

G1 Z0F20000

(Start Block)


G1X221.4933Y-177.2126
G1Z5F20000
(Plotting speed under)
G1 F4000


G1X186.2286Y-188.9696

G1X243.4827Y-206.8563

G1 Z0F20000

(Start Block)


G1X243.4827Y-206.8563
G1Z5F20000
(Plotting speed under)
G1 F4000


G1X221.4933Y-177.2126

G1X221.9975Y-236.9565

G1 Z0F20000

(Start Block)


G1X221.9975Y-236.9565
G1Z5F20000
(Plotting speed under)
G1 F4000


G1X243.4827Y-206.8563

G1X186.3705Y-225.9439

G1 Z0F20000

(Start Block)


G1X186.3705Y-225.9439
G1Z5F20000
(Plotting speed under)
G1 F4000


G1X221.9975Y-236.9565

G1X185.2998Y-188.5471

G1 Z0F20000

(Start Block)


G1X185.2998Y-188.5471
G1Z5F20000
(Plotting speed under)
G1 F4000


G1X186.3705Y-225.9439

G1X220.1635Y-175.6243

G1 Z0F20000

(Start Block)


G1X220.1635Y-175.6243
G1Z5F20000
(Plotting speed under)
G1 F4000


G1X185.2998Y-188.5471

G1X243.1328Y-204.5198

G1 Z0F20000

(Start Block)


G1X243.1328Y-204.5198
G1Z5F20000
(Plotting speed under)
G1 F4000


G1X220.1635Y-175.6243

G1X222.6666Y-235.3141

G1 Z0F20000

(Start Block)


G1X222.6666Y-235.3141
G1Z5F20000
(Plotting speed under)
G1 F4000


G1X243.1328Y-204.5198

G1X186.7023Y-225.4873

G1 Z0F20000

(Start Block)


G1X186.7023Y-225.4873
G1Z5F20000
(Plotting speed under)
G1 F4000


G1X222.6666Y-235.3141

G1X184.3999Y-188.1444

G1 Z0F20000

(Start Block)


G1X184.3999Y-188.1444
G1Z5F20000
(Plotting speed under)
G1 F4000


G1X186.7023Y-225.4873

G1X218.8241Y-174.0696

G1 Z0F20000

(Start Block)


G1X218.8241Y-174.0696
G1Z5F20000
(Plotting speed under)
G1 F4000


G1X184.3999Y-188.1444

G1X242.7480Y-202.1849

G1 Z0F20000

(Start Block)


G1X242.7480Y-202.1849
G1Z5F20000
(Plotting speed under)
G1 F4000


G1X218.8241Y-174.0696

G1X223.3232Y-233.6389

G1 Z0F20000

(Start Block)


G1X223.3232Y-233.6389
G1Z5F20000
(Plotting speed under)
G1 F4000


G1X242.7480Y-202.1849

G1X187.0612Y-225.0085

G1 Z0F20000

(Start Block)


G1X187.0612Y-225.0085
G1Z5F20000
(Plotting speed under)
G1 F4000


G1X223.3232Y-233.6389

G1X183.5295Y-187.7603

G1 Z0F20000

(Start Block)


G1X183.5295Y-187.7603
G1Z5F20000
(Plotting speed under)
G1 F4000


G1X187.0612Y-225.0085

G1X217.4763Y-172.5489

G1 Z0F20000

(Start Block)


G1X217.4763Y-172.5489
G1Z5F20000
(Plotting speed under)
G1 F4000


G1X183.5295Y-187.7603

G1X242.3283Y-199.8526

G1 Z0F20000

(Start Block)


G1X242.3283Y-199.8526
G1Z5F20000
(Plotting speed under)
G1 F4000


G1X217.4763Y-172.5489

G1X223.9664Y-231.9315

G1 Z0F20000

(Start Block)


G1X223.9664Y-231.9315
G1Z5F20000
(Plotting speed under)
G1 F4000


G1X242.3283Y-199.8526

G1X187.4464Y-224.5068

G1 Z0F20000

(Start Block)


G1X187.4464Y-224.5068
G1Z5F20000
(Plotting speed under)
G1 F4000


G1X223.9664Y-231.9315

G1X182.6893Y-187.3940

G1 Z0F20000

(Start Block)


G1X182.6893Y-187.3940
G1Z5F20000
(Plotting speed under)
G1 F4000


G1X187.4464Y-224.5068

G1X216.1211Y-171.0623

G1 Z0F20000

(Start Block)


G1X216.1211Y-171.0623
G1Z5F20000
(Plotting speed under)
G1 F4000


G1X182.6893Y-187.3940

G1X241.8739Y-197.5241

G1 Z0F20000

(Start Block)


G1X241.8739Y-197.5241
G1Z5F20000
(Plotting speed under)
G1 F4000


G1X216.1211Y-171.0623

G1X224.5949Y-230.1924

G1 Z0F20000

(Start Block)


G1X224.5949Y-230.1924
G1Z5F20000
(Plotting speed under)
G1 F4000


G1X241.8739Y-197.5241

G1X187.8572Y-223.9812

G1 Z0F20000

(Start Block)


G1X187.8572Y-223.9812
G1Z5F20000
(Plotting speed under)
G1 F4000


G1X224.5949Y-230.1924

G1X181.8798Y-187.0444

G1 Z0F20000

(Start Block)


G1X181.8798Y-187.0444
G1Z5F20000
(Plotting speed under)
G1 F4000


G1X187.8572Y-223.9812

G1X214.7598Y-169.6101

G1 Z0F20000

(Start Block)


G1X214.7598Y-169.6101
G1Z5F20000
(Plotting speed under)
G1 F4000


G1X181.8798Y-187.0444

G1X241.3849Y-195.2007

G1 Z0F20000

(Start Block)


G1X241.3849Y-195.2007
G1Z5F20000
(Plotting speed under)
G1 F4000


G1X214.7598Y-169.6101

G1X225.2077Y-228.4220

G1 Z0F20000

(Start Block)


G1X225.2077Y-228.4220
G1Z5F20000
(Plotting speed under)
G1 F4000


G1X241.3849Y-195.2007

G1X188.2927Y-223.4308

G1 Z0F20000

(Start Block)


G1X188.2927Y-223.4308
G1Z5F20000
(Plotting speed under)
G1 F4000


G1X225.2077Y-228.4220

G1X181.1015Y-186.7104

G1 Z0F20000

(Start Block)


G1X181.1015Y-186.7104
G1Z5F20000
(Plotting speed under)
G1 F4000


G1X188.2927Y-223.4308

G1X213.3935Y-168.1926

G1 Z0F20000

(Start Block)


G1X213.3935Y-168.1926
G1Z5F20000
(Plotting speed under)
G1 F4000


G1X181.1015Y-186.7104

G1X240.8614Y-192.8834

G1 Z0F20000

(Start Block)


G1X240.8614Y-192.8834
G1Z5F20000
(Plotting speed under)
G1 F4000


G1X213.3935Y-168.1926

G1X225.8039Y-226.6209

G1 Z0F20000

(Start Block)


G1X225.8039Y-226.6209
G1Z5F20000
(Plotting speed under)
G1 F4000


G1X240.8614Y-192.8834

G1X188.7521Y-222.8550

G1 Z0F20000

(Start Block)


G1X188.7521Y-222.8550
G1Z5F20000
(Plotting speed under)
G1 F4000


G1X225.8039Y-226.6209

G1X180.3550Y-186.3911

G1 Z0F20000

(Start Block)


G1X180.3550Y-186.3911
G1Z5F20000
(Plotting speed under)
G1 F4000


G1X188.7521Y-222.8550

G1X212.0233Y-166.8097

G1 Z0F20000

(Start Block)


G1X212.0233Y-166.8097
G1Z5F20000
(Plotting speed under)
G1 F4000


G1X180.3550Y-186.3911

G1X240.3038Y-190.5733

G1 Z0F20000

(Start Block)


G1X240.3038Y-190.5733
G1Z5F20000
(Plotting speed under)
G1 F4000


G1X212.0233Y-166.8097

G1X226.3824Y-224.7896

G1 Z0F20000

(Start Block)


G1X226.3824Y-224.7896
G1Z5F20000
(Plotting speed under)
G1 F4000


G1X240.3038Y-190.5733

G1X189.2345Y-222.2528

G1 Z0F20000

(Start Block)


G1X189.2345Y-222.2528
G1Z5F20000
(Plotting speed under)
G1 F4000


G1X226.3824Y-224.7896

G1X179.6407Y-186.0854

G1 Z0F20000

(Start Block)


G1X179.6407Y-186.0854
G1Z5F20000
(Plotting speed under)
G1 F4000


G1X189.2345Y-222.2528

G1X210.6503Y-165.4618

G1 Z0F20000

(Start Block)


G1X210.6503Y-165.4618
G1Z5F20000
(Plotting speed under)
G1 F4000


G1X179.6407Y-186.0854

G1X239.7122Y-188.2717

G1 Z0F20000

(Start Block)


G1X239.7122Y-188.2717
G1Z5F20000
(Plotting speed under)
G1 F4000


G1X210.6503Y-165.4618

G1X226.9423Y-222.9287

G1 Z0F20000

(Start Block)


G1X226.9423Y-222.9287
G1Z5F20000
(Plotting speed under)
G1 F4000


G1X239.7122Y-188.2717

G1X189.7391Y-221.6236

G1 Z0F20000

(Start Block)


G1X189.7391Y-221.6236
G1Z5F20000
(Plotting speed under)
G1 F4000


G1X226.9423Y-222.9287

G1X178.9590Y-185.7921

G1 Z0F20000

(Start Block)


G1X178.9590Y-185.7921
G1Z5F20000
(Plotting speed under)
G1 F4000


G1X189.7391Y-221.6236

G1X209.2758Y-164.1488

G1 Z0F20000

(Start Block)


G1X209.2758Y-164.1488
G1Z5F20000
(Plotting speed under)
G1 F4000


G1X178.9590Y-185.7921

G1X239.0870Y-185.9796

G1 Z0F20000

(Start Block)


G1X239.0870Y-185.9796
G1Z5F20000
(Plotting speed under)
G1 F4000


G1X209.2758Y-164.1488

G1X227.4824Y-221.0390

G1 Z0F20000

(Start Block)


G1X227.4824Y-221.0390
G1Z5F20000
(Plotting speed under)
G1 F4000


G1X239.0870Y-185.9796

G1X190.2649Y-220.9667

G1 Z0F20000

(Start Block)


G1X190.2649Y-220.9667
G1Z5F20000
(Plotting speed under)
G1 F4000


G1X227.4824Y-221.0390

G1X178.3104Y-185.5103

G1 Z0F20000

(Start Block)


G1X178.3104Y-185.5103
G1Z5F20000
(Plotting speed under)
G1 F4000


G1X190.2649Y-220.9667

G1X207.9009Y-162.8707

G1 Z0F20000

(Start Block)


G1X207.9009Y-162.8707
G1Z5F20000
(Plotting speed under)
G1 F4000


G1X178.3104Y-185.5103

G1X238.4284Y-183.6981

G1 Z0F20000

(Start Block)


G1X238.4284Y-183.6981
G1Z5F20000
(Plotting speed under)
G1 F4000


G1X207.9009Y-162.8707

G1X228.0020Y-219.1209

G1 Z0F20000

(Start Block)


G1X228.0020Y-219.1209
G1Z5F20000
(Plotting speed under)
G1 F4000


G1X238.4284Y-183.6981

G1X190.8111Y-220.2813

G1 Z0F20000

(Start Block)


G1X190.8111Y-220.2813
G1Z5F20000
(Plotting speed under)
G1 F4000


G1X228.0020Y-219.1209

G1X177.6952Y-185.2388

G1 Z0F20000

(Start Block)


G1X177.6952Y-185.2388
G1Z5F20000
(Plotting speed under)
G1 F4000


G1X190.8111Y-220.2813

G1X206.5267Y-161.6276

G1 Z0F20000

(Start Block)


G1X206.5267Y-161.6276
G1Z5F20000
(Plotting speed under)
G1 F4000


G1X177.6952Y-185.2388

G1X237.7370Y-181.4284

G1 Z0F20000

(Start Block)


G1X237.7370Y-181.4284
G1Z5F20000
(Plotting speed under)
G1 F4000


G1X206.5267Y-161.6276

G1X228.5001Y-217.1754

G1 Z0F20000

(Start Block)


G1X228.5001Y-217.1754
G1Z5F20000
(Plotting speed under)
G1 F4000


G1X237.7370Y-181.4284

G1X191.3766Y-219.5667

G1 Z0F20000

(Start Block)


G1X191.3766Y-219.5667
G1Z5F20000
(Plotting speed under)
G1 F4000


G1X228.5001Y-217.1754

G1X177.1138Y-184.9765

G1 Z0F20000

(Start Block)


G1X177.1138Y-184.9765
G1Z5F20000
(Plotting speed under)
G1 F4000


G1X191.3766Y-219.5667

G1X205.1544Y-160.4194

G1 Z0F20000

(Start Block)


G1X205.1544Y-160.4194
G1Z5F20000
(Plotting speed under)
G1 F4000


G1X177.1138Y-184.9765

G1X237.0130Y-179.1715

G1 Z0F20000

(Start Block)


G1X237.0130Y-179.1715
G1Z5F20000
(Plotting speed under)
G1 F4000


G1X205.1544Y-160.4194

G1X228.9758Y-215.2029

G1 Z0F20000

(Start Block)


G1X228.9758Y-215.2029
G1Z5F20000
(Plotting speed under)
G1 F4000


G1X237.0130Y-179.1715

G1X191.9605Y-218.8225

G1 Z0F20000

(Start Block)


G1X191.9605Y-218.8225
G1Z5F20000
(Plotting speed under)
G1 F4000


G1X228.9758Y-215.2029

G1X176.5663Y-184.7222

G1 Z0F20000

(Start Block)


G1X176.5663Y-184.7222
G1Z5F20000
(Plotting speed under)
G1 F4000


G1X191.9605Y-218.8225

G1X203.7853Y-159.2460

G1 Z0F20000

(Start Block)


G1X203.7853Y-159.2460
G1Z5F20000
(Plotting speed under)
G1 F4000


G1X176.5663Y-184.7222

G1X236.2569Y-176.9285

G1 Z0F20000

(Start Block)


G1X236.2569Y-176.9285
G1Z5F20000
(Plotting speed under)
G1 F4000


G1X203.7853Y-159.2460

G1X229.4281Y-213.2045

G1 Z0F20000

(Start Block)


G1X229.4281Y-213.2045
G1Z5F20000
(Plotting speed under)
G1 F4000


G1X236.2569Y-176.9285

G1X192.5618Y-218.0479

G1 Z0F20000

(Start Block)


G1X192.5618Y-218.0479
G1Z5F20000
(Plotting speed under)
G1 F4000


G1X229.4281Y-213.2045

G1X176.0531Y-184.4749

G1 Z0F20000

(Start Block)


G1X176.0531Y-184.4749
G1Z5F20000
(Plotting speed under)
G1 F4000


G1X192.5618Y-218.0479

G1X202.4203Y-158.1074

G1 Z0F20000

(Start Block)


G1X202.4203Y-158.1074
G1Z5F20000
(Plotting speed under)
G1 F4000


G1X176.0531Y-184.4749

G1X235.4693Y-174.7004

G1 Z0F20000

(Start Block)


G1X235.4693Y-174.7004
G1Z5F20000
(Plotting speed under)
G1 F4000


G1X202.4203Y-158.1074

G1X229.8563Y-211.1808

G1 Z0F20000

(Start Block)


G1X229.8563Y-211.1808
G1Z5F20000
(Plotting speed under)
G1 F4000


G1X235.4693Y-174.7004

G1X193.1795Y-217.2424

G1 Z0F20000

(Start Block)


G1X193.1795Y-217.2424
G1Z5F20000
(Plotting speed under)
G1 F4000


G1X229.8563Y-211.1808

G1X175.5744Y-184.2334

G1 Z0F20000

(Start Block)


G1X175.5744Y-184.2334
G1Z5F20000
(Plotting speed under)
G1 F4000


G1X193.1795Y-217.2424

G1X201.0607Y-157.0032

G1 Z0F20000

(Start Block)


G1X201.0607Y-157.0032
G1Z5F20000
(Plotting speed under)
G1 F4000


G1X175.5744Y-184.2334

G1X234.6505Y-172.4883

G1 Z0F20000

(Start Block)


G1X234.6505Y-172.4883
G1Z5F20000
(Plotting speed under)
G1 F4000


G1X201.0607Y-157.0032

G1X230.2595Y-209.1326

G1 Z0F20000

(Start Block)


G1X230.2595Y-209.1326
G1Z5F20000
(Plotting speed under)
G1 F4000


G1X234.6505Y-172.4883

G1X193.8124Y-216.4055

G1 Z0F20000

(Start Block)


G1X193.8124Y-216.4055
G1Z5F20000
(Plotting speed under)
G1 F4000


G1X230.2595Y-209.1326

G1X175.1304Y-183.9965

G1 Z0F20000

(Start Block)


G1X175.1304Y-183.9965
G1Z5F20000
(Plotting speed under)
G1 F4000


G1X193.8124Y-216.4055

G1X199.7076Y-155.9335

G1 Z0F20000

(Start Block)


G1X199.7076Y-155.9335
G1Z5F20000
(Plotting speed under)
G1 F4000


G1X175.1304Y-183.9965

G1X233.8012Y-170.2933

G1 Z0F20000

(Start Block)


G1X233.8012Y-170.2933
G1Z5F20000
(Plotting speed under)
G1 F4000


G1X199.7076Y-155.9335

G1X230.6369Y-207.0608

G1 Z0F20000

(Start Block)


G1X230.6369Y-207.0608
G1Z5F20000
(Plotting speed under)
G1 F4000


G1X233.8012Y-170.2933

G1X194.4597Y-215.5367

G1 Z0F20000

(Start Block)


G1X194.4597Y-215.5367
G1Z5F20000
(Plotting speed under)
G1 F4000


G1X230.6369Y-207.0608

G1X174.7211Y-183.7631

G1 Z0F20000

(Start Block)


G1X174.7211Y-183.7631
G1Z5F20000
(Plotting speed under)
G1 F4000


G1X194.4597Y-215.5367

G1X198.3622Y-154.8978

G1 Z0F20000

(Start Block)


G1X198.3622Y-154.8978
G1Z5F20000
(Plotting speed under)
G1 F4000


G1X174.7211Y-183.7631

G1X232.9219Y-168.1162

G1 Z0F20000

(Start Block)


G1X232.9219Y-168.1162
G1Z5F20000
(Plotting speed under)
G1 F4000


G1X198.3622Y-154.8978

G1X230.9878Y-204.9662

G1 Z0F20000

(Start Block)


G1X230.9878Y-204.9662
G1Z5F20000
(Plotting speed under)
G1 F4000


G1X232.9219Y-168.1162

G1X195.1202Y-214.6355

G1 Z0F20000

(Start Block)


G1X195.1202Y-214.6355
G1Z5F20000
(Plotting speed under)
G1 F4000


G1X230.9878Y-204.9662

G1X174.3468Y-183.5321

G1 Z0F20000

(Start Block)


G1X174.3468Y-183.5321
G1Z5F20000
(Plotting speed under)
G1 F4000


G1X195.1202Y-214.6355

G1X197.0256Y-153.8960

G1 Z0F20000

(Start Block)


G1X197.0256Y-153.8960
G1Z5F20000
(Plotting speed under)
G1 F4000


G1X174.3468Y-183.5321

G1X232.0133Y-165.9582

G1 Z0F20000

(Start Block)


G1X232.0133Y-165.9582
G1Z5F20000
(Plotting speed under)
G1 F4000


G1X197.0256Y-153.8960

G1X231.3113Y-202.8498

G1 Z0F20000

(Start Block)


G1X231.3113Y-202.8498
G1Z5F20000
(Plotting speed under)
G1 F4000


G1X232.0133Y-165.9582

G1X195.7929Y-213.7016

G1 Z0F20000

(Start Block)


G1X195.7929Y-213.7016
G1Z5F20000
(Plotting speed under)
G1 F4000


G1X231.3113Y-202.8498

G1X174.0073Y-183.3022

G1 Z0F20000

(Start Block)


G1X174.0073Y-183.3022
G1Z5F20000
(Plotting speed under)
G1 F4000


G1X195.7929Y-213.7016

G1X195.6989Y-152.9277

G1 Z0F20000

(Start Block)


G1X195.6989Y-152.9277
G1Z5F20000
(Plotting speed under)
G1 F4000


G1X174.0073Y-183.3022

G1X231.0760Y-163.8201

G1 Z0F20000

(Start Block)


G1X231.0760Y-163.8201
G1Z5F20000
(Plotting speed under)
G1 F4000


G1X195.6989Y-152.9277

G1X231.6069Y-200.7124

G1 Z0F20000

(Start Block)


G1X231.6069Y-200.7124
G1Z5F20000
(Plotting speed under)
G1 F4000


G1X231.0760Y-163.8201

G1X196.4765Y-212.7345

G1 Z0F20000

(Start Block)


G1X196.4765Y-212.7345
G1Z5F20000
(Plotting speed under)
G1 F4000


G1X231.6069Y-200.7124

G1X173.7029Y-183.0723

G1 Z0F20000

(Start Block)


G1X173.7029Y-183.0723
G1Z5F20000
(Plotting speed under)
G1 F4000


G1X196.4765Y-212.7345

G1X194.3831Y-151.9926

G1 Z0F20000

(Start Block)


G1X194.3831Y-151.9926
G1Z5F20000
(Plotting speed under)
G1 F4000


G1X173.7029Y-183.0723

G1X230.1107Y-161.7029

G1 Z0F20000

(Start Block)


G1X230.1107Y-161.7029
G1Z5F20000
(Plotting speed under)
G1 F4000


G1X194.3831Y-151.9926

G1X231.8738Y-198.5551

G1 Z0F20000

(Start Block)


G1X231.8738Y-198.5551
G1Z5F20000
(Plotting speed under)
G1 F4000


G1X230.1107Y-161.7029

G1X197.1702Y-211.7338

G1 Z0F20000

(Start Block)


G1X197.1702Y-211.7338
G1Z5F20000
(Plotting speed under)
G1 F4000


G1X231.8738Y-198.5551

G1X173.4333Y-182.8414

G1 Z0F20000

(Start Block)


G1X173.4333Y-182.8414
G1Z5F20000
(Plotting speed under)
G1 F4000


G1X197.1702Y-211.7338

G1X193.0795Y-151.0903

G1 Z0F20000

(Start Block)


G1X193.0795Y-151.0903
G1Z5F20000
(Plotting speed under)
G1 F4000


G1X173.4333Y-182.8414

G1X229.1180Y-159.6076

G1 Z0F20000

(Start Block)


G1X229.1180Y-159.6076
G1Z5F20000
(Plotting speed under)
G1 F4000


G1X193.0795Y-151.0903

G1X232.1114Y-196.3786

G1 Z0F20000

(Start Block)


G1X232.1114Y-196.3786
G1Z5F20000
(Plotting speed under)
G1 F4000


G1X229.1180Y-159.6076

G1X197.8726Y-210.6993

G1 Z0F20000

(Start Block)


G1X197.8726Y-210.6993
G1Z5F20000
(Plotting speed under)
G1 F4000


G1X232.1114Y-196.3786

G1X173.1987Y-182.6081

G1 Z0F20000

(Start Block)


G1X173.1987Y-182.6081
G1Z5F20000
(Plotting speed under)
G1 F4000


G1X197.8726Y-210.6993

G1X191.7890Y-150.2204

G1 Z0F20000

(Start Block)


G1X191.7890Y-150.2204
G1Z5F20000
(Plotting speed under)
G1 F4000


G1X173.1987Y-182.6081

G1X228.0988Y-157.5350

G1 Z0F20000

(Start Block)


G1X228.0988Y-157.5350
G1Z5F20000
(Plotting speed under)
G1 F4000


G1X191.7890Y-150.2204

G1X232.3191Y-194.1842

G1 Z0F20000

(Start Block)


G1X232.3191Y-194.1842
G1Z5F20000
(Plotting speed under)
G1 F4000


G1X228.0988Y-157.5350

G1X198.5827Y-209.6307

G1 Z0F20000

(Start Block)


G1X198.5827Y-209.6307
G1Z5F20000
(Plotting speed under)
G1 F4000


G1X232.3191Y-194.1842

G1X172.9988Y-182.3714

G1 Z0F20000

(Start Block)


G1X172.9988Y-182.3714
G1Z5F20000
(Plotting speed under)
G1 F4000


G1X198.5827Y-209.6307

G1X190.5128Y-149.3824

G1 Z0F20000

(Start Block)


G1X190.5128Y-149.3824
G1Z5F20000
(Plotting speed under)
G1 F4000


G1X172.9988Y-182.3714

G1X227.0538Y-155.4860

G1 Z0F20000

(Start Block)


G1X227.0538Y-155.4860
G1Z5F20000
(Plotting speed under)
G1 F4000


G1X190.5128Y-149.3824

G1X232.4962Y-191.9727

G1 Z0F20000

(Start Block)


G1X232.4962Y-191.9727
G1Z5F20000
(Plotting speed under)
G1 F4000


G1X227.0538Y-155.4860

G1X199.2994Y-208.5278

G1 Z0F20000

(Start Block)


G1X199.2994Y-208.5278
G1Z5F20000
(Plotting speed under)
G1 F4000


G1X232.4962Y-191.9727

G1X172.8337Y-182.1300

G1 Z0F20000

(Start Block)


G1X172.8337Y-182.1300
G1Z5F20000
(Plotting speed under)
G1 F4000


G1X199.2994Y-208.5278

G1X189.2519Y-148.5758

G1 Z0F20000

(Start Block)


G1X189.2519Y-148.5758
G1Z5F20000
(Plotting speed under)
G1 F4000


G1X172.8337Y-182.1300

G1X225.9838Y-153.4614

G1 Z0F20000

(Start Block)


G1X225.9838Y-153.4614
G1Z5F20000
(Plotting speed under)
G1 F4000


G1X189.2519Y-148.5758

G1X232.6423Y-189.7452

G1 Z0F20000

(Start Block)


G1X232.6423Y-189.7452
G1Z5F20000
(Plotting speed under)
G1 F4000


G1X225.9838Y-153.4614

G1X200.0215Y-207.3903

G1 Z0F20000

(Start Block)


G1X200.0215Y-207.3903
G1Z5F20000
(Plotting speed under)
G1 F4000


G1X232.6423Y-189.7452

G1X172.7029Y-181.8829

G1 Z0F20000

(Start Block)


G1X172.7029Y-181.8829
G1Z5F20000
(Plotting speed under)
G1 F4000


G1X200.0215Y-207.3903

G1X188.0073Y-147.8002

G1 Z0F20000

(Start Block)


G1X188.0073Y-147.8002
G1Z5F20000
(Plotting speed under)
G1 F4000


G1X172.7029Y-181.8829

G1X224.8896Y-151.4621

G1 Z0F20000

(Start Block)


G1X224.8896Y-151.4621
G1Z5F20000
(Plotting speed under)
G1 F4000


G1X188.0073Y-147.8002

G1X232.7567Y-187.5027

G1 Z0F20000

(Start Block)


G1X232.7567Y-187.5027
G1Z5F20000
(Plotting speed under)
G1 F4000


G1X224.8896Y-151.4621

G1X200.7479Y-206.2181

G1 Z0F20000

(Start Block)


G1X200.7479Y-206.2181
G1Z5F20000
(Plotting speed under)
G1 F4000


G1X232.7567Y-187.5027

G1X172.6065Y-181.6289

G1 Z0F20000

(Start Block)


G1X172.6065Y-181.6289
G1Z5F20000
(Plotting speed under)
G1 F4000


G1X200.7479Y-206.2181

G1X186.7801Y-147.0549

G1 Z0F20000

(Start Block)


G1X186.7801Y-147.0549
G1Z5F20000
(Plotting speed under)
G1 F4000


G1X172.6065Y-181.6289

G1X223.7720Y-149.4887

G1 Z0F20000

(Start Block)


G1X223.7720Y-149.4887
G1Z5F20000
(Plotting speed under)
G1 F4000


G1X186.7801Y-147.0549

G1X232.8391Y-185.2462

G1 Z0F20000

(Start Block)


G1X232.8391Y-185.2462
G1Z5F20000
(Plotting speed under)
G1 F4000


G1X223.7720Y-149.4887

G1X201.4774Y-205.0111

G1 Z0F20000

(Start Block)


G1X201.4774Y-205.0111
G1Z5F20000
(Plotting speed under)
G1 F4000


G1X232.8391Y-185.2462

G1X172.5441Y-181.3669

G1 Z0F20000

(Start Block)


G1X172.5441Y-181.3669
G1Z5F20000
(Plotting speed under)
G1 F4000


G1X201.4774Y-205.0111

G1X185.5713Y-146.3393

G1 Z0F20000

(Start Block)


G1X185.5713Y-146.3393
G1Z5F20000
(Plotting speed under)
G1 F4000


G1X172.5441Y-181.3669

G1X222.6320Y-147.5422

G1 Z0F20000

(Start Block)


G1X222.6320Y-147.5422
G1Z5F20000
(Plotting speed under)
G1 F4000


G1X185.5713Y-146.3393

G1X232.8890Y-182.9769

G1 Z0F20000

(Start Block)


G1X232.8890Y-182.9769
G1Z5F20000
(Plotting speed under)
G1 F4000


G1X222.6320Y-147.5422

G1X202.2088Y-203.7692

G1 Z0F20000

(Start Block)


G1X202.2088Y-203.7692
G1Z5F20000
(Plotting speed under)
G1 F4000


G1X232.8890Y-182.9769

G1X172.5154Y-181.0957

G1 Z0F20000

(Start Block)


G1X172.5154Y-181.0957
G1Z5F20000
(Plotting speed under)
G1 F4000


G1X202.2088Y-203.7692

G1X184.3817Y-145.6530

G1 Z0F20000

(Start Block)


G1X184.3817Y-145.6530
G1Z5F20000
(Plotting speed under)
G1 F4000


G1X172.5154Y-181.0957

G1X221.4705Y-145.6233

G1 Z0F20000

(Start Block)


G1X221.4705Y-145.6233
G1Z5F20000
(Plotting speed under)
G1 F4000


G1X184.3817Y-145.6530

G1X232.9060Y-180.6958

G1 Z0F20000

(Start Block)


G1X232.9060Y-180.6958
G1Z5F20000
(Plotting speed under)
G1 F4000


G1X221.4705Y-145.6233

G1X202.9410Y-202.4924

G1 Z0F20000

(Start Block)


G1X202.9410Y-202.4924
G1Z5F20000
(Plotting speed under)
G1 F4000


G1X232.9060Y-180.6958

G1X172.5202Y-180.8143

G1 Z0F20000

(Start Block)


G1X172.5202Y-180.8143
G1Z5F20000
(Plotting speed under)
G1 F4000


G1X202.9410Y-202.4924

G1X183.2125Y-144.9950

G1 Z0F20000

(Start Block)


G1X183.2125Y-144.9950
G1Z5F20000
(Plotting speed under)
G1 F4000


G1X172.5202Y-180.8143

G1X220.2883Y-143.7325

G1 Z0F20000

(Start Block)


G1X220.2883Y-143.7325
G1Z5F20000
(Plotting speed under)
G1 F4000


G1X183.2125Y-144.9950

G1X232.8897Y-178.4041

G1 Z0F20000

(Start Block)


G1X232.8897Y-178.4041
G1Z5F20000
(Plotting speed under)
G1 F4000


G1X220.2883Y-143.7325

G1X203.6728Y-201.1805

G1 Z0F20000

(Start Block)


G1X203.6728Y-201.1805
G1Z5F20000
(Plotting speed under)
G1 F4000


G1X232.8897Y-178.4041

G1X172.5580Y-180.5214

G1 Z0F20000

(Start Block)


G1X172.5580Y-180.5214
G1Z5F20000
(Plotting speed under)
G1 F4000


G1X203.6728Y-201.1805

G1X182.0644Y-144.3649

G1 Z0F20000

(Start Block)


G1X182.0644Y-144.3649
G1Z5F20000
(Plotting speed under)
G1 F4000


G1X172.5580Y-180.5214

G1X219.0864Y-141.8706

G1 Z0F20000

(Start Block)


G1X219.0864Y-141.8706
G1Z5F20000
(Plotting speed under)
G1 F4000


G1X182.0644Y-144.3649

G1X232.8397Y-176.1027

G1 Z0F20000

(Start Block)


G1X232.8397Y-176.1027
G1Z5F20000
(Plotting speed under)
G1 F4000


G1X219.0864Y-141.8706

G1X204.4032Y-199.8338

G1 Z0F20000

(Start Block)


G1X204.4032Y-199.8338
G1Z5F20000
(Plotting speed under)
G1 F4000


G1X232.8397Y-176.1027

G1X172.6285Y-180.2162

G1 Z0F20000

(Start Block)


G1X172.6285Y-180.2162
G1Z5F20000
(Plotting speed under)
G1 F4000


G1X204.4032Y-199.8338

G1X180.9385Y-143.7618

G1 Z0F20000

(Start Block)


G1X180.9385Y-143.7618
G1Z5F20000
(Plotting speed under)
G1 F4000


G1X172.6285Y-180.2162

G1X217.8658Y-140.0383

G1 Z0F20000

(Start Block)


G1X217.8658Y-140.0383
G1Z5F20000
(Plotting speed under)
G1 F4000


G1X180.9385Y-143.7618

G1X232.7559Y-173.7930

G1 Z0F20000

(Start Block)


G1X232.7559Y-173.7930
G1Z5F20000
(Plotting speed under)
G1 F4000


G1X217.8658Y-140.0383

G1X205.1308Y-198.4522

G1 Z0F20000

(Start Block)


G1X205.1308Y-198.4522
G1Z5F20000
(Plotting speed under)
G1 F4000


G1X232.7559Y-173.7930

G1X172.7312Y-179.8973

G1 Z0F20000

(Start Block)


G1X172.7312Y-179.8973
G1Z5F20000
(Plotting speed under)
G1 F4000


G1X205.1308Y-198.4522

G1X179.8356Y-143.1851

G1 Z0F20000

(Start Block)


G1X179.8356Y-143.1851
G1Z5F20000
(Plotting speed under)
G1 F4000


G1X172.7312Y-179.8973

G1X216.6275Y-138.2361

G1 Z0F20000

(Start Block)


G1X216.6275Y-138.2361
G1Z5F20000
(Plotting speed under)
G1 F4000


G1X179.8356Y-143.1851

G1X232.6378Y-171.4759

G1 Z0F20000

(Start Block)


G1X232.6378Y-171.4759
G1Z5F20000
(Plotting speed under)
G1 F4000


G1X216.6275Y-138.2361

G1X205.8546Y-197.0358

G1 Z0F20000

(Start Block)


G1X205.8546Y-197.0358
G1Z5F20000
(Plotting speed under)
G1 F4000


G1X232.6378Y-171.4759

G1X172.8657Y-179.5639

G1 Z0F20000

(Start Block)


G1X172.8657Y-179.5639
G1Z5F20000
(Plotting speed under)
G1 F4000


G1X205.8546Y-197.0358

G1X178.7566Y-142.6339

G1 Z0F20000

(Start Block)


G1X178.7566Y-142.6339
G1Z5F20000
(Plotting speed under)
G1 F4000


G1X172.8657Y-179.5639

G1X215.3725Y-136.4647

G1 Z0F20000

(Start Block)


G1X215.3725Y-136.4647
G1Z5F20000
(Plotting speed under)
G1 F4000


G1X178.7566Y-142.6339

G1X232.4853Y-169.1526

G1 Z0F20000

(Start Block)


G1X232.4853Y-169.1526
G1Z5F20000
(Plotting speed under)
G1 F4000


G1X215.3725Y-136.4647

G1X206.5734Y-195.5849

G1 Z0F20000

(Start Block)


G1X206.5734Y-195.5849
G1Z5F20000
(Plotting speed under)
G1 F4000


G1X232.4853Y-169.1526

G1X173.0314Y-179.2149

G1 Z0F20000

(Start Block)


G1X173.0314Y-179.2149
G1Z5F20000
(Plotting speed under)
G1 F4000


G1X206.5734Y-195.5849

G1X177.7023Y-142.1074

G1 Z0F20000

(Start Block)


G1X177.7023Y-142.1074
G1Z5F20000
(Plotting speed under)
G1 F4000


G1X173.0314Y-179.2149

G1X214.1018Y-134.7244

G1 Z0F20000

(Start Block)


G1X214.1018Y-134.7244
G1Z5F20000
(Plotting speed under)
G1 F4000


G1X177.7023Y-142.1074

G1X232.2982Y-166.8243

G1 Z0F20000

(Start Block)


G1X232.2982Y-166.8243
G1Z5F20000
(Plotting speed under)
G1 F4000


G1X214.1018Y-134.7244

G1X207.2861Y-194.0995

G1 Z0F20000

(Start Block)


G1X207.2861Y-194.0995
G1Z5F20000
(Plotting speed under)
G1 F4000


G1X232.2982Y-166.8243

G1X173.2279Y-178.8491

G1 Z0F20000

(Start Block)


G1X173.2279Y-178.8491
G1Z5F20000
(Plotting speed under)
G1 F4000


G1X207.2861Y-194.0995

G1X176.6734Y-141.6049

G1 Z0F20000

(Start Block)


G1X176.6734Y-141.6049
G1Z5F20000
(Plotting speed under)
G1 F4000


G1X173.2279Y-178.8491

G1X212.8165Y-133.0160

G1 Z0F20000

(Start Block)


G1X212.8165Y-133.0160
G1Z5F20000
(Plotting speed under)
G1 F4000


G1X176.6734Y-141.6049

G1X232.0764Y-164.4921

G1 Z0F20000

(Start Block)


G1X232.0764Y-164.4921
G1Z5F20000
(Plotting speed under)
G1 F4000


G1X212.8165Y-133.0160

G1X207.9915Y-192.5799

G1 Z0F20000

(Start Block)


G1X207.9915Y-192.5799
G1Z5F20000
(Plotting speed under)
G1 F4000


G1X232.0764Y-164.4921

G1X173.4546Y-178.4657

G1 Z0F20000

(Start Block)


G1X173.4546Y-178.4657
G1Z5F20000
(Plotting speed under)
G1 F4000


G1X207.9915Y-192.5799

G1X175.6709Y-141.1254

G1 Z0F20000

(Start Block)


G1X175.6709Y-141.1254
G1Z5F20000
(Plotting speed under)
G1 F4000


G1X173.4546Y-178.4657

G1X211.5176Y-131.3397

G1 Z0F20000

(Start Block)


G1X211.5176Y-131.3397
G1Z5F20000
(Plotting speed under)
G1 F4000


G1X175.6709Y-141.1254

G1X231.8197Y-162.1572

G1 Z0F20000

(Start Block)


G1X231.8197Y-162.1572
G1Z5F20000
(Plotting speed under)
G1 F4000


G1X211.5176Y-131.3397

G1X208.6885Y-191.0264

G1 Z0F20000

(Start Block)


G1X208.6885Y-191.0264
G1Z5F20000
(Plotting speed under)
G1 F4000


G1X231.8197Y-162.1572

G1X173.7107Y-178.0636

G1 Z0F20000

(Start Block)


G1X173.7107Y-178.0636
G1Z5F20000
(Plotting speed under)
G1 F4000


G1X208.6885Y-191.0264

G1X174.6954Y-140.6680

G1 Z0F20000

(Start Block)


G1X174.6954Y-140.6680
G1Z5F20000
(Plotting speed under)
G1 F4000


G1X173.7107Y-178.0636

G1X210.2062Y-129.6961

G1 Z0F20000

(Start Block)


G1X210.2062Y-129.6961
G1Z5F20000
(Plotting speed under)
G1 F4000


G1X174.6954Y-140.6680

G1X231.5281Y-159.8208

G1 Z0F20000

(Start Block)


G1X231.5281Y-159.8208
G1Z5F20000
(Plotting speed under)
G1 F4000


G1X210.2062Y-129.6961

G1X209.3759Y-189.4393

G1 Z0F20000

(Start Block)


G1X209.3759Y-189.4393
G1Z5F20000
(Plotting speed under)
G1 F4000


G1X231.5281Y-159.8208

G1X173.9959Y-177.6418

G1 Z0F20000

(Start Block)


G1X173.9959Y-177.6418
G1Z5F20000
(Plotting speed under)
G1 F4000


G1X209.3759Y-189.4393

G1X173.7477Y-140.2319

G1 Z0F20000

(Start Block)


G1X173.7477Y-140.2319
G1Z5F20000
(Plotting speed under)
G1 F4000


G1X173.9959Y-177.6418

G1X208.8834Y-128.0855

G1 Z0F20000

(Start Block)


G1X208.8834Y-128.0855
G1Z5F20000
(Plotting speed under)
G1 F4000


G1X173.7477Y-140.2319

G1X231.2016Y-157.4839

G1 Z0F20000

(Start Block)


G1X231.2016Y-157.4839
G1Z5F20000
(Plotting speed under)
G1 F4000


G1X208.8834Y-128.0855

G1X210.0528Y-187.8188

G1 Z0F20000

(Start Block)


G1X210.0528Y-187.8188
G1Z5F20000
(Plotting speed under)
G1 F4000


G1X231.2016Y-157.4839

G1X174.3092Y-177.1995

G1 Z0F20000

(Start Block)


G1X174.3092Y-177.1995
G1Z5F20000
(Plotting speed under)
G1 F4000


G1X210.0528Y-187.8188

G1X172.8285Y-139.8161

G1 Z0F20000

(Start Block)


G1X172.8285Y-139.8161
G1Z5F20000
(Plotting speed under)
G1 F4000


G1X174.3092Y-177.1995

G1X207.5502Y-126.5084

G1 Z0F20000

(Start Block)


G1X207.5502Y-126.5084
G1Z5F20000
(Plotting speed under)
G1 F4000


G1X172.8285Y-139.8161

G1X230.8401Y-155.1478

G1 Z0F20000

(Start Block)


G1X230.8401Y-155.1478
G1Z5F20000
(Plotting speed under)
G1 F4000


G1X207.5502Y-126.5084

G1X210.7179Y-186.1654

G1 Z0F20000

(Start Block)


G1X210.7179Y-186.1654
G1Z5F20000
(Plotting speed under)
G1 F4000


G1X230.8401Y-155.1478

G1X174.6501Y-176.7356

G1 Z0F20000

(Start Block)


G1X174.6501Y-176.7356
G1Z5F20000
(Plotting speed under)
G1 F4000


G1X210.7179Y-186.1654

G1X171.9384Y-139.4196

G1 Z0F20000

(Start Block)


G1X171.9384Y-139.4196
G1Z5F20000
(Plotting speed under)
G1 F4000


G1X174.6501Y-176.7356

G1X206.2079Y-124.9649

G1 Z0F20000

(Start Block)


G1X206.2079Y-124.9649
G1Z5F20000
(Plotting speed under)
G1 F4000


G1X171.9384Y-139.4196

G1X230.4436Y-152.8136

G1 Z0F20000

(Start Block)


G1X230.4436Y-152.8136
G1Z5F20000
(Plotting speed under)
G1 F4000


G1X206.2079Y-124.9649

G1X211.3702Y-184.4795

G1 Z0F20000

(Start Block)


G1X211.3702Y-184.4795
G1Z5F20000
(Plotting speed under)
G1 F4000


G1X230.4436Y-152.8136

G1X175.0179Y-176.2493

G1 Z0F20000

(Start Block)


G1X175.0179Y-176.2493
G1Z5F20000
(Plotting speed under)
G1 F4000


G1X211.3702Y-184.4795

G1X171.0779Y-139.0416

G1 Z0F20000

(Start Block)


G1X171.0779Y-139.0416
G1Z5F20000
(Plotting speed under)
G1 F4000


G1X175.0179Y-176.2493

G1X204.8575Y-123.4555

G1 Z0F20000

(Start Block)


G1X204.8575Y-123.4555
G1Z5F20000
(Plotting speed under)
G1 F4000


G1X171.0779Y-139.0416

G1X230.0124Y-150.4825

G1 Z0F20000

(Start Block)


G1X230.0124Y-150.4825
G1Z5F20000
(Plotting speed under)
G1 F4000


G1X204.8575Y-123.4555

G1X212.0085Y-182.7615

G1 Z0F20000

(Start Block)


G1X212.0085Y-182.7615
G1Z5F20000
(Plotting speed under)
G1 F4000


G1X230.0124Y-150.4825

G1X175.4117Y-175.7397

G1 Z0F20000

(Start Block)


G1X175.4117Y-175.7397
G1Z5F20000
(Plotting speed under)
G1 F4000


G1X212.0085Y-182.7615

G1X170.2479Y-138.6809

G1 Z0F20000

(Start Block)


G1X170.2479Y-138.6809
G1Z5F20000
(Plotting speed under)
G1 F4000


G1X175.4117Y-175.7397

G1X203.5002Y-121.9804

G1 Z0F20000

(Start Block)


G1X203.5002Y-121.9804
G1Z5F20000
(Plotting speed under)
G1 F4000


G1X170.2479Y-138.6809

G1X229.5464Y-148.1556

G1 Z0F20000

(Start Block)


G1X229.5464Y-148.1556
G1Z5F20000
(Plotting speed under)
G1 F4000


G1X203.5002Y-121.9804

G1X212.6320Y-181.0119

G1 Z0F20000

(Start Block)


G1X212.6320Y-181.0119
G1Z5F20000
(Plotting speed under)
G1 F4000


G1X229.5464Y-148.1556

G1X175.8307Y-175.2059

G1 Z0F20000

(Start Block)


G1X175.8307Y-175.2059
G1Z5F20000
(Plotting speed under)
G1 F4000


G1X212.6320Y-181.0119

G1X169.4487Y-138.3367

G1 Z0F20000

(Start Block)


G1X169.4487Y-138.3367
G1Z5F20000
(Plotting speed under)
G1 F4000


G1X175.8307Y-175.2059

G1X202.1371Y-120.5397

G1 Z0F20000

(Start Block)


G1X202.1371Y-120.5397
G1Z5F20000
(Plotting speed under)
G1 F4000


G1X169.4487Y-138.3367

G1X229.0459Y-145.8340

G1 Z0F20000

(Start Block)


G1X229.0459Y-145.8340
G1Z5F20000
(Plotting speed under)
G1 F4000


G1X202.1371Y-120.5397

G1X213.2394Y-179.2312

G1 Z0F20000

(Start Block)


G1X213.2394Y-179.2312
G1Z5F20000
(Plotting speed under)
G1 F4000


G1X229.0459Y-145.8340

G1X176.2743Y-174.6472

G1 Z0F20000

(Start Block)


G1X176.2743Y-174.6472
G1Z5F20000
(Plotting speed under)
G1 F4000


G1X213.2394Y-179.2312

G1X168.6809Y-138.0077

G1 Z0F20000

(Start Block)


G1X168.6809Y-138.0077
G1Z5F20000
(Plotting speed under)
G1 F4000


G1X176.2743Y-174.6472

G1X200.7693Y-119.1337

G1 Z0F20000

(Start Block)


G1X200.7693Y-119.1337
G1Z5F20000
(Plotting speed under)
G1 F4000


G1X168.6809Y-138.0077

G1X228.5111Y-143.5190

G1 Z0F20000

(Start Block)


G1X228.5111Y-143.5190
G1Z5F20000
(Plotting speed under)
G1 F4000


G1X200.7693Y-119.1337

G1X213.8298Y-177.4200

G1 Z0F20000

(Start Block)


G1X213.8298Y-177.4200
G1Z5F20000
(Plotting speed under)
G1 F4000


G1X228.5111Y-143.5190

G1X176.7414Y-174.0627

G1 Z0F20000

(Start Block)


G1X176.7414Y-174.0627
G1Z5F20000
(Plotting speed under)
G1 F4000


G1X213.8298Y-177.4200

G1X167.9451Y-137.6930

G1 Z0F20000

(Start Block)


G1X167.9451Y-137.6930
G1Z5F20000
(Plotting speed under)
G1 F4000


G1X176.7414Y-174.0627

G1X199.3981Y-117.7625

G1 Z0F20000

(Start Block)


G1X199.3981Y-117.7625
G1Z5F20000
(Plotting speed under)
G1 F4000


G1X167.9451Y-137.6930

G1X227.9421Y-141.2116

G1 Z0F20000

(Start Block)


G1X227.9421Y-141.2116
G1Z5F20000
(Plotting speed under)
G1 F4000


G1X199.3981Y-117.7625

G1X214.4022Y-175.5788

G1 Z0F20000

(Start Block)


G1X214.4022Y-175.5788
G1Z5F20000
(Plotting speed under)
G1 F4000


G1X227.9421Y-141.2116

G1X177.2313Y-173.4516

G1 Z0F20000

(Start Block)


G1X177.2313Y-173.4516
G1Z5F20000
(Plotting speed under)
G1 F4000


G1X214.4022Y-175.5788

G1X167.2416Y-137.3916

G1 Z0F20000

(Start Block)


G1X167.2416Y-137.3916
G1Z5F20000
(Plotting speed under)
G1 F4000


G1X177.2313Y-173.4516

G1X198.0245Y-116.4261

G1 Z0F20000

(Start Block)


G1X198.0245Y-116.4261
G1Z5F20000
(Plotting speed under)
G1 F4000


G1X167.2416Y-137.3916

G1X227.3393Y-138.9130

G1 Z0F20000

(Start Block)


G1X227.3393Y-138.9130
G1Z5F20000
(Plotting speed under)
G1 F4000


G1X198.0245Y-116.4261

G1X214.9556Y-173.7082

G1 Z0F20000

(Start Block)


G1X214.9556Y-173.7082
G1Z5F20000
(Plotting speed under)
G1 F4000


G1X227.3393Y-138.9130

G1X177.7431Y-172.8133

G1 Z0F20000

(Start Block)


G1X177.7431Y-172.8133
G1Z5F20000
(Plotting speed under)
G1 F4000


G1X214.9556Y-173.7082

G1X166.5709Y-137.1022

G1 Z0F20000

(Start Block)


G1X166.5709Y-137.1022
G1Z5F20000
(Plotting speed under)
G1 F4000


G1X177.7431Y-172.8133

G1X196.6497Y-115.1247

G1 Z0F20000

(Start Block)


G1X196.6497Y-115.1247
G1Z5F20000
(Plotting speed under)
G1 F4000


G1X166.5709Y-137.1022

G1X226.7030Y-136.6243

G1 Z0F20000

(Start Block)


G1X226.7030Y-136.6243
G1Z5F20000
(Plotting speed under)
G1 F4000


G1X196.6497Y-115.1247

G1X215.4890Y-171.8090

G1 Z0F20000

(Start Block)


G1X215.4890Y-171.8090
G1Z5F20000
(Plotting speed under)
G1 F4000


G1X226.7030Y-136.6243

G1X178.2758Y-172.1470

G1 Z0F20000

(Start Block)


G1X178.2758Y-172.1470
G1Z5F20000
(Plotting speed under)
G1 F4000


G1X215.4890Y-171.8090

G1X165.9334Y-136.8240

G1 Z0F20000

(Start Block)


G1X165.9334Y-136.8240
G1Z5F20000
(Plotting speed under)
G1 F4000


G1X178.2758Y-172.1470

G1X195.2749Y-113.8583

G1 Z0F20000

(Start Block)


G1X195.2749Y-113.8583
G1Z5F20000
(Plotting speed under)
G1 F4000


G1X165.9334Y-136.8240

G1X226.0334Y-134.3467

G1 Z0F20000

(Start Block)


G1X226.0334Y-134.3467
G1Z5F20000
(Plotting speed under)
G1 F4000


G1X195.2749Y-113.8583

G1X216.0016Y-169.8817

G1 Z0F20000

(Start Block)


G1X216.0016Y-169.8817
G1Z5F20000
(Plotting speed under)
G1 F4000


G1X226.0334Y-134.3467

G1X178.8285Y-171.4519

G1 Z0F20000

(Start Block)


G1X178.8285Y-171.4519
G1Z5F20000
(Plotting speed under)
G1 F4000


G1X216.0016Y-169.8817

G1X165.3294Y-136.5556

G1 Z0F20000

(Start Block)


G1X165.3294Y-136.5556
G1Z5F20000
(Plotting speed under)
G1 F4000


G1X178.8285Y-171.4519

G1X193.9012Y-112.6268

G1 Z0F20000

(Start Block)


G1X193.9012Y-112.6268
G1Z5F20000
(Plotting speed under)
G1 F4000


G1X165.3294Y-136.5556

G1X225.3311Y-132.0811

G1 Z0F20000

(Start Block)


G1X225.3311Y-132.0811
G1Z5F20000
(Plotting speed under)
G1 F4000


G1X193.9012Y-112.6268

G1X216.4923Y-167.9271

G1 Z0F20000

(Start Block)


G1X216.4923Y-167.9271
G1Z5F20000
(Plotting speed under)
G1 F4000


G1X225.3311Y-132.0811

G1X179.4003Y-170.7275

G1 Z0F20000

(Start Block)


G1X179.4003Y-170.7275
G1Z5F20000
(Plotting speed under)
G1 F4000


G1X216.4923Y-167.9271

G1X164.7592Y-136.2961

G1 Z0F20000

(Start Block)


G1X164.7592Y-136.2961
G1Z5F20000
(Plotting speed under)
G1 F4000


G1X179.4003Y-170.7275

G1X192.5299Y-111.4302

G1 Z0F20000

(Start Block)


G1X192.5299Y-111.4302
G1Z5F20000
(Plotting speed under)
G1 F4000


G1X164.7592Y-136.2961

G1X224.5964Y-129.8287

G1 Z0F20000

(Start Block)


G1X224.5964Y-129.8287
G1Z5F20000
(Plotting speed under)
G1 F4000


G1X192.5299Y-111.4302

G1X216.9602Y-165.9460

G1 Z0F20000

(Start Block)


G1X216.9602Y-165.9460
G1Z5F20000
(Plotting speed under)
G1 F4000


G1X224.5964Y-129.8287

G1X179.9901Y-169.9733

G1 Z0F20000

(Start Block)


G1X179.9901Y-169.9733
G1Z5F20000
(Plotting speed under)
G1 F4000


G1X216.9602Y-165.9460

G1X164.2231Y-136.0443

G1 Z0F20000

(Start Block)


G1X164.2231Y-136.0443
G1Z5F20000
(Plotting speed under)
G1 F4000


G1X179.9901Y-169.9733

G1X191.1620Y-110.2684

G1 Z0F20000

(Start Block)


G1X191.1620Y-110.2684
G1Z5F20000
(Plotting speed under)
G1 F4000


G1X164.2231Y-136.0443

G1X223.8297Y-127.5905

G1 Z0F20000

(Start Block)


G1X223.8297Y-127.5905
G1Z5F20000
(Plotting speed under)
G1 F4000


G1X191.1620Y-110.2684

G1X217.4046Y-163.9390

G1 Z0F20000

(Start Block)


G1X217.4046Y-163.9390
G1Z5F20000
(Plotting speed under)
G1 F4000


G1X223.8297Y-127.5905

G1X180.5969Y-169.1885

G1 Z0F20000

(Start Block)


G1X180.5969Y-169.1885
G1Z5F20000
(Plotting speed under)
G1 F4000


G1X217.4046Y-163.9390

G1X163.7214Y-135.7991

G1 Z0F20000

(Start Block)


G1X163.7214Y-135.7991
G1Z5F20000
(Plotting speed under)
G1 F4000


G1X180.5969Y-169.1885

G1X189.7987Y-109.1413

G1 Z0F20000

(Start Block)


G1X189.7987Y-109.1413
G1Z5F20000
(Plotting speed under)
G1 F4000


G1X163.7214Y-135.7991

G1X223.0317Y-125.3677

G1 Z0F20000

(Start Block)


G1X223.0317Y-125.3677
G1Z5F20000
(Plotting speed under)
G1 F4000


G1X189.7987Y-109.1413

G1X217.8246Y-161.9070

G1 Z0F20000

(Start Block)


G1X217.8246Y-161.9070
G1Z5F20000
(Plotting speed under)
G1 F4000


G1X223.0317Y-125.3677

G1X181.2198Y-168.3726

G1 Z0F20000

(Start Block)


G1X181.2198Y-168.3726
G1Z5F20000
(Plotting speed under)
G1 F4000


G1X217.8246Y-161.9070

G1X163.2542Y-135.5592

G1 Z0F20000

(Start Block)


G1X163.2542Y-135.5592
G1Z5F20000
(Plotting speed under)
G1 F4000


G1X181.2198Y-168.3726

G1X188.4411Y-108.0486

G1 Z0F20000

(Start Block)


G1X188.4411Y-108.0486
G1Z5F20000
(Plotting speed under)
G1 F4000


G1X163.2542Y-135.5592

G1X222.2027Y-123.1611

G1 Z0F20000

(Start Block)


G1X222.2027Y-123.1611
G1Z5F20000
(Plotting speed under)
G1 F4000


G1X188.4411Y-108.0486

G1X218.2193Y-159.8509

G1 Z0F20000

(Start Block)


G1X218.2193Y-159.8509
G1Z5F20000
(Plotting speed under)
G1 F4000


G1X222.2027Y-123.1611

G1X181.8577Y-167.5251

G1 Z0F20000

(Start Block)


G1X181.8577Y-167.5251
G1Z5F20000
(Plotting speed under)
G1 F4000


G1X218.2193Y-159.8509

G1X162.8217Y-135.3236

G1 Z0F20000

(Start Block)


G1X162.8217Y-135.3236
G1Z5F20000
(Plotting speed under)
G1 F4000


G1X181.8577Y-167.5251

G1X187.0905Y-106.9902

G1 Z0F20000

(Start Block)


G1X187.0905Y-106.9902
G1Z5F20000
(Plotting speed under)
G1 F4000


G1X162.8217Y-135.3236

G1X221.3433Y-120.9719

G1 Z0F20000

(Start Block)


G1X221.3433Y-120.9719
G1Z5F20000
(Plotting speed under)
G1 F4000


G1X187.0905Y-106.9902

G1X218.5880Y-157.7714

G1 Z0F20000

(Start Block)


G1X218.5880Y-157.7714
G1Z5F20000
(Plotting speed under)
G1 F4000


G1X221.3433Y-120.9719

G1X182.5095Y-166.6456

G1 Z0F20000

(Start Block)


G1X182.5095Y-166.6456
G1Z5F20000
(Plotting speed under)
G1 F4000


G1X218.5880Y-157.7714

G1X162.4241Y-135.0911

G1 Z0F20000

(Start Block)


G1X162.4241Y-135.0911
G1Z5F20000
(Plotting speed under)
G1 F4000


G1X182.5095Y-166.6456

G1X185.7478Y-105.9658

G1 Z0F20000

(Start Block)


G1X185.7478Y-105.9658
G1Z5F20000
(Plotting speed under)
G1 F4000


G1X162.4241Y-135.0911

G1X220.4542Y-118.8011

G1 Z0F20000

(Start Block)


G1X220.4542Y-118.8011
G1Z5F20000
(Plotting speed under)
G1 F4000


G1X185.7478Y-105.9658

G1X218.9299Y-155.6695

G1 Z0F20000

(Start Block)


G1X218.9299Y-155.6695
G1Z5F20000
(Plotting speed under)
G1 F4000


G1X220.4542Y-118.8011

G1X183.1741Y-165.7336

G1 Z0F20000

(Start Block)


G1X183.1741Y-165.7336
G1Z5F20000
(Plotting speed under)
G1 F4000


G1X218.9299Y-155.6695

G1X162.0613Y-134.8606

G1 Z0F20000

(Start Block)


G1X162.0613Y-134.8606
G1Z5F20000
(Plotting speed under)
G1 F4000


G1X183.1741Y-165.7336

G1X184.4144Y-104.9752

G1 Z0F20000

(Start Block)


G1X184.4144Y-104.9752
G1Z5F20000
(Plotting speed under)
G1 F4000


G1X162.0613Y-134.8606

G1X219.5360Y-116.6496

G1 Z0F20000

(Start Block)


G1X219.5360Y-116.6496
G1Z5F20000
(Plotting speed under)
G1 F4000


G1X184.4144Y-104.9752

G1X219.2442Y-153.5460

G1 Z0F20000

(Start Block)


G1X219.2442Y-153.5460
G1Z5F20000
(Plotting speed under)
G1 F4000


G1X219.5360Y-116.6496

G1X183.8506Y-164.7886

G1 Z0F20000

(Start Block)


G1X183.8506Y-164.7886
G1Z5F20000
(Plotting speed under)
G1 F4000


G1X219.2442Y-153.5460

G1X161.7335Y-134.6309

G1 Z0F20000

(Start Block)


G1X161.7335Y-134.6309
G1Z5F20000
(Plotting speed under)
G1 F4000


G1X183.8506Y-164.7886

G1X183.0912Y-104.0180

G1 Z0F20000

(Start Block)


G1X183.0912Y-104.0180
G1Z5F20000
(Plotting speed under)
G1 F4000


G1X161.7335Y-134.6309

G1X218.5893Y-114.5184

G1 Z0F20000

(Start Block)


G1X218.5893Y-114.5184
G1Z5F20000
(Plotting speed under)
G1 F4000


G1X183.0912Y-104.0180

G1X219.5303Y-151.4019

G1 Z0F20000

(Start Block)


G1X219.5303Y-151.4019
G1Z5F20000
(Plotting speed under)
G1 F4000


G1X218.5893Y-114.5184

G1X184.5377Y-163.8104

G1 Z0F20000

(Start Block)


G1X184.5377Y-163.8104
G1Z5F20000
(Plotting speed under)
G1 F4000


G1X219.5303Y-151.4019

G1X161.4407Y-134.4008

G1 Z0F20000

(Start Block)


G1X161.4407Y-134.4008
G1Z5F20000
(Plotting speed under)
G1 F4000


G1X184.5377Y-163.8104

G1X181.7794Y-103.0938

G1 Z0F20000

(Start Block)


G1X181.7794Y-103.0938
G1Z5F20000
(Plotting speed under)
G1 F4000


G1X161.4407Y-134.4008

G1X217.6148Y-112.4084

G1 Z0F20000

(Start Block)


G1X217.6148Y-112.4084
G1Z5F20000
(Plotting speed under)
G1 F4000


G1X181.7794Y-103.0938

G1X219.7876Y-149.2381

G1 Z0F20000

(Start Block)


G1X219.7876Y-149.2381
G1Z5F20000
(Plotting speed under)
G1 F4000


G1X217.6148Y-112.4084

G1X185.2344Y-162.7985

G1 Z0F20000

(Start Block)


G1X185.2344Y-162.7985
G1Z5F20000
(Plotting speed under)
G1 F4000


G1X219.7876Y-149.2381

G1X161.1828Y-134.1692

G1 Z0F20000

(Start Block)


G1X161.1828Y-134.1692
G1Z5F20000
(Plotting speed under)
G1 F4000


G1X185.2344Y-162.7985

G1X180.4800Y-102.2024

G1 Z0F20000

(Start Block)


G1X180.4800Y-102.2024
G1Z5F20000
(Plotting speed under)
G1 F4000


G1X161.1828Y-134.1692

G1X216.6132Y-110.3205

G1 Z0F20000

(Start Block)


G1X216.6132Y-110.3205
G1Z5F20000
(Plotting speed under)
G1 F4000


G1X180.4800Y-102.2024

G1X220.0153Y-147.0555

G1 Z0F20000

(Start Block)


G1X220.0153Y-147.0555
G1Z5F20000
(Plotting speed under)
G1 F4000


G1X216.6132Y-110.3205

G1X185.9395Y-161.7527

G1 Z0F20000

(Start Block)


G1X185.9395Y-161.7527
G1Z5F20000
(Plotting speed under)
G1 F4000


G1X220.0153Y-147.0555

G1X160.9597Y-133.9349

G1 Z0F20000

(Start Block)


G1X160.9597Y-133.9349
G1Z5F20000
(Plotting speed under)
G1 F4000


G1X185.9395Y-161.7527

G1X179.1942Y-101.3431

G1 Z0F20000

(Start Block)


G1X179.1942Y-101.3431
G1Z5F20000
(Plotting speed under)
G1 F4000


G1X160.9597Y-133.9349

G1X215.5853Y-108.2557

G1 Z0F20000

(Start Block)


G1X215.5853Y-108.2557
G1Z5F20000
(Plotting speed under)
G1 F4000


G1X179.1942Y-101.3431

G1X220.2128Y-144.8553

G1 Z0F20000

(Start Block)


G1X220.2128Y-144.8553
G1Z5F20000
(Plotting speed under)
G1 F4000


G1X215.5853Y-108.2557

G1X186.6519Y-160.6727

G1 Z0F20000

(Start Block)


G1X186.6519Y-160.6727
G1Z5F20000
(Plotting speed under)
G1 F4000


G1X220.2128Y-144.8553

G1X160.7714Y-133.6967

G1 Z0F20000

(Start Block)


G1X160.7714Y-133.6967
G1Z5F20000
(Plotting speed under)
G1 F4000


G1X186.6519Y-160.6727

G1X177.9229Y-100.5157

G1 Z0F20000

(Start Block)


G1X177.9229Y-100.5157
G1Z5F20000
(Plotting speed under)
G1 F4000


G1X160.7714Y-133.6967

G1X214.5319Y-106.2147

G1 Z0F20000

(Start Block)


G1X214.5319Y-106.2147
G1Z5F20000
(Plotting speed under)
G1 F4000


G1X177.9229Y-100.5157

G1X220.3796Y-142.6384

G1 Z0F20000

(Start Block)


G1X220.3796Y-142.6384
G1Z5F20000
(Plotting speed under)
G1 F4000


G1X214.5319Y-106.2147

G1X187.3705Y-159.5583

G1 Z0F20000

(Start Block)


G1X187.3705Y-159.5583
G1Z5F20000
(Plotting speed under)
G1 F4000


G1X220.3796Y-142.6384

G1X160.6177Y-133.4536

G1 Z0F20000

(Start Block)


G1X160.6177Y-133.4536
G1Z5F20000
(Plotting speed under)
G1 F4000


G1X187.3705Y-159.5583

G1X176.6673Y-99.7194

G1 Z0F20000

(Start Block)


G1X176.6673Y-99.7194
G1Z5F20000
(Plotting speed under)
G1 F4000


G1X160.6177Y-133.4536

G1X213.4537Y-104.1984

G1 Z0F20000

(Start Block)


G1X213.4537Y-104.1984
G1Z5F20000
(Plotting speed under)
G1 F4000


G1X176.6673Y-99.7194

G1X220.5153Y-140.4057

G1 Z0F20000

(Start Block)


G1X220.5153Y-140.4057
G1Z5F20000
(Plotting speed under)
G1 F4000


G1X213.4537Y-104.1984

G1X188.0942Y-158.4092

G1 Z0F20000

(Start Block)


G1X188.0942Y-158.4092
G1Z5F20000
(Plotting speed under)
G1 F4000


G1X220.5153Y-140.4057

G1X160.4984Y-133.2043

G1 Z0F20000

(Start Block)


G1X160.4984Y-133.2043
G1Z5F20000
(Plotting speed under)
G1 F4000


G1X188.0942Y-158.4092

G1X175.4284Y-98.9540

G1 Z0F20000

(Start Block)


G1X175.4284Y-98.9540
G1Z5F20000
(Plotting speed under)
G1 F4000


G1X160.4984Y-133.2043

G1X212.3517Y-102.2076

G1 Z0F20000

(Start Block)


G1X212.3517Y-102.2076
G1Z5F20000
(Plotting speed under)
G1 F4000


G1X175.4284Y-98.9540

G1X220.6191Y-138.1585

G1 Z0F20000

(Start Block)


G1X220.6191Y-138.1585
G1Z5F20000
(Plotting speed under)
G1 F4000


G1X212.3517Y-102.2076

G1X188.8217Y-157.2255

G1 Z0F20000

(Start Block)


G1X188.8217Y-157.2255
G1Z5F20000
(Plotting speed under)
G1 F4000


G1X220.6191Y-138.1585

G1X160.4133Y-132.9478

G1 Z0F20000

(Start Block)


G1X160.4133Y-132.9478
G1Z5F20000
(Plotting speed under)
G1 F4000


G1X188.8217Y-157.2255

G1X174.2072Y-98.2187

G1 Z0F20000

(Start Block)


G1X174.2072Y-98.2187
G1Z5F20000
(Plotting speed under)
G1 F4000


G1X160.4133Y-132.9478

G1X211.2265Y-100.2432

G1 Z0F20000

(Start Block)


G1X211.2265Y-100.2432
G1Z5F20000
(Plotting speed under)
G1 F4000


G1X174.2072Y-98.2187

G1X220.6908Y-135.8976

G1 Z0F20000

(Start Block)


G1X220.6908Y-135.8976
G1Z5F20000
(Plotting speed under)
G1 F4000


G1X211.2265Y-100.2432

G1X189.5519Y-156.0069

G1 Z0F20000

(Start Block)


G1X189.5519Y-156.0069
G1Z5F20000
(Plotting speed under)
G1 F4000


G1X220.6908Y-135.8976

G1X160.3622Y-132.6828

G1 Z0F20000

(Start Block)


G1X160.3622Y-132.6828
G1Z5F20000
(Plotting speed under)
G1 F4000


G1X189.5519Y-156.0069

G1X173.0047Y-97.5129

G1 Z0F20000

(Start Block)


G1X173.0047Y-97.5129
G1Z5F20000
(Plotting speed under)
G1 F4000


G1X160.3622Y-132.6828

G1X210.0793Y-98.3058

G1 Z0F20000

(Start Block)


G1X210.0793Y-98.3058
G1Z5F20000
(Plotting speed under)
G1 F4000


G1X173.0047Y-97.5129

G1X220.7297Y-133.6243

G1 Z0F20000

(Start Block)


G1X220.7297Y-133.6243
G1Z5F20000
(Plotting speed under)
G1 F4000


G1X210.0793Y-98.3058

G1X190.2838Y-154.7534

G1 Z0F20000

(Start Block)


G1X190.2838Y-154.7534
G1Z5F20000
(Plotting speed under)
G1 F4000


G1X220.7297Y-133.6243

G1X160.3447Y-132.4084

G1 Z0F20000

(Start Block)


G1X160.3447Y-132.4084
G1Z5F20000
(Plotting speed under)
G1 F4000


G1X190.2838Y-154.7534

G1X171.8218Y-96.8360

G1 Z0F20000

(Start Block)


G1X171.8218Y-96.8360
G1Z5F20000
(Plotting speed under)
G1 F4000


G1X160.3447Y-132.4084

G1X208.9107Y-96.3961

G1 Z0F20000

(Start Block)


G1X208.9107Y-96.3961
G1Z5F20000
(Plotting speed under)
G1 F4000


G1X171.8218Y-96.8360

G1X220.7357Y-131.3395

G1 Z0F20000

(Start Block)


G1X220.7357Y-131.3395
G1Z5F20000
(Plotting speed under)
G1 F4000


G1X208.9107Y-96.3961

G1X191.0160Y-153.4649

G1 Z0F20000

(Start Block)


G1X191.0160Y-153.4649
G1Z5F20000
(Plotting speed under)
G1 F4000


G1X220.7357Y-131.3395

G1X160.3605Y-132.1233

G1 Z0F20000

(Start Block)


G1X160.3605Y-132.1233
G1Z5F20000
(Plotting speed under)
G1 F4000


G1X191.0160Y-153.4649

G1X170.6594Y-96.1874

G1 Z0F20000

(Start Block)


G1X170.6594Y-96.1874
G1Z5F20000
(Plotting speed under)
G1 F4000


G1X160.3605Y-132.1233

G1X207.7219Y-94.5149

G1 Z0F20000

(Start Block)


G1X207.7219Y-94.5149
G1Z5F20000
(Plotting speed under)
G1 F4000


G1X170.6594Y-96.1874

G1X220.7082Y-129.0445

G1 Z0F20000

(Start Block)


G1X220.7082Y-129.0445
G1Z5F20000
(Plotting speed under)
G1 F4000


G1X207.7219Y-94.5149

G1X191.7475Y-152.1414

G1 Z0F20000

(Start Block)


G1X191.7475Y-152.1414
G1Z5F20000
(Plotting speed under)
G1 F4000


G1X220.7082Y-129.0445

G1X160.4092Y-131.8264

G1 Z0F20000

(Start Block)


G1X160.4092Y-131.8264
G1Z5F20000
(Plotting speed under)
G1 F4000


G1X191.7475Y-152.1414

G1X169.5187Y-95.5664

G1 Z0F20000

(Start Block)


G1X169.5187Y-95.5664
G1Z5F20000
(Plotting speed under)
G1 F4000


G1X160.4092Y-131.8264

G1X206.5137Y-92.6628

G1 Z0F20000

(Start Block)


G1X206.5137Y-92.6628
G1Z5F20000
(Plotting speed under)
G1 F4000


G1X169.5187Y-95.5664

G1X220.6470Y-126.7402

G1 Z0F20000

(Start Block)


G1X220.6470Y-126.7402
G1Z5F20000
(Plotting speed under)
G1 F4000


G1X206.5137Y-92.6628

G1X192.4770Y-150.7831

G1 Z0F20000

(Start Block)


G1X192.4770Y-150.7831
G1Z5F20000
(Plotting speed under)
G1 F4000


G1X220.6470Y-126.7402

G1X160.4905Y-131.5167

G1 Z0F20000

(Start Block)


G1X160.4905Y-131.5167
G1Z5F20000
(Plotting speed under)
G1 F4000


G1X192.4770Y-150.7831

G1X168.4003Y-94.9722

G1 Z0F20000

(Start Block)


G1X168.4003Y-94.9722
G1Z5F20000
(Plotting speed under)
G1 F4000


G1X160.4905Y-131.5167

G1X205.2871Y-90.8404

G1 Z0F20000

(Start Block)


G1X205.2871Y-90.8404
G1Z5F20000
(Plotting speed under)
G1 F4000


G1X168.4003Y-94.9722

G1X220.5518Y-124.4279

G1 Z0F20000

(Start Block)


G1X220.5518Y-124.4279
G1Z5F20000
(Plotting speed under)
G1 F4000


G1X205.2871Y-90.8404

G1X193.2035Y-149.3899

G1 Z0F20000

(Start Block)


G1X193.2035Y-149.3899
G1Z5F20000
(Plotting speed under)
G1 F4000


G1X220.5518Y-124.4279

G1X160.6038Y-131.1932

G1 Z0F20000

(Start Block)


G1X160.6038Y-131.1932
G1Z5F20000
(Plotting speed under)
G1 F4000


G1X193.2035Y-149.3899

G1X167.3053Y-94.4040

G1 Z0F20000

(Start Block)


G1X167.3053Y-94.4040
G1Z5F20000
(Plotting speed under)
G1 F4000


G1X160.6038Y-131.1932

G1X204.0432Y-89.0484

G1 Z0F20000

(Start Block)


G1X204.0432Y-89.0484
G1Z5F20000
(Plotting speed under)
G1 F4000


G1X167.3053Y-94.4040

G1X220.4223Y-122.1086

G1 Z0F20000

(Start Block)


G1X220.4223Y-122.1086
G1Z5F20000
(Plotting speed under)
G1 F4000


G1X204.0432Y-89.0484

G1X193.9258Y-147.9620

G1 Z0F20000

(Start Block)


G1X193.9258Y-147.9620
G1Z5F20000
(Plotting speed under)
G1 F4000


G1X220.4223Y-122.1086

G1X160.7488Y-130.8547

G1 Z0F20000

(Start Block)


G1X160.7488Y-130.8547
G1Z5F20000
(Plotting speed under)
G1 F4000


G1X193.9258Y-147.9620

G1X166.2344Y-93.8611

G1 Z0F20000

(Start Block)


G1X166.2344Y-93.8611
G1Z5F20000
(Plotting speed under)
G1 F4000


G1X160.7488Y-130.8547

G1X202.7828Y-87.2873

G1 Z0F20000

(Start Block)


G1X202.7828Y-87.2873
G1Z5F20000
(Plotting speed under)
G1 F4000


G1X166.2344Y-93.8611

G1X220.2583Y-119.7835

G1 Z0F20000

(Start Block)


G1X220.2583Y-119.7835
G1Z5F20000
(Plotting speed under)
G1 F4000


G1X202.7828Y-87.2873

G1X194.6427Y-146.4996

G1 Z0F20000

(Start Block)


G1X194.6427Y-146.4996
G1Z5F20000
(Plotting speed under)
G1 F4000


G1X220.2583Y-119.7835

G1X160.9248Y-130.5002

G1 Z0F20000

(Start Block)


G1X160.9248Y-130.5002
G1Z5F20000
(Plotting speed under)
G1 F4000


G1X194.6427Y-146.4996

G1X165.1884Y-93.3427

G1 Z0F20000

(Start Block)


G1X165.1884Y-93.3427
G1Z5F20000
(Plotting speed under)
G1 F4000


G1X160.9248Y-130.5002

G1X201.5071Y-85.5575

G1 Z0F20000

(Start Block)


G1X201.5071Y-85.5575
G1Z5F20000
(Plotting speed under)
G1 F4000


G1X165.1884Y-93.3427

G1X220.0597Y-117.4538

G1 Z0F20000

(Start Block)


G1X220.0597Y-117.4538
G1Z5F20000
(Plotting speed under)
G1 F4000


G1X201.5071Y-85.5575

G1X195.3530Y-145.0028

G1 Z0F20000

(Start Block)


G1X195.3530Y-145.0028
G1Z5F20000
(Plotting speed under)
G1 F4000


G1X220.0597Y-117.4538

G1X161.1314Y-130.1286

G1 Z0F20000

(Start Block)


G1X161.1314Y-130.1286
G1Z5F20000
(Plotting speed under)
G1 F4000


G1X195.3530Y-145.0028

G1X164.1683Y-92.8479

G1 Z0F20000

(Start Block)


G1X164.1683Y-92.8479
G1Z5F20000
(Plotting speed under)
G1 F4000


G1X161.1314Y-130.1286

G1X200.2172Y-83.8597

G1 Z0F20000

(Start Block)


G1X200.2172Y-83.8597
G1Z5F20000
(Plotting speed under)
G1 F4000


G1X164.1683Y-92.8479

G1X219.8263Y-115.1206

G1 Z0F20000

(Start Block)


G1X219.8263Y-115.1206
G1Z5F20000
(Plotting speed under)
G1 F4000


G1X200.2172Y-83.8597

G1X196.0558Y-143.4719

G1 Z0F20000

(Start Block)


G1X196.0558Y-143.4719
G1Z5F20000
(Plotting speed under)
G1 F4000


G1X219.8263Y-115.1206

G1X161.3679Y-129.7391

G1 Z0F20000

(Start Block)


G1X161.3679Y-129.7391
G1Z5F20000
(Plotting speed under)
G1 F4000


G1X196.0558Y-143.4719

G1X163.1747Y-92.3759

G1 Z0F20000

(Start Block)


G1X163.1747Y-92.3759
G1Z5F20000
(Plotting speed under)
G1 F4000


G1X161.3679Y-129.7391

G1X198.9140Y-82.1943

G1 Z0F20000

(Start Block)


G1X198.9140Y-82.1943
G1Z5F20000
(Plotting speed under)
G1 F4000


G1X163.1747Y-92.3759

G1X219.5580Y-112.7851

G1 Z0F20000

(Start Block)


G1X219.5580Y-112.7851
G1Z5F20000
(Plotting speed under)
G1 F4000


G1X198.9140Y-82.1943

G1X196.7497Y-141.9072

G1 Z0F20000

(Start Block)


G1X196.7497Y-141.9072
G1Z5F20000
(Plotting speed under)
G1 F4000


G1X219.5580Y-112.7851

G1X161.6338Y-129.3306

G1 Z0F20000

(Start Block)


G1X161.6338Y-129.3306
G1Z5F20000
(Plotting speed under)
G1 F4000


G1X196.7497Y-141.9072

G1X162.2084Y-91.9257

G1 Z0F20000

(Start Block)


G1X162.2084Y-91.9257
G1Z5F20000
(Plotting speed under)
G1 F4000


G1X161.6338Y-129.3306

G1X197.5987Y-80.5616

G1 Z0F20000

(Start Block)


G1X197.5987Y-80.5616
G1Z5F20000
(Plotting speed under)
G1 F4000


G1X162.2084Y-91.9257

G1X219.2547Y-110.4483

G1 Z0F20000

(Start Block)


G1X219.2547Y-110.4483
G1Z5F20000
(Plotting speed under)
G1 F4000


G1X197.5987Y-80.5616

G1X197.4338Y-140.3089

G1 Z0F20000

(Start Block)


G1X197.4338Y-140.3089
G1Z5F20000
(Plotting speed under)
G1 F4000


G1X219.2547Y-110.4483

G1X161.9284Y-128.9021

G1 Z0F20000

(Start Block)


G1X161.9284Y-128.9021
G1Z5F20000
(Plotting speed under)
G1 F4000


G1X197.4338Y-140.3089

G1X161.2701Y-91.4964

G1 Z0F20000

(Start Block)


G1X161.2701Y-91.4964
G1Z5F20000
(Plotting speed under)
G1 F4000


G1X161.9284Y-128.9021

G1X196.2723Y-78.9621

G1 Z0F20000

(Start Block)


G1X196.2723Y-78.9621
G1Z5F20000
(Plotting speed under)
G1 F4000


G1X161.2701Y-91.4964

G1X218.9166Y-108.1116

G1 Z0F20000

(Start Block)


G1X218.9166Y-108.1116
G1Z5F20000
(Plotting speed under)
G1 F4000


G1X196.2723Y-78.9621

G1X198.1068Y-138.6774

G1 Z0F20000

(Start Block)


G1X198.1068Y-138.6774
G1Z5F20000
(Plotting speed under)
G1 F4000


G1X218.9166Y-108.1116

G1X162.2510Y-128.4527

G1 Z0F20000

(Start Block)


G1X162.2510Y-128.4527
G1Z5F20000
(Plotting speed under)
G1 F4000


G1X198.1068Y-138.6774

G1X160.3604Y-91.0872

G1 Z0F20000

(Start Block)


G1X160.3604Y-91.0872
G1Z5F20000
(Plotting speed under)
G1 F4000


G1X162.2510Y-128.4527

G1X194.9360Y-77.3962

G1 Z0F20000

(Start Block)


G1X194.9360Y-77.3962
G1Z5F20000
(Plotting speed under)
G1 F4000


G1X160.3604Y-91.0872

G1X218.5434Y-105.7760

G1 Z0F20000

(Start Block)


G1X218.5434Y-105.7760
G1Z5F20000
(Plotting speed under)
G1 F4000


G1X194.9360Y-77.3962

G1X198.7678Y-137.0132

G1 Z0F20000

(Start Block)


G1X198.7678Y-137.0132
G1Z5F20000
(Plotting speed under)
G1 F4000


G1X218.5434Y-105.7760

G1X162.6009Y-127.9814

G1 Z0F20000

(Start Block)


G1X162.6009Y-127.9814
G1Z5F20000
(Plotting speed under)
G1 F4000


G1X198.7678Y-137.0132

G1X159.4801Y-90.6970

G1 Z0F20000

(Start Block)


G1X159.4801Y-90.6970
G1Z5F20000
(Plotting speed under)
G1 F4000


G1X162.6009Y-127.9814

G1X193.5909Y-75.8640

G1 Z0F20000

(Start Block)


G1X193.5909Y-75.8640
G1Z5F20000
(Plotting speed under)
G1 F4000


G1X159.4801Y-90.6970

G1X218.1354Y-103.4427

G1 Z0F20000

(Start Block)


G1X218.1354Y-103.4427
G1Z5F20000
(Plotting speed under)
G1 F4000


G1X193.5909Y-75.8640

G1X199.4156Y-135.3165

G1 Z0F20000

(Start Block)


G1X199.4156Y-135.3165
G1Z5F20000
(Plotting speed under)
G1 F4000


G1X218.1354Y-103.4427

G1X162.9774Y-127.4875

G1 Z0F20000

(Start Block)


G1X162.9774Y-127.4875
G1Z5F20000
(Plotting speed under)
G1 F4000


G1X199.4156Y-135.3165

G1X158.6298Y-90.3248

G1 Z0F20000

(Start Block)


G1X158.6298Y-90.3248
G1Z5F20000
(Plotting speed under)
G1 F4000


G1X162.9774Y-127.4875

G1X192.2380Y-74.3660

G1 Z0F20000

(Start Block)


G1X192.2380Y-74.3660
G1Z5F20000
(Plotting speed under)
G1 F4000


G1X158.6298Y-90.3248

G1X217.6926Y-101.1128

G1 Z0F20000

(Start Block)


G1X217.6926Y-101.1128
G1Z5F20000
(Plotting speed under)
G1 F4000


G1X192.2380Y-74.3660

G1X200.0491Y-133.5879

G1 Z0F20000

(Start Block)


G1X200.0491Y-133.5879
G1Z5F20000
(Plotting speed under)
G1 F4000


G1X217.6926Y-101.1128

G1X163.3797Y-126.9699

G1 Z0F20000

(Start Block)


G1X163.3797Y-126.9699
G1Z5F20000
(Plotting speed under)
G1 F4000


G1X200.0491Y-133.5879

G1X157.8099Y-89.9697

G1 Z0F20000

(Start Block)


G1X157.8099Y-89.9697
G1Z5F20000
(Plotting speed under)
G1 F4000


G1X163.3797Y-126.9699

G1X190.8786Y-72.9023

G1 Z0F20000

(Start Block)


G1X190.8786Y-72.9023
G1Z5F20000
(Plotting speed under)
G1 F4000


G1X157.8099Y-89.9697

G1X217.2151Y-98.7876

G1 Z0F20000

(Start Block)


G1X217.2151Y-98.7876
G1Z5F20000
(Plotting speed under)
G1 F4000


G1X190.8786Y-72.9023

G1X200.6673Y-131.8279

G1 Z0F20000

(Start Block)


G1X200.6673Y-131.8279
G1Z5F20000
(Plotting speed under)
G1 F4000


G1X217.2151Y-98.7876

G1X163.8070Y-126.4279

G1 Z0F20000

(Start Block)


G1X163.8070Y-126.4279
G1Z5F20000
(Plotting speed under)
G1 F4000


G1X200.6673Y-131.8279

G1X157.0211Y-89.6306

G1 Z0F20000

(Start Block)


G1X157.0211Y-89.6306
G1Z5F20000
(Plotting speed under)
G1 F4000


G1X163.8070Y-126.4279

G1X189.5139Y-71.4732

G1 Z0F20000

(Start Block)


G1X189.5139Y-71.4732
G1Z5F20000
(Plotting speed under)
G1 F4000


G1X157.0211Y-89.6306

G1X216.7031Y-96.4681

G1 Z0F20000

(Start Block)


G1X216.7031Y-96.4681
G1Z5F20000
(Plotting speed under)
G1 F4000


G1X189.5139Y-71.4732

G1X201.2692Y-130.0370

G1 Z0F20000

(Start Block)


G1X201.2692Y-130.0370
G1Z5F20000
(Plotting speed under)
G1 F4000


G1X216.7031Y-96.4681

G1X164.2585Y-125.8607

G1 Z0F20000

(Start Block)


G1X164.2585Y-125.8607
G1Z5F20000
(Plotting speed under)
G1 F4000


G1X201.2692Y-130.0370

G1X156.2639Y-89.3066

G1 Z0F20000

(Start Block)


G1X156.2639Y-89.3066
G1Z5F20000
(Plotting speed under)
G1 F4000


G1X164.2585Y-125.8607

G1X188.1448Y-70.0787

G1 Z0F20000

(Start Block)


G1X188.1448Y-70.0787
G1Z5F20000
(Plotting speed under)
G1 F4000


G1X156.2639Y-89.3066

G1X216.1569Y-94.1555

G1 Z0F20000

(Start Block)


G1X216.1569Y-94.1555
G1Z5F20000
(Plotting speed under)
G1 F4000


G1X188.1448Y-70.0787

G1X201.8537Y-128.2158

G1 Z0F20000

(Start Block)


G1X201.8537Y-128.2158
G1Z5F20000
(Plotting speed under)
G1 F4000


G1X216.1569Y-94.1555

G1X164.7334Y-125.2674

G1 Z0F20000

(Start Block)


G1X164.7334Y-125.2674
G1Z5F20000
(Plotting speed under)
G1 F4000


G1X201.8537Y-128.2158

G1X155.5388Y-88.9964

G1 Z0F20000

(Start Block)


G1X155.5388Y-88.9964
G1Z5F20000
(Plotting speed under)
G1 F4000


G1X164.7334Y-125.2674

G1X186.7727Y-68.7191

G1 Z0F20000

(Start Block)


G1X186.7727Y-68.7191
G1Z5F20000
(Plotting speed under)
G1 F4000


G1X155.5388Y-88.9964

G1X215.5766Y-91.8509

G1 Z0F20000

(Start Block)


G1X215.5766Y-91.8509
G1Z5F20000
(Plotting speed under)
G1 F4000


G1X186.7727Y-68.7191

G1X202.4199Y-126.3647

G1 Z0F20000

(Start Block)


G1X202.4199Y-126.3647
G1Z5F20000
(Plotting speed under)
G1 F4000


G1X215.5766Y-91.8509

G1X165.2306Y-124.6474

G1 Z0F20000

(Start Block)


G1X165.2306Y-124.6474
G1Z5F20000
(Plotting speed under)
G1 F4000


G1X202.4199Y-126.3647

G1X154.8462Y-88.6991

G1 Z0F20000

(Start Block)


G1X154.8462Y-88.6991
G1Z5F20000
(Plotting speed under)
G1 F4000


G1X165.2306Y-124.6474

G1X185.3985Y-67.3944

G1 Z0F20000

(Start Block)


G1X185.3985Y-67.3944
G1Z5F20000
(Plotting speed under)
G1 F4000


G1X154.8462Y-88.6991

G1X214.9626Y-89.5555

G1 Z0F20000

(Start Block)


G1X214.9626Y-89.5555
G1Z5F20000
(Plotting speed under)
G1 F4000


G1X185.3985Y-67.3944

G1X202.9667Y-124.4845

G1 Z0F20000

(Start Block)


G1X202.9667Y-124.4845
G1Z5F20000
(Plotting speed under)
G1 F4000


G1X214.9626Y-89.5555

G1X165.7495Y-123.9998

G1 Z0F20000

(Start Block)


G1X165.7495Y-123.9998
G1Z5F20000
(Plotting speed under)
G1 F4000


G1X202.9667Y-124.4845

G1X154.1865Y-88.4136

G1 Z0F20000

(Start Block)


G1X154.1865Y-88.4136
G1Z5F20000
(Plotting speed under)
G1 F4000


G1X165.7495Y-123.9998

G1X184.0236Y-66.1046

G1 Z0F20000

(Start Block)


G1X184.0236Y-66.1046
G1Z5F20000
(Plotting speed under)
G1 F4000


G1X154.1865Y-88.4136

G1X214.3152Y-87.2703

G1 Z0F20000

(Start Block)


G1X214.3152Y-87.2703
G1Z5F20000
(Plotting speed under)
G1 F4000


G1X184.0236Y-66.1046

G1X203.4933Y-122.5759

G1 Z0F20000

(Start Block)


G1X203.4933Y-122.5759
G1Z5F20000
(Plotting speed under)
G1 F4000


G1X214.3152Y-87.2703

G1X166.2889Y-123.3240

G1 Z0F20000

(Start Block)


G1X166.2889Y-123.3240
G1Z5F20000
(Plotting speed under)
G1 F4000


G1X203.4933Y-122.5759

G1X153.5601Y-88.1388

G1 Z0F20000

(Start Block)


G1X153.5601Y-88.1388
G1Z5F20000
(Plotting speed under)
G1 F4000


G1X166.2889Y-123.3240

G1X182.6491Y-64.8498

G1 Z0F20000

(Start Block)


G1X182.6491Y-64.8498
G1Z5F20000
(Plotting speed under)
G1 F4000


G1X153.5601Y-88.1388

G1X213.6347Y-84.9965

G1 Z0F20000

(Start Block)


G1X213.6347Y-84.9965
G1Z5F20000
(Plotting speed under)
G1 F4000


G1X182.6491Y-64.8498

G1X203.9987Y-120.6395

G1 Z0F20000

(Start Block)


G1X203.9987Y-120.6395
G1Z5F20000
(Plotting speed under)
G1 F4000


G1X213.6347Y-84.9965

G1X166.8481Y-122.6193

G1 Z0F20000

(Start Block)


G1X166.8481Y-122.6193
G1Z5F20000
(Plotting speed under)
G1 F4000


G1X203.9987Y-120.6395

G1X152.9673Y-87.8735

G1 Z0F20000

(Start Block)


G1X152.9673Y-87.8735
G1Z5F20000
(Plotting speed under)
G1 F4000


G1X166.8481Y-122.6193

G1X181.2760Y-63.6299

G1 Z0F20000

(Start Block)


G1X181.2760Y-63.6299
G1Z5F20000
(Plotting speed under)
G1 F4000


G1X152.9673Y-87.8735

G1X212.9216Y-82.7352

G1 Z0F20000

(Start Block)


G1X212.9216Y-82.7352
G1Z5F20000
(Plotting speed under)
G1 F4000


G1X181.2760Y-63.6299

G1X204.4819Y-118.6760

G1 Z0F20000

(Start Block)


G1X204.4819Y-118.6760
G1Z5F20000
(Plotting speed under)
G1 F4000


G1X212.9216Y-82.7352

G1X167.4259Y-121.8850

G1 Z0F20000

(Start Block)


G1X167.4259Y-121.8850
G1Z5F20000
(Plotting speed under)
G1 F4000


G1X204.4819Y-118.6760

G1X152.4084Y-87.6167

G1 Z0F20000

(Start Block)


G1X152.4084Y-87.6167
G1Z5F20000
(Plotting speed under)
G1 F4000


G1X167.4259Y-121.8850

G1X179.9057Y-62.4449

G1 Z0F20000

(Start Block)


G1X179.9057Y-62.4449
G1Z5F20000
(Plotting speed under)
G1 F4000


G1X152.4084Y-87.6167

G1X212.1762Y-80.4875

G1 Z0F20000

(Start Block)


G1X212.1762Y-80.4875
G1Z5F20000
(Plotting speed under)
G1 F4000


G1X179.9057Y-62.4449

G1X204.9422Y-116.6861

G1 Z0F20000

(Start Block)


G1X204.9422Y-116.6861
G1Z5F20000
(Plotting speed under)
G1 F4000


G1X212.1762Y-80.4875

G1X168.0215Y-121.1207

G1 Z0F20000

(Start Block)


G1X168.0215Y-121.1207
G1Z5F20000
(Plotting speed under)
G1 F4000


G1X204.9422Y-116.6861

G1X151.8838Y-87.3671

G1 Z0F20000

(Start Block)


G1X151.8838Y-87.3671
G1Z5F20000
(Plotting speed under)
G1 F4000


G1X168.0215Y-121.1207

G1X178.5392Y-61.2947

G1 Z0F20000

(Start Block)


G1X178.5392Y-61.2947
G1Z5F20000
(Plotting speed under)
G1 F4000


G1X151.8838Y-87.3671

G1X211.3990Y-78.2543

G1 Z0F20000

(Start Block)


G1X211.3990Y-78.2543
G1Z5F20000
(Plotting speed under)
G1 F4000


G1X178.5392Y-61.2947

G1X205.3785Y-114.6708

G1 Z0F20000

(Start Block)


G1X205.3785Y-114.6708
G1Z5F20000
(Plotting speed under)
G1 F4000


G1X211.3990Y-78.2543

G1X168.6338Y-120.3256

G1 Z0F20000

(Start Block)


G1X168.6338Y-120.3256
G1Z5F20000
(Plotting speed under)
G1 F4000


G1X205.3785Y-114.6708

G1X151.3935Y-87.1238

G1 Z0F20000

(Start Block)


G1X151.3935Y-87.1238
G1Z5F20000
(Plotting speed under)
G1 F4000


G1X168.6338Y-120.3256

G1X177.1777Y-60.1790

G1 Z0F20000

(Start Block)


G1X177.1777Y-60.1790
G1Z5F20000
(Plotting speed under)
G1 F4000


G1X151.3935Y-87.1238

G1X210.5906Y-76.0367

G1 Z0F20000

(Start Block)


G1X210.5906Y-76.0367
G1Z5F20000
(Plotting speed under)
G1 F4000


G1X177.1777Y-60.1790

G1X205.7902Y-112.6306

G1 Z0F20000

(Start Block)


G1X205.7902Y-112.6306
G1Z5F20000
(Plotting speed under)
G1 F4000


G1X210.5906Y-76.0367

G1X169.2618Y-119.4992

G1 Z0F20000

(Start Block)


G1X169.2618Y-119.4992
G1Z5F20000
(Plotting speed under)
G1 F4000


G1X205.7902Y-112.6306

G1X150.9379Y-86.8855

G1 Z0F20000

(Start Block)


G1X150.9379Y-86.8855
G1Z5F20000
(Plotting speed under)
G1 F4000


G1X169.2618Y-119.4992

G1X175.8223Y-59.0977

G1 Z0F20000

(Start Block)


G1X175.8223Y-59.0977
G1Z5F20000
(Plotting speed under)
G1 F4000


G1X150.9379Y-86.8855

G1X209.7515Y-73.8359

G1 Z0F20000

(Start Block)


G1X209.7515Y-73.8359
G1Z5F20000
(Plotting speed under)
G1 F4000


G1X175.8223Y-59.0977

G1X206.1763Y-110.5667

G1 Z0F20000

(Start Block)


G1X206.1763Y-110.5667
G1Z5F20000
(Plotting speed under)
G1 F4000


G1X209.7515Y-73.8359

G1X169.9044Y-118.6412

G1 Z0F20000

(Start Block)


G1X169.9044Y-118.6412
G1Z5F20000
(Plotting speed under)
G1 F4000


G1X206.1763Y-110.5667

G1X150.5169Y-86.6511

G1 Z0F20000

(Start Block)


G1X150.5169Y-86.6511
G1Z5F20000
(Plotting speed under)
G1 F4000


G1X169.9044Y-118.6412

G1X174.4742Y-58.0507

G1 Z0F20000

(Start Block)


G1X174.4742Y-58.0507
G1Z5F20000
(Plotting speed under)
G1 F4000


G1X150.5169Y-86.6511

G1X208.8822Y-71.6527

G1 Z0F20000

(Start Block)


G1X208.8822Y-71.6527
G1Z5F20000
(Plotting speed under)
G1 F4000


G1X174.4742Y-58.0507

G1X206.5361Y-108.4796

G1 Z0F20000

(Start Block)


G1X206.5361Y-108.4796
G1Z5F20000
(Plotting speed under)
G1 F4000


G1X208.8822Y-71.6527

G1X170.5606Y-117.7509

G1 Z0F20000

(Start Block)


G1X170.5606Y-117.7509
G1Z5F20000
(Plotting speed under)
G1 F4000


G1X206.5361Y-108.4796

G1X150.1309Y-86.4194

G1 Z0F20000

(Start Block)


G1X150.1309Y-86.4194
G1Z5F20000
(Plotting speed under)
G1 F4000


G1X170.5606Y-117.7509

G1X173.1345Y-57.0376

G1 Z0F20000

(Start Block)


G1X173.1345Y-57.0376
G1Z5F20000
(Plotting speed under)
G1 F4000


G1X150.1309Y-86.4194

G1X207.9833Y-69.4882

G1 Z0F20000

(Start Block)


G1X207.9833Y-69.4882
G1Z5F20000
(Plotting speed under)
G1 F4000


G1X173.1345Y-57.0376

G1X206.8689Y-106.3704

G1 Z0F20000

(Start Block)


G1X206.8689Y-106.3704
G1Z5F20000
(Plotting speed under)
G1 F4000


G1X207.9833Y-69.4882

G1X171.2293Y-116.8279

G1 Z0F20000

(Start Block)


G1X171.2293Y-116.8279
G1Z5F20000
(Plotting speed under)
G1 F4000


G1X206.8689Y-106.3704

G1X149.7798Y-86.1893

G1 Z0F20000

(Start Block)


G1X149.7798Y-86.1893
G1Z5F20000
(Plotting speed under)
G1 F4000


G1X171.2293Y-116.8279

G1X171.8043Y-56.0581

G1 Z0F20000

(Start Block)


G1X171.8043Y-56.0581
G1Z5F20000
(Plotting speed under)
G1 F4000


G1X149.7798Y-86.1893

G1X207.0555Y-67.3433

G1 Z0F20000

(Start Block)


G1X207.0555Y-67.3433
G1Z5F20000
(Plotting speed under)
G1 F4000


G1X171.8043Y-56.0581

G1X207.1740Y-104.2399

G1 Z0F20000

(Start Block)


G1X207.1740Y-104.2399
G1Z5F20000
(Plotting speed under)
G1 F4000


G1X207.0555Y-67.3433

G1X171.9095Y-115.8719

G1 Z0F20000

(Start Block)


G1X171.9095Y-115.8719
G1Z5F20000
(Plotting speed under)
G1 F4000


G1X207.1740Y-104.2399

G1X149.4636Y-85.9595

G1 Z0F20000

(Start Block)


G1X149.4636Y-85.9595
G1Z5F20000
(Plotting speed under)
G1 F4000


G1X171.9095Y-115.8719

G1X170.4848Y-55.1120

G1 Z0F20000

(Start Block)


G1X170.4848Y-55.1120
G1Z5F20000
(Plotting speed under)
G1 F4000


G1X149.4636Y-85.9595

G1X206.0995Y-65.2191

G1 Z0F20000

(Start Block)


G1X206.0995Y-65.2191
G1Z5F20000
(Plotting speed under)
G1 F4000


G1X170.4848Y-55.1120

G1X207.4506Y-102.0892

G1 Z0F20000

(Start Block)


G1X207.4506Y-102.0892
G1Z5F20000
(Plotting speed under)
G1 F4000


G1X206.0995Y-65.2191

G1X172.5999Y-114.8825

G1 Z0F20000

(Start Block)


G1X172.5999Y-114.8825
G1Z5F20000
(Plotting speed under)
G1 F4000


G1X207.4506Y-102.0892

G1X149.1824Y-85.7290

G1 Z0F20000

(Start Block)


G1X149.1824Y-85.7290
G1Z5F20000
(Plotting speed under)
G1 F4000


G1X172.5999Y-114.8825

G1X169.1770Y-54.1987

G1 Z0F20000

(Start Block)


G1X169.1770Y-54.1987
G1Z5F20000
(Plotting speed under)
G1 F4000


G1X149.1824Y-85.7290

G1X205.1159Y-63.1163

G1 Z0F20000

(Start Block)


G1X205.1159Y-63.1163
G1Z5F20000
(Plotting speed under)
G1 F4000


G1X169.1770Y-54.1987

G1X207.6980Y-99.9190

G1 Z0F20000

(Start Block)


G1X207.6980Y-99.9190
G1Z5F20000
(Plotting speed under)
G1 F4000


G1X205.1159Y-63.1163

G1X173.2995Y-113.8594

G1 Z0F20000

(Start Block)


G1X173.2995Y-113.8594
G1Z5F20000
(Plotting speed under)
G1 F4000


G1X207.6980Y-99.9190

G1X148.9361Y-85.4967

G1 Z0F20000

(Start Block)


G1X148.9361Y-85.4967
G1Z5F20000
(Plotting speed under)
G1 F4000


G1X173.2995Y-113.8594

G1X167.8820Y-53.3180

G1 Z0F20000

(Start Block)


G1X167.8820Y-53.3180
G1Z5F20000
(Plotting speed under)
G1 F4000


G1X148.9361Y-85.4967

G1X204.1055Y-61.0360

G1 Z0F20000

(Start Block)


G1X204.1055Y-61.0360
G1Z5F20000
(Plotting speed under)
G1 F4000


G1X167.8820Y-53.3180

G1X207.9158Y-97.7305

G1 Z0F20000

(Start Block)


G1X207.9158Y-97.7305
G1Z5F20000
(Plotting speed under)
G1 F4000


G1X204.1055Y-61.0360

G1X174.0072Y-112.8022

G1 Z0F20000

(Start Block)


G1X174.0072Y-112.8022
G1Z5F20000
(Plotting speed under)
G1 F4000


G1X207.9158Y-97.7305

G1X148.7246Y-85.2612

G1 Z0F20000

(Start Block)


G1X148.7246Y-85.2612
G1Z5F20000
(Plotting speed under)
G1 F4000


G1X174.0072Y-112.8022

G1X166.6009Y-52.4694

G1 Z0F20000

(Start Block)


G1X166.6009Y-52.4694
G1Z5F20000
(Plotting speed under)
G1 F4000


G1X148.7246Y-85.2612

G1X203.0690Y-58.9790

G1 Z0F20000

(Start Block)


G1X203.0690Y-58.9790
G1Z5F20000
(Plotting speed under)
G1 F4000


G1X166.6009Y-52.4694

G1X208.1032Y-95.5246

G1 Z0F20000

(Start Block)


G1X208.1032Y-95.5246
G1Z5F20000
(Plotting speed under)
G1 F4000


G1X203.0690Y-58.9790

G1X174.7218Y-111.7108

G1 Z0F20000

(Start Block)


G1X174.7218Y-111.7108
G1Z5F20000
(Plotting speed under)
G1 F4000


G1X208.1032Y-95.5246

G1X148.5478Y-85.0215

G1 Z0F20000

(Start Block)


G1X148.5478Y-85.0215
G1Z5F20000
(Plotting speed under)
G1 F4000


G1X174.7218Y-111.7108

G1X165.3347Y-51.6524

G1 Z0F20000

(Start Block)


G1X165.3347Y-51.6524
G1Z5F20000
(Plotting speed under)
G1 F4000


G1X148.5478Y-85.0215

G1X202.0073Y-56.9461

G1 Z0F20000

(Start Block)


G1X202.0073Y-56.9461
G1Z5F20000
(Plotting speed under)
G1 F4000


G1X165.3347Y-51.6524

G1X208.2597Y-93.3023

G1 Z0F20000

(Start Block)


G1X208.2597Y-93.3023
G1Z5F20000
(Plotting speed under)
G1 F4000


G1X202.0073Y-56.9461

G1X175.4422Y-110.5849

G1 Z0F20000

(Start Block)


G1X175.4422Y-110.5849
G1Z5F20000
(Plotting speed under)
G1 F4000


G1X208.2597Y-93.3023

G1X148.4056Y-84.7765

G1 Z0F20000

(Start Block)


G1X148.4056Y-84.7765
G1Z5F20000
(Plotting speed under)
G1 F4000


G1X175.4422Y-110.5849

G1X164.0846Y-50.8665

G1 Z0F20000

(Start Block)


G1X164.0846Y-50.8665
G1Z5F20000
(Plotting speed under)
G1 F4000


G1X148.4056Y-84.7765

G1X200.9210Y-54.9383

G1 Z0F20000

(Start Block)


G1X200.9210Y-54.9383
G1Z5F20000
(Plotting speed under)
G1 F4000


G1X164.0846Y-50.8665

G1X208.3848Y-91.0647

G1 Z0F20000

(Start Block)


G1X208.3848Y-91.0647
G1Z5F20000
(Plotting speed under)
G1 F4000


G1X200.9210Y-54.9383

G1X176.1673Y-109.4243

G1 Z0F20000

(Start Block)


G1X176.1673Y-109.4243
G1Z5F20000
(Plotting speed under)
G1 F4000


G1X208.3848Y-91.0647

G1X148.2977Y-84.5249

G1 Z0F20000

(Start Block)


G1X148.2977Y-84.5249
G1Z5F20000
(Plotting speed under)
G1 F4000


G1X176.1673Y-109.4243

G1X162.8514Y-50.1111

G1 Z0F20000

(Start Block)


G1X162.8514Y-50.1111
G1Z5F20000
(Plotting speed under)
G1 F4000


G1X148.2977Y-84.5249

G1X199.8112Y-52.9562

G1 Z0F20000

(Start Block)


G1X199.8112Y-52.9562
G1Z5F20000
(Plotting speed under)
G1 F4000


G1X162.8514Y-50.1111

G1X208.4779Y-88.8128

G1 Z0F20000

(Start Block)


G1X208.4779Y-88.8128
G1Z5F20000
(Plotting speed under)
G1 F4000


G1X199.8112Y-52.9562

G1X176.8958Y-108.2290

G1 Z0F20000

(Start Block)


G1X176.8958Y-108.2290
G1Z5F20000
(Plotting speed under)
G1 F4000


G1X208.4779Y-88.8128

G1X148.2240Y-84.2657

G1 Z0F20000

(Start Block)


G1X148.2240Y-84.2657
G1Z5F20000
(Plotting speed under)
G1 F4000


G1X176.8958Y-108.2290

G1X161.6363Y-49.3857

G1 Z0F20000

(Start Block)


G1X161.6363Y-49.3857
G1Z5F20000
(Plotting speed under)
G1 F4000


G1X148.2240Y-84.2657

G1X198.6786Y-51.0006

G1 Z0F20000

(Start Block)


G1X198.6786Y-51.0006
G1Z5F20000
(Plotting speed under)
G1 F4000


G1X161.6363Y-49.3857

G1X208.5387Y-86.5477

G1 Z0F20000

(Start Block)


G1X208.5387Y-86.5477
G1Z5F20000
(Plotting speed under)
G1 F4000


G1X198.6786Y-51.0006

G1X177.6267Y-106.9988

G1 Z0F20000

(Start Block)


G1X177.6267Y-106.9988
G1Z5F20000
(Plotting speed under)
G1 F4000


G1X208.5387Y-86.5477

G1X148.1841Y-83.9977

G1 Z0F20000

(Start Block)


G1X148.1841Y-83.9977
G1Z5F20000
(Plotting speed under)
G1 F4000


G1X177.6267Y-106.9988

G1X160.4402Y-48.6896

G1 Z0F20000

(Start Block)


G1X160.4402Y-48.6896
G1Z5F20000
(Plotting speed under)
G1 F4000


G1X148.1841Y-83.9977

G1X197.5242Y-49.0723

G1 Z0F20000

(Start Block)


G1X197.5242Y-49.0723
G1Z5F20000
(Plotting speed under)
G1 F4000


G1X160.4402Y-48.6896

G1X208.5668Y-84.2704

G1 Z0F20000

(Start Block)


G1X208.5668Y-84.2704
G1Z5F20000
(Plotting speed under)
G1 F4000


G1X197.5242Y-49.0723

G1X178.3588Y-105.7336

G1 Z0F20000

(Start Block)


G1X178.3588Y-105.7336
G1Z5F20000
(Plotting speed under)
G1 F4000


G1X208.5668Y-84.2704

G1X148.1777Y-83.7198

G1 Z0F20000

(Start Block)


G1X148.1777Y-83.7198
G1Z5F20000
(Plotting speed under)
G1 F4000


G1X178.3588Y-105.7336

G1X159.2641Y-48.0222

G1 Z0F20000

(Start Block)


G1X159.2641Y-48.0222
G1Z5F20000
(Plotting speed under)
G1 F4000


G1X148.1777Y-83.7198

G1X196.3488Y-47.1721

G1 Z0F20000

(Start Block)


G1X196.3488Y-47.1721
G1Z5F20000
(Plotting speed under)
G1 F4000


G1X159.2641Y-48.0222

G1X208.5616Y-81.9821

G1 Z0F20000

(Start Block)


G1X208.5616Y-81.9821
G1Z5F20000
(Plotting speed under)
G1 F4000


G1X196.3488Y-47.1721

G1X179.0909Y-104.4335

G1 Z0F20000

(Start Block)


G1X179.0909Y-104.4335
G1Z5F20000
(Plotting speed under)
G1 F4000


G1X208.5616Y-81.9821

G1X148.2045Y-83.4309

G1 Z0F20000

(Start Block)


G1X148.2045Y-83.4309
G1Z5F20000
(Plotting speed under)
G1 F4000


G1X179.0909Y-104.4335

G1X158.1088Y-47.3829

G1 Z0F20000

(Start Block)


G1X158.1088Y-47.3829
G1Z5F20000
(Plotting speed under)
G1 F4000


G1X148.2045Y-83.4309

G1X195.1534Y-45.3005

G1 Z0F20000

(Start Block)


G1X195.1534Y-45.3005
G1Z5F20000
(Plotting speed under)
G1 F4000


G1X158.1088Y-47.3829

G1X208.5230Y-79.6838

G1 Z0F20000

(Start Block)


G1X208.5230Y-79.6838
G1Z5F20000
(Plotting speed under)
G1 F4000


G1X195.1534Y-45.3005

G1X179.8219Y-103.0984

G1 Z0F20000

(Start Block)


G1X179.8219Y-103.0984
G1Z5F20000
(Plotting speed under)
G1 F4000


G1X208.5230Y-79.6838

G1X148.2641Y-83.1300

G1 Z0F20000

(Start Block)


G1X148.2641Y-83.1300
G1Z5F20000
(Plotting speed under)
G1 F4000


G1X179.8219Y-103.0984

G1X156.9754Y-46.7708

G1 Z0F20000

(Start Block)


G1X156.9754Y-46.7708
G1Z5F20000
(Plotting speed under)
G1 F4000


G1X148.2641Y-83.1300

G1X193.9390Y-43.4582

G1 Z0F20000

(Start Block)


G1X193.9390Y-43.4582
G1Z5F20000
(Plotting speed under)
G1 F4000


G1X156.9754Y-46.7708

G1X208.4505Y-77.3767

G1 Z0F20000

(Start Block)


G1X208.4505Y-77.3767
G1Z5F20000
(Plotting speed under)
G1 F4000


G1X193.9390Y-43.4582

G1X180.5505Y-101.7285

G1 Z0F20000

(Start Block)


G1X180.5505Y-101.7285
G1Z5F20000
(Plotting speed under)
G1 F4000


G1X208.4505Y-77.3767

G1X148.3561Y-82.8158

G1 Z0F20000

(Start Block)


G1X148.3561Y-82.8158
G1Z5F20000
(Plotting speed under)
G1 F4000


G1X180.5505Y-101.7285

G1X155.8647Y-46.1854

G1 Z0F20000

(Start Block)


G1X155.8647Y-46.1854
G1Z5F20000
(Plotting speed under)
G1 F4000


G1X148.3561Y-82.8158

G1X192.7065Y-41.6459

G1 Z0F20000

(Start Block)


G1X192.7065Y-41.6459
G1Z5F20000
(Plotting speed under)
G1 F4000


G1X155.8647Y-46.1854

G1X208.3439Y-75.0620

G1 Z0F20000

(Start Block)


G1X208.3439Y-75.0620
G1Z5F20000
(Plotting speed under)
G1 F4000


G1X192.7065Y-41.6459

G1X181.2757Y-100.3237

G1 Z0F20000

(Start Block)


G1X181.2757Y-100.3237
G1Z5F20000
(Plotting speed under)
G1 F4000


G1X208.3439Y-75.0620

G1X148.4800Y-82.4874

G1 Z0F20000

(Start Block)


G1X148.4800Y-82.4874
G1Z5F20000
(Plotting speed under)
G1 F4000


G1X181.2757Y-100.3237

G1X154.7776Y-45.6257

G1 Z0F20000

(Start Block)


G1X154.7776Y-45.6257
G1Z5F20000
(Plotting speed under)
G1 F4000


G1X148.4800Y-82.4874

G1X191.4570Y-39.8641

G1 Z0F20000

(Start Block)


G1X191.4570Y-39.8641
G1Z5F20000
(Plotting speed under)
G1 F4000


G1X154.7776Y-45.6257

G1X208.2029Y-72.7406

G1 Z0F20000

(Start Block)


G1X208.2029Y-72.7406
G1Z5F20000
(Plotting speed under)
G1 F4000


G1X191.4570Y-39.8641

G1X181.9964Y-98.8843

G1 Z0F20000

(Start Block)


G1X181.9964Y-98.8843
G1Z5F20000
(Plotting speed under)
G1 F4000


G1X208.2029Y-72.7406

G1X148.6353Y-82.1436

G1 Z0F20000

(Start Block)


G1X148.6353Y-82.1436
G1Z5F20000
(Plotting speed under)
G1 F4000


G1X181.9964Y-98.8843

G1X153.7149Y-45.0911

G1 Z0F20000

(Start Block)


G1X153.7149Y-45.0911
G1Z5F20000
(Plotting speed under)
G1 F4000


G1X148.6353Y-82.1436

G1X190.1914Y-38.1133

G1 Z0F20000

(Start Block)


G1X190.1914Y-38.1133
G1Z5F20000
(Plotting speed under)
G1 F4000


G1X153.7149Y-45.0911

G1X208.0275Y-70.4139

G1 Z0F20000

(Start Block)


G1X208.0275Y-70.4139
G1Z5F20000
(Plotting speed under)
G1 F4000


G1X190.1914Y-38.1133

G1X182.7112Y-97.4105

G1 Z0F20000

(Start Block)


G1X182.7112Y-97.4105
G1Z5F20000
(Plotting speed under)
G1 F4000


G1X208.0275Y-70.4139

G1X148.8216Y-81.7836

G1 Z0F20000

(Start Block)


G1X148.8216Y-81.7836
G1Z5F20000
(Plotting speed under)
G1 F4000


G1X182.7112Y-97.4105

G1X152.6775Y-44.5806

G1 Z0F20000

(Start Block)


G1X152.6775Y-44.5806
G1Z5F20000
(Plotting speed under)
G1 F4000


G1X148.8216Y-81.7836

G1X188.9109Y-36.3941

G1 Z0F20000

(Start Block)


G1X188.9109Y-36.3941
G1Z5F20000
(Plotting speed under)
G1 F4000


G1X152.6775Y-44.5806

G1X207.8173Y-68.0829

G1 Z0F20000

(Start Block)


G1X207.8173Y-68.0829
G1Z5F20000
(Plotting speed under)
G1 F4000


G1X188.9109Y-36.3941

G1X183.4192Y-95.9023

G1 Z0F20000

(Start Block)


G1X183.4192Y-95.9023
G1Z5F20000
(Plotting speed under)
G1 F4000


G1X207.8173Y-68.0829

G1X149.0382Y-81.4062

G1 Z0F20000

(Start Block)


G1X149.0382Y-81.4062
G1Z5F20000
(Plotting speed under)
G1 F4000


G1X183.4192Y-95.9023

G1X151.6661Y-44.0935

G1 Z0F20000

(Start Block)


G1X151.6661Y-44.0935
G1Z5F20000
(Plotting speed under)
G1 F4000


G1X149.0382Y-81.4062

G1X187.6164Y-34.7071

G1 Z0F20000

(Start Block)


G1X187.6164Y-34.7071
G1Z5F20000
(Plotting speed under)
G1 F4000


G1X151.6661Y-44.0935

G1X207.5723Y-65.7488

G1 Z0F20000

(Start Block)


G1X207.5723Y-65.7488
G1Z5F20000
(Plotting speed under)
G1 F4000


G1X187.6164Y-34.7071

G1X184.1191Y-94.3601

G1 Z0F20000

(Start Block)


G1X184.1191Y-94.3601
G1Z5F20000
(Plotting speed under)
G1 F4000


G1X207.5723Y-65.7488

G1X149.2846Y-81.0104

G1 Z0F20000

(Start Block)


G1X149.2846Y-81.0104
G1Z5F20000
(Plotting speed under)
G1 F4000


G1X184.1191Y-94.3601

G1X150.6815Y-43.6288

G1 Z0F20000

(Start Block)


G1X150.6815Y-43.6288
G1Z5F20000
(Plotting speed under)
G1 F4000


G1X149.2846Y-81.0104

G1X186.3090Y-33.0525

G1 Z0F20000

(Start Block)


G1X186.3090Y-33.0525
G1Z5F20000
(Plotting speed under)
G1 F4000


G1X150.6815Y-43.6288

G1X207.2924Y-63.4127

G1 Z0F20000

(Start Block)


G1X207.2924Y-63.4127
G1Z5F20000
(Plotting speed under)
G1 F4000


G1X186.3090Y-33.0525

G1X184.8099Y-92.7842

G1 Z0F20000

(Start Block)


G1X184.8099Y-92.7842
G1Z5F20000
(Plotting speed under)
G1 F4000


G1X207.2924Y-63.4127

G1X149.5601Y-80.5954

G1 Z0F20000

(Start Block)


G1X149.5601Y-80.5954
G1Z5F20000
(Plotting speed under)
G1 F4000


G1X184.8099Y-92.7842

G1X149.7244Y-43.1857

G1 Z0F20000

(Start Block)


G1X149.7244Y-43.1857
G1Z5F20000
(Plotting speed under)
G1 F4000


G1X149.5601Y-80.5954

G1X184.9899Y-31.4308

G1 Z0F20000

(Start Block)


G1X184.9899Y-31.4308
G1Z5F20000
(Plotting speed under)
G1 F4000


G1X149.7244Y-43.1857

G1X206.9775Y-61.0759

G1 Z0F20000

(Start Block)


G1X206.9775Y-61.0759
G1Z5F20000
(Plotting speed under)
G1 F4000


G1X184.9899Y-31.4308

G1X185.4904Y-91.1748

G1 Z0F20000

(Start Block)


G1X185.4904Y-91.1748
G1Z5F20000
(Plotting speed under)
G1 F4000


G1X206.9775Y-61.0759

G1X149.8640Y-80.1600

G1 Z0F20000

(Start Block)


G1X149.8640Y-80.1600
G1Z5F20000
(Plotting speed under)
G1 F4000


G1X185.4904Y-91.1748

G1X148.7956Y-42.7632

G1 Z0F20000

(Start Block)


G1X148.7956Y-42.7632
G1Z5F20000
(Plotting speed under)
G1 F4000


G1X149.8640Y-80.1600

G1X183.6601Y-29.8424

G1 Z0F20000

(Start Block)


G1X183.6601Y-29.8424
G1Z5F20000
(Plotting speed under)
G1 F4000


G1X148.7956Y-42.7632

G1X206.6277Y-58.7394

G1 Z0F20000

(Start Block)


G1X206.6277Y-58.7394
G1Z5F20000
(Plotting speed under)
G1 F4000


G1X183.6601Y-29.8424

G1X186.1595Y-89.5324

G1 Z0F20000

(Start Block)


G1X186.1595Y-89.5324
G1Z5F20000
(Plotting speed under)
G1 F4000


G1X206.6277Y-58.7394

G1X150.1958Y-79.7034

G1 Z0F20000

(Start Block)


G1X150.1958Y-79.7034
G1Z5F20000
(Plotting speed under)
G1 F4000


G1X186.1595Y-89.5324

G1X147.8956Y-42.3604

G1 Z0F20000

(Start Block)


G1X147.8956Y-42.3604
G1Z5F20000
(Plotting speed under)
G1 F4000


G1X150.1958Y-79.7034

G1X182.3207Y-28.2877

G1 Z0F20000

(Start Block)


G1X182.3207Y-28.2877
G1Z5F20000
(Plotting speed under)
G1 F4000


G1X147.8956Y-42.3604

G1X206.2429Y-56.4044

G1 Z0F20000

(Start Block)


G1X206.2429Y-56.4044
G1Z5F20000
(Plotting speed under)
G1 F4000


G1X182.3207Y-28.2877

G1X186.8162Y-87.8573

G1 Z0F20000

(Start Block)


G1X186.8162Y-87.8573
G1Z5F20000
(Plotting speed under)
G1 F4000


G1X206.2429Y-56.4044

G1X150.5547Y-79.2247

G1 Z0F20000

(Start Block)


G1X150.5547Y-79.2247
G1Z5F20000
(Plotting speed under)
G1 F4000


G1X186.8162Y-87.8573

G1X147.0252Y-41.9763

G1 Z0F20000

(Start Block)


G1X147.0252Y-41.9763
G1Z5F20000
(Plotting speed under)
G1 F4000


G1X150.5547Y-79.2247

G1X180.9729Y-26.7669

G1 Z0F20000

(Start Block)


G1X180.9729Y-26.7669
G1Z5F20000
(Plotting speed under)
G1 F4000


G1X147.0252Y-41.9763

G1X205.8233Y-54.0721

G1 Z0F20000

(Start Block)


G1X205.8233Y-54.0721
G1Z5F20000
(Plotting speed under)
G1 F4000


G1X180.9729Y-26.7669

G1X187.4594Y-86.1500

G1 Z0F20000

(Start Block)


G1X187.4594Y-86.1500
G1Z5F20000
(Plotting speed under)
G1 F4000


G1X205.8233Y-54.0721

G1X150.9398Y-78.7230

G1 Z0F20000

(Start Block)


G1X150.9398Y-78.7230
G1Z5F20000
(Plotting speed under)
G1 F4000


G1X187.4594Y-86.1500

G1X146.1849Y-41.6099

G1 Z0F20000

(Start Block)


G1X146.1849Y-41.6099
G1Z5F20000
(Plotting speed under)
G1 F4000


G1X150.9398Y-78.7230

G1X179.6178Y-25.2803

G1 Z0F20000

(Start Block)


G1X179.6178Y-25.2803
G1Z5F20000
(Plotting speed under)
G1 F4000


G1X146.1849Y-41.6099

G1X205.3689Y-51.7437

G1 Z0F20000

(Start Block)


G1X205.3689Y-51.7437
G1Z5F20000
(Plotting speed under)
G1 F4000


G1X179.6178Y-25.2803

G1X188.0879Y-84.4109

G1 Z0F20000

(Start Block)


G1X188.0879Y-84.4109
G1Z5F20000
(Plotting speed under)
G1 F4000


G1X205.3689Y-51.7437

G1X151.3506Y-78.1974

G1 Z0F20000

(Start Block)


G1X151.3506Y-78.1974
G1Z5F20000
(Plotting speed under)
G1 F4000


G1X188.0879Y-84.4109

G1X145.3754Y-41.2603

G1 Z0F20000

(Start Block)


G1X145.3754Y-41.2603
G1Z5F20000
(Plotting speed under)
G1 F4000


G1X151.3506Y-78.1974

G1X178.2565Y-23.8280

G1 Z0F20000

(Start Block)


G1X178.2565Y-23.8280
G1Z5F20000
(Plotting speed under)
G1 F4000


G1X145.3754Y-41.2603

G1X204.8800Y-49.4202

G1 Z0F20000

(Start Block)


G1X204.8800Y-49.4202
G1Z5F20000
(Plotting speed under)
G1 F4000


G1X178.2565Y-23.8280

G1X188.7095Y-82.6752

G1 Z0F20000

(Start Block)


G1X188.7095Y-82.6752
G1Z5F20000
(Plotting speed under)
G1 F4000


G1X204.8800Y-49.4202

G1 Z0F20000


G00 X0.0000 Y0.0000


