$H
G21
G17
G90
G1 Z0F20000
G1 F15000

(Start Layer)

(Start Block)


G1X22.9136Y-377.4884
G1Z6F20000
(Plotting speed under)
G1 F4000


G1X49.8869Y-377.4633

G1X55.8128Y-377.3096

G1X61.0236Y-376.9979

G1X66.0300Y-376.4926

G1X71.1386Y-375.7513

G1X75.7363Y-374.9129

G1X85.4426Y-372.9465

G1X89.8360Y-372.1961

G1X94.1272Y-371.6968

G1X98.2140Y-371.5116

G1X102.3009Y-371.6463

G1X106.4900Y-372.1063

G1X110.7812Y-372.8510

G1X119.2614Y-374.6575

G1X122.9396Y-375.3533

G1X127.0265Y-375.9332

G1X131.0112Y-376.2565

G1X134.5872Y-376.3424

G1X138.4697Y-376.2506

G1X155.9410Y-375.0097

G1X160.8452Y-374.8005

G1X165.4430Y-374.7376

G1X169.5298Y-374.8007

G1X173.6167Y-374.9801

G1X178.1123Y-375.3052

G1X187.8186Y-376.1904

G1X190.4750Y-376.3249

G1X192.8250Y-376.3264

G1X195.9923Y-376.0766

G1X198.9553Y-375.5191

G1X202.0204Y-374.6060

G1X207.0633Y-372.7066

G1X208.7637Y-372.1396

G1X210.8072Y-371.6608

G1X212.6463Y-371.5104

G1X214.5875Y-371.7184

G1X216.4558Y-372.3019

G1X218.5177Y-373.3388

G1X222.4139Y-375.8400

G1X223.9508Y-376.6978

G1X225.6221Y-377.3209

G1X226.4395Y-377.4629

G1X227.1547Y-377.4883

G1X228.5850Y-377.2343

G1X230.1176Y-376.5174

G1X231.6802Y-375.3765

G1X235.0399Y-372.3046

G1X236.3437Y-371.2706

G1X237.8024Y-370.4845

G1X238.4957Y-370.2966

G1X239.1087Y-370.2386

G1X239.7218Y-370.2942

G1X240.4370Y-370.5016

G1X241.0755Y-370.8129

G1X241.7396Y-371.2628

G1X242.5144Y-371.9224

G1X243.3999Y-372.8349

G1X246.2661Y-376.2529

G1X247.6337Y-377.6623

G1X248.3808Y-378.2502

G1X248.9975Y-378.5957

G1X249.6616Y-378.8252

G1X250.3476Y-378.8816

G1X250.8584Y-378.8026

G1X251.4523Y-378.5839

G1X252.0334Y-378.2422

G1X252.6145Y-377.7628

G1X253.5830Y-376.5985

G1X256.5011Y-372.4162

G1X258.0105Y-370.5501

G1X258.8222Y-369.7078

G1X259.4336Y-369.2207

G1X260.1926Y-368.8392

G1X260.8713Y-368.7217

G1X261.5865Y-368.8377

G1X262.2296Y-369.1459

G1X262.9327Y-369.7079

G1X263.6253Y-370.4511

G1X264.9704Y-372.3640

G1X268.2489Y-377.8291

G1X269.1956Y-379.0705

G1X269.9645Y-379.8377

G1X270.9386Y-380.4119

G1X271.3950Y-380.5160

G1X271.9058Y-380.4999

G1X272.4167Y-380.3497

G1X272.9335Y-380.0677

G1X273.4805Y-379.6274

G1X273.9493Y-379.1088

G1 Z0F20000

(Start Block)


G1X22.9136Y-376.3084
G1Z6F20000
(Plotting speed under)
G1 F4000


G1X34.3568Y-376.3385

G1X43.5522Y-376.2480

G1X50.1934Y-376.0342

G1X56.0172Y-375.6590

G1X61.0236Y-375.1484

G1X66.1322Y-374.4314

G1X70.8321Y-373.6175

G1X80.4362Y-371.7830

G1X84.8296Y-371.0695

G1X89.2230Y-370.5790

G1X93.4120Y-370.3978

G1X97.6010Y-370.5374

G1X101.8922Y-371.0068

G1X106.2856Y-371.7667

G1X114.8680Y-373.5932

G1X118.5462Y-374.2893

G1X122.5309Y-374.8532

G1X126.4134Y-375.1610

G1X129.9894Y-375.2258

G1X133.8720Y-375.0880

G1X137.9588Y-374.7715

G1X148.1760Y-373.7259

G1X153.3867Y-373.2864

G1X159.3127Y-372.9676

G1X165.1365Y-372.8646

G1X170.4494Y-372.9645

G1X175.5580Y-373.2537

G1X180.6666Y-373.7436

G1X190.8837Y-375.0092

G1X193.5402Y-375.1984

G1X195.8901Y-375.2146

G1X198.6488Y-374.9823

G1X201.4074Y-374.4263

G1X204.1222Y-373.5671

G1X208.7710Y-371.7071

G1X210.7050Y-371.0189

G1X212.5441Y-370.5612

G1X214.2810Y-370.3973

G1X215.3027Y-370.4484

G1X216.2223Y-370.5977

G1X218.0686Y-371.1928

G1X220.0230Y-372.2086

G1X223.9192Y-374.7804

G1X225.3740Y-375.6057

G1X227.0525Y-376.2299

G1X228.4829Y-376.3738

G1X229.1981Y-376.2910

G1X229.9133Y-376.1023

G1X231.3510Y-375.4083

G1X232.9303Y-374.2320

G1X236.2118Y-371.1743

G1X237.5059Y-370.1367

G1X238.1819Y-369.7132

G1X238.9409Y-369.3609

G1X239.6196Y-369.1780

G1X240.2326Y-369.1261

G1X240.8384Y-369.1866

G1X241.5025Y-369.3863

G1X242.1547Y-369.7087

G1X242.8188Y-370.1683

G1X244.3087Y-371.5868

G1X247.2518Y-375.1288

G1X248.5653Y-376.5059

G1X249.2939Y-377.0876

G1X249.9581Y-377.4805

G1X250.6541Y-377.7151

G1X251.2671Y-377.7715

G1X251.9386Y-377.6634

G1X252.5078Y-377.4231

G1X252.9927Y-377.0828

G1X253.5830Y-376.5049

G1X254.2568Y-375.6806

G1X256.6822Y-372.1765

G1X259.4950Y-368.8049

G1X260.1200Y-368.2545

G1X260.6669Y-367.9008

G1X261.2799Y-367.6698

G1X261.7908Y-367.6071

G1X262.4695Y-367.7252

G1X263.2285Y-368.1170

G1X263.8826Y-368.6674

G1X264.6516Y-369.5379

G1X266.0309Y-371.5755

G1X268.9382Y-376.4676

G1X269.7834Y-377.6534

G1X270.5896Y-378.5294

G1X271.3950Y-379.1259

G1X272.3145Y-379.4089

G1X273.1903Y-379.2863

G1X273.9493Y-378.8138

G1 Z0F20000

(Start Block)


G1X22.9136Y-374.9350
G1Z6F20000
(Plotting speed under)
G1 F4000


G1X30.9852Y-374.9853

G1X38.8524Y-374.8785

G1X45.4935Y-374.6273

G1X51.4195Y-374.2207

G1X56.4259Y-373.7076

G1X61.4323Y-373.0286

G1X75.4298Y-370.6040

G1X79.8232Y-369.9335

G1X84.4209Y-369.4504

G1X88.6099Y-369.2839

G1X92.9011Y-369.4291

G1X97.2945Y-369.9070

G1X101.7901Y-370.6795

G1X110.4747Y-372.5154

G1X114.1528Y-373.2074

G1X118.1375Y-373.7663

G1X121.9179Y-374.0583

G1X126.1069Y-374.0946

G1X130.6025Y-373.8389

G1X134.6893Y-373.4210

G1X145.6217Y-372.0951

G1X152.2628Y-371.5023

G1X158.4953Y-371.1834

G1X164.8299Y-371.0794

G1X171.6755Y-371.2147

G1X177.8058Y-371.6086

G1X183.4252Y-372.2576

G1X193.7445Y-373.8450

G1X196.2988Y-374.0734

G1X198.5466Y-374.1040

G1X201.1009Y-373.8779

G1X203.6552Y-373.3297

G1X206.3043Y-372.4351

G1X210.8583Y-370.5122

G1X212.4711Y-369.9153

G1X214.2810Y-369.4460

G1X216.0179Y-369.2839

G1X217.7548Y-369.4719

G1X219.5866Y-370.0743

G1X221.4399Y-371.0630

G1X225.2475Y-373.6429

G1X226.7022Y-374.4911

G1X228.2785Y-375.0995

G1X228.9937Y-375.2311

G1X229.7089Y-375.2613

G1X230.4241Y-375.1816

G1X231.1393Y-374.9907

G1X232.5970Y-374.2685

G1X234.1761Y-373.0586

G1X237.3838Y-370.0185

G1X238.5851Y-369.0429

G1X239.2492Y-368.6119

G1X239.9845Y-368.2643

G1X240.6486Y-368.0707

G1X241.2543Y-368.0133

G1X241.8673Y-368.0677

G1X242.5461Y-368.2696

G1X243.2102Y-368.6059

G1X243.8687Y-369.0657

G1X245.2874Y-370.4284

G1X248.3808Y-374.1844

G1X249.5983Y-375.4473

G1X250.2182Y-375.9450

G1X250.9266Y-376.3706

G1X251.5736Y-376.5950

G1X252.1867Y-376.6566

G1X252.6975Y-376.5923

G1X253.3174Y-376.3979

G1X253.7601Y-376.1450

G1X254.1413Y-375.7999

G1X256.7487Y-372.0902

G1X260.5271Y-367.5448

G1X261.6410Y-366.7407

G1X262.1995Y-366.5456

G1X262.7104Y-366.4969

G1X263.4119Y-366.6337

G1X264.0318Y-366.9603

G1X264.7180Y-367.5207

G1X265.4486Y-368.3445

G1X266.6439Y-370.0680

G1X269.6989Y-375.2310

G1X270.5338Y-376.4116

G1X271.1663Y-377.1582

G1X271.8739Y-377.7799

G1X272.5380Y-378.1557

G1X273.3362Y-378.3205

G1X273.9493Y-378.1807

G1 Z0F20000

(Start Block)


G1X22.9136Y-373.3914
G1Z6F20000
(Plotting speed under)
G1 F4000


G1X29.3504Y-373.4320

G1X35.6850Y-373.3252

G1X41.6110Y-373.0765

G1X47.1282Y-372.6879

G1X51.8281Y-372.2195

G1X56.6302Y-371.6076

G1X70.5255Y-369.3925

G1X74.9190Y-368.7745

G1X79.5167Y-368.3262

G1X83.8079Y-368.1699

G1X88.2013Y-368.3217

G1X92.6968Y-368.8067

G1X97.2945Y-369.5897

G1X106.0813Y-371.4293

G1X109.7594Y-372.1142

G1X113.7441Y-372.6676

G1X117.5245Y-372.9528

G1X121.7135Y-372.9727

G1X126.2091Y-372.6816

G1X130.2960Y-372.2142

G1X141.6370Y-370.6721

G1X148.6868Y-369.9873

G1X156.1454Y-369.6025

G1X164.7278Y-369.4764

G1X173.3102Y-369.6281

G1X176.8862Y-369.8108

G1X180.2579Y-370.0816

G1X186.0817Y-370.8343

G1X196.4010Y-372.6964

G1X198.7509Y-372.9462

G1X200.8965Y-372.9944

G1X203.2465Y-372.7871

G1X205.5964Y-372.2701

G1X208.1069Y-371.3937

G1X212.4711Y-369.4634

G1X214.0840Y-368.8323

G1X216.0179Y-368.3136

G1X217.6527Y-368.1703

G1X219.2874Y-368.3614

G1X221.0098Y-368.9427

G1X222.8566Y-369.9531

G1X226.4871Y-372.4770

G1X227.9355Y-373.3500

G1X229.5046Y-373.9786

G1X230.2198Y-374.1165

G1X230.9350Y-374.1473

G1X232.2632Y-373.9020

G1X233.6596Y-373.2241

G1X235.3524Y-371.9152

G1X238.0870Y-369.2701

G1X239.5923Y-367.9824

G1X240.3893Y-367.4591

G1X241.0500Y-367.1494

G1X241.7652Y-366.9456

G1X242.3782Y-366.8998

G1X243.0934Y-366.9966

G1X243.7541Y-367.2333

G1X244.4625Y-367.6426

G1X245.2447Y-368.2595

G1X246.5213Y-369.5808

G1X249.6426Y-373.4054

G1X250.9786Y-374.6919

G1X252.1283Y-375.3649

G1X252.6975Y-375.5180

G1X253.3106Y-375.5555

G1X253.7193Y-375.4839

G1X254.0996Y-375.3072

G1X254.8375Y-374.6310

G1X255.5351Y-373.7959

G1X256.9479Y-371.8375

G1X260.4139Y-367.5288

G1X261.3310Y-366.5182

G1X261.9214Y-365.9948

G1X262.4695Y-365.6549

G1X263.0388Y-365.4380

G1X263.5277Y-365.3808

G1X264.1407Y-365.4765

G1X264.7297Y-365.7369

G1X265.3548Y-366.2017

G1X266.0402Y-366.8994

G1X267.4675Y-368.8969

G1X269.9135Y-373.0927

G1X271.2928Y-375.1888

G1X271.9919Y-376.0209

G1X272.6210Y-376.5987

G1X273.2852Y-376.9990

G1X273.9493Y-377.1794

G1 Z0F20000

(Start Block)


G1X22.9136Y-371.7107
G1Z6F20000
(Plotting speed under)
G1 F4000


G1X28.1244Y-371.7277

G1X33.3351Y-371.6228

G1X38.3415Y-371.4012

G1X43.2457Y-371.0597

G1X47.6391Y-370.6436

G1X52.2368Y-370.1001

G1X65.5191Y-368.1812

G1X70.0147Y-367.6063

G1X74.7146Y-367.1916

G1X79.1080Y-367.0563

G1X83.6035Y-367.2230

G1X88.0991Y-367.7063

G1X92.6968Y-368.4775

G1X101.6879Y-370.3368

G1X105.3661Y-371.0140

G1X109.4529Y-371.5724

G1X113.2333Y-371.8468

G1X117.4223Y-371.8510

G1X121.9179Y-371.5326

G1X126.0048Y-371.0277

G1X137.4480Y-369.3454

G1X141.2283Y-368.9120

G1X144.9065Y-368.5943

G1X148.8912Y-368.3609

G1X153.1824Y-368.2144

G1X164.7278Y-368.1121

G1X175.5580Y-368.2340

G1X179.4405Y-368.4063

G1X182.8122Y-368.6708

G1X185.7751Y-369.0199

G1X188.7381Y-369.4920

G1X198.8531Y-371.5581

G1X200.9987Y-371.8194

G1X203.0421Y-371.8839

G1X205.2899Y-371.6852

G1X207.5377Y-371.1702

G1X209.9095Y-370.3045

G1X213.9891Y-368.4210

G1X215.7114Y-367.7166

G1X217.4483Y-367.2232

G1X219.0831Y-367.0562

G1X220.7178Y-367.2426

G1X222.4329Y-367.8373

G1X224.1849Y-368.8199

G1X227.7268Y-371.3386

G1X229.1689Y-372.2294

G1X229.9279Y-372.5942

G1X230.7307Y-372.8674

G1X232.0589Y-373.0350

G1X232.7741Y-372.9623

G1X233.4382Y-372.7853

G1X234.8107Y-372.1057

G1X236.3681Y-370.8911

G1X239.2677Y-368.0554

G1X240.6653Y-366.8536

G1X241.4519Y-366.3393

G1X242.0717Y-366.0404

G1X242.7869Y-365.8355

G1X243.3999Y-365.7847

G1X244.0130Y-365.8609

G1X244.6260Y-366.0587

G1X245.2595Y-366.3934

G1X245.8793Y-366.8406

G1X247.4479Y-368.4048

G1X249.9778Y-371.5652

G1X251.3693Y-373.0969

G1X252.1164Y-373.7250

G1X252.7997Y-374.1388

G1X253.5149Y-374.3844

G1X254.1207Y-374.4293

G1X254.8796Y-374.3061

G1X255.5351Y-373.8427

G1X256.8815Y-371.9208

G1X261.5303Y-366.1362

G1X262.1514Y-365.4556

G1X262.7765Y-364.9001

G1X263.3234Y-364.5465

G1X263.9364Y-364.3212

G1X264.4473Y-364.2672

G1X265.0311Y-364.3692

G1X265.6952Y-364.6908

G1X266.3294Y-365.1873

G1X267.0284Y-365.9472

G1X268.3042Y-367.7658

G1X270.9352Y-372.2706

G1X271.8965Y-373.7417

G1X272.9335Y-375.0051

G1X273.9493Y-375.8017

G1 Z0F20000

(Start Block)


G1X22.9136Y-369.9327
G1Z6F20000
(Plotting speed under)
G1 F4000


G1X31.3938Y-369.8240

G1X39.7719Y-369.3570

G1X47.9456Y-368.5617

G1X65.2126Y-366.4191

G1X70.0147Y-366.0493

G1X74.3059Y-365.9433

G1X78.9036Y-366.1189

G1X83.5014Y-366.6067

G1X88.3034Y-367.4020

G1X97.1923Y-369.2178

G1X101.0749Y-369.9243

G1X105.1617Y-370.4718

G1X108.9421Y-370.7377

G1X113.1311Y-370.7323

G1X117.5245Y-370.4087

G1X121.6113Y-369.8841

G1X133.8720Y-367.9999

G1X138.0610Y-367.5329

G1X142.1479Y-367.2255

G1X146.0304Y-367.0578

G1X150.5259Y-366.9780

G1X174.5363Y-366.9686

G1X181.6883Y-367.1001

G1X184.5491Y-367.2812

G1X187.2055Y-367.5543

G1X192.0076Y-368.3525

G1X200.8965Y-370.3873

G1X203.1443Y-370.6996

G1X205.0856Y-370.7712

G1X207.2312Y-370.5765

G1X209.3768Y-370.0627

G1X211.6173Y-369.2121

G1X215.5071Y-367.3459

G1X217.3097Y-366.5818

G1X219.0831Y-366.0798

G1X220.6157Y-365.9431

G1X222.1483Y-366.1373

G1X223.7611Y-366.7123

G1X225.5131Y-367.7177

G1X228.7894Y-370.1044

G1X230.3074Y-371.0775

G1X231.7524Y-371.7075

G1X232.4676Y-371.8734

G1X233.1828Y-371.9219

G1X233.7958Y-371.8699

G1X234.4818Y-371.7034

G1X235.8456Y-371.0448

G1X237.3838Y-369.8485

G1X240.4483Y-366.8191

G1X241.7592Y-365.6961

G1X243.1153Y-364.9164

G1X243.8086Y-364.7211

G1X244.4216Y-364.6720

G1X245.0128Y-364.7464

G1X245.6769Y-364.9723

G1X246.3054Y-365.3161

G1X246.8865Y-365.7499

G1X248.2235Y-367.0768

G1X251.1163Y-370.6901

G1X252.4024Y-372.0800

G1X253.6716Y-373.0021

G1X254.3323Y-373.2560

G1X254.9453Y-373.3510

G1X255.3540Y-373.2750

G1X255.7447Y-373.0573

G1X256.8720Y-371.9720

G1X261.8054Y-365.7794

G1X263.1241Y-364.2359

G1X264.2089Y-363.4243

G1X264.7538Y-363.2167

G1X265.2646Y-363.1558

G1X265.8777Y-363.2499

G1X266.5609Y-363.5805

G1X267.3081Y-364.1911

G1X267.9406Y-364.8999

G1X269.1676Y-366.6619

G1X272.3554Y-372.0672

G1X273.2187Y-373.2592

G1X273.9493Y-374.0629

G1 Z0F20000

(Start Block)


G1X22.9136Y-368.1014
G1Z6F20000
(Plotting speed under)
G1 F4000


G1X29.7591Y-367.9802

G1X36.7068Y-367.6114

G1X43.9609Y-366.9852

G1X60.4105Y-365.2267

G1X65.2126Y-364.9114

G1X69.5038Y-364.8314

G1X74.2037Y-365.0177

G1X79.0058Y-365.5226

G1X83.8079Y-366.3056

G1X93.0033Y-368.1527

G1X96.7837Y-368.8279

G1X100.8705Y-369.3664

G1X104.6509Y-369.6265

G1X108.8399Y-369.6162

G1X113.2333Y-369.2855

G1X117.4223Y-368.7324

G1X129.7851Y-366.7682

G1X134.0763Y-366.2903

G1X138.2653Y-366.0004

G1X145.6217Y-365.8566

G1X164.9321Y-366.1165

G1X181.2796Y-365.8550

G1X186.3882Y-365.9945

G1X190.7815Y-366.4452

G1X194.7662Y-367.1987

G1X203.0421Y-369.2652

G1X205.0856Y-369.5744

G1X207.0268Y-369.6580

G1X209.0703Y-369.4638

G1X211.1137Y-368.9530

G1X213.2301Y-368.1203

G1X217.2148Y-366.1457

G1X218.7328Y-365.4861

G1X220.4113Y-364.9846

G1X221.9439Y-364.8290

G1X223.4765Y-365.0202

G1X225.0703Y-365.6008

G1X226.7970Y-366.6155

G1X229.9516Y-368.9632

G1X231.3573Y-369.8948

G1X232.8763Y-370.5862

G1X233.5915Y-370.7565

G1X234.3067Y-370.8089

G1X234.9197Y-370.7549

G1X235.6203Y-370.5805

G1X237.0078Y-369.8846

G1X238.4560Y-368.7339

G1X241.6290Y-365.5633

G1X242.8188Y-364.5524

G1X243.4948Y-364.1083

G1X244.1589Y-363.7884

G1X244.8303Y-363.6012

G1X245.4433Y-363.5610

G1X246.1513Y-363.6717

G1X246.8154Y-363.9371

G1X247.5409Y-364.3874

G1X248.2441Y-364.9844

G1X249.4434Y-366.2731

G1X252.4319Y-370.0307

G1X253.7306Y-371.3215

G1X254.8796Y-372.0195

G1X255.9670Y-372.2321

G1X256.5801Y-372.0953

G1X257.1471Y-371.6254

G1X263.0071Y-364.2298

G1X263.9875Y-363.1374

G1X264.5778Y-362.6187

G1X265.1260Y-362.2876

G1X265.6952Y-362.0840

G1X266.1842Y-362.0411

G1X266.7972Y-362.1590

G1X267.4643Y-362.4937

G1X268.1675Y-363.0859

G1X268.8778Y-363.8855

G1X270.0667Y-365.6225

G1X272.5189Y-369.8551

G1X273.9493Y-372.0013

G1 Z0F20000

(Start Block)


G1X22.9136Y-366.2618
G1Z6F20000
(Plotting speed under)
G1 F4000


G1X29.0439Y-366.1150

G1X35.4807Y-365.7667

G1X41.2023Y-365.3173

G1X52.7477Y-364.2544

G1X57.4476Y-363.9118

G1X61.9431Y-363.7323

G1X66.1322Y-363.7504

G1X70.9342Y-364.0365

G1X75.9407Y-364.6454

G1X80.3340Y-365.3979

G1X90.0403Y-367.3084

G1X94.5359Y-368.0200

G1X98.7249Y-368.4325

G1X102.8118Y-368.5451

G1X106.1834Y-368.4147

G1X109.7594Y-368.0776

G1X113.5398Y-367.5491

G1X125.4939Y-365.6019

G1X129.6829Y-365.1253

G1X133.7698Y-364.8463

G1X137.3458Y-364.7478

G1X141.3305Y-364.7684

G1X156.5540Y-365.3042

G1X164.1148Y-365.4098

G1X170.3472Y-365.3104

G1X182.1991Y-364.8125

G1X186.6947Y-364.7465

G1X190.5772Y-364.9281

G1X194.0511Y-365.3751

G1X197.4227Y-366.0967

G1X204.7791Y-368.0903

G1X206.9247Y-368.4525

G1X208.7637Y-368.5462

G1X210.7050Y-368.3677

G1X212.6463Y-367.8803

G1X214.7481Y-367.0347

G1X218.7328Y-365.0001

G1X220.2507Y-364.3306

G1X221.8417Y-363.8579

G1X223.3743Y-363.7170

G1X224.8996Y-363.9398

G1X226.3986Y-364.5204

G1X228.0423Y-365.5145

G1X231.1968Y-367.9061

G1X232.5970Y-368.8366

G1X234.0074Y-369.4773

G1X234.7153Y-369.6440

G1X235.4306Y-369.6958

G1X236.1458Y-369.6166

G1X236.7588Y-369.4474

G1X238.0870Y-368.7600

G1X239.5628Y-367.5642

G1X242.5882Y-364.5026

G1X243.7320Y-363.5058

G1X244.4791Y-362.9951

G1X245.1369Y-362.6792

G1X245.7499Y-362.4971

G1X246.3629Y-362.4456

G1X246.9759Y-362.5233

G1X247.5617Y-362.7188

G1X248.1815Y-363.0595

G1X248.8604Y-363.5663

G1X250.2308Y-364.9740

G1X252.6343Y-368.0456

G1X254.0258Y-369.6448

G1X255.2759Y-370.6569

G1X256.0181Y-370.9960

G1X256.5874Y-371.0938

G1X257.4412Y-370.9084

G1X257.9156Y-370.6250

G1X258.2635Y-370.3057

G1X264.0824Y-362.8742

G1X264.8176Y-362.0525

G1X265.8968Y-361.2150

G1X266.4907Y-360.9885

G1X267.0016Y-360.9267

G1X267.6623Y-361.0460

G1X268.2821Y-361.3598

G1X268.9858Y-361.9309

G1X269.6849Y-362.7217

G1X270.9607Y-364.5869

G1X273.9493Y-369.6764

G1 Z0F20000

(Start Block)


G1X22.9136Y-364.4569
G1Z6F20000
(Plotting speed under)
G1 F4000


G1X27.8178Y-364.3245

G1X32.9264Y-364.0787

G1X52.7477Y-362.7367

G1X57.6519Y-362.6041

G1X62.0453Y-362.6740

G1X66.8474Y-362.9995

G1X71.7516Y-363.6089

G1X76.1450Y-364.3539

G1X85.6470Y-366.1882

G1X90.1425Y-366.8941

G1X94.3315Y-367.3106

G1X98.3162Y-367.4333

G1X101.7901Y-367.3115

G1X105.5704Y-366.9582

G1X109.4529Y-366.4097

G1X121.4070Y-364.4371

G1X125.5961Y-363.9611

G1X129.5808Y-363.7016

G1X133.2589Y-363.6278

G1X137.1414Y-363.6944

G1X154.4085Y-364.6070

G1X159.2105Y-364.7591

G1X163.7061Y-364.8043

G1X171.7776Y-364.6227

G1X185.5708Y-363.7426

G1X190.2707Y-363.6344

G1X193.5402Y-363.8131

G1X196.6053Y-364.2482

G1X199.6705Y-364.9555

G1X206.7203Y-366.9854

G1X208.6616Y-367.3318

G1X210.3985Y-367.4332

G1X212.3397Y-367.2559

G1X214.2737Y-366.7493

G1X216.1712Y-365.9609

G1X220.1559Y-363.8708

G1X221.5790Y-363.2270

G1X223.1700Y-362.7418

G1X224.6004Y-362.6023

G1X226.1329Y-362.8218

G1X227.6383Y-363.4168

G1X229.2045Y-364.3806

G1X232.4420Y-366.8733

G1X233.7481Y-367.7441

G1X235.1459Y-368.3778

G1X236.4523Y-368.5827

G1X237.0653Y-368.5304

G1X237.7805Y-368.3454

G1X239.0610Y-367.6893

G1X239.8059Y-367.1396

G1X240.7435Y-366.2998

G1X243.2601Y-363.7015

G1X244.6500Y-362.4368

G1X245.9678Y-361.6188

G1X246.6694Y-361.3949

G1X247.2824Y-361.3297

G1X247.8955Y-361.4022

G1X248.5085Y-361.6064

G1X249.0449Y-361.8915

G1X249.7090Y-362.3818

G1X251.1596Y-363.8679

G1X253.8360Y-367.2963

G1X255.0744Y-368.6763

G1X256.3280Y-369.6304

G1X256.9887Y-369.9017

G1X257.6018Y-370.0063

G1X258.0105Y-369.9403

G1X258.4255Y-369.7246

G1X259.5285Y-368.6977

G1X264.3986Y-362.4501

G1X265.7002Y-360.9137

G1X266.7768Y-360.0932

G1X267.3081Y-359.8815

G1X267.8189Y-359.8151

G1X268.4319Y-359.9045

G1X269.0514Y-360.1890

G1X269.7155Y-360.7041

G1X270.3441Y-361.3636

G1X271.6647Y-363.2239

G1X273.9493Y-367.1655

G1 Z0F20000

(Start Block)


G1X22.9136Y-362.7250
G1Z6F20000
(Plotting speed under)
G1 F4000


G1X30.3721Y-362.4712

G1X48.1500Y-361.5649

G1X53.3607Y-361.4900

G1X58.0606Y-361.6167

G1X62.7605Y-361.9706

G1X67.5626Y-362.5750

G1X71.9559Y-363.3089

G1X81.3557Y-365.0818

G1X85.7491Y-365.7634

G1X89.9382Y-366.1852

G1X93.9228Y-366.3203

G1X97.6010Y-366.1988

G1X101.3814Y-365.8466

G1X105.3661Y-365.2815

G1X113.7441Y-363.8395

G1X117.4223Y-363.2798

G1X121.5092Y-362.8174

G1X125.3917Y-362.5718

G1X128.9677Y-362.5156

G1X132.8502Y-362.6139

G1X152.0585Y-363.9199

G1X157.7801Y-364.1486

G1X163.3995Y-364.2229

G1X168.5081Y-364.1511

G1X173.5146Y-363.9395

G1X178.5210Y-363.5826

G1X188.4316Y-362.6771

G1X190.9859Y-362.5398

G1X193.2337Y-362.5211

G1X196.1966Y-362.7033

G1X198.9553Y-363.1311

G1X201.8161Y-363.8397

G1X208.4572Y-365.8622

G1X210.2963Y-366.2095

G1X212.0332Y-366.3195

G1X213.8723Y-366.1478

G1X215.6968Y-365.6628

G1X217.5943Y-364.8568

G1X221.4841Y-362.7624

G1X222.9072Y-362.1041

G1X224.4982Y-361.6164

G1X225.9286Y-361.4908

G1X227.3590Y-361.7128

G1X228.7894Y-362.2871

G1X230.3667Y-363.2706

G1X233.6042Y-365.8008

G1X234.8992Y-366.6665

G1X236.2844Y-367.2848

G1X236.9631Y-367.4322

G1X237.5761Y-367.4672

G1X238.7511Y-367.2541

G1X240.0351Y-366.6084

G1X241.4814Y-365.4379

G1X244.4485Y-362.3765

G1X245.7439Y-361.2230

G1X246.4359Y-360.7598

G1X247.1000Y-360.4324

G1X247.6911Y-360.2672

G1X248.3042Y-360.2191

G1X248.9975Y-360.3287

G1X249.6616Y-360.5992

G1X250.3536Y-361.0382

G1X251.0568Y-361.6479

G1X252.2991Y-363.0229

G1X255.1010Y-366.6227

G1X256.3871Y-367.9408

G1X257.5361Y-368.6666

G1X258.6235Y-368.8900

G1X259.0322Y-368.8343

G1X259.3387Y-368.7000

G1X259.8979Y-368.1894

G1X265.6003Y-360.8877

G1X266.5702Y-359.8001

G1X267.1605Y-359.2766

G1X267.6876Y-358.9548

G1X268.2568Y-358.7469

G1X268.7312Y-358.6990

G1X269.3004Y-358.7969

G1X269.8697Y-359.0536

G1X270.4073Y-359.4426

G1X271.0714Y-360.1091

G1X272.2745Y-361.7381

G1X273.9493Y-364.5589

G1 Z0F20000

(Start Block)


G1X22.9136Y-361.0979
G1Z6F20000
(Plotting speed under)
G1 F4000


G1X44.0631Y-360.3977

G1X49.4782Y-360.3992

G1X54.3824Y-360.5943

G1X58.9802Y-360.9826

G1X63.5779Y-361.5749

G1X67.8691Y-362.2818

G1X77.0645Y-363.9713

G1X81.3557Y-364.6286

G1X85.6470Y-365.0636

G1X89.6316Y-365.2067

G1X93.3098Y-365.0961

G1X97.1923Y-364.7429

G1X101.2792Y-364.1647

G1X113.3354Y-362.1528

G1X117.4223Y-361.6885

G1X121.3048Y-361.4477

G1X125.3917Y-361.4128

G1X129.8873Y-361.5966

G1X144.8043Y-362.8669

G1X151.3433Y-363.2970

G1X157.2692Y-363.5221

G1X163.1952Y-363.5940

G1X169.6320Y-363.4945

G1X175.4558Y-363.2125

G1X180.9731Y-362.7419

G1X191.0881Y-361.6021

G1X193.6423Y-361.4324

G1X195.8901Y-361.4088

G1X198.5466Y-361.5892

G1X201.1009Y-362.0139

G1X203.7573Y-362.7107

G1X209.9898Y-364.7114

G1X211.8289Y-365.0850

G1X213.5658Y-365.2062

G1X215.3027Y-365.0452

G1X217.1199Y-364.5537

G1X219.0174Y-363.7231

G1X222.7175Y-361.6792

G1X224.1406Y-361.0018

G1X225.7243Y-360.5033

G1X227.1547Y-360.3783

G1X228.5850Y-360.6145

G1X229.9279Y-361.1685

G1X231.5289Y-362.1845

G1X234.6834Y-364.6855

G1X235.9618Y-365.5514

G1X237.3718Y-366.1826

G1X237.9848Y-366.3184

G1X238.5979Y-366.3531

G1X239.7947Y-366.1321

G1X241.0755Y-365.4715

G1X242.4406Y-364.3555

G1X245.5399Y-361.1358

G1X246.7205Y-360.0934

G1X247.3846Y-359.6410

G1X248.0487Y-359.3188

G1X248.6180Y-359.1524

G1X249.2237Y-359.1063

G1X249.8367Y-359.1915

G1X250.3953Y-359.3905

G1X251.5907Y-360.1814

G1X252.9505Y-361.5916

G1X255.3540Y-364.7127

G1X256.6822Y-366.2697

G1X257.9323Y-367.3068

G1X258.6746Y-367.6513

G1X259.2438Y-367.7521

G1X260.0977Y-367.5854

G1X260.8567Y-367.0547

G1X266.9918Y-359.1409

G1X267.8892Y-358.2684

G1X268.7385Y-357.7507

G1X269.3515Y-357.5974

G1X269.9645Y-357.6295

G1X270.5844Y-357.8630

G1X271.2043Y-358.2817

G1X271.8241Y-358.8778

G1X272.5546Y-359.7829

G1X273.9493Y-361.9538

G1 Z0F20000

(Start Block)


G1X22.9136Y-359.5991
G1Z6F20000
(Plotting speed under)
G1 F4000


G1X40.3849Y-359.2612

G1X45.8000Y-359.3416

G1X50.7042Y-359.5936

G1X55.0976Y-359.9941

G1X59.6954Y-360.5930

G1X72.7733Y-362.8580

G1X77.0645Y-363.5034

G1X81.3557Y-363.9390

G1X85.4426Y-364.0928

G1X89.2230Y-363.9843

G1X93.1055Y-363.6347

G1X97.2945Y-363.0429

G1X105.6726Y-361.5900

G1X109.3508Y-361.0252

G1X113.4376Y-360.5616

G1X117.3201Y-360.3264

G1X121.4070Y-360.3060

G1X125.9026Y-360.5193

G1X141.1262Y-361.9782

G1X148.1760Y-362.4883

G1X155.2258Y-362.7682

G1X162.9909Y-362.8614

G1X170.9602Y-362.7458

G1X177.7036Y-362.4042

G1X183.4252Y-361.8531

G1X193.6423Y-360.5085

G1X195.9923Y-360.3267

G1X198.1379Y-360.2931

G1X200.5900Y-360.4627

G1X203.0421Y-360.8883

G1X205.4943Y-361.5596

G1X211.5224Y-363.5805

G1X213.3615Y-363.9716

G1X214.9962Y-364.0930

G1X216.7331Y-363.9308

G1X218.4481Y-363.4578

G1X220.2507Y-362.6591

G1X224.0078Y-360.5427

G1X225.3740Y-359.8827

G1X226.9503Y-359.3826

G1X228.2785Y-359.2639

G1X229.7089Y-359.4964

G1X231.0664Y-360.0656

G1X232.7741Y-361.1836

G1X235.3524Y-363.2739

G1X236.7588Y-364.2915

G1X238.1892Y-365.0034

G1X238.9044Y-365.1888

G1X239.5174Y-365.2416

G1X240.1304Y-365.1899

G1X240.7435Y-365.0358

G1X242.0717Y-364.3492

G1X243.5398Y-363.1202

G1X246.3516Y-360.1626

G1X247.5617Y-359.0569

G1X248.2701Y-358.5551

G1X248.9172Y-358.2293

G1X249.5302Y-358.0431

G1X250.1433Y-357.9908

G1X250.7563Y-358.0804

G1X251.3693Y-358.3049

G1X252.5315Y-359.1021

G1X254.0258Y-360.6947

G1X256.4925Y-363.9224

G1X257.7308Y-365.3264

G1X258.9845Y-366.2931

G1X259.6452Y-366.5643

G1X260.2582Y-366.6641

G1X260.6669Y-366.5947

G1X261.0576Y-366.3933

G1X262.0584Y-365.4816

G1X267.6576Y-358.2726

G1X268.4965Y-357.3606

G1X269.3447Y-356.7550

G1X269.8760Y-356.5407

G1X270.4754Y-356.4756

G1X270.9863Y-356.5609

G1X271.5418Y-356.8019

G1X272.1229Y-357.2235

G1X272.7475Y-357.8357

G1X273.9493Y-359.4480

G1 Z0F20000

(Start Block)


G1X22.9136Y-358.2431
G1Z6F20000
(Plotting speed under)
G1 F4000


G1X31.5982Y-358.1518

G1X37.3198Y-358.1769

G1X42.5305Y-358.3331

G1X47.2304Y-358.6291

G1X51.4195Y-359.0380

G1X55.8128Y-359.6141

G1X68.5843Y-361.7594

G1X72.7733Y-362.3752

G1X77.1667Y-362.8189

G1X81.2536Y-362.9786

G1X85.1361Y-362.8757

G1X89.1208Y-362.5219

G1X93.4120Y-361.9160

G1X101.7901Y-360.4602

G1X105.4682Y-359.8954

G1X109.4529Y-359.4437

G1X113.3354Y-359.2096

G1X117.4223Y-359.1967

G1X121.9179Y-359.4291

G1X126.0048Y-359.8021

G1X137.4480Y-361.0417

G1X144.8043Y-361.5975

G1X152.7737Y-361.8952

G1X162.8887Y-361.9889

G1X172.6972Y-361.8788

G1X179.8492Y-361.5348

G1X185.7751Y-360.9245

G1X195.9923Y-359.4081

G1X198.2401Y-359.2147

G1X200.3857Y-359.1823

G1X202.6335Y-359.3564

G1X204.8812Y-359.7699

G1X207.2312Y-360.4436

G1X213.0549Y-362.4704

G1X214.8940Y-362.8690

G1X216.4266Y-362.9795

G1X218.0614Y-362.8245

G1X219.7764Y-362.3428

G1X221.5790Y-361.5217

G1X225.0703Y-359.5089

G1X226.5124Y-358.7880

G1X228.0742Y-358.2761

G1X229.4024Y-358.1506

G1X230.7307Y-358.3569

G1X232.0657Y-358.9023

G1X233.6042Y-359.8928

G1X236.6025Y-362.3318

G1X237.9210Y-363.2692

G1X239.2255Y-363.9031

G1X239.9261Y-364.0779

G1X240.5391Y-364.1286

G1X241.1521Y-364.0703

G1X241.7652Y-363.9060

G1X243.0457Y-363.2283

G1X244.4938Y-362.0024

G1X247.1749Y-359.1551

G1X248.4785Y-357.9449

G1X249.2441Y-357.4135

G1X249.8640Y-357.1001

G1X250.4498Y-356.9299

G1X251.0628Y-356.8777

G1X251.7488Y-356.9891

G1X252.4129Y-357.2656

G1X253.0882Y-357.7048

G1X253.7914Y-358.3269

G1X255.0219Y-359.7176

G1X257.7575Y-363.2819

G1X259.0435Y-364.6128

G1X259.6233Y-365.0373

G1X260.1926Y-365.3369

G1X260.6669Y-365.4807

G1X261.2799Y-365.5457

G1X261.8930Y-365.3987

G1X262.4600Y-364.9300

G1X268.3201Y-357.3656

G1X269.2266Y-356.3766

G1X269.8908Y-355.8236

G1X270.4389Y-355.5313

G1X270.9133Y-355.3892

G1X271.3877Y-355.3620

G1X271.8620Y-355.4536

G1X272.8424Y-355.9905

G1X273.9493Y-357.1329

G1 Z0F20000

(Start Block)


G1X22.9136Y-357.0355
G1Z6F20000
(Plotting speed under)
G1 F4000


G1X34.7655Y-357.1652

G1X39.4654Y-357.3734

G1X43.8588Y-357.6939

G1X47.8435Y-358.1031

G1X51.9303Y-358.6377

G1X64.4974Y-360.6751

G1X68.7886Y-361.2830

G1X73.2842Y-361.7177

G1X77.5754Y-361.8660

G1X81.7644Y-361.7261

G1X86.1578Y-361.2918

G1X90.1425Y-360.7001

G1X99.3379Y-359.1105

G1X103.7313Y-358.5090

G1X107.7160Y-358.1695

G1X111.5985Y-358.0600

G1X115.0724Y-358.1445

G1X118.8527Y-358.4033

G1X133.2589Y-360.0123

G1X140.5131Y-360.5944

G1X148.7890Y-360.8939

G1X161.2539Y-360.9627

G1X174.3319Y-360.9101

G1X181.7904Y-360.6159

G1X184.8556Y-360.3503

G1X187.9207Y-359.9743

G1X198.1379Y-358.3057

G1X200.4878Y-358.0924

G1X202.5313Y-358.0750

G1X204.5747Y-358.2561

G1X206.5160Y-358.6300

G1X208.8659Y-359.3261

G1X212.8506Y-360.8137

G1X214.6897Y-361.4098

G1X216.4266Y-361.7754

G1X218.0614Y-361.8602

G1X219.5939Y-361.6667

G1X221.1046Y-361.2091

G1X222.7681Y-360.4345

G1X226.0444Y-358.5057

G1X227.5561Y-357.7198

G1X229.0959Y-357.1854

G1X230.5263Y-357.0378

G1X231.8253Y-357.2461

G1X233.1283Y-357.7859

G1X234.6004Y-358.7394

G1X237.6963Y-361.2833

G1X238.9725Y-362.1879

G1X240.3640Y-362.8388

G1X241.5609Y-363.0131

G1X242.1666Y-362.9492

G1X242.7358Y-362.7892

G1X243.9810Y-362.1282

G1X245.3185Y-361.0053

G1X248.2934Y-357.8415

G1X249.4942Y-356.7538

G1X250.1359Y-356.3097

G1X250.8001Y-355.9776

G1X251.3693Y-355.8105

G1X251.9823Y-355.7668

G1X252.4932Y-355.8350

G1X253.0517Y-356.0246

G1X254.2472Y-356.8086

G1X255.6070Y-358.2291

G1X258.0105Y-361.3873

G1X259.3387Y-362.9558

G1X260.5888Y-363.9890

G1X261.2799Y-364.3076

G1X261.8930Y-364.4135

G1X262.7541Y-364.2227

G1X263.5131Y-363.6699

G1X269.3953Y-356.0147

G1X269.9013Y-355.4321

G1X270.5457Y-354.8599

G1X271.3950Y-354.3770

G1X272.2123Y-354.2485

G1X273.0638Y-354.4739

G1X273.9493Y-355.0871

G1 Z0F20000

(Start Block)


G1X22.9136Y-355.9728
G1Z6F20000
(Plotting speed under)
G1 F4000


G1X32.7221Y-356.2388

G1X36.9111Y-356.4841

G1X40.9980Y-356.8251

G1X48.4565Y-357.7211

G1X63.9866Y-360.0874

G1X68.1756Y-360.5250

G1X72.0581Y-360.7323

G1X76.4515Y-360.6910

G1X81.0492Y-360.3286

G1X85.5448Y-359.7115

G1X94.3315Y-358.1899

G1X98.0097Y-357.6294

G1X101.9944Y-357.1876

G1X105.7748Y-356.9733

G1X109.7594Y-356.9777

G1X114.0507Y-357.2221

G1X118.1375Y-357.6276

G1X130.3981Y-359.0806

G1X134.6893Y-359.4460

G1X138.9805Y-359.6853

G1X146.6434Y-359.8459

G1X162.3778Y-359.7894

G1X175.3537Y-359.8496

G1X181.7904Y-359.7392

G1X186.8990Y-359.3800

G1X191.3946Y-358.7704

G1X199.6705Y-357.2656

G1X201.7139Y-357.0265

G1X203.5530Y-356.9464

G1X205.8008Y-357.0758

G1X208.0485Y-357.4887

G1X210.3839Y-358.1982

G1X214.1788Y-359.6619

G1X215.9158Y-360.2519

G1X217.5505Y-360.6299

G1X219.0831Y-360.7523

G1X220.6157Y-360.6024

G1X222.2431Y-360.1312

G1X224.0078Y-359.2985

G1X227.2841Y-357.3338

G1X228.6945Y-356.5945

G1X230.1176Y-356.0878

G1X231.5480Y-355.9220

G1X232.8690Y-356.1280

G1X234.1909Y-356.6838

G1X235.6796Y-357.6665

G1X238.7511Y-360.2175

G1X239.9465Y-361.0679

G1X241.2543Y-361.6982

G1X241.8673Y-361.8535

G1X242.4804Y-361.8995

G1X243.0934Y-361.8395

G1X243.6846Y-361.6768

G1X244.9625Y-360.9866

G1X246.3360Y-359.8079

G1X249.1556Y-356.7833

G1X250.2901Y-355.7302

G1X250.9542Y-355.2443

G1X251.5736Y-354.9164

G1X252.1867Y-354.7140

G1X252.7997Y-354.6492

G1X253.3106Y-354.7072

G1X253.9236Y-354.9046

G1X254.5239Y-355.2360

G1X255.1050Y-355.6795

G1X256.5424Y-357.1930

G1X259.1490Y-360.6223

G1X260.3873Y-362.0280

G1X261.0211Y-362.5744

G1X261.6410Y-362.9805

G1X262.3017Y-363.2385

G1X262.9147Y-363.3227

G1X263.3234Y-363.2404

G1X263.7140Y-363.0225

G1X264.7781Y-361.9985

G1X269.7748Y-355.4772

G1X271.0831Y-354.0080

G1X271.8241Y-353.4671

G1X272.5325Y-353.1800

G1X273.2341Y-353.1505

G1X273.9493Y-353.3704

G1 Z0F20000

(Start Block)


G1X22.9136Y-355.0439
G1Z6F20000
(Plotting speed under)
G1 F4000


G1X30.8830Y-355.3863

G1X38.0350Y-355.9637

G1X44.8805Y-356.7888

G1X59.8997Y-358.9803

G1X64.1909Y-359.4143

G1X68.1756Y-359.6200

G1X72.6711Y-359.5739

G1X77.2689Y-359.2127

G1X81.8666Y-358.5842

G1X90.5512Y-357.0832

G1X94.3315Y-356.5066

G1X98.3162Y-356.0668

G1X102.0966Y-355.8566

G1X106.0813Y-355.8688

G1X110.2703Y-356.1167

G1X114.3572Y-356.5332

G1X126.7200Y-358.0390

G1X131.0112Y-358.4048

G1X135.3024Y-358.6305

G1X142.8631Y-358.7327

G1X162.9909Y-358.4928

G1X180.5644Y-358.7361

G1X185.5708Y-358.6229

G1X189.8620Y-358.2680

G1X193.7445Y-357.6855

G1X201.5096Y-356.1660

G1X203.4508Y-355.9206

G1X205.2899Y-355.8331

G1X207.4355Y-355.9610

G1X209.5811Y-356.3684

G1X211.7121Y-357.0290

G1X215.5071Y-358.5316

G1X217.2440Y-359.1386

G1X218.8787Y-359.5228

G1X220.3091Y-359.6387

G1X221.8417Y-359.4880

G1X223.4765Y-359.0008

G1X225.1589Y-358.1905

G1X228.4352Y-356.1942

G1X229.8330Y-355.4567

G1X231.2415Y-354.9595

G1X232.5697Y-354.8074

G1X233.8980Y-355.0140

G1X235.2408Y-355.5900

G1X236.8369Y-356.6742

G1X239.3371Y-358.7906

G1X240.7435Y-359.8508

G1X242.0717Y-360.5400

G1X242.7869Y-360.7332

G1X243.3999Y-360.7879

G1X244.0130Y-360.7284

G1X244.6260Y-360.5599

G1X245.8793Y-359.8751

G1X247.3846Y-358.5588

G1X249.9013Y-355.8242

G1X251.2217Y-354.5805

G1X252.5205Y-353.7742

G1X253.1062Y-353.5950

G1X253.7193Y-353.5365

G1X254.4053Y-353.6454

G1X255.0694Y-353.9239

G1X255.6665Y-354.3082

G1X256.3697Y-354.9235

G1X257.5456Y-356.2431

G1X260.3507Y-359.9255

G1X261.6262Y-361.2591

G1X262.7541Y-361.9833

G1X263.2285Y-362.1351

G1X263.8342Y-362.2009

G1X264.5495Y-362.0299

G1X265.1165Y-361.5400

G1X270.7868Y-354.1611

G1X271.6834Y-353.1526

G1X272.3085Y-352.5965

G1X272.8254Y-352.2772

G1X273.4384Y-352.0599

G1X273.9493Y-352.0197

G1 Z0F20000

(Start Block)


G1X22.9136Y-354.2311
G1Z6F20000
(Plotting speed under)
G1 F4000


G1X29.7591Y-354.6360

G1X36.4002Y-355.2541

G1X42.1218Y-355.9640

G1X53.3607Y-357.5641

G1X57.8563Y-358.0944

G1X61.9431Y-358.4150

G1X65.7235Y-358.5251

G1X69.8104Y-358.4119

G1X73.9994Y-358.0455

G1X78.3928Y-357.4345

G1X86.9752Y-355.9552

G1X90.6534Y-355.3950

G1X94.6380Y-354.9535

G1X98.4184Y-354.7425

G1X102.3009Y-354.7536

G1X106.4900Y-355.0026

G1X110.6790Y-355.4374

G1X123.0418Y-356.9743

G1X127.2308Y-357.3330

G1X131.4199Y-357.5462

G1X138.9805Y-357.6016

G1X154.5106Y-357.1870

G1X162.2757Y-357.1039

G1X169.0190Y-357.1886

G1X184.4469Y-357.6225

G1X188.6360Y-357.5100

G1X192.3141Y-357.1729

G1X195.8901Y-356.5956

G1X203.3486Y-355.0455

G1X205.4943Y-354.7785

G1X207.3334Y-354.7234

G1X209.1724Y-354.8722

G1X211.1137Y-355.2682

G1X213.1352Y-355.9176

G1X216.8353Y-357.4227

G1X218.4700Y-358.0095

G1X220.1048Y-358.4065

G1X221.5352Y-358.5248

G1X223.0678Y-358.3654

G1X224.6150Y-357.8925

G1X226.3100Y-357.0628

G1X229.5863Y-355.0377

G1X230.8766Y-354.3513

G1X232.3654Y-353.8269

G1X233.6936Y-353.6972

G1X234.9197Y-353.9045

G1X236.2275Y-354.4713

G1X237.6719Y-355.4498

G1X240.5091Y-357.8553

G1X241.8227Y-358.8247

G1X243.1153Y-359.4652

G1X244.3195Y-359.6734

G1X244.9179Y-359.6199

G1X245.4871Y-359.4660

G1X246.7205Y-358.8122

G1X248.0487Y-357.6835

G1X251.0198Y-354.4741

G1X252.1506Y-353.4347

G1X252.7924Y-352.9804

G1X253.4565Y-352.6408

G1X254.0258Y-352.4702

G1X254.6388Y-352.4264

G1X255.1496Y-352.4969

G1X255.7082Y-352.6915

G1X256.9036Y-353.4930

G1X258.2635Y-354.9385

G1X260.6065Y-358.0471

G1X261.9952Y-359.6837

G1X262.6593Y-360.2852

G1X263.2404Y-360.6883

G1X263.9364Y-360.9906

G1X264.5495Y-361.0748

G1X265.3157Y-360.8798

G1X266.1063Y-360.3110

G1X272.1561Y-352.4538

G1X273.0361Y-351.5911

G1X273.9493Y-351.0465

G1 Z0F20000

(Start Block)


G1X22.9136Y-353.5121
G1Z6F20000
(Plotting speed under)
G1 F4000


G1X28.4309Y-353.9139

G1X33.9481Y-354.4619

G1X49.0695Y-356.4418

G1X53.4629Y-356.9470

G1X57.9584Y-357.2982

G1X62.0453Y-357.4118

G1X66.2343Y-357.2882

G1X70.4234Y-356.9193

G1X74.9190Y-356.2951

G1X87.0774Y-354.2804

G1X91.0620Y-353.8388

G1X94.8424Y-353.6282

G1X98.7249Y-353.6418

G1X102.9139Y-353.8970

G1X107.0008Y-354.3289

G1X119.3636Y-355.8909

G1X123.5526Y-356.2506

G1X127.6395Y-356.4516

G1X131.2155Y-356.5087

G1X135.2002Y-356.4640

G1X152.6715Y-355.8047

G1X161.9691Y-355.6646

G1X170.3472Y-355.8072

G1X183.3230Y-356.4115

G1X187.5121Y-356.5090

G1X191.1902Y-356.4031

G1X194.5619Y-356.0706

G1X197.8314Y-355.5089

G1X204.8812Y-353.9585

G1X206.9247Y-353.6792

G1X208.7637Y-353.6078

G1X210.6028Y-353.7530

G1X212.5441Y-354.1601

G1X214.4635Y-354.7938

G1X218.0686Y-356.2966

G1X219.6961Y-356.8945

G1X221.3309Y-357.2974

G1X222.7613Y-357.4107

G1X224.2938Y-357.2342

G1X225.7534Y-356.7708

G1X227.4612Y-355.9151

G1X230.6489Y-353.9180

G1X231.9202Y-353.2347

G1X233.3871Y-352.7136

G1X234.6132Y-352.5821

G1X235.9049Y-352.7892

G1X237.2015Y-353.3542

G1X238.5851Y-354.2935

G1X241.6029Y-356.8659

G1X242.7801Y-357.7250

G1X244.0640Y-358.3578

G1X244.6333Y-358.5073

G1X245.2390Y-358.5586

G1X245.8521Y-358.5020

G1X246.4359Y-358.3393

G1X247.6190Y-357.7041

G1X248.9925Y-356.5258

G1X251.8859Y-353.3832

G1X252.9466Y-352.3916

G1X253.6107Y-351.9001

G1X254.2301Y-351.5702

G1X254.8432Y-351.3692

G1X255.4562Y-351.3089

G1X255.9670Y-351.3732

G1X256.5801Y-351.5804

G1X257.1803Y-351.9234

G1X257.7614Y-352.3794

G1X259.0591Y-353.7532

G1X261.7422Y-357.2933

G1X262.9739Y-358.6940

G1X263.6776Y-359.2935

G1X264.2974Y-359.6809

G1X264.9581Y-359.9168

G1X265.4690Y-359.9838

G1X265.8777Y-359.9175

G1X266.2924Y-359.6961

G1X267.3713Y-358.6247

G1X272.4313Y-352.0375

G1X273.3201Y-351.0154

G1X273.9493Y-350.4353

G1 Z0F20000

(Start Block)


G1X22.9136Y-352.8613
G1Z6F20000
(Plotting speed under)
G1 F4000


G1X31.7004Y-353.6864

G1X49.2739Y-355.8199

G1X54.0759Y-356.1854

G1X58.4693Y-356.2980

G1X62.6583Y-356.1673

G1X66.9495Y-355.7879

G1X71.3429Y-355.1817

G1X79.9254Y-353.7191

G1X83.7057Y-353.1487

G1X87.6904Y-352.7139

G1X91.4707Y-352.5109

G1X95.2511Y-352.5303

G1X99.3379Y-352.7830

G1X103.3226Y-353.2074

G1X115.6854Y-354.7919

G1X119.8744Y-355.1547

G1X123.8591Y-355.3478

G1X127.5373Y-355.3948

G1X131.4199Y-355.3286

G1X150.5259Y-354.4227

G1X156.1454Y-354.2645

G1X161.6626Y-354.2134

G1X166.7712Y-354.2663

G1X171.7776Y-354.4201

G1X185.8773Y-355.2635

G1X190.2707Y-355.3954

G1X193.6423Y-355.2839

G1X196.7075Y-354.9528

G1X199.7726Y-354.3904

G1X206.5160Y-352.8374

G1X208.4572Y-352.5640

G1X210.1941Y-352.4940

G1X212.0332Y-352.6438

G1X213.8723Y-353.0410

G1X215.7917Y-353.6913

G1X220.8200Y-355.7609

G1X222.4547Y-356.1778

G1X223.8852Y-356.2971

G1X225.3156Y-356.1398

G1X226.7970Y-355.6758

G1X228.4352Y-354.8522

G1X231.3573Y-352.9961

G1X232.7741Y-352.1947

G1X234.2045Y-351.6437

G1X235.5327Y-351.4667

G1X236.8536Y-351.6681

G1X238.1700Y-352.2456

G1X239.6496Y-353.2712

G1X242.4038Y-355.6450

G1X243.5770Y-356.5309

G1X244.9325Y-357.2295

G1X245.5455Y-357.3931

G1X246.1586Y-357.4466

G1X246.7716Y-357.3831

G1X247.3846Y-357.2070

G1X248.5357Y-356.5689

G1X250.0411Y-355.2444

G1X252.5577Y-352.4760

G1X253.8782Y-351.2220

G1X254.5571Y-350.7423

G1X255.1769Y-350.4191

G1X255.7627Y-350.2462

G1X256.3757Y-350.1976

G1X256.9669Y-350.2917

G1X257.6310Y-350.5628

G1X258.2448Y-350.9535

G1X258.9480Y-351.5699

G1X260.0692Y-352.8241

G1X262.9439Y-356.6076

G1X264.2089Y-357.9275

G1X265.3157Y-358.6384

G1X265.7901Y-358.7927

G1X266.3885Y-358.8548

G1X267.1037Y-358.7074

G1X267.7065Y-358.2148

G1X273.9493Y-350.1454

G1 Z0F20000

(Start Block)


G1X22.9136Y-352.2518
G1Z6F20000
(Plotting speed under)
G1 F4000


G1X29.3504Y-352.8859

G1X45.3913Y-354.7215

G1X50.3978Y-355.0814

G1X54.8933Y-355.1838

G1X59.1845Y-355.0431

G1X63.4757Y-354.6629

G1X67.9713Y-354.0460

G1X80.2319Y-352.0411

G1X84.2166Y-351.6044

G1X87.9969Y-351.3984

G1X91.8794Y-351.4194

G1X95.8641Y-351.6693

G1X99.9510Y-352.1108

G1X112.1094Y-353.6900

G1X116.2984Y-354.0549

G1X120.2831Y-354.2434

G1X123.8591Y-354.2796

G1X127.7417Y-354.1957

G1X148.3803Y-353.0551

G1X154.9193Y-352.8509

G1X161.4583Y-352.7848

G1X167.5886Y-352.8536

G1X173.4124Y-353.0569

G1X178.6231Y-353.3695

G1X188.3294Y-354.1263

G1X192.6206Y-354.2819

G1X195.6858Y-354.1770

G1X198.5466Y-353.8550

G1X201.4074Y-353.3091

G1X207.9464Y-351.7377

G1X209.7855Y-351.4615

G1X211.5224Y-351.3795

G1X213.2593Y-351.5135

G1X215.0984Y-351.9085

G1X217.0250Y-352.5716

G1X221.9585Y-354.6443

G1X223.4765Y-355.0470

G1X225.0090Y-355.1835

G1X226.4395Y-355.0169

G1X227.8407Y-354.5695

G1X229.4092Y-353.7773

G1X232.5084Y-351.7896

G1X233.8367Y-351.0435

G1X235.2408Y-350.5124

G1X236.5544Y-350.3534

G1X237.7805Y-350.5483

G1X239.0357Y-351.0918

G1X240.5774Y-352.1596

G1X243.2437Y-354.4762

G1X244.5621Y-355.4743

G1X245.8666Y-356.1317

G1X246.4651Y-356.2824

G1X247.0781Y-356.3327

G1X247.6692Y-356.2691

G1X248.2385Y-356.1035

G1X249.3770Y-355.4841

G1X250.7052Y-354.3432

G1X253.6063Y-351.1722

G1X254.7290Y-350.1230

G1X255.3540Y-349.6666

G1X256.0181Y-349.3176

G1X256.5874Y-349.1362

G1X257.1931Y-349.0843

G1X257.7039Y-349.1485

G1X258.2761Y-349.3417

G1X259.4785Y-350.1478

G1X260.8567Y-351.6212

G1X263.2630Y-354.8220

G1X264.5852Y-356.3691

G1X265.3157Y-357.0153

G1X265.8968Y-357.3980

G1X266.5929Y-357.6755

G1X267.1037Y-357.7395

G1X267.5737Y-357.6555

G1X268.0165Y-357.4592

G1X268.8260Y-356.7975

G1X273.9493Y-350.1138

G1 Z0F20000

(Start Block)


G1X22.9136Y-351.6569
G1Z6F20000
(Plotting speed under)
G1 F4000


G1X41.3045Y-353.6029

G1X45.9022Y-353.9348

G1X50.0912Y-354.0679

G1X54.6890Y-353.9782

G1X59.3888Y-353.6118

G1X64.2931Y-352.9674

G1X73.4885Y-351.4305

G1X77.4732Y-350.8501

G1X81.7644Y-350.4225

G1X85.8513Y-350.2662

G1X89.3251Y-350.3389

G1X92.9011Y-350.5936

G1X96.6815Y-351.0149

G1X108.6356Y-352.5862

G1X112.7224Y-352.9459

G1X116.7071Y-353.1342

G1X120.8962Y-353.1567

G1X125.3917Y-353.0116

G1X140.7175Y-352.0043

G1X147.6651Y-351.6559

G1X154.3063Y-351.4676

G1X161.2539Y-351.4059

G1X168.6103Y-351.4876

G1X175.0471Y-351.7236

G1X180.6666Y-352.0993

G1X190.7815Y-353.0082

G1X195.1749Y-353.1668

G1X197.9335Y-353.0400

G1X200.4878Y-352.7186

G1X203.1443Y-352.1792

G1X209.3768Y-350.6239

G1X211.2159Y-350.3422

G1X212.8506Y-350.2660

G1X214.5875Y-350.4064

G1X216.3244Y-350.7900

G1X218.2584Y-351.4706

G1X221.7687Y-353.0262

G1X223.0970Y-353.5389

G1X224.6004Y-353.9402

G1X226.0308Y-354.0711

G1X227.4612Y-353.9098

G1X228.8843Y-353.4512

G1X230.4718Y-352.6360

G1X233.6596Y-350.5706

G1X234.8613Y-349.9038

G1X236.2479Y-349.3869

G1X237.4740Y-349.2408

G1X238.7000Y-349.4303

G1X239.9465Y-349.9680

G1X241.3246Y-350.9093

G1X244.3375Y-353.5248

G1X245.5251Y-354.4041

G1X246.8154Y-355.0366

G1X247.3846Y-355.1771

G1X247.9976Y-355.2167

G1X249.0924Y-355.0002

G1X250.2755Y-354.3558

G1X251.6489Y-353.1586

G1X254.3947Y-350.1418

G1X255.5200Y-349.0674

G1X256.1841Y-348.5706

G1X256.7844Y-348.2422

G1X257.3974Y-348.0354

G1X258.0105Y-347.9672

G1X258.5213Y-348.0275

G1X259.1344Y-348.2322

G1X260.2518Y-348.9716

G1X261.5303Y-350.2992

G1X264.3354Y-353.9927

G1X265.5604Y-355.3765

G1X266.2455Y-355.9572

G1X266.8653Y-356.3413

G1X267.4102Y-356.5445

G1X268.0233Y-356.6430

G1X268.7101Y-356.4743

G1X269.4480Y-355.8277

G1X270.3441Y-354.7902

G1X273.9493Y-350.1138

G1 Z0F20000

(Start Block)


G1X22.9136Y-351.0516
G1Z6F20000
(Plotting speed under)
G1 F4000


G1X34.4590Y-352.2325

G1X39.7719Y-352.6819

G1X44.9827Y-352.9315

G1X49.7847Y-352.9170

G1X53.9738Y-352.6798

G1X58.3671Y-352.2106

G1X62.3518Y-351.6279

G1X71.2407Y-350.1521

G1X75.4298Y-349.5894

G1X79.4145Y-349.2513

G1X83.2970Y-349.1523

G1X86.4643Y-349.2461

G1X89.8360Y-349.5012

G1X93.5142Y-349.9200

G1X105.2639Y-351.4810

G1X109.3508Y-351.8423

G1X113.2333Y-352.0238

G1X117.4223Y-352.0396

G1X121.9179Y-351.8789

G1X137.4480Y-350.7702

G1X144.8043Y-350.3794

G1X152.3650Y-350.1660

G1X161.1518Y-350.0950

G1X169.9385Y-350.1830

G1X176.8862Y-350.4376

G1X182.7100Y-350.8576

G1X192.8250Y-351.8787

G1X197.1162Y-352.0531

G1X199.6705Y-351.9316

G1X202.1226Y-351.6119

G1X204.6769Y-351.0738

G1X210.7050Y-349.5172

G1X212.4419Y-349.2380

G1X214.0767Y-349.1518

G1X215.7114Y-349.2763

G1X217.4483Y-349.6549

G1X219.3969Y-350.3489

G1X222.9072Y-351.9282

G1X224.2355Y-352.4444

G1X225.7243Y-352.8382

G1X227.1547Y-352.9562

G1X228.5850Y-352.7725

G1X229.9279Y-352.3203

G1X231.5344Y-351.4782

G1X234.6336Y-349.4503

G1X235.8100Y-348.7924

G1X237.1675Y-348.2795

G1X238.3935Y-348.1270

G1X239.6050Y-348.3110

G1X240.9206Y-348.8885

G1X242.3061Y-349.8558

G1X245.1969Y-352.3829

G1X246.3220Y-353.2316

G1X247.5890Y-353.8867

G1X248.2020Y-354.0528

G1X248.8150Y-354.1058

G1X249.4281Y-354.0387

G1X250.0411Y-353.8566

G1X251.1922Y-353.2009

G1X252.6975Y-351.8499

G1X255.1443Y-349.1324

G1X256.4478Y-347.8864

G1X257.1250Y-347.4050

G1X257.7448Y-347.0793

G1X258.3170Y-346.9076

G1X258.9300Y-346.8572

G1X259.5285Y-346.9501

G1X260.1926Y-347.2229

G1X260.8145Y-347.6206

G1X261.4786Y-348.2020

G1X262.6276Y-349.4840

G1X265.5371Y-353.3085

G1X266.7612Y-354.5783

G1X267.3081Y-354.9928

G1X267.8773Y-355.2962

G1X268.3517Y-355.4506

G1X268.9428Y-355.5091

G1X269.6581Y-355.3822

G1X270.2176Y-354.9754

G1X273.9493Y-350.1138

G1 Z0F20000

(Start Block)


G1X22.9136Y-350.4136
G1Z6F20000
(Plotting speed under)
G1 F4000


G1X31.9047Y-351.2623

G1X37.4219Y-351.6630

G1X42.5305Y-351.8387

G1X47.2304Y-351.7675

G1X51.2151Y-351.5077

G1X55.4042Y-351.0444

G1X67.8691Y-349.0614

G1X71.9559Y-348.5069

G1X76.0428Y-348.1483

G1X79.9254Y-348.0380

G1X83.1948Y-348.1283

G1X86.5665Y-348.3811

G1X90.2447Y-348.8002

G1X101.9944Y-350.3749

G1X106.0813Y-350.7376

G1X109.9638Y-350.9152

G1X114.0507Y-350.9226

G1X118.5462Y-350.7486

G1X134.1785Y-349.5622

G1X141.7392Y-349.1480

G1X150.0151Y-348.9286

G1X161.0496Y-348.8609

G1X171.4711Y-348.9391

G1X178.8275Y-349.1940

G1X184.7534Y-349.6453

G1X194.8684Y-350.7645

G1X197.0140Y-350.9056

G1X199.0574Y-350.9380

G1X201.4074Y-350.8122

G1X203.6552Y-350.5057

G1X206.1073Y-349.9727

G1X212.0332Y-348.3981

G1X213.7701Y-348.1168

G1X215.3027Y-348.0382

G1X216.9375Y-348.1681

G1X218.5722Y-348.5316

G1X220.4405Y-349.2030

G1X223.9508Y-350.8029

G1X225.3156Y-351.3404

G1X226.8481Y-351.7404

G1X228.1764Y-351.8418

G1X229.5046Y-351.6766

G1X230.8766Y-351.2212

G1X232.4199Y-350.4113

G1X235.3420Y-348.4810

G1X236.6702Y-347.7107

G1X237.9921Y-347.1889

G1X239.3131Y-347.0122

G1X240.5391Y-347.2070

G1X241.7871Y-347.7603

G1X243.3169Y-348.8440

G1X245.9001Y-351.1276

G1X247.2186Y-352.1394

G1X248.5231Y-352.7996

G1X249.1215Y-352.9471

G1X249.7346Y-352.9911

G1X250.3257Y-352.9191

G1X250.8949Y-352.7430

G1X252.0334Y-352.0995

G1X253.2879Y-351.0054

G1X256.1929Y-347.8112

G1X257.2291Y-346.8346

G1X257.8542Y-346.3617

G1X258.4848Y-346.0168

G1X259.0541Y-345.8156

G1X259.6452Y-345.7421

G1X260.2582Y-345.8089

G1X260.8440Y-346.0081

G1X261.4639Y-346.3687

G1X262.1350Y-346.9021

G1X263.5131Y-348.4117

G1X265.7987Y-351.4594

G1X266.9096Y-352.7863

G1X268.0552Y-353.8052

G1X269.0450Y-354.3016

G1X269.5559Y-354.4020

G1X270.0531Y-354.3472

G1X270.4959Y-354.1576

G1X271.0271Y-353.7813

G1X271.6723Y-353.1106

G1X273.9493Y-350.1138

G1 Z0F20000

(Start Block)


G1X22.9136Y-349.7246
G1Z6F20000
(Plotting speed under)
G1 F4000


G1X30.1678Y-350.3295

G1X35.4807Y-350.6369

G1X40.2828Y-350.7298

G1X44.7783Y-350.6064

G1X48.6608Y-350.3191

G1X52.6455Y-349.8596

G1X64.7018Y-347.9504

G1X68.7886Y-347.3981

G1X72.8755Y-347.0381

G1X76.7580Y-346.9244

G1X80.0275Y-347.0115

G1X83.3992Y-347.2623

G1X87.1795Y-347.6948

G1X98.8271Y-349.2682

G1X102.8118Y-349.6251

G1X106.6943Y-349.8035

G1X110.6790Y-349.8081

G1X115.0724Y-349.6320

G1X131.1133Y-348.3626

G1X139.0827Y-347.9318

G1X147.9716Y-347.7381

G1X162.8887Y-347.7045

G1X173.9232Y-347.7593

G1X180.9731Y-347.9946

G1X186.7969Y-348.4615

G1X196.6053Y-349.6380

G1X198.7509Y-349.7908

G1X200.6922Y-349.8249

G1X202.9400Y-349.7021

G1X205.1877Y-349.3832

G1X207.5377Y-348.8525

G1X213.1571Y-347.3113

G1X214.8940Y-347.0132

G1X216.4266Y-346.9244

G1X218.0614Y-347.0512

G1X219.7764Y-347.4438

G1X221.4841Y-348.0703

G1X226.1329Y-350.1556

G1X227.6655Y-350.5922

G1X229.0959Y-350.7292

G1X230.4241Y-350.5760

G1X231.8253Y-350.1143

G1X233.3054Y-349.3373

G1X236.4046Y-347.2777

G1X237.6443Y-346.5674

G1X239.0066Y-346.0470

G1X240.2326Y-345.9002

G1X241.3565Y-346.0723

G1X242.6030Y-346.6058

G1X243.9468Y-347.5285

G1X246.9940Y-350.2058

G1X248.0930Y-351.0307

G1X249.3770Y-351.6813

G1X249.9462Y-351.8310

G1X250.5519Y-351.8767

G1X251.6539Y-351.6677

G1X252.8538Y-351.0115

G1X254.2355Y-349.7954

G1X256.6158Y-347.1508

G1X258.0105Y-345.7717

G1X258.7189Y-345.2388

G1X259.3387Y-344.8957

G1X259.9517Y-344.6929

G1X260.5647Y-344.6266

G1X261.1413Y-344.7041

G1X261.8054Y-344.9527

G1X262.3858Y-345.3048

G1X263.0890Y-345.8946

G1X264.3196Y-347.2559

G1X267.6032Y-351.4913

G1X268.5625Y-352.4311

G1X269.6104Y-353.0810

G1X270.6798Y-353.3011

G1X271.0884Y-353.2337

G1X271.4404Y-353.0568

G1X271.8831Y-352.6600

G1X272.6843Y-351.7356

G1X273.9493Y-350.1138

G1 Z0F20000

(Start Block)


G1X22.9136Y-348.9700
G1Z6F20000
(Plotting speed under)
G1 F4000


G1X28.9417Y-349.3867

G1X33.7438Y-349.5843

G1X38.2393Y-349.6007

G1X42.4284Y-349.4340

G1X46.1065Y-349.1330

G1X49.8869Y-348.6836

G1X61.4323Y-346.8657

G1X65.5191Y-346.3098

G1X69.7082Y-345.9327

G1X73.5907Y-345.8108

G1X76.9624Y-345.8958

G1X80.4362Y-346.1549

G1X84.2166Y-346.5913

G1X95.7619Y-348.1616

G1X99.7466Y-348.5191

G1X103.5270Y-348.6914

G1X107.4095Y-348.6938

G1X111.5985Y-348.5235

G1X128.2525Y-347.1674

G1X137.0393Y-346.7229

G1X145.3152Y-346.5946

G1X172.3907Y-346.5905

G1X179.2361Y-346.6646

G1X184.6512Y-346.9200

G1X189.3511Y-347.3635

G1X198.1379Y-348.5032

G1X200.3857Y-348.6770

G1X202.3269Y-348.7101

G1X204.4725Y-348.5830

G1X206.5160Y-348.2840

G1X208.8659Y-347.7407

G1X214.2810Y-346.2145

G1X216.0179Y-345.9048

G1X217.5505Y-345.8111

G1X219.1852Y-345.9404

G1X220.8200Y-346.3192

G1X222.5277Y-346.9510

G1X225.8483Y-348.5104

G1X227.2714Y-349.0945

G1X228.6872Y-349.4883

G1X230.1176Y-349.6156

G1X231.4459Y-349.4469

G1X232.8690Y-348.9554

G1X234.3680Y-348.1426

G1X237.3786Y-346.1237

G1X238.4665Y-345.4959

G1X239.8239Y-344.9551

G1X241.0500Y-344.7861

G1X242.2614Y-344.9647

G1X243.5660Y-345.5422

G1X244.9625Y-346.5321

G1X247.6190Y-348.8891

G1X248.8014Y-349.8179

G1X250.0411Y-350.5007

G1X250.7563Y-350.7079

G1X251.3693Y-350.7657

G1X251.9823Y-350.7000

G1X252.5954Y-350.5173

G1X253.7601Y-349.8486

G1X255.0588Y-348.6951

G1X257.7308Y-345.7399

G1X258.9480Y-344.5759

G1X260.1926Y-343.7775

G1X260.7691Y-343.5832

G1X261.3821Y-343.5155

G1X261.9952Y-343.5910

G1X262.5644Y-343.7982

G1X263.2285Y-344.1917

G1X263.9137Y-344.7591

G1X265.0944Y-346.0458

G1X268.3707Y-350.2901

G1X269.3395Y-351.2483

G1X270.1543Y-351.8150

G1X270.7236Y-352.0569

G1X271.1979Y-352.1522

G1X271.7672Y-352.1475

G1X272.2415Y-352.0298

G1X272.8740Y-351.5700

G1X273.9493Y-350.1138

G1 Z0F20000

(Start Block)


G1X22.9136Y-348.1401
G1Z6F20000
(Plotting speed under)
G1 F4000


G1X27.9200Y-348.4008

G1X32.2112Y-348.5008

G1X36.2981Y-348.4511

G1X40.2828Y-348.2434

G1X43.6544Y-347.9407

G1X47.2304Y-347.5035

G1X58.4693Y-345.7454

G1X62.4540Y-345.2063

G1X66.6430Y-344.8258

G1X70.5255Y-344.6974

G1X73.8972Y-344.7761

G1X77.4732Y-345.0394

G1X81.2536Y-345.4765

G1X92.7990Y-347.0551

G1X96.7837Y-347.4128

G1X100.5640Y-347.5814

G1X104.3443Y-347.5778

G1X108.4312Y-347.4047

G1X125.0852Y-346.0103

G1X129.5808Y-345.7366

G1X133.9741Y-345.5687

G1X141.7392Y-345.4770

G1X161.6626Y-345.5917

G1X177.1927Y-345.4770

G1X182.7100Y-345.5572

G1X187.3077Y-345.8132

G1X191.4968Y-346.2498

G1X199.6705Y-347.3785

G1X201.8161Y-347.5578

G1X203.7573Y-347.5970

G1X205.8008Y-347.4767

G1X207.8442Y-347.1720

G1X210.1941Y-346.6120

G1X215.4049Y-345.1073

G1X217.1418Y-344.7912

G1X218.6744Y-344.6978

G1X220.2070Y-344.8194

G1X221.8417Y-345.1985

G1X223.5713Y-345.8458

G1X226.9868Y-347.4663

G1X228.3150Y-348.0066

G1X229.7089Y-348.3870

G1X231.0372Y-348.5022

G1X232.3654Y-348.3353

G1X233.7228Y-347.8699

G1X235.3420Y-346.9864

G1X238.0040Y-345.1807

G1X239.3267Y-344.3916

G1X240.6486Y-343.8535

G1X241.9695Y-343.6715

G1X243.1956Y-343.8726

G1X244.4435Y-344.4414

G1X245.8904Y-345.4815

G1X248.5566Y-347.8572

G1X249.7920Y-348.8055

G1X251.0847Y-349.4612

G1X251.6758Y-349.6073

G1X252.2889Y-349.6496

G1X253.3616Y-349.4309

G1X254.5239Y-348.7929

G1X255.8434Y-347.6417

G1X258.7095Y-344.4826

G1X259.7538Y-343.4961

G1X260.4179Y-342.9967

G1X261.0464Y-342.6608

G1X261.6157Y-342.4677

G1X262.1995Y-342.4005

G1X262.8125Y-342.4743

G1X263.4894Y-342.7217

G1X264.1535Y-343.1395

G1X264.8613Y-343.7394

G1X266.1696Y-345.2139

G1X269.1257Y-349.0547

G1X269.8946Y-349.8679

G1X270.7117Y-350.5211

G1X271.5993Y-350.9516

G1X272.4167Y-351.0589

G1X273.1191Y-350.7949

G1X273.9493Y-350.1138

G1 Z0F20000

(Start Block)


G1X22.9136Y-347.2293
G1Z6F20000
(Plotting speed under)
G1 F4000


G1X27.1026Y-347.3658

G1X30.9852Y-347.3809

G1X34.6633Y-347.2726

G1X38.3415Y-347.0323

G1X44.7783Y-346.3055

G1X58.9802Y-344.1609

G1X62.9648Y-343.7665

G1X66.6430Y-343.5948

G1X70.4234Y-343.6353

G1X74.3059Y-343.8969

G1X78.2906Y-344.3504

G1X89.9382Y-345.9493

G1X93.8207Y-346.2996

G1X97.6010Y-346.4689

G1X101.3814Y-346.4619

G1X105.3661Y-346.2870

G1X121.9179Y-344.8673

G1X126.3113Y-344.5972

G1X130.7046Y-344.4331

G1X138.5719Y-344.3697

G1X160.7431Y-344.6127

G1X180.7687Y-344.3633

G1X185.5708Y-344.4491

G1X189.6577Y-344.7082

G1X193.4380Y-345.1357

G1X200.8965Y-346.2293

G1X202.9400Y-346.4239

G1X204.7791Y-346.4869

G1X206.9247Y-346.3838

G1X209.0703Y-346.0678

G1X211.2159Y-345.5527

G1X216.6309Y-343.9670

G1X218.1635Y-343.6851

G1X219.6961Y-343.5840

G1X221.2287Y-343.7031

G1X222.8635Y-344.0864

G1X224.6150Y-344.7548

G1X227.9355Y-346.3463

G1X229.1689Y-346.8578

G1X230.6285Y-347.2693

G1X231.9567Y-347.3879

G1X233.2849Y-347.2204

G1X234.5767Y-346.7797

G1X235.9618Y-346.0440

G1X239.0610Y-343.9488

G1X240.3007Y-343.2255

G1X241.6630Y-342.7004

G1X242.7869Y-342.5591

G1X243.9108Y-342.7178

G1X245.1709Y-343.2536

G1X246.5252Y-344.1912

G1X249.5723Y-346.8904

G1X250.6609Y-347.7075

G1X251.2808Y-348.0736

G1X251.9823Y-348.3645

G1X252.5954Y-348.5089

G1X253.1062Y-348.5357

G1X254.2029Y-348.3177

G1X255.4321Y-347.6275

G1X256.8221Y-346.3830

G1X259.2688Y-343.6610

G1X260.5931Y-342.3746

G1X261.2868Y-341.8676

G1X261.9066Y-341.5332

G1X262.5060Y-341.3455

G1X263.1190Y-341.2871

G1X263.7977Y-341.3984

G1X264.4619Y-341.6791

G1X265.0423Y-342.0555

G1X265.7454Y-342.6702

G1X266.9760Y-344.0569

G1X269.7748Y-347.7067

G1X271.2190Y-349.1552

G1X271.9569Y-349.6287

G1X272.6210Y-349.8752

G1X273.3362Y-349.9579

G1X273.9493Y-349.7879

G1 Z0F20000

(Start Block)


G1X22.9136Y-346.2360
G1Z6F20000
(Plotting speed under)
G1 F4000


G1X29.8613Y-346.2212

G1X36.2981Y-345.8271

G1X42.3262Y-345.1184

G1X56.0172Y-343.0636

G1X60.0019Y-342.6646

G1X63.7822Y-342.4826

G1X67.5626Y-342.5187

G1X71.5473Y-342.7852

G1X75.5320Y-343.2401

G1X87.1795Y-344.8445

G1X91.0620Y-345.1936

G1X94.7402Y-345.3563

G1X98.4184Y-345.3484

G1X102.3009Y-345.1764

G1X118.7505Y-343.7368

G1X123.1439Y-343.4638

G1X127.5373Y-343.3039

G1X135.4045Y-343.2676

G1X151.9563Y-343.5973

G1X160.2322Y-343.6630

G1X167.5886Y-343.5937

G1X183.6295Y-343.2498

G1X187.8186Y-343.3312

G1X191.5989Y-343.5874

G1X195.0728Y-344.0012

G1X202.3269Y-345.1128

G1X204.3704Y-345.3136

G1X206.1073Y-345.3734

G1X208.2529Y-345.2643

G1X210.2963Y-344.9525

G1X212.3397Y-344.4524

G1X217.6527Y-342.8658

G1X219.2874Y-342.5614

G1X220.7178Y-342.4699

G1X222.2504Y-342.5914

G1X223.8560Y-342.9736

G1X225.4688Y-343.5900

G1X230.0228Y-345.7198

G1X231.4459Y-346.1378

G1X232.8763Y-346.2748

G1X234.1972Y-346.1036

G1X235.5191Y-345.6420

G1X237.0244Y-344.8176

G1X239.9465Y-342.8244

G1X241.1230Y-342.1337

G1X242.3782Y-341.6262

G1X243.6043Y-341.4451

G1X244.8230Y-341.6219

G1X246.1394Y-342.2125

G1X247.5409Y-343.2204

G1X249.9629Y-345.3949

G1X251.3693Y-346.5125

G1X252.6975Y-347.2137

G1X253.3106Y-347.3745

G1X253.9236Y-347.4246

G1X255.0475Y-347.1965

G1X256.1841Y-346.5668

G1X257.4201Y-345.5001

G1X260.3174Y-342.3163

G1X261.5264Y-341.1813

G1X262.7541Y-340.4178

G1X263.3234Y-340.2333

G1X263.9364Y-340.1754

G1X264.4473Y-340.2347

G1X265.0058Y-340.4174

G1X266.2012Y-341.1939

G1X267.5611Y-342.6110

G1X269.9645Y-345.7585

G1X271.3709Y-347.3994

G1X272.0741Y-348.0327

G1X272.6210Y-348.4080

G1X273.2852Y-348.7074

G1X273.9493Y-348.8194

G1 Z0F20000

(Start Block)


G1X22.9136Y-345.1625
G1Z6F20000
(Plotting speed under)
G1 F4000


G1X28.5330Y-345.0385

G1X34.0503Y-344.6437

G1X39.6697Y-343.9718

G1X49.7847Y-342.4225

G1X53.7694Y-341.8901

G1X58.1628Y-341.4898

G1X62.3518Y-341.3565

G1X66.0300Y-341.4602

G1X70.0147Y-341.7882

G1X73.6929Y-342.2425

G1X82.0710Y-343.4431

G1X86.1578Y-343.9079

G1X89.8360Y-344.1703

G1X93.5142Y-344.2597

G1X96.8858Y-344.1929

G1X100.6662Y-343.9758

G1X113.1311Y-342.8189

G1X118.2397Y-342.4358

G1X123.2461Y-342.2103

G1X128.4569Y-342.1362

G1X134.7915Y-342.2150

G1X150.9346Y-342.6413

G1X159.4149Y-342.7281

G1X168.9168Y-342.6203

G1X183.5274Y-342.1632

G1X188.5338Y-342.1676

G1X191.2924Y-342.2947

G1X193.9489Y-342.5272

G1X196.9118Y-342.9152

G1X203.8595Y-344.0196

G1X206.0051Y-344.2206

G1X207.8442Y-344.2537

G1X209.6833Y-344.1265

G1X211.5224Y-343.8263

G1X213.4636Y-343.3395

G1X218.7766Y-341.7321

G1X220.4113Y-341.4345

G1X221.9439Y-341.3595

G1X223.3743Y-341.5022

G1X224.8996Y-341.8865

G1X226.5124Y-342.5195

G1X229.7381Y-344.0988

G1X231.0664Y-344.6574

G1X232.4676Y-345.0495

G1X233.7958Y-345.1607

G1X235.1240Y-344.9770

G1X236.3793Y-344.5312

G1X237.9099Y-343.6868

G1X240.5774Y-341.8529

G1X241.8946Y-341.0551

G1X243.2102Y-340.5126

G1X244.5238Y-340.3311

G1X245.7499Y-340.5379

G1X246.9419Y-341.0840

G1X248.2978Y-342.0511

G1X251.0568Y-344.5145

G1X252.2825Y-345.4585

G1X253.5514Y-346.1095

G1X254.1279Y-346.2608

G1X254.7410Y-346.3089

G1X255.8284Y-346.1007

G1X256.9947Y-345.4693

G1X258.3600Y-344.2797

G1X261.1834Y-341.1734

G1X262.2442Y-340.1678

G1X262.9083Y-339.6689

G1X263.5277Y-339.3325

G1X264.1407Y-339.1258

G1X264.7538Y-339.0591

G1X265.3668Y-339.1415

G1X266.0629Y-339.4046

G1X266.6439Y-339.7675

G1X267.3081Y-340.3157

G1X268.6995Y-341.8525

G1X270.9766Y-344.8455

G1X271.9919Y-346.0353

G1X272.9752Y-346.9421

G1X273.9493Y-347.5191

G1 Z0F20000

(Start Block)


G1X22.9136Y-344.0140
G1Z6F20000
(Plotting speed under)
G1 F4000


G1X27.7156Y-343.8050

G1X32.4156Y-343.4037

G1X37.5241Y-342.7660

G1X50.6021Y-340.8355

G1X54.6890Y-340.4328

G1X58.4693Y-340.2549

G1X62.2496Y-340.2920

G1X66.2343Y-340.5583

G1X70.2190Y-341.0138

G1X81.8666Y-342.6275

G1X85.6470Y-342.9695

G1X89.3251Y-343.1314

G1X92.9011Y-343.1192

G1X96.6815Y-342.9442

G1X112.7224Y-341.4862

G1X117.0136Y-341.2135

G1X121.3048Y-341.0610

G1X129.2742Y-341.0670

G1X148.5847Y-341.6592

G1X159.7214Y-341.7946

G1X169.7342Y-341.6595

G1X183.9361Y-341.1066

G1X188.3294Y-341.0227

G1X191.8033Y-341.1038

G1X195.0728Y-341.3541

G1X198.2401Y-341.7698

G1X204.8812Y-342.8703

G1X206.8225Y-343.0787

G1X208.5594Y-343.1462

G1X210.6028Y-343.0392

G1X212.5441Y-342.7326

G1X214.5875Y-342.2142

G1X219.5939Y-340.6644

G1X221.2287Y-340.3431

G1X222.6591Y-340.2434

G1X224.1917Y-340.3666

G1X225.7243Y-340.7382

G1X227.4612Y-341.4193

G1X230.6869Y-343.0084

G1X231.9202Y-343.5298

G1X233.3871Y-343.9423

G1X234.6132Y-344.0472

G1X235.8392Y-343.8992

G1X237.1383Y-343.4631

G1X238.6183Y-342.6644

G1X241.6290Y-340.5993

G1X242.8307Y-339.8912

G1X244.1151Y-339.3807

G1X245.3412Y-339.2190

G1X246.5308Y-339.4095

G1X247.7388Y-339.9507

G1X249.1035Y-340.9183

G1X251.9944Y-343.4956

G1X253.0517Y-344.3051

G1X254.3323Y-344.9791

G1X254.9453Y-345.1468

G1X255.5583Y-345.1965

G1X256.1714Y-345.1254

G1X256.7708Y-344.9429

G1X257.9219Y-344.2785

G1X259.4086Y-342.9367

G1X261.8553Y-340.2210

G1X263.1020Y-339.0269

G1X264.3860Y-338.2055

G1X264.9581Y-338.0178

G1X265.5712Y-337.9465

G1X266.1696Y-338.0160

G1X266.8337Y-338.2586

G1X267.5425Y-338.6887

G1X268.2457Y-339.2913

G1X269.4332Y-340.5976

G1X272.4313Y-344.4516

G1X273.2852Y-345.3503

G1X273.9493Y-345.9102

G1 Z0F20000

(Start Block)


G1X22.9136Y-342.7982
G1Z6F20000
(Plotting speed under)
G1 F4000


G1X27.4092Y-342.5013

G1X32.0069Y-342.0214

G1X45.0848Y-340.1075

G1X48.9673Y-339.6118

G1X52.6455Y-339.2826

G1X56.0172Y-339.1395

G1X59.7975Y-339.1819

G1X63.7822Y-339.4527

G1X67.7669Y-339.9115

G1X79.3123Y-341.5158

G1X83.0927Y-341.8585

G1X86.7708Y-342.0191

G1X90.2447Y-342.0057

G1X93.9228Y-341.8349

G1X109.9638Y-340.3568

G1X114.1528Y-340.0896

G1X118.3419Y-339.9425

G1X126.1069Y-339.9610

G1X146.8477Y-340.6822

G1X159.5170Y-340.8514

G1X170.9602Y-340.6814

G1X185.8773Y-340.0069

G1X190.1685Y-339.9091

G1X193.5402Y-339.9905

G1X196.6053Y-340.2364

G1X199.6705Y-340.6544

G1X206.1073Y-341.7555

G1X208.0485Y-341.9678

G1X209.6833Y-342.0326

G1X211.6246Y-341.9351

G1X213.5658Y-341.6304

G1X215.6092Y-341.1069

G1X220.6157Y-339.5378

G1X222.1483Y-339.2339

G1X223.5786Y-339.1296

G1X225.1112Y-339.2516

G1X226.6073Y-339.6144

G1X228.2202Y-340.2431

G1X232.6792Y-342.3769

G1X234.1023Y-342.8015

G1X235.5327Y-342.9331

G1X236.7588Y-342.7695

G1X238.0870Y-342.3018

G1X239.5813Y-341.4727

G1X242.4259Y-339.5104

G1X243.5897Y-338.8141

G1X244.9325Y-338.2693

G1X246.1586Y-338.1042

G1X247.3846Y-338.3057

G1X248.6180Y-338.8751

G1X250.1192Y-339.9701

G1X252.5413Y-342.1541

G1X253.8597Y-343.1914

G1X255.1643Y-343.8747

G1X255.7627Y-344.0312

G1X256.3757Y-344.0834

G1X256.9669Y-344.0182

G1X257.5361Y-343.8478

G1X258.6746Y-343.2144

G1X259.9290Y-342.1299

G1X262.8340Y-338.9516

G1X263.9484Y-337.9069

G1X264.5735Y-337.4438

G1X265.2209Y-337.0967

G1X265.7901Y-336.9025

G1X266.3885Y-336.8338

G1X267.0016Y-336.9016

G1X267.6623Y-337.1345

G1X268.3707Y-337.5662

G1X269.0790Y-338.1572

G1X270.2176Y-339.3921

G1X272.5578Y-342.4324

G1X273.9493Y-344.0374

G1 Z0F20000

(Start Block)


G1X22.9136Y-341.5242
G1Z6F20000
(Plotting speed under)
G1 F4000


G1X26.6939Y-341.2029

G1X30.5765Y-340.7556

G1X42.2240Y-339.0417

G1X46.1065Y-338.5385

G1X49.9891Y-338.1807

G1X53.5651Y-338.0256

G1X57.3454Y-338.0687

G1X61.3301Y-338.3395

G1X65.4170Y-338.8120

G1X76.8602Y-340.4059

G1X80.6405Y-340.7486

G1X84.3187Y-340.9070

G1X87.6904Y-340.8920

G1X91.3686Y-340.7186

G1X107.2051Y-339.2370

G1X111.3942Y-338.9674

G1X115.5832Y-338.8232

G1X119.7723Y-338.8004

G1X124.3700Y-338.8884

G1X147.0521Y-339.7445

G1X159.3127Y-339.8902

G1X166.0560Y-339.8383

G1X172.2885Y-339.6873

G1X187.6142Y-338.9081

G1X192.0076Y-338.7956

G1X195.0728Y-338.8735

G1X198.0357Y-339.1189

G1X200.9987Y-339.5364

G1X207.3334Y-340.6488

G1X209.1724Y-340.8532

G1X210.8072Y-340.9188

G1X212.7484Y-340.8157

G1X214.5875Y-340.5203

G1X216.6309Y-339.9879

G1X221.6374Y-338.4054

G1X223.1700Y-338.1073

G1X224.4982Y-338.0157

G1X226.0308Y-338.1407

G1X227.5561Y-338.5192

G1X229.1689Y-339.1597

G1X232.3946Y-340.7705

G1X233.6280Y-341.2997

G1X235.0219Y-341.7031

G1X236.3501Y-341.8199

G1X237.5761Y-341.6588

G1X238.8460Y-341.2188

G1X240.3007Y-340.4228

G1X243.1509Y-338.4541

G1X244.4625Y-337.6672

G1X245.7718Y-337.1464

G1X246.9759Y-336.9910

G1X248.0998Y-337.1646

G1X249.3327Y-337.7052

G1X250.6661Y-338.6408

G1X253.6351Y-341.2831

G1X254.7342Y-342.1165

G1X256.0181Y-342.7721

G1X256.5874Y-342.9224

G1X257.1931Y-342.9682

G1X258.2951Y-342.7586

G1X259.4950Y-342.1035

G1X260.8766Y-340.8938

G1X263.2535Y-338.2746

G1X264.6516Y-336.8992

G1X265.8968Y-336.0533

G1X266.5929Y-335.8008

G1X267.2059Y-335.7180

G1X267.8189Y-335.7827

G1X268.5341Y-336.0342

G1X269.2174Y-336.4495

G1X269.9645Y-337.0766

G1X271.3560Y-338.6254

G1X273.9493Y-341.9626

G1 Z0F20000

(Start Block)


G1X22.9136Y-340.2027
G1Z6F20000
(Plotting speed under)
G1 F4000


G1X29.1461Y-339.4974

G1X43.3479Y-337.4641

G1X47.4348Y-337.0778

G1X51.2151Y-336.9114

G1X54.9955Y-336.9563

G1X58.9802Y-337.2283

G1X62.9648Y-337.6881

G1X74.5103Y-339.2981

G1X78.2906Y-339.6397

G1X81.8666Y-339.7932

G1X85.3404Y-339.7754

G1X88.9165Y-339.6019

G1X104.5487Y-338.1186

G1X108.7377Y-337.8465

G1X112.8246Y-337.7069

G1X117.0136Y-337.6890

G1X121.6113Y-337.7877

G1X137.4480Y-338.4834

G1X144.8043Y-338.7298

G1X159.1083Y-338.9049

G1X166.8734Y-338.8465

G1X173.6167Y-338.6779

G1X179.3383Y-338.4166

G1X189.3511Y-337.8016

G1X193.6423Y-337.6820

G1X196.6053Y-337.7626

G1X199.3640Y-338.0001

G1X202.2248Y-338.4138

G1X208.4572Y-339.5353

G1X210.1941Y-339.7347

G1X211.8289Y-339.8051

G1X213.7701Y-339.7025

G1X215.6092Y-339.4021

G1X217.4483Y-338.9219

G1X222.5569Y-337.2924

G1X224.0895Y-336.9924

G1X225.4177Y-336.9027

G1X226.8481Y-337.0173

G1X228.3807Y-337.3921

G1X230.1176Y-338.0881

G1X233.2485Y-339.6601

G1X234.4818Y-340.1906

G1X235.8392Y-340.5852

G1X237.1675Y-340.7059

G1X238.3935Y-340.5472

G1X239.6999Y-340.0910

G1X241.0977Y-339.3235

G1X244.1083Y-337.2441

G1X245.2974Y-336.5426

G1X246.5672Y-336.0385

G1X247.7933Y-335.8784

G1X248.9975Y-336.0777

G1X250.2071Y-336.6301

G1X251.6037Y-337.6326

G1X254.0258Y-339.8069

G1X255.4425Y-340.9347

G1X256.6822Y-341.6072

G1X257.3974Y-341.8063

G1X258.0105Y-341.8568

G1X259.1344Y-341.6346

G1X260.3127Y-340.9849

G1X261.6262Y-339.8449

G1X264.4419Y-336.7757

G1X265.6673Y-335.6325

G1X266.9286Y-334.8522

G1X267.5124Y-334.6681

G1X268.1255Y-334.6066

G1X268.7312Y-334.6824

G1X269.3004Y-334.8839

G1X269.9645Y-335.2614

G1X270.5896Y-335.7549

G1X271.8241Y-337.0383

G1X273.9493Y-339.7595

G1 Z0F20000

(Start Block)


G1X22.9136Y-338.8445
G1Z6F20000
(Plotting speed under)
G1 F4000


G1X27.6135Y-338.2633

G1X37.2176Y-336.8452

G1X41.3045Y-336.3174

G1X45.8000Y-335.9196

G1X49.9891Y-335.7886

G1X53.3607Y-335.8727

G1X56.9367Y-336.1388

G1X60.8192Y-336.5946

G1X72.1603Y-338.1810

G1X75.9407Y-338.5251

G1X79.5167Y-338.6797

G1X82.8883Y-338.6639

G1X86.5665Y-338.4844

G1X101.9944Y-337.0011

G1X106.0813Y-336.7318

G1X110.1681Y-336.5913

G1X114.2550Y-336.5765

G1X118.8527Y-336.6825

G1X134.8937Y-337.4305

G1X142.5565Y-337.6981

G1X150.3216Y-337.8445

G1X159.0062Y-337.8926

G1X167.7929Y-337.8310

G1X174.9449Y-337.6524

G1X180.8709Y-337.3667

G1X190.9859Y-336.6923

G1X195.1749Y-336.5684

G1X197.9335Y-336.6457

G1X200.5900Y-336.8786

G1X203.2465Y-337.2675

G1X209.6833Y-338.4435

G1X211.4202Y-338.6357

G1X213.1571Y-338.6895

G1X214.8940Y-338.5733

G1X216.6309Y-338.2756

G1X218.4700Y-337.7847

G1X223.3743Y-336.1968

G1X224.9069Y-335.8873

G1X226.3373Y-335.7892

G1X227.7677Y-335.9131

G1X229.1689Y-336.2573

G1X230.7817Y-336.8932

G1X233.9126Y-338.4707

G1X235.2408Y-339.0561

G1X236.6566Y-339.4737

G1X237.9848Y-339.5934

G1X239.3131Y-339.4061

G1X240.5537Y-338.9537

G1X242.1547Y-338.0466

G1X244.6452Y-336.3051

G1X245.9678Y-335.4934

G1X247.2897Y-334.9433

G1X248.6107Y-334.7635

G1X249.8367Y-334.9782

G1X251.0151Y-335.5257

G1X252.3655Y-336.4933

G1X255.1196Y-338.9495

G1X256.3502Y-339.8936

G1X257.6310Y-340.5454

G1X258.2148Y-340.6944

G1X258.8278Y-340.7414

G1X259.9079Y-340.5352

G1X261.0820Y-339.9082

G1X262.3641Y-338.8188

G1X265.3507Y-335.5841

G1X266.4779Y-334.5435

G1X267.1421Y-334.0636

G1X267.7824Y-333.7360

G1X268.3517Y-333.5532

G1X268.9428Y-333.4924

G1X269.4537Y-333.5441

G1X270.0531Y-333.7252

G1X271.2043Y-334.4381

G1X272.4734Y-335.6841

G1X273.9493Y-337.5082

G1 Z0F20000

(Start Block)


G1X22.9136Y-337.4604
G1Z6F20000
(Plotting speed under)
G1 F4000


G1X39.1589Y-335.1930

G1X43.6544Y-334.8009

G1X47.8435Y-334.6751

G1X51.2151Y-334.7626

G1X54.7911Y-335.0318

G1X58.6736Y-335.4902

G1X70.0147Y-337.0777

G1X73.7951Y-337.4187

G1X77.3711Y-337.5684

G1X80.6405Y-337.5491

G1X84.2166Y-337.3731

G1X99.5423Y-335.8841

G1X103.6291Y-335.6127

G1X107.6139Y-335.4762

G1X111.7007Y-335.4649

G1X116.1963Y-335.5760

G1X132.3394Y-336.3659

G1X140.2066Y-336.6481

G1X148.6868Y-336.8031

G1X158.9040Y-336.8523

G1X168.8146Y-336.7921

G1X176.3754Y-336.6078

G1X182.4035Y-336.3038

G1X192.5185Y-335.5813

G1X196.5032Y-335.4548

G1X199.2618Y-335.5338

G1X201.8161Y-335.7655

G1X204.3704Y-336.1485

G1X210.6028Y-337.3137

G1X212.4419Y-337.5237

G1X214.0767Y-337.5771

G1X215.8136Y-337.4638

G1X217.5505Y-337.1648

G1X219.4918Y-336.6367

G1X224.2938Y-335.0704

G1X225.8264Y-334.7645

G1X227.1547Y-334.6750

G1X228.6872Y-334.8132

G1X230.1176Y-335.1819

G1X231.7305Y-335.8357

G1X234.8613Y-337.4226

G1X236.0947Y-337.9585

G1X237.5761Y-338.3814

G1X238.8022Y-338.4784

G1X240.0283Y-338.3126

G1X241.3127Y-337.8577

G1X242.6915Y-337.0968

G1X245.6413Y-335.0537

G1X246.8533Y-334.3312

G1X248.2020Y-333.7977

G1X249.3259Y-333.6508

G1X250.5154Y-333.8291

G1X251.7235Y-334.3592

G1X253.0882Y-335.3158

G1X256.0572Y-337.9495

G1X257.1250Y-338.7568

G1X258.4192Y-339.4228

G1X259.5430Y-339.6289

G1X260.1561Y-339.5747

G1X260.8440Y-339.3766

G1X262.1514Y-338.6099

G1X263.4632Y-337.4260

G1X265.7701Y-334.8981

G1X266.9391Y-333.7402

G1X268.0165Y-332.9311

G1X268.9428Y-332.5075

G1X269.5559Y-332.3875

G1X270.0594Y-332.3919

G1X270.6287Y-332.5138

G1X271.2928Y-332.8000

G1X271.8739Y-333.1791

G1X272.6210Y-333.8174

G1X273.9493Y-335.2885

G1 Z0F20000

(Start Block)


G1X22.9136Y-336.0607
G1Z6F20000
(Plotting speed under)
G1 F4000


G1X33.0286Y-334.5850

G1X37.2176Y-334.0560

G1X41.6110Y-333.6816

G1X45.8000Y-333.5617

G1X49.1717Y-333.6537

G1X52.6455Y-333.9169

G1X56.5280Y-334.3750

G1X67.7669Y-335.9539

G1X71.5473Y-336.2999

G1X75.1233Y-336.4537

G1X78.4950Y-336.4338

G1X81.9688Y-336.2608

G1X97.2945Y-334.7590

G1X101.2792Y-334.4939

G1X105.2639Y-334.3595

G1X109.2486Y-334.3532

G1X113.6420Y-334.4683

G1X129.7851Y-335.2904

G1X137.8566Y-335.5847

G1X146.7456Y-335.7388

G1X158.8018Y-335.7848

G1X170.0407Y-335.7309

G1X177.7036Y-335.5529

G1X183.8339Y-335.2350

G1X193.8467Y-334.4755

G1X197.8314Y-334.3412

G1X200.4878Y-334.4204

G1X202.9400Y-334.6479

G1X205.4943Y-335.0394

G1X211.5224Y-336.1901

G1X213.3615Y-336.4065

G1X214.9962Y-336.4636

G1X216.7331Y-336.3505

G1X218.3679Y-336.0707

G1X220.2070Y-335.5756

G1X225.1112Y-333.9656

G1X226.6438Y-333.6547

G1X227.9720Y-333.5622

G1X229.4024Y-333.6818

G1X230.8328Y-334.0363

G1X232.4895Y-334.7015

G1X236.7588Y-336.7950

G1X238.1892Y-337.2326

G1X239.5174Y-337.3668

G1X240.7435Y-337.2172

G1X242.0717Y-336.7570

G1X243.5660Y-335.9280

G1X246.4106Y-333.9541

G1X247.5744Y-333.2529

G1X248.9172Y-332.7041

G1X250.1433Y-332.5362

G1X251.3693Y-332.7349

G1X252.6027Y-333.3002

G1X254.1039Y-334.3875

G1X256.5260Y-336.5583

G1X257.8444Y-337.5945

G1X259.1490Y-338.2869

G1X259.8495Y-338.4703

G1X260.4626Y-338.5153

G1X261.0756Y-338.4397

G1X261.7908Y-338.2042

G1X263.0743Y-337.4084

G1X264.2827Y-336.3068

G1X267.5425Y-332.8429

G1X268.4800Y-332.0616

G1X269.4902Y-331.4965

G1X270.0667Y-331.3216

G1X270.5776Y-331.2665

G1X271.0884Y-331.3036

G1X271.6723Y-331.4649

G1X272.7773Y-332.0956

G1X273.9493Y-333.1747

G1 Z0F20000

(Start Block)


G1X22.9136Y-334.6550
G1Z6F20000
(Plotting speed under)
G1 F4000


G1X31.0873Y-333.4535

G1X35.5829Y-332.8967

G1X39.8741Y-332.5501

G1X43.8588Y-332.4484

G1X47.2304Y-332.5459

G1X50.7042Y-332.8142

G1X54.4846Y-333.2629

G1X65.7235Y-334.8440

G1X69.5038Y-335.1895

G1X73.0798Y-335.3412

G1X76.4515Y-335.3179

G1X79.9254Y-335.1401

G1X95.0467Y-333.6419

G1X99.0314Y-333.3754

G1X102.9139Y-333.2450

G1X106.7965Y-333.2401

G1X111.0877Y-333.3557

G1X127.3330Y-334.2098

G1X135.7111Y-334.5154

G1X145.0087Y-334.6601

G1X159.3127Y-334.6922

G1X171.4711Y-334.6512

G1X179.0318Y-334.4856

G1X185.1621Y-334.1617

G1X195.2771Y-333.3575

G1X199.0574Y-333.2277

G1X201.5096Y-333.2987

G1X203.9617Y-333.5247

G1X206.5160Y-333.9212

G1X212.5441Y-335.0879

G1X214.2810Y-335.2924

G1X215.9158Y-335.3496

G1X217.5505Y-335.2453

G1X219.2874Y-334.9465

G1X221.1265Y-334.4439

G1X225.9286Y-332.8525

G1X227.3590Y-332.5546

G1X228.7894Y-332.4479

G1X230.2198Y-332.5698

G1X231.6356Y-332.9229

G1X233.1536Y-333.5262

G1X236.3793Y-335.1652

G1X237.7075Y-335.7465

G1X239.1087Y-336.1479

G1X240.3348Y-336.2525

G1X241.5609Y-336.0929

G1X242.8307Y-335.6497

G1X244.1969Y-334.9032

G1X247.1356Y-332.8701

G1X248.4472Y-332.0860

G1X249.7565Y-331.5718

G1X250.9606Y-331.4236

G1X252.0845Y-331.6027

G1X253.3174Y-332.1460

G1X254.5727Y-333.0154

G1X257.6198Y-335.7007

G1X258.8074Y-336.5884

G1X260.0977Y-337.2219

G1X260.6669Y-337.3613

G1X261.2799Y-337.3995

G1X261.8930Y-337.3250

G1X262.5644Y-337.1067

G1X263.8703Y-336.3128

G1X265.0711Y-335.2317

G1X268.3411Y-331.7565

G1X269.3004Y-330.9656

G1X270.0667Y-330.5029

G1X271.0884Y-330.1772

G1X272.0080Y-330.2036

G1X272.9752Y-330.5552

G1X273.9493Y-331.2301

G1 Z0F20000

(Start Block)


G1X22.9136Y-333.2515
G1Z6F20000
(Plotting speed under)
G1 F4000


G1X29.4526Y-332.2931

G1X33.6416Y-331.7801

G1X37.5241Y-331.4581

G1X41.2023Y-331.3358

G1X44.6761Y-331.4033

G1X48.3543Y-331.6637

G1X52.3390Y-332.1261

G1X64.0887Y-333.7709

G1X68.0734Y-334.1129

G1X71.8538Y-334.2366

G1X74.9190Y-334.1873

G1X78.0863Y-334.0104

G1X92.9011Y-332.5243

G1X96.8858Y-332.2569

G1X100.6662Y-332.1305

G1X104.4465Y-332.1267

G1X108.5334Y-332.2380

G1X125.2896Y-333.1398

G1X134.4850Y-333.4577

G1X144.1913Y-333.5719

G1X166.2603Y-333.5809

G1X175.2515Y-333.5328

G1X181.5861Y-333.3593

G1X187.0012Y-333.0405

G1X196.4010Y-332.2532

G1X200.4878Y-332.1150

G1X202.8378Y-332.2000

G1X205.0856Y-332.4212

G1X207.5377Y-332.8120

G1X213.4636Y-333.9748

G1X215.2006Y-334.1813

G1X216.7331Y-334.2371

G1X218.3679Y-334.1372

G1X220.1048Y-333.8399

G1X221.9439Y-333.3346

G1X226.7460Y-331.7369

G1X228.2785Y-331.4242

G1X229.6068Y-331.3348

G1X231.0372Y-331.4620

G1X232.4676Y-331.8269

G1X234.1972Y-332.5368

G1X237.1383Y-334.0422

G1X238.3716Y-334.5897

G1X239.7218Y-335.0013

G1X241.0500Y-335.1392

G1X242.2760Y-334.9929

G1X243.5897Y-334.5422

G1X244.9938Y-333.7745

G1X248.0930Y-331.6350

G1X249.1872Y-330.9924

G1X250.4498Y-330.4828

G1X251.6758Y-330.3097

G1X252.8873Y-330.4947

G1X254.1088Y-331.0367

G1X255.5103Y-332.0236

G1X258.0105Y-334.2412

G1X259.4272Y-335.3569

G1X260.6669Y-336.0272

G1X261.3821Y-336.2310

G1X261.9952Y-336.2894

G1X262.6082Y-336.2287

G1X263.3234Y-336.0161

G1X263.9432Y-335.7055

G1X264.7297Y-335.1668

G1X266.1196Y-333.8870

G1X269.1051Y-330.7173

G1X269.8864Y-330.0387

G1X270.6729Y-329.5144

G1X271.4971Y-329.1616

G1X272.3145Y-329.0373

G1X273.0954Y-329.1431

G1X273.9493Y-329.5035

G1 Z0F20000

(Start Block)


G1X22.9136Y-331.8576
G1Z6F20000
(Plotting speed under)
G1 F4000


G1X28.3287Y-331.0778

G1X32.3134Y-330.6104

G1X35.9916Y-330.3248

G1X39.4654Y-330.2215

G1X42.9392Y-330.2966

G1X46.5152Y-330.5549

G1X50.3978Y-331.0062

G1X58.5715Y-332.2016

G1X62.2496Y-332.6663

G1X66.1322Y-332.9989

G1X69.9125Y-333.1231

G1X72.9777Y-333.0728

G1X76.1450Y-332.8939

G1X90.7555Y-331.4145

G1X94.6380Y-331.1484

G1X98.5206Y-331.0161

G1X102.1988Y-331.0133

G1X106.1834Y-331.1236

G1X123.1439Y-332.0571

G1X132.5437Y-332.3736

G1X141.4326Y-332.4646

G1X171.0624Y-332.4673

G1X178.1123Y-332.4150

G1X183.7317Y-332.2355

G1X188.5338Y-331.9294

G1X197.5249Y-331.1441

G1X201.6117Y-331.0018

G1X203.8595Y-331.0855

G1X206.1073Y-331.3114

G1X208.4572Y-331.6921

G1X214.1788Y-332.8352

G1X215.9158Y-333.0548

G1X217.5505Y-333.1235

G1X219.2874Y-333.0136

G1X220.9222Y-332.7280

G1X222.6591Y-332.2520

G1X227.4612Y-330.6420

G1X228.9937Y-330.3205

G1X230.4241Y-330.2218

G1X231.7524Y-330.3384

G1X233.1536Y-330.6852

G1X234.7664Y-331.3323

G1X237.8024Y-332.8843

G1X239.1306Y-333.4789

G1X240.5391Y-333.9020

G1X241.8673Y-334.0257

G1X243.0934Y-333.8645

G1X244.3487Y-333.4261

G1X245.8793Y-332.5779

G1X248.5468Y-330.7251

G1X249.8640Y-329.9214

G1X251.1796Y-329.3770

G1X252.4932Y-329.1955

G1X253.7193Y-329.4009

G1X254.9113Y-329.9414

G1X256.2672Y-330.8957

G1X259.1043Y-333.3918

G1X260.3349Y-334.3220

G1X261.6157Y-334.9687

G1X262.1995Y-335.1205

G1X262.8125Y-335.1742

G1X263.5131Y-335.0969

G1X264.1772Y-334.8819

G1X264.8176Y-334.5582

G1X265.5648Y-334.0340

G1X266.7915Y-332.9218

G1X269.7548Y-329.7767

G1X271.2098Y-328.5842

G1X271.9569Y-328.1877

G1X272.6210Y-327.9793

G1X273.3362Y-327.9291

G1X273.9493Y-328.0262

G1 Z0F20000

(Start Block)


G1X22.9136Y-330.4789
G1Z6F20000
(Plotting speed under)
G1 F4000


G1X28.1244Y-329.7630

G1X32.4156Y-329.3293

G1X36.4002Y-329.1254

G1X40.1806Y-329.1443

G1X43.3479Y-329.3226

G1X46.8218Y-329.6690

G1X57.3454Y-331.1722

G1X61.1258Y-331.6286

G1X64.9061Y-331.9205

G1X68.5843Y-332.0102

G1X71.3429Y-331.9495

G1X74.3059Y-331.7756

G1X88.8143Y-330.2950

G1X92.6968Y-330.0292

G1X96.4771Y-329.9016

G1X100.1553Y-329.9013

G1X104.0378Y-330.0127

G1X120.8962Y-330.9621

G1X130.5003Y-331.2806

G1X138.2653Y-331.3527

G1X157.7801Y-331.2980

G1X174.2298Y-331.3538

G1X180.4622Y-331.2977

G1X185.4686Y-331.1198

G1X189.9642Y-330.8159

G1X198.5466Y-330.0376

G1X202.6335Y-329.8883

G1X204.8812Y-329.9745

G1X207.0268Y-330.1942

G1X209.3768Y-330.5793

G1X215.0984Y-331.7332

G1X216.7331Y-331.9403

G1X218.3679Y-332.0099

G1X220.0026Y-331.9111

G1X221.6374Y-331.6328

G1X223.5713Y-331.0995

G1X228.3807Y-329.4879

G1X229.9133Y-329.1846

G1X231.2415Y-329.1083

G1X232.6719Y-329.2536

G1X234.0001Y-329.6028

G1X235.6203Y-330.2651

G1X238.7511Y-331.8668

G1X239.9845Y-332.4033

G1X241.3565Y-332.8003

G1X242.5826Y-332.9116

G1X243.8086Y-332.7596

G1X245.1076Y-332.3111

G1X246.4991Y-331.5514

G1X249.5098Y-329.4757

G1X250.7052Y-328.7680

G1X251.9823Y-328.2547

G1X253.2084Y-328.0830

G1X254.4053Y-328.2608

G1X255.6197Y-328.7869

G1X256.9947Y-329.7367

G1X259.9637Y-332.3338

G1X261.1097Y-333.1917

G1X262.4038Y-333.8486

G1X263.0169Y-334.0114

G1X263.6299Y-334.0607

G1X264.2429Y-333.9978

G1X264.8414Y-333.8290

G1X266.0580Y-333.1659

G1X267.5178Y-331.9103

G1X269.8946Y-329.3711

G1X271.2928Y-328.0368

G1X272.6210Y-327.1557

G1X273.3362Y-326.8986

G1X273.9493Y-326.8109

G1 Z0F20000

(Start Block)


G1X22.9136Y-329.1200
G1Z6F20000
(Plotting speed under)
G1 F4000


G1X27.6135Y-328.5114

G1X31.5982Y-328.1519

G1X35.2764Y-328.0007

G1X38.9545Y-328.0490

G1X42.0197Y-328.2412

G1X45.2892Y-328.5793

G1X55.5063Y-330.0473

G1X59.2867Y-330.5077

G1X63.0670Y-330.8039

G1X66.7452Y-330.8968

G1X69.5038Y-330.8372

G1X72.4668Y-330.6633

G1X86.8730Y-329.1829

G1X90.7555Y-328.9146

G1X94.5359Y-328.7870

G1X98.0097Y-328.7863

G1X101.8922Y-328.8976

G1X118.6484Y-329.8599

G1X128.2525Y-330.1786

G1X136.7328Y-330.2397

G1X158.9040Y-330.1406

G1X176.7840Y-330.2402

G1X182.3013Y-330.1846

G1X187.0012Y-330.0058

G1X191.2924Y-329.7011

G1X199.4661Y-328.9338

G1X203.6552Y-328.7751

G1X205.8008Y-328.8598

G1X207.9464Y-329.0825

G1X210.2963Y-329.4741

G1X215.9158Y-330.6186

G1X217.6527Y-330.8363

G1X219.1852Y-330.8965

G1X220.8200Y-330.7941

G1X222.4547Y-330.5107

G1X224.1917Y-330.0324

G1X229.0959Y-328.3852

G1X230.6285Y-328.0764

G1X231.9567Y-327.9951

G1X233.2849Y-328.1172

G1X234.6715Y-328.4662

G1X236.2844Y-329.1184

G1X240.5537Y-331.2265

G1X241.9695Y-331.6628

G1X243.2978Y-331.7996

G1X244.6260Y-331.6281

G1X245.8666Y-331.1891

G1X247.4676Y-330.2964

G1X249.9581Y-328.5651

G1X251.3693Y-327.7012

G1X252.6975Y-327.1519

G1X254.0258Y-326.9683

G1X255.2518Y-327.1715

G1X256.4925Y-327.7351

G1X258.0105Y-328.8196

G1X260.5107Y-331.0217

G1X261.8291Y-332.0352

G1X263.1336Y-332.7146

G1X263.8342Y-332.8983

G1X264.4473Y-332.9482

G1X265.0603Y-332.8827

G1X265.7755Y-332.6650

G1X266.4226Y-332.3429

G1X267.1310Y-331.8605

G1X268.4887Y-330.6446

G1X270.9433Y-328.0369

G1X271.9178Y-327.1113

G1X272.9752Y-326.3181

G1X273.9493Y-325.8523

G1 Z0F20000

(Start Block)


G1X22.9136Y-327.7841
G1Z6F20000
(Plotting speed under)
G1 F4000


G1X27.1026Y-327.2815

G1X30.7808Y-326.9893

G1X34.2546Y-326.8811

G1X37.7285Y-326.9534

G1X40.5893Y-327.1458

G1X43.7566Y-327.4804

G1X53.7694Y-328.9258

G1X57.4476Y-329.3790

G1X61.2279Y-329.6833

G1X64.9061Y-329.7833

G1X67.7669Y-329.7237

G1X70.7299Y-329.5490

G1X85.1361Y-328.0606

G1X89.0186Y-327.7940

G1X92.6968Y-327.6723

G1X96.1706Y-327.6744

G1X99.9510Y-327.7866

G1X116.6050Y-328.7609

G1X126.1069Y-329.0743

G1X134.5872Y-329.1238

G1X158.2910Y-328.9745

G1X178.9297Y-329.1266

G1X183.9361Y-329.0713

G1X188.3294Y-328.8954

G1X192.4163Y-328.5955

G1X200.4878Y-327.8184

G1X204.5747Y-327.6613

G1X206.7203Y-327.7483

G1X208.8659Y-327.9764

G1X211.1137Y-328.3567

G1X216.6309Y-329.4933

G1X218.3679Y-329.7168

G1X219.9004Y-329.7829

G1X221.5352Y-329.6857

G1X223.1700Y-329.4056

G1X224.9945Y-328.9024

G1X229.8111Y-327.2751

G1X231.2415Y-326.9780

G1X232.6719Y-326.8805

G1X234.1023Y-327.0188

G1X235.5254Y-327.3940

G1X237.0434Y-328.0173

G1X240.1742Y-329.6190

G1X241.4076Y-330.1596

G1X242.7869Y-330.5658

G1X244.0130Y-330.6849

G1X245.2390Y-330.5428

G1X246.5308Y-330.1092

G1X247.9159Y-329.3666

G1X251.0373Y-327.2293

G1X252.2548Y-326.5172

G1X253.6171Y-325.9940

G1X254.8432Y-325.8573

G1X255.4562Y-325.9202

G1X256.1714Y-326.1107

G1X257.5677Y-326.8103

G1X258.7918Y-327.7139

G1X261.7608Y-330.2916

G1X263.0577Y-331.1914

G1X264.1772Y-331.6803

G1X265.2646Y-331.8327

G1X265.8777Y-331.7679

G1X266.5491Y-331.5663

G1X267.3081Y-331.1871

G1X267.9722Y-330.7301

G1X269.2266Y-329.6208

G1X272.3996Y-326.3206

G1X273.2852Y-325.5741

G1X273.9493Y-325.1283

G1 Z0F20000

(Start Block)


G1X22.9136Y-326.4734
G1Z6F20000
(Plotting speed under)
G1 F4000


G1X26.6939Y-326.0622

G1X30.1678Y-325.8301

G1X33.4373Y-325.7675

G1X36.7068Y-325.8670

G1X39.4654Y-326.0719

G1X42.4284Y-326.3973

G1X52.0325Y-327.7939

G1X55.7107Y-328.2528

G1X59.4910Y-328.5638

G1X63.1692Y-328.6697

G1X66.0300Y-328.6134

G1X68.9930Y-328.4405

G1X83.3992Y-326.9453

G1X87.2817Y-326.6778

G1X90.9599Y-326.5575

G1X94.3315Y-326.5612

G1X98.0097Y-326.6715

G1X114.5615Y-327.6554

G1X124.0635Y-327.9685

G1X132.5437Y-328.0065

G1X157.8823Y-327.8040

G1X180.6666Y-328.0131

G1X185.3664Y-327.9589

G1X189.5555Y-327.7844

G1X193.4380Y-327.4916

G1X201.5096Y-326.6988

G1X205.4943Y-326.5483

G1X207.6398Y-326.6398

G1X209.6833Y-326.8616

G1X211.8289Y-327.2249

G1X217.4483Y-328.3879

G1X219.0831Y-328.6002

G1X220.6157Y-328.6699

G1X222.2504Y-328.5754

G1X223.8852Y-328.2968

G1X225.7243Y-327.7874

G1X230.5263Y-326.1643

G1X232.0589Y-325.8516

G1X233.3871Y-325.7677

G1X234.7153Y-325.8877

G1X236.1458Y-326.2494

G1X237.7075Y-326.8817

G1X241.9768Y-328.9885

G1X243.3999Y-329.4303

G1X244.7282Y-329.5725

G1X246.0564Y-329.4090

G1X247.3846Y-328.9401

G1X248.8789Y-328.1103

G1X251.6349Y-326.2154

G1X252.8873Y-325.4650

G1X254.2301Y-324.9188

G1X254.9453Y-324.7733

G1X255.5583Y-324.7423

G1X256.7771Y-324.9439

G1X258.0105Y-325.4967

G1X259.4950Y-326.5400

G1X261.9170Y-328.6551

G1X263.3234Y-329.7479

G1X264.6516Y-330.4581

G1X265.3668Y-330.6597

G1X265.9798Y-330.7214

G1X266.6950Y-330.6508

G1X267.3966Y-330.4402

G1X268.1050Y-330.0820

G1X268.8707Y-329.5588

G1X270.1044Y-328.4588

G1X272.5511Y-325.8856

G1X273.9493Y-324.6028

G1 Z0F20000

(Start Block)


G1X22.9136Y-325.1887
G1Z6F20000
(Plotting speed under)
G1 F4000


G1X26.2853Y-324.8633

G1X29.4526Y-324.6884

G1X32.5177Y-324.6593

G1X35.6850Y-324.7801

G1X41.1001Y-325.3052

G1X50.4999Y-326.6800

G1X54.1781Y-327.1402

G1X57.9584Y-327.4515

G1X61.6366Y-327.5562

G1X64.4974Y-327.4979

G1X67.4604Y-327.3222

G1X81.7644Y-325.8282

G1X85.5448Y-325.5658

G1X89.2230Y-325.4439

G1X92.5946Y-325.4482

G1X96.2728Y-325.5610

G1X112.6202Y-326.5488

G1X122.0200Y-326.8597

G1X130.5003Y-326.8890

G1X157.4736Y-326.6316

G1X182.3013Y-326.8995

G1X186.6947Y-326.8455

G1X190.6794Y-326.6735

G1X194.4597Y-326.3809

G1X202.2248Y-325.5989

G1X206.3116Y-325.4346

G1X208.4572Y-325.5267

G1X210.5007Y-325.7514

G1X212.7484Y-326.1404

G1X218.0614Y-327.2536

G1X219.7983Y-327.4845

G1X221.3309Y-327.5559

G1X222.9656Y-327.4621

G1X224.7025Y-327.1597

G1X226.4175Y-326.6807

G1X231.2415Y-325.0462

G1X232.6719Y-324.7497

G1X234.1023Y-324.6537

G1X235.4306Y-324.7755

G1X236.8536Y-325.1359

G1X238.3716Y-325.7466

G1X241.5973Y-327.3899

G1X242.8307Y-327.9296

G1X244.2173Y-328.3377

G1X245.4433Y-328.4581

G1X246.6694Y-328.3193

G1X247.9538Y-327.8950

G1X249.4212Y-327.1112

G1X252.4485Y-325.0475

G1X253.6716Y-324.3264

G1X255.0694Y-323.7784

G1X256.2735Y-323.6281

G1X257.4996Y-323.8214

G1X258.7189Y-324.3534

G1X260.0858Y-325.2872

G1X263.0109Y-327.8045

G1X264.2366Y-328.7171

G1X265.6003Y-329.3993

G1X266.7972Y-329.6065

G1X267.4978Y-329.5400

G1X268.1619Y-329.3423

G1X268.8853Y-328.9927

G1X269.6325Y-328.4852

G1X270.9238Y-327.3475

G1X273.9493Y-324.2293

G1 Z0F20000

(Start Block)


G1X22.9136Y-323.9303
G1Z6F20000
(Plotting speed under)
G1 F4000


G1X25.9787Y-323.6762

G1X28.9417Y-323.5522

G1X31.8025Y-323.5587

G1X34.7655Y-323.6980

G1X39.9762Y-324.2300

G1X52.3390Y-325.9862

G1X55.9150Y-326.3041

G1X59.3888Y-326.4379

G1X62.4540Y-326.4041

G1X65.7235Y-326.2250

G1X80.1297Y-324.7178

G1X83.9100Y-324.4528

G1X87.5882Y-324.3301

G1X90.9599Y-324.3354

G1X94.5359Y-324.4467

G1X110.7812Y-325.4413

G1X120.0788Y-325.7500

G1X128.5590Y-325.7713

G1X147.4608Y-325.5127

G1X157.2692Y-325.4593

G1X165.9538Y-325.5159

G1X183.6295Y-325.7859

G1X188.0229Y-325.7287

G1X191.9054Y-325.5505

G1X195.5836Y-325.2536

G1X202.9400Y-324.4959

G1X206.7203Y-324.3193

G1X208.9681Y-324.3937

G1X211.1137Y-324.6175

G1X213.3615Y-325.0007

G1X218.8787Y-326.1570

G1X220.5135Y-326.3722

G1X222.0461Y-326.4427

G1X223.6808Y-326.3470

G1X225.3156Y-326.0653

G1X227.0525Y-325.5846

G1X231.9567Y-323.9274

G1X233.4893Y-323.6194

G1X234.8175Y-323.5410

G1X236.1458Y-323.6667

G1X237.5761Y-324.0336

G1X239.2255Y-324.7095

G1X243.3999Y-326.7639

G1X244.8303Y-327.2045

G1X246.1586Y-327.3451

G1X247.4795Y-327.1848

G1X248.8014Y-326.7252

G1X250.2182Y-325.9540

G1X253.2288Y-323.9073

G1X254.4053Y-323.2191

G1X255.7627Y-322.6809

G1X256.4779Y-322.5414

G1X257.0909Y-322.5164

G1X258.2951Y-322.7183

G1X259.5158Y-323.2572

G1X260.9013Y-324.2072

G1X263.9045Y-326.7771

G1X265.0058Y-327.5862

G1X265.7142Y-327.9994

G1X266.3885Y-328.2800

G1X267.0016Y-328.4402

G1X267.6146Y-328.4932

G1X268.2276Y-328.4397

G1X268.9209Y-328.2511

G1X270.2966Y-327.4916

G1X271.6617Y-326.3277

G1X273.9493Y-323.9546

G1 Z0F20000

(Start Block)


G1X22.9136Y-322.6975
G1Z6F20000
(Plotting speed under)
G1 F4000


G1X25.6722Y-322.5076

G1X28.4309Y-322.4277

G1X31.0873Y-322.4625

G1X33.8459Y-322.6136

G1X38.8524Y-323.1459

G1X50.8064Y-324.8573

G1X54.3824Y-325.1824

G1X57.8563Y-325.3229

G1X61.0236Y-325.2904

G1X64.2931Y-325.1101

G1X78.5971Y-323.6052

G1X82.3775Y-323.3386

G1X86.0556Y-323.2160

G1X89.3251Y-323.2212

G1X92.9011Y-323.3329

G1X109.1464Y-324.3386

G1X118.3419Y-324.6411

G1X126.7200Y-324.6536

G1X146.3369Y-324.3541

G1X156.9627Y-324.2887

G1X166.4647Y-324.3556

G1X184.9578Y-324.6724

G1X189.0446Y-324.6176

G1X192.8250Y-324.4418

G1X196.2988Y-324.1591

G1X203.7573Y-323.3811

G1X207.5377Y-323.2056

G1X209.6833Y-323.2783

G1X211.8289Y-323.5020

G1X214.1788Y-323.9077

G1X219.4918Y-325.0301

G1X221.2287Y-325.2605

G1X222.7613Y-325.3286

G1X224.3960Y-325.2291

G1X226.0308Y-324.9431

G1X227.7458Y-324.4669

G1X232.5697Y-322.8291

G1X234.0001Y-322.5282

G1X235.4306Y-322.4261

G1X236.8609Y-322.5586

G1X238.2768Y-322.9247

G1X239.7947Y-323.5396

G1X243.0204Y-325.1775

G1X244.2538Y-325.7120

G1X245.6477Y-326.1156

G1X246.8738Y-326.2311

G1X248.2020Y-326.0664

G1X249.4718Y-325.6285

G1X250.9266Y-324.8429

G1X253.8597Y-322.8548

G1X255.1769Y-322.0833

G1X256.4925Y-321.5676

G1X257.8061Y-321.4009

G1X259.0322Y-321.6011

G1X260.2874Y-322.1540

G1X261.6631Y-323.0947

G1X264.4953Y-325.5106

G1X265.8138Y-326.4895

G1X267.1183Y-327.1466

G1X267.8189Y-327.3275

G1X268.4319Y-327.3807

G1X269.0450Y-327.3249

G1X269.6581Y-327.1628

G1X270.8501Y-326.5576

G1X272.1522Y-325.5258

G1X273.9493Y-323.7228

G1 Z0F20000

(Start Block)


G1X22.9136Y-321.4891
G1Z6F20000
(Plotting speed under)
G1 F4000


G1X28.0222Y-321.3131

G1X33.0286Y-321.5341

G1X37.7285Y-322.0524

G1X49.4782Y-323.7433

G1X53.0542Y-324.0695

G1X56.5280Y-324.2096

G1X59.5932Y-324.1791

G1X62.8627Y-324.0005

G1X77.2689Y-322.4814

G1X81.0492Y-322.2178

G1X84.6253Y-322.1015

G1X91.3686Y-322.2199

G1X107.5117Y-323.2304

G1X116.6050Y-323.5302

G1X124.9830Y-323.5358

G1X145.3152Y-323.1973

G1X156.7584Y-323.1210

G1X166.9755Y-323.1981

G1X186.0817Y-323.5588

G1X190.0663Y-323.5039

G1X193.7445Y-323.3283

G1X197.2184Y-323.0393

G1X204.4725Y-322.2708

G1X208.2529Y-322.0921

G1X210.3985Y-322.1650

G1X212.5441Y-322.3911

G1X214.6897Y-322.7589

G1X220.3091Y-323.9416

G1X221.9439Y-324.1521

G1X223.3743Y-324.2156

G1X225.0090Y-324.1214

G1X226.6438Y-323.8404

G1X228.3807Y-323.3601

G1X233.2849Y-321.7031

G1X234.8175Y-321.3940

G1X236.1458Y-321.3136

G1X237.4740Y-321.4360

G1X238.9044Y-321.7977

G1X240.5537Y-322.4669

G1X243.3999Y-323.9137

G1X244.8303Y-324.5544

G1X246.2607Y-324.9849

G1X247.5890Y-325.1174

G1X248.9172Y-324.9509

G1X250.2308Y-324.4938

G1X251.6349Y-323.7355

G1X254.7342Y-321.6473

G1X255.9232Y-320.9653

G1X257.2953Y-320.4394

G1X258.5213Y-320.2882

G1X259.8131Y-320.4961

G1X261.1982Y-321.1272

G1X262.4932Y-322.0285

G1X266.2455Y-325.1328

G1X267.3081Y-325.7748

G1X268.4466Y-326.1834

G1X269.1472Y-326.2646

G1X269.7602Y-326.2270

G1X270.3441Y-326.0919

G1X271.0082Y-325.8234

G1X272.3720Y-324.9323

G1X273.9493Y-323.4793

G1 Z0F20000

(Start Block)


G1X22.9136Y-320.3034
G1Z6F20000
(Plotting speed under)
G1 F4000


G1X27.5113Y-320.2061

G1X32.2112Y-320.4509

G1X36.6046Y-320.9495

G1X48.1500Y-322.6212

G1X51.7260Y-322.9519

G1X55.1998Y-323.0954

G1X58.2650Y-323.0666

G1X61.5344Y-322.8885

G1X75.8385Y-321.3730

G1X79.6188Y-321.1062

G1X83.1948Y-320.9882

G1X86.4643Y-320.9957

G1X89.9382Y-321.1078

G1X105.8769Y-322.1167

G1X114.9702Y-322.4188

G1X123.2461Y-322.4193

G1X144.3956Y-322.0425

G1X156.5540Y-321.9571

G1X167.4864Y-322.0441

G1X187.2055Y-322.4452

G1X191.0881Y-322.3875

G1X194.6641Y-322.2104

G1X198.0357Y-321.9237

G1X205.1877Y-321.1578

G1X208.8659Y-320.9785

G1X211.0115Y-321.0470

G1X213.1571Y-321.2695

G1X215.5071Y-321.6769

G1X220.8200Y-322.8049

G1X222.4547Y-323.0255

G1X223.9873Y-323.1016

G1X225.6221Y-323.0111

G1X227.3590Y-322.7104

G1X229.0740Y-322.2321

G1X233.8980Y-320.5978

G1X235.3284Y-320.2994

G1X236.7588Y-320.1990

G1X238.1892Y-320.3316

G1X239.6050Y-320.6956

G1X241.1230Y-321.3062

G1X244.3487Y-322.9347

G1X245.5820Y-323.4695

G1X246.9759Y-323.8786

G1X248.3042Y-324.0037

G1X249.6324Y-323.8316

G1X250.8949Y-323.3947

G1X252.4319Y-322.5634

G1X255.1880Y-320.7054

G1X256.5051Y-319.9233

G1X257.9156Y-319.3544

G1X259.2365Y-319.1728

G1X259.9517Y-319.2374

G1X260.6669Y-319.4152

G1X262.0782Y-320.0866

G1X263.4796Y-321.0901

G1X266.9760Y-323.9853

G1X268.0671Y-324.6441

G1X269.0450Y-325.0191

G1X270.1689Y-325.1505

G1X271.3877Y-324.9000

G1X272.6210Y-324.2463

G1X273.9493Y-323.1743

G1 Z0F20000

(Start Block)


G1X22.9136Y-319.1384
G1Z6F20000
(Plotting speed under)
G1 F4000


G1X27.1026Y-319.1065

G1X31.3938Y-319.3633

G1X35.5829Y-319.8511

G1X46.9239Y-321.5028

G1X50.4999Y-321.8365

G1X53.9738Y-321.9817

G1X57.0389Y-321.9531

G1X60.3084Y-321.7741

G1X74.6124Y-320.2530

G1X78.2906Y-319.9931

G1X81.8666Y-319.8745

G1X88.5078Y-319.9920

G1X104.4465Y-321.0086

G1X113.4376Y-321.3072

G1X121.6113Y-321.3031

G1X143.3739Y-320.8929

G1X156.3497Y-320.7974

G1X167.9973Y-320.8940

G1X188.1251Y-321.3316

G1X191.9054Y-321.2751

G1X195.3793Y-321.1021

G1X198.6488Y-320.8236

G1X205.9029Y-320.0408

G1X209.5811Y-319.8649

G1X211.7267Y-319.9380

G1X213.8723Y-320.1667

G1X216.0179Y-320.5384

G1X221.5352Y-321.7064

G1X223.1700Y-321.9210

G1X224.6004Y-321.9885

G1X226.2351Y-321.8993

G1X227.8698Y-321.6235

G1X229.6068Y-321.1481

G1X234.6132Y-319.4652

G1X236.1458Y-319.1624

G1X237.4740Y-319.0869

G1X238.8022Y-319.2126

G1X240.2326Y-319.5752

G1X241.8819Y-320.2417

G1X244.7282Y-321.6792

G1X246.1586Y-322.3174

G1X247.5890Y-322.7503

G1X248.9172Y-322.8906

G1X250.2454Y-322.7375

G1X251.5591Y-322.2977

G1X253.0517Y-321.5049

G1X256.1509Y-319.4352

G1X257.3464Y-318.7528

G1X258.7257Y-318.2214

G1X260.0539Y-318.0618

G1X261.3821Y-318.2927

G1X262.7921Y-318.9507

G1X264.0705Y-319.8433

G1X267.6623Y-322.7974

G1X268.6363Y-323.4156

G1X269.5851Y-323.8315

G1X270.6798Y-324.0353

G1X271.7015Y-323.9370

G1X272.7981Y-323.5198

G1X273.9493Y-322.7652

G1 Z0F20000

(Start Block)


G1X22.9136Y-317.9918
G1Z6F20000
(Plotting speed under)
G1 F4000


G1X26.6939Y-318.0119

G1X30.6786Y-318.2802

G1X34.6633Y-318.7574

G1X45.8000Y-320.3883

G1X49.3760Y-320.7235

G1X52.8499Y-320.8684

G1X55.9150Y-320.8384

G1X59.1845Y-320.6570

G1X73.3864Y-319.1392

G1X77.0645Y-318.8785

G1X80.6405Y-318.7604

G1X83.8079Y-318.7682

G1X87.2817Y-318.8819

G1X103.1183Y-319.9008

G1X112.0072Y-320.1954

G1X119.9766Y-320.1885

G1X142.3522Y-319.7474

G1X156.1454Y-319.6422

G1X168.5081Y-319.7480

G1X188.9424Y-320.2181

G1X192.6206Y-320.1639

G1X196.0945Y-319.9899

G1X199.3640Y-319.7082

G1X206.5160Y-318.9301

G1X210.1941Y-318.7513

G1X212.3397Y-318.8241

G1X214.4854Y-319.0528

G1X216.7331Y-319.4464

G1X222.0461Y-320.5770

G1X223.6808Y-320.7979

G1X225.2134Y-320.8744

G1X226.8481Y-320.7849

G1X228.4829Y-320.5090

G1X230.3074Y-320.0081

G1X235.1240Y-318.3802

G1X236.6566Y-318.0639

G1X238.0870Y-317.9725

G1X239.5174Y-318.1119

G1X240.9332Y-318.4794

G1X242.4512Y-319.0894

G1X245.6769Y-320.7067

G1X246.9103Y-321.2378

G1X248.3042Y-321.6468

G1X249.6324Y-321.7770

G1X250.9606Y-321.6159

G1X252.2232Y-321.1937

G1X253.7601Y-320.3824

G1X256.5992Y-318.4921

G1X258.0105Y-317.6673

G1X259.4409Y-317.1115

G1X260.7691Y-316.9468

G1X261.4843Y-317.0186

G1X262.1849Y-317.1961

G1X263.5890Y-317.8602

G1X264.9641Y-318.8302

G1X268.3042Y-321.5869

G1X269.2562Y-322.2063

G1X270.0667Y-322.6025

G1X271.0884Y-322.8860

G1X272.0080Y-322.9069

G1X272.9056Y-322.7111

G1X273.9493Y-322.2189

G1 Z0F20000

(Start Block)


G1X22.9136Y-316.8614
G1Z6F20000
(Plotting speed under)
G1 F4000


G1X26.3874Y-316.9251

G1X29.9634Y-317.1919

G1X33.7438Y-317.6543

G1X44.6761Y-319.2661

G1X48.2521Y-319.6058

G1X51.7260Y-319.7542

G1X54.7911Y-319.7260

G1X58.0606Y-319.5449

G1X72.2625Y-318.0225

G1X75.9407Y-317.7623

G1X79.5167Y-317.6459

G1X86.0556Y-317.7683

G1X101.7901Y-318.7881

G1X110.6790Y-319.0834

G1X118.5462Y-319.0729

G1X141.4326Y-318.6045

G1X155.9410Y-318.4916

G1X168.9168Y-318.6044

G1X189.7598Y-319.1046

G1X193.4380Y-319.0473

G1X196.8097Y-318.8740

G1X207.1290Y-317.8157

G1X210.8072Y-317.6378

G1X212.9528Y-317.7120

G1X214.9962Y-317.9287

G1X217.1418Y-318.2969

G1X222.7613Y-319.4847

G1X224.3960Y-319.6966

G1X225.8264Y-319.7613

G1X227.4612Y-319.6694

G1X229.0959Y-319.3921

G1X230.8328Y-318.9171

G1X235.7371Y-317.2683

G1X237.2696Y-316.9521

G1X238.7000Y-316.8593

G1X240.0283Y-316.9786

G1X241.4587Y-317.3315

G1X243.1153Y-317.9890

G1X246.0564Y-319.4596

G1X247.4868Y-320.0913

G1X248.9172Y-320.5210

G1X250.2454Y-320.6635

G1X251.5736Y-320.5185

G1X252.8873Y-320.0918

G1X254.3800Y-319.3170

G1X257.5677Y-317.2138

G1X258.7694Y-316.5334

G1X260.1561Y-316.0004

G1X261.4843Y-315.8336

G1X262.1995Y-315.8998

G1X262.9147Y-316.0801

G1X264.3860Y-316.7773

G1X265.8138Y-317.7912

G1X268.9684Y-320.3826

G1X269.7985Y-320.9506

G1X270.6287Y-321.3907

G1X271.4971Y-321.6940

G1X272.3145Y-321.8104

G1X273.1319Y-321.7490

G1X273.9493Y-321.5128

G1 Z0F20000

(Start Block)


G1X22.9136Y-315.7448
G1Z6F20000
(Plotting speed under)
G1 F4000


G1X26.4896Y-315.8660

G1X30.1678Y-316.1985

G1X41.3045Y-317.8403

G1X45.0848Y-318.3059

G1X48.3543Y-318.5602

G1X51.6238Y-318.6476

G1X54.7911Y-318.5709

G1X58.1628Y-318.3370

G1X68.6865Y-317.1535

G1X72.5690Y-316.7941

G1X76.1450Y-316.5897

G1X79.6188Y-316.5242

G1X86.1578Y-316.7181

G1X102.6074Y-317.7766

G1X107.5117Y-317.9384

G1X112.6202Y-317.9909

G1X119.8744Y-317.9139

G1X141.2283Y-317.4545

G1X155.4302Y-317.3455

G1X168.5081Y-317.4502

G1X186.5925Y-317.9434

G1X192.2120Y-317.9786

G1X197.7292Y-317.7393

G1X207.8442Y-316.6902

G1X209.8876Y-316.5565

G1X211.8289Y-316.5275

G1X213.7701Y-316.6177

G1X215.6092Y-316.8221

G1X217.7548Y-317.1941

G1X223.2721Y-318.3623

G1X225.0090Y-318.5862

G1X226.6438Y-318.6453

G1X228.1764Y-318.5391

G1X229.8111Y-318.2472

G1X231.6356Y-317.7349

G1X236.3501Y-316.1501

G1X237.8827Y-315.8365

G1X239.3131Y-315.7451

G1X240.7435Y-315.8811

G1X242.1666Y-316.2441

G1X243.6846Y-316.8447

G1X246.9103Y-318.4471

G1X248.2385Y-319.0164

G1X249.6324Y-319.4199

G1X250.9606Y-319.5500

G1X252.2889Y-319.3947

G1X253.6463Y-318.9427

G1X255.2655Y-318.0827

G1X257.9219Y-316.3254

G1X259.4336Y-315.4462

G1X260.8713Y-314.8900

G1X262.1995Y-314.7194

G1X262.9147Y-314.7836

G1X263.6080Y-314.9498

G1X265.0944Y-315.6363

G1X266.4779Y-316.6003

G1X269.6325Y-319.1881

G1X271.1157Y-320.1344

G1X271.8036Y-320.4313

G1X272.5189Y-320.6307

G1X273.2341Y-320.6979

G1X273.9493Y-320.6351

G1 Z0F20000

(Start Block)


G1X22.9136Y-314.6397
G1Z6F20000
(Plotting speed under)
G1 F4000


G1X26.1831Y-314.7874

G1X29.7591Y-315.1369

G1X40.1806Y-316.6959

G1X43.7566Y-317.1504

G1X46.8218Y-317.4123

G1X49.7847Y-317.5274

G1X52.8499Y-317.4972

G1X56.0172Y-317.3201

G1X70.1168Y-315.7982

G1X73.7951Y-315.5354

G1X77.3711Y-315.4184

G1X83.8079Y-315.5402

G1X99.4401Y-316.5647

G1X108.2269Y-316.8581

G1X117.2180Y-316.8232

G1X141.8413Y-316.2971

G1X155.5323Y-316.2038

G1X169.7342Y-316.3294

G1X186.3882Y-316.8079

G1X191.0881Y-316.8774

G1X194.6641Y-316.8215

G1X197.9335Y-316.6528

G1X208.2529Y-315.5878

G1X211.9311Y-315.4108

G1X214.0767Y-315.4866

G1X216.1201Y-315.7050

G1X218.3679Y-316.0949

G1X223.7830Y-317.2417

G1X225.4177Y-317.4600

G1X226.9503Y-317.5340

G1X228.5850Y-317.4435

G1X230.2198Y-317.1698

G1X231.9567Y-316.7006

G1X236.9631Y-315.0319

G1X238.4957Y-314.7219

G1X239.9261Y-314.6324

G1X241.3565Y-314.7688

G1X242.7869Y-315.1331

G1X244.3487Y-315.7519

G1X248.7129Y-317.8372

G1X250.1433Y-318.2757

G1X251.5736Y-318.4364

G1X252.9019Y-318.2945

G1X254.2155Y-317.8768

G1X255.7082Y-317.1172

G1X258.9845Y-314.9834

G1X260.2874Y-314.2611

G1X261.6886Y-313.7502

G1X263.0169Y-313.6075

G1X264.2429Y-313.8066

G1X265.5055Y-314.3347

G1X267.0590Y-315.3554

G1X269.8083Y-317.6089

G1X271.2098Y-318.6248

G1X272.6210Y-319.3283

G1X273.3362Y-319.5191

G1X273.9493Y-319.5845

G1 Z0F20000

(Start Block)


G1X22.9136Y-313.5439
G1Z6F20000
(Plotting speed under)
G1 F4000


G1X25.9787Y-313.7167

G1X29.2482Y-314.0575

G1X39.2610Y-315.5716

G1X42.6327Y-316.0084

G1X45.9022Y-316.2959

G1X48.9673Y-316.4148

G1X51.9303Y-316.3843

G1X55.0976Y-316.2073

G1X69.1973Y-314.6814

G1X72.8755Y-314.4193

G1X76.3493Y-314.3054

G1X82.7862Y-314.4257

G1X98.4184Y-315.4543

G1X107.1030Y-315.7448

G1X115.9919Y-315.7093

G1X140.9218Y-315.1656

G1X155.4302Y-315.0663

G1X170.0407Y-315.1960

G1X187.1034Y-315.6963

G1X191.7011Y-315.7638

G1X195.1749Y-315.7093

G1X198.4444Y-315.5408

G1X201.6117Y-315.2632

G1X208.6616Y-314.4829

G1X212.4419Y-314.2970

G1X214.5875Y-314.3732

G1X216.6309Y-314.5913

G1X218.7766Y-314.9601

G1X224.2938Y-316.1257

G1X225.9286Y-316.3448

G1X227.4612Y-316.4205

G1X229.0959Y-316.3336

G1X230.7307Y-316.0645

G1X232.6719Y-315.5368

G1X237.5761Y-313.9083

G1X239.1087Y-313.6035

G1X240.5391Y-313.5184

G1X241.9695Y-313.6572

G1X243.3999Y-314.0208

G1X245.0128Y-314.6584

G1X248.2385Y-316.2464

G1X249.5667Y-316.8045

G1X250.9606Y-317.1979

G1X252.2889Y-317.3228

G1X253.6171Y-317.1685

G1X254.9745Y-316.7241

G1X256.5937Y-315.8793

G1X259.6043Y-313.9233

G1X260.9515Y-313.1718

G1X262.4038Y-312.6393

G1X263.7321Y-312.4943

G1X265.0311Y-312.7078

G1X266.4226Y-313.3144

G1X267.8062Y-314.2340

G1X270.7117Y-316.5972

G1X271.7355Y-317.3421

G1X272.9056Y-318.0070

G1X273.9493Y-318.3693

G1 Z0F20000

(Start Block)


G1X22.9136Y-312.4554
G1Z6F20000
(Plotting speed under)
G1 F4000


G1X25.7744Y-312.6459

G1X28.7374Y-312.9713

G1X38.3415Y-314.4383

G1X41.7132Y-314.8814

G1X44.9827Y-315.1756

G1X48.1500Y-315.3014

G1X51.1130Y-315.2702

G1X54.2803Y-315.0913

G1X68.2778Y-313.5704

G1X71.9559Y-313.3066

G1X75.5320Y-313.1906

G1X81.8666Y-313.3128

G1X97.3967Y-314.3393

G1X106.0813Y-314.6316

G1X114.9702Y-314.5938

G1X140.1044Y-314.0364

G1X155.2258Y-313.9325

G1X170.3472Y-314.0664

G1X187.5121Y-314.5787

G1X192.2120Y-314.6502

G1X195.6858Y-314.5954

G1X198.9553Y-314.4255

G1X209.1724Y-313.3666

G1X212.8506Y-313.1835

G1X214.9962Y-313.2544

G1X217.0397Y-313.4665

G1X219.2874Y-313.8502

G1X224.8047Y-315.0120

G1X226.5416Y-315.2393

G1X228.0742Y-315.3066

G1X229.7089Y-315.2105

G1X231.3437Y-314.9340

G1X233.1828Y-314.4345

G1X238.0870Y-312.8096

G1X239.7218Y-312.4862

G1X241.1521Y-312.4060

G1X242.4804Y-312.5301

G1X243.9108Y-312.8794

G1X245.4871Y-313.4871

G1X250.0411Y-315.6318

G1X251.4715Y-316.0573

G1X252.9019Y-316.2092

G1X254.2301Y-316.0657

G1X255.6386Y-315.6135

G1X257.1250Y-314.8535

G1X260.3127Y-312.7983

G1X261.6157Y-312.0746

G1X263.1190Y-311.5233

G1X264.4473Y-311.3795

G1X265.1625Y-311.4523

G1X265.8777Y-311.6299

G1X267.3911Y-312.3314

G1X268.7926Y-313.2976

G1X272.2059Y-316.0217

G1X273.1523Y-316.6191

G1X273.9493Y-317.0055

G1 Z0F20000

(Start Block)


G1X22.9136Y-311.3722
G1Z6F20000
(Plotting speed under)
G1 F4000


G1X25.5701Y-311.5737

G1X28.4309Y-311.9051

G1X37.4219Y-313.2956

G1X40.7936Y-313.7472

G1X44.1653Y-314.0578

G1X47.3326Y-314.1871

G1X50.2956Y-314.1579

G1X53.4629Y-313.9801

G1X67.4604Y-312.4559

G1X71.1386Y-312.1921

G1X74.7146Y-312.0767

G1X81.0492Y-312.2014

G1X96.5793Y-313.2310

G1X105.2639Y-313.5198

G1X114.0507Y-313.4784

G1X139.1849Y-312.9123

G1X155.0215Y-312.8023

G1X170.5515Y-312.9384

G1X188.0229Y-313.4657

G1X192.7228Y-313.5367

G1X196.1966Y-313.4797

G1X199.3640Y-313.3142

G1X209.6833Y-312.2470

G1X213.3615Y-312.0700

G1X215.5071Y-312.1444

G1X217.5505Y-312.3596

G1X219.7983Y-312.7440

G1X225.3156Y-313.9013

G1X226.9503Y-314.1180

G1X228.4829Y-314.1934

G1X230.1176Y-314.1088

G1X231.8546Y-313.8230

G1X233.6936Y-313.3260

G1X238.7000Y-311.6817

G1X240.2326Y-311.3789

G1X241.6630Y-311.2911

G1X243.0934Y-311.4222

G1X244.5238Y-311.7741

G1X246.2461Y-312.4437

G1X249.4718Y-314.0139

G1X250.8001Y-314.5674

G1X252.2889Y-314.9803

G1X253.6171Y-315.0952

G1X254.9453Y-314.9373

G1X256.3027Y-314.4966

G1X257.9219Y-313.6639

G1X261.0211Y-311.6782

G1X262.3747Y-310.9363

G1X263.8342Y-310.4108

G1X265.1625Y-310.2669

G1X265.8777Y-310.3363

G1X266.5929Y-310.5122

G1X268.1050Y-311.2045

G1X269.4664Y-312.1293

G1X272.5380Y-314.5875

G1X273.9493Y-315.5156

G1 Z0F20000

(Start Block)


G1X22.9136Y-310.2926
G1Z6F20000
(Plotting speed under)
G1 F4000


G1X28.0222Y-310.8192

G1X36.8089Y-312.1897

G1X40.0784Y-312.6296

G1X43.4501Y-312.9428

G1X46.7196Y-313.0748

G1X49.6825Y-313.0408

G1X52.7477Y-312.8656

G1X66.6430Y-311.3472

G1X70.3212Y-311.0809

G1X73.8972Y-310.9636

G1X80.2319Y-311.0866

G1X95.6598Y-312.1128

G1X104.3443Y-312.4056

G1X113.1311Y-312.3648

G1X138.5719Y-311.7873

G1X154.8171Y-311.6754

G1X170.8581Y-311.8160

G1X188.4316Y-312.3518

G1X193.0293Y-312.4231

G1X196.5032Y-312.3692

G1X199.7726Y-312.1999

G1X209.9898Y-311.1429

G1X213.7701Y-310.9563

G1X215.9158Y-311.0292

G1X218.0614Y-311.2557

G1X220.2070Y-311.6227

G1X225.8264Y-312.7944

G1X227.4612Y-313.0070

G1X228.9937Y-313.0796

G1X230.6285Y-312.9936

G1X232.3654Y-312.7081

G1X234.3067Y-312.1836

G1X239.2109Y-310.5759

G1X240.7435Y-310.2711

G1X242.2760Y-310.1785

G1X243.7064Y-310.3155

G1X245.1076Y-310.6608

G1X246.7205Y-311.2798

G1X251.2744Y-313.4014

G1X252.7997Y-313.8435

G1X254.2301Y-313.9819

G1X255.5583Y-313.8320

G1X256.9669Y-313.3814

G1X258.4532Y-312.6310

G1X261.7295Y-310.5485

G1X263.0388Y-309.8351

G1X264.4619Y-309.3145

G1X265.8777Y-309.1521

G1X266.5929Y-309.2225

G1X267.4030Y-309.4241

G1X268.9020Y-310.1231

G1X270.2136Y-311.0119

G1X273.9493Y-313.9261

G1 Z0F20000

(Start Block)


G1X22.9136Y-309.2151
G1Z6F20000
(Plotting speed under)
G1 F4000


G1X27.6135Y-309.7261

G1X39.3632Y-311.5051

G1X42.7349Y-311.8239

G1X46.0044Y-311.9603

G1X48.9673Y-311.9292

G1X52.1347Y-311.7478

G1X66.0300Y-310.2257

G1X69.7082Y-309.9624

G1X73.1820Y-309.8501

G1X79.5167Y-309.9735

G1X94.9446Y-311.0013

G1X103.6291Y-311.2927

G1X112.3137Y-311.2514

G1X137.8566Y-310.6671

G1X154.6128Y-310.5517

G1X170.9602Y-310.6930

G1X188.7381Y-311.2370

G1X193.4380Y-311.3095

G1X196.8097Y-311.2571

G1X200.0792Y-311.0897

G1X210.3985Y-310.0274

G1X214.1788Y-309.8428

G1X216.3244Y-309.9157

G1X218.4700Y-310.1408

G1X220.8200Y-310.5457

G1X226.1329Y-311.6555

G1X227.8698Y-311.8878

G1X229.5046Y-311.9660

G1X231.1393Y-311.8771

G1X232.8763Y-311.5912

G1X234.7153Y-311.0991

G1X239.7218Y-309.4697

G1X241.3565Y-309.1488

G1X242.7869Y-309.0643

G1X244.2173Y-309.1937

G1X245.6477Y-309.5387

G1X247.3846Y-310.2023

G1X250.7052Y-311.7951

G1X252.0334Y-312.3405

G1X253.5149Y-312.7483

G1X254.8432Y-312.8684

G1X256.1714Y-312.7233

G1X257.6310Y-312.2600

G1X259.3387Y-311.3853

G1X262.3494Y-309.4769

G1X263.7029Y-308.7381

G1X265.1625Y-308.2035

G1X266.4907Y-308.0382

G1X267.2059Y-308.0914

G1X267.9211Y-308.2483

G1X268.7248Y-308.5400

G1X269.5218Y-308.9457

G1X271.0438Y-309.9665

G1X273.9493Y-312.2658

G1 Z0F20000

(Start Block)


G1X22.9136Y-308.1384
G1Z6F20000
(Plotting speed under)
G1 F4000


G1X27.4092Y-308.6546

G1X38.6480Y-310.3738

G1X42.1218Y-310.7080

G1X45.4935Y-310.8479

G1X48.3543Y-310.8161

G1X51.4195Y-310.6423

G1X65.3148Y-309.1189

G1X68.9930Y-308.8524

G1X72.5690Y-308.7360

G1X78.9036Y-308.8620

G1X94.3315Y-309.8911

G1X103.0161Y-310.1801

G1X111.7007Y-310.1360

G1X137.2436Y-309.5487

G1X154.4085Y-309.4307

G1X171.0624Y-309.5733

G1X188.9424Y-310.1211

G1X193.7445Y-310.1960

G1X197.1162Y-310.1432

G1X200.3857Y-309.9764

G1X210.8072Y-308.9089

G1X214.5875Y-308.7294

G1X216.7331Y-308.8039

G1X218.8787Y-309.0294

G1X221.0244Y-309.3920

G1X226.7460Y-310.5708

G1X228.3807Y-310.7806

G1X229.9133Y-310.8527

G1X231.5480Y-310.7699

G1X233.2849Y-310.4924

G1X235.2262Y-309.9786

G1X240.3348Y-308.3319

G1X241.8673Y-308.0372

G1X243.2978Y-307.9498

G1X244.7282Y-308.0729

G1X246.2461Y-308.4354

G1X247.8590Y-309.0452

G1X251.1796Y-310.6274

G1X252.5078Y-311.1813

G1X254.0258Y-311.6150

G1X255.4562Y-311.7552

G1X256.7844Y-311.6151

G1X258.2002Y-311.1792

G1X259.7814Y-310.3965

G1X263.0577Y-308.3417

G1X264.3670Y-307.6328

G1X265.7901Y-307.1058

G1X267.2059Y-306.9235

G1X268.6363Y-307.1327

G1X270.1417Y-307.7674

G1X271.6248Y-308.7300

G1X273.9493Y-310.5641

G1 Z0F20000

(Start Block)


G1X22.9136Y-307.0611
G1Z6F20000
(Plotting speed under)
G1 F4000


G1X27.1026Y-307.5619

G1X38.1372Y-309.2601

G1X41.6110Y-309.5954

G1X44.9827Y-309.7346

G1X47.8435Y-309.7012

G1X50.9086Y-309.5255

G1X64.8039Y-307.9992

G1X68.4821Y-307.7351

G1X71.9559Y-307.6228

G1X78.2906Y-307.7475

G1X93.7185Y-308.7767

G1X102.4031Y-309.0664

G1X111.0877Y-309.0226

G1X136.7328Y-308.4320

G1X154.2041Y-308.3125

G1X171.1646Y-308.4569

G1X189.2490Y-309.0099

G1X193.9489Y-309.0824

G1X197.4227Y-309.0279

G1X200.6922Y-308.8601

G1X211.1137Y-307.7966

G1X214.8940Y-307.6157

G1X217.0397Y-307.6868

G1X219.1852Y-307.9070

G1X221.3309Y-308.2636

G1X227.1547Y-309.4559

G1X228.7894Y-309.6649

G1X230.4241Y-309.7388

G1X232.0589Y-309.6499

G1X233.7958Y-309.3683

G1X235.7371Y-308.8555

G1X240.7435Y-307.2445

G1X242.3782Y-306.9261

G1X243.9108Y-306.8381

G1X245.3412Y-306.9715

G1X246.7716Y-307.3145

G1X248.5231Y-307.9766

G1X251.8437Y-309.5467

G1X253.1719Y-310.0900

G1X254.7410Y-310.5213

G1X256.0692Y-310.6412

G1X257.3974Y-310.5036

G1X258.8643Y-310.0533

G1X260.5784Y-309.1969

G1X263.6776Y-307.2637

G1X265.0311Y-306.5312

G1X266.4907Y-305.9925

G1X267.9211Y-305.8111

G1X269.1472Y-305.9658

G1X270.5338Y-306.4817

G1X271.9569Y-307.3313

G1X273.9493Y-308.8493

G1 Z0F20000

(Start Block)


G1X22.9136Y-305.9824
G1Z6F20000
(Plotting speed under)
G1 F4000


G1X26.7961Y-306.4623

G1X34.4590Y-307.6972

G1X37.8306Y-308.1647

G1X41.5088Y-308.5065

G1X44.9827Y-308.6250

G1X48.0478Y-308.5596

G1X51.4195Y-308.3272

G1X61.8410Y-307.1309

G1X65.6213Y-306.7735

G1X69.0951Y-306.5697

G1X72.5690Y-306.5021

G1X79.0058Y-306.6980

G1X95.0467Y-307.7561

G1X99.7466Y-307.9163

G1X104.6509Y-307.9688

G1X111.8029Y-307.8849

G1X135.0980Y-307.3354

G1X153.6932Y-307.1968

G1X170.4494Y-307.3283

G1X189.9642Y-307.9110

G1X195.6858Y-307.9587

G1X201.2031Y-307.7262

G1X211.4202Y-306.6818

G1X213.6680Y-306.5350

G1X215.6092Y-306.5044

G1X217.6527Y-306.5935

G1X219.5939Y-306.8017

G1X221.8417Y-307.1792

G1X227.5633Y-308.3428

G1X229.4024Y-308.5680

G1X231.0372Y-308.6239

G1X232.6719Y-308.5167

G1X234.3067Y-308.2421

G1X236.1458Y-307.7576

G1X241.2543Y-306.1284

G1X242.8891Y-305.8119

G1X244.3195Y-305.7227

G1X245.8521Y-305.8542

G1X247.3846Y-306.2222

G1X248.9975Y-306.8265

G1X252.4129Y-308.4307

G1X253.8360Y-309.0046

G1X255.3540Y-309.4103

G1X256.7844Y-309.5269

G1X258.1126Y-309.3713

G1X259.5285Y-308.9285

G1X261.1097Y-308.1496

G1X264.3860Y-306.1230

G1X265.6952Y-305.4214

G1X267.1183Y-304.8930

G1X268.5341Y-304.6965

G1X269.7602Y-304.8296

G1X271.0082Y-305.2538

G1X272.3554Y-305.9982

G1X273.9493Y-307.1470

G1 Z0F20000

(Start Block)


G1X22.9136Y-304.9014
G1Z6F20000
(Plotting speed under)
G1 F4000


G1X26.5918Y-305.3704

G1X37.2176Y-307.0260

G1X40.6915Y-307.3660

G1X44.0631Y-307.5074

G1X46.9239Y-307.4740

G1X49.9891Y-307.2968

G1X63.7822Y-305.7759

G1X67.4604Y-305.5100

G1X71.0364Y-305.3948

G1X77.2689Y-305.5185

G1X92.7990Y-306.5519

G1X101.4836Y-306.8395

G1X110.1681Y-306.7955

G1X135.9154Y-306.2050

G1X153.7954Y-306.0837

G1X171.0624Y-306.2277

G1X189.4533Y-306.7817

G1X194.2554Y-306.8553

G1X197.8314Y-306.7992

G1X201.1009Y-306.6328

G1X211.5224Y-305.5821

G1X215.5071Y-305.3885

G1X217.7548Y-305.4649

G1X219.9004Y-305.6859

G1X222.2504Y-306.0784

G1X227.8698Y-307.2168

G1X229.6068Y-307.4385

G1X231.2415Y-307.5120

G1X232.8763Y-307.4272

G1X234.6132Y-307.1552

G1X236.6566Y-306.6251

G1X241.7652Y-305.0077

G1X243.3999Y-304.6968

G1X244.9325Y-304.6105

G1X246.3629Y-304.7388

G1X247.8955Y-305.1019

G1X249.5667Y-305.7249

G1X254.2301Y-307.8226

G1X255.7627Y-308.2608

G1X257.1931Y-308.4138

G1X258.7257Y-308.2573

G1X260.3823Y-307.7180

G1X262.0837Y-306.8432

G1X265.8913Y-304.5431

G1X267.1183Y-303.9949

G1X268.3298Y-303.6651

G1X269.6581Y-303.5968

G1X270.9863Y-303.8580

G1X272.4313Y-304.4959

G1X273.9493Y-305.4797

G1 Z0F20000

(Start Block)


G1X22.9136Y-303.8173
G1Z6F20000
(Plotting speed under)
G1 F4000


G1X26.3874Y-304.2717

G1X36.8089Y-305.9055

G1X40.3849Y-306.2566

G1X43.7566Y-306.3946

G1X46.6174Y-306.3576

G1X49.5804Y-306.1849

G1X63.3735Y-304.6631

G1X67.0517Y-304.3969

G1X70.6277Y-304.2814

G1X76.8602Y-304.4042

G1X92.3903Y-305.4359

G1X101.1770Y-305.7263

G1X109.8616Y-305.6819

G1X135.7111Y-305.0932

G1X153.5911Y-304.9732

G1X170.9602Y-305.1168

G1X189.5555Y-305.6704

G1X194.3575Y-305.7417

G1X197.9335Y-305.6857

G1X201.3052Y-305.5145

G1X211.8289Y-304.4620

G1X215.7114Y-304.2751

G1X217.9592Y-304.3461

G1X220.1048Y-304.5598

G1X222.4547Y-304.9430

G1X228.2785Y-306.1109

G1X230.0155Y-306.3277

G1X231.6502Y-306.3981

G1X233.3871Y-306.3021

G1X235.1240Y-306.0220

G1X237.0653Y-305.5200

G1X242.1739Y-303.9115

G1X243.9108Y-303.5808

G1X245.4433Y-303.4972

G1X246.9759Y-303.6426

G1X248.5085Y-304.0169

G1X250.2308Y-304.6645

G1X253.5514Y-306.2051

G1X254.8796Y-306.7380

G1X256.3757Y-307.1543

G1X257.8061Y-307.3012

G1X259.4409Y-307.1212

G1X261.0464Y-306.5875

G1X262.5264Y-305.8391

G1X266.5491Y-303.4344

G1X267.6876Y-302.9224

G1X268.7385Y-302.6057

G1X269.9645Y-302.4693

G1X271.2928Y-302.6319

G1X272.6210Y-303.1120

G1X273.9493Y-303.8657

G1 Z0F20000

(Start Block)


G1X22.9136Y-302.7296
G1Z6F20000
(Plotting speed under)
G1 F4000


G1X26.1831Y-303.1659

G1X36.5024Y-304.7914

G1X39.9762Y-305.1363

G1X43.3479Y-305.2800

G1X46.2087Y-305.2469

G1X49.2739Y-305.0690

G1X63.0670Y-303.5463

G1X66.6430Y-303.2869

G1X70.2190Y-303.1687

G1X76.5537Y-303.2917

G1X92.0838Y-304.3214

G1X100.8705Y-304.6121

G1X109.6573Y-304.5683

G1X135.5067Y-303.9846

G1X153.3867Y-303.8652

G1X170.7559Y-304.0073

G1X189.4533Y-304.5554

G1X194.3575Y-304.6281

G1X197.9335Y-304.5739

G1X201.3052Y-304.4072

G1X212.1354Y-303.3391

G1X216.0179Y-303.1615

G1X218.2657Y-303.2360

G1X220.4113Y-303.4506

G1X222.6591Y-303.8126

G1X228.5850Y-304.9914

G1X230.4241Y-305.2178

G1X232.0589Y-305.2844

G1X233.7958Y-305.1865

G1X235.5327Y-304.9079

G1X237.3718Y-304.4393

G1X242.6847Y-302.7856

G1X244.3195Y-302.4749

G1X245.8521Y-302.3821

G1X247.3846Y-302.5134

G1X248.9026Y-302.8660

G1X250.6103Y-303.4893

G1X255.3540Y-305.5921

G1X256.9887Y-306.0463

G1X258.4192Y-306.1870

G1X260.0539Y-306.0041

G1X261.7105Y-305.4509

G1X263.4119Y-304.5776

G1X267.0424Y-302.4039

G1X268.2568Y-301.8440

G1X269.2493Y-301.5301

G1X270.4754Y-301.3595

G1X271.5993Y-301.4377

G1X272.7159Y-301.7415

G1X273.9493Y-302.3190

G1 Z0F20000

(Start Block)


G1X22.9136Y-301.6378
G1Z6F20000
(Plotting speed under)
G1 F4000


G1X25.9787Y-302.0530

G1X36.1959Y-303.6713

G1X39.7719Y-304.0271

G1X43.1436Y-304.1673

G1X46.0044Y-304.1308

G1X48.9673Y-303.9574

G1X62.7605Y-302.4346

G1X66.4387Y-302.1692

G1X70.0147Y-302.0543

G1X76.2472Y-302.1761

G1X91.8794Y-303.2083

G1X100.6662Y-303.4981

G1X109.4529Y-303.4566

G1X135.4045Y-302.8776

G1X153.1824Y-302.7598

G1X170.5515Y-302.9009

G1X189.3511Y-303.4422

G1X194.2554Y-303.5146

G1X197.9335Y-303.4604

G1X201.4074Y-303.2898

G1X212.2376Y-302.2308

G1X216.2223Y-302.0478

G1X218.4700Y-302.1209

G1X220.7178Y-302.3446

G1X223.0678Y-302.7251

G1X228.8916Y-303.8743

G1X230.7307Y-304.1014

G1X232.3654Y-304.1712

G1X234.1023Y-304.0800

G1X235.8392Y-303.8108

G1X237.8827Y-303.2938

G1X243.1956Y-301.6563

G1X244.8303Y-301.3558

G1X246.3629Y-301.2694

G1X247.8955Y-301.4037

G1X249.4281Y-301.7605

G1X251.2744Y-302.4386

G1X254.6899Y-303.9944

G1X256.0181Y-304.5163

G1X257.6018Y-304.9421

G1X259.0322Y-305.0740

G1X260.6669Y-304.8870

G1X262.2798Y-304.3555

G1X263.7661Y-303.6155

G1X267.6876Y-301.2960

G1X268.6363Y-300.8445

G1X269.6799Y-300.4766

G1X270.7819Y-300.2694

G1X271.8036Y-300.2628

G1X272.8108Y-300.4381

G1X273.9493Y-300.8491

G1 Z0F20000

(Start Block)


G1X22.9136Y-300.5415
G1Z6F20000
(Plotting speed under)
G1 F4000


G1X35.9916Y-302.5580

G1X39.5676Y-302.9142

G1X42.9392Y-303.0539

G1X45.8000Y-303.0164

G1X48.7630Y-302.8419

G1X62.5562Y-301.3189

G1X66.2343Y-301.0547

G1X69.8104Y-300.9406

G1X76.1450Y-301.0672

G1X91.6751Y-302.0909

G1X100.5640Y-302.3843

G1X109.4529Y-302.3430

G1X135.4045Y-301.7726

G1X152.9780Y-301.6573

G1X170.2450Y-301.7960

G1X189.1468Y-302.3284

G1X194.1532Y-302.4010

G1X197.9335Y-302.3452

G1X201.4074Y-302.1761

G1X212.3397Y-301.1196

G1X216.4266Y-300.9342

G1X218.6744Y-301.0077

G1X220.9222Y-301.2284

G1X223.3743Y-301.6224

G1X229.1981Y-302.7608

G1X231.0372Y-302.9868

G1X232.6719Y-303.0578

G1X234.4088Y-302.9712

G1X236.2479Y-302.6890

G1X238.2913Y-302.1753

G1X243.6043Y-300.5503

G1X245.3412Y-300.2350

G1X246.8738Y-300.1565

G1X248.4063Y-300.2957

G1X249.9389Y-300.6529

G1X251.6539Y-301.2709

G1X255.0694Y-302.8144

G1X256.5874Y-303.4111

G1X258.1126Y-303.8187

G1X259.6452Y-303.9598

G1X261.2799Y-303.7668

G1X262.9439Y-303.2126

G1X264.6516Y-302.3473

G1X268.1936Y-300.2522

G1X270.0667Y-299.4450

G1X271.0884Y-299.2009

G1X272.0080Y-299.1293

G1X272.9275Y-299.2040

G1X273.9493Y-299.4612

G1 Z0F20000

(Start Block)


G1X22.9136Y-299.4406
G1Z6F20000
(Plotting speed under)
G1 F4000


G1X35.8894Y-301.4514

G1X39.3632Y-301.7979

G1X42.7349Y-301.9400

G1X45.5957Y-301.9039

G1X48.5587Y-301.7304

G1X62.3518Y-300.2085

G1X66.0300Y-299.9433

G1X69.6060Y-299.8276

G1X75.9407Y-299.9504

G1X91.6751Y-300.9804

G1X100.5640Y-301.2706

G1X109.4529Y-301.2313

G1X135.5067Y-300.6694

G1X152.7737Y-300.5576

G1X169.9385Y-300.6945

G1X188.9424Y-301.2166

G1X194.0511Y-301.2874

G1X197.8314Y-301.2315

G1X201.3052Y-301.0658

G1X204.8812Y-300.7756

G1X212.4419Y-300.0056

G1X216.5288Y-299.8206

G1X218.8787Y-299.8962

G1X221.1265Y-300.1157

G1X223.5786Y-300.5050

G1X229.5046Y-301.6510

G1X231.3437Y-301.8736

G1X232.9784Y-301.9440

G1X234.8175Y-301.8501

G1X236.6566Y-301.5644

G1X238.5979Y-301.0805

G1X244.0130Y-299.4395

G1X245.7499Y-299.1242

G1X247.2824Y-299.0419

G1X248.8150Y-299.1726

G1X250.3476Y-299.5180

G1X252.1283Y-300.1503

G1X255.6386Y-301.7179

G1X257.0909Y-302.2844

G1X258.7257Y-302.7165

G1X260.1561Y-302.8466

G1X261.8930Y-302.6456

G1X263.6080Y-302.0699

G1X265.0944Y-301.3263

G1X268.6363Y-299.2423

G1X270.5776Y-298.3767

G1X271.3950Y-298.1531

G1X272.3145Y-298.0260

G1X273.1319Y-298.0341

G1X273.9493Y-298.1568

G1 Z0F20000

(Start Block)


G1X22.9136Y-298.3348
G1Z6F20000
(Plotting speed under)
G1 F4000


G1X35.7872Y-300.3391

G1X39.2610Y-300.6856

G1X42.6327Y-300.8266

G1X45.4935Y-300.7894

G1X48.4565Y-300.6149

G1X62.2496Y-299.0938

G1X65.9278Y-298.8296

G1X69.5038Y-298.7141

G1X75.8385Y-298.8353

G1X91.6751Y-299.8656

G1X100.6662Y-300.1570

G1X109.5551Y-300.1196

G1X135.6089Y-299.5698

G1X152.5694Y-299.4611

G1X169.5298Y-299.5946

G1X188.6360Y-300.1042

G1X193.8467Y-300.1739

G1X197.7292Y-300.1160

G1X201.3052Y-299.9456

G1X212.5441Y-298.8888

G1X216.6309Y-298.7070

G1X218.9809Y-298.7800

G1X221.2287Y-298.9936

G1X223.6808Y-299.3740

G1X229.8111Y-300.5443

G1X231.6502Y-300.7615

G1X233.2849Y-300.8304

G1X235.1240Y-300.7378

G1X236.9631Y-300.4572

G1X238.9044Y-299.9804

G1X244.4216Y-298.3249

G1X246.0564Y-298.0253

G1X247.6911Y-297.9284

G1X249.2237Y-298.0527

G1X250.8584Y-298.4180

G1X252.7924Y-299.1099

G1X256.2079Y-300.6292

G1X257.6310Y-301.1766

G1X259.2365Y-301.5980

G1X260.7691Y-301.7330

G1X262.4038Y-301.5453

G1X264.1772Y-300.9613

G1X265.8913Y-300.1000

G1X269.3447Y-298.0853

G1X271.0082Y-297.3345

G1X272.5189Y-296.9566

G1X273.9493Y-296.9340

G1 Z0F20000

(Start Block)


G1X22.9136Y-297.2241
G1Z6F20000
(Plotting speed under)
G1 F4000


G1X35.6850Y-299.2209

G1X39.1589Y-299.5699

G1X42.5305Y-299.7128

G1X45.3913Y-299.6767

G1X48.3543Y-299.5033

G1X62.1475Y-297.9844

G1X65.9278Y-297.7136

G1X69.5038Y-297.6001

G1X75.8385Y-297.7220

G1X91.6751Y-298.7465

G1X100.7683Y-299.0423

G1X109.7594Y-299.0080

G1X135.9154Y-298.4709

G1X152.4672Y-298.3679

G1X169.0190Y-298.4965

G1X188.3294Y-298.9937

G1X193.5402Y-299.0603

G1X197.4227Y-299.0049

G1X201.1009Y-298.8351

G1X212.5441Y-297.7772

G1X216.7331Y-297.5935

G1X219.0831Y-297.6657

G1X221.4330Y-297.8880

G1X223.8852Y-298.2664

G1X230.0155Y-299.4250

G1X231.8546Y-299.6432

G1X233.5915Y-299.7169

G1X235.4306Y-299.6236

G1X237.2696Y-299.3457

G1X239.4152Y-298.8182

G1X244.7282Y-297.2322

G1X246.5672Y-296.8998

G1X248.2020Y-296.8160

G1X249.7346Y-296.9501

G1X251.3693Y-297.3201

G1X253.0770Y-297.9197

G1X256.5874Y-299.4626

G1X258.1126Y-300.0497

G1X259.7474Y-300.4795

G1X261.2799Y-300.6192

G1X262.8125Y-300.4631

G1X264.3670Y-300.0041

G1X266.1570Y-299.1665

G1X269.5218Y-297.2097

G1X270.9133Y-296.5110

G1X272.5189Y-295.9621

G1X273.9493Y-295.7880

G1 Z0F20000

(Start Block)


G1X22.9136Y-296.1084
G1Z6F20000
(Plotting speed under)
G1 F4000


G1X35.6850Y-298.1101

G1X39.1589Y-298.4582

G1X42.5305Y-298.5995

G1X45.3913Y-298.5621

G1X48.3543Y-298.3876

G1X62.1475Y-296.8708

G1X65.8256Y-296.6061

G1X69.5038Y-296.4869

G1X75.9407Y-296.6103

G1X91.8794Y-297.6340

G1X101.0749Y-297.9289

G1X110.1681Y-297.8950

G1X136.1197Y-297.3771

G1X152.1607Y-297.2782

G1X168.5081Y-297.4022

G1X187.8186Y-297.8806

G1X193.1315Y-297.9467

G1X197.1162Y-297.8918

G1X200.8965Y-297.7210

G1X212.5441Y-296.6627

G1X216.7331Y-296.4799

G1X219.1852Y-296.5534

G1X221.5352Y-296.7732

G1X223.9873Y-297.1454

G1X230.2198Y-298.3090

G1X232.1610Y-298.5353

G1X233.8980Y-298.6034

G1X235.7371Y-298.5072

G1X237.5761Y-298.2305

G1X239.6196Y-297.7381

G1X245.2390Y-296.0881

G1X246.9759Y-295.7841

G1X248.6107Y-295.7020

G1X250.1433Y-295.8333

G1X251.7780Y-296.1965

G1X253.5514Y-296.8133

G1X257.2515Y-298.4197

G1X258.7257Y-298.9716

G1X260.3604Y-299.3830

G1X261.7908Y-299.5063

G1X263.4256Y-299.3374

G1X265.0311Y-298.8527

G1X266.6882Y-298.0768

G1X271.1979Y-295.5491

G1X272.6210Y-294.9918

G1X273.9493Y-294.7120

G1 Z0F20000

(Start Block)


G1X22.9136Y-294.9879
G1Z6F20000
(Plotting speed under)
G1 F4000


G1X35.6850Y-296.9936

G1X39.1589Y-297.3431

G1X42.5305Y-297.4857

G1X45.3913Y-297.4493

G1X48.3543Y-297.2758

G1X62.2496Y-295.7531

G1X65.9278Y-295.4909

G1X69.6060Y-295.3732

G1X76.0428Y-295.4955

G1X92.0838Y-296.5171

G1X101.3814Y-296.8143

G1X110.5768Y-296.7838

G1X136.5284Y-296.2845

G1X152.0585Y-296.1923

G1X167.9973Y-296.3115

G1X192.6206Y-296.8332

G1X196.8097Y-296.7767

G1X200.6922Y-296.6032

G1X212.4419Y-295.5529

G1X216.7331Y-295.3664

G1X219.1852Y-295.4369

G1X221.6374Y-295.6621

G1X224.0895Y-296.0296

G1X230.4241Y-297.1967

G1X232.3654Y-297.4209

G1X234.1023Y-297.4898

G1X235.9414Y-297.3990

G1X237.8827Y-297.1117

G1X239.9261Y-296.6232

G1X245.5455Y-294.9866

G1X247.2824Y-294.6791

G1X248.9172Y-294.5875

G1X250.5519Y-294.7193

G1X252.1867Y-295.0777

G1X254.1207Y-295.7471

G1X257.6310Y-297.2647

G1X259.1490Y-297.8350

G1X260.7691Y-298.2508

G1X262.3017Y-298.3922

G1X264.0386Y-298.2079

G1X265.7901Y-297.6565

G1X267.4852Y-296.8429

G1X271.5774Y-294.5461

G1X272.8254Y-294.0164

G1X273.9493Y-293.6978

G1 Z0F20000

(Start Block)


G1X22.9136Y-293.8627
G1Z6F20000
(Plotting speed under)
G1 F4000


G1X35.7872Y-295.8845

G1X39.2610Y-296.2322

G1X42.6327Y-296.3726

G1X45.3913Y-296.3382

G1X48.3543Y-296.1679

G1X62.3518Y-294.6406

G1X66.0300Y-294.3789

G1X69.7082Y-294.2602

G1X76.1450Y-294.3777

G1X92.3903Y-295.4010

G1X101.7901Y-295.6997

G1X110.9855Y-295.6744

G1X137.0393Y-295.1946

G1X151.8542Y-295.1101

G1X167.3842Y-295.2231

G1X192.1098Y-295.7196

G1X196.4010Y-295.6625

G1X200.3857Y-295.4880

G1X212.4419Y-294.4322

G1X216.7331Y-294.2528

G1X219.1852Y-294.3225

G1X221.6374Y-294.5423

G1X224.1917Y-294.9189

G1X230.6285Y-296.0883

G1X232.5697Y-296.3081

G1X234.3067Y-296.3761

G1X236.2479Y-296.2786

G1X238.1892Y-295.9895

G1X240.2326Y-295.5028

G1X245.8521Y-293.8817

G1X247.6911Y-293.5611

G1X249.3259Y-293.4743

G1X250.9606Y-293.6074

G1X252.5954Y-293.9619

G1X254.4053Y-294.5744

G1X257.9156Y-296.0741

G1X259.6452Y-296.7236

G1X261.3821Y-297.1567

G1X262.9147Y-297.2785

G1X264.6516Y-297.0770

G1X266.3593Y-296.5347

G1X267.9279Y-295.7915

G1X271.9569Y-293.5379

G1X273.9493Y-292.7361

G1 Z0F20000

(Start Block)


G1X22.9136Y-292.7330
G1Z6F20000
(Plotting speed under)
G1 F4000


G1X35.8894Y-294.7699

G1X39.3632Y-295.1181

G1X42.7349Y-295.2589

G1X45.4935Y-295.2251

G1X48.4565Y-295.0558

G1X62.4540Y-293.5332

G1X66.2343Y-293.2646

G1X69.9125Y-293.1468

G1X76.4515Y-293.2661

G1X92.7990Y-294.2857

G1X102.3009Y-294.5850

G1X110.3725Y-294.5790

G1X134.9959Y-294.1399

G1X151.6498Y-294.0319

G1X166.6690Y-294.1369

G1X191.3946Y-294.6061

G1X195.7880Y-294.5516

G1X199.8748Y-294.3809

G1X203.8595Y-294.0928

G1X212.3397Y-293.3160

G1X216.7331Y-293.1392

G1X219.2874Y-293.2162

G1X221.7396Y-293.4388

G1X224.2938Y-293.8133

G1X230.8328Y-294.9833

G1X232.6719Y-295.1892

G1X234.5110Y-295.2625

G1X236.4523Y-295.1663

G1X238.3935Y-294.8828

G1X240.5391Y-294.3777

G1X246.1586Y-292.7739

G1X247.9976Y-292.4523

G1X249.7346Y-292.3610

G1X251.3693Y-292.4971

G1X253.0041Y-292.8498

G1X254.8796Y-293.4828

G1X258.6746Y-295.0837

G1X260.1561Y-295.6234

G1X261.7908Y-296.0303

G1X263.3234Y-296.1656

G1X265.0603Y-295.9870

G1X266.9286Y-295.4062

G1X268.7248Y-294.5474

G1X272.2668Y-292.5619

G1X273.9493Y-291.8173

G1 Z0F20000

(Start Block)


G1X22.9136Y-291.5991
G1Z6F20000
(Plotting speed under)
G1 F4000


G1X25.8766Y-292.0102

G1X35.9916Y-293.6498

G1X39.4654Y-294.0007

G1X42.8370Y-294.1447

G1X45.6979Y-294.1101

G1X48.6608Y-293.9396

G1X62.6583Y-292.4218

G1X66.4387Y-292.1535

G1X70.2190Y-292.0329

G1X76.7580Y-292.1514

G1X93.3098Y-293.1710

G1X102.9139Y-293.4703

G1X111.0877Y-293.4678

G1X135.4045Y-293.0577

G1X151.4455Y-292.9576

G1X165.9538Y-293.0546

G1X190.6794Y-293.4924

G1X195.2771Y-293.4358

G1X199.4661Y-293.2635

G1X203.5530Y-292.9739

G1X212.1354Y-292.2041

G1X216.6309Y-292.0257

G1X219.1852Y-292.0999

G1X221.6374Y-292.3152

G1X224.2938Y-292.6957

G1X230.9350Y-293.8675

G1X232.8763Y-294.0801

G1X234.7153Y-294.1489

G1X236.6566Y-294.0517

G1X238.5979Y-293.7716

G1X240.8456Y-293.2480

G1X246.5672Y-291.6387

G1X248.4063Y-291.3295

G1X250.0411Y-291.2468

G1X251.6758Y-291.3744

G1X253.4127Y-291.7428

G1X255.3540Y-292.3946

G1X259.0541Y-293.9446

G1X260.5720Y-294.4959

G1X262.3017Y-294.9214

G1X263.8342Y-295.0515

G1X265.6733Y-294.8509

G1X267.4978Y-294.2763

G1X268.9905Y-293.5791

G1X272.3554Y-291.7017

G1X273.9493Y-290.9317

G1 Z0F20000

(Start Block)


G1X22.9136Y-290.4614
G1Z6F20000
(Plotting speed under)
G1 F4000


G1X25.9787Y-290.8811

G1X36.0937Y-292.5242

G1X39.6697Y-292.8875

G1X43.0414Y-293.0311

G1X45.9022Y-292.9968

G1X48.8652Y-292.8272

G1X62.9648Y-291.3066

G1X66.7452Y-291.0403

G1X70.5255Y-290.9198

G1X77.1667Y-291.0380

G1X93.8207Y-292.0514

G1X103.6291Y-292.3552

G1X112.0072Y-292.3559

G1X135.9154Y-291.9779

G1X151.2411Y-291.8871

G1X165.1365Y-291.9747

G1X189.8620Y-292.3789

G1X194.5619Y-292.3229

G1X198.9553Y-292.1477

G1X203.0421Y-291.8665

G1X211.9311Y-291.0886

G1X216.4266Y-290.9121

G1X219.0831Y-290.9860

G1X221.6374Y-291.2077

G1X224.2938Y-291.5837

G1X231.0372Y-292.7556

G1X232.9784Y-292.9652

G1X234.8175Y-293.0355

G1X236.7588Y-292.9446

G1X238.7000Y-292.6751

G1X240.9478Y-292.1668

G1X246.8738Y-290.5219

G1X248.7129Y-290.2171

G1X250.4498Y-290.1347

G1X252.0845Y-290.2692

G1X253.8214Y-290.6394

G1X255.6386Y-291.2394

G1X259.3387Y-292.7715

G1X261.0756Y-293.3988

G1X262.8125Y-293.8161

G1X264.3451Y-293.9383

G1X266.0820Y-293.7564

G1X267.9722Y-293.1777

G1X269.5851Y-292.4292

G1X273.9493Y-290.0702

G1 Z0F20000

(Start Block)


G1X22.9136Y-289.3203
G1Z6F20000
(Plotting speed under)
G1 F4000


G1X26.1831Y-289.7621

G1X36.4002Y-291.4192

G1X39.9762Y-291.7785

G1X43.3479Y-291.9182

G1X46.1065Y-291.8852

G1X49.0695Y-291.7186

G1X63.3735Y-290.1876

G1X67.1539Y-289.9251

G1X70.9342Y-289.8062

G1X77.5754Y-289.9215

G1X94.5359Y-290.9372

G1X104.4465Y-291.2399

G1X113.0289Y-291.2444

G1X136.5284Y-290.9004

G1X151.1389Y-290.8202

G1X164.4212Y-290.8996

G1X188.8403Y-291.2653

G1X193.8467Y-291.2074

G1X198.3423Y-291.0330

G1X202.6335Y-290.7450

G1X211.6246Y-289.9766

G1X216.3244Y-289.7986

G1X218.9809Y-289.8745

G1X221.5352Y-290.0929

G1X224.2938Y-290.4774

G1X231.0372Y-291.6336

G1X233.0806Y-291.8525

G1X234.9197Y-291.9220

G1X236.8609Y-291.8348

G1X238.9044Y-291.5552

G1X241.1521Y-291.0520

G1X247.1803Y-289.4014

G1X249.0194Y-289.1030

G1X250.7563Y-289.0208

G1X252.3910Y-289.1512

G1X254.1279Y-289.5118

G1X256.0181Y-290.1277

G1X260.0028Y-291.7556

G1X261.4843Y-292.2785

G1X263.2212Y-292.6959

G1X264.7538Y-292.8247

G1X266.5929Y-292.6368

G1X268.4466Y-292.0745

G1X270.2302Y-291.2513

G1X273.9493Y-289.2243

G1 Z0F20000

(Start Block)


G1X22.9136Y-288.1764
G1Z6F20000
(Plotting speed under)
G1 F4000


G1X26.2853Y-288.6215

G1X33.4373Y-289.8305

G1X36.7068Y-290.3088

G1X40.1806Y-290.6589

G1X43.5522Y-290.8035

G1X46.4130Y-290.7716

G1X49.4782Y-290.5983

G1X63.6801Y-289.0828

G1X67.5626Y-288.8131

G1X71.3429Y-288.6935

G1X78.0863Y-288.8062

G1X95.2511Y-289.8179

G1X105.3661Y-290.1241

G1X114.0507Y-290.1343

G1X137.0393Y-289.8272

G1X150.9346Y-289.7563

G1X163.6039Y-289.8262

G1X187.6142Y-290.1518

G1X192.8250Y-290.0967

G1X197.6271Y-289.9189

G1X202.1226Y-289.6259

G1X211.3180Y-288.8607

G1X216.0179Y-288.6850

G1X218.7766Y-288.7596

G1X221.4330Y-288.9825

G1X224.1917Y-289.3604

G1X231.1393Y-290.5297

G1X233.1828Y-290.7418

G1X235.0219Y-290.8085

G1X237.0653Y-290.7133

G1X239.1087Y-290.4312

G1X241.3565Y-289.9312

G1X247.2824Y-288.3207

G1X249.2237Y-287.9974

G1X251.0628Y-287.9071

G1X252.6975Y-288.0356

G1X254.4345Y-288.3896

G1X256.3976Y-289.0217

G1X260.2874Y-290.5966

G1X261.9003Y-291.1641

G1X263.6299Y-291.5768

G1X265.2646Y-291.7108

G1X267.0016Y-291.5356

G1X268.8260Y-291.0042

G1X270.6287Y-290.1913

G1X273.9493Y-288.3862

G1 Z0F20000

(Start Block)


G1X22.9136Y-287.0303
G1Z6F20000
(Plotting speed under)
G1 F4000


G1X26.4896Y-287.4912

G1X33.8459Y-288.7315

G1X37.1155Y-289.2060

G1X40.5893Y-289.5507

G1X43.9609Y-289.6907

G1X46.8218Y-289.6562

G1X49.7847Y-289.4896

G1X64.1909Y-287.9656

G1X68.0734Y-287.6993

G1X71.9559Y-287.5791

G1X78.8015Y-287.6961

G1X96.0685Y-288.6983

G1X106.3878Y-289.0078

G1X115.2767Y-289.0237

G1X137.7545Y-288.7545

G1X150.8325Y-288.6949

G1X162.6843Y-288.7544

G1X186.2860Y-289.0382

G1X191.8033Y-288.9828

G1X196.8097Y-288.8048

G1X201.4074Y-288.5162

G1X211.0115Y-287.7412

G1X215.7114Y-287.5715

G1X218.4700Y-287.6417

G1X221.2287Y-287.8655

G1X224.0895Y-288.2497

G1X231.1393Y-289.4161

G1X233.2849Y-289.6332

G1X235.1240Y-289.6949

G1X237.1675Y-289.5988

G1X239.3131Y-289.3028

G1X241.4587Y-288.8306

G1X247.5890Y-287.1923

G1X249.5302Y-286.8783

G1X251.2671Y-286.7925

G1X253.0041Y-286.9229

G1X254.7410Y-287.2726

G1X256.7771Y-287.9201

G1X260.5720Y-289.4431

G1X262.3017Y-290.0484

G1X264.0386Y-290.4614

G1X265.6733Y-290.5977

G1X267.4102Y-290.4318

G1X269.2055Y-289.9254

G1X271.1031Y-289.0858

G1X273.9493Y-287.5493

G1 Z0F20000

(Start Block)


G1X22.9136Y-285.8828
G1Z6F20000
(Plotting speed under)
G1 F4000


G1X26.7961Y-286.3709

G1X34.2546Y-287.6260

G1X37.4219Y-288.0849

G1X40.8958Y-288.4321

G1X44.2675Y-288.5761

G1X47.1282Y-288.5461

G1X50.1934Y-288.3769

G1X64.7018Y-286.8539

G1X68.5843Y-286.5888

G1X72.4668Y-286.4668

G1X79.4145Y-286.5785

G1X97.0902Y-287.5829

G1X107.6139Y-287.8920

G1X116.6050Y-287.9134

G1X138.3675Y-287.6848

G1X150.7303Y-287.6350

G1X184.8556Y-287.9246

G1X190.6794Y-287.8681

G1X195.8901Y-287.6904

G1X200.7944Y-287.3922

G1X210.5007Y-286.6311

G1X215.4049Y-286.4578

G1X218.2657Y-286.5320

G1X221.0244Y-286.7535

G1X223.8852Y-287.1295

G1X231.0372Y-288.2937

G1X233.1828Y-288.5124

G1X235.1240Y-288.5814

G1X237.1675Y-288.4908

G1X239.3131Y-288.2064

G1X241.5609Y-287.7233

G1X247.8955Y-286.0594

G1X249.8367Y-285.7575

G1X251.5736Y-285.6797

G1X253.3106Y-285.8129

G1X255.1496Y-286.1866

G1X257.0617Y-286.7910

G1X261.1413Y-288.4044

G1X262.7104Y-288.9415

G1X264.4473Y-289.3486

G1X266.0820Y-289.4840

G1X267.8189Y-289.3240

G1X269.5559Y-288.8506

G1X271.3877Y-288.0691

G1X273.9493Y-286.7081

G1 Z0F20000

(Start Block)


G1X22.9136Y-284.7347
G1Z6F20000
(Plotting speed under)
G1 F4000


G1X27.0005Y-285.2296

G1X34.6633Y-286.5138

G1X38.0350Y-286.9965

G1X41.6110Y-287.3387

G1X45.1870Y-287.4670

G1X48.2521Y-287.4068

G1X51.6238Y-287.1870

G1X62.5562Y-285.9991

G1X66.7452Y-285.6268

G1X70.6277Y-285.4150

G1X74.6124Y-285.3443

G1X81.5601Y-285.5235

G1X94.9446Y-286.3030

G1X101.0749Y-286.5836

G1X107.6139Y-286.7558

G1X114.8680Y-286.8111

G1X149.4020Y-286.5755

G1X180.3600Y-286.8035

G1X187.9207Y-286.7789

G1X195.8901Y-286.5254

G1X210.1941Y-285.5040

G1X213.1571Y-285.3708

G1X215.8136Y-285.3497

G1X218.3679Y-285.4425

G1X220.9222Y-285.6573

G1X223.7830Y-286.0316

G1X231.1393Y-287.2019

G1X233.3871Y-287.4144

G1X235.4306Y-287.4654

G1X237.4740Y-287.3521

G1X239.5174Y-287.0688

G1X241.7652Y-286.5843

G1X247.9976Y-284.9639

G1X249.9389Y-284.6559

G1X251.6758Y-284.5649

G1X253.5149Y-284.6914

G1X255.3540Y-285.0516

G1X257.3464Y-285.6694

G1X261.5208Y-287.3007

G1X263.1190Y-287.8390

G1X264.9581Y-288.2526

G1X266.5929Y-288.3697

G1X268.2276Y-288.2136

G1X269.9645Y-287.7502

G1X271.6723Y-287.0406

G1X273.9493Y-285.8578

G1 Z0F20000

(Start Block)


G1X22.9136Y-283.5868
G1Z6F20000
(Plotting speed under)
G1 F4000


G1X27.2048Y-284.0834

G1X35.1742Y-285.4112

G1X38.5458Y-285.8900

G1X42.2240Y-286.2344

G1X45.6979Y-286.3535

G1X48.8652Y-286.2887

G1X52.2368Y-286.0667

G1X63.1692Y-284.8876

G1X67.4604Y-284.5108

G1X71.3429Y-284.3020

G1X75.3276Y-284.2307

G1X82.4796Y-284.4105

G1X96.0685Y-285.1841

G1X102.5053Y-285.4702

G1X109.3508Y-285.6427

G1X117.0136Y-285.6975

G1X148.9934Y-285.5150

G1X178.7253Y-285.6928

G1X186.6947Y-285.6597

G1X194.9706Y-285.4006

G1X209.7855Y-284.3797

G1X215.4049Y-284.2364

G1X218.0614Y-284.3329

G1X220.6157Y-284.5446

G1X223.5786Y-284.9248

G1X231.0372Y-286.0886

G1X233.3871Y-286.3046

G1X235.4306Y-286.3514

G1X237.4740Y-286.2392

G1X239.6196Y-285.9443

G1X241.9695Y-285.4392

G1X248.0998Y-283.8634

G1X250.0411Y-283.5525

G1X251.8802Y-283.4513

G1X253.7193Y-283.5729

G1X255.5583Y-283.9226

G1X257.6310Y-284.5545

G1X261.7105Y-286.1321

G1X263.4256Y-286.7099

G1X265.2646Y-287.1286

G1X267.0016Y-287.2564

G1X268.5341Y-287.1185

G1X270.1543Y-286.7169

G1X271.7672Y-286.0878

G1X273.9493Y-284.9949

G1 Z0F20000

(Start Block)


G1X22.9136Y-282.4402
G1Z6F20000
(Plotting speed under)
G1 F4000


G1X27.4092Y-282.9326

G1X35.6850Y-284.3021

G1X39.0567Y-284.7778

G1X42.6327Y-285.1139

G1X46.1065Y-285.2392

G1X49.2739Y-285.1816

G1X52.7477Y-284.9596

G1X63.8844Y-283.7723

G1X68.1756Y-283.3999

G1X72.1603Y-283.1881

G1X76.2472Y-283.1172

G1X83.3992Y-283.2931

G1X97.2945Y-284.0637

G1X104.0378Y-284.3545

G1X111.2920Y-284.5292

G1X119.4657Y-284.5839

G1X148.4825Y-284.4518

G1X176.8862Y-284.5816

G1X185.3664Y-284.5388

G1X193.8467Y-284.2793

G1X209.0703Y-283.2689

G1X212.1354Y-283.1419

G1X214.8940Y-283.1227

G1X217.6527Y-283.2206

G1X220.3091Y-283.4372

G1X223.2721Y-283.8102

G1X230.9350Y-284.9798

G1X233.2849Y-285.1909

G1X235.3284Y-285.2384

G1X237.4740Y-285.1231

G1X239.6196Y-284.8325

G1X242.0717Y-284.3128

G1X248.3042Y-282.7371

G1X250.2454Y-282.4355

G1X252.0845Y-282.3377

G1X253.9236Y-282.4572

G1X255.8649Y-282.8248

G1X258.0105Y-283.4787

G1X261.9952Y-285.0052

G1X263.8342Y-285.6165

G1X265.6733Y-286.0232

G1X267.3081Y-286.1434

G1X268.8407Y-286.0192

G1X270.3733Y-285.6631

G1X271.9569Y-285.0772

G1X273.9493Y-284.1167

G1 Z0F20000

(Start Block)


G1X22.9136Y-281.2962
G1Z6F20000
(Plotting speed under)
G1 F4000


G1X25.1614Y-281.4774

G1X27.7156Y-281.7921

G1X36.1959Y-283.1861

G1X39.6697Y-283.6727

G1X43.1436Y-283.9968

G1X46.6174Y-284.1250

G1X49.8869Y-284.0681

G1X53.3607Y-283.8485

G1X64.5996Y-282.6639

G1X68.9930Y-282.2869

G1X73.0798Y-282.0734

G1X77.1667Y-282.0036

G1X84.4209Y-282.1758

G1X98.8271Y-282.9515

G1X105.8769Y-283.2426

G1X113.5398Y-283.4162

G1X122.4287Y-283.4703

G1X147.5629Y-283.3840

G1X175.1493Y-283.4701

G1X184.0382Y-283.4140

G1X194.1532Y-283.0805

G1X209.2746Y-282.1075

G1X214.3832Y-282.0100

G1X217.1418Y-282.1060

G1X219.9004Y-282.3251

G1X222.8635Y-282.6884

G1X230.7307Y-283.8638

G1X233.0806Y-284.0735

G1X235.2262Y-284.1249

G1X237.3718Y-284.0135

G1X239.6196Y-283.7151

G1X242.0717Y-283.2039

G1X248.4063Y-281.6265

G1X250.3476Y-281.3266

G1X252.1867Y-281.2239

G1X254.2301Y-281.3576

G1X256.3757Y-281.7847

G1X258.3899Y-282.4098

G1X263.6299Y-284.3465

G1X265.2646Y-284.7760

G1X266.6950Y-284.9889

G1X268.4319Y-284.9980

G1X270.1689Y-284.7133

G1X271.8620Y-284.1690

G1X273.9493Y-283.2216

G1 Z0F20000

(Start Block)


G1X22.9136Y-280.1558
G1Z6F20000
(Plotting speed under)
G1 F4000


G1X25.3657Y-280.3320

G1X28.0222Y-280.6469

G1X36.9111Y-282.0954

G1X40.2828Y-282.5619

G1X43.7566Y-282.8833

G1X47.2304Y-283.0113

G1X50.4999Y-282.9567

G1X53.9738Y-282.7421

G1X65.4170Y-281.5523

G1X69.9125Y-281.1723

G1X74.1016Y-280.9582

G1X78.2906Y-280.8900

G1X85.5448Y-281.0586

G1X100.3597Y-281.8313

G1X107.8182Y-282.1270

G1X116.0941Y-282.3030

G1X125.9026Y-282.3568

G1X173.7189Y-282.3559

G1X182.6078Y-282.2862

G1X192.9272Y-281.9519

G1X208.4572Y-280.9941

G1X213.7701Y-280.8967

G1X216.6309Y-280.9952

G1X219.3896Y-281.2089

G1X222.5569Y-281.5888

G1X230.5263Y-282.7528

G1X232.8763Y-282.9585

G1X235.1240Y-283.0109

G1X237.2696Y-282.9005

G1X239.5174Y-282.6094

G1X242.0717Y-282.0874

G1X248.4063Y-280.5305

G1X250.4498Y-280.2149

G1X252.2889Y-280.1103

G1X254.4345Y-280.2479

G1X256.5801Y-280.6709

G1X258.5797Y-281.2822

G1X263.9364Y-283.2367

G1X265.4690Y-283.6398

G1X266.8994Y-283.8640

G1X268.6363Y-283.8948

G1X270.2711Y-283.6616

G1X271.9569Y-283.1645

G1X273.9493Y-282.3083

G1 Z0F20000

(Start Block)


G1X22.9136Y-279.0204
G1Z6F20000
(Plotting speed under)
G1 F4000


G1X25.5701Y-279.1854

G1X28.3287Y-279.4975

G1X37.5241Y-280.9818

G1X41.1001Y-281.4695

G1X44.4718Y-281.7731

G1X47.8435Y-281.8970

G1X51.1130Y-281.8475

G1X54.7911Y-281.6239

G1X66.3365Y-280.4378

G1X70.9342Y-280.0562

G1X75.1233Y-279.8459

G1X79.4145Y-279.7765

G1X86.7708Y-279.9409

G1X102.1988Y-280.7171

G1X110.1681Y-281.0161

G1X119.1592Y-281.1908

G1X130.5003Y-281.2432

G1X170.5515Y-281.2410

G1X181.1774Y-281.1526

G1X191.7011Y-280.8150

G1X207.5377Y-279.8808

G1X213.0549Y-279.7833

G1X216.0179Y-279.8827

G1X218.8787Y-280.0993

G1X222.1483Y-280.4829

G1X230.2198Y-281.6356

G1X232.6719Y-281.8462

G1X235.0219Y-281.8962

G1X237.2696Y-281.7747

G1X239.5174Y-281.4805

G1X242.0717Y-280.9633

G1X248.5085Y-279.4090

G1X250.5519Y-279.1003

G1X252.3910Y-278.9968

G1X254.5366Y-279.1281

G1X256.7844Y-279.5628

G1X258.8643Y-280.1952

G1X264.1407Y-282.1018

G1X265.6733Y-282.5074

G1X267.0016Y-282.7287

G1X268.7385Y-282.7932

G1X270.3733Y-282.5986

G1X272.0080Y-282.1605

G1X273.9493Y-281.3764

G1 Z0F20000

(Start Block)


G1X22.9136Y-277.8913
G1Z6F20000
(Plotting speed under)
G1 F4000


G1X25.6722Y-278.0303

G1X28.6352Y-278.3445

G1X38.3415Y-279.8926

G1X41.9175Y-280.3709

G1X45.2892Y-280.6661

G1X48.5587Y-280.7831

G1X51.9303Y-280.7325

G1X55.5063Y-280.5188

G1X67.3582Y-279.3211

G1X71.9559Y-278.9458

G1X76.2472Y-278.7334

G1X80.6405Y-278.6629

G1X88.0991Y-278.8226

G1X104.2422Y-279.6028

G1X113.0289Y-279.9101

G1X123.2461Y-280.0827

G1X137.0393Y-280.1297

G1X168.0994Y-280.1213

G1X180.1557Y-280.0044

G1X190.5772Y-279.6647

G1X206.5160Y-278.7672

G1X212.3397Y-278.6710

G1X215.3027Y-278.7689

G1X218.2657Y-278.9865

G1X221.5352Y-279.3581

G1X229.9133Y-280.5242

G1X232.4676Y-280.7361

G1X234.8175Y-280.7824

G1X237.0653Y-280.6641

G1X239.4152Y-280.3627

G1X241.9695Y-279.8547

G1X248.5085Y-278.3016

G1X250.6541Y-277.9828

G1X252.4932Y-277.8832

G1X254.7410Y-278.0246

G1X256.9887Y-278.4611

G1X259.1344Y-279.1102

G1X264.3451Y-280.9733

G1X265.7755Y-281.3564

G1X267.2059Y-281.6053

G1X268.8407Y-281.6862

G1X270.4754Y-281.5260

G1X272.1102Y-281.1250

G1X273.9493Y-280.4260

G1 Z0F20000

(Start Block)


G1X22.9136Y-276.7701
G1Z6F20000
(Plotting speed under)
G1 F4000


G1X25.8766Y-276.8849

G1X29.0439Y-277.2012

G1X39.0567Y-278.7804

G1X42.7349Y-279.2664

G1X46.0044Y-279.5493

G1X49.2739Y-279.6686

G1X52.2368Y-279.6375

G1X55.4042Y-279.4771

G1X71.2407Y-277.9658

G1X75.7363Y-277.6880

G1X80.1297Y-277.5613

G1X88.6099Y-277.6708

G1X107.3073Y-278.5199

G1X117.8310Y-278.8367

G1X130.1938Y-278.9849

G1X150.8325Y-279.0150

G1X169.4277Y-278.9749

G1X180.8709Y-278.8071

G1X190.0663Y-278.4774

G1X204.6769Y-277.6823

G1X210.1941Y-277.5493

G1X213.7701Y-277.6212

G1X217.2440Y-277.8443

G1X220.9222Y-278.2427

G1X229.6068Y-279.4180

G1X232.1610Y-279.6230

G1X234.5110Y-279.6694

G1X236.8609Y-279.5496

G1X239.2109Y-279.2550

G1X241.7652Y-278.7605

G1X248.5085Y-277.1882

G1X250.6541Y-276.8729

G1X252.5954Y-276.7695

G1X254.8432Y-276.9113

G1X257.0909Y-277.3399

G1X259.3387Y-278.0101

G1X264.4473Y-279.8203

G1X265.8777Y-280.2093

G1X267.3081Y-280.4712

G1X268.9428Y-280.5751

G1X270.5776Y-280.4451

G1X272.2123Y-280.0778

G1X273.9493Y-279.4576

G1 Z0F20000

(Start Block)


G1X22.9136Y-275.6582
G1Z6F20000
(Plotting speed under)
G1 F4000


G1X25.6722Y-275.7180

G1X28.5330Y-275.9491

G1X31.8025Y-276.3743

G1X39.1589Y-277.5676

G1X42.6327Y-278.0509

G1X46.4130Y-278.4092

G1X50.0912Y-278.5546

G1X53.0542Y-278.5262

G1X56.3237Y-278.3648

G1X72.3646Y-276.8592

G1X76.9624Y-276.5785

G1X81.4579Y-276.4490

G1X85.6470Y-276.4491

G1X90.2447Y-276.5552

G1X109.0442Y-277.3718

G1X119.4657Y-277.6820

G1X131.6242Y-277.8419

G1X149.5042Y-277.8869

G1X167.1799Y-277.8350

G1X179.0318Y-277.6574

G1X188.4316Y-277.3339

G1X203.4508Y-276.5650

G1X209.1724Y-276.4358

G1X212.9528Y-276.5118

G1X216.5288Y-276.7375

G1X220.2070Y-277.1242

G1X229.1981Y-278.3066

G1X231.8546Y-278.5124

G1X234.2045Y-278.5558

G1X236.5544Y-278.4400

G1X239.0066Y-278.1406

G1X241.5609Y-277.6572

G1X248.5085Y-276.0688

G1X250.6541Y-275.7598

G1X252.5954Y-275.6560

G1X254.8432Y-275.7888

G1X257.1931Y-276.2254

G1X259.4336Y-276.8818

G1X264.6516Y-278.7053

G1X266.0820Y-279.0904

G1X267.5124Y-279.3522

G1X269.1472Y-279.4618

G1X270.6798Y-279.3572

G1X272.3145Y-279.0200

G1X273.9493Y-278.4718

G1 Z0F20000

(Start Block)


G1X22.9136Y-274.5571
G1Z6F20000
(Plotting speed under)
G1 F4000


G1X25.8766Y-274.5813

G1X29.0439Y-274.8145

G1X32.4156Y-275.2426

G1X39.8741Y-276.4417

G1X43.3479Y-276.9234

G1X47.2304Y-277.2919

G1X50.9086Y-277.4398

G1X53.9738Y-277.4138

G1X57.3454Y-277.2502

G1X73.6929Y-275.7445

G1X78.2906Y-275.4693

G1X82.8883Y-275.3371

G1X87.1795Y-275.3338

G1X91.9816Y-275.4380

G1X110.9855Y-276.2220

G1X121.3048Y-276.5217

G1X133.2589Y-276.6875

G1X149.1977Y-276.7398

G1X165.4430Y-276.6794

G1X177.2949Y-276.4948

G1X186.6947Y-276.1841

G1X202.0204Y-275.4498

G1X207.9464Y-275.3222

G1X211.9311Y-275.3983

G1X215.8136Y-275.6379

G1X219.6961Y-276.0403

G1X228.4829Y-277.1705

G1X231.0372Y-277.3783

G1X233.3871Y-277.4456

G1X235.9414Y-277.3503

G1X238.4957Y-277.0659

G1X241.2543Y-276.5664

G1X248.6107Y-274.9256

G1X250.8584Y-274.6243

G1X252.9019Y-274.5440

G1X255.1496Y-274.7088

G1X257.3974Y-275.1429

G1X259.6233Y-275.7938

G1X264.7538Y-277.5669

G1X266.2864Y-277.9772

G1X267.6146Y-278.2227

G1X269.2493Y-278.3476

G1X270.7819Y-278.2635

G1X272.3145Y-277.9785

G1X273.9493Y-277.4697

G1 Z0F20000

(Start Block)


G1X22.9136Y-273.4682
G1Z6F20000
(Plotting speed under)
G1 F4000


G1X26.1831Y-273.4522

G1X29.6569Y-273.6869

G1X33.1307Y-274.1202

G1X40.7936Y-275.3394

G1X44.2675Y-275.8142

G1X48.0478Y-276.1708

G1X51.8281Y-276.3255

G1X54.9955Y-276.3003

G1X58.3671Y-276.1403

G1X75.0211Y-274.6374

G1X79.7210Y-274.3606

G1X84.4209Y-274.2255

G1X88.8143Y-274.2182

G1X93.8207Y-274.3189

G1X113.0289Y-275.0657

G1X123.3483Y-275.3547

G1X134.8937Y-275.5185

G1X149.0955Y-275.5723

G1X163.8082Y-275.5084

G1X175.4558Y-275.3233

G1X184.9578Y-275.0230

G1X200.4878Y-274.3320

G1X206.6181Y-274.2087

G1X210.8072Y-274.2854

G1X214.8940Y-274.5294

G1X218.7766Y-274.9172

G1X227.9720Y-276.0618

G1X230.5263Y-276.2636

G1X232.8763Y-276.3320

G1X235.5327Y-276.2398

G1X238.1892Y-275.9522

G1X241.0500Y-275.4442

G1X248.5085Y-273.8126

G1X250.8584Y-273.5058

G1X252.9019Y-273.4307

G1X255.1496Y-273.5932

G1X257.4996Y-274.0419

G1X259.6452Y-274.6597

G1X264.9581Y-276.4671

G1X266.3885Y-276.8465

G1X267.7168Y-277.0961

G1X269.2493Y-277.2300

G1X270.7819Y-277.1756

G1X272.3145Y-276.9245

G1X273.9493Y-276.4523

G1 Z0F20000

(Start Block)


G1X22.9136Y-272.3930
G1Z6F20000
(Plotting speed under)
G1 F4000


G1X26.4896Y-272.3262

G1X30.1678Y-272.5462

G1X33.8459Y-272.9913

G1X41.6110Y-274.2136

G1X45.1870Y-274.6983

G1X49.0695Y-275.0593

G1X52.8499Y-275.2116

G1X56.0172Y-275.1888

G1X59.4910Y-275.0287

G1X76.4515Y-273.5310

G1X81.3557Y-273.2485

G1X86.1578Y-273.1132

G1X90.7555Y-273.1041

G1X95.8641Y-273.2005

G1X115.2767Y-273.9056

G1X125.4939Y-274.1775

G1X136.4263Y-274.3323

G1X148.9934Y-274.3836

G1X162.2757Y-274.3206

G1X173.6167Y-274.1397

G1X183.0165Y-273.8587

G1X198.7509Y-273.2145

G1X205.1877Y-273.0951

G1X209.5811Y-273.1735

G1X213.7701Y-273.4132

G1X217.9592Y-273.8172

G1X227.3590Y-274.9501

G1X230.0155Y-275.1526

G1X232.4676Y-275.2185

G1X235.2262Y-275.1178

G1X237.8827Y-274.8311

G1X240.8456Y-274.3128

G1X248.4063Y-272.6933

G1X250.7563Y-272.3932

G1X252.7997Y-272.3166

G1X255.1496Y-272.4818

G1X257.4996Y-272.9230

G1X259.7474Y-273.5611

G1X265.0603Y-275.3447

G1X266.4907Y-275.7218

G1X267.8189Y-275.9729

G1X269.3515Y-276.1138

G1X270.8841Y-276.0720

G1X272.4167Y-275.8381

G1X273.9493Y-275.4209

G1 Z0F20000

(Start Block)


G1X22.9136Y-271.3327
G1Z6F20000
(Plotting speed under)
G1 F4000


G1X26.7961Y-271.2045

G1X30.7808Y-271.4126

G1X34.6633Y-271.8711

G1X42.6327Y-273.1105

G1X46.2087Y-273.5873

G1X50.0912Y-273.9436

G1X53.9738Y-274.0981

G1X57.2432Y-274.0737

G1X60.7171Y-273.9157

G1X77.9841Y-272.4257

G1X82.9905Y-272.1422

G1X87.9969Y-272.0017

G1X97.9076Y-272.0768

G1X117.6267Y-272.7371

G1X127.6395Y-272.9872

G1X137.8566Y-273.1280

G1X148.8912Y-273.1739

G1X160.8452Y-273.1150

G1X171.6755Y-272.9458

G1X180.9731Y-272.6864

G1X196.8097Y-272.0963

G1X203.4508Y-271.9815

G1X208.1507Y-272.0595

G1X212.6463Y-272.3066

G1X216.9375Y-272.7054

G1X226.6438Y-273.8356

G1X229.4024Y-274.0396

G1X231.8546Y-274.1049

G1X234.7153Y-274.0064

G1X237.4740Y-273.7172

G1X240.5391Y-273.1924

G1X248.2020Y-271.5846

G1X250.5519Y-271.2860

G1X252.6975Y-271.2028

G1X255.0475Y-271.3616

G1X257.4996Y-271.8118

G1X259.7474Y-272.4394

G1X265.1625Y-274.2305

G1X267.9211Y-274.8536

G1X269.4537Y-274.9982

G1X270.9863Y-274.9653

G1X272.4167Y-274.7655

G1X273.9493Y-274.3766

G1 Z0F20000

(Start Block)


G1X22.9136Y-270.2886
G1Z6F20000
(Plotting speed under)
G1 F4000


G1X27.0005Y-270.0883

G1X31.2917Y-270.2678

G1X35.3785Y-270.7300

G1X43.6544Y-271.9986

G1X47.3326Y-272.4809

G1X51.3173Y-272.8368

G1X55.1998Y-272.9851

G1X58.4693Y-272.9608

G1X61.9431Y-272.8079

G1X79.7210Y-271.3151

G1X84.8296Y-271.0335

G1X90.0403Y-270.8898

G1X100.2575Y-270.9555

G1X129.6829Y-271.7814

G1X148.7890Y-271.9444

G1X159.5170Y-271.8921

G1X169.6320Y-271.7414

G1X194.7662Y-270.9736

G1X201.6117Y-270.8679

G1X206.6181Y-270.9478

G1X211.3180Y-271.1948

G1X215.8136Y-271.5953

G1X225.9286Y-272.7289

G1X228.6872Y-272.9254

G1X231.2415Y-272.9914

G1X234.2045Y-272.8906

G1X237.0653Y-272.5954

G1X240.1304Y-272.0821

G1X247.9976Y-270.4689

G1X250.4498Y-270.1668

G1X252.5954Y-270.0895

G1X255.0475Y-270.2588

G1X257.4996Y-270.7084

G1X259.7474Y-271.3276

G1X265.1625Y-273.0948

G1X267.9211Y-273.7228

G1X269.4537Y-273.8788

G1X270.9863Y-273.8635

G1X272.4167Y-273.6845

G1X273.9493Y-273.3204

G1 Z0F20000

(Start Block)


G1X22.9136Y-269.2616
G1Z6F20000
(Plotting speed under)
G1 F4000


G1X25.1614Y-269.0640

G1X27.4092Y-268.9785

G1X29.6569Y-269.0034

G1X32.0069Y-269.1382

G1X36.2981Y-269.6109

G1X44.6761Y-270.8780

G1X48.4565Y-271.3670

G1X52.4412Y-271.7187

G1X56.4259Y-271.8710

G1X59.7975Y-271.8474

G1X63.3735Y-271.6932

G1X81.4579Y-270.2143

G1X86.7708Y-269.9275

G1X92.0838Y-269.7809

G1X102.6074Y-269.8291

G1X131.8285Y-270.5644

G1X148.7890Y-270.6977

G1X167.6908Y-270.5231

G1X192.4163Y-269.8516

G1X199.4661Y-269.7544

G1X204.7791Y-269.8323

G1X209.7855Y-270.0795

G1X214.5875Y-270.4877

G1X225.1112Y-271.6203

G1X228.0742Y-271.8198

G1X230.6285Y-271.8777

G1X233.5915Y-271.7771

G1X236.5544Y-271.4791

G1X239.7218Y-270.9610

G1X247.7933Y-269.3462

G1X250.2454Y-269.0526

G1X252.4932Y-268.9767

G1X254.9453Y-269.1477

G1X257.4996Y-269.6129

G1X259.7474Y-270.2259

G1X265.2646Y-271.9972

G1X268.0233Y-272.6118

G1X269.5559Y-272.7651

G1X270.9863Y-272.7580

G1X272.4167Y-272.5961

G1X273.9493Y-272.2535

G1 Z0F20000

(Start Block)


G1X22.9136Y-268.2524
G1Z6F20000
(Plotting speed under)
G1 F4000


G1X25.3657Y-267.9984

G1X27.7156Y-267.8767

G1X30.0656Y-267.8747

G1X32.6199Y-267.9986

G1X37.1155Y-268.4714

G1X45.8000Y-269.7632

G1X49.6825Y-270.2567

G1X53.7694Y-270.6088

G1X57.8563Y-270.7584

G1X61.2279Y-270.7337

G1X64.9061Y-270.5785

G1X83.5014Y-269.1035

G1X88.9165Y-268.8206

G1X94.4337Y-268.6708

G1X103.7313Y-268.6801

G1X131.0112Y-269.2897

G1X148.7890Y-269.4379

G1X165.7495Y-269.2950

G1X189.8620Y-268.7266

G1X197.1162Y-268.6408

G1X202.8378Y-268.7205

G1X208.1507Y-268.9694

G1X213.2593Y-269.3838

G1X224.1917Y-270.5114

G1X227.1547Y-270.7039

G1X229.8111Y-270.7643

G1X232.8763Y-270.6655

G1X235.9414Y-270.3677

G1X239.2109Y-269.8476

G1X247.3846Y-268.2477

G1X249.9389Y-267.9428

G1X252.2889Y-267.8633

G1X254.8432Y-268.0414

G1X257.3974Y-268.5016

G1X259.7474Y-269.1342

G1X265.2646Y-270.8790

G1X268.0233Y-271.4897

G1X269.5559Y-271.6476

G1X270.9863Y-271.6497

G1X272.4167Y-271.5014

G1X273.9493Y-271.1768

G1 Z0F20000

(Start Block)


G1X22.9136Y-267.2615
G1Z6F20000
(Plotting speed under)
G1 F4000


G1X25.5701Y-266.9455

G1X28.1244Y-266.7801

G1X30.6786Y-266.7540

G1X33.3351Y-266.8652

G1X38.0350Y-267.3390

G1X47.0261Y-268.6532

G1X50.9086Y-269.1383

G1X55.0976Y-269.4937

G1X59.2867Y-269.6446

G1X62.7605Y-269.6200

G1X66.4387Y-269.4698

G1X85.5448Y-268.0039

G1X91.1642Y-267.7178

G1X96.8858Y-267.5631

G1X106.5921Y-267.5580

G1X132.8502Y-268.0552

G1X148.8912Y-268.1704

G1X163.8082Y-268.0603

G1X187.0012Y-267.6003

G1X194.3575Y-267.5272

G1X200.5900Y-267.6074

G1X206.3116Y-267.8590

G1X211.7267Y-268.2755

G1X223.1700Y-269.4024

G1X226.2351Y-269.5923

G1X228.9937Y-269.6505

G1X232.1610Y-269.5487

G1X235.3284Y-269.2469

G1X238.5979Y-268.7412

G1X247.0781Y-267.1256

G1X249.6324Y-266.8294

G1X251.9823Y-266.7491

G1X254.5366Y-266.9149

G1X257.1931Y-267.3758

G1X259.6452Y-268.0222

G1X265.2646Y-269.7697

G1X268.0233Y-270.3722

G1X269.5559Y-270.5315

G1X270.9863Y-270.5394

G1X272.4167Y-270.4012

G1X273.9493Y-270.0911

G1 Z0F20000

(Start Block)


G1X22.9136Y-266.2890
G1Z6F20000
(Plotting speed under)
G1 F4000


G1X25.6722Y-265.9174

G1X28.4309Y-265.6965

G1X31.1895Y-265.6347

G1X34.0503Y-265.7306

G1X39.0567Y-266.2130

G1X48.2521Y-267.5334

G1X52.3390Y-268.0333

G1X56.6302Y-268.3856

G1X60.8192Y-268.5310

G1X64.3953Y-268.5063

G1X68.1756Y-268.3562

G1X87.7926Y-266.9034

G1X93.6163Y-266.6160

G1X99.5423Y-266.4570

G1X109.6573Y-266.4351

G1X134.5872Y-266.8172

G1X148.9934Y-266.9019

G1X161.9691Y-266.8220

G1X191.1902Y-266.4136

G1X198.0357Y-266.4944

G1X204.2682Y-266.7502

G1X210.0920Y-267.1741

G1X222.0461Y-268.2944

G1X225.2134Y-268.4807

G1X228.0742Y-268.5369

G1X231.3437Y-268.4329

G1X234.6132Y-268.1294

G1X238.0870Y-267.6039

G1X246.6694Y-266.0113

G1X249.3259Y-265.7125

G1X251.6758Y-265.6355

G1X254.3323Y-265.8061

G1X256.9887Y-266.2595

G1X259.5430Y-266.9214

G1X265.1625Y-268.6415

G1X268.0233Y-269.2594

G1X269.5559Y-269.4170

G1X270.9863Y-269.4274

G1X272.4167Y-269.2959

G1X273.9493Y-268.9969

G1 Z0F20000

(Start Block)


G1X22.9136Y-265.3345
G1Z6F20000
(Plotting speed under)
G1 F4000


G1X25.9787Y-264.8820

G1X28.8395Y-264.6181

G1X31.8025Y-264.5205

G1X34.7655Y-264.5956

G1X39.9762Y-265.0677

G1X49.8869Y-266.4582

G1X54.1781Y-266.9602

G1X58.8780Y-267.3098

G1X63.5779Y-267.4235

G1X67.3582Y-267.3581

G1X71.5473Y-267.1579

G1X91.6751Y-265.7240

G1X96.9880Y-265.4909

G1X102.5053Y-265.3517

G1X112.9268Y-265.3123

G1X136.3241Y-265.5834

G1X148.8912Y-265.6406

G1X161.1518Y-265.5783

G1X183.0165Y-265.3179

G1X191.2924Y-265.3188

G1X197.4227Y-265.4462

G1X203.0421Y-265.7025

G1X208.6616Y-266.1062

G1X220.7178Y-267.1808

G1X224.0895Y-267.3696

G1X227.0525Y-267.4232

G1X230.4241Y-267.3177

G1X233.7958Y-267.0141

G1X237.3718Y-266.4899

G1X246.1586Y-264.9032

G1X248.8150Y-264.6067

G1X251.2671Y-264.5212

G1X254.0258Y-264.6907

G1X256.7844Y-265.1526

G1X259.4409Y-265.8317

G1X265.0603Y-267.5232

G1X267.9211Y-268.1364

G1X269.4537Y-268.2984

G1X270.9863Y-268.3141

G1X272.4167Y-268.1860

G1X273.9493Y-267.8948

G1 Z0F20000

(Start Block)


G1X22.9136Y-264.3973
G1Z6F20000
(Plotting speed under)
G1 F4000


G1X26.2853Y-263.8591

G1X29.3504Y-263.5423

G1X32.4156Y-263.4107

G1X35.4807Y-263.4612

G1X38.1372Y-263.6348

G1X40.9980Y-263.9283

G1X51.3173Y-265.3438

G1X55.8128Y-265.8560

G1X60.6149Y-266.1999

G1X65.5191Y-266.3099

G1X69.4016Y-266.2403

G1X73.6929Y-266.0395

G1X94.3315Y-264.6301

G1X105.5704Y-264.2517

G1X116.4006Y-264.1908

G1X149.2999Y-264.3950

G1X179.0318Y-264.1966

G1X187.6142Y-264.2075

G1X194.3575Y-264.3359

G1X200.5900Y-264.5990

G1X206.6181Y-265.0045

G1X219.2874Y-266.0705

G1X222.8635Y-266.2593

G1X225.9286Y-266.3094

G1X229.5046Y-266.1964

G1X232.9784Y-265.8881

G1X236.6566Y-265.3621

G1X245.6477Y-263.7860

G1X248.4063Y-263.4888

G1X250.8584Y-263.4077

G1X253.6171Y-263.5696

G1X256.4779Y-264.0337

G1X259.1344Y-264.6957

G1X264.9581Y-266.4147

G1X267.9211Y-267.0335

G1X269.4537Y-267.1876

G1X270.9863Y-267.1995

G1X272.4167Y-267.0717

G1X273.9493Y-266.7851

G1 Z0F20000

(Start Block)


G1X22.9136Y-263.4762
G1Z6F20000
(Plotting speed under)
G1 F4000


G1X26.5918Y-262.8495

G1X29.8613Y-262.4755

G1X33.1307Y-262.3044

G1X36.4002Y-262.3359

G1X39.1589Y-262.5024

G1X42.1218Y-262.7940

G1X52.8499Y-264.2311

G1X57.5498Y-264.7513

G1X62.5562Y-265.0937

G1X67.5626Y-265.1961

G1X71.4451Y-265.1275

G1X75.8385Y-264.9307

G1X97.0902Y-263.5456

G1X108.7377Y-263.1592

G1X118.8527Y-263.0733

G1X147.6651Y-263.1750

G1X183.2209Y-263.0964

G1X190.8837Y-263.2285

G1X197.7292Y-263.4927

G1X204.3704Y-263.9074

G1X217.8570Y-264.9705

G1X221.5352Y-265.1501

G1X224.7025Y-265.1954

G1X228.3807Y-265.0806

G1X231.9567Y-264.7744

G1X235.7371Y-264.2537

G1X245.1369Y-262.6604

G1X247.8955Y-262.3744

G1X250.4498Y-262.2946

G1X253.3106Y-262.4656

G1X256.1714Y-262.9247

G1X258.8278Y-263.5726

G1X264.7538Y-265.2898

G1X267.7168Y-265.9062

G1X269.3515Y-266.0730

G1X270.8841Y-266.0876

G1X272.4167Y-265.9529

G1X273.9493Y-265.6678

G1 Z0F20000

(Start Block)


G1X22.9136Y-262.5695
G1Z6F20000
(Plotting speed under)
G1 F4000


G1X26.7961Y-261.8696

G1X30.3721Y-261.4189

G1X33.8459Y-261.2030

G1X37.3198Y-261.2103

G1X40.1806Y-261.3663

G1X43.3479Y-261.6641

G1X54.4846Y-263.1189

G1X59.3888Y-263.6453

G1X64.5996Y-263.9859

G1X69.8104Y-264.0821

G1X73.7951Y-264.0102

G1X78.1884Y-263.8207

G1X99.9510Y-262.4722

G1X111.9051Y-262.0785

G1X125.0852Y-261.9609

G1X177.8058Y-261.9858

G1X186.6947Y-262.1194

G1X194.4597Y-262.3883

G1X201.7139Y-262.8034

G1X216.2223Y-263.8681

G1X220.0026Y-264.0392

G1X223.3743Y-264.0810

G1X227.1547Y-263.9635

G1X230.9350Y-263.6483

G1X234.8175Y-263.1294

G1X244.4216Y-261.5524

G1X247.2824Y-261.2622

G1X249.8367Y-261.1802

G1X252.7997Y-261.3452

G1X255.7627Y-261.8049

G1X258.5213Y-262.4623

G1X264.5495Y-264.1758

G1X267.6146Y-264.7991

G1X269.2493Y-264.9604

G1X270.8841Y-264.9701

G1X272.4167Y-264.8295

G1X273.9493Y-264.5430

G1 Z0F20000

(Start Block)


G1X22.9136Y-261.6749
G1Z6F20000
(Plotting speed under)
G1 F4000


G1X27.3070Y-260.8555

G1X30.9852Y-260.3629

G1X34.5612Y-260.1078

G1X38.2393Y-260.0852

G1X41.3045Y-260.2343

G1X44.5740Y-260.5266

G1X56.3237Y-262.0182

G1X61.4323Y-262.5458

G1X66.8474Y-262.8799

G1X72.3646Y-262.9672

G1X80.8449Y-262.7055

G1X102.9139Y-261.4115

G1X114.7659Y-261.0199

G1X131.4199Y-260.8545

G1X171.2668Y-260.8794

G1X181.7904Y-261.0145

G1X190.6794Y-261.2860

G1X198.8531Y-261.7111

G1X214.3832Y-262.7650

G1X218.3679Y-262.9302

G1X221.8417Y-262.9669

G1X225.8264Y-262.8444

G1X229.7089Y-262.5316

G1X233.7958Y-262.0050

G1X243.7064Y-260.4346

G1X246.5672Y-260.1523

G1X249.2237Y-260.0666

G1X252.2889Y-260.2314

G1X255.3540Y-260.6964

G1X258.2148Y-261.3653

G1X264.4473Y-263.0974

G1X267.5124Y-263.6971

G1X269.1472Y-263.8497

G1X270.7819Y-263.8552

G1X272.3145Y-263.7153

G1X273.9493Y-263.4103

G1 Z0F20000

(Start Block)


G1X22.9136Y-260.7898
G1Z6F20000
(Plotting speed under)
G1 F4000


G1X27.5113Y-259.9043

G1X31.2917Y-259.3525

G1X34.8677Y-259.0414

G1X38.4437Y-258.9535

G1X41.8153Y-259.0615

G1X45.5957Y-259.3616

G1X57.9584Y-260.8795

G1X62.7605Y-261.3740

G1X67.2561Y-261.6862

G1X71.7516Y-261.8375

G1X76.4515Y-261.8364

G1X81.7644Y-261.6797

G1X103.1183Y-260.4983

G1X114.9702Y-260.0476

G1X128.7634Y-259.8162

G1X148.8912Y-259.7523

G1X169.1211Y-259.8254

G1X182.9143Y-260.0777

G1X194.2554Y-260.5475

G1X212.7484Y-261.6826

G1X216.7331Y-261.8256

G1X220.2070Y-261.8520

G1X224.3960Y-261.7226

G1X228.4829Y-261.4009

G1X232.7741Y-260.8641

G1X242.8891Y-259.3188

G1X245.8521Y-259.0370

G1X248.6107Y-258.9532

G1X251.7780Y-259.1240

G1X254.9453Y-259.5989

G1X257.9083Y-260.2817

G1X264.1407Y-261.9787

G1X267.3081Y-262.5867

G1X269.0450Y-262.7405

G1X270.6798Y-262.7386

G1X272.3145Y-262.5817

G1X273.9493Y-262.2694

G1 Z0F20000

(Start Block)


G1X22.9136Y-259.9108
G1Z6F20000
(Plotting speed under)
G1 F4000


G1X28.1244Y-258.8960

G1X32.1090Y-258.2953

G1X35.9916Y-257.9413

G1X39.7719Y-257.8394

G1X43.2457Y-257.9434

G1X47.1282Y-258.2408

G1X59.8997Y-259.7623

G1X64.9061Y-260.2606

G1X69.5038Y-260.5690

G1X74.2037Y-260.7230

G1X79.1080Y-260.7241

G1X84.6253Y-260.5730

G1X106.2856Y-259.4610

G1X118.0353Y-259.0302

G1X131.4199Y-258.7897

G1X148.6868Y-258.7119

G1X166.2603Y-258.7984

G1X179.9514Y-259.0621

G1X191.2924Y-259.5075

G1X210.2963Y-260.5719

G1X214.5875Y-260.7137

G1X218.3679Y-260.7370

G1X222.7613Y-260.6025

G1X227.0525Y-260.2762

G1X231.5480Y-259.7351

G1X241.9695Y-258.2045

G1X245.0347Y-257.9232

G1X247.7933Y-257.8393

G1X251.0628Y-258.0029

G1X254.3323Y-258.4734

G1X257.2953Y-259.1331

G1X263.9364Y-260.8952

G1X267.1037Y-261.4816

G1X268.8407Y-261.6284

G1X270.5776Y-261.6197

G1X272.2123Y-261.4571

G1X273.9493Y-261.1197

G1 Z0F20000

(Start Block)


G1X22.9136Y-259.0342
G1Z6F20000
(Plotting speed under)
G1 F4000


G1X28.8395Y-257.8799

G1X33.0286Y-257.2345

G1X37.1155Y-256.8460

G1X41.2023Y-256.7256

G1X44.7783Y-256.8262

G1X48.7630Y-257.1206

G1X61.9431Y-258.6407

G1X67.1539Y-259.1419

G1X71.9559Y-259.4527

G1X76.7580Y-259.6066

G1X81.8666Y-259.6137

G1X87.6904Y-259.4693

G1X109.7594Y-258.4319

G1X121.3048Y-258.0334

G1X133.9741Y-257.8025

G1X148.5847Y-257.7261

G1X163.8082Y-257.8132

G1X176.7840Y-258.0667

G1X188.1251Y-258.4822

G1X207.7420Y-259.4704

G1X212.3397Y-259.6050

G1X216.3244Y-259.6216

G1X220.9222Y-259.4829

G1X225.4177Y-259.1553

G1X230.1176Y-258.6147

G1X240.9478Y-257.0904

G1X244.1151Y-256.8099

G1X246.9759Y-256.7257

G1X250.3476Y-256.8892

G1X253.7193Y-257.3610

G1X256.7844Y-258.0262

G1X263.5277Y-259.7749

G1X266.8994Y-260.3812

G1X268.7385Y-260.5214

G1X270.4754Y-260.4980

G1X272.2123Y-260.3108

G1X273.9493Y-259.9604

G1 Z0F20000

(Start Block)


G1X22.9136Y-258.1559
G1Z6F20000
(Plotting speed under)
G1 F4000


G1X29.7591Y-256.8373

G1X34.1525Y-256.1567

G1X38.4437Y-255.7432

G1X42.7349Y-255.6119

G1X46.4130Y-255.7096

G1X50.4999Y-256.0003

G1X63.9866Y-257.5028

G1X69.5038Y-258.0171

G1X74.5103Y-258.3313

G1X79.5167Y-258.4895

G1X84.8296Y-258.5036

G1X90.8577Y-258.3727

G1X113.2333Y-257.4263

G1X124.5743Y-257.0650

G1X136.1197Y-256.8603

G1X148.5847Y-256.7924

G1X161.5605Y-256.8699

G1X173.5146Y-257.0961

G1X184.7534Y-257.4727

G1X204.7791Y-258.3669

G1X209.7855Y-258.4956

G1X214.0767Y-258.5052

G1X218.9809Y-258.3572

G1X223.6808Y-258.0262

G1X228.5850Y-257.4866

G1X239.8239Y-255.9751

G1X243.0934Y-255.6967

G1X245.9542Y-255.6118

G1X249.5302Y-255.7736

G1X253.0041Y-256.2428

G1X256.1714Y-256.9103

G1X263.1190Y-258.6673

G1X266.5929Y-259.2735

G1X268.4319Y-259.4085

G1X270.2711Y-259.3793

G1X272.1102Y-259.1730

G1X273.9493Y-258.7908

G1 Z0F20000

(Start Block)


G1X22.9136Y-257.2715
G1Z6F20000
(Plotting speed under)
G1 F4000


G1X30.6786Y-255.8048

G1X34.8677Y-255.1420

G1X39.1589Y-254.6889

G1X43.4501Y-254.5034

G1X47.0261Y-254.5463

G1X50.8064Y-254.7558

G1X54.9955Y-255.1301

G1X65.4170Y-256.2839

G1X70.7299Y-256.7877

G1X76.5537Y-257.1742

G1X82.4796Y-257.3710

G1X88.0991Y-257.3932

G1X94.3315Y-257.2768

G1X116.9114Y-256.4363

G1X127.8439Y-256.1254

G1X138.0610Y-255.9585

G1X148.6868Y-255.9038

G1X160.1300Y-255.9736

G1X171.1646Y-256.1756

G1X181.5861Y-256.4943

G1X200.7944Y-257.2451

G1X209.3768Y-257.4014

G1X215.4049Y-257.2915

G1X221.1265Y-256.9482

G1X226.6438Y-256.3863

G1X238.5979Y-254.8576

G1X241.9695Y-254.5830

G1X244.9325Y-254.4983

G1X248.6107Y-254.6569

G1X252.1867Y-255.1209

G1X255.5583Y-255.8103

G1X262.8125Y-257.5932

G1X266.2864Y-258.1710

G1X268.2276Y-258.2992

G1X270.1689Y-258.2501

G1X272.0080Y-258.0276

G1X273.9493Y-257.6099

G1 Z0F20000

(Start Block)


G1X22.9136Y-256.3761
G1Z6F20000
(Plotting speed under)
G1 F4000


G1X32.0069Y-254.7107

G1X36.0937Y-254.0702

G1X40.5893Y-253.5917

G1X45.0848Y-253.3916

G1X48.6608Y-253.4248

G1X52.6455Y-253.6302

G1X57.0389Y-254.0051

G1X67.8691Y-255.1553

G1X73.3864Y-255.6575

G1X79.5167Y-256.0494

G1X85.6470Y-256.2502

G1X96.1706Y-256.2245

G1X127.8439Y-255.2795

G1X138.2653Y-255.1051

G1X148.6868Y-255.0492

G1X158.4953Y-255.1039

G1X168.3038Y-255.2637

G1X197.0140Y-256.1488

G1X206.0051Y-256.2879

G1X212.6463Y-256.1741

G1X218.7766Y-255.8288

G1X224.7025Y-255.2596

G1X237.2696Y-253.7367

G1X240.7435Y-253.4683

G1X243.8086Y-253.3847

G1X247.5890Y-253.5399

G1X251.3693Y-254.0134

G1X254.8432Y-254.7038

G1X262.1995Y-256.4647

G1X265.8777Y-257.0631

G1X267.9211Y-257.1876

G1X269.9645Y-257.1234

G1X271.9058Y-256.8736

G1X273.9493Y-256.4167

G1 Z0F20000

(Start Block)


G1X22.9136Y-255.4647
G1Z6F20000
(Plotting speed under)
G1 F4000


G1X33.8459Y-253.5421

G1X38.1372Y-252.9016

G1X43.0414Y-252.4291

G1X47.9456Y-252.2711

G1X51.9303Y-252.3574

G1X56.4259Y-252.6366

G1X72.0581Y-254.1704

G1X79.2102Y-254.7296

G1X86.5665Y-255.0669

G1X94.3315Y-255.1743

G1X104.0378Y-255.0543

G1X131.3177Y-254.3690

G1X148.0738Y-254.2133

G1X166.5669Y-254.3878

G1X196.5032Y-255.1282

G1X206.7203Y-255.1301

G1X212.0332Y-254.9535

G1X217.1418Y-254.6327

G1X222.7613Y-254.1072

G1X236.0436Y-252.5929

G1X239.8239Y-252.3326

G1X243.1956Y-252.2754

G1X246.9759Y-252.4665

G1X250.6541Y-252.9372

G1X254.1279Y-253.6144

G1X261.6886Y-255.3715

G1X263.7321Y-255.7403

G1X265.4690Y-255.9601

G1X267.6146Y-256.0761

G1X269.7602Y-255.9913

G1X271.8036Y-255.7097

G1X273.9493Y-255.2103

G1 Z0F20000

(Start Block)


G1X22.9136Y-254.5324
G1Z6F20000
(Plotting speed under)
G1 F4000


G1X26.8983Y-253.9375

G1X35.6850Y-252.3904

G1X39.6697Y-251.8120

G1X44.7783Y-251.3244

G1X49.8869Y-251.1577

G1X54.0759Y-251.2420

G1X58.6736Y-251.5135

G1X75.1233Y-253.0481

G1X82.7862Y-253.6128

G1X90.6534Y-253.9501

G1X99.2358Y-254.0607

G1X108.5334Y-253.9730

G1X133.6676Y-253.4835

G1X147.8695Y-253.3773

G1X164.0126Y-253.4953

G1X192.3141Y-254.0307

G1X203.3486Y-254.0032

G1X209.0703Y-253.8160

G1X214.4854Y-253.4923

G1X220.5135Y-252.9605

G1X234.3067Y-251.4810

G1X238.2913Y-251.2197

G1X241.8673Y-251.1622

G1X245.7499Y-251.3494

G1X249.6324Y-251.8262

G1X253.2084Y-252.4990

G1X261.0756Y-254.2696

G1X263.1190Y-254.6278

G1X265.0603Y-254.8613

G1X267.3081Y-254.9636

G1X269.5559Y-254.8527

G1X271.7015Y-254.5347

G1X273.9493Y-253.9894

G1 Z0F20000

(Start Block)


G1X22.9136Y-253.5742
G1Z6F20000
(Plotting speed under)
G1 F4000


G1X27.1026Y-253.0270

G1X36.8089Y-251.3699

G1X41.5088Y-250.6969

G1X46.7196Y-250.2142

G1X51.9303Y-250.0446

G1X56.2215Y-250.1203

G1X61.0236Y-250.3849

G1X78.4950Y-251.9254

G1X86.7708Y-252.4958

G1X95.4554Y-252.8375

G1X105.0596Y-252.9472

G1X135.7111Y-252.5862

G1X147.4608Y-252.5202

G1X161.3561Y-252.5883

G1X187.8186Y-252.9335

G1X199.7726Y-252.8673

G1X205.8008Y-252.6710

G1X211.6246Y-252.3394

G1X217.9592Y-251.8145

G1X232.4676Y-250.3607

G1X236.6566Y-250.1037

G1X240.3348Y-250.0483

G1X244.4216Y-250.2349

G1X248.5085Y-250.7163

G1X252.2889Y-251.4036

G1X260.4626Y-253.1815

G1X262.6082Y-253.5392

G1X264.5495Y-253.7582

G1X267.0016Y-253.8486

G1X269.2493Y-253.7171

G1X271.4971Y-253.3680

G1X273.9493Y-252.7534

G1 Z0F20000

(Start Block)


G1X22.9136Y-252.5853
G1Z6F20000
(Plotting speed under)
G1 F4000


G1X28.1244Y-251.9874

G1X38.6480Y-250.2490

G1X43.5522Y-249.5720

G1X48.8652Y-249.1001

G1X54.1781Y-248.9314

G1X58.6736Y-249.0038

G1X63.6801Y-249.2636

G1X81.4579Y-250.7422

G1X89.4273Y-251.2813

G1X97.1923Y-251.6222

G1X105.3661Y-251.7971

G1X115.8897Y-251.8251

G1X147.2564Y-251.6193

G1X182.9143Y-251.8315

G1X195.4814Y-251.7300

G1X202.2248Y-251.5151

G1X208.5594Y-251.1711

G1X215.3027Y-250.6461

G1X230.0155Y-249.2699

G1X234.1023Y-249.0174

G1X237.7805Y-248.9304

G1X242.3782Y-249.0791

G1X246.8738Y-249.5502

G1X250.9606Y-250.2471

G1X259.8495Y-252.1052

G1X262.0973Y-252.4582

G1X264.1407Y-252.6663

G1X266.6950Y-252.7294

G1X269.0450Y-252.5620

G1X271.3950Y-252.1675

G1X273.9493Y-251.5012

G1 Z0F20000

(Start Block)


G1X22.9136Y-251.5614
G1Z6F20000
(Plotting speed under)
G1 F4000


G1X25.8766Y-251.3419

G1X29.0439Y-250.9672

G1X40.6915Y-249.1150

G1X45.8000Y-248.4401

G1X51.2151Y-247.9833

G1X56.6302Y-247.8181

G1X61.3301Y-247.8871

G1X66.5408Y-248.1401

G1X85.2383Y-249.5939

G1X93.9228Y-250.1410

G1X102.5053Y-250.4895

G1X111.8029Y-250.6736

G1X177.0906Y-250.7190

G1X191.2924Y-250.5689

G1X198.3423Y-250.3441

G1X205.0856Y-249.9969

G1X212.1354Y-249.4877

G1X227.6655Y-248.1493

G1X231.9567Y-247.9031

G1X235.7371Y-247.8171

G1X240.6413Y-247.9605

G1X245.4433Y-248.4361

G1X249.8367Y-249.1551

G1X259.0322Y-251.0058

G1X261.3821Y-251.3585

G1X263.5277Y-251.5625

G1X266.1842Y-251.6111

G1X268.7385Y-251.4089

G1X271.2928Y-250.9515

G1X273.9493Y-250.2323

G1 Z0F20000

(Start Block)


G1X22.9136Y-250.4987
G1Z6F20000
(Plotting speed under)
G1 F4000


G1X26.2853Y-250.3293

G1X30.0656Y-249.9363

G1X42.8370Y-247.9864

G1X48.2521Y-247.3043

G1X53.6672Y-246.8711

G1X59.1845Y-246.7056

G1X64.0887Y-246.7664

G1X69.6060Y-247.0123

G1X89.6316Y-248.4543

G1X99.1336Y-249.0017

G1X108.6356Y-249.3505

G1X119.1592Y-249.5397

G1X167.5886Y-249.5989

G1X178.3166Y-249.5330

G1X187.1034Y-249.3793

G1X194.3575Y-249.1452

G1X201.3052Y-248.8054

G1X208.7637Y-248.3076

G1X224.9069Y-247.0347

G1X229.4024Y-246.7939

G1X233.3871Y-246.7040

G1X238.7000Y-246.8421

G1X243.8086Y-247.3163

G1X248.5085Y-248.0485

G1X258.1126Y-249.9032

G1X260.5647Y-250.2556

G1X262.9147Y-250.4621

G1X265.6733Y-250.4894

G1X268.3298Y-250.2588

G1X270.9863Y-249.7665

G1X273.9493Y-248.9463

G1 Z0F20000

(Start Block)


G1X22.9136Y-249.3937
G1Z6F20000
(Plotting speed under)
G1 F4000


G1X26.7961Y-249.2912

G1X31.0873Y-248.9080

G1X35.0720Y-248.3795

G1X45.1870Y-246.8510

G1X51.0108Y-246.1580

G1X56.4259Y-245.7538

G1X62.0453Y-245.5928

G1X67.1539Y-245.6471

G1X72.8755Y-245.8788

G1X94.2294Y-247.2881

G1X104.6509Y-247.8351

G1X115.2767Y-248.1861

G1X127.3330Y-248.3806

G1X142.5565Y-248.4553

G1X161.4583Y-248.4350

G1X173.5146Y-248.3348

G1X183.4252Y-248.1393

G1X197.3205Y-247.5867

G1X204.9834Y-247.1177

G1X221.9439Y-245.9089

G1X226.7460Y-245.6758

G1X230.8328Y-245.5908

G1X236.5544Y-245.7255

G1X242.0717Y-246.2070

G1X246.9759Y-246.9318

G1X257.2953Y-248.8321

G1X259.8495Y-249.1729

G1X262.1995Y-249.3583

G1X265.0603Y-249.3672

G1X267.9211Y-249.0981

G1X270.7819Y-248.5425

G1X273.9493Y-247.6432

G1 Z0F20000

(Start Block)


G1X22.9136Y-248.2442
G1Z6F20000
(Plotting speed under)
G1 F4000


G1X26.7961Y-248.2530

G1X30.8830Y-247.9994

G1X35.3785Y-247.4919

G1X46.6174Y-245.8636

G1X52.2368Y-245.1832

G1X58.5715Y-244.6812

G1X65.1104Y-244.4807

G1X70.5255Y-244.5277

G1X76.5537Y-244.7478

G1X99.1336Y-246.0980

G1X110.2703Y-246.6264

G1X121.6113Y-246.9656

G1X134.3828Y-247.1544

G1X159.8235Y-247.1751

G1X170.6537Y-247.0531

G1X180.1557Y-246.8422

G1X195.5836Y-246.2118

G1X219.6961Y-244.7236

G1X227.7677Y-244.4785

G1X234.1023Y-244.6076

G1X240.0283Y-245.0865

G1X245.3412Y-245.8268

G1X256.1714Y-247.7279

G1X258.9300Y-248.0764

G1X261.3821Y-248.2527

G1X264.4473Y-248.2402

G1X267.5124Y-247.9250

G1X270.4754Y-247.3266

G1X273.9493Y-246.3234

G1 Z0F20000

(Start Block)


G1X22.9136Y-247.0486
G1Z6F20000
(Plotting speed under)
G1 F4000


G1X27.4092Y-247.1636

G1X32.2112Y-246.9310

G1X37.1155Y-246.4154

G1X49.0695Y-244.7584

G1X54.9955Y-244.0742

G1X61.6366Y-243.5733

G1X68.4821Y-243.3689

G1X73.9994Y-243.4030

G1X80.3340Y-243.6025

G1X105.1617Y-244.9191

G1X118.1375Y-245.4396

G1X132.3394Y-245.7559

G1X148.2782Y-245.8645

G1X164.2169Y-245.7602

G1X178.5210Y-245.4460

G1X192.1098Y-244.8985

G1X216.7331Y-243.5623

G1X222.8635Y-243.3821

G1X228.1764Y-243.3891

G1X233.4893Y-243.6086

G1X238.7000Y-244.0723

G1X243.9108Y-244.7833

G1X255.3540Y-246.6824

G1X258.6235Y-247.0400

G1X261.4843Y-247.1675

G1X264.4473Y-247.0627

G1X267.4102Y-246.6856

G1X270.3733Y-246.0413

G1X273.9493Y-244.9877

G1 Z0F20000

(Start Block)


G1X22.9136Y-245.8063
G1Z6F20000
(Plotting speed under)
G1 F4000


G1X25.4679Y-245.9851

G1X28.1244Y-246.0544

G1X30.7808Y-246.0125

G1X33.6416Y-245.8579

G1X39.0567Y-245.3287

G1X51.6238Y-243.6671

G1X57.9584Y-242.9706

G1X65.0083Y-242.4661

G1X72.3646Y-242.2564

G1X78.1884Y-242.2844

G1X84.8296Y-242.4669

G1X109.7594Y-243.6217

G1X122.1222Y-244.0670

G1X134.8937Y-244.3363

G1X148.2782Y-244.4281

G1X161.4583Y-244.3432

G1X174.1276Y-244.0844

G1X187.1034Y-243.6217

G1X212.6463Y-242.4287

G1X219.2874Y-242.2638

G1X225.1112Y-242.2817

G1X230.9350Y-242.5157

G1X236.4523Y-242.9816

G1X241.9695Y-243.6906

G1X254.0258Y-245.5809

G1X257.3974Y-245.9299

G1X260.3604Y-246.0542

G1X263.6299Y-245.9310

G1X266.7972Y-245.5155

G1X270.0667Y-244.7888

G1X273.9493Y-243.6378

G1 Z0F20000

(Start Block)


G1X22.9136Y-244.5179
G1Z6F20000
(Plotting speed under)
G1 F4000


G1X25.8766Y-244.7922

G1X28.8395Y-244.9257

G1X31.9047Y-244.9230

G1X35.1742Y-244.7810

G1X40.9980Y-244.2580

G1X54.4846Y-242.5675

G1X61.2279Y-241.8668

G1X68.7886Y-241.3579

G1X76.6559Y-241.1447

G1X82.6840Y-241.1624

G1X89.5295Y-241.3177

G1X114.3572Y-242.2878

G1X125.9026Y-242.6454

G1X137.0393Y-242.8536

G1X148.1760Y-242.9243

G1X159.1083Y-242.8623

G1X169.9385Y-242.6703

G1X182.0970Y-242.3027

G1X208.3551Y-241.2807

G1X215.5071Y-241.1429

G1X221.7396Y-241.1786

G1X227.9720Y-241.4218

G1X233.8980Y-241.8916

G1X239.8239Y-242.6039

G1X252.5954Y-244.4843

G1X256.0692Y-244.8215

G1X259.1344Y-244.9409

G1X262.6082Y-244.8081

G1X266.0820Y-244.3486

G1X269.5559Y-243.5714

G1X273.9493Y-242.2758

G1 Z0F20000

(Start Block)


G1X22.9136Y-243.1855
G1Z6F20000
(Plotting speed under)
G1 F4000


G1X26.3874Y-243.5763

G1X29.7591Y-243.7825

G1X33.2329Y-243.8223

G1X36.9111Y-243.6953

G1X43.3479Y-243.1598

G1X57.2432Y-241.5117

G1X64.0887Y-240.8280

G1X71.6494Y-240.3149

G1X79.4145Y-240.0602

G1X85.2383Y-240.0235

G1X91.6751Y-240.0983

G1X127.1286Y-241.1392

G1X137.9588Y-241.3236

G1X148.6868Y-241.3832

G1X158.3931Y-241.3293

G1X168.3038Y-241.1704

G1X201.5096Y-240.1788

G1X213.1571Y-240.0229

G1X221.7396Y-240.1958

G1X229.5046Y-240.6723

G1X236.8609Y-241.4501

G1X251.2671Y-243.4166

G1X255.0475Y-243.7405

G1X258.4192Y-243.8257

G1X261.9952Y-243.6387

G1X265.5712Y-243.1274

G1X269.1472Y-242.3087

G1X273.9493Y-240.9046

G1 Z0F20000

(Start Block)


G1X22.9136Y-241.8119
G1Z6F20000
(Plotting speed under)
G1 F4000


G1X26.7961Y-242.3204

G1X30.5765Y-242.6156

G1X34.4590Y-242.7143

G1X38.6480Y-242.6134

G1X45.6979Y-242.0817

G1X60.7171Y-240.4117

G1X68.0734Y-239.7273

G1X76.2472Y-239.2127

G1X84.8296Y-238.9509

G1X97.4989Y-238.9608

G1X130.1938Y-239.6802

G1X148.7890Y-239.8415

G1X165.0343Y-239.7072

G1X195.9923Y-239.0158

G1X207.7420Y-238.9111

G1X217.3461Y-239.0964

G1X226.0308Y-239.5871

G1X234.1023Y-240.3724

G1X249.5302Y-242.3212

G1X253.4127Y-242.6297

G1X256.8866Y-242.7124

G1X260.7691Y-242.5146

G1X264.6516Y-241.9645

G1X268.5341Y-241.0803

G1X273.9493Y-239.5280

G1 Z0F20000

(Start Block)


G1X22.9136Y-240.4016
G1Z6F20000
(Plotting speed under)
G1 F4000


G1X27.3070Y-241.0434

G1X31.5982Y-241.4378

G1X35.8894Y-241.5959

G1X40.4871Y-241.5289

G1X44.1653Y-241.3319

G1X48.1500Y-241.0133

G1X64.4974Y-239.3226

G1X72.6711Y-238.6212

G1X81.6623Y-238.1056

G1X91.1642Y-237.8421

G1X103.8335Y-237.8213

G1X133.1568Y-238.2482

G1X148.8912Y-238.3399

G1X164.1148Y-238.2435

G1X191.5989Y-237.8348

G1X201.5096Y-237.8016

G1X212.3397Y-238.0048

G1X222.0461Y-238.5089

G1X231.0372Y-239.3082

G1X247.5890Y-241.2260

G1X251.6758Y-241.5230

G1X255.2518Y-241.5986

G1X259.4409Y-241.3881

G1X263.6299Y-240.8017

G1X267.6146Y-239.9114

G1X273.9493Y-238.1504

G1 Z0F20000

(Start Block)


G1X22.9136Y-238.9602
G1Z6F20000
(Plotting speed under)
G1 F4000


G1X27.5113Y-239.6948

G1X31.8025Y-240.1726

G1X36.1959Y-240.4347

G1X40.6915Y-240.4782

G1X45.1870Y-240.3298

G1X50.1934Y-239.9967

G1X68.3799Y-238.2694

G1X76.6559Y-237.6037

G1X84.7274Y-237.1367

G1X93.2077Y-236.8384

G1X100.4618Y-236.7146

G1X108.7377Y-236.6819

G1X150.9346Y-236.9173

G1X183.8339Y-236.6962

G1X194.2554Y-236.6966

G1X206.5160Y-236.9206

G1X217.4483Y-237.4399

G1X227.4612Y-238.2447

G1X245.4433Y-240.1342

G1X249.7346Y-240.4163

G1X253.4127Y-240.4848

G1X258.0105Y-240.2576

G1X262.4038Y-239.6557

G1X266.5929Y-238.7447

G1X273.9493Y-236.7772

G1 Z0F20000

(Start Block)


G1X22.9136Y-237.4943
G1Z6F20000
(Plotting speed under)
G1 F4000


G1X28.3287Y-238.3989

G1X33.3351Y-238.9882

G1X38.2393Y-239.3021

G1X43.4501Y-239.3657

G1X48.1500Y-239.2246

G1X53.4629Y-238.9001

G1X72.6711Y-237.2285

G1X81.4579Y-236.5763

G1X89.9382Y-236.1131

G1X98.7249Y-235.8032

G1X107.3073Y-235.6396

G1X117.2180Y-235.5716

G1X186.0817Y-235.6039

G1X199.8748Y-235.8521

G1X212.0332Y-236.3776

G1X223.3743Y-237.1942

G1X242.9912Y-239.0410

G1X247.4868Y-239.3068

G1X251.3693Y-239.3710

G1X256.2735Y-239.1402

G1X258.6235Y-238.8821

G1X261.0756Y-238.5052

G1X265.2646Y-237.6274

G1X273.9493Y-235.4145

G1 Z0F20000

(Start Block)


G1X22.9136Y-236.0118
G1Z6F20000
(Plotting speed under)
G1 F4000


G1X29.2482Y-237.0947

G1X34.8677Y-237.7854

G1X40.4871Y-238.1675

G1X46.4130Y-238.2540

G1X51.3173Y-238.1245

G1X57.0389Y-237.8094

G1X77.4732Y-236.2003

G1X86.7708Y-235.5707

G1X95.3533Y-235.1304

G1X104.1400Y-234.8185

G1X115.3789Y-234.5902

G1X129.0699Y-234.4823

G1X160.0279Y-234.4640

G1X177.7036Y-234.5462

G1X192.7228Y-234.8185

G1X206.0051Y-235.3446

G1X218.6744Y-236.1590

G1X240.1304Y-237.9442

G1X244.9325Y-238.1972

G1X249.0194Y-238.2574

G1X251.7780Y-238.1862

G1X254.3323Y-238.0231

G1X256.8866Y-237.7565

G1X259.4409Y-237.3824

G1X263.7321Y-236.5272

G1X271.1906Y-234.6783

G1X273.9493Y-234.0689

G1 Z0F20000

(Start Block)


G1X22.9136Y-234.5212
G1Z6F20000
(Plotting speed under)
G1 F4000


G1X30.3721Y-235.7986

G1X36.6046Y-236.5814

G1X42.8370Y-237.0250

G1X49.4782Y-237.1436

G1X54.7911Y-237.0267

G1X60.9214Y-236.7286

G1X82.7862Y-235.1948

G1X92.4925Y-234.6021

G1X100.8705Y-234.2015

G1X109.3508Y-233.9024

G1X121.6113Y-233.6339

G1X136.0176Y-233.4926

G1X154.6128Y-233.4689

G1X171.0624Y-233.5772

G1X186.2860Y-233.8675

G1X199.8748Y-234.3739

G1X213.3615Y-235.1493

G1X236.6566Y-236.8387

G1X241.8673Y-237.0837

G1X246.3629Y-237.1438

G1X249.3259Y-237.0738

G1X252.1867Y-236.9035

G1X254.9453Y-236.6313

G1X257.7039Y-236.2472

G1X262.0973Y-235.4155

G1X270.5776Y-233.4126

G1X273.9493Y-232.7478

G1 Z0F20000

(Start Block)


G1X22.9136Y-233.0319
G1Z6F20000
(Plotting speed under)
G1 F4000


G1X31.0873Y-234.4182

G1X37.3198Y-235.2461

G1X43.5522Y-235.7780

G1X50.0912Y-236.0173

G1X56.3237Y-235.9907

G1X63.4757Y-235.7407

G1X93.4120Y-233.9471

G1X109.9638Y-233.2073

G1X127.9460Y-232.7722

G1X148.5847Y-232.6272

G1X169.7342Y-232.7847

G1X188.1251Y-233.2505

G1X204.7791Y-234.0203

G1X232.8763Y-235.7511

G1X238.4957Y-235.9760

G1X243.1956Y-236.0309

G1X246.5672Y-235.9598

G1X249.6324Y-235.7930

G1X252.5954Y-235.5249

G1X255.5583Y-235.1432

G1X260.7691Y-234.2048

G1X270.3733Y-232.0566

G1X273.9493Y-231.4588

G1 Z0F20000

(Start Block)


G1X22.9136Y-231.5536
G1Z6F20000
(Plotting speed under)
G1 F4000


G1X32.7221Y-233.1554

G1X39.4654Y-234.0354

G1X46.4130Y-234.6243

G1X53.6672Y-234.8958

G1X60.5127Y-234.8875

G1X68.3799Y-234.6572

G1X99.6445Y-233.0538

G1X115.5832Y-232.4242

G1X131.6242Y-232.0596

G1X148.5847Y-231.9383

G1X166.1582Y-232.0735

G1X182.8122Y-232.4732

G1X198.3423Y-233.1074

G1X227.8698Y-234.6436

G1X234.3067Y-234.8641

G1X239.6196Y-234.9171

G1X243.2978Y-234.8483

G1X246.7716Y-234.6781

G1X250.0411Y-234.4068

G1X253.2084Y-234.0300

G1X258.8278Y-233.0858

G1X269.4537Y-230.8441

G1X271.8036Y-230.4576

G1X273.9493Y-230.2096

G1 Z0F20000

(Start Block)


G1X22.9136Y-230.0963
G1Z6F20000
(Plotting speed under)
G1 F4000


G1X34.7655Y-231.9270

G1X42.0197Y-232.8394

G1X49.6825Y-233.4710

G1X57.6519Y-233.7706

G1X65.0083Y-233.7874

G1X73.6929Y-233.5889

G1X105.9791Y-232.2203

G1X120.8962Y-231.7233

G1X134.6893Y-231.4506

G1X148.5847Y-231.3612

G1X163.1952Y-231.4644

G1X177.7036Y-231.7708

G1X191.8033Y-232.2570

G1X221.8417Y-233.5440

G1X229.1981Y-233.7524

G1X235.2262Y-233.8039

G1X239.3131Y-233.7402

G1X243.1956Y-233.5775

G1X246.8738Y-233.3098

G1X250.3476Y-232.9402

G1X256.6822Y-231.9622

G1X268.5341Y-229.6214

G1X271.3950Y-229.2148

G1X273.9493Y-229.0078

G1 Z0F20000

(Start Block)


G1X22.9136Y-228.6697
G1Z6F20000
(Plotting speed under)
G1 F4000


G1X37.4219Y-230.7522

G1X44.8805Y-231.6407

G1X53.2585Y-232.3062

G1X62.0453Y-232.6386

G1X68.9930Y-232.6904

G1X76.9624Y-232.5894

G1X121.8157Y-231.1763

G1X135.4045Y-230.9272

G1X148.7890Y-230.8474

G1X160.9474Y-230.9211

G1X173.3102Y-231.1355

G1X185.9795Y-231.4858

G1X215.0984Y-232.4704

G1X223.1700Y-232.6470

G1X229.8111Y-232.6906

G1X234.7153Y-232.6259

G1X239.1087Y-232.4674

G1X243.1956Y-232.2092

G1X247.0781Y-231.8454

G1X250.5519Y-231.4123

G1X254.1279Y-230.8613

G1X267.6146Y-228.3922

G1X270.9863Y-227.9934

G1X273.9493Y-227.8604

G1 Z0F20000

(Start Block)


G1X22.9136Y-227.2832
G1Z6F20000
(Plotting speed under)
G1 F4000


G1X27.7156Y-227.8583

G1X40.5893Y-229.6018

G1X48.0478Y-230.4321

G1X57.1411Y-231.1236

G1X66.8474Y-231.4941

G1X74.6124Y-231.5783

G1X83.6035Y-231.5151

G1X125.8004Y-230.5476

G1X137.6523Y-230.3861

G1X149.0955Y-230.3374

G1X169.4277Y-230.5192

G1X207.7420Y-231.4192

G1X222.6591Y-231.5777

G1X228.5850Y-231.5191

G1X233.7958Y-231.3694

G1X238.5979Y-231.1195

G1X242.9912Y-230.7716

G1X247.0781Y-230.3289

G1X251.2671Y-229.7507

G1X263.0169Y-227.7136

G1X266.5929Y-227.1736

G1X270.4754Y-226.8056

G1X273.9493Y-226.7737

G1 Z0F20000

(Start Block)


G1X22.9136Y-225.9454
G1Z6F20000
(Plotting speed under)
G1 F4000


G1X29.0439Y-226.5664

G1X44.4718Y-228.4837

G1X51.7260Y-229.2239

G1X61.5344Y-229.9262

G1X72.0581Y-230.3290

G1X80.6405Y-230.4532

G1X90.6534Y-230.4421

G1X130.0916Y-229.8744

G1X149.9129Y-229.7668

G1X166.2603Y-229.8687

G1X199.3640Y-230.3719

G1X212.8506Y-230.4649

G1X220.3091Y-230.4147

G1X226.8481Y-230.2741

G1X232.5697Y-230.0431

G1X237.8827Y-229.7051

G1X242.8891Y-229.2501

G1X247.8955Y-228.6464

G1X261.5865Y-226.4839

G1X265.5712Y-225.9539

G1X269.9645Y-225.6457

G1X272.0080Y-225.6471

G1X273.9493Y-225.7525

G1 Z0F20000

(Start Block)


G1X22.9136Y-224.6638
G1Z6F20000
(Plotting speed under)
G1 F4000


G1X30.4743Y-225.2836

G1X50.8064Y-227.5462

G1X62.1475Y-228.4560

G1X69.6060Y-228.8536

G1X77.6776Y-229.1315

G1X86.5665Y-229.2949

G1X96.5793Y-229.3514

G1X144.2935Y-229.0742

G1X161.0496Y-229.1037

G1X198.6488Y-229.3511

G1X209.6833Y-229.3024

G1X219.1852Y-229.1355

G1X230.2198Y-228.7011

G1X239.7218Y-227.9867

G1X246.4651Y-227.2224

G1X260.0539Y-225.2520

G1X265.1625Y-224.6880

G1X267.5124Y-224.5513

G1X269.7602Y-224.5229

G1X271.9058Y-224.6072

G1X273.9493Y-224.8001

G1 Z0F20000

(Start Block)


G1X22.9136Y-223.4446
G1Z6F20000
(Plotting speed under)
G1 F4000


G1X26.6939Y-223.6112

G1X30.8830Y-223.9135

G1X54.3824Y-226.2485

G1X61.8410Y-226.8442

G1X69.2995Y-227.3096

G1X78.1884Y-227.7096

G1X87.9969Y-227.9926

G1X98.8271Y-228.1624

G1X111.4964Y-228.2337

G1X188.2273Y-228.2264

G1X201.3052Y-228.1241

G1X212.7484Y-227.9006

G1X225.4177Y-227.4227

G1X235.9414Y-226.7115

G1X243.2978Y-225.9714

G1X257.9083Y-224.0789

G1X263.5277Y-223.5348

G1X266.3885Y-223.4139

G1X268.9428Y-223.4352

G1X271.4971Y-223.6031

G1X273.9493Y-223.9179

G1 Z0F20000

(Start Block)


G1X22.9136Y-222.2925
G1Z6F20000
(Plotting speed under)
G1 F4000


G1X27.5113Y-222.3911

G1X32.7221Y-222.6820

G1X59.8997Y-225.0445

G1X68.5843Y-225.6404

G1X77.5754Y-226.1157

G1X88.2013Y-226.5184

G1X99.8488Y-226.8057

G1X112.7224Y-226.9860

G1X128.1503Y-227.0790

G1X176.9884Y-227.0415

G1X192.3141Y-226.8858

G1X205.5964Y-226.6084

G1X220.0026Y-226.0903

G1X231.8546Y-225.3817

G1X241.3565Y-224.5262

G1X256.5801Y-222.7932

G1X261.7908Y-222.3824

G1X265.0603Y-222.2925

G1X268.1255Y-222.3773

G1X271.0884Y-222.6483

G1X273.9493Y-223.1047

G1 Z0F20000

(Start Block)


G1X22.9136Y-221.2104
G1Z6F20000
(Plotting speed under)
G1 F4000


G1X28.5330Y-221.2115

G1X35.0720Y-221.4808

G1X65.2126Y-223.7319

G1X74.9190Y-224.3071

G1X84.9317Y-224.7708

G1X96.1706Y-225.1592

G1X108.1247Y-225.4481

G1X120.9983Y-225.6427

G1X135.4045Y-225.7533

G1X156.9627Y-225.7700

G1X176.6819Y-225.6333

G1X193.2337Y-225.3529

G1X208.5594Y-224.9025

G1X220.2070Y-224.4041

G1X230.1176Y-223.8099

G1X238.9044Y-223.0970

G1X254.3323Y-221.5917

G1X260.9734Y-221.2012

G1X264.4473Y-221.2019

G1X267.7168Y-221.3899

G1X270.8841Y-221.7770

G1X273.9493Y-222.3568

G1 Z0F20000

(Start Block)


G1X22.9136Y-220.1991
G1Z6F20000
(Plotting speed under)
G1 F4000


G1X29.6569Y-220.0674

G1X37.5241Y-220.2794

G1X44.3696Y-220.6532

G1X71.0364Y-222.3623

G1X81.7644Y-222.8980

G1X93.0033Y-223.3449

G1X114.1528Y-223.9184

G1X136.9371Y-224.2008

G1X154.4085Y-224.2253

G1X171.4711Y-224.0965

G1X187.3077Y-223.8214

G1X202.5313Y-223.3909

G1X215.4049Y-222.8904

G1X226.1329Y-222.3404

G1X235.5327Y-221.7050

G1X251.4715Y-220.4164

G1X258.4192Y-220.0807

G1X262.6082Y-220.1102

G1X266.4907Y-220.3741

G1X270.1689Y-220.8783

G1X273.9493Y-221.6677

G1 Z0F20000

(Start Block)


G1X22.9136Y-219.2575
G1Z6F20000
(Plotting speed under)
G1 F4000


G1X26.5918Y-219.0626

G1X30.3721Y-218.9660

G1X38.8524Y-219.0459

G1X47.7413Y-219.4033

G1X75.0211Y-220.8230

G1X92.3903Y-221.5265

G1X114.5615Y-222.1481

G1X136.6306Y-222.4559

G1X151.5476Y-222.4946

G1X166.3625Y-222.4010

G1X180.8709Y-222.1775

G1X195.3793Y-221.8187

G1X209.1724Y-221.3577

G1X221.4330Y-220.8451

G1X231.6502Y-220.2980

G1X248.5085Y-219.2216

G1X255.8649Y-218.9570

G1X260.7691Y-219.0356

G1X265.2646Y-219.3904

G1X269.5559Y-220.0405

G1X273.9493Y-221.0280

G1 Z0F20000

(Start Block)


G1X22.9136Y-218.3827
G1Z6F20000
(Plotting speed under)
G1 F4000


G1X27.2048Y-218.0840

G1X31.7004Y-217.9046

G1X36.5024Y-217.8387

G1X41.8153Y-217.8817

G1X51.8281Y-218.1681

G1X84.7274Y-219.4572

G1X106.0813Y-220.0928

G1X129.3764Y-220.5209

G1X152.2628Y-220.6268

G1X173.7189Y-220.4371

G1X195.7880Y-219.9621

G1X220.6157Y-219.1517

G1X246.4651Y-217.9775

G1X254.2301Y-217.8421

G1X259.5430Y-218.0225

G1X264.3451Y-218.4839

G1X269.0450Y-219.2682

G1X273.9493Y-220.4254

G1 Z0F20000

(Start Block)


G1X22.9136Y-217.5693
G1Z6F20000
(Plotting speed under)
G1 F4000


G1X28.0222Y-217.1473

G1X33.3351Y-216.8769

G1X39.1589Y-216.7421

G1X45.6979Y-216.7392

G1X55.7107Y-216.9172

G1X90.2447Y-217.8750

G1X113.4376Y-218.3885

G1X134.5872Y-218.6616

G1X155.1237Y-218.7017

G1X172.1863Y-218.5612

G1X190.1685Y-218.2580

G1X215.8136Y-217.6329

G1X241.7652Y-216.8263

G1X250.3476Y-216.7317

G1X256.7844Y-216.9500

G1X262.5060Y-217.5002

G1X267.9211Y-218.4128

G1X273.9493Y-219.8452

G1 Z0F20000

(Start Block)


G1X22.9136Y-216.8105
G1Z6F20000
(Plotting speed under)
G1 F4000


G1X28.3287Y-216.3019

G1X33.9481Y-215.9435

G1X40.0784Y-215.7174

G1X46.9239Y-215.6178

G1X61.7388Y-215.7149

G1X118.3419Y-216.6467

G1X148.3803Y-216.8349

G1X163.8082Y-216.7843

G1X180.0535Y-216.6280

G1X235.6349Y-215.6768

G1X245.5455Y-215.6229

G1X249.7346Y-215.7075

G1X253.5149Y-215.8794

G1X256.9887Y-216.1432

G1X260.2582Y-216.5037

G1X263.4256Y-216.9692

G1X266.5929Y-217.5525

G1X273.9493Y-219.2703

G1 Z0F20000

(Start Block)


G1X22.9136Y-216.0976
G1Z6F20000
(Plotting speed under)
G1 F4000


G1X29.6569Y-215.4299

G1X36.8089Y-214.9558

G1X44.5740Y-214.6615

G1X53.6672Y-214.5179

G1X68.8908Y-214.5285

G1X121.2027Y-214.9838

G1X148.3803Y-215.0843

G1X175.9667Y-214.9816

G1X228.3807Y-214.5194

G1X239.6196Y-214.5208

G1X244.9325Y-214.6218

G1X249.5302Y-214.8115

G1X253.7193Y-215.1034

G1X257.6018Y-215.5042

G1X261.2799Y-216.0185

G1X264.9581Y-216.6694

G1X273.9493Y-218.6820

G1 Z0F20000

(Start Block)


G1X22.9136Y-215.4207
G1Z6F20000
(Plotting speed under)
G1 F4000


G1X31.0873Y-214.5962

G1X39.7719Y-214.0149

G1X49.4782Y-213.6452

G1X61.1258Y-213.4477

G1X82.6840Y-213.3865

G1X148.8912Y-213.5426

G1X213.4636Y-213.3873

G1X232.1610Y-213.4379

G1X239.0066Y-213.5564

G1X244.7282Y-213.7615

G1X249.8367Y-214.0756

G1X254.4345Y-214.5047

G1X258.6235Y-215.0432

G1X262.8125Y-215.7333

G1X273.9493Y-218.0604

G1 Z0F20000

(Start Block)


G1X22.9136Y-214.7686
G1Z6F20000
(Plotting speed under)
G1 F4000


G1X32.4156Y-213.8192

G1X42.3262Y-213.1590

G1X53.5651Y-212.7245

G1X67.5626Y-212.4638

G1X88.2013Y-212.3234

G1X120.6918Y-212.2719

G1X192.3141Y-212.2845

G1X223.4765Y-212.4155

G1X232.2632Y-212.5517

G1X239.3131Y-212.7674

G1X245.4433Y-213.0918

G1X250.8584Y-213.5366

G1X255.5583Y-214.0780

G1X260.2582Y-214.7809

G1X273.9493Y-217.3855

G1 Z0F20000

(Start Block)


G1X22.9136Y-214.1293
G1Z6F20000
(Plotting speed under)
G1 F4000


G1X33.3351Y-213.1221

G1X44.1653Y-212.4129

G1X56.3237Y-211.9391

G1X71.3429Y-211.6396

G1X100.5640Y-211.4069

G1X140.2066Y-211.3030

G1X181.9948Y-211.3500

G1X216.1201Y-211.5403

G1X226.4395Y-211.6869

G1X234.5110Y-211.9064

G1X241.3565Y-212.2266

G1X247.3846Y-212.6659

G1X252.4932Y-213.1911

G1X257.4996Y-213.8618

G1X273.9493Y-216.6381

G1 Z0F20000

(Start Block)


G1X22.9136Y-213.4906
G1Z6F20000
(Plotting speed under)
G1 F4000


G1X33.8459Y-212.4958

G1X44.9827Y-211.7913

G1X57.3454Y-211.3127

G1X72.3646Y-211.0075

G1X102.7096Y-210.7542

G1X140.6153Y-210.6338

G1X177.2949Y-210.6793

G1X212.3397Y-210.8789

G1X222.9656Y-211.0172

G1X231.2415Y-211.2240

G1X238.2913Y-211.5254

G1X244.6260Y-211.9449

G1X249.6324Y-212.4065

G1X254.6388Y-212.9990

G1X269.2493Y-215.2286

G1X273.9493Y-215.8003

G1 Z0F20000

(Start Block)


G1X22.9136Y-212.8402
G1Z6F20000
(Plotting speed under)
G1 F4000


G1X34.1525Y-211.9082

G1X45.1870Y-211.2576

G1X57.2432Y-210.8142

G1X71.4451Y-210.5409

G1X100.0531Y-210.3364

G1X140.2066Y-210.2269

G1X176.7840Y-210.2628

G1X212.6463Y-210.4263

G1X229.8111Y-210.7201

G1X236.4523Y-210.9847

G1X242.5826Y-211.3559

G1X251.4715Y-212.1719

G1X267.9211Y-214.3313

G1X271.0884Y-214.6637

G1X273.9493Y-214.8571

G1 Z0F20000

(Start Block)


G1X22.9136Y-212.1660
G1Z6F20000
(Plotting speed under)
G1 F4000


G1X34.0503Y-211.3523

G1X44.6761Y-210.7878

G1X56.0172Y-210.4069

G1X68.9930Y-210.1837

G1X87.2817Y-210.0803

G1X134.8937Y-210.0139

G1X214.8940Y-210.1075

G1X229.1981Y-210.3284

G1X240.6413Y-210.8309

G1X250.4498Y-211.6250

G1X267.1037Y-213.4628

G1X270.7819Y-213.7212

G1X273.9493Y-213.7967

G1 Z0F20000

(Start Block)


G1X22.9136Y-211.4570
G1Z6F20000
(Plotting speed under)
G1 F4000


G1X33.7438Y-210.7881

G1X43.7566Y-210.3306

G1X54.1781Y-210.0279

G1X65.6213Y-209.8629

G1X217.4483Y-209.8389

G1X228.7894Y-209.9837

G1X238.2913Y-210.3192

G1X247.7933Y-210.9306

G1X265.4690Y-212.4854

G1X269.9645Y-212.6751

G1X273.9493Y-212.6118

G1 Z0F20000

(Start Block)


G1X22.9136Y-210.7027
G1Z6F20000
(Plotting speed under)
G1 F4000


G1X33.2329Y-210.1900

G1X42.3262Y-209.8500

G1X51.7260Y-209.6254

G1X61.8410Y-209.5107

G1X146.3369Y-209.7646

G1X219.3896Y-209.5483

G1X229.9133Y-209.6571

G1X239.1087Y-209.9454

G1X246.8738Y-210.3641

G1X260.3604Y-211.3025

G1X264.8559Y-211.5187

G1X269.6581Y-211.5495

G1X273.9493Y-211.2997

G1 Z0F20000

(Start Block)


G1X22.9136Y-209.8945
G1Z6F20000
(Plotting speed under)
G1 F4000


G1X42.5305Y-209.2583

G1X51.8281Y-209.1147

G1X61.8410Y-209.0674

G1X112.9268Y-209.4107

G1X143.3739Y-209.5039

G1X173.5146Y-209.4584

G1X215.3027Y-209.1916

G1X225.8264Y-209.1921

G1X239.0066Y-209.4468

G1X257.8061Y-210.3061

G1X263.8342Y-210.4555

G1X269.1472Y-210.3240

G1X273.9493Y-209.8633

G1 Z0F20000

(Start Block)


G1X22.9136Y-209.0249
G1Z6F20000
(Plotting speed under)
G1 F4000


G1X39.0567Y-208.6488

G1X53.8716Y-208.5177

G1X67.4604Y-208.5605

G1X109.6573Y-208.9088

G1X141.8413Y-209.0105

G1X177.8058Y-208.9544

G1X224.9069Y-208.6690

G1X236.7588Y-208.7844

G1X254.4345Y-209.2701

G1X260.2582Y-209.3421

G1X264.1407Y-209.2721

G1X267.6146Y-209.0828

G1X270.8841Y-208.7616

G1X273.9493Y-208.3109

G1 Z0F20000

(Start Block)


G1X22.9136Y-208.0885
G1Z6F20000
(Plotting speed under)
G1 F4000


G1X38.1372Y-207.8765

G1X51.4195Y-207.8200

G1X118.4440Y-208.1807

G1X176.9884Y-208.1835

G1X226.5416Y-207.9816

G1X255.4562Y-208.2251

G1X260.8713Y-208.1135

G1X265.5712Y-207.8298

G1X269.8624Y-207.3513

G1X273.9493Y-206.6560

G1 Z0F20000

(Start Block)


G1X22.9136Y-207.0814
G1Z6F20000
(Plotting speed under)
G1 F4000


G1X45.5957Y-206.9746

G1X89.9382Y-207.1147

G1X147.3586Y-207.0369

G1X249.7346Y-207.0968

G1X257.2953Y-206.9262

G1X263.3234Y-206.5413

G1X268.7385Y-205.8901

G1X273.9493Y-204.9176

G1 Z0F20000

(Start Block)


G1X22.9136Y-206.0020
G1Z6F20000
(Plotting speed under)
G1 F4000


G1X75.1233Y-205.9763

G1X125.0852Y-205.5796

G1X147.1543Y-205.4982

G1X170.6537Y-205.5723

G1X217.5505Y-205.9474

G1X244.0130Y-205.9154

G1X253.6171Y-205.6814

G1X260.9734Y-205.1996

G1X264.3451Y-204.8329

G1X267.6146Y-204.3658

G1X270.7819Y-203.7987

G1X273.9493Y-203.1185

G1 Z0F20000

(Start Block)


G1X22.9136Y-204.8502
G1Z6F20000
(Plotting speed under)
G1 F4000


G1X46.5152Y-204.8634

G1X65.1104Y-204.7587

G1X120.1810Y-203.8330

G1X146.1325Y-203.6266

G1X173.6167Y-203.7920

G1X221.2287Y-204.5845

G1X231.8546Y-204.6395

G1X241.0500Y-204.5795

G1X251.2671Y-204.2880

G1X255.5583Y-204.0354

G1X259.4409Y-203.7052

G1X263.1190Y-203.2810

G1X266.6950Y-202.7479

G1X270.2711Y-202.0884

G1X273.9493Y-201.2854

G1 Z0F20000

(Start Block)


G1X22.9136Y-203.6279
G1Z6F20000
(Plotting speed under)
G1 F4000


G1X41.6110Y-203.6277

G1X59.1845Y-203.4316

G1X73.6929Y-203.1033

G1X116.1963Y-201.8740

G1X130.9090Y-201.6092

G1X144.9065Y-201.4980

G1X159.8235Y-201.5426

G1X175.2515Y-201.7604

G1X223.3743Y-203.0161

G1X232.3654Y-203.0994

G1X240.3348Y-203.0441

G1X250.2454Y-202.7127

G1X254.6388Y-202.4226

G1X258.6235Y-202.0532

G1X262.4038Y-201.5909

G1X266.0820Y-201.0251

G1X269.8624Y-200.3231

G1X273.9493Y-199.4470

G1 Z0F20000

(Start Block)


G1X22.9136Y-202.3386
G1Z6F20000
(Plotting speed under)
G1 F4000


G1X38.9545Y-202.2926

G1X54.6890Y-202.0086

G1X68.7886Y-201.5500

G1X97.7032Y-200.3240

G1X112.2116Y-199.7987

G1X128.0482Y-199.3998

G1X143.3739Y-199.2208

G1X157.7801Y-199.2494

G1X172.3907Y-199.4717

G1X189.3511Y-199.9543

G1X222.2504Y-201.2017

G1X231.9567Y-201.3737

G1X240.6413Y-201.3284

G1X249.8367Y-200.9834

G1X254.0258Y-200.6861

G1X258.0105Y-200.2997

G1X261.7908Y-199.8275

G1X265.4690Y-199.2641

G1X273.9493Y-197.6331

G1 Z0F20000

(Start Block)


G1X22.9136Y-200.9874
G1Z6F20000
(Plotting speed under)
G1 F4000


G1X36.7068Y-200.8797

G1X50.3978Y-200.5300

G1X63.8844Y-199.9615

G1X93.0033Y-198.3915

G1X107.8182Y-197.7143

G1X124.7787Y-197.1769

G1X141.4326Y-196.9236

G1X157.8823Y-196.9436

G1X174.2298Y-197.2295

G1X191.7011Y-197.8226

G1X223.7830Y-199.3067

G1X232.9784Y-199.5122

G1X241.2543Y-199.4742

G1X249.7346Y-199.1361

G1X257.4996Y-198.4762

G1X264.8559Y-197.4856

G1X273.9493Y-195.8735

G1 Z0F20000

(Start Block)


G1X22.9136Y-199.5804
G1Z6F20000
(Plotting speed under)
G1 F4000


G1X36.5024Y-199.3622

G1X50.2956Y-198.8399

G1X62.1475Y-198.1827

G1X90.5512Y-196.3609

G1X106.7965Y-195.5421

G1X122.3265Y-195.0208

G1X138.3675Y-194.7444

G1X157.3714Y-194.7344

G1X175.9667Y-195.0581

G1X193.9489Y-195.7130

G1X225.5199Y-197.3421

G1X234.3067Y-197.5611

G1X242.1739Y-197.5239

G1X249.8367Y-197.2113

G1X257.0909Y-196.6113

G1X263.9364Y-195.7568

G1X273.9493Y-194.1959

G1 Z0F20000

(Start Block)


G1X22.9136Y-198.1251
G1Z6F20000
(Plotting speed under)
G1 F4000


G1X34.7655Y-197.8316

G1X46.9239Y-197.2595

G1X57.6519Y-196.5671

G1X82.6840Y-194.7362

G1X96.1706Y-193.9254

G1X108.6356Y-193.3777

G1X121.6113Y-193.0035

G1X134.5872Y-192.7970

G1X148.4825Y-192.7268

G1X162.3778Y-192.7981

G1X175.3537Y-193.0058

G1X185.6730Y-193.2891

G1X195.5836Y-193.6772

G1X226.4395Y-195.3219

G1X232.9784Y-195.5267

G1X238.9044Y-195.5837

G1X246.9759Y-195.4108

G1X254.7410Y-194.9230

G1X261.6886Y-194.2090

G1X273.9493Y-192.6250

G1 Z0F20000

(Start Block)


G1X22.9136Y-196.6294
G1Z6F20000
(Plotting speed under)
G1 F4000


G1X33.0286Y-196.2806

G1X43.5522Y-195.6931

G1X52.9520Y-195.0137

G1X75.4298Y-193.2089

G1X87.6904Y-192.3903

G1X100.1553Y-191.7910

G1X113.5398Y-191.3928

G1X127.7417Y-191.1778

G1X145.1108Y-191.0907

G1X163.8082Y-191.1354

G1X179.1340Y-191.3109

G1X189.3511Y-191.5441

G1X198.8531Y-191.8772

G1X228.6872Y-193.3823

G1X234.4088Y-193.5501

G1X239.7218Y-193.6016

G1X246.8738Y-193.4748

G1X253.9236Y-193.1018

G1X259.6452Y-192.6220

G1X273.9493Y-191.1816

G1 Z0F20000

(Start Block)


G1X22.9136Y-195.1018
G1Z6F20000
(Plotting speed under)
G1 F4000


G1X31.3938Y-194.7212

G1X40.2828Y-194.1508

G1X68.0734Y-191.8185

G1X79.0058Y-191.0243

G1X90.5512Y-190.4219

G1X102.8118Y-190.0482

G1X112.8246Y-189.9019

G1X125.0852Y-189.8437

G1X171.6755Y-189.8435

G1X186.6947Y-189.9298

G1X201.6117Y-190.2484

G1X229.1981Y-191.4540

G1X235.2262Y-191.6264

G1X240.7435Y-191.6797

G1X246.7716Y-191.5958

G1X252.7997Y-191.3499

G1X258.3170Y-190.9929

G1X269.2493Y-190.1294

G1X273.9493Y-189.8811

G1 Z0F20000

(Start Block)


G1X22.9136Y-193.5513
G1Z6F20000
(Plotting speed under)
G1 F4000


G1X29.7591Y-193.1715

G1X37.1155Y-192.6431

G1X61.2279Y-190.5035

G1X70.9342Y-189.7518

G1X81.4579Y-189.1655

G1X92.2881Y-188.8329

G1X107.6139Y-188.7327

G1X149.7086Y-189.0302

G1X186.2860Y-188.7468

G1X197.6271Y-188.7441

G1X210.3985Y-188.9693

G1X232.9784Y-189.7484

G1X241.6630Y-189.8645

G1X250.9606Y-189.6991

G1X267.8189Y-188.8468

G1X273.9493Y-188.7329

G1 Z0F20000

(Start Block)


G1X22.9136Y-191.9866
G1Z6F20000
(Plotting speed under)
G1 F4000


G1X34.1525Y-191.1681

G1X54.8933Y-189.2459

G1X63.6801Y-188.5310

G1X73.3864Y-187.9633

G1X82.9905Y-187.6705

G1X90.1425Y-187.6134

G1X98.0097Y-187.6748

G1X131.3177Y-188.4449

G1X148.1760Y-188.6122

G1X164.6256Y-188.4617

G1X192.7228Y-187.7870

G1X203.3486Y-187.6263

G1X214.6897Y-187.6714

G1X233.8980Y-188.1051

G1X241.8673Y-188.1945

G1X250.6541Y-188.1009

G1X266.7972Y-187.6279

G1X270.6798Y-187.6279

G1X273.9493Y-187.7402

G1 Z0F20000

(Start Block)


G1X22.9136Y-190.4163
G1Z6F20000
(Plotting speed under)
G1 F4000


G1X31.2917Y-189.7368

G1X49.2739Y-188.0117

G1X57.3454Y-187.3313

G1X66.3365Y-186.7881

G1X75.1233Y-186.5290

G1X82.2753Y-186.5126

G1X90.0403Y-186.6576

G1X127.4351Y-188.1707

G1X137.6523Y-188.4311

G1X147.3586Y-188.5274

G1X157.3714Y-188.4613

G1X167.6908Y-188.2254

G1X177.8058Y-187.8583

G1X200.8965Y-186.8527

G1X213.0549Y-186.5371

G1X222.0461Y-186.5083

G1X243.8086Y-186.7011

G1X264.7538Y-186.5032

G1X269.6581Y-186.6135

G1X273.9493Y-186.8997

G1 Z0F20000

(Start Block)


G1X22.9136Y-188.8484
G1Z6F20000
(Plotting speed under)
G1 F4000


G1X45.0848Y-186.7196

G1X52.0325Y-186.1267

G1X60.4105Y-185.6178

G1X68.3799Y-185.3992

G1X76.5537Y-185.4491

G1X85.6470Y-185.7750

G1X121.6113Y-187.9615

G1X134.3828Y-188.3645

G1X146.1325Y-188.5239

G1X160.1300Y-188.4141

G1X175.2515Y-187.9615

G1X207.1290Y-185.9973

G1X214.3832Y-185.6656

G1X221.5352Y-185.4696

G1X230.9350Y-185.3871

G1X260.8713Y-185.4180

G1X268.0233Y-185.6583

G1X271.0884Y-185.8883

G1X273.9493Y-186.2018

G1 Z0F20000

(Start Block)


G1X22.9136Y-187.2905
G1Z6F20000
(Plotting speed under)
G1 F4000


G1X40.0784Y-185.5700

G1X47.4348Y-184.9277

G1X55.0976Y-184.4637

G1X62.4540Y-184.2773

G1X70.3212Y-184.3749

G1X78.8015Y-184.7787

G1X87.7926Y-185.4389

G1X106.8986Y-187.0814

G1X120.7940Y-187.9238

G1X133.0546Y-188.3327

G1X144.6000Y-188.5160

G1X159.6192Y-188.4237

G1X175.7623Y-187.9391

G1X189.8620Y-187.0890

G1X206.2095Y-185.6889

G1X213.9745Y-185.1092

G1X221.4330Y-184.7011

G1X229.0959Y-184.4515

G1X244.6260Y-184.3090

G1X259.0322Y-184.4392

G1X263.3234Y-184.5980

G1X267.2059Y-184.8459

G1X270.6798Y-185.1848

G1X273.9493Y-185.6312

G1 Z0F20000

(Start Block)


G1X22.9136Y-185.7493
G1Z6F20000
(Plotting speed under)
G1 F4000


G1X37.4219Y-184.2539

G1X45.6979Y-183.5737

G1X53.7694Y-183.2064

G1X61.5344Y-183.1998

G1X67.7669Y-183.4405

G1X74.5103Y-183.9094

G1X82.2753Y-184.6371

G1X98.1119Y-186.3274

G1X106.7965Y-187.0738

G1X114.2550Y-187.5541

G1X121.4070Y-187.9530

G1X131.3177Y-188.2873

G1X140.7175Y-188.4783

G1X149.8107Y-188.5268

G1X157.8823Y-188.4534

G1X166.1582Y-188.2703

G1X175.3537Y-187.9573

G1X181.1774Y-187.6392

G1X189.5555Y-187.1113

G1X195.5836Y-186.6063

G1X211.9311Y-184.9673

G1X219.0831Y-184.3449

G1X226.5416Y-183.8676

G1X234.3067Y-183.5668

G1X247.2824Y-183.4184

G1X253.4127Y-183.4822

G1X258.6235Y-183.6333

G1X263.0169Y-183.8675

G1X266.8994Y-184.1912

G1X270.4754Y-184.6156

G1X273.9493Y-185.1674

G1 Z0F20000

(Start Block)


G1X22.9136Y-184.2308
G1Z6F20000
(Plotting speed under)
G1 F4000


G1X34.8677Y-182.9793

G1X42.8370Y-182.3502

G1X50.3978Y-182.0613

G1X57.7541Y-182.1353

G1X63.5779Y-182.4423

G1X69.8104Y-182.9781

G1X77.0645Y-183.7941

G1X91.1642Y-185.5877

G1X97.8054Y-186.2989

G1X107.3073Y-187.1113

G1X118.4440Y-187.7966

G1X124.9830Y-188.0872

G1X136.4263Y-188.4081

G1X147.1543Y-188.5270

G1X156.9627Y-188.4672

G1X167.0777Y-188.2437

G1X175.6601Y-187.9439

G1X184.8556Y-187.4160

G1X190.3729Y-187.0501

G1X199.3640Y-186.2704

G1X216.2223Y-184.3773

G1X223.1700Y-183.6992

G1X230.6285Y-183.1642

G1X238.0870Y-182.8419

G1X243.6043Y-182.7307

G1X249.0194Y-182.7220

G1X254.1279Y-182.8141

G1X258.8278Y-183.0069

G1X262.9147Y-183.2857

G1X266.7972Y-183.6735

G1X270.4754Y-184.1754

G1X273.9493Y-184.7860

G1 Z0F20000

(Start Block)


G1X22.9136Y-182.7400
G1Z6F20000
(Plotting speed under)
G1 F4000


G1X33.0286Y-181.6840

G1X40.4871Y-181.1363

G1X47.4348Y-180.9332

G1X54.2803Y-181.0809

G1X59.3888Y-181.4156

G1X64.9061Y-181.9640

G1X71.2407Y-182.7725

G1X85.2383Y-184.8270

G1X90.4490Y-185.5047

G1X97.6010Y-186.2794

G1X106.1834Y-187.0252

G1X121.8157Y-187.9695

G1X133.5654Y-188.3452

G1X144.3956Y-188.5146

G1X155.8388Y-188.4822

G1X167.5886Y-188.2285

G1X175.8645Y-187.9341

G1X188.4316Y-187.1881

G1X199.9770Y-186.2083

G1X206.4138Y-185.5227

G1X220.4113Y-183.8058

G1X226.2351Y-183.1949

G1X233.4893Y-182.6232

G1X240.6413Y-182.2863

G1X245.4433Y-182.1876

G1X250.2454Y-182.1941

G1X254.7410Y-182.3051

G1X259.0322Y-182.5222

G1X263.0169Y-182.8410

G1X266.7972Y-183.2675

G1X270.3733Y-183.7976

G1X273.9493Y-184.4596

G1 Z0F20000

(Start Block)


G1X22.9136Y-181.2808
G1Z6F20000
(Plotting speed under)
G1 F4000


G1X31.5982Y-180.3952

G1X38.5458Y-179.9379

G1X45.0848Y-179.8234

G1X51.5216Y-180.0586

G1X56.5280Y-180.4757

G1X61.8410Y-181.1104

G1X67.7669Y-181.9890

G1X84.9317Y-184.7830

G1X90.6534Y-185.5294

G1X97.2945Y-186.2494

G1X107.0008Y-187.0890

G1X117.6267Y-187.7510

G1X126.2091Y-188.1299

G1X133.5654Y-188.2935

G1X150.0151Y-188.3681

G1X165.6473Y-188.2636

G1X175.2515Y-187.9615

G1X181.2796Y-187.6332

G1X190.0663Y-187.0738

G1X199.6705Y-186.2400

G1X206.4138Y-185.5227

G1X223.0678Y-183.4218

G1X230.1176Y-182.6609

G1X236.6566Y-182.1491

G1X242.9912Y-181.8577

G1X247.2824Y-181.7814

G1X251.5736Y-181.8090

G1X255.6605Y-181.9409

G1X259.5430Y-182.1732

G1X263.2212Y-182.5020

G1X266.7972Y-182.9347

G1X270.3733Y-183.4869

G1X273.9493Y-184.1591

G1 Z0F20000

(Start Block)


G1X22.9136Y-179.8564
G1Z6F20000
(Plotting speed under)
G1 F4000


G1X30.4743Y-179.1215

G1X36.8089Y-178.7638

G1X42.8370Y-178.7316

G1X48.7630Y-179.0302

G1X53.6672Y-179.5175

G1X58.9802Y-180.2529

G1X64.2931Y-181.1439

G1X80.3340Y-184.0465

G1X85.7491Y-184.8903

G1X90.6534Y-185.5294

G1X97.4989Y-186.2657

G1X103.6291Y-186.7289

G1X110.6790Y-187.0755

G1X118.5462Y-187.2764

G1X128.6612Y-187.3518

G1X171.2668Y-187.3434

G1X180.7687Y-187.2310

G1X188.7381Y-186.9707

G1X197.6271Y-186.4136

G1X205.9029Y-185.5799

G1X211.8289Y-184.8705

G1X225.0090Y-183.1289

G1X232.2632Y-182.3266

G1X239.1087Y-181.7893

G1X245.6477Y-181.5191

G1X253.1062Y-181.5364

G1X260.2582Y-181.9238

G1X267.0016Y-182.6732

G1X273.9493Y-183.8549

G1 Z0F20000

(Start Block)


G1X22.9136Y-178.4689
G1Z6F20000
(Plotting speed under)
G1 F4000


G1X29.4526Y-177.8781

G1X35.2764Y-177.6114

G1X40.7936Y-177.6541

G1X46.2087Y-178.0025

G1X50.8064Y-178.5271

G1X55.7107Y-179.2826

G1X60.6149Y-180.1846

G1X75.1233Y-183.0572

G1X79.9254Y-183.8862

G1X84.4209Y-184.5523

G1X89.7338Y-185.1872

G1X95.0467Y-185.6571

G1X100.6662Y-185.9878

G1X106.5921Y-186.1776

G1X117.1158Y-186.2222

G1X137.8566Y-185.9130

G1X147.5629Y-185.8449

G1X158.0866Y-185.9020

G1X181.4839Y-186.2337

G1X188.1251Y-186.2126

G1X193.9489Y-186.0773

G1X200.9987Y-185.7181

G1X207.9464Y-185.1311

G1X214.2810Y-184.4214

G1X228.2785Y-182.6583

G1X235.1240Y-181.9427

G1X241.4587Y-181.4816

G1X247.4868Y-181.2665

G1X254.2301Y-181.3201

G1X260.7691Y-181.7024

G1X267.2059Y-182.4215

G1X273.9493Y-183.5181

G1 Z0F20000

(Start Block)


G1X22.9136Y-177.1195
G1Z6F20000
(Plotting speed under)
G1 F4000


G1X28.7374Y-176.6499

G1X33.9481Y-176.4793

G1X38.9545Y-176.5891

G1X43.9609Y-176.9850

G1X48.2521Y-177.5405

G1X52.8499Y-178.3221

G1X70.4234Y-182.0242

G1X78.5971Y-183.4724

G1X83.1948Y-184.0910

G1X87.7926Y-184.5561

G1X92.4925Y-184.8788

G1X97.4989Y-185.0693

G1X102.8118Y-185.1255

G1X108.6356Y-185.0536

G1X134.7915Y-184.1486

G1X148.3803Y-183.9505

G1X161.9691Y-184.1458

G1X188.4316Y-185.0580

G1X194.4597Y-185.1258

G1X199.9770Y-185.0546

G1X206.1073Y-184.7897

G1X212.4419Y-184.3040

G1X218.1635Y-183.7144

G1X231.1393Y-182.2099

G1X237.4740Y-181.6021

G1X243.2978Y-181.2174

G1X248.9172Y-181.0462

G1X255.1496Y-181.1192

G1X261.1778Y-181.4759

G1X267.2059Y-182.1184

G1X273.9493Y-183.1218

G1 Z0F20000

(Start Block)


G1X22.9136Y-175.8085
G1Z6F20000
(Plotting speed under)
G1 F4000


G1X28.0222Y-175.4559

G1X32.7221Y-175.3670

G1X37.2176Y-175.5298

G1X41.8153Y-175.9576

G1X45.8000Y-176.5296

G1X50.0912Y-177.3214

G1X66.3365Y-180.9918

G1X73.5907Y-182.3867

G1X77.6776Y-182.9935

G1X81.7644Y-183.4549

G1X85.8513Y-183.7714

G1X90.1425Y-183.9579

G1X95.7619Y-184.0053

G1X101.8922Y-183.8545

G1X108.5334Y-183.5280

G1X124.3700Y-182.5198

G1X132.0329Y-182.1078

G1X140.4109Y-181.8120

G1X148.4825Y-181.7153

G1X156.5540Y-181.8145

G1X164.9321Y-182.1125

G1X172.5950Y-182.5260

G1X188.2273Y-183.5221

G1X194.6641Y-183.8425

G1X200.5900Y-183.9994

G1X206.0051Y-183.9803

G1X211.3180Y-183.7892

G1X216.9375Y-183.4104

G1X233.7958Y-181.7416

G1X239.6196Y-181.2492

G1X245.0347Y-180.9389

G1X250.1433Y-180.8129

G1X255.7627Y-180.8877

G1X261.3821Y-181.1995

G1X267.1037Y-181.7514

G1X273.9493Y-182.6419

G1 Z0F20000

(Start Block)


G1X22.9136Y-174.5358
G1Z6F20000
(Plotting speed under)
G1 F4000


G1X27.4092Y-174.2875

G1X31.5982Y-174.2711

G1X35.7872Y-174.4886

G1X39.9762Y-174.9449

G1X43.6544Y-175.5289

G1X47.6391Y-176.3237

G1X62.5562Y-179.9162

G1X69.2995Y-181.3098

G1X72.9777Y-181.9014

G1X76.6559Y-182.3552

G1X80.3340Y-182.6681

G1X84.1144Y-182.8485

G1X89.9382Y-182.8764

G1X96.2728Y-182.6290

G1X103.2205Y-182.1304

G1X120.2831Y-180.5745

G1X128.8656Y-179.9116

G1X138.2653Y-179.4252

G1X147.2564Y-179.2418

G1X156.6562Y-179.3613

G1X166.2603Y-179.8008

G1X175.5580Y-180.4870

G1X195.9923Y-182.3179

G1X201.5096Y-182.6755

G1X206.5160Y-182.8623

G1X212.3397Y-182.8770

G1X218.2657Y-182.6640

G1X223.9873Y-182.2801

G1X240.1304Y-180.9458

G1X245.2390Y-180.6662

G1X250.0411Y-180.5367

G1X255.5583Y-180.5748

G1X261.0756Y-180.8241

G1X266.5929Y-181.2694

G1X273.9493Y-182.0579

G1 Z0F20000

(Start Block)


G1X22.9136Y-173.3001
G1Z6F20000
(Plotting speed under)
G1 F4000


G1X26.8983Y-173.1436

G1X30.6786Y-173.1932

G1X34.4590Y-173.4528

G1X38.2393Y-173.9229

G1X41.7132Y-174.5261

G1X45.3913Y-175.3141

G1X59.2867Y-178.8597

G1X65.4170Y-180.2103

G1X68.8908Y-180.8105

G1X72.2625Y-181.2580

G1X75.6342Y-181.5668

G1X79.0058Y-181.7393

G1X82.1731Y-181.7848

G1X85.5448Y-181.7217

G1X93.0033Y-181.2530

G1X99.9510Y-180.5414

G1X118.4440Y-178.3475

G1X129.1721Y-177.3642

G1X138.6740Y-176.8298

G1X147.9716Y-176.6438

G1X153.2846Y-176.6896

G1X158.5975Y-176.8457

G1X164.0126Y-177.1171

G1X169.4277Y-177.4978

G1X179.5427Y-178.4699

G1X200.5900Y-180.9348

G1X206.1073Y-181.4146

G1X211.1137Y-181.6889

G1X216.5288Y-181.7849

G1X222.2504Y-181.6668

G1X227.6655Y-181.3927

G1X242.4804Y-180.4301

G1X247.1803Y-180.2356

G1X251.5736Y-180.1568

G1X256.3757Y-180.2020

G1X261.2799Y-180.3932

G1X266.1842Y-180.7134

G1X273.9493Y-181.3535

G1 Z0F20000

(Start Block)


G1X22.9136Y-172.0999
G1Z6F20000
(Plotting speed under)
G1 F4000


G1X26.3874Y-172.0238

G1X29.7591Y-172.1251

G1X33.1307Y-172.4091

G1X36.6046Y-172.8905

G1X39.7719Y-173.4828

G1X43.2457Y-174.2727

G1X56.3237Y-177.7903

G1X62.0453Y-179.1238

G1X65.2126Y-179.7067

G1X68.3799Y-180.1565

G1X71.4451Y-180.4577

G1X74.6124Y-180.6305

G1X77.7797Y-180.6690

G1X81.1514Y-180.5756

G1X84.6253Y-180.3539

G1X88.4056Y-179.9944

G1X95.1489Y-179.1392

G1X114.2550Y-176.3560

G1X120.2831Y-175.6223

G1X126.0048Y-175.0485

G1X131.5220Y-174.6182

G1X137.0393Y-174.3106

G1X142.6587Y-174.1220

G1X148.2782Y-174.0572

G1X154.4085Y-174.1267

G1X160.4366Y-174.3387

G1X166.4647Y-174.6959

G1X172.4928Y-175.1995

G1X177.8058Y-175.7614

G1X183.4252Y-176.4645

G1X204.9834Y-179.5507

G1X210.3985Y-180.1319

G1X215.5071Y-180.4952

G1X220.7178Y-180.6607

G1X226.2351Y-180.6281

G1X244.9325Y-179.8210

G1X253.1062Y-179.6658

G1X261.3821Y-179.8397

G1X273.9493Y-180.5169

G1 Z0F20000

(Start Block)


G1X22.9136Y-170.9331
G1Z6F20000
(Plotting speed under)
G1 F4000


G1X25.9787Y-170.9253

G1X29.0439Y-171.0761

G1X32.1090Y-171.3910

G1X35.1742Y-171.8657

G1X38.1372Y-172.4631

G1X41.4067Y-173.2537

G1X53.5651Y-176.6920

G1X58.9802Y-178.0241

G1X62.0453Y-178.6197

G1X64.9061Y-179.0496

G1X67.7669Y-179.3492

G1X70.7299Y-179.5202

G1X73.7951Y-179.5529

G1X76.9624Y-179.4442

G1X80.3340Y-179.1891

G1X84.0122Y-178.7754

G1X90.5512Y-177.7951

G1X109.7594Y-174.4957

G1X116.1963Y-173.5831

G1X122.3265Y-172.8759

G1X128.6612Y-172.3179

G1X135.0980Y-171.9237

G1X141.7392Y-171.6858

G1X148.4825Y-171.6073

G1X155.6345Y-171.6984

G1X162.5822Y-171.9646

G1X169.3255Y-172.4043

G1X175.8645Y-173.0151

G1X181.4839Y-173.6897

G1X187.3077Y-174.5272

G1X203.8595Y-177.3419

G1X209.1724Y-178.1693

G1X214.6897Y-178.8555

G1X219.9004Y-179.2934

G1X224.9069Y-179.5114

G1X230.2198Y-179.5526

G1X247.5890Y-179.1046

G1X254.8432Y-179.0404

G1X260.9734Y-179.1376

G1X273.9493Y-179.5417

G1 Z0F20000

(Start Block)


G1X22.9136Y-169.7973
G1Z6F20000
(Plotting speed under)
G1 F4000


G1X25.6722Y-169.8489

G1X28.3287Y-170.0323

G1X31.0873Y-170.3637

G1X33.8459Y-170.8333

G1X36.6046Y-171.4282

G1X39.5676Y-172.1836

G1X51.1130Y-175.6013

G1X56.2215Y-176.9214

G1X59.0823Y-177.5083

G1X61.8410Y-177.9464

G1X64.5996Y-178.2487

G1X67.3582Y-178.4118

G1X70.3212Y-178.4352

G1X73.3864Y-178.3052

G1X76.5537Y-178.0246

G1X80.0275Y-177.5744

G1X86.1578Y-176.5211

G1X99.1336Y-173.9050

G1X105.2639Y-172.7613

G1X111.9051Y-171.7027

G1X118.3419Y-170.8847

G1X125.1874Y-170.2384

G1X132.4416Y-169.7787

G1X140.2066Y-169.5006

G1X148.4825Y-169.4061

G1X156.8606Y-169.5055

G1X164.8299Y-169.7991

G1X172.1863Y-170.2792

G1X179.2361Y-170.9653

G1X185.0599Y-171.7174

G1X190.9859Y-172.6539

G1X207.7420Y-175.8456

G1X213.2593Y-176.8028

G1X218.7766Y-177.5650

G1X224.1917Y-178.0771

G1X228.8916Y-178.3313

G1X234.0001Y-178.4387

G1X254.1279Y-178.2552

G1X273.9493Y-178.4256

G1 Z0F20000

(Start Block)


G1X22.9136Y-168.6897
G1Z6F20000
(Plotting speed under)
G1 F4000


G1X25.3657Y-168.7899

G1X27.7156Y-169.0004

G1X30.1678Y-169.3392

G1X32.6199Y-169.7942

G1X37.9328Y-171.1188

G1X48.9673Y-174.5297

G1X53.7694Y-175.8254

G1X56.5280Y-176.4170

G1X59.1845Y-176.8555

G1X61.7388Y-177.1451

G1X64.2931Y-177.3008

G1X67.1539Y-177.3184

G1X70.0147Y-177.1795

G1X72.9777Y-176.8874

G1X76.2472Y-176.4172

G1X82.0710Y-175.3000

G1X94.8424Y-172.4035

G1X100.8705Y-171.1480

G1X107.5117Y-169.9855

G1X114.0507Y-169.0973

G1X121.2027Y-168.4045

G1X128.9677Y-167.9291

G1X137.8566Y-167.6439

G1X148.0738Y-167.5426

G1X158.3931Y-167.6320

G1X167.4864Y-167.9107

G1X175.3537Y-168.3807

G1X182.6078Y-169.0736

G1X188.5338Y-169.8599

G1X194.4597Y-170.8522

G1X199.8748Y-171.9147

G1X211.6246Y-174.3976

G1X217.3461Y-175.4640

G1X223.0678Y-176.3026

G1X228.7894Y-176.8716

G1X234.5110Y-177.1876

G1X241.2543Y-177.3212

G1X266.7972Y-177.3269

G1X273.9493Y-177.1714

G1 Z0F20000

(Start Block)


G1X22.9136Y-167.6072
G1Z6F20000
(Plotting speed under)
G1 F4000


G1X25.3657Y-167.7716

G1X27.8178Y-168.0678

G1X30.2699Y-168.4922

G1X32.9264Y-169.0852

G1X37.6263Y-170.4079

G1X48.0478Y-173.7665

G1X52.9520Y-175.0575

G1X57.3454Y-175.8397

G1X59.4910Y-176.0689

G1X61.6366Y-176.1928

G1X64.2931Y-176.2019

G1X67.0517Y-176.0501

G1X69.9125Y-175.7356

G1X72.9777Y-175.2469

G1X78.5971Y-174.0523

G1X90.6534Y-171.0189

G1X96.5793Y-169.6578

G1X102.9139Y-168.4509

G1X109.2486Y-167.5349

G1X116.1963Y-166.8464

G1X123.7570Y-166.4048

G1X132.5437Y-166.1668

G1X144.4978Y-166.0790

G1X159.7214Y-166.1132

G1X169.7342Y-166.2861

G1X178.1123Y-166.6658

G1X185.4686Y-167.2889

G1X191.5989Y-168.0746

G1X197.7292Y-169.1214

G1X203.2465Y-170.2559

G1X215.4049Y-172.9738

G1X221.5352Y-174.1646

G1X227.5633Y-175.0639

G1X233.6936Y-175.6693

G1X241.5609Y-176.0591

G1X252.0845Y-176.1933

G1X265.7755Y-176.1282

G1X270.1689Y-176.0006

G1X273.9493Y-175.7862

G1 Z0F20000

(Start Block)


G1X22.9136Y-166.5470
G1Z6F20000
(Plotting speed under)
G1 F4000


G1X25.1614Y-166.7530

G1X27.4092Y-167.0775

G1X29.7591Y-167.5380

G1X32.1090Y-168.1115

G1X36.4002Y-169.3899

G1X46.0044Y-172.6148

G1X50.7042Y-173.9161

G1X52.9520Y-174.3911

G1X55.0976Y-174.7373

G1X57.2432Y-174.9709

G1X59.2867Y-175.0855

G1X61.9431Y-175.0778

G1X64.5996Y-174.9009

G1X67.3582Y-174.5545

G1X70.3212Y-174.0245

G1X75.5320Y-172.7999

G1X86.3622Y-169.8095

G1X91.2664Y-168.5533

G1X96.5793Y-167.3903

G1X101.6879Y-166.5028

G1X107.2051Y-165.8013

G1X112.9268Y-165.3280

G1X119.1592Y-165.0496

G1X126.5156Y-164.9406

G1X148.2782Y-165.0299

G1X171.5733Y-164.9470

G1X178.2144Y-165.0648

G1X184.0382Y-165.3344

G1X191.2924Y-165.9800

G1X198.2401Y-166.9881

G1X204.9834Y-168.3181

G1X217.5505Y-171.2251

G1X222.8635Y-172.3485

G1X228.7894Y-173.3701

G1X234.7153Y-174.1016

G1X238.9044Y-174.4510

G1X243.3999Y-174.6970

G1X254.1279Y-174.9218

G1X260.2582Y-174.9026

G1X265.5712Y-174.7915

G1X269.9645Y-174.5921

G1X273.9493Y-174.2806

G1 Z0F20000

(Start Block)


G1X22.9136Y-165.5057
G1Z6F20000
(Plotting speed under)
G1 F4000


G1X24.9570Y-165.7439

G1X27.0005Y-166.0860

G1X31.2917Y-167.1141

G1X35.1523Y-168.3221

G1X44.1653Y-171.4680

G1X48.6608Y-172.7729

G1X50.8064Y-173.2525

G1X52.9520Y-173.6189

G1X55.0976Y-173.8627

G1X57.1411Y-173.9766

G1X59.6954Y-173.9568

G1X62.2496Y-173.7640

G1X64.9061Y-173.3961

G1X67.7669Y-172.8358

G1X72.7733Y-171.5530

G1X82.5818Y-168.6110

G1X86.9752Y-167.3793

G1X91.5729Y-166.2623

G1X95.9663Y-165.3964

G1X100.5640Y-164.7119

G1X105.2639Y-164.2351

G1X110.2703Y-163.9434

G1X115.6854Y-163.8275

G1X122.0200Y-163.8736

G1X138.4697Y-164.2880

G1X147.1543Y-164.3957

G1X156.9627Y-164.3160

G1X177.9079Y-163.8324

G1X183.7317Y-163.8600

G1X188.8403Y-164.0486

G1X192.3141Y-164.2910

G1X195.5836Y-164.6167

G1X202.1226Y-165.5687

G1X208.4572Y-166.8373

G1X220.7178Y-169.7240

G1X226.1329Y-170.8892

G1X232.1610Y-171.9435

G1X238.0870Y-172.6875

G1X242.2760Y-173.0468

G1X246.6694Y-173.2974

G1X251.5736Y-173.4536

G1X256.6822Y-173.5035

G1X261.6886Y-173.4472

G1X266.1842Y-173.2909

G1X270.2711Y-173.0310

G1X273.9493Y-172.6684

G1 Z0F20000

(Start Block)


G1X22.9136Y-164.4804
G1Z6F20000
(Plotting speed under)
G1 F4000


G1X26.5918Y-165.0897

G1X30.4743Y-166.0909

G1X34.1087Y-167.2822

G1X42.5524Y-170.3405

G1X46.8218Y-171.6342

G1X48.9673Y-172.1363

G1X51.0108Y-172.5012

G1X53.0542Y-172.7457

G1X55.0976Y-172.8645

G1X57.5498Y-172.8403

G1X60.0019Y-172.6406

G1X62.5562Y-172.2613

G1X65.3148Y-171.6822

G1X70.1168Y-170.3607

G1X79.4145Y-167.3608

G1X83.2970Y-166.1862

G1X87.3839Y-165.1050

G1X91.2664Y-164.2612

G1X95.2511Y-163.5957

G1X99.2358Y-163.1298

G1X103.4248Y-162.8371

G1X107.9204Y-162.7146

G1X112.0072Y-162.7404

G1X116.6050Y-162.8825

G1X137.9588Y-163.9451

G1X147.9716Y-164.1375

G1X153.7954Y-164.0861

G1X159.9257Y-163.9073

G1X183.2209Y-162.7795

G1X188.7381Y-162.7130

G1X193.7445Y-162.8491

G1X199.8748Y-163.3450

G1X206.0051Y-164.2372

G1X211.9311Y-165.4286

G1X223.8852Y-168.2473

G1X229.3003Y-169.4111

G1X235.2262Y-170.4466

G1X241.1521Y-171.1923

G1X245.2390Y-171.5439

G1X249.4281Y-171.7824

G1X253.8214Y-171.9163

G1X258.3170Y-171.9409

G1X262.6082Y-171.8566

G1X266.6950Y-171.6638

G1X270.4754Y-171.3653

G1X273.9493Y-170.9661

G1 Z0F20000

(Start Block)


G1X22.9136Y-163.4679
G1Z6F20000
(Plotting speed under)
G1 F4000


G1X26.2853Y-164.1090

G1X29.8613Y-165.1037

G1X33.1599Y-166.2377

G1X41.0344Y-169.1943

G1X45.1870Y-170.5056

G1X47.3326Y-171.0279

G1X49.3760Y-171.4036

G1X51.4195Y-171.6487

G1X53.3607Y-171.7552

G1X55.7107Y-171.7180

G1X58.0606Y-171.5052

G1X60.5127Y-171.1106

G1X63.1692Y-170.5107

G1X67.7669Y-169.1552

G1X80.0275Y-165.0007

G1X83.7057Y-163.9518

G1X87.1795Y-163.1303

G1X90.6534Y-162.4891

G1X94.1272Y-162.0298

G1X97.8054Y-161.7311

G1X101.5857Y-161.6036

G1X106.1834Y-161.6518

G1X111.3942Y-161.9073

G1X129.1721Y-163.3676

G1X136.3241Y-163.8456

G1X141.4326Y-164.0502

G1X148.1760Y-164.1378

G1X156.4519Y-164.0239

G1X161.9691Y-163.7641

G1X168.7125Y-163.2869

G1X182.4035Y-162.1256

G1X188.2273Y-161.7513

G1X193.5402Y-161.5987

G1X198.3423Y-161.6857

G1X203.8595Y-162.1076

G1X209.5811Y-162.9220

G1X215.2006Y-164.0347

G1X226.9503Y-166.7660

G1X232.2632Y-167.8894

G1X238.0870Y-168.8908

G1X243.9108Y-169.6113

G1X247.6911Y-169.9307

G1X251.5736Y-170.1461

G1X255.5583Y-170.2560

G1X259.5430Y-170.2567

G1X263.4256Y-170.1482

G1X267.1037Y-169.9349

G1X270.5776Y-169.6197

G1X273.9493Y-169.1917

G1 Z0F20000

(Start Block)


G1X22.9136Y-162.4654
G1Z6F20000
(Plotting speed under)
G1 F4000


G1X25.9787Y-163.1216

G1X29.2482Y-164.0935

G1X32.3061Y-165.1914

G1X39.7062Y-168.0671

G1X43.6544Y-169.3641

G1X45.6979Y-169.8866

G1X47.7413Y-170.2822

G1X49.7847Y-170.5376

G1X51.7260Y-170.6438

G1X53.9738Y-170.5989

G1X56.2215Y-170.3793

G1X58.5715Y-169.9770

G1X61.1258Y-169.3653

G1X65.6067Y-167.9625

G1X77.1667Y-163.8004

G1X80.5384Y-162.7763

G1X83.7057Y-161.9747

G1X86.7708Y-161.3638

G1X89.9382Y-160.9069

G1X93.1055Y-160.6215

G1X96.4771Y-160.4907

G1X101.1770Y-160.5631

G1X106.3878Y-160.9090

G1X112.0072Y-161.4825

G1X124.8809Y-163.0098

G1X131.7263Y-163.5573

G1X139.6957Y-164.0019

G1X148.2782Y-164.1379

G1X156.8606Y-164.0121

G1X163.8082Y-163.6482

G1X171.8798Y-163.0204

G1X185.3664Y-161.4262

G1X191.3946Y-160.8367

G1X197.3205Y-160.5124

G1X202.6335Y-160.5417

G1X207.8442Y-160.9214

G1X213.1571Y-161.6621

G1X218.4700Y-162.6894

G1X229.7089Y-165.2306

G1X234.9197Y-166.3031

G1X240.7435Y-167.2757

G1X246.3629Y-167.9460

G1X249.9389Y-168.2332

G1X253.5149Y-168.4154

G1X257.0909Y-168.4953

G1X260.6669Y-168.4723

G1X264.1407Y-168.3474

G1X267.5124Y-168.1214

G1X270.7819Y-167.7938

G1X273.9493Y-167.3646

G1 Z0F20000

(Start Block)


G1X22.9136Y-161.4700
G1Z6F20000
(Plotting speed under)
G1 F4000


G1X25.6722Y-162.1247

G1X28.6060Y-163.0479

G1X31.4522Y-164.1097

G1X38.4729Y-166.9298

G1X42.3262Y-168.2427

G1X44.3696Y-168.7830

G1X46.4130Y-169.1873

G1X48.3543Y-169.4318

G1X50.2956Y-169.5330

G1X52.4412Y-169.4763

G1X54.6890Y-169.2326

G1X56.9367Y-168.8147

G1X59.2867Y-168.2152

G1X63.5195Y-166.8170

G1X74.4300Y-162.6615

G1X77.5754Y-161.6433

G1X80.5384Y-160.8413

G1X83.3992Y-160.2304

G1X86.2600Y-159.7863

G1X89.1208Y-159.5062

G1X92.0838Y-159.3782

G1X96.7837Y-159.4716

G1X101.9944Y-159.9081

G1X107.5117Y-160.6201

G1X117.2180Y-162.1026

G1X125.6982Y-163.0865

G1X132.4416Y-163.6069

G1X138.1632Y-163.9389

G1X142.9652Y-164.0841

G1X148.3803Y-164.1379

G1X158.0866Y-163.9660

G1X163.2974Y-163.6816

G1X169.1211Y-163.2540

G1X172.1863Y-162.9879

G1X179.4405Y-162.1296

G1X189.7598Y-160.5690

G1X195.5836Y-159.8474

G1X201.4074Y-159.4261

G1X206.7203Y-159.4110

G1X211.5224Y-159.7402

G1X216.5288Y-160.4105

G1X221.5352Y-161.3400

G1X232.3654Y-163.6866

G1X237.4740Y-164.6937

G1X242.9912Y-165.5772

G1X248.4063Y-166.1952

G1X255.0475Y-166.5998

G1X261.5865Y-166.6153

G1X267.9211Y-166.2469

G1X270.9863Y-165.9198

G1X273.9493Y-165.5042

G1 Z0F20000

(Start Block)


G1X22.9136Y-160.4792
G1Z6F20000
(Plotting speed under)
G1 F4000


G1X25.4679Y-161.1467

G1X28.1317Y-162.0367

G1X37.3344Y-165.7857

G1X41.1001Y-167.1160

G1X43.1436Y-167.6751

G1X45.0848Y-168.0721

G1X47.0261Y-168.3234

G1X48.8652Y-168.4198

G1X50.9086Y-168.3629

G1X53.0542Y-168.1221

G1X55.3020Y-167.6857

G1X57.6519Y-167.0530

G1X61.8118Y-165.5994

G1X71.9632Y-161.5250

G1X74.9190Y-160.5113

G1X77.6776Y-159.7173

G1X80.3340Y-159.1112

G1X82.8883Y-158.6826

G1X85.5448Y-158.3969

G1X88.2013Y-158.2670

G1X92.7990Y-158.3708

G1X97.8054Y-158.8642

G1X102.4031Y-159.5584

G1X110.7812Y-161.0980

G1X115.7876Y-161.8892

G1X124.5743Y-162.9766

G1X132.9524Y-163.6414

G1X140.2066Y-164.0182

G1X148.4825Y-164.1379

G1X156.7584Y-164.0152

G1X163.2974Y-163.6816

G1X171.1646Y-163.0865

G1X180.2579Y-162.0145

G1X186.0817Y-161.1034

G1X194.3575Y-159.6000

G1X198.8531Y-158.9291

G1X203.8595Y-158.4237

G1X208.4572Y-158.2561

G1X213.5658Y-158.4445

G1X218.9809Y-159.0527

G1X224.1917Y-159.9435

G1X235.0219Y-162.1548

G1X239.9261Y-163.0641

G1X245.2390Y-163.8609

G1X250.3476Y-164.4007

G1X256.3757Y-164.7289

G1X262.4038Y-164.7103

G1X268.2276Y-164.3447

G1X273.9493Y-163.6299

G1 Z0F20000

(Start Block)


G1X22.9136Y-159.4906
G1Z6F20000
(Plotting speed under)
G1 F4000


G1X25.1614Y-160.1264

G1X27.6573Y-161.0025

G1X36.3857Y-164.6760

G1X39.9762Y-165.9870

G1X42.0197Y-166.5654

G1X43.9609Y-166.9719

G1X45.8000Y-167.2134

G1X47.6391Y-167.3075

G1X49.6825Y-167.2364

G1X51.7260Y-166.9851

G1X53.8716Y-166.5417

G1X56.1193Y-165.9039

G1X60.1041Y-164.4433

G1X69.8760Y-160.3343

G1X72.5690Y-159.3656

G1X75.1233Y-158.5900

G1X77.5754Y-157.9959

G1X79.9254Y-157.5737

G1X82.3775Y-157.2879

G1X84.8296Y-157.1550

G1X87.0774Y-157.1587

G1X89.3251Y-157.2714

G1X94.3315Y-157.8480

G1X98.8271Y-158.6447

G1X106.3878Y-160.2654

G1X110.3725Y-161.0249

G1X117.7288Y-162.1675

G1X124.7787Y-162.9989

G1X128.5590Y-163.3195

G1X135.7111Y-163.8116

G1X141.5348Y-164.0527

G1X149.2999Y-164.1365

G1X157.0649Y-164.0055

G1X163.8082Y-163.6482

G1X171.7776Y-163.0308

G1X179.6449Y-162.1027

G1X185.8773Y-161.1377

G1X190.5772Y-160.2597

G1X197.9335Y-158.7215

G1X202.6335Y-157.9142

G1X207.2312Y-157.3738

G1X211.5224Y-157.1518

G1X216.5288Y-157.2661

G1X221.8417Y-157.7943

G1X226.9503Y-158.5995

G1X237.3718Y-160.5768

G1X242.0717Y-161.3870

G1X247.1803Y-162.0971

G1X252.0845Y-162.5691

G1X257.6018Y-162.8280

G1X263.1190Y-162.7828

G1X268.5341Y-162.4290

G1X273.9493Y-161.7600

G1 Z0F20000

(Start Block)


G1X22.9136Y-158.5018
G1Z6F20000
(Plotting speed under)
G1 F4000


G1X24.9059Y-159.1079

G1X27.1829Y-159.9441

G1X35.5318Y-163.5689

G1X39.0567Y-164.8914

G1X40.9980Y-165.4559

G1X42.8370Y-165.8536

G1X44.6761Y-166.1028

G1X46.5152Y-166.1947

G1X48.4565Y-166.1182

G1X50.4999Y-165.8499

G1X52.5433Y-165.4033

G1X54.6890Y-164.7652

G1X58.4912Y-163.3108

G1X67.8837Y-159.1841

G1X70.4453Y-158.2195

G1X72.8755Y-157.4467

G1X75.1233Y-156.8745

G1X77.3711Y-156.4490

G1X79.6188Y-156.1726

G1X81.8666Y-156.0420

G1X84.0122Y-156.0460

G1X86.1578Y-156.1651

G1X88.5078Y-156.4129

G1X90.9599Y-156.7832

G1X95.4554Y-157.6867

G1X102.5053Y-159.4115

G1X106.4900Y-160.2863

G1X110.9855Y-161.1328

G1X117.3201Y-162.1162

G1X124.8809Y-163.0098

G1X129.3764Y-163.3834

G1X136.8349Y-163.8728

G1X142.7609Y-164.0800

G1X150.1172Y-164.1327

G1X157.4736Y-163.9908

G1X164.5234Y-163.6000

G1X172.3907Y-162.9652

G1X179.6449Y-162.1027

G1X186.3882Y-161.0498

G1X191.3946Y-160.0913

G1X201.3052Y-157.8223

G1X206.1073Y-156.8998

G1X210.3985Y-156.3294

G1X214.4854Y-156.0587

G1X219.3896Y-156.1034

G1X224.6004Y-156.5500

G1X229.6068Y-157.2642

G1X244.1151Y-159.7076

G1X248.9172Y-160.3148

G1X253.5149Y-160.7130

G1X258.7257Y-160.9196

G1X263.8342Y-160.8534

G1X268.8407Y-160.5212

G1X273.9493Y-159.9116

G1 Z0F20000

(Start Block)


G1X22.9136Y-157.5110
G1Z6F20000
(Plotting speed under)
G1 F4000


G1X24.8111Y-158.1318

G1X26.8034Y-158.9006

G1X34.6779Y-162.4265

G1X38.1882Y-163.7844

G1X40.0784Y-164.3489

G1X41.9175Y-164.7543

G1X43.7566Y-165.0018

G1X45.4935Y-165.0815

G1X47.3326Y-165.0003

G1X49.2739Y-164.7342

G1X51.2151Y-164.2958

G1X53.3607Y-163.6340

G1X57.0681Y-162.1565

G1X66.0811Y-158.0307

G1X68.4529Y-157.0977

G1X70.7299Y-156.3368

G1X72.8755Y-155.7608

G1X75.0211Y-155.3323

G1X77.0645Y-155.0647

G1X79.2102Y-154.9293

G1X81.2536Y-154.9326

G1X83.3992Y-155.0644

G1X85.5448Y-155.3140

G1X87.8947Y-155.7040

G1X92.0838Y-156.6327

G1X99.4401Y-158.6395

G1X105.2639Y-160.0237

G1X110.6790Y-161.0802

G1X117.0136Y-162.0742

G1X124.8809Y-163.0098

G1X130.0916Y-163.4380

G1X137.9588Y-163.9293

G1X143.8848Y-164.1006

G1X152.8759Y-164.1022

G1X160.7431Y-163.8345

G1X171.4711Y-163.0599

G1X179.3383Y-162.1425

G1X186.0817Y-161.1034

G1X191.2924Y-160.1128

G1X195.7880Y-159.1184

G1X204.6769Y-156.8611

G1X208.6616Y-156.0107

G1X213.0549Y-155.3296

G1X217.3461Y-154.9745

G1X222.1483Y-154.9536

G1X227.2568Y-155.3177

G1X232.0589Y-155.9229

G1X246.0564Y-158.0352

G1X250.6541Y-158.5506

G1X254.9453Y-158.8726

G1X259.7474Y-159.0251

G1X264.4473Y-158.9476

G1X269.1472Y-158.6409

G1X273.9493Y-158.1000

G1 Z0F20000

(Start Block)


G1X22.9136Y-156.5162
G1Z6F20000
(Plotting speed under)
G1 F4000


G1X26.5188Y-157.8749

G1X33.7292Y-161.2056

G1X36.8600Y-162.4863

G1X38.5458Y-163.0447

G1X40.1806Y-163.4723

G1X41.8153Y-163.7733

G1X43.3479Y-163.9313

G1X45.3913Y-163.9475

G1X47.4348Y-163.7418

G1X49.4782Y-163.3257

G1X51.6603Y-162.6737

G1X55.4552Y-161.1446

G1X64.6580Y-156.7823

G1X67.1247Y-155.7942

G1X69.4016Y-155.0369

G1X71.5473Y-154.4811

G1X73.5907Y-154.1042

G1X75.6342Y-153.8788

G1X77.7797Y-153.8017

G1X79.6188Y-153.8591

G1X81.4579Y-154.0215

G1X85.4426Y-154.6834

G1X89.4273Y-155.6685

G1X98.2140Y-158.3095

G1X102.6074Y-159.4355

G1X106.4900Y-160.2863

G1X110.3725Y-161.0249

G1X116.8093Y-162.0447

G1X125.0852Y-163.0308

G1X133.1568Y-163.6549

G1X140.0023Y-164.0121

G1X148.5847Y-164.1379

G1X156.9627Y-164.0088

G1X163.8082Y-163.6482

G1X171.7776Y-163.0308

G1X179.9514Y-162.0598

G1X186.3882Y-161.0498

G1X194.2554Y-159.4718

G1X198.6488Y-158.4153

G1X207.4355Y-155.9924

G1X211.5224Y-155.0436

G1X215.8136Y-154.3119

G1X219.9004Y-153.9106

G1X224.6004Y-153.8118

G1X229.7089Y-154.0882

G1X234.5110Y-154.6083

G1X247.9976Y-156.3915

G1X252.2889Y-156.8062

G1X256.2735Y-157.0577

G1X260.6669Y-157.1644

G1X265.0603Y-157.0807

G1X269.4537Y-156.8052

G1X273.9493Y-156.3385

G1 Z0F20000

(Start Block)


G1X22.9136Y-155.5160
G1Z6F20000
(Plotting speed under)
G1 F4000


G1X25.9496Y-156.7036

G1X33.4446Y-160.2502

G1X37.0498Y-161.6947

G1X39.0567Y-162.2830

G1X40.8958Y-162.6497

G1X42.7349Y-162.8337

G1X44.4718Y-162.8322

G1X46.1065Y-162.6753

G1X47.7413Y-162.3732

G1X49.4782Y-161.9056

G1X51.2808Y-161.2793

G1X54.6014Y-159.8371

G1X63.0451Y-155.6766

G1X65.5118Y-154.6493

G1X67.7669Y-153.8754

G1X70.2190Y-153.2443

G1X72.5690Y-152.8607

G1X75.0211Y-152.6936

G1X77.4732Y-152.7548

G1X80.5384Y-153.1203

G1X83.8079Y-153.8049

G1X87.4860Y-154.8421

G1X95.2511Y-157.4333

G1X98.9293Y-158.5065

G1X102.5053Y-159.4115

G1X106.0813Y-160.2011

G1X112.1094Y-161.3153

G1X117.1158Y-162.0886

G1X121.9179Y-162.6702

G1X125.2896Y-163.0505

G1X129.9894Y-163.4303

G1X139.5936Y-163.9983

G1X149.4020Y-164.1362

G1X157.3714Y-163.9946

G1X165.4430Y-163.5355

G1X171.9820Y-163.0098

G1X181.2796Y-161.8583

G1X186.6947Y-160.9931

G1X190.8837Y-160.1975

G1X195.4814Y-159.1917

G1X201.8161Y-157.5594

G1X210.2963Y-155.0529

G1X214.2810Y-154.0688

G1X218.3679Y-153.3132

G1X222.4547Y-152.8529

G1X227.1547Y-152.6886

G1X232.1610Y-152.8820

G1X236.8609Y-153.3066

G1X249.7346Y-154.7629

G1X253.8214Y-155.0953

G1X257.6018Y-155.2882

G1X261.6886Y-155.3546

G1X265.6733Y-155.2691

G1X269.6581Y-155.0367

G1X273.9493Y-154.6382

G1 Z0F20000

(Start Block)


G1X22.9136Y-154.5088
G1Z6F20000
(Plotting speed under)
G1 F4000


G1X26.2342Y-155.8934

G1X33.3497Y-159.3572

G1X36.2981Y-160.5525

G1X38.2393Y-161.1455

G1X40.0784Y-161.5293

G1X41.9175Y-161.7204

G1X43.6544Y-161.7157

G1X45.2892Y-161.5469

G1X46.9239Y-161.2251

G1X48.5295Y-160.7711

G1X50.3321Y-160.1181

G1X53.5578Y-158.6612

G1X61.5271Y-154.5907

G1X63.8990Y-153.5599

G1X66.0300Y-152.7926

G1X68.2778Y-152.1752

G1X70.5255Y-151.7721

G1X72.7733Y-151.5881

G1X75.1233Y-151.6229

G1X76.8602Y-151.7880

G1X78.5971Y-152.0601

G1X82.3775Y-152.9631

G1X86.0046Y-154.1222

G1X92.2662Y-156.4283

G1X95.0467Y-157.3676

G1X98.5206Y-158.3958

G1X101.9944Y-159.2873

G1X106.3878Y-160.2654

G1X110.3725Y-161.0249

G1X117.3201Y-162.1162

G1X124.9830Y-163.0204

G1X129.3764Y-163.3443

G1X164.4212Y-163.3740

G1X168.6103Y-163.2899

G1X174.7406Y-162.6944

G1X180.4622Y-161.9836

G1X186.0817Y-161.1034

G1X190.1685Y-160.3402

G1X195.3793Y-159.2157

G1X200.7944Y-157.8407

G1X205.0856Y-156.5983

G1X211.9311Y-154.4241

G1X215.9158Y-153.3332

G1X220.3091Y-152.4085

G1X224.6004Y-151.8352

G1X229.1981Y-151.5838

G1X234.3067Y-151.6800

G1X239.0066Y-152.0125

G1X251.6758Y-153.1968

G1X259.0322Y-153.5781

G1X262.7104Y-153.6085

G1X266.2864Y-153.5264

G1X269.9645Y-153.3308

G1X273.9493Y-153.0077

G1 Z0F20000

(Start Block)


G1X22.9136Y-153.4936
G1Z6F20000
(Plotting speed under)
G1 F4000


G1X25.6649Y-154.6745

G1X32.0215Y-157.8639

G1X34.9625Y-159.1638

G1X36.6046Y-159.7462

G1X38.1372Y-160.1693

G1X39.6697Y-160.4603

G1X41.1001Y-160.6032

G1X42.9392Y-160.5976

G1X44.7783Y-160.3792

G1X46.6174Y-159.9584

G1X48.6243Y-159.2927

G1X50.3321Y-158.5825

G1X52.2295Y-157.6755

G1X60.4835Y-153.3381

G1X62.6656Y-152.3710

G1X64.7018Y-151.6237

G1X66.5408Y-151.0986

G1X68.3799Y-150.7280

G1X70.2190Y-150.5165

G1X72.0581Y-150.4628

G1X73.8972Y-150.5605

G1X75.8385Y-150.8158

G1X77.8819Y-151.2346

G1X80.0275Y-151.8152

G1X84.1071Y-153.2113

G1X92.6457Y-156.5640

G1X95.8641Y-157.6259

G1X99.3379Y-158.6132

G1X102.6074Y-159.4355

G1X106.6943Y-160.3273

G1X110.9855Y-161.1328

G1X116.9114Y-162.0449

G1X120.7940Y-162.2200

G1X125.6982Y-162.2671

G1X142.4544Y-161.9691

G1X150.0151Y-161.9292

G1X168.3038Y-162.2407

G1X173.5146Y-162.2623

G1X177.2949Y-162.1842

G1X180.0535Y-162.0348

G1X186.1838Y-161.0859

G1X191.7011Y-160.0264

G1X198.0357Y-158.5721

G1X202.3269Y-157.4150

G1X206.7203Y-156.0833

G1X214.0767Y-153.6266

G1X218.1635Y-152.4430

G1X222.6591Y-151.4345

G1X226.9503Y-150.8067

G1X231.5480Y-150.4938

G1X236.6566Y-150.5129

G1X241.2543Y-150.7572

G1X253.5149Y-151.6695

G1X260.4626Y-151.9328

G1X267.0016Y-151.8595

G1X273.9493Y-151.4534

G1 Z0F20000

(Start Block)


G1X22.9136Y-152.4691
G1Z6F20000
(Plotting speed under)
G1 F4000


G1X25.4752Y-153.6118

G1X31.6420Y-156.7858

G1X34.4882Y-158.0705

G1X36.0062Y-158.6221

G1X37.5241Y-159.0535

G1X39.0567Y-159.3508

G1X40.4871Y-159.4931

G1X42.2240Y-159.4833

G1X44.0631Y-159.2550

G1X45.9022Y-158.8139

G1X47.7705Y-158.1698

G1X51.1859Y-156.5960

G1X59.2502Y-152.2255

G1X61.3374Y-151.2675

G1X63.2349Y-150.5413

G1X65.0083Y-150.0082

G1X66.7452Y-149.6351

G1X68.4821Y-149.4149

G1X70.3212Y-149.3484

G1X71.9559Y-149.4281

G1X73.5907Y-149.6304

G1X75.3276Y-149.9681

G1X77.1667Y-150.4468

G1X81.1660Y-151.8195

G1X91.1277Y-155.9944

G1X95.2511Y-157.4333

G1X98.6227Y-158.4240

G1X102.6074Y-159.4355

G1X107.2051Y-160.4284

G1X109.4529Y-160.7584

G1X114.3572Y-161.0896

G1X119.9766Y-161.1412

G1X125.1874Y-160.9907

G1X140.2066Y-160.3278

G1X149.8107Y-160.1959

G1X158.0866Y-160.3762

G1X173.9232Y-161.0712

G1X179.9514Y-161.1495

G1X184.0382Y-161.0260

G1X187.7164Y-160.7441

G1X190.4750Y-160.2801

G1X195.0728Y-159.2870

G1X200.3857Y-157.9509

G1X204.9834Y-156.6297

G1X208.7710Y-155.4063

G1X215.8136Y-152.9330

G1X220.1048Y-151.6171

G1X224.7025Y-150.5126

G1X229.1981Y-149.7932

G1X233.1828Y-149.4506

G1X237.5761Y-149.3482

G1X242.2760Y-149.4709

G1X254.0258Y-150.1341

G1X260.0539Y-150.3402

G1X266.6950Y-150.3103

G1X273.9493Y-149.9793

G1 Z0F20000

(Start Block)


G1X22.9136Y-151.4346
G1Z6F20000
(Plotting speed under)
G1 F4000


G1X25.7598Y-152.7690

G1X31.6420Y-155.8736

G1X34.0138Y-156.9548

G1X35.5829Y-157.5360

G1X37.0133Y-157.9479

G1X38.4437Y-158.2325

G1X39.8741Y-158.3798

G1X41.6110Y-158.3667

G1X43.3479Y-158.1433

G1X45.0848Y-157.7195

G1X47.0115Y-157.0396

G1X50.3637Y-155.4441

G1X58.1117Y-151.1169

G1X60.1041Y-150.1708

G1X62.0015Y-149.4192

G1X63.6801Y-148.8974

G1X65.4170Y-148.5126

G1X67.0517Y-148.3004

G1X68.7886Y-148.2346

G1X70.6277Y-148.3387

G1X72.5690Y-148.6289

G1X74.6124Y-149.1130

G1X76.7070Y-149.7690

G1X80.5019Y-151.2583

G1X90.3688Y-155.6372

G1X93.2150Y-156.7421

G1X95.7619Y-157.5946

G1X98.5206Y-158.3883

G1X100.7683Y-158.9083

G1X103.4248Y-159.3850

G1X106.0813Y-159.7216

G1X110.8833Y-160.0178

G1X116.2984Y-159.9764

G1X121.5092Y-159.6951

G1X138.0610Y-158.4848

G1X143.6804Y-158.2544

G1X149.0955Y-158.1920

G1X153.4889Y-158.2625

G1X158.0866Y-158.4464

G1X177.2949Y-159.8159

G1X181.4839Y-160.0024

G1X185.1621Y-160.0358

G1X188.5338Y-159.9220

G1X191.8033Y-159.6507

G1X195.1749Y-159.1848

G1X197.6271Y-158.6737

G1X202.2248Y-157.4442

G1X206.8225Y-156.0503

G1X209.1505Y-155.2735

G1X217.4045Y-152.2674

G1X221.9439Y-150.8067

G1X226.7460Y-149.5877

G1X231.4459Y-148.7834

G1X235.7371Y-148.3783

G1X240.3348Y-148.2350

G1X244.9325Y-148.3018

G1X255.6605Y-148.7308

G1X261.0756Y-148.8579

G1X267.1037Y-148.8264

G1X273.9493Y-148.5872

G1 Z0F20000

(Start Block)


G1X22.9136Y-150.3894
G1Z6F20000
(Plotting speed under)
G1 F4000


G1X25.6586Y-151.7208

G1X31.1676Y-154.7031

G1X33.5394Y-155.8180

G1X35.0720Y-156.4034

G1X36.5024Y-156.8286

G1X37.9328Y-157.1206

G1X39.3632Y-157.2686

G1X40.9980Y-157.2540

G1X42.7349Y-157.0243

G1X44.4718Y-156.5845

G1X46.2525Y-155.9368

G1X47.8653Y-155.2055

G1X49.5668Y-154.3191

G1X57.1819Y-149.9483

G1X59.1553Y-148.9922

G1X60.9579Y-148.2659

G1X62.5562Y-147.7609

G1X64.1909Y-147.3921

G1X65.8256Y-147.1787

G1X67.4604Y-147.1217

G1X69.2995Y-147.2387

G1X71.1386Y-147.5347

G1X73.0798Y-148.0212

G1X75.0941Y-148.6852

G1X78.7942Y-150.2157

G1X88.2815Y-154.6541

G1X91.0329Y-155.7757

G1X93.6163Y-156.6863

G1X96.0685Y-157.4067

G1X98.4184Y-157.9601

G1X100.7683Y-158.3806

G1X103.2205Y-158.6845

G1X107.8182Y-158.9243

G1X113.0289Y-158.7845

G1X118.2397Y-158.3589

G1X130.3981Y-157.0163

G1X136.3241Y-156.4686

G1X142.6587Y-156.0912

G1X148.7890Y-155.9762

G1X154.1019Y-156.0864

G1X159.5170Y-156.3900

G1X165.6473Y-156.9296

G1X180.9731Y-158.5663

G1X185.5708Y-158.8620

G1X189.5555Y-158.9221

G1X192.9272Y-158.7843

G1X196.0945Y-158.4697

G1X199.2618Y-157.9610

G1X202.4291Y-157.2575

G1X205.2899Y-156.4665

G1X208.2967Y-155.5013

G1X219.2071Y-151.5034

G1X223.7830Y-149.9818

G1X228.7894Y-148.6576

G1X231.2415Y-148.1646

G1X233.6936Y-147.7765

G1X238.1892Y-147.3192

G1X243.0934Y-147.1300

G1X247.5890Y-147.1474

G1X262.3017Y-147.4623

G1X267.6146Y-147.4318

G1X273.9493Y-147.2771

G1 Z0F20000

(Start Block)


G1X22.9136Y-149.3327
G1Z6F20000
(Plotting speed under)
G1 F4000


G1X25.4752Y-150.6113

G1X30.7944Y-153.5600

G1X33.2548Y-154.7411

G1X34.6779Y-155.2939

G1X36.0937Y-155.7226

G1X37.5241Y-156.0168

G1X38.8524Y-156.1547

G1X40.2828Y-156.1518

G1X41.7132Y-155.9913

G1X43.1436Y-155.6784

G1X44.6397Y-155.1993

G1X46.2525Y-154.5289

G1X48.0551Y-153.6258

G1X55.4110Y-149.2855

G1X57.1630Y-148.3510

G1X58.7758Y-147.6000

G1X60.7171Y-146.8681

G1X62.5562Y-146.3727

G1X64.2931Y-146.0955

G1X66.1322Y-146.0075

G1X67.8691Y-146.1139

G1X69.7082Y-146.4143

G1X71.5473Y-146.8891

G1X73.5761Y-147.5839

G1X77.1813Y-149.1459

G1X86.3840Y-153.6636

G1X88.9456Y-154.7575

G1X91.4123Y-155.6679

G1X93.7185Y-156.3754

G1X95.9663Y-156.9249

G1X98.2140Y-157.3361

G1X100.5640Y-157.6243

G1X102.8118Y-157.7743

G1X105.0596Y-157.8136

G1X109.9638Y-157.5851

G1X115.1745Y-157.0121

G1X128.1503Y-155.1277

G1X134.6893Y-154.3366

G1X141.8413Y-153.7795

G1X148.6868Y-153.6075

G1X154.7149Y-153.7626

G1X160.9474Y-154.2129

G1X167.7929Y-154.9986

G1X179.6449Y-156.7144

G1X184.2426Y-157.3005

G1X189.0446Y-157.7119

G1X193.3358Y-157.8089

G1X196.4010Y-157.6756

G1X199.3640Y-157.3641

G1X202.3269Y-156.8649

G1X205.2899Y-156.1826

G1X207.9464Y-155.4295

G1X210.8583Y-154.4770

G1X221.3892Y-150.5726

G1X225.9286Y-149.0449

G1X230.8328Y-147.7211

G1X233.2849Y-147.2101

G1X235.7371Y-146.8016

G1X240.5391Y-146.2761

G1X245.8521Y-146.0352

G1X250.4498Y-146.0117

G1X263.7321Y-146.1513

G1X273.9493Y-146.0469

G1 Z0F20000

(Start Block)


G1X22.9136Y-148.2642
G1Z6F20000
(Plotting speed under)
G1 F4000


G1X25.3044Y-149.4892

G1X30.5288Y-152.4503

G1X32.9702Y-153.6457

G1X34.3933Y-154.2062

G1X35.7872Y-154.6306

G1X37.1155Y-154.9052

G1X38.4437Y-155.0433

G1X39.8741Y-155.0335

G1X41.3045Y-154.8589

G1X42.7349Y-154.5253

G1X44.1653Y-154.0443

G1X45.7781Y-153.3463

G1X47.4416Y-152.4847

G1X54.5255Y-148.1924

G1X56.2142Y-147.2648

G1X57.8271Y-146.4901

G1X59.6297Y-145.7850

G1X61.4323Y-145.2756

G1X63.1692Y-144.9842

G1X65.0083Y-144.8943

G1X66.7452Y-145.0114

G1X68.4821Y-145.3127

G1X70.3212Y-145.8129

G1X72.2479Y-146.5062

G1X75.7582Y-148.0995

G1X84.5815Y-152.6315

G1X87.0482Y-153.7322

G1X89.4200Y-154.6443

G1X91.5729Y-155.3309

G1X93.7185Y-155.8739

G1X95.8641Y-156.2753

G1X98.1119Y-156.5489

G1X100.2575Y-156.6792

G1X102.4031Y-156.6932

G1X104.7530Y-156.5922

G1X107.2051Y-156.3773

G1X112.3137Y-155.6683

G1X125.9026Y-153.2145

G1X133.0546Y-152.1459

G1X137.0393Y-151.7027

G1X140.9218Y-151.3913

G1X144.8043Y-151.2056

G1X148.5847Y-151.1484

G1X151.9563Y-151.2011

G1X155.4302Y-151.3570

G1X162.3778Y-151.9678

G1X169.8363Y-153.0176

G1X182.6078Y-155.3004

G1X187.2055Y-156.0255

G1X192.2120Y-156.5617

G1X196.6053Y-156.6970

G1X199.4661Y-156.5721

G1X202.2248Y-156.2757

G1X204.9834Y-155.8032

G1X207.8442Y-155.1352

G1X210.3985Y-154.4019

G1X213.1352Y-153.4994

G1X223.4765Y-149.6438

G1X227.9720Y-148.1194

G1X232.8763Y-146.7778

G1X237.7805Y-145.8319

G1X242.8891Y-145.2437

G1X248.6107Y-144.9536

G1X273.9493Y-144.8932

G1 Z0F20000

(Start Block)


G1X22.9136Y-147.1836
G1Z6F20000
(Plotting speed under)
G1 F4000


G1X25.1273Y-148.3442

G1X30.3517Y-151.3676

G1X32.6856Y-152.5324

G1X34.1087Y-153.1037

G1X35.4807Y-153.5272

G1X36.8089Y-153.8022

G1X38.1372Y-153.9343

G1X39.4654Y-153.9182

G1X40.7936Y-153.7535

G1X42.1218Y-153.4450

G1X43.5960Y-152.9459

G1X45.2089Y-152.2334

G1X46.9103Y-151.3296

G1X53.8171Y-147.0393

G1X56.9732Y-145.3726

G1X58.7758Y-144.6518

G1X60.5127Y-144.1526

G1X62.2496Y-143.8606

G1X63.8844Y-143.7801

G1X65.5191Y-143.8846

G1X67.2561Y-144.1874

G1X69.0951Y-144.7024

G1X71.0145Y-145.4209

G1X74.3351Y-146.9892

G1X82.8737Y-151.5634

G1X85.2456Y-152.6693

G1X87.5225Y-153.5832

G1X89.6316Y-154.2819

G1X91.6751Y-154.8150

G1X93.7185Y-155.2047

G1X95.8641Y-155.4640

G1X98.2140Y-155.5826

G1X100.6662Y-155.5405

G1X103.2205Y-155.3419

G1X106.0813Y-154.9675

G1X110.9855Y-154.0667

G1X125.1874Y-151.0117

G1X129.5808Y-150.2282

G1X133.7698Y-149.6170

G1X137.5501Y-149.1904

G1X141.2283Y-148.8942

G1X144.9065Y-148.7177

G1X148.5847Y-148.6614

G1X152.3650Y-148.7293

G1X156.2475Y-148.9312

G1X160.1300Y-149.2660

G1X164.0126Y-149.7305

G1X167.8951Y-150.3179

G1X171.9820Y-151.0542

G1X185.3664Y-153.8919

G1X190.0663Y-154.7702

G1X192.7228Y-155.1578

G1X195.1749Y-155.4172

G1X197.4227Y-155.5548

G1X199.6705Y-155.5835

G1X202.3269Y-155.4638

G1X204.9834Y-155.1697

G1X207.6398Y-154.7017

G1X210.3985Y-154.0429

G1X212.8506Y-153.3278

G1X215.5071Y-152.4427

G1X225.4688Y-148.7200

G1X229.9133Y-147.2072

G1X234.8175Y-145.8521

G1X239.7218Y-144.8830

G1X245.0347Y-144.2406

G1X251.1650Y-143.8959

G1X258.6235Y-143.7873

G1X273.9493Y-143.8113

G1 Z0F20000

(Start Block)


G1X22.9136Y-146.0905
G1Z6F20000
(Plotting speed under)
G1 F4000


G1X25.0388Y-147.2308

G1X30.1746Y-150.2656

G1X32.4009Y-151.4017

G1X33.8241Y-151.9871

G1X35.1742Y-152.4131

G1X36.5024Y-152.6927

G1X37.7285Y-152.8185

G1X39.0567Y-152.8061

G1X40.3849Y-152.6385

G1X41.7132Y-152.3209

G1X43.1217Y-151.8316

G1X44.6397Y-151.1487

G1X46.2904Y-150.2560

G1X53.1087Y-145.9237

G1X56.2142Y-144.2453

G1X58.0168Y-143.5115

G1X59.6954Y-143.0240

G1X61.3301Y-142.7459

G1X62.9648Y-142.6670

G1X64.5996Y-142.7842

G1X66.2343Y-143.0866

G1X67.9713Y-143.5916

G1X69.7811Y-144.2906

G1X73.1207Y-145.9258

G1X81.3557Y-150.5134

G1X83.6327Y-151.6164

G1X85.8148Y-152.5254

G1X87.7926Y-153.2056

G1X89.7338Y-153.7311

G1X91.6751Y-154.1137

G1X93.7185Y-154.3650

G1X96.0685Y-154.4729

G1X98.4184Y-154.4050

G1X100.9727Y-154.1594

G1X103.7313Y-153.7304

G1X108.5334Y-152.7013

G1X118.4440Y-150.1755

G1X122.8374Y-149.1317

G1X127.4351Y-148.1830

G1X131.9307Y-147.4265

G1X136.0176Y-146.8954

G1X140.2066Y-146.5080

G1X144.3956Y-146.2784

G1X148.5847Y-146.2049

G1X152.8759Y-146.2907

G1X157.1671Y-146.5406

G1X161.3561Y-146.9443

G1X165.6473Y-147.5220

G1X169.8363Y-148.2419

G1X174.2298Y-149.1477

G1X187.9207Y-152.4888

G1X192.6206Y-153.5030

G1X195.2771Y-153.9527

G1X197.7292Y-154.2571

G1X200.0792Y-154.4297

G1X202.4291Y-154.4707

G1X204.9834Y-154.3544

G1X207.4355Y-154.0803

G1X209.9898Y-153.6290

G1X212.6463Y-152.9934

G1X217.5943Y-151.4448

G1X227.3663Y-147.8033

G1X231.8546Y-146.2777

G1X236.7588Y-144.9205

G1X241.5609Y-143.9562

G1X247.0781Y-143.2620

G1X253.5149Y-142.8695

G1X262.8125Y-142.7166

G1X273.9493Y-142.7954

G1 Z0F20000

(Start Block)


G1X22.9136Y-144.9850
G1Z6F20000
(Plotting speed under)
G1 F4000


G1X24.9502Y-146.1003

G1X30.1746Y-149.2452

G1X32.8753Y-150.5917

G1X34.4590Y-151.1705

G1X35.8894Y-151.5241

G1X37.4219Y-151.7056

G1X38.8524Y-151.6818

G1X40.1806Y-151.4922

G1X41.5088Y-151.1472

G1X42.8370Y-150.6582

G1X44.2538Y-149.9969

G1X46.9103Y-148.4576

G1X53.1087Y-144.4157

G1X54.8860Y-143.4299

G1X56.4988Y-142.6866

G1X58.2650Y-142.0721

G1X60.0019Y-141.6948

G1X61.7388Y-141.5535

G1X63.4757Y-141.6475

G1X64.9061Y-141.8932

G1X66.3365Y-142.2792

G1X67.7888Y-142.7990

G1X69.4016Y-143.5047

G1X72.2352Y-144.9882

G1X79.9390Y-149.4451

G1X82.3045Y-150.6276

G1X84.5815Y-151.5893

G1X86.9752Y-152.3839

G1X89.3251Y-152.9336

G1X91.7773Y-153.2641

G1X94.2294Y-153.3594

G1X96.1706Y-153.2833

G1X98.1119Y-153.0886

G1X100.1553Y-152.7738

G1X102.4031Y-152.3201

G1X106.5921Y-151.2625

G1X116.0941Y-148.5091

G1X120.7940Y-147.2500

G1X125.9026Y-146.0825

G1X130.8068Y-145.1918

G1X136.4263Y-144.4543

G1X142.1479Y-144.0010

G1X147.9716Y-143.8320

G1X153.8976Y-143.9549

G1X157.7801Y-144.1992

G1X161.5605Y-144.5662

G1X165.3408Y-145.0652

G1X169.0190Y-145.6800

G1X173.0037Y-146.4876

G1X177.0906Y-147.4569

G1X190.2707Y-151.0877

G1X195.0728Y-152.2556

G1X197.7292Y-152.7613

G1X200.2835Y-153.1164

G1X202.6335Y-153.3088

G1X204.9834Y-153.3578

G1X207.3334Y-153.2546

G1X209.7855Y-152.9824

G1X212.2376Y-152.5478

G1X214.7919Y-151.9371

G1X219.5866Y-150.4434

G1X229.3586Y-146.8272

G1X233.6936Y-145.3638

G1X238.5979Y-144.0079

G1X243.3999Y-143.0351

G1X246.1586Y-142.6284

G1X249.1215Y-142.2997

G1X255.6605Y-141.8808

G1X264.6516Y-141.7158

G1X273.9493Y-141.8391

G1 Z0F20000

(Start Block)


G1X22.9136Y-143.8668
G1Z6F20000
(Plotting speed under)
G1 F4000


G1X24.9502Y-145.0060

G1X30.0860Y-148.1585

G1X32.6856Y-149.4774

G1X34.2546Y-150.0615

G1X35.6850Y-150.4186

G1X37.1155Y-150.5905

G1X38.5458Y-150.5682

G1X39.7719Y-150.3938

G1X41.1001Y-150.0491

G1X42.3627Y-149.5817

G1X43.7858Y-148.9103

G1X46.2904Y-147.4400

G1X52.4889Y-143.3123

G1X54.2598Y-142.3064

G1X55.8347Y-141.5649

G1X57.5498Y-140.9558

G1X59.1845Y-140.5891

G1X60.8192Y-140.4420

G1X62.5562Y-140.5263

G1X63.8844Y-140.7513

G1X65.3148Y-141.1375

G1X66.8401Y-141.6961

G1X68.3581Y-142.3807

G1X71.1726Y-143.9020

G1X78.6993Y-148.4054

G1X80.9762Y-149.5795

G1X83.1583Y-150.5286

G1X85.4426Y-151.3079

G1X87.7926Y-151.8647

G1X90.1425Y-152.1721

G1X92.4925Y-152.2425

G1X94.3315Y-152.1463

G1X96.1706Y-151.9324

G1X98.2140Y-151.5749

G1X100.3597Y-151.0880

G1X104.3443Y-149.9663

G1X113.8463Y-146.8986

G1X118.5462Y-145.5007

G1X123.7570Y-144.1869

G1X128.9677Y-143.1563

G1X134.9959Y-142.3104

G1X141.2283Y-141.7889

G1X147.7673Y-141.5854

G1X154.3063Y-141.7141

G1X158.5975Y-141.9842

G1X162.7865Y-142.4011

G1X166.8734Y-142.9653

G1X170.8581Y-143.6743

G1X174.9449Y-144.5675

G1X179.2361Y-145.6762

G1X192.6206Y-149.7424

G1X197.4227Y-151.0289

G1X200.0792Y-151.5841

G1X202.6335Y-151.9738

G1X205.0856Y-152.1922

G1X207.4355Y-152.2440

G1X209.6833Y-152.1426

G1X212.0332Y-151.8790

G1X214.3832Y-151.4616

G1X216.9375Y-150.8502

G1X221.5790Y-149.4086

G1X231.0664Y-145.9296

G1X235.4306Y-144.4661

G1X240.2326Y-143.1390

G1X245.0347Y-142.1537

G1X247.8955Y-141.7227

G1X250.8584Y-141.3842

G1X257.3974Y-140.9425

G1X265.6733Y-140.7794

G1X273.9493Y-140.9352

G1 Z0F20000

(Start Block)


G1X22.9136Y-142.7363
G1Z6F20000
(Plotting speed under)
G1 F4000


G1X24.9502Y-143.8970

G1X29.9089Y-147.0033

G1X32.4958Y-148.3488

G1X34.0503Y-148.9418

G1X35.4807Y-149.3065

G1X36.9111Y-149.4787

G1X38.2393Y-149.4578

G1X39.4654Y-149.2834

G1X40.6915Y-148.9652

G1X41.9832Y-148.4847

G1X43.3683Y-147.8225

G1X45.8477Y-146.3423

G1X51.9576Y-142.1871

G1X53.6526Y-141.2038

G1X55.2655Y-140.4291

G1X56.9367Y-139.8278

G1X58.5715Y-139.4617

G1X60.2062Y-139.3261

G1X61.8410Y-139.4209

G1X63.1692Y-139.6606

G1X64.4682Y-140.0259

G1X65.8913Y-140.5597

G1X67.4093Y-141.2613

G1X70.1100Y-142.7618

G1X77.4596Y-147.3035

G1X79.6480Y-148.4728

G1X81.7353Y-149.4158

G1X84.0122Y-150.2203

G1X86.2600Y-150.7671

G1X88.5078Y-151.0657

G1X90.7555Y-151.1269

G1X92.4925Y-151.0243

G1X94.3315Y-150.7883

G1X96.2728Y-150.4160

G1X98.3162Y-149.9098

G1X102.1988Y-148.7156

G1X111.8102Y-145.3091

G1X116.6050Y-143.7567

G1X121.9179Y-142.3190

G1X127.2308Y-141.2109

G1X130.3981Y-140.7011

G1X133.5654Y-140.2939

G1X140.4109Y-139.7204

G1X147.7673Y-139.4989

G1X155.1237Y-139.6447

G1X159.8235Y-139.9410

G1X164.3191Y-140.3945

G1X168.7125Y-141.0211

G1X172.9015Y-141.8059

G1X177.0906Y-142.7828

G1X181.4839Y-144.0065

G1X185.5708Y-145.2978

G1X194.8684Y-148.4278

G1X199.5683Y-149.7959

G1X202.2248Y-150.4001

G1X204.7791Y-150.8254

G1X207.2312Y-151.0670

G1X209.6833Y-151.1308

G1X211.9311Y-151.0278

G1X214.1788Y-150.7723

G1X216.4266Y-150.3729

G1X218.8787Y-149.7904

G1X223.4765Y-148.3763

G1X232.7741Y-145.0090

G1X237.1675Y-143.5533

G1X241.8673Y-142.2644

G1X246.5672Y-141.2949

G1X249.3259Y-140.8693

G1X252.2889Y-140.5175

G1X258.7257Y-140.0572

G1X266.3885Y-139.8980

G1X273.9493Y-140.0766

G1 Z0F20000

(Start Block)


G1X22.9136Y-141.5934
G1Z6F20000
(Plotting speed under)
G1 F4000


G1X24.9502Y-142.7732

G1X29.8204Y-145.8824

G1X32.4009Y-147.2485

G1X33.8459Y-147.8114

G1X35.2764Y-148.1880

G1X36.7068Y-148.3652

G1X38.0350Y-148.3421

G1X39.2610Y-148.1598

G1X40.4652Y-147.8355

G1X41.7934Y-147.3226

G1X43.1027Y-146.6761

G1X45.5765Y-145.1592

G1X51.5148Y-141.0393

G1X53.1972Y-140.0477

G1X54.6963Y-139.3160

G1X56.3237Y-138.7172

G1X57.9584Y-138.3440

G1X59.4910Y-138.2132

G1X61.1258Y-138.3078

G1X62.4540Y-138.5555

G1X63.7822Y-138.9451

G1X65.1323Y-139.4718

G1X66.6503Y-140.1987

G1X69.4016Y-141.7859

G1X76.3970Y-146.2432

G1X78.5222Y-147.4110

G1X80.5968Y-148.3701

G1X82.7862Y-149.1557

G1X84.9317Y-149.6815

G1X87.0774Y-149.9631

G1X89.2230Y-150.0095

G1X90.8577Y-149.8990

G1X92.5946Y-149.6568

G1X94.4337Y-149.2775

G1X96.3750Y-148.7624

G1X100.2356Y-147.4811

G1X109.8178Y-143.7937

G1X114.6637Y-142.1030

G1X120.0788Y-140.5486

G1X125.4939Y-139.3782

G1X128.7634Y-138.8450

G1X132.1351Y-138.4153

G1X135.8132Y-138.0671

G1X139.5936Y-137.8204

G1X143.6804Y-137.6608

G1X147.9716Y-137.5975

G1X156.3497Y-137.7665

G1X161.4583Y-138.0841

G1X166.2603Y-138.5705

G1X170.7559Y-139.2268

G1X175.1493Y-140.0857

G1X179.3383Y-141.1203

G1X183.7317Y-142.4268

G1X187.8040Y-143.8083

G1X196.9118Y-147.1065

G1X201.7139Y-148.6043

G1X204.3704Y-149.2462

G1X206.9247Y-149.6957

G1X209.3768Y-149.9499

G1X211.7267Y-150.0182

G1X213.8723Y-149.9275

G1X216.1201Y-149.6793

G1X218.3679Y-149.2845

G1X220.8200Y-148.7056

G1X225.1842Y-147.3805

G1X234.4818Y-144.0667

G1X238.8022Y-142.6568

G1X243.5021Y-141.3836

G1X248.0998Y-140.4398

G1X253.7193Y-139.6682

G1X259.9517Y-139.2097

G1X267.0016Y-139.0630

G1X273.9493Y-139.2558

G1 Z0F20000

(Start Block)


G1X22.9136Y-140.4384
G1Z6F20000
(Plotting speed under)
G1 F4000


G1X24.9502Y-141.6349

G1X29.8204Y-144.7988

G1X32.3061Y-146.1354

G1X33.7438Y-146.7043

G1X35.1742Y-147.0833

G1X36.5024Y-147.2500

G1X37.8306Y-147.2292

G1X39.0567Y-147.0432

G1X40.2755Y-146.7048

G1X41.5088Y-146.2176

G1X42.8370Y-145.5492

G1X45.2279Y-144.0541

G1X50.9835Y-139.9792

G1X52.6659Y-138.9612

G1X54.1270Y-138.2272

G1X55.7399Y-137.6144

G1X57.3454Y-137.2350

G1X58.8780Y-137.0994

G1X60.4105Y-137.1860

G1X61.6366Y-137.4094

G1X62.9503Y-137.7907

G1X64.2785Y-138.3111

G1X65.7712Y-139.0353

G1X68.4276Y-140.5977

G1X75.4230Y-145.1804

G1X77.4659Y-146.3332

G1X79.3634Y-147.2396

G1X81.4579Y-148.0238

G1X83.5014Y-148.5520

G1X85.5448Y-148.8415

G1X87.6904Y-148.8963

G1X89.3251Y-148.7788

G1X90.9599Y-148.5366

G1X92.6968Y-148.1583

G1X94.6380Y-147.6111

G1X98.4330Y-146.2619

G1X107.9204Y-142.3346

G1X112.8538Y-140.4988

G1X115.5832Y-139.6230

G1X118.3419Y-138.8504

G1X121.1005Y-138.1909

G1X123.8591Y-137.6394

G1X127.2308Y-137.0992

G1X130.7046Y-136.6770

G1X134.5872Y-136.3388

G1X138.6740Y-136.1038

G1X143.3739Y-135.9513

G1X148.4825Y-135.8976

G1X153.5911Y-135.9485

G1X158.3931Y-136.1024

G1X163.7061Y-136.4292

G1X168.6103Y-136.9278

G1X173.1059Y-137.5998

G1X177.3971Y-138.4699

G1X181.5861Y-139.5548

G1X185.8116Y-140.8819

G1X189.8912Y-142.3507

G1X198.9991Y-145.8586

G1X203.6552Y-147.3974

G1X206.3116Y-148.0785

G1X208.8659Y-148.5556

G1X211.3180Y-148.8273

G1X213.7701Y-148.9046

G1X215.9158Y-148.8109

G1X218.0614Y-148.5716

G1X220.2070Y-148.1976

G1X222.5569Y-147.6517

G1X226.8481Y-146.3722

G1X236.0947Y-143.1363

G1X240.2326Y-141.8064

G1X244.8303Y-140.5686

G1X249.4281Y-139.6222

G1X254.9453Y-138.8549

G1X260.9734Y-138.4005

G1X267.5124Y-138.2655

G1X273.9493Y-138.4655

G1 Z0F20000

(Start Block)


G1X22.9136Y-139.2719
G1Z6F20000
(Plotting speed under)
G1 F4000


G1X24.9502Y-140.4821

G1X29.7319Y-143.6458

G1X32.2112Y-145.0097

G1X33.6416Y-145.5878

G1X34.9698Y-145.9524

G1X36.2981Y-146.1327

G1X37.6263Y-146.1192

G1X38.8524Y-145.9336

G1X40.0784Y-145.5875

G1X41.3191Y-145.0858

G1X42.5714Y-144.4426

G1X44.8294Y-143.0127

G1X50.6404Y-138.8257

G1X52.2295Y-137.8486

G1X53.7475Y-137.0760

G1X55.3020Y-136.4830

G1X56.8345Y-136.1187

G1X58.3671Y-135.9854

G1X59.8997Y-136.0838

G1X61.1258Y-136.3233

G1X62.3810Y-136.7063

G1X63.7092Y-137.2487

G1X65.1323Y-137.9643

G1X67.7192Y-139.5324

G1X74.4489Y-144.0647

G1X76.4856Y-145.2467

G1X78.3198Y-146.1467

G1X80.3340Y-146.9214

G1X82.3775Y-147.4597

G1X84.3187Y-147.7343

G1X86.3622Y-147.7808

G1X87.8947Y-147.6630

G1X89.5295Y-147.4062

G1X91.1642Y-147.0287

G1X93.0033Y-146.4812

G1X96.6304Y-145.1177

G1X106.2126Y-140.8883

G1X111.1461Y-138.9488

G1X113.9485Y-138.0125

G1X116.7071Y-137.2200

G1X119.5679Y-136.5322

G1X122.4287Y-135.9727

G1X125.8004Y-135.4606

G1X129.3764Y-135.0653

G1X133.2589Y-134.7729

G1X137.6523Y-134.5691

G1X143.3739Y-134.4387

G1X149.9129Y-134.4081

G1X156.1454Y-134.4784

G1X161.3561Y-134.6420

G1X166.6690Y-134.9680

G1X171.3689Y-135.4548

G1X175.6601Y-136.1161

G1X179.8492Y-137.0012

G1X183.8339Y-138.0833

G1X187.9937Y-139.4590

G1X191.8835Y-140.9370

G1X200.8017Y-144.5625

G1X205.5964Y-146.2293

G1X208.2529Y-146.9389

G1X210.7050Y-147.4171

G1X213.1571Y-147.7049

G1X215.6092Y-147.7917

G1X217.6527Y-147.7100

G1X219.7983Y-147.4800

G1X221.9439Y-147.1137

G1X224.2938Y-146.5762

G1X228.5850Y-145.3154

G1X237.5178Y-142.2491

G1X241.6630Y-140.9395

G1X246.2607Y-139.7205

G1X250.7563Y-138.8046

G1X256.1714Y-138.0531

G1X261.8930Y-137.6196

G1X267.9211Y-137.4973

G1X273.9493Y-137.6988

G1 Z0F20000

(Start Block)


G1X22.9136Y-138.0942
G1Z6F20000
(Plotting speed under)
G1 F4000


G1X24.9502Y-139.3151

G1X29.7319Y-142.5320

G1X32.1163Y-143.8711

G1X33.5394Y-144.4618

G1X34.8677Y-144.8360

G1X36.1959Y-145.0197

G1X37.5241Y-145.0029

G1X38.6480Y-144.8310

G1X39.8741Y-144.4842

G1X41.0344Y-144.0136

G1X42.3058Y-143.3569

G1X44.5804Y-141.8946

G1X50.3084Y-137.6935

G1X51.8690Y-136.7177

G1X53.2731Y-135.9876

G1X54.7911Y-135.3893

G1X56.3237Y-135.0106

G1X57.7541Y-134.8734

G1X59.2867Y-134.9601

G1X60.5127Y-135.1974

G1X61.7169Y-135.5665

G1X63.0451Y-136.1150

G1X64.4429Y-136.8304

G1X66.9942Y-138.4110

G1X73.5635Y-142.9514

G1X75.5115Y-144.1166

G1X77.3711Y-145.0551

G1X79.3123Y-145.8203

G1X81.2536Y-146.3463

G1X83.0927Y-146.6176

G1X85.0339Y-146.6695

G1X86.5665Y-146.5505

G1X88.0991Y-146.3023

G1X89.7338Y-145.9101

G1X91.4123Y-145.3895

G1X95.0176Y-143.9682

G1X104.5998Y-139.4865

G1X109.5332Y-137.4504

G1X112.3137Y-136.4885

G1X115.1745Y-135.6519

G1X118.0353Y-134.9680

G1X120.8962Y-134.4260

G1X124.0635Y-133.9725

G1X127.5373Y-133.6233

G1X131.3177Y-133.3802

G1X135.7111Y-133.2242

G1X142.7609Y-133.1330

G1X153.6932Y-133.1295

G1X160.2322Y-133.1973

G1X165.2386Y-133.3497

G1X170.1429Y-133.6587

G1X174.5363Y-134.1369

G1X178.6231Y-134.8062

G1X182.5057Y-135.6785

G1X186.2860Y-136.7665

G1X190.1758Y-138.1242

G1X193.8759Y-139.6015

G1X202.6043Y-143.3178

G1X207.2312Y-145.0044

G1X209.8876Y-145.7536

G1X212.4419Y-146.2788

G1X214.8940Y-146.5819

G1X217.3461Y-146.6785

G1X219.3896Y-146.6021

G1X221.4330Y-146.3901

G1X223.5786Y-146.0338

G1X225.9286Y-145.5070

G1X230.2198Y-144.2697

G1X239.0066Y-141.3187

G1X243.0934Y-140.0560

G1X247.5890Y-138.8865

G1X251.9823Y-138.0024

G1X257.1931Y-137.2808

G1X262.6082Y-136.8659

G1X268.3298Y-136.7509

G1X273.9493Y-136.9490

G1 Z0F20000

(Start Block)


G1X22.9136Y-136.9059
G1Z6F20000
(Plotting speed under)
G1 F4000


G1X25.0388Y-138.1926

G1X29.8204Y-141.4603

G1X32.1227Y-142.7684

G1X33.5394Y-143.3621

G1X34.8677Y-143.7354

G1X36.1959Y-143.9111

G1X37.4219Y-143.8891

G1X38.5458Y-143.7127

G1X39.6697Y-143.3922

G1X40.8447Y-142.9132

G1X42.1286Y-142.2402

G1X44.4143Y-140.7416

G1X50.0593Y-136.5322

G1X51.6034Y-135.5568

G1X52.9885Y-134.8329

G1X54.5065Y-134.2379

G1X55.9150Y-133.8933

G1X57.3454Y-133.7589

G1X58.8780Y-133.8575

G1X60.1041Y-134.1111

G1X61.3301Y-134.5094

G1X62.6656Y-135.0909

G1X64.0002Y-135.8043

G1X66.4131Y-137.3462

G1X72.8550Y-141.9043

G1X74.7146Y-143.0394

G1X76.4223Y-143.9244

G1X78.3198Y-144.6984

G1X80.1297Y-145.2115

G1X81.9688Y-145.5003

G1X83.9100Y-145.5552

G1X85.5448Y-145.4136

G1X87.2817Y-145.0917

G1X89.1208Y-144.5824

G1X91.1277Y-143.8632

G1X94.7329Y-142.2664

G1X103.9357Y-137.7268

G1X106.7819Y-136.4880

G1X109.4383Y-135.4715

G1X111.8029Y-134.6912

G1X114.2550Y-134.0078

G1X116.7071Y-133.4480

G1X119.2614Y-132.9868

G1X122.0200Y-132.6128

G1X125.0852Y-132.3251

G1X128.3547Y-132.1360

G1X132.1351Y-132.0273

G1X161.7648Y-131.9954

G1X169.2233Y-132.1480

G1X173.6167Y-132.4342

G1X177.6014Y-132.8917

G1X181.3818Y-133.5464

G1X184.9578Y-134.3930

G1X188.5338Y-135.4735

G1X192.1682Y-136.8002

G1X195.7734Y-138.3016

G1X204.3120Y-142.0864

G1X206.7787Y-143.0721

G1X208.9681Y-143.8455

G1X211.6246Y-144.6177

G1X214.1788Y-145.1567

G1X216.6309Y-145.4664

G1X219.0831Y-145.5649

G1X221.1265Y-145.4882

G1X223.1700Y-145.2751

G1X225.3156Y-144.9187

G1X227.5633Y-144.4197

G1X231.6502Y-143.2664

G1X240.3348Y-140.4196

G1X244.4216Y-139.1849

G1X248.8150Y-138.0643

G1X253.1062Y-137.2128

G1X258.1126Y-136.5232

G1X263.3234Y-136.1239

G1X268.6363Y-136.0184

G1X273.9493Y-136.2099

G1 Z0F20000

(Start Block)


G1X22.9136Y-135.7078
G1Z6F20000
(Plotting speed under)
G1 F4000


G1X25.0388Y-136.9986

G1X29.9089Y-140.3760

G1X32.1227Y-141.6515

G1X33.4446Y-142.2202

G1X34.7655Y-142.6078

G1X36.0937Y-142.7950

G1X37.3198Y-142.7778

G1X38.4437Y-142.6008

G1X39.5165Y-142.2930

G1X40.6549Y-141.8275

G1X41.9516Y-141.1418

G1X44.3313Y-139.5505

G1X49.6553Y-135.5033

G1X51.1606Y-134.5233

G1X52.6090Y-133.7418

G1X54.1781Y-133.1145

G1X55.6085Y-132.7665

G1X57.0389Y-132.6442

G1X58.4693Y-132.7490

G1X59.5932Y-132.9852

G1X60.7682Y-133.3673

G1X62.0015Y-133.9035

G1X63.3803Y-134.6447

G1X65.8320Y-136.2401

G1X71.9751Y-140.6977

G1X73.8291Y-141.8684

G1X75.5685Y-142.8004

G1X77.3711Y-143.5613

G1X79.2102Y-144.1011

G1X80.9471Y-144.3834

G1X82.7862Y-144.4443

G1X84.4209Y-144.3033

G1X86.1578Y-143.9695

G1X87.9969Y-143.4356

G1X89.8944Y-142.7226

G1X93.4047Y-141.0943

G1X102.5126Y-136.3810

G1X105.2639Y-135.1325

G1X107.8255Y-134.1150

G1X110.1681Y-133.3187

G1X112.6202Y-132.6248

G1X115.0724Y-132.0687

G1X117.6267Y-131.6249

G1X122.5309Y-131.1013

G1X128.1503Y-130.8896

G1X147.8695Y-131.1225

G1X166.2603Y-130.8829

G1X172.9015Y-130.9874

G1X176.7840Y-131.2466

G1X180.4622Y-131.6891

G1X183.9361Y-132.3218

G1X187.3077Y-133.1598

G1X190.6502Y-134.2165

G1X194.0656Y-135.5142

G1X197.4811Y-136.9885

G1X205.9248Y-140.8637

G1X208.3916Y-141.8826

G1X210.6028Y-142.6878

G1X213.2593Y-143.4810

G1X215.7114Y-144.0153

G1X218.1635Y-144.3409

G1X220.7178Y-144.4514

G1X222.6591Y-144.3829

G1X224.7025Y-144.1775

G1X226.7460Y-143.8487

G1X228.9937Y-143.3649

G1X233.0806Y-142.2410

G1X241.6630Y-139.4989

G1X245.5455Y-138.3524

G1X249.8367Y-137.2745

G1X254.0258Y-136.4500

G1X258.8278Y-135.7869

G1X263.8342Y-135.3973

G1X268.9428Y-135.2940

G1X273.9493Y-135.4758

G1 Z0F20000

(Start Block)


G1X22.9136Y-134.5007
G1Z6F20000
(Plotting speed under)
G1 F4000


G1X25.1273Y-135.8510

G1X30.0860Y-139.3371

G1X32.1227Y-140.5234

G1X33.4446Y-141.1034

G1X34.7655Y-141.4968

G1X35.9916Y-141.6767

G1X37.2176Y-141.6686

G1X38.3415Y-141.4950

G1X39.4216Y-141.1833

G1X40.5601Y-140.7108

G1X41.8630Y-140.0086

G1X44.2483Y-138.3799

G1X49.3952Y-134.4004

G1X50.8950Y-133.4076

G1X52.3244Y-132.6243

G1X53.7694Y-132.0306

G1X55.1998Y-131.6641

G1X56.6302Y-131.5310

G1X58.0606Y-131.6333

G1X59.1845Y-131.8732

G1X60.3887Y-132.2761

G1X61.6094Y-132.8241

G1X62.9376Y-133.5579

G1X65.4170Y-135.2151

G1X71.3940Y-139.6458

G1X73.1207Y-140.7592

G1X74.7146Y-141.6388

G1X76.4223Y-142.3930

G1X78.0863Y-142.9214

G1X79.7210Y-143.2326

G1X81.3557Y-143.3379

G1X82.9905Y-143.2452

G1X84.7274Y-142.9454

G1X86.5665Y-142.4282

G1X88.4713Y-141.7108

G1X91.9816Y-140.0376

G1X98.7113Y-136.3512

G1X101.7536Y-134.7843

G1X104.8844Y-133.3651

G1X107.9204Y-132.2203

G1X111.0877Y-131.2841

G1X114.3572Y-130.5845

G1X117.7288Y-130.1161

G1X121.4070Y-129.8464

G1X124.3700Y-129.7699

G1X127.8439Y-129.7929

G1X141.8413Y-130.2803

G1X148.9934Y-130.3791

G1X155.8388Y-130.2713

G1X168.6103Y-129.8150

G1X173.1059Y-129.7696

G1X177.7036Y-129.9269

G1X181.8926Y-130.3368

G1X184.7534Y-130.8017

G1X187.5121Y-131.4114

G1X190.2707Y-132.1883

G1X193.0220Y-133.1282

G1X197.8606Y-135.1308

G1X208.1069Y-139.9391

G1X210.4788Y-140.9197

G1X212.6608Y-141.7061

G1X214.8940Y-142.3686

G1X217.0397Y-142.8510

G1X219.1852Y-143.1707

G1X221.3309Y-143.3233

G1X223.3743Y-143.3156

G1X225.5199Y-143.1557

G1X227.7677Y-142.8375

G1X230.1176Y-142.3636

G1X234.3067Y-141.2555

G1X242.8891Y-138.5884

G1X246.8738Y-137.4444

G1X251.1650Y-136.4016

G1X255.2518Y-135.6256

G1X259.8495Y-135.0135

G1X264.4473Y-134.6663

G1X269.2493Y-134.5716

G1X273.9493Y-134.7415

G1 Z0F20000

(Start Block)


G1X22.9136Y-133.2856
G1Z6F20000
(Plotting speed under)
G1 F4000


G1X25.2159Y-134.6916

G1X30.1746Y-138.2288

G1X32.1227Y-139.3840

G1X33.4446Y-139.9781

G1X34.6633Y-140.3570

G1X35.8894Y-140.5557

G1X37.1155Y-140.5612

G1X38.2393Y-140.3951

G1X39.3267Y-140.0831

G1X40.4652Y-139.6072

G1X41.7745Y-138.8919

G1X43.9993Y-137.3559

G1X49.3122Y-133.1962

G1X50.7179Y-132.2592

G1X52.1347Y-131.4781

G1X53.5651Y-130.8916

G1X54.9955Y-130.5334

G1X56.3237Y-130.4171

G1X57.7541Y-130.5266

G1X58.9655Y-130.8033

G1X60.1041Y-131.2069

G1X61.3374Y-131.7852

G1X62.5834Y-132.4978

G1X64.8359Y-134.0328

G1X70.7299Y-138.4952

G1X72.5008Y-139.6635

G1X74.0505Y-140.5367

G1X75.6633Y-141.2674

G1X77.2689Y-141.7953

G1X78.9036Y-142.1183

G1X80.5384Y-142.2243

G1X82.1731Y-142.1213

G1X83.8079Y-141.8243

G1X85.5302Y-141.3250

G1X87.4277Y-140.5865

G1X90.8305Y-138.9038

G1X97.3831Y-135.1639

G1X100.3305Y-133.5790

G1X103.3664Y-132.1426

G1X106.2126Y-131.0216

G1X109.1464Y-130.1115

G1X112.2116Y-129.4210

G1X115.3789Y-128.9614

G1X118.7505Y-128.7112

G1X121.8157Y-128.6527

G1X125.2896Y-128.7259

G1X140.0023Y-129.5616

G1X147.6651Y-129.7735

G1X151.8542Y-129.7476

G1X156.1454Y-129.6180

G1X169.7342Y-128.8407

G1X174.3319Y-128.6691

G1X179.4405Y-128.7286

G1X183.9361Y-129.1205

G1X186.6947Y-129.5633

G1X189.3511Y-130.1545

G1X192.0076Y-130.9147

G1X194.6349Y-131.8299

G1X199.4734Y-133.8829

G1X209.6249Y-138.7733

G1X211.9967Y-139.7752

G1X214.1788Y-140.5761

G1X216.4266Y-141.2524

G1X218.5722Y-141.7389

G1X220.7178Y-142.0593

G1X222.7613Y-142.2071

G1X224.8047Y-142.2048

G1X226.9503Y-142.0504

G1X229.0959Y-141.7562

G1X231.4459Y-141.2971

G1X235.6349Y-140.2186

G1X244.1151Y-137.6561

G1X247.9976Y-136.5723

G1X252.1867Y-135.5796

G1X256.1714Y-134.8395

G1X260.5647Y-134.2643

G1X264.9581Y-133.9356

G1X269.4537Y-133.8453

G1X273.9493Y-134.0025

G1 Z0F20000

(Start Block)


G1X22.9136Y-132.0637
G1Z6F20000
(Plotting speed under)
G1 F4000


G1X24.9502Y-133.2800

G1X29.9089Y-136.8667

G1X32.2112Y-138.2791

G1X33.5394Y-138.8806

G1X34.7655Y-139.2594

G1X35.9916Y-139.4489

G1X37.1155Y-139.4476

G1X38.2393Y-139.2778

G1X39.3267Y-138.9581

G1X40.4462Y-138.4793

G1X41.6859Y-137.7915

G1X43.8332Y-136.2933

G1X49.1461Y-132.0738

G1X50.5408Y-131.1315

G1X51.8690Y-130.3861

G1X53.2731Y-129.7941

G1X54.6890Y-129.4265

G1X56.1193Y-129.3032

G1X57.4476Y-129.4140

G1X58.5715Y-129.6718

G1X59.7245Y-130.0821

G1X60.8630Y-130.6181

G1X62.1407Y-131.3541

G1X64.4208Y-132.9344

G1X70.2318Y-137.4206

G1X71.8810Y-138.5316

G1X73.3864Y-139.4019

G1X74.9992Y-140.1520

G1X76.5537Y-140.6768

G1X78.0863Y-140.9936

G1X79.7210Y-141.1106

G1X81.3557Y-141.0073

G1X82.9905Y-140.6992

G1X84.6763Y-140.1897

G1X86.5738Y-139.4199

G1X89.8564Y-137.7303

G1X96.2319Y-133.9498

G1X99.0022Y-132.4004

G1X101.8484Y-130.9937

G1X104.5998Y-129.8581

G1X107.4095Y-128.9455

G1X110.2703Y-128.2705

G1X113.2333Y-127.8211

G1X116.4006Y-127.5829

G1X119.4657Y-127.5444

G1X122.8374Y-127.6628

G1X139.1849Y-128.9699

G1X143.6804Y-129.1989

G1X148.0738Y-129.2906

G1X152.6715Y-129.2360

G1X157.4736Y-129.0221

G1X171.7776Y-127.8671

G1X176.4775Y-127.5925

G1X181.3818Y-127.5745

G1X185.7751Y-127.9161

G1X188.4316Y-128.3311

G1X190.9859Y-128.8963

G1X193.5402Y-129.6304

G1X196.2477Y-130.5885

G1X200.9914Y-132.6492

G1X210.9531Y-137.5637

G1X213.3250Y-138.5903

G1X215.5071Y-139.4106

G1X217.7548Y-140.1035

G1X219.9004Y-140.6028

G1X222.0461Y-140.9336

G1X224.1917Y-141.0935

G1X226.2351Y-141.0914

G1X228.2785Y-140.9485

G1X230.4241Y-140.6632

G1X232.6719Y-140.2373

G1X236.8609Y-139.1913

G1X245.1369Y-136.7614

G1X248.9172Y-135.7316

G1X253.0041Y-134.7818

G1X256.8866Y-134.0705

G1X261.0756Y-133.5242

G1X265.3668Y-133.2010

G1X269.6581Y-133.1114

G1X273.9493Y-133.2550

G1 Z0F20000

(Start Block)


G1X22.9136Y-130.8362
G1Z6F20000
(Plotting speed under)
G1 F4000


G1X25.0388Y-132.0963

G1X30.0528Y-135.7684

G1X32.2112Y-137.1176

G1X33.5394Y-137.7391

G1X34.7655Y-138.1327

G1X35.9916Y-138.3324

G1X37.1155Y-138.3357

G1X38.2393Y-138.1658

G1X39.3267Y-137.8415

G1X40.4462Y-137.3539

G1X41.6859Y-136.6523

G1X43.7502Y-135.1890

G1X48.9801Y-130.9746

G1X50.4522Y-129.9685

G1X51.6919Y-129.2677

G1X53.0834Y-128.6743

G1X54.4846Y-128.3086

G1X55.8128Y-128.1899

G1X57.1411Y-128.2952

G1X58.2650Y-128.5536

G1X59.3450Y-128.9388

G1X60.5468Y-129.5106

G1X61.7865Y-130.2374

G1X64.1718Y-131.9289

G1X69.7337Y-136.3070

G1X71.3497Y-137.4181

G1X72.8550Y-138.3055

G1X74.4300Y-139.0504

G1X75.9407Y-139.5687

G1X77.4732Y-139.8879

G1X79.0058Y-139.9972

G1X80.5384Y-139.9029

G1X82.1731Y-139.5927

G1X83.9100Y-139.0515

G1X85.7199Y-138.2918

G1X88.9709Y-136.5588

G1X95.2579Y-132.6975

G1X97.8258Y-131.2114

G1X100.6151Y-129.7838

G1X103.1767Y-128.6880

G1X105.8769Y-127.7769

G1X108.5334Y-127.1255

G1X111.3942Y-126.6776

G1X114.3572Y-126.4571

G1X117.3201Y-126.4397

G1X120.5896Y-126.5992

G1X124.2678Y-126.9277

G1X133.6676Y-127.9979

G1X138.3675Y-128.4518

G1X143.4761Y-128.7816

G1X148.3803Y-128.9011

G1X153.3867Y-128.8112

G1X158.6997Y-128.4934

G1X163.6039Y-128.0348

G1X173.8211Y-126.8997

G1X178.4188Y-126.5325

G1X183.2209Y-126.4380

G1X185.4686Y-126.5401

G1X187.6142Y-126.7440

G1X190.1685Y-127.1383

G1X192.7228Y-127.7094

G1X195.1749Y-128.4284

G1X197.7657Y-129.3635

G1X202.3196Y-131.3790

G1X212.2814Y-136.3933

G1X214.6532Y-137.4385

G1X216.8353Y-138.2722

G1X219.0831Y-138.9751

G1X221.2287Y-139.4808

G1X223.3743Y-139.8158

G1X225.5199Y-139.9787

G1X227.4612Y-139.9826

G1X229.5046Y-139.8497

G1X231.6502Y-139.5754

G1X233.8980Y-139.1624

G1X238.0870Y-138.1447

G1X246.1586Y-135.8428

G1X249.9389Y-134.8422

G1X253.9236Y-133.9421

G1X257.7039Y-133.2674

G1X261.6886Y-132.7586

G1X265.7755Y-132.4538

G1X269.8624Y-132.3661

G1X273.9493Y-132.4954

G1 Z0F20000

(Start Block)


G1X22.9136Y-129.6046
G1Z6F20000
(Plotting speed under)
G1 F4000


G1X25.2159Y-130.9623

G1X30.2189Y-134.6747

G1X32.4009Y-136.0467

G1X33.5394Y-136.5883

G1X34.7655Y-137.0002

G1X35.9916Y-137.2138

G1X37.1155Y-137.2253

G1X38.1372Y-137.0813

G1X39.2319Y-136.7680

G1X40.3577Y-136.2845

G1X41.5918Y-135.5871

G1X43.6672Y-134.1055

G1X48.8971Y-129.8361

G1X50.2751Y-128.8805

G1X51.5654Y-128.1398

G1X52.9885Y-127.5330

G1X54.2803Y-127.1967

G1X55.6085Y-127.0764

G1X56.9367Y-127.1868

G1X58.0606Y-127.4546

G1X59.1553Y-127.8590

G1X60.2811Y-128.4095

G1X61.5153Y-129.1484

G1X63.7567Y-130.7644

G1X69.2356Y-135.1569

G1X70.8184Y-136.2700

G1X72.3427Y-137.1893

G1X73.8607Y-137.9243

G1X75.3276Y-138.4432

G1X76.7580Y-138.7578

G1X78.2906Y-138.8829

G1X79.8232Y-138.7943

G1X81.4579Y-138.4798

G1X83.0635Y-137.9718

G1X84.8661Y-137.2013

G1X88.1740Y-135.3862

G1X94.2839Y-131.5072

G1X96.8518Y-129.9744

G1X99.4766Y-128.5903

G1X101.9433Y-127.5020

G1X104.4465Y-126.6285

G1X107.0008Y-125.9792

G1X109.6573Y-125.5492

G1X112.4159Y-125.3387

G1X115.8897Y-125.3559

G1X119.8744Y-125.6606

G1X123.6548Y-126.1241

G1X133.4633Y-127.5098

G1X139.0827Y-128.1320

G1X143.8848Y-128.4640

G1X148.4825Y-128.5812

G1X153.8976Y-128.4575

G1X159.6192Y-128.0347

G1X164.8299Y-127.4349

G1X175.5580Y-125.9601

G1X180.3600Y-125.4725

G1X182.8122Y-125.3403

G1X185.0599Y-125.3151

G1X187.2055Y-125.3934

G1X189.3511Y-125.5860

G1X191.8033Y-125.9605

G1X194.2554Y-126.5106

G1X196.7075Y-127.2391

G1X199.2837Y-128.1885

G1X203.7427Y-130.2058

G1X213.4199Y-135.1716

G1X215.8866Y-136.2800

G1X218.0686Y-137.1272

G1X220.3091Y-137.8388

G1X222.4547Y-138.3527

G1X224.6004Y-138.6942

G1X226.7460Y-138.8625

G1X228.6872Y-138.8712

G1X230.6285Y-138.7536

G1X232.7741Y-138.4925

G1X235.0219Y-138.0944

G1X239.1087Y-137.1339

G1X250.8584Y-133.9557

G1X254.6388Y-133.1220

G1X258.3170Y-132.4762

G1X262.1995Y-131.9859

G1X266.0820Y-131.6960

G1X270.0667Y-131.6061

G1X273.9493Y-131.7210

G1 Z0F20000

(Start Block)


G1X22.9136Y-128.3705
G1Z6F20000
(Plotting speed under)
G1 F4000


G1X24.1532Y-129.0255

G1X25.3929Y-129.8185

G1X30.3849Y-133.5701

G1X32.5907Y-134.9675

G1X33.8241Y-135.5446

G1X34.9698Y-135.9138

G1X36.0937Y-136.1023

G1X37.2176Y-136.1091

G1X38.2393Y-135.9566

G1X39.3267Y-135.6333

G1X40.4462Y-135.1378

G1X41.6748Y-134.4253

G1X43.6672Y-132.9763

G1X48.8141Y-128.7185

G1X50.1866Y-127.7551

G1X51.4705Y-127.0110

G1X52.8937Y-126.4025

G1X54.1781Y-126.0725

G1X55.4042Y-125.9629

G1X56.7324Y-126.0725

G1X57.8271Y-126.3357

G1X58.8707Y-126.7234

G1X60.1041Y-127.3374

G1X61.2552Y-128.0422

G1X63.4246Y-129.6293

G1X68.9036Y-134.0935

G1X70.4808Y-135.2167

G1X71.8810Y-136.0729

G1X73.3864Y-136.8154

G1X74.8168Y-137.3305

G1X76.2472Y-137.6493

G1X77.6776Y-137.7690

G1X79.2102Y-137.6815

G1X80.7427Y-137.3841

G1X82.3994Y-136.8504

G1X84.2020Y-136.0571

G1X87.2885Y-134.3169

G1X93.2213Y-130.4366

G1X95.7892Y-128.8488

G1X98.3381Y-127.4560

G1X100.8048Y-126.3307

G1X103.2205Y-125.4639

G1X105.6726Y-124.8259

G1X108.1247Y-124.4205

G1X110.7812Y-124.2182

G1X114.3572Y-124.2704

G1X118.3419Y-124.6531

G1X122.0200Y-125.1956

G1X132.3394Y-126.9393

G1X138.2653Y-127.7242

G1X143.4761Y-128.1558

G1X148.5847Y-128.3091

G1X154.5106Y-128.1410

G1X160.5387Y-127.6071

G1X166.0560Y-126.8519

G1X177.3971Y-124.9967

G1X182.0970Y-124.4212

G1X184.5491Y-124.2496

G1X186.7969Y-124.1984

G1X188.9424Y-124.2619

G1X190.9859Y-124.4382

G1X193.4380Y-124.8132

G1X195.7880Y-125.3488

G1X198.1379Y-126.0582

G1X200.6119Y-126.9835

G1X204.9761Y-128.9877

G1X214.6532Y-134.0317

G1X217.0250Y-135.1129

G1X219.2071Y-135.9742

G1X221.4330Y-136.6933

G1X223.5786Y-137.2178

G1X225.7243Y-137.5682

G1X227.8698Y-137.7447

G1X229.8111Y-137.7606

G1X231.7524Y-137.6507

G1X233.8980Y-137.3989

G1X236.1458Y-137.0124

G1X240.1304Y-136.1034

G1X251.6758Y-133.0701

G1X255.4562Y-132.2587

G1X259.0322Y-131.6480

G1X262.8125Y-131.1835

G1X266.4907Y-130.9151

G1X270.2711Y-130.8286

G1X273.9493Y-130.9294

G1 Z0F20000

(Start Block)


G1X22.9136Y-127.1356
G1Z6F20000
(Plotting speed under)
G1 F4000


G1X24.2418Y-127.8165

G1X25.5701Y-128.6650

G1X30.5509Y-132.4544

G1X32.6539Y-133.8110

G1X33.8241Y-134.3794

G1X34.9698Y-134.7714

G1X36.0937Y-134.9793

G1X37.2176Y-135.0014

G1X38.2393Y-134.8587

G1X39.3267Y-134.5413

G1X40.4462Y-134.0470

G1X41.6748Y-133.3305

G1X43.6672Y-131.8658

G1X48.7311Y-127.6217

G1X50.0980Y-126.6478

G1X51.3757Y-125.8970

G1X52.7039Y-125.3153

G1X53.9738Y-124.9720

G1X55.1998Y-124.8499

G1X56.5280Y-124.9525

G1X57.6373Y-125.2199

G1X58.6809Y-125.6139

G1X59.8194Y-126.1855

G1X60.9895Y-126.9066

G1X63.1512Y-128.5088

G1X68.6545Y-133.0600

G1X70.1488Y-134.1358

G1X71.5268Y-134.9885

G1X73.0069Y-135.7252

G1X74.4081Y-136.2323

G1X75.8385Y-136.5477

G1X77.1667Y-136.6553

G1X78.6993Y-136.5630

G1X80.2319Y-136.2524

G1X81.8301Y-135.7186

G1X83.5378Y-134.9459

G1X86.7572Y-133.0740

G1X92.5129Y-129.1976

G1X94.9037Y-127.6793

G1X97.2945Y-126.3313

G1X99.6663Y-125.2097

G1X101.9944Y-124.3416

G1X104.3443Y-123.7050

G1X106.7965Y-123.2881

G1X109.2486Y-123.1015

G1X112.8246Y-123.1777

G1X116.9114Y-123.6428

G1X120.6918Y-124.2964

G1X131.2155Y-126.3668

G1X137.4480Y-127.3284

G1X143.1696Y-127.8773

G1X148.6868Y-128.0639

G1X151.7520Y-128.0182

G1X154.9193Y-127.8596

G1X158.0866Y-127.5913

G1X161.3561Y-127.2062

G1X167.2821Y-126.2697

G1X179.0318Y-124.0432

G1X183.7317Y-123.3702

G1X186.0817Y-123.1670

G1X188.3294Y-123.0860

G1X190.4750Y-123.1305

G1X192.5185Y-123.2978

G1X194.8684Y-123.6542

G1X197.2184Y-124.1940

G1X199.5683Y-124.9169

G1X201.9401Y-125.8216

G1X206.2095Y-127.8157

G1X215.6968Y-132.8360

G1X218.0686Y-133.9356

G1X220.3456Y-134.8463

G1X222.5569Y-135.5672

G1X224.7025Y-136.0964

G1X226.8481Y-136.4501

G1X228.9937Y-136.6295

G1X230.9350Y-136.6482

G1X232.8763Y-136.5420

G1X234.9197Y-136.3103

G1X237.1675Y-135.9370

G1X241.1521Y-135.0544

G1X252.4932Y-132.1603

G1X256.1714Y-131.3918

G1X259.6452Y-130.8125

G1X263.2212Y-130.3797

G1X266.7972Y-130.1188

G1X270.3733Y-130.0316

G1X273.9493Y-130.1188

G1 Z0F20000

(Start Block)


G1X22.9136Y-125.9019
G1Z6F20000
(Plotting speed under)
G1 F4000


G1X24.2418Y-126.5516

G1X25.6531Y-127.4378

G1X30.7170Y-131.3274

G1X32.8311Y-132.7081

G1X34.0138Y-133.2847

G1X35.1742Y-133.6769

G1X36.1959Y-133.8641

G1X37.3198Y-133.8880

G1X38.3415Y-133.7428

G1X39.4216Y-133.4215

G1X40.5348Y-132.9212

G1X41.6748Y-132.2500

G1X43.6965Y-130.7500

G1X48.7311Y-126.4810

G1X50.0980Y-125.4999

G1X51.2808Y-124.7977

G1X52.6090Y-124.2053

G1X53.8716Y-123.8585

G1X55.0976Y-123.7360

G1X56.4259Y-123.8445

G1X57.4476Y-124.0941

G1X58.4912Y-124.4893

G1X59.5727Y-125.0340

G1X60.7682Y-125.7758

G1X62.9949Y-127.4536

G1X68.2395Y-131.8664

G1X69.7558Y-132.9835

G1X71.1726Y-133.8779

G1X72.6273Y-134.6141

G1X73.9994Y-135.1191

G1X75.3276Y-135.4226

G1X76.7580Y-135.5424

G1X78.1884Y-135.4519

G1X79.7210Y-135.1351

G1X81.3557Y-134.5719

G1X83.0382Y-133.7847

G1X86.0488Y-131.9878

G1X91.7325Y-128.0596

G1X94.1068Y-126.5106

G1X96.4976Y-125.1305

G1X98.7176Y-124.0559

G1X100.9946Y-123.1860

G1X103.2205Y-122.5695

G1X105.5704Y-122.1617

G1X107.9204Y-121.9840

G1X109.6573Y-121.9839

G1X111.4964Y-122.0892

G1X115.5832Y-122.6273

G1X119.3636Y-123.3733

G1X130.1938Y-125.7984

G1X136.7328Y-126.9427

G1X139.7979Y-127.3278

G1X142.7609Y-127.5981

G1X145.8260Y-127.7687

G1X148.7890Y-127.8271

G1X152.0585Y-127.7695

G1X155.4302Y-127.5775

G1X158.8018Y-127.2540

G1X162.2757Y-126.7906

G1X168.4060Y-125.6951

G1X180.4622Y-123.1049

G1X185.2643Y-122.3176

G1X187.6142Y-122.0798

G1X189.8620Y-121.9756

G1X191.9054Y-122.0037

G1X193.9489Y-122.1625

G1X196.1966Y-122.5003

G1X198.4444Y-123.0154

G1X200.6922Y-123.7066

G1X203.0786Y-124.6213

G1X207.3479Y-126.6394

G1X216.7404Y-131.6751

G1X219.2071Y-132.8293

G1X221.3892Y-133.7086

G1X223.5786Y-134.4308

G1X225.8264Y-134.9885

G1X227.9720Y-135.3400

G1X230.1176Y-135.5169

G1X232.0589Y-135.5342

G1X234.0001Y-135.4277

G1X236.0436Y-135.1981

G1X238.1892Y-134.8485

G1X242.1739Y-133.9879

G1X253.2084Y-131.2495

G1X256.7844Y-130.5198

G1X260.1561Y-129.9681

G1X263.6299Y-129.5532

G1X267.1037Y-129.3008

G1X270.5776Y-129.2135

G1X273.9493Y-129.2877

G1 Z0F20000

(Start Block)


G1X22.9136Y-124.6714
G1Z6F20000
(Plotting speed under)
G1 F4000


G1X24.3304Y-125.3325

G1X25.8191Y-126.2593

G1X30.8830Y-130.1888

G1X33.0967Y-131.6464

G1X34.2036Y-132.1839

G1X35.2764Y-132.5516

G1X36.2981Y-132.7467

G1X37.4219Y-132.7758

G1X38.4437Y-132.6310

G1X39.5165Y-132.3089

G1X40.6233Y-131.8056

G1X41.7579Y-131.1292

G1X43.7746Y-129.6118

G1X48.7311Y-125.3593

G1X50.0980Y-124.3686

G1X51.2808Y-123.6623

G1X52.6090Y-123.0711

G1X53.8716Y-122.7316

G1X55.0976Y-122.6219

G1X56.3237Y-122.7314

G1X57.3454Y-122.9859

G1X58.3963Y-123.3924

G1X59.4842Y-123.9533

G1X60.6851Y-124.7166

G1X62.9168Y-126.4356

G1X67.9171Y-130.7121

G1X69.3186Y-131.7697

G1X70.7299Y-132.6903

G1X72.1530Y-133.4399

G1X73.4885Y-133.9596

G1X74.8168Y-134.2882

G1X76.2472Y-134.4276

G1X77.6776Y-134.3484

G1X79.2102Y-134.0343

G1X80.7865Y-133.4875

G1X82.4942Y-132.6764

G1X85.5065Y-130.8373

G1X91.0684Y-126.8969

G1X93.3098Y-125.3954

G1X95.7006Y-123.9771

G1X97.8638Y-122.9043

G1X100.0531Y-122.0470

G1X102.1988Y-121.4382

G1X104.4465Y-121.0396

G1X106.6943Y-120.8683

G1X108.4312Y-120.8754

G1X110.2703Y-120.9983

G1X114.3572Y-121.6057

G1X118.1375Y-122.4415

G1X129.1721Y-125.2058

G1X132.6459Y-125.9439

G1X136.0176Y-126.5422

G1X139.2871Y-126.9980

G1X142.4544Y-127.3166

G1X145.7239Y-127.5156

G1X148.8912Y-127.5821

G1X152.3650Y-127.5121

G1X155.9410Y-127.2853

G1X159.5170Y-126.9045

G1X163.0930Y-126.3763

G1X169.5298Y-125.1010

G1X181.8926Y-122.1436

G1X186.6947Y-121.2628

G1X188.9424Y-121.0011

G1X191.1902Y-120.8689

G1X193.2337Y-120.8801

G1X195.2771Y-121.0304

G1X197.5249Y-121.3686

G1X199.6705Y-121.8652

G1X201.9401Y-122.5732

G1X204.2171Y-123.4589

G1X208.2967Y-125.4063

G1X217.7840Y-130.5484

G1X220.1559Y-131.6696

G1X222.3380Y-132.5601

G1X224.6004Y-133.3133

G1X226.7460Y-133.8516

G1X228.8916Y-134.2124

G1X231.0372Y-134.3980

G1X232.8763Y-134.4253

G1X234.8175Y-134.3332

G1X236.8609Y-134.1185

G1X239.0066Y-133.7843

G1X242.8891Y-132.9762

G1X253.9236Y-130.3140

G1X257.3974Y-129.6229

G1X260.6669Y-129.0992

G1X264.0386Y-128.7029

G1X267.3081Y-128.4649

G1X270.6798Y-128.3733

G1X273.9493Y-128.4350

G1 Z0F20000

(Start Block)


G1X22.9136Y-123.4465
G1Z6F20000
(Plotting speed under)
G1 F4000


G1X24.3304Y-124.0631

G1X25.9021Y-125.0161

G1X27.3133Y-126.0508

G1X31.2150Y-129.1637

G1X33.2738Y-130.5273

G1X34.3933Y-131.0769

G1X35.4807Y-131.4491

G1X36.5024Y-131.6387

G1X37.5241Y-131.6645

G1X38.5458Y-131.5232

G1X39.6113Y-131.2033

G1X40.7119Y-130.7001

G1X41.8409Y-130.0212

G1X43.8528Y-128.4906

G1X48.7311Y-124.2563

G1X50.0980Y-123.2536

G1X51.2808Y-122.5402

G1X52.6090Y-121.9462

G1X53.8716Y-121.6098

G1X55.0976Y-121.5086

G1X56.3237Y-121.6319

G1X57.3454Y-121.9014

G1X58.3963Y-122.3261

G1X59.4842Y-122.9079

G1X60.6021Y-123.6364

G1X62.7605Y-125.3261

G1X67.7609Y-129.6582

G1X69.2356Y-130.7758

G1X70.5528Y-131.6338

G1X71.9632Y-132.3746

G1X73.2915Y-132.8837

G1X74.6124Y-133.1972

G1X75.9407Y-133.3148

G1X77.3711Y-133.2239

G1X78.8890Y-132.8946

G1X80.4070Y-132.3479

G1X82.0641Y-131.5388

G1X85.0084Y-129.6971

G1X90.4043Y-125.7844

G1X92.6900Y-124.2175

G1X94.9037Y-122.8715

G1X97.0099Y-121.7942

G1X99.1920Y-120.9150

G1X101.2792Y-120.3086

G1X103.4248Y-119.9201

G1X105.5704Y-119.7537

G1X107.3073Y-119.7662

G1X109.1464Y-119.9048

G1X111.0877Y-120.1700

G1X113.2333Y-120.5782

G1X117.1158Y-121.5283

G1X128.2525Y-124.6044

G1X131.8285Y-125.4390

G1X135.3024Y-126.1152

G1X138.7762Y-126.6448

G1X142.1479Y-127.0131

G1X145.5195Y-127.2363

G1X148.8912Y-127.3151

G1X152.5694Y-127.2371

G1X156.2475Y-126.9892

G1X160.0279Y-126.5592

G1X163.8082Y-125.9572

G1X167.0777Y-125.3073

G1X170.5515Y-124.5028

G1X183.3230Y-121.1528

G1X188.1251Y-120.1902

G1X190.3729Y-119.9039

G1X192.5185Y-119.7610

G1X194.5619Y-119.7623

G1X196.5032Y-119.9002

G1X198.7509Y-120.2378

G1X200.8965Y-120.7421

G1X203.0786Y-121.4337

G1X205.3556Y-122.3330

G1X209.3972Y-124.2925

G1X218.6379Y-129.3596

G1X221.0098Y-130.4962

G1X223.2867Y-131.4357

G1X225.5199Y-132.1844

G1X227.6655Y-132.7277

G1X229.8111Y-133.0925

G1X232.0589Y-133.2868

G1X233.8980Y-133.3109

G1X235.7371Y-133.2250

G1X237.7805Y-133.0158

G1X239.9261Y-132.6894

G1X243.8086Y-131.8991

G1X254.6388Y-129.3544

G1X258.0105Y-128.7012

G1X261.1778Y-128.2055

G1X264.4473Y-127.8283

G1X267.6146Y-127.6001

G1X270.7819Y-127.5102

G1X273.9493Y-127.5599

G1 Z0F20000

(Start Block)


G1X22.9136Y-122.2293
G1Z6F20000
(Plotting speed under)
G1 F4000


G1X24.4189Y-122.8394

G1X26.0681Y-123.8224

G1X27.5624Y-124.9236

G1X31.4641Y-128.0692

G1X33.4509Y-129.3993

G1X34.5830Y-129.9635

G1X35.5829Y-130.3149

G1X36.6046Y-130.5177

G1X37.6263Y-130.5538

G1X38.6480Y-130.4192

G1X39.7062Y-130.1047

G1X40.7119Y-129.6515

G1X41.8409Y-128.9816

G1X43.9309Y-127.3864

G1X48.8141Y-123.1055

G1X50.1423Y-122.1246

G1X51.2808Y-121.4313

G1X52.5142Y-120.8653

G1X53.7694Y-120.5111

G1X54.9955Y-120.3947

G1X56.2215Y-120.5082

G1X57.2432Y-120.7742

G1X58.2066Y-121.1578

G1X59.3071Y-121.7397

G1X60.4361Y-122.4758

G1X62.5261Y-124.1221

G1X67.6046Y-128.5752

G1X68.9866Y-129.6374

G1X70.2871Y-130.5007

G1X71.6786Y-131.2470

G1X73.0069Y-131.7669

G1X74.3059Y-132.0816

G1X75.6342Y-132.2013

G1X77.0645Y-132.1054

G1X78.5971Y-131.7587

G1X80.1224Y-131.1877

G1X81.7099Y-130.3883

G1X84.5103Y-128.5989

G1X92.0702Y-123.0869

G1X94.2839Y-121.7109

G1X96.3458Y-120.6367

G1X98.3381Y-119.8132

G1X100.3597Y-119.2034

G1X102.4031Y-118.8152

G1X104.5487Y-118.6398

G1X106.2856Y-118.6564

G1X108.1247Y-118.8093

G1X110.0660Y-119.1001

G1X112.2116Y-119.5458

G1X116.0941Y-120.5824

G1X127.3330Y-123.9651

G1X131.0112Y-124.8979

G1X134.5872Y-125.6527

G1X138.1632Y-126.2438

G1X141.7392Y-126.6672

G1X145.3152Y-126.9235

G1X148.9934Y-127.0152

G1X152.3650Y-126.9475

G1X155.7367Y-126.7355

G1X159.1083Y-126.3790

G1X162.4800Y-125.8794

G1X166.2603Y-125.1545

G1X170.2450Y-124.2183

G1X174.2298Y-123.1395

G1X183.2209Y-120.5330

G1X187.9207Y-119.3972

G1X190.5772Y-118.9420

G1X193.0293Y-118.6912

G1X195.3793Y-118.6347

G1X197.6271Y-118.7708

G1X199.7726Y-119.0865

G1X201.9183Y-119.5878

G1X204.0274Y-120.2568

G1X206.3043Y-121.1602

G1X210.3712Y-123.1514

G1X219.4918Y-128.2034

G1X221.8636Y-129.3511

G1X224.1406Y-130.2990

G1X226.3373Y-131.0437

G1X228.4829Y-131.5951

G1X230.6285Y-131.9673

G1X232.8763Y-132.1689

G1X234.7153Y-132.1990

G1X236.6566Y-132.1118

G1X240.7435Y-131.6000

G1X244.6260Y-130.8284

G1X255.2518Y-128.3923

G1X258.5213Y-127.7725

G1X261.6886Y-127.2870

G1X264.7538Y-126.9385

G1X267.8189Y-126.7162

G1X270.8841Y-126.6236

G1X273.9493Y-126.6620

G1 Z0F20000

(Start Block)


G1X22.9136Y-121.0225
G1Z6F20000
(Plotting speed under)
G1 F4000


G1X24.5075Y-121.6148

G1X26.2342Y-122.6218

G1X27.8115Y-123.7876

G1X31.7131Y-126.9659

G1X33.7292Y-128.3199

G1X34.7728Y-128.8436

G1X35.8894Y-129.2324

G1X36.9111Y-129.4176

G1X37.8306Y-129.4385

G1X38.8524Y-129.2968

G1X39.8960Y-128.9765

G1X40.8890Y-128.5188

G1X42.0069Y-127.8437

G1X44.1653Y-126.1663

G1X48.8531Y-122.0074

G1X50.1423Y-121.0414

G1X51.3377Y-120.3044

G1X52.6090Y-119.7235

G1X53.7694Y-119.3986

G1X54.9955Y-119.2811

G1X56.2215Y-119.3987

G1X57.2432Y-119.6717

G1X58.2066Y-120.0649

G1X59.3071Y-120.6603

G1X60.4361Y-121.4125

G1X62.4480Y-123.0230

G1X67.4484Y-127.4635

G1X68.8205Y-128.5318

G1X70.1100Y-129.3979

G1X71.4889Y-130.1448

G1X72.7733Y-130.6531

G1X74.1016Y-130.9760

G1X75.3276Y-131.0872

G1X76.7580Y-130.9937

G1X78.1884Y-130.6724

G1X79.7429Y-130.0894

G1X81.3557Y-129.2648

G1X84.1782Y-127.4217

G1X89.3251Y-123.5286

G1X91.5665Y-121.9239

G1X93.6640Y-120.5930

G1X95.6817Y-119.5156

G1X97.6740Y-118.6746

G1X99.6445Y-118.0711

G1X101.6879Y-117.6827

G1X103.7313Y-117.5234

G1X105.4682Y-117.5514

G1X107.3073Y-117.7261

G1X109.2486Y-118.0479

G1X111.2920Y-118.5103

G1X115.0724Y-119.5985

G1X126.4134Y-123.2812

G1X130.1938Y-124.3139

G1X133.8720Y-125.1476

G1X137.6523Y-125.8153

G1X141.4326Y-126.2895

G1X145.2130Y-126.5739

G1X149.0955Y-126.6733

G1X152.6715Y-126.5950

G1X156.2475Y-126.3540

G1X159.8235Y-125.9491

G1X163.3995Y-125.3797

G1X167.2821Y-124.5789

G1X171.3689Y-123.5462

G1X175.2515Y-122.4178

G1X184.4469Y-119.5552

G1X189.0446Y-118.3601

G1X191.7011Y-117.8661

G1X194.1532Y-117.5898

G1X196.5032Y-117.5193

G1X198.7509Y-117.6518

G1X200.7944Y-117.9528

G1X202.9400Y-118.4570

G1X205.0710Y-119.1427

G1X207.2531Y-120.0205

G1X211.1682Y-121.9532

G1X220.3456Y-127.0794

G1X222.7175Y-128.2338

G1X224.8996Y-129.1495

G1X227.1547Y-129.9212

G1X229.3003Y-130.4757

G1X231.4459Y-130.8501

G1X233.6936Y-131.0537

G1X235.5327Y-131.0860

G1X237.3718Y-131.0088

G1X241.4587Y-130.5160

G1X245.2390Y-129.7857

G1X255.7627Y-127.4269

G1X259.0322Y-126.8189

G1X262.0973Y-126.3573

G1X265.0603Y-126.0238

G1X268.0233Y-125.8079

G1X270.9863Y-125.7131

G1X273.9493Y-125.7409

G1 Z0F20000

(Start Block)


G1X22.9136Y-119.8286
G1Z6F20000
(Plotting speed under)
G1 F4000


G1X24.6213Y-120.4023

G1X26.3670Y-121.3922

G1X28.2265Y-122.7741

G1X31.9622Y-125.8528

G1X34.0707Y-127.2702

G1X35.0574Y-127.7574

G1X36.0062Y-128.0942

G1X37.0133Y-128.2939

G1X37.9328Y-128.3288

G1X38.9545Y-128.2000

G1X39.9762Y-127.8969

G1X41.0344Y-127.4119

G1X42.0899Y-126.7734

G1X44.2434Y-125.0952

G1X49.0094Y-120.8314

G1X50.3084Y-119.8594

G1X51.4263Y-119.1723

G1X52.7039Y-118.5905

G1X53.8716Y-118.2715

G1X54.9955Y-118.1676

G1X56.2215Y-118.2844

G1X57.2432Y-118.5606

G1X58.2066Y-118.9596

G1X59.2185Y-119.5105

G1X60.3531Y-120.2690

G1X62.2917Y-121.8298

G1X67.3703Y-126.3889

G1X68.7375Y-127.4617

G1X70.0215Y-128.3277

G1X71.2991Y-129.0251

G1X72.5690Y-129.5363

G1X73.7951Y-129.8464

G1X75.1233Y-129.9742

G1X76.4515Y-129.8885

G1X77.8819Y-129.5694

G1X79.3634Y-129.0134

G1X81.0016Y-128.1692

G1X83.8462Y-126.2795

G1X91.0684Y-120.8011

G1X93.1327Y-119.4632

G1X95.1124Y-118.3849

G1X97.0099Y-117.5648

G1X98.9293Y-116.9598

G1X100.8705Y-116.5767

G1X102.9139Y-116.4094

G1X104.6509Y-116.4419

G1X106.4900Y-116.6307

G1X108.4312Y-116.9767

G1X110.5768Y-117.5014

G1X114.2769Y-118.6486

G1X125.1874Y-122.4506

G1X128.6612Y-123.4874

G1X132.0329Y-124.3445

G1X135.3024Y-125.0244

G1X138.5719Y-125.5539

G1X141.9435Y-125.9459

G1X145.3152Y-126.1867

G1X150.0151Y-126.2790

G1X154.7149Y-126.0930

G1X159.3127Y-125.6393

G1X163.9104Y-124.9101

G1X168.0994Y-124.0055

G1X172.3907Y-122.8561

G1X176.4775Y-121.5892

G1X184.9578Y-118.7654

G1X189.0446Y-117.5757

G1X191.1902Y-117.0760

G1X193.2337Y-116.7128

G1X195.1749Y-116.4899

G1X197.0140Y-116.4047

G1X199.3640Y-116.4926

G1X201.6117Y-116.7968

G1X203.8595Y-117.3199

G1X206.2095Y-118.0928

G1X208.3916Y-118.9980

G1X210.7634Y-120.1523

G1X220.0230Y-125.3629

G1X224.0457Y-127.3566

G1X226.3227Y-128.2711

G1X228.4829Y-128.9647

G1X230.6285Y-129.4742

G1X232.8763Y-129.8145

G1X234.9197Y-129.9584

G1X236.9631Y-129.9575

G1X239.1087Y-129.8183

G1X241.4587Y-129.5309

G1X245.5455Y-128.7894

G1X256.6822Y-126.3568

G1X259.9517Y-125.7742

G1X263.1190Y-125.3254

G1X268.5341Y-124.8591

G1X271.2928Y-124.7760

G1X273.9493Y-124.7965

G1 Z0F20000

(Start Block)


G1X22.9136Y-118.6501
G1Z6F20000
(Plotting speed under)
G1 F4000


G1X23.7309Y-118.8309

G1X24.6213Y-119.1420

G1X25.5701Y-119.5985

G1X26.5441Y-120.1864

G1X28.3828Y-121.5450

G1X32.2112Y-124.7289

G1X34.3364Y-126.1714

G1X35.3420Y-126.6663

G1X36.2981Y-126.9993

G1X37.2176Y-127.1796

G1X38.1372Y-127.2151

G1X39.1589Y-127.0843

G1X40.1806Y-126.7765

G1X41.2242Y-126.2903

G1X42.3058Y-125.6247

G1X44.3215Y-124.0405

G1X49.0875Y-119.7355

G1X50.3914Y-118.7487

G1X51.5148Y-118.0520

G1X52.7039Y-117.5008

G1X53.8716Y-117.1679

G1X54.9955Y-117.0543

G1X56.2215Y-117.1652

G1X57.2432Y-117.4405

G1X58.2066Y-117.8419

G1X59.2185Y-118.3982

G1X60.3531Y-119.1658

G1X62.2917Y-120.7472

G1X67.2921Y-125.2877

G1X68.6545Y-126.3675

G1X69.8444Y-127.1815

G1X71.2043Y-127.9336

G1X72.4668Y-128.4408

G1X73.6929Y-128.7453

G1X74.9190Y-128.8605

G1X76.3493Y-128.7588

G1X77.7506Y-128.4255

G1X79.1737Y-127.8722

G1X80.7359Y-127.0500

G1X83.5141Y-125.1744

G1X90.6534Y-119.6621

G1X92.6900Y-118.3193

G1X94.6380Y-117.2406

G1X96.5355Y-116.4114

G1X98.4184Y-115.8164

G1X100.2575Y-115.4539

G1X102.1988Y-115.2956

G1X103.9357Y-115.3329

G1X105.7748Y-115.5362

G1X107.7160Y-115.9074

G1X109.7594Y-116.4379

G1X113.5179Y-117.6751

G1X124.4284Y-121.7120

G1X127.9460Y-122.8223

G1X131.4199Y-123.7521

G1X134.7915Y-124.4858

G1X138.2653Y-125.0689

G1X141.7392Y-125.4833

G1X145.3152Y-125.7423

G1X150.2194Y-125.8343

G1X155.1237Y-125.6289

G1X159.9257Y-125.1342

G1X164.7278Y-124.3362

G1X169.0190Y-123.3610

G1X173.4124Y-122.1187

G1X177.4628Y-120.7917

G1X186.0962Y-117.7521

G1X190.0663Y-116.5321

G1X192.2120Y-116.0038

G1X194.1532Y-115.6353

G1X196.0945Y-115.3922

G1X197.9335Y-115.2929

G1X200.1813Y-115.3630

G1X202.4291Y-115.6560

G1X204.6769Y-116.1755

G1X206.9684Y-116.9291

G1X209.1505Y-117.8369

G1X211.6109Y-119.0451

G1X220.6429Y-124.1738

G1X224.7098Y-126.2101

G1X226.9868Y-127.1333

G1X229.1981Y-127.8481

G1X231.3437Y-128.3590

G1X233.4893Y-128.6887

G1X235.2262Y-128.8276

G1X237.0653Y-128.8587

G1X238.9044Y-128.7816

G1X240.9478Y-128.5866

G1X245.1369Y-127.9144

G1X255.9670Y-125.5854

G1X261.5865Y-124.6038

G1X264.7538Y-124.2097

G1X267.8189Y-123.9532

G1X270.8841Y-123.8254

G1X273.9493Y-123.8287

G1 Z0F20000

(Start Block)


G1X22.9136Y-117.4896
G1Z6F20000
(Plotting speed under)
G1 F4000


G1X23.8331Y-117.6500

G1X24.7162Y-117.9281

G1X25.7471Y-118.3986

G1X26.7212Y-118.9745

G1X28.5390Y-120.3076

G1X32.7093Y-123.7889

G1X34.6906Y-125.1150

G1X35.7215Y-125.6098

G1X36.6046Y-125.9045

G1X37.4219Y-126.0634

G1X38.3415Y-126.1022

G1X39.3632Y-125.9716

G1X40.3703Y-125.6674

G1X41.4140Y-125.1778

G1X42.4828Y-124.5137

G1X44.4778Y-122.9332

G1X49.1657Y-118.6566

G1X50.4744Y-117.6526

G1X51.6034Y-116.9434

G1X52.7988Y-116.3841

G1X53.9738Y-116.0493

G1X55.0976Y-115.9406

G1X56.3237Y-116.0612

G1X57.2432Y-116.3120

G1X58.2066Y-116.7119

G1X59.2185Y-117.2700

G1X60.3531Y-118.0432

G1X62.2917Y-119.6406

G1X67.2140Y-124.1602

G1X68.5715Y-125.2496

G1X69.7558Y-126.0696

G1X71.0145Y-126.7799

G1X72.2625Y-127.3000

G1X73.4885Y-127.6200

G1X74.7146Y-127.7458

G1X76.0428Y-127.6655

G1X77.4659Y-127.3416

G1X78.8890Y-126.7932

G1X80.4703Y-125.9569

G1X83.1821Y-124.1056

G1X90.3213Y-118.5040

G1X92.3358Y-117.1575

G1X94.1637Y-116.1284

G1X95.9663Y-115.3198

G1X97.8054Y-114.7181

G1X99.6445Y-114.3425

G1X101.5857Y-114.1809

G1X103.3226Y-114.2254

G1X105.0596Y-114.4286

G1X107.0008Y-114.8166

G1X109.0442Y-115.3753

G1X112.6640Y-116.6280

G1X120.2539Y-119.6451

G1X123.6694Y-120.9240

G1X127.3330Y-122.1387

G1X130.8068Y-123.1102

G1X134.2806Y-123.8970

G1X137.8566Y-124.5179

G1X141.5348Y-124.9674

G1X145.2130Y-125.2380

G1X150.3216Y-125.3355

G1X155.5323Y-125.1107

G1X160.5387Y-124.5772

G1X165.4430Y-123.7329

G1X169.8363Y-122.6945

G1X174.3319Y-121.3650

G1X178.5064Y-119.9279

G1X187.0450Y-116.7658

G1X190.9859Y-115.4910

G1X193.1315Y-114.9340

G1X195.1749Y-114.5281

G1X197.0140Y-114.2875

G1X198.8531Y-114.1804

G1X201.1009Y-114.2486

G1X203.3486Y-114.5477

G1X205.5964Y-115.0801

G1X207.8223Y-115.8267

G1X210.0044Y-116.7496

G1X212.2814Y-117.8788

G1X221.3513Y-123.0647

G1X225.3740Y-125.0891

G1X227.6509Y-126.0166

G1X229.8111Y-126.7193

G1X231.9567Y-127.2355

G1X234.1023Y-127.5696

G1X235.8392Y-127.7117

G1X237.6783Y-127.7457

G1X239.6196Y-127.6650

G1X241.5609Y-127.4806

G1X245.7499Y-126.8178

G1X256.3757Y-124.5664

G1X261.8930Y-123.6119

G1X264.9581Y-123.2306

G1X268.0233Y-122.9717

G1X270.9863Y-122.8434

G1X273.9493Y-122.8377

G1 Z0F20000

(Start Block)


G1X22.9136Y-116.3498
G1Z6F20000
(Plotting speed under)
G1 F4000


G1X23.9353Y-116.4765

G1X24.9059Y-116.7530

G1X25.9243Y-117.1972

G1X26.9813Y-117.8100

G1X28.7734Y-119.1257

G1X33.0413Y-122.7154

G1X34.9625Y-124.0043

G1X35.9113Y-124.4695

G1X36.8089Y-124.7793

G1X37.7285Y-124.9572

G1X38.6480Y-124.9856

G1X39.6697Y-124.8390

G1X40.6549Y-124.5261

G1X41.6859Y-124.0289

G1X42.7485Y-123.3529

G1X44.6341Y-121.8406

G1X49.2438Y-117.5949

G1X50.5574Y-116.5711

G1X51.6919Y-115.8465

G1X52.8937Y-115.2753

G1X54.0759Y-114.9348

G1X55.1998Y-114.8271

G1X56.4259Y-114.9530

G1X57.3454Y-115.2104

G1X58.3014Y-115.6165

G1X59.3071Y-116.1816

G1X60.4361Y-116.9637

G1X62.3698Y-118.5807

G1X67.1359Y-123.0065

G1X68.4885Y-124.1081

G1X69.6673Y-124.9372

G1X70.9196Y-125.6556

G1X72.1603Y-126.1815

G1X73.3864Y-126.5064

G1X74.6124Y-126.6325

G1X75.9407Y-126.5473

G1X77.3711Y-126.2102

G1X78.7879Y-125.6479

G1X80.2932Y-124.8357

G1X83.0160Y-122.9449

G1X89.9893Y-117.3847

G1X91.8930Y-116.0854

G1X93.7842Y-114.9989

G1X95.5868Y-114.1799

G1X97.3967Y-113.5840

G1X99.1336Y-113.2266

G1X100.9727Y-113.0686

G1X102.7096Y-113.1119

G1X104.4465Y-113.3230

G1X106.3878Y-113.7296

G1X108.4312Y-114.3155

G1X112.0948Y-115.6498

G1X119.5898Y-118.7796

G1X123.0053Y-120.1196

G1X126.6178Y-121.3738

G1X130.1938Y-122.4178

G1X133.7698Y-123.2572

G1X137.4480Y-123.9143

G1X141.2283Y-124.3874

G1X145.1108Y-124.6780

G1X150.5259Y-124.7791

G1X155.8388Y-124.5453

G1X161.0496Y-123.9823

G1X166.1582Y-123.0801

G1X170.5515Y-122.0083

G1X175.0909Y-120.6176

G1X179.2654Y-119.1224

G1X187.9937Y-115.7441

G1X191.9054Y-114.4239

G1X194.0511Y-113.8438

G1X195.9923Y-113.4408

G1X197.8314Y-113.1851

G1X199.6705Y-113.0685

G1X201.9183Y-113.1320

G1X204.0638Y-113.4151

G1X206.2095Y-113.9167

G1X208.4864Y-114.6774

G1X210.6685Y-115.6038

G1X213.0277Y-116.7844

G1X221.9711Y-121.9389

G1X225.9432Y-123.9516

G1X228.2202Y-124.8863

G1X230.3220Y-125.5777

G1X232.4676Y-126.1031

G1X234.6132Y-126.4454

G1X236.3501Y-126.5933

G1X238.1892Y-126.6332

G1X240.1304Y-126.5578

G1X242.1739Y-126.3669

G1X246.2607Y-125.7269

G1X256.7844Y-123.5245

G1X262.1995Y-122.5958

G1X265.1625Y-122.2272

G1X268.1255Y-121.9725

G1X271.0884Y-121.8375

G1X273.9493Y-121.8235

G1 Z0F20000

(Start Block)


G1X22.9136Y-115.2331
G1Z6F20000
(Plotting speed under)
G1 F4000


G1X23.9353Y-115.2964

G1X24.9570Y-115.5331

G1X25.9496Y-115.9217

G1X27.0643Y-116.5295

G1X28.9736Y-117.9083

G1X33.3051Y-121.5799

G1X34.4526Y-122.4095

G1X35.4369Y-122.9990

G1X36.2981Y-123.4037

G1X37.2176Y-123.7051

G1X38.0350Y-123.8491

G1X38.8524Y-123.8741

G1X39.8741Y-123.7332

G1X40.8447Y-123.4281

G1X41.8630Y-122.9400

G1X42.9201Y-122.2693

G1X44.7903Y-120.7627

G1X49.4001Y-116.4842

G1X50.6404Y-115.5045

G1X51.7805Y-114.7614

G1X52.9885Y-114.1747

G1X54.1781Y-113.8243

G1X55.3020Y-113.7136

G1X56.4259Y-113.8200

G1X57.3454Y-114.0655

G1X58.3014Y-114.4629

G1X59.3071Y-115.0226

G1X60.4361Y-115.8032

G1X62.3698Y-117.4273

G1X67.2140Y-121.9631

G1X68.4885Y-123.0069

G1X69.6673Y-123.8420

G1X70.9196Y-124.5629

G1X72.1603Y-125.0868

G1X73.3864Y-125.4053

G1X74.5103Y-125.5184

G1X75.8385Y-125.4343

G1X77.2689Y-125.0924

G1X78.6993Y-124.5136

G1X80.2046Y-123.6842

G1X82.9330Y-121.7510

G1X89.7402Y-116.2418

G1X91.7160Y-114.8802

G1X93.4996Y-113.8493

G1X95.2073Y-113.0634

G1X96.9880Y-112.4668

G1X98.7249Y-112.1057

G1X100.5640Y-111.9527

G1X102.3009Y-112.0091

G1X104.0378Y-112.2395

G1X105.8769Y-112.6477

G1X107.9204Y-113.2624

G1X111.4307Y-114.5972

G1X118.9257Y-117.8657

G1X122.3412Y-119.2657

G1X126.0412Y-120.6029

G1X129.5808Y-121.6747

G1X133.2589Y-122.5666

G1X137.0393Y-123.2586

G1X140.9218Y-123.7534

G1X145.0087Y-124.0627

G1X150.6281Y-124.1681

G1X156.2475Y-123.9181

G1X161.6626Y-123.3215

G1X166.8734Y-122.3781

G1X171.3689Y-121.2465

G1X175.9448Y-119.7928

G1X180.1192Y-118.2384

G1X188.8476Y-114.7213

G1X192.7228Y-113.3609

G1X194.8684Y-112.7584

G1X196.8097Y-112.3398

G1X198.6488Y-112.0753

G1X200.4878Y-111.9549

G1X202.6335Y-112.0131

G1X204.7791Y-112.2950

G1X206.9247Y-112.8011

G1X209.1505Y-113.5515

G1X211.2378Y-114.4423

G1X213.5590Y-115.6075

G1X222.5024Y-120.7946

G1X226.4175Y-122.7959

G1X228.6945Y-123.7416

G1X230.8328Y-124.4523

G1X232.9784Y-124.9824

G1X235.1240Y-125.3280

G1X236.8609Y-125.4782

G1X238.7000Y-125.5198

G1X240.6413Y-125.4463

G1X242.6847Y-125.2572

G1X246.7716Y-124.6216

G1X257.1931Y-122.4601

G1X262.4038Y-121.5702

G1X265.3668Y-121.1997

G1X268.2276Y-120.9495

G1X271.0884Y-120.8108

G1X273.9493Y-120.7862

G1 Z0F20000

(Start Block)


G1X22.9136Y-114.1419
G1Z6F20000
(Plotting speed under)
G1 F4000


G1X23.9353Y-114.1384

G1X24.8549Y-114.2869

G1X25.8547Y-114.6070

G1X26.8034Y-115.0568

G1X28.8076Y-116.3927

G1X33.2269Y-120.1611

G1X35.0448Y-121.4877

G1X36.1073Y-122.0822

G1X37.1446Y-122.4943

G1X38.1372Y-122.7159

G1X39.0567Y-122.7626

G1X40.0784Y-122.6307

G1X41.0344Y-122.3357

G1X42.0401Y-121.8590

G1X43.0861Y-121.1998

G1X45.0247Y-119.6292

G1X49.5563Y-115.3898

G1X50.7283Y-114.4497

G1X51.9576Y-113.6369

G1X53.1783Y-113.0447

G1X54.2803Y-112.7180

G1X55.4042Y-112.6002

G1X56.5280Y-112.7031

G1X57.5425Y-112.9810

G1X58.4912Y-113.3918

G1X59.4842Y-113.9611

G1X60.5191Y-114.6874

G1X62.4480Y-116.3221

G1X67.2140Y-120.8279

G1X68.4885Y-121.8836

G1X69.6673Y-122.7277

G1X70.9196Y-123.4551

G1X72.1603Y-123.9815

G1X73.3864Y-124.2982

G1X74.5103Y-124.4059

G1X75.8385Y-124.3109

G1X77.1667Y-123.9864

G1X78.6044Y-123.3996

G1X80.1161Y-122.5551

G1X82.8402Y-120.5946

G1X89.4912Y-115.1342

G1X91.4503Y-113.7630

G1X93.2213Y-112.7238

G1X94.9227Y-111.9315

G1X96.6815Y-111.3381

G1X98.4184Y-110.9793

G1X100.1553Y-110.8385

G1X101.7901Y-110.8918

G1X103.5270Y-111.1261

G1X105.3661Y-111.5459

G1X107.3511Y-112.1625

G1X110.9563Y-113.5859

G1X118.3564Y-116.9449

G1X121.8668Y-118.4377

G1X125.4720Y-119.7857

G1X129.0699Y-120.9101

G1X132.7481Y-121.8261

G1X136.6306Y-122.5522

G1X140.7175Y-123.0775

G1X144.9065Y-123.3935

G1X150.8325Y-123.5014

G1X156.6562Y-123.2382

G1X162.2757Y-122.6105

G1X167.5886Y-121.6280

G1X172.0841Y-120.4670

G1X176.7038Y-118.9549

G1X180.9731Y-117.3088

G1X189.7015Y-113.6633

G1X193.4380Y-112.3053

G1X195.4814Y-111.7055

G1X197.4227Y-111.2634

G1X199.2618Y-110.9799

G1X201.1009Y-110.8451

G1X203.2465Y-110.8916

G1X205.3921Y-111.1680

G1X207.5377Y-111.6741

G1X209.7198Y-112.4126

G1X211.8070Y-113.3075

G1X214.1788Y-114.5083

G1X223.0337Y-119.6814

G1X226.8919Y-121.6654

G1X229.0740Y-122.5814

G1X231.2415Y-123.3135

G1X233.3871Y-123.8523

G1X235.5327Y-124.2054

G1X237.2696Y-124.3606

G1X239.1087Y-124.4067

G1X241.0500Y-124.3373

G1X243.0934Y-124.1515

G1X247.2824Y-123.5027

G1X257.4996Y-121.3934

G1X262.6082Y-120.5212

G1X265.4690Y-120.1593

G1X268.3298Y-119.9029

G1X271.1906Y-119.7578

G1X273.9493Y-119.7261

G1 Z0F20000

(Start Block)


G1X22.9136Y-113.0784
G1Z6F20000
(Plotting speed under)
G1 F4000


G1X23.9353Y-113.0052

G1X24.9570Y-113.1121

G1X25.9496Y-113.3861

G1X26.9868Y-113.8436

G1X28.0494Y-114.4760

G1X29.1397Y-115.2649

G1X33.4613Y-118.9789

G1X35.3990Y-120.4065

G1X36.3857Y-120.9592

G1X37.4292Y-121.3801

G1X38.4437Y-121.6063

G1X39.3632Y-121.6474

G1X40.2828Y-121.5309

G1X41.3045Y-121.2176

G1X42.3058Y-120.7363

G1X43.3351Y-120.0815

G1X45.3373Y-118.4397

G1X49.7907Y-114.2431

G1X50.9725Y-113.2945

G1X52.1347Y-112.5238

G1X53.3680Y-111.9225

G1X54.4846Y-111.5951

G1X55.6085Y-111.4866

G1X56.7324Y-111.6022

G1X57.6373Y-111.8536

G1X58.5861Y-112.2626

G1X59.5727Y-112.8291

G1X60.6021Y-113.5540

G1X62.6042Y-115.2668

G1X67.2921Y-119.7377

G1X68.5715Y-120.8034

G1X69.7558Y-121.6529

G1X71.0145Y-122.3803

G1X72.1603Y-122.8659

G1X73.3864Y-123.1857

G1X74.5103Y-123.2926

G1X75.8385Y-123.1923

G1X77.1667Y-122.8579

G1X78.6044Y-122.2562

G1X80.1105Y-121.3962

G1X82.7621Y-119.4565

G1X89.2421Y-114.0618

G1X91.1846Y-112.6778

G1X92.9556Y-111.6187

G1X94.6380Y-110.8211

G1X96.3750Y-110.2245

G1X98.0097Y-109.8763

G1X99.7466Y-109.7260

G1X101.3814Y-109.7776

G1X103.1183Y-110.0179

G1X104.9574Y-110.4525

G1X106.9716Y-111.1018

G1X110.5768Y-112.5825

G1X117.8821Y-116.0204

G1X121.2975Y-117.5246

G1X124.9976Y-118.9537

G1X128.5590Y-120.0979

G1X132.3394Y-121.0602

G1X136.2219Y-121.7971

G1X140.3088Y-122.3309

G1X144.7022Y-122.6678

G1X150.8325Y-122.7854

G1X156.9627Y-122.5160

G1X162.6843Y-121.8818

G1X165.4430Y-121.4236

G1X168.0994Y-120.8776

G1X172.6972Y-119.6726

G1X177.3679Y-118.1071

G1X181.6372Y-116.4130

G1X190.2707Y-112.6858

G1X194.1605Y-111.2223

G1X196.1966Y-110.6079

G1X198.1379Y-110.1544

G1X199.9770Y-109.8657

G1X201.8161Y-109.7304

G1X203.9617Y-109.7831

G1X206.0051Y-110.0524

G1X208.1507Y-110.5644

G1X210.2890Y-111.2958

G1X212.3762Y-112.1998

G1X214.6216Y-113.3434

G1X223.3879Y-118.4982

G1X227.3663Y-120.5596

G1X229.5484Y-121.4779

G1X231.6502Y-122.1907

G1X233.7958Y-122.7338

G1X235.9414Y-123.0898

G1X237.7805Y-123.2520

G1X239.6196Y-123.2926

G1X241.5609Y-123.2172

G1X243.6043Y-123.0263

G1X247.6911Y-122.3892

G1X257.7039Y-120.3246

G1X262.8125Y-119.4488

G1X265.6733Y-119.0845

G1X268.4319Y-118.8329

G1X271.1906Y-118.6849

G1X273.9493Y-118.6433

G1 Z0F20000

(Start Block)


G1X22.9136Y-112.0444
G1Z6F20000
(Plotting speed under)
G1 F4000


G1X24.0375Y-111.8946

G1X25.0592Y-111.9494

G1X26.1393Y-112.2052

G1X27.2525Y-112.6724

G1X28.3925Y-113.3435

G1X29.5547Y-114.1930

G1X33.8715Y-117.9314

G1X35.7532Y-119.3198

G1X36.7651Y-119.8810

G1X37.7285Y-120.2655

G1X38.7502Y-120.4949

G1X39.6697Y-120.5329

G1X40.5893Y-120.4110

G1X41.6037Y-120.0939

G1X42.5524Y-119.6327

G1X43.5842Y-118.9729

G1X45.5673Y-117.3401

G1X50.1032Y-113.0419

G1X51.3045Y-112.0864

G1X52.3244Y-111.4141

G1X53.4629Y-110.8456

G1X54.5868Y-110.4969

G1X55.7107Y-110.3731

G1X56.8345Y-110.4770

G1X57.8271Y-110.7529

G1X58.7758Y-111.1701

G1X59.7499Y-111.7402

G1X60.7682Y-112.4676

G1X62.8343Y-114.2589

G1X67.3703Y-118.6249

G1X68.6545Y-119.7028

G1X69.7558Y-120.5019

G1X71.0145Y-121.2437

G1X72.1603Y-121.7400

G1X73.3864Y-122.0678

G1X74.5103Y-122.1788

G1X75.8385Y-122.0788

G1X77.1667Y-121.7401

G1X78.6044Y-121.1290

G1X80.0275Y-120.3083

G1X82.7621Y-118.2847

G1X89.1591Y-112.8966

G1X91.0076Y-111.5652

G1X92.7785Y-110.4924

G1X94.4483Y-109.6925

G1X96.0685Y-109.1261

G1X97.7032Y-108.7668

G1X99.4401Y-108.6124

G1X101.0749Y-108.6673

G1X102.8118Y-108.9171

G1X104.6509Y-109.3689

G1X106.5921Y-110.0165

G1X110.0076Y-111.4576

G1X117.4077Y-115.0511

G1X120.9180Y-116.6447

G1X124.6181Y-118.1101

G1X128.1503Y-119.2694

G1X131.9307Y-120.2489

G1X135.9154Y-121.0124

G1X140.1044Y-121.5581

G1X144.6000Y-121.8988

G1X147.7673Y-122.0083

G1X151.0368Y-122.0178

G1X154.2041Y-121.9286

G1X157.3714Y-121.7385

G1X160.4366Y-121.4502

G1X163.2974Y-121.0778

G1X166.0560Y-120.6139

G1X168.8146Y-120.0370

G1X173.4124Y-118.8039

G1X178.1269Y-117.1801

G1X182.3962Y-115.4347

G1X191.0297Y-111.5978

G1X194.8246Y-110.1340

G1X196.8097Y-109.5185

G1X198.7509Y-109.0522

G1X200.5900Y-108.7553

G1X202.3269Y-108.6203

G1X204.4725Y-108.6635

G1X206.5160Y-108.9289

G1X208.6616Y-109.4419

G1X210.7634Y-110.1641

G1X212.8506Y-111.0729

G1X215.0643Y-112.2078

G1X223.8307Y-117.3944

G1X227.7458Y-119.4344

G1X229.9279Y-120.3589

G1X232.0589Y-121.0843

G1X234.1023Y-121.6056

G1X236.2479Y-121.9684

G1X238.0870Y-122.1354

G1X239.9261Y-122.1793

G1X241.8673Y-122.1065

G1X243.9108Y-121.9172

G1X247.9976Y-121.2809

G1X257.9083Y-119.2342

G1X263.0169Y-118.3535

G1X268.5341Y-117.7397

G1X271.2928Y-117.5854

G1X273.9493Y-117.5376

G1 Z0F20000

(Start Block)


G1X22.9136Y-111.0415
G1Z6F20000
(Plotting speed under)
G1 F4000


G1X24.0375Y-110.8109

G1X25.1614Y-110.8005

G1X26.2853Y-111.0149

G1X27.4675Y-111.4747

G1X28.5586Y-112.0917

G1X29.7891Y-112.9729

G1X34.2426Y-116.8474

G1X36.0299Y-118.1764

G1X37.0498Y-118.7525

G1X38.0350Y-119.1505

G1X38.9545Y-119.3671

G1X39.9762Y-119.4193

G1X40.8958Y-119.2936

G1X41.8883Y-118.9803

G1X42.9256Y-118.4661

G1X43.8996Y-117.8271

G1X45.7887Y-116.2610

G1X50.3376Y-111.9216

G1X51.5536Y-110.9505

G1X52.5774Y-110.2770

G1X53.6526Y-109.7388

G1X54.7911Y-109.3819

G1X55.9150Y-109.2593

G1X57.0389Y-109.3681

G1X57.9220Y-109.6111

G1X58.9529Y-110.0610

G1X59.9269Y-110.6375

G1X60.9342Y-111.3648

G1X62.9081Y-113.0846

G1X67.4484Y-117.4894

G1X68.7375Y-118.5820

G1X69.8444Y-119.3917

G1X71.0145Y-120.0922

G1X72.1603Y-120.6034

G1X73.3864Y-120.9445

G1X74.5103Y-121.0643

G1X75.8385Y-120.9704

G1X77.1667Y-120.6330

G1X78.6044Y-120.0181

G1X80.0275Y-119.1892

G1X82.6840Y-117.2053

G1X89.0761Y-111.7631

G1X90.9190Y-110.4226

G1X92.6900Y-109.3426

G1X94.3534Y-108.5444

G1X95.9663Y-107.9843

G1X97.6010Y-107.6343

G1X99.2358Y-107.4976

G1X100.8705Y-107.5609

G1X102.6074Y-107.8256

G1X104.3443Y-108.2672

G1X106.3075Y-108.9419

G1X109.7230Y-110.4286

G1X117.0282Y-114.0832

G1X120.4437Y-115.6792

G1X124.1438Y-117.1877

G1X127.7417Y-118.3973

G1X131.6242Y-119.4174

G1X135.6089Y-120.1844

G1X139.9001Y-120.7413

G1X144.3956Y-121.0797

G1X147.6651Y-121.1939

G1X151.0368Y-121.2072

G1X154.4085Y-121.1167

G1X157.6779Y-120.9249

G1X160.7431Y-120.6422

G1X163.7061Y-120.2617

G1X166.5669Y-119.7813

G1X169.3255Y-119.2012

G1X174.0254Y-117.9237

G1X178.6961Y-116.2826

G1X182.9654Y-114.4964

G1X191.5989Y-110.5571

G1X195.3939Y-109.0537

G1X197.4227Y-108.4105

G1X199.2618Y-107.9574

G1X201.1009Y-107.6500

G1X202.8378Y-107.5083

G1X204.9834Y-107.5485

G1X207.0268Y-107.8160

G1X209.0703Y-108.3055

G1X211.2378Y-109.0539

G1X213.2301Y-109.9261

G1X215.5071Y-111.1004

G1X224.2734Y-116.3208

G1X228.1253Y-118.3337

G1X230.3074Y-119.2600

G1X232.3654Y-119.9636

G1X234.4088Y-120.4889

G1X236.5544Y-120.8542

G1X238.3935Y-121.0220

G1X240.2326Y-121.0656

G1X242.1739Y-120.9918

G1X244.2173Y-120.8003

G1X248.3042Y-120.1588

G1X258.1126Y-118.1224

G1X263.1190Y-117.2502

G1X268.6363Y-116.6233

G1X273.9493Y-116.4094

G1 Z0F20000

(Start Block)


G1X22.9136Y-110.0709
G1Z6F20000
(Plotting speed under)
G1 F4000


G1X24.1396Y-109.7409

G1X25.3657Y-109.6717

G1X26.5918Y-109.8743

G1X27.7521Y-110.3096

G1X28.8463Y-110.9165

G1X30.0528Y-111.7714

G1X34.5551Y-115.7066

G1X36.3730Y-117.0662

G1X37.3470Y-117.6241

G1X38.3780Y-118.0444

G1X39.3632Y-118.2661

G1X40.2828Y-118.3060

G1X41.2023Y-118.1794

G1X42.1729Y-117.8712

G1X43.1912Y-117.3674

G1X44.2434Y-116.6721

G1X46.0100Y-115.1942

G1X50.4939Y-110.8841

G1X51.7196Y-109.8881

G1X52.8431Y-109.1416

G1X54.0321Y-108.5623

G1X55.0976Y-108.2500

G1X56.1193Y-108.1456

G1X57.2432Y-108.2552

G1X58.2066Y-108.5308

G1X59.1300Y-108.9422

G1X60.1041Y-109.5207

G1X61.1002Y-110.2454

G1X62.9819Y-111.8889

G1X67.6307Y-116.4262

G1X68.9329Y-117.5305

G1X70.0215Y-118.3240

G1X71.2043Y-119.0254

G1X72.3646Y-119.5306

G1X73.4885Y-119.8348

G1X74.6124Y-119.9515

G1X75.9407Y-119.8500

G1X77.2689Y-119.5012

G1X78.6044Y-118.9233

G1X80.0275Y-118.0911

G1X82.6840Y-116.0904

G1X89.0126Y-110.6454

G1X90.8305Y-109.3080

G1X92.5129Y-108.2654

G1X94.1637Y-107.4549

G1X95.7619Y-106.8852

G1X97.3967Y-106.5249

G1X99.0314Y-106.3840

G1X100.6662Y-106.4494

G1X102.3009Y-106.7015

G1X104.1400Y-107.1785

G1X106.0229Y-107.8429

G1X109.4383Y-109.3676

G1X116.7436Y-113.1198

G1X120.0642Y-114.7111

G1X123.7643Y-116.2569

G1X127.3330Y-117.4830

G1X131.2155Y-118.5220

G1X135.2002Y-119.2998

G1X139.4914Y-119.8631

G1X144.1913Y-120.2194

G1X147.6651Y-120.3398

G1X151.1389Y-120.3536

G1X154.6128Y-120.2635

G1X157.9845Y-120.0707

G1X161.1518Y-119.7829

G1X164.2169Y-119.3909

G1X167.0777Y-118.9093

G1X169.8363Y-118.3260

G1X174.5363Y-117.0351

G1X179.2654Y-115.3443

G1X183.6295Y-113.4752

G1X192.2630Y-109.4429

G1X195.9631Y-107.9502

G1X197.9335Y-107.3125

G1X199.7726Y-106.8503

G1X201.6117Y-106.5371

G1X203.3486Y-106.3941

G1X205.3921Y-106.4302

G1X207.4355Y-106.6944

G1X209.4789Y-107.1850

G1X211.6173Y-107.9265

G1X213.6096Y-108.8041

G1X215.8612Y-109.9723

G1X224.5391Y-115.1745

G1X228.4099Y-117.2128

G1X230.5920Y-118.1449

G1X232.6719Y-118.8586

G1X234.7153Y-119.3837

G1X236.8609Y-119.7471

G1X238.7000Y-119.9117

G1X240.5391Y-119.9514

G1X242.4804Y-119.8727

G1X244.5238Y-119.6756

G1X248.6107Y-119.0232

G1X258.3170Y-116.9892

G1X263.2212Y-116.1244

G1X268.6363Y-115.4919

G1X273.9493Y-115.2584

G1 Z0F20000

(Start Block)


G1X22.9136Y-109.1332
G1Z6F20000
(Plotting speed under)
G1 F4000


G1X24.2418Y-108.6908

G1X25.4679Y-108.5501

G1X26.7961Y-108.7075

G1X28.0368Y-109.1417

G1X29.2005Y-109.7789

G1X30.3849Y-110.6178

G1X34.8677Y-114.5546

G1X36.8157Y-116.0154

G1X37.8087Y-116.5687

G1X38.7575Y-116.9459

G1X39.7719Y-117.1633

G1X40.6915Y-117.1870

G1X41.6037Y-117.0464

G1X42.5524Y-116.7284

G1X43.4569Y-116.2752

G1X44.4973Y-115.5911

G1X46.2748Y-114.1000

G1X50.6588Y-109.8551

G1X51.9003Y-108.8284

G1X53.0201Y-108.0683

G1X54.1270Y-107.5065

G1X55.1998Y-107.1639

G1X56.2215Y-107.0343

G1X57.3454Y-107.1192

G1X58.2650Y-107.3619

G1X59.2185Y-107.7679

G1X60.2701Y-108.3834

G1X61.2662Y-109.1094

G1X63.1295Y-110.7426

G1X67.7783Y-115.3102

G1X69.0110Y-116.3667

G1X70.1488Y-117.2065

G1X71.2991Y-117.8962

G1X72.4668Y-118.4119

G1X73.5907Y-118.7201

G1X74.7146Y-118.8381

G1X76.0428Y-118.7343

G1X77.3711Y-118.3794

G1X78.6993Y-117.7957

G1X80.1105Y-116.9594

G1X82.7621Y-114.9380

G1X89.0126Y-109.5077

G1X90.7419Y-108.2209

G1X92.4243Y-107.1631

G1X94.0688Y-106.3442

G1X95.6598Y-105.7699

G1X97.1923Y-105.4232

G1X98.8271Y-105.2717

G1X100.4618Y-105.3327

G1X102.0966Y-105.5868

G1X103.8335Y-106.0409

G1X105.7383Y-106.7193

G1X109.2486Y-108.3217

G1X116.4590Y-112.1157

G1X119.7796Y-113.7439

G1X123.4797Y-115.3209

G1X127.0265Y-116.5598

G1X130.8068Y-117.5877

G1X134.8937Y-118.3942

G1X139.2871Y-118.9688

G1X144.0891Y-119.3267

G1X147.6651Y-119.4477

G1X151.3433Y-119.4609

G1X154.9193Y-119.3686

G1X158.3931Y-119.1719

G1X161.5605Y-118.8870

G1X164.6256Y-118.4987

G1X167.4864Y-118.0198

G1X170.3472Y-117.4133

G1X175.0471Y-116.1079

G1X179.7397Y-114.4043

G1X184.0090Y-112.5444

G1X192.7374Y-108.3808

G1X196.4375Y-106.8567

G1X198.4444Y-106.1971

G1X200.2835Y-105.7300

G1X202.0204Y-105.4299

G1X203.7573Y-105.2818

G1X205.8008Y-105.3159

G1X207.8442Y-105.5827

G1X209.8876Y-106.0800

G1X211.9967Y-106.8197

G1X213.9891Y-107.7064

G1X216.1269Y-108.8228

G1X224.7161Y-114.0048

G1X228.5996Y-116.0705

G1X230.7817Y-117.0126

G1X232.8763Y-117.7386

G1X234.9197Y-118.2681

G1X237.0653Y-118.6340

G1X238.9044Y-118.7989

G1X240.7435Y-118.8376

G1X242.6847Y-118.7564

G1X244.7282Y-118.5556

G1X248.8150Y-117.8933

G1X258.5213Y-115.8346

G1X263.3234Y-114.9762

G1X268.7385Y-114.3294

G1X273.9493Y-114.0848

G1 Z0F20000

(Start Block)


G1X22.9136Y-108.2288
G1Z6F20000
(Plotting speed under)
G1 F4000


G1X24.3440Y-107.6618

G1X25.6722Y-107.4421

G1X27.0005Y-107.5465

G1X28.3151Y-107.9688

G1X29.5547Y-108.6345

G1X30.8830Y-109.5855

G1X35.3364Y-113.5268

G1X37.1921Y-114.9171

G1X38.1882Y-115.4703

G1X39.1589Y-115.8490

G1X40.0784Y-116.0463

G1X40.9980Y-116.0750

G1X41.9175Y-115.9358

G1X42.8370Y-115.6314

G1X43.8111Y-115.1389

G1X44.8294Y-114.4606

G1X46.8218Y-112.7564

G1X50.9627Y-108.7188

G1X52.0565Y-107.8018

G1X53.2138Y-106.9962

G1X54.3168Y-106.4207

G1X55.4042Y-106.0607

G1X56.4259Y-105.9223

G1X57.5498Y-105.9993

G1X58.4693Y-106.2388

G1X59.4399Y-106.6523

G1X60.4361Y-107.2339

G1X61.5104Y-108.0182

G1X63.3508Y-109.6475

G1X67.8521Y-114.1052

G1X69.1673Y-115.2460

G1X70.3148Y-116.0989

G1X71.5268Y-116.8236

G1X72.6273Y-117.3051

G1X73.6929Y-117.6003

G1X74.8168Y-117.7240

G1X76.1450Y-117.6233

G1X77.4659Y-117.2701

G1X78.7879Y-116.6863

G1X80.1936Y-115.8472

G1X82.7621Y-113.8778

G1X89.0126Y-108.3991

G1X90.7419Y-107.0997

G1X92.4243Y-106.0333

G1X93.9739Y-105.2518

G1X95.5576Y-104.6676

G1X97.0902Y-104.3129

G1X98.7249Y-104.1581

G1X100.3597Y-104.2213

G1X101.9944Y-104.4827

G1X103.7313Y-104.9495

G1X105.6434Y-105.6491

G1X109.0588Y-107.2449

G1X116.1744Y-111.0710

G1X119.5898Y-112.7805

G1X123.1950Y-114.3451

G1X126.7200Y-115.5984

G1X130.6025Y-116.6649

G1X134.5872Y-117.4540

G1X138.9805Y-118.0305

G1X143.8848Y-118.3951

G1X147.5629Y-118.5197

G1X151.3433Y-118.5364

G1X155.0215Y-118.4480

G1X158.5975Y-118.2545

G1X161.8670Y-117.9686

G1X164.9321Y-117.5874

G1X167.8951Y-117.0958

G1X170.7559Y-116.4894

G1X175.4558Y-115.1765

G1X180.2141Y-113.4260

G1X184.4834Y-111.5321

G1X193.1169Y-107.3326

G1X196.8170Y-105.7759

G1X198.7509Y-105.1241

G1X200.5900Y-104.6414

G1X202.3269Y-104.3293

G1X204.0638Y-104.1715

G1X206.1073Y-104.1981

G1X208.1507Y-104.4616

G1X210.1941Y-104.9594

G1X212.2814Y-105.6949

G1X214.2737Y-106.5860

G1X216.4811Y-107.7496

G1X224.8933Y-112.8622

G1X228.7894Y-114.9510

G1X230.9715Y-115.8997

G1X233.0806Y-116.6338

G1X235.1240Y-117.1637

G1X237.2696Y-117.5276

G1X239.1087Y-117.6891

G1X240.9478Y-117.7231

G1X242.8891Y-117.6356

G1X244.9325Y-117.4277

G1X248.9172Y-116.7696

G1X258.6235Y-114.6791

G1X263.4256Y-113.8054

G1X268.7385Y-113.1525

G1X273.9493Y-112.8884

G1 Z0F20000

(Start Block)


G1X22.9136Y-107.3573
G1Z6F20000
(Plotting speed under)
G1 F4000


G1X24.3440Y-106.6898

G1X25.7744Y-106.3539

G1X27.1026Y-106.3773

G1X28.5111Y-106.7630

G1X29.7319Y-107.3775

G1X31.1174Y-108.3401

G1X35.7271Y-112.4288

G1X37.5241Y-113.7820

G1X38.5867Y-114.3767

G1X39.5676Y-114.7522

G1X40.4871Y-114.9391

G1X41.4067Y-114.9576

G1X42.3262Y-114.8041

G1X43.2165Y-114.4988

G1X44.1653Y-114.0115

G1X45.1615Y-113.3398

G1X47.0431Y-111.7311

G1X51.3534Y-107.5160

G1X52.4667Y-106.5937

G1X53.4629Y-105.9017

G1X54.6014Y-105.3017

G1X55.7107Y-104.9377

G1X56.7324Y-104.8075

G1X57.8563Y-104.8952

G1X58.7758Y-105.1442

G1X59.7245Y-105.5596

G1X60.6851Y-106.1274

G1X61.7448Y-106.9050

G1X63.5722Y-108.5334

G1X67.9996Y-112.9459

G1X69.2454Y-114.0424

G1X70.4808Y-114.9753

G1X71.7039Y-115.7122

G1X72.8171Y-116.2000

G1X73.8972Y-116.4954

G1X75.0211Y-116.6114

G1X76.2472Y-116.5168

G1X77.5608Y-116.1705

G1X78.8764Y-115.5915

G1X80.2766Y-114.7543

G1X82.8402Y-112.7781

G1X89.0907Y-107.2561

G1X90.8305Y-105.9424

G1X92.4243Y-104.9253

G1X93.9739Y-104.1357

G1X95.5576Y-103.5474

G1X97.0902Y-103.1930

G1X98.7249Y-103.0431

G1X100.2575Y-103.1051

G1X101.8922Y-103.3680

G1X103.6291Y-103.8418

G1X105.5485Y-104.5574

G1X108.8691Y-106.1369

G1X115.9783Y-110.0333

G1X119.4001Y-111.7785

G1X123.0053Y-113.3687

G1X126.5156Y-114.6329

G1X130.2960Y-115.6839

G1X134.3828Y-116.4985

G1X138.7762Y-117.0719

G1X143.6804Y-117.4334

G1X147.4608Y-117.5614

G1X151.3433Y-117.5813

G1X155.2258Y-117.4932

G1X158.9040Y-117.2996

G1X162.1735Y-117.0196

G1X165.3408Y-116.6302

G1X168.3038Y-116.1398

G1X171.1646Y-115.5322

G1X173.6167Y-114.8947

G1X175.9448Y-114.1835

G1X178.3166Y-113.3502

G1X180.6884Y-112.4101

G1X184.9578Y-110.4821

G1X193.5913Y-106.2108

G1X197.1965Y-104.6736

G1X199.1596Y-104.0036

G1X200.8965Y-103.5415

G1X202.6335Y-103.2217

G1X204.3704Y-103.0591

G1X206.4138Y-103.0840

G1X208.3551Y-103.3309

G1X210.3985Y-103.8228

G1X212.4711Y-104.5510

G1X214.4635Y-105.4426

G1X216.6582Y-106.6034

G1X225.1589Y-111.7993

G1X228.9791Y-113.8543

G1X231.1612Y-114.8058

G1X233.1828Y-115.5132

G1X235.2262Y-116.0482

G1X237.3718Y-116.4149

G1X239.2109Y-116.5766

G1X241.0500Y-116.6090

G1X242.9912Y-116.5179

G1X245.0347Y-116.3045

G1X249.0194Y-115.6323

G1X258.6235Y-113.5236

G1X263.4256Y-112.6282

G1X268.7385Y-111.9529

G1X273.9493Y-111.6690

G1 Z0F20000

(Start Block)


G1X22.9136Y-106.5177
G1Z6F20000
(Plotting speed under)
G1 F4000


G1X24.5264Y-105.6784

G1X25.9787Y-105.2710

G1X27.4092Y-105.2477

G1X28.7958Y-105.5958

G1X29.9975Y-106.1751

G1X31.3811Y-107.1149

G1X32.6800Y-108.1939

G1X36.0396Y-111.2549

G1X37.9669Y-112.7109

G1X38.9472Y-113.2580

G1X39.8960Y-113.6288

G1X40.8958Y-113.8308

G1X41.8153Y-113.8396

G1X42.7349Y-113.6755

G1X43.5960Y-113.3695

G1X44.5195Y-112.8906

G1X45.5716Y-112.1721

G1X47.2645Y-110.7168

G1X51.6659Y-106.3944

G1X52.7988Y-105.4544

G1X53.8171Y-104.7524

G1X54.8860Y-104.1908

G1X55.9296Y-103.8388

G1X57.0389Y-103.6930

G1X58.0606Y-103.7697

G1X58.9655Y-104.0030

G1X59.9143Y-104.4084

G1X60.8124Y-104.9284

G1X61.9011Y-105.7151

G1X63.7936Y-107.3999

G1X68.3078Y-111.9149

G1X69.4847Y-112.9511

G1X70.6469Y-113.8355

G1X71.8810Y-114.5885

G1X73.0069Y-115.0866

G1X74.1016Y-115.3858

G1X75.2254Y-115.4981

G1X76.4515Y-115.3969

G1X77.7506Y-115.0462

G1X79.0535Y-114.4644

G1X80.4426Y-113.6244

G1X82.9184Y-111.7039

G1X89.1689Y-106.1405

G1X90.9024Y-104.8210

G1X92.5129Y-103.7876

G1X94.0688Y-102.9945

G1X95.6598Y-102.4084

G1X97.1923Y-102.0634

G1X98.7249Y-101.9293

G1X100.2575Y-101.9948

G1X101.8922Y-102.2655

G1X103.6291Y-102.7517

G1X105.4536Y-103.4441

G1X108.7173Y-105.0180

G1X115.8012Y-108.9677

G1X119.2103Y-110.7382

G1X122.8155Y-112.3556

G1X126.3259Y-113.6375

G1X130.0916Y-114.6950

G1X134.1785Y-115.5134

G1X138.5719Y-116.0856

G1X143.5783Y-116.4499

G1X147.4608Y-116.5783

G1X151.4455Y-116.5986

G1X155.4302Y-116.5115

G1X159.2105Y-116.3177

G1X162.5822Y-116.0324

G1X165.7495Y-115.6445

G1X168.7125Y-115.1538

G1X171.4711Y-114.5677

G1X173.9232Y-113.9301

G1X176.2732Y-113.2088

G1X178.6012Y-112.3854

G1X180.9731Y-111.4374

G1X185.2424Y-109.4871

G1X193.8759Y-105.1488

G1X197.5760Y-103.5492

G1X199.4661Y-102.8974

G1X201.3052Y-102.4065

G1X203.0421Y-102.0925

G1X204.6769Y-101.9444

G1X206.7203Y-101.9735

G1X208.6616Y-102.2280

G1X210.7050Y-102.7313

G1X212.7557Y-103.4642

G1X214.7481Y-104.3687

G1X216.9238Y-105.5327

G1X225.3360Y-110.7118

G1X229.1689Y-112.7802

G1X231.3510Y-113.7306

G1X233.3871Y-114.4384

G1X235.4306Y-114.9655

G1X237.4740Y-115.3085

G1X239.3131Y-115.4668

G1X241.1521Y-115.4939

G1X243.0934Y-115.3955

G1X245.1369Y-115.1733

G1X249.1215Y-114.4812

G1X258.7257Y-112.3257

G1X263.5277Y-111.4121

G1X268.8407Y-110.7209

G1X273.9493Y-110.4267

G1 Z0F20000

(Start Block)


G1X22.9136Y-105.7084
G1Z6F20000
(Plotting speed under)
G1 F4000


G1X24.6213Y-104.7212

G1X25.3803Y-104.4142

G1X26.1831Y-104.1995

G1X26.8983Y-104.1059

G1X27.7156Y-104.1200

G1X29.1461Y-104.4528

G1X30.4402Y-105.0741

G1X31.7961Y-106.0020

G1X33.0707Y-107.0655

G1X36.5866Y-110.2701

G1X38.4096Y-111.6365

G1X39.4216Y-112.1889

G1X40.3849Y-112.5477

G1X41.3045Y-112.7218

G1X42.2240Y-112.7217

G1X43.1217Y-112.5553

G1X44.0704Y-112.2035

G1X44.9622Y-111.7205

G1X45.9086Y-111.0669

G1X47.6334Y-109.5737

G1X51.9133Y-105.3452

G1X53.0722Y-104.3711

G1X54.0827Y-103.6656

G1X55.1706Y-103.0864

G1X56.2215Y-102.7275

G1X57.2432Y-102.5822

G1X58.2650Y-102.6422

G1X59.2502Y-102.8896

G1X60.1926Y-103.2925

G1X61.1666Y-103.8666

G1X62.1794Y-104.6084

G1X64.1625Y-106.3892

G1X68.6638Y-110.9110

G1X69.9828Y-112.0540

G1X71.0841Y-112.8647

G1X72.3427Y-113.5978

G1X73.4885Y-114.0640

G1X74.7146Y-114.3362

G1X75.9407Y-114.3698

G1X77.0645Y-114.1953

G1X78.2249Y-113.8211

G1X79.4077Y-113.2545

G1X80.7747Y-112.3977

G1X83.1528Y-110.5197

G1X89.2470Y-105.0519

G1X91.0684Y-103.6573

G1X92.7785Y-102.5685

G1X94.5432Y-101.7081

G1X96.3750Y-101.1185

G1X98.1119Y-100.8473

G1X99.9510Y-100.8519

G1X101.2792Y-101.0275

G1X102.7096Y-101.3610

G1X104.2203Y-101.8550

G1X105.7383Y-102.4743

G1X108.8059Y-103.9986

G1X115.8897Y-108.0113

G1X119.4001Y-109.8474

G1X123.2899Y-111.5763

G1X127.1286Y-112.9229

G1X129.3764Y-113.5492

G1X131.6242Y-114.0659

G1X136.4263Y-114.8555

G1X141.8413Y-115.3531

G1X148.1760Y-115.5830

G1X155.5323Y-115.5098

G1X162.1735Y-115.1006

G1X165.0343Y-114.7851

G1X167.7929Y-114.3775

G1X170.4494Y-113.8723

G1X173.0037Y-113.2685

G1X177.3679Y-111.9402

G1X181.8270Y-110.1846

G1X185.8116Y-108.3161

G1X193.9708Y-104.1510

G1X197.6708Y-102.5131

G1X199.5683Y-101.8389

G1X201.4074Y-101.3293

G1X203.1443Y-100.9991

G1X204.7791Y-100.8372

G1X206.8225Y-100.8518

G1X208.7637Y-101.0958

G1X210.8072Y-101.5920

G1X212.8506Y-102.3187

G1X214.8429Y-103.2232

G1X217.0124Y-104.3870

G1X225.5131Y-109.6511

G1X229.2638Y-111.6827

G1X231.3510Y-112.5991

G1X233.4893Y-113.3470

G1X235.5327Y-113.8709

G1X237.5761Y-114.2081

G1X239.3131Y-114.3544

G1X241.1521Y-114.3795

G1X243.0934Y-114.2768

G1X245.1369Y-114.0476

G1X249.1215Y-113.3372

G1X258.7257Y-111.1280

G1X263.5277Y-110.1900

G1X268.8407Y-109.4752

G1X273.9493Y-109.1614

G1 Z0F20000

(Start Block)


G1X22.9136Y-104.9271
G1Z6F20000
(Plotting speed under)
G1 F4000


G1X24.8111Y-103.7390

G1X26.3874Y-103.1402

G1X27.1026Y-103.0139

G1X27.9200Y-102.9887

G1X28.6352Y-103.0738

G1X29.4526Y-103.2922

G1X30.8830Y-103.9666

G1X32.2893Y-104.9406

G1X33.6870Y-106.1278

G1X36.9772Y-109.1496

G1X38.7693Y-110.5021

G1X39.8011Y-111.0725

G1X40.7936Y-111.4409

G1X41.7132Y-111.6105

G1X42.6327Y-111.6053

G1X43.4501Y-111.4530

G1X44.3424Y-111.1343

G1X45.3164Y-110.6130

G1X46.2406Y-109.9731

G1X48.1500Y-108.3036

G1X52.1347Y-104.3355

G1X53.3066Y-103.3311

G1X54.3484Y-102.5882

G1X55.4552Y-101.9880

G1X56.5280Y-101.6165

G1X57.5498Y-101.4687

G1X58.5715Y-101.5285

G1X59.4910Y-101.7558

G1X60.4582Y-102.1625

G1X61.4323Y-102.7336

G1X62.4284Y-103.4637

G1X64.3101Y-105.1457

G1X68.9589Y-109.8326

G1X70.2611Y-110.9625

G1X71.3497Y-111.7643

G1X72.6273Y-112.5062

G1X73.7951Y-112.9729

G1X74.9190Y-113.2196

G1X76.1450Y-113.2577

G1X77.3711Y-113.0596

G1X78.5095Y-112.6763

G1X79.7619Y-112.0547

G1X81.0237Y-111.2451

G1X83.3090Y-109.4263

G1X89.4082Y-103.9216

G1X91.2345Y-102.5163

G1X92.9556Y-101.4194

G1X94.7329Y-100.5587

G1X96.4771Y-100.0013

G1X98.2140Y-99.7314

G1X99.9510Y-99.7339

G1X101.2792Y-99.9060

G1X102.7096Y-100.2389

G1X104.2203Y-100.7359

G1X105.7383Y-101.3612

G1X108.7173Y-102.8562

G1X115.8012Y-106.9227

G1X119.4001Y-108.8297

G1X123.1950Y-110.5354

G1X127.0265Y-111.8942

G1X129.2742Y-112.5254

G1X131.5220Y-113.0444

G1X136.3241Y-113.8333

G1X141.8413Y-114.3323

G1X148.3803Y-114.5583

G1X155.8388Y-114.4803

G1X162.4800Y-114.0756

G1X165.4430Y-113.7495

G1X168.2016Y-113.3391

G1X170.7559Y-112.8509

G1X173.3102Y-112.2446

G1X177.6525Y-110.9138

G1X182.1116Y-109.1409

G1X186.0962Y-107.2500

G1X194.1605Y-103.0815

G1X197.8606Y-101.4207

G1X199.7726Y-100.7328

G1X201.6117Y-100.2174

G1X203.3486Y-99.8845

G1X204.9834Y-99.7227

G1X207.0268Y-99.7406

G1X208.9681Y-99.9911

G1X210.9094Y-100.4663

G1X212.9455Y-101.1910

G1X214.9378Y-102.0993

G1X217.1010Y-103.2660

G1X225.5131Y-108.5109

G1X229.2638Y-110.5608

G1X231.4459Y-111.5229

G1X233.4893Y-112.2385

G1X235.5327Y-112.7647

G1X237.5761Y-113.1010

G1X239.3131Y-113.2442

G1X241.1521Y-113.2639

G1X243.0934Y-113.1533

G1X245.1369Y-112.9138

G1X249.1215Y-112.1794

G1X258.6235Y-109.9321

G1X263.4256Y-108.9631

G1X268.7385Y-108.2170

G1X273.9493Y-107.8730

G1 Z0F20000

(Start Block)


G1X22.9136Y-104.1710
G1Z6F20000
(Plotting speed under)
G1 F4000


G1X24.8617Y-102.8495

G1X26.5188Y-102.1162

G1X27.3070Y-101.9343

G1X28.1244Y-101.8686

G1X28.9417Y-101.9358

G1X29.7445Y-102.1276

G1X31.0601Y-102.7032

G1X32.5237Y-103.6745

G1X33.9301Y-104.8509

G1X37.3679Y-108.0204

G1X39.2066Y-109.4088

G1X40.1806Y-109.9499

G1X41.1293Y-110.3117

G1X42.1218Y-110.4982

G1X43.0414Y-110.4896

G1X43.9609Y-110.3031

G1X44.8294Y-109.9705

G1X45.7425Y-109.4694

G1X46.7387Y-108.7618

G1X48.4451Y-107.2581

G1X52.6035Y-103.1126

G1X53.7119Y-102.1711

G1X54.7081Y-101.4615

G1X55.8347Y-100.8537

G1X56.8345Y-100.5087

G1X57.8563Y-100.3564

G1X58.8780Y-100.4119

G1X59.7975Y-100.6385

G1X60.7682Y-101.0474

G1X61.7643Y-101.6337

G1X62.8386Y-102.4322

G1X64.6053Y-104.0295

G1X69.1803Y-108.6664

G1X70.4955Y-109.8187

G1X71.6430Y-110.6689

G1X72.9120Y-111.4045

G1X74.1016Y-111.8750

G1X75.2254Y-112.1129

G1X76.4515Y-112.1395

G1X77.5754Y-111.9550

G1X78.7942Y-111.5416

G1X80.0275Y-110.9189

G1X81.2672Y-110.1147

G1X83.5434Y-108.2880

G1X89.6377Y-102.7595

G1X91.4005Y-101.3975

G1X93.0442Y-100.3395

G1X94.8278Y-99.4616

G1X96.5793Y-98.8927

G1X98.3162Y-98.6184

G1X100.0531Y-98.6207

G1X101.3814Y-98.7954

G1X102.8118Y-99.1337

G1X104.2203Y-99.6001

G1X105.8332Y-100.2703

G1X108.8059Y-101.7831

G1X115.8897Y-105.8989

G1X119.4001Y-107.7781

G1X123.2899Y-109.5386

G1X127.1286Y-110.8988

G1X129.3764Y-111.5261

G1X131.6242Y-112.0396

G1X133.9741Y-112.4685

G1X136.5284Y-112.8267

G1X142.1479Y-113.3099

G1X148.7890Y-113.5175

G1X156.3497Y-113.4257

G1X162.8887Y-113.0209

G1X165.7495Y-112.7050

G1X168.5081Y-112.2941

G1X171.1646Y-111.7816

G1X173.6167Y-111.1929

G1X177.9371Y-109.8564

G1X182.3013Y-108.1060

G1X186.2860Y-106.1982

G1X194.4451Y-101.9383

G1X198.0503Y-100.3081

G1X199.9770Y-99.6104

G1X201.7139Y-99.1184

G1X203.4508Y-98.7781

G1X205.0856Y-98.6111

G1X207.0268Y-98.6186

G1X208.9681Y-98.8567

G1X211.0115Y-99.3536

G1X213.0403Y-100.0810

G1X214.9378Y-100.9489

G1X217.1010Y-102.1181

G1X225.5131Y-107.3958

G1X229.2638Y-109.4597

G1X231.4459Y-110.4265

G1X233.4893Y-111.1436

G1X235.5327Y-111.6680

G1X237.5761Y-111.9993

G1X239.3131Y-112.1360

G1X241.1521Y-112.1466

G1X242.9912Y-112.0339

G1X245.0347Y-111.7865

G1X249.0194Y-111.0299

G1X258.6235Y-108.6920

G1X263.4256Y-107.6960

G1X268.7385Y-106.9258

G1X273.9493Y-106.5617

G1 Z0F20000

(Start Block)


G1X22.9136Y-103.4363
G1Z6F20000
(Plotting speed under)
G1 F4000


G1X25.0388Y-101.9099

G1X25.9496Y-101.4129

G1X26.8034Y-101.0605

G1X27.6135Y-100.8474

G1X28.4309Y-100.7576

G1X29.2482Y-100.8002

G1X30.0656Y-100.9751

G1X31.4143Y-101.5409

G1X32.8753Y-102.4964

G1X34.2426Y-103.6317

G1X37.8367Y-106.9472

G1X39.7378Y-108.3723

G1X40.7498Y-108.9094

G1X41.6110Y-109.2197

G1X42.5305Y-109.3860

G1X43.4501Y-109.3741

G1X44.3550Y-109.1901

G1X45.2089Y-108.8613

G1X46.1134Y-108.3645

G1X47.0561Y-107.7010

G1X48.7403Y-106.2217

G1X52.9464Y-102.0140

G1X54.0440Y-101.0767

G1X54.9682Y-100.4094

G1X56.0308Y-99.8100

G1X57.0681Y-99.4240

G1X58.0606Y-99.2514

G1X59.0823Y-99.2793

G1X60.0019Y-99.4826

G1X60.9579Y-99.8642

G1X61.9636Y-100.4363

G1X62.9949Y-101.1839

G1X64.8266Y-102.8242

G1X69.4798Y-107.5530

G1X70.7299Y-108.6572

G1X71.9751Y-109.5852

G1X73.2092Y-110.2986

G1X74.4300Y-110.7772

G1X75.6342Y-111.0143

G1X76.7580Y-111.0224

G1X77.8819Y-110.8296

G1X79.0788Y-110.4157

G1X80.2932Y-109.7967

G1X81.5218Y-108.9945

G1X83.9341Y-107.0348

G1X89.8720Y-101.6171

G1X91.6495Y-100.2416

G1X93.2213Y-99.2277

G1X94.9227Y-98.3789

G1X96.6815Y-97.7927

G1X98.4184Y-97.5083

G1X100.1553Y-97.5047

G1X101.4836Y-97.6778

G1X102.8118Y-97.9879

G1X104.2203Y-98.4484

G1X105.8332Y-99.1162

G1X108.8944Y-100.6839

G1X115.8897Y-104.7917

G1X119.4949Y-106.7409

G1X123.3848Y-108.5111

G1X127.2308Y-109.8754

G1X129.4786Y-110.5005

G1X131.7263Y-111.0105

G1X134.1785Y-111.4506

G1X136.7328Y-111.7988

G1X142.4544Y-112.2690

G1X149.2999Y-112.4611

G1X156.8606Y-112.3548

G1X163.3995Y-111.9378

G1X166.2603Y-111.6133

G1X168.9168Y-111.2088

G1X171.4711Y-110.7093

G1X173.9232Y-110.1141

G1X178.2217Y-108.7684

G1X182.5859Y-106.9962

G1X186.4757Y-105.1135

G1X194.5400Y-100.8622

G1X198.0503Y-99.2521

G1X199.9770Y-98.5389

G1X201.7139Y-98.0334

G1X203.4508Y-97.6806

G1X205.0856Y-97.5030

G1X207.0268Y-97.5001

G1X208.9681Y-97.7306

G1X211.0115Y-98.2228

G1X213.0403Y-98.9491

G1X214.9378Y-99.8191

G1X217.1010Y-100.9936

G1X225.5131Y-106.3055

G1X229.2638Y-108.3792

G1X231.4459Y-109.3471

G1X233.4893Y-110.0617

G1X235.5327Y-110.5802

G1X237.5761Y-110.9024

G1X239.3131Y-111.0289

G1X241.0500Y-111.0303

G1X242.8891Y-110.9098

G1X244.9325Y-110.6511

G1X248.9172Y-109.8668

G1X258.4192Y-107.4785

G1X263.3234Y-106.4250

G1X266.0820Y-105.9599

G1X268.7385Y-105.6116

G1X271.3950Y-105.3657

G1X273.9493Y-105.2277

G1 Z0F20000

(Start Block)


G1X22.9136Y-102.7188
G1Z6F20000
(Plotting speed under)
G1 F4000


G1X25.2380Y-100.9718

G1X27.0005Y-100.0475

G1X27.9200Y-99.7660

G1X28.7374Y-99.6516

G1X29.5547Y-99.6679

G1X30.3721Y-99.8198

G1X31.8317Y-100.4102

G1X33.3734Y-101.4237

G1X34.9414Y-102.7506

G1X38.3054Y-105.8718

G1X40.0976Y-107.2213

G1X41.1293Y-107.7806

G1X42.1218Y-108.1317

G1X43.0414Y-108.2797

G1X43.9609Y-108.2483

G1X44.7783Y-108.0697

G1X45.6706Y-107.7204

G1X46.5561Y-107.2213

G1X47.4859Y-106.5582

G1X49.1830Y-105.0538

G1X53.2415Y-100.9727

G1X54.4005Y-99.9728

G1X55.4110Y-99.2468

G1X56.4040Y-98.6934

G1X57.4476Y-98.3052

G1X58.4693Y-98.1339

G1X59.4910Y-98.1738

G1X60.4835Y-98.4110

G1X61.4323Y-98.8131

G1X62.4063Y-99.3894

G1X63.3855Y-100.1120

G1X65.4170Y-101.9640

G1X69.8444Y-106.4842

G1X71.0619Y-107.5592

G1X72.2352Y-108.4391

G1X73.4812Y-109.1696

G1X74.7146Y-109.6597

G1X75.9407Y-109.9023

G1X77.0645Y-109.9072

G1X78.1884Y-109.7096

G1X79.2685Y-109.3397

G1X80.4703Y-108.7390

G1X81.7708Y-107.8945

G1X84.1685Y-105.9426

G1X90.1064Y-100.4983

G1X91.8156Y-99.1662

G1X93.3984Y-98.1341

G1X95.1124Y-97.2703

G1X96.7837Y-96.7018

G1X98.5206Y-96.4014

G1X100.2575Y-96.3862

G1X101.5857Y-96.5533

G1X102.9139Y-96.8599

G1X104.3152Y-97.3167

G1X105.9280Y-97.9857

G1X108.9829Y-99.5589

G1X116.1554Y-103.8044

G1X119.6847Y-105.7198

G1X123.5745Y-107.4922

G1X127.4351Y-108.8562

G1X129.6829Y-109.4756

G1X132.0329Y-109.9993

G1X134.4850Y-110.4269

G1X137.0393Y-110.7631

G1X142.8631Y-111.2166

G1X149.8107Y-111.3899

G1X157.3714Y-111.2690

G1X163.8082Y-110.8464

G1X166.5669Y-110.5285

G1X169.2233Y-110.1191

G1X171.7776Y-109.6128

G1X174.2298Y-109.0089

G1X178.5064Y-107.6505

G1X182.7757Y-105.8968

G1X186.6655Y-103.9962

G1X194.6349Y-99.7604

G1X198.1452Y-98.1384

G1X200.0792Y-97.4186

G1X201.8161Y-96.9121

G1X203.5530Y-96.5606

G1X205.1877Y-96.3864

G1X207.1290Y-96.3903

G1X209.0703Y-96.6305

G1X211.0115Y-97.1044

G1X213.0403Y-97.8340

G1X214.9378Y-98.7095

G1X217.1010Y-99.8924

G1X225.5131Y-105.2399

G1X227.4612Y-106.3770

G1X229.2638Y-107.3186

G1X231.3510Y-108.2465

G1X233.3871Y-108.9616

G1X235.4306Y-109.4800

G1X237.4740Y-109.7985

G1X239.2109Y-109.9189

G1X240.9478Y-109.9121

G1X242.7869Y-109.7804

G1X244.8303Y-109.5068

G1X248.8150Y-108.6895

G1X258.3170Y-106.2202

G1X263.2212Y-105.1320

G1X265.9798Y-104.6499

G1X268.6363Y-104.2865

G1X271.2928Y-104.0265

G1X273.9493Y-103.8714

G1 Z0F20000

(Start Block)


G1X22.9136Y-102.0137
G1Z6F20000
(Plotting speed under)
G1 F4000


G1X25.3210Y-100.1282

G1X26.3670Y-99.4664

G1X27.1829Y-99.0566

G1X28.0368Y-98.7431

G1X28.9417Y-98.5612

G1X29.7591Y-98.5344

G1X30.6786Y-98.6665

G1X31.4522Y-98.9076

G1X32.2112Y-99.2538

G1X33.6957Y-100.2091

G1X35.1628Y-101.4318

G1X38.6961Y-104.7209

G1X40.6233Y-106.1662

G1X41.6037Y-106.6880

G1X42.5524Y-107.0212

G1X43.4501Y-107.1651

G1X44.3696Y-107.1361

G1X45.1870Y-106.9575

G1X46.0627Y-106.6150

G1X46.9878Y-106.0947

G1X47.9009Y-105.4360

G1X49.6258Y-103.9016

G1X53.6192Y-99.8708

G1X54.7130Y-98.9166

G1X55.7873Y-98.1349

G1X56.8783Y-97.5346

G1X57.8563Y-97.1832

G1X58.7758Y-97.0247

G1X59.7975Y-97.0518

G1X60.7171Y-97.2552

G1X61.6979Y-97.6505

G1X62.6719Y-98.2133

G1X63.6737Y-98.9449

G1X65.6383Y-100.7217

G1X70.2871Y-105.4735

G1X71.5893Y-106.6066

G1X72.6780Y-107.4034

G1X73.8607Y-108.0838

G1X75.0211Y-108.5424

G1X76.1450Y-108.7772

G1X77.3711Y-108.7943

G1X78.4950Y-108.5957

G1X79.6480Y-108.1920

G1X80.8245Y-107.5910

G1X82.1029Y-106.7507

G1X84.4029Y-104.8715

G1X90.2627Y-99.4688

G1X91.9816Y-98.1127

G1X93.5755Y-97.0585

G1X95.3022Y-96.1751

G1X96.9880Y-95.5934

G1X98.6227Y-95.2985

G1X100.3597Y-95.2658

G1X101.6879Y-95.4226

G1X103.1183Y-95.7501

G1X104.5049Y-96.2058

G1X106.1178Y-96.8799

G1X109.2486Y-98.5086

G1X116.3325Y-102.7354

G1X119.8744Y-104.6676

G1X123.8591Y-106.4826

G1X127.7417Y-107.8417

G1X129.9894Y-108.4518

G1X132.3394Y-108.9654

G1X134.7915Y-109.3828

G1X137.3458Y-109.7090

G1X143.2717Y-110.1489

G1X150.4237Y-110.3059

G1X157.8823Y-110.1696

G1X164.2169Y-109.7380

G1X166.9755Y-109.4110

G1X169.5298Y-109.0083

G1X171.9820Y-108.5157

G1X174.4341Y-107.9058

G1X178.6012Y-106.5728

G1X182.8705Y-104.8094

G1X186.6655Y-102.9456

G1X194.6349Y-98.6812

G1X198.1452Y-97.0442

G1X200.0792Y-96.3172

G1X201.8161Y-95.8052

G1X203.4508Y-95.4659

G1X205.0856Y-95.2796

G1X207.0268Y-95.2708

G1X208.9681Y-95.5007

G1X210.9094Y-95.9673

G1X212.9455Y-96.6959

G1X214.8429Y-97.5715

G1X217.0124Y-98.7621

G1X225.4245Y-104.1440

G1X227.3726Y-105.2882

G1X229.1689Y-106.2311

G1X231.2561Y-107.1617

G1X233.2849Y-107.8737

G1X235.3284Y-108.3881

G1X237.3718Y-108.6988

G1X239.1087Y-108.8097

G1X240.8456Y-108.7910

G1X242.6847Y-108.6449

G1X244.6260Y-108.3704

G1X248.5085Y-107.5475

G1X258.1126Y-104.9665

G1X263.0169Y-103.8375

G1X265.7755Y-103.3347

G1X268.5341Y-102.9400

G1X271.2928Y-102.6577

G1X273.9493Y-102.4934

G1 Z0F20000

(Start Block)


G1X22.9136Y-101.3157
G1Z6F20000
(Plotting speed under)
G1 F4000


G1X25.4870Y-99.2467

G1X26.5441Y-98.5339

G1X27.4675Y-98.0332

G1X28.3287Y-97.6880

G1X29.2482Y-97.4692

G1X30.1678Y-97.4186

G1X30.9852Y-97.5163

G1X32.4769Y-98.0384

G1X34.0375Y-99.0083

G1X35.4927Y-100.2077

G1X39.2430Y-103.6937

G1X41.1546Y-105.1119

G1X42.1729Y-105.6324

G1X43.0414Y-105.9211

G1X43.9609Y-106.0569

G1X44.8805Y-106.0099

G1X45.6832Y-105.8225

G1X46.5371Y-105.4750

G1X47.4416Y-104.9572

G1X48.3844Y-104.2716

G1X49.9947Y-102.8289

G1X54.0532Y-98.7253

G1X56.0363Y-97.1171

G1X57.0934Y-96.5033

G1X58.1628Y-96.0918

G1X59.0823Y-95.9184

G1X60.1041Y-95.9283

G1X61.0236Y-96.1195

G1X62.0015Y-96.5015

G1X63.0095Y-97.0740

G1X64.0887Y-97.8649

G1X65.9335Y-99.5382

G1X70.5085Y-104.2369

G1X71.8237Y-105.4012

G1X72.9713Y-106.2561

G1X74.1454Y-106.9427

G1X75.3276Y-107.4193

G1X76.4515Y-107.6602

G1X77.6776Y-107.6828

G1X78.8890Y-107.4645

G1X80.0275Y-107.0540

G1X81.1787Y-106.4561

G1X82.4350Y-105.6235

G1X84.6373Y-103.8212

G1X90.5752Y-98.3310

G1X92.3137Y-96.9595

G1X93.9297Y-95.8954

G1X95.5868Y-95.0523

G1X97.1923Y-94.4935

G1X98.8271Y-94.1895

G1X100.5640Y-94.1503

G1X101.8922Y-94.3039

G1X103.3226Y-94.6301

G1X104.7895Y-95.1165

G1X106.3075Y-95.7557

G1X109.3371Y-97.3335

G1X116.5096Y-101.6357

G1X120.0642Y-103.5852

G1X124.0489Y-105.4067

G1X127.9460Y-106.7716

G1X130.1938Y-107.3798

G1X132.5437Y-107.8906

G1X134.9959Y-108.3045

G1X137.6523Y-108.6377

G1X143.6804Y-109.0675

G1X151.0368Y-109.2096

G1X158.3931Y-109.0570

G1X164.5234Y-108.6235

G1X167.2821Y-108.2888

G1X169.8363Y-107.8766

G1X172.2885Y-107.3727

G1X174.6384Y-106.7777

G1X178.7910Y-105.4321

G1X182.9654Y-103.6917

G1X186.7287Y-101.8315

G1X194.7298Y-97.5289

G1X198.1452Y-95.9312

G1X200.0792Y-95.2008

G1X201.8161Y-94.6874

G1X203.4508Y-94.3483

G1X205.0856Y-94.1639

G1X207.0268Y-94.1598

G1X208.9681Y-94.3968

G1X210.9094Y-94.8729

G1X212.9455Y-95.6134

G1X214.8429Y-96.5013

G1X217.0124Y-97.7064

G1X225.2475Y-103.0167

G1X227.1955Y-104.1711

G1X228.9791Y-105.1157

G1X231.0664Y-106.0543

G1X233.0806Y-106.7665

G1X235.1240Y-107.2833

G1X237.1675Y-107.5923

G1X238.9044Y-107.6983

G1X240.6413Y-107.6717

G1X242.4804Y-107.5146

G1X244.4216Y-107.2255

G1X248.2020Y-106.3939

G1X257.9083Y-103.6926

G1X262.9147Y-102.5013

G1X265.6733Y-101.9820

G1X268.4319Y-101.5725

G1X271.1906Y-101.2764

G1X273.9493Y-101.0946

G1 Z0F20000

(Start Block)


G1X22.9136Y-100.6188
G1Z6F20000
(Plotting speed under)
G1 F4000


G1X25.9851Y-98.1332

G1X27.8723Y-96.9581

G1X28.8395Y-96.5664

G1X29.6569Y-96.3674

G1X30.5765Y-96.3024

G1X31.3938Y-96.3901

G1X32.1090Y-96.5780

G1X32.8753Y-96.8908

G1X34.5356Y-97.9203

G1X36.1959Y-99.3126

G1X39.7118Y-102.5977

G1X41.5088Y-103.9415

G1X42.5524Y-104.4930

G1X43.4501Y-104.7994

G1X44.3696Y-104.9415

G1X45.3913Y-104.8850

G1X46.1576Y-104.6948

G1X46.9988Y-104.3483

G1X47.8843Y-103.8339

G1X48.7750Y-103.1856

G1X50.4375Y-101.6935

G1X54.4222Y-97.6506

G1X55.5724Y-96.6478

G1X56.4735Y-95.9854

G1X57.4476Y-95.4151

G1X58.4912Y-94.9990

G1X59.4910Y-94.8042

G1X60.4105Y-94.8053

G1X61.3301Y-94.9798

G1X62.2861Y-95.3376

G1X63.2918Y-95.8916

G1X64.4013Y-96.6904

G1X66.3024Y-98.4130

G1X70.8861Y-103.1285

G1X72.1411Y-104.2460

G1X73.3864Y-105.1767

G1X74.6261Y-105.8885

G1X75.7582Y-106.3284

G1X76.9624Y-106.5635

G1X78.0863Y-106.5636

G1X79.2102Y-106.3576

G1X80.3121Y-105.9666

G1X81.5329Y-105.3352

G1X82.7670Y-104.5140

G1X85.0279Y-102.6516

G1X90.8878Y-97.2161

G1X92.6457Y-95.8253

G1X94.1953Y-94.8010

G1X95.8714Y-93.9421

G1X97.4989Y-93.3747

G1X99.1336Y-93.0733

G1X100.8705Y-93.0388

G1X102.1988Y-93.1971

G1X103.6291Y-93.5290

G1X105.0741Y-94.0133

G1X106.5921Y-94.6573

G1X109.6028Y-96.2354

G1X116.7752Y-100.5577

G1X120.3488Y-102.5215

G1X124.3335Y-104.3416

G1X128.2525Y-105.7077

G1X130.5003Y-106.3106

G1X132.8502Y-106.8155

G1X135.4045Y-107.2380

G1X138.0610Y-107.5611

G1X144.1913Y-107.9778

G1X151.7520Y-108.1015

G1X158.9040Y-107.9316

G1X164.9321Y-107.4821

G1X167.5886Y-107.1480

G1X170.1429Y-106.7240

G1X172.4928Y-106.2302

G1X174.8428Y-105.6249

G1X178.8859Y-104.2986

G1X183.0603Y-102.5440

G1X186.8173Y-100.6736

G1X194.6349Y-96.4489

G1X198.0503Y-94.8390

G1X199.8748Y-94.1395

G1X201.6117Y-93.6112

G1X203.2465Y-93.2576

G1X204.8812Y-93.0591

G1X206.8225Y-93.0394

G1X208.7637Y-93.2628

G1X210.7050Y-93.7280

G1X212.7557Y-94.4674

G1X214.6532Y-95.3530

G1X216.8353Y-96.5679

G1X225.0703Y-101.9117

G1X227.0184Y-103.0742

G1X228.7894Y-104.0185

G1X230.8766Y-104.9618

G1X232.8763Y-105.6708

G1X234.9197Y-106.1861

G1X236.9631Y-106.4894

G1X238.5979Y-106.5854

G1X240.3348Y-106.5553

G1X242.1739Y-106.3909

G1X244.1151Y-106.0906

G1X247.8955Y-105.2280

G1X257.7039Y-102.3984

G1X262.7104Y-101.1652

G1X265.5712Y-100.6082

G1X268.3298Y-100.1847

G1X271.0884Y-99.8757

G1X273.9493Y-99.6761

G1 Z0F20000

(Start Block)


G1X22.9136Y-99.9171
G1Z6F20000
(Plotting speed under)
G1 F4000


G1X26.3172Y-97.1420

G1X28.1380Y-95.9600

G1X29.0804Y-95.5376

G1X29.9634Y-95.2873

G1X30.8830Y-95.1877

G1X31.8025Y-95.2633

G1X32.5907Y-95.4647

G1X33.3497Y-95.7759

G1X35.0239Y-96.8157

G1X36.4911Y-98.0397

G1X40.0243Y-101.3575

G1X41.0938Y-102.2302

G1X42.0401Y-102.8739

G1X43.0268Y-103.3876

G1X43.9755Y-103.7053

G1X44.8805Y-103.8306

G1X45.8000Y-103.7775

G1X46.6174Y-103.5759

G1X47.4859Y-103.2107

G1X48.3160Y-102.7276

G1X49.2292Y-102.0575

G1X50.9540Y-100.5013

G1X54.7173Y-96.6597

G1X55.8850Y-95.6222

G1X56.8665Y-94.8891

G1X57.9220Y-94.2746

G1X58.8780Y-93.8945

G1X59.8997Y-93.6906

G1X60.8192Y-93.6920

G1X61.8118Y-93.8868

G1X62.7605Y-94.2548

G1X63.7345Y-94.8036

G1X64.7528Y-95.5376

G1X66.8151Y-97.4122

G1X71.3940Y-102.1298

G1X72.6050Y-103.1977

G1X73.7406Y-104.0443

G1X74.9043Y-104.7254

G1X76.1450Y-105.2181

G1X77.3711Y-105.4535

G1X78.4950Y-105.4464

G1X79.6188Y-105.2319

G1X80.6916Y-104.8456

G1X81.7985Y-104.2777

G1X83.0991Y-103.4193

G1X85.4880Y-101.4414

G1X91.2003Y-96.1219

G1X92.8948Y-94.7710

G1X94.4610Y-93.7233

G1X96.1560Y-92.8446

G1X97.8054Y-92.2638

G1X99.4401Y-91.9604

G1X101.0749Y-91.9195

G1X102.4031Y-92.0667

G1X103.8335Y-92.3889

G1X105.2639Y-92.8602

G1X106.7819Y-93.4978

G1X109.7799Y-95.0637

G1X117.0409Y-99.4502

G1X120.6334Y-101.4289

G1X124.6181Y-103.2497

G1X126.6178Y-103.9980

G1X128.5590Y-104.6201

G1X130.8068Y-105.2198

G1X133.2589Y-105.7402

G1X135.8132Y-106.1539

G1X138.4697Y-106.4691

G1X144.7022Y-106.8757

G1X152.3650Y-106.9824

G1X159.3127Y-106.7981

G1X165.1365Y-106.3462

G1X167.7929Y-106.0038

G1X170.2450Y-105.5893

G1X172.5950Y-105.0892

G1X174.9449Y-104.4764

G1X178.9807Y-103.1378

G1X183.0603Y-101.4108

G1X186.7287Y-99.5791

G1X194.5400Y-95.3451

G1X197.9555Y-93.7287

G1X199.7726Y-93.0288

G1X201.5096Y-92.4983

G1X203.1443Y-92.1434

G1X204.7791Y-91.9447

G1X206.7203Y-91.9268

G1X208.6616Y-92.1542

G1X210.6028Y-92.6253

G1X212.5660Y-93.3365

G1X214.5330Y-94.2591

G1X216.6582Y-95.4506

G1X224.8047Y-100.7734

G1X226.8413Y-101.9974

G1X228.5996Y-102.9389

G1X230.6869Y-103.8837

G1X232.6719Y-104.5859

G1X234.7153Y-105.0958

G1X236.7588Y-105.3894

G1X238.3935Y-105.4747

G1X240.1304Y-105.4305

G1X241.9695Y-105.2485

G1X243.8086Y-104.9475

G1X247.5890Y-104.0493

G1X257.3974Y-101.1128

G1X262.5060Y-99.8092

G1X265.3668Y-99.2325

G1X268.2276Y-98.7778

G1X271.0884Y-98.4471

G1X273.9493Y-98.2395

G1 Z0F20000

(Start Block)


G1X22.9136Y-99.2041
G1Z6F20000
(Plotting speed under)
G1 F4000


G1X26.6492Y-96.1574

G1X28.4163Y-94.9680

G1X29.3650Y-94.5049

G1X30.2699Y-94.2140

G1X31.1895Y-94.0807

G1X32.1090Y-94.1205

G1X32.9264Y-94.3038

G1X33.7165Y-94.6059

G1X35.3658Y-95.6007

G1X36.8209Y-96.7964

G1X40.7275Y-100.4453

G1X42.5714Y-101.8036

G1X43.5960Y-102.3200

G1X44.4718Y-102.5994

G1X45.3913Y-102.7197

G1X46.3109Y-102.6540

G1X47.1064Y-102.4512

G1X47.9602Y-102.0851

G1X48.7698Y-101.6102

G1X49.7126Y-100.9179

G1X51.2492Y-99.5343

G1X55.3077Y-95.4031

G1X57.2816Y-93.7864

G1X58.3331Y-93.1696

G1X59.2867Y-92.7875

G1X60.2062Y-92.5900

G1X61.2279Y-92.5766

G1X62.1475Y-92.7488

G1X63.1400Y-93.1213

G1X64.1718Y-93.7002

G1X65.2509Y-94.4897

G1X67.1141Y-96.1843

G1X71.7629Y-100.9848

G1X73.0738Y-102.1407

G1X74.2165Y-102.9831

G1X75.3787Y-103.6504

G1X76.5537Y-104.1087

G1X77.6776Y-104.3317

G1X78.9036Y-104.3312

G1X80.0275Y-104.1125

G1X81.1660Y-103.6913

G1X82.3298Y-103.0737

G1X83.5141Y-102.2778

G1X85.7311Y-100.4458

G1X91.5909Y-94.9818

G1X93.2268Y-93.6754

G1X94.8152Y-92.6094

G1X96.4407Y-91.7594

G1X98.1119Y-91.1608

G1X99.7466Y-90.8505

G1X101.3814Y-90.8040

G1X102.7096Y-90.9480

G1X104.1400Y-91.2679

G1X105.5485Y-91.7299

G1X107.0665Y-92.3657

G1X110.0455Y-93.9202

G1X117.3065Y-98.3136

G1X120.9180Y-100.3079

G1X124.9028Y-102.1316

G1X126.8951Y-102.8782

G1X128.9677Y-103.5395

G1X131.2155Y-104.1322

G1X133.6676Y-104.6456

G1X136.2219Y-105.0529

G1X138.9805Y-105.3721

G1X145.3152Y-105.7657

G1X152.9780Y-105.8521

G1X159.7214Y-105.6515

G1X165.4430Y-105.1826

G1X170.4494Y-104.4149

G1X172.7994Y-103.9016

G1X175.0471Y-103.3039

G1X178.9807Y-101.9859

G1X183.0603Y-100.2488

G1X186.7287Y-98.4085

G1X194.3502Y-94.2666

G1X197.8606Y-92.6002

G1X199.6705Y-91.9038

G1X201.4074Y-91.3748

G1X203.0421Y-91.0225

G1X204.5747Y-90.8350

G1X206.5160Y-90.8108

G1X208.4572Y-91.0338

G1X210.3985Y-91.5027

G1X212.3762Y-92.2204

G1X214.3559Y-93.1541

G1X216.3926Y-94.3006

G1X224.7161Y-99.7681

G1X226.6642Y-100.9403

G1X228.4099Y-101.8765

G1X230.4971Y-102.8194

G1X232.5697Y-103.5415

G1X234.5110Y-104.0119

G1X236.5544Y-104.2916

G1X238.1892Y-104.3629

G1X239.8239Y-104.3087

G1X241.5609Y-104.1274

G1X243.5021Y-103.7957

G1X247.2824Y-102.8570

G1X257.0909Y-99.8086

G1X262.1995Y-98.4571

G1X265.1625Y-97.8384

G1X268.0233Y-97.3674

G1X270.9863Y-97.0112

G1X273.9493Y-96.7868

G1 Z0F20000

(Start Block)


G1X22.9136Y-98.4733
G1Z6F20000
(Plotting speed under)
G1 F4000


G1X27.1473Y-95.0546

G1X28.9349Y-93.8447

G1X29.8394Y-93.4040

G1X30.7881Y-93.0948

G1X31.7004Y-92.9664

G1X32.5177Y-92.9960

G1X33.3351Y-93.1652

G1X34.1087Y-93.4492

G1X34.9507Y-93.8861

G1X35.7808Y-94.4372

G1X37.5241Y-95.8823

G1X41.1963Y-99.3291

G1X43.0268Y-100.6785

G1X43.9755Y-101.1699

G1X44.9827Y-101.4960

G1X45.9022Y-101.6067

G1X46.8218Y-101.5331

G1X47.6391Y-101.3121

G1X48.4156Y-100.9760

G1X49.3011Y-100.4481

G1X50.1814Y-99.7938

G1X51.7657Y-98.3578

G1X55.7504Y-94.2923

G1X57.7132Y-92.6838

G1X58.6873Y-92.1003

G1X59.7245Y-91.6743

G1X60.7171Y-91.4689

G1X61.6366Y-91.4601

G1X62.5562Y-91.6274

G1X63.5195Y-91.9830

G1X64.5038Y-92.5219

G1X65.6514Y-93.3495

G1X67.4831Y-95.0138

G1X72.0581Y-99.7515

G1X73.3864Y-100.9406

G1X74.6316Y-101.8696

G1X75.8657Y-102.5728

G1X76.9916Y-103.0032

G1X78.1884Y-103.2275

G1X79.3123Y-103.2171

G1X80.4362Y-102.9981

G1X81.5455Y-102.5894

G1X82.7670Y-101.9393

G1X84.0122Y-101.0913

G1X86.1999Y-99.2640

G1X91.9035Y-93.9300

G1X93.5589Y-92.5993

G1X95.1694Y-91.5108

G1X96.8201Y-90.6442

G1X98.4184Y-90.0656

G1X100.0531Y-89.7439

G1X101.6879Y-89.6876

G1X103.0161Y-89.8247

G1X104.4465Y-90.1385

G1X105.8332Y-90.5876

G1X107.4460Y-91.2615

G1X110.4883Y-92.8559

G1X117.6607Y-97.2008

G1X121.2975Y-99.2072

G1X123.3848Y-100.2142

G1X125.3771Y-101.0638

G1X127.3695Y-101.8021

G1X129.3764Y-102.4362

G1X131.7263Y-103.0477

G1X134.1785Y-103.5509

G1X136.7328Y-103.9490

G1X139.4914Y-104.2601

G1X145.9282Y-104.6436

G1X153.5911Y-104.7101

G1X160.2322Y-104.4851

G1X165.7495Y-104.0015

G1X170.6537Y-103.2193

G1X172.9015Y-102.7160

G1X175.1493Y-102.1071

G1X179.0756Y-100.7709

G1X183.0603Y-99.0581

G1X186.6402Y-97.2560

G1X194.1668Y-93.1614

G1X197.6708Y-91.4941

G1X199.4734Y-90.7972

G1X201.2031Y-90.2676

G1X202.8378Y-89.9124

G1X204.3704Y-89.7227

G1X206.3116Y-89.6968

G1X208.2529Y-89.9198

G1X210.1941Y-90.3909

G1X212.1865Y-91.1189

G1X214.1788Y-92.0673

G1X216.2154Y-93.2241

G1X224.4505Y-98.6722

G1X226.3986Y-99.8518

G1X228.1253Y-100.7831

G1X230.2125Y-101.7304

G1X232.2632Y-102.4460

G1X234.2045Y-102.9144

G1X236.2479Y-103.1871

G1X237.8827Y-103.2493

G1X239.5174Y-103.1833

G1X241.2543Y-102.9867

G1X243.0934Y-102.6561

G1X246.7716Y-101.7116

G1X256.6822Y-98.5169

G1X261.9952Y-97.0635

G1X264.9581Y-96.4272

G1X267.9211Y-95.9265

G1X270.8841Y-95.5608

G1X273.9493Y-95.3204

G1 Z0F20000

(Start Block)


G1X22.9136Y-97.7185
G1Z6F20000
(Plotting speed under)
G1 F4000


G1X24.3981Y-96.6316

G1X27.7284Y-93.8851

G1X29.2891Y-92.8175

G1X30.3137Y-92.3023

G1X31.1895Y-92.0074

G1X32.1090Y-91.8575

G1X32.9264Y-91.8727

G1X33.7292Y-92.0218

G1X34.5830Y-92.3267

G1X35.3990Y-92.7459

G1X36.2740Y-93.3219

G1X37.8931Y-94.6577

G1X41.5088Y-98.0670

G1X42.5880Y-98.9462

G1X43.5454Y-99.5892

G1X44.5448Y-100.0928

G1X45.4935Y-100.3904

G1X46.4130Y-100.4938

G1X47.3326Y-100.4120

G1X48.1500Y-100.1854

G1X49.0038Y-99.7991

G1X49.8102Y-99.3094

G1X50.7234Y-98.6196

G1X52.3560Y-97.1238

G1X56.0456Y-93.3351

G1X57.2132Y-92.2904

G1X58.1947Y-91.5522

G1X59.1553Y-90.9816

G1X60.1041Y-90.5842

G1X61.1258Y-90.3597

G1X62.0453Y-90.3436

G1X63.0451Y-90.5241

G1X63.9939Y-90.8814

G1X64.9742Y-91.4250

G1X66.0420Y-92.1935

G1X68.0734Y-94.0477

G1X72.6484Y-98.7847

G1X73.9675Y-99.9468

G1X75.0688Y-100.7583

G1X76.2326Y-101.4281

G1X77.4732Y-101.9047

G1X78.6993Y-102.1209

G1X79.8232Y-102.0939

G1X80.9471Y-101.8584

G1X82.0199Y-101.4514

G1X83.1267Y-100.8626

G1X84.4273Y-99.9810

G1X86.7425Y-98.0358

G1X92.2160Y-92.8999

G1X93.8909Y-91.5410

G1X95.3464Y-90.5369

G1X96.9150Y-89.6719

G1X98.4330Y-89.0680

G1X99.9510Y-88.7003

G1X101.4836Y-88.5648

G1X102.9139Y-88.6412

G1X104.4465Y-88.9219

G1X106.0229Y-89.3995

G1X107.8255Y-90.1409

G1X110.9310Y-91.7697

G1X117.7493Y-95.9037

G1X121.0256Y-97.7421

G1X124.6181Y-99.4616

G1X128.1503Y-100.8045

G1X132.0329Y-101.8952

G1X136.2219Y-102.6860

G1X140.9218Y-103.2126

G1X146.4391Y-103.5064

G1X154.6128Y-103.5481

G1X158.4953Y-103.4258

G1X161.9691Y-103.2155

G1X165.0343Y-102.9251

G1X167.9973Y-102.5248

G1X170.7559Y-102.0230

G1X173.3102Y-101.4291

G1X175.5580Y-100.7921

G1X177.7474Y-100.0621

G1X179.9295Y-99.2248

G1X182.2064Y-98.2373

G1X186.1911Y-96.2656

G1X194.1668Y-91.9388

G1X197.6708Y-90.2910

G1X199.3785Y-89.6417

G1X200.9987Y-89.1501

G1X202.6335Y-88.7958

G1X204.1660Y-88.6076

G1X206.1073Y-88.5846

G1X207.9464Y-88.7940

G1X209.8876Y-89.2586

G1X211.9019Y-89.9916

G1X213.7994Y-90.8920

G1X215.9498Y-92.1140

G1X224.1849Y-97.5963

G1X226.0444Y-98.7309

G1X227.8407Y-99.7057

G1X229.9279Y-100.6543

G1X231.9567Y-101.3597

G1X233.8980Y-101.8225

G1X235.9414Y-102.0846

G1X237.4740Y-102.1355

G1X239.1087Y-102.0623

G1X240.8456Y-101.8548

G1X242.5826Y-101.5313

G1X246.3629Y-100.5253

G1X256.3757Y-97.1767

G1X261.6886Y-95.6769

G1X264.7538Y-95.0003

G1X267.7168Y-94.4866

G1X270.7819Y-94.0982

G1X273.9493Y-93.8431

G1 Z0F20000

(Start Block)


G1X22.9136Y-96.9333
G1Z6F20000
(Plotting speed under)
G1 F4000


G1X24.4078Y-95.9185

G1X27.9921Y-92.9667

G1X29.7445Y-91.7398

G1X30.6932Y-91.2438

G1X31.7004Y-90.8924

G1X32.5177Y-90.7524

G1X33.4373Y-90.7591

G1X34.2546Y-90.9154

G1X35.0448Y-91.1941

G1X35.9303Y-91.6520

G1X36.7770Y-92.2121

G1X38.3054Y-93.4708

G1X42.1339Y-97.0697

G1X43.9993Y-98.4568

G1X45.0191Y-98.9756

G1X46.0044Y-99.2814

G1X46.9239Y-99.3809

G1X47.8435Y-99.2927

G1X48.6243Y-99.0740

G1X49.4782Y-98.6896

G1X51.1190Y-97.5749

G1X52.6512Y-96.1879

G1X56.6359Y-92.1096

G1X58.6098Y-90.4739

G1X59.6613Y-89.8471

G1X60.6149Y-89.4570

G1X61.5344Y-89.2528

G1X62.4540Y-89.2259

G1X63.3735Y-89.3751

G1X64.3733Y-89.7294

G1X65.4170Y-90.2994

G1X66.4962Y-91.0774

G1X68.3686Y-92.7717

G1X73.0912Y-97.6649

G1X74.4021Y-98.8225

G1X75.5447Y-99.6640

G1X76.7070Y-100.3279

G1X77.8819Y-100.7804

G1X79.0058Y-100.9957

G1X80.2319Y-100.9848

G1X81.3557Y-100.7552

G1X82.4942Y-100.3220

G1X83.6580Y-99.6919

G1X84.8424Y-98.8835

G1X87.0376Y-97.0510

G1X92.6848Y-91.7534

G1X94.3060Y-90.4382

G1X95.7892Y-89.4146

G1X97.2945Y-88.5817

G1X98.8271Y-87.9653

G1X100.3597Y-87.5898

G1X101.8922Y-87.4517

G1X103.3226Y-87.5258

G1X104.8552Y-87.8042

G1X106.4900Y-88.3001

G1X108.2050Y-89.0043

G1X111.2852Y-90.6121

G1X118.1920Y-94.7886

G1X121.4873Y-96.6302

G1X125.0925Y-98.3460

G1X128.5590Y-99.6576

G1X132.4416Y-100.7461

G1X136.7328Y-101.5508

G1X141.4326Y-102.0701

G1X146.9499Y-102.3569

G1X154.9193Y-102.3841

G1X158.6997Y-102.2547

G1X162.0713Y-102.0395

G1X165.1365Y-101.7372

G1X167.9973Y-101.3392

G1X170.6537Y-100.8484

G1X173.2080Y-100.2490

G1X175.4558Y-99.6072

G1X177.6525Y-98.8700

G1X182.0167Y-97.0800

G1X186.0014Y-95.1102

G1X193.9708Y-90.7949

G1X197.3862Y-89.1902

G1X199.1888Y-88.5057

G1X200.7944Y-88.0225

G1X202.3269Y-87.6902

G1X203.8595Y-87.4974

G1X205.8008Y-87.4690

G1X207.7420Y-87.6924

G1X209.6833Y-88.1675

G1X211.6173Y-88.8784

G1X213.5590Y-89.8063

G1X215.6842Y-91.0237

G1X223.8307Y-96.4836

G1X225.7787Y-97.6787

G1X227.4612Y-98.5961

G1X229.5484Y-99.5519

G1X231.5480Y-100.2522

G1X233.4893Y-100.7170

G1X235.5327Y-100.9762

G1X237.3718Y-101.0157

G1X239.2109Y-100.8868

G1X241.1521Y-100.5903

G1X243.1956Y-100.1292

G1X246.8738Y-99.0256

G1X256.9887Y-95.5237

G1X260.1561Y-94.5947

G1X263.1190Y-93.8625

G1X265.7755Y-93.3256

G1X268.4319Y-92.9010

G1X271.1906Y-92.5744

G1X273.9493Y-92.3583

G1 Z0F20000

(Start Block)


G1X22.9136Y-96.1120
G1Z6F20000
(Plotting speed under)
G1 F4000


G1X24.7399Y-94.9511

G1X28.7246Y-91.6897

G1X30.3517Y-90.5713

G1X31.2625Y-90.1085

G1X32.1163Y-89.8038

G1X33.0286Y-89.6387

G1X33.8459Y-89.6363

G1X34.6633Y-89.7749

G1X35.5318Y-90.0729

G1X36.3730Y-90.4988

G1X37.2585Y-91.0829

G1X38.9262Y-92.4624

G1X42.6026Y-95.9333

G1X43.6672Y-96.7878

G1X44.6080Y-97.4082

G1X45.5957Y-97.8949

G1X46.5152Y-98.1725

G1X47.4348Y-98.2668

G1X48.3543Y-98.1759

G1X49.1717Y-97.9385

G1X49.9209Y-97.6008

G1X50.8064Y-97.0614

G1X51.6366Y-96.4342

G1X53.3891Y-94.8221

G1X57.0786Y-91.0304

G1X59.0415Y-89.3955

G1X60.0155Y-88.7971

G1X61.0528Y-88.3553

G1X62.0453Y-88.1355

G1X62.9648Y-88.1144

G1X63.8844Y-88.2710

G1X64.8477Y-88.6173

G1X65.8597Y-89.1664

G1X66.9796Y-89.9708

G1X68.8113Y-91.6326

G1X73.4645Y-96.4615

G1X74.7146Y-97.5833

G1X75.9598Y-98.5183

G1X77.1940Y-99.2265

G1X78.4147Y-99.6871

G1X79.6188Y-99.8944

G1X80.7427Y-99.8648

G1X81.8666Y-99.6263

G1X82.9686Y-99.2022

G1X84.1782Y-98.5410

G1X85.3404Y-97.7399

G1X87.4500Y-95.9758

G1X93.1536Y-90.6264

G1X94.8041Y-89.2919

G1X96.4090Y-88.1988

G1X98.0535Y-87.3263

G1X99.6445Y-86.7409

G1X101.2792Y-86.4097

G1X102.9139Y-86.3446

G1X104.2422Y-86.4753

G1X105.5704Y-86.7554

G1X106.9716Y-87.1942

G1X108.4896Y-87.8107

G1X111.5509Y-89.3838

G1X119.0775Y-93.9049

G1X122.9104Y-95.9802

G1X125.0925Y-97.0002

G1X127.2746Y-97.8889

G1X129.3764Y-98.6203

G1X131.6242Y-99.2731

G1X134.2806Y-99.8873

G1X137.0393Y-100.3682

G1X140.0023Y-100.7379

G1X143.1696Y-101.0004

G1X146.9499Y-101.1790

G1X151.0368Y-101.2482

G1X155.2258Y-101.2062

G1X159.1083Y-101.0578

G1X163.8082Y-100.6936

G1X167.9973Y-100.1344

G1X171.8798Y-99.3544

G1X175.6601Y-98.3013

G1X179.1705Y-97.0363

G1X182.7757Y-95.4524

G1X186.1911Y-93.7270

G1X193.6861Y-89.6748

G1X197.2913Y-87.9944

G1X199.3785Y-87.2329

G1X201.3052Y-86.7177

G1X203.1443Y-86.4217

G1X204.9834Y-86.3387

G1X206.8225Y-86.4806

G1X208.7637Y-86.8780

G1X210.6685Y-87.5072

G1X212.6608Y-88.3976

G1X214.3559Y-89.3153

G1X216.2154Y-90.4571

G1X224.5391Y-96.0617

G1X226.7528Y-97.3302

G1X228.7894Y-98.3035

G1X230.8328Y-99.0599

G1X232.7741Y-99.5582

G1X234.7153Y-99.8378

G1X236.7588Y-99.9040

G1X238.2913Y-99.8111

G1X239.9261Y-99.5909

G1X241.6630Y-99.2377

G1X243.5021Y-98.7539

G1X246.7205Y-97.7121

G1X256.0692Y-94.3400

G1X259.0322Y-93.4177

G1X261.8930Y-92.6542

G1X264.8559Y-92.0047

G1X267.8189Y-91.4980

G1X270.8841Y-91.1166

G1X273.9493Y-90.8701

G1 Z0F20000

(Start Block)


G1X22.9136Y-95.2491
G1Z6F20000
(Plotting speed under)
G1 F4000


G1X23.9762Y-94.7057

G1X25.0720Y-93.9816

G1X29.2227Y-90.5930

G1X30.7944Y-89.5031

G1X31.7368Y-89.0131

G1X32.6199Y-88.6958

G1X33.4373Y-88.5352

G1X34.2546Y-88.5154

G1X35.0574Y-88.6315

G1X35.9113Y-88.9039

G1X36.7272Y-89.2959

G1X37.6902Y-89.9095

G1X39.2951Y-91.2213

G1X43.1496Y-94.8525

G1X44.0871Y-95.6122

G1X45.1393Y-96.3131

G1X46.1576Y-96.8045

G1X47.0261Y-97.0602

G1X47.9456Y-97.1538

G1X48.8652Y-97.0591

G1X49.6680Y-96.8272

G1X50.5218Y-96.4306

G1X52.2128Y-95.2570

G1X53.7580Y-93.8369

G1X57.4476Y-90.0358

G1X58.5414Y-89.0436

G1X59.6059Y-88.2294

G1X60.5784Y-87.6470

G1X61.5344Y-87.2444

G1X62.4540Y-87.0316

G1X63.3735Y-86.9962

G1X64.3733Y-87.1572

G1X65.3221Y-87.4981

G1X66.3024Y-88.0274

G1X67.4093Y-88.8147

G1X69.4716Y-90.6948

G1X74.0505Y-95.4486

G1X75.3396Y-96.5884

G1X76.4856Y-97.4345

G1X77.7506Y-98.1489

G1X78.9036Y-98.5763

G1X80.0275Y-98.7760

G1X81.2536Y-98.7472

G1X82.2753Y-98.5323

G1X83.3481Y-98.1323

G1X84.4550Y-97.5491

G1X85.7555Y-96.6722

G1X88.0707Y-94.7308

G1X93.6224Y-89.5199

G1X95.3022Y-88.1619

G1X96.8518Y-87.1059

G1X98.4330Y-86.2574

G1X100.0531Y-85.6478

G1X101.6879Y-85.3050

G1X103.3226Y-85.2287

G1X104.6509Y-85.3503

G1X105.9791Y-85.6217

G1X107.4460Y-86.0753

G1X108.9640Y-86.6888

G1X112.0821Y-88.2857

G1X119.5202Y-92.7354

G1X123.3848Y-94.8190

G1X125.5669Y-95.8343

G1X127.6541Y-96.6836

G1X129.7851Y-97.4271

G1X132.0329Y-98.0818

G1X134.5872Y-98.6779

G1X137.3458Y-99.1673

G1X140.3088Y-99.5448

G1X143.4761Y-99.8135

G1X147.1543Y-99.9926

G1X151.1389Y-100.0630

G1X155.2258Y-100.0207

G1X159.0062Y-99.8718

G1X163.7061Y-99.4983

G1X167.8951Y-98.9268

G1X171.7776Y-98.1335

G1X175.4558Y-97.1000

G1X178.8859Y-95.8643

G1X182.4911Y-94.2859

G1X185.9065Y-92.5673

G1X193.3066Y-88.5815

G1X197.0067Y-86.8608

G1X199.0574Y-86.1160

G1X200.9987Y-85.5986

G1X202.8378Y-85.3056

G1X204.6769Y-85.2255

G1X206.5160Y-85.3714

G1X208.4572Y-85.7741

G1X210.3839Y-86.4181

G1X212.3762Y-87.3191

G1X214.0903Y-88.2576

G1X215.8612Y-89.3529

G1X224.1849Y-94.9897

G1X226.3227Y-96.2221

G1X228.3150Y-97.1837

G1X230.3220Y-97.9370

G1X232.2632Y-98.4432

G1X234.2045Y-98.7260

G1X236.2479Y-98.7893

G1X237.7805Y-98.6900

G1X239.4152Y-98.4597

G1X241.0500Y-98.1168

G1X242.8891Y-97.6192

G1X246.2461Y-96.4939

G1X255.5437Y-93.0187

G1X258.6235Y-92.0304

G1X261.4843Y-91.2472

G1X264.4473Y-90.5820

G1X267.5124Y-90.0471

G1X270.6798Y-89.6472

G1X273.9493Y-89.3827

G1 Z0F20000

(Start Block)


G1X22.9136Y-94.3401
G1Z6F20000
(Plotting speed under)
G1 F4000


G1X24.2418Y-93.7478

G1X25.4815Y-92.9579

G1X29.5547Y-89.6343

G1X31.4143Y-88.3357

G1X32.3061Y-87.8805

G1X33.1599Y-87.5762

G1X33.9481Y-87.4239

G1X34.7655Y-87.4005

G1X35.5829Y-87.5202

G1X36.3857Y-87.7710

G1X37.2395Y-88.1803

G1X38.1882Y-88.7839

G1X39.7899Y-90.0918

G1X43.6965Y-93.7715

G1X44.7464Y-94.6059

G1X45.5884Y-95.1622

G1X46.5371Y-95.6403

G1X47.5369Y-95.9469

G1X48.4565Y-96.0400

G1X49.3760Y-95.9455

G1X50.1423Y-95.7248

G1X50.9835Y-95.3433

G1X52.6816Y-94.1734

G1X54.2008Y-92.7824

G1X58.1117Y-88.7679

G1X60.0210Y-87.1749

G1X61.0781Y-86.5325

G1X62.0453Y-86.1277

G1X62.9648Y-85.9167

G1X63.8844Y-85.8830

G1X64.9061Y-86.0538

G1X65.8913Y-86.4165

G1X66.9112Y-86.9825

G1X67.9904Y-87.7685

G1X69.8444Y-89.4569

G1X74.4932Y-94.2868

G1X75.8084Y-95.4551

G1X77.0390Y-96.3609

G1X78.2249Y-97.0267

G1X79.4145Y-97.4673

G1X80.5384Y-97.6636

G1X81.7644Y-97.6316

G1X82.8737Y-97.3882

G1X83.9173Y-96.9840

G1X85.0748Y-96.3578

G1X86.2536Y-95.5542

G1X88.4396Y-93.7317

G1X94.1693Y-88.3628

G1X95.8003Y-87.0484

G1X97.2945Y-86.0278

G1X98.9074Y-85.1569

G1X100.5640Y-84.5325

G1X102.1988Y-84.1912

G1X103.8335Y-84.1152

G1X105.1617Y-84.2364

G1X106.5921Y-84.5329

G1X108.0152Y-84.9786

G1X109.5332Y-85.5938

G1X112.5249Y-87.1184

G1X120.0515Y-91.5904

G1X123.8591Y-93.6316

G1X126.0412Y-94.6429

G1X128.1285Y-95.4897

G1X130.2960Y-96.2433

G1X132.4416Y-96.8685

G1X134.9959Y-97.4688

G1X137.7545Y-97.9629

G1X140.6153Y-98.3339

G1X143.7826Y-98.6101

G1X147.3586Y-98.7902

G1X151.2411Y-98.8620

G1X155.1237Y-98.8218

G1X158.9040Y-98.6694

G1X163.5017Y-98.2960

G1X167.5886Y-97.7339

G1X171.4711Y-96.9398

G1X175.1493Y-95.9074

G1X178.6012Y-94.6663

G1X182.2064Y-93.0922

G1X185.5776Y-91.4040

G1X192.9272Y-87.4660

G1X196.6272Y-85.7497

G1X198.6488Y-85.0151

G1X200.5900Y-84.4936

G1X202.4291Y-84.1964

G1X204.2682Y-84.1114

G1X206.1073Y-84.2524

G1X208.0485Y-84.6510

G1X210.0044Y-85.3044

G1X211.9967Y-86.2078

G1X213.7361Y-87.1657

G1X215.5956Y-88.3260

G1X223.7421Y-93.8800

G1X225.9558Y-95.1624

G1X227.9355Y-96.1159

G1X229.8330Y-96.8292

G1X231.7524Y-97.3334

G1X233.6936Y-97.6161

G1X235.6349Y-97.6766

G1X237.1675Y-97.5773

G1X238.8022Y-97.3420

G1X240.4370Y-96.9899

G1X242.2760Y-96.4779

G1X245.4871Y-95.3699

G1X255.0694Y-91.6673

G1X258.1126Y-90.6623

G1X261.0756Y-89.8314

G1X264.1407Y-89.1335

G1X267.3081Y-88.5792

G1X270.5776Y-88.1697

G1X273.9493Y-87.9013

G1 Z0F20000

(Start Block)


G1X22.9136Y-93.3810
G1Z6F20000
(Plotting speed under)
G1 F4000


G1X24.3304Y-92.8680

G1X25.7361Y-92.0431

G1X27.1327Y-90.9926

G1X30.3849Y-88.2862

G1X32.0341Y-87.1679

G1X32.8753Y-86.7493

G1X33.6416Y-86.4760

G1X34.4590Y-86.3116

G1X35.2764Y-86.2866

G1X36.0937Y-86.4027

G1X36.9549Y-86.6768

G1X37.7898Y-87.0795

G1X38.7638Y-87.7082

G1X40.4019Y-89.0566

G1X44.0915Y-92.5503

G1X45.2445Y-93.4796

G1X46.2019Y-94.1044

G1X47.1282Y-94.5548

G1X48.0478Y-94.8330

G1X48.9673Y-94.9261

G1X49.8869Y-94.8330

G1X50.7042Y-94.5941

G1X51.5148Y-94.2196

G1X52.3837Y-93.6807

G1X53.2138Y-93.0433

G1X54.9309Y-91.4547

G1X58.5544Y-87.7189

G1X59.6353Y-86.7499

G1X60.5468Y-86.0533

G1X61.5271Y-85.4520

G1X62.4759Y-85.0399

G1X63.4757Y-84.8033

G1X64.3953Y-84.7693

G1X65.4170Y-84.9396

G1X66.3657Y-85.2876

G1X67.3650Y-85.8342

G1X68.4641Y-86.6248

G1X70.3609Y-88.3530

G1X75.0098Y-93.1784

G1X76.2919Y-94.3191

G1X77.4596Y-95.1885

G1X78.6993Y-95.8969

G1X79.9327Y-96.3566

G1X81.1514Y-96.5573

G1X82.2753Y-96.5175

G1X83.3992Y-96.2692

G1X84.4866Y-95.8436

G1X85.6061Y-95.2331

G1X86.8347Y-94.3900

G1X89.0126Y-92.5621

G1X94.5599Y-87.3596

G1X96.2153Y-86.0147

G1X97.8258Y-84.9095

G1X99.4766Y-84.0235

G1X101.0895Y-83.4200

G1X102.7096Y-83.0803

G1X104.3443Y-83.0006

G1X105.6726Y-83.1179

G1X107.0008Y-83.3837

G1X108.3947Y-83.8039

G1X110.0076Y-84.4434

G1X113.1447Y-86.0309

G1X120.5828Y-90.4196

G1X124.3335Y-92.4182

G1X126.5156Y-93.4263

G1X128.6028Y-94.2713

G1X130.7046Y-95.0035

G1X132.8502Y-95.6328

G1X135.4045Y-96.2386

G1X138.0610Y-96.7228

G1X140.9218Y-97.1040

G1X144.0891Y-97.3886

G1X147.5629Y-97.5699

G1X151.2411Y-97.6428

G1X155.0215Y-97.6053

G1X158.6997Y-97.4550

G1X163.2974Y-97.0748

G1X167.3842Y-96.5031

G1X171.1646Y-95.7236

G1X174.8428Y-94.6903

G1X178.3166Y-93.4423

G1X181.8270Y-91.9165

G1X185.2234Y-90.2271

G1X192.6425Y-86.2810

G1X196.2477Y-84.6235

G1X198.3423Y-83.8701

G1X200.2835Y-83.3596

G1X202.1226Y-83.0729

G1X203.8595Y-82.9977

G1X205.6986Y-83.1380

G1X207.6398Y-83.5364

G1X209.5300Y-84.1650

G1X211.6109Y-85.1086

G1X213.2934Y-86.0383

G1X215.1529Y-87.2028

G1X223.2994Y-92.7874

G1X225.4245Y-94.0283

G1X227.3663Y-94.9775

G1X229.3003Y-95.7150

G1X231.2415Y-96.2285

G1X233.1828Y-96.5084

G1X235.1240Y-96.5603

G1X236.6566Y-96.4507

G1X238.2913Y-96.2014

G1X239.9261Y-95.8317

G1X241.7652Y-95.2964

G1X245.0128Y-94.1301

G1X254.4053Y-90.3727

G1X257.4996Y-89.3170

G1X260.4626Y-88.4616

G1X263.6299Y-87.7233

G1X266.8994Y-87.1438

G1X270.3733Y-86.7096

G1X273.9493Y-86.4314

G1 Z0F20000

(Start Block)


G1X22.9136Y-92.3689
G1Z6F20000
(Plotting speed under)
G1 F4000


G1X24.4315Y-91.9514

G1X25.9851Y-91.1224

G1X27.4452Y-90.0593

G1X30.8830Y-87.2018

G1X32.6856Y-85.9907

G1X33.4446Y-85.6190

G1X34.2546Y-85.3403

G1X34.9698Y-85.2005

G1X35.7872Y-85.1719

G1X36.6046Y-85.2847

G1X37.5241Y-85.5783

G1X38.3211Y-85.9689

G1X39.2674Y-86.5750

G1X40.8056Y-87.8323

G1X44.7903Y-91.5845

G1X46.6446Y-92.9442

G1X47.6756Y-93.4511

G1X48.5587Y-93.7155

G1X49.4782Y-93.8132

G1X50.3978Y-93.7215

G1X51.1859Y-93.4969

G1X52.0398Y-93.1055

G1X53.6973Y-91.9652

G1X55.2339Y-90.5605

G1X59.1448Y-86.5432

G1X61.1002Y-84.9157

G1X62.0964Y-84.3138

G1X63.0670Y-83.9041

G1X63.9866Y-83.6906

G1X64.9061Y-83.6556

G1X65.8256Y-83.7968

G1X66.8337Y-84.1486

G1X67.8963Y-84.7276

G1X68.9036Y-85.4479

G1X70.9396Y-87.2941

G1X75.6001Y-92.1312

G1X76.9023Y-93.2782

G1X78.0795Y-94.1386

G1X79.2685Y-94.8043

G1X80.4362Y-95.2370

G1X81.5601Y-95.4357

G1X82.7862Y-95.4064

G1X83.9100Y-95.1604

G1X84.9610Y-94.7537

G1X86.0488Y-94.1706

G1X87.2498Y-93.3607

G1X89.5465Y-91.4477

G1X95.1850Y-86.1725

G1X96.8794Y-84.8095

G1X98.3571Y-83.8043

G1X99.9510Y-82.9443

G1X101.5857Y-82.3235

G1X103.2205Y-81.9731

G1X104.8552Y-81.8859

G1X106.1834Y-81.9964

G1X107.6139Y-82.2802

G1X109.1464Y-82.7507

G1X110.6717Y-83.3623

G1X113.6760Y-84.8740

G1X121.1141Y-89.2232

G1X124.9028Y-91.2256

G1X126.9900Y-92.1843

G1X129.0772Y-93.0283

G1X131.2155Y-93.7726

G1X133.3611Y-94.4016

G1X135.9154Y-95.0081

G1X138.5719Y-95.4938

G1X141.4326Y-95.8767

G1X144.3956Y-96.1473

G1X147.7673Y-96.3300

G1X151.2411Y-96.4039

G1X154.9193Y-96.3692

G1X158.3931Y-96.2271

G1X162.8887Y-95.8560

G1X166.9755Y-95.2860

G1X170.7559Y-94.5093

G1X174.4341Y-93.4813

G1X177.9371Y-92.2300

G1X181.4475Y-90.7138

G1X184.8629Y-89.0268

G1X192.2630Y-85.1238

G1X195.8682Y-83.4821

G1X197.9335Y-82.7456

G1X199.8748Y-82.2400

G1X201.7139Y-81.9567

G1X203.4508Y-81.8844

G1X205.2899Y-82.0280

G1X207.2312Y-82.4303

G1X209.1505Y-83.0745

G1X211.1429Y-83.9827

G1X212.8506Y-84.9280

G1X214.7101Y-86.0968

G1X222.8566Y-91.7102

G1X224.8996Y-92.9107

G1X226.8919Y-93.8905

G1X228.7894Y-94.6157

G1X230.7307Y-95.1282

G1X232.5697Y-95.3936

G1X234.5110Y-95.4465

G1X236.0436Y-95.3329

G1X237.6783Y-95.0748

G1X239.4152Y-94.6654

G1X241.1230Y-94.1494

G1X244.2538Y-92.9913

G1X253.8360Y-89.0345

G1X256.9887Y-87.9322

G1X259.9517Y-87.0611

G1X263.2212Y-86.2924

G1X266.5929Y-85.6985

G1X270.1689Y-85.2613

G1X273.9493Y-84.9788

G1 Z0F20000

(Start Block)


G1X22.9136Y-91.3016
G1Z6F20000
(Plotting speed under)
G1 F4000


G1X23.7309Y-91.2107

G1X24.5264Y-91.0048

G1X25.3803Y-90.6565

G1X26.2784Y-90.1647

G1X27.8945Y-89.0166

G1X31.6301Y-85.9287

G1X33.2738Y-84.8471

G1X34.7728Y-84.2307

G1X35.5829Y-84.0787

G1X36.2981Y-84.0567

G1X37.1155Y-84.1663

G1X37.9985Y-84.4402

G1X38.9354Y-84.8989

G1X39.7655Y-85.4377

G1X41.5826Y-86.9390

G1X45.2591Y-90.4181

G1X46.3236Y-91.2669

G1X47.1759Y-91.8276

G1X48.1500Y-92.3146

G1X49.0695Y-92.5982

G1X49.9891Y-92.6988

G1X50.9086Y-92.6131

G1X51.7260Y-92.3791

G1X52.4889Y-92.0371

G1X54.1661Y-90.9010

G1X55.7504Y-89.4590

G1X59.6613Y-85.4413

G1X61.6094Y-83.8195

G1X62.5834Y-83.2223

G1X63.5195Y-82.8167

G1X64.4974Y-82.5805

G1X65.4170Y-82.5403

G1X66.4387Y-82.7046

G1X67.4093Y-83.0553

G1X68.4055Y-83.5975

G1X69.4798Y-84.3670

G1X71.3940Y-86.1027

G1X75.9690Y-90.8587

G1X77.2929Y-92.0458

G1X78.5333Y-92.9712

G1X79.7619Y-93.6705

G1X80.9471Y-94.1160

G1X82.0710Y-94.3194

G1X83.2970Y-94.2961

G1X84.3917Y-94.0656

G1X85.5175Y-93.6349

G1X86.7517Y-92.9602

G1X87.9139Y-92.1586

G1X90.0283Y-90.3941

G1X95.7319Y-85.0690

G1X97.3775Y-83.7450

G1X98.9769Y-82.6593

G1X100.6151Y-81.7890

G1X102.1988Y-81.1996

G1X103.8335Y-80.8557

G1X105.4682Y-80.7725

G1X106.7965Y-80.8847

G1X108.2269Y-81.1684

G1X109.6281Y-81.5908

G1X111.2409Y-82.2259

G1X114.2959Y-83.7478

G1X121.6454Y-88.0014

G1X125.3771Y-89.9610

G1X127.4643Y-90.9173

G1X129.5516Y-91.7606

G1X131.6388Y-92.4894

G1X133.7698Y-93.1194

G1X136.2219Y-93.7117

G1X138.8784Y-94.2103

G1X141.6370Y-94.5930

G1X144.6000Y-94.8767

G1X147.8695Y-95.0644

G1X151.2411Y-95.1431

G1X154.7149Y-95.1142

G1X158.1888Y-94.9721

G1X162.5822Y-94.6047

G1X166.5669Y-94.0468

G1X170.3472Y-93.2714

G1X174.0254Y-92.2473

G1X177.4628Y-91.0288

G1X181.0679Y-89.4845

G1X184.3885Y-87.8589

G1X191.6938Y-84.0404

G1X195.3939Y-82.3628

G1X197.4227Y-81.6421

G1X199.3640Y-81.1340

G1X201.2031Y-80.8474

G1X202.9400Y-80.7703

G1X204.8812Y-80.9225

G1X206.7203Y-81.3045

G1X208.6762Y-81.9586

G1X210.6685Y-82.8673

G1X212.4079Y-83.8343

G1X214.2618Y-85.0054

G1X222.3253Y-90.5926

G1X224.4505Y-91.8475

G1X226.4175Y-92.8137

G1X228.3150Y-93.5354

G1X230.1176Y-94.0116

G1X231.9567Y-94.2808

G1X233.8980Y-94.3317

G1X235.4306Y-94.2125

G1X236.9631Y-93.9653

G1X238.5979Y-93.5766

G1X240.4370Y-93.0099

G1X243.6846Y-91.7688

G1X253.1719Y-87.7238

G1X256.3976Y-86.5668

G1X259.4409Y-85.6580

G1X262.7104Y-84.8850

G1X266.1842Y-84.2775

G1X269.9645Y-83.8297

G1X273.9493Y-83.5500

G1 Z0F20000

(Start Block)


G1X22.9136Y-90.1783
G1Z6F20000
(Plotting speed under)
G1 F4000


G1X23.7309Y-90.1715

G1X24.5483Y-90.0407

G1X25.3657Y-89.7854

G1X26.1899Y-89.4118

G1X28.0605Y-88.1965

G1X31.8206Y-85.0855

G1X33.3734Y-83.9885

G1X34.2984Y-83.4920

G1X35.1742Y-83.1585

G1X35.9916Y-82.9800

G1X36.8089Y-82.9426

G1X37.7139Y-83.0648

G1X38.5677Y-83.3392

G1X39.3836Y-83.7338

G1X40.3466Y-84.3511

G1X41.9516Y-85.6694

G1X45.8060Y-89.3077

G1X46.7436Y-90.0658

G1X47.7958Y-90.7631

G1X48.8141Y-91.2492

G1X49.6825Y-91.4992

G1X50.6021Y-91.5858

G1X51.5216Y-91.4835

G1X52.3244Y-91.2447

G1X53.1783Y-90.8408

G1X54.8692Y-89.6541

G1X56.4145Y-88.2252

G1X60.0303Y-84.4925

G1X61.1979Y-83.4351

G1X62.1794Y-82.6851

G1X63.1400Y-82.1025

G1X64.0887Y-81.6934

G1X65.0083Y-81.4712

G1X65.9278Y-81.4256

G1X66.9349Y-81.5780

G1X67.8837Y-81.9111

G1X68.8704Y-82.4362

G1X69.9486Y-83.1943

G1X72.0581Y-85.1080

G1X76.7070Y-89.9247

G1X77.9961Y-91.0567

G1X79.1420Y-91.8947

G1X80.4070Y-92.5996

G1X81.5601Y-93.0187

G1X82.6840Y-93.2109

G1X83.9100Y-93.1754

G1X84.9317Y-92.9563

G1X86.0046Y-92.5536

G1X87.1114Y-91.9695

G1X88.4120Y-91.0940

G1X90.7272Y-89.1610

G1X96.2788Y-83.9845

G1X97.9586Y-82.6339

G1X99.5082Y-81.5809

G1X101.1843Y-80.6871

G1X102.8118Y-80.0826

G1X104.4465Y-79.7416

G1X106.0813Y-79.6592

G1X107.4095Y-79.7700

G1X108.8399Y-80.0505

G1X110.3725Y-80.5135

G1X111.9051Y-81.1171

G1X114.9157Y-82.6017

G1X122.2652Y-86.8047

G1X125.9464Y-88.7172

G1X128.0336Y-89.6658

G1X130.1208Y-90.5036

G1X132.1351Y-91.2052

G1X134.2806Y-91.8406

G1X136.7328Y-92.4349

G1X139.2871Y-92.9195

G1X142.0457Y-93.3094

G1X144.9065Y-93.5903

G1X148.0738Y-93.7791

G1X151.3433Y-93.8591

G1X154.7149Y-93.8305

G1X157.9845Y-93.6939

G1X162.2757Y-93.3306

G1X166.2603Y-92.7667

G1X170.0407Y-91.9847

G1X173.6167Y-90.9879

G1X177.0833Y-89.7642

G1X180.5936Y-88.2722

G1X183.9142Y-86.6646

G1X191.3143Y-82.8416

G1X194.9195Y-81.2290

G1X196.9118Y-80.5269

G1X198.8531Y-80.0213

G1X200.6922Y-79.7345

G1X202.4291Y-79.6566

G1X204.3704Y-79.8069

G1X206.2095Y-80.1868

G1X208.2018Y-80.8538

G1X210.1941Y-81.7666

G1X211.8766Y-82.7033

G1X213.7361Y-83.8805

G1X221.8826Y-89.5468

G1X223.9192Y-90.7517

G1X225.8483Y-91.7056

G1X227.6655Y-92.4054

G1X229.5046Y-92.8991

G1X231.3437Y-93.1696

G1X233.1828Y-93.2198

G1X234.7153Y-93.1022

G1X236.2479Y-92.8519

G1X237.8827Y-92.4555

G1X239.6999Y-91.8829

G1X242.8307Y-90.6569

G1X249.5667Y-87.6402

G1X252.5078Y-86.4063

G1X255.7627Y-85.2115

G1X258.8278Y-84.2818

G1X262.1995Y-83.4829

G1X265.7755Y-82.8693

G1X269.6581Y-82.4292

G1X273.9493Y-82.1516

G1 Z0F20000

(Start Block)


G1X22.9136Y-88.9991
G1Z6F20000
(Plotting speed under)
G1 F4000


G1X23.8331Y-89.0771

G1X24.7527Y-88.9974

G1X25.6649Y-88.7634

G1X26.6137Y-88.3612

G1X28.4756Y-87.1853

G1X32.2112Y-84.0966

G1X33.9822Y-82.8393

G1X34.8677Y-82.3673

G1X35.7215Y-82.0434

G1X36.6046Y-81.8590

G1X37.4219Y-81.8314

G1X38.2393Y-81.9476

G1X39.0421Y-82.1958

G1X39.8960Y-82.6031

G1X40.8447Y-83.2054

G1X42.4464Y-84.5130

G1X46.3530Y-88.1979

G1X47.4028Y-89.0341

G1X48.2448Y-89.5916

G1X49.1936Y-90.0709

G1X50.1934Y-90.3785

G1X51.1130Y-90.4721

G1X52.0325Y-90.3780

G1X52.7988Y-90.1573

G1X53.6400Y-89.7758

G1X55.3380Y-88.6055

G1X56.8573Y-87.2142

G1X60.7682Y-83.1997

G1X62.6775Y-81.6072

G1X63.7345Y-80.9650

G1X64.7018Y-80.5602

G1X65.6213Y-80.3490

G1X66.5408Y-80.3151

G1X67.5626Y-80.4850

G1X68.5478Y-80.8467

G1X69.5677Y-81.4111

G1X70.6469Y-82.1952

G1X72.5008Y-83.8795

G1X77.1497Y-88.7003

G1X78.4649Y-89.8684

G1X79.6955Y-90.7755

G1X80.8814Y-91.4443

G1X82.0710Y-91.8898

G1X83.1948Y-92.0925

G1X84.4209Y-92.0695

G1X85.5302Y-91.8358

G1X86.6687Y-91.3989

G1X87.8198Y-90.7746

G1X88.9931Y-89.9772

G1X91.1222Y-88.2179

G1X96.9039Y-82.8480

G1X98.5397Y-81.5377

G1X100.1281Y-80.4622

G1X101.7536Y-79.5958

G1X103.4248Y-78.9728

G1X105.0596Y-78.6308

G1X106.6943Y-78.5446

G1X108.0225Y-78.6508

G1X109.4529Y-78.9246

G1X110.9563Y-79.3688

G1X112.4743Y-79.9539

G1X115.5355Y-81.4382

G1X122.8851Y-85.5824

G1X126.6105Y-87.4930

G1X130.6901Y-89.2212

G1X134.7915Y-90.5372

G1X137.2436Y-91.1338

G1X139.7979Y-91.6212

G1X142.4544Y-92.0013

G1X145.2130Y-92.2788

G1X148.1760Y-92.4636

G1X151.3433Y-92.5483

G1X154.5106Y-92.5261

G1X157.6779Y-92.3966

G1X161.8670Y-92.0434

G1X165.8517Y-91.4797

G1X169.5298Y-90.7222

G1X173.1059Y-89.7349

G1X176.6089Y-88.5101

G1X180.1192Y-87.0334

G1X183.4398Y-85.4438

G1X190.7451Y-81.7165

G1X194.3502Y-80.1174

G1X196.4010Y-79.4006

G1X198.3423Y-78.9011

G1X200.1813Y-78.6186

G1X201.9183Y-78.5432

G1X203.8595Y-78.6957

G1X205.8008Y-79.1050

G1X207.7274Y-79.7603

G1X209.7198Y-80.6801

G1X211.4338Y-81.6420

G1X213.2657Y-82.8087

G1X221.3513Y-88.4587

G1X223.3879Y-89.6686

G1X225.2791Y-90.6063

G1X227.0817Y-91.3035

G1X228.8916Y-91.7908

G1X230.7307Y-92.0600

G1X232.5697Y-92.1038

G1X234.1023Y-91.9772

G1X235.6349Y-91.7145

G1X237.2696Y-91.3011

G1X239.0357Y-90.7241

G1X242.2614Y-89.4170

G1X248.7129Y-86.4350

G1X251.8437Y-85.0831

G1X255.0694Y-83.8730

G1X258.2148Y-82.9069

G1X261.6886Y-82.0886

G1X265.3668Y-81.4776

G1X269.3515Y-81.0548

G1X273.9493Y-80.7903

G1 Z0F20000

(Start Block)


G1X22.9136Y-87.7653
G1Z6F20000
(Plotting speed under)
G1 F4000


G1X23.9353Y-87.9449

G1X24.9570Y-87.9323

G1X25.9496Y-87.7339

G1X26.9868Y-87.3359

G1X27.9609Y-86.7998

G1X28.9736Y-86.1083

G1X32.9583Y-82.8266

G1X34.5135Y-81.7345

G1X35.4369Y-81.2459

G1X36.2981Y-80.9223

G1X37.1155Y-80.7495

G1X37.9328Y-80.7165

G1X38.8524Y-80.8480

G1X39.7062Y-81.1298

G1X40.5348Y-81.5374

G1X41.5088Y-82.1731

G1X43.1322Y-83.5186

G1X46.7480Y-86.9482

G1X47.9009Y-87.8832

G1X48.8584Y-88.5142

G1X49.7628Y-88.9625

G1X50.7116Y-89.2586

G1X51.6238Y-89.3581

G1X52.5433Y-89.2730

G1X53.3607Y-89.0412

G1X54.1713Y-88.6733

G1X55.0402Y-88.1410

G1X55.8703Y-87.5092

G1X57.5874Y-85.9291

G1X61.2847Y-82.1243

G1X62.3698Y-81.1559

G1X63.2918Y-80.4572

G1X64.2785Y-79.8609

G1X65.2272Y-79.4573

G1X66.1322Y-79.2428

G1X67.0517Y-79.1986

G1X68.0734Y-79.3569

G1X69.0222Y-79.6935

G1X70.0215Y-80.2284

G1X71.1205Y-81.0068

G1X73.0912Y-82.7908

G1X77.8138Y-87.6710

G1X79.1144Y-88.8136

G1X80.2932Y-89.6744

G1X81.4506Y-90.3261

G1X82.6840Y-90.7854

G1X83.9100Y-90.9888

G1X85.0339Y-90.9520

G1X86.1578Y-90.7092

G1X87.2379Y-90.2945

G1X88.3511Y-89.6991

G1X89.5742Y-88.8751

G1X91.9035Y-86.9404

G1X97.4508Y-81.7965

G1X99.2039Y-80.3960

G1X100.7479Y-79.3559

G1X102.4177Y-78.4711

G1X104.0378Y-77.8695

G1X105.6726Y-77.5230

G1X107.4095Y-77.4325

G1X108.7377Y-77.5426

G1X110.1681Y-77.8178

G1X111.7007Y-78.2702

G1X113.3281Y-78.8986

G1X116.2439Y-80.3026

G1X123.5049Y-84.3362

G1X127.1797Y-86.1984

G1X131.1644Y-87.8782

G1X135.2002Y-89.1803

G1X137.6523Y-89.7848

G1X140.1044Y-90.2628

G1X142.6587Y-90.6415

G1X145.4174Y-90.9318

G1X148.2782Y-91.1200

G1X151.3433Y-91.2095

G1X154.4085Y-91.1914

G1X157.3714Y-91.0723

G1X161.4583Y-90.7301

G1X165.3408Y-90.1845

G1X169.0190Y-89.4338

G1X172.5950Y-88.4554

G1X176.0397Y-87.2657

G1X179.5500Y-85.8104

G1X182.8705Y-84.2446

G1X190.1758Y-80.5701

G1X193.8759Y-78.9540

G1X195.8901Y-78.2639

G1X197.8314Y-77.7739

G1X199.6705Y-77.4995

G1X201.4074Y-77.4305

G1X203.3486Y-77.5888

G1X205.1877Y-77.9752

G1X207.1582Y-78.6403

G1X209.1316Y-79.5481

G1X210.8140Y-80.4895

G1X212.7621Y-81.7327

G1X220.7315Y-87.3288

G1X222.7681Y-88.5482

G1X224.6150Y-89.4745

G1X226.4395Y-90.1886

G1X228.2785Y-90.6864

G1X230.0155Y-90.9431

G1X231.8546Y-90.9909

G1X233.3871Y-90.8628

G1X234.9197Y-90.5943

G1X236.5544Y-90.1705

G1X238.2768Y-89.5945

G1X241.4076Y-88.2952

G1X248.0487Y-85.1388

G1X251.0847Y-83.7939

G1X254.3104Y-82.5561

G1X257.4996Y-81.5631

G1X261.0756Y-80.7248

G1X264.8559Y-80.1191

G1X269.0450Y-79.7115

G1X273.9493Y-79.4732

G1 Z0F20000

(Start Block)


G1X22.9136Y-86.4793
G1Z6F20000
(Plotting speed under)
G1 F4000


G1X24.0375Y-86.7752

G1X25.1614Y-86.8452

G1X26.1831Y-86.7039

G1X27.2778Y-86.3403

G1X28.4036Y-85.7561

G1X29.5547Y-84.9748

G1X33.3832Y-81.8133

G1X35.0448Y-80.6366

G1X35.9303Y-80.1582

G1X36.8089Y-79.8219

G1X37.6263Y-79.6417

G1X38.5458Y-79.6057

G1X39.3632Y-79.7246

G1X40.2691Y-80.0181

G1X41.1546Y-80.4631

G1X42.0069Y-81.0177

G1X43.5402Y-82.2731

G1X47.4468Y-85.9558

G1X49.3122Y-87.3401

G1X50.3321Y-87.8541

G1X51.2151Y-88.1318

G1X52.1347Y-88.2445

G1X53.0542Y-88.1683

G1X53.8424Y-87.9569

G1X54.6963Y-87.5794

G1X55.4995Y-87.0959

G1X56.4319Y-86.3993

G1X57.9641Y-85.0013

G1X61.8750Y-80.9908

G1X63.8397Y-79.3558

G1X64.8857Y-78.7272

G1X65.8256Y-78.3355

G1X66.7452Y-78.1227

G1X67.6647Y-78.0876

G1X68.6865Y-78.2544

G1X69.6673Y-78.6107

G1X70.7299Y-79.1991

G1X71.7261Y-79.9186

G1X73.6815Y-81.6864

G1X78.4041Y-86.5642

G1X79.7150Y-87.7124

G1X80.8577Y-88.5456

G1X82.0199Y-89.2019

G1X83.1948Y-89.6486

G1X84.3187Y-89.8606

G1X85.5448Y-89.8495

G1X86.6687Y-89.6229

G1X87.8072Y-89.1963

G1X88.9709Y-88.5764

G1X90.1553Y-87.7816

G1X92.3723Y-85.9611

G1X98.1540Y-80.6267

G1X99.8680Y-79.2684

G1X101.4563Y-78.2094

G1X103.0818Y-77.3570

G1X104.7530Y-76.7436

G1X106.3878Y-76.4053

G1X108.1247Y-76.3191

G1X109.4529Y-76.4299

G1X110.8833Y-76.7030

G1X112.2845Y-77.1062

G1X113.8974Y-77.7096

G1X116.9334Y-79.1396

G1X124.2133Y-83.1128

G1X127.8439Y-84.9230

G1X131.8285Y-86.5800

G1X135.8132Y-87.8533

G1X138.1632Y-88.4317

G1X140.6153Y-88.9119

G1X143.0674Y-89.2791

G1X145.7239Y-89.5644

G1X148.4825Y-89.7516

G1X151.3433Y-89.8406

G1X154.3063Y-89.8272

G1X157.1671Y-89.7131

G1X161.1518Y-89.3777

G1X164.9321Y-88.8450

G1X168.6103Y-88.0944

G1X172.0841Y-87.1492

G1X175.4704Y-85.9940

G1X178.9807Y-84.5603

G1X182.3962Y-82.9730

G1X189.7015Y-79.3590

G1X193.3066Y-77.8134

G1X195.3793Y-77.1164

G1X197.2184Y-76.6609

G1X199.0574Y-76.3869

G1X200.7944Y-76.3165

G1X202.7356Y-76.4715

G1X204.6769Y-76.8814

G1X206.5889Y-77.5310

G1X208.5813Y-78.4502

G1X210.2827Y-79.4055

G1X212.1035Y-80.5686

G1X220.2002Y-86.2688

G1X222.1483Y-87.4391

G1X224.0457Y-88.3932

G1X225.8483Y-89.0972

G1X227.5633Y-89.5643

G1X229.3003Y-89.8276

G1X231.1393Y-89.8772

G1X232.6719Y-89.7463

G1X234.2045Y-89.4713

G1X235.7371Y-89.0673

G1X237.4229Y-88.4953

G1X240.6486Y-87.1261

G1X247.1949Y-83.9260

G1X250.3257Y-82.5019

G1X253.6463Y-81.2060

G1X256.8866Y-80.1958

G1X260.4626Y-79.3730

G1X264.3451Y-78.7829

G1X268.7385Y-78.4044

G1X273.9493Y-78.2069

G1 Z0F20000

(Start Block)


G1X22.9136Y-85.1446
G1Z6F20000
(Plotting speed under)
G1 F4000


G1X24.1469Y-85.5701

G1X25.3657Y-85.7352

G1X26.5918Y-85.6226

G1X27.7521Y-85.2596

G1X28.7578Y-84.7603

G1X29.9698Y-83.9656

G1X34.1205Y-80.5598

G1X35.7532Y-79.4311

G1X36.6703Y-78.9649

G1X37.5241Y-78.6624

G1X38.3415Y-78.5096

G1X39.1589Y-78.4956

G1X39.9762Y-78.6239

G1X40.8447Y-78.9124

G1X41.6859Y-79.3308

G1X42.5714Y-79.9091

G1X44.3129Y-81.3497

G1X47.9937Y-84.8300

G1X49.0631Y-85.6848

G1X49.9209Y-86.2505

G1X50.9086Y-86.7446

G1X51.8281Y-87.0294

G1X52.7477Y-87.1309

G1X53.5651Y-87.0657

G1X54.3824Y-86.8520

G1X55.1453Y-86.5283

G1X56.0308Y-86.0078

G1X56.9495Y-85.3259

G1X58.7020Y-83.7206

G1X62.4653Y-79.8597

G1X64.4429Y-78.2261

G1X65.4170Y-77.6373

G1X66.3657Y-77.2338

G1X67.3582Y-77.0054

G1X68.2778Y-76.9754

G1X69.1973Y-77.1224

G1X70.1606Y-77.4579

G1X71.1726Y-77.9955

G1X72.2925Y-78.7872

G1X74.1981Y-80.5031

G1X78.9337Y-85.3853

G1X80.1936Y-86.4997

G1X81.3557Y-87.3640

G1X82.5954Y-88.0754

G1X83.8225Y-88.5414

G1X85.0339Y-88.7559

G1X86.1578Y-88.7352

G1X87.2817Y-88.5098

G1X88.3764Y-88.1058

G1X89.5908Y-87.4653

G1X90.8194Y-86.6408

G1X93.0754Y-84.7832

G1X98.7790Y-79.5407

G1X100.5321Y-78.1564

G1X102.1647Y-77.0754

G1X103.8408Y-76.2103

G1X105.4682Y-75.6243

G1X107.1030Y-75.2907

G1X108.8399Y-75.2058

G1X110.1681Y-75.3143

G1X111.5985Y-75.5823

G1X113.1311Y-76.0209

G1X114.7513Y-76.6258

G1X117.6923Y-77.9934

G1X124.8332Y-81.8189

G1X128.4131Y-83.5789

G1X132.3978Y-85.2209

G1X136.3241Y-86.4717

G1X138.5719Y-87.0287

G1X140.9218Y-87.4974

G1X143.3739Y-87.8744

G1X145.9282Y-88.1579

G1X148.5847Y-88.3470

G1X151.3433Y-88.4400

G1X156.8606Y-88.3290

G1X160.7431Y-88.0074

G1X164.5234Y-87.4773

G1X168.0994Y-86.7518

G1X171.5733Y-85.8158

G1X174.9012Y-84.6949

G1X178.4115Y-83.2834

G1X181.7321Y-81.7676

G1X188.9424Y-78.2618

G1X192.6425Y-76.6934

G1X194.6641Y-76.0189

G1X196.6053Y-75.5404

G1X198.4444Y-75.2715

G1X200.1813Y-75.2032

G1X202.1226Y-75.3584

G1X204.0638Y-75.7673

G1X206.0197Y-76.4330

G1X207.9804Y-77.3388

G1X209.6629Y-78.2838

G1X211.6054Y-79.5287

G1X219.4918Y-85.1082

G1X221.5284Y-86.3409

G1X223.3816Y-87.2784

G1X225.1112Y-87.9627

G1X226.8481Y-88.4455

G1X228.5850Y-88.7135

G1X230.3220Y-88.7666

G1X231.8546Y-88.6419

G1X233.3871Y-88.3679

G1X234.9197Y-87.9601

G1X236.6639Y-87.3568

G1X239.7947Y-85.9971

G1X246.5308Y-82.6183

G1X249.5667Y-81.2073

G1X252.8873Y-79.8900

G1X256.1714Y-78.8624

G1X259.8495Y-78.0351

G1X263.8342Y-77.4719

G1X268.3298Y-77.1430

G1X273.9493Y-76.9978

G1 Z0F20000

(Start Block)


G1X22.9136Y-83.7657
G1Z6F20000
(Plotting speed under)
G1 F4000


G1X24.2418Y-84.3255

G1X25.5701Y-84.6016

G1X26.8983Y-84.5556

G1X28.1244Y-84.2206

G1X29.2701Y-83.6714

G1X30.4679Y-82.8931

G1X34.5551Y-79.5420

G1X36.1959Y-78.3880

G1X37.1446Y-77.8877

G1X38.0350Y-77.5639

G1X38.8524Y-77.4011

G1X39.7719Y-77.3861

G1X40.5893Y-77.5223

G1X41.4067Y-77.7979

G1X42.2172Y-78.2000

G1X43.1691Y-78.8165

G1X44.7122Y-80.0853

G1X48.5406Y-83.6944

G1X49.4782Y-84.4561

G1X50.4522Y-85.1158

G1X51.4705Y-85.6271

G1X52.3390Y-85.9018

G1X53.2585Y-86.0169

G1X54.1781Y-85.9443

G1X54.9809Y-85.7314

G1X55.8347Y-85.3544

G1X56.7005Y-84.8315

G1X57.6038Y-84.1513

G1X59.1448Y-82.7441

G1X62.9949Y-78.7993

G1X64.0106Y-77.8870

G1X65.0849Y-77.0717

G1X66.0811Y-76.4847

G1X67.0517Y-76.0892

G1X67.9713Y-75.8882

G1X68.8908Y-75.8640

G1X69.8104Y-76.0139

G1X70.8184Y-76.3724

G1X71.8810Y-76.9551

G1X72.8882Y-77.6756

G1X74.8622Y-79.4522

G1X79.5848Y-84.3141

G1X80.8870Y-85.4543

G1X82.0641Y-86.3127

G1X83.2532Y-86.9809

G1X84.4209Y-87.4216

G1X85.5448Y-87.6331

G1X86.7708Y-87.6236

G1X87.8947Y-87.4007

G1X88.9456Y-87.0191

G1X90.1221Y-86.4131

G1X91.4005Y-85.5696

G1X93.6224Y-83.7619

G1X99.4822Y-78.4033

G1X101.1962Y-77.0579

G1X102.7845Y-76.0070

G1X104.5049Y-75.1156

G1X106.1834Y-74.5119

G1X107.8182Y-74.1793

G1X109.5551Y-74.0910

G1X110.8833Y-74.1943

G1X112.3137Y-74.4540

G1X113.7441Y-74.8484

G1X115.4154Y-75.4516

G1X118.5462Y-76.8770

G1X125.5669Y-80.5604

G1X129.0772Y-82.2537

G1X132.9670Y-83.8362

G1X136.8349Y-85.0629

G1X139.0827Y-85.6203

G1X141.4326Y-86.0897

G1X146.2347Y-86.7289

G1X151.3433Y-87.0062

G1X156.6562Y-86.9069

G1X160.4366Y-86.5951

G1X164.0126Y-86.0977

G1X167.4864Y-85.4047

G1X170.9602Y-84.4856

G1X174.3319Y-83.3685

G1X177.7474Y-82.0203

G1X181.0679Y-80.5357

G1X188.4681Y-77.0130

G1X192.0733Y-75.5247

G1X194.0511Y-74.8802

G1X195.9923Y-74.4138

G1X197.8314Y-74.1528

G1X199.5683Y-74.0904

G1X201.5096Y-74.2499

G1X203.4508Y-74.6611

G1X205.4505Y-75.3457

G1X207.4428Y-76.2743

G1X209.1316Y-77.2299

G1X210.9413Y-78.3934

G1X218.9605Y-84.0751

G1X220.9085Y-85.2532

G1X222.7175Y-86.1713

G1X224.5201Y-86.8835

G1X226.2351Y-87.3523

G1X227.8698Y-87.6008

G1X229.6068Y-87.6520

G1X231.0372Y-87.5353

G1X232.5697Y-87.2620

G1X234.1972Y-86.8208

G1X235.8100Y-86.2513

G1X238.9409Y-84.8642

G1X245.6769Y-81.3989

G1X248.8077Y-79.9110

G1X252.1283Y-78.5759

G1X255.4562Y-77.5360

G1X259.2365Y-76.7135

G1X263.3234Y-76.1894

G1X267.8189Y-75.9272

G1X273.9493Y-75.8520

G1 Z0F20000

(Start Block)


G1X22.9136Y-82.3478
G1Z6F20000
(Plotting speed under)
G1 F4000


G1X24.3440Y-83.0484

G1X25.7744Y-83.4442

G1X27.1026Y-83.4866

G1X28.5111Y-83.1712

G1X29.7319Y-82.6150

G1X30.9660Y-81.8266

G1X35.1997Y-78.3677

G1X36.9043Y-77.1896

G1X37.8087Y-76.7324

G1X38.6626Y-76.4318

G1X39.4654Y-76.2832

G1X40.2828Y-76.2678

G1X41.1001Y-76.3955

G1X41.8883Y-76.6483

G1X42.8370Y-77.1149

G1X43.6672Y-77.6541

G1X45.4935Y-79.1639

G1X49.1657Y-82.6278

G1X50.9962Y-83.9811

G1X51.9449Y-84.4722

G1X52.8499Y-84.7727

G1X53.7694Y-84.9009

G1X54.6890Y-84.8431

G1X55.4552Y-84.6530

G1X56.2965Y-84.3040

G1X57.1819Y-83.7847

G1X58.0726Y-83.1297

G1X59.6613Y-81.6954

G1X63.6460Y-77.6255

G1X65.5941Y-76.0169

G1X66.5681Y-75.4247

G1X67.5991Y-74.9904

G1X68.5843Y-74.7733

G1X69.5038Y-74.7508

G1X70.4234Y-74.9043

G1X71.3940Y-75.2480

G1X72.3902Y-75.7806

G1X73.5426Y-76.5991

G1X75.4525Y-78.3218

G1X80.0275Y-83.0334

G1X81.3557Y-84.2160

G1X82.6010Y-85.1419

G1X83.8351Y-85.8462

G1X85.0558Y-86.3093

G1X86.2600Y-86.5263

G1X87.3839Y-86.5122

G1X88.5078Y-86.2956

G1X89.6098Y-85.8986

G1X90.8305Y-85.2662

G1X92.0646Y-84.4502

G1X94.3255Y-82.6126

G1X100.1072Y-77.3484

G1X101.8603Y-75.9744

G1X103.4929Y-74.8975

G1X105.1690Y-74.0301

G1X106.8986Y-73.4058

G1X108.6356Y-73.0583

G1X110.3725Y-72.9788

G1X111.8029Y-73.0985

G1X113.2333Y-73.3671

G1X114.7513Y-73.7931

G1X116.2692Y-74.3400

G1X119.2103Y-75.6483

G1X126.3259Y-79.2911

G1X129.8362Y-80.9457

G1X133.6311Y-82.4598

G1X137.3458Y-83.6269

G1X141.7392Y-84.6158

G1X146.4391Y-85.2580

G1X151.3433Y-85.5380

G1X156.3497Y-85.4568

G1X159.9257Y-85.1731

G1X163.5017Y-84.6876

G1X166.9755Y-84.0045

G1X170.3472Y-83.1268

G1X173.6678Y-82.0489

G1X177.1781Y-80.6905

G1X180.4038Y-79.2774

G1X187.7091Y-75.8749

G1X191.4092Y-74.3765

G1X193.4380Y-73.7323

G1X195.3793Y-73.2804

G1X197.2184Y-73.0319

G1X198.9553Y-72.9784

G1X200.8965Y-73.1457

G1X202.8378Y-73.5628

G1X204.7863Y-74.2310

G1X206.8293Y-75.1834

G1X208.5117Y-76.1382

G1X210.4432Y-77.3856

G1X218.2521Y-82.9394

G1X220.2887Y-84.1763

G1X222.0534Y-85.0726

G1X223.7830Y-85.7603

G1X225.4177Y-86.2183

G1X227.0525Y-86.4797

G1X228.7894Y-86.5404

G1X230.2198Y-86.4276

G1X231.7524Y-86.1541

G1X233.3871Y-85.7049

G1X235.0511Y-85.1043

G1X238.1819Y-83.6815

G1X244.8230Y-80.1783

G1X248.0487Y-78.6132

G1X251.4642Y-77.2303

G1X254.7410Y-76.2180

G1X258.5213Y-75.4263

G1X262.6082Y-74.9534

G1X267.3081Y-74.7540

G1X273.9493Y-74.7746

G1 Z0F20000

(Start Block)


G1X22.9136Y-80.8971
G1Z6F20000
(Plotting speed under)
G1 F4000


G1X24.5264Y-81.7762

G1X25.9787Y-82.2645

G1X27.4092Y-82.3899

G1X28.8395Y-82.1339

G1X29.9975Y-81.6581

G1X31.3811Y-80.8170

G1X32.6019Y-79.8920

G1X35.7808Y-77.2393

G1X37.4356Y-76.0960

G1X38.3780Y-75.6170

G1X39.2610Y-75.3120

G1X40.0784Y-75.1644

G1X40.8958Y-75.1581

G1X41.6986Y-75.2875

G1X42.5524Y-75.5737

G1X43.3683Y-75.9777

G1X44.3313Y-76.6032

G1X45.8624Y-77.8611

G1X49.6345Y-81.4160

G1X50.6502Y-82.2425

G1X51.6034Y-82.8842

G1X52.5142Y-83.3512

G1X53.4629Y-83.6667

G1X54.3824Y-83.7883

G1X55.1998Y-83.7411

G1X56.0172Y-83.5477

G1X56.8783Y-83.1917

G1X57.7796Y-82.6672

G1X58.6928Y-81.9911

G1X60.3254Y-80.5137

G1X64.0887Y-76.6596

G1X65.1826Y-75.6746

G1X66.2471Y-74.8661

G1X67.2195Y-74.2871

G1X68.1756Y-73.8857

G1X69.1973Y-73.6582

G1X70.1168Y-73.6383

G1X71.1094Y-73.8107

G1X72.0581Y-74.1582

G1X73.0322Y-74.6874

G1X74.1335Y-75.4684

G1X76.1904Y-77.3253

G1X80.8392Y-82.0923

G1X82.1371Y-83.2229

G1X83.2153Y-84.0130

G1X84.4866Y-84.7374

G1X85.6470Y-85.1806

G1X86.7708Y-85.4005

G1X87.9969Y-85.4029

G1X89.1208Y-85.1933

G1X90.1790Y-84.8230

G1X91.3618Y-84.2294

G1X92.6457Y-83.3996

G1X94.9506Y-81.5488

G1X100.8886Y-76.1769

G1X102.6074Y-74.8442

G1X104.2013Y-73.8008

G1X105.9280Y-72.9128

G1X107.6139Y-72.3064

G1X109.3508Y-71.9528

G1X111.0877Y-71.8630

G1X112.5181Y-71.9710

G1X113.9485Y-72.2257

G1X115.4811Y-72.6392

G1X117.1231Y-73.2154

G1X120.1591Y-74.5398

G1X127.0848Y-77.9978

G1X130.5003Y-79.5712

G1X134.2952Y-81.0573

G1X137.9588Y-82.1909

G1X142.2500Y-83.1481

G1X146.6434Y-83.7536

G1X151.3433Y-84.0348

G1X156.1454Y-83.9667

G1X159.6192Y-83.6961

G1X163.0930Y-83.2294

G1X166.4647Y-82.5749

G1X169.7342Y-81.7391

G1X173.0037Y-80.7011

G1X176.4192Y-79.4123

G1X179.7397Y-77.9941

G1X187.1399Y-74.6335

G1X190.7451Y-73.2154

G1X192.7228Y-72.6023

G1X194.6641Y-72.1604

G1X196.5032Y-71.9165

G1X198.2401Y-71.8649

G1X200.2835Y-72.0464

G1X202.2248Y-72.4724

G1X204.2171Y-73.1658

G1X206.2095Y-74.1024

G1X207.8919Y-75.0602

G1X209.7791Y-76.2819

G1X217.6322Y-81.8741

G1X219.5803Y-83.0595

G1X221.3892Y-83.9811

G1X223.0970Y-84.6602

G1X224.7025Y-85.1099

G1X226.3373Y-85.3698

G1X227.9720Y-85.4281

G1X229.4024Y-85.3180

G1X230.9350Y-85.0432

G1X232.5697Y-84.5881

G1X234.1972Y-83.9921

G1X237.3280Y-82.5416

G1X244.1083Y-78.8829

G1X247.1949Y-77.3579

G1X250.6103Y-75.9562

G1X254.0258Y-74.9092

G1X255.9670Y-74.4724

G1X257.9083Y-74.1414

G1X262.0973Y-73.7322

G1X266.6950Y-73.6253

G1X273.9493Y-73.7698

G1 Z0F20000

(Start Block)


G1X22.9136Y-79.4203
G1Z6F20000
(Plotting speed under)
G1 F4000


G1X24.7162Y-80.4884

G1X26.2853Y-81.0909

G1X27.0005Y-81.2327

G1X27.8178Y-81.2813

G1X29.2482Y-81.0659

G1X30.5984Y-80.5239

G1X31.9456Y-79.7015

G1X33.2074Y-78.7432

G1X36.3619Y-76.1188

G1X38.1440Y-74.9048

G1X38.9545Y-74.5019

G1X39.8741Y-74.1865

G1X40.7936Y-74.0404

G1X41.6110Y-74.0568

G1X42.4284Y-74.2157

G1X43.2165Y-74.4966

G1X44.0704Y-74.9375

G1X44.9124Y-75.4941

G1X46.5092Y-76.8115

G1X50.3376Y-80.4074

G1X52.1347Y-81.7376

G1X53.0834Y-82.2314

G1X53.9738Y-82.5335

G1X54.8933Y-82.6719

G1X55.8128Y-82.6239

G1X56.6886Y-82.4077

G1X57.5361Y-82.0469

G1X58.3331Y-81.5787

G1X59.2446Y-80.9142

G1X60.8419Y-79.4781

G1X64.9004Y-75.3493

G1X66.8337Y-73.7676

G1X67.8078Y-73.1829

G1X68.8324Y-72.7575

G1X69.8104Y-72.5451

G1X70.7299Y-72.5240

G1X71.6494Y-72.6775

G1X72.6273Y-73.0226

G1X73.6354Y-73.5611

G1X74.7927Y-74.3822

G1X76.6332Y-76.0298

G1X81.2820Y-80.7934

G1X82.6058Y-81.9682

G1X83.8462Y-82.8898

G1X85.0748Y-83.5946

G1X86.2892Y-84.0636

G1X87.4860Y-84.2921

G1X88.6099Y-84.2938

G1X89.7338Y-84.0950

G1X90.9380Y-83.6733

G1X92.1587Y-83.0474

G1X93.3928Y-82.2411

G1X95.6538Y-80.4266

G1X101.5917Y-75.0874

G1X103.3546Y-73.7285

G1X104.9983Y-72.6636

G1X106.6870Y-71.8049

G1X108.4312Y-71.1849

G1X110.1681Y-70.8383

G1X112.0072Y-70.7515

G1X113.3354Y-70.8537

G1X114.7659Y-71.1009

G1X116.2984Y-71.5027

G1X117.8821Y-72.0412

G1X120.9180Y-73.3237

G1X127.8439Y-76.6817

G1X131.2593Y-78.2134

G1X134.9593Y-79.6288

G1X138.5719Y-80.7272

G1X142.7609Y-81.6500

G1X147.0521Y-82.2359

G1X151.5476Y-82.5010

G1X156.0432Y-82.4367

G1X159.4149Y-82.1751

G1X162.7865Y-81.7231

G1X166.0560Y-81.0929

G1X169.2233Y-80.2939

G1X172.4344Y-79.2930

G1X175.8499Y-78.0311

G1X179.0756Y-76.6861

G1X186.2860Y-73.4966

G1X189.9861Y-72.0730

G1X192.0076Y-71.4629

G1X193.9489Y-71.0335

G1X195.7880Y-70.7989

G1X197.5249Y-70.7523

G1X199.5683Y-70.9360

G1X201.5096Y-71.3614

G1X203.4581Y-72.0340

G1X205.5011Y-72.9882

G1X207.1835Y-73.9439

G1X209.1150Y-75.1926

G1X216.9238Y-80.7625

G1X218.8719Y-81.9527

G1X220.6303Y-82.8544

G1X222.2504Y-83.5099

G1X223.8852Y-83.9815

G1X225.5199Y-84.2511

G1X227.1547Y-84.3153

G1X228.5850Y-84.2070

G1X230.1176Y-83.9305

G1X231.6356Y-83.5072

G1X233.2485Y-82.9154

G1X236.3793Y-81.4477

G1X243.2228Y-77.6746

G1X246.4359Y-76.0597

G1X249.9462Y-74.6183

G1X253.3106Y-73.6110

G1X255.2518Y-73.1955

G1X257.1931Y-72.8914

G1X261.3821Y-72.5542

G1X266.0820Y-72.5391

G1X273.9493Y-72.8408

G1 Z0F20000

(Start Block)


G1X22.9136Y-77.9245
G1Z6F20000
(Plotting speed under)
G1 F4000


G1X24.9502Y-79.2078

G1X26.6137Y-79.9134

G1X28.1244Y-80.1664

G1X28.8395Y-80.1402

G1X29.6496Y-79.9968

G1X31.0601Y-79.4646

G1X32.4602Y-78.6267

G1X33.7738Y-77.6342

G1X37.0260Y-74.9313

G1X38.6753Y-73.8132

G1X39.6113Y-73.3534

G1X40.4871Y-73.0648

G1X41.4067Y-72.9237

G1X42.2240Y-72.9480

G1X43.0268Y-73.1065

G1X43.8807Y-73.4219

G1X44.6966Y-73.8505

G1X45.5716Y-74.4356

G1X47.1169Y-75.7164

G1X50.7326Y-79.1265

G1X51.8026Y-79.9985

G1X52.7545Y-80.6405

G1X53.6526Y-81.1066

G1X54.6014Y-81.4295

G1X55.5063Y-81.5586

G1X56.3237Y-81.5232

G1X57.1411Y-81.3409

G1X58.0168Y-80.9916

G1X58.9418Y-80.4616

G1X59.8550Y-79.7915

G1X61.5798Y-78.2351

G1X65.3432Y-74.3940

G1X66.5108Y-73.3570

G1X67.4923Y-72.6239

G1X68.4529Y-72.0563

G1X69.4016Y-71.6594

G1X70.4234Y-71.4321

G1X71.3429Y-71.4103

G1X72.3427Y-71.5812

G1X73.2915Y-71.9260

G1X74.2719Y-72.4540

G1X75.3787Y-73.2335

G1X77.4449Y-75.0884

G1X82.0937Y-79.8318

G1X83.3872Y-80.9574

G1X84.5435Y-81.8012

G1X85.8148Y-82.5173

G1X86.9752Y-82.9554

G1X88.0991Y-83.1732

G1X89.3251Y-83.1768

G1X90.4490Y-82.9717

G1X91.5072Y-82.6083

G1X92.6900Y-82.0252

G1X93.9739Y-81.2095

G1X96.2788Y-79.3881

G1X102.3730Y-73.9470

G1X104.1128Y-72.6191

G1X105.7952Y-71.5396

G1X107.5409Y-70.6660

G1X109.2486Y-70.0700

G1X110.9855Y-69.7264

G1X112.8246Y-69.6373

G1X114.2550Y-69.7459

G1X115.6854Y-69.9923

G1X117.2180Y-70.3879

G1X118.8308Y-70.9253

G1X121.7719Y-72.1344

G1X128.6977Y-75.3873

G1X131.9234Y-76.7923

G1X135.5286Y-78.1431

G1X139.0827Y-79.2091

G1X143.0674Y-80.0854

G1X147.2564Y-80.6651

G1X151.5476Y-80.9277

G1X155.8388Y-80.8771

G1X159.1083Y-80.6316

G1X162.2757Y-80.2186

G1X165.4430Y-79.6264

G1X168.6103Y-78.8493

G1X171.7703Y-77.8906

G1X175.0909Y-76.6993

G1X178.4115Y-75.3549

G1X185.6219Y-72.2607

G1X189.2490Y-70.9105

G1X191.2924Y-70.3134

G1X193.1315Y-69.9187

G1X194.9706Y-69.6863

G1X196.7075Y-69.6378

G1X198.4444Y-69.7715

G1X200.1813Y-70.0970

G1X201.9183Y-70.6171

G1X203.6479Y-71.3230

G1X205.5896Y-72.3218

G1X207.6207Y-73.5644

G1X215.4241Y-79.1338

G1X217.2780Y-80.3352

G1X218.8719Y-81.2409

G1X220.8200Y-82.1432

G1X222.6591Y-82.7544

G1X224.4982Y-83.1102

G1X226.3373Y-83.2024

G1X227.7677Y-83.0950

G1X229.1981Y-82.8391

G1X230.7307Y-82.4138

G1X232.3946Y-81.7971

G1X235.6076Y-80.2596

G1X242.3374Y-76.4667

G1X245.5820Y-74.8057

G1X249.0924Y-73.3529

G1X252.4932Y-72.3483

G1X254.4345Y-71.9516

G1X256.3757Y-71.6729

G1X258.4192Y-71.4919

G1X260.6669Y-71.4051

G1X265.2646Y-71.4872

G1X273.9493Y-71.9893

G1 Z0F20000

(Start Block)


G1X22.9136Y-76.4171
G1Z6F20000
(Plotting speed under)
G1 F4000


G1X25.1273Y-77.8820

G1X26.8034Y-78.6778

G1X27.6135Y-78.9135

G1X28.4309Y-79.0380

G1X29.2482Y-79.0406

G1X30.0656Y-78.9182

G1X31.3573Y-78.4781

G1X32.8311Y-77.6457

G1X34.2036Y-76.6314

G1X37.5241Y-73.8770

G1X39.3836Y-72.6280

G1X40.2828Y-72.2022

G1X41.2023Y-71.9184

G1X42.0197Y-71.8092

G1X42.8370Y-71.8374

G1X43.6544Y-72.0073

G1X44.4499Y-72.3006

G1X46.0746Y-73.2628

G1X47.6030Y-74.5141

G1X51.5096Y-78.1712

G1X53.2968Y-79.4965

G1X54.2219Y-79.9814

G1X55.0976Y-80.2891

G1X56.0172Y-80.4409

G1X56.8345Y-80.4201

G1X57.7322Y-80.2319

G1X58.5861Y-79.8943

G1X59.4842Y-79.3876

G1X60.4166Y-78.7168

G1X62.0226Y-77.2845

G1X66.1549Y-73.0985

G1X67.2433Y-72.1541

G1X68.1620Y-71.4785

G1X69.1360Y-70.9114

G1X70.1168Y-70.5180

G1X71.0364Y-70.3205

G1X72.0581Y-70.3030

G1X72.9777Y-70.4693

G1X73.9556Y-70.8257

G1X74.9636Y-71.3728

G1X76.1210Y-72.1998

G1X77.9614Y-73.8486

G1X82.6102Y-78.5848

G1X83.9341Y-79.7500

G1X85.1744Y-80.6643

G1X86.4030Y-81.3643

G1X87.6174Y-81.8319

G1X88.8143Y-82.0626

G1X89.9382Y-82.0697

G1X91.0620Y-81.8795

G1X92.2662Y-81.4701

G1X93.4869Y-80.8597

G1X94.7211Y-80.0711

G1X97.0601Y-78.2242

G1X103.1544Y-72.8235

G1X104.9318Y-71.4801

G1X106.5921Y-70.4272

G1X108.2999Y-69.5773

G1X110.0660Y-68.9620

G1X111.8029Y-68.6182

G1X113.6420Y-68.5219

G1X115.0724Y-68.6210

G1X116.5028Y-68.8545

G1X118.0353Y-69.2331

G1X119.6847Y-69.7622

G1X122.7207Y-70.9696

G1X129.4567Y-74.0271

G1X132.6824Y-75.3877

G1X136.2219Y-76.6752

G1X139.6957Y-77.6913

G1X143.5783Y-78.5277

G1X147.5629Y-79.0720

G1X151.6498Y-79.3226

G1X155.7367Y-79.2785

G1X158.8018Y-79.0552

G1X161.8670Y-78.6663

G1X164.9321Y-78.1077

G1X167.9973Y-77.3765

G1X171.1646Y-76.4423

G1X174.4268Y-75.3054

G1X184.7680Y-71.0841

G1X188.4316Y-69.7603

G1X190.4750Y-69.1811

G1X192.4163Y-68.7799

G1X194.2554Y-68.5636

G1X195.9923Y-68.5271

G1X197.7292Y-68.6693

G1X199.4661Y-69.0006

G1X201.1812Y-69.5163

G1X202.8889Y-70.2114

G1X204.7927Y-71.1841

G1X206.8293Y-72.4223

G1X214.7599Y-78.0755

G1X216.4811Y-79.1936

G1X218.0750Y-80.1060

G1X219.9661Y-80.9937

G1X221.8417Y-81.6300

G1X223.6808Y-81.9931

G1X225.5199Y-82.0890

G1X226.9503Y-81.9812

G1X228.3807Y-81.7218

G1X229.9133Y-81.2893

G1X231.5407Y-80.6767

G1X234.6336Y-79.1756

G1X241.5404Y-75.2086

G1X244.7282Y-73.5535

G1X246.5308Y-72.7497

G1X248.3334Y-72.0591

G1X250.0411Y-71.5152

G1X251.7780Y-71.0727

G1X253.7193Y-70.7051

G1X255.6605Y-70.4610

G1X257.7039Y-70.3221

G1X259.9517Y-70.2854

G1X264.3451Y-70.4625

G1X273.9493Y-71.2153

G1 Z0F20000

(Start Block)


G1X22.9136Y-74.9056
G1Z6F20000
(Plotting speed under)
G1 F4000


G1X25.3929Y-76.5947

G1X27.2048Y-77.5031

G1X28.0222Y-77.7643

G1X28.8395Y-77.9098

G1X29.6569Y-77.9365

G1X30.4743Y-77.8375

G1X31.9266Y-77.3627

G1X33.4509Y-76.4981

G1X34.9458Y-75.3818

G1X38.2713Y-72.6321

G1X39.9149Y-71.5384

G1X40.8447Y-71.0958

G1X41.7132Y-70.8216

G1X42.6327Y-70.6934

G1X43.4501Y-70.7282

G1X44.2602Y-70.8986

G1X45.1140Y-71.2242

G1X45.9362Y-71.6641

G1X46.8218Y-72.2654

G1X48.3713Y-73.5582

G1X51.9784Y-76.9489

G1X53.0478Y-77.8101

G1X53.9056Y-78.3861

G1X54.7911Y-78.8540

G1X55.7107Y-79.1789

G1X56.6302Y-79.3271

G1X57.4476Y-79.3064

G1X58.2650Y-79.1395

G1X59.1300Y-78.8126

G1X60.1041Y-78.2688

G1X61.0172Y-77.6099

G1X62.8343Y-75.9792

G1X66.6714Y-72.0842

G1X67.7609Y-71.1259

G1X68.7818Y-70.3701

G1X69.7811Y-69.7919

G1X70.7299Y-69.4099

G1X71.7516Y-69.1977

G1X72.6711Y-69.1878

G1X73.6710Y-69.3696

G1X74.6197Y-69.7224

G1X75.6001Y-70.2558

G1X76.7070Y-71.0382

G1X78.7731Y-72.8900

G1X83.4219Y-77.6041

G1X84.7154Y-78.7224

G1X85.7832Y-79.5037

G1X86.9533Y-80.1851

G1X88.0991Y-80.6553

G1X89.2230Y-80.9154

G1X90.3468Y-80.9734

G1X91.5729Y-80.8116

G1X92.7406Y-80.4516

G1X93.9297Y-79.8980

G1X95.3022Y-79.0562

G1X97.6852Y-77.2096

G1X103.7013Y-71.9031

G1X105.2639Y-70.6996

G1X106.8578Y-69.6386

G1X108.2999Y-68.8463

G1X109.7230Y-68.2331

G1X111.1899Y-67.7809

G1X112.6202Y-67.5133

G1X114.3572Y-67.4065

G1X116.0941Y-67.5173

G1X117.9332Y-67.8410

G1X119.8744Y-68.3700

G1X123.2899Y-69.6294

G1X130.3106Y-72.6881

G1X133.5363Y-73.9970

G1X136.9371Y-75.1903

G1X140.2066Y-76.1218

G1X143.3739Y-76.8135

G1X146.6434Y-77.3141

G1X149.9129Y-77.6074

G1X153.1824Y-77.7025

G1X156.5540Y-77.5988

G1X159.9257Y-77.2913

G1X163.2974Y-76.7778

G1X166.6690Y-76.0559

G1X169.9385Y-75.1600

G1X173.3832Y-74.0238

G1X176.7038Y-72.7765

G1X184.1039Y-69.8163

G1X187.7164Y-68.5664

G1X189.7598Y-68.0144

G1X191.5989Y-67.6528

G1X193.4380Y-67.4463

G1X195.1749Y-67.4144

G1X196.9118Y-67.5578

G1X198.6488Y-67.8867

G1X200.4222Y-68.4178

G1X202.2248Y-69.1553

G1X204.1728Y-70.1599

G1X206.2095Y-71.4068

G1X214.0128Y-76.9734

G1X215.7727Y-78.1153

G1X217.4045Y-79.0456

G1X219.3020Y-79.9272

G1X221.1265Y-80.5361

G1X222.9656Y-80.8900

G1X224.7025Y-80.9755

G1X226.1329Y-80.8664

G1X227.5633Y-80.6028

G1X229.0740Y-80.1699

G1X230.5920Y-79.5932

G1X233.7481Y-78.0420

G1X240.6549Y-73.9992

G1X243.8743Y-72.3030

G1X245.6769Y-71.4936

G1X247.4868Y-70.8018

G1X249.2237Y-70.2578

G1X250.9606Y-69.8319

G1X252.9019Y-69.4898

G1X254.8432Y-69.2783

G1X256.8866Y-69.1791

G1X259.1344Y-69.1921

G1X263.4256Y-69.4654

G1X273.9493Y-70.5172

G1 Z0F20000

(Start Block)


G1X22.9136Y-73.3974
G1Z6F20000
(Plotting speed under)
G1 F4000


G1X25.5701Y-75.2420

G1X26.6326Y-75.8692

G1X27.5624Y-76.3091

G1X28.4309Y-76.6087

G1X29.3504Y-76.7913

G1X30.1678Y-76.8244

G1X30.9852Y-76.7355

G1X32.4009Y-76.2928

G1X33.9545Y-75.4310

G1X35.3364Y-74.4148

G1X38.6961Y-71.6348

G1X40.5601Y-70.3921

G1X41.4140Y-69.9863

G1X42.3262Y-69.7009

G1X43.1436Y-69.5843

G1X44.0631Y-69.6175

G1X44.8805Y-69.7959

G1X45.6706Y-70.0939

G1X47.3198Y-71.0824

G1X48.8531Y-72.3449

G1X52.6035Y-75.8538

G1X54.4369Y-77.2303

G1X55.3604Y-77.7232

G1X56.2215Y-78.0392

G1X57.1411Y-78.2069

G1X57.9584Y-78.2026

G1X58.8707Y-78.0288

G1X59.7245Y-77.7064

G1X60.6353Y-77.2088

G1X61.5885Y-76.5348

G1X63.2770Y-75.0397

G1X67.4093Y-70.8705

G1X69.4016Y-69.2657

G1X70.4642Y-68.6543

G1X71.4451Y-68.2738

G1X72.3646Y-68.0873

G1X73.3864Y-68.0801

G1X74.3059Y-68.2538

G1X75.2838Y-68.6154

G1X76.2919Y-69.1654

G1X77.4492Y-69.9923

G1X79.2896Y-71.6345

G1X83.9384Y-76.3406

G1X85.1842Y-77.4366

G1X86.4196Y-78.3571

G1X87.6427Y-79.0705

G1X88.7559Y-79.5282

G1X89.9382Y-79.8032

G1X91.0620Y-79.8599

G1X92.2881Y-79.6988

G1X93.4996Y-79.3245

G1X94.8152Y-78.6998

G1X96.1323Y-77.8800

G1X98.6227Y-75.9392

G1X104.4826Y-70.8077

G1X106.0940Y-69.5777

G1X107.6547Y-68.5479

G1X109.1601Y-67.7288

G1X110.5768Y-67.1256

G1X112.0072Y-66.6853

G1X113.4376Y-66.4119

G1X115.0724Y-66.2937

G1X116.8093Y-66.3755

G1X118.6484Y-66.6638

G1X120.6918Y-67.1844

G1X124.1438Y-68.3971

G1X131.2593Y-71.3665

G1X134.3901Y-72.5826

G1X137.7545Y-73.7134

G1X140.9218Y-74.5787

G1X143.9869Y-75.2218

G1X147.0521Y-75.6748

G1X150.1172Y-75.9435

G1X153.2846Y-76.0339

G1X156.4519Y-75.9383

G1X159.7214Y-75.6465

G1X162.8887Y-75.1763

G1X166.1582Y-74.4978

G1X169.3255Y-73.6590

G1X172.7191Y-72.5791

G1X183.2500Y-68.6048

G1X186.8990Y-67.3923

G1X188.9424Y-66.8643

G1X190.8837Y-66.5053

G1X192.6206Y-66.3265

G1X194.3575Y-66.3032

G1X196.1966Y-66.4650

G1X197.9335Y-66.8052

G1X199.6632Y-67.3290

G1X201.4658Y-68.0677

G1X203.3759Y-69.0498

G1X205.4125Y-70.2905

G1X213.2657Y-75.8821

G1X214.9758Y-76.9938

G1X216.5696Y-77.9073

G1X218.4481Y-78.7890

G1X220.3091Y-79.4187

G1X222.0461Y-79.7634

G1X223.7830Y-79.8636

G1X225.2134Y-79.7635

G1X226.6438Y-79.5055

G1X228.1253Y-79.0840

G1X229.7381Y-78.4668

G1X232.9512Y-76.8576

G1X239.7694Y-72.7904

G1X243.0204Y-71.0543

G1X244.8230Y-70.2414

G1X246.6256Y-69.5552

G1X248.4063Y-69.0088

G1X250.1433Y-68.6019

G1X252.0845Y-68.2887

G1X254.0258Y-68.1126

G1X256.0692Y-68.0571

G1X258.3170Y-68.1229

G1X262.3017Y-68.4708

G1X273.9493Y-69.8913

G1 Z0F20000

(Start Block)


G1X22.9136Y-71.8996
G1Z6F20000
(Plotting speed under)
G1 F4000


G1X26.1899Y-74.1664

G1X27.9419Y-75.1195

G1X28.8395Y-75.4506

G1X29.6569Y-75.6411

G1X30.5765Y-75.7144

G1X31.3938Y-75.6484

G1X32.8753Y-75.2188

G1X34.4249Y-74.3821

G1X35.9468Y-73.2701

G1X39.4335Y-70.4034

G1X41.1546Y-69.2700

G1X42.0781Y-68.8431

G1X42.9392Y-68.5814

G1X43.8588Y-68.4644

G1X44.6761Y-68.5076

G1X45.4935Y-68.6883

G1X46.2525Y-68.9774

G1X47.0874Y-69.4169

G1X47.9729Y-70.0133

G1X49.6258Y-71.3881

G1X53.1504Y-74.6938

G1X55.0568Y-76.1222

G1X55.9423Y-76.5989

G1X56.8345Y-76.9260

G1X57.6519Y-77.0835

G1X58.5715Y-77.0895

G1X59.3888Y-76.9416

G1X60.2811Y-76.6223

G1X61.2552Y-76.0942

G1X62.1794Y-75.4434

G1X64.0887Y-73.7437

G1X67.9259Y-69.8654

G1X69.0891Y-68.8510

G1X70.1100Y-68.1074

G1X71.1094Y-67.5409

G1X72.0581Y-67.1693

G1X73.0798Y-66.9666

G1X73.9994Y-66.9636

G1X74.9992Y-67.1505

G1X75.9479Y-67.5057

G1X76.9283Y-68.0393

G1X78.0352Y-68.8190

G1X80.1013Y-70.6596

G1X84.7501Y-75.3425

G1X86.0436Y-76.4571

G1X87.1114Y-77.2387

G1X88.2815Y-77.9243

G1X89.4273Y-78.4027

G1X90.6534Y-78.6901

G1X91.7773Y-78.7463

G1X93.0033Y-78.5872

G1X94.1637Y-78.2370

G1X95.3971Y-77.6723

G1X96.7632Y-76.8468

G1X99.1697Y-75.0129

G1X105.2639Y-69.7257

G1X106.9242Y-68.4704

G1X108.5402Y-67.4174

G1X110.0076Y-66.6288

G1X111.4307Y-66.0271

G1X112.9268Y-65.5711

G1X114.3572Y-65.3012

G1X115.9919Y-65.1807

G1X117.7288Y-65.2534

G1X119.5679Y-65.5260

G1X121.6113Y-66.0203

G1X125.1874Y-67.2240

G1X132.0183Y-69.9476

G1X135.2440Y-71.1455

G1X138.4697Y-72.1824

G1X141.5348Y-72.9871

G1X144.4978Y-73.5864

G1X147.4608Y-74.0089

G1X150.4237Y-74.2577

G1X153.3867Y-74.3369

G1X156.4519Y-74.2439

G1X159.5170Y-73.9751

G1X162.5822Y-73.5316

G1X165.6473Y-72.9159

G1X168.7125Y-72.1351

G1X171.9820Y-71.1378

G1X182.3013Y-67.4102

G1X185.9795Y-66.2356

G1X188.0229Y-65.7284

G1X189.9642Y-65.3826

G1X191.7011Y-65.2113

G1X193.4380Y-65.1898

G1X195.2771Y-65.3482

G1X197.1162Y-65.7062

G1X198.9042Y-66.2507

G1X200.7068Y-66.9924

G1X202.6675Y-68.0032

G1X204.7041Y-69.2472

G1X212.5186Y-74.8038

G1X214.1788Y-75.8816

G1X215.7917Y-76.8061

G1X217.5943Y-77.6568

G1X219.3896Y-78.2768

G1X221.1265Y-78.6371

G1X222.8635Y-78.7507

G1X224.2938Y-78.6589

G1X225.7243Y-78.4060

G1X227.2568Y-77.9690

G1X228.7894Y-77.3792

G1X231.8886Y-75.8194

G1X238.9725Y-71.5296

G1X242.1666Y-69.8082

G1X243.9692Y-68.9932

G1X245.7718Y-68.3120

G1X247.5890Y-67.7684

G1X249.3259Y-67.3833

G1X251.1650Y-67.1128

G1X253.1062Y-66.9680

G1X255.1496Y-66.9528

G1X257.3974Y-67.0694

G1X261.0756Y-67.4756

G1X269.7602Y-68.7994

G1X273.9493Y-69.3321

G1 Z0F20000

(Start Block)


G1X22.9136Y-70.4189
G1Z6F20000
(Plotting speed under)
G1 F4000


G1X26.5441Y-72.9236

G1X28.2265Y-73.8787

G1X29.1752Y-74.2655

G1X30.0656Y-74.4995

G1X30.8830Y-74.5960

G1X31.8025Y-74.5572

G1X32.5177Y-74.4205

G1X33.3351Y-74.1504

G1X35.0337Y-73.2477

G1X36.5084Y-72.1709

G1X39.9315Y-69.3510

G1X41.7934Y-68.1298

G1X42.7422Y-67.6989

G1X43.6544Y-67.4415

G1X44.4718Y-67.3505

G1X45.3913Y-67.4122

G1X46.1065Y-67.5816

G1X46.9103Y-67.8916

G1X48.5650Y-68.8939

G1X50.0251Y-70.0940

G1X53.7754Y-73.5924

G1X55.6766Y-75.0159

G1X56.5937Y-75.5010

G1X57.4476Y-75.8126

G1X58.3671Y-75.9793

G1X59.1845Y-75.9763

G1X60.1041Y-75.8023

G1X60.9579Y-75.4823

G1X61.8750Y-74.9846

G1X62.8386Y-74.3055

G1X64.5315Y-72.8138

G1X68.6985Y-68.6306

G1X69.7337Y-67.7384

G1X70.7299Y-67.0103

G1X71.7925Y-66.4094

G1X72.7733Y-66.0374

G1X73.6929Y-65.8573

G1X74.7146Y-65.8550

G1X75.6342Y-66.0309

G1X76.6121Y-66.3925

G1X77.6201Y-66.9400

G1X78.7774Y-67.7614

G1X80.6178Y-69.3905

G1X85.2667Y-74.0636

G1X86.5906Y-75.2203

G1X87.8309Y-76.1348

G1X89.0595Y-76.8440

G1X90.1790Y-77.3000

G1X91.3686Y-77.5749

G1X92.4925Y-77.6334

G1X93.7185Y-77.4793

G1X94.9227Y-77.1194

G1X96.2319Y-76.5165

G1X97.5436Y-75.7231

G1X100.0291Y-73.8350

G1X106.1233Y-68.5961

G1X107.7543Y-67.3759

G1X109.3371Y-66.3518

G1X110.8614Y-65.5364

G1X112.2845Y-64.9372

G1X113.7441Y-64.4883

G1X115.2767Y-64.1940

G1X117.0136Y-64.0671

G1X118.7505Y-64.1383

G1X120.5896Y-64.4010

G1X122.5309Y-64.8478

G1X125.9464Y-65.9307

G1X132.9670Y-68.5849

G1X136.0176Y-69.6609

G1X139.1849Y-70.6317

G1X142.2500Y-71.3974

G1X145.1108Y-71.9455

G1X147.8695Y-72.3191

G1X150.6281Y-72.5415

G1X153.4889Y-72.6149

G1X156.3497Y-72.5309

G1X159.3127Y-72.2802

G1X162.1735Y-71.8821

G1X165.1365Y-71.3124

G1X168.2016Y-70.5631

G1X171.3689Y-69.6364

G1X181.4839Y-66.1532

G1X185.0599Y-65.0669

G1X187.1034Y-64.5830

G1X188.9424Y-64.2684

G1X190.7815Y-64.0938

G1X192.5185Y-64.0776

G1X194.3575Y-64.2365

G1X196.1966Y-64.5897

G1X198.0357Y-65.1435

G1X199.8529Y-65.8854

G1X201.7820Y-66.8713

G1X203.9072Y-68.1603

G1X211.6109Y-73.6266

G1X213.3819Y-74.7790

G1X214.9758Y-75.6935

G1X216.8353Y-76.5688

G1X218.5722Y-77.1657

G1X220.3091Y-77.5260

G1X222.0461Y-77.6370

G1X223.4765Y-77.5409

G1X224.9069Y-77.2815

G1X226.3227Y-76.8746

G1X227.8407Y-76.2895

G1X229.3586Y-75.5731

G1X231.0031Y-74.6797

G1X237.9984Y-70.3730

G1X241.3127Y-68.5645

G1X243.1153Y-67.7489

G1X244.9325Y-67.0700

G1X246.6694Y-66.5625

G1X248.5085Y-66.1760

G1X250.3476Y-65.9379

G1X252.2889Y-65.8343

G1X254.3323Y-65.8678

G1X256.5801Y-66.0438

G1X259.8495Y-66.4860

G1X269.1472Y-68.1394

G1X273.9493Y-68.8318

G1 Z0F20000

(Start Block)


G1X22.9136Y-68.9613
G1Z6F20000
(Plotting speed under)
G1 F4000


G1X26.8983Y-71.6755

G1X28.7958Y-72.7679

G1X29.6569Y-73.1230

G1X30.5765Y-73.3766

G1X31.4960Y-73.4834

G1X32.3134Y-73.4512

G1X33.8241Y-73.0701

G1X35.4875Y-72.2101

G1X36.9430Y-71.1672

G1X40.6787Y-68.1166

G1X42.4828Y-66.9604

G1X43.4063Y-66.5594

G1X44.2675Y-66.3235

G1X45.1870Y-66.2348

G1X46.0044Y-66.3023

G1X46.8218Y-66.5058

G1X47.5807Y-66.8142

G1X49.2292Y-67.8302

G1X50.8802Y-69.2079

G1X54.4005Y-72.4946

G1X56.2079Y-73.8502

G1X57.1819Y-74.3767

G1X58.0606Y-74.6969

G1X58.8780Y-74.8555

G1X59.7975Y-74.8634

G1X60.6149Y-74.7193

G1X61.5208Y-74.3985

G1X62.4949Y-73.8744

G1X63.4246Y-73.2250

G1X65.2694Y-71.5976

G1X69.2541Y-67.5978

G1X70.4174Y-66.5941

G1X71.4383Y-65.8597

G1X72.4376Y-65.3013

G1X73.4885Y-64.9072

G1X74.5103Y-64.7296

G1X75.4298Y-64.7475

G1X76.4223Y-64.9520

G1X77.3711Y-65.3206

G1X78.3451Y-65.8612

G1X79.4464Y-66.6429

G1X81.4295Y-68.4003

G1X86.0783Y-73.0496

G1X87.3719Y-74.1636

G1X88.5282Y-75.0080

G1X89.7046Y-75.6916

G1X90.8577Y-76.1702

G1X91.9816Y-76.4436

G1X93.2077Y-76.5207

G1X94.4337Y-76.3725

G1X95.6598Y-76.0126

G1X97.0099Y-75.3958

G1X98.3571Y-74.5838

G1X100.7323Y-72.7980

G1X106.9242Y-67.5282

G1X108.6675Y-66.2386

G1X110.2226Y-65.2462

G1X111.7153Y-64.4546

G1X113.2333Y-63.8219

G1X114.6637Y-63.3870

G1X116.1963Y-63.0909

G1X117.8310Y-62.9577

G1X119.5679Y-63.0035

G1X121.4070Y-63.2331

G1X123.4505Y-63.6675

G1X126.8951Y-64.6953

G1X136.8349Y-68.1743

G1X139.9001Y-69.0635

G1X142.8631Y-69.7658

G1X145.5195Y-70.2520

G1X148.1760Y-70.5985

G1X150.8325Y-70.8048

G1X153.5911Y-70.8720

G1X156.3497Y-70.7914

G1X159.1083Y-70.5653

G1X161.8670Y-70.1966

G1X164.6256Y-69.6899

G1X167.5886Y-69.0015

G1X170.6537Y-68.1506

G1X180.6666Y-64.8837

G1X184.2426Y-63.8612

G1X186.1838Y-63.4298

G1X188.1251Y-63.1222

G1X189.8620Y-62.9744

G1X191.5989Y-62.9671

G1X193.4380Y-63.1297

G1X195.2771Y-63.4812

G1X197.1016Y-64.0238

G1X198.9991Y-64.7914

G1X200.9851Y-65.8027

G1X203.1103Y-67.0892

G1X210.8583Y-72.5672

G1X212.5850Y-73.6869

G1X214.0903Y-74.5515

G1X215.9814Y-75.4472

G1X217.7548Y-76.0586

G1X219.4918Y-76.4164

G1X221.1265Y-76.5238

G1X222.4547Y-76.4463

G1X223.8852Y-76.2022

G1X225.3740Y-75.7822

G1X226.8919Y-75.1971

G1X228.4099Y-74.4767

G1X230.1176Y-73.5384

G1X237.1130Y-69.1657

G1X240.3640Y-67.3698

G1X242.1666Y-66.5484

G1X244.0130Y-65.8606

G1X245.7499Y-65.3635

G1X247.5890Y-64.9958

G1X249.4281Y-64.7845

G1X251.3693Y-64.7164

G1X253.4127Y-64.7948

G1X255.5583Y-65.0126

G1X259.4409Y-65.6533

G1X269.0450Y-67.6093

G1X273.9493Y-68.3807

G1 Z0F20000

(Start Block)


G1X22.9136Y-67.5323
G1Z6F20000
(Plotting speed under)
G1 F4000


G1X24.4078Y-68.4471

G1X27.7838Y-70.7749

G1X29.2891Y-71.6239

G1X30.2189Y-72.0091

G1X31.0873Y-72.2512

G1X32.0069Y-72.3685

G1X32.8242Y-72.3432

G1X33.6343Y-72.1992

G1X34.3933Y-71.9559

G1X35.2219Y-71.5827

G1X36.1073Y-71.0672

G1X37.6804Y-69.9295

G1X41.1768Y-67.0652

G1X43.0268Y-65.8716

G1X43.9755Y-65.4516

G1X44.8805Y-65.2063

G1X45.6979Y-65.1222

G1X46.6174Y-65.1915

G1X47.3910Y-65.3837

G1X48.1500Y-65.6858

G1X49.8102Y-66.6987

G1X51.2752Y-67.9046

G1X54.8692Y-71.2546

G1X55.8850Y-72.0875

G1X56.8277Y-72.7388

G1X57.7322Y-73.2299

G1X58.5861Y-73.5570

G1X59.4910Y-73.7404

G1X60.3084Y-73.7590

G1X61.2279Y-73.6092

G1X62.0964Y-73.3075

G1X63.0925Y-72.7837

G1X64.0887Y-72.0885

G1X65.7859Y-70.6043

G1X70.0267Y-66.3729

G1X71.0619Y-65.4893

G1X72.0581Y-64.7690

G1X73.1207Y-64.1751

G1X74.1016Y-63.8076

G1X75.1233Y-63.6204

G1X76.1450Y-63.6386

G1X77.0645Y-63.8303

G1X78.0352Y-64.2022

G1X79.0313Y-64.7505

G1X80.1838Y-65.5704

G1X82.0199Y-67.1904

G1X86.5949Y-71.7562

G1X87.9188Y-72.9130

G1X89.1591Y-73.8335

G1X90.3877Y-74.5549

G1X91.5072Y-75.0274

G1X92.5946Y-75.3080

G1X93.7185Y-75.4102

G1X94.9446Y-75.3071

G1X96.2509Y-74.9641

G1X97.5602Y-74.4020

G1X98.9769Y-73.5825

G1X101.5136Y-71.7091

G1X107.9204Y-66.3219

G1X109.8684Y-64.9231

G1X111.6394Y-63.8561

G1X113.3281Y-63.0456

G1X115.0724Y-62.4304

G1X116.8093Y-62.0395

G1X118.6484Y-61.8525

G1X120.0788Y-61.8543

G1X121.6113Y-61.9820

G1X123.2461Y-62.2411

G1X125.0852Y-62.6550

G1X128.2525Y-63.5785

G1X137.2436Y-66.5506

G1X140.1044Y-67.3515

G1X142.8631Y-67.9952

G1X145.5195Y-68.4818

G1X148.1760Y-68.8313

G1X150.7303Y-69.0361

G1X153.3867Y-69.1127

G1X156.2475Y-69.0414

G1X159.2105Y-68.8023

G1X162.1735Y-68.4000

G1X165.2386Y-67.8209

G1X170.6537Y-66.4455

G1X181.0752Y-63.2520

G1X185.1621Y-62.2884

G1X187.1034Y-61.9970

G1X188.9424Y-61.8543

G1X190.6794Y-61.8586

G1X192.4163Y-62.0138

G1X194.2554Y-62.3565

G1X196.1528Y-62.9102

G1X198.0503Y-63.6670

G1X199.9225Y-64.6018

G1X203.3759Y-66.7370

G1X210.7254Y-71.9308

G1X212.4079Y-72.9724

G1X213.9891Y-73.8189

G1X215.5071Y-74.4824

G1X216.9375Y-74.9544

G1X218.3679Y-75.2638

G1X219.7983Y-75.4025

G1X221.2287Y-75.3678

G1X222.7613Y-75.1418

G1X224.2938Y-74.7310

G1X225.8483Y-74.1438

G1X227.4612Y-73.3791

G1X229.1436Y-72.4470

G1X236.2275Y-67.9583

G1X239.5101Y-66.1317

G1X241.4076Y-65.2739

G1X243.2102Y-64.6192

G1X244.9325Y-64.1475

G1X246.7716Y-63.8096

G1X248.6107Y-63.6351

G1X250.4498Y-63.6098

G1X252.3910Y-63.7250

G1X254.5366Y-63.9911

G1X258.3170Y-64.7091

G1X268.3298Y-67.0029

G1X273.9493Y-67.9672

G1 Z0F20000

(Start Block)


G1X22.9136Y-66.1365
G1Z6F20000
(Plotting speed under)
G1 F4000


G1X24.4189Y-66.9833

G1X28.0605Y-69.4808

G1X29.7445Y-70.4571

G1X30.6932Y-70.8656

G1X31.5982Y-71.1265

G1X32.4156Y-71.2451

G1X33.3351Y-71.2358

G1X34.1525Y-71.0975

G1X34.9625Y-70.8444

G1X36.5501Y-70.0384

G1X38.1052Y-68.9353

G1X41.7579Y-65.9578

G1X43.6340Y-64.7475

G1X44.5740Y-64.3373

G1X45.4935Y-64.0884

G1X46.4130Y-64.0079

G1X47.2304Y-64.0807

G1X47.9456Y-64.2562

G1X48.7192Y-64.5583

G1X50.3914Y-65.5711

G1X52.1347Y-67.0196

G1X55.6506Y-70.2859

G1X57.3646Y-71.5745

G1X58.3014Y-72.0932

G1X59.1845Y-72.4346

G1X60.0019Y-72.6137

G1X60.9214Y-72.6458

G1X61.8410Y-72.5004

G1X62.7605Y-72.1806

G1X63.6460Y-71.7177

G1X64.6698Y-71.0181

G1X66.4500Y-69.4665

G1X70.5823Y-65.3475

G1X71.7456Y-64.3526

G1X72.7665Y-63.6249

G1X73.7659Y-63.0715

G1X74.8168Y-62.6804

G1X75.8385Y-62.5030

G1X76.7580Y-62.5189

G1X77.7506Y-62.7185

G1X78.6993Y-63.0803

G1X79.6733Y-63.6118

G1X80.7747Y-64.3815

G1X82.8316Y-66.1856

G1X87.4804Y-70.7956

G1X88.7782Y-71.9061

G1X89.9450Y-72.7543

G1X91.1277Y-73.4407

G1X92.2881Y-73.9252

G1X93.4120Y-74.2056

G1X94.5359Y-74.2966

G1X95.7619Y-74.1846

G1X97.0902Y-73.8287

G1X98.4330Y-73.2452

G1X99.7739Y-72.4706

G1X102.2754Y-70.6446

G1X108.8335Y-65.1965

G1X110.7539Y-63.8356

G1X112.5249Y-62.7789

G1X114.2769Y-61.9459

G1X116.0941Y-61.3151

G1X117.9332Y-60.9147

G1X119.7723Y-60.7381

G1X121.2027Y-60.7404

G1X122.7353Y-60.8618

G1X124.3700Y-61.1071

G1X126.1069Y-61.4735

G1X129.2742Y-62.3351

G1X138.0610Y-65.0448

G1X140.8196Y-65.7661

G1X143.4761Y-66.3458

G1X146.0304Y-66.7835

G1X148.4825Y-67.0870

G1X150.9346Y-67.2734

G1X153.4889Y-67.3425

G1X156.2475Y-67.2750

G1X159.1083Y-67.0521

G1X161.9691Y-66.6790

G1X164.8299Y-66.1645

G1X170.0407Y-64.9165

G1X180.1557Y-62.0159

G1X184.1404Y-61.1385

G1X186.0817Y-60.8670

G1X187.9207Y-60.7374

G1X189.6577Y-60.7477

G1X191.3946Y-60.9034

G1X193.3358Y-61.2647

G1X195.1749Y-61.7977

G1X197.1016Y-62.5559

G1X199.0370Y-63.5139

G1X202.4738Y-65.6216

G1X209.8399Y-70.8039

G1X211.5224Y-71.8448

G1X213.1352Y-72.7082

G1X214.6532Y-73.3716

G1X216.1201Y-73.8535

G1X217.5505Y-74.1581

G1X218.8787Y-74.2871

G1X220.3091Y-74.2575

G1X221.8417Y-74.0349

G1X223.3743Y-73.6249

G1X224.8996Y-73.0480

G1X226.4871Y-72.2927

G1X228.1696Y-71.3539

G1X235.2534Y-66.8065

G1X238.6563Y-64.8964

G1X240.5537Y-64.0431

G1X242.3782Y-63.3942

G1X244.1151Y-62.9407

G1X245.9542Y-62.6345

G1X247.6911Y-62.5022

G1X249.5302Y-62.5140

G1X251.4715Y-62.6740

G1X253.5149Y-62.9775

G1X257.0909Y-63.7432

G1X267.5124Y-66.3910

G1X270.7819Y-67.0625

G1X273.9493Y-67.5780

G1 Z0F20000

(Start Block)


G1X22.9136Y-64.7775
G1Z6F20000
(Plotting speed under)
G1 F4000


G1X24.7731Y-65.7498

G1X28.7578Y-68.4566

G1X30.3137Y-69.3494

G1X31.1895Y-69.7262

G1X32.1090Y-70.0022

G1X32.9264Y-70.1272

G1X33.7438Y-70.1349

G1X34.5612Y-70.0206

G1X35.3420Y-69.8005

G1X36.1959Y-69.4414

G1X37.0814Y-68.9494

G1X38.8524Y-67.6888

G1X42.4220Y-64.7832

G1X44.2602Y-63.6162

G1X45.2089Y-63.2070

G1X46.1065Y-62.9723

G1X46.9239Y-62.8943

G1X47.8435Y-62.9700

G1X48.6243Y-63.1678

G1X49.3833Y-63.4743

G1X51.0555Y-64.4983

G1X52.5253Y-65.7081

G1X56.1193Y-69.0441

G1X58.0674Y-70.5104

G1X58.9655Y-70.9975

G1X59.8194Y-71.3249

G1X60.7171Y-71.5100

G1X61.5344Y-71.5340

G1X62.4540Y-71.3912

G1X63.3297Y-71.0951

G1X64.3378Y-70.5733

G1X65.3339Y-69.8857

G1X67.0403Y-68.4084

G1X71.2768Y-64.2023

G1X72.3902Y-63.2545

G1X73.3864Y-62.5397

G1X74.4489Y-61.9497

G1X75.4298Y-61.5834

G1X76.4515Y-61.3947

G1X77.4732Y-61.4086

G1X78.3928Y-61.5940

G1X79.3634Y-61.9568

G1X80.3817Y-62.5078

G1X81.5120Y-63.2992

G1X83.4219Y-64.9648

G1X88.0750Y-69.5603

G1X89.3251Y-70.6427

G1X90.5704Y-71.5648

G1X91.8045Y-72.2919

G1X92.9303Y-72.7733

G1X94.1272Y-73.0836

G1X95.2511Y-73.1828

G1X96.4771Y-73.0826

G1X97.7689Y-72.7544

G1X99.0971Y-72.2013

G1X100.4823Y-71.4244

G1X102.9981Y-69.6237

G1X109.7467Y-64.0870

G1X111.7279Y-62.7042

G1X113.5179Y-61.6567

G1X115.4154Y-60.7807

G1X117.2180Y-60.1805

G1X119.0571Y-59.7958

G1X120.9983Y-59.6214

G1X122.4287Y-59.6289

G1X123.8591Y-59.7369

G1X127.1286Y-60.2840

G1X130.1938Y-61.0525

G1X138.8784Y-63.5301

G1X143.9869Y-64.6714

G1X146.4391Y-65.0652

G1X148.7890Y-65.3381

G1X151.1389Y-65.5057

G1X153.4889Y-65.5669

G1X156.1454Y-65.5086

G1X158.8018Y-65.3179

G1X161.5605Y-64.9850

G1X164.3191Y-64.5237

G1X169.3255Y-63.4085

G1X179.2361Y-60.7713

G1X183.2209Y-59.9657

G1X185.1621Y-59.7238

G1X187.0012Y-59.6169

G1X188.7381Y-59.6444

G1X190.4750Y-59.8126

G1X192.4163Y-60.1815

G1X194.3502Y-60.7488

G1X196.2477Y-61.5007

G1X198.2401Y-62.4881

G1X201.6935Y-64.6045

G1X208.9545Y-69.6869

G1X210.7254Y-70.7771

G1X212.2814Y-71.6052

G1X213.7045Y-72.2297

G1X215.0984Y-72.6997

G1X216.5288Y-73.0217

G1X217.8570Y-73.1670

G1X219.2874Y-73.1542

G1X220.8200Y-72.9474

G1X222.3380Y-72.5546

G1X223.9508Y-71.9496

G1X225.5637Y-71.1774

G1X227.2841Y-70.2067

G1X234.3680Y-65.6022

G1X237.7075Y-63.7110

G1X239.5101Y-62.8936

G1X241.3565Y-62.2332

G1X243.1956Y-61.7634

G1X245.0347Y-61.4809

G1X246.7716Y-61.3782

G1X248.5085Y-61.4212

G1X250.3476Y-61.6054

G1X252.3910Y-61.9497

G1X255.8649Y-62.7730

G1X263.2212Y-64.8743

G1X266.6950Y-65.7864

G1X270.3733Y-66.5951

G1X273.9493Y-67.1981

G1 Z0F20000

(Start Block)


G1X22.9136Y-63.4582
G1Z6F20000
(Plotting speed under)
G1 F4000


G1X23.9572Y-63.8892

G1X25.1273Y-64.5216

G1X29.2005Y-67.2726

G1X30.7944Y-68.1979

G1X31.7368Y-68.6090

G1X32.6199Y-68.8754

G1X33.4373Y-69.0097

G1X34.2546Y-69.0242

G1X35.0720Y-68.9197

G1X35.8894Y-68.6943

G1X36.7651Y-68.3290

G1X37.6902Y-67.8169

G1X39.2674Y-66.7042

G1X42.9201Y-63.7374

G1X43.9162Y-63.0400

G1X44.9243Y-62.4652

G1X45.8000Y-62.0957

G1X46.7196Y-61.8545

G1X47.6391Y-61.7812

G1X48.4565Y-61.8585

G1X49.1717Y-62.0375

G1X49.9526Y-62.3445

G1X51.6366Y-63.3685

G1X53.2285Y-64.6807

G1X56.8225Y-68.0030

G1X58.6098Y-69.3478

G1X59.5348Y-69.8581

G1X60.4105Y-70.1990

G1X61.3301Y-70.3953

G1X62.1475Y-70.4208

G1X63.0670Y-70.2839

G1X63.9866Y-69.9732

G1X64.8857Y-69.5134

G1X65.9150Y-68.8202

G1X67.7045Y-67.2768

G1X71.9105Y-63.1121

G1X73.0738Y-62.1243

G1X74.0948Y-61.4011

G1X75.0941Y-60.8501

G1X76.1450Y-60.4587

G1X77.1667Y-60.2780

G1X78.1884Y-60.2994

G1X79.1737Y-60.5073

G1X80.1161Y-60.8708

G1X81.1787Y-61.4590

G1X82.1859Y-62.1667

G1X84.1598Y-63.8768

G1X88.9562Y-68.5815

G1X90.2627Y-69.6854

G1X91.3618Y-70.4790

G1X92.5508Y-71.1724

G1X93.7185Y-71.6676

G1X94.8424Y-71.9602

G1X95.9663Y-72.0688

G1X97.2945Y-71.9645

G1X98.6227Y-71.6229

G1X99.9510Y-71.0674

G1X101.3678Y-70.2737

G1X104.0138Y-68.3810

G1X110.5768Y-63.0532

G1X112.6134Y-61.6448

G1X114.5615Y-60.5219

G1X116.4590Y-59.6660

G1X118.3419Y-59.0558

G1X120.2831Y-58.6682

G1X122.2244Y-58.5066

G1X125.0852Y-58.6178

G1X128.2525Y-59.1091

G1X131.2155Y-59.7912

G1X139.5936Y-61.9861

G1X144.4978Y-62.9984

G1X149.0955Y-63.5906

G1X153.5911Y-63.7927

G1X156.0432Y-63.7430

G1X158.5975Y-63.5738

G1X161.1518Y-63.2896

G1X163.8082Y-62.8809

G1X168.6103Y-61.8953

G1X178.1123Y-59.5659

G1X182.0970Y-58.8195

G1X184.1404Y-58.5884

G1X185.9795Y-58.4998

G1X187.7164Y-58.5394

G1X189.4533Y-58.7137

G1X191.1902Y-59.0349

G1X192.8250Y-59.4789

G1X194.4451Y-60.0570

G1X196.1528Y-60.8124

G1X198.0630Y-61.8230

G1X200.0111Y-63.0090

G1X207.3717Y-68.1214

G1X210.4788Y-70.0227

G1X212.1865Y-70.8566

G1X213.7994Y-71.4629

G1X215.4049Y-71.8668

G1X216.9375Y-72.0520

G1X218.3679Y-72.0424

G1X219.9004Y-71.8375

G1X221.4330Y-71.4395

G1X223.0021Y-70.8487

G1X224.6150Y-70.0736

G1X226.3100Y-69.1117

G1X233.4825Y-64.3980

G1X236.7588Y-62.5291

G1X238.6563Y-61.6714

G1X240.4370Y-61.0457

G1X242.1739Y-60.6123

G1X244.0130Y-60.3439

G1X245.6477Y-60.2626

G1X247.3846Y-60.3248

G1X249.2237Y-60.5378

G1X251.1650Y-60.8996

G1X254.6388Y-61.7969

G1X262.3017Y-64.1747

G1X265.9798Y-65.2095

G1X269.9645Y-66.1293

G1X273.9493Y-66.8113

G1 Z0F20000

(Start Block)


G1X22.9136Y-62.1804
G1Z6F20000
(Plotting speed under)
G1 F4000


G1X24.2418Y-62.6565

G1X25.5701Y-63.3471

G1X29.8204Y-66.1990

G1X31.5471Y-67.1779

G1X33.2329Y-67.7748

G1X34.0503Y-67.8994

G1X34.8677Y-67.9086

G1X35.6850Y-67.7959

G1X36.4805Y-67.5745

G1X37.3344Y-67.2161

G1X38.2325Y-66.7212

G1X39.8485Y-65.5853

G1X43.6672Y-62.5035

G1X45.4050Y-61.4066

G1X46.3474Y-60.9970

G1X47.2304Y-60.7574

G1X48.1500Y-60.6667

G1X49.0695Y-60.7479

G1X49.8577Y-60.9508

G1X50.6167Y-61.2605

G1X52.3007Y-62.2944

G1X53.7754Y-63.5066

G1X57.3694Y-66.8274

G1X59.3071Y-68.2773

G1X60.1989Y-68.7614

G1X61.0528Y-69.0902

G1X61.9431Y-69.2785

G1X62.7605Y-69.3090

G1X63.6801Y-69.1753

G1X64.5631Y-68.8867

G1X65.5830Y-68.3690

G1X66.5792Y-67.6912

G1X68.3686Y-66.1537

G1X72.6832Y-61.9027

G1X73.8014Y-60.9673

G1X74.8031Y-60.2652

G1X75.8657Y-59.6916

G1X76.8602Y-59.3357

G1X77.8819Y-59.1624

G1X78.9036Y-59.1884

G1X79.8232Y-59.3814

G1X80.7865Y-59.7461

G1X81.7985Y-60.2933

G1X82.9184Y-61.0717

G1X84.8239Y-62.7164

G1X89.5595Y-67.3416

G1X90.8194Y-68.4186

G1X92.0702Y-69.3334

G1X93.2213Y-70.0115

G1X94.4483Y-70.5397

G1X95.6598Y-70.8529

G1X96.7837Y-70.9553

G1X98.0097Y-70.8647

G1X99.3379Y-70.5415

G1X100.7100Y-69.9854

G1X102.1647Y-69.1852

G1X104.6828Y-67.4208

G1X111.5730Y-61.9114

G1X113.5875Y-60.5431

G1X115.5355Y-59.4369

G1X117.5026Y-58.5630

G1X119.4657Y-57.9407

G1X121.5092Y-57.5473

G1X123.5526Y-57.3905

G1X126.3113Y-57.4933

G1X129.4786Y-57.9451

G1X132.3394Y-58.5470

G1X140.3088Y-60.4452

G1X145.0087Y-61.3320

G1X149.2999Y-61.8426

G1X153.5911Y-62.0262

G1X155.9410Y-61.9848

G1X158.3931Y-61.8368

G1X163.2974Y-61.2413

G1X167.8951Y-60.3814

G1X177.1927Y-58.3077

G1X181.0752Y-57.6539

G1X183.1187Y-57.4518

G1X184.9578Y-57.3843

G1X186.6947Y-57.4382

G1X188.4316Y-57.6212

G1X190.1685Y-57.9457

G1X191.7887Y-58.3832

G1X193.4964Y-58.9884

G1X195.2041Y-59.7394

G1X197.0889Y-60.7265

G1X199.1256Y-61.9559

G1X206.5637Y-67.0804

G1X209.5743Y-68.9100

G1X211.2378Y-69.7228

G1X212.8506Y-70.3336

G1X214.4854Y-70.7493

G1X216.0179Y-70.9373

G1X217.4483Y-70.9297

G1X218.9809Y-70.7258

G1X220.5135Y-70.3271

G1X222.1483Y-69.7050

G1X223.7421Y-68.9280

G1X225.4245Y-67.9605

G1X232.5084Y-63.2511

G1X235.8100Y-61.3506

G1X237.7075Y-60.4913

G1X239.5174Y-59.8632

G1X241.2543Y-59.4460

G1X243.0934Y-59.2027

G1X244.7282Y-59.1499

G1X246.3629Y-59.2386

G1X248.0998Y-59.4701

G1X249.9389Y-59.8443

G1X253.3106Y-60.7810

G1X261.2799Y-63.4421

G1X265.1625Y-64.6029

G1X269.5559Y-65.6540

G1X273.9493Y-66.4010

G1 Z0F20000

(Start Block)


G1X22.9136Y-60.9452
G1Z6F20000
(Plotting speed under)
G1 F4000


G1X24.3367Y-61.3580

G1X25.8357Y-62.0746

G1X27.2303Y-62.9354

G1X30.5288Y-65.1873

G1X32.1227Y-66.0743

G1X33.7438Y-66.6488

G1X34.5612Y-66.7821

G1X35.3785Y-66.7975

G1X36.1959Y-66.6946

G1X37.0133Y-66.4722

G1X37.8783Y-66.1169

G1X38.8524Y-65.5797

G1X40.4296Y-64.4718

G1X44.0823Y-61.5164

G1X45.1393Y-60.7841

G1X46.0627Y-60.2607

G1X47.0261Y-59.8548

G1X47.9456Y-59.6215

G1X48.8652Y-59.5546

G1X49.6825Y-59.6359

G1X50.3978Y-59.8178

G1X51.1859Y-60.1294

G1X52.8818Y-61.1628

G1X54.4005Y-62.4077

G1X58.0726Y-65.7823

G1X59.8550Y-67.1168

G1X60.7682Y-67.6197

G1X61.6366Y-67.9613

G1X62.5562Y-68.1632

G1X63.3735Y-68.1959

G1X64.2931Y-68.0688

G1X65.2126Y-67.7691

G1X66.1254Y-67.3142

G1X67.1603Y-66.6292

G1X68.9589Y-65.0970

G1X73.2388Y-60.8888

G1X74.4021Y-59.9070

G1X75.5115Y-59.1310

G1X76.6121Y-58.5499

G1X77.5754Y-58.2141

G1X78.5971Y-58.0465

G1X79.6188Y-58.0783

G1X80.5384Y-58.2729

G1X81.5329Y-58.6524

G1X82.5954Y-59.2375

G1X83.6802Y-59.9990

G1X85.6356Y-61.6865

G1X90.3582Y-66.2755

G1X91.7472Y-67.4411

G1X92.9778Y-68.3133

G1X94.2586Y-69.0284

G1X95.4919Y-69.5109

G1X96.6815Y-69.7747

G1X97.9076Y-69.8382

G1X99.1336Y-69.6962

G1X100.4254Y-69.3387

G1X101.7536Y-68.7717

G1X103.1387Y-67.9971

G1X105.6790Y-66.2192

G1X112.1541Y-61.0877

G1X114.0302Y-59.7911

G1X115.7126Y-58.7842

G1X117.3128Y-57.9819

G1X118.9257Y-57.3341

G1X120.5896Y-56.8350

G1X122.2244Y-56.5052

G1X123.7570Y-56.3297

G1X125.2896Y-56.2706

G1X126.9243Y-56.3196

G1X128.6612Y-56.4775

G1X132.1351Y-57.0290

G1X140.6153Y-58.8309

G1X144.9065Y-59.5894

G1X149.6064Y-60.1180

G1X154.1019Y-60.2750

G1X157.9845Y-60.1284

G1X162.0713Y-59.7092

G1X166.5669Y-58.9860

G1X174.8428Y-57.3166

G1X177.9079Y-56.7736

G1X181.2796Y-56.3703

G1X184.2426Y-56.2754

G1X186.6947Y-56.4403

G1X189.0446Y-56.8428

G1X191.2924Y-57.4732

G1X193.5913Y-58.3737

G1X195.7607Y-59.4510

G1X197.9744Y-60.7505

G1X205.5896Y-65.9416

G1X208.5117Y-67.7200

G1X210.0993Y-68.5105

G1X211.6246Y-69.1161

G1X213.0549Y-69.5271

G1X214.4854Y-69.7717

G1X216.0179Y-69.8395

G1X217.6527Y-69.6867

G1X219.2874Y-69.3078

G1X221.0098Y-68.6821

G1X222.5910Y-67.9274

G1X224.3620Y-66.9158

G1X231.6230Y-62.0503

G1X233.3939Y-60.9692

G1X234.9562Y-60.1272

G1X236.7588Y-59.3154

G1X238.5979Y-58.6856

G1X240.3348Y-58.2853

G1X242.1739Y-58.0675

G1X243.7064Y-58.0410

G1X245.2390Y-58.1444

G1X246.8738Y-58.3824

G1X248.6107Y-58.7576

G1X251.9386Y-59.7372

G1X260.1926Y-62.6794

G1X264.3451Y-63.9864

G1X269.0450Y-65.1370

G1X273.9493Y-65.9497

G1 Z0F20000

(Start Block)


G1X22.9136Y-59.7525
G1Z6F20000
(Plotting speed under)
G1 F4000


G1X24.4315Y-60.0871

G1X26.1013Y-60.8132

G1X27.5181Y-61.6563

G1X30.9715Y-64.0034

G1X32.7804Y-65.0067

G1X34.3568Y-65.5480

G1X35.0720Y-65.6632

G1X35.8894Y-65.6868

G1X36.7068Y-65.5912

G1X37.5241Y-65.3786

G1X38.3780Y-65.0352

G1X39.2951Y-64.5454

G1X40.9277Y-63.4164

G1X44.8294Y-60.2851

G1X46.6446Y-59.1498

G1X47.5807Y-58.7538

G1X48.4565Y-58.5236

G1X49.3760Y-58.4395

G1X50.2956Y-58.5255

G1X51.0910Y-58.7333

G1X51.8500Y-59.0457

G1X53.5410Y-60.0851

G1X55.0255Y-61.3023

G1X58.6196Y-64.6063

G1X60.5468Y-66.0410

G1X61.4323Y-66.5227

G1X62.3810Y-66.8819

G1X63.2714Y-67.0582

G1X64.0887Y-67.0789

G1X65.0083Y-66.9364

G1X65.8913Y-66.6415

G1X66.9112Y-66.1196

G1X67.9074Y-65.4410

G1X69.6968Y-63.9084

G1X73.9333Y-59.7555

G1X75.0467Y-58.8190

G1X76.0428Y-58.1103

G1X77.1054Y-57.5209

G1X78.1884Y-57.1202

G1X79.2102Y-56.9392

G1X80.2319Y-56.9542

G1X81.2536Y-57.1638

G1X82.2096Y-57.5269

G1X83.2153Y-58.0671

G1X84.3443Y-58.8440

G1X86.2780Y-60.4967

G1X91.2003Y-65.2382

G1X92.5627Y-66.3660

G1X93.7526Y-67.2001

G1X95.0176Y-67.9033

G1X96.2728Y-68.3938

G1X97.4989Y-68.6635

G1X98.7249Y-68.7248

G1X99.9510Y-68.5838

G1X101.2792Y-68.2188

G1X102.6074Y-67.6560

G1X104.0242Y-66.8714

G1X106.6751Y-65.0296

G1X113.0673Y-60.0330

G1X114.9157Y-58.7706

G1X116.6867Y-57.7213

G1X118.3564Y-56.8956

G1X119.9766Y-56.2537

G1X121.6113Y-55.7643

G1X123.2461Y-55.4270

G1X124.7787Y-55.2385

G1X126.3113Y-55.1609

G1X128.0482Y-55.1889

G1X129.7851Y-55.3198

G1X133.2589Y-55.8019

G1X141.4326Y-57.3375

G1X145.5195Y-57.9767

G1X149.9129Y-58.4150

G1X154.2041Y-58.5463

G1X157.7801Y-58.4247

G1X161.5605Y-58.0819

G1X165.8517Y-57.4709

G1X176.7840Y-55.5803

G1X180.0535Y-55.2373

G1X183.0165Y-55.1648

G1X185.5708Y-55.3459

G1X187.9207Y-55.7500

G1X190.2707Y-56.4056

G1X192.5477Y-57.2895

G1X194.6981Y-58.3414

G1X197.0889Y-59.7291

G1X204.6156Y-64.8149

G1X207.5377Y-66.5857

G1X209.1505Y-67.3880

G1X210.7050Y-68.0044

G1X212.1354Y-68.4142

G1X213.5658Y-68.6584

G1X215.2006Y-68.7231

G1X216.7331Y-68.5725

G1X218.3533Y-68.1965

G1X220.0610Y-67.5747

G1X221.7687Y-66.7500

G1X223.5650Y-65.7068

G1X230.6489Y-60.9071

G1X232.3313Y-59.8670

G1X233.9252Y-58.9959

G1X235.8100Y-58.1433

G1X237.5761Y-57.5412

G1X239.3131Y-57.1468

G1X241.1521Y-56.9433

G1X242.5826Y-56.9312

G1X244.1151Y-57.0497

G1X245.6477Y-57.2899

G1X247.2824Y-57.6613

G1X250.5154Y-58.6595

G1X259.0541Y-61.8854

G1X263.5277Y-63.3547

G1X266.0820Y-64.0411

G1X268.6363Y-64.6095

G1X271.2928Y-65.0806

G1X273.9493Y-65.4404

G1 Z0F20000

(Start Block)


G1X22.9136Y-58.6016
G1Z6F20000
(Plotting speed under)
G1 F4000


G1X23.7309Y-58.6777

G1X24.6505Y-58.8786

G1X26.4239Y-59.5904

G1X28.2265Y-60.6530

G1X31.7685Y-63.0469

G1X33.3497Y-63.9020

G1X34.8677Y-64.4241

G1X36.4002Y-64.5753

G1X37.2176Y-64.4874

G1X38.0934Y-64.2636

G1X39.0294Y-63.8840

G1X39.9149Y-63.4006

G1X41.6651Y-62.1798

G1X45.3275Y-59.2338

G1X46.3790Y-58.5177

G1X47.2961Y-58.0080

G1X48.2521Y-57.6140

G1X49.1717Y-57.3889

G1X50.0912Y-57.3281

G1X50.9086Y-57.4135

G1X52.4003Y-57.9051

G1X54.0440Y-58.8951

G1X55.5724Y-60.1331

G1X59.3227Y-63.5588

G1X61.1002Y-64.8831

G1X62.0964Y-65.4239

G1X62.9648Y-65.7530

G1X63.8844Y-65.9428

G1X64.7018Y-65.9662

G1X65.6067Y-65.8343

G1X66.5554Y-65.5191

G1X67.4536Y-65.0671

G1X68.4885Y-64.3815

G1X70.2871Y-62.8552

G1X74.5670Y-58.6753

G1X75.7303Y-57.6985

G1X76.8398Y-56.9242

G1X77.9403Y-56.3411

G1X78.9036Y-56.0001

G1X79.9254Y-55.8236

G1X80.9471Y-55.8429

G1X81.9688Y-56.0534

G1X82.9496Y-56.4263

G1X84.0122Y-57.0046

G1X85.0914Y-57.7527

G1X87.0376Y-59.4077

G1X91.8340Y-64.0128

G1X93.1536Y-65.1148

G1X94.4720Y-66.0491

G1X95.7892Y-66.7817

G1X97.0099Y-67.2611

G1X98.3162Y-67.5506

G1X99.5423Y-67.6109

G1X100.7683Y-67.4731

G1X102.0966Y-67.1154

G1X103.4613Y-66.5461

G1X104.9097Y-65.7528

G1X107.4223Y-64.0390

G1X114.0634Y-58.9344

G1X115.9783Y-57.6520

G1X117.7493Y-56.6251

G1X119.4001Y-55.8231

G1X121.0129Y-55.1904

G1X122.6331Y-54.7039

G1X124.3700Y-54.3404

G1X125.9026Y-54.1449

G1X127.4351Y-54.0540

G1X130.9090Y-54.1624

G1X134.3828Y-54.5731

G1X142.2500Y-55.8574

G1X146.1325Y-56.3855

G1X150.3216Y-56.7462

G1X154.3063Y-56.8477

G1X157.6779Y-56.7433

G1X161.1518Y-56.4652

G1X165.2386Y-55.9550

G1X175.6601Y-54.3850

G1X178.8275Y-54.1023

G1X181.6883Y-54.0540

G1X184.2426Y-54.2339

G1X186.6947Y-54.6451

G1X189.1322Y-55.3124

G1X191.5040Y-56.2207

G1X193.7241Y-57.2960

G1X196.0264Y-58.6148

G1X203.7301Y-63.7572

G1X206.6838Y-65.5247

G1X208.2967Y-66.3148

G1X209.7198Y-66.8750

G1X211.1137Y-67.2805

G1X212.5441Y-67.5347

G1X214.1788Y-67.6121

G1X215.8136Y-67.4570

G1X217.4483Y-67.0738

G1X219.1123Y-66.4649

G1X220.7251Y-65.6886

G1X222.5024Y-64.6601

G1X229.7634Y-59.7077

G1X232.9638Y-57.8333

G1X234.7664Y-57.0123

G1X236.5544Y-56.4003

G1X238.2913Y-56.0114

G1X240.1304Y-55.8218

G1X241.7652Y-55.8371

G1X243.3999Y-56.0109

G1X245.0347Y-56.3248

G1X246.8738Y-56.8185

G1X250.1359Y-57.9554

G1X258.9592Y-61.4624

G1X261.5865Y-62.3586

G1X264.1407Y-63.1069

G1X266.4907Y-63.6824

G1X268.8407Y-64.1529

G1X273.9493Y-64.8570

G1 Z0F20000

(Start Block)


G1X22.9136Y-57.4909
G1Z6F20000
(Plotting speed under)
G1 F4000


G1X24.5483Y-57.6145

G1X26.2342Y-58.1406

G1X28.2265Y-59.1967

G1X31.8570Y-61.6444

G1X33.4509Y-62.5728

G1X34.3933Y-62.9935

G1X35.2764Y-63.2743

G1X36.0937Y-63.4264

G1X37.0133Y-63.4593

G1X37.8306Y-63.3649

G1X38.7502Y-63.1189

G1X39.6113Y-62.7618

G1X40.5348Y-62.2586

G1X42.0899Y-61.1801

G1X45.9916Y-58.0643

G1X47.7958Y-56.9370

G1X48.8141Y-56.5105

G1X49.6825Y-56.2898

G1X50.6021Y-56.2126

G1X51.4195Y-56.2850

G1X52.2295Y-56.4846

G1X52.9885Y-56.7861

G1X54.7026Y-57.8189

G1X56.2756Y-59.0974

G1X59.8697Y-62.3831

G1X61.7865Y-63.8032

G1X62.6719Y-64.2855

G1X63.6144Y-64.6445

G1X64.4974Y-64.8258

G1X65.3148Y-64.8546

G1X66.2343Y-64.7233

G1X67.1247Y-64.4381

G1X68.1564Y-63.9231

G1X69.1526Y-63.2573

G1X70.9513Y-61.7391

G1X75.3396Y-57.4762

G1X76.4579Y-56.5501

G1X77.4596Y-55.8511

G1X78.5222Y-55.2742

G1X79.6188Y-54.8805

G1X80.6405Y-54.7092

G1X81.6623Y-54.7302

G1X82.6840Y-54.9416

G1X83.6327Y-55.3004

G1X84.6321Y-55.8308

G1X85.7555Y-56.5921

G1X87.7625Y-58.2863

G1X92.6848Y-62.9722

G1X94.0570Y-64.0977

G1X95.2579Y-64.9343

G1X96.5355Y-65.6433

G1X97.8054Y-66.1434

G1X99.0314Y-66.4226

G1X100.3597Y-66.4982

G1X101.5857Y-66.3651

G1X102.8921Y-66.0238

G1X104.2203Y-65.4879

G1X105.7066Y-64.6966

G1X108.3354Y-62.9355

G1X115.0596Y-57.8521

G1X116.9523Y-56.6049

G1X118.7359Y-55.5844

G1X120.4437Y-54.7644

G1X122.0565Y-54.1370

G1X123.7570Y-53.6285

G1X125.4939Y-53.2626

G1X128.5590Y-52.9524

G1X132.1351Y-53.0146

G1X135.5067Y-53.3459

G1X143.1696Y-54.4088

G1X146.7456Y-54.8216

G1X150.6281Y-55.1063

G1X154.4085Y-55.1866

G1X157.9845Y-55.0774

G1X161.7648Y-54.7832

G1X175.3537Y-53.1147

G1X177.9079Y-52.9553

G1X180.2579Y-52.9427

G1X182.9143Y-53.1293

G1X185.4686Y-53.5515

G1X187.9937Y-54.2334

G1X190.4604Y-55.1676

G1X192.7374Y-56.2601

G1X195.0523Y-57.5724

G1X202.8446Y-62.7115

G1X205.6782Y-64.3913

G1X207.2531Y-65.1637

G1X208.6762Y-65.7297

G1X210.0920Y-66.1490

G1X211.5224Y-66.4116

G1X213.1571Y-66.5001

G1X214.7919Y-66.3566

G1X216.4266Y-65.9840

G1X218.1635Y-65.3532

G1X219.8460Y-64.5375

G1X221.6169Y-63.5006

G1X228.7064Y-58.6227

G1X230.4718Y-57.5168

G1X232.0151Y-56.6669

G1X233.8177Y-55.8467

G1X235.6349Y-55.2344

G1X237.3718Y-54.8631

G1X239.1087Y-54.7025

G1X240.6413Y-54.7289

G1X242.2760Y-54.9171

G1X243.9108Y-55.2523

G1X245.7499Y-55.7762

G1X248.9026Y-56.9339

G1X257.6310Y-60.5784

G1X260.3823Y-61.5565

G1X263.0169Y-62.3489

G1X265.5712Y-62.9761

G1X268.2276Y-63.4881

G1X270.9863Y-63.8851

G1X273.9493Y-64.1844

G1 Z0F20000

(Start Block)


G1X22.9136Y-56.4183
G1Z6F20000
(Plotting speed under)
G1 F4000


G1X23.8331Y-56.3719

G1X24.7527Y-56.4471

G1X25.6649Y-56.6414

G1X26.6137Y-56.9668

G1X28.5807Y-57.9733

G1X32.3883Y-60.5209

G1X34.1087Y-61.5126

G1X34.9698Y-61.8891

G1X35.8894Y-62.1768

G1X36.7068Y-62.3183

G1X37.5241Y-62.3482

G1X38.3415Y-62.2598

G1X39.2319Y-62.0332

G1X40.1806Y-61.6472

G1X41.0661Y-61.1652

G1X42.8370Y-59.9321

G1X46.5727Y-56.9496

G1X48.4346Y-55.8002

G1X49.3833Y-55.4031

G1X50.2956Y-55.1726

G1X51.1130Y-55.0995

G1X52.0325Y-55.1735

G1X52.8499Y-55.3785

G1X53.6400Y-55.6937

G1X55.2892Y-56.6891

G1X56.7444Y-57.8595

G1X60.5728Y-61.3346

G1X62.4063Y-62.6862

G1X63.3297Y-63.1828

G1X64.1909Y-63.5134

G1X65.1104Y-63.7098

G1X65.9278Y-63.7418

G1X66.8401Y-63.6193

G1X67.7888Y-63.3162

G1X68.7818Y-62.8226

G1X69.8167Y-62.1377

G1X71.5893Y-60.6433

G1X75.9690Y-56.4037

G1X77.1367Y-55.4369

G1X78.2565Y-54.6688

G1X79.3634Y-54.0954

G1X80.3340Y-53.7624

G1X81.3557Y-53.5942

G1X82.3775Y-53.6182

G1X83.3992Y-53.8297

G1X84.3917Y-54.2051

G1X85.5065Y-54.8099

G1X86.5857Y-55.5562

G1X88.5134Y-57.1811

G1X93.3098Y-61.7289

G1X94.7211Y-62.8928

G1X96.0548Y-63.8228

G1X97.2945Y-64.5085

G1X98.6227Y-65.0305

G1X99.9510Y-65.3219

G1X101.1770Y-65.3851

G1X102.5053Y-65.2389

G1X103.8335Y-64.8853

G1X105.2639Y-64.2992

G1X106.6807Y-63.5418

G1X109.3316Y-61.7821

G1X115.8897Y-56.8995

G1X117.9264Y-55.5734

G1X119.7859Y-54.5254

G1X121.4873Y-53.7200

G1X123.1950Y-53.0643

G1X124.8809Y-52.5646

G1X126.6178Y-52.1946

G1X129.7851Y-51.8529

G1X133.3611Y-51.8687

G1X136.7328Y-52.1343

G1X147.4608Y-53.2997

G1X151.1389Y-53.5170

G1X154.6128Y-53.5697

G1X157.8823Y-53.4797

G1X161.3561Y-53.2495

G1X173.9232Y-51.9617

G1X176.4775Y-51.8321

G1X178.7253Y-51.8312

G1X181.4839Y-52.0211

G1X184.1404Y-52.4479

G1X186.6947Y-53.1178

G1X189.2271Y-54.0498

G1X191.5989Y-55.1620

G1X194.0783Y-56.5465

G1X201.8706Y-61.6208

G1X204.7041Y-63.2833

G1X206.2095Y-64.0187

G1X207.7420Y-64.6265

G1X209.1724Y-65.0445

G1X210.6028Y-65.3020

G1X212.2376Y-65.3860

G1X213.8723Y-65.2384

G1X215.5071Y-64.8621

G1X217.2148Y-64.2390

G1X218.8719Y-63.4340

G1X220.7315Y-62.3393

G1X227.8154Y-57.4307

G1X229.4978Y-56.3707

G1X231.0031Y-55.5354

G1X232.7741Y-54.7226

G1X234.5110Y-54.1284

G1X236.2479Y-53.7492

G1X237.9848Y-53.5878

G1X239.5174Y-53.6198

G1X241.0500Y-53.8037

G1X242.6847Y-54.1494

G1X244.5238Y-54.6936

G1X247.6692Y-55.8992

G1X256.4925Y-59.7439

G1X259.2438Y-60.7504

G1X261.9952Y-61.5878

G1X264.7538Y-62.2518

G1X267.6146Y-62.7667

G1X270.5776Y-63.1399

G1X273.9493Y-63.4094

G1 Z0F20000

(Start Block)


G1X22.9136Y-55.3810
G1Z6F20000
(Plotting speed under)
G1 F4000


G1X23.9353Y-55.2641

G1X24.9570Y-55.2945

G1X25.9787Y-55.4741

G1X26.9932Y-55.7958

G1X29.0235Y-56.8099

G1X33.0967Y-59.5167

G1X34.6906Y-60.4186

G1X35.6266Y-60.8163

G1X36.5024Y-61.0767

G1X37.3198Y-61.2117

G1X38.1372Y-61.2316

G1X38.9545Y-61.1369

G1X39.8741Y-60.8911

G1X40.7498Y-60.5304

G1X41.6859Y-60.0209

G1X43.2521Y-58.9387

G1X47.0708Y-55.8994

G1X49.0038Y-54.6937

G1X49.8869Y-54.3205

G1X50.8064Y-54.0729

G1X51.7260Y-53.9857

G1X52.6455Y-54.0630

G1X53.4629Y-54.2687

G1X54.2219Y-54.5723

G1X55.9423Y-55.6108

G1X57.6038Y-56.9628

G1X61.1197Y-60.1601

G1X63.0261Y-61.5654

G1X64.0002Y-62.0883

G1X64.9061Y-62.4238

G1X65.7235Y-62.5928

G1X66.6430Y-62.6249

G1X67.5626Y-62.4863

G1X68.4529Y-62.1965

G1X69.4847Y-61.6793

G1X70.4808Y-61.0146

G1X72.2795Y-59.5047

G1X76.6679Y-55.2732

G1X77.8691Y-54.2881

G1X78.8764Y-53.5980

G1X79.9390Y-53.0325

G1X81.0492Y-52.6440

G1X82.0710Y-52.4803

G1X83.0927Y-52.5050

G1X84.1071Y-52.7136

G1X85.0558Y-53.0676

G1X86.1374Y-53.6395

G1X87.2498Y-54.3912

G1X89.3989Y-56.1967

G1X94.2474Y-60.7541

G1X95.6342Y-61.8731

G1X96.8518Y-62.7073

G1X98.2433Y-63.4587

G1X99.5423Y-63.9452

G1X100.7683Y-64.2054

G1X102.0966Y-64.2692

G1X103.3226Y-64.1342

G1X104.6509Y-63.7929

G1X106.0229Y-63.2506

G1X107.4776Y-62.4975

G1X110.0787Y-60.8177

G1X116.9689Y-55.7905

G1X118.9890Y-54.5041

G1X120.8232Y-53.4889

G1X122.5309Y-52.6904

G1X124.2678Y-52.0279

G1X126.0048Y-51.5134

G1X127.7417Y-51.1379

G1X130.9090Y-50.7666

G1X134.5872Y-50.7280

G1X137.9588Y-50.9277

G1X148.1760Y-51.8144

G1X151.5476Y-51.9705

G1X154.8171Y-52.0044

G1X160.8452Y-51.7658

G1X172.4928Y-50.8064

G1X177.0906Y-50.7199

G1X180.0535Y-50.9218

G1X182.8122Y-51.3574

G1X185.4686Y-52.0413

G1X188.0886Y-52.9900

G1X190.4604Y-54.0829

G1X193.0157Y-55.4849

G1X200.8080Y-60.4862

G1X203.7427Y-62.1899

G1X205.3556Y-62.9642

G1X206.7787Y-63.5184

G1X208.2529Y-63.9432

G1X209.5811Y-64.1816

G1X211.2159Y-64.2735

G1X212.8506Y-64.1352

G1X214.4854Y-63.7682

G1X216.1712Y-63.1623

G1X217.8789Y-62.3384

G1X219.7574Y-61.2323

G1X226.9299Y-56.2351

G1X230.0291Y-54.3877

G1X231.8253Y-53.5638

G1X233.5915Y-52.9685

G1X235.2262Y-52.6216

G1X236.9631Y-52.4707

G1X238.4957Y-52.5180

G1X240.0283Y-52.7223

G1X241.6630Y-53.0945

G1X243.3999Y-53.6369

G1X246.4359Y-54.8509

G1X252.5078Y-57.6617

G1X255.1643Y-58.8120

G1X258.0105Y-59.8868

G1X260.8713Y-60.7679

G1X263.8342Y-61.4635

G1X266.8994Y-61.9698

G1X270.1689Y-62.3120

G1X273.9493Y-62.5215

G1 Z0F20000

(Start Block)


G1X22.9136Y-54.3758
G1Z6F20000
(Plotting speed under)
G1 F4000


G1X24.0375Y-54.1795

G1X25.1614Y-54.1560

G1X26.2853Y-54.3124

G1X27.3726Y-54.6307

G1X28.4921Y-55.1153

G1X29.6433Y-55.7518

G1X33.4509Y-58.2864

G1X35.2471Y-59.3097

G1X36.1959Y-59.7116

G1X37.1155Y-59.9788

G1X37.9328Y-60.1029

G1X38.7502Y-60.1157

G1X39.5676Y-60.0114

G1X40.4652Y-59.7673

G1X42.2172Y-58.9252

G1X43.9162Y-57.7494

G1X47.6519Y-54.7822

G1X49.4782Y-53.6358

G1X50.4269Y-53.2222

G1X51.3173Y-52.9753

G1X52.2368Y-52.8731

G1X53.1564Y-52.9355

G1X53.9372Y-53.1161

G1X54.7911Y-53.4435

G1X56.4514Y-54.4259

G1X57.9945Y-55.6574

G1X61.8229Y-59.1120

G1X63.7345Y-60.5025

G1X64.6580Y-60.9856

G1X65.5191Y-61.3041

G1X66.4387Y-61.4889

G1X67.2561Y-61.5124

G1X68.1683Y-61.3826

G1X69.1170Y-61.0747

G1X70.1100Y-60.5793

G1X71.1450Y-59.8957

G1X72.9176Y-58.4101

G1X77.2973Y-54.2027

G1X78.4649Y-53.2401

G1X79.5848Y-52.4721

G1X80.6916Y-51.8943

G1X81.7644Y-51.5273

G1X82.7862Y-51.3656

G1X83.8079Y-51.3922

G1X84.8296Y-51.6026

G1X85.8148Y-51.9697

G1X86.8458Y-52.5126

G1X87.9969Y-53.2866

G1X89.9502Y-54.9042

G1X94.9506Y-59.5691

G1X96.3814Y-60.7218

G1X97.6487Y-61.5867

G1X99.0022Y-62.3168

G1X100.2575Y-62.7967

G1X101.5857Y-63.0883

G1X102.9139Y-63.1575

G1X104.2422Y-63.0129

G1X105.5485Y-62.6779

G1X106.8767Y-62.1628

G1X108.3631Y-61.4100

G1X110.9919Y-59.7453

G1X118.0149Y-54.7220

G1X119.9630Y-53.5037

G1X121.8668Y-52.4653

G1X123.5745Y-51.6764

G1X125.2896Y-51.0236

G1X127.0265Y-50.5022

G1X128.7634Y-50.1129

G1X132.0329Y-49.6921

G1X135.8132Y-49.5957

G1X139.1849Y-49.7306

G1X148.9934Y-50.3773

G1X155.3280Y-50.4946

G1X160.4366Y-50.3231

G1X170.8581Y-49.6613

G1X175.3537Y-49.6092

G1X178.5210Y-49.8210

G1X181.3818Y-50.2599

G1X184.1404Y-50.9499

G1X186.8553Y-51.9090

G1X189.3220Y-53.0227

G1X191.8646Y-54.3905

G1X194.3439Y-55.8934

G1X200.0111Y-59.5287

G1X202.8889Y-61.1610

G1X204.5017Y-61.9150

G1X205.9248Y-62.4517

G1X207.3334Y-62.8445

G1X208.6616Y-63.0752

G1X210.2963Y-63.1591

G1X211.9311Y-63.0144

G1X213.5658Y-62.6416

G1X215.3173Y-62.0023

G1X217.0124Y-61.1728

G1X218.7834Y-60.1224

G1X225.8839Y-55.1481

G1X228.9791Y-53.2826

G1X230.7817Y-52.4456

G1X232.4676Y-51.8678

G1X234.1023Y-51.5116

G1X235.8392Y-51.3571

G1X237.2696Y-51.3987

G1X238.8022Y-51.6015

G1X240.4370Y-51.9796

G1X242.1666Y-52.5337

G1X245.2025Y-53.7888

G1X251.2744Y-56.7060

G1X254.0258Y-57.9351

G1X256.9669Y-59.0635

G1X259.8495Y-59.9449

G1X262.9147Y-60.6331

G1X266.1842Y-61.1122

G1X269.7602Y-61.3957

G1X273.9493Y-61.5126

G1 Z0F20000

(Start Block)


G1X22.9136Y-53.3990
G1Z6F20000
(Plotting speed under)
G1 F4000


G1X24.1396Y-53.1165

G1X25.3657Y-53.0310

G1X26.4896Y-53.1386

G1X27.7156Y-53.4576

G1X28.7958Y-53.8990

G1X29.9975Y-54.5391

G1X34.2478Y-57.3386

G1X35.8164Y-58.2125

G1X37.5241Y-58.8338

G1X38.4437Y-58.9867

G1X39.2610Y-59.0036

G1X40.1806Y-58.8864

G1X40.9980Y-58.6603

G1X41.8883Y-58.2942

G1X42.8370Y-57.7765

G1X44.4973Y-56.6268

G1X48.1500Y-53.7266

G1X49.2126Y-53.0022

G1X50.1423Y-52.4816

G1X51.1130Y-52.0749

G1X52.0325Y-51.8371

G1X52.9520Y-51.7587

G1X53.7694Y-51.8247

G1X54.5868Y-52.0196

G1X55.3604Y-52.3169

G1X56.2024Y-52.7567

G1X57.1155Y-53.3579

G1X58.8539Y-54.7630

G1X62.4480Y-58.0047

G1X64.2658Y-59.3294

G1X65.2399Y-59.8516

G1X66.1322Y-60.1845

G1X66.9495Y-60.3597

G1X67.8691Y-60.4004

G1X68.7886Y-60.2734

G1X69.7811Y-59.9549

G1X70.8129Y-59.4360

G1X71.8091Y-58.7729

G1X73.6815Y-57.2043

G1X77.9961Y-53.0738

G1X79.1974Y-52.0930

G1X80.2046Y-51.4030

G1X81.2672Y-50.8334

G1X82.3775Y-50.4359

G1X83.3992Y-50.2595

G1X84.4209Y-50.2676

G1X85.4353Y-50.4563

G1X86.4789Y-50.8300

G1X87.5542Y-51.3871

G1X88.6610Y-52.1190

G1X90.8009Y-53.8792

G1X95.7319Y-58.4500

G1X97.1285Y-59.5687

G1X98.4456Y-60.4638

G1X99.8561Y-61.2160

G1X101.1843Y-61.7090

G1X102.5053Y-61.9832

G1X103.8335Y-62.0420

G1X105.1617Y-61.8927

G1X106.4900Y-61.5513

G1X107.9204Y-60.9943

G1X109.4257Y-60.2304

G1X112.0711Y-58.5694

G1X118.9004Y-53.7751

G1X120.9370Y-52.5187

G1X122.8155Y-51.5053

G1X124.6181Y-50.6783

G1X126.3259Y-50.0302

G1X128.0482Y-49.5069

G1X129.8873Y-49.0839

G1X132.9524Y-48.6506

G1X136.3241Y-48.4807

G1X139.6957Y-48.5224

G1X148.9934Y-48.9584

G1X154.1019Y-49.0593

G1X159.3127Y-48.9624

G1X169.3255Y-48.5132

G1X173.4124Y-48.4976

G1X176.6819Y-48.6993

G1X179.7470Y-49.1382

G1X182.7100Y-49.8464

G1X185.5270Y-50.8095

G1X188.0886Y-51.9354

G1X190.7134Y-53.3162

G1X193.2814Y-54.8434

G1X199.0370Y-58.4730

G1X201.8453Y-60.0430

G1X203.3633Y-60.7509

G1X204.8812Y-61.3257

G1X206.3116Y-61.7249

G1X207.6398Y-61.9574

G1X209.3768Y-62.0442

G1X211.0115Y-61.8919

G1X212.6463Y-61.5129

G1X214.3686Y-60.8807

G1X216.0384Y-60.0620

G1X217.8979Y-58.9537

G1X224.8933Y-54.0268

G1X226.5757Y-52.9478

G1X228.0304Y-52.1270

G1X229.7381Y-51.3305

G1X231.4459Y-50.7416

G1X233.0806Y-50.3877

G1X234.7153Y-50.2439

G1X236.1458Y-50.2864

G1X237.6783Y-50.4958

G1X239.3131Y-50.8871

G1X240.9332Y-51.4210

G1X243.8743Y-52.6681

G1X250.0411Y-55.7305

G1X252.8873Y-57.0383

G1X255.9232Y-58.2165

G1X258.8278Y-59.0914

G1X262.0973Y-59.7777

G1X265.4690Y-60.1922

G1X269.2493Y-60.3855

G1X273.9493Y-60.3784

G1 Z0F20000

(Start Block)


G1X22.9136Y-52.4469
G1Z6F20000
(Plotting speed under)
G1 F4000


G1X24.2418Y-52.0734

G1X25.5701Y-51.9191

G1X26.8983Y-52.0084

G1X28.1244Y-52.3101

G1X29.2701Y-52.7684

G1X30.4402Y-53.3842

G1X34.6020Y-56.1156

G1X36.2908Y-57.0682

G1X37.2395Y-57.4718

G1X38.1372Y-57.7364

G1X38.9545Y-57.8700

G1X39.8741Y-57.8867

G1X40.6915Y-57.7802

G1X41.6037Y-57.5293

G1X43.3683Y-56.6789

G1X44.9124Y-55.6230

G1X48.8141Y-52.5479

G1X50.6293Y-51.4134

G1X51.6603Y-50.9725

G1X52.5433Y-50.7381

G1X53.3607Y-50.6473

G1X54.2803Y-50.6994

G1X55.0757Y-50.8734

G1X55.9296Y-51.1917

G1X56.7392Y-51.6077

G1X57.6966Y-52.2271

G1X59.2446Y-53.4603

G1X63.0095Y-56.8405

G1X64.9742Y-58.2672

G1X65.9862Y-58.7886

G1X66.8474Y-59.0946

G1X67.7669Y-59.2677

G1X68.5843Y-59.2824

G1X69.4965Y-59.1453

G1X70.4453Y-58.8326

G1X71.4383Y-58.3356

G1X72.4732Y-57.6536

G1X74.2458Y-56.1775

G1X78.6255Y-52.0041

G1X79.7931Y-51.0459

G1X80.9130Y-50.2781

G1X82.0199Y-49.6958

G1X83.0927Y-49.3197

G1X84.1144Y-49.1450

G1X85.1361Y-49.1544

G1X86.1578Y-49.3442

G1X87.1431Y-49.6887

G1X88.2626Y-50.2574

G1X89.4082Y-51.0096

G1X91.3565Y-52.5891

G1X96.5913Y-57.3901

G1X98.0416Y-58.5321

G1X99.3311Y-59.3893

G1X100.7100Y-60.1110

G1X101.9944Y-60.5842

G1X103.3226Y-60.8636

G1X104.6509Y-60.9303

G1X105.9791Y-60.7935

G1X107.3073Y-60.4686

G1X108.6794Y-59.9581

G1X110.1973Y-59.2187

G1X112.8791Y-57.5877

G1X119.9630Y-52.7277

G1X121.9996Y-51.4994

G1X123.9540Y-50.4678

G1X125.6618Y-49.6971

G1X127.3695Y-49.0512

G1X129.1721Y-48.5014

G1X130.9090Y-48.0918

G1X134.3828Y-47.5791

G1X138.2653Y-47.3721

G1X141.5348Y-47.3838

G1X154.1019Y-47.6866

G1X158.5975Y-47.6334

G1X167.3842Y-47.3799

G1X171.3689Y-47.3887

G1X174.9449Y-47.6021

G1X178.1123Y-48.0353

G1X181.1774Y-48.7344

G1X184.1039Y-49.6951

G1X186.7604Y-50.8243

G1X189.5623Y-52.2619

G1X192.1302Y-53.7573

G1X197.9744Y-57.3761

G1X200.8965Y-58.9809

G1X202.5094Y-59.7126

G1X203.9617Y-60.2449

G1X205.3921Y-60.6313

G1X206.7203Y-60.8533

G1X208.4572Y-60.9289

G1X210.0920Y-60.7680

G1X211.7121Y-60.3864

G1X213.4199Y-59.7557

G1X215.1529Y-58.8999

G1X217.0124Y-57.7835

G1X224.0078Y-52.8353

G1X227.0184Y-51.0069

G1X228.6945Y-50.2184

G1X230.3220Y-49.6469

G1X231.9567Y-49.2813

G1X233.5915Y-49.1310

G1X235.0219Y-49.1727

G1X236.5544Y-49.3868

G1X238.0870Y-49.7592

G1X239.6999Y-50.2989

G1X242.6409Y-51.5767

G1X248.9026Y-54.7827

G1X251.7488Y-56.1220

G1X254.7848Y-57.3136

G1X257.8061Y-58.2081

G1X261.1778Y-58.8618

G1X264.7538Y-59.2100

G1X268.7385Y-59.2886

G1X273.9493Y-59.1178

G1 Z0F20000

(Start Block)


G1X22.9136Y-51.5156
G1Z6F20000
(Plotting speed under)
G1 F4000


G1X24.3440Y-51.0478

G1X25.7744Y-50.8193

G1X27.1026Y-50.8537

G1X28.4163Y-51.1296

G1X29.6496Y-51.5947

G1X30.9715Y-52.2803

G1X35.2219Y-55.0584

G1X36.9549Y-56.0181

G1X37.8306Y-56.3767

G1X38.7502Y-56.6406

G1X39.5676Y-56.7626

G1X40.3849Y-56.7750

G1X41.2023Y-56.6733

G1X42.0781Y-56.4406

G1X43.0142Y-56.0579

G1X43.8996Y-55.5778

G1X45.6595Y-54.3692

G1X49.3122Y-51.4858

G1X51.2808Y-50.2644

G1X52.2368Y-49.8607

G1X53.1564Y-49.6180

G1X54.0759Y-49.5318

G1X54.8933Y-49.5887

G1X55.7107Y-49.7739

G1X56.4988Y-50.0662

G1X57.4476Y-50.5594

G1X58.2777Y-51.1026

G1X59.9478Y-52.4342

G1X63.6981Y-55.7883

G1X65.5118Y-57.1005

G1X66.4606Y-57.6082

G1X67.3582Y-57.9464

G1X68.2778Y-58.1402

G1X69.1973Y-58.1706

G1X70.1168Y-58.0358

G1X71.1094Y-57.7122

G1X72.1411Y-57.1915

G1X73.1373Y-56.5301

G1X74.9360Y-55.0393

G1X79.4025Y-50.8076

G1X80.6086Y-49.8376

G1X81.6214Y-49.1558

G1X82.6840Y-48.5967

G1X83.7276Y-48.2237

G1X84.8296Y-48.0313

G1X85.8513Y-48.0407

G1X86.8584Y-48.2240

G1X87.9020Y-48.5888

G1X88.9709Y-49.1297

G1X90.0723Y-49.8405

G1X92.2160Y-51.5644

G1X97.2945Y-56.1956

G1X98.7057Y-57.3095

G1X100.1281Y-58.2578

G1X101.4690Y-58.9607

G1X102.8118Y-59.4596

G1X104.1400Y-59.7431

G1X105.5704Y-59.8162

G1X106.6943Y-59.7115

G1X107.9204Y-59.4462

G1X109.1537Y-59.0358

G1X110.4819Y-58.4546

G1X113.3218Y-56.8462

G1X120.1401Y-52.2597

G1X123.7706Y-50.1140

G1X125.8515Y-49.0994

G1X127.8439Y-48.2914

G1X129.8873Y-47.6275

G1X131.9307Y-47.1198

G1X133.7698Y-46.7828

G1X135.7111Y-46.5334

G1X140.1044Y-46.2725

G1X154.2041Y-46.3875

G1X165.1365Y-46.2537

G1X168.9168Y-46.2770

G1X172.9015Y-46.4914

G1X176.3754Y-46.9345

G1X179.5427Y-47.6179

G1X182.6808Y-48.6044

G1X185.4321Y-49.7365

G1X188.3226Y-51.1795

G1X190.9791Y-52.6908

G1X197.0004Y-56.3433

G1X199.9478Y-57.9263

G1X201.5606Y-58.6407

G1X203.0421Y-59.1681

G1X204.4725Y-59.5400

G1X205.8008Y-59.7501

G1X207.5377Y-59.8127

G1X209.1724Y-59.6421

G1X210.8072Y-59.2482

G1X212.5660Y-58.5863

G1X214.2674Y-57.7356

G1X216.0384Y-56.6671

G1X222.9784Y-51.7419

G1X225.9558Y-49.9164

G1X227.6509Y-49.1096

G1X229.3003Y-48.5255

G1X230.9350Y-48.1606

G1X232.4676Y-48.0184

G1X233.8980Y-48.0578

G1X235.3284Y-48.2547

G1X236.8609Y-48.6252

G1X238.4665Y-49.1676

G1X241.4076Y-50.4717

G1X247.7641Y-53.8183

G1X250.6103Y-55.1866

G1X253.7412Y-56.4211

G1X256.7844Y-57.2965

G1X260.2582Y-57.9058

G1X263.9364Y-58.1636

G1X268.0233Y-58.1150

G1X273.9493Y-57.7336

G1 Z0F20000

(Start Block)


G1X22.9136Y-50.6010
G1Z6F20000
(Plotting speed under)
G1 F4000


G1X24.5483Y-50.0083

G1X25.9787Y-49.7300

G1X27.3070Y-49.7120

G1X28.7374Y-49.9658

G1X29.9342Y-50.3860

G1X31.3257Y-51.0794

G1X35.7532Y-53.9529

G1X37.4356Y-54.8832

G1X38.3780Y-55.2702

G1X39.2610Y-55.5209

G1X40.0784Y-55.6476

G1X40.9980Y-55.6566

G1X41.8153Y-55.5461

G1X42.6327Y-55.3233

G1X43.5012Y-54.9718

G1X44.4309Y-54.4777

G1X46.0746Y-53.3611

G1X49.9763Y-50.3052

G1X51.8690Y-49.1419

G1X52.7988Y-48.7524

G1X53.6672Y-48.5180

G1X54.5868Y-48.4187

G1X55.4042Y-48.4652

G1X56.2142Y-48.6344

G1X57.0681Y-48.9444

G1X57.8903Y-49.3576

G1X58.8588Y-49.9762

G1X60.4166Y-51.2028

G1X64.1718Y-54.5557

G1X65.2509Y-55.4004

G1X66.2139Y-56.0356

G1X67.1247Y-56.5105

G1X68.0734Y-56.8584

G1X68.9930Y-57.0362

G1X69.8104Y-57.0581

G1X70.7299Y-56.9290

G1X71.6786Y-56.6278

G1X72.6780Y-56.1413

G1X73.7184Y-55.4699

G1X75.5740Y-53.9432

G1X79.9494Y-49.8094

G1X81.1995Y-48.7939

G1X82.3298Y-48.0314

G1X83.4430Y-47.4570

G1X84.5231Y-47.0869

G1X85.5448Y-46.9171

G1X86.5665Y-46.9269

G1X87.5882Y-47.1131

G1X88.6610Y-47.4877

G1X89.7679Y-48.0495

G1X90.9024Y-48.7863

G1X92.9192Y-50.4024

G1X98.1540Y-55.1283

G1X99.6189Y-56.2654

G1X101.0136Y-57.1759

G1X102.4177Y-57.8919

G1X103.8408Y-58.3925

G1X105.2639Y-58.6586

G1X106.5921Y-58.6979

G1X107.7160Y-58.5807

G1X108.9421Y-58.3077

G1X110.1024Y-57.9235

G1X111.4307Y-57.3535

G1X114.2073Y-55.8206

G1X121.1141Y-51.2892

G1X124.7446Y-49.1843

G1X126.7053Y-48.2343

G1X128.6977Y-47.4188

G1X130.7046Y-46.7491

G1X132.7481Y-46.2153

G1X134.6893Y-45.8322

G1X136.8349Y-45.5303

G1X139.0827Y-45.3251

G1X141.7392Y-45.1932

G1X145.8260Y-45.1351

G1X166.1582Y-45.1690

G1X170.5515Y-45.3756

G1X174.3319Y-45.8074

G1X177.8058Y-46.5018

G1X181.0679Y-47.4712

G1X184.0090Y-48.6305

G1X187.0450Y-50.0991

G1X189.8280Y-51.6437

G1X196.1149Y-55.3719

G1X198.9991Y-56.8794

G1X200.6119Y-57.5741

G1X202.0350Y-58.0679

G1X203.4508Y-58.4294

G1X204.7791Y-58.6369

G1X206.5160Y-58.6994

G1X208.1507Y-58.5320

G1X209.8876Y-58.1117

G1X211.6173Y-57.4561

G1X213.2934Y-56.6168

G1X215.1529Y-55.4906

G1X221.9822Y-50.6277

G1X224.8996Y-48.8259

G1X226.6073Y-48.0031

G1X228.1764Y-47.4363

G1X229.8111Y-47.0576

G1X231.3437Y-46.9064

G1X232.7741Y-46.9415

G1X234.2045Y-47.1389

G1X235.6349Y-47.4856

G1X237.2331Y-48.0277

G1X240.2691Y-49.4013

G1X246.6256Y-52.8374

G1X249.4718Y-54.2326

G1X252.6975Y-55.5069

G1X255.7627Y-56.3577

G1X257.4996Y-56.6827

G1X259.3387Y-56.9116

G1X263.1190Y-57.0642

G1X267.4102Y-56.8654

G1X273.9493Y-56.2327

G1 Z0F20000

(Start Block)


G1X22.9136Y-49.6992
G1Z6F20000
(Plotting speed under)
G1 F4000


G1X24.6505Y-49.0068

G1X26.1831Y-48.6500

G1X27.7156Y-48.5928

G1X29.1461Y-48.8303

G1X30.4086Y-49.2643

G1X31.7685Y-49.9345

G1X36.1959Y-52.7922

G1X37.9985Y-53.7866

G1X38.8524Y-54.1383

G1X39.7719Y-54.4043

G1X40.6915Y-54.5397

G1X41.5088Y-54.5452

G1X42.3262Y-54.4373

G1X43.2165Y-54.1957

G1X44.9622Y-53.3712

G1X46.8218Y-52.1000

G1X50.5574Y-49.1774

G1X52.4193Y-48.0404

G1X53.3680Y-47.6394

G1X54.2803Y-47.3973

G1X55.0976Y-47.3074

G1X56.0172Y-47.3554

G1X56.8345Y-47.5319

G1X57.6373Y-47.8213

G1X58.4912Y-48.2514

G1X59.4399Y-48.8548

G1X61.0416Y-50.1142

G1X64.9482Y-53.5785

G1X66.7452Y-54.8690

G1X67.7888Y-55.4165

G1X68.6865Y-55.7402

G1X69.6060Y-55.9206

G1X70.5255Y-55.9398

G1X71.4451Y-55.7966

G1X72.4376Y-55.4672

G1X73.4694Y-54.9443

G1X74.4656Y-54.2844

G1X76.2642Y-52.8034

G1X80.7307Y-48.6089

G1X81.9368Y-47.6440

G1X82.9496Y-46.9628

G1X84.0122Y-46.4000

G1X85.1507Y-45.9927

G1X86.2600Y-45.8034

G1X87.2817Y-45.8132

G1X88.3034Y-45.9964

G1X89.3251Y-46.3454

G1X90.4636Y-46.9121

G1X91.5665Y-47.6158

G1X93.6224Y-49.2356

G1X98.9548Y-54.0068

G1X100.4491Y-55.1552

G1X101.8105Y-56.0372

G1X103.2716Y-56.7774

G1X104.6509Y-57.2618

G1X106.0813Y-57.5368

G1X107.5117Y-57.5836

G1X108.6356Y-57.4684

G1X109.8616Y-57.2018

G1X111.1461Y-56.7811

G1X112.4743Y-56.2151

G1X115.1814Y-54.7502

G1X122.0882Y-50.3338

G1X125.5669Y-48.3495

G1X127.5592Y-47.3868

G1X129.4567Y-46.6021

G1X131.4199Y-45.9264

G1X133.4633Y-45.3627

G1X135.6089Y-44.9098

G1X137.8566Y-44.5665

G1X140.2066Y-44.3244

G1X142.9652Y-44.1550

G1X149.6064Y-44.0284

G1X163.0930Y-44.0714

G1X168.0994Y-44.2783

G1X172.1863Y-44.6960

G1X175.9667Y-45.3911

G1X179.4405Y-46.3635

G1X182.4911Y-47.5108

G1X185.7168Y-49.0160

G1X188.6768Y-50.6156

G1X195.0523Y-54.3108

G1X197.9555Y-55.7957

G1X199.4734Y-56.4397

G1X200.9987Y-56.9631

G1X202.4291Y-57.3213

G1X203.8595Y-57.5349

G1X205.5964Y-57.5819

G1X207.2312Y-57.4026

G1X208.9608Y-56.9750

G1X210.6685Y-56.3225

G1X212.4079Y-55.4454

G1X214.2618Y-54.3160

G1X220.9085Y-49.5686

G1X223.9192Y-47.6967

G1X225.5637Y-46.8991

G1X227.1547Y-46.3191

G1X228.6872Y-45.9568

G1X230.2198Y-45.7950

G1X231.6502Y-45.8243

G1X233.0806Y-46.0205

G1X234.5110Y-46.3707

G1X236.0947Y-46.9167

G1X239.0357Y-48.2704

G1X245.5251Y-51.8605

G1X248.4282Y-53.3038

G1X251.5736Y-54.5454

G1X254.7410Y-55.3938

G1X256.4779Y-55.6869

G1X258.3170Y-55.8746

G1X260.1561Y-55.9490

G1X262.1995Y-55.9197

G1X266.4907Y-55.5797

G1X273.9493Y-54.6255

G1 Z0F20000

(Start Block)


G1X22.9136Y-48.8064
G1Z6F20000
(Plotting speed under)
G1 F4000


G1X24.8111Y-47.9957

G1X26.3874Y-47.5781

G1X27.9200Y-47.4656

G1X29.4526Y-47.6714

G1X30.8830Y-48.1430

G1X32.2997Y-48.8391

G1X36.9043Y-51.7997

G1X38.5677Y-52.6983

G1X39.5165Y-53.0734

G1X40.3849Y-53.3089

G1X41.3045Y-53.4326

G1X42.1218Y-53.4253

G1X42.9392Y-53.3081

G1X43.7566Y-53.0798

G1X44.6397Y-52.7189

G1X45.5820Y-52.2130

G1X47.2368Y-51.0877

G1X51.0555Y-48.1110

G1X52.9885Y-46.9241

G1X53.8716Y-46.5504

G1X54.7911Y-46.2953

G1X55.7107Y-46.1926

G1X56.5280Y-46.2331

G1X57.3454Y-46.3979

G1X58.2066Y-46.7026

G1X59.0415Y-47.1151

G1X60.0155Y-47.7310

G1X61.6667Y-49.0225

G1X65.4170Y-52.3484

G1X66.4962Y-53.1842

G1X67.4536Y-53.8095

G1X68.3581Y-54.2786

G1X69.3068Y-54.6263

G1X70.2190Y-54.8053

G1X71.1386Y-54.8274

G1X72.0581Y-54.6891

G1X73.0069Y-54.3817

G1X74.0062Y-53.8923

G1X75.0467Y-53.2217

G1X76.9023Y-51.7048

G1X81.2776Y-47.6086

G1X82.5180Y-46.6065

G1X83.6580Y-45.8379

G1X84.7712Y-45.2596

G1X85.8513Y-44.8808

G1X86.8730Y-44.6980

G1X87.9969Y-44.6991

G1X89.0186Y-44.8811

G1X90.0841Y-45.2436

G1X91.1846Y-45.7869

G1X92.3137Y-46.4999

G1X94.4818Y-48.2050

G1X99.7166Y-52.8523

G1X101.1962Y-53.9843

G1X102.6074Y-54.8964

G1X104.1254Y-55.6603

G1X105.5704Y-56.1589

G1X107.0008Y-56.4256

G1X108.4312Y-56.4704

G1X109.6573Y-56.3417

G1X110.8833Y-56.0714

G1X112.1897Y-55.6444

G1X113.5179Y-55.0845

G1X116.2439Y-53.6378

G1X123.0622Y-49.3930

G1X126.4271Y-47.5097

G1X128.3182Y-46.5996

G1X130.2157Y-45.8071

G1X132.0329Y-45.1628

G1X133.9741Y-44.5941

G1X136.1197Y-44.0972

G1X138.3675Y-43.7069

G1X140.7175Y-43.4169

G1X143.3739Y-43.2020

G1X149.9129Y-42.9848

G1X159.6192Y-42.9968

G1X165.3408Y-43.1937

G1X169.8363Y-43.5931

G1X173.9232Y-44.2698

G1X177.7036Y-45.2527

G1X180.9731Y-46.4212

G1X184.3885Y-47.9574

G1X187.5257Y-49.6063

G1X193.9897Y-53.2616

G1X197.0067Y-54.7622

G1X198.6196Y-55.4196

G1X200.0792Y-55.8968

G1X201.5096Y-56.2362

G1X202.9400Y-56.4331

G1X204.6769Y-56.4631

G1X206.3116Y-56.2710

G1X208.0121Y-55.8422

G1X209.7198Y-55.1857

G1X211.4275Y-54.3245

G1X213.2048Y-53.2467

G1X220.0729Y-48.3464

G1X222.9452Y-46.5656

G1X224.5201Y-45.7975

G1X226.0381Y-45.2333

G1X227.5633Y-44.8583

G1X229.0959Y-44.6845

G1X230.4241Y-44.6990

G1X231.8546Y-44.8802

G1X233.2849Y-45.2212

G1X234.8613Y-45.7611

G1X237.8973Y-47.1766

G1X244.3740Y-50.8405

G1X247.2897Y-52.3149

G1X248.9026Y-53.0043

G1X250.5519Y-53.5988

G1X252.0845Y-54.0449

G1X253.7193Y-54.4066

G1X255.4562Y-54.6659

G1X257.2953Y-54.8097

G1X259.2365Y-54.8324

G1X261.2799Y-54.7362

G1X265.4690Y-54.2655

G1X273.9493Y-52.9260

G1 Z0F20000

(Start Block)


G1X22.9136Y-47.9192
G1Z6F20000
(Plotting speed under)
G1 F4000


G1X24.9059Y-47.0153

G1X26.5918Y-46.5136

G1X28.2265Y-46.3489

G1X29.7591Y-46.5185

G1X31.0727Y-46.9114

G1X32.5654Y-47.6025

G1X33.9822Y-48.4400

G1X37.3470Y-50.6479

G1X39.1370Y-51.6081

G1X40.0857Y-51.9781

G1X40.9980Y-52.2143

G1X41.9175Y-52.3230

G1X42.7349Y-52.3050

G1X43.5522Y-52.1754

G1X44.3550Y-51.9442

G1X46.1134Y-51.1023

G1X47.7349Y-50.0054

G1X51.6366Y-46.9775

G1X53.3743Y-45.8990

G1X54.4116Y-45.4446

G1X55.3020Y-45.1941

G1X56.1193Y-45.0855

G1X57.0389Y-45.1120

G1X57.8563Y-45.2662

G1X58.7758Y-45.5834

G1X60.5191Y-46.5589

G1X62.1354Y-47.8057

G1X66.1983Y-51.3774

G1X68.0734Y-52.6994

G1X69.0222Y-53.1866

G1X69.9125Y-53.5072

G1X70.8321Y-53.6906

G1X71.7516Y-53.7148

G1X72.6711Y-53.5798

G1X73.6710Y-53.2586

G1X74.7146Y-52.7409

G1X75.7108Y-52.0935

G1X77.5924Y-50.5622

G1X82.1371Y-46.3404

G1X83.3481Y-45.3874

G1X84.3664Y-44.7153

G1X85.4353Y-44.1608

G1X86.5738Y-43.7619

G1X87.6904Y-43.5756

G1X88.7121Y-43.5856

G1X89.7338Y-43.7643

G1X90.8431Y-44.1400

G1X91.9816Y-44.7051

G1X93.1327Y-45.4358

G1X95.1850Y-47.0356

G1X100.5760Y-51.7719

G1X102.1094Y-52.9262

G1X103.4929Y-53.8032

G1X104.9793Y-54.5406

G1X106.3878Y-55.0265

G1X107.8182Y-55.3018

G1X109.3508Y-55.3574

G1X110.5768Y-55.2330

G1X111.9051Y-54.9441

G1X113.2333Y-54.5132

G1X114.6564Y-53.9183

G1X117.3951Y-52.4865

G1X123.8591Y-48.5700

G1X127.1797Y-46.7395

G1X130.7849Y-45.1075

G1X132.5875Y-44.4470

G1X134.4850Y-43.8617

G1X136.5284Y-43.3493

G1X138.7762Y-42.9117

G1X141.1262Y-42.5742

G1X143.5783Y-42.3276

G1X149.5042Y-42.0322

G1X157.1671Y-41.9938

G1X163.1952Y-42.1857

G1X167.9973Y-42.5916

G1X172.2885Y-43.2709

G1X176.1710Y-44.2381

G1X179.5500Y-45.3988

G1X183.0603Y-46.9237

G1X186.3746Y-48.6154

G1X192.9272Y-52.2239

G1X196.0580Y-53.7347

G1X197.6708Y-54.3679

G1X199.1596Y-54.8327

G1X200.5900Y-55.1519

G1X201.9183Y-55.3230

G1X203.6552Y-55.3483

G1X205.3921Y-55.1367

G1X207.1290Y-54.6851

G1X208.8659Y-54.0033

G1X210.5483Y-53.1440

G1X212.3193Y-52.0622

G1X219.0767Y-47.2348

G1X221.8826Y-45.4848

G1X223.4765Y-44.6988

G1X225.0090Y-44.1231

G1X226.5416Y-43.7433

G1X227.9720Y-43.5751

G1X229.3003Y-43.5810

G1X230.7307Y-43.7569

G1X232.1610Y-44.0971

G1X233.7228Y-44.6357

G1X235.2408Y-45.2998

G1X236.8473Y-46.1190

G1X243.2228Y-49.8042

G1X246.2461Y-51.3530

G1X247.9538Y-52.0784

G1X249.5302Y-52.6338

G1X251.1650Y-53.0872

G1X252.7997Y-53.4151

G1X254.5366Y-53.6310

G1X256.3757Y-53.7220

G1X258.3170Y-53.6836

G1X260.3604Y-53.5185

G1X264.3451Y-52.9399

G1X273.9493Y-51.1514

G1 Z0F20000

(Start Block)


G1X22.9136Y-47.0341
G1Z6F20000
(Plotting speed under)
G1 F4000


G1X25.0957Y-46.0038

G1X26.7961Y-45.4557

G1X28.5330Y-45.2364

G1X30.1678Y-45.3921

G1X31.5471Y-45.7976

G1X33.0651Y-46.4993

G1X34.4249Y-47.2992

G1X37.9669Y-49.6040

G1X39.7062Y-50.5231

G1X40.5893Y-50.8606

G1X41.5088Y-51.1003

G1X42.4284Y-51.2095

G1X43.2457Y-51.1920

G1X44.0631Y-51.0650

G1X44.9243Y-50.8143

G1X45.7592Y-50.4656

G1X46.7332Y-49.9362

G1X48.3990Y-48.8004

G1X52.0516Y-45.9611

G1X54.0321Y-44.7360

G1X54.8933Y-44.3606

G1X55.8128Y-44.0907

G1X56.7324Y-43.9702

G1X57.5498Y-43.9915

G1X58.3671Y-44.1373

G1X59.2502Y-44.4277

G1X60.1926Y-44.8818

G1X61.0781Y-45.4313

G1X62.9168Y-46.8539

G1X66.6671Y-50.1550

G1X67.8244Y-51.0346

G1X68.7818Y-51.6416

G1X69.6863Y-52.0930

G1X70.6350Y-52.4229

G1X71.5473Y-52.5864

G1X72.4668Y-52.5952

G1X73.3864Y-52.4464

G1X74.3351Y-52.1317

G1X75.3344Y-51.6384

G1X76.3749Y-50.9678

G1X78.2305Y-49.4600

G1X82.6058Y-45.4033

G1X83.8462Y-44.4085

G1X84.9862Y-43.6422

G1X86.0994Y-43.0614

G1X87.1795Y-42.6749

G1X88.2013Y-42.4801

G1X89.3251Y-42.4628

G1X90.4490Y-42.6487

G1X91.5072Y-42.9989

G1X92.6014Y-43.5235

G1X93.8079Y-44.2689

G1X96.0444Y-45.9986

G1X101.2792Y-50.5636

G1X102.8731Y-51.7598

G1X104.3784Y-52.7056

G1X105.9280Y-53.4568

G1X107.4095Y-53.9456

G1X108.8399Y-54.1996

G1X110.3725Y-54.2399

G1X111.5985Y-54.1097

G1X112.9268Y-53.8208

G1X114.2769Y-53.3881

G1X115.7000Y-52.8042

G1X118.5462Y-51.3496

G1X124.8332Y-47.6540

G1X128.0336Y-45.9314

G1X131.5439Y-44.3542

G1X135.0980Y-43.1336

G1X137.1414Y-42.5962

G1X139.2871Y-42.1471

G1X143.8848Y-41.5102

G1X149.2999Y-41.1598

G1X155.7367Y-41.0777

G1X161.5605Y-41.2537

G1X166.4647Y-41.6631

G1X170.8581Y-42.3451

G1X174.8428Y-43.3133

G1X178.3166Y-44.4761

G1X181.8270Y-45.9587

G1X185.1349Y-47.5968

G1X191.9784Y-51.2553

G1X195.0144Y-52.6731

G1X196.6272Y-53.2872

G1X198.1379Y-53.7434

G1X199.5683Y-54.0506

G1X200.9987Y-54.2209

G1X202.7356Y-54.2268

G1X204.4725Y-53.9998

G1X206.2095Y-53.5369

G1X207.9172Y-52.8604

G1X209.5743Y-52.0129

G1X211.4338Y-50.8755

G1X217.9975Y-46.1816

G1X220.8200Y-44.4068

G1X222.3380Y-43.6446

G1X223.8852Y-43.0451

G1X225.4177Y-42.6487

G1X226.8481Y-42.4669

G1X228.1764Y-42.4628

G1X229.6068Y-42.6316

G1X231.0372Y-42.9689

G1X232.5843Y-43.5037

G1X234.1023Y-44.1734

G1X235.6076Y-44.9489

G1X242.0717Y-48.7519

G1X245.2025Y-50.3759

G1X246.9103Y-51.0991

G1X248.5085Y-51.6515

G1X250.1433Y-52.0852

G1X251.7780Y-52.3857

G1X253.5149Y-52.5645

G1X255.3540Y-52.6090

G1X257.2953Y-52.5145

G1X259.3387Y-52.2858

G1X262.9147Y-51.6607

G1X273.9493Y-49.3216

G1 Z0F20000

(Start Block)


G1X22.9136Y-46.1481
G1Z6F20000
(Plotting speed under)
G1 F4000


G1X25.2854Y-44.9941

G1X27.1026Y-44.3779

G1X28.8395Y-44.1267

G1X30.4743Y-44.2478

G1X32.0069Y-44.6800

G1X33.5394Y-45.3834

G1X35.0448Y-46.2705

G1X38.4096Y-48.4604

G1X40.1806Y-49.3971

G1X41.1293Y-49.7596

G1X42.0197Y-49.9864

G1X42.8370Y-50.0907

G1X43.7566Y-50.0787

G1X44.5740Y-49.9530

G1X45.3913Y-49.7201

G1X47.1759Y-48.8743

G1X48.8141Y-47.7731

G1X52.7158Y-44.7648

G1X54.5255Y-43.6507

G1X55.5501Y-43.2105

G1X56.4259Y-42.9668

G1X57.3454Y-42.8537

G1X58.1628Y-42.8837

G1X59.0604Y-43.0556

G1X59.9143Y-43.3530

G1X61.6813Y-44.3325

G1X63.3074Y-45.5772

G1X67.4093Y-49.1557

G1X69.3131Y-50.4850

G1X70.3504Y-51.0028

G1X71.2407Y-51.3059

G1X72.1603Y-51.4725

G1X73.0798Y-51.4824

G1X73.9994Y-51.3360

G1X74.9992Y-51.0061

G1X76.0428Y-50.4837

G1X77.0169Y-49.8518

G1X78.9337Y-48.3018

G1X83.3872Y-44.1995

G1X84.5933Y-43.2480

G1X85.6946Y-42.5179

G1X86.7635Y-41.9616

G1X87.9020Y-41.5553

G1X89.0186Y-41.3561

G1X90.0403Y-41.3495

G1X91.0620Y-41.5075

G1X92.1713Y-41.8569

G1X93.3984Y-42.4399

G1X94.5495Y-43.1494

G1X96.6695Y-44.7636

G1X102.2168Y-49.5398

G1X103.7696Y-50.6834

G1X105.1753Y-51.5561

G1X106.6870Y-52.2926

G1X108.2269Y-52.8099

G1X109.7594Y-53.0853

G1X111.2920Y-53.1280

G1X112.5181Y-53.0052

G1X113.8463Y-52.7292

G1X115.2256Y-52.3039

G1X116.6487Y-51.7406

G1X119.4317Y-50.3715

G1X125.8958Y-46.7026

G1X128.9823Y-45.0904

G1X132.4926Y-43.5455

G1X135.9154Y-42.3744

G1X139.9001Y-41.4059

G1X144.2935Y-40.7423

G1X149.2999Y-40.3578

G1X155.0215Y-40.2456

G1X160.5387Y-40.4107

G1X165.3408Y-40.8237

G1X169.7342Y-41.5126

G1X173.7189Y-42.4750

G1X177.1781Y-43.6127

G1X180.7833Y-45.1016

G1X184.0090Y-46.6567

G1X190.8399Y-50.2005

G1X193.8759Y-51.5803

G1X195.4887Y-52.1801

G1X197.0140Y-52.6316

G1X198.5466Y-52.9511

G1X199.9770Y-53.1117

G1X201.7139Y-53.1103

G1X203.4508Y-52.8808

G1X205.1658Y-52.4266

G1X206.9684Y-51.7136

G1X208.6888Y-50.8289

G1X210.4598Y-49.7445

G1X217.0843Y-45.0155

G1X219.8460Y-43.2818

G1X221.3892Y-42.5080

G1X222.8635Y-41.9362

G1X224.2938Y-41.5565

G1X225.7243Y-41.3600

G1X227.0525Y-41.3446

G1X228.4829Y-41.5044

G1X229.9133Y-41.8368

G1X231.4459Y-42.3653

G1X232.8690Y-42.9929

G1X234.4565Y-43.8160

G1X241.0091Y-47.7350

G1X244.0640Y-49.3402

G1X245.7718Y-50.0684

G1X247.4868Y-50.6532

G1X249.1215Y-51.0667

G1X250.7563Y-51.3391

G1X252.4932Y-51.4804

G1X254.2301Y-51.4819

G1X256.1714Y-51.3384

G1X258.2148Y-51.0523

G1X261.2799Y-50.4360

G1X269.6581Y-48.3753

G1X273.9493Y-47.4587

G1 Z0F20000

(Start Block)


G1X22.9136Y-45.2587
G1Z6F20000
(Plotting speed under)
G1 F4000


G1X25.4752Y-43.9857

G1X27.4092Y-43.2992

G1X29.1461Y-43.0191

G1X30.8830Y-43.1250

G1X32.3061Y-43.5053

G1X33.8936Y-44.2081

G1X35.3104Y-45.0252

G1X38.8524Y-47.3182

G1X40.7498Y-48.3147

G1X41.7132Y-48.6713

G1X42.6327Y-48.8938

G1X43.5522Y-48.9860

G1X44.3696Y-48.9555

G1X45.1870Y-48.8161

G1X46.0627Y-48.5504

G1X47.7958Y-47.7002

G1X49.5612Y-46.4968

G1X53.2138Y-43.6796

G1X55.0757Y-42.5377

G1X56.0245Y-42.1236

G1X56.9367Y-41.8617

G1X57.7541Y-41.7485

G1X58.6736Y-41.7643

G1X59.4910Y-41.9082

G1X60.3887Y-42.2004

G1X61.3374Y-42.6556

G1X62.2292Y-43.2036

G1X64.0887Y-44.6336

G1X67.9171Y-47.9732

G1X69.9330Y-49.3795

G1X70.9196Y-49.8721

G1X71.8684Y-50.1974

G1X72.7733Y-50.3584

G1X73.6929Y-50.3695

G1X74.6124Y-50.2252

G1X75.5685Y-49.9156

G1X76.5741Y-49.4285

G1X77.6201Y-48.7650

G1X79.4806Y-47.2756

G1X83.9341Y-43.1913

G1X85.1744Y-42.2052

G1X86.4030Y-41.3902

G1X87.5225Y-40.8192

G1X88.6099Y-40.4404

G1X89.6316Y-40.2517

G1X90.7555Y-40.2354

G1X91.8794Y-40.4166

G1X92.9303Y-40.7549

G1X94.0182Y-41.2608

G1X95.2579Y-42.0063

G1X97.5289Y-43.7221

G1X102.9395Y-48.3417

G1X104.5168Y-49.5006

G1X105.9723Y-50.4032

G1X107.4460Y-51.1255

G1X108.9421Y-51.6445

G1X110.3725Y-51.9339

G1X111.8029Y-52.0252

G1X113.2333Y-51.9297

G1X114.6637Y-51.6646

G1X116.1744Y-51.2239

G1X117.6923Y-50.6426

G1X120.5385Y-49.2837

G1X126.6927Y-45.9096

G1X129.6464Y-44.4008

G1X132.7773Y-43.0173

G1X135.8132Y-41.9238

G1X139.1849Y-40.9942

G1X142.6587Y-40.3158

G1X146.5412Y-39.8317

G1X150.7303Y-39.5594

G1X156.5540Y-39.5130

G1X162.0713Y-39.8081

G1X166.9755Y-40.4189

G1X169.2233Y-40.8386

G1X171.4711Y-41.3612

G1X175.2807Y-42.5044

G1X179.0756Y-43.9731

G1X182.5859Y-45.5879

G1X189.7963Y-49.2032

G1X192.9272Y-50.5703

G1X194.6641Y-51.1802

G1X196.1966Y-51.5987

G1X197.6271Y-51.8690

G1X199.0574Y-52.0085

G1X200.7944Y-51.9854

G1X202.5313Y-51.7387

G1X204.2171Y-51.2817

G1X206.0197Y-50.5638

G1X207.7148Y-49.6922

G1X209.4858Y-48.6098

G1X216.1712Y-43.8487

G1X218.8719Y-42.1576

G1X220.4405Y-41.3729

G1X221.8636Y-40.8219

G1X223.2721Y-40.4457

G1X224.6004Y-40.2548

G1X225.9286Y-40.2266

G1X227.3590Y-40.3755

G1X228.7894Y-40.7010

G1X230.3074Y-41.2213

G1X231.7305Y-41.8501

G1X233.3054Y-42.6731

G1X240.0351Y-46.7567

G1X243.0204Y-48.3346

G1X244.7282Y-49.0600

G1X246.3629Y-49.6108

G1X247.9976Y-50.0131

G1X249.6324Y-50.2666

G1X251.3693Y-50.3796

G1X253.1062Y-50.3449

G1X254.9453Y-50.1671

G1X256.8866Y-49.8507

G1X260.3604Y-49.0507

G1X269.3515Y-46.6067

G1X273.9493Y-45.5858

G1 Z0F20000


G00 X0.0000 Y0.0000


