$H
G21
G17
G90
G1 Z0F20000
G1 F15000

(Start Layer)

(Start Block)


G1X22.9136Y-380.0967
G1Z5F20000
(Plotting speed under)
G1 F4000


G1X25.0720Y-378.4026

G1X26.8153Y-377.1999

G1X28.5111Y-376.2191

G1X30.2189Y-375.4425

G1X31.9047Y-374.8948

G1X33.6416Y-374.5616

G1X35.3785Y-374.4632

G1X37.1155Y-374.5976

G1X38.6480Y-374.9076

G1X40.1806Y-375.3940

G1X41.6986Y-376.0448

G1X43.2798Y-376.8922

G1X46.0746Y-378.7559

G1X51.7196Y-383.1192

G1X53.0201Y-383.9823

G1X54.0321Y-384.5412

G1X55.1998Y-385.0244

G1X56.2215Y-385.2718

G1X57.2432Y-385.3257

G1X58.2650Y-385.1576

G1X59.3071Y-384.7382

G1X60.2603Y-384.1239

G1X61.2760Y-383.2192

G1X62.2292Y-382.1399

G1X63.2802Y-380.7099

G1X64.4463Y-378.8648

G1X68.7375Y-371.0143

G1X70.3834Y-368.3842

G1X71.3590Y-367.1698

G1X72.2352Y-366.3642

G1X73.1207Y-365.8677

G1X73.8972Y-365.7304

G1X74.6124Y-365.8539

G1X75.3787Y-366.2659

G1X76.1636Y-366.9733

G1X76.8881Y-367.8807

G1X77.7154Y-369.1676

G1X78.6993Y-371.0079

G1X82.0199Y-378.1805

G1X83.3747Y-380.6898

G1X84.0860Y-381.7226

G1X84.8977Y-382.5947

G1X85.5448Y-383.0196

G1X86.2600Y-383.1954

G1X86.8347Y-383.1057

G1X87.4988Y-382.7376

G1X88.1176Y-382.1647

G1X88.7214Y-381.3859

G1X90.0579Y-379.0628

G1X93.0527Y-372.4804

G1X94.2937Y-370.1181

G1X94.9876Y-369.0987

G1X95.6867Y-368.3262

G1X96.3458Y-367.8921

G1X96.9150Y-367.7447

G1X97.4716Y-367.8123

G1X98.0029Y-368.0797

G1X98.6227Y-368.6101

G1X99.1425Y-369.2357

G1X100.3779Y-371.2494

G1X103.2944Y-377.2702

G1X104.3977Y-379.2068

G1X105.0329Y-380.0922

G1X105.6790Y-380.7480

G1X106.2601Y-381.1343

G1X106.8986Y-381.3055

G1X107.4095Y-381.2507

G1X107.9941Y-380.9966

G1X108.5107Y-380.6042

G1X109.0272Y-380.0560

G1X109.8616Y-378.8113

G1X112.1707Y-374.5524

G1X114.2728Y-371.3049

G1X114.9522Y-370.5091

G1X115.5772Y-369.9637

G1X116.1963Y-369.6323

G1X116.8093Y-369.5077

G1X117.3951Y-369.5744

G1X118.0149Y-369.8502

G1X118.6161Y-370.2843

G1X119.2453Y-370.9158

G1X120.3942Y-372.3987

G1X123.3761Y-376.9291

G1X124.6281Y-378.4302

G1X125.1874Y-378.9326

G1X125.8072Y-379.3395

G1X126.3385Y-379.5644

G1X126.9243Y-379.6652

G1X127.5373Y-379.6115

G1X128.1095Y-379.4270

G1X128.6408Y-379.1399

G1X129.2385Y-378.6770

G1X129.9690Y-377.8714

G1X132.0382Y-375.2578

G1X134.2054Y-372.8535

G1X135.0661Y-372.0523

G1X135.6472Y-371.6248

G1X136.2876Y-371.2861

G1X136.8568Y-371.0972

G1X137.4480Y-371.0226

G1X138.0610Y-371.0757

G1X138.7353Y-371.2742

G1X139.3552Y-371.5886

G1X140.1104Y-372.1032

G1X141.3359Y-373.2018

G1X144.2991Y-376.2707

G1X145.6421Y-377.3796

G1X146.8477Y-378.0254

G1X147.4608Y-378.2036

G1X148.0738Y-378.2726

G1X149.1904Y-378.1252

G1X150.4237Y-377.5842

G1X151.8301Y-376.5976

G1X154.3303Y-374.4357

G1X155.8252Y-373.3047

G1X157.2692Y-372.5673

G1X157.9845Y-372.3703

G1X158.6997Y-372.2946

G1X159.8163Y-372.4169

G1X161.0496Y-372.8642

G1X162.4608Y-373.6794

G1X164.9513Y-375.4361

G1X166.3625Y-376.3022

G1X167.7929Y-376.8984

G1X169.2233Y-377.1242

G1X170.3472Y-377.0276

G1X171.4711Y-376.7113

G1X172.8139Y-376.1144

G1X175.4831Y-374.6413

G1X176.8935Y-373.9648

G1X178.3166Y-373.5018

G1X179.7470Y-373.3207

G1X181.0752Y-373.4164

G1X182.3962Y-373.7310

G1X186.5706Y-375.3684

G1X188.0229Y-375.8426

G1X189.3511Y-376.1199

G1X190.5772Y-376.2205

G1X191.9054Y-376.1622

G1X193.3358Y-375.9334

G1X197.8314Y-374.7308

G1X199.4661Y-374.3738

G1X200.8965Y-374.1765

G1X202.4291Y-374.0991

G1X205.2899Y-374.2861

G1X212.2376Y-375.3348

G1X215.7114Y-375.5579

G1X219.4918Y-375.4837

G1X227.2568Y-374.9709

G1X231.5480Y-374.7734

G1X243.6043Y-374.6358

G1X257.9083Y-374.7375

G1X262.5060Y-374.9456

G1X270.2711Y-375.5154

G1X272.2123Y-375.5658

G1X273.9493Y-375.5119

G1 Z0F20000

(Start Block)


G1X22.9136Y-379.7236
G1Z5F20000
(Plotting speed under)
G1 F4000


G1X25.0720Y-378.2002

G1X26.8097Y-377.0947

G1X28.5111Y-376.1720

G1X30.1240Y-375.4697

G1X31.8025Y-374.9224

G1X33.3351Y-374.6034

G1X34.9698Y-374.4653

G1X36.6046Y-374.5343

G1X38.0350Y-374.7600

G1X39.5676Y-375.1575

G1X41.0344Y-375.6848

G1X42.6473Y-376.4247

G1X45.4935Y-378.0760

G1X50.9835Y-381.7655

G1X52.1347Y-382.4360

G1X53.3680Y-383.0324

G1X54.5868Y-383.4538

G1X55.7107Y-383.6554

G1X56.8345Y-383.6431

G1X57.8271Y-383.4309

G1X58.8588Y-382.9925

G1X59.8550Y-382.3451

G1X60.8419Y-381.4818

G1X61.8750Y-380.3470

G1X62.9819Y-378.8839

G1X64.1909Y-377.0306

G1X68.5516Y-369.3602

G1X70.2469Y-366.7479

G1X71.1726Y-365.6215

G1X72.0581Y-364.7979

G1X72.9120Y-364.2860

G1X73.7951Y-364.0786

G1X74.6124Y-364.1916

G1X75.3787Y-364.5765

G1X76.1693Y-365.2449

G1X76.9916Y-366.2293

G1X77.8308Y-367.4937

G1X78.8321Y-369.2992

G1X82.2412Y-376.4500

G1X83.6403Y-378.9829

G1X84.4317Y-380.0944

G1X85.1307Y-380.8458

G1X85.9097Y-381.3649

G1X86.5738Y-381.5410

G1X87.2379Y-381.4488

G1X87.9020Y-381.0996

G1X88.5282Y-380.5369

G1X89.1923Y-379.7098

G1X89.8871Y-378.6253

G1X90.7391Y-377.0411

G1X93.5388Y-371.0145

G1X94.8691Y-368.5188

G1X95.6198Y-367.4219

G1X96.2983Y-366.7020

G1X96.9625Y-366.2523

G1X97.6010Y-366.0893

G1X98.2140Y-366.1822

G1X98.7703Y-366.4669

G1X99.3606Y-366.9874

G1X99.9510Y-367.6919

G1X101.3708Y-370.0382

G1X103.8028Y-375.0018

G1X105.1617Y-377.4246

G1X105.8616Y-378.3806

G1X106.5257Y-379.0678

G1X107.1614Y-379.4776

G1X107.8255Y-379.6540

G1X108.2999Y-379.6144

G1X108.7742Y-379.4387

G1X109.3150Y-379.0700

G1X109.7799Y-378.6005

G1X110.7191Y-377.2792

G1X112.4363Y-374.1238

G1X114.2848Y-371.2281

G1X115.4067Y-369.6165

G1X116.0558Y-368.8681

G1X116.7199Y-368.3062

G1X117.3201Y-367.9863

G1X117.9332Y-367.8562

G1X118.4440Y-367.8917

G1X118.9890Y-368.0764

G1X119.5202Y-368.3977

G1X120.1541Y-368.9288

G1X121.4337Y-370.4463

G1X124.4025Y-374.8622

G1X125.6301Y-376.4114

G1X126.3680Y-377.1330

G1X127.0469Y-377.6104

G1X127.6667Y-377.8923

G1X128.3547Y-378.0123

G1X129.3492Y-377.8485

G1X130.3232Y-377.3257

G1X130.8166Y-376.8380

G1X132.1082Y-375.1814

G1X135.3938Y-371.5529

G1X136.2039Y-370.7530

G1X136.9071Y-370.1693

G1X137.6158Y-369.7397

G1X138.2799Y-369.4794

G1X138.9805Y-369.3713

G1X140.0825Y-369.5319

G1X141.2922Y-370.1438

G1X142.6757Y-371.2815

G1X145.7011Y-374.3935

G1X146.9371Y-375.4738

G1X147.6013Y-375.9334

G1X148.3365Y-376.3086

G1X149.0007Y-376.5268

G1X149.7086Y-376.6174

G1X150.8032Y-376.4827

G1X152.0176Y-375.9675

G1X153.3146Y-375.0812

G1X156.3617Y-372.4709

G1X157.5962Y-371.5733

G1X158.9624Y-370.8965

G1X159.6265Y-370.7154

G1X160.3344Y-370.6420

G1X161.3561Y-370.7426

G1X162.5549Y-371.1533

G1X163.9551Y-371.9451

G1X166.7167Y-373.8931

G1X167.9754Y-374.6605

G1X169.4277Y-375.2612

G1X170.7559Y-375.4692

G1X171.9820Y-375.3582

G1X173.2883Y-374.9540

G1X174.5976Y-374.3311

G1X177.5576Y-372.6931

G1X178.8859Y-372.1179

G1X180.0535Y-371.7932

G1X181.2796Y-371.6661

G1X182.5057Y-371.7599

G1X183.8193Y-372.0737

G1X187.9937Y-373.7267

G1X189.4533Y-374.2035

G1X190.6794Y-374.4610

G1X191.9054Y-374.5663

G1X193.1315Y-374.5201

G1X194.5619Y-374.3007

G1X199.1596Y-373.0664

G1X200.6922Y-372.7286

G1X202.2248Y-372.5165

G1X203.6552Y-372.4456

G1X206.5160Y-372.6317

G1X213.4636Y-373.6840

G1X216.9375Y-373.9048

G1X220.6157Y-373.8339

G1X228.3807Y-373.3271

G1X232.6719Y-373.1300

G1X244.5238Y-372.9874

G1X257.7039Y-373.0934

G1X262.3017Y-373.2995

G1X270.1689Y-373.8651

G1X272.2123Y-373.9116

G1X273.9493Y-373.8493

G1 Z0F20000

(Start Block)


G1X22.9136Y-379.2978
G1Z5F20000
(Plotting speed under)
G1 F4000


G1X26.8983Y-376.9669

G1X29.0804Y-375.9055

G1X30.4086Y-375.3645

G1X31.9047Y-374.8952

G1X33.3351Y-374.6034

G1X34.7655Y-374.4712

G1X36.1959Y-374.4975

G1X37.5241Y-374.6628

G1X38.9545Y-374.9802

G1X40.2755Y-375.3937

G1X41.7934Y-376.0065

G1X44.6080Y-377.3642

G1X50.2372Y-380.5268

G1X52.5433Y-381.5305

G1X53.7694Y-381.8684

G1X54.8933Y-382.0151

G1X56.0172Y-381.9753

G1X57.1411Y-381.7210

G1X58.2066Y-381.2620

G1X59.2739Y-380.5774

G1X60.3138Y-379.6887

G1X61.3624Y-378.5720

G1X62.5708Y-377.0281

G1X63.7567Y-375.2800

G1X68.0734Y-368.0074

G1X70.0341Y-365.0852

G1X70.9643Y-363.9934

G1X71.9019Y-363.1485

G1X72.8171Y-362.6245

G1X73.6929Y-362.4255

G1X74.5103Y-362.5227

G1X75.3344Y-362.9089

G1X76.1756Y-363.5923

G1X77.0390Y-364.5921

G1X77.9023Y-365.8528

G1X78.8825Y-367.5554

G1X82.4092Y-374.7119

G1X83.8590Y-377.2708

G1X84.6763Y-378.3989

G1X85.4290Y-379.1844

G1X86.2259Y-379.7089

G1X86.9752Y-379.8879

G1X87.5882Y-379.8011

G1X88.2313Y-379.4876

G1X88.9345Y-378.8804

G1X89.6019Y-378.0839

G1X91.0656Y-375.6646

G1X94.2396Y-369.0471

G1X95.5413Y-366.7227

G1X96.2614Y-365.7334

G1X96.9993Y-364.9798

G1X97.7032Y-364.5605

G1X98.3162Y-364.4336

G1X98.8884Y-364.5239

G1X99.4197Y-364.7913

G1X100.0142Y-365.2740

G1X100.5835Y-365.9239

G1X101.8695Y-367.9138

G1X104.8844Y-373.8402

G1X106.0940Y-375.8791

G1X106.7484Y-376.7411

G1X107.4516Y-377.4385

G1X108.1247Y-377.8502

G1X108.7377Y-377.9963

G1X109.2486Y-377.9558

G1X109.7799Y-377.7744

G1X110.5768Y-377.1598

G1X114.0634Y-371.5830

G1X115.5432Y-369.3176

G1X116.5222Y-367.9778

G1X117.1547Y-367.2510

G1X117.8821Y-366.6505

G1X118.5462Y-366.3131

G1X119.1592Y-366.2002

G1X119.7723Y-366.2671

G1X120.4057Y-366.5255

G1X121.1141Y-367.0240

G1X121.7619Y-367.6475

G1X122.9535Y-369.1247

G1X126.0326Y-373.5963

G1X127.4011Y-375.1631

G1X128.0209Y-375.6798

G1X128.6408Y-376.0584

G1X129.1721Y-376.2651

G1X129.7851Y-376.3657

G1X130.2960Y-376.3308

G1X130.7659Y-376.1882

G1X131.2972Y-375.9008

G1X131.8984Y-375.4410

G1X136.7220Y-370.1310

G1X138.2353Y-368.6983

G1X139.4184Y-367.9830

G1X140.0023Y-367.7932

G1X140.6153Y-367.7168

G1X141.6954Y-367.8815

G1X142.9525Y-368.5191

G1X144.2254Y-369.5533

G1X147.3246Y-372.7194

G1X148.5974Y-373.8285

G1X149.2853Y-374.2943

G1X150.0443Y-374.6776

G1X150.7303Y-374.8876

G1X151.3433Y-374.9632

G1X152.4672Y-374.8260

G1X153.6115Y-374.3489

G1X154.9065Y-373.4779

G1X158.0025Y-370.8221

G1X159.2786Y-369.8939

G1X160.6701Y-369.2181

G1X161.9691Y-368.9882

G1X162.9909Y-369.0924

G1X164.1804Y-369.5038

G1X165.4770Y-370.2351

G1X168.4379Y-372.3316

G1X169.5882Y-373.0258

G1X170.9602Y-373.5979

G1X172.2885Y-373.8144

G1X173.3102Y-373.7445

G1X174.5217Y-373.4161

G1X175.8373Y-372.8246

G1X178.6012Y-371.2730

G1X179.9295Y-370.6328

G1X181.3818Y-370.1681

G1X182.7100Y-370.0131

G1X183.9361Y-370.1045

G1X185.2424Y-370.4182

G1X189.4168Y-372.0860

G1X190.7815Y-372.5369

G1X192.0076Y-372.8018

G1X193.2337Y-372.9120

G1X194.4597Y-372.8678

G1X195.8901Y-372.6475

G1X200.4878Y-371.4042

G1X202.0204Y-371.0668

G1X203.4508Y-370.8673

G1X204.8812Y-370.7924

G1X207.7420Y-370.9752

G1X214.6897Y-372.0300

G1X218.1635Y-372.2510

G1X221.8417Y-372.1815

G1X229.6068Y-371.6823

G1X233.7958Y-371.4911

G1X245.2390Y-371.3433

G1X257.4996Y-371.4537

G1X262.0973Y-371.6586

G1X269.9645Y-372.2125

G1X272.1102Y-372.2573

G1X273.9493Y-372.1833

G1 Z0F20000

(Start Block)


G1X22.9136Y-378.7400
G1Z5F20000
(Plotting speed under)
G1 F4000


G1X26.8983Y-376.8381

G1X30.8830Y-375.2004

G1X32.1090Y-374.8434

G1X33.2329Y-374.6189

G1X34.4590Y-374.4862

G1X35.6850Y-374.4700

G1X37.9328Y-374.7391

G1X40.1806Y-375.3599

G1X43.9755Y-376.8880

G1X49.0987Y-379.1923

G1X51.5216Y-380.0273

G1X52.8499Y-380.2932

G1X54.0759Y-380.3698

G1X55.3020Y-380.2503

G1X56.4040Y-379.9511

G1X57.7132Y-379.3343

G1X58.9321Y-378.4883

G1X60.1705Y-377.3545

G1X61.4926Y-375.8488

G1X63.7013Y-372.7472

G1X68.3044Y-365.3655

G1X69.2862Y-363.9731

G1X70.2650Y-362.7753

G1X71.1450Y-361.9046

G1X71.9751Y-361.2869

G1X72.8171Y-360.8994

G1X73.5907Y-360.7690

G1X74.4081Y-360.8787

G1X75.2957Y-361.2947

G1X76.1756Y-362.0051

G1X77.0390Y-362.9835

G1X77.9245Y-364.2382

G1X78.9365Y-365.9386

G1X82.5008Y-372.9286

G1X84.0122Y-375.5293

G1X84.8977Y-376.7294

G1X85.6725Y-377.5130

G1X86.5027Y-378.0516

G1X87.2817Y-378.2334

G1X87.8947Y-378.1574

G1X88.5780Y-377.8358

G1X89.3251Y-377.2160

G1X89.9576Y-376.4796

G1X90.7518Y-375.3222

G1X91.5388Y-373.9448

G1X94.5495Y-367.8389

G1X95.9663Y-365.3018

G1X96.7885Y-364.1569

G1X97.4716Y-363.4495

G1X98.1800Y-362.9731

G1X98.9293Y-362.7809

G1X99.5423Y-362.8680

G1X100.1072Y-363.1333

G1X100.6542Y-363.5669

G1X101.3370Y-364.3110

G1X102.7497Y-366.4789

G1X105.7237Y-372.1847

G1X106.9716Y-374.2340

G1X107.7306Y-375.2019

G1X108.4185Y-375.8302

G1X109.0826Y-376.2128

G1X109.7594Y-376.3540

G1X110.2703Y-376.2930

G1X110.8112Y-376.0482

G1X111.3581Y-375.6100

G1X111.9051Y-375.0050

G1X116.5250Y-367.8729

G1X118.0149Y-365.9189

G1X118.6348Y-365.3154

G1X119.2546Y-364.8828

G1X119.7859Y-364.6472

G1X120.3853Y-364.5455

G1X120.9983Y-364.6125

G1X121.5568Y-364.8191

G1X122.7406Y-365.6851

G1X124.1007Y-367.2494

G1X127.1193Y-371.5462

G1X128.3604Y-373.0531

G1X129.0983Y-373.7585

G1X129.7919Y-374.2493

G1X130.5003Y-374.5748

G1X131.2155Y-374.7066

G1X131.7263Y-374.6793

G1X132.3029Y-374.5289

G1X132.7773Y-374.3060

G1X133.2966Y-373.9280

G1X137.7007Y-369.1079

G1X139.7241Y-367.1272

G1X140.4178Y-366.6422

G1X141.0376Y-366.3237

G1X141.6370Y-366.1359

G1X142.2500Y-366.0616

G1X142.7609Y-366.0939

G1X143.3739Y-366.2455

G1X144.5796Y-366.8606

G1X145.8921Y-367.9224

G1X148.8742Y-370.9593

G1X150.1894Y-372.1221

G1X151.5749Y-372.9682

G1X152.2628Y-373.2027

G1X152.9780Y-373.3095

G1X154.1019Y-373.1804

G1X155.2623Y-372.6998

G1X156.5668Y-371.8211

G1X159.5651Y-369.2395

G1X160.8836Y-368.2637

G1X162.2830Y-367.5716

G1X162.9909Y-367.3924

G1X163.6039Y-367.3333

G1X164.7278Y-367.4666

G1X165.7933Y-367.8520

G1X166.9824Y-368.5190

G1X169.9322Y-370.6208

G1X171.1442Y-371.3656

G1X172.5293Y-371.9480

G1X173.8211Y-372.1602

G1X174.8428Y-372.0910

G1X176.0397Y-371.7655

G1X177.2540Y-371.2221

G1X180.2141Y-369.5520

G1X181.4475Y-368.9620

G1X182.8122Y-368.5218

G1X184.1404Y-368.3600

G1X185.2643Y-368.4337

G1X186.3809Y-368.6784

G1X187.7091Y-369.1367

G1X191.7011Y-370.7472

G1X193.1315Y-371.1074

G1X194.5619Y-371.2576

G1X195.7880Y-371.2160

G1X197.2184Y-370.9957

G1X201.7139Y-369.7712

G1X203.3486Y-369.4074

G1X204.7791Y-369.2099

G1X206.2095Y-369.1384

G1X209.0703Y-369.3288

G1X215.9158Y-370.3722

G1X219.3896Y-370.5964

G1X223.0678Y-370.5316

G1X235.0219Y-369.8537

G1X245.7499Y-369.7050

G1X257.0909Y-369.8131

G1X261.7908Y-370.0173

G1X269.8624Y-370.5664

G1X272.0080Y-370.6021

G1X273.9493Y-370.5132

G1 Z0F20000

(Start Block)


G1X22.9136Y-377.9636
G1Z5F20000
(Plotting speed under)
G1 F4000


G1X31.5982Y-374.9792

G1X33.4373Y-374.5887

G1X35.2764Y-374.4625

G1X37.1155Y-374.5983

G1X38.9545Y-374.9804

G1X47.6391Y-377.8403

G1X50.2956Y-378.5163

G1X51.7260Y-378.6956

G1X53.0542Y-378.6941

G1X54.2803Y-378.5171

G1X55.4552Y-378.1648

G1X56.8277Y-377.5018

G1X58.1117Y-376.6185

G1X59.3661Y-375.5041

G1X60.7017Y-374.0520

G1X63.0492Y-370.9269

G1X67.8424Y-363.6399

G1X68.9589Y-362.1531

G1X69.8444Y-361.1338

G1X70.7299Y-360.2869

G1X71.6154Y-359.6505

G1X72.4668Y-359.2646

G1X73.2842Y-359.1155

G1X74.2037Y-359.2303

G1X75.0467Y-359.6003

G1X75.9598Y-360.2878

G1X76.9062Y-361.3010

G1X77.8138Y-362.5281

G1X78.8961Y-364.2720

G1X82.5417Y-371.1575

G1X84.2020Y-373.9151

G1X85.0875Y-375.0737

G1X85.9216Y-375.8838

G1X86.6687Y-376.3603

G1X87.4860Y-376.5770

G1X88.1740Y-376.5090

G1X88.8824Y-376.1919

G1X89.6048Y-375.6277

G1X90.3737Y-374.7621

G1X91.1315Y-373.6887

G1X92.0765Y-372.0846

G1X95.3022Y-365.7396

G1X96.6593Y-363.4495

G1X97.3726Y-362.5048

G1X98.1540Y-361.7300

G1X98.8271Y-361.3103

G1X99.5423Y-361.1292

G1X100.1281Y-361.1878

G1X100.7479Y-361.4589

G1X101.4120Y-361.9620

G1X102.0097Y-362.6067

G1X102.7137Y-363.5485

G1X103.4044Y-364.6549

G1X106.4498Y-370.3308

G1X107.8097Y-372.5317

G1X108.5495Y-373.4549

G1X109.2486Y-374.1139

G1X110.0076Y-374.5514

G1X110.6717Y-374.6954

G1X111.2409Y-374.6468

G1X111.7153Y-374.4651

G1X112.1847Y-374.1241

G1X112.7439Y-373.5121

G1X113.4547Y-372.5684

G1X115.2545Y-369.7700

G1X117.9425Y-365.8426

G1X119.1754Y-364.2942

G1X119.8045Y-363.6874

G1X120.4057Y-363.2682

G1X121.0256Y-362.9922

G1X121.6113Y-362.8920

G1X122.2244Y-362.9498

G1X122.7966Y-363.1456

G1X123.3279Y-363.4544

G1X123.9990Y-363.9841

G1X125.4289Y-365.5762

G1X128.5396Y-369.9030

G1X129.8711Y-371.4743

G1X130.5889Y-372.1312

G1X131.3858Y-372.6665

G1X132.0329Y-372.9353

G1X132.7481Y-373.0517

G1X133.8209Y-372.8996

G1X134.6248Y-372.4519

G1X138.1900Y-368.6037

G1X140.6096Y-366.1282

G1X141.3752Y-365.4516

G1X142.0393Y-364.9889

G1X142.6587Y-364.6760

G1X143.2717Y-364.4822

G1X143.8848Y-364.4073

G1X144.4978Y-364.4568

G1X145.1108Y-364.6201

G1X146.2620Y-365.2243

G1X147.7673Y-366.4661

G1X150.3538Y-369.1150

G1X151.8405Y-370.4486

G1X152.6375Y-370.9977

G1X153.2846Y-371.3283

G1X153.9998Y-371.5655

G1X154.7149Y-371.6578

G1X155.8315Y-371.5127

G1X157.0649Y-370.9717

G1X158.4713Y-369.9782

G1X160.9715Y-367.7909

G1X162.3778Y-366.7081

G1X163.8082Y-365.9575

G1X164.5234Y-365.7560

G1X165.2386Y-365.6794

G1X166.3625Y-365.8156

G1X167.5010Y-366.2460

G1X168.7533Y-366.9805

G1X171.4264Y-368.9113

G1X172.7381Y-369.7286

G1X174.0473Y-370.2844

G1X175.3537Y-370.5066

G1X176.3754Y-370.4365

G1X177.5576Y-370.1123

G1X178.7594Y-369.5709

G1X181.6815Y-367.9066

G1X182.8705Y-367.3291

G1X184.2426Y-366.8750

G1X185.5708Y-366.7070

G1X186.6947Y-366.7791

G1X188.0229Y-367.0881

G1X192.1682Y-368.7670

G1X193.5402Y-369.2293

G1X194.7662Y-369.4972

G1X195.9923Y-369.6054

G1X197.2184Y-369.5550

G1X198.6488Y-369.3241

G1X203.0421Y-368.1153

G1X204.5747Y-367.7696

G1X206.0051Y-367.5641

G1X207.4355Y-367.4856

G1X208.8659Y-367.5271

G1X210.3985Y-367.6795

G1X217.2440Y-368.7216

G1X220.7178Y-368.9428

G1X224.3960Y-368.8797

G1X236.1458Y-368.2256

G1X246.2607Y-368.0738

G1X253.0041Y-368.1052

G1X258.1126Y-368.2240

G1X270.1689Y-368.9344

G1X272.1102Y-368.9414

G1X273.9493Y-368.8383

G1 Z0F20000

(Start Block)


G1X22.9136Y-376.8802
G1Z5F20000
(Plotting speed under)
G1 F4000


G1X30.8830Y-375.1749

G1X32.7221Y-374.7106

G1X33.8459Y-374.5379

G1X35.0720Y-374.4635

G1X36.2981Y-374.5055

G1X37.6263Y-374.6810

G1X46.2087Y-376.5623

G1X48.8652Y-376.9852

G1X50.3978Y-377.0637

G1X51.7260Y-376.9876

G1X53.0542Y-376.7457

G1X54.2219Y-376.3736

G1X55.6766Y-375.6765

G1X57.0325Y-374.7745

G1X58.3852Y-373.6243

G1X59.7545Y-372.2107

G1X62.1568Y-369.2022

G1X67.2512Y-361.9184

G1X69.2618Y-359.5261

G1X70.2611Y-358.6174

G1X71.2043Y-357.9812

G1X72.0581Y-357.6121

G1X72.9777Y-357.4607

G1X73.8607Y-357.5693

G1X74.7976Y-357.9618

G1X75.7108Y-358.6222

G1X76.7070Y-359.6375

G1X77.7176Y-360.9529

G1X78.8015Y-362.6360

G1X82.6348Y-369.5843

G1X84.3917Y-372.3690

G1X85.2772Y-373.4664

G1X86.1999Y-374.3079

G1X86.9752Y-374.7471

G1X87.7926Y-374.9284

G1X88.4713Y-374.8446

G1X89.2302Y-374.5036

G1X89.9893Y-373.9050

G1X90.7689Y-373.0466

G1X91.5196Y-371.9996

G1X92.3751Y-370.6094

G1X95.6817Y-364.3166

G1X97.1351Y-361.9025

G1X97.9586Y-360.8401

G1X98.6227Y-360.1822

G1X99.4197Y-359.6695

G1X100.1553Y-359.4764

G1X100.7683Y-359.5315

G1X101.4355Y-359.8040

G1X102.0605Y-360.2659

G1X102.7886Y-361.0163

G1X104.2422Y-363.1181

G1X107.4606Y-368.9492

G1X108.7656Y-370.9619

G1X109.4830Y-371.8214

G1X110.2643Y-372.5198

G1X110.8833Y-372.8663

G1X111.5985Y-373.0370

G1X112.1897Y-372.9952

G1X112.6640Y-372.8488

G1X113.1384Y-372.5681

G1X113.6128Y-372.1060

G1X119.2707Y-364.0059

G1X120.3910Y-362.6433

G1X121.0551Y-362.0226

G1X121.6770Y-361.6042

G1X122.3412Y-361.3255

G1X122.9396Y-361.2368

G1X123.6548Y-361.3274

G1X124.3019Y-361.5862

G1X125.0103Y-362.0549

G1X125.7466Y-362.7142

G1X127.0216Y-364.1935

G1X130.2473Y-368.5778

G1X131.6887Y-370.1466

G1X132.3598Y-370.6835

G1X132.9797Y-371.0577

G1X133.6676Y-371.3118

G1X134.2806Y-371.3991

G1X135.3024Y-371.2729

G1X136.0346Y-370.8683

G1X142.1048Y-364.6070

G1X143.0355Y-363.7848

G1X144.2570Y-363.0465

G1X144.9211Y-362.8290

G1X145.5195Y-362.7555

G1X146.1325Y-362.7977

G1X146.7237Y-362.9462

G1X147.9333Y-363.5650

G1X149.3169Y-364.6883

G1X152.3423Y-367.7589

G1X153.5783Y-368.8367

G1X154.2424Y-369.2991

G1X154.9777Y-369.6797

G1X155.6418Y-369.9043

G1X156.3497Y-370.0017

G1X157.4444Y-369.8753

G1X158.6588Y-369.3630

G1X160.0339Y-368.4070

G1X162.9247Y-365.8847

G1X164.1488Y-364.9715

G1X165.4430Y-364.3042

G1X166.1582Y-364.0996

G1X166.7712Y-364.0291

G1X167.8805Y-364.1378

G1X169.1075Y-364.5901

G1X170.4302Y-365.3784

G1X172.9207Y-367.2018

G1X174.2434Y-368.0440

G1X175.5653Y-368.6212

G1X176.8862Y-368.8535

G1X178.0101Y-368.7635

G1X179.0756Y-368.4578

G1X180.2141Y-367.9443

G1X183.1868Y-366.2394

G1X184.3885Y-365.6553

G1X185.7751Y-365.2046

G1X187.0012Y-365.0539

G1X188.0229Y-365.1097

G1X189.1468Y-365.3438

G1X190.4604Y-365.7939

G1X194.4597Y-367.4335

G1X195.8901Y-367.8003

G1X197.3205Y-367.9507

G1X198.5466Y-367.9050

G1X199.9770Y-367.6765

G1X204.3704Y-366.4636

G1X205.9029Y-366.1163

G1X207.3334Y-365.9102

G1X208.7637Y-365.8318

G1X210.1941Y-365.8739

G1X211.7267Y-366.0268

G1X218.5722Y-367.0664

G1X222.0461Y-367.2883

G1X225.8264Y-367.2261

G1X237.3718Y-366.6006

G1X246.6694Y-366.4516

G1X252.7997Y-366.4810

G1X257.8061Y-366.5985

G1X269.8624Y-367.2827

G1X272.0080Y-367.2815

G1X273.9493Y-367.1575

G1 Z0F20000

(Start Block)


G1X22.9136Y-375.4083
G1Z5F20000
(Plotting speed under)
G1 F4000


G1X25.5701Y-375.2714

G1X31.9047Y-374.5313

G1X35.1742Y-374.3909

G1X38.8524Y-374.5626

G1X45.6979Y-375.3244

G1X48.2521Y-375.4012

G1X50.6021Y-375.1534

G1X51.7260Y-374.8841

G1X52.7988Y-374.5179

G1X54.3484Y-373.7802

G1X55.7873Y-372.8546

G1X57.2132Y-371.6994

G1X58.7020Y-370.2445

G1X60.0376Y-368.7403

G1X61.3690Y-367.0838

G1X66.4922Y-360.2168

G1X67.6749Y-358.8189

G1X68.6638Y-357.8020

G1X69.6673Y-356.9490

G1X70.6413Y-356.3254

G1X71.5837Y-355.9463

G1X72.4668Y-355.8091

G1X73.4812Y-355.9259

G1X74.4300Y-356.3126

G1X75.4178Y-356.9981

G1X76.4413Y-357.9989

G1X77.5443Y-359.3804

G1X78.6993Y-361.1106

G1X82.6329Y-367.9460

G1X84.4550Y-370.7159

G1X85.3404Y-371.7732

G1X86.2780Y-372.6124

G1X87.1431Y-373.0932

G1X87.9969Y-373.2750

G1X88.7121Y-373.1871

G1X89.4814Y-372.8547

G1X90.2627Y-372.2620

G1X91.0329Y-371.4541

G1X91.9183Y-370.2672

G1X92.7254Y-368.9921

G1X96.2319Y-362.5699

G1X97.7373Y-360.1727

G1X98.5595Y-359.1502

G1X99.3699Y-358.4101

G1X100.1553Y-357.9682

G1X100.8705Y-357.8198

G1X101.4690Y-357.8841

G1X102.1331Y-358.1616

G1X102.8172Y-358.6519

G1X103.5162Y-359.3689

G1X104.2244Y-360.2692

G1X105.0907Y-361.5937

G1X108.2391Y-367.1295

G1X109.6471Y-369.2618

G1X110.3776Y-370.1312

G1X111.1579Y-370.8170

G1X111.9051Y-371.2322

G1X112.6202Y-371.3837

G1X113.1311Y-371.3497

G1X113.7646Y-371.1596

G1X114.2959Y-370.8532

G1X114.7426Y-370.4410

G1X118.9688Y-364.4476

G1X120.8404Y-361.9078

G1X121.6454Y-360.9906

G1X122.3095Y-360.3855

G1X123.0053Y-359.9313

G1X123.6694Y-359.6670

G1X124.2678Y-359.5830

G1X124.8809Y-359.6451

G1X125.4530Y-359.8315

G1X126.0729Y-360.1765

G1X126.7370Y-360.6809

G1X128.2233Y-362.2593

G1X131.4490Y-366.5568

G1X132.8072Y-368.1098

G1X133.5718Y-368.7897

G1X134.3190Y-369.2959

G1X135.0980Y-369.6236

G1X135.8132Y-369.7449

G1X136.7328Y-369.6635

G1X137.1414Y-369.4987

G1X137.5321Y-369.2242

G1X143.4874Y-363.2135

G1X144.7983Y-362.0583

G1X146.0596Y-361.3395

G1X147.1543Y-361.1042

G1X147.7673Y-361.1346

G1X148.3365Y-361.2698

G1X149.5936Y-361.8932

G1X150.9403Y-362.9726

G1X154.0395Y-366.1142

G1X155.3460Y-367.2454

G1X156.1162Y-367.7515

G1X156.7803Y-368.0761

G1X157.4736Y-368.2813

G1X158.0866Y-368.3504

G1X159.2105Y-368.1946

G1X160.3412Y-367.7009

G1X161.5965Y-366.8335

G1X164.6436Y-364.1679

G1X165.8312Y-363.2874

G1X167.2164Y-362.5982

G1X168.4060Y-362.3756

G1X169.4277Y-362.4704

G1X170.6128Y-362.8890

G1X171.9245Y-363.6577

G1X174.3319Y-365.4327

G1X175.7550Y-366.3619

G1X177.0906Y-366.9594

G1X178.4188Y-367.1999

G1X179.5427Y-367.1096

G1X180.5936Y-366.8031

G1X181.7321Y-366.2836

G1X184.6036Y-364.6214

G1X185.9065Y-363.9815

G1X187.3077Y-363.5349

G1X188.5338Y-363.3988

G1X189.6577Y-363.4854

G1X190.8837Y-363.7812

G1X195.0144Y-365.4774

G1X196.2988Y-365.9148

G1X197.5249Y-366.1882

G1X198.7509Y-366.2980

G1X199.9770Y-366.2457

G1X201.3052Y-366.0317

G1X205.6986Y-364.8167

G1X207.2312Y-364.4669

G1X208.6616Y-364.2586

G1X210.0920Y-364.1784

G1X211.5224Y-364.2189

G1X213.0549Y-364.3703

G1X219.9004Y-365.4064

G1X223.4765Y-365.6347

G1X227.2568Y-365.5759

G1X238.5979Y-364.9833

G1X246.9759Y-364.8402

G1X257.4996Y-364.9806

G1X269.5559Y-365.6321

G1X271.9058Y-365.6184

G1X273.9493Y-365.4700

G1 Z0F20000

(Start Block)


G1X22.9136Y-373.4824
G1Z5F20000
(Plotting speed under)
G1 F4000


G1X24.4461Y-373.6751

G1X26.1831Y-373.7533

G1X35.0720Y-373.5256

G1X42.6327Y-373.7421

G1X44.9827Y-373.7379

G1X46.7196Y-373.6240

G1X48.2521Y-373.4054

G1X49.6825Y-373.0734

G1X51.0910Y-372.6010

G1X52.7545Y-371.8287

G1X54.2930Y-370.8855

G1X55.8068Y-369.7315

G1X57.3738Y-368.3023

G1X58.7758Y-366.8358

G1X60.1673Y-365.2319

G1X65.5568Y-358.5264

G1X66.6753Y-357.2818

G1X67.8521Y-356.1356

G1X68.9866Y-355.2373

G1X69.9709Y-354.6579

G1X70.9342Y-354.2947

G1X71.8538Y-354.1547

G1X72.9777Y-354.2809

G1X74.0062Y-354.6909

G1X75.0271Y-355.3756

G1X76.1092Y-356.3933

G1X77.2382Y-357.7481

G1X78.3528Y-359.3314

G1X82.5777Y-366.3237

G1X84.4771Y-369.0801

G1X85.4186Y-370.1493

G1X86.3562Y-370.9520

G1X87.2379Y-371.4285

G1X88.0991Y-371.6185

G1X88.9165Y-371.5306

G1X89.6572Y-371.2270

G1X90.4873Y-370.6358

G1X91.3175Y-369.7992

G1X92.2030Y-368.6680

G1X93.1991Y-367.1411

G1X96.7837Y-360.7958

G1X98.2763Y-358.5127

G1X99.1393Y-357.4881

G1X99.8772Y-356.8198

G1X100.7100Y-356.3409

G1X101.4836Y-356.1666

G1X102.1988Y-356.2485

G1X102.8565Y-356.5223

G1X103.5206Y-356.9941

G1X104.2519Y-357.7075

G1X105.7620Y-359.7503

G1X109.0442Y-365.3449

G1X110.5191Y-367.5327

G1X111.3458Y-368.4848

G1X112.0821Y-369.1227

G1X112.8791Y-369.5656

G1X113.6420Y-369.7308

G1X114.2550Y-369.6790

G1X114.8272Y-369.4958

G1X115.3584Y-369.2180

G1X115.8897Y-368.7798

G1X119.2707Y-364.0364

G1X122.4676Y-359.8376

G1X123.3122Y-358.9916

G1X124.0489Y-358.4421

G1X124.8079Y-358.0778

G1X125.5961Y-357.9305

G1X126.3113Y-358.0009

G1X127.0469Y-358.2692

G1X127.8439Y-358.7691

G1X128.5817Y-359.4068

G1X129.9690Y-360.9523

G1X133.1568Y-365.1164

G1X134.1355Y-366.2255

G1X134.9001Y-366.9400

G1X135.5642Y-367.4404

G1X136.1927Y-367.7846

G1X136.8568Y-368.0139

G1X137.5501Y-368.1029

G1X138.0610Y-368.0696

G1X138.4697Y-367.9500

G1X139.3828Y-367.3238

G1X140.3144Y-366.4750

G1X144.5205Y-362.2032

G1X146.3609Y-360.5008

G1X147.6787Y-359.7161

G1X148.2782Y-359.5283

G1X148.8912Y-359.4480

G1X149.5042Y-359.4869

G1X150.1172Y-359.6427

G1X151.3092Y-360.2495

G1X152.6896Y-361.3639

G1X155.5891Y-364.3131

G1X156.9086Y-365.4897

G1X158.3046Y-366.3524

G1X159.0062Y-366.5924

G1X159.7214Y-366.6962

G1X160.8452Y-366.5547

G1X161.9983Y-366.0551

G1X163.2910Y-365.1541

G1X166.1281Y-362.6498

G1X167.4417Y-361.6498

G1X168.8292Y-360.9483

G1X170.0407Y-360.7207

G1X171.0624Y-360.8239

G1X172.1498Y-361.2063

G1X173.4188Y-361.9401

G1X176.2412Y-364.0212

G1X177.3679Y-364.7380

G1X178.7253Y-365.3323

G1X179.9514Y-365.5456

G1X181.0752Y-365.4560

G1X182.0970Y-365.1549

G1X183.3449Y-364.5726

G1X186.0204Y-363.0054

G1X187.3296Y-362.3494

G1X188.7381Y-361.8883

G1X189.9642Y-361.7453

G1X191.0881Y-361.8293

G1X192.3141Y-362.1254

G1X196.4375Y-363.8279

G1X197.7292Y-364.2683

G1X198.9553Y-364.5393

G1X200.0792Y-364.6426

G1X201.3052Y-364.5983

G1X202.6335Y-364.3900

G1X207.1290Y-363.1482

G1X208.6616Y-362.8025

G1X210.0920Y-362.5993

G1X211.5224Y-362.5241

G1X214.3832Y-362.7098

G1X221.3309Y-363.7521

G1X225.0090Y-363.9818

G1X228.8916Y-363.9208

G1X239.8239Y-363.3744

G1X247.3846Y-363.2403

G1X257.0909Y-363.3676

G1X269.1472Y-363.9801

G1X271.5993Y-363.9600

G1X273.9493Y-363.7745

G1 Z0F20000

(Start Block)


G1X22.9136Y-371.0631
G1Z5F20000
(Plotting speed under)
G1 F4000


G1X25.4679Y-371.6627

G1X28.4309Y-371.9776

G1X32.4156Y-372.0884

G1X39.3632Y-372.0647

G1X42.4284Y-371.9321

G1X44.9827Y-371.6465

G1X47.2304Y-371.1771

G1X49.1936Y-370.5395

G1X50.8950Y-369.7760

G1X52.5774Y-368.8042

G1X54.2100Y-367.6418

G1X55.8068Y-366.2948

G1X57.3000Y-364.8594

G1X58.8422Y-363.2249

G1X64.5781Y-356.6661

G1X65.8597Y-355.3685

G1X66.9112Y-354.4344

G1X67.9904Y-353.6322

G1X69.1360Y-352.9933

G1X70.1168Y-352.6465

G1X71.1386Y-352.5015

G1X72.2479Y-352.6120

G1X73.3864Y-353.0288

G1X74.5375Y-353.7650

G1X75.6739Y-354.7900

G1X76.8018Y-356.0742

G1X78.0063Y-357.6952

G1X82.5180Y-364.7966

G1X84.4107Y-367.4070

G1X85.4234Y-368.5058

G1X86.4196Y-369.3153

G1X87.3328Y-369.7813

G1X88.2013Y-369.9637

G1X89.0186Y-369.8901

G1X89.8564Y-369.5656

G1X90.7272Y-368.9693

G1X91.6126Y-368.1028

G1X92.4646Y-367.0572

G1X93.5223Y-365.5118

G1X97.1413Y-359.3385

G1X98.7556Y-356.9357

G1X99.6853Y-355.8515

G1X100.5321Y-355.1258

G1X101.3814Y-354.6690

G1X102.1988Y-354.5114

G1X102.8921Y-354.5971

G1X103.5562Y-354.8706

G1X104.3046Y-355.3854

G1X105.0425Y-356.1027

G1X105.8073Y-357.0263

G1X106.6984Y-358.2997

G1X110.1341Y-363.9702

G1X111.5888Y-366.0144

G1X112.4520Y-366.9427

G1X113.2333Y-367.5644

G1X113.9923Y-367.9378

G1X114.7659Y-368.0811

G1X115.3789Y-368.0206

G1X116.0558Y-367.7730

G1X116.6369Y-367.4166

G1X117.2180Y-366.8961

G1X121.2659Y-361.3767

G1X123.4797Y-358.5533

G1X124.3279Y-357.6454

G1X125.0311Y-357.0481

G1X125.6618Y-356.6554

G1X126.3259Y-356.3856

G1X127.0265Y-356.2766

G1X127.6395Y-356.3252

G1X128.3182Y-356.5335

G1X128.9823Y-356.8891

G1X129.6408Y-357.3715

G1X131.1644Y-358.9143

G1X134.3585Y-363.0045

G1X135.8913Y-364.7294

G1X136.7508Y-365.4837

G1X137.5209Y-365.9839

G1X138.2799Y-366.3047

G1X139.0827Y-366.4480

G1X139.5936Y-366.4228

G1X140.0636Y-366.2905

G1X140.5948Y-366.0197

G1X141.1961Y-365.5860

G1X144.4467Y-362.2793

G1X147.4721Y-359.3547

G1X148.1824Y-358.7685

G1X149.4020Y-358.0619

G1X150.0151Y-357.8693

G1X150.6281Y-357.7936

G1X151.2411Y-357.8375

G1X151.8469Y-357.9901

G1X153.0802Y-358.6282

G1X154.5560Y-359.8457

G1X157.3601Y-362.7147

G1X158.6422Y-363.8546

G1X159.3893Y-364.3764

G1X160.1009Y-364.7386

G1X160.7650Y-364.9560

G1X161.4583Y-365.0428

G1X162.5676Y-364.8921

G1X163.7891Y-364.3381

G1X165.1906Y-363.3148

G1X167.6126Y-361.1380

G1X168.9360Y-360.0930

G1X170.3472Y-359.3343

G1X171.0624Y-359.1337

G1X171.6755Y-359.0654

G1X172.7994Y-359.2017

G1X173.8576Y-359.6080

G1X174.9960Y-360.2810

G1X177.8185Y-362.3783

G1X178.9365Y-363.0922

G1X180.2579Y-363.6749

G1X181.4839Y-363.8911

G1X182.6078Y-363.8009

G1X183.7244Y-363.4613

G1X185.0463Y-362.8164

G1X187.4371Y-361.3923

G1X188.7527Y-360.7199

G1X190.0663Y-360.2672

G1X191.3946Y-360.0919

G1X192.4163Y-360.1566

G1X193.4380Y-360.3742

G1X194.6349Y-360.7833

G1X198.7509Y-362.4927

G1X200.1813Y-362.8544

G1X201.5096Y-362.9894

G1X202.7356Y-362.9419

G1X204.0638Y-362.7301

G1X208.4572Y-361.5127

G1X209.9898Y-361.1619

G1X211.4202Y-360.9528

G1X212.8506Y-360.8712

G1X215.7114Y-361.0451

G1X222.8635Y-362.1028

G1X226.5416Y-362.3275

G1X230.3220Y-362.2778

G1X241.1521Y-361.7712

G1X247.5890Y-361.6539

G1X256.6822Y-361.7639

G1X268.7385Y-362.3296

G1X271.3950Y-362.2940

G1X273.9493Y-362.0700

G1 Z0F20000

(Start Block)


G1X22.9136Y-368.1450
G1Z5F20000
(Plotting speed under)
G1 F4000


G1X25.2635Y-368.9794

G1X27.8178Y-369.5415

G1X30.8830Y-369.8927

G1X34.3568Y-370.0252

G1X38.1372Y-369.9421

G1X41.4067Y-369.6467

G1X44.2675Y-369.1288

G1X46.9166Y-368.3396

G1X48.7192Y-367.5865

G1X50.5408Y-366.6203

G1X52.3007Y-365.4764

G1X54.0879Y-364.1005

G1X57.2262Y-361.2133

G1X63.4246Y-354.7760

G1X64.7138Y-353.5908

G1X65.8320Y-352.6872

G1X67.0108Y-351.8955

G1X68.0734Y-351.3520

G1X69.1973Y-350.9816

G1X70.2190Y-350.8480

G1X71.4451Y-350.9621

G1X72.6273Y-351.3690

G1X73.8014Y-352.0647

G1X75.0641Y-353.1274

G1X76.2958Y-354.4522

G1X77.6125Y-356.1354

G1X82.3952Y-363.2745

G1X84.2919Y-365.7496

G1X85.2705Y-366.7721

G1X86.3366Y-367.6176

G1X87.3328Y-368.1173

G1X88.3034Y-368.3114

G1X89.2230Y-368.2144

G1X90.0841Y-367.8708

G1X90.9485Y-367.2905

G1X91.9078Y-366.3810

G1X92.7406Y-365.3913

G1X93.7526Y-363.9832

G1X97.7926Y-357.4003

G1X99.3817Y-355.1625

G1X100.2635Y-354.1923

G1X101.1230Y-353.4760

G1X101.9433Y-353.0422

G1X102.8118Y-352.8586

G1X103.5270Y-352.9309

G1X104.2013Y-353.1788

G1X104.9983Y-353.6964

G1X105.7532Y-354.3855

G1X106.6499Y-355.4320

G1X107.4006Y-356.4676

G1X111.0388Y-362.2477

G1X112.5692Y-364.3384

G1X113.3993Y-365.2177

G1X114.2294Y-365.8756

G1X114.9702Y-366.2493

G1X115.7876Y-366.4237

G1X116.4006Y-366.3905

G1X117.0136Y-366.2103

G1X117.6086Y-365.8726

G1X118.1555Y-365.4245

G1X118.8481Y-364.6665

G1X122.2147Y-360.1598

G1X125.1874Y-356.5238

G1X126.1250Y-355.6399

G1X126.8951Y-355.1082

G1X127.6541Y-354.7675

G1X128.4569Y-354.6243

G1X129.0699Y-354.6621

G1X129.7413Y-354.8509

G1X130.5003Y-355.2376

G1X131.2035Y-355.7498

G1X131.9683Y-356.4468

G1X132.8072Y-357.3608

G1X136.1453Y-361.5532

G1X137.6102Y-363.1505

G1X138.3916Y-363.8222

G1X139.1781Y-364.3289

G1X139.9001Y-364.6355

G1X140.7175Y-364.7903

G1X141.6954Y-364.6510

G1X142.6019Y-364.1596

G1X148.7266Y-358.1380

G1X150.0087Y-357.0458

G1X151.1827Y-356.3890

G1X151.7520Y-356.2142

G1X152.3650Y-356.1412

G1X153.4597Y-356.2977

G1X154.7405Y-356.9264

G1X156.1056Y-358.0256

G1X159.2048Y-361.1923

G1X160.3855Y-362.2293

G1X161.0496Y-362.6945

G1X161.8086Y-363.0889

G1X162.4800Y-363.3063

G1X163.0930Y-363.3865

G1X164.1804Y-363.2578

G1X165.3885Y-362.7307

G1X166.6750Y-361.8132

G1X169.5659Y-359.2248

G1X170.7014Y-358.3568

G1X171.9820Y-357.6796

G1X172.6972Y-357.4762

G1X173.3102Y-357.4121

G1X174.4268Y-357.5513

G1X175.4704Y-357.9616

G1X176.6342Y-358.6638

G1X179.3128Y-360.6750

G1X180.5303Y-361.4617

G1X181.9218Y-362.0579

G1X183.1187Y-362.2400

G1X184.2426Y-362.1229

G1X185.4321Y-361.7284

G1X186.5516Y-361.1662

G1X189.3220Y-359.5234

G1X190.6502Y-358.8981

G1X191.8033Y-358.5561

G1X192.9272Y-358.4366

G1X194.1532Y-358.5473

G1X195.3793Y-358.8726

G1X199.1888Y-360.4775

G1X200.5900Y-360.9645

G1X201.8161Y-361.2352

G1X202.9400Y-361.3358

G1X204.1660Y-361.2872

G1X205.4943Y-361.0742

G1X209.8876Y-359.8567

G1X211.4202Y-359.5074

G1X212.8506Y-359.2991

G1X214.2810Y-359.2176

G1X217.1418Y-359.3884

G1X224.3960Y-360.4469

G1X228.1764Y-360.6734

G1X231.5480Y-360.6437

G1X241.3565Y-360.2139

G1X247.8955Y-360.0799

G1X256.2735Y-360.1702

G1X268.3298Y-360.6796

G1X271.1906Y-360.6228

G1X273.9493Y-360.3554

G1 Z0F20000

(Start Block)


G1X22.9136Y-364.7635
G1Z5F20000
(Plotting speed under)
G1 F4000


G1X25.0957Y-365.7349

G1X27.5113Y-366.4830

G1X30.1678Y-366.9900

G1X33.0286Y-367.2511

G1X36.0937Y-367.2655

G1X39.1589Y-367.0182

G1X41.9175Y-366.5409

G1X44.5448Y-365.8115

G1X46.5371Y-365.0460

G1X48.4156Y-364.1345

G1X50.2751Y-363.0394

G1X52.1347Y-361.7504

G1X55.4162Y-359.0465

G1X61.9792Y-352.9357

G1X64.5315Y-350.9410

G1X65.7965Y-350.1764

G1X66.9495Y-349.6509

G1X68.0734Y-349.3209

G1X69.1973Y-349.1925

G1X70.5255Y-349.3232

G1X71.7735Y-349.7388

G1X73.1207Y-350.5107

G1X74.4021Y-351.5473

G1X75.6933Y-352.8657

G1X77.1181Y-354.5917

G1X82.1406Y-361.6716

G1X84.0860Y-364.0765

G1X85.1929Y-365.1678

G1X86.2536Y-365.9597

G1X87.3328Y-366.4719

G1X88.3034Y-366.6566

G1X89.2230Y-366.5777

G1X90.1790Y-366.2276

G1X91.1222Y-365.6236

G1X92.0480Y-364.7936

G1X93.0442Y-363.6622

G1X94.0947Y-362.2524

G1X98.1800Y-355.8656

G1X99.8245Y-353.6189

G1X100.8365Y-352.5353

G1X101.7219Y-351.8309

G1X102.6074Y-351.3786

G1X103.5270Y-351.2040

G1X104.3152Y-351.2974

G1X105.0741Y-351.5998

G1X105.8108Y-352.0823

G1X106.5921Y-352.7842

G1X108.2668Y-354.8342

G1X111.8497Y-360.3492

G1X113.5828Y-362.6604

G1X114.4916Y-363.5933

G1X115.3584Y-364.2441

G1X116.1963Y-364.6329

G1X117.0136Y-364.7728

G1X117.7288Y-364.7072

G1X118.3419Y-364.5009

G1X118.9369Y-364.1243

G1X119.5619Y-363.5540

G1X124.2576Y-357.6358

G1X126.1836Y-355.3415

G1X127.2188Y-354.2974

G1X127.9324Y-353.7295

G1X128.6408Y-353.3158

G1X129.2742Y-353.0788

G1X129.9894Y-352.9698

G1X130.6901Y-353.0237

G1X131.3542Y-353.2243

G1X132.0776Y-353.5918

G1X132.8247Y-354.1329

G1X133.5762Y-354.8089

G1X134.5514Y-355.8585

G1X137.9384Y-360.0582

G1X139.3552Y-361.5591

G1X140.1521Y-362.2167

G1X140.9490Y-362.7142

G1X141.7392Y-363.0184

G1X142.4544Y-363.1302

G1X143.3739Y-363.0711

G1X144.0778Y-362.6947

G1X149.4645Y-357.4440

G1X151.6739Y-355.4518

G1X152.9031Y-354.7451

G1X153.4889Y-354.5649

G1X154.1019Y-354.4870

G1X154.7149Y-354.5276

G1X155.3280Y-354.6870

G1X156.5336Y-355.3114

G1X157.8462Y-356.3811

G1X160.8399Y-359.4571

G1X162.1434Y-360.6137

G1X163.5290Y-361.4442

G1X164.2169Y-361.6593

G1X164.8299Y-361.7357

G1X165.8517Y-361.6069

G1X166.9824Y-361.1239

G1X168.2377Y-360.2444

G1X171.2066Y-357.5718

G1X172.3839Y-356.6706

G1X173.6678Y-356.0037

G1X174.3319Y-355.8192

G1X174.9449Y-355.7593

G1X175.9448Y-355.8749

G1X177.0769Y-356.3090

G1X178.3996Y-357.1301

G1X180.8071Y-358.9685

G1X182.1242Y-359.8296

G1X183.4398Y-360.3966

G1X184.6512Y-360.5867

G1X185.7751Y-360.4677

G1X186.9501Y-360.0747

G1X188.0570Y-359.5166

G1X190.8905Y-357.8292

G1X192.1682Y-357.2328

G1X193.2337Y-356.9136

G1X194.3575Y-356.7835

G1X195.5836Y-356.8857

G1X196.8097Y-357.2069

G1X200.6119Y-358.8129

G1X202.0204Y-359.3061

G1X203.2465Y-359.5795

G1X204.3704Y-359.6818

G1X205.5964Y-359.6345

G1X206.9247Y-359.4227

G1X211.3180Y-358.2080

G1X212.8506Y-357.8586

G1X214.2810Y-357.6488

G1X215.7114Y-357.5645

G1X218.5722Y-357.7269

G1X225.9286Y-358.7840

G1X229.9133Y-359.0195

G1X233.5915Y-358.9863

G1X244.1151Y-358.5860

G1X250.0411Y-358.5105

G1X256.1714Y-358.5946

G1X265.5712Y-358.9782

G1X268.6363Y-359.0274

G1X271.2928Y-358.9237

G1X273.9493Y-358.6300

G1 Z0F20000

(Start Block)


G1X22.9136Y-360.9964
G1Z5F20000
(Plotting speed under)
G1 F4000


G1X25.0957Y-362.0755

G1X27.3070Y-362.8837

G1X29.6569Y-363.4659

G1X32.1090Y-363.8114

G1X34.6633Y-363.9212

G1X37.3198Y-363.7829

G1X39.8741Y-363.4051

G1X42.3262Y-362.8006

G1X44.2602Y-362.1421

G1X46.2525Y-361.2845

G1X48.1500Y-360.2923

G1X50.0980Y-359.0967

G1X53.6192Y-356.5293

G1X60.2701Y-351.0689

G1X63.0261Y-349.1603

G1X64.2785Y-348.4859

G1X65.5191Y-347.9770

G1X66.6430Y-347.6747

G1X67.8691Y-347.5396

G1X69.2995Y-347.6620

G1X70.7299Y-348.1049

G1X72.1411Y-348.8631

G1X73.5339Y-349.9168

G1X74.9243Y-351.2483

G1X76.4223Y-352.9503

G1X81.7985Y-360.0703

G1X83.8724Y-362.4800

G1X85.1061Y-363.6083

G1X86.2259Y-364.3714

G1X87.2817Y-364.8277

G1X88.3034Y-365.0043

G1X89.3251Y-364.9062

G1X90.2739Y-364.5634

G1X91.2345Y-363.9767

G1X92.2612Y-363.0977

G1X93.3731Y-361.8808

G1X94.4483Y-360.4861

G1X98.5650Y-354.3261

G1X100.4403Y-351.8781

G1X101.3622Y-350.9325

G1X102.3584Y-350.1629

G1X103.2716Y-349.7229

G1X104.1400Y-349.5529

G1X104.9574Y-349.6245

G1X105.7066Y-349.8850

G1X106.5036Y-350.3617

G1X107.3300Y-351.0577

G1X108.2366Y-352.0259

G1X109.3063Y-353.4009

G1X112.9445Y-358.8141

G1X114.5615Y-360.9008

G1X115.5208Y-361.8705

G1X116.4210Y-362.5433

G1X117.3201Y-362.9660

G1X118.1375Y-363.1162

G1X119.3052Y-362.9632

G1X119.7796Y-362.7551

G1X120.3172Y-362.3641

G1X121.3924Y-361.2399

G1X125.5858Y-356.0555

G1X128.2128Y-353.1261

G1X129.0245Y-352.3915

G1X129.8805Y-351.8158

G1X130.7046Y-351.4614

G1X131.5220Y-351.3172

G1X132.2372Y-351.3634

G1X132.9524Y-351.5690

G1X133.6881Y-351.9366

G1X134.4850Y-352.5016

G1X136.0789Y-354.0553

G1X139.5323Y-358.2748

G1X141.0562Y-359.8863

G1X141.9563Y-360.6185

G1X142.7390Y-361.0843

G1X143.4980Y-361.3705

G1X144.3956Y-361.5013

G1X145.1108Y-361.3845

G1X145.8580Y-360.8914

G1X153.3459Y-353.8723

G1X154.6128Y-353.1155

G1X155.2258Y-352.9163

G1X155.8388Y-352.8334

G1X156.4519Y-352.8723

G1X157.0649Y-353.0248

G1X157.6847Y-353.2962

G1X158.3931Y-353.7316

G1X159.8612Y-354.9840

G1X162.3079Y-357.5438

G1X163.7061Y-358.8371

G1X164.5030Y-359.4072

G1X165.1365Y-359.7461

G1X165.8517Y-359.9913

G1X166.4647Y-360.0802

G1X167.5886Y-359.9411

G1X168.7344Y-359.4261

G1X170.0152Y-358.4975

G1X172.7693Y-355.9887

G1X173.9999Y-355.0278

G1X175.2807Y-354.3531

G1X176.4775Y-354.1080

G1X177.4992Y-354.2099

G1X178.5823Y-354.6083

G1X179.8939Y-355.4088

G1X182.2183Y-357.1967

G1X183.5410Y-358.0939

G1X184.8629Y-358.7037

G1X186.1838Y-358.9338

G1X187.1034Y-358.8562

G1X188.1835Y-358.5430

G1X189.2966Y-358.0187

G1X192.1302Y-356.3222

G1X193.2118Y-355.7683

G1X194.4597Y-355.3220

G1X195.7880Y-355.1312

G1X197.0140Y-355.2226

G1X198.3349Y-355.5679

G1X202.0350Y-357.1418

G1X203.4581Y-357.6448

G1X204.6769Y-357.9209

G1X205.9029Y-358.0299

G1X207.1290Y-357.9733

G1X208.4572Y-357.7540

G1X212.6463Y-356.5942

G1X214.2810Y-356.2160

G1X215.7114Y-356.0023

G1X217.1418Y-355.9123

G1X218.5722Y-355.9390

G1X220.1048Y-356.0723

G1X227.6655Y-357.1339

G1X231.7524Y-357.3657

G1X235.5327Y-357.3373

G1X245.4433Y-357.0115

G1X250.5519Y-356.9557

G1X255.7627Y-357.0181

G1X264.8559Y-357.3351

G1X268.0233Y-357.3717

G1X271.0884Y-357.2344

G1X273.9493Y-356.8933

G1 Z0F20000

(Start Block)


G1X22.9136Y-356.9616
G1Z5F20000
(Plotting speed under)
G1 F4000


G1X25.0008Y-358.0235

G1X27.1026Y-358.8486

G1X29.2482Y-359.4518

G1X31.3938Y-359.8318

G1X33.6416Y-360.0073

G1X35.8894Y-359.9676

G1X38.2393Y-359.7025

G1X40.4871Y-359.2348

G1X42.3262Y-358.6943

G1X44.2602Y-357.9708

G1X46.1576Y-357.1073

G1X48.1500Y-356.0431

G1X51.5536Y-353.8996

G1X58.4438Y-349.0387

G1X61.2552Y-347.3591

G1X62.6656Y-346.7057

G1X63.9939Y-346.2462

G1X65.2126Y-345.9808

G1X66.4387Y-345.8843

G1X67.9713Y-346.0276

G1X69.4016Y-346.4435

G1X70.9070Y-347.1842

G1X72.4488Y-348.2601

G1X73.9029Y-349.5493

G1X75.5535Y-351.2910

G1X77.3711Y-353.4618

G1X81.2292Y-358.3225

G1X83.5695Y-360.8756

G1X84.8424Y-361.9642

G1X85.9603Y-362.6864

G1X87.0774Y-363.1564

G1X88.2013Y-363.3502

G1X89.2230Y-363.2688

G1X90.2739Y-362.9231

G1X91.3175Y-362.3226

G1X92.4243Y-361.4209

G1X93.5755Y-360.2230

G1X94.7588Y-358.7622

G1X99.1661Y-352.4799

G1X100.9471Y-350.2649

G1X101.9824Y-349.2512

G1X102.9616Y-348.5297

G1X103.9357Y-348.0711

G1X104.8552Y-347.8990

G1X105.6726Y-347.9642

G1X106.4900Y-348.2348

G1X107.3393Y-348.7273

G1X108.2155Y-349.4413

G1X109.1748Y-350.4427

G1X110.0708Y-351.5443

G1X114.0785Y-357.2590

G1X115.6905Y-359.2569

G1X116.6710Y-360.2103

G1X117.5975Y-360.8821

G1X118.4513Y-361.2838

G1X119.3636Y-361.4614

G1X119.9693Y-361.4378

G1X120.6334Y-361.3016

G1X121.4978Y-360.8174

G1X122.6574Y-359.6185

G1X126.9351Y-354.5067

G1X129.9100Y-351.3352

G1X130.6774Y-350.6788

G1X131.5629Y-350.1131

G1X132.3394Y-349.8011

G1X133.1568Y-349.6625

G1X133.8720Y-349.7093

G1X134.5735Y-349.9008

G1X135.2819Y-350.2410

G1X136.1257Y-350.8146

G1X137.7706Y-352.3891

G1X141.1262Y-356.4402

G1X142.8450Y-358.2556

G1X143.6263Y-358.8976

G1X144.4467Y-359.3998

G1X145.2130Y-359.7011

G1X146.0304Y-359.8465

G1X146.4391Y-359.8088

G1X146.8818Y-359.6554

G1X147.9149Y-358.9755

G1X154.0395Y-353.1559

G1X155.2386Y-352.1357

G1X156.4008Y-351.4565

G1X156.9700Y-351.2677

G1X157.5758Y-351.1826

G1X158.1888Y-351.2132

G1X158.7726Y-351.3527

G1X160.0534Y-352.0101

G1X161.4185Y-353.1468

G1X164.3702Y-356.2237

G1X165.5324Y-357.2662

G1X166.1965Y-357.7432

G1X166.9317Y-358.1292

G1X167.5959Y-358.3489

G1X168.2016Y-358.4264

G1X169.3036Y-358.2810

G1X170.4302Y-357.7669

G1X171.8317Y-356.7245

G1X174.2581Y-354.4761

G1X175.5771Y-353.4148

G1X176.8999Y-352.7011

G1X178.1123Y-352.4524

G1X179.0318Y-352.5401

G1X180.1192Y-352.9253

G1X181.3881Y-353.6884

G1X184.0446Y-355.7278

G1X185.1475Y-356.4624

G1X186.3882Y-357.0394

G1X187.7164Y-357.2802

G1X188.9424Y-357.1398

G1X190.1758Y-356.6906

G1X193.8126Y-354.5701

G1X195.1093Y-353.9476

G1X196.1966Y-353.6128

G1X197.3205Y-353.4773

G1X198.4444Y-353.5583

G1X199.7580Y-353.8915

G1X203.4581Y-355.4633

G1X204.9834Y-356.0026

G1X206.2095Y-356.2751

G1X207.4355Y-356.3775

G1X208.6616Y-356.3147

G1X209.9898Y-356.0912

G1X214.0767Y-354.9619

G1X215.8136Y-354.5607

G1X217.2440Y-354.3491

G1X218.6744Y-354.2593

G1X221.6374Y-354.4121

G1X229.4024Y-355.4747

G1X233.7958Y-355.7125

G1X250.9606Y-355.4057

G1X267.2059Y-355.7166

G1X270.5776Y-355.5614

G1X273.9493Y-355.1453

G1 Z0F20000

(Start Block)


G1X22.9136Y-352.8094
G1Z5F20000
(Plotting speed under)
G1 F4000


G1X24.9059Y-353.7769

G1X26.8034Y-354.5166

G1X28.7374Y-355.0868

G1X30.6786Y-355.4768

G1X32.6199Y-355.6906

G1X34.6633Y-355.7320

G1X36.7068Y-355.5914

G1X38.7502Y-355.2737

G1X40.5893Y-354.8402

G1X42.3627Y-354.2936

G1X44.1653Y-353.6140

G1X46.0627Y-352.7727

G1X49.5668Y-350.9341

G1X56.6506Y-346.7862

G1X59.7245Y-345.3044

G1X61.3374Y-344.7376

G1X62.9648Y-344.3655

G1X64.4974Y-344.2318

G1X65.9278Y-344.3216

G1X67.3582Y-344.6360

G1X68.7375Y-345.1619

G1X70.1100Y-345.9046

G1X71.5600Y-346.9209

G1X73.1520Y-348.2904

G1X74.7845Y-349.9303

G1X80.7965Y-356.8756

G1X83.1528Y-359.2543

G1X84.5103Y-360.3350

G1X85.8148Y-361.1057

G1X86.9752Y-361.5352

G1X88.2013Y-361.7001

G1X89.3251Y-361.5754

G1X90.3688Y-361.2181

G1X91.4503Y-360.6071

G1X92.5285Y-359.7674

G1X93.6593Y-358.6624

G1X94.9543Y-357.1598

G1X99.5887Y-350.8829

G1X101.5006Y-348.6166

G1X102.5336Y-347.6410

G1X103.5815Y-346.8919

G1X104.5998Y-346.4280

G1X105.5704Y-346.2465

G1X106.4900Y-346.3195

G1X107.3511Y-346.6056

G1X108.2524Y-347.1192

G1X109.1656Y-347.8523

G1X110.0875Y-348.7816

G1X111.0828Y-349.9574

G1X115.2572Y-355.6868

G1X116.9384Y-357.6769

G1X117.9212Y-358.5862

G1X118.8308Y-359.2206

G1X119.7796Y-359.6460

G1X120.6918Y-359.8087

G1X121.9179Y-359.6733

G1X122.4287Y-359.4645

G1X122.8261Y-359.1845

G1X123.9920Y-357.9724

G1X127.9138Y-353.4205

G1X131.5334Y-349.6710

G1X132.4096Y-348.9543

G1X133.1568Y-348.4905

G1X134.0106Y-348.1459

G1X134.7915Y-348.0120

G1X135.5067Y-348.0455

G1X136.2876Y-348.2502

G1X137.1414Y-348.6678

G1X137.8886Y-349.1884

G1X138.7493Y-349.9388

G1X139.7280Y-350.9624

G1X143.1849Y-355.1041

G1X144.5943Y-356.5635

G1X145.3765Y-357.2053

G1X146.1734Y-357.7097

G1X146.9499Y-358.0335

G1X147.6651Y-358.1674

G1X148.5847Y-358.0355

G1X149.3169Y-357.6390

G1X154.3347Y-352.8921

G1X156.9868Y-350.5076

G1X158.2161Y-349.7875

G1X158.8018Y-349.6043

G1X159.4149Y-349.5259

G1X159.9257Y-349.5534

G1X160.5387Y-349.7000

G1X161.7580Y-350.3211

G1X163.0419Y-351.3742

G1X166.0829Y-354.5574

G1X167.3001Y-355.6545

G1X168.6395Y-356.4774

G1X169.3255Y-356.6993

G1X169.9385Y-356.7741

G1X170.9602Y-356.6348

G1X172.1182Y-356.1076

G1X173.3162Y-355.2281

G1X176.0508Y-352.6980

G1X177.1655Y-351.7992

G1X178.4188Y-351.0911

G1X179.1340Y-350.8718

G1X179.7470Y-350.7974

G1X180.7687Y-350.9164

G1X181.8270Y-351.3279

G1X182.8824Y-351.9680

G1X185.7049Y-354.1410

G1X186.8173Y-354.8684

G1X188.0229Y-355.4093

G1X189.2490Y-355.6254

G1X190.2707Y-355.5349

G1X191.3143Y-355.2101

G1X192.3959Y-354.6862

G1X195.1409Y-353.0248

G1X196.2477Y-352.4548

G1X197.5249Y-352.0024

G1X198.7509Y-351.8263

G1X199.7726Y-351.8780

G1X200.8965Y-352.1243

G1X202.2248Y-352.6036

G1X206.0197Y-354.2060

G1X207.4355Y-354.5745

G1X208.8659Y-354.7227

G1X210.1941Y-354.6594

G1X211.5224Y-354.4350

G1X215.7114Y-353.2853

G1X217.4483Y-352.8933

G1X218.8787Y-352.6896

G1X220.3091Y-352.6051

G1X221.8417Y-352.6366

G1X223.4765Y-352.7794

G1X231.2415Y-353.8156

G1X235.9414Y-354.0584

G1X251.3693Y-353.8542

G1X266.4907Y-354.0568

G1X270.2711Y-353.8618

G1X273.9493Y-353.3867

G1 Z0F20000

(Start Block)


G1X22.9136Y-348.7104
G1Z5F20000
(Plotting speed under)
G1 F4000


G1X24.8111Y-349.5255

G1X26.5918Y-350.1572

G1X28.3287Y-350.6407

G1X30.0656Y-350.9905

G1X31.8025Y-351.2069

G1X33.6416Y-351.2929

G1X35.4807Y-351.2355

G1X37.3198Y-351.0396

G1X38.9545Y-350.7541

G1X40.6915Y-350.3416

G1X44.1653Y-349.2120

G1X47.3910Y-347.8696

G1X54.4116Y-344.6069

G1X57.7541Y-343.3461

G1X59.5932Y-342.8712

G1X61.2279Y-342.6289

G1X62.8627Y-342.5875

G1X64.3953Y-342.7538

G1X65.8913Y-343.1237

G1X67.3144Y-343.6748

G1X68.7818Y-344.4487

G1X70.2318Y-345.4136

G1X71.9019Y-346.7538

G1X73.6077Y-348.3407

G1X79.9576Y-355.1309

G1X81.2820Y-356.4469

G1X82.6058Y-357.6227

G1X84.0122Y-358.6655

G1X85.4353Y-359.4524

G1X86.6687Y-359.8802

G1X87.9969Y-360.0469

G1X89.1208Y-359.9354

G1X90.2739Y-359.5746

G1X91.4503Y-358.9526

G1X92.6848Y-358.0380

G1X93.8691Y-356.9326

G1X95.1694Y-355.5023

G1X100.0174Y-349.2842

G1X102.1647Y-346.8676

G1X103.2716Y-345.8969

G1X104.3152Y-345.2059

G1X105.3661Y-344.7602

G1X106.3878Y-344.5901

G1X107.3073Y-344.6683

G1X108.1860Y-344.9457

G1X109.0715Y-345.4231

G1X110.0299Y-346.1458

G1X110.9963Y-347.0662

G1X112.0948Y-348.3088

G1X116.3957Y-353.9838

G1X118.1967Y-356.0396

G1X119.2933Y-357.0053

G1X120.2539Y-357.6274

G1X121.2027Y-358.0146

G1X122.1222Y-358.1573

G1X122.9396Y-358.1064

G1X123.4505Y-357.9915

G1X123.8591Y-357.8005

G1X124.3019Y-357.4536

G1X129.1022Y-352.1463

G1X132.8616Y-348.3425

G1X133.6548Y-347.6424

G1X134.4020Y-347.1027

G1X135.1491Y-346.7041

G1X135.9154Y-346.4466

G1X136.6306Y-346.3543

G1X137.3458Y-346.4054

G1X138.1632Y-346.6417

G1X138.9124Y-347.0138

G1X139.7094Y-347.5659

G1X141.3918Y-349.1579

G1X144.9116Y-353.3449

G1X146.4391Y-354.9261

G1X147.3522Y-355.6595

G1X148.1468Y-356.1253

G1X148.9058Y-356.4092

G1X149.8107Y-356.5535

G1X150.4237Y-356.4477

G1X150.9707Y-356.0822

G1X154.4085Y-352.8237

G1X158.7252Y-348.9050

G1X159.9257Y-348.1705

G1X160.5387Y-347.9617

G1X161.1518Y-347.8731

G1X161.7648Y-347.9108

G1X162.3778Y-348.0662

G1X163.6175Y-348.7324

G1X165.1042Y-350.0176

G1X167.5509Y-352.6346

G1X168.9452Y-353.9408

G1X170.2587Y-354.7845

G1X170.9602Y-355.0291

G1X171.5733Y-355.1198

G1X172.5950Y-354.9959

G1X173.7121Y-354.5027

G1X174.8789Y-353.6620

G1X177.8478Y-350.9062

G1X178.8977Y-350.0791

G1X179.5618Y-349.6656

G1X180.2141Y-349.3743

G1X180.7833Y-349.2111

G1X181.3818Y-349.1448

G1X182.3962Y-349.2647

G1X183.4398Y-349.6792

G1X184.6036Y-350.4073

G1X187.1992Y-352.4283

G1X188.3226Y-353.1788

G1X189.5555Y-353.7459

G1X190.7815Y-353.9701

G1X191.8033Y-353.8858

G1X192.9272Y-353.5314

G1X194.1605Y-352.9064

G1X196.6462Y-351.3851

G1X197.7657Y-350.8043

G1X199.0574Y-350.3461

G1X200.2835Y-350.1726

G1X201.3052Y-350.2266

G1X202.4145Y-350.4690

G1X203.6479Y-350.9095

G1X207.5377Y-352.5501

G1X208.9681Y-352.9216

G1X210.3985Y-353.0692

G1X211.7267Y-353.0070

G1X213.0549Y-352.7851

G1X217.3461Y-351.6180

G1X218.9809Y-351.2523

G1X220.4113Y-351.0452

G1X221.8417Y-350.9539

G1X223.3743Y-350.9751

G1X225.0090Y-351.1053

G1X233.2849Y-352.1633

G1X238.3935Y-352.4051

G1X251.7780Y-352.2931

G1X265.6733Y-352.3939

G1X269.7602Y-352.1691

G1X273.9493Y-351.6190

G1 Z0F20000

(Start Block)


G1X22.9136Y-344.8396
G1Z5F20000
(Plotting speed under)
G1 F4000


G1X26.3874Y-345.9604

G1X29.5547Y-346.6228

G1X32.7221Y-346.9055

G1X35.9916Y-346.8018

G1X39.0567Y-346.3660

G1X42.2240Y-345.6189

G1X45.2892Y-344.6768

G1X52.1347Y-342.3197

G1X55.6085Y-341.3792

G1X57.4476Y-341.0656

G1X59.2867Y-340.9273

G1X60.9214Y-340.9788

G1X62.5562Y-341.2160

G1X64.2785Y-341.6843

G1X66.0811Y-342.4252

G1X67.8963Y-343.4322

G1X69.7337Y-344.7057

G1X71.2768Y-345.9537

G1X73.0174Y-347.5233

G1X79.8062Y-354.2064

G1X81.2776Y-355.4833

G1X82.6010Y-356.4845

G1X83.9237Y-357.3073

G1X85.1507Y-357.8819

G1X86.3622Y-358.2466

G1X87.5882Y-358.3917

G1X88.9165Y-358.2793

G1X90.1790Y-357.9050

G1X91.4503Y-357.2667

G1X92.7287Y-356.3725

G1X93.9739Y-355.2803

G1X95.4070Y-353.7944

G1X100.6815Y-347.4103

G1X102.6856Y-345.2830

G1X103.8575Y-344.2906

G1X104.9983Y-343.5615

G1X106.1178Y-343.1075

G1X107.1030Y-342.9410

G1X108.0225Y-342.9900

G1X109.0442Y-343.2800

G1X109.9570Y-343.7421

G1X110.9675Y-344.4616

G1X112.1148Y-345.5163

G1X113.2965Y-346.8182

G1X117.6164Y-352.3053

G1X119.5055Y-354.3835

G1X120.6216Y-355.3339

G1X121.5822Y-355.9432

G1X122.5309Y-356.3346

G1X123.5526Y-356.5032

G1X124.7787Y-356.3917

G1X125.1874Y-356.2196

G1X125.6301Y-355.8869

G1X130.2207Y-350.9956

G1X133.8209Y-347.4161

G1X135.5007Y-345.9131

G1X136.2560Y-345.3952

G1X136.9644Y-345.0312

G1X137.6523Y-344.8049

G1X138.3675Y-344.7018

G1X139.0827Y-344.7420

G1X139.8864Y-344.9525

G1X140.6834Y-345.3339

G1X141.5168Y-345.8962

G1X143.2233Y-347.5007

G1X146.8585Y-351.7941

G1X148.3142Y-353.2896

G1X149.0955Y-353.9266

G1X149.8925Y-354.4195

G1X150.8325Y-354.7866

G1X151.4455Y-354.8908

G1X151.8405Y-354.8387

G1X152.1947Y-354.6919

G1X153.2278Y-353.9616

G1X159.2048Y-348.4121

G1X160.7371Y-347.0941

G1X161.8086Y-346.4794

G1X162.8887Y-346.2237

G1X163.5017Y-346.2493

G1X164.0855Y-346.3891

G1X165.2833Y-347.0053

G1X166.6577Y-348.1639

G1X169.5355Y-351.2360

G1X170.6793Y-352.2931

G1X171.4264Y-352.8365

G1X172.0550Y-353.1667

G1X172.7191Y-353.3906

G1X173.3102Y-353.4668

G1X174.4268Y-353.3022

G1X175.5653Y-352.7419

G1X176.8224Y-351.7685

G1X179.3497Y-349.3792

G1X180.4750Y-348.4653

G1X181.7321Y-347.7617

G1X182.3013Y-347.5802

G1X182.9143Y-347.4953

G1X183.9142Y-347.5878

G1X185.0463Y-348.0226

G1X186.3690Y-348.8714

G1X188.6934Y-350.7102

G1X189.9165Y-351.5384

G1X191.2194Y-352.1241

G1X192.4163Y-352.3179

G1X193.3358Y-352.2363

G1X194.4451Y-351.8943

G1X195.6722Y-351.2774

G1X198.0630Y-349.8044

G1X199.2837Y-349.1594

G1X200.5900Y-348.6929

G1X201.8161Y-348.5190

G1X202.7356Y-348.5598

G1X203.8595Y-348.7893

G1X205.1658Y-349.2476

G1X209.0703Y-350.8912

G1X210.5007Y-351.2641

G1X211.9311Y-351.4146

G1X213.1571Y-351.3677

G1X214.4854Y-351.1622

G1X218.9809Y-349.9610

G1X220.6157Y-349.6008

G1X222.1483Y-349.3849

G1X223.5786Y-349.2990

G1X226.6438Y-349.4367

G1X232.6719Y-350.2234

G1X235.4306Y-350.5059

G1X238.1892Y-350.6750

G1X241.2543Y-350.7520

G1X264.9581Y-350.7198

G1X269.3515Y-350.4537

G1X273.9493Y-349.8449

G1 Z0F20000

(Start Block)


G1X22.9136Y-341.3593
G1Z5F20000
(Plotting speed under)
G1 F4000


G1X26.0809Y-342.1099

G1X28.9417Y-342.5831

G1X31.7004Y-342.8152

G1X34.5612Y-342.8143

G1X37.3198Y-342.5928

G1X40.1806Y-342.1657

G1X43.0414Y-341.5866

G1X49.7847Y-340.0401

G1X53.3607Y-339.4453

G1X55.3020Y-339.2896

G1X57.1411Y-339.2897

G1X58.8780Y-339.4464

G1X60.6149Y-339.7739

G1X62.4759Y-340.3302

G1X64.3733Y-341.1264

G1X66.2139Y-342.1200

G1X68.1564Y-343.3932

G1X69.7923Y-344.6262

G1X71.5893Y-346.1210

G1X78.6993Y-352.5210

G1X80.3596Y-353.8437

G1X81.7985Y-354.8426

G1X83.2532Y-355.6722

G1X84.5815Y-356.2404

G1X85.9535Y-356.6109

G1X87.1795Y-356.7378

G1X88.5078Y-356.6438

G1X89.8944Y-356.2804

G1X91.2732Y-355.6502

G1X92.7287Y-354.7055

G1X94.1693Y-353.5132

G1X95.6711Y-352.0401

G1X101.1464Y-345.7939

G1X103.3887Y-343.5494

G1X104.5998Y-342.5922

G1X105.7383Y-341.9083

G1X106.7965Y-341.4873

G1X107.9204Y-341.2883

G1X108.9421Y-341.3413

G1X109.9127Y-341.5998

G1X110.9310Y-342.0829

G1X112.0613Y-342.8593

G1X113.2333Y-343.9013

G1X114.3518Y-345.0801

G1X118.9447Y-350.6690

G1X120.9075Y-352.7437

G1X122.0328Y-353.6682

G1X123.1002Y-354.3174

G1X124.0635Y-354.6907

G1X125.0852Y-354.8500

G1X126.2091Y-354.7718

G1X126.5937Y-354.6091

G1X126.9844Y-354.3255

G1X133.3044Y-347.9209

G1X137.1414Y-344.3890

G1X137.9384Y-343.8237

G1X138.6594Y-343.4372

G1X139.4184Y-343.1675

G1X140.2066Y-343.0493

G1X141.0240Y-343.1026

G1X141.7903Y-343.3178

G1X142.6204Y-343.7213

G1X143.4505Y-344.2967

G1X144.2991Y-345.0328

G1X145.2437Y-346.0021

G1X148.6971Y-350.0985

G1X150.1286Y-351.5821

G1X150.9219Y-352.2347

G1X151.6690Y-352.7158

G1X152.4161Y-353.0534

G1X153.0802Y-353.1876

G1X153.8976Y-353.0607

G1X154.7210Y-352.5980

G1X159.0572Y-348.5534

G1X162.4664Y-345.4965

G1X163.6175Y-344.8193

G1X164.7278Y-344.5665

G1X165.2386Y-344.5883

G1X165.8517Y-344.7336

G1X167.0266Y-345.3384

G1X168.3549Y-346.4571

G1X171.3259Y-349.6502

G1X172.4568Y-350.6900

G1X173.0986Y-351.1542

G1X173.8576Y-351.5555

G1X174.4341Y-351.7398

G1X175.0471Y-351.8128

G1X176.0397Y-351.6712

G1X177.1544Y-351.1480

G1X178.4642Y-350.1433

G1X180.8255Y-347.8830

G1X182.0669Y-346.8434

G1X183.3449Y-346.1127

G1X183.9361Y-345.9263

G1X184.5491Y-345.8406

G1X185.4686Y-345.9218

G1X186.5516Y-346.3162

G1X187.8633Y-347.1388

G1X190.1926Y-348.9887

G1X191.4329Y-349.8474

G1X192.7374Y-350.4536

G1X193.9489Y-350.6640

G1X194.8684Y-350.5878

G1X195.9631Y-350.2585

G1X197.1775Y-349.6555

G1X199.4797Y-348.2328

G1X200.8080Y-347.5188

G1X202.1299Y-347.0417

G1X203.3486Y-346.8654

G1X204.4725Y-346.9326

G1X205.6986Y-347.2238

G1X206.7787Y-347.6186

G1X209.8146Y-348.9399

G1X211.1137Y-349.3842

G1X212.3397Y-349.6548

G1X213.5658Y-349.7615

G1X214.7919Y-349.7096

G1X216.1201Y-349.5027

G1X220.6157Y-348.3156

G1X222.2504Y-347.9590

G1X223.6808Y-347.7516

G1X225.2134Y-347.6487

G1X226.7460Y-347.6600

G1X228.4829Y-347.7817

G1X234.8175Y-348.5674

G1X237.7805Y-348.8482

G1X240.9478Y-349.0211

G1X244.7282Y-349.0983

G1X259.7474Y-349.1051

G1X264.3451Y-349.0288

G1X268.8407Y-348.7335

G1X273.9493Y-348.0682

G1 Z0F20000

(Start Block)


G1X22.9136Y-338.4031
G1Z5F20000
(Plotting speed under)
G1 F4000


G1X28.2265Y-339.0877

G1X30.4743Y-339.2409

G1X32.7221Y-339.2911

G1X35.1742Y-339.2291

G1X37.8306Y-339.0390

G1X47.0261Y-337.9194

G1X50.7042Y-337.6381

G1X52.7477Y-337.6274

G1X54.6890Y-337.7489

G1X56.5280Y-338.0048

G1X58.2650Y-338.3872

G1X60.1989Y-338.9878

G1X62.1913Y-339.8070

G1X64.1773Y-340.8263

G1X66.1254Y-342.0158

G1X67.9904Y-343.2755

G1X69.6360Y-344.5029

G1X77.3711Y-350.8598

G1X79.1144Y-352.1291

G1X80.6474Y-353.1111

G1X82.2096Y-353.9438

G1X83.7276Y-354.5563

G1X85.1361Y-354.9253

G1X86.5665Y-355.0824

G1X88.0991Y-354.9893

G1X89.6098Y-354.6221

G1X91.1846Y-353.9457

G1X92.7287Y-353.0018

G1X94.2474Y-351.8250

G1X95.9663Y-350.2425

G1X101.7219Y-344.0783

G1X104.0187Y-341.9120

G1X105.2639Y-340.9739

G1X106.5036Y-340.2607

G1X107.7306Y-339.8066

G1X108.8399Y-339.6335

G1X109.8616Y-339.6836

G1X110.9563Y-339.9631

G1X112.0821Y-340.4895

G1X113.1447Y-341.1965

G1X114.3271Y-342.1954

G1X115.5402Y-343.4125

G1X120.4337Y-349.1212

G1X122.4571Y-351.1593

G1X123.6101Y-352.0605

G1X124.7130Y-352.6951

G1X125.8004Y-353.0762

G1X126.9243Y-353.2142

G1X127.4351Y-353.1958

G1X127.8439Y-353.0843

G1X128.6740Y-352.5176

G1X134.1160Y-347.1405

G1X139.0508Y-342.7079

G1X139.7979Y-342.1778

G1X140.5569Y-341.7746

G1X141.3305Y-341.5078

G1X142.0457Y-341.3979

G1X142.8631Y-341.4398

G1X143.6804Y-341.6603

G1X144.4910Y-342.0512

G1X145.3452Y-342.6325

G1X147.0682Y-344.2610

G1X150.4237Y-348.2415

G1X152.0645Y-349.9597

G1X152.8458Y-350.6071

G1X153.6494Y-351.1079

G1X154.3136Y-351.3899

G1X155.2258Y-351.6006

G1X155.7367Y-351.5331

G1X156.2836Y-351.1823

G1X159.0572Y-348.5534

G1X164.2872Y-343.8428

G1X165.4138Y-343.1697

G1X166.4647Y-342.9148

G1X167.0777Y-342.9447

G1X167.6908Y-343.0986

G1X168.9304Y-343.7816

G1X170.4171Y-345.1112

G1X172.8639Y-347.7989

G1X174.1106Y-348.9868

G1X174.8632Y-349.5327

G1X175.4831Y-349.8696

G1X176.0688Y-350.0688

G1X176.6819Y-350.1585

G1X177.7036Y-350.0219

G1X178.7594Y-349.5378

G1X180.0355Y-348.5740

G1X182.3013Y-346.3951

G1X183.6295Y-345.2489

G1X184.9578Y-344.4668

G1X185.5708Y-344.2716

G1X186.1838Y-344.1848

G1X187.1034Y-344.2738

G1X188.1455Y-344.6561

G1X189.3575Y-345.4061

G1X191.8480Y-347.3786

G1X193.0220Y-348.1922

G1X194.2554Y-348.7786

G1X194.9706Y-348.9566

G1X195.5836Y-349.0129

G1X196.7075Y-348.8758

G1X197.8606Y-348.4588

G1X198.7714Y-347.9863

G1X201.6049Y-346.2584

G1X202.7940Y-345.6864

G1X203.8595Y-345.3505

G1X204.9834Y-345.2089

G1X206.2095Y-345.3046

G1X207.4355Y-345.6230

G1X211.2378Y-347.2203

G1X212.6463Y-347.7121

G1X213.9745Y-348.0057

G1X215.2006Y-348.1082

G1X216.4266Y-348.0550

G1X217.8570Y-347.8298

G1X222.1483Y-346.7085

G1X223.9873Y-346.3084

G1X225.4177Y-346.1036

G1X226.9503Y-345.9981

G1X228.5850Y-346.0049

G1X230.3220Y-346.1172

G1X236.9631Y-346.8915

G1X240.4370Y-347.1915

G1X244.1151Y-347.3622

G1X248.9172Y-347.4377

G1X258.8278Y-347.4300

G1X264.1407Y-347.2995

G1X268.5341Y-346.9760

G1X273.9493Y-346.2943

G1 Z0F20000

(Start Block)


G1X22.9136Y-336.0619
G1Z5F20000
(Plotting speed under)
G1 F4000


G1X28.5330Y-336.3467

G1X32.5177Y-336.4150

G1X36.2981Y-336.3339

G1X43.9609Y-335.9952

G1X47.7413Y-335.9878

G1X49.8869Y-336.1098

G1X51.8281Y-336.3273

G1X53.7694Y-336.6659

G1X55.6085Y-337.1116

G1X57.7322Y-337.7904

G1X59.8194Y-338.6356

G1X63.2918Y-340.3516

G1X65.0628Y-341.3441

G1X68.6545Y-343.7555

G1X72.3071Y-346.7061

G1X75.1297Y-348.7750

G1X77.2825Y-350.2287

G1X79.3191Y-351.4304

G1X81.0711Y-352.2810

G1X82.6840Y-352.8780

G1X84.3187Y-353.2725

G1X85.8513Y-353.4277

G1X87.5882Y-353.3314

G1X89.2230Y-352.9631

G1X90.9380Y-352.2837

G1X92.6014Y-351.3453

G1X94.3060Y-350.1202

G1X96.1139Y-348.5729

G1X102.3123Y-342.3746

G1X104.7658Y-340.2089

G1X106.1494Y-339.2410

G1X107.3511Y-338.5995

G1X108.5334Y-338.1778

G1X109.7594Y-337.9820

G1X110.8833Y-338.0314

G1X111.9999Y-338.3019

G1X113.2333Y-338.8530

G1X114.3844Y-339.5925

G1X115.5772Y-340.5624

G1X116.8490Y-341.7860

G1X121.9716Y-347.5230

G1X124.0252Y-349.5090

G1X125.1874Y-350.3895

G1X126.3385Y-351.0359

G1X127.4351Y-351.4145

G1X128.5590Y-351.5726

G1X129.0699Y-351.5288

G1X129.5263Y-351.3629

G1X130.6479Y-350.5919

G1X134.4850Y-346.7952

G1X138.3134Y-343.3202

G1X141.0480Y-340.9839

G1X141.8345Y-340.4548

G1X142.5565Y-340.0891

G1X143.2717Y-339.8507

G1X143.9869Y-339.7437

G1X144.8043Y-339.7875

G1X145.6801Y-340.0320

G1X146.5221Y-340.4528

G1X147.3522Y-341.0385

G1X148.2100Y-341.7929

G1X149.1619Y-342.7830

G1X152.5489Y-346.8257

G1X153.8919Y-348.2322

G1X154.6741Y-348.8916

G1X155.3825Y-349.3653

G1X156.2475Y-349.7697

G1X156.8606Y-349.9097

G1X157.2420Y-349.8597

G1X157.5962Y-349.7087

G1X158.6145Y-348.9946

G1X166.2063Y-342.0962

G1X167.3113Y-341.4734

G1X168.3038Y-341.2605

G1X168.8146Y-341.2834

G1X169.3985Y-341.4217

G1X170.5816Y-342.0436

G1X171.9551Y-343.2387

G1X174.6271Y-346.1765

G1X175.8262Y-347.3277

G1X177.0906Y-348.1696

G1X177.8058Y-348.4250

G1X178.4188Y-348.5076

G1X179.4405Y-348.3526

G1X180.5303Y-347.8205

G1X181.5981Y-347.0085

G1X184.4108Y-344.3124

G1X185.4558Y-343.4630

G1X186.6947Y-342.7743

G1X187.8186Y-342.5309

G1X188.8403Y-342.6473

G1X189.7963Y-343.0239

G1X190.8518Y-343.6727

G1X193.6743Y-345.9016

G1X194.6981Y-346.5862

G1X195.8901Y-347.1382

G1X197.1162Y-347.3581

G1X198.1379Y-347.2585

G1X199.0939Y-346.9568

G1X200.0996Y-346.4744

G1X202.9331Y-344.7467

G1X204.0274Y-344.1812

G1X205.2899Y-343.7333

G1X206.5160Y-343.5572

G1X207.7420Y-343.6406

G1X208.9608Y-343.9451

G1X212.7557Y-345.5273

G1X214.2810Y-346.0598

G1X215.6092Y-346.3513

G1X216.9375Y-346.4565

G1X218.2657Y-346.3843

G1X219.5939Y-346.1676

G1X223.9873Y-345.0382

G1X225.7243Y-344.6681

G1X227.2568Y-344.4516

G1X228.7894Y-344.3465

G1X232.1610Y-344.4459

G1X239.2109Y-345.2045

G1X242.9912Y-345.5024

G1X247.0781Y-345.6715

G1X252.2889Y-345.7424

G1X259.0322Y-345.7062

G1X264.0386Y-345.5341

G1X268.0233Y-345.2216

G1X273.9493Y-344.5296

G1 Z0F20000

(Start Block)


G1X22.9136Y-334.3756
G1Z5F20000
(Plotting speed under)
G1 F4000


G1X36.7068Y-334.3114

G1X42.6327Y-334.4440

G1X45.3913Y-334.6468

G1X47.8435Y-334.9502

G1X50.1934Y-335.3769

G1X52.4412Y-335.9292

G1X54.8860Y-336.7056

G1X58.9655Y-338.2683

G1X60.6733Y-339.0349

G1X63.9116Y-340.6790

G1X65.6826Y-341.7287

G1X68.0734Y-343.3344

G1X72.4123Y-346.7335

G1X75.3344Y-348.5083

G1X77.6557Y-349.7447

G1X79.6480Y-350.6182

G1X81.4579Y-351.2228

G1X83.1948Y-351.6062

G1X84.9317Y-351.7732

G1X86.8730Y-351.6797

G1X88.7121Y-351.3029

G1X90.5585Y-350.6356

G1X92.5129Y-349.6195

G1X94.3890Y-348.3648

G1X96.3569Y-346.7970

G1X102.9981Y-340.6199

G1X105.5130Y-338.5470

G1X106.9463Y-337.6018

G1X108.2999Y-336.9222

G1X109.5551Y-336.5088

G1X110.7812Y-336.3284

G1X112.0072Y-336.3830

G1X113.2333Y-336.6784

G1X114.4666Y-337.2149

G1X115.7126Y-337.9865

G1X116.9836Y-338.9856

G1X118.3986Y-340.3055

G1X123.5096Y-345.8218

G1X125.6025Y-347.7897

G1X126.7813Y-348.6691

G1X127.8439Y-349.2782

G1X128.9823Y-349.7080

G1X130.0916Y-349.9040

G1X131.1644Y-349.7403

G1X131.9761Y-349.2961

G1X134.1160Y-347.1405

G1X138.1572Y-343.4599

G1X143.1185Y-339.2574

G1X143.8775Y-338.7555

G1X144.6365Y-338.3881

G1X145.3152Y-338.1794

G1X146.0304Y-338.0865

G1X146.8477Y-338.1473

G1X147.6651Y-338.3862

G1X148.4757Y-338.7955

G1X149.3299Y-339.3961

G1X150.9830Y-340.9853

G1X154.2756Y-344.9353

G1X155.7367Y-346.5057

G1X156.5961Y-347.2463

G1X157.4444Y-347.8001

G1X158.1085Y-348.0975

G1X158.6997Y-348.1876

G1X159.4149Y-348.0816

G1X160.1120Y-347.6819

G1X163.7061Y-344.3139

G1X167.9564Y-340.4868

G1X169.0190Y-339.8543

G1X170.0407Y-339.6080

G1X170.5515Y-339.6233

G1X171.1646Y-339.7682

G1X171.7585Y-340.0251

G1X172.3396Y-340.3914

G1X173.5940Y-341.4779

G1X176.4990Y-344.6859

G1X177.6134Y-345.7365

G1X178.2385Y-346.2034

G1X178.8859Y-346.5574

G1X179.4551Y-346.7617

G1X180.0535Y-346.8501

G1X181.0679Y-346.7193

G1X182.2064Y-346.1678

G1X183.3951Y-345.2358

G1X185.9908Y-342.7178

G1X187.1161Y-341.7921

G1X188.3732Y-341.1027

G1X189.4533Y-340.8787

G1X190.4604Y-340.9911

G1X191.5040Y-341.4158

G1X192.5951Y-342.1172

G1X195.2515Y-344.2314

G1X196.2920Y-344.9307

G1X197.5249Y-345.4965

G1X198.7509Y-345.7039

G1X199.7726Y-345.5977

G1X200.7944Y-345.2595

G1X201.7820Y-344.7675

G1X204.4385Y-343.1430

G1X205.5454Y-342.5624

G1X206.8225Y-342.0968

G1X208.0485Y-341.9071

G1X209.1724Y-341.9599

G1X210.4788Y-342.2602

G1X214.5583Y-343.9347

G1X216.0179Y-344.4277

G1X217.2440Y-344.6915

G1X218.5722Y-344.8019

G1X219.7983Y-344.7494

G1X221.2287Y-344.5337

G1X227.4612Y-343.0400

G1X228.9937Y-342.8190

G1X230.6285Y-342.6985

G1X232.3654Y-342.6894

G1X234.3067Y-342.7896

G1X241.4587Y-343.4929

G1X245.2390Y-343.7671

G1X249.2237Y-343.9253

G1X253.9236Y-343.9870

G1X259.2365Y-343.9327

G1X263.7321Y-343.7487

G1X267.3081Y-343.4698

G1X273.9493Y-342.7821

G1 Z0F20000

(Start Block)


G1X22.9136Y-333.3300
G1Z5F20000
(Plotting speed under)
G1 F4000


G1X26.0809Y-333.0995

G1X29.8613Y-332.9959

G1X33.9481Y-333.0271

G1X37.7285Y-333.1883

G1X40.8958Y-333.4533

G1X43.7566Y-333.8284

G1X46.5152Y-334.3414

G1X49.0695Y-334.9693

G1X54.7911Y-336.6718

G1X58.7758Y-338.1907

G1X60.9579Y-339.1746

G1X63.9116Y-340.6790

G1X65.8597Y-341.8425

G1X68.4055Y-343.5733

G1X72.0581Y-346.3455

G1X75.4736Y-348.0164

G1X77.7506Y-348.9179

G1X79.8232Y-349.5464

G1X81.7644Y-349.9385

G1X83.7057Y-350.1166

G1X85.8513Y-350.0390

G1X87.9969Y-349.6535

G1X90.0841Y-348.9722

G1X92.2472Y-347.9496

G1X94.2839Y-346.7080

G1X96.4644Y-345.1177

G1X98.7009Y-343.2708

G1X103.7013Y-338.8934

G1X106.4261Y-336.8094

G1X107.8318Y-335.9460

G1X109.2486Y-335.2748

G1X110.5768Y-334.8586

G1X111.9051Y-334.6737

G1X113.2333Y-334.7367

G1X114.4593Y-335.0213

G1X115.7000Y-335.5285

G1X117.0409Y-336.3116

G1X118.4632Y-337.3813

G1X119.8744Y-338.6443

G1X125.1175Y-344.0909

G1X127.4532Y-346.2155

G1X128.7293Y-347.1176

G1X129.9311Y-347.7452

G1X131.1133Y-348.1261

G1X132.1351Y-348.2389

G1X132.8502Y-348.1867

G1X133.3781Y-347.9174

G1X134.4850Y-346.7952

G1X138.3916Y-343.2510

G1X145.0327Y-337.6586

G1X145.8192Y-337.1345

G1X146.5412Y-336.7727

G1X147.2564Y-336.5380

G1X147.9716Y-336.4352

G1X148.7890Y-336.4848

G1X149.5699Y-336.7004

G1X150.4237Y-337.1195

G1X151.2539Y-337.7019

G1X152.1209Y-338.4674

G1X153.1466Y-339.5505

G1X156.4672Y-343.5739

G1X157.8028Y-344.9840

G1X158.4817Y-345.5652

G1X159.2786Y-346.1002

G1X160.2322Y-346.5240

G1X160.7431Y-346.6327

G1X161.2156Y-346.5313

G1X161.7137Y-346.1749

G1X164.0967Y-343.9589

G1X166.3625Y-341.9854

G1X168.6500Y-339.7909

G1X169.8491Y-338.7704

G1X170.9165Y-338.1598

G1X171.8798Y-337.9511

G1X172.3907Y-337.9809

G1X173.0037Y-338.1367

G1X174.1548Y-338.7808

G1X175.5126Y-340.0054

G1X178.1069Y-342.9161

G1X179.3323Y-344.0955

G1X180.6189Y-344.9220

G1X181.1774Y-345.1137

G1X181.7904Y-345.1975

G1X182.7757Y-345.0557

G1X183.8786Y-344.5190

G1X185.1054Y-343.5483

G1X187.4667Y-341.2259

G1X188.7081Y-340.1723

G1X189.9861Y-339.4555

G1X191.0881Y-339.2252

G1X192.0076Y-339.3188

G1X193.1042Y-339.7472

G1X194.3384Y-340.5515

G1X196.6774Y-342.4384

G1X197.8859Y-343.2716

G1X199.0939Y-343.8321

G1X200.2835Y-344.0478

G1X201.2031Y-343.9792

G1X202.3196Y-343.6414

G1X203.6415Y-342.9723

G1X205.9438Y-341.5493

G1X207.1582Y-340.9068

G1X208.4572Y-340.4377

G1X209.6833Y-340.2533

G1X210.8072Y-340.3083

G1X212.1354Y-340.6139

G1X216.2661Y-342.2950

G1X217.7548Y-342.7870

G1X219.0831Y-343.0565

G1X220.3091Y-343.1478

G1X221.5352Y-343.0962

G1X222.9656Y-342.8871

G1X227.5633Y-341.7669

G1X229.5046Y-341.3721

G1X231.0372Y-341.1631

G1X232.6719Y-341.0471

G1X236.3501Y-341.1167

G1X243.7064Y-341.7553

G1X247.3846Y-341.9950

G1X254.8432Y-342.1742

G1X259.1344Y-342.1199

G1X263.1190Y-341.9532

G1X273.9493Y-341.0605

G1 Z0F20000

(Start Block)


G1X22.9136Y-332.8600
G1Z5F20000
(Plotting speed under)
G1 F4000


G1X25.7744Y-332.5547

G1X28.8395Y-332.4076

G1X32.0069Y-332.4166

G1X35.2764Y-332.5844

G1X38.0350Y-332.8554

G1X40.6915Y-333.2388

G1X45.9022Y-334.2134

G1X48.5587Y-334.8313

G1X54.4846Y-336.5651

G1X58.6809Y-338.1527

G1X60.3887Y-338.8977

G1X63.5574Y-340.4898

G1X65.0628Y-341.3441

G1X68.0734Y-343.3344

G1X70.7299Y-345.3900

G1X72.4376Y-346.1794

G1X75.1233Y-347.1464

G1X77.5754Y-347.8306

G1X79.9254Y-348.2691

G1X82.2753Y-348.4640

G1X84.7274Y-348.3791

G1X87.1795Y-347.9764

G1X89.6098Y-347.2491

G1X92.0702Y-346.1778

G1X94.3724Y-344.8833

G1X96.7964Y-343.2508

G1X99.1208Y-341.4833

G1X104.6828Y-337.0010

G1X107.3891Y-335.0962

G1X108.9829Y-334.1956

G1X110.3871Y-333.5880

G1X111.8029Y-333.1842

G1X113.1311Y-333.0190

G1X114.5615Y-333.0904

G1X115.8897Y-333.3959

G1X117.2180Y-333.9303

G1X118.6292Y-334.7361

G1X120.0307Y-335.7555

G1X121.5716Y-337.0859

G1X127.0321Y-342.5596

G1X129.1721Y-344.4546

G1X130.4173Y-345.3404

G1X131.6388Y-346.0024

G1X132.7481Y-346.3970

G1X133.9741Y-346.6330

G1X134.5680Y-346.5432

G1X135.1491Y-346.1695

G1X138.4697Y-343.1824

G1X142.2200Y-339.9729

G1X147.2692Y-335.8617

G1X147.9570Y-335.4177

G1X148.7160Y-335.0573

G1X149.4020Y-334.8570

G1X150.0151Y-334.7801

G1X150.8325Y-334.8373

G1X151.6498Y-335.0765

G1X152.4604Y-335.4909

G1X153.3146Y-336.1021

G1X155.0062Y-337.7684

G1X158.2034Y-341.6810

G1X159.5116Y-343.1219

G1X160.8836Y-344.2616

G1X161.7137Y-344.7308

G1X162.2830Y-344.8916

G1X162.6625Y-344.8540

G1X163.0419Y-344.7112

G1X164.0186Y-344.0754

G1X171.5973Y-337.1414

G1X172.6495Y-336.5238

G1X173.6167Y-336.3010

G1X174.1276Y-336.3213

G1X174.7114Y-336.4637

G1X175.8945Y-337.1136

G1X177.1981Y-338.2894

G1X179.5784Y-340.9927

G1X180.8993Y-342.3230

G1X182.2128Y-343.2225

G1X182.9143Y-343.4697

G1X183.5274Y-343.5471

G1X184.4469Y-343.4022

G1X185.4558Y-342.9236

G1X186.6550Y-341.9980

G1X188.9424Y-339.7426

G1X190.2707Y-338.5806

G1X191.5104Y-337.8466

G1X192.1098Y-337.6546

G1X192.7228Y-337.5700

G1X193.6423Y-337.6689

G1X194.6981Y-338.0782

G1X195.8327Y-338.8015

G1X198.1619Y-340.6805

G1X199.4023Y-341.5589

G1X200.7068Y-342.1794

G1X201.9183Y-342.3955

G1X202.8378Y-342.3199

G1X203.8376Y-342.0276

G1X205.0583Y-341.4349

G1X207.4491Y-339.9672

G1X208.7774Y-339.2580

G1X210.0993Y-338.7820

G1X211.3180Y-338.5994

G1X212.5441Y-338.6676

G1X213.7701Y-338.9530

G1X217.8789Y-340.6059

G1X219.3896Y-341.1083

G1X220.8200Y-341.4014

G1X222.1483Y-341.4955

G1X223.4765Y-341.4290

G1X224.9069Y-341.2138

G1X231.3437Y-339.7537

G1X232.9784Y-339.5288

G1X234.7153Y-339.4007

G1X238.4957Y-339.4416

G1X249.3259Y-340.1809

G1X255.5583Y-340.3135

G1X262.3017Y-340.1424

G1X271.1906Y-339.4903

G1X273.9493Y-339.3741

G1 Z0F20000

(Start Block)


G1X22.9136Y-332.8577
G1Z5F20000
(Plotting speed under)
G1 F4000


G1X25.5701Y-332.5441

G1X28.2265Y-332.4013

G1X31.8025Y-332.4118

G1X34.8677Y-332.5545

G1X37.6263Y-332.8074

G1X40.2828Y-333.1716

G1X47.6391Y-334.5986

G1X54.1781Y-336.4613

G1X59.9143Y-338.6783

G1X64.6200Y-341.0804

G1X67.3263Y-342.8171

G1X69.4902Y-344.3767

G1X70.9342Y-345.1337

G1X73.5907Y-345.8602

G1X75.9407Y-346.3569

G1X78.2906Y-346.6816

G1X80.5384Y-346.8136

G1X83.3992Y-346.7056

G1X86.2600Y-346.2638

G1X89.0186Y-345.5039

G1X91.7918Y-344.4028

G1X94.3724Y-343.0827

G1X97.1174Y-341.3961

G1X99.7850Y-339.5362

G1X105.5960Y-335.2372

G1X108.4517Y-333.3821

G1X110.1024Y-332.5168

G1X111.5256Y-331.9397

G1X112.9268Y-331.5533

G1X114.3572Y-331.3692

G1X115.7876Y-331.4160

G1X117.3128Y-331.7314

G1X118.8308Y-332.3177

G1X120.3172Y-333.1437

G1X121.7008Y-334.1154

G1X123.3122Y-335.4552

G1X128.9507Y-340.9263

G1X131.1644Y-342.8322

G1X132.3598Y-343.6640

G1X133.4414Y-344.2575

G1X134.7915Y-344.7586

G1X135.6089Y-344.9235

G1X136.3825Y-344.7805

G1X137.2977Y-344.2776

G1X138.4697Y-343.1824

G1X142.3762Y-339.8410

G1X146.2047Y-336.6937

G1X147.7673Y-335.5267

G1X149.2726Y-334.2353

G1X150.6281Y-333.4561

G1X151.3433Y-333.2225

G1X151.9563Y-333.1314

G1X152.7737Y-333.1698

G1X153.5546Y-333.3806

G1X154.4085Y-333.8012

G1X155.2386Y-334.3925

G1X156.0862Y-335.1543

G1X157.0649Y-336.2070

G1X160.3855Y-340.3110

G1X161.6399Y-341.6625

G1X162.3778Y-342.3071

G1X163.1748Y-342.8473

G1X163.7061Y-343.0822

G1X164.4212Y-343.2276

G1X165.0343Y-343.1270

G1X165.5031Y-342.8178

G1X168.2073Y-340.2084

G1X173.3358Y-335.5369

G1X174.3319Y-334.9108

G1X174.9449Y-334.7080

G1X175.4558Y-334.6426

G1X176.4775Y-334.8162

G1X177.5695Y-335.4114

G1X178.8060Y-336.5072

G1X181.6721Y-339.7544

G1X182.7164Y-340.7625

G1X183.9142Y-341.5694

G1X184.5783Y-341.8121

G1X185.1621Y-341.8923

G1X186.1838Y-341.7310

G1X187.1715Y-341.2375

G1X188.2393Y-340.4072

G1X191.0086Y-337.6946

G1X191.9531Y-336.9031

G1X193.1315Y-336.2035

G1X193.7445Y-336.0010

G1X194.3575Y-335.9153

G1X195.2771Y-336.0159

G1X196.2477Y-336.3856

G1X197.3269Y-337.0519

G1X200.0664Y-339.2383

G1X201.0863Y-339.9377

G1X202.3269Y-340.5235

G1X203.5530Y-340.7436

G1X204.4725Y-340.6637

G1X205.4505Y-340.3782

G1X206.5637Y-339.8516

G1X209.2201Y-338.2415

G1X210.3839Y-337.6262

G1X211.6246Y-337.1639

G1X212.9528Y-336.9465

G1X214.2810Y-337.0210

G1X215.6019Y-337.3410

G1X219.4918Y-338.9018

G1X221.2287Y-339.4724

G1X222.5569Y-339.7394

G1X223.8852Y-339.8409

G1X225.2134Y-339.7873

G1X226.6438Y-339.5890

G1X231.4459Y-338.4934

G1X233.4893Y-338.1018

G1X235.2262Y-337.8757

G1X236.9631Y-337.7522

G1X240.3348Y-337.7507

G1X250.0411Y-338.2932

G1X256.0692Y-338.4218

G1X261.1778Y-338.3208

G1X270.5776Y-337.7800

G1X273.9493Y-337.7314

G1 Z0F20000

(Start Block)


G1X22.9136Y-332.8577
G1Z5F20000
(Plotting speed under)
G1 F4000


G1X25.3657Y-332.5619

G1X28.0222Y-332.4068

G1X31.5982Y-332.4074

G1X34.5612Y-332.5338

G1X37.2176Y-332.7621

G1X39.8741Y-333.1073

G1X46.8218Y-334.4087

G1X49.0695Y-334.9693

G1X53.7694Y-336.3276

G1X59.3450Y-338.4279

G1X64.0887Y-340.7767

G1X65.7712Y-341.7854

G1X68.3391Y-343.4984

G1X69.5038Y-344.0975

G1X71.9559Y-344.5731

G1X73.9994Y-344.8751

G1X76.1450Y-345.0802

G1X78.1884Y-345.1617

G1X81.5601Y-345.0364

G1X84.9317Y-344.5649

G1X88.2013Y-343.7557

G1X91.4123Y-342.6104

G1X94.4483Y-341.2088

G1X97.5602Y-339.4735

G1X100.3937Y-337.6780

G1X106.6807Y-333.4302

G1X109.7230Y-331.6189

G1X111.4307Y-330.7989

G1X112.9486Y-330.2372

G1X114.3572Y-329.8848

G1X115.7876Y-329.7157

G1X117.4223Y-329.7771

G1X118.9549Y-330.0937

G1X120.5385Y-330.6866

G1X122.0882Y-331.5189

G1X123.6931Y-332.6198

G1X125.3436Y-333.9647

G1X131.1253Y-339.4278

G1X133.3228Y-341.2610

G1X134.4850Y-342.0474

G1X135.7184Y-342.6941

G1X136.8349Y-343.0901

G1X137.9588Y-343.2730

G1X138.4697Y-343.1824

G1X138.8603Y-342.9387

G1X142.4544Y-339.7761

G1X151.5029Y-332.4640

G1X152.7956Y-331.7529

G1X153.4889Y-331.5473

G1X154.1019Y-331.4716

G1X154.8171Y-331.5193

G1X155.6345Y-331.7512

G1X156.4451Y-332.1671

G1X157.2863Y-332.7774

G1X158.9244Y-334.4197

G1X162.1248Y-338.4273

G1X163.4264Y-339.8839

G1X164.7852Y-341.0126

G1X165.6984Y-341.5106

G1X166.1728Y-341.6299

G1X166.4455Y-341.5985

G1X166.7776Y-341.4410

G1X167.8383Y-340.5697

G1X175.2695Y-333.7640

G1X176.2294Y-333.2057

G1X177.0906Y-332.9949

G1X177.6014Y-333.0097

G1X178.2144Y-333.1560

G1X178.7594Y-333.4034

G1X179.3792Y-333.8127

G1X180.6041Y-334.9327

G1X183.2975Y-338.0187

G1X184.4108Y-339.1105

G1X185.6219Y-339.9250

G1X186.1911Y-340.1416

G1X186.7969Y-340.2349

G1X187.8040Y-340.0975

G1X188.9424Y-339.5193

G1X190.0363Y-338.6236

G1X192.6320Y-336.0616

G1X193.6743Y-335.1910

G1X194.9195Y-334.4916

G1X195.9923Y-334.2635

G1X197.0067Y-334.3828

G1X197.9555Y-334.7716

G1X198.9872Y-335.4222

G1X201.7267Y-337.6099

G1X202.7561Y-338.3058

G1X203.9617Y-338.8684

G1X205.1877Y-339.0894

G1X206.2095Y-338.9927

G1X207.1582Y-338.6963

G1X208.2461Y-338.1752

G1X210.9911Y-336.5216

G1X212.0916Y-335.9549

G1X213.4636Y-335.4695

G1X214.6897Y-335.2916

G1X215.9158Y-335.3572

G1X217.2440Y-335.6631

G1X221.4841Y-337.3273

G1X222.9656Y-337.7996

G1X224.3960Y-338.0854

G1X225.7243Y-338.1861

G1X227.1547Y-338.1301

G1X228.6872Y-337.9198

G1X233.6936Y-336.8225

G1X235.7371Y-336.4542

G1X237.5761Y-336.2284

G1X239.4152Y-336.1037

G1X242.8891Y-336.0847

G1X251.5736Y-336.4406

G1X256.3757Y-336.5233

G1X261.2799Y-336.4450

G1X270.0667Y-336.0812

G1X273.9493Y-336.1398

G1 Z0F20000

(Start Block)


G1X22.9136Y-332.8577
G1Z5F20000
(Plotting speed under)
G1 F4000


G1X25.3657Y-332.5619

G1X27.9200Y-332.4098

G1X31.2917Y-332.4019

G1X34.1525Y-332.5085

G1X36.8089Y-332.7197

G1X39.4654Y-333.0462

G1X46.0044Y-334.2341

G1X48.6608Y-334.8584

G1X53.4629Y-336.2307

G1X58.6809Y-338.1527

G1X60.3887Y-338.8977

G1X63.2918Y-340.3516

G1X64.9742Y-341.2906

G1X66.6566Y-342.3788

G1X67.8837Y-342.9146

G1X68.5843Y-343.0659

G1X71.3429Y-343.3421

G1X75.0211Y-343.5090

G1X79.1080Y-343.3634

G1X83.0927Y-342.8672

G1X87.0774Y-341.9994

G1X90.9380Y-340.7828

G1X94.4483Y-339.3437

G1X98.0029Y-337.5721

G1X101.3678Y-335.6460

G1X108.1860Y-331.4597

G1X111.2409Y-329.8116

G1X112.9486Y-329.0665

G1X114.4593Y-328.5553

G1X115.8897Y-328.2247

G1X117.3201Y-328.0642

G1X119.0571Y-328.1208

G1X120.6918Y-328.4417

G1X122.4360Y-329.0757

G1X124.1248Y-329.9682

G1X125.6855Y-331.0171

G1X127.4532Y-332.4261

G1X133.0830Y-337.6411

G1X135.3151Y-339.5036

G1X136.5216Y-340.3278

G1X137.5209Y-340.8783

G1X138.9805Y-341.4560

G1X139.5936Y-341.5909

G1X140.2723Y-341.4396

G1X141.2824Y-340.8125

G1X146.0484Y-336.8201

G1X147.7673Y-335.5267

G1X149.2616Y-334.2292

G1X153.5229Y-330.8503

G1X154.7879Y-330.1250

G1X155.4521Y-329.9093

G1X156.0432Y-329.8235

G1X156.8606Y-329.8684

G1X157.6342Y-330.0925

G1X158.4762Y-330.5293

G1X159.3063Y-331.1512

G1X160.1408Y-331.9359

G1X161.1128Y-333.0233

G1X164.0381Y-336.7506

G1X165.2557Y-338.1426

G1X165.9936Y-338.8442

G1X166.8053Y-339.4532

G1X167.3366Y-339.7508

G1X167.7856Y-339.8568

G1X168.5446Y-339.7055

G1X169.4096Y-339.1809

G1X176.9884Y-332.1410

G1X177.9624Y-331.5606

G1X178.9297Y-331.3388

G1X179.4405Y-331.3680

G1X180.0243Y-331.5270

G1X181.1293Y-332.1673

G1X182.4341Y-333.3876

G1X184.8249Y-336.1727

G1X186.0646Y-337.4266

G1X187.3486Y-338.2946

G1X187.9207Y-338.4983

G1X188.5338Y-338.5834

G1X189.5117Y-338.4289

G1X190.5197Y-337.9272

G1X191.7465Y-336.9404

G1X194.1078Y-334.5735

G1X195.2711Y-333.5716

G1X196.5323Y-332.8480

G1X197.6271Y-332.6113

G1X198.6196Y-332.7226

G1X199.6569Y-333.1458

G1X200.8965Y-333.9670

G1X203.3040Y-335.9104

G1X204.4385Y-336.6790

G1X205.6402Y-337.2263

G1X206.8225Y-337.4340

G1X207.8442Y-337.3435

G1X208.8659Y-337.0249

G1X210.1941Y-336.3625

G1X212.5850Y-334.9161

G1X213.7994Y-334.2913

G1X215.2006Y-333.8066

G1X216.4266Y-333.6375

G1X217.5505Y-333.6914

G1X218.8787Y-333.9769

G1X220.0610Y-334.3765

G1X223.1919Y-335.6319

G1X224.8047Y-336.1410

G1X226.2351Y-336.4244

G1X227.6655Y-336.5333

G1X228.9937Y-336.4896

G1X230.5263Y-336.3003

G1X235.8392Y-335.1996

G1X237.9848Y-334.8297

G1X239.9261Y-334.5993

G1X242.0717Y-334.4577

G1X245.5455Y-334.4179

G1X257.2953Y-334.6489

G1X269.7602Y-334.4120

G1X273.9493Y-334.6039

G1 Z0F20000

(Start Block)


G1X22.9136Y-332.8577
G1Z5F20000
(Plotting speed under)
G1 F4000


G1X25.0592Y-332.5904

G1X27.2048Y-332.4374

G1X32.2112Y-332.4224

G1X37.0133Y-332.7406

G1X41.6110Y-333.4018

G1X47.8435Y-334.6485

G1X54.4846Y-336.5651

G1X60.0092Y-338.7212

G1X63.4689Y-340.4435

G1X65.0628Y-341.3957

G1X65.5191Y-341.5937

G1X67.8691Y-341.7742

G1X71.0364Y-341.8568

G1X76.0428Y-341.6673

G1X80.9471Y-341.1025

G1X85.8513Y-340.1510

G1X90.5512Y-338.8464

G1X94.6380Y-337.3694

G1X98.8125Y-335.5177

G1X102.6074Y-333.5608

G1X109.9570Y-329.4689

G1X112.9486Y-328.0087

G1X114.5615Y-327.3660

G1X116.1963Y-326.8586

G1X117.6267Y-326.5577

G1X119.0571Y-326.4102

G1X120.8962Y-326.4701

G1X122.6331Y-326.8034

G1X124.4284Y-327.4395

G1X126.1614Y-328.3302

G1X127.8439Y-329.4358

G1X129.5627Y-330.7769

G1X135.5007Y-336.1885

G1X137.6395Y-337.9354

G1X138.8239Y-338.7290

G1X139.9877Y-339.3452

G1X140.9364Y-339.7118

G1X141.8413Y-339.8655

G1X142.3522Y-339.8107

G1X142.8694Y-339.5306

G1X146.0484Y-336.8201

G1X147.7673Y-335.5267

G1X149.2616Y-334.2292

G1X155.6585Y-329.1366

G1X156.8878Y-328.4473

G1X158.0866Y-328.1680

G1X158.8018Y-328.2027

G1X159.6192Y-328.4298

G1X160.4298Y-328.8520

G1X161.2710Y-329.4792

G1X162.8427Y-331.0995

G1X166.0463Y-335.2199

G1X167.3412Y-336.6861

G1X168.6869Y-337.7904

G1X169.5882Y-338.2368

G1X170.0626Y-338.3401

G1X170.4210Y-338.2671

G1X170.7900Y-338.0084

G1X172.9299Y-335.8716

G1X175.8077Y-333.2713

G1X178.4826Y-330.7135

G1X179.5618Y-329.9749

G1X180.1557Y-329.7607

G1X180.6666Y-329.6839

G1X181.6372Y-329.8322

G1X182.7701Y-330.4531

G1X183.9791Y-331.5538

G1X186.6355Y-334.6398

G1X187.6972Y-335.7197

G1X188.9424Y-336.5990

G1X189.5555Y-336.8325

G1X190.1685Y-336.9307

G1X191.0881Y-336.8033

G1X192.0970Y-336.3278

G1X193.2223Y-335.4530

G1X195.5098Y-333.1643

G1X196.8337Y-331.9834

G1X198.0630Y-331.2407

G1X198.6488Y-331.0464

G1X199.2618Y-330.9571

G1X200.1813Y-331.0499

G1X201.2507Y-331.4649

G1X202.4738Y-332.2587

G1X204.7250Y-334.0811

G1X205.9604Y-334.9493

G1X207.2531Y-335.5602

G1X208.4572Y-335.7795

G1X209.3768Y-335.7142

G1X210.4788Y-335.3966

G1X211.6995Y-334.8096

G1X214.0903Y-333.3754

G1X215.4122Y-332.6823

G1X216.8353Y-332.1757

G1X218.1635Y-331.9830

G1X219.4918Y-332.0622

G1X220.8200Y-332.3692

G1X224.9945Y-333.9523

G1X226.7460Y-334.4939

G1X228.1764Y-334.7684

G1X229.6068Y-334.8779

G1X231.1393Y-334.8278

G1X232.7741Y-334.6265

G1X238.0870Y-333.5835

G1X240.5391Y-333.1894

G1X242.6847Y-332.9569

G1X245.0347Y-332.8147

G1X268.0233Y-332.7646

G1X271.1906Y-332.8716

G1X273.9493Y-333.1246

G1 Z0F20000

(Start Block)


G1X22.9136Y-332.8577
G1Z5F20000
(Plotting speed under)
G1 F4000


G1X26.4896Y-332.4765

G1X30.4743Y-332.3913

G1X34.9698Y-332.5618

G1X39.2610Y-333.0167

G1X46.9239Y-334.4316

G1X53.1564Y-336.1374

G1X55.0757Y-336.7743

G1X58.7758Y-338.1907

G1X60.4835Y-338.9430

G1X62.4759Y-339.9719

G1X62.9648Y-340.1273

G1X64.5996Y-340.2021

G1X67.4604Y-340.1816

G1X72.5690Y-339.9108

G1X77.6776Y-339.3557

G1X82.8883Y-338.5139

G1X87.7926Y-337.4528

G1X92.4925Y-336.1507

G1X96.6304Y-334.7319

G1X100.7100Y-333.0587

G1X104.4100Y-331.3193

G1X111.7153Y-327.6179

G1X114.9410Y-326.1840

G1X116.8093Y-325.5229

G1X118.4440Y-325.0905

G1X119.9766Y-324.8347

G1X121.5092Y-324.7441

G1X123.3483Y-324.8774

G1X125.0852Y-325.2640

G1X126.8951Y-325.9457

G1X128.7293Y-326.9234

G1X130.4173Y-328.0599

G1X132.1411Y-329.4213

G1X137.7665Y-334.5323

G1X139.6417Y-336.0858

G1X140.7941Y-336.8950

G1X141.7903Y-337.4715

G1X143.1185Y-338.0711

G1X143.6877Y-338.2018

G1X144.3518Y-338.0402

G1X145.3452Y-337.4363

G1X146.4391Y-336.5079

G1X147.8454Y-335.4628

G1X149.3446Y-334.1625

G1X157.8951Y-327.3655

G1X159.0572Y-326.7435

G1X160.1300Y-326.5141

G1X160.8452Y-326.5545

G1X161.6188Y-326.7794

G1X162.4559Y-327.2256

G1X163.2373Y-327.8276

G1X164.0556Y-328.6168

G1X165.0343Y-329.7468

G1X167.6304Y-333.1630

G1X168.9526Y-334.7491

G1X170.2691Y-335.9459

G1X171.1062Y-336.4796

G1X171.5806Y-336.6143

G1X171.8526Y-336.5792

G1X172.2067Y-336.4107

G1X173.2251Y-335.6213

G1X180.5824Y-328.7785

G1X181.5423Y-328.2203

G1X182.4035Y-328.0288

G1X182.9143Y-328.0635

G1X183.5274Y-328.2397

G1X184.5427Y-328.8479

G1X185.6568Y-329.8754

G1X188.4531Y-333.1364

G1X189.4894Y-334.1609

G1X190.6502Y-334.9574

G1X191.2194Y-335.1783

G1X191.8033Y-335.2752

G1X192.8250Y-335.1293

G1X193.8126Y-334.6372

G1X194.6981Y-333.9513

G1X197.6498Y-331.0459

G1X198.5057Y-330.3188

G1X199.6705Y-329.6070

G1X200.2835Y-329.3965

G1X200.8965Y-329.3023

G1X201.8161Y-329.3939

G1X202.8446Y-329.7849

G1X203.9681Y-330.4897

G1X206.4585Y-332.4803

G1X207.6326Y-333.2989

G1X208.8659Y-333.8883

G1X209.5811Y-334.0691

G1X210.1941Y-334.1295

G1X211.3180Y-334.0060

G1X212.4711Y-333.6124

G1X213.4704Y-333.1136

G1X216.3040Y-331.4483

G1X217.5943Y-330.8426

G1X218.7766Y-330.4799

G1X219.9004Y-330.3314

G1X221.1265Y-330.3852

G1X222.5569Y-330.6899

G1X226.9868Y-332.3246

G1X228.6872Y-332.8329

G1X230.1176Y-333.1042

G1X231.6502Y-333.2241

G1X233.0806Y-333.1902

G1X234.7153Y-333.0160

G1X240.5391Y-331.9629

G1X243.1956Y-331.5707

G1X245.6477Y-331.3295

G1X248.3042Y-331.1837

G1X253.2084Y-331.1058

G1X266.3885Y-331.1387

G1X270.4754Y-331.3202

G1X273.9493Y-331.6975

G1 Z0F20000

(Start Block)


G1X22.9136Y-332.8577
G1Z5F20000
(Plotting speed under)
G1 F4000


G1X25.9787Y-332.5115

G1X29.1461Y-332.3889

G1X33.4373Y-332.4702

G1X37.4219Y-332.7844

G1X41.3045Y-333.3456

G1X45.9022Y-334.2134

G1X48.1500Y-334.7253

G1X53.7694Y-336.3276

G1X58.5861Y-338.1271

G1X60.0019Y-338.5279

G1X60.6149Y-338.5602

G1X64.2931Y-338.3963

G1X69.2995Y-338.0098

G1X75.8385Y-337.2373

G1X82.5818Y-336.1858

G1X88.6099Y-335.0047

G1X93.9228Y-333.6972

G1X98.4184Y-332.3238

G1X102.7023Y-330.7424

G1X106.5921Y-329.0795

G1X114.0872Y-325.6114

G1X117.1231Y-324.3858

G1X118.8527Y-323.8251

G1X120.4875Y-323.4221

G1X122.0200Y-323.1803

G1X123.4505Y-323.0912

G1X125.3917Y-323.2072

G1X127.2308Y-323.5911

G1X129.0772Y-324.2598

G1X130.9431Y-325.2252

G1X132.6587Y-326.3570

G1X134.4850Y-327.7849

G1X140.1886Y-332.9658

G1X142.2053Y-334.6234

G1X143.3399Y-335.3969

G1X144.3518Y-335.9597

G1X145.5195Y-336.4165

G1X146.1325Y-336.5454

G1X146.5221Y-336.4802

G1X147.0202Y-336.1723

G1X149.2616Y-334.2292

G1X154.4866Y-330.1204

G1X156.9086Y-328.1190

G1X158.3931Y-327.0264

G1X159.7214Y-325.8539

G1X160.9611Y-325.1334

G1X161.5605Y-324.9425

G1X162.1735Y-324.8570

G1X162.8887Y-324.9117

G1X163.7061Y-325.1724

G1X164.4144Y-325.5710

G1X165.2557Y-326.2301

G1X166.7420Y-327.8242

G1X169.8412Y-331.9296

G1X170.9764Y-333.2601

G1X172.3839Y-334.4986

G1X172.8266Y-334.7421

G1X173.3102Y-334.8416

G1X174.0254Y-334.7173

G1X174.7226Y-334.3075

G1X182.2275Y-327.1865

G1X183.1868Y-326.5995

G1X184.1404Y-326.3772

G1X184.6512Y-326.4127

G1X185.2234Y-326.5770

G1X186.3598Y-327.2761

G1X187.6806Y-328.5741

G1X190.0050Y-331.3403

G1X191.1562Y-332.5036

G1X192.3579Y-333.3228

G1X192.9272Y-333.5367

G1X193.4380Y-333.6175

G1X194.4451Y-333.4922

G1X195.4887Y-332.9736

G1X196.4430Y-332.2028

G1X199.2731Y-329.4146

G1X200.2324Y-328.6073

G1X201.3709Y-327.9345

G1X201.9401Y-327.7398

G1X202.5313Y-327.6506

G1X203.5530Y-327.7579

G1X204.5017Y-328.1346

G1X205.5454Y-328.7811

G1X208.3678Y-331.0138

G1X209.3972Y-331.6981

G1X210.6028Y-332.2514

G1X211.8289Y-332.4739

G1X213.0549Y-332.3461

G1X214.2737Y-331.9208

G1X217.9864Y-329.8298

G1X219.3969Y-329.1748

G1X220.6157Y-328.8143

G1X221.7396Y-328.6771

G1X222.9656Y-328.7343

G1X224.3960Y-329.0322

G1X228.7894Y-330.6095

G1X230.6285Y-331.1546

G1X232.1610Y-331.4427

G1X233.6936Y-331.5665

G1X235.2262Y-331.5420

G1X236.9631Y-331.3759

G1X243.1956Y-330.3484

G1X246.0564Y-329.9704

G1X248.9172Y-329.7230

G1X252.0845Y-329.5747

G1X258.9300Y-329.4923

G1X265.6733Y-329.5836

G1X269.9645Y-329.8323

G1X273.9493Y-330.3125

G1 Z0F20000

(Start Block)


G1X22.9136Y-332.8577
G1Z5F20000
(Plotting speed under)
G1 F4000


G1X26.1831Y-332.4968

G1X29.6569Y-332.3875

G1X33.9481Y-332.4968

G1X37.9328Y-332.8431

G1X41.1001Y-333.3092

G1X46.8218Y-334.4087

G1X49.3760Y-335.0553

G1X53.2585Y-336.1680

G1X54.6014Y-336.6254

G1X55.4042Y-336.7579

G1X56.4259Y-336.7847

G1X59.0823Y-336.6091

G1X65.0083Y-336.0527

G1X73.8972Y-334.9301

G1X84.4209Y-333.4032

G1X90.7555Y-332.3158

G1X96.0685Y-331.1807

G1X100.6662Y-329.9424

G1X105.0741Y-328.4756

G1X108.9640Y-326.9529

G1X116.5539Y-323.7094

G1X119.5898Y-322.5847

G1X121.2027Y-322.1056

G1X122.8374Y-321.7350

G1X124.2678Y-321.5249

G1X125.6982Y-321.4382

G1X127.7417Y-321.5571

G1X129.6829Y-321.9644

G1X131.6388Y-322.6855

G1X133.5110Y-323.6731

G1X135.2321Y-324.8267

G1X137.0633Y-326.2796

G1X142.3806Y-331.1637

G1X144.2807Y-332.7725

G1X146.0849Y-334.0014

G1X147.1981Y-334.5905

G1X147.7673Y-334.7493

G1X148.5263Y-334.6248

G1X149.4276Y-334.1511

G1X156.9086Y-328.1190

G1X158.3931Y-327.0264

G1X159.9558Y-325.6575

G1X162.0458Y-323.9897

G1X163.1368Y-323.4124

G1X164.1148Y-323.2068

G1X164.8299Y-323.2521

G1X165.6035Y-323.4945

G1X166.3625Y-323.9188

G1X167.1438Y-324.5421

G1X168.6869Y-326.2231

G1X171.4943Y-330.0042

G1X172.8045Y-331.5903

G1X174.0975Y-332.7428

G1X174.9012Y-333.2244

G1X175.3755Y-333.3808

G1X175.7339Y-333.3321

G1X176.1029Y-333.0796

G1X178.1690Y-330.9918

G1X181.1207Y-328.2770

G1X183.7126Y-325.7402

G1X184.7917Y-324.9963

G1X185.3664Y-324.7916

G1X185.8773Y-324.7224

G1X186.3809Y-324.7602

G1X186.8553Y-324.8981

G1X187.9268Y-325.5196

G1X189.1417Y-326.6667

G1X191.4661Y-329.4393

G1X192.7796Y-330.8099

G1X193.9897Y-331.6555

G1X194.5619Y-331.8727

G1X195.1749Y-331.9678

G1X196.1528Y-331.8196

G1X197.1609Y-331.3133

G1X198.3877Y-330.3107

G1X200.6752Y-327.9997

G1X201.9122Y-326.9302

G1X203.1735Y-326.2187

G1X204.2682Y-325.9954

G1X205.2607Y-326.1172

G1X206.2980Y-326.5469

G1X207.5377Y-327.3666

G1X209.8621Y-329.2239

G1X210.9911Y-329.9931

G1X212.2814Y-330.5934

G1X213.4636Y-330.8161

G1X214.5875Y-330.7312

G1X215.8866Y-330.3173

G1X217.1010Y-329.7124

G1X219.7764Y-328.1723

G1X221.1995Y-327.5218

G1X222.4547Y-327.1576

G1X223.6808Y-327.0191

G1X225.0090Y-327.1023

G1X226.3373Y-327.3860

G1X230.8766Y-328.9702

G1X232.5697Y-329.4598

G1X234.1023Y-329.7556

G1X235.7371Y-329.9054

G1X237.3718Y-329.9000

G1X239.3131Y-329.7396

G1X245.8521Y-328.7806

G1X249.1215Y-328.4033

G1X252.1867Y-328.1776

G1X255.5583Y-328.0463

G1X260.9734Y-328.0100

G1X265.8777Y-328.1466

G1X269.9645Y-328.4469

G1X273.9493Y-328.9531

G1 Z0F20000

(Start Block)


G1X22.9136Y-332.8577
G1Z5F20000
(Plotting speed under)
G1 F4000


G1X25.5701Y-332.5441

G1X28.4309Y-332.3969

G1X32.3134Y-332.4256

G1X35.7872Y-332.6253

G1X38.5458Y-332.9194

G1X41.2023Y-333.3273

G1X46.3109Y-334.2978

G1X49.5804Y-335.0915

G1X53.9738Y-334.7342

G1X58.4693Y-334.2323

G1X73.9994Y-332.1315

G1X90.5512Y-330.1092

G1X94.9446Y-329.4487

G1X98.8271Y-328.7249

G1X103.4248Y-327.6287

G1X107.8182Y-326.2892

G1X111.7153Y-324.8647

G1X119.1155Y-321.8955

G1X122.1222Y-320.8507

G1X125.1874Y-320.0865

G1X126.6178Y-319.8779

G1X128.0482Y-319.7861

G1X130.0916Y-319.8881

G1X132.1351Y-320.3015

G1X134.1055Y-321.0218

G1X135.9903Y-322.0163

G1X137.6395Y-323.1241

G1X139.4854Y-324.5975

G1X144.8895Y-329.6312

G1X146.6881Y-331.1694

G1X148.4757Y-332.3948

G1X149.7596Y-333.0656

G1X150.2340Y-333.2091

G1X150.5898Y-333.1572

G1X151.0879Y-332.8488

G1X156.8305Y-328.1811

G1X158.3931Y-327.0264

G1X160.1902Y-325.4645

G1X162.3778Y-323.7742

G1X163.7946Y-322.5084

G1X164.9457Y-321.8230

G1X166.0560Y-321.5527

G1X166.7712Y-321.5985

G1X167.5886Y-321.8641

G1X168.2718Y-322.2589

G1X169.0889Y-322.9194

G1X170.6002Y-324.5990

G1X173.4464Y-328.4861

G1X174.4795Y-329.7615

G1X175.2174Y-330.5263

G1X175.9258Y-331.1084

G1X176.4571Y-331.4680

G1X176.8999Y-331.6154

G1X177.1655Y-331.5942

G1X177.5197Y-331.4407

G1X178.6118Y-330.6059

G1X181.3420Y-328.0660

G1X184.5888Y-324.8705

G1X185.8172Y-323.7758

G1X186.6947Y-323.2597

G1X187.5121Y-323.0691

G1X188.0229Y-323.0990

G1X188.5338Y-323.2404

G1X189.1085Y-323.5170

G1X189.6066Y-323.8653

G1X190.7600Y-324.9479

G1X193.3466Y-328.0205

G1X194.3384Y-329.0555

G1X195.0025Y-329.6042

G1X195.5836Y-329.9675

G1X196.1966Y-330.2110

G1X196.8097Y-330.3154

G1X197.7292Y-330.1896

G1X198.7381Y-329.7091

G1X199.8635Y-328.8223

G1X202.1510Y-326.5217

G1X203.4749Y-325.3463

G1X204.7041Y-324.6145

G1X205.2899Y-324.4256

G1X205.9029Y-324.3416

G1X206.8225Y-324.4391

G1X207.8919Y-324.8534

G1X209.0320Y-325.5771

G1X211.4394Y-327.4854

G1X212.6735Y-328.3330

G1X213.9891Y-328.9416

G1X215.2006Y-329.1636

G1X216.3244Y-329.0742

G1X217.5943Y-328.6770

G1X218.6948Y-328.1490

G1X221.6739Y-326.4687

G1X223.0970Y-325.8427

G1X224.2938Y-325.5077

G1X225.5199Y-325.3677

G1X226.7460Y-325.4257

G1X228.1764Y-325.7029

G1X232.8763Y-327.2773

G1X234.8175Y-327.8160

G1X236.3501Y-328.0963

G1X237.9848Y-328.2453

G1X239.6196Y-328.2562

G1X241.5609Y-328.1307

G1X248.5085Y-327.2611

G1X251.7780Y-326.9360

G1X257.8061Y-326.6461

G1X262.0973Y-326.6468

G1X266.1842Y-326.8034

G1X269.8624Y-327.0995

G1X273.9493Y-327.5969

G1 Z0F20000

(Start Block)


G1X22.9136Y-332.8577
G1Z5F20000
(Plotting speed under)
G1 F4000


G1X24.9570Y-332.6004

G1X27.0005Y-332.4474

G1X31.8025Y-332.4118

G1X36.8089Y-332.7197

G1X41.5088Y-333.3828

G1X43.4501Y-333.3328

G1X47.1282Y-332.9953

G1X51.0108Y-332.5157

G1X65.4170Y-330.2764

G1X72.3646Y-329.3582

G1X79.1080Y-328.6929

G1X92.5946Y-327.6542

G1X98.3162Y-327.0185

G1X103.3226Y-326.1815

G1X108.0225Y-325.0633

G1X113.0435Y-323.4732

G1X121.2027Y-320.3650

G1X124.3700Y-319.2761

G1X127.6395Y-318.4529

G1X129.0699Y-318.2378

G1X130.5003Y-318.1355

G1X132.6459Y-318.2301

G1X134.5872Y-318.6113

G1X136.5722Y-319.3239

G1X138.4697Y-320.3244

G1X140.1300Y-321.4506

G1X141.9074Y-322.8894

G1X147.3246Y-328.0356

G1X149.0174Y-329.5148

G1X151.1321Y-330.9741

G1X151.6634Y-331.2142

G1X152.2628Y-331.3134

G1X152.9780Y-331.2147

G1X153.5783Y-330.8772

G1X156.8305Y-328.1811

G1X158.4713Y-326.9625

G1X160.3464Y-325.3375

G1X162.3778Y-323.7742

G1X163.8623Y-322.4402

G1X166.0305Y-320.6655

G1X167.0266Y-320.1178

G1X167.9973Y-319.8997

G1X168.7125Y-319.9488

G1X169.4617Y-320.1952

G1X170.1701Y-320.6077

G1X170.9375Y-321.2356

G1X172.3712Y-322.8356

G1X175.2979Y-326.8798

G1X176.4571Y-328.3013

G1X177.7355Y-329.4878

G1X178.1506Y-329.7351

G1X178.6231Y-329.8517

G1X179.3383Y-329.7467

G1X180.0355Y-329.3369

G1X187.4667Y-322.1480

G1X188.3732Y-321.6111

G1X189.2490Y-321.4147

G1X189.7598Y-321.4566

G1X190.2707Y-321.6042

G1X191.3333Y-322.2532

G1X192.4378Y-323.3078

G1X195.1187Y-326.4996

G1X196.1305Y-327.5211

G1X196.7556Y-328.0222

G1X197.2913Y-328.3365

G1X197.8606Y-328.5620

G1X198.4444Y-328.6607

G1X199.3640Y-328.5427

G1X200.3652Y-328.0692

G1X201.3393Y-327.3167

G1X204.2171Y-324.4779

G1X205.1469Y-323.6867

G1X205.8553Y-323.2127

G1X206.4138Y-322.9431

G1X207.0268Y-322.7555

G1X207.6398Y-322.6840

G1X208.7637Y-322.8619

G1X209.9095Y-323.3969

G1X210.8583Y-324.0331

G1X213.5977Y-326.1667

G1X214.7481Y-326.8781

G1X215.8136Y-327.3177

G1X216.9375Y-327.5116

G1X218.1635Y-327.4044

G1X219.4918Y-326.9704

G1X223.2994Y-324.9222

G1X224.9069Y-324.2102

G1X226.2351Y-323.8448

G1X227.5633Y-323.7104

G1X228.8916Y-323.7944

G1X230.3220Y-324.0825

G1X235.0219Y-325.6054

G1X236.8609Y-326.1024

G1X238.4957Y-326.4059

G1X240.2326Y-326.5769

G1X241.8673Y-326.6109

G1X243.6043Y-326.5427

G1X253.2084Y-325.6141

G1X256.2735Y-325.4305

G1X259.4409Y-325.3437

G1X262.9147Y-325.3661

G1X266.3885Y-325.5128

G1X269.6581Y-325.7651

G1X273.9493Y-326.2171

G1 Z0F20000

(Start Block)


G1X22.9136Y-331.9049
G1Z5F20000
(Plotting speed under)
G1 F4000


G1X28.4309Y-331.9320

G1X32.6199Y-331.8499

G1X36.5024Y-331.6383

G1X40.3849Y-331.2720

G1X47.0261Y-330.3081

G1X62.9648Y-327.4037

G1X67.5626Y-326.7510

G1X71.9559Y-326.2783

G1X79.6188Y-325.7912

G1X95.9663Y-325.3229

G1X100.0531Y-325.0347

G1X103.7313Y-324.6128

G1X107.8182Y-323.9088

G1X111.7007Y-322.9734

G1X116.1744Y-321.5724

G1X124.2386Y-318.5770

G1X127.2308Y-317.5758

G1X130.3981Y-316.7918

G1X131.8285Y-316.5792

G1X133.1568Y-316.4832

G1X135.3024Y-316.5738

G1X137.2436Y-316.9601

G1X139.2287Y-317.6910

G1X141.1262Y-318.7246

G1X142.7669Y-319.8769

G1X144.4858Y-321.3146

G1X149.6859Y-326.3891

G1X151.2832Y-327.8253

G1X152.8312Y-328.9645

G1X153.8392Y-329.5829

G1X154.3136Y-329.7439

G1X154.7626Y-329.6748

G1X155.2939Y-329.3833

G1X158.3101Y-327.0924

G1X160.0339Y-325.5928

G1X162.2948Y-323.8422

G1X164.0967Y-322.2430

G1X166.2795Y-320.5146

G1X167.7793Y-319.1447

G1X168.8419Y-318.5048

G1X169.9385Y-318.2435

G1X170.6318Y-318.3006

G1X171.3908Y-318.5662

G1X172.0661Y-318.9718

G1X172.8474Y-319.6337

G1X174.3923Y-321.4196

G1X176.8729Y-324.9207

G1X178.1901Y-326.5927

G1X179.4105Y-327.7393

G1X180.2141Y-328.2518

G1X180.6884Y-328.4186

G1X181.0469Y-328.3698

G1X181.4158Y-328.1069

G1X183.4819Y-325.9540

G1X187.4667Y-322.1822

G1X188.8725Y-320.7233

G1X189.9165Y-320.0166

G1X190.3729Y-319.8456

G1X190.8837Y-319.7647

G1X191.3946Y-319.7943

G1X191.8646Y-319.9202

G1X193.0009Y-320.5947

G1X194.3218Y-321.8956

G1X196.6462Y-324.7048

G1X197.7973Y-325.8857

G1X198.9485Y-326.6873

G1X199.4797Y-326.9014

G1X200.0792Y-327.0040

G1X201.0863Y-326.8700

G1X202.1299Y-326.3404

G1X203.0061Y-325.6355

G1X205.8405Y-322.8491

G1X206.8736Y-321.9814

G1X208.1069Y-321.2792

G1X208.6762Y-321.1036

G1X209.2746Y-321.0327

G1X210.2890Y-321.1608

G1X211.2378Y-321.5461

G1X212.2695Y-322.1798

G1X215.0090Y-324.2962

G1X216.1269Y-325.0342

G1X217.3461Y-325.5980

G1X218.5722Y-325.8502

G1X219.7983Y-325.7784

G1X221.1046Y-325.3920

G1X222.4139Y-324.7777

G1X225.3740Y-323.1677

G1X226.8919Y-322.5294

G1X228.1764Y-322.1919

G1X229.5046Y-322.0584

G1X230.8328Y-322.1308

G1X232.2632Y-322.3965

G1X237.2696Y-323.9328

G1X239.2109Y-324.4312

G1X240.9478Y-324.7376

G1X242.6847Y-324.9079

G1X246.2607Y-324.9152

G1X255.3540Y-324.2583

G1X260.7691Y-324.0893

G1X266.4907Y-324.2318

G1X273.9493Y-324.7842

G1 Z0F20000

(Start Block)


G1X22.9136Y-330.2222
G1Z5F20000
(Plotting speed under)
G1 F4000


G1X26.7961Y-330.1047

G1X30.3721Y-329.8909

G1X33.7438Y-329.5708

G1X37.1155Y-329.1255

G1X43.1436Y-328.0451

G1X54.2803Y-325.6034

G1X58.8780Y-324.6853

G1X63.8844Y-323.8752

G1X68.7886Y-323.3168

G1X73.6929Y-322.9982

G1X78.8015Y-322.8945

G1X83.6035Y-322.9588

G1X94.1272Y-323.2795

G1X98.9293Y-323.2978

G1X103.5270Y-323.1042

G1X107.6139Y-322.6836

G1X112.0072Y-321.9060

G1X116.2984Y-320.7906

G1X120.2539Y-319.4822

G1X128.0336Y-316.6018

G1X131.0112Y-315.6584

G1X133.6676Y-315.0607

G1X136.0176Y-314.8273

G1X138.0610Y-314.9242

G1X139.8928Y-315.2989

G1X141.6954Y-315.9659

G1X143.5170Y-316.9581

G1X145.1108Y-318.0852

G1X146.8080Y-319.5253

G1X152.0472Y-324.7747

G1X153.7834Y-326.3589

G1X155.4710Y-327.5750

G1X156.2475Y-327.9162

G1X156.7584Y-328.0272

G1X157.2309Y-327.9371

G1X157.7290Y-327.6030

G1X159.9558Y-325.6575

G1X162.2948Y-323.8422

G1X164.0967Y-322.2430

G1X166.2795Y-320.5146

G1X168.0814Y-318.8645

G1X169.8491Y-317.3813

G1X170.8216Y-316.8164

G1X171.7776Y-316.5912

G1X172.4928Y-316.6481

G1X173.1808Y-316.8815

G1X173.8892Y-317.3091

G1X174.6115Y-317.9137

G1X176.0224Y-319.5302

G1X178.8600Y-323.5530

G1X179.8546Y-324.8208

G1X180.6235Y-325.6369

G1X181.3273Y-326.2213

G1X181.8586Y-326.5671

G1X182.2128Y-326.6676

G1X182.4673Y-326.6402

G1X182.7994Y-326.4810

G1X183.8509Y-325.6197

G1X187.4667Y-322.1822

G1X189.8280Y-319.7442

G1X190.6858Y-318.9711

G1X191.5989Y-318.3548

G1X192.1098Y-318.1760

G1X192.6206Y-318.1070

G1X193.1169Y-318.1499

G1X193.5913Y-318.2968

G1X194.6460Y-318.9333

G1X195.8493Y-320.1004

G1X198.1072Y-322.8353

G1X199.3469Y-324.1485

G1X200.5423Y-325.0108

G1X201.1009Y-325.2389

G1X201.7139Y-325.3494

G1X202.6991Y-325.2242

G1X203.7190Y-324.7285

G1X204.9550Y-323.7340

G1X207.3163Y-321.3652

G1X208.4753Y-320.3684

G1X209.7198Y-319.6458

G1X210.2963Y-319.4612

G1X210.9094Y-319.3816

G1X211.9019Y-319.4896

G1X212.9392Y-319.8941

G1X214.2618Y-320.7330

G1X216.5863Y-322.5359

G1X217.8979Y-323.4022

G1X219.2071Y-323.9805

G1X220.4113Y-324.2000

G1X221.6374Y-324.1136

G1X222.9072Y-323.7405

G1X224.0457Y-323.2291

G1X227.1765Y-321.5635

G1X228.6945Y-320.9253

G1X230.1176Y-320.5466

G1X231.5480Y-320.4037

G1X232.8763Y-320.4712

G1X234.4088Y-320.7408

G1X239.5174Y-322.2271

G1X241.6630Y-322.7488

G1X243.3999Y-323.0434

G1X245.2390Y-323.2285

G1X249.0194Y-323.2885

G1X257.4996Y-322.8991

G1X261.9952Y-322.8202

G1X266.3885Y-322.9100

G1X273.9493Y-323.2697

G1 Z0F20000

(Start Block)


G1X22.9136Y-328.2194
G1Z5F20000
(Plotting speed under)
G1 F4000


G1X28.6352Y-327.7179

G1X34.0503Y-326.8974

G1X39.5676Y-325.7316

G1X50.7042Y-322.9274

G1X55.8128Y-321.7688

G1X61.4323Y-320.7754

G1X66.8474Y-320.1586

G1X72.4668Y-319.8803

G1X78.4950Y-319.9506

G1X84.1144Y-320.2819

G1X95.9663Y-321.2640

G1X101.2792Y-321.5141

G1X106.1834Y-321.4577

G1X110.7812Y-321.0543

G1X114.4593Y-320.4379

G1X118.1375Y-319.5435

G1X122.6258Y-318.1130

G1X130.3106Y-315.2214

G1X133.1568Y-314.2451

G1X136.2219Y-313.4646

G1X137.6523Y-313.2523

G1X138.8784Y-313.1721

G1X140.8196Y-313.2741

G1X142.6441Y-313.6700

G1X144.4467Y-314.3811

G1X146.1734Y-315.3773

G1X147.7673Y-316.5645

G1X149.3907Y-318.0091

G1X154.1288Y-322.9261

G1X155.6629Y-324.4033

G1X157.6847Y-325.9727

G1X158.1275Y-326.2213

G1X158.4880Y-326.3004

G1X159.0572Y-326.1886

G1X159.7995Y-325.8071

G1X162.2118Y-323.9087

G1X164.0967Y-322.2430

G1X166.3625Y-320.4445

G1X168.2377Y-318.7305

G1X170.3472Y-316.9946

G1X171.6755Y-315.7477

G1X172.7381Y-315.1355

G1X173.7189Y-314.9351

G1X174.4268Y-315.0169

G1X175.0909Y-315.2751

G1X175.8077Y-315.7325

G1X176.4719Y-316.3235

G1X177.8106Y-317.8907

G1X180.6266Y-321.9306

G1X181.7036Y-323.2993

G1X182.9654Y-324.5213

G1X183.3805Y-324.7875

G1X183.8193Y-324.9027

G1X184.5783Y-324.7331

G1X185.3267Y-324.2514

G1X191.1562Y-318.4382

G1X192.5365Y-317.1535

G1X193.4015Y-316.6400

G1X194.2554Y-316.4516

G1X194.7662Y-316.4993

G1X195.2771Y-316.6598

G1X196.2477Y-317.2506

G1X197.4012Y-318.3505

G1X199.5683Y-320.9676

G1X200.8965Y-322.4105

G1X202.1417Y-323.3380

G1X202.7356Y-323.5823

G1X203.3486Y-323.6975

G1X204.2682Y-323.5900

G1X205.2963Y-323.1158

G1X206.5046Y-322.1718

G1X208.7921Y-319.8879

G1X210.1160Y-318.7311

G1X211.4338Y-317.9731

G1X212.0332Y-317.7961

G1X212.6463Y-317.7249

G1X213.5658Y-317.8326

G1X214.6216Y-318.2336

G1X215.7561Y-318.9250

G1X218.0805Y-320.7016

G1X219.4918Y-321.6557

G1X220.8200Y-322.2749

G1X222.1483Y-322.5444

G1X223.4765Y-322.4575

G1X224.8996Y-322.0306

G1X229.0740Y-319.9365

G1X230.7307Y-319.2594

G1X232.1610Y-318.8939

G1X233.6936Y-318.7503

G1X235.1240Y-318.8286

G1X236.7588Y-319.1130

G1X241.8673Y-320.5128

G1X244.1151Y-321.0293

G1X246.0564Y-321.3446

G1X247.9976Y-321.5387

G1X251.8802Y-321.6516

G1X263.1190Y-321.4706

G1X273.9493Y-321.6493

G1 Z0F20000

(Start Block)


G1X22.9136Y-325.9525
G1Z5F20000
(Plotting speed under)
G1 F4000


G1X28.0222Y-325.2400

G1X33.1307Y-324.1933

G1X37.8306Y-322.9846

G1X48.7630Y-319.8922

G1X54.4846Y-318.5201

G1X60.1041Y-317.5301

G1X65.6213Y-316.9509

G1X68.7886Y-316.7942

G1X71.9559Y-316.7600

G1X75.2254Y-316.8455

G1X78.6993Y-317.0592

G1X84.8296Y-317.6900

G1X97.7032Y-319.4073

G1X103.3226Y-319.9067

G1X105.9791Y-320.0084

G1X108.5334Y-320.0018

G1X110.9855Y-319.8857

G1X113.4376Y-319.6510

G1X117.3201Y-319.0180

G1X121.3048Y-318.0307

G1X125.8515Y-316.5359

G1X133.6311Y-313.4960

G1X136.3241Y-312.5429

G1X139.1849Y-311.7963

G1X140.5131Y-311.5951

G1X141.6370Y-311.5190

G1X143.4761Y-311.6144

G1X145.2057Y-311.9952

G1X146.9134Y-312.6809

G1X148.6528Y-313.7126

G1X150.1894Y-314.8976

G1X151.7520Y-316.3355

G1X156.5057Y-321.4247

G1X157.9504Y-322.8423

G1X159.4723Y-324.0578

G1X160.3855Y-324.6202

G1X160.8598Y-324.7843

G1X161.2156Y-324.7299

G1X161.6307Y-324.4587

G1X163.7842Y-322.5069

G1X166.2795Y-320.5146

G1X168.2377Y-318.7305

G1X170.3472Y-316.9946

G1X173.4188Y-314.1870

G1X174.4341Y-313.5364

G1X175.4558Y-313.2820

G1X176.0688Y-313.3293

G1X176.7840Y-313.5730

G1X177.4572Y-313.9827

G1X178.1604Y-314.5884

G1X179.7026Y-316.4187

G1X182.1858Y-320.0454

G1X183.4398Y-321.6769

G1X184.7234Y-322.8879

G1X185.3664Y-323.2240

G1X185.8773Y-323.3490

G1X186.2860Y-323.2883

G1X186.7287Y-322.9878

G1X189.3852Y-320.2151

G1X194.0340Y-315.6073

G1X195.0144Y-314.9960

G1X195.8901Y-314.7996

G1X196.4010Y-314.8471

G1X196.9118Y-315.0026

G1X197.9080Y-315.6221

G1X198.9392Y-316.6002

G1X201.6271Y-319.8160

G1X202.6154Y-320.8338

G1X203.2405Y-321.3513

G1X203.8376Y-321.7135

G1X204.4068Y-321.9411

G1X204.9834Y-322.0451

G1X205.9029Y-321.9368

G1X206.9179Y-321.4705

G1X207.9804Y-320.6638

G1X210.7411Y-317.9618

G1X211.7880Y-317.0773

G1X213.0549Y-316.3429

G1X213.6680Y-316.1518

G1X214.2810Y-316.0712

G1X215.3027Y-316.1896

G1X216.2661Y-316.5533

G1X217.3334Y-317.1772

G1X220.2389Y-319.3431

G1X221.3513Y-320.0511

G1X222.6591Y-320.6352

G1X223.9873Y-320.8913

G1X225.2134Y-320.8230

G1X226.6073Y-320.4405

G1X227.8407Y-319.9102

G1X231.0664Y-318.2817

G1X232.6792Y-317.6384

G1X234.2045Y-317.2511

G1X235.7371Y-317.0983

G1X237.0653Y-317.1427

G1X238.4957Y-317.3390

G1X246.0564Y-319.1686

G1X248.5085Y-319.5782

G1X250.9606Y-319.8285

G1X256.2735Y-319.9969

G1X270.0667Y-319.9963

G1X273.9493Y-319.9069

G1 Z0F20000

(Start Block)


G1X22.9136Y-323.4820
G1Z5F20000
(Plotting speed under)
G1 F4000


G1X27.0005Y-322.7070

G1X31.2917Y-321.6496

G1X35.2764Y-320.4918

G1X45.4935Y-317.3058

G1X51.5216Y-315.7106

G1X54.8933Y-315.0051

G1X58.1628Y-314.4662

G1X61.4323Y-314.0726

G1X64.8039Y-313.8158

G1X68.3799Y-313.7027

G1X71.9559Y-313.7464

G1X75.6342Y-313.9476

G1X79.3123Y-314.2978

G1X85.8513Y-315.2380

G1X99.3379Y-317.6874

G1X102.4031Y-318.1324

G1X105.2639Y-318.4472

G1X108.1247Y-318.6407

G1X110.7812Y-318.6937

G1X113.3354Y-318.6154

G1X115.8897Y-318.3996

G1X120.0788Y-317.7303

G1X124.3700Y-316.6408

G1X129.1721Y-314.9842

G1X136.6671Y-311.8797

G1X139.2287Y-310.9171

G1X142.0457Y-310.1392

G1X143.2717Y-309.9439

G1X144.3956Y-309.8645

G1X146.1325Y-309.9621

G1X147.8622Y-310.3692

G1X149.4497Y-311.0450

G1X151.0879Y-312.0596

G1X152.5333Y-313.2150

G1X154.0395Y-314.6481

G1X158.3232Y-319.3885

G1X159.9558Y-321.0705

G1X161.7967Y-322.6111

G1X162.2118Y-322.8432

G1X162.5822Y-322.9171

G1X163.1952Y-322.8072

G1X163.8623Y-322.4806

G1X166.1965Y-320.5831

G1X168.2377Y-318.7305

G1X170.4210Y-316.9296

G1X175.4258Y-312.3609

G1X176.3243Y-311.8399

G1X177.1927Y-311.6315

G1X177.8058Y-311.6707

G1X178.4937Y-311.8945

G1X179.2021Y-312.3289

G1X179.9245Y-312.9536

G1X181.2750Y-314.5571

G1X183.8710Y-318.3647

G1X184.9578Y-319.8198

G1X186.2122Y-321.0850

G1X186.9944Y-321.6259

G1X187.4371Y-321.7696

G1X187.7705Y-321.7121

G1X188.2393Y-321.3725

G1X194.1816Y-315.5070

G1X195.5137Y-314.0747

G1X196.4691Y-313.4182

G1X196.9118Y-313.2416

G1X197.4227Y-313.1518

G1X197.9335Y-313.1762

G1X198.4172Y-313.3021

G1X198.9485Y-313.5632

G1X199.5683Y-313.9958

G1X200.8965Y-315.3218

G1X203.2209Y-318.1359

G1X204.3343Y-319.2707

G1X204.8812Y-319.7086

G1X205.5454Y-320.1001

G1X206.1146Y-320.3120

G1X206.6181Y-320.3898

G1X207.6326Y-320.2581

G1X208.6762Y-319.7377

G1X209.7253Y-318.9167

G1X212.4079Y-316.2957

G1X213.5147Y-315.3793

G1X214.7481Y-314.6845

G1X215.3173Y-314.5042

G1X215.9158Y-314.4213

G1X216.9302Y-314.5148

G1X218.0686Y-314.9432

G1X219.2261Y-315.6403

G1X221.8992Y-317.6153

G1X223.1223Y-318.3903

G1X224.5201Y-318.9978

G1X225.8264Y-319.2373

G1X227.1547Y-319.1554

G1X228.5850Y-318.7581

G1X229.8330Y-318.2286

G1X233.0587Y-316.6539

G1X234.8175Y-315.9770

G1X236.3501Y-315.6038

G1X237.9848Y-315.4454

G1X239.4152Y-315.4904

G1X240.8456Y-315.6714

G1X248.8150Y-317.4209

G1X251.3693Y-317.8130

G1X254.1279Y-318.0807

G1X258.3170Y-318.2654

G1X264.5495Y-318.3144

G1X269.9645Y-318.2452

G1X273.9493Y-318.0380

G1 Z0F20000

(Start Block)


G1X22.9136Y-320.8679
G1Z5F20000
(Plotting speed under)
G1 F4000


G1X26.0809Y-320.1102

G1X29.3504Y-319.1825

G1X42.7349Y-314.7319

G1X46.1065Y-313.7211

G1X49.1717Y-312.9179

G1X52.9520Y-312.1032

G1X56.6302Y-311.5049

G1X60.4105Y-311.0843

G1X64.2931Y-310.8441

G1X68.2778Y-310.7863

G1X72.2625Y-310.9120

G1X76.2472Y-311.2199

G1X80.3340Y-311.7248

G1X83.6035Y-312.2612

G1X87.1795Y-312.9663

G1X101.0749Y-316.1230

G1X104.2422Y-316.7029

G1X107.1030Y-317.1105

G1X109.9638Y-317.3840

G1X112.7224Y-317.5029

G1X115.3789Y-317.4697

G1X118.0353Y-317.2815

G1X120.2831Y-316.9965

G1X122.6331Y-316.5739

G1X124.8809Y-316.0513

G1X127.2308Y-315.3820

G1X129.6464Y-314.5663

G1X132.1131Y-313.6102

G1X139.6082Y-310.2848

G1X142.1698Y-309.2569

G1X144.8043Y-308.4877

G1X146.0304Y-308.2838

G1X147.1543Y-308.2085

G1X148.7890Y-308.3219

G1X150.3216Y-308.7039

G1X151.8405Y-309.3721

G1X153.4123Y-310.3781

G1X154.7774Y-311.5030

G1X156.2260Y-312.9220

G1X160.6511Y-317.9704

G1X162.0827Y-319.4725

G1X163.5498Y-320.7194

G1X164.5030Y-321.3607

G1X164.9457Y-321.4874

G1X165.2687Y-321.4020

G1X165.5812Y-321.1847

G1X167.9252Y-319.0030

G1X170.4210Y-316.9296

G1X172.9299Y-314.5900

G1X175.5820Y-312.2662

G1X176.9146Y-310.9211

G1X177.9624Y-310.2344

G1X178.9297Y-309.9794

G1X179.5427Y-310.0158

G1X180.1761Y-310.2233

G1X180.8845Y-310.6475

G1X181.5634Y-311.2337

G1X182.9050Y-312.8195

G1X185.7663Y-317.0388

G1X186.7054Y-318.2641

G1X187.3346Y-318.9604

G1X188.0570Y-319.5956

G1X188.4997Y-319.8971

G1X188.9424Y-320.0305

G1X189.5623Y-319.8378

G1X190.5659Y-319.0756

G1X194.1816Y-315.5070

G1X196.4924Y-313.0231

G1X197.1609Y-312.4029

G1X198.1571Y-311.7251

G1X199.0574Y-311.4967

G1X199.5683Y-311.5241

G1X200.0427Y-311.6578

G1X201.1179Y-312.2930

G1X202.3576Y-313.4979

G1X204.6820Y-316.3092

G1X205.9143Y-317.5895

G1X207.0949Y-318.4148

G1X207.6398Y-318.6313

G1X208.2529Y-318.7356

G1X209.2454Y-318.6082

G1X210.2772Y-318.1105

G1X211.5962Y-317.0606

G1X213.9575Y-314.7432

G1X215.1750Y-313.7296

G1X216.4558Y-313.0193

G1X217.0397Y-312.8436

G1X217.6527Y-312.7669

G1X218.6744Y-312.8711

G1X219.7574Y-313.2689

G1X220.9860Y-313.9944

G1X223.3935Y-315.7566

G1X224.8047Y-316.6665

G1X226.2351Y-317.3053

G1X227.6655Y-317.5830

G1X228.9937Y-317.5147

G1X230.4023Y-317.1518

G1X231.7305Y-316.6170

G1X235.1459Y-315.0061

G1X236.9631Y-314.3352

G1X238.5979Y-313.9531

G1X240.2326Y-313.7951

G1X241.6630Y-313.8217

G1X243.2978Y-313.9993

G1X251.6758Y-315.6278

G1X254.3323Y-315.9918

G1X257.1931Y-316.2473

G1X261.2799Y-316.4260

G1X266.0820Y-316.4515

G1X270.2711Y-316.3275

G1X273.9493Y-316.0524

G1 Z0F20000

(Start Block)


G1X22.9136Y-318.1659
G1Z5F20000
(Plotting speed under)
G1 F4000


G1X28.5111Y-316.4409

G1X40.9980Y-311.9967

G1X44.1653Y-311.0202

G1X47.2304Y-310.2044

G1X51.3173Y-309.3353

G1X55.4042Y-308.7137

G1X59.6954Y-308.3022

G1X64.2931Y-308.0986

G1X68.1756Y-308.0975

G1X72.0581Y-308.2497

G1X75.7363Y-308.5439

G1X79.4145Y-308.9973

G1X83.1948Y-309.6387

G1X87.1795Y-310.5014

G1X91.0620Y-311.4943

G1X101.1770Y-314.2874

G1X104.2422Y-315.0193

G1X107.1030Y-315.5897

G1X110.5768Y-316.0994

G1X113.8463Y-316.3681

G1X117.0136Y-316.4142

G1X120.1810Y-316.2364

G1X122.7353Y-315.9251

G1X125.1874Y-315.4835

G1X127.6395Y-314.8983

G1X130.0916Y-314.1659

G1X132.4926Y-313.3061

G1X134.9593Y-312.2843

G1X142.3595Y-308.7392

G1X144.8262Y-307.6666

G1X146.1544Y-307.1947

G1X147.4608Y-306.8374

G1X148.5847Y-306.6370

G1X149.7086Y-306.5550

G1X151.2411Y-306.6647

G1X152.7737Y-307.0665

G1X154.3136Y-307.7917

G1X155.8148Y-308.8170

G1X157.1387Y-309.9699

G1X158.5260Y-311.3944

G1X162.3778Y-315.9415

G1X163.9274Y-317.6487

G1X165.6984Y-319.2407

G1X166.1135Y-319.5104

G1X166.4574Y-319.6113

G1X166.8369Y-319.5864

G1X167.2164Y-319.4581

G1X168.0814Y-318.9282

G1X170.4210Y-316.9296

G1X173.0037Y-314.5234

G1X175.5039Y-312.3377

G1X177.9477Y-309.9011

G1X178.8977Y-309.0820

G1X179.7470Y-308.5512

G1X180.6666Y-308.3222

G1X181.3526Y-308.3875

G1X182.0167Y-308.6437

G1X182.6138Y-309.0256

G1X183.3170Y-309.6594

G1X184.6415Y-311.2688

G1X187.3255Y-315.2702

G1X188.4112Y-316.7000

G1X189.6896Y-317.9527

G1X190.1047Y-318.2039

G1X190.5772Y-318.3116

G1X191.2924Y-318.1688

G1X191.9679Y-317.7307

G1X194.3952Y-315.2885

G1X197.8905Y-311.5715

G1X198.9433Y-310.5969

G1X199.7726Y-310.0641

G1X200.6922Y-309.8390

G1X201.1812Y-309.8744

G1X201.6555Y-310.0143

G1X202.6935Y-310.6271

G1X203.8186Y-311.6942

G1X206.1430Y-314.4891

G1X207.4678Y-315.8880

G1X208.6999Y-316.7600

G1X209.2746Y-316.9814

G1X209.8876Y-317.0840

G1X210.8072Y-316.9707

G1X211.8544Y-316.4904

G1X213.0720Y-315.5564

G1X215.4333Y-313.2634

G1X216.7572Y-312.1412

G1X218.0750Y-311.3912

G1X219.2874Y-311.1153

G1X220.3091Y-311.2006

G1X221.3892Y-311.5699

G1X222.5910Y-312.2441

G1X225.5518Y-314.3491

G1X226.7970Y-315.1001

G1X228.2785Y-315.7061

G1X229.6068Y-315.9306

G1X230.9350Y-315.8584

G1X232.4676Y-315.4671

G1X233.8177Y-314.9349

G1X237.2331Y-313.3895

G1X239.1087Y-312.7171

G1X240.7435Y-312.3356

G1X242.4804Y-312.1499

G1X244.0130Y-312.1539

G1X245.7499Y-312.3059

G1X254.4345Y-313.7499

G1X257.1931Y-314.0771

G1X259.9517Y-314.2914

G1X263.5277Y-314.4235

G1X267.2059Y-314.4119

G1X270.6798Y-314.2619

G1X273.9493Y-313.9750

G1 Z0F20000

(Start Block)


G1X22.9136Y-315.4248
G1Z5F20000
(Plotting speed under)
G1 F4000


G1X27.0880Y-313.9784

G1X38.2831Y-309.7578

G1X41.9175Y-308.5876

G1X45.2892Y-307.6808

G1X49.3760Y-306.8325

G1X53.6672Y-306.2214

G1X58.2650Y-305.8324

G1X63.3735Y-305.6480

G1X68.3799Y-305.6720

G1X73.1820Y-305.8896

G1X77.5754Y-306.2961

G1X81.6623Y-306.8955

G1X85.3404Y-307.6399

G1X89.2230Y-308.6326

G1X92.7990Y-309.7002

G1X102.0966Y-312.6780

G1X107.3073Y-314.0712

G1X110.2703Y-314.6701

G1X113.2333Y-315.0993

G1X116.0941Y-315.3400

G1X118.8527Y-315.4031

G1X122.0200Y-315.2656

G1X125.1874Y-314.8999

G1X128.2525Y-314.3195

G1X131.2155Y-313.5315

G1X134.1055Y-312.5357

G1X137.0466Y-311.2930

G1X139.7979Y-309.9477

G1X145.3954Y-307.0011

G1X147.9570Y-305.8443

G1X149.4020Y-305.3490

G1X150.7303Y-305.0392

G1X151.9563Y-304.9073

G1X153.1824Y-304.9496

G1X154.5033Y-305.2165

G1X155.7367Y-305.6913

G1X156.9764Y-306.3983

G1X158.2271Y-307.3437

G1X159.3524Y-308.3809

G1X160.5603Y-309.6637

G1X164.6358Y-314.6066

G1X166.0829Y-316.2072

G1X167.5345Y-317.4912

G1X168.3549Y-317.9659

G1X168.8292Y-318.0868

G1X169.1752Y-318.0139

G1X169.6440Y-317.6754

G1X172.7823Y-314.7241

G1X175.6601Y-312.1935

G1X180.5043Y-307.4905

G1X181.3526Y-306.9334

G1X182.3013Y-306.6699

G1X182.9143Y-306.7127

G1X183.6295Y-306.9650

G1X184.2106Y-307.3338

G1X184.8748Y-307.9157

G1X186.3438Y-309.7045

G1X188.8318Y-313.4587

G1X190.0809Y-315.1230

G1X190.8176Y-315.8885

G1X191.3645Y-316.3307

G1X192.0076Y-316.6629

G1X192.5185Y-316.7856

G1X192.9272Y-316.7200

G1X193.3699Y-316.4094

G1X199.0790Y-310.3410

G1X200.4278Y-309.0147

G1X201.2760Y-308.4462

G1X202.2248Y-308.1861

G1X202.7356Y-308.2187

G1X203.2465Y-308.3653

G1X204.2171Y-308.9325

G1X205.3706Y-310.0090

G1X208.0270Y-313.1660

G1X209.0320Y-314.1995

G1X209.6961Y-314.7388

G1X210.2963Y-315.1007

G1X210.9094Y-315.3351

G1X211.5224Y-315.4335

G1X212.4419Y-315.3108

G1X213.4704Y-314.8393

G1X214.6476Y-313.9542

G1X217.3041Y-311.4203

G1X218.4292Y-310.4940

G1X219.6961Y-309.7678

G1X220.4113Y-309.5421

G1X221.0244Y-309.4591

G1X222.1483Y-309.5706

G1X223.1919Y-309.9465

G1X224.3620Y-310.5993

G1X227.2121Y-312.5882

G1X228.6123Y-313.4281

G1X230.1176Y-314.0378

G1X231.5480Y-314.2787

G1X232.9784Y-314.1961

G1X234.4818Y-313.8214

G1X235.8100Y-313.3223

G1X239.3204Y-311.7994

G1X241.3565Y-311.0966

G1X243.0934Y-310.7035

G1X244.8303Y-310.5099

G1X246.4651Y-310.4886

G1X248.3042Y-310.6077

G1X256.9887Y-311.7834

G1X262.1995Y-312.2051

G1X265.1625Y-312.2834

G1X268.1255Y-312.2488

G1X271.0884Y-312.1000

G1X273.9493Y-311.8453

G1 Z0F20000

(Start Block)


G1X22.9136Y-312.6851
G1Z5F20000
(Plotting speed under)
G1 F4000


G1X36.0062Y-307.5531

G1X39.7719Y-306.3047

G1X43.3479Y-305.3442

G1X47.3326Y-304.5493

G1X51.6238Y-303.9895

G1X56.3237Y-303.6499

G1X61.9431Y-303.4887

G1X68.4821Y-303.5123

G1X73.9994Y-303.7263

G1X78.5971Y-304.1289

G1X82.8883Y-304.7731

G1X86.6687Y-305.5983

G1X90.5512Y-306.6986

G1X94.1637Y-307.9108

G1X103.4613Y-311.2731

G1X106.2856Y-312.1748

G1X108.8399Y-312.8816

G1X111.9051Y-313.5665

G1X114.8680Y-314.0425

G1X117.8310Y-314.3280

G1X120.7940Y-314.4206

G1X124.1657Y-314.2919

G1X127.5373Y-313.9089

G1X130.7046Y-313.2982

G1X133.7698Y-312.4498

G1X136.3825Y-311.5091

G1X138.9441Y-310.3802

G1X142.9857Y-308.2530

G1X147.9570Y-305.4262

G1X150.3289Y-304.2662

G1X151.7520Y-303.7339

G1X153.0802Y-303.3958

G1X154.3063Y-303.2529

G1X155.5323Y-303.3019

G1X156.7584Y-303.5669

G1X158.0136Y-304.0802

G1X159.2233Y-304.8147

G1X160.4246Y-305.7729

G1X161.4691Y-306.7772

G1X162.7099Y-308.1478

G1X166.2360Y-312.5624

G1X167.6243Y-314.1884

G1X168.5762Y-315.1500

G1X169.6001Y-316.0353

G1X170.0152Y-316.3197

G1X170.3472Y-316.4221

G1X170.9670Y-316.2428

G1X172.0444Y-315.4460

G1X175.7339Y-312.1237

G1X182.1537Y-305.8241

G1X183.0603Y-305.2480

G1X183.9361Y-305.0181

G1X184.5491Y-305.0601

G1X185.2068Y-305.2886

G1X185.7879Y-305.6525

G1X186.4852Y-306.2568

G1X187.8452Y-307.9090

G1X190.2154Y-311.5035

G1X191.5385Y-313.3228

G1X192.7796Y-314.5569

G1X193.5913Y-315.0685

G1X194.0656Y-315.1934

G1X194.4117Y-315.1139

G1X194.8804Y-314.7518

G1X201.9296Y-307.4013

G1X202.8889Y-306.7675

G1X203.7573Y-306.5351

G1X204.2682Y-306.5614

G1X204.7791Y-306.6973

G1X205.7944Y-307.2897

G1X206.9085Y-308.3248

G1X209.6629Y-311.5776

G1X210.6629Y-312.5833

G1X211.2880Y-313.0876

G1X211.9019Y-313.4496

G1X212.4711Y-313.6722

G1X213.0549Y-313.7756

G1X214.0767Y-313.6528

G1X215.1529Y-313.1452

G1X216.2102Y-312.3572

G1X219.0230Y-309.7119

G1X220.1559Y-308.8045

G1X221.4841Y-308.0784

G1X222.6591Y-307.8117

G1X223.6808Y-307.8727

G1X224.8933Y-308.2649

G1X226.2160Y-308.9898

G1X229.0550Y-310.9306

G1X230.4971Y-311.7743

G1X232.0589Y-312.3879

G1X233.5915Y-312.6271

G1X235.0219Y-312.5373

G1X236.5544Y-312.1690

G1X241.5973Y-310.1685

G1X243.6043Y-309.5056

G1X245.4433Y-309.0945

G1X247.2824Y-308.8776

G1X249.0194Y-308.8275

G1X250.9606Y-308.9066

G1X259.4409Y-309.7671

G1X264.0386Y-310.0415

G1X268.9428Y-310.0350

G1X273.9493Y-309.7142

G1 Z0F20000

(Start Block)


G1X22.9136Y-309.9787
G1Z5F20000
(Plotting speed under)
G1 F4000


G1X30.5984Y-306.7569

G1X34.0138Y-305.4166

G1X37.6263Y-304.1901

G1X41.1001Y-303.2494

G1X44.7783Y-302.5245

G1X48.7630Y-302.0262

G1X53.0542Y-301.7472

G1X58.5715Y-301.6223

G1X68.7886Y-301.6194

G1X74.8168Y-301.7573

G1X79.7210Y-302.1165

G1X84.0122Y-302.7442

G1X87.8947Y-303.6304

G1X91.7918Y-304.8300

G1X95.3971Y-306.1663

G1X104.5049Y-309.8286

G1X107.2562Y-310.8079

G1X109.7594Y-311.5841

G1X112.7224Y-312.3363

G1X115.5832Y-312.8789

G1X118.5462Y-313.2479

G1X121.5092Y-313.4247

G1X125.3917Y-313.3746

G1X129.1721Y-313.0141

G1X132.7481Y-312.3562

G1X136.1927Y-311.3819

G1X138.5646Y-310.4918

G1X140.4620Y-309.6081

G1X143.9597Y-307.7085

G1X150.1581Y-303.9840

G1X152.3212Y-302.8175

G1X154.5106Y-301.9550

G1X155.5323Y-301.7123

G1X156.5540Y-301.5990

G1X157.8823Y-301.6715

G1X159.2470Y-302.0351

G1X160.6069Y-302.7105

G1X161.9091Y-303.6540

G1X163.0419Y-304.6981

G1X164.3038Y-306.0743

G1X168.4497Y-311.3518

G1X169.7880Y-312.8983

G1X171.2848Y-314.2943

G1X171.7776Y-314.5554

G1X172.2885Y-314.6580

G1X172.9015Y-314.5644

G1X173.4725Y-314.1964

G1X175.7339Y-312.1237

G1X181.5634Y-306.4442

G1X183.6295Y-304.2848

G1X184.6036Y-303.6216

G1X185.0599Y-303.4472

G1X185.5708Y-303.3631

G1X186.1838Y-303.4140

G1X186.7287Y-303.6052

G1X187.3486Y-303.9824

G1X188.0337Y-304.5753

G1X189.3467Y-306.1623

G1X192.1187Y-310.3574

G1X193.1369Y-311.7195

G1X193.8359Y-312.4821

G1X194.4325Y-312.9815

G1X195.0523Y-313.3790

G1X195.4951Y-313.4951

G1X196.0817Y-313.2981

G1X197.1216Y-312.4265

G1X203.4132Y-305.7912

G1X204.3499Y-305.1513

G1X205.2899Y-304.8840

G1X205.8008Y-304.9054

G1X206.3865Y-305.0640

G1X207.4491Y-305.7137

G1X208.5708Y-306.7887

G1X211.1903Y-309.8775

G1X212.3037Y-310.9876

G1X213.5147Y-311.8084

G1X214.0840Y-312.0259

G1X214.6897Y-312.1223

G1X215.6968Y-311.9978

G1X216.8353Y-311.4552

G1X218.1635Y-310.4243

G1X220.5986Y-308.1357

G1X221.8162Y-307.1625

G1X223.1919Y-306.4209

G1X224.3960Y-306.1574

G1X225.6221Y-306.2636

G1X226.9868Y-306.7664

G1X228.1696Y-307.4369

G1X231.2688Y-309.4960

G1X232.8690Y-310.3339

G1X234.2045Y-310.7820

G1X235.6349Y-310.9756

G1X236.9631Y-310.9045

G1X238.2913Y-310.6325

G1X239.7947Y-310.1528

G1X243.3999Y-308.7489

G1X245.3412Y-308.0936

G1X247.4868Y-307.5698

G1X249.6324Y-307.2742

G1X251.4715Y-307.1786

G1X253.6171Y-307.2042

G1X261.7908Y-307.7413

G1X265.7755Y-307.8850

G1X269.6581Y-307.8548

G1X273.9493Y-307.6389

G1 Z0F20000

(Start Block)


G1X22.9136Y-307.3288
G1Z5F20000
(Plotting speed under)
G1 F4000


G1X28.6060Y-304.8296

G1X31.9266Y-303.4743

G1X35.0720Y-302.3585

G1X38.1372Y-301.4748

G1X41.3045Y-300.7926

G1X44.5740Y-300.3253

G1X48.1500Y-300.0477

G1X52.2368Y-299.9425

G1X62.9648Y-300.0105

G1X76.3493Y-299.9723

G1X80.8449Y-300.2200

G1X84.7274Y-300.7328

G1X88.6099Y-301.6017

G1X92.6457Y-302.8975

G1X96.3458Y-304.3777

G1X105.7383Y-308.5105

G1X108.5845Y-309.6043

G1X111.1899Y-310.4639

G1X114.2550Y-311.2776

G1X117.3201Y-311.8703

G1X120.3853Y-312.2489

G1X123.5526Y-312.4297

G1X127.6395Y-312.3658

G1X131.5220Y-311.9823

G1X135.2002Y-311.2780

G1X138.6594Y-310.2466

G1X141.1262Y-309.2528

G1X143.8712Y-307.7591

G1X146.7047Y-306.1110

G1X152.5489Y-302.3604

G1X154.5033Y-301.2355

G1X155.6418Y-300.6983

G1X156.6854Y-300.3136

G1X157.7801Y-300.0458

G1X158.6997Y-299.9457

G1X160.0279Y-300.0292

G1X161.3342Y-300.4035

G1X162.5439Y-301.0246

G1X163.8536Y-301.9967

G1X165.1007Y-303.1939

G1X166.2961Y-304.5551

G1X170.0942Y-309.5219

G1X171.4762Y-311.1709

G1X172.4568Y-312.1428

G1X173.4464Y-312.9401

G1X173.8892Y-313.2382

G1X174.2434Y-313.3343

G1X174.5663Y-313.2425

G1X174.9570Y-312.9293

G1X177.2098Y-310.6426

G1X182.0799Y-305.9327

G1X184.9578Y-302.8573

G1X186.1200Y-301.9918

G1X186.5925Y-301.8038

G1X187.1034Y-301.7104

G1X187.7091Y-301.7533

G1X188.2783Y-301.9527

G1X188.9424Y-302.3605

G1X189.6066Y-302.9553

G1X190.8744Y-304.5003

G1X193.6779Y-308.7583

G1X194.6748Y-310.0847

G1X195.3040Y-310.7797

G1X195.9378Y-311.3244

G1X196.4691Y-311.6684

G1X196.9118Y-311.7976

G1X197.5760Y-311.6477

G1X198.5197Y-310.9918

G1X204.8812Y-304.1843

G1X205.8553Y-303.5051

G1X206.3116Y-303.3230

G1X206.8225Y-303.2310

G1X207.3334Y-303.2507

G1X207.8033Y-303.3675

G1X208.9397Y-304.0197

G1X210.2605Y-305.2882

G1X212.5850Y-308.0390

G1X213.8099Y-309.2819

G1X214.4445Y-309.7753

G1X215.1529Y-310.1843

G1X215.7114Y-310.3824

G1X216.3244Y-310.4700

G1X217.3097Y-310.3389

G1X218.4126Y-309.8269

G1X219.6480Y-308.9003

G1X222.0745Y-306.6509

G1X223.3983Y-305.5797

G1X224.7161Y-304.8386

G1X225.4177Y-304.6114

G1X226.0308Y-304.5097

G1X226.6438Y-304.5022

G1X227.3590Y-304.6045

G1X228.7894Y-305.1180

G1X230.2062Y-305.9190

G1X233.2168Y-307.8653

G1X234.8613Y-308.6944

G1X236.3501Y-309.1584

G1X237.7805Y-309.3231

G1X239.0066Y-309.2597

G1X240.4370Y-308.9891

G1X242.0717Y-308.4987

G1X245.8666Y-307.1184

G1X247.7933Y-306.5120

G1X249.9389Y-306.0075

G1X252.1867Y-305.6849

G1X255.8649Y-305.5195

G1X266.5929Y-305.8111

G1X273.9493Y-305.6759

G1 Z0F20000

(Start Block)


G1X22.9136Y-304.7513
G1Z5F20000
(Plotting speed under)
G1 F4000


G1X28.9855Y-302.0338

G1X33.3497Y-300.4000

G1X35.4807Y-299.7627

G1X37.5241Y-299.2638

G1X39.6697Y-298.8597

G1X41.8153Y-298.5731

G1X44.4718Y-298.3642

G1X47.3326Y-298.2866

G1X62.5562Y-298.6728

G1X67.0517Y-298.6179

G1X76.7580Y-298.2947

G1X81.5601Y-298.3869

G1X84.3187Y-298.6440

G1X86.8730Y-299.0584

G1X89.4273Y-299.6617

G1X92.0765Y-300.4902

G1X94.2586Y-301.3164

G1X96.6304Y-302.3363

G1X104.5998Y-306.1650

G1X107.7306Y-307.5703

G1X111.0512Y-308.8546

G1X114.1528Y-309.8169

G1X117.7288Y-310.6269

G1X121.4070Y-311.1451

G1X125.2896Y-311.3868

G1X129.1721Y-311.3455

G1X132.6459Y-311.0590

G1X135.9154Y-310.5341

G1X138.9805Y-309.7647

G1X141.8851Y-308.7414

G1X143.7826Y-307.8093

G1X146.8818Y-306.0019

G1X151.3092Y-303.1678

G1X155.0283Y-300.5854

G1X156.7107Y-299.5747

G1X158.0136Y-298.9473

G1X159.1083Y-298.5626

G1X160.2322Y-298.3328

G1X161.2539Y-298.2921

G1X162.4727Y-298.4786

G1X163.6112Y-298.9028

G1X164.7686Y-299.5912

G1X165.8937Y-300.5038

G1X166.9218Y-301.5312

G1X168.0703Y-302.8667

G1X171.5547Y-307.5264

G1X173.0037Y-309.3265

G1X173.8892Y-310.2612

G1X174.9130Y-311.1626

G1X175.3281Y-311.4433

G1X175.7487Y-311.5444

G1X176.3685Y-311.3108

G1X177.3573Y-310.5450

G1X182.2275Y-305.7829

G1X185.9365Y-301.7650

G1X186.7548Y-300.9796

G1X187.6142Y-300.3550

G1X188.1251Y-300.1481

G1X188.6360Y-300.0548

G1X189.2271Y-300.1008

G1X189.7963Y-300.3015

G1X190.4183Y-300.6791

G1X191.0824Y-301.2712

G1X192.3234Y-302.7749

G1X195.1794Y-307.1191

G1X196.2477Y-308.5306

G1X196.8454Y-309.1743

G1X197.5317Y-309.7470

G1X198.0630Y-310.0413

G1X198.5466Y-310.1365

G1X199.2618Y-310.0036

G1X199.9178Y-309.5619

G1X206.3755Y-302.5412

G1X207.3717Y-301.8446

G1X207.8442Y-301.6635

G1X208.3551Y-301.5757

G1X208.8659Y-301.5983

G1X209.3403Y-301.7240

G1X210.4285Y-302.3404

G1X211.6552Y-303.4867

G1X214.0460Y-306.2877

G1X215.3595Y-307.6219

G1X216.6582Y-308.5016

G1X217.3461Y-308.7413

G1X217.9592Y-308.8192

G1X218.8787Y-308.6909

G1X219.9345Y-308.2241

G1X221.1325Y-307.3651

G1X223.8671Y-304.8887

G1X225.0703Y-303.9393

G1X226.4395Y-303.1819

G1X227.1547Y-302.9540

G1X227.7677Y-302.8561

G1X229.0959Y-302.9424

G1X230.4971Y-303.4186

G1X231.8000Y-304.1143

G1X235.1649Y-306.2206

G1X236.8609Y-307.0418

G1X238.3935Y-307.5019

G1X239.9261Y-307.6705

G1X241.2543Y-307.6001

G1X242.6847Y-307.3417

G1X244.2173Y-306.9173

G1X250.1433Y-305.0033

G1X252.3910Y-304.4895

G1X254.7410Y-304.1390

G1X256.9887Y-303.9556

G1X259.5430Y-303.8744

G1X273.9493Y-303.8738

G1 Z0F20000

(Start Block)


G1X22.9136Y-302.2551
G1Z5F20000
(Plotting speed under)
G1 F4000


G1X28.0368Y-299.9207

G1X32.1163Y-298.4013

G1X34.0503Y-297.8363

G1X35.9916Y-297.3812

G1X37.9328Y-297.0398

G1X39.9762Y-296.7984

G1X42.8370Y-296.6429

G1X45.9022Y-296.6666

G1X57.4476Y-297.4133

G1X62.8627Y-297.5581

G1X68.1756Y-297.4005

G1X78.9036Y-296.6776

G1X81.6623Y-296.6350

G1X84.2166Y-296.7428

G1X86.6687Y-297.0182

G1X89.0186Y-297.4649

G1X91.3686Y-298.1016

G1X93.6893Y-298.9129

G1X97.8638Y-300.7595

G1X105.1690Y-304.5413

G1X108.2050Y-306.0184

G1X111.3358Y-307.3434

G1X114.2550Y-308.3517

G1X117.5245Y-309.2075

G1X120.8962Y-309.8063

G1X124.5743Y-310.1772

G1X128.3547Y-310.3004

G1X132.6459Y-310.1424

G1X136.5284Y-309.6831

G1X140.1044Y-308.9096

G1X143.4031Y-307.8085

G1X145.4650Y-306.8475

G1X149.1841Y-304.5665

G1X151.8350Y-302.8118

G1X156.6498Y-299.2934

G1X158.5702Y-298.0423

G1X159.6328Y-297.4747

G1X160.6701Y-297.0418

G1X161.6626Y-296.7635

G1X162.5822Y-296.6415

G1X163.8082Y-296.7082

G1X165.0343Y-297.0632

G1X166.2740Y-297.7312

G1X167.4564Y-298.6564

G1X168.5296Y-299.7229

G1X169.6515Y-301.0344

G1X173.5729Y-306.3495

G1X174.8912Y-307.9591

G1X176.4903Y-309.4831

G1X176.9054Y-309.7236

G1X177.3971Y-309.8187

G1X178.1123Y-309.6666

G1X178.7594Y-309.2215

G1X182.4411Y-305.5623

G1X187.3346Y-300.2268

G1X188.3174Y-299.2611

G1X189.1322Y-298.6872

G1X190.0809Y-298.4029

G1X190.6502Y-298.4366

G1X191.2194Y-298.6229

G1X191.8333Y-298.9822

G1X192.4584Y-299.5228

G1X193.7724Y-301.0974

G1X196.6351Y-305.4576

G1X197.7752Y-306.9580

G1X198.4061Y-307.6103

G1X199.0702Y-308.1340

G1X199.6705Y-308.4296

G1X200.2835Y-308.5752

G1X200.7944Y-308.5029

G1X201.3160Y-308.1247

G1X207.7037Y-301.0275

G1X208.7829Y-300.2281

G1X209.7855Y-299.9258

G1X210.2890Y-299.9339

G1X210.7634Y-300.0462

G1X211.8349Y-300.6150

G1X213.1302Y-301.7920

G1X215.4407Y-304.4756

G1X216.8353Y-305.9047

G1X217.5824Y-306.4834

G1X218.1635Y-306.8212

G1X218.8787Y-307.0791

G1X219.4918Y-307.1658

G1X220.5135Y-307.0232

G1X221.5284Y-306.5726

G1X222.6951Y-305.7561

G1X225.6641Y-303.1203

G1X226.8413Y-302.2296

G1X228.2202Y-301.5037

G1X229.5046Y-301.2045

G1X230.8328Y-301.2820

G1X232.2997Y-301.7612

G1X233.5710Y-302.4143

G1X237.0434Y-304.5134

G1X238.8460Y-305.3665

G1X240.4370Y-305.8344

G1X242.0717Y-306.0160

G1X243.5021Y-305.9490

G1X245.0347Y-305.6914

G1X252.6975Y-303.4910

G1X255.0475Y-302.9886

G1X257.3974Y-302.6422

G1X260.1561Y-302.4024

G1X263.4256Y-302.2744

G1X273.9493Y-302.2650

G1 Z0F20000

(Start Block)


G1X22.9136Y-299.8441
G1Z5F20000
(Plotting speed under)
G1 F4000


G1X27.3726Y-297.8003

G1X31.0873Y-296.4413

G1X32.9264Y-295.9255

G1X34.6633Y-295.5428

G1X36.4002Y-295.2623

G1X38.2393Y-295.0733

G1X40.9980Y-294.9784

G1X43.9609Y-295.0838

G1X47.0261Y-295.3487

G1X56.2215Y-296.3491

G1X59.3888Y-296.5560

G1X62.4540Y-296.6272

G1X65.5191Y-296.5607

G1X68.6865Y-296.3549

G1X77.9841Y-295.3193

G1X80.8449Y-295.0706

G1X83.7057Y-294.9784

G1X86.3622Y-295.0968

G1X88.5078Y-295.3704

G1X90.6534Y-295.8209

G1X92.7990Y-296.4542

G1X95.0176Y-297.2931

G1X98.8884Y-299.1310

G1X106.0608Y-303.0922

G1X108.8691Y-304.5460

G1X111.9051Y-305.9161

G1X114.8680Y-307.0042

G1X118.2397Y-307.9309

G1X121.7135Y-308.5699

G1X125.5961Y-308.9738

G1X129.6829Y-309.1205

G1X134.2806Y-308.9766

G1X138.3675Y-308.5194

G1X140.3088Y-308.1576

G1X142.0457Y-307.7348

G1X143.7826Y-307.2025

G1X145.3954Y-306.5983

G1X146.6288Y-306.0528

G1X147.8558Y-305.3983

G1X151.5749Y-302.9899

G1X155.0726Y-300.4655

G1X158.7252Y-297.6076

G1X160.5183Y-296.3901

G1X161.6188Y-295.7864

G1X162.5822Y-295.3776

G1X163.5017Y-295.1105

G1X164.4212Y-294.9862

G1X165.6473Y-295.0646

G1X166.7420Y-295.3914

G1X167.9398Y-296.0393

G1X169.0928Y-296.9476

G1X170.1996Y-298.0654

G1X171.2959Y-299.3738

G1X175.1772Y-304.7243

G1X176.5235Y-306.3825

G1X178.0041Y-307.7772

G1X178.7910Y-308.2095

G1X179.2654Y-308.3388

G1X179.7186Y-308.2596

G1X180.1614Y-307.9131

G1X182.8606Y-305.1165

G1X189.6066Y-297.7514

G1X190.5553Y-297.0458

G1X191.5040Y-296.7503

G1X192.1098Y-296.7878

G1X192.7228Y-296.9992

G1X193.3178Y-297.3656

G1X193.9429Y-297.9190

G1X195.2674Y-299.5330

G1X198.0187Y-303.7374

G1X199.1888Y-305.2877

G1X199.8174Y-305.9385

G1X200.4815Y-306.4659

G1X201.1009Y-306.7809

G1X201.7139Y-306.9438

G1X202.2985Y-306.8397

G1X202.8151Y-306.4359

G1X208.5338Y-300.0056

G1X209.2566Y-299.2908

G1X210.2963Y-298.5511

G1X210.8072Y-298.3551

G1X211.3180Y-298.2661

G1X211.8070Y-298.2871

G1X212.2814Y-298.4075

G1X213.3487Y-298.9840

G1X214.5284Y-300.0364

G1X217.3246Y-303.2201

G1X218.4126Y-304.2848

G1X219.0767Y-304.7991

G1X219.6815Y-305.1504

G1X220.3456Y-305.4026

G1X221.0244Y-305.5108

G1X222.1483Y-305.3564

G1X223.1919Y-304.8791

G1X224.3896Y-304.0356

G1X227.2268Y-301.5547

G1X228.4573Y-300.6258

G1X229.9279Y-299.8555

G1X231.2415Y-299.5520

G1X231.9567Y-299.5424

G1X232.6719Y-299.6369

G1X234.1972Y-300.1315

G1X235.6076Y-300.8478

G1X239.0610Y-302.8671

G1X240.8456Y-303.6800

G1X242.4804Y-304.1555

G1X244.2173Y-304.3587

G1X245.7499Y-304.3058

G1X247.4868Y-304.0427

G1X255.2518Y-302.0386

G1X257.6018Y-301.5741

G1X259.9517Y-301.2377

G1X262.8125Y-300.9776

G1X266.1842Y-300.8244

G1X270.1689Y-300.7832

G1X273.9493Y-300.8600

G1 Z0F20000

(Start Block)


G1X22.9136Y-297.5178
G1Z5F20000
(Plotting speed under)
G1 F4000


G1X26.8034Y-295.7396

G1X30.1678Y-294.5369

G1X33.3351Y-293.7728

G1X36.6046Y-293.3798

G1X39.2610Y-293.3343

G1X42.1218Y-293.5103

G1X45.1870Y-293.8831

G1X52.1347Y-294.9776

G1X55.4042Y-295.4169

G1X58.9802Y-295.7357

G1X62.3518Y-295.8402

G1X65.7235Y-295.7390

G1X69.2995Y-295.4176

G1X72.5690Y-294.9675

G1X79.4145Y-293.8528

G1X82.3775Y-293.4864

G1X85.3404Y-293.3257

G1X88.0991Y-293.4415

G1X90.1425Y-293.7275

G1X92.0838Y-294.1711

G1X94.0688Y-294.7999

G1X96.1560Y-295.6414

G1X99.9510Y-297.5608

G1X106.5921Y-301.4513

G1X109.5332Y-303.0662

G1X112.5692Y-304.5092

G1X115.5102Y-305.6382

G1X118.8527Y-306.5915

G1X122.4287Y-307.2652

G1X126.4134Y-307.6866

G1X130.8068Y-307.8567

G1X135.7111Y-307.7365

G1X140.0023Y-307.2996

G1X141.9435Y-306.9582

G1X143.6804Y-306.5527

G1X145.3954Y-306.0422

G1X147.1032Y-305.4092

G1X149.7154Y-304.1617

G1X152.0010Y-302.6960

G1X155.5706Y-300.0859

G1X160.2195Y-296.2657

G1X162.2118Y-294.8242

G1X163.2633Y-294.2099

G1X164.2753Y-293.7517

G1X165.2386Y-293.4596

G1X166.1582Y-293.3308

G1X167.2821Y-293.4006

G1X168.4497Y-293.7571

G1X169.6001Y-294.4022

G1X170.7162Y-295.3026

G1X171.8083Y-296.4268

G1X172.9373Y-297.8051

G1X176.6261Y-302.9785

G1X177.9846Y-304.6843

G1X179.4105Y-306.0500

G1X180.3532Y-306.6925

G1X180.7960Y-306.8403

G1X181.1293Y-306.7800

G1X181.4419Y-306.5746

G1X182.6508Y-305.3544

G1X186.8453Y-300.7951

G1X191.0086Y-296.0980

G1X191.9784Y-295.3821

G1X192.4528Y-295.1859

G1X192.9272Y-295.0949

G1X193.5402Y-295.1412

G1X194.1532Y-295.3606

G1X194.7242Y-295.7199

G1X195.3492Y-296.2752

G1X195.9631Y-296.9520

G1X196.7853Y-298.0516

G1X199.3469Y-301.9853

G1X200.5803Y-303.6289

G1X201.2286Y-304.2971

G1X201.8927Y-304.8212

G1X202.5313Y-305.1404

G1X203.1443Y-305.2829

G1X203.5530Y-305.2316

G1X203.8655Y-305.0822

G1X205.0140Y-304.0530

G1X209.8621Y-298.4677

G1X210.6629Y-297.6632

G1X211.7121Y-296.9118

G1X212.2814Y-296.6934

G1X212.7557Y-296.6124

G1X213.2593Y-296.6341

G1X213.7701Y-296.7648

G1X214.8429Y-297.3524

G1X215.9964Y-298.3740

G1X218.8626Y-301.6008

G1X219.9898Y-302.6778

G1X220.6540Y-303.1777

G1X221.2944Y-303.5306

G1X221.9585Y-303.7671

G1X222.5569Y-303.8549

G1X223.6662Y-303.7210

G1X224.8047Y-303.2168

G1X226.2111Y-302.2198

G1X228.7113Y-300.0549

G1X230.1176Y-298.9972

G1X231.5480Y-298.2452

G1X232.2632Y-298.0207

G1X232.9784Y-297.9003

G1X234.3067Y-297.9503

G1X235.6203Y-298.3052

G1X237.0244Y-298.9334

G1X240.5664Y-300.9289

G1X242.3563Y-301.7840

G1X244.3195Y-302.4176

G1X246.3629Y-302.6979

G1X247.9976Y-302.6709

G1X249.8367Y-302.4375

G1X257.8061Y-300.6510

G1X260.0539Y-300.2532

G1X262.4038Y-299.9423

G1X265.0603Y-299.7105

G1X267.9211Y-299.5804

G1X270.9863Y-299.5570

G1X273.9493Y-299.6432

G1 Z0F20000

(Start Block)


G1X22.9136Y-295.2727
G1Z5F20000
(Plotting speed under)
G1 F4000


G1X26.2342Y-293.7664

G1X29.2482Y-292.7076

G1X32.1090Y-292.0377

G1X35.0720Y-291.7056

G1X37.7285Y-291.7006

G1X40.5893Y-291.9538

G1X43.6544Y-292.4404

G1X51.1130Y-293.9517

G1X54.6890Y-294.5678

G1X58.5715Y-295.0103

G1X62.2496Y-295.1576

G1X66.0300Y-295.0120

G1X69.9125Y-294.5623

G1X73.4885Y-293.9273

G1X80.7427Y-292.4013

G1X83.8079Y-291.9070

G1X86.8730Y-291.6758

G1X89.6316Y-291.7855

G1X91.5729Y-292.0776

G1X93.4120Y-292.5293

G1X95.3022Y-293.1700

G1X97.2945Y-294.0259

G1X100.7479Y-295.8676

G1X107.4776Y-300.0111

G1X110.2226Y-301.5879

G1X113.2333Y-303.0811

G1X116.0795Y-304.2160

G1X119.4657Y-305.2098

G1X123.0418Y-305.8919

G1X127.1286Y-306.3235

G1X131.7263Y-306.5080

G1X137.0393Y-306.4134

G1X139.4914Y-306.2394

G1X141.6370Y-305.9920

G1X143.5783Y-305.6687

G1X145.4174Y-305.2518

G1X147.1543Y-304.7391

G1X148.8109Y-304.1234

G1X151.6634Y-302.7300

G1X154.4915Y-300.8998

G1X157.0649Y-298.8770

G1X161.9872Y-294.6223

G1X163.9717Y-293.1460

G1X164.9457Y-292.5606

G1X165.9830Y-292.0798

G1X166.8734Y-291.8071

G1X167.6908Y-291.6830

G1X168.8146Y-291.7358

G1X169.9677Y-292.0799

G1X171.0943Y-292.7098

G1X172.1920Y-293.5975

G1X173.2693Y-294.7123

G1X174.3923Y-296.0940

G1X178.0148Y-301.2388

G1X179.3919Y-302.9966

G1X180.8255Y-304.3894

G1X181.6815Y-304.9839

G1X182.2128Y-305.1590

G1X182.5503Y-305.0964

G1X182.8824Y-304.9114

G1X184.0490Y-303.8756

G1X188.0791Y-299.4123

G1X191.3997Y-295.4769

G1X192.3368Y-294.4738

G1X193.3066Y-293.7451

G1X193.7810Y-293.5418

G1X194.2554Y-293.4438

G1X194.8684Y-293.4813

G1X195.4814Y-293.6925

G1X196.0524Y-294.0447

G1X196.6774Y-294.5928

G1X197.2913Y-295.2636

G1X198.1136Y-296.3566

G1X200.7305Y-300.3654

G1X201.9718Y-302.0085

G1X202.6154Y-302.6639

G1X203.2405Y-303.1559

G1X203.8595Y-303.4702

G1X204.4725Y-303.6179

G1X204.8812Y-303.5841

G1X205.2963Y-303.4094

G1X206.3423Y-302.5629

G1X211.2567Y-296.8293

G1X212.1474Y-295.9423

G1X213.1352Y-295.2572

G1X213.7045Y-295.0395

G1X214.1788Y-294.9587

G1X214.6897Y-294.9809

G1X215.2006Y-295.1081

G1X216.2542Y-295.6731

G1X217.4256Y-296.6907

G1X220.3306Y-299.9217

G1X221.5232Y-301.0457

G1X222.1483Y-301.5071

G1X222.8124Y-301.8728

G1X223.4765Y-302.1089

G1X224.0895Y-302.1996

G1X225.1842Y-302.0800

G1X226.3100Y-301.6107

G1X227.6174Y-300.7298

G1X230.5327Y-298.2805

G1X231.8886Y-297.3015

G1X233.3433Y-296.5714

G1X234.1023Y-296.3478

G1X234.8175Y-296.2428

G1X236.2479Y-296.3188

G1X237.8973Y-296.8101

G1X239.5038Y-297.5676

G1X243.0204Y-299.4646

G1X245.0347Y-300.3170

G1X246.7716Y-300.7965

G1X248.6107Y-301.0334

G1X250.3476Y-301.0330

G1X252.2889Y-300.8361

G1X260.2582Y-299.3461

G1X264.5495Y-298.7773

G1X269.1472Y-298.5077

G1X273.9493Y-298.5724

G1 Z0F20000

(Start Block)


G1X22.9136Y-293.1033
G1Z5F20000
(Plotting speed under)
G1 F4000


G1X26.3290Y-291.6098

G1X27.9200Y-291.0635

G1X29.4526Y-290.6416

G1X30.9852Y-290.3278

G1X32.5177Y-290.1236

G1X34.0503Y-290.0270

G1X35.5829Y-290.0325

G1X38.1372Y-290.2441

G1X40.8958Y-290.7020

G1X50.9086Y-293.1254

G1X55.3020Y-293.9793

G1X57.5498Y-294.2782

G1X59.7975Y-294.4678

G1X62.0453Y-294.5411

G1X64.1909Y-294.5000

G1X67.6647Y-294.2044

G1X71.3429Y-293.6038

G1X74.7146Y-292.8415

G1X81.7644Y-291.0117

G1X84.9317Y-290.3638

G1X88.0991Y-290.0335

G1X89.6316Y-290.0299

G1X91.0620Y-290.1338

G1X92.9011Y-290.4310

G1X94.6380Y-290.8858

G1X96.4407Y-291.5334

G1X98.2433Y-292.3469

G1X101.6334Y-294.2386

G1X107.9204Y-298.2919

G1X110.7539Y-300.0024

G1X113.7077Y-301.5384

G1X116.5539Y-302.7239

G1X119.8744Y-303.7357

G1X123.3483Y-304.4216

G1X127.4351Y-304.8681

G1X132.2372Y-305.0759

G1X138.1632Y-305.0160

G1X142.9652Y-304.6417

G1X145.0087Y-304.3321

G1X146.9499Y-303.9157

G1X148.6868Y-303.4180

G1X150.3289Y-302.8174

G1X151.7520Y-302.1813

G1X153.1688Y-301.4323

G1X154.5745Y-300.5698

G1X156.0687Y-299.5234

G1X158.6275Y-297.4534

G1X163.5498Y-293.0484

G1X165.5656Y-291.4989

G1X166.5523Y-290.8947

G1X167.5010Y-290.4419

G1X168.4060Y-290.1545

G1X169.3255Y-290.0237

G1X170.4421Y-290.1058

G1X171.4857Y-290.4411

G1X172.5609Y-291.0567

G1X173.6678Y-291.9688

G1X174.6640Y-293.0118

G1X175.7809Y-294.3959

G1X179.3561Y-299.5259

G1X180.7201Y-301.2917

G1X182.1537Y-302.7100

G1X183.0097Y-303.3021

G1X183.5410Y-303.4919

G1X183.8952Y-303.4667

G1X184.3379Y-303.2860

G1X185.3073Y-302.5352

G1X189.2745Y-298.0385

G1X192.7374Y-293.8040

G1X193.6651Y-292.8061

G1X194.6349Y-292.0848

G1X195.1093Y-291.8842

G1X195.5836Y-291.7890

G1X196.1966Y-291.8303

G1X196.8097Y-292.0451

G1X197.3806Y-292.4001

G1X198.0057Y-292.9508

G1X198.6196Y-293.6232

G1X199.4418Y-294.7169

G1X202.0034Y-298.6368

G1X203.3000Y-300.3551

G1X203.9681Y-301.0305

G1X204.5492Y-301.4865

G1X205.1877Y-301.8114

G1X205.8008Y-301.9539

G1X206.2980Y-301.9126

G1X206.7407Y-301.7411

G1X207.7369Y-300.9948

G1X212.5850Y-295.2381

G1X213.5538Y-294.2695

G1X214.5583Y-293.5908

G1X215.1276Y-293.3796

G1X215.6092Y-293.3035

G1X216.6309Y-293.4585

G1X217.7208Y-294.0483

G1X218.9014Y-295.0743

G1X221.7288Y-298.1851

G1X222.9295Y-299.3202

G1X224.2355Y-300.1770

G1X224.9069Y-300.4301

G1X225.5199Y-300.5384

G1X226.6438Y-300.4501

G1X227.8154Y-299.9958

G1X229.1215Y-299.1524

G1X232.2760Y-296.5687

G1X233.6596Y-295.6075

G1X235.2408Y-294.8656

G1X235.9414Y-294.6812

G1X236.7588Y-294.5789

G1X238.1892Y-294.6809

G1X239.7947Y-295.1508

G1X241.2178Y-295.7843

G1X245.0128Y-297.7338

G1X247.1000Y-298.5906

G1X248.9172Y-299.0893

G1X250.7563Y-299.3506

G1X252.5954Y-299.3980

G1X254.6388Y-299.2623

G1X262.6082Y-298.1047

G1X266.3885Y-297.7065

G1X270.1689Y-297.5305

G1X273.9493Y-297.5825

G1 Z0F20000

(Start Block)


G1X22.9136Y-291.0028
G1Z5F20000
(Plotting speed under)
G1 F4000


G1X26.0444Y-289.6737

G1X27.6135Y-289.1670

G1X29.0439Y-288.8101

G1X30.4743Y-288.5574

G1X31.9047Y-288.4095

G1X33.3351Y-288.3638

G1X34.8677Y-288.4221

G1X37.3198Y-288.7212

G1X39.9762Y-289.2746

G1X49.8869Y-292.1254

G1X54.3824Y-293.1765

G1X56.8345Y-293.5787

G1X59.1845Y-293.8327

G1X61.5344Y-293.9506

G1X63.7822Y-293.9326

G1X67.7669Y-293.5852

G1X71.8538Y-292.8296

G1X75.5320Y-291.8597

G1X83.0927Y-289.5417

G1X86.2600Y-288.7809

G1X87.7926Y-288.5343

G1X89.3251Y-288.3923

G1X90.8577Y-288.3709

G1X92.2881Y-288.4709

G1X94.0250Y-288.7583

G1X95.6598Y-289.1986

G1X97.3894Y-289.8392

G1X99.1920Y-290.6833

G1X102.5189Y-292.6193

G1X108.7173Y-296.7765

G1X111.3738Y-298.4394

G1X114.2769Y-300.0052

G1X117.0282Y-301.1922

G1X120.1810Y-302.1916

G1X123.6548Y-302.9035

G1X127.5373Y-303.3431

G1X132.3394Y-303.5681

G1X138.9805Y-303.5525

G1X141.8413Y-303.4236

G1X144.1913Y-303.2237

G1X146.2347Y-302.9489

G1X148.1760Y-302.5684

G1X150.0151Y-302.0715

G1X151.6571Y-301.4912

G1X153.0802Y-300.8686

G1X154.5855Y-300.0773

G1X155.9857Y-299.2126

G1X157.4800Y-298.1524

G1X160.0339Y-296.0441

G1X164.9562Y-291.5092

G1X167.1097Y-289.8093

G1X168.0703Y-289.2163

G1X169.0190Y-288.7642

G1X169.9385Y-288.4790

G1X170.7559Y-288.3698

G1X171.7776Y-288.4380

G1X172.9015Y-288.7973

G1X173.9777Y-289.4290

G1X174.9960Y-290.2781

G1X175.9922Y-291.3256

G1X177.1091Y-292.7197

G1X180.6843Y-297.8903

G1X182.1116Y-299.7374

G1X183.5557Y-301.1362

G1X184.3379Y-301.6509

G1X184.9578Y-301.8537

G1X185.3373Y-301.8382

G1X185.8116Y-301.6913

G1X186.2860Y-301.4120

G1X186.7054Y-301.0239

G1X190.6028Y-296.4663

G1X194.0024Y-292.1621

G1X194.8457Y-291.2364

G1X195.8682Y-290.4505

G1X196.4375Y-290.2137

G1X196.9118Y-290.1313

G1X197.5249Y-290.1891

G1X198.1379Y-290.4197

G1X198.7089Y-290.7877

G1X199.2558Y-291.2731

G1X199.8845Y-291.9554

G1X200.6435Y-292.9570

G1X203.3316Y-297.0440

G1X204.5650Y-298.6702

G1X205.2133Y-299.3321

G1X205.8774Y-299.8524

G1X206.5160Y-300.1646

G1X207.1290Y-300.2915

G1X208.0121Y-300.1557

G1X208.9323Y-299.6009

G1X214.4132Y-293.0828

G1X215.1164Y-292.4476

G1X215.6968Y-292.0580

G1X216.3609Y-291.7666

G1X216.9375Y-291.6535

G1X217.4483Y-291.6688

G1X218.0614Y-291.8166

G1X219.1376Y-292.4020

G1X220.3034Y-293.4025

G1X223.1969Y-296.5398

G1X224.4140Y-297.6721

G1X225.7787Y-298.5440

G1X226.4395Y-298.7807

G1X227.0525Y-298.8857

G1X228.1764Y-298.7983

G1X229.3207Y-298.3735

G1X230.6157Y-297.5727

G1X233.8533Y-294.9889

G1X235.3420Y-293.9725

G1X236.9631Y-293.2258

G1X237.7805Y-293.0175

G1X238.5979Y-292.9245

G1X239.9261Y-293.0052

G1X241.3127Y-293.3514

G1X242.8307Y-293.9527

G1X246.7205Y-295.8475

G1X248.5231Y-296.6077

G1X250.6541Y-297.2628

G1X252.9019Y-297.6449

G1X254.6388Y-297.7466

G1X256.5801Y-297.7081

G1X267.2059Y-296.7036

G1X270.5776Y-296.5650

G1X273.9493Y-296.5922

G1 Z0F20000

(Start Block)


G1X22.9136Y-288.9637
G1Z5F20000
(Plotting speed under)
G1 F4000


G1X25.8766Y-287.7552

G1X28.6352Y-287.0273

G1X29.9634Y-286.8268

G1X31.3938Y-286.7211

G1X34.1525Y-286.8244

G1X36.5024Y-287.1944

G1X39.0567Y-287.8267

G1X41.6037Y-288.6189

G1X48.9673Y-291.1155

G1X51.4195Y-291.8316

G1X53.6672Y-292.3852

G1X56.2215Y-292.8748

G1X58.6736Y-293.1932

G1X61.1258Y-293.3564

G1X63.5779Y-293.3608

G1X65.7235Y-293.2333

G1X67.9713Y-292.9682

G1X70.1168Y-292.5920

G1X72.3646Y-292.0744

G1X76.3275Y-290.8937

G1X84.3187Y-288.0777

G1X87.5882Y-287.1808

G1X89.1208Y-286.9023

G1X90.6534Y-286.7424

G1X92.0838Y-286.7149

G1X93.5142Y-286.8161

G1X95.1489Y-287.0974

G1X96.7837Y-287.5579

G1X98.4330Y-288.1978

G1X100.1281Y-289.0230

G1X103.2273Y-290.8848

G1X109.2486Y-295.0625

G1X111.9051Y-296.7906

G1X114.6564Y-298.3385

G1X117.4077Y-299.5815

G1X120.4875Y-300.6023

G1X123.8591Y-301.3259

G1X127.6395Y-301.7731

G1X132.2372Y-302.0017

G1X139.6957Y-302.0247

G1X145.2130Y-301.7555

G1X147.4608Y-301.4902

G1X149.4020Y-301.1385

G1X151.2411Y-300.6685

G1X152.8905Y-300.1071

G1X154.4085Y-299.4545

G1X155.9138Y-298.6649

G1X157.3140Y-297.7960

G1X158.8082Y-296.7244

G1X161.4185Y-294.5292

G1X166.3625Y-289.8682

G1X168.5209Y-288.1346

G1X169.4933Y-287.5308

G1X170.3472Y-287.1202

G1X171.2668Y-286.8279

G1X172.0841Y-286.7162

G1X173.0986Y-286.7851

G1X174.1422Y-287.1148

G1X175.1289Y-287.6748

G1X176.1767Y-288.5257

G1X177.2414Y-289.6406

G1X178.3770Y-291.0671

G1X182.0126Y-296.3532

G1X183.4398Y-298.1870

G1X184.2546Y-299.0292

G1X184.9578Y-299.6052

G1X185.7168Y-300.0527

G1X186.3882Y-300.2344

G1X186.8990Y-300.2223

G1X187.3077Y-300.1057

G1X187.6806Y-299.8894

G1X188.0127Y-299.5750

G1X191.9784Y-294.7825

G1X195.2817Y-290.4487

G1X195.9743Y-289.6700

G1X197.0067Y-288.8428

G1X197.5760Y-288.5870

G1X198.1452Y-288.4774

G1X198.7144Y-288.5262

G1X199.2837Y-288.7263

G1X199.8808Y-289.0886

G1X200.5059Y-289.6376

G1X201.7820Y-291.1668

G1X204.5925Y-295.4089

G1X205.8110Y-297.0062

G1X206.4585Y-297.6675

G1X207.1226Y-298.1874

G1X207.7420Y-298.4969

G1X208.3551Y-298.6309

G1X208.8659Y-298.6137

G1X209.3403Y-298.4957

G1X210.2640Y-297.9616

G1X210.8932Y-297.3020

G1X215.0422Y-292.1924

G1X215.7415Y-291.4303

G1X216.4446Y-290.8007

G1X217.0250Y-290.4126

G1X217.6892Y-290.1197

G1X218.3679Y-289.9956

G1X218.8787Y-290.0247

G1X219.4918Y-290.1833

G1X220.5544Y-290.7710

G1X221.7793Y-291.8240

G1X224.5950Y-294.8397

G1X225.8204Y-295.9728

G1X227.1955Y-296.8582

G1X227.8698Y-297.1079

G1X228.4829Y-297.2250

G1X229.6068Y-297.1670

G1X230.8766Y-296.7203

G1X232.1930Y-295.9260

G1X235.4306Y-293.4103

G1X237.0434Y-292.3319

G1X237.8973Y-291.8929

G1X238.8022Y-291.5527

G1X239.6196Y-291.3573

G1X240.4370Y-291.2712

G1X241.8673Y-291.3605

G1X243.3999Y-291.7406

G1X244.9179Y-292.3212

G1X248.6180Y-294.0257

G1X250.7052Y-294.8656

G1X252.9019Y-295.5178

G1X255.0475Y-295.9042

G1X257.0909Y-296.0712

G1X259.3387Y-296.0852

G1X268.6363Y-295.5693

G1X273.9493Y-295.5141

G1 Z0F20000

(Start Block)


G1X22.9136Y-286.9785
G1Z5F20000
(Plotting speed under)
G1 F4000


G1X25.6722Y-285.9001

G1X27.0005Y-285.5300

G1X28.3287Y-285.2650

G1X29.6569Y-285.1074

G1X30.9852Y-285.0563

G1X33.6416Y-285.2562

G1X35.7872Y-285.6772

G1X38.2393Y-286.3797

G1X40.6549Y-287.2303

G1X48.1500Y-290.0913

G1X50.6021Y-290.8987

G1X52.9520Y-291.5533

G1X55.6085Y-292.1327

G1X58.2650Y-292.5301

G1X60.9214Y-292.7402

G1X63.4757Y-292.7633

G1X65.9278Y-292.6191

G1X68.2778Y-292.3267

G1X70.6277Y-291.8834

G1X73.0798Y-291.2637

G1X77.3711Y-289.8348

G1X85.5302Y-286.5974

G1X88.8143Y-285.5871

G1X90.3468Y-285.2750

G1X91.8794Y-285.0945

G1X93.3098Y-285.0607

G1X94.7402Y-285.1678

G1X96.2728Y-285.4455

G1X97.8638Y-285.9130

G1X99.4766Y-286.5655

G1X101.1021Y-287.3881

G1X104.1847Y-289.3074

G1X110.0787Y-293.5221

G1X112.6134Y-295.2127

G1X115.2699Y-296.7461

G1X117.8821Y-297.9623

G1X120.8962Y-298.9967

G1X124.0635Y-299.7069

G1X127.6395Y-300.1571

G1X132.0329Y-300.3939

G1X140.4109Y-300.4455

G1X146.2347Y-300.2264

G1X148.4825Y-299.9951

G1X150.4237Y-299.6776

G1X152.2628Y-299.2413

G1X154.0290Y-298.6674

G1X155.5469Y-298.0307

G1X157.0649Y-297.2457

G1X158.5592Y-296.3188

G1X160.0534Y-295.2374

G1X162.6730Y-293.0030

G1X167.6170Y-288.2559

G1X169.7661Y-286.4994

G1X170.7267Y-285.8920

G1X171.5806Y-285.4727

G1X172.4928Y-285.1778

G1X173.3102Y-285.0629

G1X174.3319Y-285.1330

G1X175.2807Y-285.4279

G1X176.2412Y-285.9559

G1X177.2835Y-286.7838

G1X178.3799Y-287.9225

G1X179.3919Y-289.1840

G1X183.2830Y-294.8346

G1X184.7585Y-296.7012

G1X185.6610Y-297.5888

G1X186.3809Y-298.1199

G1X187.1399Y-298.4850

G1X187.9207Y-298.6363

G1X188.3294Y-298.6387

G1X188.7381Y-298.5344

G1X189.3409Y-298.0594

G1X193.5596Y-292.7758

G1X196.1528Y-289.1889

G1X196.9900Y-288.1746

G1X197.6150Y-287.5866

G1X198.1619Y-287.1983

G1X198.7509Y-286.9341

G1X199.3640Y-286.8226

G1X199.9478Y-286.8839

G1X200.5170Y-287.0982

G1X201.1179Y-287.4736

G1X201.7082Y-287.9981

G1X202.9493Y-289.4755

G1X205.8630Y-293.8447

G1X207.0728Y-295.4039

G1X207.7037Y-296.0381

G1X208.3678Y-296.5462

G1X208.9681Y-296.8433

G1X209.5811Y-296.9765

G1X210.0920Y-296.9608

G1X210.5736Y-296.8392

G1X211.1429Y-296.5632

G1X211.6622Y-296.1941

G1X213.0403Y-294.7218

G1X216.0384Y-290.8980

G1X217.0697Y-289.7495

G1X217.7729Y-289.1321

G1X218.3533Y-288.7517

G1X219.0174Y-288.4645

G1X219.6961Y-288.3421

G1X220.2070Y-288.3694

G1X220.8200Y-288.5229

G1X221.9711Y-289.1560

G1X223.2421Y-290.2519

G1X225.9232Y-293.0888

G1X227.2268Y-294.2876

G1X228.6123Y-295.1790

G1X229.3003Y-295.4386

G1X230.0155Y-295.5755

G1X230.7307Y-295.5727

G1X231.4459Y-295.4411

G1X232.9512Y-294.7951

G1X234.3513Y-293.8681

G1X237.5889Y-291.4154

G1X239.3267Y-290.3900

G1X240.8456Y-289.8299

G1X242.3782Y-289.6137

G1X243.8086Y-289.7073

G1X245.3412Y-290.0660

G1X246.8154Y-290.5883

G1X250.8949Y-292.3314

G1X252.7997Y-293.0507

G1X254.9453Y-293.6796

G1X257.1931Y-294.1157

G1X259.4409Y-294.3513

G1X261.9952Y-294.4408

G1X273.9493Y-294.2668

G1 Z0F20000

(Start Block)


G1X22.9136Y-285.0397
G1Z5F20000
(Plotting speed under)
G1 F4000


G1X25.4679Y-284.0858

G1X27.9200Y-283.5493

G1X30.3721Y-283.4062

G1X32.9264Y-283.6568

G1X35.0720Y-284.1415

G1X37.5241Y-284.9356

G1X47.3910Y-289.0364

G1X49.8869Y-289.9429

G1X52.3390Y-290.6951

G1X55.0976Y-291.3570

G1X57.8563Y-291.8157

G1X60.6149Y-292.0699

G1X63.4757Y-292.1188

G1X65.7235Y-292.0028

G1X67.8691Y-291.7635

G1X70.1168Y-291.3753

G1X72.2625Y-290.8721

G1X74.8095Y-290.1091

G1X77.3711Y-289.1740

G1X85.9097Y-285.4362

G1X89.1208Y-284.2451

G1X90.9599Y-283.7601

G1X92.5946Y-283.4917

G1X94.2294Y-283.4028

G1X95.8641Y-283.5111

G1X97.3967Y-283.7996

G1X98.9074Y-284.2606

G1X100.4254Y-284.8921

G1X102.0761Y-285.7519

G1X105.0148Y-287.6330

G1X110.5768Y-291.7115

G1X113.1447Y-293.4801

G1X115.8012Y-295.0643

G1X118.3564Y-296.2953

G1X121.3048Y-297.3469

G1X124.3700Y-298.0656

G1X127.8439Y-298.5262

G1X132.0329Y-298.7648

G1X141.3305Y-298.8295

G1X147.3586Y-298.6428

G1X149.6064Y-298.4303

G1X151.5476Y-298.1297

G1X153.3867Y-297.7075

G1X155.0726Y-297.1743

G1X156.5905Y-296.5522

G1X158.1275Y-295.7682

G1X159.6328Y-294.8395

G1X161.1277Y-293.7576

G1X163.8536Y-291.4117

G1X168.8714Y-286.5350

G1X170.9283Y-284.8456

G1X171.8652Y-284.2465

G1X172.7191Y-283.8221

G1X173.6167Y-283.5287

G1X174.4341Y-283.4093

G1X175.4558Y-283.4782

G1X176.4192Y-283.7808

G1X177.4035Y-284.3306

G1X178.4564Y-285.1834

G1X179.4351Y-286.2064

G1X180.4671Y-287.4860

G1X184.4144Y-293.2217

G1X185.8211Y-295.0052

G1X186.6181Y-295.8080

G1X187.3652Y-296.3956

G1X188.0886Y-296.7730

G1X188.8476Y-296.9630

G1X189.8620Y-296.8872

G1X190.2707Y-296.6933

G1X190.6202Y-296.4031

G1X193.9391Y-292.2803

G1X196.7963Y-288.1659

G1X197.9080Y-286.7380

G1X198.5721Y-286.0752

G1X199.2363Y-285.5750

G1X199.8748Y-285.2808

G1X200.4878Y-285.1705

G1X201.0863Y-285.2304

G1X201.6555Y-285.4461

G1X202.2248Y-285.7981

G1X202.8151Y-286.3080

G1X204.0964Y-287.8169

G1X207.0757Y-292.2548

G1X208.2367Y-293.7350

G1X208.7960Y-294.3094

G1X209.4858Y-294.8481

G1X210.1056Y-295.1715

G1X210.7050Y-295.3164

G1X211.2159Y-295.3157

G1X211.7880Y-295.1803

G1X212.4079Y-294.8696

G1X212.9982Y-294.4467

G1X214.3686Y-293.0309

G1X216.8353Y-289.8103

G1X218.3198Y-288.1150

G1X219.0230Y-287.5014

G1X219.6815Y-287.0755

G1X220.3456Y-286.8011

G1X221.0244Y-286.6874

G1X221.5352Y-286.7180

G1X222.1483Y-286.8721

G1X223.2994Y-287.4959

G1X224.6484Y-288.6452

G1X227.3213Y-291.4297

G1X228.6331Y-292.6170

G1X230.0291Y-293.5073

G1X230.7307Y-293.7736

G1X231.4459Y-293.9169

G1X232.1610Y-293.9249

G1X232.8690Y-293.8127

G1X234.3680Y-293.2180

G1X235.7626Y-292.3450

G1X239.2492Y-289.7869

G1X241.0281Y-288.7670

G1X242.6847Y-288.1743

G1X244.3195Y-287.9600

G1X245.8521Y-288.0648

G1X247.4868Y-288.4342

G1X249.0924Y-288.9737

G1X252.8873Y-290.4742

G1X254.9453Y-291.2046

G1X257.0909Y-291.8114

G1X259.3387Y-292.2626

G1X261.7908Y-292.5640

G1X264.5495Y-292.7284

G1X273.9493Y-292.7861

G1 Z0F20000

(Start Block)


G1X22.9136Y-283.1405
G1Z5F20000
(Plotting speed under)
G1 F4000


G1X25.2635Y-282.3047

G1X27.6135Y-281.8415

G1X29.9634Y-281.7671

G1X32.4156Y-282.0832

G1X34.4590Y-282.6140

G1X36.6703Y-283.4029

G1X39.0421Y-284.4209

G1X46.6320Y-287.9255

G1X49.2885Y-288.9720

G1X51.7260Y-289.7786

G1X54.5868Y-290.5196

G1X57.5498Y-291.0498

G1X60.5127Y-291.3449

G1X63.5779Y-291.4097

G1X66.0300Y-291.2857

G1X68.4821Y-291.0012

G1X70.9342Y-290.5491

G1X73.2842Y-289.9526

G1X75.8531Y-289.1160

G1X78.4147Y-288.1008

G1X80.9762Y-286.9361

G1X87.0482Y-283.9788

G1X90.1790Y-282.7044

G1X91.9816Y-282.1736

G1X93.7185Y-281.8526

G1X95.3533Y-281.7491

G1X96.8858Y-281.8438

G1X98.3162Y-282.1060

G1X99.8488Y-282.5718

G1X101.3741Y-283.2153

G1X102.9616Y-284.0567

G1X105.8450Y-285.9366

G1X111.4900Y-290.1570

G1X113.9417Y-291.8705

G1X116.5096Y-293.4270

G1X119.0206Y-294.6585

G1X121.8157Y-295.6806

G1X124.8809Y-296.4226

G1X128.2525Y-296.8848

G1X132.3394Y-297.1250

G1X142.3522Y-297.1925

G1X148.3803Y-297.0305

G1X150.6281Y-296.8312

G1X152.5694Y-296.5420

G1X154.3063Y-296.1572

G1X156.0213Y-295.6300

G1X157.6342Y-294.9764

G1X159.1015Y-294.2316

G1X160.6069Y-293.3079

G1X162.1288Y-292.2068

G1X164.8867Y-289.8209

G1X169.9783Y-284.8382

G1X171.9411Y-283.2186

G1X172.9151Y-282.5881

G1X173.8576Y-282.1291

G1X174.7406Y-281.8561

G1X175.5580Y-281.7509

G1X176.5797Y-281.8436

G1X177.5576Y-282.1756

G1X178.5510Y-282.7595

G1X179.5667Y-283.6095

G1X180.4837Y-284.5786

G1X181.5164Y-285.8619

G1X185.3200Y-291.3951

G1X186.7753Y-293.2647

G1X187.5443Y-294.0645

G1X188.3614Y-294.7173

G1X189.1468Y-295.1303

G1X189.8620Y-295.3064

G1X190.4604Y-295.2994

G1X191.1245Y-295.1317

G1X191.6727Y-294.8346

G1X192.2630Y-294.3165

G1X193.2434Y-293.2074

G1X194.4286Y-291.6182

G1X197.8936Y-286.4646

G1X198.8378Y-285.2426

G1X199.5019Y-284.5420

G1X200.1881Y-284.0004

G1X200.8080Y-283.6743

G1X201.5096Y-283.5205

G1X202.1226Y-283.5668

G1X202.6675Y-283.7544

G1X203.2873Y-284.1283

G1X203.9025Y-284.6456

G1X205.2435Y-286.2219

G1X208.2018Y-290.6008

G1X209.2853Y-291.9837

G1X209.9145Y-292.6386

G1X210.5483Y-293.1406

G1X211.1682Y-293.4823

G1X211.8289Y-293.6604

G1X212.4419Y-293.6529

G1X213.0277Y-293.4990

G1X213.6475Y-293.1738

G1X214.2526Y-292.7276

G1X215.6336Y-291.2901

G1X218.1003Y-288.0987

G1X219.4918Y-286.5234

G1X220.2389Y-285.8733

G1X220.9149Y-285.4336

G1X221.5790Y-285.1574

G1X222.2504Y-285.0358

G1X222.8635Y-285.0710

G1X223.4765Y-285.2312

G1X224.6276Y-285.8540

G1X225.9767Y-286.9863

G1X228.6496Y-289.7228

G1X230.0395Y-290.9611

G1X231.4459Y-291.8432

G1X232.1610Y-292.1133

G1X232.8763Y-292.2590

G1X233.5915Y-292.2752

G1X234.3067Y-292.1752

G1X235.0219Y-291.9598

G1X235.8733Y-291.5855

G1X237.2569Y-290.7546

G1X240.8320Y-288.2178

G1X242.8307Y-287.1053

G1X244.5238Y-286.5261

G1X246.1586Y-286.3086

G1X247.6911Y-286.3821

G1X249.4281Y-286.7233

G1X251.2671Y-287.2817

G1X257.0909Y-289.3019

G1X259.2365Y-289.8771

G1X261.3821Y-290.3109

G1X263.8342Y-290.6492

G1X266.5929Y-290.8731

G1X269.9645Y-291.0003

G1X273.9493Y-291.0358

G1 Z0F20000

(Start Block)


G1X22.9136Y-281.2745
G1Z5F20000
(Plotting speed under)
G1 F4000


G1X25.1614Y-280.5236

G1X27.3070Y-280.1515

G1X29.5547Y-280.1344

G1X31.8025Y-280.4787

G1X33.8241Y-281.0564

G1X36.0062Y-281.9068

G1X38.1882Y-282.9196

G1X45.8730Y-286.7544

G1X48.5295Y-287.8826

G1X51.1130Y-288.7988

G1X54.1781Y-289.6369

G1X57.2432Y-290.2101

G1X60.4105Y-290.5418

G1X63.6801Y-290.6234

G1X66.4387Y-290.4888

G1X69.0951Y-290.1755

G1X71.6494Y-289.6913

G1X74.2037Y-289.0144

G1X76.8018Y-288.1203

G1X79.5532Y-286.9551

G1X82.1148Y-285.7009

G1X88.0918Y-282.5552

G1X91.3175Y-281.1318

G1X93.1055Y-280.5617

G1X94.7402Y-280.2266

G1X96.3750Y-280.0965

G1X98.0097Y-280.1900

G1X99.4401Y-280.4617

G1X100.8997Y-280.9190

G1X102.4177Y-281.5763

G1X103.9357Y-282.3992

G1X106.7582Y-284.2724

G1X112.2371Y-288.4330

G1X114.6501Y-290.1496

G1X117.2180Y-291.7351

G1X119.7796Y-293.0105

G1X122.6331Y-294.0602

G1X125.5961Y-294.7801

G1X128.9677Y-295.2443

G1X132.9524Y-295.4784

G1X143.3739Y-295.5444

G1X149.2999Y-295.3948

G1X151.5476Y-295.2020

G1X153.4889Y-294.9171

G1X155.3280Y-294.5096

G1X156.9627Y-294.0046

G1X158.5829Y-293.3468

G1X160.0756Y-292.5852

G1X161.6307Y-291.6212

G1X163.1249Y-290.5287

G1X165.6984Y-288.2989

G1X170.9723Y-283.1336

G1X172.8377Y-281.5900

G1X173.8006Y-280.9624

G1X174.7114Y-280.5096

G1X175.5653Y-280.2258

G1X176.4775Y-280.0983

G1X177.3971Y-280.1672

G1X178.4052Y-280.4819

G1X179.3792Y-281.0317

G1X180.4262Y-281.8834

G1X181.3715Y-282.8648

G1X182.4824Y-284.2410

G1X186.1128Y-289.5264

G1X187.6880Y-291.5656

G1X188.5735Y-292.4783

G1X189.3852Y-293.1043

G1X190.0936Y-293.4734

G1X190.8837Y-293.6569

G1X191.5989Y-293.6156

G1X192.2630Y-293.3908

G1X193.0009Y-292.9443

G1X193.7388Y-292.2917

G1X194.4969Y-291.4452

G1X195.3421Y-290.3056

G1X198.1847Y-285.8620

G1X199.7081Y-283.7525

G1X200.4771Y-282.9240

G1X201.1812Y-282.3631

G1X201.8453Y-282.0159

G1X202.5313Y-281.8658

G1X203.1443Y-281.9132

G1X203.7190Y-282.1069

G1X204.3001Y-282.4556

G1X205.0140Y-283.0576

G1X206.3827Y-284.6837

G1X208.8659Y-288.3578

G1X210.2679Y-290.2124

G1X211.0059Y-290.9796

G1X211.6173Y-291.4679

G1X212.2814Y-291.8298

G1X212.9528Y-292.0094

G1X213.5658Y-291.9986

G1X214.1788Y-291.8344

G1X214.7987Y-291.5102

G1X215.4185Y-291.0480

G1X216.8985Y-289.5041

G1X219.3653Y-286.3467

G1X220.6802Y-284.8838

G1X221.4011Y-284.2612

G1X222.0652Y-283.8190

G1X222.7613Y-283.5200

G1X223.4765Y-283.3834

G1X224.0895Y-283.4123

G1X224.7025Y-283.5650

G1X225.8673Y-284.1705

G1X227.2268Y-285.2789

G1X229.9701Y-288.0311

G1X231.3677Y-289.2606

G1X232.8763Y-290.1929

G1X233.5915Y-290.4573

G1X234.3067Y-290.6022

G1X235.0219Y-290.6241

G1X235.7371Y-290.5352

G1X236.5544Y-290.3010

G1X237.4229Y-289.9271

G1X238.7954Y-289.1316

G1X242.6915Y-286.4813

G1X244.6333Y-285.4581

G1X246.3629Y-284.8884

G1X248.0998Y-284.6580

G1X249.8367Y-284.7328

G1X251.6758Y-285.0660

G1X259.2365Y-287.3375

G1X261.3821Y-287.8671

G1X263.4256Y-288.2639

G1X265.7755Y-288.5965

G1X268.2276Y-288.8241

G1X270.9863Y-288.9658

G1X273.9493Y-289.0138

G1 Z0F20000

(Start Block)


G1X22.9136Y-279.4361
G1Z5F20000
(Plotting speed under)
G1 F4000


G1X25.0592Y-278.7670

G1X27.1026Y-278.4671

G1X29.1461Y-278.5036

G1X31.2917Y-278.8830

G1X33.1599Y-279.4637

G1X35.2471Y-280.3310

G1X37.6127Y-281.5098

G1X45.2089Y-285.5696

G1X47.9602Y-286.8072

G1X50.5218Y-287.7616

G1X53.6672Y-288.6595

G1X56.9367Y-289.2892

G1X60.4105Y-289.6568

G1X63.8844Y-289.7460

G1X66.8474Y-289.6089

G1X69.8104Y-289.2623

G1X72.5690Y-288.7280

G1X75.2254Y-287.9969

G1X77.9403Y-287.0140

G1X80.6916Y-285.7779

G1X83.3038Y-284.4145

G1X89.2366Y-281.0752

G1X92.4560Y-279.5554

G1X94.2294Y-278.9490

G1X95.8641Y-278.5873

G1X97.4989Y-278.4435

G1X99.1336Y-278.5354

G1X100.4618Y-278.7884

G1X101.8484Y-279.2201

G1X103.2716Y-279.8310

G1X104.8211Y-280.6691

G1X107.6713Y-282.5757

G1X113.0673Y-286.7158

G1X115.5577Y-288.5025

G1X118.1034Y-290.0817

G1X120.6334Y-291.3469

G1X123.4505Y-292.3899

G1X126.5156Y-293.1358

G1X129.8873Y-293.5956

G1X133.9741Y-293.8293

G1X144.3956Y-293.8889

G1X150.1172Y-293.7381

G1X152.2628Y-293.5542

G1X154.2041Y-293.2743

G1X156.0432Y-292.8718

G1X157.7290Y-292.3556

G1X159.3419Y-291.7042

G1X160.8725Y-290.9252

G1X162.3778Y-289.9956

G1X163.8623Y-288.9176

G1X166.5839Y-286.5630

G1X171.6017Y-281.6458

G1X173.7508Y-279.8680

G1X174.7114Y-279.2584

G1X175.5653Y-278.8412

G1X176.3754Y-278.5766

G1X177.1927Y-278.4509

G1X178.2144Y-278.5098

G1X179.2654Y-278.8397

G1X180.2260Y-279.3832

G1X181.2682Y-280.2267

G1X182.3013Y-281.3061

G1X183.3133Y-282.5636

G1X187.1916Y-288.1672

G1X188.6768Y-290.0421

G1X189.4894Y-290.8524

G1X190.2707Y-291.4534

G1X191.0297Y-291.8356

G1X191.8033Y-292.0062

G1X192.5185Y-291.9559

G1X193.1928Y-291.7259

G1X193.9012Y-291.2913

G1X194.6748Y-290.6157

G1X196.1611Y-288.7992

G1X199.3469Y-283.8694

G1X200.6435Y-282.1102

G1X201.3653Y-281.3386

G1X202.0685Y-280.7544

G1X202.7940Y-280.3710

G1X203.4581Y-280.2140

G1X204.0638Y-280.2476

G1X204.6769Y-280.4455

G1X205.2719Y-280.7882

G1X205.9751Y-281.3798

G1X206.6522Y-282.1005

G1X207.5377Y-283.2395

G1X210.0786Y-286.9717

G1X211.3959Y-288.6604

G1X212.1474Y-289.4056

G1X212.7725Y-289.8815

G1X213.4199Y-290.2048

G1X214.0840Y-290.3621

G1X214.5875Y-290.3540

G1X215.2006Y-290.2017

G1X215.7561Y-289.9414

G1X216.4202Y-289.4727

G1X217.7441Y-288.1622

G1X220.6303Y-284.5554

G1X221.9385Y-283.1468

G1X222.6463Y-282.5598

G1X223.3104Y-282.1363

G1X223.9873Y-281.8588

G1X224.7025Y-281.7295

G1X225.2134Y-281.7444

G1X225.8264Y-281.8766

G1X227.0184Y-282.4491

G1X228.3987Y-283.5267

G1X231.2983Y-286.3688

G1X232.7741Y-287.6337

G1X234.2921Y-288.5428

G1X235.0511Y-288.8132

G1X235.8392Y-288.9570

G1X236.5544Y-288.9673

G1X237.2696Y-288.8719

G1X238.1819Y-288.6092

G1X238.9409Y-288.2847

G1X240.4778Y-287.4205

G1X244.3740Y-284.8726

G1X246.3410Y-283.8696

G1X248.0998Y-283.2882

G1X249.9389Y-283.0165

G1X251.6758Y-283.0401

G1X253.7193Y-283.3358

G1X261.4843Y-285.3332

G1X265.4690Y-286.1169

G1X269.5559Y-286.5815

G1X273.9493Y-286.7545

G1 Z0F20000

(Start Block)


G1X22.9136Y-277.6202
G1Z5F20000
(Plotting speed under)
G1 F4000


G1X24.8549Y-277.0515

G1X26.7961Y-276.8003

G1X28.7374Y-276.8716

G1X30.7808Y-277.2754

G1X32.5907Y-277.8799

G1X34.5830Y-278.7626

G1X36.7272Y-279.8917

G1X42.0401Y-282.9712

G1X44.5448Y-284.3311

G1X47.2961Y-285.6364

G1X49.9526Y-286.6692

G1X53.2585Y-287.6336

G1X56.6302Y-288.2830

G1X60.3084Y-288.6681

G1X64.0887Y-288.7689

G1X67.3582Y-288.6289

G1X70.5255Y-288.2719

G1X73.4885Y-287.7027

G1X76.3275Y-286.9051

G1X79.0788Y-285.8696

G1X81.8301Y-284.5736

G1X84.4550Y-283.1286

G1X90.4763Y-279.5376

G1X93.5944Y-277.9795

G1X95.4554Y-277.3082

G1X97.0902Y-276.9334

G1X98.7249Y-276.7892

G1X100.2575Y-276.8783

G1X101.5857Y-277.1346

G1X102.9869Y-277.5808

G1X104.4100Y-278.2067

G1X105.8837Y-279.0177

G1X108.5845Y-280.8367

G1X114.0634Y-285.0596

G1X116.4708Y-286.7913

G1X119.0775Y-288.4108

G1X121.5822Y-289.6619

G1X124.4722Y-290.7276

G1X127.6395Y-291.4863

G1X131.1133Y-291.9452

G1X135.4045Y-292.1756

G1X145.1108Y-292.2266

G1X150.9346Y-292.0506

G1X153.0802Y-291.8513

G1X155.0215Y-291.5538

G1X156.7584Y-291.1610

G1X158.4880Y-290.6199

G1X160.1009Y-289.9567

G1X161.5809Y-289.1967

G1X163.0862Y-288.2650

G1X164.5362Y-287.2143

G1X167.1742Y-284.9516

G1X172.4568Y-279.8308

G1X174.3319Y-278.2947

G1X175.3060Y-277.6628

G1X176.2294Y-277.2063

G1X177.0906Y-276.9227

G1X177.9079Y-276.7964

G1X178.9297Y-276.8553

G1X179.9105Y-277.1482

G1X180.9731Y-277.7343

G1X181.9888Y-278.5514

G1X182.9305Y-279.5131

G1X184.0522Y-280.8789

G1X187.9765Y-286.5059

G1X189.5017Y-288.4150

G1X190.2707Y-289.1818

G1X191.1008Y-289.8134

G1X191.9054Y-290.2029

G1X192.6206Y-290.3531

G1X193.3066Y-290.3100

G1X194.0656Y-290.0502

G1X194.8023Y-289.5898

G1X195.5836Y-288.8929

G1X197.1428Y-286.9669

G1X200.3190Y-282.0810

G1X201.6271Y-280.3500

G1X202.3078Y-279.6387

G1X203.0549Y-279.0468

G1X203.6552Y-278.7335

G1X204.3704Y-278.5627

G1X204.9761Y-278.5902

G1X205.5454Y-278.7671

G1X206.2095Y-279.1393

G1X206.8736Y-279.6870

G1X208.1702Y-281.1579

G1X211.2336Y-285.5612

G1X212.4521Y-287.0733

G1X213.1827Y-287.7783

G1X213.8468Y-288.2664

G1X214.4854Y-288.5690

G1X215.0984Y-288.7055

G1X215.6968Y-288.6916

G1X216.2661Y-288.5387

G1X216.9134Y-288.2220

G1X217.4603Y-287.8343

G1X218.7228Y-286.6196

G1X221.8162Y-282.8188

G1X223.1075Y-281.4631

G1X223.8307Y-280.8789

G1X224.5391Y-280.4470

G1X225.2134Y-280.1883

G1X225.8264Y-280.0805

G1X226.4395Y-280.0943

G1X227.0525Y-280.2307

G1X228.2581Y-280.8048

G1X229.5707Y-281.8022

G1X232.6265Y-284.7263

G1X234.1023Y-285.9620

G1X234.9878Y-286.5401

G1X235.7152Y-286.9011

G1X236.4742Y-287.1616

G1X237.2696Y-287.3022

G1X238.5979Y-287.2477

G1X240.0793Y-286.8101

G1X241.6290Y-286.0371

G1X245.6136Y-283.5415

G1X247.3846Y-282.5933

G1X249.5302Y-281.7875

G1X250.6541Y-281.5318

G1X251.7780Y-281.3866

G1X253.7193Y-281.3668

G1X255.8649Y-281.6044

G1X263.6299Y-283.2416

G1X267.3081Y-283.8516

G1X270.5776Y-284.1851

G1X273.9493Y-284.3257

G1 Z0F20000

(Start Block)


G1X22.9136Y-275.8229
G1Z5F20000
(Plotting speed under)
G1 F4000


G1X24.7527Y-275.3280

G1X26.4896Y-275.1393

G1X28.3287Y-275.2371

G1X30.1678Y-275.6252

G1X31.9266Y-276.2369

G1X33.8936Y-277.1472

G1X36.1959Y-278.4299

G1X41.3317Y-281.5823

G1X43.8996Y-283.0530

G1X46.7269Y-284.4534

G1X49.3833Y-285.5174

G1X52.6455Y-286.4875

G1X56.2215Y-287.1745

G1X60.1041Y-287.5695

G1X64.2931Y-287.6828

G1X67.9713Y-287.5422

G1X71.4451Y-287.1700

G1X74.5103Y-286.5918

G1X77.4659Y-285.7548

G1X80.3121Y-284.6502

G1X83.1267Y-283.2628

G1X85.7832Y-281.7218

G1X91.7160Y-277.9964

G1X93.3098Y-277.1031

G1X94.8278Y-276.3669

G1X96.5793Y-275.7019

G1X98.2140Y-275.2993

G1X99.8488Y-275.1369

G1X101.3814Y-275.2175

G1X102.7096Y-275.4721

G1X104.0305Y-275.8905

G1X105.4410Y-276.5065

G1X106.8578Y-277.2814

G1X109.5807Y-279.1101

G1X115.1426Y-283.3937

G1X117.5722Y-285.1312

G1X120.2286Y-286.7630

G1X122.8155Y-288.0294

G1X125.8004Y-289.0951

G1X129.0699Y-289.8428

G1X132.6459Y-290.2869

G1X137.2436Y-290.5126

G1X146.0304Y-290.5458

G1X151.5476Y-290.3394

G1X153.6932Y-290.1210

G1X155.6345Y-289.8055

G1X157.4736Y-289.3673

G1X159.1521Y-288.8211

G1X160.6701Y-288.1858

G1X162.2007Y-287.3936

G1X163.7061Y-286.4572

G1X165.1906Y-285.3799

G1X167.8383Y-283.1165

G1X172.8561Y-278.3044

G1X174.9130Y-276.6293

G1X175.8499Y-276.0289

G1X176.7986Y-275.5577

G1X177.7036Y-275.2643

G1X178.5210Y-275.1432

G1X179.5427Y-275.2006

G1X180.5936Y-275.5198

G1X181.6372Y-276.1018

G1X182.6703Y-276.9303

G1X183.7560Y-278.0516

G1X184.8313Y-279.3785

G1X188.6406Y-284.8090

G1X190.1379Y-286.6800

G1X191.0520Y-287.5810

G1X191.7887Y-288.1326

G1X192.5477Y-288.5182

G1X193.3358Y-288.6960

G1X194.0511Y-288.6577

G1X194.7867Y-288.4129

G1X195.4951Y-287.9876

G1X196.2477Y-287.3422

G1X197.0326Y-286.4851

G1X197.8778Y-285.3744

G1X200.8412Y-280.8566

G1X202.2985Y-278.8789

G1X203.0365Y-278.0825

G1X203.7301Y-277.5063

G1X204.4385Y-277.1059

G1X205.1877Y-276.9117

G1X205.8008Y-276.9328

G1X206.4751Y-277.1377

G1X207.0949Y-277.4970

G1X207.7474Y-278.0219

G1X209.1678Y-279.6322

G1X212.1865Y-283.9320

G1X213.4099Y-285.4278

G1X214.1089Y-286.1053

G1X214.7987Y-286.6031

G1X215.4185Y-286.9042

G1X216.1201Y-287.0551

G1X216.6309Y-287.0435

G1X217.2148Y-286.9047

G1X217.8789Y-286.5870

G1X218.4760Y-286.1808

G1X219.8238Y-284.8900

G1X222.9452Y-281.1076

G1X224.1796Y-279.8352

G1X224.8933Y-279.2571

G1X225.6017Y-278.8246

G1X226.2351Y-278.5660

G1X226.9503Y-278.4291

G1X228.0742Y-278.5337

G1X228.7894Y-278.7915

G1X229.4092Y-279.1231

G1X230.7427Y-280.1037

G1X233.9547Y-283.1008

G1X235.5191Y-284.3636

G1X236.4046Y-284.9162

G1X237.1383Y-285.2627

G1X237.9921Y-285.5345

G1X238.8022Y-285.6560

G1X240.1304Y-285.5852

G1X241.5973Y-285.1652

G1X243.3999Y-284.2953

G1X247.2075Y-282.0156

G1X249.1872Y-281.0000

G1X251.3693Y-280.2044

G1X253.6171Y-279.7769

G1X255.4562Y-279.6893

G1X257.4996Y-279.8050

G1X259.6452Y-280.0825

G1X267.8189Y-281.3869

G1X270.8841Y-281.6842

G1X273.9493Y-281.8203

G1 Z0F20000

(Start Block)


G1X22.9136Y-274.0407
G1Z5F20000
(Plotting speed under)
G1 F4000


G1X24.8549Y-273.5862

G1X26.7961Y-273.4911

G1X28.7374Y-273.7515

G1X30.8830Y-274.4165

G1X32.5907Y-275.1835

G1X34.4249Y-276.1877

G1X41.2432Y-280.5348

G1X44.1653Y-282.2300

G1X47.2961Y-283.7224

G1X50.3978Y-284.8306

G1X53.4629Y-285.5887

G1X56.7324Y-286.0953

G1X60.4105Y-286.3911

G1X64.5996Y-286.4791

G1X68.7886Y-286.3380

G1X72.4668Y-285.9731

G1X75.7363Y-285.3737

G1X78.6993Y-284.5302

G1X81.5455Y-283.4010

G1X84.3664Y-281.9625

G1X87.0229Y-280.3565

G1X93.0442Y-276.4046

G1X94.5495Y-275.5259

G1X96.0612Y-274.7614

G1X97.8054Y-274.0719

G1X99.4401Y-273.6531

G1X101.0749Y-273.4836

G1X102.6074Y-273.5648

G1X103.9357Y-273.8243

G1X105.2639Y-274.2528

G1X106.5921Y-274.8377

G1X108.0089Y-275.6132

G1X110.7428Y-277.4491

G1X116.0558Y-281.5207

G1X118.6348Y-283.3582

G1X121.3924Y-285.0353

G1X124.1438Y-286.3546

G1X127.2308Y-287.4203

G1X128.9677Y-287.8496

G1X130.7046Y-288.1762

G1X134.5872Y-288.6191

G1X139.2871Y-288.8252

G1X146.9499Y-288.8303

G1X152.2628Y-288.5664

G1X154.3063Y-288.3256

G1X156.2475Y-287.9770

G1X158.0866Y-287.5070

G1X159.7214Y-286.9484

G1X161.2393Y-286.2927

G1X162.7320Y-285.5062

G1X164.1211Y-284.6413

G1X165.6154Y-283.5676

G1X168.1595Y-281.4318

G1X173.3162Y-276.5919

G1X175.3281Y-274.9824

G1X176.2800Y-274.3812

G1X177.1781Y-273.9377

G1X178.0320Y-273.6446

G1X178.9297Y-273.4943

G1X179.9514Y-273.5335

G1X181.0616Y-273.8479

G1X182.1242Y-274.4230

G1X183.1607Y-275.2359

G1X184.1189Y-276.1902

G1X185.2596Y-277.5470

G1X189.2587Y-283.1627

G1X190.8299Y-285.0951

G1X191.5989Y-285.8505

G1X192.5121Y-286.5303

G1X193.3358Y-286.9093

G1X194.0511Y-287.0479

G1X194.7662Y-286.9939

G1X195.5836Y-286.7019

G1X196.2477Y-286.2832

G1X197.0447Y-285.5891

G1X198.5866Y-283.7299

G1X201.8205Y-278.8565

G1X203.1545Y-277.1095

G1X203.9436Y-276.3035

G1X204.6468Y-275.7548

G1X205.2899Y-275.4268

G1X206.0051Y-275.2547

G1X206.6181Y-275.2810

G1X207.3334Y-275.5096

G1X207.9527Y-275.8693

G1X208.6169Y-276.4174

G1X209.3308Y-277.1547

G1X210.1941Y-278.2266

G1X212.7928Y-281.9127

G1X214.1788Y-283.6428

G1X214.9602Y-284.4054

G1X215.6019Y-284.8839

G1X216.3609Y-285.2561

G1X217.0397Y-285.4025

G1X217.6527Y-285.3771

G1X218.2521Y-285.2191

G1X218.8719Y-284.9130

G1X219.5656Y-284.4288

G1X220.9528Y-283.0784

G1X223.8260Y-279.6357

G1X225.1172Y-278.2923

G1X225.8985Y-277.6486

G1X226.6073Y-277.2122

G1X227.2714Y-276.9311

G1X227.9720Y-276.7832

G1X228.5850Y-276.7749

G1X229.1689Y-276.8685

G1X230.4718Y-277.4083

G1X231.9146Y-278.4294

G1X235.2743Y-281.4815

G1X236.8473Y-282.7108

G1X237.8214Y-283.2946

G1X238.6563Y-283.6609

G1X239.5174Y-283.9054

G1X240.3348Y-284.0078

G1X241.7652Y-283.9063

G1X243.2978Y-283.4579

G1X244.9938Y-282.6706

G1X248.8077Y-280.5112

G1X250.8949Y-279.4810

G1X253.1062Y-278.6822

G1X255.3540Y-278.2094

G1X257.3974Y-278.0444

G1X259.7474Y-278.0888

G1X269.1472Y-279.0791

G1X273.9493Y-279.3450

G1 Z0F20000

(Start Block)


G1X22.9136Y-272.2711
G1Z5F20000
(Plotting speed under)
G1 F4000


G1X24.7527Y-271.8918

G1X26.5918Y-271.8527

G1X28.5330Y-272.1735

G1X30.5035Y-272.8459

G1X32.1163Y-273.6143

G1X33.8936Y-274.6357

G1X40.5348Y-279.0760

G1X43.4569Y-280.8508

G1X46.5371Y-282.3780

G1X49.5804Y-283.4978

G1X52.6455Y-284.2637

G1X56.1193Y-284.7822

G1X60.2062Y-285.0706

G1X65.0083Y-285.1504

G1X69.7082Y-285.0226

G1X73.5907Y-284.6846

G1X76.8602Y-284.1240

G1X79.9254Y-283.2705

G1X82.7789Y-282.1286

G1X85.6061Y-280.6508

G1X88.3290Y-278.9451

G1X94.2839Y-274.8774

G1X95.8777Y-273.9119

G1X97.2945Y-273.1694

G1X99.0314Y-272.4537

G1X100.6662Y-272.0145

G1X102.3009Y-271.8316

G1X103.8335Y-271.9055

G1X105.0596Y-272.1359

G1X106.3878Y-272.5498

G1X107.7306Y-273.1288

G1X109.1601Y-273.9002

G1X111.8220Y-275.6627

G1X117.2180Y-279.7415

G1X119.8744Y-281.6037

G1X122.7207Y-283.2977

G1X125.4720Y-284.5866

G1X128.6612Y-285.6636

G1X130.3981Y-286.0849

G1X132.2372Y-286.4249

G1X136.2219Y-286.8738

G1X141.2283Y-287.0881

G1X147.8695Y-287.0544

G1X152.8759Y-286.7258

G1X154.9193Y-286.4416

G1X156.7584Y-286.0717

G1X158.4880Y-285.5981

G1X160.1957Y-284.9878

G1X161.6188Y-284.3554

G1X163.0862Y-283.5749

G1X164.5030Y-282.6920

G1X165.9474Y-281.6621

G1X168.4721Y-279.5809

G1X173.5506Y-274.9371

G1X175.4941Y-273.4069

G1X176.5457Y-272.7454

G1X177.4628Y-272.2976

G1X178.3166Y-272.0046

G1X179.2361Y-271.8432

G1X180.3600Y-271.8857

G1X181.3526Y-272.1560

G1X182.4673Y-272.7276

G1X183.5465Y-273.5485

G1X184.6082Y-274.5936

G1X185.7168Y-275.8982

G1X189.7877Y-281.5352

G1X191.3333Y-283.4124

G1X192.2240Y-284.2647

G1X193.0220Y-284.8471

G1X193.8759Y-285.2490

G1X194.6641Y-285.3946

G1X195.3793Y-285.3354

G1X196.1149Y-285.0789

G1X196.8233Y-284.6516

G1X197.5760Y-284.0137

G1X198.3666Y-283.1666

G1X199.1888Y-282.1132

G1X202.4059Y-277.3373

G1X203.8326Y-275.4766

G1X204.6016Y-274.6836

G1X205.3240Y-274.1266

G1X206.0323Y-273.7612

G1X206.7203Y-273.6039

G1X207.3334Y-273.6239

G1X208.0121Y-273.8253

G1X208.6762Y-274.1979

G1X209.3087Y-274.6957

G1X210.7001Y-276.2158

G1X213.8166Y-280.5359

G1X215.1575Y-282.1394

G1X215.9221Y-282.8421

G1X216.5863Y-283.3073

G1X217.2440Y-283.6062

G1X217.9592Y-283.7514

G1X218.5722Y-283.7205

G1X219.1852Y-283.5490

G1X219.7408Y-283.2862

G1X220.4049Y-282.8333

G1X221.7793Y-281.5442

G1X224.6719Y-278.1422

G1X226.0630Y-276.6985

G1X226.8801Y-276.0330

G1X227.5561Y-275.6080

G1X228.3150Y-275.2838

G1X228.9937Y-275.1343

G1X229.6068Y-275.1173

G1X230.3074Y-275.2232

G1X231.6230Y-275.7647

G1X233.0866Y-276.7769

G1X236.5244Y-279.8140

G1X238.1756Y-281.0636

G1X239.1496Y-281.6285

G1X240.0793Y-282.0208

G1X240.9478Y-282.2541

G1X241.8673Y-282.3580

G1X243.3999Y-282.2317

G1X244.9179Y-281.7955

G1X246.5308Y-281.0904

G1X250.6103Y-278.9311

G1X252.6027Y-277.9998

G1X254.8432Y-277.2015

G1X257.0909Y-276.6898

G1X259.4409Y-276.4314

G1X261.9952Y-276.3893

G1X270.6798Y-276.8912

G1X273.9493Y-277.0057

G1 Z0F20000

(Start Block)


G1X22.9136Y-270.5125
G1Z5F20000
(Plotting speed under)
G1 F4000


G1X24.7527Y-270.1991

G1X26.4896Y-270.2312

G1X28.3214Y-270.6006

G1X30.1240Y-271.2699

G1X31.6799Y-272.0536

G1X33.5394Y-273.1813

G1X39.8485Y-277.5962

G1X42.6600Y-279.3817

G1X45.6832Y-280.9475

G1X47.2012Y-281.5765

G1X48.7630Y-282.1149

G1X51.9303Y-282.8986

G1X55.4042Y-283.3791

G1X59.5932Y-283.6236

G1X65.6213Y-283.6894

G1X71.0364Y-283.5850

G1X74.9190Y-283.2988

G1X78.2906Y-282.7568

G1X81.3557Y-281.9095

G1X84.2020Y-280.7498

G1X87.0229Y-279.2295

G1X89.6572Y-277.5226

G1X95.6342Y-273.2981

G1X97.2060Y-272.3162

G1X98.6227Y-271.5516

G1X100.3597Y-270.8165

G1X101.9944Y-270.3663

G1X103.6291Y-270.1784

G1X105.1617Y-270.2511

G1X106.3878Y-270.4814

G1X107.7160Y-270.8950

G1X109.0588Y-271.4719

G1X110.3997Y-272.1867

G1X112.9842Y-273.8623

G1X118.4632Y-277.9164

G1X121.1141Y-279.7357

G1X123.9540Y-281.3966

G1X126.8002Y-282.7121

G1X128.4569Y-283.3185

G1X130.0916Y-283.8110

G1X133.6676Y-284.5739

G1X137.6523Y-285.0382

G1X142.5565Y-285.2607

G1X148.3803Y-285.2005

G1X153.0802Y-284.8300

G1X155.1237Y-284.5163

G1X156.9627Y-284.1192

G1X158.6777Y-283.6276

G1X160.3855Y-283.0011

G1X161.8086Y-282.3609

G1X163.2633Y-281.5866

G1X166.1135Y-279.7073

G1X168.6283Y-277.6876

G1X173.6288Y-273.2681

G1X175.5771Y-271.7764

G1X176.6342Y-271.1224

G1X177.6525Y-270.6346

G1X178.5210Y-270.3478

G1X179.4405Y-270.1898

G1X180.5644Y-270.2268

G1X181.6372Y-270.5130

G1X182.7164Y-271.0552

G1X183.8509Y-271.8966

G1X185.0242Y-273.0392

G1X186.1532Y-274.3623

G1X190.0896Y-279.7376

G1X191.7465Y-281.7304

G1X192.7058Y-282.6401

G1X193.5470Y-283.2300

G1X194.3575Y-283.5965

G1X195.1749Y-283.7428

G1X195.9631Y-283.6620

G1X196.7221Y-283.3771

G1X197.4099Y-282.9493

G1X198.2401Y-282.2316

G1X199.8098Y-280.3747

G1X203.1488Y-275.4744

G1X204.4828Y-273.7826

G1X205.2133Y-273.0510

G1X205.9604Y-272.4711

G1X206.6181Y-272.1347

G1X207.3334Y-271.9531

G1X207.9464Y-271.9622

G1X208.6616Y-272.1605

G1X209.2810Y-272.4872

G1X210.0281Y-273.0656

G1X210.6835Y-273.7092

G1X211.5827Y-274.7701

G1X214.6216Y-278.9299

G1X215.9498Y-280.4892

G1X216.6877Y-281.1692

G1X217.4551Y-281.6859

G1X218.1635Y-281.9869

G1X218.8787Y-282.1007

G1X219.4918Y-282.0532

G1X220.0610Y-281.8862

G1X221.2888Y-281.1721

G1X222.6376Y-279.9321

G1X225.8009Y-276.2862

G1X227.0922Y-274.9967

G1X227.9039Y-274.3584

G1X228.6123Y-273.9276

G1X229.3003Y-273.6427

G1X230.0155Y-273.4829

G1X230.7307Y-273.4676

G1X231.5407Y-273.6124

G1X232.2997Y-273.8985

G1X233.1283Y-274.3448

G1X234.5711Y-275.3935

G1X238.1700Y-278.4714

G1X239.1662Y-279.2006

G1X240.1236Y-279.7806

G1X240.9332Y-280.1676

G1X241.7871Y-280.4638

G1X242.5826Y-280.6345

G1X243.3999Y-280.7068

G1X244.9325Y-280.5818

G1X246.5308Y-280.1490

G1X248.2385Y-279.4483

G1X252.3180Y-277.4419

G1X254.3104Y-276.5637

G1X256.5801Y-275.7722

G1X258.8278Y-275.2322

G1X261.1778Y-274.9011

G1X263.9364Y-274.7435

G1X273.9493Y-274.8941

G1 Z0F20000

(Start Block)


G1X22.9136Y-268.7644
G1Z5F20000
(Plotting speed under)
G1 F4000


G1X24.5483Y-268.5321

G1X26.2853Y-268.6087

G1X28.0222Y-269.0082

G1X29.8394Y-269.7374

G1X31.3257Y-270.5341

G1X33.0081Y-271.6033

G1X38.9354Y-275.9245

G1X41.5088Y-277.6566

G1X44.1653Y-279.1558

G1X46.7269Y-280.2725

G1X49.2739Y-281.0652

G1X51.9303Y-281.5979

G1X54.8933Y-281.9203

G1X58.5715Y-282.0687

G1X70.0147Y-282.0872

G1X74.4081Y-281.9799

G1X76.5537Y-281.8189

G1X78.3928Y-281.5864

G1X80.1297Y-281.2616

G1X81.7644Y-280.8448

G1X83.3481Y-280.3245

G1X84.9610Y-279.6674

G1X86.4789Y-278.9284

G1X88.0854Y-278.0230

G1X90.9024Y-276.1713

G1X96.8794Y-271.8169

G1X99.5968Y-270.1434

G1X100.9946Y-269.4723

G1X102.3228Y-268.9872

G1X103.6291Y-268.6722

G1X104.9574Y-268.5278

G1X106.3878Y-268.5757

G1X107.9204Y-268.8571

G1X109.4383Y-269.3553

G1X111.1081Y-270.1262

G1X114.0302Y-271.9020

G1X119.7914Y-276.0297

G1X122.5309Y-277.8517

G1X125.4720Y-279.5141

G1X128.3182Y-280.7884

G1X131.4199Y-281.8141

G1X134.7915Y-282.5614

G1X138.5719Y-283.0501

G1X142.8631Y-283.2928

G1X148.1760Y-283.2537

G1X150.6281Y-283.1013

G1X152.8759Y-282.8614

G1X154.9193Y-282.5347

G1X156.7584Y-282.1297

G1X158.4880Y-281.6317

G1X160.1957Y-281.0109

G1X163.0862Y-279.6245

G1X165.9474Y-277.8065

G1X168.4721Y-275.8658

G1X173.5848Y-271.5438

G1X175.5771Y-270.0827

G1X176.6342Y-269.4549

G1X177.6525Y-268.9832

G1X178.6231Y-268.6772

G1X179.5427Y-268.5330

G1X180.6666Y-268.5749

G1X181.8270Y-268.8869

G1X182.9212Y-269.4392

G1X184.0202Y-270.2422

G1X185.1675Y-271.3283

G1X186.4125Y-272.7521

G1X190.3339Y-278.0065

G1X192.1155Y-280.1150

G1X193.0157Y-280.9514

G1X193.9012Y-281.5726

G1X194.6641Y-281.9184

G1X195.4814Y-282.0856

G1X196.1966Y-282.0437

G1X197.0004Y-281.7917

G1X197.7973Y-281.3248

G1X198.5896Y-280.6696

G1X200.2008Y-278.8214

G1X203.4375Y-274.1463

G1X204.8812Y-272.2920

G1X205.6929Y-271.4612

G1X206.3992Y-270.9036

G1X207.1582Y-270.4933

G1X207.8442Y-270.3098

G1X208.4572Y-270.2990

G1X209.1505Y-270.4587

G1X209.8146Y-270.7844

G1X210.5631Y-271.3263

G1X212.0284Y-272.8594

G1X215.2656Y-277.2072

G1X216.6256Y-278.7916

G1X217.4164Y-279.5051

G1X218.1635Y-280.0119

G1X218.9225Y-280.3306

G1X219.5939Y-280.4468

G1X220.2070Y-280.4098

G1X220.9085Y-280.2140

G1X221.5284Y-279.9038

G1X222.2264Y-279.4271

G1X223.6163Y-278.1373

G1X226.6922Y-274.6534

G1X228.0081Y-273.3628

G1X228.7113Y-272.8036

G1X229.4978Y-272.3191

G1X230.2198Y-272.0096

G1X230.9350Y-271.8414

G1X231.5480Y-271.8028

G1X232.2632Y-271.8840

G1X232.9638Y-272.0789

G1X233.7228Y-272.4165

G1X235.5087Y-273.5863

G1X239.1027Y-276.5666

G1X240.8320Y-277.7727

G1X241.8060Y-278.2955

G1X242.8307Y-278.7000

G1X243.8086Y-278.9437

G1X244.8303Y-279.0513

G1X246.4651Y-278.9374

G1X248.2020Y-278.5005

G1X250.1359Y-277.7597

G1X254.0258Y-275.9988

G1X256.1130Y-275.1424

G1X258.3170Y-274.4054

G1X260.5647Y-273.8514

G1X263.0169Y-273.4554

G1X265.7755Y-273.2119

G1X268.9428Y-273.1001

G1X273.9493Y-273.0745

G1 Z0F20000

(Start Block)


G1X22.9136Y-267.0274
G1Z5F20000
(Plotting speed under)
G1 F4000


G1X24.5483Y-266.8664

G1X26.1831Y-267.0125

G1X27.8178Y-267.4538

G1X29.5547Y-268.2126

G1X31.0601Y-269.0729

G1X32.6263Y-270.1213

G1X38.2713Y-274.4010

G1X40.6233Y-276.0520

G1X43.0268Y-277.4888

G1X45.3986Y-278.6067

G1X47.6391Y-279.3825

G1X50.0912Y-279.9474

G1X52.6455Y-280.2770

G1X55.7107Y-280.4265

G1X65.3148Y-280.3439

G1X76.1450Y-280.4054

G1X79.7210Y-280.1301

G1X81.3557Y-279.8649

G1X82.8883Y-279.5131

G1X84.5815Y-278.9924

G1X86.1943Y-278.3561

G1X87.8072Y-277.5783

G1X89.4137Y-276.6671

G1X92.2307Y-274.7850

G1X98.3737Y-270.2023

G1X101.1021Y-268.4956

G1X102.5126Y-267.8135

G1X103.8408Y-267.3280

G1X105.1617Y-267.0124

G1X106.4900Y-266.8728

G1X107.9204Y-266.9248

G1X109.4529Y-267.2066

G1X110.9563Y-267.6938

G1X112.5692Y-268.4191

G1X115.4470Y-270.1052

G1X121.2027Y-274.0644

G1X123.9477Y-275.8209

G1X126.8951Y-277.4339

G1X129.7413Y-278.6810

G1X132.8502Y-279.7014

G1X136.1197Y-280.4377

G1X139.7979Y-280.9352

G1X143.6804Y-281.1702

G1X148.4825Y-281.1193

G1X152.7737Y-280.7184

G1X154.7149Y-280.3906

G1X156.5540Y-279.9727

G1X158.2910Y-279.4648

G1X159.9111Y-278.8777

G1X162.7320Y-277.5634

G1X165.6154Y-275.8135

G1X168.1888Y-273.9359

G1X173.3358Y-269.8171

G1X175.3945Y-268.3828

G1X176.5140Y-267.7543

G1X177.5576Y-267.3002

G1X178.5210Y-267.0150

G1X179.4405Y-266.8789

G1X180.6666Y-266.9319

G1X181.8270Y-267.2463

G1X182.9212Y-267.7868

G1X184.0983Y-268.6293

G1X185.2374Y-269.6852

G1X186.4757Y-271.0642

G1X190.7134Y-276.6000

G1X192.3368Y-278.4623

G1X193.2592Y-279.2987

G1X194.0894Y-279.8787

G1X194.9195Y-280.2591

G1X195.7880Y-280.4320

G1X196.6053Y-280.3706

G1X197.3546Y-280.1215

G1X198.1515Y-279.6586

G1X198.9042Y-279.0454

G1X199.7580Y-278.1694

G1X200.6435Y-277.0815

G1X204.1567Y-272.1089

G1X205.5104Y-270.4554

G1X206.2095Y-269.7702

G1X207.0396Y-269.1504

G1X207.7420Y-268.8088

G1X208.4572Y-268.6443

G1X209.0703Y-268.6543

G1X209.7855Y-268.8458

G1X210.4432Y-269.1777

G1X211.1903Y-269.7360

G1X211.9418Y-270.4512

G1X212.8506Y-271.4981

G1X215.9720Y-275.6331

G1X217.3518Y-277.1966

G1X218.0897Y-277.8524

G1X218.8719Y-278.3667

G1X219.5939Y-278.6690

G1X220.3091Y-278.7913

G1X220.9149Y-278.7617

G1X221.5790Y-278.5843

G1X222.2313Y-278.2815

G1X222.8954Y-277.8437

G1X224.2882Y-276.6050

G1X227.3913Y-273.1701

G1X228.8724Y-271.7328

G1X229.7026Y-271.0954

G1X230.4023Y-270.6790

G1X231.1612Y-270.3589

G1X231.9567Y-270.1805

G1X232.7741Y-270.1612

G1X233.5915Y-270.3041

G1X234.3869Y-270.5794

G1X235.3357Y-271.0689

G1X236.9248Y-272.1635

G1X240.6604Y-275.1418

G1X242.7358Y-276.4316

G1X244.5384Y-277.1280

G1X245.4433Y-277.3148

G1X246.3629Y-277.3976

G1X248.0998Y-277.2841

G1X250.0411Y-276.8258

G1X251.8437Y-276.1937

G1X257.8207Y-273.8169

G1X260.0539Y-273.1109

G1X262.1995Y-272.5834

G1X264.6516Y-272.1521

G1X267.3081Y-271.8539

G1X270.2711Y-271.6698

G1X273.9493Y-271.5760

G1 Z0F20000

(Start Block)


G1X22.9136Y-265.3034
G1Z5F20000
(Plotting speed under)
G1 F4000


G1X24.4461Y-265.2180

G1X25.9787Y-265.4123

G1X27.5624Y-265.8939

G1X29.2701Y-266.6994

G1X30.7059Y-267.5678

G1X32.2942Y-268.6824

G1X37.4411Y-272.7337

G1X39.6825Y-274.3802

G1X41.9516Y-275.8141

G1X44.0704Y-276.8910

G1X46.2087Y-277.7066

G1X48.3543Y-278.2660

G1X50.7042Y-278.6216

G1X53.3607Y-278.7757

G1X55.9150Y-278.7608

G1X62.4540Y-278.5012

G1X65.9278Y-278.4441

G1X69.4016Y-278.5031

G1X75.8385Y-278.7599

G1X78.4950Y-278.7749

G1X81.5601Y-278.5706

G1X84.3187Y-278.0718

G1X86.0046Y-277.5788

G1X87.6174Y-276.9573

G1X89.2302Y-276.1845

G1X90.8305Y-275.2729

G1X93.7249Y-273.3088

G1X99.7850Y-268.6913

G1X101.2792Y-267.6783

G1X102.7023Y-266.8375

G1X104.1254Y-266.1495

G1X105.4682Y-265.6630

G1X106.7965Y-265.3520

G1X108.1247Y-265.2181

G1X109.5551Y-265.2726

G1X110.9855Y-265.5254

G1X112.4743Y-265.9820

G1X114.1820Y-266.7156

G1X117.0409Y-268.3153

G1X122.8851Y-272.1231

G1X125.5416Y-273.7309

G1X128.4131Y-275.2320

G1X131.1644Y-276.4027

G1X134.1785Y-277.3850

G1X137.3458Y-278.1112

G1X140.7175Y-278.5919

G1X144.2935Y-278.8281

G1X148.5847Y-278.7795

G1X152.5694Y-278.3847

G1X156.1454Y-277.6666

G1X157.8823Y-277.1630

G1X159.5316Y-276.5758

G1X162.3778Y-275.2876

G1X165.2114Y-273.6464

G1X167.8568Y-271.8259

G1X172.8377Y-268.0960

G1X175.0403Y-266.6583

G1X176.1345Y-266.0817

G1X177.1927Y-265.6440

G1X178.2144Y-265.3551

G1X179.1340Y-265.2265

G1X180.3600Y-265.2696

G1X181.5423Y-265.5627

G1X182.7440Y-266.1251

G1X183.9421Y-266.9501

G1X185.1675Y-268.0503

G1X186.4188Y-269.4047

G1X190.8684Y-275.0595

G1X192.4844Y-276.8531

G1X193.4252Y-277.6775

G1X194.2554Y-278.2362

G1X195.1093Y-278.6150

G1X195.9923Y-278.7791

G1X196.8097Y-278.7167

G1X197.5760Y-278.4649

G1X198.3963Y-277.9984

G1X199.1776Y-277.3684

G1X200.0332Y-276.5048

G1X201.0173Y-275.3177

G1X204.3982Y-270.6001

G1X205.8110Y-268.8816

G1X206.6245Y-268.0993

G1X207.3717Y-267.5413

G1X208.1069Y-267.1760

G1X208.8659Y-266.9918

G1X209.5811Y-267.0117

G1X210.2827Y-267.2046

G1X210.9025Y-267.5203

G1X211.6700Y-268.0736

G1X213.2301Y-269.6794

G1X216.5191Y-273.9538

G1X217.8839Y-275.4828

G1X218.6616Y-276.1640

G1X219.4087Y-276.6660

G1X220.1559Y-276.9898

G1X220.9222Y-277.1371

G1X221.5352Y-277.1128

G1X222.2368Y-276.9421

G1X222.8566Y-276.6635

G1X223.6327Y-276.1736

G1X225.0843Y-274.9005

G1X228.3001Y-271.4176

G1X229.7270Y-270.0748

G1X230.5604Y-269.4540

G1X231.3573Y-268.9931

G1X232.1610Y-268.6798

G1X232.8763Y-268.5281

G1X233.5915Y-268.5002

G1X234.3067Y-268.5856

G1X235.7847Y-269.0973

G1X237.4229Y-270.0749

G1X241.4906Y-273.1789

G1X243.3999Y-274.4135

G1X244.5384Y-274.9745

G1X245.6477Y-275.3750

G1X246.6694Y-275.6140

G1X247.7933Y-275.7376

G1X249.6324Y-275.6556

G1X251.6758Y-275.2414

G1X253.5514Y-274.6631

G1X259.7474Y-272.4840

G1X261.8930Y-271.8691

G1X263.9364Y-271.3959

G1X266.1842Y-270.9989

G1X268.6363Y-270.6956

G1X271.1906Y-270.4970

G1X273.9493Y-270.3880

G1 Z0F20000

(Start Block)


G1X22.9136Y-263.5961
G1Z5F20000
(Plotting speed under)
G1 F4000


G1X24.3440Y-263.5856

G1X25.8766Y-263.8528

G1X27.3726Y-264.3771

G1X28.9349Y-265.1720

G1X30.2189Y-265.9835

G1X31.7131Y-267.0669

G1X36.8600Y-271.2467

G1X38.8524Y-272.7613

G1X40.9775Y-274.1666

G1X42.9319Y-275.2197

G1X44.9243Y-276.0385

G1X46.9239Y-276.6091

G1X48.9673Y-276.9582

G1X51.3173Y-277.1215

G1X54.3824Y-277.0660

G1X61.5344Y-276.5441

G1X65.2126Y-276.3947

G1X69.8104Y-276.4740

G1X77.3711Y-277.0158

G1X80.2319Y-277.1294

G1X83.2970Y-277.0011

G1X85.9535Y-276.5632

G1X87.5882Y-276.1033

G1X89.1354Y-275.5194

G1X90.7419Y-274.7565

G1X92.3358Y-273.8469

G1X95.2191Y-271.8708

G1X101.4452Y-267.0603

G1X102.9616Y-266.0262

G1X104.3152Y-265.2223

G1X105.7383Y-264.5278

G1X107.1030Y-264.0281

G1X108.5334Y-263.6943

G1X109.8616Y-263.5644

G1X111.2920Y-263.6168

G1X112.7224Y-263.8589

G1X114.2550Y-264.3087

G1X115.8897Y-264.9732

G1X118.7233Y-266.4570

G1X124.4790Y-269.9518

G1X127.1355Y-271.4584

G1X129.9311Y-272.8416

G1X132.6824Y-273.9629

G1X135.5067Y-274.8602

G1X138.4697Y-275.5413

G1X141.5348Y-275.9936

G1X144.7022Y-276.2204

G1X148.5847Y-276.1859

G1X152.2628Y-275.8193

G1X155.7367Y-275.1243

G1X158.9624Y-274.1142

G1X161.7137Y-272.9361

G1X164.5030Y-271.4338

G1X167.0709Y-269.8087

G1X172.2953Y-266.2211

G1X174.4268Y-264.9426

G1X175.5653Y-264.3854

G1X176.7038Y-263.9517

G1X177.8058Y-263.6748

G1X178.7253Y-263.5681

G1X180.0535Y-263.6366

G1X181.2577Y-263.9473

G1X182.4784Y-264.5155

G1X183.7858Y-265.4063

G1X185.0277Y-266.5060

G1X186.3524Y-267.9122

G1X190.7356Y-273.3299

G1X192.4106Y-275.1515

G1X193.3422Y-275.9594

G1X194.2554Y-276.5700

G1X195.1093Y-276.9471

G1X195.9923Y-277.1215

G1X196.8097Y-277.0796

G1X197.6708Y-276.8158

G1X198.4891Y-276.3661

G1X199.4023Y-275.6422

G1X200.1975Y-274.8477

G1X201.1495Y-273.7303

G1X204.5794Y-269.0458

G1X206.0766Y-267.2504

G1X206.9126Y-266.4572

G1X207.6326Y-265.9259

G1X208.3916Y-265.5398

G1X209.1724Y-265.3440

G1X209.8876Y-265.3493

G1X210.5736Y-265.5187

G1X211.3326Y-265.8904

G1X212.0693Y-266.4166

G1X213.5811Y-267.9304

G1X216.7721Y-271.9927

G1X218.3979Y-273.8097

G1X219.1792Y-274.4923

G1X219.9661Y-275.0077

G1X220.7251Y-275.3357

G1X221.5352Y-275.4830

G1X222.1483Y-275.4601

G1X222.8124Y-275.3023

G1X223.5595Y-274.9769

G1X224.2236Y-274.5613

G1X225.6902Y-273.3218

G1X229.0108Y-269.8272

G1X230.5327Y-268.4270

G1X231.3629Y-267.8183

G1X232.2048Y-267.3453

G1X232.9784Y-267.0446

G1X233.7958Y-266.8736

G1X234.5110Y-266.8450

G1X235.3284Y-266.9470

G1X236.8473Y-267.4703

G1X238.5021Y-268.4259

G1X242.6528Y-271.4602

G1X244.6396Y-272.6968

G1X245.8666Y-273.2806

G1X246.9759Y-273.6728

G1X248.0998Y-273.9367

G1X249.2237Y-274.0716

G1X251.1650Y-274.0321

G1X253.3106Y-273.6762

G1X255.4562Y-273.1105

G1X261.5865Y-271.2531

G1X265.6733Y-270.3129

G1X269.6581Y-269.7428

G1X273.9493Y-269.4621

G1 Z0F20000

(Start Block)


G1X22.9136Y-261.9107
G1Z5F20000
(Plotting speed under)
G1 F4000


G1X24.2418Y-261.9738

G1X25.6649Y-262.2875

G1X27.0880Y-262.8412

G1X28.5807Y-263.6510

G1X31.2736Y-265.5685

G1X36.0396Y-269.5657

G1X38.0222Y-271.1292

G1X39.9149Y-272.4417

G1X41.7934Y-273.5194

G1X43.6909Y-274.3585

G1X45.5957Y-274.9488

G1X47.5369Y-275.3101

G1X49.6825Y-275.4702

G1X52.8499Y-275.3683

G1X61.4323Y-274.4207

G1X66.1322Y-274.1703

G1X68.5843Y-274.2002

G1X71.2407Y-274.3554

G1X79.4145Y-275.2592

G1X82.0710Y-275.4534

G1X85.0339Y-275.4110

G1X87.6904Y-275.0218

G1X89.2230Y-274.6094

G1X90.8431Y-274.0092

G1X92.4243Y-273.2578

G1X94.0182Y-272.3412

G1X96.8794Y-270.3578

G1X103.1055Y-265.4972

G1X104.6441Y-264.4397

G1X106.0608Y-263.5955

G1X107.5409Y-262.8769

G1X108.9421Y-262.3714

G1X110.3725Y-262.0434

G1X111.8029Y-261.9092

G1X113.2333Y-261.9642

G1X114.6637Y-262.1963

G1X116.1744Y-262.6131

G1X117.6923Y-263.1821

G1X120.4943Y-264.5197

G1X126.3385Y-267.7514

G1X128.9823Y-269.1199

G1X131.8285Y-270.4070

G1X134.5872Y-271.4331

G1X137.4480Y-272.2561

G1X140.4109Y-272.8569

G1X143.4761Y-273.2251

G1X146.5412Y-273.3500

G1X149.6064Y-273.2341

G1X152.5694Y-272.8810

G1X155.4302Y-272.2928

G1X158.1888Y-271.4707

G1X160.8598Y-270.4186

G1X163.6112Y-269.0716

G1X166.2740Y-267.5481

G1X171.4984Y-264.3233

G1X174.1422Y-262.9364

G1X175.5653Y-262.3833

G1X176.8862Y-262.0430

G1X178.2144Y-261.9061

G1X179.4405Y-261.9904

G1X180.4622Y-262.2305

G1X181.5423Y-262.6606

G1X182.6334Y-263.2814

G1X183.7077Y-264.0720

G1X184.8796Y-265.1234

G1X186.0763Y-266.3713

G1X190.4105Y-271.5544

G1X192.2630Y-273.5139

G1X193.2814Y-274.3625

G1X194.1668Y-274.9285

G1X195.1093Y-275.3195

G1X195.9923Y-275.4716

G1X196.8097Y-275.4193

G1X197.6708Y-275.1561

G1X198.4891Y-274.7170

G1X199.4023Y-274.0156

G1X200.1975Y-273.2477

G1X201.2128Y-272.0901

G1X204.7001Y-267.4386

G1X206.2095Y-265.6587

G1X207.1470Y-264.7815

G1X207.9172Y-264.2377

G1X208.6762Y-263.8696

G1X209.4789Y-263.6858

G1X210.1941Y-263.6986

G1X210.8583Y-263.8644

G1X211.6054Y-264.2143

G1X212.3525Y-264.7338

G1X213.2001Y-265.4901

G1X214.1089Y-266.4746

G1X217.4994Y-270.7026

G1X218.9014Y-272.2006

G1X219.7574Y-272.9115

G1X220.5544Y-273.4058

G1X221.3309Y-273.7081

G1X222.0461Y-273.8296

G1X222.7613Y-273.7953

G1X223.4765Y-273.6143

G1X224.0963Y-273.3427

G1X224.8828Y-272.8649

G1X226.4281Y-271.5714

G1X229.7487Y-268.1537

G1X231.2896Y-266.7783

G1X232.2428Y-266.1115

G1X233.0587Y-265.6764

G1X233.9126Y-265.3658

G1X234.7153Y-265.2150

G1X235.4306Y-265.1920

G1X236.1458Y-265.2721

G1X236.9485Y-265.4715

G1X237.8024Y-265.8031

G1X239.5923Y-266.7915

G1X243.8427Y-269.7548

G1X245.8793Y-270.9674

G1X247.1000Y-271.5328

G1X248.2020Y-271.9251

G1X249.3259Y-272.2081

G1X250.5519Y-272.3867

G1X252.3910Y-272.4257

G1X254.4345Y-272.2127

G1X256.6822Y-271.7672

G1X262.7104Y-270.2544

G1X266.0820Y-269.5478

G1X269.9645Y-268.9934

G1X273.9493Y-268.7182

G1 Z0F20000

(Start Block)


G1X22.9136Y-260.2548
G1Z5F20000
(Plotting speed under)
G1 F4000


G1X24.2418Y-260.4090

G1X25.5701Y-260.7886

G1X26.8983Y-261.3783

G1X28.3095Y-262.2078

G1X30.8830Y-264.1326

G1X37.1921Y-269.4922

G1X39.0294Y-270.8131

G1X40.7119Y-271.8258

G1X42.4576Y-272.6534

G1X44.2675Y-273.2665

G1X46.1065Y-273.6465

G1X48.0478Y-273.8137

G1X49.9891Y-273.7849

G1X52.2368Y-273.5722

G1X59.3888Y-272.4278

G1X62.1475Y-272.0660

G1X64.4974Y-271.8674

G1X66.7452Y-271.7893

G1X69.5038Y-271.8511

G1X72.4668Y-272.1011

G1X75.2254Y-272.4737

G1X81.1514Y-273.4368

G1X83.9100Y-273.7498

G1X86.7708Y-273.8004

G1X88.0991Y-273.6892

G1X89.4273Y-273.4749

G1X90.9599Y-273.0865

G1X92.5508Y-272.5140

G1X94.0688Y-271.8053

G1X95.7006Y-270.8746

G1X98.6227Y-268.8432

G1X104.9318Y-263.8971

G1X106.4261Y-262.8705

G1X107.9204Y-261.9816

G1X109.4383Y-261.2498

G1X110.8833Y-260.7331

G1X112.3137Y-260.4048

G1X113.8463Y-260.2567

G1X115.1745Y-260.2924

G1X116.6050Y-260.4882

G1X118.0353Y-260.8288

G1X119.6847Y-261.3715

G1X122.6258Y-262.6220

G1X130.8798Y-266.5900

G1X133.6311Y-267.7007

G1X136.2219Y-268.5673

G1X138.8784Y-269.2607

G1X141.5348Y-269.7538

G1X144.1913Y-270.0495

G1X146.8477Y-270.1514

G1X149.5042Y-270.0593

G1X152.1607Y-269.7674

G1X154.7149Y-269.2886

G1X157.2692Y-268.6055

G1X159.9111Y-267.6785

G1X162.5676Y-266.5283

G1X165.1228Y-265.2477

G1X170.3472Y-262.4310

G1X173.0986Y-261.1663

G1X174.6384Y-260.6482

G1X176.0688Y-260.3447

G1X177.3971Y-260.2523

G1X178.6231Y-260.3543

G1X179.7397Y-260.6195

G1X180.8782Y-261.0694

G1X181.9471Y-261.6604

G1X183.0484Y-262.4364

G1X184.2199Y-263.4358

G1X185.5170Y-264.7250

G1X190.0715Y-269.9575

G1X191.9896Y-271.9002

G1X192.9272Y-272.6604

G1X193.9897Y-273.3143

G1X194.8684Y-273.6602

G1X195.7880Y-273.8179

G1X196.6053Y-273.7711

G1X197.4811Y-273.5214

G1X198.4061Y-273.0398

G1X199.3193Y-272.3526

G1X200.1276Y-271.5933

G1X201.1495Y-270.4604

G1X204.7547Y-265.7783

G1X206.3657Y-263.9366

G1X207.2252Y-263.1530

G1X208.0690Y-262.5702

G1X208.8659Y-262.2014

G1X209.6833Y-262.0283

G1X210.3985Y-262.0480

G1X211.1137Y-262.2313

G1X211.8544Y-262.5800

G1X212.6846Y-263.1578

G1X214.3781Y-264.8126

G1X217.7651Y-268.9520

G1X219.1966Y-270.4668

G1X220.0729Y-271.1940

G1X220.8200Y-271.6702

G1X221.5790Y-271.9968

G1X222.3526Y-272.1635

G1X223.0678Y-272.1629

G1X223.7611Y-272.0288

G1X224.5201Y-271.7320

G1X225.2198Y-271.3413

G1X226.8361Y-270.0693

G1X230.4866Y-266.4430

G1X232.1100Y-265.0538

G1X232.9638Y-264.4790

G1X233.9126Y-263.9918

G1X234.8175Y-263.6900

G1X235.6349Y-263.5535

G1X236.3501Y-263.5414

G1X237.1675Y-263.6392

G1X238.8460Y-264.1796

G1X240.7435Y-265.1976

G1X244.9053Y-267.9577

G1X247.1190Y-269.2211

G1X248.3334Y-269.7669

G1X249.5302Y-270.1886

G1X250.6541Y-270.4783

G1X251.8802Y-270.6814

G1X254.0258Y-270.7844

G1X256.2735Y-270.6214

G1X258.5213Y-270.2792

G1X264.3451Y-269.1410

G1X267.3081Y-268.6477

G1X270.6798Y-268.2517

G1X273.9493Y-268.0549

G1 Z0F20000

(Start Block)


G1X22.9136Y-258.6383
G1Z5F20000
(Plotting speed under)
G1 F4000


G1X24.1396Y-258.8660

G1X25.2854Y-259.2546

G1X26.5188Y-259.8490

G1X27.8723Y-260.6872

G1X30.2579Y-262.5280

G1X36.1959Y-267.7222

G1X38.0222Y-269.0969

G1X39.6493Y-270.1282

G1X41.3191Y-270.9684

G1X43.0414Y-271.5943

G1X44.7783Y-271.9848

G1X46.6174Y-272.1596

G1X48.6608Y-272.1128

G1X51.0108Y-271.8234

G1X58.7758Y-270.2038

G1X61.9431Y-269.6612

G1X64.7018Y-269.3623

G1X67.3582Y-269.2543

G1X70.4234Y-269.3584

G1X73.6929Y-269.7252

G1X76.6559Y-270.2458

G1X83.0927Y-271.6035

G1X85.9535Y-272.0393

G1X88.8143Y-272.1619

G1X90.1425Y-272.0701

G1X91.4707Y-271.8664

G1X93.0033Y-271.4804

G1X94.4483Y-270.9618

G1X95.9663Y-270.2561

G1X97.5602Y-269.3475

G1X100.3660Y-267.4025

G1X106.7582Y-262.4006

G1X108.4517Y-261.2446

G1X109.9570Y-260.3628

G1X111.5256Y-259.6198

G1X113.1311Y-259.0648

G1X114.6637Y-258.7367

G1X116.2984Y-258.6001

G1X117.6267Y-258.6417

G1X118.9549Y-258.8070

G1X120.3853Y-259.1057

G1X121.9179Y-259.5408

G1X124.7130Y-260.5512

G1X132.7773Y-263.8561

G1X135.3024Y-264.7343

G1X137.6523Y-265.4197

G1X140.1044Y-265.9831

G1X142.4544Y-266.3699

G1X144.8043Y-266.6038

G1X147.1543Y-266.6838

G1X149.5042Y-266.6090

G1X151.7520Y-266.3902

G1X153.9998Y-266.0250

G1X156.2475Y-265.5117

G1X158.6777Y-264.7921

G1X161.2393Y-263.8609

G1X169.2087Y-260.3439

G1X171.9820Y-259.2969

G1X173.5146Y-258.8840

G1X174.9449Y-258.6527

G1X176.2732Y-258.6019

G1X177.6014Y-258.7349

G1X178.7910Y-259.0271

G1X179.9295Y-259.4699

G1X181.1391Y-260.1201

G1X182.3013Y-260.9172

G1X183.6295Y-262.0212

G1X184.9578Y-263.3032

G1X189.6415Y-268.4507

G1X191.4513Y-270.2070

G1X192.5121Y-271.0331

G1X193.4964Y-271.6189

G1X194.4597Y-271.9982

G1X195.3793Y-272.1615

G1X196.2988Y-272.1153

G1X197.1965Y-271.8672

G1X198.1452Y-271.3873

G1X198.9872Y-270.7848

G1X199.9178Y-269.9480

G1X201.0294Y-268.7474

G1X204.6915Y-264.1207

G1X206.3657Y-262.2614

G1X207.3033Y-261.4396

G1X208.1575Y-260.8800

G1X208.9681Y-260.5295

G1X209.7855Y-260.3715

G1X210.5007Y-260.3972

G1X211.3180Y-260.6151

G1X212.0537Y-260.9730

G1X212.9244Y-261.5798

G1X214.5109Y-263.1043

G1X217.8979Y-267.1452

G1X219.4219Y-268.7412

G1X220.3219Y-269.4866

G1X221.1046Y-269.9831

G1X221.8636Y-270.3179

G1X222.6591Y-270.5003

G1X223.3743Y-270.5186

G1X224.0895Y-270.3995

G1X224.8933Y-270.1139

G1X225.6902Y-269.6811

G1X227.4612Y-268.3153

G1X231.0769Y-264.8196

G1X232.7741Y-263.4129

G1X233.7481Y-262.7840

G1X234.6715Y-262.3353

G1X235.6349Y-262.0281

G1X236.5544Y-261.8931

G1X237.3718Y-261.8977

G1X238.1892Y-262.0121

G1X239.7947Y-262.5187

G1X241.6290Y-263.4435

G1X246.0564Y-266.2066

G1X248.3334Y-267.4413

G1X250.7563Y-268.3957

G1X253.2084Y-268.9482

G1X255.5583Y-269.1307

G1X258.1126Y-269.0412

G1X268.4319Y-267.7309

G1X271.1906Y-267.4905

G1X273.9493Y-267.3618

G1 Z0F20000

(Start Block)


G1X22.9136Y-257.0733
G1Z5F20000
(Plotting speed under)
G1 F4000


G1X24.0375Y-257.3691

G1X25.0957Y-257.7968

G1X26.2784Y-258.4325

G1X27.4794Y-259.2283

G1X29.7891Y-261.0839

G1X35.4146Y-266.1303

G1X37.1090Y-267.4451

G1X38.5867Y-268.4222

G1X40.2755Y-269.3150

G1X41.9175Y-269.9413

G1X43.5522Y-270.3304

G1X45.2892Y-270.5064

G1X47.4348Y-270.4346

G1X49.8869Y-270.0538

G1X52.2368Y-269.4978

G1X58.2650Y-267.8738

G1X61.7388Y-267.1378

G1X64.8039Y-266.7286

G1X67.8691Y-266.5791

G1X71.3429Y-266.7335

G1X75.0211Y-267.2528

G1X78.2906Y-267.9704

G1X85.0339Y-269.7365

G1X87.8947Y-270.2965

G1X89.4273Y-270.4666

G1X90.8577Y-270.5156

G1X92.1859Y-270.4498

G1X93.5142Y-270.2647

G1X94.9446Y-269.9223

G1X96.4407Y-269.4004

G1X97.9586Y-268.7020

G1X99.5082Y-267.8254

G1X101.6943Y-266.3466

G1X105.3469Y-263.4623

G1X108.8335Y-260.8465

G1X110.4883Y-259.7308

G1X112.0948Y-258.8008

G1X113.8025Y-258.0073

G1X115.4811Y-257.4414

G1X117.2180Y-257.0832

G1X118.9549Y-256.9467

G1X121.5092Y-257.1021

G1X124.4722Y-257.6954

G1X127.1286Y-258.4702

G1X134.6893Y-260.9649

G1X139.0827Y-262.1127

G1X141.2283Y-262.5191

G1X143.2717Y-262.7995

G1X145.3152Y-262.9711

G1X147.3586Y-263.0316

G1X149.7086Y-262.9622

G1X151.9563Y-262.7563

G1X154.2041Y-262.4149

G1X156.5540Y-261.9172

G1X160.6409Y-260.7444

G1X168.5081Y-257.9951

G1X171.2668Y-257.2666

G1X172.5950Y-257.0485

G1X173.8211Y-256.9512

G1X175.0471Y-256.9722

G1X176.1710Y-257.1096

G1X177.3971Y-257.4016

G1X178.6961Y-257.8848

G1X179.9105Y-258.5044

G1X181.2221Y-259.3553

G1X182.5357Y-260.3863

G1X183.9247Y-261.6468

G1X188.8026Y-266.7289

G1X190.8176Y-268.5926

G1X191.8646Y-269.3696

G1X192.9272Y-269.9773

G1X193.8759Y-270.3370

G1X194.8684Y-270.5072

G1X195.7880Y-270.4671

G1X196.7075Y-270.2296

G1X197.6202Y-269.8008

G1X198.6307Y-269.1149

G1X199.7081Y-268.1618

G1X200.7567Y-267.0503

G1X204.6156Y-262.3307

G1X206.2095Y-260.6206

G1X207.2252Y-259.7600

G1X208.1069Y-259.2063

G1X208.9681Y-258.8562

G1X209.7855Y-258.7150

G1X210.5007Y-258.7469

G1X211.3180Y-258.9617

G1X212.0537Y-259.3086

G1X212.9287Y-259.8966

G1X214.5983Y-261.4539

G1X218.0307Y-265.4431

G1X219.6578Y-267.1023

G1X220.5710Y-267.8394

G1X221.3892Y-268.3407

G1X222.1483Y-268.6644

G1X222.9656Y-268.8466

G1X223.6808Y-268.8670

G1X224.4982Y-268.7297

G1X225.2791Y-268.4538

G1X226.0381Y-268.0574

G1X227.7737Y-266.7831

G1X231.6021Y-263.2119

G1X233.5212Y-261.6841

G1X234.5767Y-261.0497

G1X235.5327Y-260.6251

G1X236.5544Y-260.3403

G1X237.4740Y-260.2329

G1X238.2913Y-260.2501

G1X239.1087Y-260.3694

G1X240.9332Y-260.9401

G1X242.6915Y-261.7924

G1X247.2075Y-264.4376

G1X249.4718Y-265.6016

G1X251.9823Y-266.5712

G1X254.4345Y-267.1607

G1X256.8866Y-267.4353

G1X259.7474Y-267.4590

G1X269.5559Y-266.7175

G1X273.9493Y-266.5330

G1 Z0F20000

(Start Block)


G1X22.9136Y-255.5746
G1Z5F20000
(Plotting speed under)
G1 F4000


G1X23.9572Y-255.9395

G1X24.9502Y-256.4153

G1X25.9851Y-257.0333

G1X27.1473Y-257.8582

G1X29.1641Y-259.5429

G1X34.4770Y-264.4248

G1X36.0299Y-265.6771

G1X37.5241Y-266.7137

G1X39.1370Y-267.6137

G1X40.6915Y-268.2493

G1X42.3262Y-268.6701

G1X43.9609Y-268.8510

G1X46.2087Y-268.7577

G1X48.7630Y-268.2785

G1X51.1130Y-267.6114

G1X57.5498Y-265.5211

G1X61.4323Y-264.5314

G1X64.9061Y-263.9810

G1X68.3799Y-263.7857

G1X70.3212Y-263.8343

G1X72.2625Y-263.9949

G1X74.2037Y-264.2643

G1X76.2472Y-264.6591

G1X79.9254Y-265.6172

G1X87.1795Y-267.8848

G1X90.1425Y-268.5767

G1X91.5729Y-268.7766

G1X93.0033Y-268.8611

G1X94.3315Y-268.8208

G1X95.6598Y-268.6546

G1X97.1923Y-268.2973

G1X98.7176Y-267.7624

G1X100.2166Y-267.0679

G1X101.8105Y-266.1664

G1X102.7637Y-265.5307

G1X105.3469Y-263.4623

G1X109.0826Y-260.6695

G1X112.4363Y-258.4185

G1X114.5615Y-257.2043

G1X116.3641Y-256.4004

G1X118.2397Y-255.8000

G1X120.1810Y-255.4289

G1X122.1222Y-255.2930

G1X124.4722Y-255.3945

G1X127.2308Y-255.7958

G1X129.7851Y-256.3417

G1X136.6306Y-258.0035

G1X140.5131Y-258.7550

G1X143.9869Y-259.1841

G1X147.4608Y-259.3416

G1X151.4455Y-259.1713

G1X155.4302Y-258.6380

G1X159.1083Y-257.8691

G1X166.2603Y-256.0575

G1X169.1211Y-255.5073

G1X171.8798Y-255.2910

G1X173.2080Y-255.3470

G1X174.4341Y-255.5127

G1X175.8499Y-255.8574

G1X177.1781Y-256.3429

G1X178.4937Y-256.9865

G1X179.8109Y-257.7941

G1X181.2075Y-258.8210

G1X182.7440Y-260.1303

G1X187.9832Y-265.2570

G1X189.9582Y-266.9726

G1X191.1562Y-267.8034

G1X192.1682Y-268.3385

G1X193.1315Y-268.6833

G1X194.1532Y-268.8536

G1X195.1749Y-268.8061

G1X196.1528Y-268.5519

G1X197.1775Y-268.0689

G1X198.1515Y-267.4121

G1X199.0995Y-266.6069

G1X200.1975Y-265.5044

G1X204.4163Y-260.5363

G1X206.0619Y-258.8531

G1X207.0396Y-258.0692

G1X207.9172Y-257.5418

G1X208.7710Y-257.2052

G1X209.6833Y-257.0588

G1X210.5007Y-257.1156

G1X211.3180Y-257.3514

G1X212.0537Y-257.7071

G1X212.9287Y-258.2941

G1X214.5983Y-259.8202

G1X218.0971Y-263.7742

G1X219.8043Y-265.4653

G1X220.6638Y-266.1434

G1X221.5284Y-266.6679

G1X222.3526Y-267.0114

G1X223.1700Y-267.1909

G1X223.8852Y-267.2153

G1X224.7025Y-267.0940

G1X225.4688Y-266.8443

G1X226.3100Y-266.4345

G1X228.0862Y-265.1830

G1X232.2272Y-261.4652

G1X234.0193Y-260.0931

G1X235.1649Y-259.4206

G1X236.1895Y-258.9803

G1X237.2696Y-258.6891

G1X238.2913Y-258.5768

G1X240.0283Y-258.7272

G1X241.8819Y-259.2838

G1X243.7794Y-260.1478

G1X248.3587Y-262.6461

G1X250.6103Y-263.7350

G1X253.1062Y-264.6762

G1X255.6605Y-265.3215

G1X258.3170Y-265.6880

G1X261.2799Y-265.8236

G1X273.9493Y-265.4791

G1 Z0F20000

(Start Block)


G1X22.9136Y-254.1595
G1Z5F20000
(Plotting speed under)
G1 F4000


G1X24.7731Y-255.0854

G1X26.7322Y-256.4797

G1X28.5955Y-258.0915

G1X33.5394Y-262.7370

G1X35.0337Y-263.9794

G1X36.4615Y-265.0091

G1X38.0934Y-265.9583

G1X39.6113Y-266.6026

G1X41.2023Y-267.0256

G1X42.7349Y-267.1987

G1X43.8588Y-267.1912

G1X45.0848Y-267.0679

G1X47.6391Y-266.4982

G1X50.0474Y-265.6959

G1X56.8783Y-263.0983

G1X58.9802Y-262.4214

G1X61.0236Y-261.8720

G1X63.0670Y-261.4423

G1X65.0083Y-261.1499

G1X66.9495Y-260.9720

G1X68.8908Y-260.9086

G1X71.0364Y-260.9708

G1X73.2842Y-261.1839

G1X75.4298Y-261.5262

G1X77.6776Y-262.0252

G1X81.6404Y-263.2144

G1X89.2302Y-265.9699

G1X92.2881Y-266.8160

G1X93.8207Y-267.0799

G1X95.2511Y-267.1993

G1X96.5793Y-267.1852

G1X97.9076Y-267.0404

G1X99.1336Y-266.7854

G1X100.3305Y-266.4233

G1X101.7536Y-265.8555

G1X102.7845Y-265.3357

G1X104.0187Y-264.5173

G1X108.7505Y-260.9062

G1X111.8220Y-258.8163

G1X115.7126Y-256.4815

G1X117.3128Y-255.6403

G1X119.4001Y-254.7688

G1X121.5092Y-254.1526

G1X123.6548Y-253.7839

G1X125.9026Y-253.6402

G1X128.1503Y-253.6962

G1X130.6025Y-253.9229

G1X138.6740Y-255.1166

G1X141.9435Y-255.5175

G1X144.8043Y-255.7425

G1X147.4608Y-255.8247

G1X150.7303Y-255.7487

G1X154.2041Y-255.4633

G1X157.3714Y-255.0509

G1X163.8082Y-254.0443

G1X166.7712Y-253.7152

G1X169.7342Y-253.6583

G1X171.0624Y-253.7646

G1X172.3907Y-253.9731

G1X173.9232Y-254.3583

G1X175.3755Y-254.8810

G1X176.7986Y-255.5516

G1X178.2281Y-256.3853

G1X179.7279Y-257.4262

G1X181.2856Y-258.6680

G1X186.7548Y-263.6494

G1X188.7764Y-265.2975

G1X190.0050Y-266.1090

G1X191.1245Y-266.6769

G1X192.1098Y-267.0163

G1X193.1315Y-267.1921

G1X194.1532Y-267.1737

G1X195.1749Y-266.9519

G1X196.2035Y-266.5243

G1X197.3269Y-265.8322

G1X198.4614Y-264.9162

G1X199.6382Y-263.7727

G1X203.9025Y-258.9335

G1X205.6625Y-257.1909

G1X206.6522Y-256.4248

G1X207.5377Y-255.9029

G1X208.4864Y-255.5431

G1X209.3768Y-255.4059

G1X210.1941Y-255.4540

G1X210.9531Y-255.6501

G1X211.7880Y-256.0224

G1X212.6735Y-256.5897

G1X214.4585Y-258.1575

G1X218.0936Y-262.1412

G1X219.8238Y-263.8030

G1X220.7370Y-264.5004

G1X221.6169Y-265.0167

G1X222.4547Y-265.3549

G1X223.2721Y-265.5333

G1X224.0895Y-265.5588

G1X224.8996Y-265.4391

G1X225.6586Y-265.1994

G1X226.4871Y-264.8160

G1X228.3743Y-263.5413

G1X232.6178Y-259.8716

G1X234.6336Y-258.3945

G1X235.7152Y-257.7886

G1X236.8609Y-257.3164

G1X237.9848Y-257.0318

G1X239.1087Y-256.9221

G1X240.0283Y-256.9543

G1X240.9478Y-257.0869

G1X242.8307Y-257.6249

G1X244.8230Y-258.4708

G1X249.4718Y-260.8100

G1X251.7488Y-261.8369

G1X254.3323Y-262.7681

G1X256.8866Y-263.4205

G1X259.7474Y-263.8681

G1X262.9147Y-264.1026

G1X266.3885Y-264.1718

G1X273.9493Y-264.1364

G1 Z0F20000

(Start Block)


G1X22.9136Y-252.8466
G1Z5F20000
(Plotting speed under)
G1 F4000


G1X24.4909Y-253.7639

G1X26.1951Y-255.0556

G1X27.9314Y-256.6044

G1X32.6800Y-261.1459

G1X34.2036Y-262.4337

G1X35.4875Y-263.3761

G1X37.0814Y-264.3269

G1X38.5677Y-264.9719

G1X40.0784Y-265.3810

G1X41.6110Y-265.5499

G1X42.8370Y-265.5190

G1X43.9609Y-265.3748

G1X45.2892Y-265.0814

G1X46.6174Y-264.6778

G1X49.0038Y-263.7569

G1X55.9296Y-260.7351

G1X58.2066Y-259.8959

G1X60.4105Y-259.2214

G1X62.6583Y-258.6851

G1X64.9061Y-258.3040

G1X67.1539Y-258.0755

G1X69.4016Y-257.9957

G1X71.8538Y-258.0755

G1X74.3059Y-258.3289

G1X76.7580Y-258.7574

G1X79.2102Y-259.3599

G1X81.2536Y-259.9892

G1X83.4430Y-260.7771

G1X91.6021Y-264.1190

G1X94.7402Y-265.0925

G1X96.1706Y-265.3760

G1X97.6010Y-265.5307

G1X99.0314Y-265.5410

G1X100.3597Y-265.4115

G1X102.3009Y-264.9740

G1X103.4613Y-264.5914

G1X104.1128Y-264.2872

G1X105.4299Y-263.4079

G1X109.0826Y-260.6695

G1X112.6134Y-258.3095

G1X116.2692Y-256.1735

G1X120.5385Y-254.0797

G1X122.9396Y-253.1691

G1X125.3917Y-252.5324

G1X128.0482Y-252.1382

G1X130.9090Y-251.9869

G1X134.2806Y-252.0564

G1X142.4544Y-252.5828

G1X146.7456Y-252.7352

G1X152.1607Y-252.6490

G1X160.8452Y-252.0926

G1X163.8082Y-251.9856

G1X167.1799Y-252.1068

G1X170.0407Y-252.5415

G1X171.6755Y-252.9725

G1X173.1934Y-253.5109

G1X174.7114Y-254.1921

G1X176.1915Y-254.9978

G1X177.9846Y-256.1576

G1X180.1429Y-257.7462

G1X184.9578Y-261.8424

G1X187.4482Y-263.7292

G1X188.6768Y-264.4771

G1X189.8912Y-265.0472

G1X190.9859Y-265.3887

G1X192.0076Y-265.5415

G1X193.1315Y-265.5095

G1X194.2554Y-265.2578

G1X195.3939Y-264.7770

G1X196.4691Y-264.1228

G1X197.5369Y-263.2984

G1X198.7566Y-262.1751

G1X203.2734Y-257.2670

G1X205.1303Y-255.5094

G1X206.1264Y-254.7665

G1X207.1582Y-254.1951

G1X208.0485Y-253.8843

G1X208.9681Y-253.7507

G1X209.7855Y-253.7999

G1X210.5736Y-253.9934

G1X211.5224Y-254.4117

G1X212.3525Y-254.9315

G1X213.2413Y-255.6222

G1X214.3186Y-256.6166

G1X217.9538Y-260.4819

G1X219.6578Y-262.0761

G1X220.5710Y-262.7668

G1X221.4841Y-263.3053

G1X222.3526Y-263.6657

G1X223.2721Y-263.8747

G1X224.0895Y-263.9088

G1X224.9069Y-263.8053

G1X225.7243Y-263.5677

G1X226.6642Y-263.1502

G1X227.6272Y-262.5812

G1X228.6234Y-261.8702

G1X233.0231Y-258.2157

G1X235.1649Y-256.7163

G1X236.3793Y-256.0795

G1X237.4740Y-255.6599

G1X238.5979Y-255.3868

G1X239.8239Y-255.2681

G1X241.6630Y-255.4119

G1X243.7794Y-255.9629

G1X245.7718Y-256.7411

G1X250.6103Y-258.9585

G1X252.8873Y-259.9028

G1X255.4562Y-260.7772

G1X258.1126Y-261.4478

G1X261.0756Y-261.9426

G1X264.4473Y-262.2581

G1X268.4319Y-262.4206

G1X273.9493Y-262.4732

G1 Z0F20000

(Start Block)


G1X22.9136Y-251.6553
G1Z5F20000
(Plotting speed under)
G1 F4000


G1X24.3199Y-252.6044

G1X25.7263Y-253.7499

G1X31.6947Y-259.4784

G1X33.0707Y-260.6742

G1X34.3696Y-261.6640

G1X35.9303Y-262.6344

G1X37.4292Y-263.3134

G1X38.8524Y-263.7181

G1X40.3849Y-263.8968

G1X41.6110Y-263.8593

G1X42.8370Y-263.6772

G1X44.0631Y-263.3694

G1X45.3986Y-262.9156

G1X47.7705Y-261.8902

G1X55.0757Y-258.3152

G1X57.4476Y-257.3491

G1X59.7975Y-256.5627

G1X62.2496Y-255.9312

G1X64.7018Y-255.4867

G1X67.2561Y-255.2096

G1X69.9125Y-255.1095

G1X72.3646Y-255.1813

G1X74.8168Y-255.4117

G1X77.1667Y-255.7871

G1X79.5167Y-256.3203

G1X82.0199Y-257.0655

G1X84.6763Y-258.0468

G1X87.1431Y-259.1044

G1X93.1201Y-261.8626

G1X96.2728Y-263.0652

G1X98.1119Y-263.5585

G1X99.7466Y-263.8233

G1X101.3814Y-263.9003

G1X103.0161Y-263.7756

G1X104.7530Y-263.4374

G1X105.7066Y-263.0590

G1X106.6751Y-262.4653

G1X108.9996Y-260.7281

G1X111.9051Y-258.7614

G1X115.8897Y-256.3808

G1X120.3488Y-254.1642

G1X124.6181Y-252.4729

G1X127.5373Y-251.5375

G1X130.6025Y-250.8973

G1X133.9741Y-250.5124

G1X138.0610Y-250.3438

G1X159.8235Y-250.3866

G1X162.1735Y-250.5169

G1X164.2169Y-250.7269

G1X166.1582Y-251.0372

G1X167.8951Y-251.4285

G1X169.6831Y-251.9617

G1X171.3908Y-252.6091

G1X175.5653Y-254.6401

G1X177.2374Y-255.6501

G1X179.1468Y-256.9911

G1X181.0512Y-258.4721

G1X183.6295Y-260.7147

G1X185.5776Y-262.0369

G1X186.9501Y-262.8124

G1X188.1835Y-263.3569

G1X189.3511Y-263.7111

G1X190.4750Y-263.8828

G1X191.7011Y-263.8617

G1X192.9272Y-263.6105

G1X194.1605Y-263.1217

G1X195.3180Y-262.4544

G1X196.4968Y-261.5851

G1X197.7973Y-260.4372

G1X202.4461Y-255.6183

G1X204.4124Y-253.8339

G1X205.4125Y-253.1228

G1X206.3992Y-252.5871

G1X207.3479Y-252.2491

G1X208.3551Y-252.0985

G1X209.1724Y-252.1371

G1X210.0920Y-252.3539

G1X210.9531Y-252.7170

G1X211.9374Y-253.3045

G1X213.8663Y-254.9024

G1X217.7946Y-258.9232

G1X219.4136Y-260.3850

G1X220.4049Y-261.1106

G1X221.3892Y-261.6685

G1X222.2504Y-262.0112

G1X223.1700Y-262.2161

G1X223.9873Y-262.2578

G1X224.9069Y-262.1507

G1X225.8264Y-261.8872

G1X226.7022Y-261.5089

G1X227.7102Y-260.9387

G1X228.7894Y-260.1994

G1X233.3552Y-256.5620

G1X235.5254Y-255.1072

G1X236.7588Y-254.4789

G1X237.9921Y-254.0190

G1X239.2109Y-253.7356

G1X240.4370Y-253.6174

G1X242.4804Y-253.7557

G1X244.7282Y-254.2973

G1X246.7205Y-255.0028

G1X251.5591Y-256.9991

G1X253.9309Y-257.8958

G1X256.5801Y-258.7312

G1X259.2365Y-259.3734

G1X262.3017Y-259.8904

G1X265.6733Y-260.2375

G1X269.5559Y-260.4367

G1X273.9493Y-260.4913

G1 Z0F20000

(Start Block)


G1X22.9136Y-250.6043
G1Z5F20000
(Plotting speed under)
G1 F4000


G1X25.1013Y-252.3776

G1X30.6616Y-257.8064

G1X32.0549Y-259.0401

G1X33.2904Y-260.0018

G1X34.7791Y-260.9553

G1X36.1959Y-261.6269

G1X37.6263Y-262.0576

G1X39.1589Y-262.2438

G1X40.3849Y-262.1985

G1X41.6110Y-261.9959

G1X42.8370Y-261.6552

G1X44.1653Y-261.1566

G1X46.5371Y-260.0222

G1X51.6919Y-257.1705

G1X53.9372Y-256.0161

G1X56.4040Y-254.9160

G1X58.8780Y-254.0206

G1X61.5344Y-253.2930

G1X64.3953Y-252.7576

G1X67.3582Y-252.4383

G1X70.4234Y-252.3262

G1X73.2842Y-252.4078

G1X76.1450Y-252.6740

G1X78.9036Y-253.1236

G1X81.5601Y-253.7565

G1X84.2020Y-254.5949

G1X86.9533Y-255.6864

G1X89.6098Y-256.9186

G1X95.6817Y-259.9536

G1X98.9293Y-261.2922

G1X100.7683Y-261.8302

G1X102.5053Y-262.1449

G1X104.2422Y-262.2478

G1X105.9791Y-262.1415

G1X106.9716Y-261.9218

G1X107.9204Y-261.5154

G1X112.3478Y-258.4761

G1X116.8385Y-255.8770

G1X120.8232Y-253.9564

G1X125.6982Y-252.0853

G1X131.4199Y-250.4758

G1X135.0980Y-249.7315

G1X137.4480Y-249.4194

G1X139.9001Y-249.1978

G1X145.6217Y-248.9601

G1X152.3650Y-248.9959

G1X157.8823Y-249.3127

G1X160.1300Y-249.5679

G1X162.2757Y-249.9101

G1X164.3191Y-250.3471

G1X166.2603Y-250.8807

G1X170.9165Y-252.4152

G1X174.9960Y-254.3414

G1X176.7227Y-255.3208

G1X178.5657Y-256.5678

G1X180.6410Y-258.1382

G1X182.9654Y-260.0859

G1X183.8193Y-260.6754

G1X185.2424Y-261.3456

G1X186.3882Y-261.7755

G1X187.5121Y-262.0725

G1X188.6360Y-262.2279

G1X189.9642Y-262.2106

G1X191.2924Y-261.9604

G1X192.5477Y-261.5041

G1X193.9012Y-260.7778

G1X195.1685Y-259.8940

G1X196.5993Y-258.6950

G1X201.4869Y-253.8883

G1X203.3967Y-252.2365

G1X204.5270Y-251.4626

G1X205.5454Y-250.9355

G1X206.5160Y-250.6029

G1X207.5377Y-250.4469

G1X208.4572Y-250.4854

G1X209.3403Y-250.6803

G1X210.2827Y-251.0537

G1X211.2567Y-251.6085

G1X213.2196Y-253.1467

G1X217.4994Y-257.3545

G1X219.2574Y-258.8611

G1X220.2887Y-259.5622

G1X221.1995Y-260.0424

G1X222.1483Y-260.3913

G1X223.0678Y-260.5719

G1X223.8852Y-260.6029

G1X224.8047Y-260.4945

G1X225.7243Y-260.2426

G1X226.6073Y-259.8814

G1X227.6383Y-259.3287

G1X228.7894Y-258.5788

G1X233.5212Y-254.9744

G1X235.7847Y-253.5154

G1X237.1383Y-252.8514

G1X238.3935Y-252.3983

G1X239.6196Y-252.1113

G1X240.9478Y-251.9690

G1X242.9912Y-252.0597

G1X245.3412Y-252.5319

G1X247.6692Y-253.2554

G1X255.1496Y-255.9079

G1X257.8061Y-256.6529

G1X260.4626Y-257.2347

G1X263.5277Y-257.7149

G1X266.6950Y-258.0280

G1X270.2711Y-258.2036

G1X273.9493Y-258.2239

G1 Z0F20000

(Start Block)


G1X22.9136Y-249.7086
G1Z5F20000
(Plotting speed under)
G1 F4000


G1X24.9797Y-251.5517

G1X29.8673Y-256.4022

G1X32.2112Y-258.3688

G1X33.6343Y-259.2986

G1X35.0574Y-259.9877

G1X36.5024Y-260.4235

G1X37.9328Y-260.5913

G1X39.0567Y-260.5468

G1X40.2828Y-260.3348

G1X41.6037Y-259.9381

G1X42.9319Y-259.3917

G1X45.3164Y-258.1415

G1X50.3637Y-255.0877

G1X52.6090Y-253.8282

G1X55.1706Y-252.5927

G1X57.6519Y-251.6343

G1X60.4105Y-250.8402

G1X63.2714Y-250.2814

G1X66.4387Y-249.9142

G1X69.8104Y-249.7462

G1X73.7951Y-249.7917

G1X77.4732Y-250.0760

G1X80.9471Y-250.6123

G1X84.1144Y-251.3874

G1X86.8584Y-252.3113

G1X89.7046Y-253.5180

G1X92.2472Y-254.7758

G1X98.1484Y-257.9161

G1X100.9946Y-259.2184

G1X102.5126Y-259.7704

G1X104.0378Y-260.1951

G1X105.5704Y-260.4732

G1X107.0008Y-260.5879

G1X108.7377Y-260.5756

G1X109.4257Y-260.4065

G1X112.9676Y-258.0919

G1X117.0282Y-255.7810

G1X121.0129Y-253.8765

G1X124.9028Y-252.3651

G1X126.4134Y-251.8565

G1X131.5220Y-250.4502

G1X134.7915Y-249.7806

G1X141.4326Y-248.9098

G1X146.2347Y-248.5956

G1X151.0368Y-248.6195

G1X155.5323Y-248.9534

G1X161.8670Y-249.8364

G1X163.9104Y-250.2501

G1X165.9538Y-250.7881

G1X170.9165Y-252.4152

G1X172.4344Y-253.0795

G1X175.4704Y-254.5886

G1X176.9884Y-255.4886

G1X178.6487Y-256.6274

G1X180.7240Y-258.2048

G1X182.0669Y-259.3860

G1X182.5859Y-259.7012

G1X184.6512Y-260.3180

G1X186.4903Y-260.5801

G1X187.9207Y-260.5489

G1X189.3511Y-260.2905

G1X190.7451Y-259.8112

G1X192.2188Y-259.0628

G1X193.5913Y-258.1580

G1X195.0367Y-257.0190

G1X200.2715Y-252.1763

G1X202.2248Y-250.5828

G1X203.3759Y-249.8308

G1X204.5017Y-249.2741

G1X205.4943Y-248.9513

G1X206.5160Y-248.7968

G1X207.5377Y-248.8312

G1X208.4572Y-249.0258

G1X209.4352Y-249.3955

G1X210.4432Y-249.9405

G1X211.5224Y-250.6885

G1X212.6162Y-251.5871

G1X216.7615Y-255.5144

G1X218.8277Y-257.2291

G1X219.8460Y-257.8944

G1X220.8200Y-258.3911

G1X221.8417Y-258.7477

G1X222.7613Y-258.9182

G1X223.6808Y-258.9467

G1X224.6004Y-258.8345

G1X225.5199Y-258.5924

G1X226.5124Y-258.1993

G1X227.6383Y-257.6102

G1X228.7894Y-256.8844

G1X233.6042Y-253.3807

G1X235.9998Y-251.9042

G1X237.3280Y-251.2741

G1X238.7000Y-250.7876

G1X240.0283Y-250.4798

G1X241.3565Y-250.3271

G1X243.6043Y-250.3844

G1X246.1586Y-250.8285

G1X248.5085Y-251.4653

G1X256.0692Y-253.7897

G1X258.8278Y-254.4655

G1X261.4843Y-254.9749

G1X264.4473Y-255.3824

G1X267.5124Y-255.6423

G1X270.6798Y-255.7582

G1X273.9493Y-255.7308

G1 Z0F20000

(Start Block)


G1X22.9136Y-248.9771
G1Z5F20000
(Plotting speed under)
G1 F4000


G1X28.7431Y-254.7452

G1X30.1017Y-255.9585

G1X31.2981Y-256.8915

G1X32.6539Y-257.7597

G1X34.0138Y-258.4003

G1X35.3785Y-258.7955

G1X36.7068Y-258.9391

G1X37.8306Y-258.8815

G1X39.0567Y-258.6447

G1X40.2755Y-258.2486

G1X41.5974Y-257.6660

G1X43.9882Y-256.3159

G1X48.9469Y-253.0741

G1X51.2492Y-251.6841

G1X53.7475Y-250.3987

G1X56.2215Y-249.3921

G1X58.9802Y-248.5746

G1X61.8410Y-248.0164

G1X65.2126Y-247.6408

G1X69.0951Y-247.4535

G1X74.4081Y-247.4578

G1X79.0058Y-247.7067

G1X82.7862Y-248.1889

G1X86.2600Y-248.9633

G1X89.2302Y-249.9369

G1X92.1713Y-251.1942

G1X94.9037Y-252.5851

G1X101.0136Y-255.9701

G1X104.0305Y-257.4063

G1X105.6726Y-258.0243

G1X107.2051Y-258.4684

G1X108.7377Y-258.7700

G1X110.2703Y-258.9322

G1X111.2920Y-258.9004

G1X111.9936Y-258.7250

G1X115.9846Y-256.3281

G1X119.8744Y-254.3833

G1X124.6181Y-252.4729

G1X126.7200Y-251.7650

G1X131.6242Y-250.4249

G1X134.6893Y-249.7975

G1X141.2283Y-248.9315

G1X145.7239Y-248.6123

G1X150.4237Y-248.5982

G1X154.9193Y-248.8883

G1X161.3561Y-249.7502

G1X165.1365Y-250.5568

G1X170.2523Y-252.1619

G1X171.7703Y-252.7726

G1X173.7627Y-253.7235

G1X175.5653Y-254.6401

G1X177.0714Y-255.5419

G1X178.8977Y-256.8080

G1X181.0752Y-258.4591

G1X182.4035Y-258.8056

G1X183.8339Y-258.9327

G1X185.4686Y-258.8774

G1X187.0012Y-258.6059

G1X188.5630Y-258.0978

G1X190.1758Y-257.3276

G1X191.6819Y-256.3969

G1X193.2397Y-255.2480

G1X198.7870Y-250.4570

G1X200.8135Y-248.9097

G1X202.0477Y-248.1547

G1X203.1735Y-247.6297

G1X204.2682Y-247.2922

G1X205.2899Y-247.1451

G1X206.3116Y-247.1677

G1X207.3334Y-247.3633

G1X208.2967Y-247.7014

G1X209.3972Y-248.2577

G1X210.4432Y-248.9368

G1X211.6786Y-249.8945

G1X216.2884Y-254.0663

G1X218.1635Y-255.5450

G1X219.3147Y-256.2669

G1X220.3456Y-256.7619

G1X221.4330Y-257.1137

G1X222.4547Y-257.2782

G1X223.3743Y-257.2872

G1X224.2938Y-257.1689

G1X225.2791Y-256.9111

G1X226.3227Y-256.5038

G1X228.4352Y-255.3425

G1X233.6596Y-251.7370

G1X236.0947Y-250.3090

G1X237.4229Y-249.7007

G1X238.8022Y-249.2157

G1X240.1304Y-248.8935

G1X241.5609Y-248.7002

G1X243.9108Y-248.6911

G1X246.5672Y-249.0440

G1X249.0194Y-249.5892

G1X256.8866Y-251.6267

G1X259.6452Y-252.1949

G1X262.3017Y-252.6190

G1X265.1625Y-252.9376

G1X268.0233Y-253.1187

G1X270.9863Y-253.1700

G1X273.9493Y-253.0904

G1 Z0F20000

(Start Block)


G1X22.9136Y-248.4086
G1Z5F20000
(Plotting speed under)
G1 F4000


G1X27.7100Y-253.2311

G1X29.0860Y-254.4559

G1X30.3019Y-255.3922

G1X31.6799Y-256.2491

G1X32.9702Y-256.8272

G1X34.2546Y-257.1730

G1X35.4807Y-257.2866

G1X36.6046Y-257.2106

G1X37.7285Y-256.9732

G1X38.9472Y-256.5513

G1X40.2691Y-255.9290

G1X42.6600Y-254.4828

G1X47.4028Y-251.1631

G1X49.4782Y-249.8127

G1X51.8500Y-248.4866

G1X54.1270Y-247.4731

G1X56.5280Y-246.6817

G1X59.1845Y-246.0999

G1X62.0453Y-245.7417

G1X65.6213Y-245.5469

G1X74.6124Y-245.4893

G1X80.6405Y-245.6093

G1X84.8296Y-245.9668

G1X88.4056Y-246.6245

G1X91.6021Y-247.5799

G1X94.8278Y-248.9213

G1X97.7373Y-250.4106

G1X104.3152Y-254.1181

G1X107.5409Y-255.6599

G1X109.1537Y-256.2666

G1X110.7812Y-256.7425

G1X112.5181Y-257.0941

G1X113.9485Y-257.2389

G1X114.7386Y-257.1032

G1X116.8385Y-255.8770

G1X119.8744Y-254.3833

G1X121.3924Y-253.7233

G1X125.9026Y-252.0179

G1X131.3177Y-250.5016

G1X134.8937Y-249.7640

G1X140.8196Y-248.9772

G1X144.3956Y-248.6737

G1X148.1760Y-248.5660

G1X151.9563Y-248.6619

G1X155.5323Y-248.9534

G1X161.2539Y-249.7337

G1X164.5234Y-250.3975

G1X169.5882Y-251.9311

G1X171.9601Y-252.8579

G1X175.8373Y-254.7922

G1X177.1544Y-255.5966

G1X179.2021Y-257.0245

G1X179.6449Y-257.2479

G1X180.2579Y-257.3267

G1X182.7100Y-257.1630

G1X184.0382Y-256.9238

G1X185.4321Y-256.5280

G1X186.7604Y-256.0098

G1X188.1455Y-255.3246

G1X189.5623Y-254.4800

G1X191.1838Y-253.3576

G1X196.8288Y-248.8463

G1X199.2141Y-247.1600

G1X200.5170Y-246.4332

G1X201.6555Y-245.9494

G1X202.8378Y-245.6196

G1X203.9617Y-245.4850

G1X204.9834Y-245.5217

G1X206.1073Y-245.7404

G1X207.1582Y-246.1095

G1X208.2461Y-246.6478

G1X209.3640Y-247.3482

G1X210.5848Y-248.2544

G1X215.3508Y-252.3727

G1X217.4551Y-253.9530

G1X218.6379Y-254.6504

G1X219.6961Y-255.1283

G1X220.8200Y-255.4696

G1X221.9439Y-255.6312

G1X222.8635Y-255.6302

G1X223.8852Y-255.4941

G1X224.8996Y-255.2271

G1X225.9432Y-254.8290

G1X228.0810Y-253.7090

G1X233.4825Y-250.1688

G1X235.9998Y-248.7550

G1X237.4229Y-248.1248

G1X238.8022Y-247.6481

G1X240.2326Y-247.2962

G1X241.6630Y-247.0842

G1X244.1151Y-247.0106

G1X246.9759Y-247.2864

G1X249.5302Y-247.7419

G1X257.6018Y-249.4408

G1X260.2582Y-249.8779

G1X262.9147Y-250.2079

G1X265.5712Y-250.4249

G1X268.3298Y-250.5313

G1X271.0884Y-250.5203

G1X273.9493Y-250.3910

G1 Z0F20000

(Start Block)


G1X22.9136Y-247.9879
G1Z5F20000
(Plotting speed under)
G1 F4000


G1X26.8245Y-251.9139

G1X28.2265Y-253.1275

G1X29.5547Y-254.0951

G1X30.8830Y-254.8458

G1X32.1163Y-255.3255

G1X33.4373Y-255.5941

G1X34.6633Y-255.6160

G1X35.5829Y-255.4941

G1X36.5754Y-255.2385

G1X38.5677Y-254.3807

G1X40.7617Y-253.0344

G1X46.4897Y-248.8199

G1X49.2126Y-247.0568

G1X50.8064Y-246.2006

G1X52.3244Y-245.5208

G1X53.8716Y-244.9645

G1X55.5063Y-244.5184

G1X58.3671Y-244.0393

G1X61.6366Y-243.8385

G1X72.4668Y-243.9910

G1X82.3775Y-243.8282

G1X85.9535Y-243.8911

G1X88.6099Y-244.1111

G1X90.9599Y-244.4832

G1X93.2077Y-245.0264

G1X95.4919Y-245.7812

G1X97.4843Y-246.6033

G1X99.6663Y-247.6585

G1X107.2120Y-251.8673

G1X110.1973Y-253.3582

G1X111.8102Y-254.0339

G1X113.4376Y-254.6018

G1X116.8093Y-255.4188

G1X117.4223Y-255.4155

G1X118.1375Y-255.2150

G1X121.1078Y-253.8372

G1X125.8004Y-252.0514

G1X130.7046Y-250.6632

G1X132.6459Y-250.1884

G1X135.7111Y-249.6394

G1X141.5348Y-248.8992

G1X144.9065Y-248.6470

G1X148.4825Y-248.5662

G1X152.0585Y-248.6674

G1X155.5323Y-248.9534

G1X161.1518Y-249.7174

G1X164.2169Y-250.3224

G1X166.3625Y-250.9123

G1X170.8216Y-252.3777

G1X172.2447Y-252.9897

G1X174.9960Y-254.3414

G1X176.8113Y-255.4193

G1X177.6014Y-255.5714

G1X179.1340Y-255.4388

G1X181.2796Y-254.9986

G1X183.1552Y-254.3967

G1X184.9578Y-253.6168

G1X186.6402Y-252.7176

G1X188.4997Y-251.5529

G1X194.6704Y-247.0732

G1X196.9118Y-245.6115

G1X198.2401Y-244.9014

G1X199.4734Y-244.3825

G1X200.6922Y-244.0271

G1X201.8161Y-243.8540

G1X203.0421Y-243.8465

G1X204.1660Y-244.0107

G1X205.3556Y-244.3613

G1X206.6522Y-244.9401

G1X207.8697Y-245.6509

G1X209.1980Y-246.5795

G1X214.1788Y-250.6677

G1X216.4811Y-252.3188

G1X217.7840Y-253.0428

G1X218.9225Y-253.5181

G1X220.1048Y-253.8415

G1X221.2287Y-253.9816

G1X222.2504Y-253.9680

G1X223.2721Y-253.8244

G1X224.2938Y-253.5613

G1X225.3740Y-253.1673

G1X227.7268Y-251.9832

G1X233.1283Y-248.6203

G1X235.7152Y-247.2278

G1X237.2331Y-246.5757

G1X238.7000Y-246.0787

G1X240.1304Y-245.7228

G1X241.6630Y-245.4772

G1X244.2173Y-245.3449

G1X247.1803Y-245.5283

G1X249.9389Y-245.9036

G1X258.0105Y-247.2285

G1X263.3234Y-247.7929

G1X268.5341Y-247.9555

G1X273.9493Y-247.7215

G1 Z0F20000

(Start Block)


G1X22.9136Y-247.6822
G1Z5F20000
(Plotting speed under)
G1 F4000


G1X26.1951Y-250.8772

G1X27.4794Y-251.9203

G1X28.6693Y-252.7229

G1X29.8394Y-253.3323

G1X30.9852Y-253.7392

G1X32.2112Y-253.9562

G1X33.3351Y-253.9559

G1X34.3568Y-253.7961

G1X35.4369Y-253.4733

G1X36.5501Y-252.9908

G1X37.7898Y-252.3002

G1X40.0145Y-250.7613

G1X45.4105Y-246.5782

G1X46.9103Y-245.5514

G1X48.4156Y-244.6475

G1X49.7628Y-243.9606

G1X51.0910Y-243.4015

G1X52.4412Y-242.9520

G1X53.8716Y-242.5998

G1X56.3237Y-242.2566

G1X59.1845Y-242.1779

G1X61.8410Y-242.3007

G1X69.4016Y-242.8702

G1X74.3059Y-242.9766

G1X78.3928Y-242.8239

G1X86.6687Y-242.2369

G1X90.5512Y-242.1976

G1X92.9011Y-242.3734

G1X95.0467Y-242.7073

G1X97.1923Y-243.2260

G1X99.2869Y-243.9155

G1X101.2792Y-244.7290

G1X103.2716Y-245.6734

G1X110.6717Y-249.6754

G1X113.8974Y-251.2509

G1X117.3201Y-252.5636

G1X120.8962Y-253.4899

G1X121.6113Y-253.4964

G1X122.4287Y-253.3316

G1X124.9976Y-252.3300

G1X126.6178Y-251.7949

G1X131.4199Y-250.4758

G1X134.1785Y-249.8857

G1X142.1479Y-248.8397

G1X145.3152Y-248.6284

G1X148.5847Y-248.5665

G1X151.8542Y-248.6566

G1X154.9193Y-248.8883

G1X160.5387Y-249.6253

G1X162.7865Y-250.0085

G1X165.4430Y-250.6410

G1X169.0190Y-251.7470

G1X171.0113Y-252.4531

G1X173.1059Y-253.3897

G1X173.8211Y-253.6123

G1X174.4341Y-253.6895

G1X176.4775Y-253.3048

G1X178.2144Y-252.8553

G1X179.9295Y-252.2798

G1X181.7321Y-251.5312

G1X183.5347Y-250.6400

G1X185.4891Y-249.5301

G1X192.0417Y-245.2817

G1X194.4451Y-243.8811

G1X195.7734Y-243.2405

G1X197.1162Y-242.7248

G1X198.3423Y-242.3915

G1X199.5683Y-242.2066

G1X200.8965Y-242.1882

G1X202.2248Y-242.3669

G1X203.5530Y-242.7433

G1X204.8812Y-243.3083

G1X206.2095Y-244.0431

G1X207.6207Y-244.9784

G1X212.9336Y-249.1016

G1X215.3300Y-250.7169

G1X216.6456Y-251.4044

G1X217.8789Y-251.8875

G1X219.0831Y-252.1937

G1X220.3091Y-252.3312

G1X221.3309Y-252.3124

G1X222.4547Y-252.1571

G1X223.5713Y-251.8733

G1X224.7098Y-251.4660

G1X227.0184Y-250.3564

G1X232.5970Y-247.0727

G1X235.2408Y-245.7123

G1X236.7588Y-245.0768

G1X238.2913Y-244.5593

G1X239.8239Y-244.1691

G1X241.3565Y-243.9019

G1X244.0130Y-243.6974

G1X247.0781Y-243.7794

G1X250.0411Y-244.0611

G1X258.2148Y-245.0518

G1X263.5277Y-245.4278

G1X268.6363Y-245.4579

G1X273.9493Y-245.1640

G1 Z0F20000

(Start Block)


G1X22.9136Y-247.4380
G1Z5F20000
(Plotting speed under)
G1 F4000


G1X25.4919Y-249.8017

G1X26.6492Y-250.6699

G1X27.7838Y-251.3627

G1X28.7958Y-251.8308

G1X29.8613Y-252.1599

G1X30.8830Y-252.3111

G1X31.9047Y-252.2999

G1X32.9264Y-252.1317

G1X34.0138Y-251.7906

G1X35.1333Y-251.2807

G1X36.3619Y-250.5620

G1X38.4373Y-249.0647

G1X43.8332Y-244.6957

G1X45.2445Y-243.6898

G1X46.6446Y-242.8149

G1X47.9602Y-242.1201

G1X49.2885Y-241.5510

G1X50.6021Y-241.1191

G1X51.9303Y-240.8092

G1X54.2803Y-240.5404

G1X57.0389Y-240.5870

G1X59.5932Y-240.8595

G1X68.3799Y-242.1301

G1X71.4451Y-242.3765

G1X74.4081Y-242.4449

G1X77.1667Y-242.3554

G1X80.1297Y-242.1102

G1X91.0620Y-240.6842

G1X93.2077Y-240.5422

G1X95.2511Y-240.5300

G1X97.2945Y-240.6654

G1X99.2358Y-240.9489

G1X101.2792Y-241.4183

G1X103.2716Y-242.0415

G1X105.0741Y-242.7331

G1X107.0665Y-243.6141

G1X114.8461Y-247.5263

G1X118.3564Y-249.1085

G1X120.3488Y-249.8685

G1X122.2244Y-250.4794

G1X124.1657Y-251.0034

G1X126.3113Y-251.4739

G1X127.1286Y-251.5167

G1X127.9460Y-251.4425

G1X131.2155Y-250.5277

G1X133.4633Y-250.0194

G1X135.7111Y-249.6394

G1X140.0023Y-249.0774

G1X144.1913Y-248.6855

G1X148.6868Y-248.5670

G1X151.5476Y-248.6415

G1X154.3063Y-248.8296

G1X160.9474Y-249.6856

G1X164.4212Y-250.3721

G1X166.1582Y-250.8494

G1X168.5081Y-251.6183

G1X169.1211Y-251.7090

G1X171.4711Y-251.2640

G1X173.4124Y-250.7938

G1X175.4558Y-250.1735

G1X177.4628Y-249.4333

G1X179.5500Y-248.5278

G1X181.7321Y-247.4466

G1X188.7654Y-243.4915

G1X191.4092Y-242.1445

G1X192.8323Y-241.5413

G1X194.2554Y-241.0571

G1X195.5836Y-240.7338

G1X196.8097Y-240.5614

G1X198.2401Y-240.5284

G1X199.6705Y-240.6869

G1X201.0863Y-241.0361

G1X202.6043Y-241.6170

G1X203.9957Y-242.3215

G1X205.5896Y-243.2994

G1X211.3563Y-247.4996

G1X213.9132Y-249.1144

G1X215.3173Y-249.7969

G1X216.6456Y-250.2743

G1X217.9592Y-250.5698

G1X219.1852Y-250.6813

G1X220.2070Y-250.6542

G1X221.3309Y-250.5036

G1X222.4547Y-250.2356

G1X223.6662Y-249.8295

G1X226.2215Y-248.6641

G1X231.9772Y-245.4631

G1X234.7664Y-244.1104

G1X236.3793Y-243.4735

G1X237.8827Y-242.9893

G1X239.4152Y-242.6057

G1X241.0500Y-242.3141

G1X243.8086Y-242.0657

G1X246.8738Y-242.0678

G1X249.8367Y-242.2447

G1X258.2148Y-242.9436

G1X263.4256Y-243.1581

G1X268.3298Y-243.1053

G1X273.9493Y-242.7864

G1 Z0F20000

(Start Block)


G1X22.9136Y-247.1808
G1Z5F20000
(Plotting speed under)
G1 F4000


G1X24.1637Y-248.2528

G1X25.3210Y-249.1056

G1X26.4555Y-249.7811

G1X27.4675Y-250.2316

G1X28.5330Y-250.5392

G1X29.5547Y-250.6666

G1X30.5765Y-250.6280

G1X31.7004Y-250.4002

G1X33.4446Y-249.6929

G1X35.2827Y-248.5588

G1X37.0553Y-247.1946

G1X42.1729Y-242.8844

G1X43.7502Y-241.7284

G1X45.2279Y-240.8045

G1X46.9166Y-239.9659

G1X48.5587Y-239.3840

G1X50.2956Y-239.0128

G1X52.0325Y-238.8693

G1X54.0759Y-238.9449

G1X56.4259Y-239.2759

G1X64.5996Y-241.1447

G1X68.0734Y-241.7910

G1X71.3429Y-242.1739

G1X74.6124Y-242.3108

G1X78.1884Y-242.1777

G1X81.9688Y-241.7421

G1X85.4426Y-241.1274

G1X92.7990Y-239.5900

G1X96.0685Y-239.0806

G1X97.9076Y-238.9159

G1X99.5423Y-238.8649

G1X101.1770Y-238.9153

G1X102.7096Y-239.0609

G1X105.8769Y-239.6680

G1X109.2486Y-240.7261

G1X112.2845Y-241.9471

G1X120.3488Y-245.5071

G1X122.9104Y-246.5031

G1X125.2896Y-247.3138

G1X127.8439Y-248.0517

G1X130.5003Y-248.6747

G1X133.2589Y-249.1771

G1X135.9154Y-249.5294

G1X137.5501Y-249.4140

G1X142.4544Y-248.8122

G1X146.8477Y-248.5804

G1X150.0151Y-248.5870

G1X153.0802Y-248.7312

G1X155.5323Y-248.9534

G1X159.2105Y-249.4647

G1X160.3344Y-249.5404

G1X161.5605Y-249.4760

G1X165.0343Y-248.9331

G1X169.0190Y-248.0469

G1X172.9088Y-246.8533

G1X177.3679Y-245.0862

G1X184.9578Y-241.5360

G1X187.8989Y-240.2917

G1X189.5555Y-239.7146

G1X190.9859Y-239.3182

G1X192.4163Y-239.0363

G1X193.7445Y-238.8921

G1X195.3793Y-238.8873

G1X196.9118Y-239.0684

G1X198.4298Y-239.4303

G1X200.0427Y-240.0106

G1X201.6555Y-240.7776

G1X203.3759Y-241.7701

G1X209.5743Y-245.9827

G1X212.0916Y-247.4633

G1X213.5147Y-248.1186

G1X214.8940Y-248.5956

G1X216.3244Y-248.9089

G1X217.6527Y-249.0273

G1X218.7766Y-248.9984

G1X220.0026Y-248.8376

G1X221.2287Y-248.5521

G1X222.4329Y-248.1642

G1X224.9945Y-247.0625

G1X231.0664Y-243.8811

G1X233.9126Y-242.5722

G1X235.5327Y-241.9571

G1X237.1675Y-241.4448

G1X238.8022Y-241.0432

G1X240.4370Y-240.7474

G1X243.2978Y-240.4540

G1X246.5672Y-240.3874

G1X258.0105Y-240.9267

G1X263.3234Y-241.0213

G1X267.8189Y-240.9298

G1X273.9493Y-240.6383

G1 Z0F20000

(Start Block)


G1X22.9136Y-246.8176
G1Z5F20000
(Plotting speed under)
G1 F4000


G1X23.9097Y-247.5288

G1X24.9059Y-248.1160

G1X25.8766Y-248.5555

G1X26.7961Y-248.8415

G1X27.7156Y-248.9928

G1X28.6352Y-249.0085

G1X29.6569Y-248.8679

G1X30.5765Y-248.6029

G1X32.2112Y-247.8406

G1X33.9545Y-246.6821

G1X35.5708Y-245.3802

G1X40.3466Y-241.2114

G1X41.8409Y-240.0656

G1X43.1912Y-239.1731

G1X44.7345Y-238.3493

G1X46.3109Y-237.7406

G1X47.8435Y-237.3753

G1X49.4782Y-237.2166

G1X51.6238Y-237.3239

G1X54.1781Y-237.8089

G1X56.4259Y-238.4418

G1X63.1692Y-240.5926

G1X67.2561Y-241.6062

G1X69.0951Y-241.9319

G1X70.7299Y-242.1205

G1X74.7146Y-242.3111

G1X76.9624Y-242.2557

G1X79.2102Y-242.0881

G1X81.5601Y-241.8023

G1X84.1144Y-241.3819

G1X90.1425Y-240.1227

G1X96.7837Y-238.3307

G1X100.5640Y-237.5616

G1X102.3009Y-237.3418

G1X104.0378Y-237.2267

G1X105.6726Y-237.2218

G1X107.3073Y-237.3202

G1X110.2703Y-237.7544

G1X113.5398Y-238.5651

G1X116.5539Y-239.5321

G1X126.2091Y-242.9290

G1X129.5808Y-243.9307

G1X132.8502Y-244.7387

G1X136.6306Y-245.4614

G1X140.4109Y-245.9648

G1X144.3956Y-246.2761

G1X148.3803Y-246.3793

G1X152.2628Y-246.2863

G1X156.0432Y-246.0067

G1X159.7214Y-245.5420

G1X163.3995Y-244.8713

G1X166.8734Y-244.0404

G1X170.4494Y-242.9901

G1X173.8576Y-241.8326

G1X180.9731Y-239.2334

G1X184.5491Y-238.1136

G1X186.4903Y-237.6540

G1X188.3294Y-237.3547

G1X190.0663Y-237.2202

G1X191.7011Y-237.2442

G1X193.4380Y-237.4443

G1X195.0728Y-237.8050

G1X196.7221Y-238.3389

G1X198.4298Y-239.0621

G1X203.0217Y-241.5542

G1X207.9804Y-244.8065

G1X210.8583Y-246.2499

G1X212.2376Y-246.7577

G1X213.4636Y-247.0874

G1X214.7919Y-247.3063

G1X216.0179Y-247.3772

G1X217.1418Y-247.3328

G1X218.3679Y-247.1698

G1X219.5939Y-246.8960

G1X220.9149Y-246.4912

G1X223.6662Y-245.3645

G1X229.8330Y-242.3148

G1X232.8690Y-240.9946

G1X236.2479Y-239.8806

G1X237.9848Y-239.4686

G1X239.7218Y-239.1605

G1X242.4804Y-238.8593

G1X245.5455Y-238.7353

G1X260.6669Y-239.0395

G1X273.9493Y-238.7489

G1 Z0F20000

(Start Block)


G1X22.9136Y-246.2434
G1Z5F20000
(Plotting speed under)
G1 F4000


G1X24.6505Y-247.0314

G1X25.4679Y-247.2457

G1X26.2853Y-247.3521

G1X27.1026Y-247.3506

G1X27.9200Y-247.2402

G1X29.5547Y-246.7095

G1X31.0490Y-245.8971

G1X32.6019Y-244.7837

G1X34.0863Y-243.5368

G1X38.5398Y-239.5278

G1X39.9315Y-238.4186

G1X41.2432Y-237.5120

G1X42.7485Y-236.6711

G1X44.1653Y-236.0934

G1X45.5957Y-235.7254

G1X47.1282Y-235.5628

G1X48.2521Y-235.5842

G1X49.4782Y-235.7279

G1X51.9303Y-236.3197

G1X54.2219Y-237.1243

G1X61.3374Y-239.9646

G1X63.2714Y-240.6155

G1X65.4170Y-241.1948

G1X67.6647Y-241.6870

G1X69.7082Y-242.0142

G1X72.2625Y-242.2377

G1X74.7146Y-242.3111

G1X77.1667Y-242.2450

G1X79.6188Y-242.0461

G1X82.1731Y-241.7108

G1X85.0339Y-241.2077

G1X90.6534Y-239.9992

G1X98.4184Y-237.9234

G1X101.2792Y-237.0549

G1X103.6291Y-236.4425

G1X106.4900Y-235.8912

G1X109.1464Y-235.6112

G1X111.0877Y-235.5581

G1X113.0289Y-235.6303

G1X115.0724Y-235.8305

G1X117.3201Y-236.1767

G1X121.2027Y-236.9980

G1X131.6242Y-239.5517

G1X134.7915Y-240.1991

G1X137.7545Y-240.6981

G1X140.5131Y-241.0591

G1X143.1696Y-241.3074

G1X145.8260Y-241.4562

G1X148.4825Y-241.5046

G1X151.1389Y-241.4523

G1X153.8976Y-241.2918

G1X156.6562Y-241.0241

G1X159.4149Y-240.6517

G1X162.3778Y-240.1414

G1X165.5451Y-239.4836

G1X175.6601Y-236.9884

G1X179.4405Y-236.1753

G1X181.4839Y-235.8471

G1X183.4252Y-235.6394

G1X185.2643Y-235.5589

G1X187.0012Y-235.6031

G1X188.7381Y-235.7782

G1X190.3729Y-236.0713

G1X192.0076Y-236.4929

G1X193.6861Y-237.0590

G1X197.9555Y-238.8468

G1X199.4734Y-239.5819

G1X203.1103Y-241.6077

G1X206.2095Y-243.6649

G1X207.6326Y-244.3461

G1X209.2746Y-244.9612

G1X210.8072Y-245.3824

G1X212.3397Y-245.6391

G1X213.7701Y-245.7235

G1X214.9962Y-245.6769

G1X216.3244Y-245.5072

G1X218.9809Y-244.8358

G1X221.7687Y-243.7641

G1X228.3150Y-240.7171

G1X231.5407Y-239.3939

G1X235.1240Y-238.2799

G1X236.9631Y-237.8672

G1X238.8022Y-237.5566

G1X242.0717Y-237.2199

G1X245.7499Y-237.0839

G1X258.1126Y-237.1950

G1X269.6581Y-237.0774

G1X273.9493Y-237.1261

G1 Z0F20000

(Start Block)


G1X22.9136Y-245.3512
G1Z5F20000
(Plotting speed under)
G1 F4000


G1X24.3440Y-245.6734

G1X25.6722Y-245.6774

G1X26.9932Y-245.3982

G1X28.4036Y-244.8051

G1X29.7208Y-244.0072

G1X31.1174Y-242.9519

G1X36.8209Y-237.7707

G1X39.2951Y-235.8685

G1X40.7498Y-235.0186

G1X42.0781Y-234.4479

G1X43.4501Y-234.0728

G1X44.8805Y-233.9101

G1X46.0044Y-233.9355

G1X47.1282Y-234.0833

G1X48.3543Y-234.3672

G1X49.6680Y-234.7894

G1X52.2295Y-235.8611

G1X58.7758Y-238.9790

G1X61.7169Y-240.1006

G1X63.8844Y-240.7940

G1X66.6430Y-241.4776

G1X69.2995Y-241.9613

G1X71.9559Y-242.2187

G1X74.7146Y-242.3111

G1X77.3711Y-242.2334

G1X80.0275Y-242.0008

G1X82.8883Y-241.5964

G1X86.0556Y-241.0035

G1X90.7555Y-239.9728

G1X98.5206Y-237.8953

G1X102.0966Y-236.8282

G1X105.2639Y-236.0980

G1X109.2486Y-234.9733

G1X112.2116Y-234.3761

G1X115.1745Y-234.0221

G1X118.5462Y-233.9048

G1X122.2244Y-234.0640

G1X126.0048Y-234.4418

G1X134.9959Y-235.6283

G1X139.2871Y-236.1049

G1X143.9869Y-236.4459

G1X148.4825Y-236.5555

G1X152.9780Y-236.4409

G1X157.6779Y-236.0952

G1X161.9691Y-235.6155

G1X170.7559Y-234.4538

G1X174.3319Y-234.0867

G1X177.8058Y-233.9100

G1X180.8709Y-233.9733

G1X183.5274Y-234.2415

G1X186.1838Y-234.7392

G1X188.2273Y-235.2888

G1X192.8250Y-236.7522

G1X194.4451Y-237.3581

G1X198.9042Y-239.2917

G1X202.2248Y-241.0877

G1X204.7041Y-242.6476

G1X205.6402Y-243.1022

G1X206.7203Y-243.4673

G1X208.2529Y-243.8064

G1X209.6833Y-244.0029

G1X211.0115Y-244.0697

G1X212.3397Y-244.0244

G1X213.7701Y-243.8543

G1X215.2006Y-243.5665

G1X216.6309Y-243.1738

G1X219.5866Y-242.1018

G1X226.5124Y-239.0624

G1X229.9279Y-237.7467

G1X231.8546Y-237.1357

G1X233.7958Y-236.6272

G1X237.6783Y-235.9225

G1X241.7652Y-235.5532

G1X246.7716Y-235.4247

G1X266.8994Y-235.4358

G1X270.6798Y-235.5398

G1X273.9493Y-235.7588

G1 Z0F20000

(Start Block)


G1X22.9136Y-244.0447
G1Z5F20000
(Plotting speed under)
G1 F4000


G1X23.9353Y-244.0263

G1X24.9570Y-243.8387

G1X26.0444Y-243.4589

G1X27.1639Y-242.8865

G1X28.3925Y-242.0706

G1X29.7110Y-241.0180

G1X34.7939Y-236.2785

G1X36.1178Y-235.1514

G1X37.3581Y-234.2273

G1X38.7638Y-233.3736

G1X40.0857Y-232.7832

G1X41.4067Y-232.4111

G1X42.7349Y-232.2560

G1X43.8588Y-232.2888

G1X44.9827Y-232.4589

G1X46.1065Y-232.7511

G1X47.3910Y-233.2122

G1X49.6553Y-234.2684

G1X54.6140Y-237.0022

G1X57.1630Y-238.2468

G1X59.4399Y-239.2478

G1X62.7605Y-240.4295

G1X65.6213Y-241.0999

G1X68.7886Y-241.5772

G1X72.3646Y-241.8728

G1X76.5537Y-242.0035

G1X80.3340Y-241.9608

G1X85.2383Y-241.1677

G1X90.6534Y-239.9992

G1X98.5206Y-237.8953

G1X102.1988Y-236.8008

G1X105.2639Y-236.0980

G1X107.9204Y-235.3144

G1X110.1681Y-234.7627

G1X113.2333Y-234.2154

G1X116.1963Y-233.4770

G1X119.0571Y-232.9404

G1X122.3265Y-232.5340

G1X125.8004Y-232.3102

G1X131.2155Y-232.2677

G1X142.9652Y-232.6180

G1X148.6868Y-232.6855

G1X154.3063Y-232.6080

G1X164.7278Y-232.2851

G1X168.5081Y-232.2534

G1X172.4928Y-232.3795

G1X176.0688Y-232.7002

G1X180.1557Y-233.3808

G1X183.6295Y-234.2563

G1X186.2860Y-234.7632

G1X188.3294Y-235.3201

G1X193.4015Y-236.9536

G1X197.8606Y-238.8059

G1X199.6569Y-239.6786

G1X203.6552Y-241.9201

G1X205.3921Y-242.2623

G1X207.5377Y-242.4145

G1X208.9681Y-242.3810

G1X210.5007Y-242.2242

G1X212.0332Y-241.9488

G1X213.5658Y-241.5659

G1X216.8353Y-240.4632

G1X224.3303Y-237.3636

G1X227.9720Y-236.0504

G1X230.0155Y-235.4482

G1X232.0589Y-234.9534

G1X234.2045Y-234.5472

G1X236.3501Y-234.2476

G1X239.7218Y-233.9546

G1X243.8086Y-233.8036

G1X261.6886Y-233.7839

G1X268.4319Y-234.0151

G1X271.2928Y-234.2675

G1X273.9493Y-234.6193

G1 Z0F20000

(Start Block)


G1X22.9136Y-242.2537
G1Z5F20000
(Plotting speed under)
G1 F4000


G1X23.9353Y-241.9463

G1X24.9059Y-241.5081

G1X25.9021Y-240.9219

G1X26.9764Y-240.1517

G1X28.8168Y-238.5767

G1X33.3919Y-234.2237

G1X34.6333Y-233.1825

G1X35.8638Y-232.2920

G1X37.0814Y-231.5796

G1X38.2831Y-231.0603

G1X39.4654Y-230.7374

G1X40.6915Y-230.6004

G1X41.8153Y-230.6455

G1X42.9392Y-230.8423

G1X44.1653Y-231.2110

G1X45.3986Y-231.7187

G1X47.4416Y-232.7837

G1X51.4263Y-235.2090

G1X54.6140Y-237.0022

G1X57.4476Y-238.3798

G1X59.3888Y-239.1308

G1X62.0453Y-239.8485

G1X64.9061Y-240.3348

G1X68.1756Y-240.6215

G1X72.1603Y-240.7432

G1X86.0556Y-240.7372

G1X87.8947Y-240.6088

G1X90.7555Y-239.9728

G1X98.5206Y-237.8953

G1X101.9944Y-236.8558

G1X105.2639Y-236.0980

G1X108.8399Y-235.0737

G1X110.8833Y-234.6147

G1X113.2333Y-234.2154

G1X117.4223Y-233.2255

G1X119.8744Y-232.8189

G1X123.6548Y-232.3888

G1X126.7200Y-231.8790

G1X129.6829Y-231.4969

G1X133.8720Y-231.1266

G1X138.5719Y-230.8895

G1X143.9869Y-230.7670

G1X150.4237Y-230.7459

G1X156.1454Y-230.8260

G1X160.9474Y-231.0042

G1X164.3191Y-231.2251

G1X167.4864Y-231.5313

G1X170.2450Y-231.8942

G1X173.1059Y-232.3750

G1X177.6014Y-232.9127

G1X180.6666Y-233.4924

G1X183.6295Y-234.2563

G1X186.3882Y-234.7876

G1X188.4316Y-235.3518

G1X192.8250Y-236.7522

G1X194.2554Y-237.2804

G1X198.3349Y-239.0176

G1X200.9987Y-240.4106

G1X201.9183Y-240.6617

G1X202.8378Y-240.7595

G1X204.6769Y-240.7432

G1X206.3116Y-240.6153

G1X208.0485Y-240.3521

G1X209.8876Y-239.9410

G1X213.5147Y-238.8062

G1X221.6739Y-235.6275

G1X225.5199Y-234.3280

G1X227.7677Y-233.7139

G1X230.0155Y-233.2177

G1X232.2632Y-232.8361

G1X234.7153Y-232.5369

G1X238.3935Y-232.2720

G1X242.9912Y-232.1434

G1X254.8432Y-232.1201

G1X260.8713Y-232.1983

G1X264.5495Y-232.3650

G1X267.9211Y-232.6614

G1X270.9863Y-233.0891

G1X273.9493Y-233.6673

G1 Z0F20000

(Start Block)


G1X22.9136Y-239.9481
G1Z5F20000
(Plotting speed under)
G1 F4000


G1X24.3248Y-239.1152

G1X25.8826Y-237.9195

G1X27.3410Y-236.6073

G1X31.4299Y-232.6588

G1X33.7165Y-230.7994

G1X34.9625Y-230.0198

G1X36.1959Y-229.4471

G1X37.4219Y-229.0893

G1X38.6480Y-228.9465

G1X39.7719Y-228.9994

G1X40.8958Y-229.2163

G1X42.0781Y-229.6034

G1X43.3114Y-230.1554

G1X45.3164Y-231.2967

G1X48.3271Y-233.2901

G1X51.2492Y-235.1043

G1X54.4369Y-236.9148

G1X55.5501Y-237.4214

G1X57.6519Y-238.1428

G1X59.7975Y-238.6487

G1X62.0453Y-238.9589

G1X64.7018Y-239.1017

G1X67.4604Y-239.0805

G1X75.1233Y-238.7592

G1X79.3123Y-238.6858

G1X83.1948Y-238.7406

G1X93.5142Y-239.0799

G1X94.7402Y-238.8652

G1X98.2140Y-237.9777

G1X101.9944Y-236.8558

G1X105.2639Y-236.0980

G1X109.1464Y-234.9979

G1X111.0877Y-234.5751

G1X113.2333Y-234.2154

G1X115.6854Y-233.5912

G1X118.0353Y-233.1120

G1X130.1938Y-231.4418

G1X134.5872Y-231.0800

G1X139.5936Y-230.8564

G1X148.4825Y-230.7408

G1X157.3714Y-230.8595

G1X163.8082Y-231.1853

G1X169.3255Y-231.7624

G1X173.1059Y-232.3750

G1X176.3754Y-232.7388

G1X178.6231Y-233.0823

G1X181.0752Y-233.5862

G1X183.6295Y-234.2563

G1X186.4903Y-234.8123

G1X188.3294Y-235.3201

G1X193.2118Y-236.8855

G1X198.0503Y-238.9166

G1X198.6488Y-239.0497

G1X199.5683Y-239.0937

G1X201.4074Y-238.9733

G1X203.3486Y-238.7166

G1X205.2899Y-238.3323

G1X207.2312Y-237.8324

G1X210.6685Y-236.7254

G1X219.2071Y-233.5924

G1X223.7830Y-232.2306

G1X227.9720Y-231.3610

G1X232.4676Y-230.8131

G1X236.6566Y-230.5719

G1X242.0717Y-230.4744

G1X253.9236Y-230.4817

G1X259.9517Y-230.6353

G1X263.7321Y-230.9070

G1X267.2059Y-231.3475

G1X270.5776Y-231.9899

G1X273.9493Y-232.8543

G1 Z0F20000

(Start Block)


G1X22.9136Y-237.1504
G1Z5F20000
(Plotting speed under)
G1 F4000


G1X25.0231Y-235.3912

G1X29.7891Y-230.7908

G1X31.7961Y-229.1525

G1X33.0967Y-228.3286

G1X34.2984Y-227.7696

G1X35.4807Y-227.4257

G1X36.7068Y-227.2907

G1X37.7285Y-227.3474

G1X38.8524Y-227.5785

G1X39.9908Y-227.9757

G1X41.2242Y-228.5640

G1X43.0861Y-229.6893

G1X48.4156Y-233.3467

G1X51.6034Y-235.3240

G1X52.7988Y-235.9369

G1X54.4116Y-236.5516

G1X56.2215Y-237.0368

G1X58.0606Y-237.3296

G1X60.0019Y-237.4507

G1X61.8410Y-237.4244

G1X64.0887Y-237.2584

G1X74.5103Y-236.0526

G1X77.3711Y-235.8735

G1X80.1297Y-235.8111

G1X83.1948Y-235.8676

G1X86.5665Y-236.0652

G1X96.5793Y-237.0577

G1X99.9510Y-237.3239

G1X105.2639Y-236.0980

G1X109.6573Y-234.8771

G1X113.2333Y-234.2154

G1X116.0941Y-233.4994

G1X118.9549Y-232.9566

G1X123.6548Y-232.3888

G1X127.2308Y-231.8051

G1X130.8068Y-231.3796

G1X135.3024Y-231.0375

G1X140.6153Y-230.8285

G1X148.7890Y-230.7409

G1X156.8606Y-230.8446

G1X162.8887Y-231.1197

G1X167.9973Y-231.5913

G1X173.1059Y-232.3750

G1X177.2949Y-232.8663

G1X180.2579Y-233.4026

G1X183.6295Y-234.2563

G1X185.4686Y-234.5815

G1X187.2055Y-234.9957

G1X192.7228Y-236.7185

G1X194.0656Y-237.2345

G1X194.7662Y-237.3268

G1X196.0945Y-237.2485

G1X198.5466Y-236.9007

G1X200.5900Y-236.4970

G1X202.7356Y-235.9647

G1X206.3992Y-234.8493

G1X215.3027Y-231.7962

G1X220.1048Y-230.4603

G1X222.4547Y-229.9615

G1X224.8047Y-229.5698

G1X229.8111Y-229.0545

G1X235.8392Y-228.8369

G1X247.2824Y-228.8078

G1X254.2301Y-228.8623

G1X259.0322Y-229.0708

G1X262.9147Y-229.4568

G1X266.5929Y-230.0749

G1X270.1689Y-230.9431

G1X273.9493Y-232.1275

G1 Z0F20000

(Start Block)


G1X22.9136Y-233.9417
G1Z5F20000
(Plotting speed under)
G1 F4000


G1X27.7838Y-229.2364

G1X30.0528Y-227.3776

G1X31.2625Y-226.6212

G1X32.4156Y-226.0893

G1X33.5394Y-225.7644

G1X34.7655Y-225.6361

G1X35.7872Y-225.7072

G1X36.9111Y-225.9618

G1X37.9985Y-226.3685

G1X39.2066Y-226.9810

G1X40.7617Y-227.9655

G1X45.3275Y-231.2719

G1X47.9009Y-233.0106

G1X49.3011Y-233.9077

G1X50.4269Y-234.5046

G1X51.6603Y-234.9997

G1X53.2585Y-235.4479

G1X54.6890Y-235.6905

G1X56.2215Y-235.7977

G1X58.2650Y-235.7316

G1X60.7171Y-235.4165

G1X69.4016Y-233.5801

G1X73.3864Y-232.8983

G1X77.0645Y-232.5036

G1X80.8449Y-232.3495

G1X84.9317Y-232.4563

G1X89.2230Y-232.8360

G1X93.3098Y-233.3931

G1X103.1183Y-234.9659

G1X106.1834Y-235.3693

G1X107.2051Y-235.3895

G1X108.0225Y-235.2965

G1X110.4747Y-234.6975

G1X113.2333Y-234.2154

G1X115.7876Y-233.5679

G1X118.2397Y-233.0759

G1X120.4875Y-232.7368

G1X123.7570Y-232.3749

G1X129.2742Y-231.5431

G1X133.0546Y-231.1853

G1X137.1414Y-230.9457

G1X141.8413Y-230.8011

G1X147.5629Y-230.7418

G1X153.8976Y-230.7812

G1X159.1083Y-230.9201

G1X163.5017Y-231.1625

G1X167.4864Y-231.5313

G1X170.2450Y-231.8942

G1X173.1059Y-232.3750

G1X176.4775Y-232.7521

G1X178.8275Y-233.1190

G1X181.1774Y-233.6103

G1X183.6295Y-234.2563

G1X186.2860Y-234.7632

G1X188.6360Y-235.4406

G1X189.2490Y-235.4962

G1X193.6423Y-234.8135

G1X197.6271Y-233.9186

G1X201.4074Y-232.8460

G1X210.9094Y-229.8641

G1X213.6680Y-229.1189

G1X216.3244Y-228.5130

G1X219.3896Y-227.9666

G1X222.4547Y-227.5825

G1X225.7243Y-227.3302

G1X229.5046Y-227.1918

G1X250.8584Y-227.1677

G1X254.9453Y-227.2749

G1X258.4192Y-227.5140

G1X262.3017Y-228.0245

G1X265.9798Y-228.8035

G1X269.6581Y-229.8812

G1X273.9493Y-231.4340

G1 Z0F20000

(Start Block)


G1X22.9136Y-230.4599
G1Z5F20000
(Plotting speed under)
G1 F4000


G1X26.3514Y-227.1479

G1X27.5624Y-226.1413

G1X28.5807Y-225.4153

G1X29.6496Y-224.7960

G1X30.6932Y-224.3519

G1X31.8025Y-224.0681

G1X32.8242Y-223.9824

G1X33.8459Y-224.0636

G1X34.9625Y-224.3357

G1X36.1010Y-224.7937

G1X37.1699Y-225.3671

G1X38.8524Y-226.4885

G1X45.4105Y-231.3304

G1X48.0614Y-233.0032

G1X49.0987Y-233.4274

G1X50.4999Y-233.8341

G1X51.7260Y-234.0508

G1X52.9520Y-234.1431

G1X55.1998Y-234.0292

G1X57.7541Y-233.5539

G1X60.2062Y-232.8801

G1X67.2561Y-230.7091

G1X69.6060Y-230.1040

G1X71.9559Y-229.6035

G1X74.4081Y-229.1988

G1X76.8602Y-228.9119

G1X79.4145Y-228.7314

G1X81.9688Y-228.6634

G1X84.5231Y-228.7003

G1X87.1795Y-228.8425

G1X92.6968Y-229.4441

G1X97.6010Y-230.2620

G1X109.0442Y-232.5010

G1X115.6854Y-233.4834

G1X116.2984Y-233.4466

G1X119.9766Y-232.8047

G1X123.8591Y-232.3601

G1X127.7417Y-231.7346

G1X132.1351Y-231.2586

G1X139.1849Y-230.8690

G1X148.3803Y-230.7408

G1X157.5758Y-230.8657

G1X164.6256Y-231.2501

G1X169.1211Y-231.7346

G1X173.0037Y-232.3603

G1X176.7840Y-232.7932

G1X180.5644Y-233.4490

G1X181.1774Y-233.4821

G1X186.2860Y-232.7410

G1X191.0881Y-231.7769

G1X195.4814Y-230.6771

G1X205.4943Y-227.9089

G1X210.8072Y-226.7170

G1X213.8723Y-226.2143

G1X216.9375Y-225.8583

G1X220.1048Y-225.6328

G1X223.6808Y-225.5181

G1X237.7805Y-225.5855

G1X250.1433Y-225.5065

G1X253.8214Y-225.6074

G1X256.9887Y-225.8449

G1X260.9734Y-226.4271

G1X264.8559Y-227.3601

G1X268.7312Y-228.6447

G1X273.9493Y-230.7240

G1 Z0F20000

(Start Block)


G1X22.9136Y-226.8889
G1Z5F20000
(Plotting speed under)
G1 F4000


G1X25.3357Y-224.7135

G1X26.4002Y-223.9203

G1X27.3410Y-223.3353

G1X28.3287Y-222.8542

G1X29.2482Y-222.5418

G1X30.1678Y-222.3677

G1X31.0873Y-222.3330

G1X32.1090Y-222.4579

G1X33.0286Y-222.7107

G1X34.1087Y-223.1627

G1X35.2219Y-223.7837

G1X36.6110Y-224.7381

G1X42.7540Y-229.4310

G1X45.4935Y-231.3337

G1X46.3474Y-231.7169

G1X47.5369Y-232.1104

G1X48.5587Y-232.3398

G1X49.6825Y-232.4726

G1X50.9086Y-232.4830

G1X52.0325Y-232.3805

G1X53.3607Y-232.1407

G1X54.6890Y-231.7942

G1X57.0681Y-230.9849

G1X64.7528Y-228.0031

G1X67.4604Y-227.1517

G1X70.1168Y-226.4841

G1X72.9777Y-225.9463

G1X76.0428Y-225.5540

G1X79.2102Y-225.3149

G1X82.6840Y-225.2118

G1X85.9535Y-225.2446

G1X89.2230Y-225.3939

G1X92.4925Y-225.6573

G1X95.8641Y-226.0470

G1X101.6879Y-226.9738

G1X112.7224Y-229.1441

G1X117.5245Y-229.9904

G1X123.0418Y-230.7624

G1X128.8656Y-231.3440

G1X130.6025Y-231.4061

G1X134.6893Y-231.0736

G1X139.5936Y-230.8564

G1X149.0955Y-230.7414

G1X158.8018Y-230.9082

G1X162.4800Y-231.0929

G1X166.6690Y-231.4127

G1X169.4277Y-231.2194

G1X173.3102Y-230.8225

G1X180.3600Y-229.8226

G1X187.0012Y-228.5565

G1X201.4074Y-225.3756

G1X205.6986Y-224.6490

G1X209.6833Y-224.1818

G1X213.1571Y-223.9462

G1X216.8353Y-223.8504

G1X234.1023Y-224.1341

G1X250.4498Y-223.8538

G1X253.5149Y-223.9614

G1X256.2735Y-224.2070

G1X258.9300Y-224.6138

G1X261.4843Y-225.1846

G1X263.8342Y-225.8701

G1X266.3593Y-226.7638

G1X273.9493Y-229.9531

G1 Z0F20000

(Start Block)


G1X22.9136Y-223.4385
G1Z5F20000
(Plotting speed under)
G1 F4000


G1X23.9927Y-222.5843

G1X25.0388Y-221.8813

G1X26.0444Y-221.3429

G1X27.0005Y-220.9706

G1X27.9200Y-220.7520

G1X28.8395Y-220.6753

G1X29.7591Y-220.7400

G1X30.7808Y-220.9753

G1X32.2997Y-221.6158

G1X33.8715Y-222.5900

G1X39.2674Y-226.8086

G1X43.0268Y-229.6064

G1X44.0704Y-230.1189

G1X45.0848Y-230.4726

G1X46.2087Y-230.7230

G1X47.4348Y-230.8374

G1X48.4565Y-230.8120

G1X49.5804Y-230.6675

G1X50.8064Y-230.3876

G1X52.0325Y-230.0014

G1X54.2219Y-229.1203

G1X59.4399Y-226.6642

G1X61.9066Y-225.5995

G1X64.7018Y-224.5907

G1X67.4604Y-223.8257

G1X70.6277Y-223.2096

G1X73.9994Y-222.8008

G1X77.9841Y-222.5445

G1X82.9905Y-222.4283

G1X91.3686Y-222.5326

G1X98.6227Y-222.9577

G1X105.3661Y-223.7101

G1X120.7940Y-226.0669

G1X129.1721Y-227.0985

G1X133.9741Y-227.5273

G1X138.8784Y-227.8365

G1X143.7826Y-228.0175

G1X148.6868Y-228.0731

G1X153.6932Y-228.0017

G1X158.5975Y-227.8049

G1X163.3995Y-227.4876

G1X168.3038Y-227.0349

G1X177.0906Y-225.9194

G1X194.7662Y-223.1641

G1X199.0574Y-222.6586

G1X203.0421Y-222.3465

G1X206.8225Y-222.2074

G1X210.9094Y-222.2169

G1X224.8047Y-222.7986

G1X230.8328Y-222.9007

G1X236.6566Y-222.7703

G1X247.2824Y-222.2365

G1X251.6758Y-222.2241

G1X254.2301Y-222.3852

G1X256.5801Y-222.6831

G1X258.9300Y-223.1472

G1X261.1778Y-223.7559

G1X263.2285Y-224.4477

G1X265.3157Y-225.2689

G1X273.9493Y-229.0844

G1 Z0F20000

(Start Block)


G1X22.9136Y-220.3173
G1Z5F20000
(Plotting speed under)
G1 F4000


G1X24.6213Y-219.4575

G1X26.1831Y-219.0651

G1X26.8983Y-219.0211

G1X27.7156Y-219.0780

G1X28.5330Y-219.2451

G1X29.3504Y-219.5209

G1X30.6932Y-220.1856

G1X32.0452Y-221.0822

G1X36.3619Y-224.5550

G1X39.7655Y-227.1983

G1X41.0661Y-228.1093

G1X41.8883Y-228.5366

G1X42.8370Y-228.8539

G1X43.8588Y-229.0822

G1X44.8805Y-229.1817

G1X45.9022Y-229.1580

G1X47.0261Y-228.9991

G1X48.2448Y-228.6870

G1X49.4782Y-228.2468

G1X51.6603Y-227.2450

G1X56.4040Y-224.7056

G1X58.5861Y-223.6255

G1X60.9579Y-222.6298

G1X63.2714Y-221.8679

G1X65.8256Y-221.2642

G1X68.5843Y-220.8551

G1X71.6494Y-220.6242

G1X75.3276Y-220.5410

G1X85.8513Y-220.5991

G1X98.3162Y-220.5424

G1X104.8552Y-220.6782

G1X112.1094Y-221.1047

G1X126.9243Y-222.3872

G1X133.8720Y-222.8926

G1X141.2283Y-223.2413

G1X148.3803Y-223.3582

G1X155.4302Y-223.2478

G1X162.6843Y-222.9113

G1X169.7342Y-222.4039

G1X185.7751Y-221.0245

G1X194.0511Y-220.5857

G1X198.4444Y-220.5432

G1X202.9400Y-220.6575

G1X219.3896Y-221.7546

G1X223.1700Y-221.9170

G1X226.7460Y-221.9707

G1X230.5263Y-221.9063

G1X234.3067Y-221.7163

G1X247.1803Y-220.6311

G1X249.6324Y-220.5430

G1X251.7780Y-220.5691

G1X254.0258Y-220.7308

G1X256.1714Y-221.0385

G1X258.3170Y-221.5122

G1X260.4626Y-222.1564

G1X263.7977Y-223.4658

G1X270.9133Y-226.8544

G1X273.9493Y-228.0893

G1 Z0F20000

(Start Block)


G1X22.9136Y-217.7027
G1Z5F20000
(Plotting speed under)
G1 F4000


G1X24.2418Y-217.4059

G1X25.4679Y-217.3933

G1X26.7961Y-217.6645

G1X28.0368Y-218.1714

G1X29.1120Y-218.7874

G1X30.3019Y-219.6294

G1X38.7693Y-226.4357

G1X39.5165Y-226.8255

G1X40.5893Y-227.2074

G1X41.6110Y-227.4395

G1X42.5305Y-227.5283

G1X43.5522Y-227.4987

G1X44.6761Y-227.3196

G1X45.7781Y-227.0101

G1X47.0115Y-226.5296

G1X49.2126Y-225.4125

G1X55.3604Y-221.8486

G1X57.3527Y-220.8946

G1X59.1845Y-220.1835

G1X61.1258Y-219.6132

G1X63.1692Y-219.2074

G1X65.3148Y-218.9699

G1X67.6647Y-218.8861

G1X71.2407Y-218.9935

G1X81.3557Y-219.6597

G1X87.1795Y-219.7967

G1X92.5946Y-219.6979

G1X106.0813Y-219.0703

G1X113.3354Y-218.8957

G1X120.5896Y-218.9240

G1X138.7762Y-219.3167

G1X148.2782Y-219.4049

G1X157.8823Y-219.3202

G1X176.7840Y-218.9169

G1X185.1621Y-218.9164

G1X190.5772Y-219.0774

G1X195.8901Y-219.3899

G1X215.2006Y-221.1151

G1X219.1852Y-221.3170

G1X222.9656Y-221.3835

G1X227.1547Y-221.2929

G1X231.2415Y-221.0280

G1X235.8392Y-220.5343

G1X246.1586Y-219.1423

G1X249.1215Y-218.9182

G1X251.7780Y-218.9078

G1X253.8214Y-219.0629

G1X255.7627Y-219.3646

G1X257.7039Y-219.8280

G1X259.6233Y-220.4460

G1X263.1336Y-221.9405

G1X270.5338Y-225.6718

G1X272.3364Y-226.4184

G1X273.9493Y-226.9477

G1 Z0F20000

(Start Block)


G1X22.9136Y-215.7138
G1Z5F20000
(Plotting speed under)
G1 F4000


G1X23.8331Y-215.7841

G1X24.7527Y-215.9940

G1X25.6586Y-216.3326

G1X26.6326Y-216.8343

G1X28.4609Y-218.0954

G1X36.5501Y-224.6692

G1X37.4356Y-225.1879

G1X38.1882Y-225.4919

G1X39.2610Y-225.7631

G1X40.2828Y-225.8754

G1X41.3045Y-225.8403

G1X42.3262Y-225.6673

G1X43.4063Y-225.3486

G1X44.6397Y-224.8367

G1X46.9103Y-223.5906

G1X52.4889Y-220.0842

G1X54.2219Y-219.1724

G1X55.8347Y-218.4746

G1X57.5498Y-217.9076

G1X59.1845Y-217.5355

G1X60.9214Y-217.3083

G1X62.7605Y-217.2320

G1X64.7018Y-217.3003

G1X67.0517Y-217.5310

G1X75.7363Y-218.8496

G1X79.8232Y-219.3505

G1X83.9100Y-219.6651

G1X88.0991Y-219.7879

G1X96.3750Y-219.5355

G1X114.7659Y-218.1198

G1X120.5896Y-217.8031

G1X126.9243Y-217.5739

G1X136.0176Y-217.3994

G1X147.1543Y-217.3343

G1X158.9040Y-217.3789

G1X168.4060Y-217.5335

G1X176.3754Y-217.8077

G1X183.7317Y-218.2300

G1X190.2707Y-218.7678

G1X211.3180Y-220.8183

G1X215.2006Y-221.0192

G1X219.0831Y-221.0872

G1X224.4982Y-220.9372

G1X229.7089Y-220.4877

G1X235.0219Y-219.7106

G1X246.1586Y-217.6238

G1X249.2237Y-217.2902

G1X251.8802Y-217.2491

G1X253.6171Y-217.3835

G1X255.3540Y-217.6636

G1X257.0909Y-218.0970

G1X258.8643Y-218.6968

G1X262.1849Y-220.1939

G1X267.5927Y-223.1487

G1X269.6799Y-224.1984

G1X271.9569Y-225.1167

G1X273.9493Y-225.6482

G1 Z0F20000

(Start Block)


G1X22.9136Y-214.3905
G1Z5F20000
(Plotting speed under)
G1 F4000


G1X24.4189Y-215.0529

G1X25.9851Y-216.0697

G1X34.7847Y-223.2574

G1X35.5318Y-223.6366

G1X36.5024Y-223.9641

G1X37.3198Y-224.1438

G1X38.1372Y-224.2221

G1X39.1589Y-224.1812

G1X40.2755Y-223.9676

G1X41.3191Y-223.6225

G1X42.4576Y-223.1099

G1X44.5195Y-221.9101

G1X49.8324Y-218.3521

G1X51.3757Y-217.4774

G1X52.8937Y-216.7656

G1X54.3824Y-216.2289

G1X55.8128Y-215.8686

G1X57.3454Y-215.6461

G1X58.8780Y-215.5783

G1X61.0236Y-215.7043

G1X63.4757Y-216.0839

G1X72.1603Y-218.1376

G1X75.4298Y-218.8009

G1X80.5384Y-219.4197

G1X85.5448Y-219.7364

G1X89.7338Y-219.7744

G1X96.0685Y-219.5525

G1X113.5398Y-218.2010

G1X123.4505Y-217.6862

G1X130.5003Y-217.4873

G1X142.0457Y-217.3031

G1X152.4672Y-217.2759

G1X169.1211Y-217.5517

G1X180.2579Y-218.0077

G1X189.2490Y-218.6736

G1X211.2159Y-220.8124

G1X215.0984Y-220.8965

G1X218.7766Y-220.8414

G1X222.2504Y-220.6775

G1X225.6221Y-220.3971

G1X228.7894Y-220.0091

G1X231.7524Y-219.5268

G1X234.8175Y-218.9059

G1X243.7064Y-216.6872

G1X246.4651Y-216.0845

G1X249.4281Y-215.6635

G1X252.0845Y-215.5937

G1X253.6171Y-215.7204

G1X255.1496Y-215.9834

G1X256.5801Y-216.3560

G1X258.1053Y-216.8865

G1X259.6233Y-217.5411

G1X261.1982Y-218.3348

G1X266.9539Y-221.6713

G1X269.2055Y-222.8288

G1X270.5338Y-223.3831

G1X271.7015Y-223.7670

G1X272.8254Y-224.0324

G1X273.9493Y-224.1868

G1 Z0F20000

(Start Block)


G1X22.9136Y-213.6852
G1Z5F20000
(Plotting speed under)
G1 F4000


G1X24.5544Y-214.8431

G1X32.4769Y-221.3887

G1X33.3623Y-221.9069

G1X34.1525Y-222.2288

G1X35.1742Y-222.4792

G1X36.0937Y-222.5704

G1X37.1155Y-222.5168

G1X38.1372Y-222.3091

G1X39.2319Y-221.9296

G1X40.3577Y-221.3921

G1X42.3058Y-220.1955

G1X47.4416Y-216.5819

G1X48.8584Y-215.7386

G1X50.1423Y-215.0991

G1X51.4705Y-214.5796

G1X52.7477Y-214.2237

G1X54.0759Y-214.0025

G1X55.5063Y-213.9248

G1X57.6519Y-214.0818

G1X60.1041Y-214.5740

G1X62.4540Y-215.2453

G1X69.2995Y-217.4397

G1X74.4081Y-218.6228

G1X79.5167Y-219.3191

G1X84.8296Y-219.7090

G1X89.4273Y-219.7793

G1X95.9663Y-219.5579

G1X113.5398Y-218.2010

G1X123.4505Y-217.6862

G1X130.3981Y-217.4894

G1X141.6370Y-217.3091

G1X151.2411Y-217.2666

G1X168.2016Y-217.5285

G1X179.1340Y-217.9447

G1X188.8403Y-218.6369

G1X207.3334Y-220.4501

G1X211.0115Y-220.4924

G1X216.2223Y-220.4246

G1X220.8200Y-220.2229

G1X224.9069Y-219.8826

G1X228.5850Y-219.3996

G1X231.9567Y-218.7748

G1X235.2262Y-217.9883

G1X238.1892Y-217.1364

G1X244.2173Y-215.2414

G1X246.8738Y-214.5303

G1X249.7346Y-214.0311

G1X252.2889Y-213.9381

G1X253.8214Y-214.0800

G1X255.3540Y-214.3845

G1X256.8720Y-214.8481

G1X258.3899Y-215.4662

G1X261.1097Y-216.8981

G1X266.9539Y-220.4912

G1X269.4902Y-221.7219

G1X270.6798Y-222.1335

G1X271.8036Y-222.4037

G1X272.8254Y-222.5408

G1X273.9493Y-222.5666

G1 Z0F20000

(Start Block)


G1X22.9136Y-213.4680
G1Z5F20000
(Plotting speed under)
G1 F4000


G1X30.7170Y-219.9216

G1X31.4522Y-220.3162

G1X32.5177Y-220.6837

G1X33.4373Y-220.8694

G1X34.2546Y-220.9186

G1X35.1742Y-220.8471

G1X36.1959Y-220.6145

G1X37.2395Y-220.2246

G1X38.3211Y-219.6810

G1X40.3466Y-218.3750

G1X44.9954Y-214.9535

G1X46.2904Y-214.1349

G1X47.4859Y-213.4938

G1X48.6243Y-213.0021

G1X49.7847Y-212.6293

G1X50.9086Y-212.3951

G1X52.1347Y-212.2789

G1X53.2585Y-212.2928

G1X54.3824Y-212.4105

G1X56.8345Y-212.9636

G1X59.1553Y-213.7476

G1X65.9862Y-216.3898

G1X69.0951Y-217.3784

G1X71.1386Y-217.8990

G1X73.5907Y-218.3946

G1X76.1450Y-218.7707

G1X78.9036Y-219.0492

G1X82.0710Y-219.2478

G1X88.3034Y-219.4167

G1X97.3967Y-219.4447

G1X113.0289Y-218.2362

G1X121.6113Y-217.7586

G1X131.9307Y-217.4597

G1X149.2999Y-217.2588

G1X165.0343Y-217.4616

G1X174.1276Y-217.7133

G1X179.8492Y-217.9843

G1X185.3664Y-218.3497

G1X196.9118Y-219.4493

G1X206.8225Y-219.4930

G1X215.0984Y-219.4487

G1X220.6157Y-219.3035

G1X225.2134Y-219.0004

G1X229.0959Y-218.5188

G1X232.4676Y-217.8682

G1X235.8392Y-216.9688

G1X238.8460Y-215.9699

G1X244.8230Y-213.7524

G1X247.3846Y-212.9455

G1X249.9389Y-212.4127

G1X252.2889Y-212.2756

G1X253.7193Y-212.3933

G1X255.1496Y-212.6762

G1X256.5801Y-213.1256

G1X258.0105Y-213.7334

G1X260.6669Y-215.2136

G1X266.2455Y-218.8544

G1X267.6876Y-219.6436

G1X268.9209Y-220.1932

G1X270.2711Y-220.6310

G1X271.4971Y-220.8599

G1X272.7232Y-220.9163

G1X273.9493Y-220.7960

G1 Z0F20000

(Start Block)


G1X22.9136Y-213.4680
G1Z5F20000
(Plotting speed under)
G1 F4000


G1X27.9140Y-217.6721

G1X28.5807Y-218.1524

G1X29.4662Y-218.6389

G1X30.3137Y-218.9665

G1X31.1895Y-219.1762

G1X32.1090Y-219.2643

G1X33.1307Y-219.1980

G1X34.1525Y-218.9666

G1X35.1523Y-218.5924

G1X36.2844Y-218.0125

G1X38.1052Y-216.8141

G1X42.7540Y-213.2820

G1X44.0767Y-212.4159

G1X45.3164Y-211.7369

G1X46.4422Y-211.2518

G1X47.5369Y-210.9101

G1X48.6608Y-210.6959

G1X49.7847Y-210.6178

G1X50.9086Y-210.6687

G1X51.9303Y-210.8176

G1X54.2219Y-211.4418

G1X56.4040Y-212.3000

G1X62.6656Y-215.0916

G1X64.7528Y-215.8738

G1X66.7452Y-216.4918

G1X68.7886Y-216.9888

G1X70.9342Y-217.3699

G1X73.2842Y-217.6432

G1X75.7363Y-217.8009

G1X80.5384Y-217.8659

G1X97.3967Y-217.6342

G1X120.3853Y-217.7893

G1X131.4199Y-217.4691

G1X148.5847Y-217.2580

G1X165.5451Y-217.4711

G1X176.4775Y-217.7893

G1X202.9400Y-217.5984

G1X222.7613Y-217.8620

G1X225.9286Y-217.7598

G1X228.6872Y-217.5359

G1X231.2415Y-217.1762

G1X233.6936Y-216.6641

G1X235.9414Y-216.0380

G1X238.2768Y-215.2327

G1X245.2974Y-212.2894

G1X247.5890Y-211.4430

G1X250.1433Y-210.7994

G1X251.2671Y-210.6570

G1X252.4932Y-210.6204

G1X253.8214Y-210.7325

G1X255.1496Y-211.0098

G1X256.4925Y-211.4581

G1X257.8207Y-212.0583

G1X260.2242Y-213.4744

G1X265.7142Y-217.2640

G1X267.1310Y-218.0698

G1X268.4466Y-218.6595

G1X269.8624Y-219.0836

G1X271.1906Y-219.2577

G1X272.5189Y-219.2024

G1X273.9493Y-218.8881

G1 Z0F20000

(Start Block)


G1X22.9136Y-213.4680
G1Z5F20000
(Plotting speed under)
G1 F4000


G1X26.2342Y-216.2145

G1X27.3726Y-216.9299

G1X28.4309Y-217.3285

G1X29.4526Y-217.5557

G1X30.3721Y-217.6105

G1X31.3938Y-217.5072

G1X32.2112Y-217.3037

G1X33.0651Y-216.9828

G1X34.8677Y-215.9983

G1X36.4449Y-214.8810

G1X40.5957Y-211.6334

G1X42.8370Y-210.2064

G1X44.0704Y-209.6304

G1X45.1870Y-209.2595

G1X46.3109Y-209.0368

G1X47.5369Y-208.9647

G1X48.5587Y-209.0337

G1X49.5804Y-209.2110

G1X51.7552Y-209.8889

G1X53.7475Y-210.7633

G1X59.5348Y-213.6348

G1X61.2425Y-214.3546

G1X62.9648Y-214.9635

G1X64.7018Y-215.4487

G1X66.4387Y-215.8049

G1X68.2778Y-216.0521

G1X70.2190Y-216.1863

G1X72.3646Y-216.2134

G1X74.7146Y-216.1354

G1X88.5078Y-215.1064

G1X93.1055Y-214.8985

G1X98.0097Y-214.7926

G1X104.9574Y-214.7881

G1X131.7263Y-215.0375

G1X149.5042Y-215.0849

G1X168.9168Y-215.0136

G1X196.7075Y-214.7572

G1X202.5313Y-214.8136

G1X207.7420Y-214.9869

G1X212.9528Y-215.2965

G1X223.0678Y-216.0814

G1X227.9720Y-216.2075

G1X230.1176Y-216.1038

G1X232.1610Y-215.8758

G1X234.1023Y-215.5218

G1X235.9414Y-215.0511

G1X237.8024Y-214.4387

G1X239.6999Y-213.6840

G1X245.8666Y-210.7644

G1X248.0487Y-209.8549

G1X250.4498Y-209.1693

G1X251.5736Y-209.0072

G1X252.5954Y-208.9641

G1X253.8214Y-209.0552

G1X255.0475Y-209.3080

G1X256.3027Y-209.7335

G1X257.5361Y-210.3070

G1X259.8368Y-211.7196

G1X265.2714Y-215.6749

G1X266.7768Y-216.5541

G1X268.0671Y-217.1221

G1X269.5559Y-217.5178

G1X270.9863Y-217.6056

G1X272.4167Y-217.3971

G1X273.9493Y-216.8589

G1 Z0F20000

(Start Block)


G1X22.9136Y-213.4680
G1Z5F20000
(Plotting speed under)
G1 F4000


G1X24.5075Y-214.7742

G1X25.3929Y-215.2405

G1X26.4239Y-215.6487

G1X27.3070Y-215.8663

G1X28.2265Y-215.9569

G1X29.1461Y-215.9046

G1X30.0656Y-215.7142

G1X31.4522Y-215.1812

G1X33.0967Y-214.2228

G1X34.6186Y-213.1098

G1X38.5203Y-209.9914

G1X40.7119Y-208.5567

G1X41.7934Y-208.0270

G1X42.9392Y-207.6198

G1X44.0631Y-207.3838

G1X45.1870Y-207.3107

G1X46.1065Y-207.3667

G1X47.1282Y-207.5428

G1X48.2448Y-207.8586

G1X49.3833Y-208.2926

G1X51.2492Y-209.1806

G1X56.6886Y-212.1130

G1X58.3014Y-212.8513

G1X59.7245Y-213.4000

G1X61.2279Y-213.8631

G1X62.7605Y-214.2094

G1X64.2931Y-214.4330

G1X65.8256Y-214.5444

G1X68.2778Y-214.5257

G1X71.1386Y-214.2775

G1X81.7644Y-212.6846

G1X87.0774Y-212.0508

G1X92.2881Y-211.6431

G1X98.0097Y-211.3985

G1X109.1464Y-211.2723

G1X183.5274Y-211.2700

G1X197.0140Y-211.3539

G1X201.7139Y-211.4982

G1X206.0051Y-211.7341

G1X209.8876Y-212.0561

G1X213.6680Y-212.4799

G1X226.2351Y-214.2959

G1X228.8916Y-214.5198

G1X231.2415Y-214.5534

G1X232.8763Y-214.4544

G1X234.5110Y-214.2365

G1X236.1458Y-213.8872

G1X237.6783Y-213.4352

G1X239.3204Y-212.8203

G1X240.9332Y-212.0986

G1X246.4359Y-209.2088

G1X248.5231Y-208.2437

G1X250.7563Y-207.5354

G1X251.7780Y-207.3660

G1X252.7997Y-207.3104

G1X254.0258Y-207.4067

G1X255.1496Y-207.6570

G1X256.3027Y-208.0729

G1X257.4792Y-208.6530

G1X259.6707Y-210.0801

G1X264.8287Y-214.0395

G1X266.3593Y-214.9676

G1X267.7168Y-215.5622

G1X269.2493Y-215.9174

G1X270.7819Y-215.9032

G1X272.3145Y-215.5160

G1X273.9493Y-214.7268

G1 Z0F20000

(Start Block)


G1X22.9136Y-213.2972
G1Z5F20000
(Plotting speed under)
G1 F4000


G1X24.4461Y-213.9711

G1X25.8766Y-214.2763

G1X27.3070Y-214.2438

G1X28.7958Y-213.8549

G1X30.0860Y-213.2517

G1X31.4641Y-212.3818

G1X36.5279Y-208.3520

G1X38.5867Y-206.9606

G1X39.7062Y-206.3896

G1X40.7936Y-205.9856

G1X41.8153Y-205.7503

G1X42.9392Y-205.6565

G1X43.8588Y-205.7063

G1X44.8805Y-205.8848

G1X45.8730Y-206.1710

G1X47.0115Y-206.6177

G1X48.9469Y-207.5936

G1X54.0321Y-210.5240

G1X55.5501Y-211.2706

G1X56.8783Y-211.8198

G1X58.2650Y-212.2756

G1X59.5932Y-212.5945

G1X60.9214Y-212.7997

G1X62.3518Y-212.9009

G1X64.7018Y-212.8326

G1X67.4604Y-212.4678

G1X77.5754Y-210.2575

G1X82.5818Y-209.3600

G1X87.3839Y-208.7576

G1X92.5946Y-208.3419

G1X99.2358Y-208.0533

G1X108.2269Y-207.8819

G1X128.1503Y-207.7148

G1X148.3803Y-207.6584

G1X168.4060Y-207.7131

G1X187.9207Y-207.8746

G1X196.7075Y-208.0446

G1X203.2465Y-208.3334

G1X208.3551Y-208.7436

G1X213.0549Y-209.3302

G1X218.1635Y-210.2390

G1X228.3807Y-212.4612

G1X231.2415Y-212.8362

G1X233.6936Y-212.8970

G1X235.1240Y-212.7866

G1X236.4523Y-212.5737

G1X237.7805Y-212.2482

G1X239.1306Y-211.8008

G1X240.5537Y-211.2081

G1X242.0717Y-210.4562

G1X247.0304Y-207.6017

G1X248.9026Y-206.6556

G1X249.9462Y-206.2332

G1X251.0628Y-205.8967

G1X252.0845Y-205.7119

G1X253.0041Y-205.6569

G1X254.0258Y-205.7279

G1X255.1496Y-205.9732

G1X256.2079Y-206.3620

G1X257.3906Y-206.9658

G1X259.4950Y-208.4050

G1X264.4856Y-212.4322

G1X265.9798Y-213.3690

G1X267.4102Y-213.9904

G1X268.2276Y-214.2015

G1X269.0450Y-214.2979

G1X269.8624Y-214.2775

G1X270.5776Y-214.1621

G1X271.3877Y-213.9260

G1X272.2415Y-213.5586

G1X273.9493Y-212.5110

G1 Z0F20000

(Start Block)


G1X22.9136Y-212.4258
G1Z5F20000
(Plotting speed under)
G1 F4000


G1X24.1396Y-212.6352

G1X25.2635Y-212.6118

G1X26.3874Y-212.3826

G1X27.5624Y-211.9347

G1X28.6693Y-211.3389

G1X29.8868Y-210.5226

G1X34.5356Y-206.7628

G1X36.5501Y-205.3667

G1X37.6190Y-204.7952

G1X38.7575Y-204.3482

G1X39.8741Y-204.0863

G1X40.8958Y-204.0035

G1X41.8153Y-204.0540

G1X42.8370Y-204.2432

G1X44.8294Y-204.9587

G1X46.9103Y-206.0630

G1X51.6919Y-208.9694

G1X54.3168Y-210.2259

G1X55.6085Y-210.6715

G1X56.8345Y-210.9774

G1X58.0606Y-211.1692

G1X59.2867Y-211.2514

G1X61.6366Y-211.1363

G1X64.2931Y-210.6692

G1X66.7452Y-210.0385

G1X73.5907Y-208.0696

G1X77.9841Y-207.0572

G1X82.1731Y-206.3759

G1X86.7708Y-205.9010

G1X92.6968Y-205.5737

G1X100.6662Y-205.3922

G1X134.9959Y-205.2749

G1X188.9424Y-205.3295

G1X199.0574Y-205.4588

G1X205.9029Y-205.7256

G1X211.3180Y-206.1865

G1X216.1201Y-206.9053

G1X220.9222Y-207.9931

G1X228.1764Y-210.1030

G1X230.5263Y-210.7048

G1X233.0806Y-211.1465

G1X235.4306Y-211.2477

G1X236.6566Y-211.1523

G1X237.8827Y-210.9427

G1X239.1087Y-210.6146

G1X240.2691Y-210.1956

G1X242.7801Y-208.9638

G1X247.3846Y-206.1016

G1X249.3770Y-205.0049

G1X251.3693Y-204.2535

G1X252.2889Y-204.0684

G1X253.2084Y-204.0034

G1X254.2301Y-204.0794

G1X255.2518Y-204.3172

G1X256.3027Y-204.7282

G1X257.3021Y-205.2639

G1X259.4168Y-206.7821

G1X262.9327Y-209.8251

G1X264.3196Y-210.9156

G1X265.8028Y-211.8492

G1X267.1183Y-212.4004

G1X267.9211Y-212.5858

G1X268.7385Y-212.6508

G1X269.5559Y-212.5854

G1X270.3441Y-212.4018

G1X271.1979Y-212.0720

G1X272.0012Y-211.6472

G1X272.9531Y-211.0173

G1X273.9493Y-210.2312

G1 Z0F20000

(Start Block)


G1X22.9136Y-210.9940
G1Z5F20000
(Plotting speed under)
G1 F4000


G1X23.9353Y-210.8767

G1X24.9059Y-210.6130

G1X25.9243Y-210.1865

G1X26.9813Y-209.5967

G1X28.8076Y-208.3010

G1X33.1244Y-204.7765

G1X35.2471Y-203.3914

G1X36.1959Y-202.9383

G1X37.1155Y-202.6179

G1X38.0350Y-202.4210

G1X38.9545Y-202.3494

G1X39.8741Y-202.4032

G1X40.8958Y-202.6008

G1X41.8883Y-202.9193

G1X42.9256Y-203.3691

G1X44.6966Y-204.3450

G1X49.3896Y-207.3223

G1X51.9449Y-208.6081

G1X53.0834Y-209.0223

G1X54.2803Y-209.3383

G1X55.4042Y-209.5221

G1X56.5280Y-209.5991

G1X58.7758Y-209.4614

G1X61.1258Y-208.9823

G1X63.3735Y-208.3132

G1X70.6277Y-205.8655

G1X73.1820Y-205.1703

G1X75.6342Y-204.6408

G1X78.3928Y-204.2035

G1X81.3557Y-203.8962

G1X84.6253Y-203.7088

G1X88.4056Y-203.6271

G1X95.9663Y-203.6768

G1X130.2960Y-204.2609

G1X147.5629Y-204.3821

G1X168.0994Y-204.2407

G1X202.3269Y-203.6371

G1X209.8876Y-203.7075

G1X214.8940Y-204.0885

G1X217.1418Y-204.4081

G1X219.3896Y-204.8427

G1X221.4330Y-205.3447

G1X223.5786Y-205.9780

G1X230.0228Y-208.2499

G1X232.2632Y-208.9526

G1X234.6132Y-209.4575

G1X236.6566Y-209.6016

G1X237.7805Y-209.5339

G1X238.9044Y-209.3506

G1X240.0283Y-209.0482

G1X241.1230Y-208.6404

G1X242.3374Y-208.0649

G1X243.5770Y-207.3617

G1X248.1815Y-204.2945

G1X249.8640Y-203.3240

G1X250.8949Y-202.8636

G1X251.7780Y-202.5764

G1X252.6975Y-202.3959

G1X253.6171Y-202.3518

G1X254.5366Y-202.4510

G1X255.4489Y-202.6922

G1X256.3976Y-203.0930

G1X257.3021Y-203.6049

G1X259.2557Y-205.0713

G1X262.7765Y-208.2555

G1X264.0705Y-209.3100

G1X265.5371Y-210.2565

G1X266.9286Y-210.8191

G1X267.8189Y-210.9784

G1X268.6363Y-210.9800

G1X269.4537Y-210.8386

G1X270.2492Y-210.5708

G1X271.1031Y-210.1437

G1X271.9569Y-209.5901

G1X273.9493Y-207.9063

G1 Z0F20000

(Start Block)


G1X22.9136Y-209.0140
G1Z5F20000
(Plotting speed under)
G1 F4000


G1X24.3304Y-208.4216

G1X25.9021Y-207.4670

G1X27.3671Y-206.3678

G1X31.0490Y-203.3385

G1X33.0967Y-201.9289

G1X34.2036Y-201.3602

G1X35.1742Y-200.9981

G1X36.1959Y-200.7668

G1X37.1155Y-200.6962

G1X38.0350Y-200.7530

G1X38.9472Y-200.9305

G1X39.8960Y-201.2348

G1X40.9396Y-201.6899

G1X42.9256Y-202.8219

G1X47.4416Y-205.7833

G1X49.7628Y-206.9843

G1X50.8064Y-207.3798

G1X51.9303Y-207.6905

G1X52.9520Y-207.8670

G1X54.0759Y-207.9465

G1X56.2215Y-207.7902

G1X58.4693Y-207.2696

G1X60.5784Y-206.5590

G1X66.9349Y-204.1121

G1X68.9930Y-203.4531

G1X70.9342Y-202.9446

G1X72.9777Y-202.5345

G1X75.1233Y-202.2357

G1X77.3711Y-202.0509

G1X79.8232Y-201.9714

G1X85.3404Y-202.0981

G1X103.3226Y-203.1494

G1X121.1005Y-203.9162

G1X136.2219Y-204.3145

G1X148.1760Y-204.3823

G1X160.5387Y-204.3163

G1X175.9667Y-203.9090

G1X192.0076Y-203.2036

G1X209.3768Y-202.0729

G1X212.5441Y-201.9718

G1X215.2006Y-202.0023

G1X217.2440Y-202.1292

G1X219.0831Y-202.3399

G1X220.9222Y-202.6570

G1X222.6591Y-203.0622

G1X226.2278Y-204.2129

G1X231.8253Y-206.5125

G1X233.8177Y-207.2365

G1X235.9414Y-207.7730

G1X237.8827Y-207.9487

G1X239.0066Y-207.8793

G1X240.0283Y-207.6971

G1X241.0281Y-207.4072

G1X242.0717Y-206.9881

G1X244.2854Y-205.7511

G1X248.4638Y-202.7800

G1X250.1359Y-201.7368

G1X251.0847Y-201.2706

G1X251.9823Y-200.9468

G1X252.7997Y-200.7626

G1X253.7193Y-200.6960

G1X254.5366Y-200.7702

G1X255.4489Y-201.0015

G1X256.3027Y-201.3603

G1X257.2135Y-201.8807

G1X259.0262Y-203.2777

G1X262.6202Y-206.6606

G1X263.9045Y-207.7408

G1X265.3600Y-208.6886

G1X266.6950Y-209.2076

G1X267.5124Y-209.3348

G1X268.3298Y-209.3086

G1X269.2055Y-209.1107

G1X270.0531Y-208.7589

G1X270.8501Y-208.2909

G1X271.7616Y-207.6190

G1X273.9493Y-205.5546

G1 Z0F20000

(Start Block)


G1X22.9136Y-206.5644
G1Z5F20000
(Plotting speed under)
G1 F4000


G1X24.8229Y-205.3128

G1X29.2227Y-201.7428

G1X31.1486Y-200.3940

G1X32.2112Y-199.8148

G1X33.2548Y-199.3935

G1X34.2546Y-199.1415

G1X35.2764Y-199.0430

G1X36.2981Y-199.1062

G1X37.2176Y-199.2973

G1X38.1882Y-199.6233

G1X39.2066Y-200.0864

G1X40.9775Y-201.1223

G1X45.4050Y-204.1079

G1X47.7705Y-205.3714

G1X49.7847Y-206.0437

G1X50.8064Y-206.2234

G1X51.8281Y-206.2932

G1X53.8716Y-206.1278

G1X56.1193Y-205.5530

G1X58.1117Y-204.8092

G1X63.8041Y-202.3873

G1X65.5191Y-201.7691

G1X67.2561Y-201.2496

G1X68.9930Y-200.8480

G1X70.7299Y-200.5648

G1X72.4668Y-200.3926

G1X74.3059Y-200.3177

G1X76.6559Y-200.3533

G1X79.3123Y-200.5249

G1X96.5793Y-202.4059

G1X103.3226Y-202.9469

G1X111.2920Y-203.4417

G1X120.1810Y-203.8636

G1X129.2742Y-204.1597

G1X139.0827Y-204.3397

G1X148.2782Y-204.3824

G1X157.7801Y-204.3397

G1X167.6908Y-204.1571

G1X176.8862Y-203.8554

G1X185.8773Y-203.4222

G1X192.4163Y-202.9897

G1X198.2401Y-202.4687

G1X213.9745Y-200.5264

G1X216.7331Y-200.3391

G1X219.1852Y-200.3348

G1X222.2504Y-200.6340

G1X225.2134Y-201.3175

G1X228.2202Y-202.4146

G1X233.4382Y-204.8306

G1X235.2408Y-205.5616

G1X237.2696Y-206.1257

G1X239.1087Y-206.2943

G1X240.0283Y-206.2289

G1X240.9478Y-206.0575

G1X241.8673Y-205.7770

G1X242.8307Y-205.3699

G1X244.9772Y-204.0991

G1X248.9619Y-201.0952

G1X250.6609Y-199.9916

G1X251.5591Y-199.5493

G1X252.4129Y-199.2451

G1X253.2084Y-199.0837

G1X254.0258Y-199.0454

G1X254.7410Y-199.1266

G1X255.5437Y-199.3430

G1X256.3027Y-199.6708

G1X257.0973Y-200.1293

G1X258.7918Y-201.4545

G1X262.5855Y-205.1569

G1X264.0705Y-206.4037

G1X264.8414Y-206.9127

G1X265.6952Y-207.3414

G1X266.4907Y-207.5900

G1X267.3081Y-207.6893

G1X268.0233Y-207.6377

G1X268.7312Y-207.4641

G1X269.4902Y-207.1414

G1X270.2966Y-206.6617

G1X271.8831Y-205.3546

G1X273.9493Y-203.1928

G1 Z0F20000

(Start Block)


G1X22.9136Y-203.7729
G1Z5F20000
(Plotting speed under)
G1 F4000


G1X27.6454Y-199.9876

G1X29.4662Y-198.7260

G1X30.5984Y-198.1183

G1X31.5982Y-197.7248

G1X32.6199Y-197.4753

G1X33.6416Y-197.3883

G1X34.5612Y-197.4510

G1X35.4807Y-197.6409

G1X36.4805Y-197.9813

G1X37.5241Y-198.4693

G1X39.2951Y-199.5305

G1X43.6340Y-202.5187

G1X45.7781Y-203.6940

G1X46.8218Y-204.1121

G1X47.8435Y-204.4064

G1X48.7630Y-204.5702

G1X49.7847Y-204.6407

G1X51.7260Y-204.4663

G1X53.8424Y-203.8913

G1X55.9296Y-203.0497

G1X61.1476Y-200.6511

G1X64.1909Y-199.5581

G1X67.0517Y-198.9210

G1X68.5843Y-198.7412

G1X70.1168Y-198.6649

G1X72.6711Y-198.7332

G1X75.6342Y-199.0411

G1X86.7708Y-200.8897

G1X92.4925Y-201.6791

G1X97.8054Y-202.2219

G1X103.6291Y-202.6496

G1X112.1094Y-203.0628

G1X121.5092Y-203.3217

G1X132.3394Y-203.4467

G1X148.1760Y-203.4823

G1X164.1148Y-203.4491

G1X174.8428Y-203.3310

G1X184.2426Y-203.0810

G1X191.9054Y-202.7019

G1X197.0140Y-202.2957

G1X201.6117Y-201.7715

G1X206.7203Y-200.9736

G1X216.8353Y-199.0568

G1X219.6961Y-198.7247

G1X222.1483Y-198.6728

G1X224.8047Y-198.9551

G1X227.3590Y-199.6166

G1X230.1176Y-200.7453

G1X234.6715Y-203.0852

G1X236.3793Y-203.8568

G1X238.2913Y-204.4529

G1X240.0283Y-204.6406

G1X240.8456Y-204.5886

G1X241.7652Y-204.4142

G1X242.6409Y-204.1335

G1X243.5770Y-203.7145

G1X245.4753Y-202.5296

G1X249.4600Y-199.3701

G1X250.9266Y-198.3708

G1X251.8437Y-197.8947

G1X252.6027Y-197.6073

G1X253.4127Y-197.4302

G1X254.1279Y-197.3898

G1X254.8432Y-197.4658

G1X255.5437Y-197.6516

G1X256.3027Y-197.9791

G1X257.0973Y-198.4482

G1X258.7484Y-199.7867

G1X262.2903Y-203.3867

G1X263.8215Y-204.7365

G1X264.6516Y-205.3045

G1X265.5055Y-205.7301

G1X266.2864Y-205.9620

G1X267.0016Y-206.0358

G1X267.7168Y-205.9712

G1X268.5341Y-205.7304

G1X269.2562Y-205.3756

G1X270.0427Y-204.8515

G1X271.6423Y-203.4140

G1X273.9493Y-200.8360

G1 Z0F20000

(Start Block)


G1X22.9136Y-200.7924
G1Z5F20000
(Plotting speed under)
G1 F4000


G1X26.1512Y-198.1979

G1X28.1380Y-196.8777

G1X29.1752Y-196.3602

G1X30.0656Y-196.0334

G1X30.9852Y-195.8183

G1X31.9047Y-195.7358

G1X32.8242Y-195.7866

G1X33.8459Y-195.9940

G1X34.8677Y-196.3508

G1X35.8164Y-196.8000

G1X37.6902Y-197.9370

G1X41.9516Y-200.9173

G1X44.0704Y-202.0903

G1X45.0191Y-202.4721

G1X46.0044Y-202.7599

G1X46.9239Y-202.9245

G1X47.9456Y-202.9873

G1X48.8652Y-202.9400

G1X49.8869Y-202.7803

G1X51.9449Y-202.1634

G1X53.8424Y-201.3463

G1X58.6809Y-198.9762

G1X61.4323Y-197.9069

G1X63.9866Y-197.2760

G1X66.5408Y-197.0174

G1X68.9930Y-197.0796

G1X71.8538Y-197.4424

G1X82.5818Y-199.7155

G1X88.0991Y-200.6399

G1X93.7185Y-201.2529

G1X100.1553Y-201.6395

G1X106.2856Y-201.8025

G1X113.4376Y-201.8343

G1X138.5719Y-201.4771

G1X150.3216Y-201.4220

G1X185.3664Y-201.8386

G1X190.9859Y-201.7901

G1X195.5836Y-201.6467

G1X199.5683Y-201.4002

G1X203.2465Y-201.0275

G1X206.4138Y-200.5641

G1X209.4789Y-199.9755

G1X217.7548Y-197.9227

G1X220.0026Y-197.4308

G1X222.1483Y-197.1085

G1X224.1917Y-197.0075

G1X225.4177Y-197.0701

G1X226.6438Y-197.2377

G1X228.9791Y-197.8660

G1X231.5344Y-198.9892

G1X235.9049Y-201.4316

G1X237.5178Y-202.2161

G1X239.3131Y-202.8107

G1X240.9478Y-202.9863

G1X241.7652Y-202.9206

G1X242.5826Y-202.7448

G1X243.3999Y-202.4607

G1X244.2538Y-202.0499

G1X246.1345Y-200.8006

G1X249.6504Y-197.8547

G1X251.1203Y-196.7826

G1X252.6975Y-195.9977

G1X253.5149Y-195.7899

G1X254.2301Y-195.7354

G1X254.9453Y-195.8062

G1X255.6386Y-195.9944

G1X256.3976Y-196.3362

G1X257.0973Y-196.7642

G1X258.6746Y-198.0806

G1X261.9952Y-201.5886

G1X263.5724Y-203.0488

G1X264.4026Y-203.6445

G1X265.2209Y-204.0680

G1X265.9798Y-204.3073

G1X266.6950Y-204.3814

G1X267.4030Y-204.3117

G1X268.1619Y-204.0741

G1X268.9684Y-203.6532

G1X269.7985Y-203.0460

G1X271.4920Y-201.3942

G1X273.9493Y-198.4976

G1 Z0F20000

(Start Block)


G1X22.9136Y-197.7784
G1Z5F20000
(Plotting speed under)
G1 F4000


G1X25.2380Y-196.0213

G1X27.0880Y-194.9245

G1X27.9419Y-194.5531

G1X28.8395Y-194.2749

G1X29.6569Y-194.1258

G1X30.4743Y-194.0817

G1X31.3938Y-194.1566

G1X32.3061Y-194.3577

G1X33.2548Y-194.6941

G1X34.2478Y-195.1660

G1X36.1959Y-196.3693

G1X40.1806Y-199.1978

G1X42.3627Y-200.4356

G1X44.1653Y-201.0843

G1X45.9022Y-201.3298

G1X46.9239Y-201.2985

G1X47.8435Y-201.1644

G1X49.8577Y-200.5730

G1X51.7552Y-199.7332

G1X56.6886Y-197.2055

G1X59.2867Y-196.1641

G1X61.7388Y-195.5607

G1X64.1909Y-195.3534

G1X66.4387Y-195.4752

G1X68.9930Y-195.8895

G1X78.2906Y-198.2551

G1X82.7862Y-199.1724

G1X87.4860Y-199.7867

G1X92.5946Y-200.1107

G1X97.3967Y-200.1848

G1X103.0161Y-200.0959

G1X131.9307Y-198.8450

G1X140.4109Y-198.6282

G1X148.6868Y-198.5597

G1X156.2475Y-198.6248

G1X163.9104Y-198.8115

G1X191.0881Y-200.0209

G1X195.7880Y-200.1599

G1X199.5683Y-200.1781

G1X204.8812Y-199.9398

G1X207.2312Y-199.6880

G1X209.4789Y-199.3402

G1X213.7701Y-198.3636

G1X222.1483Y-195.8803

G1X224.3960Y-195.4634

G1X226.3373Y-195.3551

G1X228.4829Y-195.5865

G1X230.4971Y-196.1780

G1X232.8626Y-197.3004

G1X236.6702Y-199.6012

G1X238.4665Y-200.5529

G1X240.2326Y-201.1712

G1X241.7652Y-201.3322

G1X242.4804Y-201.2670

G1X243.2978Y-201.0795

G1X244.8167Y-200.4129

G1X246.5252Y-199.2331

G1X249.8848Y-196.2903

G1X251.3693Y-195.1499

G1X252.1663Y-194.6737

G1X252.9019Y-194.3491

G1X253.7193Y-194.1318

G1X254.4345Y-194.0833

G1X255.0475Y-194.1478

G1X255.7335Y-194.3393

G1X256.4925Y-194.6955

G1X257.1803Y-195.1380

G1X258.6746Y-196.4389

G1X261.8553Y-199.9258

G1X263.3234Y-201.3430

G1X264.1535Y-201.9658

G1X264.9362Y-202.3945

G1X265.6952Y-202.6496

G1X266.3885Y-202.7277

G1X267.1037Y-202.6539

G1X267.8773Y-202.3965

G1X268.6363Y-201.9752

G1X269.4176Y-201.3787

G1X271.0831Y-199.6824

G1X273.9493Y-196.1890

G1 Z0F20000

(Start Block)


G1X22.9136Y-194.8686
G1Z5F20000
(Plotting speed under)
G1 F4000


G1X25.0388Y-193.5080

G1X26.8034Y-192.7508

G1X27.7156Y-192.5286

G1X28.5330Y-192.4358

G1X29.4526Y-192.4549

G1X30.2699Y-192.5815

G1X31.7368Y-193.0513

G1X33.3623Y-193.8853

G1X34.9507Y-194.9267

G1X38.5203Y-197.4908

G1X40.4652Y-198.6398

G1X41.5088Y-199.1039

G1X42.5305Y-199.4310

G1X43.4501Y-199.6104

G1X44.4718Y-199.6803

G1X45.3913Y-199.6276

G1X46.3109Y-199.4720

G1X48.3397Y-198.8172

G1X50.0474Y-198.0171

G1X54.6014Y-195.5787

G1X57.0681Y-194.5292

G1X59.2867Y-193.9330

G1X61.4323Y-193.7050

G1X63.6801Y-193.8089

G1X66.1322Y-194.2398

G1X68.3799Y-194.8279

G1X74.7146Y-196.7226

G1X78.6993Y-197.6558

G1X82.4796Y-198.2181

G1X86.4643Y-198.4927

G1X90.7555Y-198.5099

G1X95.9663Y-198.2863

G1X117.0136Y-196.6779

G1X127.3330Y-196.0665

G1X137.6523Y-195.7131

G1X148.5847Y-195.5953

G1X160.4366Y-195.7421

G1X171.5733Y-196.1672

G1X182.6078Y-196.8810

G1X199.4661Y-198.2944

G1X202.6335Y-198.4741

G1X205.2899Y-198.5312

G1X209.3768Y-198.3501

G1X211.3180Y-198.1104

G1X213.1571Y-197.7754

G1X216.7331Y-196.8192

G1X222.2504Y-194.8666

G1X224.2938Y-194.2295

G1X226.2351Y-193.8216

G1X228.0742Y-193.7015

G1X230.0155Y-193.9305

G1X231.9202Y-194.5422

G1X234.1023Y-195.6667

G1X237.7328Y-198.0126

G1X239.2382Y-198.8612

G1X240.8456Y-199.4801

G1X241.6630Y-199.6407

G1X242.3782Y-199.6789

G1X243.0934Y-199.6184

G1X243.8743Y-199.4337

G1X245.3480Y-198.7580

G1X246.9940Y-197.5649

G1X250.1973Y-194.6419

G1X251.6349Y-193.4917

G1X252.4319Y-192.9969

G1X253.1062Y-192.6933

G1X253.8214Y-192.4893

G1X254.5366Y-192.4292

G1X255.1496Y-192.4908

G1X255.8284Y-192.6865

G1X256.4925Y-193.0034

G1X257.1803Y-193.4524

G1X258.6396Y-194.7577

G1X261.7959Y-198.3340

G1X263.2496Y-199.7675

G1X264.0318Y-200.3567

G1X264.7538Y-200.7570

G1X265.4690Y-200.9981

G1X266.1842Y-201.0746

G1X266.8994Y-200.9800

G1X267.6623Y-200.6979

G1X268.3707Y-200.2702

G1X269.1528Y-199.6403

G1X270.6287Y-198.0758

G1X273.9493Y-193.9199

G1 Z0F20000

(Start Block)


G1X22.9136Y-192.1690
G1Z5F20000
(Plotting speed under)
G1 F4000


G1X24.6213Y-191.3251

G1X26.1831Y-190.8768

G1X27.7156Y-190.7845

G1X29.3504Y-191.0763

G1X30.7881Y-191.6413

G1X32.2112Y-192.4346

G1X37.0260Y-195.8389

G1X38.8524Y-196.9361

G1X39.8960Y-197.4159

G1X40.8958Y-197.7513

G1X41.9175Y-197.9593

G1X42.9392Y-198.0267

G1X43.8588Y-197.9675

G1X44.7783Y-197.8029

G1X46.7269Y-197.1482

G1X48.5042Y-196.2856

G1X52.8937Y-193.8580

G1X55.0757Y-192.8943

G1X57.1411Y-192.2987

G1X59.1845Y-192.0541

G1X61.3301Y-192.1496

G1X63.6801Y-192.5926

G1X65.8256Y-193.2067

G1X71.8538Y-195.2006

G1X75.2254Y-196.0742

G1X78.3928Y-196.6017

G1X81.7644Y-196.8542

G1X85.1361Y-196.8442

G1X89.0186Y-196.6070

G1X107.8182Y-194.5999

G1X113.4376Y-194.1192

G1X119.0571Y-193.7521

G1X125.0852Y-193.4791

G1X131.6242Y-193.2991

G1X148.6868Y-193.1600

G1X166.2603Y-193.3206

G1X173.1059Y-193.5294

G1X179.3383Y-193.8409

G1X184.9578Y-194.2426

G1X190.2707Y-194.7462

G1X205.2899Y-196.6197

G1X207.7420Y-196.8144

G1X209.8876Y-196.8778

G1X213.1571Y-196.6970

G1X216.2223Y-196.1424

G1X219.2071Y-195.2252

G1X224.2355Y-193.2175

G1X225.9286Y-192.6251

G1X227.8698Y-192.1669

G1X229.6068Y-192.0490

G1X231.3437Y-192.2771

G1X233.0587Y-192.8633

G1X234.8992Y-193.8529

G1X238.7068Y-196.4426

G1X240.0793Y-197.2457

G1X241.6630Y-197.8632

G1X242.9912Y-198.0258

G1X243.7064Y-197.9586

G1X244.4216Y-197.7784

G1X245.7907Y-197.1261

G1X247.4584Y-195.8678

G1X250.6661Y-192.8207

G1X251.9504Y-191.7788

G1X252.6975Y-191.3114

G1X253.4565Y-190.9766

G1X254.1279Y-190.8111

G1X254.7410Y-190.7775

G1X255.3540Y-190.8565

G1X255.9232Y-191.0365

G1X256.5874Y-191.3669

G1X257.2633Y-191.8308

G1X258.6396Y-193.1097

G1X261.7295Y-196.7250

G1X263.1020Y-198.1178

G1X263.8547Y-198.7003

G1X264.5631Y-199.1082

G1X265.2646Y-199.3469

G1X265.8777Y-199.4216

G1X266.5929Y-199.3369

G1X267.3911Y-199.0364

G1X268.1382Y-198.5595

G1X268.9159Y-197.8966

G1X270.2808Y-196.3862

G1X273.9493Y-191.6980

G1 Z0F20000

(Start Block)


G1X22.9136Y-189.7470
G1Z5F20000
(Plotting speed under)
G1 F4000


G1X24.3440Y-189.2922

G1X25.6722Y-189.1232

G1X27.0005Y-189.2137

G1X28.4163Y-189.5911

G1X29.6433Y-190.1312

G1X30.9660Y-190.8950

G1X35.5318Y-194.1366

G1X37.3470Y-195.2442

G1X38.3780Y-195.7296

G1X39.3632Y-196.0733

G1X40.2828Y-196.2795

G1X41.2023Y-196.3686

G1X42.1218Y-196.3418

G1X43.0414Y-196.2039

G1X45.0191Y-195.5708

G1X46.9103Y-194.6471

G1X51.2808Y-192.1684

G1X53.4629Y-191.1859

G1X55.4042Y-190.6243

G1X57.3454Y-190.3975

G1X59.3888Y-190.5081

G1X61.6366Y-190.9717

G1X63.7092Y-191.6191

G1X69.2119Y-193.5959

G1X72.2625Y-194.4602

G1X75.1233Y-194.9794

G1X77.9841Y-195.2069

G1X80.6405Y-195.1909

G1X83.6035Y-194.9768

G1X87.2817Y-194.5291

G1X96.9880Y-193.1139

G1X101.5857Y-192.5481

G1X107.7160Y-191.9821

G1X113.9485Y-191.6269

G1X124.2678Y-191.4211

G1X148.4825Y-191.5338

G1X170.8581Y-191.4179

G1X181.6883Y-191.5807

G1X186.2860Y-191.7969

G1X190.4750Y-192.1086

G1X194.0511Y-192.4820

G1X197.5249Y-192.9509

G1X208.9681Y-194.8920

G1X211.3180Y-195.1462

G1X213.3615Y-195.2238

G1X216.1201Y-195.0373

G1X218.6744Y-194.5060

G1X221.2944Y-193.6053

G1X225.7534Y-191.6342

G1X227.2714Y-191.0400

G1X228.9937Y-190.5630

G1X230.6285Y-190.3927

G1X231.4459Y-190.4337

G1X232.3654Y-190.5909

G1X234.1023Y-191.2069

G1X235.8456Y-192.1995

G1X239.1662Y-194.5939

G1X240.5664Y-195.4888

G1X242.0717Y-196.1523

G1X242.7869Y-196.3180

G1X243.5021Y-196.3725

G1X244.2173Y-196.3059

G1X244.8230Y-196.1553

G1X246.2224Y-195.4771

G1X247.7536Y-194.2831

G1X250.9266Y-191.1587

G1X252.1995Y-190.0948

G1X253.5514Y-189.3459

G1X254.2301Y-189.1639

G1X254.8432Y-189.1232

G1X255.4489Y-189.2021

G1X256.0181Y-189.3895

G1X257.2291Y-190.1199

G1X258.6396Y-191.4608

G1X261.6631Y-195.1073

G1X262.9544Y-196.4552

G1X263.6776Y-197.0340

G1X264.3860Y-197.4566

G1X265.0603Y-197.6924

G1X265.6733Y-197.7672

G1X266.3593Y-197.6824

G1X267.1183Y-197.3848

G1X267.8550Y-196.9054

G1X268.7027Y-196.1457

G1X270.0249Y-194.6113

G1X272.5003Y-191.2701

G1X273.9493Y-189.5296

G1 Z0F20000

(Start Block)


G1X22.9136Y-187.6307
G1Z5F20000
(Plotting speed under)
G1 F4000


G1X24.0375Y-187.4778

G1X25.1614Y-187.5043

G1X26.2853Y-187.7106

G1X27.4675Y-188.1126

G1X28.5807Y-188.6463

G1X29.8038Y-189.3757

G1X34.1205Y-192.4434

G1X35.9303Y-193.5577

G1X36.9549Y-194.0486

G1X37.9328Y-194.3999

G1X38.8524Y-194.6156

G1X39.8741Y-194.7163

G1X40.7936Y-194.6828

G1X41.7132Y-194.5364

G1X42.7349Y-194.2493

G1X43.6909Y-193.8786

G1X45.5820Y-192.9267

G1X49.7628Y-190.5022

G1X51.9449Y-189.4998

G1X53.7694Y-188.9643

G1X55.6085Y-188.7441

G1X57.6519Y-188.8660

G1X59.7975Y-189.3437

G1X61.8118Y-190.0151

G1X66.9349Y-191.9827

G1X69.8104Y-192.8535

G1X72.3646Y-193.3464

G1X74.9190Y-193.5581

G1X77.6776Y-193.5060

G1X80.7427Y-193.1890

G1X91.7773Y-191.2833

G1X96.8858Y-190.5626

G1X101.5857Y-190.1120

G1X106.3878Y-189.8533

G1X110.7812Y-189.7672

G1X115.6854Y-189.7993

G1X137.1414Y-190.4423

G1X148.8912Y-190.5796

G1X159.2105Y-190.4541

G1X177.9079Y-189.8721

G1X184.9578Y-189.7643

G1X191.8033Y-189.9220

G1X194.7662Y-190.1226

G1X197.6271Y-190.4181

G1X202.7356Y-191.2283

G1X211.9311Y-193.1813

G1X214.0767Y-193.4743

G1X216.0179Y-193.5702

G1X218.3679Y-193.3992

G1X220.7178Y-192.8623

G1X223.0021Y-192.0024

G1X227.0817Y-190.0403

G1X228.5996Y-189.3935

G1X230.2198Y-188.9101

G1X231.7524Y-188.7392

G1X232.5697Y-188.7854

G1X233.3871Y-188.9369

G1X234.9562Y-189.5180

G1X236.7588Y-190.5992

G1X240.0793Y-193.1080

G1X241.2748Y-193.8847

G1X242.6847Y-194.5157

G1X243.2978Y-194.6634

G1X244.0130Y-194.7176

G1X244.6260Y-194.6640

G1X245.2974Y-194.4905

G1X246.5545Y-193.8626

G1X247.9749Y-192.7364

G1X251.0742Y-189.5855

G1X252.3069Y-188.5026

G1X253.6463Y-187.7124

G1X254.3323Y-187.5153

G1X254.9453Y-187.4691

G1X255.5437Y-187.5499

G1X256.1130Y-187.7460

G1X257.3073Y-188.5005

G1X258.6082Y-189.7762

G1X261.6631Y-193.5613

G1X262.8806Y-194.8499

G1X263.5005Y-195.3592

G1X264.2089Y-195.7967

G1X264.8559Y-196.0350

G1X265.4690Y-196.1123

G1X266.1696Y-196.0211

G1X266.8337Y-195.7521

G1X267.5295Y-195.3025

G1X268.3411Y-194.5632

G1X269.7116Y-192.9361

G1X272.5606Y-189.0125

G1X273.9493Y-187.4191

G1 Z0F20000

(Start Block)


G1X22.9136Y-185.8137
G1Z5F20000
(Plotting speed under)
G1 F4000


G1X23.8331Y-185.8572

G1X24.6505Y-185.9930

G1X25.5701Y-186.2530

G1X26.5188Y-186.6336

G1X28.5807Y-187.7846

G1X32.8753Y-190.8192

G1X34.6906Y-191.9274

G1X35.8164Y-192.4550

G1X36.8089Y-192.7922

G1X37.7285Y-192.9877

G1X38.7502Y-193.0656

G1X40.4871Y-192.8656

G1X41.5088Y-192.5669

G1X42.4576Y-192.1866

G1X44.2538Y-191.2649

G1X48.3397Y-188.8536

G1X50.5218Y-187.8309

G1X52.4412Y-187.2732

G1X54.3824Y-187.0851

G1X56.2215Y-187.2453

G1X58.2650Y-187.7469

G1X60.1989Y-188.4373

G1X65.0375Y-190.3976

G1X67.6647Y-191.2329

G1X70.3212Y-191.7506

G1X72.9777Y-191.9166

G1X75.2254Y-191.8130

G1X77.8819Y-191.4699

G1X87.6904Y-189.4899

G1X92.4925Y-188.7304

G1X97.6010Y-188.2608

G1X103.0161Y-188.1106

G1X110.5768Y-188.3211

G1X125.8004Y-189.2370

G1X133.1568Y-189.5918

G1X140.7175Y-189.8153

G1X148.2782Y-189.8910

G1X155.4302Y-189.8287

G1X162.5822Y-189.6344

G1X170.4494Y-189.2711

G1X187.6142Y-188.2562

G1X192.2120Y-188.1181

G1X195.9923Y-188.1510

G1X199.6705Y-188.3799

G1X203.1443Y-188.8302

G1X206.7203Y-189.5523

G1X214.5875Y-191.5249

G1X216.7331Y-191.8454

G1X218.6744Y-191.9083

G1X220.6157Y-191.6959

G1X222.4329Y-191.2215

G1X224.6150Y-190.3264

G1X228.4099Y-188.3595

G1X229.8330Y-187.7173

G1X231.4459Y-187.2246

G1X232.9784Y-187.0889

G1X234.3869Y-187.3079

G1X235.7847Y-187.8628

G1X237.3399Y-188.8281

G1X240.4944Y-191.3169

G1X241.8060Y-192.2219

G1X243.2102Y-192.8732

G1X243.9108Y-193.0286

G1X244.5238Y-193.0643

G1X245.1369Y-192.9934

G1X245.7499Y-192.8186

G1X246.9419Y-192.1876

G1X248.4003Y-190.9708

G1X251.1596Y-188.0612

G1X252.4631Y-186.8635

G1X253.2288Y-186.3394

G1X253.8487Y-186.0313

G1X254.4345Y-185.8648

G1X255.0475Y-185.8151

G1X255.5437Y-185.8774

G1X256.1130Y-186.0640

G1X256.7604Y-186.4113

G1X257.3073Y-186.8206

G1X258.6082Y-188.1274

G1X261.5524Y-191.8778

G1X262.7331Y-193.1675

G1X263.3234Y-193.6768

G1X264.0318Y-194.1298

G1X264.6516Y-194.3745

G1X265.2646Y-194.4578

G1X265.9798Y-194.3627

G1X266.5997Y-194.1045

G1X267.3819Y-193.5711

G1X268.0460Y-192.9430

G1X269.3004Y-191.4338

G1X272.3795Y-187.0972

G1X273.2502Y-186.0618

G1X273.9493Y-185.3696

G1 Z0F20000

(Start Block)


G1X22.9136Y-184.2632
G1Z5F20000
(Plotting speed under)
G1 F4000


G1X24.6213Y-184.7324

G1X26.3670Y-185.5643

G1X28.2265Y-186.7406

G1X31.8792Y-189.3189

G1X33.7292Y-190.4032

G1X35.5829Y-191.1342

G1X36.4002Y-191.3153

G1X37.3198Y-191.4075

G1X38.9545Y-191.2787

G1X40.5601Y-190.8136

G1X42.4576Y-189.9198

G1X46.6446Y-187.4228

G1X48.5295Y-186.4536

G1X50.6021Y-185.7234

G1X51.6238Y-185.5242

G1X52.6455Y-185.4361

G1X54.5868Y-185.5659

G1X56.6302Y-186.0633

G1X58.5861Y-186.7849

G1X63.2349Y-188.7540

G1X65.7235Y-189.5877

G1X67.9713Y-190.0667

G1X70.1168Y-190.2554

G1X72.4668Y-190.1828

G1X75.0211Y-189.8386

G1X77.4732Y-189.3361

G1X83.9100Y-187.8235

G1X87.7926Y-187.1040

G1X91.1642Y-186.6956

G1X94.7402Y-186.4853

G1X98.5206Y-186.4777

G1X102.8118Y-186.6681

G1X119.4657Y-188.0610

G1X128.3547Y-188.6101

G1X137.7545Y-188.9212

G1X148.5847Y-189.0257

G1X159.9257Y-188.9035

G1X169.7342Y-188.5499

G1X178.4188Y-187.9824

G1X193.3358Y-186.6906

G1X196.4010Y-186.5144

G1X199.0574Y-186.4570

G1X202.7356Y-186.6009

G1X206.2095Y-187.0542

G1X209.4789Y-187.7906

G1X216.5288Y-189.8155

G1X218.3679Y-190.1507

G1X220.1048Y-190.2627

G1X221.9439Y-190.1020

G1X223.8560Y-189.5972

G1X225.8483Y-188.7324

G1X229.4978Y-186.7205

G1X230.8766Y-186.0603

G1X232.3654Y-185.5767

G1X233.6936Y-185.4314

G1X235.1240Y-185.6356

G1X236.5690Y-186.2342

G1X238.1651Y-187.2876

G1X241.0755Y-189.6843

G1X242.2488Y-190.5285

G1X243.6043Y-191.1982

G1X244.2173Y-191.3574

G1X244.8303Y-191.4115

G1X245.4433Y-191.3540

G1X246.0564Y-191.1877

G1X247.2961Y-190.5148

G1X248.7828Y-189.2188

G1X251.2994Y-186.4698

G1X252.6237Y-185.2105

G1X253.3174Y-184.7158

G1X253.9372Y-184.3913

G1X254.5366Y-184.2121

G1X255.1496Y-184.1615

G1X255.8284Y-184.2810

G1X256.4925Y-184.5693

G1X257.0729Y-184.9521

G1X257.7761Y-185.5744

G1X258.9402Y-186.8900

G1X261.7422Y-190.5565

G1X263.0282Y-191.8871

G1X264.1772Y-192.6121

G1X264.6516Y-192.7590

G1X265.1625Y-192.8039

G1X265.7755Y-192.7109

G1X266.4226Y-192.4349

G1X267.1310Y-191.9327

G1X267.7974Y-191.2967

G1X268.9986Y-189.8191

G1X272.2588Y-185.1367

G1X273.1376Y-184.1207

G1X273.9493Y-183.3828

G1 Z0F20000

(Start Block)


G1X22.9136Y-182.9293
G1Z5F20000
(Plotting speed under)
G1 F4000


G1X24.3304Y-183.4987

G1X25.7471Y-184.2683

G1X30.5509Y-187.5566

G1X32.4009Y-188.6578

G1X33.3497Y-189.1020

G1X34.3568Y-189.4559

G1X35.2764Y-189.6633

G1X36.1959Y-189.7544

G1X37.8306Y-189.6233

G1X39.5165Y-189.1232

G1X41.5088Y-188.1588

G1X45.4050Y-185.8032

G1X47.3910Y-184.7692

G1X48.4565Y-184.3436

G1X49.4782Y-184.0411

G1X50.4999Y-183.8520

G1X51.4195Y-183.7810

G1X53.2585Y-183.9117

G1X55.2655Y-184.4142

G1X57.1630Y-185.1377

G1X61.6220Y-187.0993

G1X63.9866Y-187.9304

G1X66.1322Y-188.4127

G1X68.1756Y-188.6025

G1X70.4234Y-188.5225

G1X72.8755Y-188.1564

G1X75.1233Y-187.6491

G1X81.0492Y-186.1146

G1X84.4209Y-185.4234

G1X87.4860Y-185.0144

G1X90.5512Y-184.8238

G1X93.8207Y-184.8329

G1X97.4989Y-185.0438

G1X113.1311Y-186.6927

G1X117.6267Y-187.0608

G1X122.1222Y-187.3283

G1X132.5437Y-187.6331

G1X149.2999Y-187.7022

G1X165.3408Y-187.6178

G1X175.8645Y-187.2709

G1X180.3600Y-186.9805

G1X184.8556Y-186.5889

G1X198.5466Y-185.0384

G1X200.9987Y-184.8613

G1X203.1443Y-184.8033

G1X206.2095Y-184.9441

G1X209.1724Y-185.3925

G1X212.0332Y-186.1267

G1X218.1635Y-188.1014

G1X220.0026Y-188.4861

G1X221.6374Y-188.6094

G1X223.3743Y-188.4504

G1X225.1842Y-187.9378

G1X226.9868Y-187.1057

G1X230.2947Y-185.1750

G1X231.6356Y-184.4788

G1X233.0806Y-183.9565

G1X234.4088Y-183.7787

G1X235.7152Y-183.9452

G1X237.1130Y-184.5132

G1X238.5851Y-185.4937

G1X241.6811Y-188.1270

G1X242.7801Y-188.9273

G1X244.0640Y-189.5626

G1X244.6333Y-189.7100

G1X245.2390Y-189.7558

G1X246.3410Y-189.5508

G1X247.5409Y-188.8992

G1X248.9226Y-187.6809

G1X251.3029Y-185.0103

G1X252.6975Y-183.6183

G1X253.4059Y-183.0855

G1X254.0258Y-182.7479

G1X254.6388Y-182.5571

G1X255.2518Y-182.5086

G1X255.9232Y-182.6388

G1X256.5874Y-182.9439

G1X257.1510Y-183.3371

G1X257.8542Y-183.9867

G1X258.9592Y-185.2812

G1X261.6157Y-188.8494

G1X262.8806Y-190.2029

G1X263.4183Y-190.6191

G1X263.9875Y-190.9359

G1X264.4619Y-191.0975

G1X264.9581Y-191.1516

G1X265.5712Y-191.0628

G1X266.2289Y-190.7820

G1X266.8100Y-190.3694

G1X267.5073Y-189.7127

G1X268.8096Y-188.0698

G1X271.0618Y-184.6810

G1X272.1150Y-183.2358

G1X273.0898Y-182.1511

G1X273.9493Y-181.4593

G1 Z0F20000

(Start Block)


G1X22.9136Y-181.7543
G1Z5F20000
(Plotting speed under)
G1 F4000


G1X25.0388Y-182.9054

G1X29.3887Y-185.8656

G1X31.2625Y-186.9764

G1X32.2112Y-187.4221

G1X33.2548Y-187.7930

G1X34.2546Y-188.0164

G1X35.1742Y-188.1017

G1X36.8089Y-187.9630

G1X38.4729Y-187.4655

G1X40.4462Y-186.5097

G1X44.4309Y-184.0899

G1X46.2525Y-183.1333

G1X48.2521Y-182.4128

G1X49.2739Y-182.2098

G1X50.1934Y-182.1296

G1X52.0325Y-182.2520

G1X54.0321Y-182.7610

G1X55.9296Y-183.5052

G1X60.2938Y-185.4839

G1X62.5562Y-186.3004

G1X64.5996Y-186.7701

G1X66.5408Y-186.9504

G1X68.6865Y-186.8609

G1X71.0364Y-186.4774

G1X73.1820Y-185.9499

G1X78.5971Y-184.4309

G1X81.6623Y-183.7473

G1X84.4209Y-183.3470

G1X87.1795Y-183.1651

G1X89.8360Y-183.1775

G1X92.9011Y-183.3742

G1X108.4312Y-185.2935

G1X113.1311Y-185.6909

G1X117.9332Y-185.9326

G1X126.5156Y-186.0523

G1X150.1172Y-185.8786

G1X171.0624Y-186.0530

G1X179.0318Y-185.9303

G1X185.7751Y-185.5441

G1X191.7011Y-184.9133

G1X202.0204Y-183.4323

G1X204.3704Y-183.2160

G1X206.3116Y-183.1498

G1X208.9681Y-183.2871

G1X211.5224Y-183.7177

G1X214.1788Y-184.4736

G1X219.7983Y-186.4531

G1X221.5352Y-186.8411

G1X222.9656Y-186.9556

G1X224.6004Y-186.8027

G1X226.3227Y-186.2891

G1X227.9925Y-185.4784

G1X231.1802Y-183.5178

G1X232.4895Y-182.8077

G1X233.9126Y-182.2818

G1X235.1240Y-182.1238

G1X236.4523Y-182.3159

G1X237.8024Y-182.9129

G1X239.3322Y-184.0042

G1X241.9154Y-186.2974

G1X243.1509Y-187.2521

G1X244.4435Y-187.9155

G1X245.5455Y-188.1030

G1X246.0564Y-188.0587

G1X246.6256Y-187.9015

G1X247.7753Y-187.2690

G1X249.0624Y-186.1210

G1X251.8587Y-182.9299

G1X252.8636Y-181.9388

G1X254.0258Y-181.1401

G1X254.6388Y-180.9222

G1X255.2518Y-180.8523

G1X255.8284Y-180.9399

G1X256.4925Y-181.2145

G1X257.0729Y-181.6006

G1X257.7761Y-182.2448

G1X258.8959Y-183.5680

G1X261.6157Y-187.2947

G1X262.8069Y-188.5780

G1X263.3234Y-188.9843

G1X263.8926Y-189.2978

G1X264.3670Y-189.4537

G1X264.8559Y-189.4980

G1X265.4690Y-189.3882

G1X266.0580Y-189.1213

G1X266.6049Y-188.7248

G1X267.3081Y-188.0419

G1X268.6916Y-186.2330

G1X270.9607Y-182.7396

G1X271.9253Y-181.4206

G1X272.9531Y-180.3029

G1X273.9493Y-179.5986

G1 Z0F20000

(Start Block)


G1X22.9136Y-180.6803
G1Z5F20000
(Plotting speed under)
G1 F4000


G1X24.6846Y-181.7403

G1X28.6693Y-184.4198

G1X30.3137Y-185.3609

G1X31.4522Y-185.8685

G1X32.4156Y-186.1833

G1X33.4373Y-186.3882

G1X34.3568Y-186.4506

G1X35.9916Y-186.2766

G1X37.6190Y-185.7663

G1X39.3836Y-184.9074

G1X43.5454Y-182.3791

G1X45.3038Y-181.4579

G1X47.3326Y-180.7356

G1X49.1717Y-180.4753

G1X51.0108Y-180.6051

G1X52.9520Y-181.1152

G1X54.8860Y-181.8939

G1X59.1553Y-183.8793

G1X61.3374Y-184.6794

G1X63.2714Y-185.1282

G1X65.1104Y-185.2979

G1X67.1539Y-185.2029

G1X69.4016Y-184.8110

G1X71.3429Y-184.3056

G1X76.6559Y-182.7178

G1X79.4145Y-182.0649

G1X81.8666Y-181.6852

G1X84.4209Y-181.5078

G1X86.8730Y-181.5315

G1X89.5295Y-181.7313

G1X92.3903Y-182.0875

G1X99.7466Y-183.2212

G1X103.5270Y-183.7216

G1X107.8182Y-184.1249

G1X112.1094Y-184.3412

G1X119.5679Y-184.3675

G1X138.1632Y-183.8226

G1X148.7890Y-183.7024

G1X158.1888Y-183.8112

G1X174.7406Y-184.3106

G1X180.7687Y-184.3993

G1X186.4903Y-184.2804

G1X191.5989Y-183.9076

G1X196.1966Y-183.3061

G1X204.7791Y-181.8282

G1X207.0268Y-181.5742

G1X208.8659Y-181.4962

G1X211.2159Y-181.6280

G1X213.4636Y-182.0388

G1X215.7917Y-182.7484

G1X221.2287Y-184.8105

G1X222.7613Y-185.1777

G1X224.1917Y-185.3018

G1X225.7243Y-185.1451

G1X227.2714Y-184.6623

G1X228.9665Y-183.8019

G1X232.1542Y-181.7522

G1X233.3433Y-181.0994

G1X234.6132Y-180.6255

G1X235.8392Y-180.4723

G1X237.0434Y-180.6634

G1X238.3361Y-181.2533

G1X239.7278Y-182.2691

G1X242.0717Y-184.4164

G1X243.3999Y-185.5109

G1X244.6396Y-186.2106

G1X245.2390Y-186.3867

G1X245.8521Y-186.4511

G1X246.9103Y-186.2430

G1X248.0487Y-185.5896

G1X249.2721Y-184.4652

G1X252.0684Y-181.1974

G1X253.0296Y-180.2443

G1X253.6937Y-179.7275

G1X254.2301Y-179.4363

G1X254.8432Y-179.2400

G1X255.3540Y-179.2000

G1X255.8284Y-179.2733

G1X256.3976Y-179.4921

G1X257.3854Y-180.2004

G1X258.5164Y-181.4384

G1X261.2994Y-185.3245

G1X262.2903Y-186.5125

G1X262.9544Y-187.1405

G1X263.5131Y-187.5182

G1X264.0824Y-187.7602

G1X264.6516Y-187.8462

G1X265.2209Y-187.7620

G1X265.7901Y-187.5200

G1X266.3488Y-187.1347

G1X267.0129Y-186.4891

G1X268.1533Y-185.0274

G1X270.7947Y-180.9185

G1X271.7577Y-179.6008

G1X272.8867Y-178.4232

G1X273.4180Y-178.0470

G1X273.9493Y-177.7990

G1 Z0F20000

(Start Block)


G1X22.9136Y-179.6546
G1Z5F20000
(Plotting speed under)
G1 F4000


G1X27.6067Y-182.7188

G1X29.4662Y-183.7621

G1X30.5984Y-184.2491

G1X31.5982Y-184.5590

G1X32.6199Y-184.7467

G1X33.5394Y-184.7972

G1X35.0720Y-184.6280

G1X36.7651Y-184.0973

G1X38.6753Y-183.1537

G1X42.5714Y-180.7747

G1X44.3550Y-179.8298

G1X46.3109Y-179.1103

G1X47.3326Y-178.9025

G1X48.2521Y-178.8210

G1X49.7847Y-178.9076

G1X51.4195Y-179.2792

G1X53.4629Y-180.0550

G1X57.4476Y-181.9565

G1X59.5348Y-182.8136

G1X61.6366Y-183.3991

G1X63.7822Y-183.6431

G1X65.7235Y-183.5572

G1X67.9713Y-183.1508

G1X69.9125Y-182.6168

G1X74.8168Y-181.0646

G1X77.4732Y-180.3959

G1X79.8232Y-180.0142

G1X82.1731Y-179.8506

G1X84.3187Y-179.8797

G1X86.7708Y-180.0860

G1X89.4273Y-180.4573

G1X96.0685Y-181.6084

G1X99.5423Y-182.1228

G1X103.3226Y-182.5134

G1X107.1030Y-182.7110

G1X110.6790Y-182.7407

G1X114.6637Y-182.6409

G1X129.2742Y-181.8854

G1X136.2219Y-181.6095

G1X148.5847Y-181.4220

G1X155.2258Y-181.4795

G1X161.8670Y-181.6495

G1X181.0752Y-182.5897

G1X187.4099Y-182.7457

G1X191.8033Y-182.6322

G1X195.8901Y-182.2743

G1X199.7726Y-181.6758

G1X207.3334Y-180.1763

G1X209.3768Y-179.9186

G1X211.1137Y-179.8424

G1X213.2593Y-179.9901

G1X215.3027Y-180.4117

G1X217.3097Y-181.0769

G1X222.3526Y-183.1274

G1X223.8852Y-183.5226

G1X225.2134Y-183.6475

G1X226.6438Y-183.5034

G1X228.1253Y-183.0300

G1X229.6749Y-182.2191

G1X232.6081Y-180.2553

G1X233.9252Y-179.4796

G1X235.2408Y-178.9642

G1X236.4523Y-178.8181

G1X237.5761Y-179.0130

G1X238.7954Y-179.5863

G1X240.0403Y-180.5063

G1X242.9311Y-183.2046

G1X243.9312Y-183.9911

G1X245.0347Y-184.5872

G1X245.6477Y-184.7578

G1X246.1586Y-184.7963

G1X246.6694Y-184.7360

G1X247.2824Y-184.5398

G1X248.2978Y-183.9111

G1X249.4818Y-182.7866

G1X252.1663Y-179.5730

G1X253.0882Y-178.6319

G1X253.7132Y-178.1211

G1X254.2301Y-177.8199

G1X254.8432Y-177.5998

G1X255.3540Y-177.5448

G1X255.8284Y-177.6091

G1X256.3976Y-177.8226

G1X257.3854Y-178.5373

G1X258.5164Y-179.8014

G1X261.2103Y-183.6428

G1X262.1514Y-184.8071

G1X262.7765Y-185.4218

G1X263.3234Y-185.8238

G1X263.9364Y-186.0994

G1X264.5495Y-186.1921

G1X265.0311Y-186.1211

G1X265.6003Y-185.8808

G1X266.1196Y-185.5292

G1X266.6789Y-184.9985

G1X267.8278Y-183.5499

G1X270.5998Y-179.1647

G1X271.5724Y-177.8234

G1X272.2016Y-177.1112

G1X272.7981Y-176.5947

G1X273.4180Y-176.2266

G1X273.9493Y-176.0581

G1 Z0F20000

(Start Block)


G1X22.9136Y-178.6336
G1Z5F20000
(Plotting speed under)
G1 F4000


G1X26.6326Y-181.0376

G1X28.7009Y-182.1679

G1X30.6786Y-182.8913

G1X31.5982Y-183.0712

G1X32.5177Y-183.1425

G1X34.1525Y-182.9934

G1X35.8164Y-182.4981

G1X37.7898Y-181.5493

G1X41.8630Y-179.0721

G1X43.6909Y-178.1133

G1X45.6979Y-177.4075

G1X46.7196Y-177.2219

G1X47.6391Y-177.1636

G1X49.3760Y-177.3263

G1X51.2808Y-177.8668

G1X52.8937Y-178.5433

G1X57.0681Y-180.5641

G1X59.0823Y-181.3458

G1X60.9214Y-181.8093

G1X62.6583Y-181.9892

G1X64.5996Y-181.8975

G1X66.7452Y-181.4906

G1X68.5843Y-180.9624

G1X73.2842Y-179.4025

G1X75.8385Y-178.7269

G1X78.0863Y-178.3475

G1X80.2319Y-178.1953

G1X82.6840Y-178.2585

G1X85.2383Y-178.5414

G1X93.7185Y-180.1029

G1X97.0902Y-180.6173

G1X100.0531Y-180.9185

G1X103.0161Y-181.0689

G1X106.1834Y-181.0793

G1X109.7594Y-180.9475

G1X123.7570Y-179.9575

G1X131.3177Y-179.5630

G1X139.3892Y-179.3349

G1X148.5847Y-179.2582

G1X157.9845Y-179.3443

G1X166.2603Y-179.5923

G1X173.4124Y-179.9754

G1X186.5925Y-180.9049

G1X192.2120Y-181.0920

G1X195.8901Y-180.9790

G1X199.2618Y-180.6349

G1X202.5313Y-180.0627

G1X209.3768Y-178.5382

G1X211.2159Y-178.2746

G1X212.8506Y-178.1888

G1X214.7919Y-178.3220

G1X216.7331Y-178.7413

G1X218.6379Y-179.4115

G1X223.3816Y-181.4608

G1X224.8047Y-181.8555

G1X226.2351Y-181.9942

G1X227.5633Y-181.8391

G1X228.9791Y-181.3564

G1X230.4718Y-180.5349

G1X233.4825Y-178.4441

G1X234.5767Y-177.7983

G1X235.8392Y-177.3006

G1X236.9631Y-177.1655

G1X238.1819Y-177.4023

G1X239.3204Y-177.9870

G1X240.7435Y-179.1194

G1X243.1048Y-181.4132

G1X244.1470Y-182.2791

G1X245.2974Y-182.9294

G1X245.8666Y-183.0985

G1X246.3629Y-183.1413

G1X246.8738Y-183.0886

G1X247.4732Y-182.9006

G1X248.5357Y-182.2255

G1X249.6916Y-181.0870

G1X252.2991Y-177.8937

G1X253.2445Y-176.9195

G1X253.8695Y-176.4144

G1X254.4053Y-176.1175

G1X254.9745Y-175.9295

G1X255.4489Y-175.8931

G1X256.0181Y-175.9999

G1X256.6822Y-176.3148

G1X257.1988Y-176.7060

G1X257.8629Y-177.3721

G1X258.7953Y-178.5520

G1X261.3914Y-182.3305

G1X262.4640Y-183.5666

G1X263.4256Y-184.2873

G1X263.9364Y-184.4787

G1X264.4473Y-184.5368

G1X265.0058Y-184.4324

G1X265.6256Y-184.1170

G1X266.2455Y-183.6180

G1X266.8432Y-182.9558

G1X267.8615Y-181.5533

G1X270.6575Y-177.0497

G1X271.8093Y-175.5794

G1X272.3996Y-175.0184

G1X272.9056Y-174.6782

G1X273.4749Y-174.4425

G1X273.9493Y-174.3729

G1 Z0F20000

(Start Block)


G1X22.9136Y-177.5840
G1Z5F20000
(Plotting speed under)
G1 F4000


G1X26.1013Y-179.5826

G1X28.0368Y-180.5889

G1X29.9634Y-181.2558

G1X30.8830Y-181.4263

G1X31.8025Y-181.4896

G1X33.4373Y-181.3336

G1X35.1523Y-180.8194

G1X37.0814Y-179.8889

G1X41.2432Y-177.3677

G1X43.0268Y-176.4422

G1X44.9827Y-175.7550

G1X45.9022Y-175.5817

G1X46.9239Y-175.5094

G1X48.6608Y-175.6756

G1X50.5218Y-176.2108

G1X52.3244Y-176.9822

G1X56.2142Y-178.8994

G1X58.3014Y-179.7218

G1X60.0019Y-180.1543

G1X61.7388Y-180.3367

G1X63.5779Y-180.2452

G1X65.6213Y-179.8502

G1X67.4604Y-179.3041

G1X72.0581Y-177.7176

G1X74.5103Y-177.0470

G1X76.5537Y-176.6904

G1X78.5971Y-176.5407

G1X80.7427Y-176.5967

G1X83.1948Y-176.8806

G1X91.2664Y-178.4892

G1X94.3315Y-178.9929

G1X96.9880Y-179.2814

G1X99.6445Y-179.4212

G1X102.5053Y-179.4191

G1X105.6726Y-179.2707

G1X118.9549Y-178.1086

G1X126.6178Y-177.6514

G1X135.7111Y-177.4107

G1X148.6868Y-177.3423

G1X161.7648Y-177.4197

G1X170.8581Y-177.6775

G1X178.5210Y-178.1455

G1X191.1902Y-179.2495

G1X195.9923Y-179.4383

G1X199.0574Y-179.3289

G1X202.0204Y-178.9865

G1X204.9834Y-178.4036

G1X211.1137Y-176.8964

G1X212.7484Y-176.6352

G1X214.3832Y-176.5355

G1X216.2223Y-176.6712

G1X217.9592Y-177.0677

G1X219.7764Y-177.7381

G1X223.0970Y-179.2984

G1X224.4252Y-179.8429

G1X225.8264Y-180.2298

G1X227.0525Y-180.3408

G1X228.3807Y-180.1730

G1X229.6433Y-179.7244

G1X231.0917Y-178.9053

G1X233.8533Y-176.9190

G1X235.0764Y-176.1552

G1X236.3501Y-175.6384

G1X237.3718Y-175.5119

G1X238.4665Y-175.7011

G1X239.6643Y-176.2985

G1X240.9649Y-177.3380

G1X243.2524Y-179.6160

G1X244.4156Y-180.6256

G1X245.5820Y-181.2935

G1X246.5672Y-181.4864

G1X247.0781Y-181.4376

G1X247.6503Y-181.2556

G1X248.7129Y-180.5743

G1X250.0411Y-179.2082

G1X252.3180Y-176.3343

G1X253.3226Y-175.2672

G1X253.8695Y-174.8090

G1X254.4053Y-174.4920

G1X254.9745Y-174.2857

G1X255.4489Y-174.2384

G1X256.0181Y-174.3377

G1X256.5874Y-174.5941

G1X257.1250Y-174.9826

G1X257.7891Y-175.6440

G1X258.7350Y-176.8458

G1X261.3310Y-180.6893

G1X262.3858Y-181.9239

G1X263.3234Y-182.6385

G1X263.8342Y-182.8282

G1X264.3451Y-182.8809

G1X264.9172Y-182.7628

G1X265.4486Y-182.4829

G1X266.0463Y-182.0033

G1X266.6439Y-181.3420

G1X267.6800Y-179.8940

G1X270.4266Y-175.3882

G1X271.6053Y-173.8648

G1X272.1522Y-173.3470

G1X272.7232Y-172.9681

G1X273.3362Y-172.7547

G1X273.9493Y-172.7394

G1 Z0F20000

(Start Block)


G1X22.9136Y-176.4830
G1Z5F20000
(Plotting speed under)
G1 F4000


G1X25.5701Y-178.0809

G1X27.6573Y-179.0928

G1X29.4526Y-179.6500

G1X30.3721Y-179.7946

G1X31.2917Y-179.8356

G1X32.9264Y-179.6471

G1X34.6779Y-179.0942

G1X36.5501Y-178.1802

G1X40.6233Y-175.7196

G1X42.3627Y-174.8117

G1X44.2675Y-174.1271

G1X45.1870Y-173.9418

G1X46.1065Y-173.8602

G1X47.8435Y-173.9872

G1X49.7628Y-174.5120

G1X51.4705Y-175.2357

G1X55.6450Y-177.3095

G1X57.6519Y-178.0976

G1X59.4910Y-178.5460

G1X61.2279Y-178.6873

G1X62.9648Y-178.5593

G1X64.9061Y-178.1437

G1X66.8401Y-177.5325

G1X70.9342Y-176.0645

G1X73.1820Y-175.4180

G1X75.2254Y-175.0385

G1X77.1667Y-174.8875

G1X79.0058Y-174.9277

G1X80.9471Y-175.1373

G1X83.1948Y-175.5365

G1X88.6099Y-176.7421

G1X91.1642Y-177.2265

G1X94.0250Y-177.6010

G1X96.8858Y-177.7717

G1X99.3379Y-177.7645

G1X101.9944Y-177.6265

G1X115.4811Y-176.2654

G1X119.5679Y-175.9775

G1X123.8591Y-175.7890

G1X131.9307Y-175.6643

G1X163.0930Y-175.6613

G1X171.3689Y-175.7430

G1X178.1123Y-176.0164

G1X184.0382Y-176.4757

G1X194.4597Y-177.5694

G1X198.9553Y-177.7847

G1X201.7139Y-177.6704

G1X204.2682Y-177.3405

G1X206.8225Y-176.7946

G1X212.6463Y-175.2441

G1X214.2810Y-174.9699

G1X215.8136Y-174.8823

G1X217.4483Y-175.0183

G1X219.0831Y-175.4129

G1X220.9149Y-176.1304

G1X225.1842Y-178.1597

G1X226.5416Y-178.5620

G1X227.7677Y-178.6863

G1X228.9791Y-178.5405

G1X230.2947Y-178.0669

G1X231.6949Y-177.2475

G1X234.1023Y-175.4558

G1X235.4306Y-174.5698

G1X236.6639Y-174.0193

G1X237.7805Y-173.8563

G1X238.8022Y-174.0335

G1X239.9133Y-174.5785

G1X241.1124Y-175.5237

G1X243.3300Y-177.7697

G1X244.6500Y-178.9635

G1X245.7907Y-179.6378

G1X246.3629Y-179.7967

G1X246.8738Y-179.8316

G1X247.8274Y-179.6001

G1X248.8604Y-178.9300

G1X250.1043Y-177.6377

G1X252.3813Y-174.7094

G1X253.3616Y-173.6416

G1X253.8782Y-173.1931

G1X254.4053Y-172.8642

G1X254.9745Y-172.6412

G1X255.4489Y-172.5844

G1X256.0181Y-172.6777

G1X256.5874Y-172.9336

G1X257.1250Y-173.3273

G1X257.7891Y-174.0014

G1X258.6746Y-175.1414

G1X261.2707Y-179.0467

G1X262.3077Y-180.2795

G1X263.2452Y-180.9992

G1X263.7321Y-181.1771

G1X264.2429Y-181.2249

G1X264.7346Y-181.1291

G1X265.3157Y-180.8256

G1X265.9798Y-180.2649

G1X266.4858Y-179.6899

G1X267.5737Y-178.1284

G1X269.9645Y-174.0946

G1X270.7494Y-172.9452

G1X271.3709Y-172.1948

G1X271.9960Y-171.6165

G1X272.6210Y-171.2340

G1X273.3362Y-171.0706

G1X273.9493Y-171.1530

G1 Z0F20000

(Start Block)


G1X22.9136Y-175.3169
G1Z5F20000
(Plotting speed under)
G1 F4000


G1X25.3044Y-176.6736

G1X27.2778Y-177.5526

G1X29.0439Y-178.0420

G1X30.6786Y-178.1822

G1X32.3134Y-177.9994

G1X34.0138Y-177.4805

G1X36.1010Y-176.4706

G1X40.0035Y-174.1206

G1X41.7934Y-173.1830

G1X43.7566Y-172.4720

G1X44.6761Y-172.2877

G1X45.5957Y-172.2059

G1X47.3326Y-172.3353

G1X49.2739Y-172.8762

G1X50.9962Y-173.6154

G1X55.0757Y-175.6644

G1X57.0681Y-176.4560

G1X58.7758Y-176.8816

G1X60.5127Y-177.0337

G1X62.2496Y-176.9044

G1X64.1909Y-176.4768

G1X65.8913Y-175.9266

G1X70.0658Y-174.3859

G1X72.1603Y-173.7649

G1X74.1016Y-173.3881

G1X76.0428Y-173.2324

G1X77.9841Y-173.2928

G1X80.2319Y-173.5892

G1X87.3839Y-175.2150

G1X90.0403Y-175.7130

G1X92.2881Y-175.9897

G1X94.6380Y-176.1217

G1X96.7837Y-176.1093

G1X99.2358Y-175.9660

G1X111.8029Y-174.5310

G1X115.6854Y-174.2365

G1X119.6701Y-174.0682

G1X126.5156Y-174.0145

G1X149.0955Y-174.2647

G1X172.3907Y-174.0076

G1X178.3166Y-174.0965

G1X183.5274Y-174.3690

G1X188.2273Y-174.8066

G1X197.2184Y-175.9024

G1X199.3640Y-176.0731

G1X201.3052Y-176.1309

G1X203.7573Y-176.0253

G1X206.1073Y-175.7011

G1X208.4572Y-175.1617

G1X213.9745Y-173.5891

G1X215.5071Y-173.3162

G1X216.9375Y-173.2283

G1X218.4700Y-173.3576

G1X219.9661Y-173.7253

G1X221.6739Y-174.4103

G1X225.9432Y-176.5184

G1X227.2568Y-176.9167

G1X228.4829Y-177.0328

G1X229.7089Y-176.8539

G1X230.8766Y-176.4025

G1X232.1100Y-175.6663

G1X234.9325Y-173.5239

G1X235.9618Y-172.8561

G1X237.0653Y-172.3670

G1X238.0870Y-172.2020

G1X239.2109Y-172.4020

G1X240.2122Y-172.9164

G1X241.4076Y-173.8797

G1X244.7282Y-177.1974

G1X245.8793Y-177.9398

G1X246.4651Y-178.1265

G1X246.9759Y-178.1806

G1X247.4795Y-178.1217

G1X247.9538Y-177.9579

G1X248.9342Y-177.3299

G1X250.1676Y-176.0477

G1X252.4445Y-173.0696

G1X253.4354Y-171.9715

G1X253.9520Y-171.5219

G1X254.5001Y-171.1829

G1X254.9745Y-170.9956

G1X255.4489Y-170.9308

G1X255.9232Y-170.9932

G1X256.3976Y-171.1734

G1X257.3464Y-171.8865

G1X258.4147Y-173.1547

G1X260.6116Y-176.5376

G1X261.8744Y-178.2619

G1X262.9913Y-179.2580

G1X263.5277Y-179.4991

G1X264.0386Y-179.5724

G1X264.5495Y-179.4944

G1X265.0667Y-179.2510

G1X265.6478Y-178.7905

G1X266.2817Y-178.1058

G1X267.5124Y-176.2982

G1X269.8624Y-172.2686

G1X270.6603Y-171.1185

G1X271.2928Y-170.3767

G1X271.9569Y-169.8156

G1X272.6210Y-169.4869

G1X273.2341Y-169.4196

G1X273.9493Y-169.6090

G1 Z0F20000

(Start Block)


G1X22.9136Y-174.0794
G1Z5F20000
(Plotting speed under)
G1 F4000


G1X25.3803Y-175.3691

G1X27.5113Y-176.1655

G1X28.5330Y-176.3971

G1X29.4526Y-176.5090

G1X30.4743Y-176.5179

G1X31.3938Y-176.4211

G1X32.9264Y-176.0439

G1X34.6779Y-175.3199

G1X36.2844Y-174.4522

G1X39.9149Y-172.2726

G1X41.6986Y-171.3838

G1X43.5522Y-170.7665

G1X45.2892Y-170.5497

G1X47.0261Y-170.7025

G1X48.9090Y-171.2466

G1X50.8064Y-172.0848

G1X54.6014Y-174.0131

G1X56.5280Y-174.7886

G1X58.2650Y-175.2302

G1X60.0019Y-175.3801

G1X61.6366Y-175.2555

G1X63.4757Y-174.8481

G1X65.3221Y-174.2369

G1X69.3068Y-172.7250

G1X71.3429Y-172.1045

G1X73.1820Y-171.7356

G1X75.0211Y-171.5796

G1X76.7580Y-171.6259

G1X78.5971Y-171.8528

G1X80.5384Y-172.2403

G1X85.3404Y-173.4397

G1X87.6904Y-173.9425

G1X90.2447Y-174.3140

G1X92.6968Y-174.4690

G1X94.7402Y-174.4523

G1X96.9880Y-174.3049

G1X108.6356Y-172.8311

G1X112.1094Y-172.5448

G1X115.6854Y-172.3903

G1X121.7135Y-172.3805

G1X138.4697Y-172.8377

G1X148.6868Y-172.9436

G1X157.7801Y-172.8488

G1X172.9015Y-172.4285

G1X178.3166Y-172.3540

G1X183.1187Y-172.4399

G1X187.5121Y-172.7094

G1X191.5989Y-173.1492

G1X199.4661Y-174.2355

G1X201.5096Y-174.4180

G1X203.3486Y-174.4776

G1X205.5964Y-174.3672

G1X207.7420Y-174.0444

G1X209.8876Y-173.5163

G1X215.0984Y-171.9392

G1X216.6309Y-171.6542

G1X217.9592Y-171.5742

G1X219.3896Y-171.7025

G1X220.9149Y-172.1002

G1X222.4329Y-172.7364

G1X225.5637Y-174.3955

G1X226.6073Y-174.8691

G1X227.8698Y-175.2621

G1X228.9937Y-175.3790

G1X230.2125Y-175.2093

G1X231.4459Y-174.7143

G1X232.8571Y-173.8126

G1X235.1815Y-171.9780

G1X236.3160Y-171.2080

G1X237.4740Y-170.6927

G1X238.3935Y-170.5508

G1X239.5038Y-170.7443

G1X240.5664Y-171.3136

G1X241.6811Y-172.2474

G1X244.2116Y-174.8972

G1X245.0602Y-175.6522

G1X246.0564Y-176.2870

G1X246.6694Y-176.4819

G1X247.1803Y-176.5276

G1X247.6692Y-176.4548

G1X248.1436Y-176.2775

G1X249.0818Y-175.6496

G1X250.2308Y-174.4374

G1X252.4561Y-171.4787

G1X253.5092Y-170.2890

G1X254.5001Y-169.5450

G1X254.9745Y-169.3481

G1X255.4489Y-169.2774

G1X255.9232Y-169.3378

G1X256.3976Y-169.5196

G1X256.8298Y-169.7868

G1X257.3464Y-170.2465

G1X258.4147Y-171.5420

G1X260.6116Y-174.9789

G1X261.8140Y-176.6319

G1X262.9083Y-177.6109

G1X263.4256Y-177.8476

G1X263.9364Y-177.9181

G1X264.5495Y-177.7979

G1X265.0423Y-177.5306

G1X265.5892Y-177.0617

G1X266.2108Y-176.3590

G1X267.4102Y-174.5412

G1X269.7520Y-170.4739

G1X270.5338Y-169.3584

G1X271.1663Y-168.6257

G1X271.9126Y-168.0450

G1X272.5325Y-167.7942

G1X273.2341Y-167.8011

G1X273.9493Y-168.1021

G1 Z0F20000

(Start Block)


G1X22.9136Y-172.7698
G1Z5F20000
(Plotting speed under)
G1 F4000


G1X25.2854Y-173.9150

G1X27.3070Y-174.5894

G1X29.2482Y-174.8690

G1X31.0873Y-174.7478

G1X32.5907Y-174.3683

G1X34.2984Y-173.6655

G1X35.9303Y-172.7915

G1X39.6493Y-170.5807

G1X41.4140Y-169.7110

G1X43.3479Y-169.0868

G1X44.2675Y-168.9387

G1X45.1870Y-168.8953

G1X46.9239Y-169.0937

G1X48.6243Y-169.6085

G1X50.2372Y-170.3172

G1X54.2219Y-172.3524

G1X56.0245Y-173.0959

G1X57.6519Y-173.5386

G1X59.2867Y-173.7222

G1X60.8192Y-173.6501

G1X62.4540Y-173.3382

G1X64.2785Y-172.7720

G1X68.2632Y-171.2239

G1X70.2190Y-170.5711

G1X72.2625Y-170.1096

G1X74.3059Y-169.9241

G1X75.9407Y-169.9760

G1X77.6776Y-170.2011

G1X79.6188Y-170.6096

G1X84.1144Y-171.7876

G1X86.3622Y-172.2937

G1X88.7121Y-172.6560

G1X91.0620Y-172.8156

G1X93.0033Y-172.7972

G1X95.0467Y-172.6537

G1X105.9791Y-171.1482

G1X109.1464Y-170.8672

G1X112.4159Y-170.7233

G1X118.6484Y-170.7716

G1X137.1414Y-171.4934

G1X148.4825Y-171.6331

G1X160.3344Y-171.4735

G1X177.2949Y-170.8083

G1X182.8122Y-170.7003

G1X186.8990Y-170.7868

G1X190.5772Y-171.0431

G1X194.1532Y-171.4714

G1X201.4074Y-172.5785

G1X203.2465Y-172.7602

G1X204.9834Y-172.8237

G1X207.0268Y-172.7217

G1X209.0703Y-172.4001

G1X211.1137Y-171.8687

G1X216.0179Y-170.3030

G1X217.4483Y-170.0149

G1X218.7766Y-169.9212

G1X220.2070Y-170.0517

G1X221.5790Y-170.4180

G1X223.0970Y-171.0698

G1X225.9558Y-172.6366

G1X227.1765Y-173.2210

G1X228.3807Y-173.6071

G1X229.5046Y-173.7248

G1X230.6285Y-173.5677

G1X231.8000Y-173.1036

G1X233.1061Y-172.2727

G1X235.3524Y-170.4650

G1X236.5927Y-169.5819

G1X237.7075Y-169.0575

G1X238.7000Y-168.8979

G1X239.6999Y-169.0686

G1X240.8216Y-169.6662

G1X242.1416Y-170.8258

G1X244.3087Y-173.1656

G1X245.3093Y-174.0697

G1X246.2607Y-174.6555

G1X246.7716Y-174.8219

G1X247.2824Y-174.8752

G1X247.7641Y-174.8063

G1X248.2385Y-174.6319

G1X249.1556Y-174.0157

G1X250.2941Y-172.8054

G1X252.4561Y-169.8866

G1X253.5364Y-168.6402

G1X254.5001Y-167.9018

G1X254.9745Y-167.6980

G1X255.4489Y-167.6239

G1X255.9232Y-167.6848

G1X256.3976Y-167.8703

G1X256.8298Y-168.1434

G1X257.3464Y-168.6142

G1X258.4147Y-169.9385

G1X260.5607Y-173.3491

G1X261.7537Y-175.0027

G1X262.8253Y-175.9632

G1X263.3234Y-176.1958

G1X263.8342Y-176.2645

G1X264.3451Y-176.1734

G1X264.8730Y-175.9100

G1X265.4633Y-175.4024

G1X266.0905Y-174.6784

G1X267.3573Y-172.7073

G1X269.6989Y-168.6061

G1X270.4294Y-167.5834

G1X271.0936Y-166.8401

G1X271.8620Y-166.3010

G1X272.5261Y-166.1090

G1X273.1903Y-166.2017

G1X273.9493Y-166.6274

G1 Z0F20000

(Start Block)


G1X22.9136Y-171.3911
G1Z5F20000
(Plotting speed under)
G1 F4000


G1X25.1906Y-172.4068

G1X27.2048Y-173.0058

G1X29.1461Y-173.2215

G1X30.9852Y-173.0516

G1X32.4958Y-172.6408

G1X34.1087Y-171.9640

G1X35.5761Y-171.1857

G1X39.3836Y-168.9419

G1X41.2242Y-168.0400

G1X43.0414Y-167.4512

G1X43.9609Y-167.2941

G1X44.8805Y-167.2414

G1X46.4130Y-167.3833

G1X47.9456Y-167.7913

G1X49.7628Y-168.5452

G1X53.3680Y-170.4082

G1X55.2655Y-171.2623

G1X57.1411Y-171.8398

G1X58.9802Y-172.0690

G1X60.5127Y-171.9933

G1X62.0453Y-171.6973

G1X63.8990Y-171.1117

G1X67.7888Y-169.5674

G1X69.6060Y-168.9434

G1X71.6494Y-168.4608

G1X73.5907Y-168.2719

G1X75.1233Y-168.3122

G1X76.8602Y-168.5369

G1X78.9036Y-168.9831

G1X83.1948Y-170.1574

G1X85.2383Y-170.6376

G1X87.5882Y-171.0142

G1X89.8360Y-171.1647

G1X91.6751Y-171.1375

G1X93.6163Y-170.9846

G1X103.7313Y-169.4789

G1X106.6943Y-169.1975

G1X109.6573Y-169.0632

G1X115.3789Y-169.1409

G1X127.3330Y-169.7941

G1X133.8720Y-170.0572

G1X140.8196Y-170.2093

G1X148.4825Y-170.2594

G1X156.2475Y-170.2028

G1X163.2974Y-170.0398

G1X169.5298Y-169.7864

G1X180.9731Y-169.1784

G1X186.2860Y-169.0466

G1X189.8620Y-169.1323

G1X193.1315Y-169.3869

G1X196.1966Y-169.7890

G1X203.0421Y-170.9246

G1X204.7791Y-171.1079

G1X206.4138Y-171.1698

G1X208.3551Y-171.0626

G1X210.1941Y-170.7561

G1X212.1354Y-170.2290

G1X216.7331Y-168.6842

G1X218.1635Y-168.3725

G1X219.4918Y-168.2669

G1X220.8200Y-168.3824

G1X222.2431Y-168.7680

G1X223.7421Y-169.4350

G1X227.4612Y-171.4763

G1X228.6945Y-171.9193

G1X229.9133Y-172.0731

G1X231.0372Y-171.9126

G1X232.1100Y-171.4834

G1X233.3552Y-170.6916

G1X236.7588Y-168.0029

G1X237.8973Y-167.4263

G1X239.0066Y-167.2433

G1X239.9845Y-167.4395

G1X240.9779Y-167.9775

G1X242.2115Y-169.0551

G1X244.4485Y-171.5043

G1X245.4313Y-172.4092

G1X246.4651Y-173.0361

G1X247.3846Y-173.2215

G1X247.8590Y-173.1521

G1X248.3334Y-172.9766

G1X249.2294Y-172.3641

G1X250.2941Y-171.2294

G1X252.5164Y-168.1980

G1X253.5364Y-167.0059

G1X254.5001Y-166.2523

G1X254.9745Y-166.0447

G1X255.4489Y-165.9702

G1X255.9232Y-166.0343

G1X256.3976Y-166.2261

G1X257.3114Y-166.9539

G1X258.3425Y-168.2399

G1X260.5607Y-171.8032

G1X261.6789Y-173.3585

G1X262.2442Y-173.9364

G1X262.7423Y-174.3159

G1X263.2404Y-174.5488

G1X263.7321Y-174.6115

G1X264.2429Y-174.5137

G1X264.7992Y-174.2237

G1X265.3157Y-173.7698

G1X265.9798Y-172.9862

G1X266.9362Y-171.5054

G1X269.5395Y-166.9193

G1X270.2442Y-165.9221

G1X270.9433Y-165.1418

G1X271.6723Y-164.6370

G1X272.4313Y-164.4523

G1X273.1523Y-164.6244

G1X273.9493Y-165.1803

G1 Z0F20000

(Start Block)


G1X22.9136Y-169.9481
G1Z5F20000
(Plotting speed under)
G1 F4000


G1X25.1906Y-170.8852

G1X27.2048Y-171.4128

G1X29.0439Y-171.5676

G1X30.8830Y-171.3703

G1X32.4009Y-170.9444

G1X34.0138Y-170.2625

G1X35.4875Y-169.4825

G1X39.2951Y-167.2587

G1X41.1293Y-166.3709

G1X42.9392Y-165.7921

G1X43.8588Y-165.6381

G1X44.7783Y-165.5877

G1X46.3109Y-165.7332

G1X47.8435Y-166.1450

G1X49.6680Y-166.9076

G1X53.3680Y-168.8284

G1X55.0757Y-169.5977

G1X56.9367Y-170.1805

G1X58.7758Y-170.4153

G1X60.3084Y-170.3376

G1X61.8410Y-170.0336

G1X63.6144Y-169.4618

G1X67.5991Y-167.8521

G1X69.2995Y-167.2634

G1X71.2407Y-166.8019

G1X73.1820Y-166.6164

G1X74.7146Y-166.6695

G1X76.3493Y-166.8974

G1X78.0863Y-167.2888

G1X82.3775Y-168.5043

G1X84.4209Y-169.0012

G1X86.5665Y-169.3585

G1X88.7121Y-169.5106

G1X90.4490Y-169.4852

G1X92.2881Y-169.3340

G1X101.8922Y-167.8118

G1X104.6509Y-167.5336

G1X107.4095Y-167.4052

G1X112.6202Y-167.5018

G1X124.0635Y-168.2519

G1X130.7046Y-168.5571

G1X138.4697Y-168.7292

G1X148.3803Y-168.7845

G1X158.2910Y-168.7252

G1X166.1582Y-168.5457

G1X172.6972Y-168.2502

G1X184.3447Y-167.5246

G1X189.0446Y-167.3930

G1X192.2120Y-167.4763

G1X195.1749Y-167.7273

G1X198.0357Y-168.1348

G1X204.3704Y-169.2651

G1X206.0051Y-169.4510

G1X207.5377Y-169.5164

G1X209.3768Y-169.4155

G1X211.2159Y-169.0951

G1X213.0403Y-168.5768

G1X217.5505Y-167.0066

G1X218.8787Y-166.7138

G1X220.1048Y-166.6141

G1X221.4330Y-166.7324

G1X222.7175Y-167.0851

G1X224.1406Y-167.7219

G1X227.0184Y-169.3822

G1X228.1253Y-169.9292

G1X229.3003Y-170.3126

G1X230.3220Y-170.4174

G1X231.4459Y-170.2423

G1X232.4895Y-169.7990

G1X233.6872Y-169.0099

G1X236.2607Y-166.8788

G1X237.1130Y-166.2793

G1X238.1892Y-165.7512

G1X239.2109Y-165.5882

G1X240.1742Y-165.7884

G1X241.1586Y-166.3332

G1X242.2814Y-167.3171

G1X244.5184Y-169.7977

G1X245.5095Y-170.7341

G1X246.5308Y-171.3709

G1X247.0051Y-171.5246

G1X247.4795Y-171.5665

G1X247.9538Y-171.4922

G1X248.4282Y-171.3106

G1X249.3032Y-170.6940

G1X250.3430Y-169.5695

G1X252.5164Y-166.5669

G1X253.5364Y-165.3575

G1X254.5001Y-164.5956

G1X254.9745Y-164.3878

G1X255.4489Y-164.3163

G1X255.9232Y-164.3871

G1X256.3976Y-164.5883

G1X257.2415Y-165.2658

G1X258.2872Y-166.5772

G1X260.5075Y-170.1847

G1X261.6157Y-171.7316

G1X262.1722Y-172.3031

G1X262.7035Y-172.6970

G1X263.1463Y-172.8978

G1X263.6080Y-172.9597

G1X264.1772Y-172.8405

G1X264.7215Y-172.5378

G1X265.2109Y-172.0954

G1X265.7701Y-171.4261

G1X266.6705Y-170.0617

G1X269.4864Y-165.0763

G1X270.1859Y-164.1093

G1X270.8501Y-163.4018

G1X271.5993Y-162.9258

G1X272.0080Y-162.8168

G1X272.4167Y-162.8131

G1X273.1191Y-163.0678

G1X273.9493Y-163.7568

G1 Z0F20000

(Start Block)


G1X22.9136Y-168.4462
G1Z5F20000
(Plotting speed under)
G1 F4000


G1X25.1906Y-169.3189

G1X27.1026Y-169.7783

G1X28.9417Y-169.9129

G1X30.7808Y-169.7084

G1X32.4009Y-169.2491

G1X34.0138Y-168.5630

G1X39.1370Y-165.6673

G1X41.0344Y-164.7429

G1X42.9392Y-164.1327

G1X43.8588Y-163.9819

G1X44.7783Y-163.9342

G1X46.3109Y-164.0835

G1X47.8435Y-164.4992

G1X49.6680Y-165.2668

G1X53.2731Y-167.1499

G1X55.0757Y-167.9667

G1X56.9367Y-168.5433

G1X58.6736Y-168.7613

G1X60.2062Y-168.6826

G1X61.7388Y-168.3718

G1X63.4246Y-167.8198

G1X67.4093Y-166.1824

G1X69.0951Y-165.5903

G1X70.9342Y-165.1473

G1X72.7733Y-164.9641

G1X74.3059Y-165.0155

G1X75.9407Y-165.2518

G1X77.6776Y-165.6586

G1X81.8666Y-166.8869

G1X83.7057Y-167.3487

G1X85.8513Y-167.7154

G1X87.8947Y-167.8587

G1X89.5295Y-167.8292

G1X91.2664Y-167.6760

G1X100.3597Y-166.1501

G1X102.9139Y-165.8765

G1X105.4682Y-165.7504

G1X110.2703Y-165.8541

G1X121.4070Y-166.6892

G1X127.9460Y-167.0105

G1X135.9154Y-167.1675

G1X148.6868Y-167.2030

G1X160.9474Y-167.1618

G1X169.0190Y-166.9934

G1X175.6601Y-166.6718

G1X187.0012Y-165.8715

G1X191.2924Y-165.7393

G1X194.1532Y-165.8223

G1X196.8097Y-166.0635

G1X199.5683Y-166.4835

G1X205.4943Y-167.6078

G1X207.1290Y-167.8024

G1X208.5594Y-167.8630

G1X210.2963Y-167.7610

G1X211.9311Y-167.4705

G1X213.7701Y-166.9341

G1X218.0614Y-165.3826

G1X219.3896Y-165.0699

G1X220.7178Y-164.9595

G1X222.0461Y-165.0992

G1X223.2721Y-165.4629

G1X224.8047Y-166.1903

G1X227.2841Y-167.6678

G1X228.4099Y-168.2490

G1X229.6068Y-168.6562

G1X230.6285Y-168.7627

G1X231.7305Y-168.5886

G1X232.8571Y-168.0930

G1X234.1805Y-167.1683

G1X236.3681Y-165.3023

G1X237.2901Y-164.6346

G1X238.2913Y-164.1252

G1X239.3131Y-163.9333

G1X240.2326Y-164.1014

G1X241.2416Y-164.6432

G1X242.3513Y-165.6122

G1X244.5289Y-168.0566

G1X245.5876Y-169.0810

G1X246.6256Y-169.7291

G1X247.4795Y-169.9136

G1X247.9538Y-169.8513

G1X248.4282Y-169.6794

G1X249.3032Y-169.0722

G1X250.3430Y-167.9463

G1X252.5164Y-164.9137

G1X253.5364Y-163.6934

G1X254.5001Y-162.9309

G1X254.9745Y-162.7272

G1X255.4489Y-162.6627

G1X255.8284Y-162.7168

G1X256.3027Y-162.9053

G1X256.7521Y-163.1994

G1X257.2415Y-163.6630

G1X258.2872Y-165.0104

G1X260.4544Y-168.5759

G1X261.5524Y-170.1102

G1X262.0837Y-170.6598

G1X262.6150Y-171.0499

G1X263.0577Y-171.2483

G1X263.5131Y-171.3073

G1X263.9875Y-171.2137

G1X264.5568Y-170.9113

G1X265.0501Y-170.4801

G1X265.5814Y-169.8447

G1X266.4907Y-168.4779

G1X269.3558Y-163.3641

G1X269.9645Y-162.5024

G1X270.7459Y-161.6811

G1X271.4971Y-161.2361

G1X271.9058Y-161.1535

G1X272.3145Y-161.1783

G1X273.0898Y-161.5308

G1X273.9493Y-162.3538

G1 Z0F20000

(Start Block)


G1X22.9136Y-166.8905
G1Z5F20000
(Plotting speed under)
G1 F4000


G1X25.1614Y-167.7055

G1X27.1026Y-168.1420

G1X29.0439Y-168.2548

G1X30.8830Y-168.0254

G1X32.4009Y-167.5906

G1X34.0138Y-166.9133

G1X39.3267Y-163.9420

G1X41.1293Y-163.0780

G1X43.0414Y-162.4735

G1X43.9609Y-162.3255

G1X44.8805Y-162.2807

G1X46.4130Y-162.4341

G1X47.9456Y-162.8537

G1X49.6680Y-163.5774

G1X53.3680Y-165.5150

G1X55.1706Y-166.3328

G1X57.0389Y-166.9058

G1X58.7758Y-167.1101

G1X60.4105Y-166.9987

G1X62.1475Y-166.5911

G1X63.8041Y-165.9972

G1X67.6939Y-164.3714

G1X69.5038Y-163.7738

G1X71.2407Y-163.4161

G1X72.8755Y-163.3063

G1X74.5103Y-163.4142

G1X76.2472Y-163.7313

G1X81.7644Y-165.3427

G1X83.8079Y-165.8336

G1X85.7491Y-166.1205

G1X87.5882Y-166.2090

G1X89.3251Y-166.1359

G1X91.1642Y-165.9211

G1X97.2945Y-164.7814

G1X99.8488Y-164.3912

G1X102.3009Y-164.1622

G1X104.8552Y-164.0858

G1X108.9421Y-164.2428

G1X117.9332Y-165.0140

G1X122.8374Y-165.3220

G1X128.4569Y-165.4999

G1X135.6089Y-165.5524

G1X162.2757Y-165.5500

G1X169.7342Y-165.4593

G1X177.3971Y-165.1241

G1X189.5555Y-164.1932

G1X193.9489Y-164.0945

G1X196.1966Y-164.2010

G1X198.3423Y-164.4259

G1X200.7944Y-164.8259

G1X206.4138Y-165.9488

G1X208.1507Y-166.1597

G1X209.6833Y-166.2059

G1X211.2159Y-166.0861

G1X212.7484Y-165.7875

G1X214.3686Y-165.2961

G1X218.7766Y-163.6709

G1X220.1048Y-163.3807

G1X221.2287Y-163.3080

G1X222.4547Y-163.4444

G1X223.6662Y-163.8097

G1X225.0703Y-164.4843

G1X228.6123Y-166.5565

G1X229.8111Y-166.9895

G1X230.9350Y-167.1083

G1X231.9202Y-166.9462

G1X233.0397Y-166.4573

G1X234.2586Y-165.6090

G1X236.4462Y-163.7176

G1X237.4672Y-162.9610

G1X238.4957Y-162.4489

G1X239.4152Y-162.2801

G1X240.3348Y-162.4437

G1X241.3246Y-162.9783

G1X242.4212Y-163.9411

G1X244.5953Y-166.4056

G1X245.6657Y-167.4508

G1X246.7205Y-168.0983

G1X247.5744Y-168.2577

G1X248.0487Y-168.1791

G1X248.5231Y-167.9899

G1X249.3770Y-167.3617

G1X250.3430Y-166.2970

G1X252.5164Y-163.2364

G1X253.5364Y-162.0122

G1X254.5001Y-161.2579

G1X254.9745Y-161.0631

G1X255.3540Y-161.0083

G1X255.7335Y-161.0509

G1X256.2079Y-161.2297

G1X256.6822Y-161.5361

G1X257.1471Y-161.9708

G1X258.2230Y-163.3647

G1X260.4013Y-166.9792

G1X261.4259Y-168.4189

G1X261.9319Y-168.9669

G1X262.4379Y-169.3528

G1X262.9692Y-169.5994

G1X263.4183Y-169.6544

G1X263.8926Y-169.5518

G1X264.4619Y-169.2331

G1X264.9679Y-168.7792

G1X265.4739Y-168.1569

G1X266.3885Y-166.7600

G1X269.1560Y-161.7662

G1X269.8491Y-160.7717

G1X270.5896Y-160.0101

G1X271.3950Y-159.5531

G1X271.8036Y-159.4955

G1X272.2123Y-159.5484

G1X272.6210Y-159.7086

G1X273.0638Y-160.0127

G1X273.9493Y-160.9686

G1 Z0F20000

(Start Block)


G1X22.9136Y-165.2845
G1Z5F20000
(Plotting speed under)
G1 F4000


G1X25.1614Y-166.0667

G1X27.2048Y-166.5030

G1X29.1461Y-166.5989

G1X30.9852Y-166.3650

G1X32.4958Y-165.9364

G1X34.2036Y-165.2234

G1X39.4722Y-162.2966

G1X41.3191Y-161.4166

G1X43.2457Y-160.8143

G1X44.9827Y-160.6268

G1X46.5152Y-160.7658

G1X48.1500Y-161.2082

G1X49.8577Y-161.9310

G1X53.5578Y-163.8767

G1X55.3604Y-164.6971

G1X57.1411Y-165.2465

G1X58.8780Y-165.4562

G1X60.5127Y-165.3435

G1X62.2496Y-164.9276

G1X63.9939Y-164.2859

G1X67.6939Y-162.7115

G1X69.5038Y-162.1062

G1X71.1386Y-161.7647

G1X72.7733Y-161.6527

G1X74.4081Y-161.7684

G1X76.1450Y-162.1021

G1X81.2536Y-163.6460

G1X83.3992Y-164.1826

G1X85.2383Y-164.4647

G1X86.9752Y-164.5555

G1X88.7121Y-164.4816

G1X90.5512Y-164.2552

G1X96.4771Y-163.1022

G1X98.8271Y-162.7297

G1X101.0749Y-162.5093

G1X103.4248Y-162.4322

G1X107.4095Y-162.5969

G1X115.5832Y-163.3678

G1X119.7723Y-163.6676

G1X124.2678Y-163.8423

G1X129.6829Y-163.8988

G1X146.6434Y-163.7987

G1X165.5451Y-163.8982

G1X172.0841Y-163.8412

G1X179.6449Y-163.5045

G1X191.2924Y-162.5360

G1X195.2771Y-162.4396

G1X197.4227Y-162.5448

G1X199.4661Y-162.7699

G1X201.7139Y-163.1528

G1X207.2312Y-164.3023

G1X208.7637Y-164.4980

G1X210.2963Y-164.5531

G1X211.7267Y-164.4466

G1X213.2593Y-164.1488

G1X214.8429Y-163.6586

G1X219.1852Y-162.0166

G1X220.5135Y-161.7219

G1X221.6374Y-161.6548

G1X222.7613Y-161.7857

G1X223.9508Y-162.1466

G1X225.2475Y-162.7707

G1X228.7894Y-164.8772

G1X230.0228Y-165.3367

G1X231.1393Y-165.4553

G1X232.1610Y-165.2720

G1X233.1283Y-164.8454

G1X234.3367Y-164.0106

G1X236.5244Y-162.0984

G1X237.5889Y-161.2960

G1X238.5979Y-160.7929

G1X239.5174Y-160.6274

G1X240.4370Y-160.7991

G1X241.4076Y-161.3390

G1X242.4212Y-162.2319

G1X244.5953Y-164.7158

G1X245.6874Y-165.7967

G1X246.7205Y-166.4393

G1X247.5744Y-166.6041

G1X248.4282Y-166.3815

G1X249.3032Y-165.7680

G1X250.3430Y-164.6197

G1X252.4665Y-161.6002

G1X253.4665Y-160.3867

G1X254.4053Y-159.6279

G1X254.8796Y-159.4217

G1X255.3540Y-159.3546

G1X255.8284Y-159.4413

G1X256.3027Y-159.6680

G1X256.8151Y-160.0552

G1X257.3464Y-160.6313

G1X258.3292Y-162.0019

G1X260.5075Y-165.6451

G1X261.5967Y-167.0855

G1X262.4695Y-167.7840

G1X262.9439Y-167.9672

G1X263.3234Y-168.0002

G1X263.7661Y-167.9007

G1X264.2974Y-167.6031

G1X264.8327Y-167.1294

G1X265.3157Y-166.5356

G1X266.2750Y-165.0563

G1X268.9251Y-160.2191

G1X269.7336Y-159.0481

G1X270.4627Y-158.3169

G1X270.8777Y-158.0373

G1X271.2928Y-157.8765

G1X271.6723Y-157.8408

G1X272.1466Y-157.9349

G1X272.9706Y-158.4476

G1X273.9493Y-159.5996

G1 Z0F20000

(Start Block)


G1X22.9136Y-163.6304
G1Z5F20000
(Plotting speed under)
G1 F4000


G1X25.2635Y-164.4232

G1X27.3070Y-164.8477

G1X29.2482Y-164.9472

G1X31.0873Y-164.7282

G1X32.6856Y-164.2878

G1X34.3933Y-163.5864

G1X36.1959Y-162.6527

G1X39.7378Y-160.6433

G1X41.5088Y-159.7988

G1X43.4501Y-159.1769

G1X44.3696Y-159.0243

G1X45.2892Y-158.9728

G1X46.8218Y-159.1160

G1X48.3397Y-159.5226

G1X50.0474Y-160.2372

G1X53.9372Y-162.2857

G1X55.5501Y-163.0230

G1X57.3454Y-163.5878

G1X59.0823Y-163.8023

G1X60.5127Y-163.7184

G1X61.9431Y-163.4169

G1X63.6144Y-162.8458

G1X67.4093Y-161.2082

G1X68.9273Y-160.6436

G1X70.7299Y-160.1808

G1X72.4668Y-160.0019

G1X73.7951Y-160.0487

G1X75.3276Y-160.2820

G1X77.0645Y-160.7254

G1X82.4796Y-162.3866

G1X84.4209Y-162.7539

G1X86.2600Y-162.8975

G1X87.7926Y-162.8633

G1X89.4273Y-162.6931

G1X97.1923Y-161.1897

G1X99.4401Y-160.9090

G1X101.6879Y-160.7854

G1X105.4682Y-160.8957

G1X115.6854Y-161.8909

G1X122.2244Y-162.2098

G1X127.7417Y-162.2381

G1X148.1760Y-162.0300

G1X170.1429Y-162.2452

G1X175.1493Y-162.1848

G1X179.5427Y-162.0022

G1X183.6295Y-161.7048

G1X191.7011Y-160.9478

G1X195.5836Y-160.7785

G1X197.9335Y-160.8534

G1X200.1813Y-161.0875

G1X202.5313Y-161.4979

G1X207.6398Y-162.6107

G1X209.1724Y-162.8277

G1X210.6028Y-162.9013

G1X212.1354Y-162.8036

G1X213.6680Y-162.5057

G1X215.4122Y-161.9474

G1X219.3020Y-160.4260

G1X220.6157Y-160.0986

G1X221.7396Y-159.9989

G1X222.9656Y-160.1213

G1X224.1406Y-160.4752

G1X225.4245Y-161.0965

G1X228.1696Y-162.7979

G1X229.0740Y-163.2774

G1X230.1176Y-163.6681

G1X231.2415Y-163.8033

G1X232.2632Y-163.6250

G1X233.2168Y-163.2042

G1X234.3367Y-162.4359

G1X236.6025Y-160.4429

G1X237.6719Y-159.6291

G1X238.7000Y-159.1225

G1X239.5174Y-158.9743

G1X240.4370Y-159.1317

G1X241.4076Y-159.6643

G1X242.4912Y-160.6309

G1X244.5953Y-163.0600

G1X245.6136Y-164.0847

G1X246.6256Y-164.7503

G1X247.4795Y-164.9525

G1X248.3334Y-164.7583

G1X249.2294Y-164.1517

G1X250.2826Y-162.9909

G1X252.4665Y-159.8690

G1X253.3966Y-158.7421

G1X254.3104Y-157.9880

G1X254.7848Y-157.7762

G1X255.2591Y-157.7007

G1X255.6197Y-157.7479

G1X256.0624Y-157.9237

G1X256.9985Y-158.6728

G1X258.1167Y-160.1665

G1X260.2950Y-163.8306

G1X261.1982Y-165.0964

G1X261.7295Y-165.6848

G1X262.1849Y-166.0370

G1X262.6593Y-166.2665

G1X263.1336Y-166.3472

G1X263.5890Y-166.2665

G1X264.1203Y-165.9797

G1X264.6516Y-165.5183

G1X265.1346Y-164.9412

G1X266.2258Y-163.2304

G1X268.6967Y-158.6621

G1X269.6023Y-157.3480

G1X270.4073Y-156.5714

G1X270.8501Y-156.3131

G1X271.2928Y-156.1911

G1X271.6723Y-156.2038

G1X272.1466Y-156.3615

G1X272.9531Y-156.9619

G1X273.9493Y-158.2454

G1 Z0F20000

(Start Block)


G1X22.9136Y-161.9281
G1Z5F20000
(Plotting speed under)
G1 F4000


G1X25.3657Y-162.7449

G1X27.5113Y-163.1898

G1X29.4526Y-163.2957

G1X31.3938Y-163.0733

G1X33.0286Y-162.6264

G1X34.8677Y-161.8699

G1X40.0035Y-159.0478

G1X41.9832Y-158.1078

G1X43.8588Y-157.5173

G1X45.6979Y-157.3192

G1X47.1282Y-157.4485

G1X48.7192Y-157.8697

G1X50.5218Y-158.6337

G1X54.3168Y-160.6477

G1X55.9296Y-161.3862

G1X57.6519Y-161.9297

G1X59.3888Y-162.1483

G1X60.8192Y-162.0618

G1X62.2496Y-161.7527

G1X64.0887Y-161.1019

G1X67.5991Y-159.5549

G1X69.1170Y-158.9818

G1X70.8321Y-158.5331

G1X72.5690Y-158.3483

G1X73.8972Y-158.3982

G1X75.4298Y-158.6424

G1X77.0645Y-159.0726

G1X82.3775Y-160.7425

G1X84.2166Y-161.0992

G1X86.0556Y-161.2449

G1X87.6904Y-161.1953

G1X89.5295Y-160.9697

G1X95.2511Y-159.7743

G1X97.2945Y-159.4237

G1X99.1336Y-159.2189

G1X100.9727Y-159.1298

G1X104.4465Y-159.2412

G1X114.2550Y-160.2580

G1X120.2831Y-160.5644

G1X125.3917Y-160.5771

G1X139.1849Y-160.3119

G1X147.7673Y-160.2513

G1X172.9015Y-160.5915

G1X177.2949Y-160.5338

G1X181.2796Y-160.3566

G1X185.1621Y-160.0548

G1X192.8250Y-159.2917

G1X196.6053Y-159.1247

G1X198.8531Y-159.2077

G1X200.9987Y-159.4475

G1X203.1443Y-159.8390

G1X208.2529Y-160.9804

G1X209.6833Y-161.1813

G1X211.0115Y-161.2481

G1X212.5441Y-161.1457

G1X214.0767Y-160.8346

G1X215.6968Y-160.3034

G1X219.4918Y-158.7889

G1X220.7178Y-158.4657

G1X221.9439Y-158.3447

G1X223.1700Y-158.4722

G1X224.3303Y-158.8324

G1X225.5131Y-159.4102

G1X228.3467Y-161.1835

G1X229.2638Y-161.6644

G1X230.3220Y-162.0400

G1X231.3437Y-162.1492

G1X232.3654Y-161.9612

G1X233.3054Y-161.5337

G1X234.4148Y-160.7598

G1X236.6025Y-158.8154

G1X237.6719Y-157.9895

G1X238.6563Y-157.4890

G1X239.5174Y-157.3208

G1X240.4370Y-157.4783

G1X241.4076Y-158.0163

G1X242.4212Y-158.9191

G1X244.5953Y-161.4401

G1X245.6136Y-162.4626

G1X246.6256Y-163.1153

G1X247.4795Y-163.2987

G1X248.3334Y-163.0791

G1X249.2294Y-162.4438

G1X250.2826Y-161.2515

G1X252.4088Y-158.1870

G1X253.3267Y-157.0761

G1X254.2155Y-156.3362

G1X254.6899Y-156.1251

G1X255.1643Y-156.0481

G1X255.6197Y-156.1202

G1X256.1509Y-156.3809

G1X256.6822Y-156.8030

G1X257.1882Y-157.3636

G1X258.2148Y-158.8408

G1X260.3482Y-162.4498

G1X261.3660Y-163.7857

G1X262.1849Y-164.4634

G1X262.6593Y-164.6499

G1X263.0388Y-164.6905

G1X263.4894Y-164.6006

G1X263.9875Y-164.3210

G1X264.4856Y-163.8814

G1X264.9981Y-163.2773

G1X266.1222Y-161.4873

G1X268.5871Y-156.9083

G1X269.5218Y-155.5874

G1X270.2492Y-154.9032

G1X270.7236Y-154.6403

G1X271.1031Y-154.5396

G1X271.5584Y-154.5611

G1X272.0012Y-154.7285

G1X272.4439Y-155.0236

G1X272.9373Y-155.4957

G1X273.9493Y-156.9057

G1 Z0F20000

(Start Block)


G1X22.9136Y-160.1759
G1Z5F20000
(Plotting speed under)
G1 F4000


G1X25.4679Y-161.0297

G1X27.7156Y-161.5142

G1X29.7591Y-161.6440

G1X31.8025Y-161.4228

G1X33.5394Y-160.9497

G1X35.2471Y-160.2534

G1X36.8157Y-159.4569

G1X40.7498Y-157.2572

G1X42.5524Y-156.4202

G1X44.4718Y-155.8384

G1X46.2087Y-155.6660

G1X47.7413Y-155.8195

G1X49.2739Y-156.2438

G1X51.0910Y-157.0273

G1X54.6140Y-158.9183

G1X56.3091Y-159.7099

G1X58.1628Y-160.2973

G1X59.7975Y-160.4951

G1X61.2279Y-160.4042

G1X62.7605Y-160.0563

G1X64.3733Y-159.4717

G1X67.7888Y-157.9416

G1X69.3068Y-157.3519

G1X71.0364Y-156.8845

G1X72.7733Y-156.6946

G1X74.1016Y-156.7485

G1X75.5320Y-156.9813

G1X77.2689Y-157.4507

G1X80.8449Y-158.6553

G1X82.3775Y-159.0958

G1X84.2166Y-159.4562

G1X85.9535Y-159.5917

G1X87.5882Y-159.5358

G1X89.3251Y-159.3116

G1X94.7402Y-158.1406

G1X96.8858Y-157.7586

G1X98.6227Y-157.5614

G1X100.3597Y-157.4757

G1X102.1988Y-157.4992

G1X104.2422Y-157.6357

G1X113.8463Y-158.6813

G1X118.7505Y-158.9168

G1X123.3483Y-158.9188

G1X137.7545Y-158.5644

G1X147.4608Y-158.4786

G1X156.3497Y-158.5558

G1X174.9449Y-158.9379

G1X179.0318Y-158.8794

G1X182.7100Y-158.7034

G1X186.2860Y-158.4093

G1X193.6423Y-157.6395

G1X197.2184Y-157.4713

G1X199.3640Y-157.5467

G1X201.4074Y-157.7744

G1X203.6552Y-158.1923

G1X208.5594Y-159.3196

G1X209.9898Y-159.5269

G1X211.3180Y-159.5948

G1X212.8506Y-159.4860

G1X214.2810Y-159.1897

G1X215.7917Y-158.6929

G1X219.6961Y-157.1194

G1X220.8200Y-156.8192

G1X222.0461Y-156.6911

G1X223.2721Y-156.8175

G1X224.4252Y-157.1798

G1X225.6902Y-157.8136

G1X228.3467Y-159.4992

G1X229.2638Y-159.9905

G1X230.3220Y-160.3781

G1X231.3437Y-160.4963

G1X232.3654Y-160.3130

G1X233.3054Y-159.8854

G1X234.4148Y-159.1069

G1X236.6025Y-157.1489

G1X237.6719Y-156.3213

G1X238.7000Y-155.8103

G1X239.5174Y-155.6666

G1X240.4370Y-155.8394

G1X241.4076Y-156.3966

G1X242.4212Y-157.3189

G1X244.5289Y-159.7840

G1X245.5876Y-160.8444

G1X246.5308Y-161.4517

G1X247.3846Y-161.6463

G1X248.2385Y-161.4307

G1X249.1323Y-160.8023

G1X250.2143Y-159.5669

G1X252.3353Y-156.4963

G1X253.2141Y-155.4331

G1X254.1279Y-154.6675

G1X254.6388Y-154.4551

G1X255.0475Y-154.3964

G1X255.5311Y-154.4735

G1X255.9739Y-154.6882

G1X256.5051Y-155.1007

G1X257.0445Y-155.6790

G1X258.1637Y-157.3109

G1X260.2795Y-160.8967

G1X261.2572Y-162.1620

G1X262.0973Y-162.8425

G1X262.5060Y-162.9939

G1X262.9147Y-163.0332

G1X263.4015Y-162.9239

G1X263.8703Y-162.6450

G1X264.8730Y-161.5852

G1X266.0747Y-159.6276

G1X268.4395Y-155.2131

G1X269.3668Y-153.9150

G1X270.0594Y-153.2539

G1X270.5338Y-152.9919

G1X271.0082Y-152.8803

G1X271.4699Y-152.9294

G1X271.9126Y-153.1283

G1X272.8520Y-153.9633

G1X273.9493Y-155.5805

G1 Z0F20000

(Start Block)


G1X22.9136Y-158.3704
G1Z5F20000
(Plotting speed under)
G1 F4000


G1X25.6722Y-159.3021

G1X28.0222Y-159.8318

G1X30.1678Y-159.9920

G1X32.2112Y-159.7966

G1X33.9189Y-159.3587

G1X35.7215Y-158.6463

G1X37.6127Y-157.6883

G1X41.2432Y-155.6548

G1X43.1217Y-154.7778

G1X44.9827Y-154.2009

G1X46.7196Y-154.0118

G1X48.2521Y-154.1518

G1X49.8577Y-154.5925

G1X51.5654Y-155.3308

G1X55.3604Y-157.3711

G1X56.8783Y-158.0760

G1X58.5715Y-158.6228

G1X60.2062Y-158.8396

G1X61.6366Y-158.7601

G1X63.0670Y-158.4460

G1X64.6580Y-157.8767

G1X68.0734Y-156.3284

G1X69.7082Y-155.6818

G1X71.4451Y-155.2136

G1X73.0798Y-155.0404

G1X74.4081Y-155.0998

G1X75.8385Y-155.3444

G1X77.4659Y-155.7965

G1X80.8814Y-156.9761

G1X82.4796Y-157.4484

G1X84.2166Y-157.7979

G1X85.9535Y-157.9383

G1X87.4860Y-157.8861

G1X89.2230Y-157.6574

G1X94.5359Y-156.4739

G1X96.4771Y-156.1167

G1X98.2140Y-155.9093

G1X99.9510Y-155.8213

G1X101.6879Y-155.8458

G1X103.7313Y-155.9913

G1X112.8246Y-157.0327

G1X117.5245Y-157.2670

G1X122.6331Y-157.2432

G1X137.8566Y-156.8025

G1X147.1543Y-156.7214

G1X157.1671Y-156.8187

G1X176.4775Y-157.2842

G1X180.2579Y-157.2272

G1X183.7317Y-157.0531

G1X187.1034Y-156.7635

G1X194.1532Y-155.9939

G1X197.7292Y-155.8174

G1X199.7726Y-155.8918

G1X201.8161Y-156.1261

G1X203.8595Y-156.5126

G1X208.6616Y-157.6431

G1X210.0920Y-157.8629

G1X211.4202Y-157.9410

G1X212.8506Y-157.8532

G1X214.3832Y-157.5445

G1X215.8866Y-157.0459

G1X219.9004Y-155.4213

G1X221.0244Y-155.1390

G1X222.1483Y-155.0378

G1X223.3743Y-155.1792

G1X224.5201Y-155.5569

G1X225.7787Y-156.2061

G1X228.2581Y-157.7970

G1X229.1689Y-158.2984

G1X230.2198Y-158.7052

G1X231.2415Y-158.8438

G1X232.2632Y-158.6797

G1X233.2168Y-158.2593

G1X234.3367Y-157.4774

G1X236.5244Y-155.5093

G1X237.5889Y-154.6801

G1X238.4957Y-154.2052

G1X239.4152Y-154.0122

G1X240.3348Y-154.1783

G1X241.2416Y-154.6792

G1X242.3374Y-155.6691

G1X244.5289Y-158.2399

G1X245.5095Y-159.2083

G1X246.4359Y-159.8024

G1X247.2897Y-159.9927

G1X248.1436Y-159.7689

G1X248.9925Y-159.1749

G1X250.1566Y-157.8311

G1X252.2749Y-154.7557

G1X253.0665Y-153.8019

G1X253.9520Y-153.0351

G1X254.4345Y-152.8221

G1X254.9453Y-152.7453

G1X255.4370Y-152.8330

G1X255.9351Y-153.0974

G1X256.9710Y-154.1071

G1X258.1126Y-155.8130

G1X260.1135Y-159.2135

G1X261.0359Y-160.4320

G1X261.8476Y-161.1412

G1X262.3017Y-161.3303

G1X262.7104Y-161.3792

G1X263.2212Y-161.2761

G1X263.6923Y-161.0078

G1X264.2089Y-160.5287

G1X264.7579Y-159.8622

G1X265.9798Y-157.8321

G1X268.3809Y-153.3707

G1X269.2655Y-152.1748

G1X269.9645Y-151.5370

G1X270.4754Y-151.2940

G1X270.9863Y-151.2285

G1X271.4588Y-151.3354

G1X271.8739Y-151.5701

G1X272.8424Y-152.5358

G1X273.9493Y-154.2700

G1 Z0F20000

(Start Block)


G1X22.9136Y-156.5070
G1Z5F20000
(Plotting speed under)
G1 F4000


G1X25.9787Y-157.5590

G1X28.3287Y-158.1223

G1X30.5765Y-158.3384

G1X32.7221Y-158.1729

G1X34.4590Y-157.7531

G1X36.3857Y-157.0091

G1X38.0554Y-156.1752

G1X42.0781Y-153.9332

G1X43.8807Y-153.0988

G1X45.6979Y-152.5430

G1X47.4348Y-152.3586

G1X48.9673Y-152.5059

G1X50.4999Y-152.9308

G1X52.3118Y-153.7208

G1X55.8537Y-155.6510

G1X57.4476Y-156.4061

G1X59.1845Y-156.9733

G1X60.8192Y-157.1867

G1X62.1475Y-157.1116

G1X63.5779Y-156.7980

G1X65.3221Y-156.1581

G1X68.7375Y-154.5849

G1X70.2555Y-153.9877

G1X71.8538Y-153.5582

G1X73.4885Y-153.3856

G1X74.8168Y-153.4523

G1X76.1450Y-153.6867

G1X77.6557Y-154.1112

G1X82.5818Y-155.7751

G1X84.3187Y-156.1392

G1X86.0556Y-156.2847

G1X87.5882Y-156.2283

G1X89.3251Y-155.9878

G1X94.3315Y-154.8360

G1X96.2728Y-154.4655

G1X98.0097Y-154.2525

G1X99.6445Y-154.1679

G1X101.3814Y-154.1944

G1X103.2205Y-154.3292

G1X112.1094Y-155.3879

G1X116.6050Y-155.6165

G1X121.5092Y-155.5809

G1X136.5284Y-155.0845

G1X146.8477Y-154.9839

G1X157.8823Y-155.0984

G1X172.7994Y-155.5564

G1X177.6014Y-155.6306

G1X181.0752Y-155.5766

G1X184.4469Y-155.4020

G1X187.7164Y-155.1107

G1X194.5619Y-154.3393

G1X198.0357Y-154.1637

G1X200.0792Y-154.2420

G1X202.0204Y-154.4706

G1X204.0638Y-154.8651

G1X208.7637Y-155.9892

G1X210.1941Y-156.2110

G1X211.5224Y-156.2873

G1X212.9528Y-156.1926

G1X214.3832Y-155.8999

G1X215.8866Y-155.3992

G1X219.7983Y-153.7954

G1X220.9222Y-153.4988

G1X222.0461Y-153.3839

G1X223.2721Y-153.5126

G1X224.4252Y-153.8846

G1X225.6017Y-154.4816

G1X228.2581Y-156.1871

G1X229.1689Y-156.6818

G1X230.2198Y-157.0727

G1X231.2415Y-157.1883

G1X232.2632Y-156.9966

G1X233.2168Y-156.5499

G1X234.3367Y-155.7418

G1X236.5244Y-153.7618

G1X237.5059Y-153.0089

G1X238.3935Y-152.5464

G1X239.3131Y-152.3579

G1X240.1742Y-152.5109

G1X241.1341Y-153.0354

G1X242.2709Y-154.0798

G1X244.3961Y-156.5862

G1X245.3532Y-157.5329

G1X246.2607Y-158.1341

G1X246.7716Y-158.2998

G1X247.1803Y-158.3373

G1X248.0045Y-158.1147

G1X248.9121Y-157.4628

G1X250.0988Y-156.0545

G1X252.0938Y-153.1491

G1X252.7757Y-152.2949

G1X253.7914Y-151.3847

G1X254.2301Y-151.1814

G1X254.7410Y-151.0940

G1X255.2518Y-151.1714

G1X255.6665Y-151.3674

G1X256.6041Y-152.2105

G1X257.4907Y-153.4321

G1X259.2876Y-156.4888

G1X260.4937Y-158.3443

G1X261.0576Y-158.9786

G1X261.6045Y-159.4388

G1X261.9952Y-159.6393

G1X262.5060Y-159.7263

G1X263.0169Y-159.6307

G1X263.5331Y-159.3462

G1X264.0225Y-158.8899

G1X264.5817Y-158.2007

G1X265.4179Y-156.8668

G1X268.2644Y-151.6136

G1X269.1528Y-150.4426

G1X269.8908Y-149.8107

G1X270.3733Y-149.6155

G1X270.8841Y-149.5851

G1X271.3709Y-149.7269

G1X271.7616Y-149.9713

G1X272.7804Y-151.0585

G1X273.9493Y-152.9751

G1 Z0F20000

(Start Block)


G1X22.9136Y-154.5806
G1Z5F20000
(Plotting speed under)
G1 F4000


G1X26.3874Y-155.7966

G1X28.8395Y-156.4174

G1X31.1895Y-156.6805

G1X33.3351Y-156.5515

G1X35.1523Y-156.1386

G1X37.1446Y-155.3820

G1X39.0294Y-154.4380

G1X42.7485Y-152.3513

G1X44.7345Y-151.4256

G1X46.5152Y-150.8834

G1X48.2521Y-150.7047

G1X49.6825Y-150.8410

G1X51.2808Y-151.2839

G1X52.9885Y-152.0349

G1X56.6886Y-154.0616

G1X58.2066Y-154.7801

G1X59.8997Y-155.3307

G1X61.4323Y-155.5324

G1X62.8627Y-155.4470

G1X64.2785Y-155.1197

G1X65.7965Y-154.5553

G1X69.1170Y-153.0000

G1X70.6350Y-152.3797

G1X72.2625Y-151.9199

G1X73.8972Y-151.7334

G1X75.1233Y-151.7851

G1X76.4515Y-152.0107

G1X77.9841Y-152.4437

G1X82.8883Y-154.1305

G1X84.6253Y-154.4967

G1X86.2600Y-154.6312

G1X87.7926Y-154.5704

G1X89.4273Y-154.3372

G1X94.4337Y-153.1577

G1X96.2728Y-152.8025

G1X97.9076Y-152.5985

G1X99.4401Y-152.5153

G1X101.1770Y-152.5410

G1X103.0161Y-152.6813

G1X111.5985Y-153.7414

G1X115.8897Y-153.9646

G1X120.4875Y-153.9250

G1X135.4045Y-153.3820

G1X146.5412Y-153.2661

G1X158.3931Y-153.3930

G1X173.7189Y-153.9014

G1X178.3166Y-153.9769

G1X181.7904Y-153.9184

G1X184.9578Y-153.7451

G1X194.7662Y-152.6849

G1X198.1379Y-152.5101

G1X200.1813Y-152.5889

G1X202.1226Y-152.8227

G1X204.0638Y-153.2030

G1X208.7637Y-154.3388

G1X210.0920Y-154.5496

G1X211.4202Y-154.6336

G1X212.8506Y-154.5454

G1X214.3832Y-154.2282

G1X215.8866Y-153.7159

G1X219.5939Y-152.1761

G1X220.7178Y-151.8631

G1X221.9439Y-151.7302

G1X223.0678Y-151.8411

G1X224.2355Y-152.2021

G1X225.4245Y-152.7966

G1X228.8843Y-154.9575

G1X230.0228Y-155.4074

G1X231.0372Y-155.5349

G1X232.0151Y-155.3760

G1X233.0231Y-154.9245

G1X234.2586Y-154.0261

G1X236.3681Y-152.1085

G1X237.2901Y-151.3975

G1X238.1892Y-150.9071

G1X239.2109Y-150.7049

G1X240.0793Y-150.8824

G1X241.0560Y-151.4458

G1X242.2045Y-152.5358

G1X244.3297Y-155.0460

G1X245.1432Y-155.8419

G1X246.0564Y-156.4705

G1X246.9759Y-156.6814

G1X247.3846Y-156.6322

G1X247.8274Y-156.4654

G1X248.7793Y-155.7677

G1X250.0411Y-154.2331

G1X251.8753Y-151.5586

G1X252.6343Y-150.5919

G1X253.6937Y-149.6847

G1X254.1279Y-149.5004

G1X254.6388Y-149.4422

G1X255.0475Y-149.5138

G1X255.5016Y-149.7214

G1X256.3871Y-150.5225

G1X257.2356Y-151.6583

G1X259.2365Y-155.0636

G1X260.3782Y-156.7799

G1X260.9160Y-157.3700

G1X261.4141Y-157.7776

G1X261.8291Y-157.9938

G1X262.2798Y-158.0755

G1X262.7541Y-158.0009

G1X263.3234Y-157.7073

G1X264.2531Y-156.7301

G1X265.1625Y-155.3380

G1X267.1658Y-151.5265

G1X268.1382Y-149.8616

G1X269.0270Y-148.7178

G1X269.8083Y-148.0955

G1X270.2711Y-147.9404

G1X270.7819Y-147.9478

G1X271.2928Y-148.1358

G1X271.7355Y-148.4545

G1X272.7743Y-149.6772

G1X273.9493Y-151.6965

G1 Z0F20000

(Start Block)


G1X22.9136Y-152.5870
G1Z5F20000
(Plotting speed under)
G1 F4000


G1X26.7085Y-153.9483

G1X29.4526Y-154.6977

G1X31.9047Y-155.0189

G1X33.0286Y-155.0196

G1X34.1525Y-154.9167

G1X36.0937Y-154.4861

G1X37.9985Y-153.7679

G1X39.8264Y-152.8571

G1X43.8111Y-150.6189

G1X45.5884Y-149.7905

G1X47.3326Y-149.2456

G1X48.9673Y-149.0521

G1X50.4999Y-149.1800

G1X52.1347Y-149.6331

G1X53.8424Y-150.3921

G1X57.3590Y-152.3465

G1X58.9655Y-153.1210

G1X60.7171Y-153.6918

G1X62.3518Y-153.8821

G1X63.6801Y-153.7749

G1X65.0083Y-153.4511

G1X66.5554Y-152.8586

G1X69.8760Y-151.2813

G1X71.2991Y-150.6994

G1X72.8755Y-150.2549

G1X74.4081Y-150.0802

G1X75.6342Y-150.1327

G1X76.9624Y-150.3651

G1X78.5971Y-150.8448

G1X81.8301Y-152.0311

G1X83.2970Y-152.4916

G1X84.9317Y-152.8414

G1X86.5665Y-152.9782

G1X88.0991Y-152.9121

G1X89.6316Y-152.6860

G1X94.4337Y-151.5278

G1X96.2728Y-151.1586

G1X97.9076Y-150.9465

G1X99.4401Y-150.8613

G1X101.0749Y-150.8857

G1X102.9139Y-151.0291

G1X111.1899Y-152.0859

G1X115.3789Y-152.3118

G1X119.9766Y-152.2628

G1X134.5872Y-151.6908

G1X146.2347Y-151.5663

G1X158.8018Y-151.7036

G1X174.1276Y-152.2428

G1X178.7253Y-152.3232

G1X181.9948Y-152.2679

G1X185.1621Y-152.0915

G1X194.7662Y-151.0322

G1X198.1379Y-150.8564

G1X200.0792Y-150.9320

G1X202.0204Y-151.1659

G1X203.9617Y-151.5486

G1X208.6616Y-152.6918

G1X209.9898Y-152.9008

G1X211.3180Y-152.9802

G1X212.7484Y-152.8842

G1X214.1788Y-152.5854

G1X215.6968Y-152.0702

G1X219.4918Y-150.4943

G1X220.7178Y-150.1739

G1X221.8417Y-150.0770

G1X222.9656Y-150.2064

G1X224.0457Y-150.5491

G1X225.2475Y-151.1519

G1X228.7009Y-153.3160

G1X229.8330Y-153.7570

G1X230.8328Y-153.8799

G1X231.8253Y-153.7195

G1X232.8571Y-153.2481

G1X234.1805Y-152.2631

G1X236.2118Y-150.4146

G1X237.0244Y-149.7857

G1X237.9984Y-149.2432

G1X239.0066Y-149.0535

G1X239.8896Y-149.2339

G1X240.8911Y-149.8242

G1X242.1381Y-151.0410

G1X244.7282Y-154.0089

G1X245.8073Y-154.7991

G1X246.2607Y-154.9642

G1X246.7716Y-155.0251

G1X247.1803Y-154.9756

G1X247.6337Y-154.8084

G1X248.6298Y-154.0517

G1X249.5351Y-152.9805

G1X251.3116Y-150.3993

G1X252.4445Y-148.9168

G1X253.4945Y-148.0319

G1X253.9372Y-147.8388

G1X254.3323Y-147.7845

G1X254.7410Y-147.8344

G1X255.2518Y-148.0446

G1X256.0531Y-148.7237

G1X257.0541Y-150.0347

G1X259.1854Y-153.6672

G1X260.2443Y-155.2110

G1X260.6669Y-155.6813

G1X261.1982Y-156.1129

G1X261.6410Y-156.3425

G1X262.0900Y-156.4257

G1X262.5644Y-156.3438

G1X263.0388Y-156.1036

G1X263.5131Y-155.7155

G1X264.0191Y-155.1204

G1X264.9960Y-153.6254

G1X267.0709Y-149.6709

G1X267.9433Y-148.2024

G1X268.8023Y-147.0834

G1X269.6325Y-146.4307

G1X270.1543Y-146.2718

G1X270.6287Y-146.3048

G1X271.1031Y-146.4940

G1X271.6248Y-146.8810

G1X272.7232Y-148.2538

G1X273.9493Y-150.4351

G1 Z0F20000

(Start Block)


G1X22.9136Y-150.5234
G1Z5F20000
(Plotting speed under)
G1 F4000


G1X26.8983Y-151.9835

G1X29.4526Y-152.7812

G1X31.7004Y-153.2444

G1X33.6416Y-153.3778

G1X35.7872Y-153.1725

G1X37.9036Y-152.5846

G1X40.2691Y-151.5254

G1X44.5195Y-149.1296

G1X46.2525Y-148.2750

G1X48.1500Y-147.6286

G1X49.8869Y-147.3993

G1X51.4195Y-147.5214

G1X52.9885Y-147.9528

G1X54.8797Y-148.8054

G1X58.3331Y-150.7518

G1X59.8194Y-151.4734

G1X61.5344Y-152.0380

G1X63.1692Y-152.2287

G1X64.3953Y-152.1324

G1X65.7965Y-151.7889

G1X67.2195Y-151.2371

G1X70.4453Y-149.6763

G1X71.8684Y-149.0756

G1X73.4885Y-148.6043

G1X75.0211Y-148.4260

G1X76.2472Y-148.4818

G1X77.5754Y-148.7241

G1X78.9839Y-149.1423

G1X83.7057Y-150.8316

G1X85.3404Y-151.1888

G1X86.8730Y-151.3235

G1X88.0991Y-151.2889

G1X89.4273Y-151.1250

G1X95.9663Y-149.5907

G1X97.8054Y-149.3166

G1X99.5423Y-149.2076

G1X101.1770Y-149.2340

G1X102.9139Y-149.3735

G1X110.9855Y-150.4322

G1X115.0724Y-150.6588

G1X119.4657Y-150.6090

G1X133.8720Y-150.0138

G1X145.9282Y-149.8818

G1X158.9040Y-150.0240

G1X174.2298Y-150.5852

G1X178.8275Y-150.6696

G1X181.9948Y-150.6150

G1X185.0599Y-150.4426

G1X194.5619Y-149.3818

G1X197.9335Y-149.2027

G1X199.8748Y-149.2791

G1X201.8161Y-149.5158

G1X203.7573Y-149.9020

G1X208.4572Y-151.0476

G1X209.8876Y-151.2638

G1X211.1137Y-151.3263

G1X212.5441Y-151.2222

G1X213.9745Y-150.9145

G1X215.6019Y-150.3484

G1X219.2071Y-148.8449

G1X220.4113Y-148.5275

G1X221.5352Y-148.4243

G1X222.6591Y-148.5442

G1X223.8560Y-148.9266

G1X225.0703Y-149.5497

G1X227.3726Y-151.0484

G1X228.5237Y-151.7066

G1X229.6068Y-152.1110

G1X230.5263Y-152.2263

G1X231.5407Y-152.0745

G1X232.5843Y-151.5974

G1X233.6872Y-150.7996

G1X236.7588Y-148.1328

G1X237.8024Y-147.5673

G1X238.8022Y-147.4031

G1X239.6809Y-147.5952

G1X240.6549Y-148.1876

G1X241.6290Y-149.1121

G1X243.7495Y-151.5855

G1X244.5883Y-152.4579

G1X245.6136Y-153.1667

G1X246.0564Y-153.3249

G1X246.5672Y-153.3702

G1X246.9759Y-153.3088

G1X247.4628Y-153.1191

G1X248.3222Y-152.4577

G1X249.1958Y-151.4675

G1X251.2538Y-148.4859

G1X252.2991Y-147.1673

G1X253.2288Y-146.4008

G1X253.6716Y-146.1975

G1X254.1207Y-146.1264

G1X254.5001Y-146.1770

G1X254.9745Y-146.3702

G1X255.8189Y-147.0599

G1X256.8948Y-148.4870

G1X259.0833Y-152.2168

G1X260.0344Y-153.5688

G1X260.4772Y-154.0661

G1X260.9515Y-154.4454

G1X261.4259Y-154.6872

G1X261.9003Y-154.7729

G1X262.3494Y-154.6916

G1X262.7921Y-154.4649

G1X263.3234Y-154.0275

G1X263.8064Y-153.4640

G1X264.8414Y-151.8597

G1X266.9286Y-147.8838

G1X267.7307Y-146.5496

G1X268.5759Y-145.4346

G1X269.0790Y-144.9928

G1X269.5218Y-144.7327

G1X270.0594Y-144.6080

G1X270.5338Y-144.6824

G1X271.0082Y-144.9141

G1X271.5458Y-145.3535

G1X272.7194Y-146.9276

G1X273.9493Y-149.1917

G1 Z0F20000

(Start Block)


G1X22.9136Y-148.3911
G1Z5F20000
(Plotting speed under)
G1 F4000


G1X28.0368Y-150.2768

G1X30.4743Y-151.0611

G1X32.8242Y-151.5732

G1X34.8677Y-151.7243

G1X37.0133Y-151.5145

G1X39.1370Y-150.9120

G1X41.4140Y-149.8774

G1X45.4935Y-147.5501

G1X47.3910Y-146.6009

G1X49.1717Y-145.9858

G1X50.9086Y-145.7459

G1X52.4412Y-145.8663

G1X53.9372Y-146.2770

G1X55.6450Y-147.0400

G1X59.3071Y-149.1185

G1X60.7682Y-149.8341

G1X62.4540Y-150.3923

G1X63.9866Y-150.5750

G1X65.3148Y-150.4653

G1X66.6430Y-150.1257

G1X68.1683Y-149.5153

G1X71.2991Y-147.9733

G1X72.7222Y-147.3740

G1X74.3059Y-146.9254

G1X75.7363Y-146.7715

G1X76.9624Y-146.8379

G1X78.1884Y-147.0699

G1X79.6480Y-147.5144

G1X84.1144Y-149.1477

G1X85.7491Y-149.5230

G1X87.2817Y-149.6683

G1X88.5078Y-149.6367

G1X89.8360Y-149.4709

G1X96.2728Y-147.9332

G1X98.1119Y-147.6567

G1X99.8488Y-147.5521

G1X101.3814Y-147.5812

G1X103.1183Y-147.7265

G1X110.9855Y-148.7818

G1X114.9702Y-149.0058

G1X119.1592Y-148.9569

G1X133.4633Y-148.3445

G1X145.6217Y-148.2101

G1X158.8018Y-148.3552

G1X174.1276Y-148.9315

G1X178.6231Y-149.0160

G1X181.7904Y-148.9601

G1X184.7534Y-148.7913

G1X194.1532Y-147.7335

G1X197.6271Y-147.5494

G1X199.5683Y-147.6303

G1X201.4074Y-147.8557

G1X203.3486Y-148.2406

G1X208.1507Y-149.4056

G1X209.4789Y-149.6053

G1X210.7050Y-149.6721

G1X212.0332Y-149.5880

G1X213.4636Y-149.3013

G1X214.9378Y-148.8124

G1X219.0174Y-147.1384

G1X220.2070Y-146.8497

G1X221.2287Y-146.7713

G1X222.3526Y-146.8978

G1X223.5713Y-147.2973

G1X224.8933Y-147.9939

G1X227.1955Y-149.4944

G1X228.2202Y-150.0635

G1X229.3003Y-150.4602

G1X230.2198Y-150.5747

G1X231.2415Y-150.4120

G1X232.2428Y-149.9556

G1X233.2429Y-149.2561

G1X235.3568Y-147.3575

G1X236.5097Y-146.4347

G1X237.5178Y-145.9101

G1X238.3935Y-145.7472

G1X239.3131Y-145.9153

G1X240.2454Y-146.4517

G1X241.2328Y-147.3430

G1X243.2671Y-149.7254

G1X244.3592Y-150.8550

G1X245.3923Y-151.5370

G1X245.8666Y-151.6920

G1X246.2461Y-151.7217

G1X247.1000Y-151.5022

G1X247.9749Y-150.8751

G1X248.9543Y-149.7753

G1X251.1383Y-146.6154

G1X252.0684Y-145.4826

G1X252.5577Y-145.0176

G1X252.9822Y-144.7359

G1X253.4565Y-144.5344

G1X253.9309Y-144.4728

G1X254.3800Y-144.5619

G1X254.9113Y-144.8401

G1X255.4172Y-145.2545

G1X255.8600Y-145.7504

G1X256.8866Y-147.2254

G1X259.0730Y-150.9385

G1X260.0378Y-152.2040

G1X260.8567Y-152.8874

G1X261.3310Y-153.0747

G1X261.7105Y-153.1146

G1X262.1612Y-153.0224

G1X262.5763Y-152.7973

G1X263.0743Y-152.3754

G1X263.6001Y-151.7734

G1X264.7465Y-149.9518

G1X267.3713Y-145.0908

G1X268.3833Y-143.7438

G1X268.8260Y-143.3557

G1X269.3004Y-143.0806

G1X269.7748Y-142.9584

G1X270.3187Y-143.0278

G1X270.8501Y-143.3048

G1X271.4135Y-143.7911

G1X271.9569Y-144.4626

G1X272.6685Y-145.5542

G1X273.9493Y-147.9669

G1 Z0F20000

(Start Block)


G1X22.9136Y-146.1961
G1Z5F20000
(Plotting speed under)
G1 F4000


G1X29.4599Y-148.6089

G1X31.5982Y-149.3211

G1X33.9481Y-149.8780

G1X35.9916Y-150.0700

G1X37.1155Y-150.0306

G1X38.1372Y-149.8973

G1X39.2610Y-149.6416

G1X40.3703Y-149.2796

G1X42.6473Y-148.2363

G1X46.7332Y-145.8737

G1X48.5295Y-144.9630

G1X50.3978Y-144.3131

G1X52.1347Y-144.0903

G1X53.5651Y-144.2168

G1X55.0757Y-144.6451

G1X56.7392Y-145.4070

G1X60.0155Y-147.3049

G1X61.6220Y-148.1267

G1X63.2714Y-148.7063

G1X64.8039Y-148.9187

G1X66.0300Y-148.8421

G1X67.3582Y-148.5267

G1X68.8324Y-147.9483

G1X71.9632Y-146.3850

G1X73.3864Y-145.7631

G1X74.9190Y-145.3010

G1X76.4515Y-145.1181

G1X77.6776Y-145.1842

G1X78.9036Y-145.4222

G1X80.3121Y-145.8598

G1X83.4430Y-147.0735

G1X84.8296Y-147.5324

G1X86.3622Y-147.8789

G1X87.8947Y-148.0168

G1X89.3251Y-147.9556

G1X90.7555Y-147.7378

G1X95.4554Y-146.5432

G1X97.1923Y-146.1798

G1X98.6227Y-145.9864

G1X100.1553Y-145.8985

G1X101.6879Y-145.9282

G1X103.3226Y-146.0664

G1X111.0877Y-147.1259

G1X114.9702Y-147.3512

G1X119.1592Y-147.3019

G1X133.2589Y-146.6841

G1X145.4174Y-146.5495

G1X158.4953Y-146.6964

G1X173.7189Y-147.2778

G1X178.2144Y-147.3624

G1X181.2796Y-147.3074

G1X184.2426Y-147.1382

G1X193.6423Y-146.0783

G1X197.0140Y-145.8957

G1X198.9553Y-145.9694

G1X200.8965Y-146.2028

G1X202.8378Y-146.5866

G1X207.4355Y-147.7090

G1X208.8659Y-147.9382

G1X210.1941Y-148.0190

G1X211.6246Y-147.9261

G1X213.0549Y-147.6323

G1X214.5583Y-147.1286

G1X218.4700Y-145.5212

G1X219.5939Y-145.2269

G1X220.7178Y-145.1155

G1X221.9439Y-145.2485

G1X223.0970Y-145.6236

G1X224.2734Y-146.2221

G1X227.7458Y-148.3697

G1X228.7894Y-148.7793

G1X229.8111Y-148.9215

G1X230.8328Y-148.7639

G1X231.8000Y-148.3422

G1X233.0085Y-147.4896

G1X235.1962Y-145.5209

G1X236.1777Y-144.7654

G1X237.1675Y-144.2568

G1X238.0870Y-144.0900

G1X239.0066Y-144.2821

G1X239.8840Y-144.7818

G1X240.9427Y-145.7401

G1X243.1343Y-148.3012

G1X244.1031Y-149.2582

G1X245.0347Y-149.8680

G1X245.5455Y-150.0340

G1X245.9542Y-150.0699

G1X246.8154Y-149.8295

G1X247.6642Y-149.2241

G1X248.8284Y-147.8743

G1X250.9467Y-144.8129

G1X251.7383Y-143.8673

G1X252.6237Y-143.1088

G1X253.1062Y-142.8985

G1X253.6171Y-142.8234

G1X254.0258Y-142.8844

G1X254.4409Y-143.0677

G1X255.4144Y-143.9037

G1X256.6822Y-145.7065

G1X258.5086Y-148.8114

G1X259.2833Y-149.9738

G1X259.8552Y-150.6393

G1X260.3718Y-151.1020

G1X260.8713Y-151.3666

G1X261.3821Y-151.4579

G1X261.8930Y-151.3689

G1X262.3858Y-151.0985

G1X262.9327Y-150.5962

G1X263.4828Y-149.9292

G1X264.6990Y-147.9177

G1X266.8483Y-143.8826

G1X267.8394Y-142.4416

G1X268.3042Y-141.9318

G1X268.7312Y-141.5978

G1X269.2055Y-141.3747

G1X269.6799Y-141.3038

G1X270.1306Y-141.3873

G1X270.5457Y-141.6011

G1X271.5238Y-142.5332

G1X272.7159Y-144.3777

G1X273.9493Y-146.7608

G1 Z0F20000

(Start Block)


G1X22.9136Y-143.9515
G1Z5F20000
(Plotting speed under)
G1 F4000


G1X25.6649Y-144.8687

G1X30.8830Y-146.8816

G1X33.1307Y-147.6572

G1X35.3785Y-148.2096

G1X37.4219Y-148.4156

G1X38.5458Y-148.3787

G1X39.5676Y-148.2438

G1X40.5893Y-148.0109

G1X41.6986Y-147.6493

G1X43.9755Y-146.5942

G1X47.9729Y-144.2427

G1X49.7628Y-143.3170

G1X51.6238Y-142.6580

G1X52.5433Y-142.4894

G1X53.3607Y-142.4364

G1X54.7911Y-142.5747

G1X56.3091Y-143.0266

G1X57.8903Y-143.7719

G1X61.2552Y-145.7535

G1X62.6656Y-146.4788

G1X64.2931Y-147.0564

G1X65.8256Y-147.2662

G1X67.0517Y-147.1797

G1X68.3581Y-146.8543

G1X69.7811Y-146.2806

G1X73.0069Y-144.6425

G1X74.3351Y-144.0665

G1X75.8385Y-143.6237

G1X77.3711Y-143.4622

G1X78.6993Y-143.5680

G1X80.1224Y-143.9016

G1X84.3917Y-145.5201

G1X85.9535Y-146.0075

G1X87.3839Y-146.2817

G1X88.7121Y-146.3649

G1X89.9382Y-146.2984

G1X91.3686Y-146.0728

G1X95.8641Y-144.9096

G1X97.7032Y-144.5190

G1X99.3379Y-144.3082

G1X100.9727Y-144.2423

G1X103.9357Y-144.4396

G1X111.4964Y-145.4852

G1X113.8463Y-145.6530

G1X116.2984Y-145.7087

G1X119.8744Y-145.6274

G1X132.6459Y-145.0492

G1X144.8043Y-144.8995

G1X157.2692Y-145.0297

G1X173.7189Y-145.6469

G1X179.0318Y-145.6951

G1X183.8339Y-145.4587

G1X193.0293Y-144.4157

G1X195.0728Y-144.2703

G1X196.8097Y-144.2460

G1X198.5466Y-144.3383

G1X200.2835Y-144.5579

G1X202.2248Y-144.9417

G1X207.1290Y-146.1152

G1X208.5594Y-146.3157

G1X209.8876Y-146.3626

G1X211.2159Y-146.2467

G1X212.5441Y-145.9598

G1X214.1788Y-145.4021

G1X217.9738Y-143.8517

G1X219.2874Y-143.5342

G1X220.4113Y-143.4659

G1X221.5352Y-143.6190

G1X222.6226Y-143.9800

G1X223.8307Y-144.5945

G1X227.2841Y-146.7263

G1X228.3807Y-147.1407

G1X229.4024Y-147.2650

G1X230.4023Y-147.1066

G1X231.4459Y-146.6360

G1X232.7741Y-145.6637

G1X234.8836Y-143.7759

G1X235.6962Y-143.1591

G1X236.6702Y-142.6273

G1X237.6783Y-142.4386

G1X238.5614Y-142.6104

G1X239.5628Y-143.1813

G1X240.8099Y-144.3667

G1X242.8407Y-146.7364

G1X243.5660Y-147.4585

G1X244.5621Y-148.1747

G1X245.0347Y-148.3463

G1X245.5455Y-148.4121

G1X245.9542Y-148.3672

G1X246.4106Y-148.2031

G1X247.3846Y-147.4967

G1X248.4472Y-146.2486

G1X250.5471Y-143.2542

G1X251.3061Y-142.3055

G1X252.3655Y-141.4148

G1X252.7997Y-141.2328

G1X253.3106Y-141.1732

G1X253.7193Y-141.2409

G1X254.1734Y-141.4410

G1X255.0588Y-142.2185

G1X255.9628Y-143.4122

G1X257.9594Y-146.7661

G1X259.1077Y-148.4828

G1X259.6707Y-149.0966

G1X260.1688Y-149.5049

G1X260.5839Y-149.7202

G1X261.0756Y-149.8058

G1X261.4843Y-149.7489

G1X261.9952Y-149.5190

G1X262.4146Y-149.1876

G1X262.9040Y-148.6508

G1X263.8853Y-147.2162

G1X265.9324Y-143.3868

G1X267.2018Y-141.2697

G1X267.8246Y-140.5088

G1X268.3411Y-140.0335

G1X268.8407Y-139.7561

G1X269.3515Y-139.6533

G1X269.8624Y-139.7293

G1X270.3552Y-139.9816

G1X270.8240Y-140.3805

G1X271.4035Y-141.0390

G1X272.6668Y-143.0688

G1X273.9493Y-145.5729

G1 Z0F20000

(Start Block)


G1X22.9136Y-141.6787
G1Z5F20000
(Plotting speed under)
G1 F4000


G1X26.8034Y-142.9043

G1X32.8753Y-145.3161

G1X34.8677Y-146.0167

G1X37.2176Y-146.5931

G1X39.2610Y-146.7630

G1X40.2828Y-146.7073

G1X41.3045Y-146.5496

G1X43.3114Y-145.9437

G1X45.4935Y-144.8938

G1X49.3011Y-142.6032

G1X50.9962Y-141.7027

G1X52.8499Y-141.0193

G1X54.4846Y-140.7849

G1X55.9150Y-140.9018

G1X57.4476Y-141.3496

G1X59.0415Y-142.1070

G1X62.4063Y-144.1227

G1X63.8990Y-144.8915

G1X65.4170Y-145.4198

G1X66.9495Y-145.6143

G1X68.2778Y-145.4876

G1X69.7811Y-145.0433

G1X71.1094Y-144.4511

G1X74.2402Y-142.8344

G1X75.6633Y-142.2546

G1X76.9624Y-141.9208

G1X78.2906Y-141.8095

G1X79.5167Y-141.9152

G1X80.8449Y-142.2273

G1X85.0558Y-143.8434

G1X86.5665Y-144.3294

G1X87.9969Y-144.6186

G1X89.4273Y-144.7118

G1X90.7555Y-144.6267

G1X92.0838Y-144.4033

G1X96.5793Y-143.2227

G1X98.2140Y-142.8729

G1X99.8488Y-142.6567

G1X101.4836Y-142.5882

G1X104.3443Y-142.7760

G1X111.9051Y-143.8301

G1X114.2550Y-143.9993

G1X116.7071Y-144.0550

G1X120.1810Y-143.9772

G1X132.8502Y-143.4060

G1X144.4978Y-143.2603

G1X156.3497Y-143.3848

G1X172.6972Y-143.9928

G1X178.1123Y-144.0403

G1X182.8122Y-143.8100

G1X192.2120Y-142.7549

G1X194.1532Y-142.6186

G1X195.9923Y-142.5933

G1X197.7292Y-142.6865

G1X199.4661Y-142.9045

G1X201.4074Y-143.2838

G1X206.2095Y-144.4285

G1X207.7420Y-144.6528

G1X209.1724Y-144.7083

G1X210.5007Y-144.5953

G1X211.8289Y-144.3150

G1X213.3250Y-143.8200

G1X217.3461Y-142.1996

G1X218.5722Y-141.8984

G1X219.6961Y-141.8100

G1X220.9149Y-141.9582

G1X222.0534Y-142.3340

G1X223.4765Y-143.0728

G1X225.7787Y-144.5437

G1X226.7970Y-145.0970

G1X227.8698Y-145.4898

G1X228.8916Y-145.6132

G1X229.9133Y-145.4430

G1X230.9146Y-144.9906

G1X231.9928Y-144.2407

G1X234.0242Y-142.4441

G1X235.2645Y-141.4659

G1X236.3793Y-140.9127

G1X237.2696Y-140.7883

G1X238.1756Y-140.9805

G1X239.1496Y-141.5630

G1X240.1143Y-142.4467

G1X242.0053Y-144.6256

G1X243.1786Y-145.8466

G1X244.1969Y-146.5399

G1X244.6396Y-146.7039

G1X245.1369Y-146.7580

G1X245.6477Y-146.6834

G1X246.0564Y-146.5277

G1X246.9158Y-145.9023

G1X247.8906Y-144.8228

G1X249.9256Y-141.9225

G1X251.0373Y-140.5393

G1X251.9891Y-139.7747

G1X252.4319Y-139.5782

G1X252.8873Y-139.5133

G1X253.2668Y-139.5636

G1X253.7412Y-139.7504

G1X254.1656Y-140.0305

G1X254.6549Y-140.5020

G1X255.6728Y-141.8322

G1X257.7979Y-145.3989

G1X258.8327Y-146.8871

G1X259.3387Y-147.4445

G1X259.8700Y-147.8599

G1X260.3127Y-148.0795

G1X260.7618Y-148.1577

G1X261.2362Y-148.0764

G1X261.8054Y-147.7780

G1X262.3114Y-147.3356

G1X262.8806Y-146.6325

G1X263.8153Y-145.1721

G1X265.9798Y-141.1282

G1X267.2527Y-139.1809

G1X267.7769Y-138.6277

G1X268.2457Y-138.2621

G1X268.6363Y-138.0742

G1X269.1472Y-137.9987

G1X269.6581Y-138.1017

G1X270.1743Y-138.3833

G1X270.6636Y-138.8263

G1X271.2928Y-139.5878

G1X272.4616Y-141.5085

G1X273.9493Y-144.4021

G1 Z0F20000

(Start Block)


G1X22.9136Y-139.4083
G1Z5F20000
(Plotting speed under)
G1 F4000


G1X25.3657Y-140.0250

G1X27.8470Y-140.8312

G1X34.6779Y-143.6355

G1X36.8089Y-144.4088

G1X38.9545Y-144.9416

G1X40.8958Y-145.1097

G1X42.8370Y-144.9109

G1X44.8294Y-144.3040

G1X46.9988Y-143.2382

G1X50.7179Y-140.9492

G1X52.4193Y-140.0286

G1X54.1781Y-139.3692

G1X55.8128Y-139.1308

G1X57.2432Y-139.2574

G1X58.6736Y-139.6867

G1X60.2811Y-140.4639

G1X63.6460Y-142.5160

G1X65.0375Y-143.2409

G1X66.6430Y-143.7956

G1X68.0734Y-143.9610

G1X69.4016Y-143.8192

G1X70.8248Y-143.3834

G1X72.2352Y-142.7365

G1X75.0941Y-141.2308

G1X76.5537Y-140.6164

G1X77.8819Y-140.2662

G1X79.1080Y-140.1553

G1X80.3340Y-140.2514

G1X81.6623Y-140.5611

G1X86.0046Y-142.2456

G1X87.4860Y-142.7134

G1X88.8143Y-142.9725

G1X90.1425Y-143.0575

G1X91.3686Y-142.9852

G1X92.6968Y-142.7689

G1X97.0902Y-141.6063

G1X98.8271Y-141.2257

G1X100.4618Y-141.0051

G1X102.0966Y-140.9350

G1X104.9574Y-141.1245

G1X112.5181Y-142.1803

G1X114.8680Y-142.3476

G1X117.3201Y-142.4015

G1X120.6918Y-142.3272

G1X133.1568Y-141.7749

G1X144.1913Y-141.6337

G1X155.3280Y-141.7524

G1X171.4711Y-142.3413

G1X176.8862Y-142.3864

G1X182.4035Y-142.0899

G1X191.5989Y-141.0606

G1X194.9706Y-140.9397

G1X196.7075Y-141.0313

G1X198.4444Y-141.2441

G1X200.3857Y-141.6151

G1X205.4943Y-142.8054

G1X207.0268Y-143.0129

G1X208.3551Y-143.0545

G1X209.6833Y-142.9407

G1X211.0115Y-142.6639

G1X212.5660Y-142.1556

G1X216.6456Y-140.5336

G1X217.9592Y-140.2261

G1X219.0831Y-140.1579

G1X220.2070Y-140.3017

G1X221.2944Y-140.6456

G1X222.5910Y-141.2865

G1X226.0444Y-143.3837

G1X227.2714Y-143.8439

G1X228.3807Y-143.9561

G1X229.3586Y-143.7770

G1X230.3667Y-143.3229

G1X231.6021Y-142.4456

G1X233.7898Y-140.5178

G1X234.8107Y-139.7617

G1X235.8392Y-139.2676

G1X236.7588Y-139.1305

G1X237.7075Y-139.3500

G1X238.5851Y-139.8607

G1X239.6949Y-140.8654

G1X241.8060Y-143.2921

G1X242.7749Y-144.2443

G1X243.6846Y-144.8593

G1X244.1589Y-145.0395

G1X244.6333Y-145.1100

G1X245.4871Y-144.9238

G1X246.4254Y-144.3014

G1X247.5657Y-143.0327

G1X249.7392Y-139.9494

G1X250.6314Y-138.8911

G1X251.5591Y-138.1338

G1X252.0334Y-137.9307

G1X252.5078Y-137.8579

G1X252.8746Y-137.9046

G1X253.3174Y-138.0807

G1X254.2788Y-138.8492

G1X255.4603Y-140.4343

G1X257.5854Y-143.9820

G1X258.4998Y-145.2529

G1X258.9891Y-145.7962

G1X259.4336Y-146.1552

G1X260.0028Y-146.4321

G1X260.4772Y-146.5029

G1X260.9326Y-146.4157

G1X261.4639Y-146.1247

G1X262.0555Y-145.5998

G1X262.5385Y-145.0049

G1X263.5694Y-143.3886

G1X265.8323Y-139.1887

G1X267.0062Y-137.4616

G1X267.9279Y-136.6284

G1X268.3707Y-136.4135

G1X268.8260Y-136.3402

G1X269.3004Y-136.4231

G1X269.8697Y-136.7168

G1X270.3630Y-137.1421

G1X270.9607Y-137.8625

G1X272.0080Y-139.5120

G1X273.9493Y-143.2466

G1 Z0F20000

(Start Block)


G1X22.9136Y-137.1802
G1Z5F20000
(Plotting speed under)
G1 F4000


G1X25.9787Y-137.8154

G1X28.9855Y-138.7283

G1X31.6420Y-139.7663

G1X36.8600Y-142.0715

G1X38.7575Y-142.7786

G1X40.7936Y-143.2949

G1X42.5305Y-143.4562

G1X43.5522Y-143.4068

G1X44.4718Y-143.2655

G1X46.4422Y-142.6521

G1X48.4156Y-141.6677

G1X52.1347Y-139.3280

G1X53.8424Y-138.3782

G1X55.6085Y-137.7046

G1X57.1411Y-137.4779

G1X58.5715Y-137.6044

G1X60.0092Y-138.0491

G1X61.6094Y-138.8470

G1X64.8857Y-140.8858

G1X66.1760Y-141.5704

G1X67.7669Y-142.1371

G1X69.1973Y-142.3069

G1X70.5255Y-142.1584

G1X71.9632Y-141.7007

G1X73.3864Y-141.0272

G1X75.9543Y-139.6446

G1X77.5754Y-138.9476

G1X78.8015Y-138.6190

G1X80.1297Y-138.5013

G1X81.4579Y-138.6322

G1X82.7789Y-138.9739

G1X86.5738Y-140.4862

G1X88.2013Y-141.0275

G1X89.5295Y-141.3046

G1X90.9599Y-141.4044

G1X92.1859Y-141.3300

G1X93.5142Y-141.1090

G1X98.0097Y-139.9098

G1X99.6445Y-139.5572

G1X101.2792Y-139.3434

G1X102.8118Y-139.2809

G1X105.6726Y-139.4706

G1X113.2333Y-140.5259

G1X115.5832Y-140.6927

G1X118.0353Y-140.7477

G1X121.5092Y-140.6743

G1X133.5654Y-140.1569

G1X143.8848Y-140.0222

G1X154.1019Y-140.1315

G1X169.9385Y-140.6897

G1X175.4558Y-140.7314

G1X178.3166Y-140.6273

G1X181.0752Y-140.4281

G1X190.3729Y-139.4034

G1X193.8467Y-139.2877

G1X195.5836Y-139.3827

G1X197.3205Y-139.5946

G1X199.3640Y-139.9817

G1X204.4725Y-141.1526

G1X206.0051Y-141.3574

G1X207.3334Y-141.4023

G1X208.7637Y-141.2831

G1X210.1941Y-140.9816

G1X211.7121Y-140.4858

G1X215.8136Y-138.8810

G1X217.0397Y-138.5901

G1X218.2657Y-138.5038

G1X219.3896Y-138.6399

G1X220.5354Y-138.9977

G1X221.8826Y-139.6610

G1X224.4505Y-141.2505

G1X225.5637Y-141.8339

G1X226.6438Y-142.2012

G1X227.6655Y-142.3038

G1X228.6872Y-142.1268

G1X229.6433Y-141.7038

G1X230.7817Y-140.9311

G1X234.0193Y-138.2267

G1X235.1459Y-137.6408

G1X236.1458Y-137.4798

G1X237.1130Y-137.6850

G1X238.0870Y-138.2549

G1X239.2677Y-139.3539

G1X241.4425Y-141.8136

G1X242.1602Y-142.5109

G1X243.2228Y-143.2392

G1X243.7064Y-143.3990

G1X244.2173Y-143.4507

G1X245.0824Y-143.2322

G1X246.0564Y-142.5369

G1X247.1854Y-141.2359

G1X249.2821Y-138.3038

G1X250.0411Y-137.3762

G1X251.1203Y-136.4691

G1X251.5736Y-136.2798

G1X252.0845Y-136.2104

G1X252.5954Y-136.2961

G1X253.0101Y-136.4897

G1X253.9476Y-137.3023

G1X254.9498Y-138.6468

G1X257.1442Y-142.2428

G1X257.9527Y-143.4149

G1X259.0262Y-144.4878

G1X259.5430Y-144.7545

G1X260.0539Y-144.8441

G1X260.5647Y-144.7616

G1X261.0576Y-144.5062

G1X261.6045Y-144.0300

G1X262.2165Y-143.3109

G1X263.4183Y-141.3808

G1X265.6222Y-137.3317

G1X266.7104Y-135.7838

G1X267.5927Y-134.9860

G1X268.0671Y-134.7617

G1X268.5414Y-134.6858

G1X269.0790Y-134.7960

G1X269.6104Y-135.0972

G1X270.1543Y-135.5770

G1X270.6603Y-136.1936

G1X271.7847Y-137.9582

G1X273.9493Y-142.1031

G1 Z0F20000

(Start Block)


G1X22.9136Y-135.0420
G1Z5F20000
(Plotting speed under)
G1 F4000


G1X26.3874Y-135.5729

G1X29.6496Y-136.4222

G1X32.8753Y-137.6347

G1X38.2831Y-140.1524

G1X40.0857Y-140.9064

G1X42.2240Y-141.5557

G1X44.0631Y-141.7970

G1X45.0848Y-141.7746

G1X46.0044Y-141.6511

G1X47.0115Y-141.4027

G1X47.9602Y-141.0619

G1X49.9209Y-140.0766

G1X53.8171Y-137.5703

G1X55.3604Y-136.7013

G1X57.0389Y-136.0506

G1X58.5715Y-135.8232

G1X59.8997Y-135.9434

G1X61.3374Y-136.3933

G1X62.9376Y-137.2097

G1X66.1254Y-139.2340

G1X67.4093Y-139.9267

G1X68.8908Y-140.4685

G1X70.3212Y-140.6527

G1X71.6494Y-140.5064

G1X73.0069Y-140.0732

G1X74.1454Y-139.5438

G1X77.0864Y-137.9472

G1X78.5095Y-137.3239

G1X79.8232Y-136.9621

G1X81.0492Y-136.8484

G1X82.2753Y-136.9529

G1X83.5014Y-137.2483

G1X87.7123Y-138.9192

G1X89.1208Y-139.3811

G1X90.4490Y-139.6561

G1X91.7773Y-139.7503

G1X93.0033Y-139.6804

G1X94.3315Y-139.4616

G1X98.6227Y-138.3115

G1X100.4618Y-137.9056

G1X101.9944Y-137.6994

G1X103.6291Y-137.6277

G1X106.5921Y-137.8287

G1X114.1528Y-138.8760

G1X116.5028Y-139.0392

G1X119.0571Y-139.0942

G1X122.5309Y-139.0228

G1X134.1785Y-138.5508

G1X143.5783Y-138.4289

G1X152.5694Y-138.5215

G1X168.3038Y-139.0440

G1X173.8211Y-139.0750

G1X179.4405Y-138.7720

G1X188.8403Y-137.7538

G1X192.4163Y-137.6336

G1X194.2554Y-137.7323

G1X195.9923Y-137.9410

G1X198.1379Y-138.3403

G1X203.2465Y-139.4899

G1X204.7791Y-139.6964

G1X206.2095Y-139.7487

G1X207.6398Y-139.6350

G1X209.0703Y-139.3459

G1X210.5736Y-138.8725

G1X214.8940Y-137.2164

G1X216.2223Y-136.9189

G1X217.3461Y-136.8507

G1X218.4700Y-136.9800

G1X219.6815Y-137.3481

G1X220.9971Y-137.9825

G1X224.6276Y-140.1169

G1X225.8264Y-140.5416

G1X226.9503Y-140.6481

G1X227.9355Y-140.4738

G1X228.9665Y-140.0237

G1X230.1957Y-139.1782

G1X232.4616Y-137.2329

G1X233.4825Y-136.4863

G1X234.5110Y-135.9842

G1X235.4306Y-135.8217

G1X236.3501Y-135.9864

G1X237.3399Y-136.5157

G1X238.4365Y-137.4659

G1X240.6107Y-139.9036

G1X241.6811Y-140.9493

G1X242.7358Y-141.6141

G1X243.6043Y-141.8001

G1X244.5238Y-141.5820

G1X245.4313Y-140.9561

G1X246.4359Y-139.8778

G1X248.5921Y-136.8845

G1X249.6916Y-135.5627

G1X250.2182Y-135.0994

G1X250.7495Y-134.7612

G1X251.1922Y-134.5941

G1X251.6539Y-134.5552

G1X252.5078Y-134.8204

G1X253.3966Y-135.5548

G1X254.4132Y-136.8518

G1X256.5228Y-140.3070

G1X257.6482Y-141.9112

G1X258.1876Y-142.4823

G1X258.7189Y-142.8976

G1X259.1616Y-143.1157

G1X259.6233Y-143.1935

G1X260.1926Y-143.0920

G1X260.7368Y-142.8023

G1X261.2961Y-142.2932

G1X261.9253Y-141.5177

G1X262.7921Y-140.1529

G1X265.2892Y-135.6498

G1X266.2750Y-134.2390

G1X267.2343Y-133.3372

G1X267.7168Y-133.1128

G1X268.2276Y-133.0367

G1X268.8023Y-133.1580

G1X269.3004Y-133.4505

G1X269.8815Y-133.9766

G1X270.4266Y-134.6390

G1X271.5880Y-136.4881

G1X273.9493Y-140.9676

G1 Z0F20000

(Start Block)


G1X22.9136Y-133.0460
G1Z5F20000
(Plotting speed under)
G1 F4000


G1X25.2635Y-133.2246

G1X27.4092Y-133.5057

G1X29.3504Y-133.8876

G1X31.1895Y-134.3823

G1X32.9702Y-134.9930

G1X34.8677Y-135.7809

G1X40.1806Y-138.4020

G1X42.1729Y-139.2818

G1X44.1653Y-139.9070

G1X46.0044Y-140.1457

G1X46.9239Y-140.1185

G1X47.8435Y-139.9854

G1X49.6680Y-139.4115

G1X51.6034Y-138.4038

G1X55.4110Y-135.8842

G1X56.8783Y-135.0402

G1X58.5861Y-134.3740

G1X60.1041Y-134.1681

G1X61.4323Y-134.3185

G1X62.7605Y-134.7637

G1X64.2658Y-135.5537

G1X67.3650Y-137.5622

G1X68.6427Y-138.2673

G1X70.1168Y-138.8168

G1X71.5473Y-138.9989

G1X72.7733Y-138.8630

G1X74.1454Y-138.4238

G1X75.2459Y-137.9069

G1X78.3198Y-136.2200

G1X79.6480Y-135.6449

G1X80.8449Y-135.3147

G1X81.9688Y-135.1962

G1X82.9905Y-135.2518

G1X84.2166Y-135.5059

G1X85.5302Y-135.9521

G1X89.6316Y-137.5947

G1X91.0620Y-137.9483

G1X92.4925Y-138.0935

G1X93.7185Y-138.0505

G1X95.1489Y-137.8323

G1X99.6445Y-136.6308

G1X101.2792Y-136.2696

G1X102.7096Y-136.0652

G1X104.1400Y-135.9777

G1X105.5704Y-136.0005

G1X107.2051Y-136.1367

G1X114.8680Y-137.1904

G1X118.8527Y-137.4258

G1X123.0418Y-137.3964

G1X135.6089Y-136.9435

G1X143.5783Y-136.8563

G1X152.1607Y-136.9547

G1X165.2386Y-137.3699

G1X169.7342Y-137.4405

G1X173.1059Y-137.3851

G1X176.2732Y-137.2172

G1X186.3882Y-136.1638

G1X190.1685Y-135.9736

G1X192.3141Y-136.0488

G1X194.4597Y-136.2851

G1X196.6053Y-136.6724

G1X201.8161Y-137.8199

G1X203.3486Y-138.0309

G1X204.6769Y-138.0974

G1X206.2095Y-138.0072

G1X207.8442Y-137.6992

G1X209.4352Y-137.2090

G1X213.7701Y-135.5772

G1X215.0984Y-135.2759

G1X216.2223Y-135.1950

G1X217.4483Y-135.3225

G1X218.6379Y-135.6694

G1X219.9345Y-136.2695

G1X222.8566Y-138.0075

G1X223.7611Y-138.4674

G1X224.9069Y-138.8732

G1X226.0308Y-138.9989

G1X227.0525Y-138.8350

G1X228.0810Y-138.4053

G1X229.2045Y-137.6740

G1X231.4459Y-135.7922

G1X232.6911Y-134.8575

G1X233.8177Y-134.3121

G1X234.8175Y-134.1733

G1X235.8100Y-134.3937

G1X236.8326Y-134.9938

G1X238.0870Y-136.1548

G1X240.1842Y-138.4847

G1X240.9925Y-139.2440

G1X241.9887Y-139.9129

G1X242.4804Y-140.0812

G1X242.9912Y-140.1461

G1X243.4885Y-140.0859

G1X243.9312Y-139.9223

G1X244.8680Y-139.2850

G1X246.1168Y-137.8915

G1X248.2701Y-134.9240

G1X249.1816Y-133.8867

G1X250.1433Y-133.1422

G1X250.6541Y-132.9502

G1X251.1650Y-132.9011

G1X251.6349Y-132.9999

G1X252.1663Y-133.2762

G1X252.6975Y-133.6995

G1X253.2035Y-134.2457

G1X254.2383Y-135.6774

G1X256.4609Y-139.2816

G1X257.5211Y-140.6268

G1X258.3899Y-141.3119

G1X258.8643Y-141.4986

G1X259.2438Y-141.5436

G1X259.7814Y-141.4324

G1X260.3127Y-141.1362

G1X260.8567Y-140.6643

G1X261.3627Y-140.0569

G1X262.3527Y-138.5643

G1X264.6024Y-134.4926

G1X265.8644Y-132.6164

G1X266.3949Y-132.0610

G1X266.8930Y-131.6717

G1X267.3081Y-131.4694

G1X267.8189Y-131.3832

G1X268.3298Y-131.4643

G1X268.9315Y-131.7732

G1X269.5218Y-132.3055

G1X270.1859Y-133.1093

G1X271.4351Y-135.1390

G1X273.9493Y-139.8346

G1 Z0F20000

(Start Block)


G1X22.9136Y-131.2447
G1Z5F20000
(Plotting speed under)
G1 F4000


G1X25.9787Y-131.3190

G1X28.4309Y-131.5098

G1X30.6786Y-131.8479

G1X32.8242Y-132.3614

G1X34.7728Y-133.0107

G1X36.6703Y-133.8103

G1X42.4576Y-136.8211

G1X44.2602Y-137.6487

G1X46.3109Y-138.2985

G1X48.0478Y-138.4954

G1X49.7847Y-138.3018

G1X51.4705Y-137.7298

G1X53.4629Y-136.6377

G1X57.0048Y-134.2134

G1X58.4216Y-133.3793

G1X60.0092Y-132.7384

G1X60.8192Y-132.5684

G1X61.5344Y-132.5147

G1X62.7605Y-132.6439

G1X64.0887Y-133.0821

G1X65.5941Y-133.8806

G1X68.6933Y-135.9272

G1X69.9709Y-136.6397

G1X71.4451Y-137.1832

G1X72.7733Y-137.3451

G1X73.9994Y-137.2048

G1X75.2838Y-136.7897

G1X76.4856Y-136.2153

G1X79.4583Y-134.5608

G1X80.7865Y-133.9816

G1X81.9688Y-133.6561

G1X83.1948Y-133.5410

G1X84.3187Y-133.6357

G1X85.6251Y-133.9564

G1X89.6098Y-135.5712

G1X91.0620Y-136.0620

G1X92.3903Y-136.3451

G1X93.7185Y-136.4433

G1X94.9446Y-136.3742

G1X96.2728Y-136.1540

G1X100.6662Y-134.9740

G1X102.3009Y-134.6143

G1X103.9357Y-134.3919

G1X105.5704Y-134.3199

G1X108.4312Y-134.5013

G1X116.2984Y-135.5561

G1X118.8527Y-135.7283

G1X121.7135Y-135.7869

G1X135.6089Y-135.3900

G1X142.9652Y-135.3053

G1X151.0368Y-135.3904

G1X164.6256Y-135.7630

G1X169.7342Y-135.7603

G1X175.4558Y-135.4553

G1X185.2643Y-134.4437

G1X189.0446Y-134.3275

G1X190.9859Y-134.4303

G1X192.8250Y-134.6439

G1X194.8684Y-135.0027

G1X200.3857Y-136.1800

G1X202.0204Y-136.3898

G1X203.5530Y-136.4407

G1X204.9834Y-136.3327

G1X206.5160Y-136.0402

G1X208.1069Y-135.5622

G1X212.5441Y-133.9304

G1X213.9745Y-133.6153

G1X215.2006Y-133.5426

G1X216.4266Y-133.6881

G1X217.5943Y-134.0346

G1X218.9225Y-134.6451

G1X221.7941Y-136.3232

G1X222.9072Y-136.8739

G1X224.0895Y-137.2512

G1X225.1112Y-137.3427

G1X226.2278Y-137.1544

G1X227.2714Y-136.7000

G1X228.4573Y-135.9116

G1X230.9478Y-133.8563

G1X231.8886Y-133.1953

G1X232.9784Y-132.6727

G1X234.0001Y-132.5152

G1X234.9197Y-132.6989

G1X235.9286Y-133.2393

G1X237.0384Y-134.1863

G1X239.2754Y-136.6295

G1X240.3528Y-137.6498

G1X241.4076Y-138.3000

G1X241.8819Y-138.4523

G1X242.3782Y-138.4909

G1X242.8891Y-138.4096

G1X243.4780Y-138.1673

G1X244.0250Y-137.7882

G1X244.6500Y-137.2099

G1X245.4871Y-136.2260

G1X247.7831Y-133.1343

G1X248.7129Y-132.1057

G1X249.6869Y-131.4246

G1X250.1433Y-131.2775

G1X250.5519Y-131.2498

G1X250.9606Y-131.3153

G1X251.4474Y-131.5160

G1X252.3850Y-132.2934

G1X253.3905Y-133.5664

G1X255.3540Y-136.7017

G1X256.5667Y-138.4578

G1X257.1510Y-139.0908

G1X257.6979Y-139.5445

G1X258.2148Y-139.7977

G1X258.7257Y-139.8839

G1X259.2365Y-139.8075

G1X259.8075Y-139.5150

G1X260.3544Y-139.0436

G1X260.9557Y-138.3524

G1X262.1427Y-136.5136

G1X264.3962Y-132.4828

G1X265.6003Y-130.8016

G1X266.0684Y-130.3381

G1X266.5997Y-129.9646

G1X267.0424Y-129.7795

G1X267.4978Y-129.7260

G1X268.0671Y-129.8535

G1X268.7062Y-130.2278

G1X269.2655Y-130.7637

G1X269.9645Y-131.6509

G1X270.9740Y-133.2891

G1X273.9493Y-138.6975

G1 Z0F20000

(Start Block)


G1X22.9136Y-129.6840
G1Z5F20000
(Plotting speed under)
G1 F4000


G1X27.0005Y-129.5894

G1X29.8613Y-129.6605

G1X32.3134Y-129.9165

G1X34.6633Y-130.4067

G1X36.6703Y-131.0526

G1X38.7575Y-131.9515

G1X40.5348Y-132.8722

G1X44.5448Y-135.1405

G1X46.3474Y-136.0139

G1X48.0478Y-136.5938

G1X49.6825Y-136.8356

G1X50.6021Y-136.8125

G1X51.4195Y-136.6883

G1X52.3244Y-136.4393

G1X53.1783Y-136.0983

G1X55.0402Y-135.0602

G1X58.4438Y-132.6601

G1X59.8384Y-131.7973

G1X61.3374Y-131.1401

G1X62.1475Y-130.9405

G1X62.8627Y-130.8643

G1X64.1909Y-130.9867

G1X65.5055Y-131.4281

G1X66.9223Y-132.1920

G1X69.9330Y-134.2192

G1X71.2043Y-134.9521

G1X72.6711Y-135.5165

G1X73.9994Y-135.6915

G1X75.2254Y-135.5538

G1X76.5172Y-135.1301

G1X77.7253Y-134.5415

G1X80.5968Y-132.9221

G1X81.9250Y-132.3334

G1X83.0927Y-132.0055

G1X84.3187Y-131.8868

G1X85.5448Y-132.0004

G1X86.7635Y-132.3122

G1X90.5585Y-133.8645

G1X92.1859Y-134.4197

G1X93.5142Y-134.6979

G1X94.8424Y-134.7900

G1X96.0685Y-134.7154

G1X97.3967Y-134.4911

G1X101.6879Y-133.3408

G1X103.4248Y-132.9589

G1X105.0596Y-132.7389

G1X106.6943Y-132.6663

G1X109.5551Y-132.8392

G1X115.1745Y-133.6208

G1X117.7288Y-133.9014

G1X120.4875Y-134.0768

G1X123.4505Y-134.1331

G1X136.4263Y-133.8335

G1X142.6587Y-133.7726

G1X149.6064Y-133.8353

G1X161.9691Y-134.1158

G1X167.1799Y-134.1031

G1X173.1059Y-133.7925

G1X183.1187Y-132.7889

G1X187.1034Y-132.6762

G1X188.9424Y-132.7720

G1X190.8837Y-132.9889

G1X193.1315Y-133.3747

G1X198.7509Y-134.5357

G1X200.4878Y-134.7449

G1X202.0204Y-134.7856

G1X203.5530Y-134.6624

G1X204.9834Y-134.3917

G1X206.6838Y-133.8946

G1X211.2159Y-132.2730

G1X212.6463Y-131.9650

G1X213.9745Y-131.8902

G1X215.2006Y-132.0374

G1X216.4558Y-132.4088

G1X217.8789Y-133.0636

G1X220.5544Y-134.6007

G1X221.7687Y-135.2011

G1X222.9656Y-135.5866

G1X224.0895Y-135.6881

G1X225.1842Y-135.5070

G1X226.3100Y-135.0299

G1X227.6174Y-134.1631

G1X229.8832Y-132.3082

G1X231.0031Y-131.5214

G1X232.1610Y-130.9960

G1X233.0806Y-130.8634

G1X234.1023Y-131.0553

G1X235.1649Y-131.6412

G1X236.2422Y-132.5643

G1X239.4152Y-135.8531

G1X240.5664Y-136.6139

G1X241.5609Y-136.8380

G1X242.0717Y-136.7836

G1X242.5144Y-136.6312

G1X243.5398Y-135.9518

G1X244.7885Y-134.5903

G1X247.0051Y-131.6152

G1X247.9011Y-130.6159

G1X248.4177Y-130.1549

G1X248.9172Y-129.8418

G1X249.4281Y-129.6467

G1X249.9389Y-129.5906

G1X250.3257Y-129.6533

G1X250.8001Y-129.8489

G1X251.7678Y-130.6098

G1X252.9189Y-132.0647

G1X255.1326Y-135.5776

G1X256.1509Y-136.9525

G1X256.6158Y-137.4491

G1X257.2135Y-137.9115

G1X257.7448Y-138.1645

G1X258.2002Y-138.2347

G1X258.7694Y-138.1339

G1X259.3387Y-137.8399

G1X259.8979Y-137.3535

G1X260.5271Y-136.6078

G1X261.4639Y-135.1904

G1X264.0429Y-130.6853

G1X265.1410Y-129.1853

G1X266.0747Y-128.3656

G1X266.6439Y-128.1255

G1X267.1183Y-128.0741

G1X267.6623Y-128.1951

G1X268.2821Y-128.5606

G1X268.8260Y-129.0501

G1X269.4585Y-129.8303

G1X270.4243Y-131.3125

G1X272.6210Y-135.3437

G1X273.9493Y-137.5481

G1 Z0F20000

(Start Block)


G1X22.9136Y-128.3957
G1Z5F20000
(Plotting speed under)
G1 F4000


G1X28.9417Y-128.0048

G1X31.5982Y-127.9359

G1X34.1525Y-128.0756

G1X36.5024Y-128.4764

G1X38.6626Y-129.1320

G1X40.7498Y-130.0404

G1X42.8370Y-131.1791

G1X46.5561Y-133.4205

G1X48.3397Y-134.3370

G1X50.0912Y-134.9595

G1X51.6238Y-135.1838

G1X52.4412Y-135.1605

G1X53.2585Y-135.0330

G1X54.1270Y-134.7829

G1X54.9682Y-134.4357

G1X56.6506Y-133.4697

G1X59.9380Y-131.0852

G1X61.3437Y-130.1799

G1X62.8627Y-129.4895

G1X63.6801Y-129.2825

G1X64.3953Y-129.2099

G1X65.6213Y-129.3256

G1X66.8401Y-129.7294

G1X68.2505Y-130.4892

G1X71.3497Y-132.6096

G1X72.5325Y-133.2983

G1X73.9994Y-133.8689

G1X75.3276Y-134.0377

G1X76.4515Y-133.9100

G1X77.7506Y-133.4846

G1X78.9649Y-132.8863

G1X81.7353Y-131.3046

G1X83.0635Y-130.7009

G1X84.2166Y-130.3636

G1X85.4426Y-130.2330

G1X86.6687Y-130.3393

G1X87.9969Y-130.6825

G1X91.7918Y-132.2437

G1X93.3098Y-132.7597

G1X94.6380Y-133.0407

G1X95.9663Y-133.1362

G1X97.2945Y-133.0532

G1X98.6227Y-132.8236

G1X102.8118Y-131.7060

G1X104.6509Y-131.3045

G1X106.2856Y-131.0871

G1X108.0225Y-131.0127

G1X110.8833Y-131.1839

G1X116.7071Y-131.9649

G1X119.3636Y-132.2428

G1X122.3265Y-132.4207

G1X125.6982Y-132.4796

G1X142.1479Y-132.2492

G1X159.2105Y-132.4715

G1X164.5234Y-132.4387

G1X170.5515Y-132.1217

G1X180.6666Y-131.1383

G1X184.8556Y-131.0233

G1X187.1034Y-131.1507

G1X189.3511Y-131.4263

G1X197.3205Y-132.9497

G1X198.8531Y-133.1043

G1X200.2835Y-133.1305

G1X201.8161Y-133.0088

G1X203.3486Y-132.7251

G1X205.0710Y-132.2347

G1X209.7855Y-130.6026

G1X211.2159Y-130.3087

G1X212.5441Y-130.2361

G1X213.7701Y-130.3733

G1X215.0327Y-130.7259

G1X216.5507Y-131.3977

G1X219.3147Y-132.9444

G1X220.5354Y-133.5361

G1X221.8417Y-133.9447

G1X222.9656Y-134.0342

G1X223.9873Y-133.8733

G1X225.1589Y-133.4033

G1X226.3820Y-132.6311

G1X228.7113Y-130.7732

G1X229.8686Y-129.9486

G1X231.0664Y-129.3761

G1X232.0589Y-129.2103

G1X232.5697Y-129.2462

G1X233.1536Y-129.3990

G1X234.2586Y-129.9895

G1X235.5005Y-131.0557

G1X237.7375Y-133.4273

G1X238.7511Y-134.3402

G1X239.7218Y-134.9429

G1X240.2326Y-135.1214

G1X240.7435Y-135.1879

G1X241.2543Y-135.1306

G1X241.7652Y-134.9588

G1X242.6968Y-134.3521

G1X243.7794Y-133.2487

G1X245.9960Y-130.3315

G1X247.1749Y-128.9717

G1X248.2701Y-128.1631

G1X248.7129Y-127.9961

G1X249.2237Y-127.9410

G1X249.7346Y-128.0236

G1X250.2755Y-128.2662

G1X250.8224Y-128.6808

G1X251.4901Y-129.3620

G1X252.7529Y-131.1122

G1X254.8920Y-134.4416

G1X255.8705Y-135.6256

G1X256.7844Y-136.3451

G1X257.2953Y-136.5355

G1X257.7039Y-136.5799

G1X258.2761Y-136.4645

G1X258.8074Y-136.1703

G1X259.4020Y-135.6629

G1X259.9079Y-135.0749

G1X260.9734Y-133.5071

G1X263.2723Y-129.4897

G1X264.5912Y-127.6145

G1X265.1497Y-127.0593

G1X265.6478Y-126.6935

G1X266.1842Y-126.4715

G1X266.6950Y-126.4252

G1X267.2059Y-126.5335

G1X267.7769Y-126.8448

G1X268.4019Y-127.4008

G1X269.0405Y-128.1587

G1X270.2105Y-129.9703

G1X272.6210Y-134.3381

G1X273.9493Y-136.3773

G1 Z0F20000

(Start Block)


G1X22.9136Y-127.3908
G1Z5F20000
(Plotting speed under)
G1 F4000


G1X25.5701Y-127.1741

G1X31.1895Y-126.5158

G1X33.5394Y-126.3196

G1X36.0937Y-126.3133

G1X38.4437Y-126.6084

G1X40.6549Y-127.2253

G1X42.8370Y-128.1795

G1X44.6966Y-129.2302

G1X48.8584Y-131.8745

G1X50.5218Y-132.7541

G1X52.1347Y-133.3292

G1X52.9520Y-133.4842

G1X53.7694Y-133.5337

G1X55.1998Y-133.3527

G1X56.6886Y-132.8049

G1X58.3331Y-131.8360

G1X61.5983Y-129.4043

G1X63.0451Y-128.4597

G1X64.4974Y-127.8066

G1X65.2126Y-127.6268

G1X65.9278Y-127.5561

G1X67.0517Y-127.6614

G1X68.3581Y-128.1041

G1X69.6673Y-128.8289

G1X72.6780Y-130.9269

G1X73.8607Y-131.6315

G1X75.2254Y-132.1862

G1X76.4515Y-132.3817

G1X77.5754Y-132.2934

G1X78.6993Y-131.9669

G1X80.1161Y-131.2988

G1X82.5069Y-129.9070

G1X83.8225Y-129.2409

G1X85.2383Y-128.7558

G1X86.5665Y-128.5814

G1X87.7926Y-128.6702

G1X89.1208Y-128.9996

G1X93.1201Y-130.6337

G1X94.5359Y-131.1082

G1X95.7619Y-131.3722

G1X96.9880Y-131.4793

G1X98.2140Y-131.4335

G1X99.6445Y-131.2169

G1X104.1400Y-130.0466

G1X105.8769Y-129.6705

G1X107.4095Y-129.4567

G1X108.8399Y-129.3670

G1X111.8029Y-129.4740

G1X119.7723Y-130.4479

G1X124.8809Y-130.7743

G1X129.3764Y-130.8246

G1X143.0674Y-130.7177

G1X156.8606Y-130.8259

G1X161.4583Y-130.7719

G1X165.5451Y-130.5974

G1X169.3255Y-130.3103

G1X177.2949Y-129.5362

G1X181.3818Y-129.3592

G1X183.8339Y-129.4353

G1X186.1838Y-129.6628

G1X188.6360Y-130.0504

G1X194.5619Y-131.2002

G1X196.2988Y-131.4134

G1X197.8314Y-131.4826

G1X199.5683Y-131.3927

G1X201.4074Y-131.0864

G1X203.3486Y-130.5502

G1X208.0485Y-128.9719

G1X209.4789Y-128.6737

G1X210.8072Y-128.5802

G1X212.2376Y-128.7188

G1X213.6096Y-129.0952

G1X215.1276Y-129.7541

G1X219.1123Y-131.8440

G1X220.4113Y-132.2630

G1X221.5352Y-132.3841

G1X222.6591Y-132.2427

G1X223.8307Y-131.8089

G1X225.1368Y-131.0230

G1X227.7932Y-128.9687

G1X228.7894Y-128.2864

G1X230.0228Y-127.7133

G1X231.1393Y-127.5556

G1X232.1100Y-127.7410

G1X233.1892Y-128.2926

G1X234.3975Y-129.2814

G1X236.6190Y-131.5879

G1X237.7745Y-132.6442

G1X238.9409Y-133.3417

G1X239.4152Y-133.4853

G1X239.9261Y-133.5300

G1X240.4370Y-133.4670

G1X240.9206Y-133.3028

G1X241.9832Y-132.5902

G1X243.0504Y-131.4734

G1X245.4871Y-128.3348

G1X246.3689Y-127.3681

G1X247.3846Y-126.5788

G1X247.9976Y-126.3414

G1X248.5085Y-126.2832

G1X248.9975Y-126.3642

G1X249.5667Y-126.6237

G1X250.1110Y-127.0158

G1X250.6702Y-127.5763

G1X251.7158Y-128.9225

G1X253.9704Y-132.3975

G1X255.2212Y-133.9645

G1X256.2395Y-134.7286

G1X256.6822Y-134.8875

G1X257.0909Y-134.9247

G1X257.7039Y-134.7983

G1X258.2318Y-134.5159

G1X258.8222Y-134.0008

G1X259.4542Y-133.2748

G1X260.7180Y-131.3488

G1X263.0046Y-127.4259

G1X264.1867Y-125.8507

G1X264.6516Y-125.3994

G1X265.2209Y-125.0098

G1X265.6952Y-124.8183

G1X266.1696Y-124.7650

G1X266.7388Y-124.8840

G1X267.3780Y-125.2325

G1X268.0071Y-125.8049

G1X268.6916Y-126.6313

G1X270.0138Y-128.7141

G1X272.4678Y-133.0843

G1X273.2852Y-134.3258

G1X273.9493Y-135.1745

G1 Z0F20000

(Start Block)


G1X22.9136Y-126.6515
G1Z5F20000
(Plotting speed under)
G1 F4000


G1X24.9570Y-126.5014

G1X27.2048Y-126.2261

G1X33.8459Y-125.0541

G1X35.9916Y-124.7523

G1X38.3415Y-124.6284

G1X40.4871Y-124.8052

G1X42.6327Y-125.3372

G1X44.8294Y-126.2831

G1X46.9103Y-127.5074

G1X50.8064Y-130.1348

G1X52.6090Y-131.1364

G1X54.1781Y-131.7022

G1X55.6085Y-131.8802

G1X57.0389Y-131.6933

G1X58.4912Y-131.1328

G1X60.1871Y-130.0868

G1X63.3416Y-127.6607

G1X64.6200Y-126.8117

G1X66.0300Y-126.1586

G1X67.3582Y-125.9057

G1X68.4821Y-125.9946

G1X69.7811Y-126.4294

G1X71.0841Y-127.1570

G1X74.0948Y-129.2876

G1X75.1890Y-129.9505

G1X76.5537Y-130.5228

G1X77.7797Y-130.7274

G1X78.9036Y-130.6411

G1X80.0275Y-130.3115

G1X81.4443Y-129.6360

G1X83.8351Y-128.2345

G1X85.1507Y-127.5696

G1X86.4643Y-127.1158

G1X87.7926Y-126.9295

G1X89.0186Y-127.0088

G1X90.3468Y-127.3301

G1X94.3534Y-128.9597

G1X95.7619Y-129.4357

G1X97.0902Y-129.7224

G1X98.3162Y-129.8260

G1X99.6445Y-129.7697

G1X101.0749Y-129.5460

G1X105.5704Y-128.3913

G1X107.3073Y-128.0229

G1X108.8399Y-127.8108

G1X110.3725Y-127.7138

G1X113.4376Y-127.8164

G1X121.6113Y-128.7561

G1X126.7200Y-129.0840

G1X131.8285Y-129.1704

G1X151.4455Y-129.1722

G1X157.0649Y-129.1211

G1X161.7648Y-128.9474

G1X165.9538Y-128.6549

G1X174.3319Y-127.8818

G1X178.6231Y-127.7056

G1X181.1774Y-127.7865

G1X183.6295Y-128.0213

G1X186.1838Y-128.4165

G1X192.2120Y-129.5461

G1X193.9489Y-129.7541

G1X195.5836Y-129.8288

G1X197.5249Y-129.7271

G1X199.3640Y-129.4239

G1X201.3052Y-128.9077

G1X206.1073Y-127.3443

G1X207.5377Y-127.0422

G1X208.9681Y-126.9261

G1X210.3985Y-127.0386

G1X211.9019Y-127.4184

G1X213.4199Y-128.0440

G1X216.5507Y-129.6897

G1X217.6892Y-130.2080

G1X218.9809Y-130.6086

G1X220.1048Y-130.7304

G1X221.2287Y-130.6048

G1X222.5024Y-130.1533

G1X223.8915Y-129.3335

G1X226.7140Y-127.2059

G1X227.6509Y-126.5985

G1X228.7894Y-126.0796

G1X229.4024Y-125.9389

G1X230.0155Y-125.9018

G1X231.0372Y-126.1042

G1X232.0657Y-126.6244

G1X233.2168Y-127.5286

G1X235.8212Y-130.1454

G1X236.7588Y-130.9734

G1X237.9099Y-131.6680

G1X238.4957Y-131.8362

G1X239.0066Y-131.8776

G1X239.5101Y-131.8116

G1X239.9845Y-131.6462

G1X240.9649Y-131.0286

G1X242.1982Y-129.7823

G1X244.4752Y-126.8747

G1X245.6136Y-125.6329

G1X246.1513Y-125.1924

G1X246.7205Y-124.8539

G1X247.1949Y-124.6815

G1X247.6911Y-124.6313

G1X248.3042Y-124.7427

G1X248.8691Y-125.0106

G1X249.4160Y-125.4315

G1X250.0411Y-126.0628

G1X251.1278Y-127.5010

G1X253.5428Y-131.1268

G1X254.6161Y-132.3777

G1X255.1326Y-132.8178

G1X255.5583Y-133.0659

G1X256.0692Y-133.2385

G1X256.4779Y-133.2730

G1X257.0364Y-133.1562

G1X257.5677Y-132.8746

G1X258.1433Y-132.4087

G1X258.7410Y-131.7355

G1X259.7637Y-130.2796

G1X262.3994Y-125.8528

G1X263.5578Y-124.2963

G1X264.5735Y-123.4166

G1X265.1625Y-123.1713

G1X265.6733Y-123.1135

G1X266.2455Y-123.2294

G1X266.8653Y-123.5725

G1X267.4978Y-124.1186

G1X268.0671Y-124.7868

G1X269.1676Y-126.4025

G1X272.3022Y-131.8258

G1X273.1903Y-133.0769

G1X273.9493Y-133.9285

G1 Z0F20000

(Start Block)


G1X22.9136Y-126.1288
G1Z5F20000
(Plotting speed under)
G1 F4000


G1X25.7744Y-125.9392

G1X28.6352Y-125.5160

G1X31.2917Y-124.9450

G1X36.6046Y-123.5976

G1X38.6480Y-123.1906

G1X40.7936Y-122.9801

G1X42.6327Y-123.0587

G1X44.5448Y-123.4616

G1X46.4422Y-124.2140

G1X48.5042Y-125.3984

G1X52.5774Y-128.2851

G1X54.1713Y-129.2698

G1X55.8347Y-129.9783

G1X56.6302Y-130.1593

G1X57.4476Y-130.2271

G1X58.8707Y-130.0343

G1X60.2811Y-129.4658

G1X61.7643Y-128.5291

G1X64.9189Y-126.0389

G1X66.2139Y-125.1548

G1X67.6939Y-124.4693

G1X68.9930Y-124.2483

G1X70.0147Y-124.3467

G1X71.2043Y-124.7473

G1X72.5008Y-125.4729

G1X75.5447Y-127.6551

G1X76.7070Y-128.3571

G1X78.0863Y-128.9092

G1X79.3123Y-129.0766

G1X80.4362Y-128.9528

G1X81.7353Y-128.5148

G1X82.9496Y-127.8970

G1X85.4353Y-126.4390

G1X86.8730Y-125.7589

G1X87.9969Y-125.4161

G1X89.1208Y-125.2761

G1X90.1425Y-125.3254

G1X91.2664Y-125.5516

G1X92.4560Y-125.9444

G1X95.4919Y-127.2187

G1X96.7837Y-127.6784

G1X98.2140Y-128.0261

G1X99.6445Y-128.1705

G1X100.9727Y-128.1253

G1X102.5053Y-127.8964

G1X107.1030Y-126.7431

G1X108.9421Y-126.3651

G1X110.4747Y-126.1603

G1X112.1094Y-126.0598

G1X115.3789Y-126.1666

G1X123.1439Y-126.9987

G1X127.6395Y-127.3187

G1X133.1568Y-127.4781

G1X141.9435Y-127.5149

G1X150.9346Y-127.4731

G1X156.9627Y-127.3103

G1X162.0713Y-127.0024

G1X171.3689Y-126.2065

G1X175.4558Y-126.0518

G1X178.0101Y-126.1223

G1X180.5644Y-126.3482

G1X183.2209Y-126.7369

G1X189.6577Y-127.8971

G1X191.4968Y-128.1057

G1X193.2337Y-128.1750

G1X195.1749Y-128.0706

G1X197.0140Y-127.7804

G1X198.9553Y-127.2901

G1X204.2682Y-125.6426

G1X205.8008Y-125.3551

G1X207.2312Y-125.2731

G1X208.7637Y-125.4255

G1X210.1941Y-125.8007

G1X211.8070Y-126.4584

G1X214.9378Y-128.0542

G1X216.1712Y-128.5899

G1X217.5505Y-128.9819

G1X218.6744Y-129.0760

G1X219.9004Y-128.9103

G1X221.1742Y-128.4361

G1X222.4803Y-127.6739

G1X225.3028Y-125.6026

G1X226.3227Y-124.9525

G1X227.4612Y-124.4401

G1X228.6872Y-124.2462

G1X229.8111Y-124.4495

G1X230.9146Y-125.0024

G1X232.0709Y-125.8995

G1X234.7664Y-128.5465

G1X235.6962Y-129.3336

G1X236.8609Y-130.0157

G1X237.4740Y-130.1883

G1X237.9848Y-130.2258

G1X238.5614Y-130.1356

G1X239.1306Y-129.9176

G1X239.7278Y-129.5580

G1X240.3528Y-129.0354

G1X241.3412Y-127.9938

G1X243.9592Y-124.7561

G1X244.9938Y-123.7446

G1X245.9678Y-123.1401

G1X246.8738Y-122.9796

G1X247.3846Y-123.0625

G1X247.9159Y-123.2944

G1X248.5357Y-123.7328

G1X249.1113Y-124.2840

G1X250.2721Y-125.7516

G1X252.5820Y-129.1955

G1X253.8265Y-130.6823

G1X254.8227Y-131.4059

G1X255.2655Y-131.5704

G1X255.7627Y-131.6171

G1X256.3757Y-131.4878

G1X256.9166Y-131.2048

G1X257.5417Y-130.6734

G1X258.1837Y-129.9550

G1X259.4409Y-128.1043

G1X261.7295Y-124.2838

G1X262.9913Y-122.6125

G1X264.0318Y-121.7516

G1X264.5631Y-121.5229

G1X265.0603Y-121.4589

G1X265.6733Y-121.5685

G1X266.2142Y-121.8323

G1X266.8393Y-122.3387

G1X267.5496Y-123.1185

G1X268.8407Y-125.0176

G1X271.0374Y-128.8396

G1X272.1013Y-130.5283

G1X273.0405Y-131.7528

G1X273.9493Y-132.6276

G1 Z0F20000

(Start Block)


G1X22.9136Y-125.7411
G1Z5F20000
(Plotting speed under)
G1 F4000


G1X26.2853Y-125.5865

G1X29.7591Y-125.0455

G1X33.1307Y-124.1742

G1X40.2828Y-121.8713

G1X42.3262Y-121.4459

G1X44.0631Y-121.3203

G1X45.1870Y-121.3885

G1X46.3109Y-121.5912

G1X47.3910Y-121.9198

G1X48.4346Y-122.3619

G1X49.5668Y-122.9735

G1X50.7179Y-123.7176

G1X54.4591Y-126.5197

G1X55.9423Y-127.5030

G1X57.5498Y-128.2617

G1X58.3671Y-128.4825

G1X59.0823Y-128.5673

G1X60.4105Y-128.4459

G1X61.8750Y-127.8943

G1X63.3416Y-126.9697

G1X66.5108Y-124.4107

G1X67.8078Y-123.5017

G1X69.2119Y-122.8309

G1X69.9125Y-122.6557

G1X70.6277Y-122.5927

G1X71.7516Y-122.7449

G1X72.8171Y-123.1473

G1X74.0062Y-123.8347

G1X76.9560Y-125.9784

G1X78.0795Y-126.6709

G1X79.3123Y-127.1988

G1X80.5384Y-127.4183

G1X81.6623Y-127.3366

G1X82.7789Y-127.0085

G1X84.1008Y-126.3773

G1X86.5801Y-124.9179

G1X87.9020Y-124.2503

G1X89.2230Y-123.7997

G1X90.5512Y-123.6210

G1X91.7773Y-123.7054

G1X93.1055Y-124.0276

G1X97.1048Y-125.6329

G1X98.6227Y-126.1354

G1X99.9510Y-126.4139

G1X101.1770Y-126.5180

G1X102.6074Y-126.4624

G1X104.0378Y-126.2499

G1X108.7377Y-125.1059

G1X110.5768Y-124.7361

G1X112.2116Y-124.5184

G1X113.8463Y-124.4124

G1X117.5245Y-124.5097

G1X125.2896Y-125.2548

G1X129.6829Y-125.5522

G1X134.7915Y-125.7222

G1X141.4326Y-125.7787

G1X148.2782Y-125.7201

G1X153.8976Y-125.5468

G1X158.6997Y-125.2665

G1X167.7929Y-124.5512

G1X172.0841Y-124.3983

G1X174.7406Y-124.4688

G1X177.3971Y-124.6950

G1X180.0535Y-125.0677

G1X186.7969Y-126.2398

G1X188.7381Y-126.4525

G1X190.4750Y-126.5215

G1X192.5185Y-126.4211

G1X194.4597Y-126.1294

G1X196.6053Y-125.6052

G1X201.9183Y-124.0145

G1X203.4508Y-123.7238

G1X204.9834Y-123.6186

G1X206.5160Y-123.7397

G1X208.1507Y-124.1331

G1X209.8146Y-124.7813

G1X214.1788Y-126.8546

G1X215.6092Y-127.2863

G1X216.9375Y-127.4239

G1X218.2584Y-127.2574

G1X219.5803Y-126.7799

G1X221.0690Y-125.9247

G1X223.4765Y-124.1955

G1X224.8047Y-123.3404

G1X226.1329Y-122.7635

G1X227.3590Y-122.5933

G1X228.4829Y-122.7987

G1X229.5863Y-123.3351

G1X230.8208Y-124.2689

G1X233.5858Y-126.9182

G1X234.5450Y-127.7034

G1X235.6349Y-128.3321

G1X236.2479Y-128.5203

G1X236.7588Y-128.5734

G1X237.2696Y-128.5224

G1X237.8827Y-128.3327

G1X238.9172Y-127.6924

G1X240.0444Y-126.6166

G1X242.7358Y-123.3592

G1X243.6490Y-122.4119

G1X244.3131Y-121.8694

G1X244.8303Y-121.5710

G1X245.4433Y-121.3653

G1X245.9542Y-121.3227

G1X246.5308Y-121.4327

G1X247.1000Y-121.6955

G1X247.6798Y-122.1090

G1X248.2701Y-122.6867

G1X249.2562Y-123.8936

G1X251.9386Y-127.7689

G1X253.0101Y-128.9994

G1X253.9476Y-129.7078

G1X254.4345Y-129.8958

G1X254.9453Y-129.9655

G1X255.5311Y-129.8714

G1X256.0624Y-129.6184

G1X256.7487Y-129.0899

G1X257.3464Y-128.4418

G1X258.3979Y-126.9981

G1X261.1867Y-122.4757

G1X262.3641Y-120.9628

G1X262.9544Y-120.4074

G1X263.4256Y-120.0918

G1X264.0386Y-119.8537

G1X264.5495Y-119.8051

G1X265.1260Y-119.9266

G1X265.6952Y-120.2201

G1X266.3294Y-120.7292

G1X266.9585Y-121.4258

G1X268.0829Y-123.0079

G1X270.8146Y-127.6218

G1X271.7758Y-129.0741

G1X272.8554Y-130.3870

G1X273.9493Y-131.2597

G1 Z0F20000

(Start Block)


G1X22.9136Y-125.3795
G1Z5F20000
(Plotting speed under)
G1 F4000


G1X25.1614Y-125.3895

G1X27.3070Y-125.2508

G1X29.4526Y-124.9620

G1X31.4960Y-124.5414

G1X33.4373Y-124.0086

G1X35.3420Y-123.3663

G1X42.8370Y-120.3769

G1X44.7783Y-119.8593

G1X46.5152Y-119.6680

G1X47.5369Y-119.7101

G1X48.5587Y-119.8804

G1X49.5731Y-120.1825

G1X50.6167Y-120.6330

G1X52.6327Y-121.8610

G1X56.6174Y-124.9742

G1X58.0674Y-125.9533

G1X59.6297Y-126.6742

G1X60.4105Y-126.8609

G1X61.1258Y-126.9194

G1X62.4540Y-126.7237

G1X63.7092Y-126.1911

G1X65.2509Y-125.1595

G1X67.9171Y-122.9373

G1X69.3186Y-121.9071

G1X70.7299Y-121.1984

G1X71.4451Y-121.0077

G1X72.0581Y-120.9407

G1X73.1820Y-121.0638

G1X74.2402Y-121.4471

G1X75.5115Y-122.1825

G1X78.3672Y-124.2812

G1X79.4962Y-124.9913

G1X80.8814Y-125.5796

G1X82.0710Y-125.7674

G1X83.0927Y-125.6853

G1X84.2020Y-125.3624

G1X85.5175Y-124.7366

G1X87.9084Y-123.3275

G1X89.2302Y-122.6472

G1X90.6534Y-122.1507

G1X91.9816Y-121.9678

G1X93.0033Y-122.0181

G1X94.1272Y-122.2412

G1X95.3022Y-122.6195

G1X99.6663Y-124.3340

G1X101.1770Y-124.7030

G1X102.7096Y-124.8624

G1X104.1400Y-124.8203

G1X105.5704Y-124.6263

G1X110.4747Y-123.4848

G1X112.5181Y-123.0893

G1X114.2550Y-122.8687

G1X115.9919Y-122.7604

G1X119.8744Y-122.8427

G1X127.6395Y-123.4747

G1X131.8285Y-123.7273

G1X136.2219Y-123.8729

G1X141.1262Y-123.9220

G1X146.1325Y-123.8710

G1X150.9346Y-123.7196

G1X164.1148Y-122.8776

G1X168.4060Y-122.7445

G1X171.2668Y-122.8201

G1X174.0254Y-123.0496

G1X176.8862Y-123.4415

G1X183.6295Y-124.5760

G1X185.6730Y-124.7951

G1X187.5121Y-124.8681

G1X189.6577Y-124.7667

G1X191.7011Y-124.4699

G1X193.9489Y-123.9400

G1X199.3640Y-122.3802

G1X201.1009Y-122.0639

G1X202.6335Y-121.9652

G1X204.2682Y-122.0901

G1X205.9029Y-122.4662

G1X207.7274Y-123.1460

G1X211.0480Y-124.7146

G1X212.3762Y-125.2580

G1X213.7701Y-125.6462

G1X215.0984Y-125.7703

G1X216.4266Y-125.6096

G1X217.7840Y-125.1430

G1X219.4032Y-124.2453

G1X221.9822Y-122.4545

G1X223.2994Y-121.6474

G1X224.6150Y-121.1045

G1X225.8264Y-120.9394

G1X226.9503Y-121.1221

G1X228.1696Y-121.6865

G1X229.4145Y-122.6004

G1X232.3053Y-125.2928

G1X233.3054Y-126.0832

G1X234.5110Y-126.7282

G1X235.1240Y-126.8882

G1X235.6349Y-126.9169

G1X236.1458Y-126.8502

G1X236.7588Y-126.6488

G1X237.8380Y-125.9657

G1X238.9958Y-124.8554

G1X241.6068Y-121.7555

G1X242.6186Y-120.7303

G1X243.2437Y-120.2309

G1X243.7794Y-119.9283

G1X244.3487Y-119.7247

G1X244.8303Y-119.6676

G1X245.3412Y-119.7268

G1X245.9542Y-119.9506

G1X246.9940Y-120.7147

G1X248.0803Y-121.9313

G1X250.8260Y-125.8168

G1X251.8121Y-127.0076

G1X252.4024Y-127.5784

G1X252.9822Y-127.9809

G1X253.5514Y-128.2302

G1X254.1207Y-128.3144

G1X254.7848Y-128.1919

G1X255.4278Y-127.8653

G1X256.0181Y-127.3784

G1X256.6822Y-126.6584

G1X258.0636Y-124.6922

G1X260.3902Y-120.9497

G1X261.6631Y-119.3228

G1X262.2608Y-118.7779

G1X262.7921Y-118.4247

G1X263.3234Y-118.2122

G1X263.8342Y-118.1520

G1X264.4473Y-118.2557

G1X264.9837Y-118.5034

G1X265.5648Y-118.9381

G1X266.2328Y-119.6084

G1X267.5737Y-121.4445

G1X269.9645Y-125.4333

G1X271.3592Y-127.5397

G1X272.6210Y-128.9721

G1X273.3294Y-129.5104

G1X273.9493Y-129.8134

G1 Z0F20000

(Start Block)


G1X22.9136Y-124.9169
G1Z5F20000
(Plotting speed under)
G1 F4000


G1X25.6722Y-124.9810

G1X28.3287Y-124.8466

G1X30.8830Y-124.5199

G1X33.3351Y-123.9983

G1X35.3420Y-123.3687

G1X38.4729Y-122.1176

G1X40.2755Y-121.3031

G1X43.8807Y-119.5071

G1X45.5884Y-118.7755

G1X47.5369Y-118.1924

G1X49.2739Y-118.0130

G1X50.1934Y-118.0799

G1X51.1130Y-118.2680

G1X52.0325Y-118.5813

G1X52.8937Y-118.9865

G1X54.8741Y-120.2740

G1X58.4633Y-123.2273

G1X59.8550Y-124.2245

G1X61.3374Y-124.9693

G1X62.0453Y-125.1704

G1X62.7605Y-125.2622

G1X63.3735Y-125.2427

G1X64.0887Y-125.1101

G1X65.4170Y-124.5553

G1X66.9015Y-123.5469

G1X69.6507Y-121.2117

G1X70.9070Y-120.2735

G1X72.2625Y-119.5676

G1X72.9777Y-119.3623

G1X73.5907Y-119.2889

G1X74.7146Y-119.4030

G1X75.8531Y-119.8270

G1X77.1054Y-120.5736

G1X79.7785Y-122.5606

G1X81.0016Y-123.3421

G1X82.3045Y-123.9057

G1X83.5014Y-124.1117

G1X84.5231Y-124.0416

G1X85.6251Y-123.7334

G1X86.9343Y-123.1223

G1X89.3251Y-121.7204

G1X90.7482Y-120.9888

G1X92.0838Y-120.5183

G1X93.5142Y-120.3139

G1X94.7402Y-120.3898

G1X96.1560Y-120.7221

G1X100.2356Y-122.3119

G1X101.7901Y-122.8119

G1X103.1183Y-123.0884

G1X104.4465Y-123.2083

G1X105.8769Y-123.1703

G1X107.4095Y-122.9723

G1X112.6202Y-121.8207

G1X114.6637Y-121.4491

G1X116.5028Y-121.2269

G1X118.3419Y-121.1135

G1X122.3265Y-121.1574

G1X133.9741Y-121.8308

G1X140.9218Y-121.9543

G1X148.2782Y-121.8140

G1X160.1300Y-121.1958

G1X164.3191Y-121.0909

G1X167.3842Y-121.1676

G1X170.3472Y-121.4028

G1X173.3102Y-121.7925

G1X180.3600Y-122.9326

G1X182.4035Y-123.1416

G1X184.3447Y-123.2143

G1X186.4903Y-123.1172

G1X188.6360Y-122.8202

G1X190.8837Y-122.3166

G1X196.7075Y-120.7131

G1X198.4444Y-120.4121

G1X200.0792Y-120.3115

G1X201.8161Y-120.4434

G1X203.5530Y-120.8344

G1X205.3556Y-121.4823

G1X210.0993Y-123.5589

G1X211.5224Y-123.9611

G1X212.9528Y-124.1167

G1X214.3832Y-123.9706

G1X215.7917Y-123.5195

G1X217.3666Y-122.6984

G1X220.4658Y-120.6384

G1X221.6739Y-119.9464

G1X222.9656Y-119.4453

G1X224.1917Y-119.2869

G1X225.3740Y-119.4738

G1X226.5757Y-120.0085

G1X227.9300Y-120.9709

G1X230.8208Y-123.5879

G1X231.8886Y-124.4163

G1X232.5084Y-124.7981

G1X233.1828Y-125.0867

G1X233.7958Y-125.2371

G1X234.3067Y-125.2633

G1X234.8175Y-125.1994

G1X235.4306Y-125.0073

G1X236.4931Y-124.3697

G1X237.7181Y-123.2422

G1X240.4114Y-120.1257

G1X241.5248Y-119.0266

G1X242.0717Y-118.6066

G1X242.7358Y-118.2394

G1X243.3051Y-118.0567

G1X243.8086Y-118.0168

G1X244.4216Y-118.1137

G1X244.9772Y-118.3418

G1X245.6413Y-118.7933

G1X246.3220Y-119.4177

G1X247.5657Y-120.9272

G1X249.9203Y-124.2330

G1X251.2295Y-125.7087

G1X251.8121Y-126.1660

G1X252.3433Y-126.4672

G1X252.7997Y-126.6145

G1X253.3106Y-126.6555

G1X253.9236Y-126.5377

G1X254.5239Y-126.2379

G1X255.1880Y-125.7089

G1X255.7967Y-125.0678

G1X256.9589Y-123.4985

G1X259.6406Y-119.2949

G1X260.9013Y-117.7061

G1X261.4482Y-117.1942

G1X261.9952Y-116.8154

G1X262.6082Y-116.5661

G1X263.1190Y-116.4960

G1X263.7029Y-116.5805

G1X264.2721Y-116.8282

G1X264.8730Y-117.2465

G1X265.4633Y-117.8213

G1X266.7306Y-119.4572

G1X269.7520Y-124.3458

G1X271.1117Y-126.2606

G1X271.8831Y-127.1063

G1X272.5472Y-127.6714

G1X273.2852Y-128.0889

G1X273.9493Y-128.2778

G1 Z0F20000

(Start Block)


G1X22.9136Y-124.2226
G1Z5F20000
(Plotting speed under)
G1 F4000


G1X26.3874Y-124.3198

G1X29.7591Y-124.1869

G1X32.8242Y-123.8282

G1X35.4807Y-123.2614

G1X36.7651Y-122.8286

G1X40.1806Y-121.3488

G1X43.7858Y-119.5320

G1X46.5561Y-117.9637

G1X48.1500Y-117.1855

G1X49.9891Y-116.5605

G1X51.6238Y-116.3597

G1X52.4412Y-116.4119

G1X53.3607Y-116.6007

G1X54.2219Y-116.9065

G1X55.0568Y-117.3153

G1X56.8665Y-118.5436

G1X60.1041Y-121.3225

G1X61.6979Y-122.5358

G1X63.1692Y-123.3092

G1X63.8844Y-123.5223

G1X64.5996Y-123.6087

G1X65.7965Y-123.4714

G1X67.0994Y-122.9300

G1X68.4641Y-122.0007

G1X71.5112Y-119.3776

G1X72.6780Y-118.5248

G1X73.9556Y-117.8826

G1X74.6197Y-117.6990

G1X75.2254Y-117.6348

G1X76.3275Y-117.7578

G1X77.4596Y-118.1900

G1X78.7823Y-118.9993

G1X81.1897Y-120.8132

G1X82.5069Y-121.6712

G1X83.8225Y-122.2476

G1X85.0339Y-122.4585

G1X86.0556Y-122.3875

G1X87.1431Y-122.0863

G1X88.3511Y-121.5357

G1X91.1846Y-119.9003

G1X92.3611Y-119.3180

G1X93.7185Y-118.8533

G1X95.0467Y-118.6632

G1X96.1706Y-118.7100

G1X97.3967Y-118.9522

G1X98.7176Y-119.3776

G1X101.6587Y-120.5398

G1X103.1183Y-121.0314

G1X104.7530Y-121.4040

G1X106.2856Y-121.5528

G1X107.5117Y-121.5374

G1X108.9421Y-121.3931

G1X116.4006Y-119.9184

G1X118.6484Y-119.6293

G1X120.8962Y-119.4768

G1X124.6765Y-119.4580

G1X134.6893Y-119.8430

G1X140.7175Y-119.9288

G1X146.0304Y-119.8539

G1X155.8388Y-119.5024

G1X159.6192Y-119.4372

G1X163.0930Y-119.5163

G1X166.2603Y-119.7501

G1X169.4277Y-120.1430

G1X176.7840Y-121.2820

G1X178.9297Y-121.4916

G1X180.8709Y-121.5607

G1X183.1187Y-121.4629

G1X185.3664Y-121.1616

G1X187.7164Y-120.6521

G1X193.7445Y-119.0584

G1X195.4814Y-118.7661

G1X197.2184Y-118.6578

G1X199.0574Y-118.7872

G1X200.8965Y-119.1823

G1X202.6991Y-119.7982

G1X206.2095Y-121.3158

G1X207.8442Y-121.9399

G1X209.3768Y-122.3357

G1X210.8072Y-122.4627

G1X212.3397Y-122.2878

G1X213.7994Y-121.8127

G1X215.5071Y-120.9317

G1X218.4292Y-119.0565

G1X219.6815Y-118.3502

G1X221.0244Y-117.8225

G1X222.3526Y-117.6324

G1X223.5713Y-117.8013

G1X224.8877Y-118.3608

G1X226.3673Y-119.3882

G1X229.2582Y-121.9264

G1X230.3833Y-122.7738

G1X231.6502Y-123.4170

G1X232.2632Y-123.5719

G1X232.8763Y-123.6098

G1X234.0001Y-123.3599

G1X235.1649Y-122.6762

G1X236.4636Y-121.4937

G1X239.1356Y-118.4766

G1X240.2747Y-117.3787

G1X240.8384Y-116.9590

G1X241.5025Y-116.5945

G1X242.0717Y-116.4113

G1X242.5826Y-116.3628

G1X243.1956Y-116.4425

G1X243.8427Y-116.6992

G1X244.4625Y-117.1052

G1X245.1476Y-117.7096

G1X246.3583Y-119.1180

G1X248.9785Y-122.6844

G1X250.2071Y-124.0303

G1X251.2863Y-124.7791

G1X251.8802Y-124.9674

G1X252.3910Y-125.0024

G1X252.9632Y-124.8911

G1X253.5830Y-124.5900

G1X254.2355Y-124.0970

G1X254.8647Y-123.4450

G1X255.9892Y-121.9779

G1X258.9345Y-117.4770

G1X260.1776Y-115.9810

G1X260.7618Y-115.4692

G1X261.3310Y-115.1109

G1X261.9003Y-114.8974

G1X262.4038Y-114.8436

G1X263.0169Y-114.9415

G1X263.6554Y-115.2293

G1X264.4026Y-115.8044

G1X265.0944Y-116.5244

G1X266.3672Y-118.2447

G1X269.6181Y-123.3865

G1X271.0936Y-125.2267

G1X271.8739Y-125.9190

G1X272.5380Y-126.3372

G1X273.2341Y-126.5852

G1X273.9493Y-126.6441

G1 Z0F20000

(Start Block)


G1X22.9136Y-123.1783
G1Z5F20000
(Plotting speed under)
G1 F4000


G1X27.6135Y-123.2510

G1X31.9047Y-123.1363

G1X34.9698Y-122.8548

G1X37.6263Y-122.3550

G1X39.4216Y-121.7102

G1X43.7858Y-119.5320

G1X50.6167Y-115.5788

G1X52.2368Y-114.9550

G1X53.7694Y-114.7097

G1X54.6890Y-114.7545

G1X55.5063Y-114.9266

G1X56.3091Y-115.2143

G1X57.1630Y-115.6494

G1X58.9321Y-116.9027

G1X62.2917Y-119.8997

G1X63.5907Y-120.9008

G1X65.0375Y-121.6739

G1X65.7235Y-121.8737

G1X66.3365Y-121.9534

G1X66.9495Y-121.9344

G1X67.5626Y-121.8142

G1X68.7818Y-121.3009

G1X70.1488Y-120.3587

G1X73.0738Y-117.7977

G1X74.2165Y-116.9346

G1X75.5685Y-116.2315

G1X76.7580Y-115.9846

G1X77.7797Y-116.0696

G1X78.9649Y-116.4918

G1X80.2766Y-117.2796

G1X82.6010Y-119.0352

G1X84.0122Y-119.9745

G1X85.3404Y-120.5741

G1X86.6687Y-120.8078

G1X87.6904Y-120.7251

G1X88.7559Y-120.4236

G1X89.8944Y-119.9113

G1X92.8671Y-118.2165

G1X94.0688Y-117.6373

G1X95.4554Y-117.1829

G1X96.7837Y-117.0085

G1X98.0097Y-117.0737

G1X99.3379Y-117.3536

G1X103.8408Y-119.0006

G1X105.4682Y-119.4922

G1X106.8986Y-119.7738

G1X108.3290Y-119.8990

G1X109.6573Y-119.8836

G1X111.0877Y-119.7496

G1X118.9549Y-118.3185

G1X121.4070Y-118.0217

G1X123.8591Y-117.8537

G1X128.0482Y-117.7855

G1X140.8196Y-117.9449

G1X153.8976Y-117.7835

G1X158.0866Y-117.8622

G1X161.7648Y-118.1033

G1X165.2386Y-118.5016

G1X173.0037Y-119.6376

G1X175.2515Y-119.8443

G1X177.1927Y-119.9069

G1X179.5427Y-119.8051

G1X181.7904Y-119.5128

G1X184.2426Y-119.0010

G1X190.4750Y-117.4137

G1X192.4163Y-117.1025

G1X194.1532Y-117.0037

G1X195.9923Y-117.1243

G1X197.9335Y-117.5158

G1X199.9478Y-118.1743

G1X203.5530Y-119.6663

G1X205.2899Y-120.2977

G1X206.9247Y-120.6937

G1X208.3551Y-120.8095

G1X209.8876Y-120.6489

G1X211.5224Y-120.1438

G1X213.1162Y-119.3636

G1X216.3926Y-117.3526

G1X217.6892Y-116.6605

G1X219.0831Y-116.1493

G1X220.4113Y-115.9783

G1X221.7396Y-116.1699

G1X223.0970Y-116.7460

G1X224.6387Y-117.7953

G1X227.3049Y-120.0675

G1X228.6234Y-121.0596

G1X229.9279Y-121.7296

G1X230.6285Y-121.9106

G1X231.2415Y-121.9583

G1X231.8546Y-121.8881

G1X232.4676Y-121.7034

G1X233.6042Y-121.0667

G1X234.9140Y-119.9317

G1X237.7375Y-116.8433

G1X238.8683Y-115.7753

G1X239.5101Y-115.3040

G1X240.1742Y-114.9477

G1X240.7435Y-114.7645

G1X241.2543Y-114.7091

G1X241.7652Y-114.7523

G1X242.3374Y-114.9240

G1X242.9572Y-115.2587

G1X243.5475Y-115.6988

G1X244.9179Y-117.1409

G1X247.3242Y-120.3506

G1X248.7129Y-121.9904

G1X249.4600Y-122.6543

G1X250.0411Y-123.0318

G1X250.7563Y-123.2982

G1X251.3693Y-123.3500

G1X252.0334Y-123.2049

G1X252.6975Y-122.8674

G1X253.2879Y-122.4053

G1X254.0258Y-121.6462

G1X255.4093Y-119.7983

G1X257.8372Y-116.1256

G1X259.2059Y-114.4467

G1X259.8368Y-113.8850

G1X260.4179Y-113.4992

G1X260.9734Y-113.2759

G1X261.5865Y-113.1899

G1X262.2798Y-113.3005

G1X262.9439Y-113.6160

G1X263.6185Y-114.1191

G1X264.4302Y-114.9640

G1X265.8591Y-116.9005

G1X268.9986Y-121.7522

G1X269.8438Y-122.8610

G1X270.7025Y-123.7772

G1X271.4825Y-124.4028

G1X272.3364Y-124.8364

G1X273.1319Y-124.9913

G1X273.9493Y-124.9051

G1 Z0F20000

(Start Block)


G1X22.9136Y-121.6957
G1Z5F20000
(Plotting speed under)
G1 F4000


G1X35.5829Y-121.6748

G1X38.0350Y-121.5086

G1X40.0784Y-121.1847

G1X41.6037Y-120.6409

G1X44.2538Y-119.2806

G1X46.9988Y-117.7187

G1X52.0461Y-114.5065

G1X53.1972Y-113.8556

G1X54.6963Y-113.2646

G1X55.5063Y-113.0984

G1X56.2215Y-113.0527

G1X56.9367Y-113.1094

G1X57.7322Y-113.2946

G1X59.2185Y-113.9820

G1X60.8072Y-115.1431

G1X63.9411Y-118.0350

G1X65.3388Y-119.1759

G1X66.1254Y-119.6758

G1X66.8474Y-120.0181

G1X67.5626Y-120.2295

G1X68.2778Y-120.3046

G1X68.8908Y-120.2551

G1X69.5914Y-120.0776

G1X70.9789Y-119.3629

G1X72.2144Y-118.4129

G1X74.9636Y-115.9671

G1X76.3275Y-115.0007

G1X77.4732Y-114.4916

G1X78.5971Y-114.3246

G1X79.7210Y-114.4977

G1X80.9762Y-115.0457

G1X82.0199Y-115.7137

G1X84.8424Y-117.8215

G1X86.0994Y-118.5651

G1X87.2817Y-119.0073

G1X88.4056Y-119.1553

G1X89.5295Y-119.0354

G1X90.8431Y-118.6000

G1X92.1587Y-117.9406

G1X94.5495Y-116.5779

G1X96.1706Y-115.8404

G1X97.4989Y-115.4708

G1X98.8271Y-115.3499

G1X100.0531Y-115.4505

G1X101.3814Y-115.7489

G1X105.8769Y-117.3474

G1X107.6139Y-117.8473

G1X109.3508Y-118.1532

G1X111.0877Y-118.2534

G1X113.9485Y-118.0490

G1X120.7940Y-116.8978

G1X124.5743Y-116.4461

G1X129.0699Y-116.1961

G1X135.3024Y-116.1300

G1X148.3803Y-116.1457

G1X154.4085Y-116.3194

G1X159.8235Y-116.7750

G1X169.7342Y-118.0749

G1X172.1863Y-118.2358

G1X174.3319Y-118.2333

G1X176.5797Y-118.0606

G1X178.9297Y-117.6931

G1X185.6730Y-116.0458

G1X187.6142Y-115.6446

G1X189.5555Y-115.3990

G1X191.3946Y-115.3610

G1X193.4380Y-115.5771

G1X195.4814Y-116.0636

G1X197.2913Y-116.6798

G1X201.2760Y-118.2529

G1X202.9400Y-118.7815

G1X204.4725Y-119.0835

G1X205.9029Y-119.1516

G1X207.4355Y-118.9615

G1X208.9608Y-118.4987

G1X210.6369Y-117.7166

G1X214.0017Y-115.7414

G1X215.4122Y-115.0153

G1X216.9375Y-114.4845

G1X217.7548Y-114.3480

G1X218.4700Y-114.3295

G1X219.7764Y-114.5494

G1X221.0857Y-115.0981

G1X222.5633Y-116.0555

G1X225.7179Y-118.6292

G1X226.9299Y-119.4769

G1X228.3150Y-120.1238

G1X228.9937Y-120.2728

G1X229.6068Y-120.3010

G1X230.3074Y-120.2033

G1X230.9715Y-119.9779

G1X231.6119Y-119.6498

G1X232.3590Y-119.1268

G1X233.5858Y-118.0220

G1X236.5491Y-114.8827

G1X237.8380Y-113.7974

G1X238.9409Y-113.2218

G1X239.5174Y-113.0805

G1X240.0283Y-113.0578

G1X240.6413Y-113.1553

G1X241.2748Y-113.4069

G1X241.9832Y-113.8565

G1X242.6620Y-114.4406

G1X243.8427Y-115.7402

G1X246.7869Y-119.5297

G1X248.0097Y-120.7706

G1X248.5566Y-121.1825

G1X249.1872Y-121.5082

G1X249.7565Y-121.6707

G1X250.2454Y-121.6960

G1X250.8584Y-121.5787

G1X251.5256Y-121.2736

G1X252.1506Y-120.8142

G1X252.8873Y-120.1004

G1X254.1990Y-118.4326

G1X256.9985Y-114.3284

G1X257.7575Y-113.3643

G1X258.4011Y-112.6889

G1X259.0262Y-112.1576

G1X259.6233Y-111.8015

G1X260.1926Y-111.5974

G1X260.7691Y-111.5347

G1X261.4843Y-111.6660

G1X262.1514Y-111.9804

G1X262.8546Y-112.5149

G1X263.6396Y-113.3087

G1X264.9981Y-115.0944

G1X268.3475Y-120.1546

G1X269.3004Y-121.3461

G1X270.1306Y-122.1898

G1X271.0438Y-122.8667

G1X272.0080Y-123.2616

G1X272.9275Y-123.3297

G1X273.9493Y-123.0564

G1 Z0F20000

(Start Block)


G1X22.9136Y-119.7305
G1Z5F20000
(Plotting speed under)
G1 F4000


G1X26.1831Y-119.5087

G1X28.8395Y-119.4491

G1X31.9047Y-119.5473

G1X38.8524Y-120.0364

G1X40.9980Y-120.0020

G1X42.8370Y-119.7731

G1X44.2538Y-119.2876

G1X46.9103Y-117.7717

G1X50.4522Y-115.5637

G1X54.5421Y-112.7906

G1X55.4995Y-112.2162

G1X56.9367Y-111.6113

G1X58.1628Y-111.4033

G1X58.8780Y-111.4295

G1X59.6954Y-111.6015

G1X60.3697Y-111.8534

G1X61.1666Y-112.2792

G1X62.8343Y-113.5355

G1X66.0420Y-116.5843

G1X67.2433Y-117.5659

G1X67.9074Y-118.0020

G1X68.6427Y-118.3594

G1X69.3068Y-118.5674

G1X69.9125Y-118.6459

G1X70.5255Y-118.6217

G1X71.1094Y-118.4992

G1X72.3071Y-117.9657

G1X73.6208Y-117.0214

G1X76.0428Y-114.8335

G1X77.4596Y-113.6943

G1X78.8015Y-112.9566

G1X79.5167Y-112.7457

G1X80.1297Y-112.6726

G1X81.1514Y-112.7810

G1X82.2096Y-113.1671

G1X83.3924Y-113.8591

G1X86.2536Y-115.9876

G1X87.3771Y-116.7005

G1X88.7121Y-117.2817

G1X89.9382Y-117.4965

G1X90.9599Y-117.4357

G1X92.1713Y-117.1074

G1X93.4869Y-116.5136

G1X95.9663Y-115.1291

G1X97.4843Y-114.3906

G1X98.9293Y-113.9108

G1X100.3597Y-113.7052

G1X101.5857Y-113.7424

G1X102.8118Y-113.9502

G1X104.2203Y-114.3445

G1X107.6357Y-115.5446

G1X109.2486Y-116.0264

G1X111.0877Y-116.4063

G1X112.9268Y-116.5827

G1X114.5615Y-116.5830

G1X116.4006Y-116.4462

G1X124.0635Y-115.3596

G1X128.3547Y-114.9257

G1X133.3611Y-114.6778

G1X139.6957Y-114.5985

G1X146.2347Y-114.6839

G1X151.5476Y-114.9332

G1X156.1454Y-115.3425

G1X164.8299Y-116.3798

G1X167.0777Y-116.5484

G1X169.0190Y-116.5997

G1X171.5733Y-116.4971

G1X174.0254Y-116.1988

G1X176.5797Y-115.6994

G1X183.3230Y-114.0949

G1X185.3664Y-113.7939

G1X187.2055Y-113.6965

G1X189.2490Y-113.8217

G1X191.2924Y-114.2025

G1X193.4964Y-114.8628

G1X197.6708Y-116.4399

G1X199.2618Y-116.9652

G1X200.9987Y-117.3631

G1X202.6335Y-117.5020

G1X204.3704Y-117.3476

G1X206.1073Y-116.8695

G1X207.9172Y-116.0711

G1X211.3453Y-114.1500

G1X212.8506Y-113.3996

G1X214.4854Y-112.8423

G1X215.9158Y-112.6716

G1X217.3461Y-112.8545

G1X218.8277Y-113.4254

G1X220.4049Y-114.4013

G1X224.8996Y-117.7880

G1X226.2351Y-118.4176

G1X226.9503Y-118.5976

G1X227.5633Y-118.6510

G1X228.1764Y-118.6048

G1X228.8843Y-118.4299

G1X230.2006Y-117.7583

G1X231.6672Y-116.5635

G1X234.6926Y-113.4635

G1X235.8456Y-112.4509

G1X236.5097Y-111.9886

G1X237.1383Y-111.6709

G1X237.8024Y-111.4594

G1X238.3935Y-111.4002

G1X239.0066Y-111.4661

G1X239.5923Y-111.6504

G1X240.8173Y-112.4128

G1X242.3374Y-113.9366

G1X245.5915Y-117.9631

G1X246.3689Y-118.7911

G1X247.0721Y-119.3715

G1X247.7641Y-119.7724

G1X248.4282Y-119.9970

G1X249.0194Y-120.0430

G1X249.7346Y-119.9065

G1X250.3731Y-119.6112

G1X251.0373Y-119.1306

G1X251.7678Y-118.4348

G1X252.9994Y-116.9220

G1X256.0497Y-112.5735

G1X257.4201Y-111.0263

G1X258.0105Y-110.5365

G1X258.5797Y-110.1902

G1X259.1490Y-109.9670

G1X259.7474Y-109.8825

G1X260.4626Y-109.9769

G1X261.1097Y-110.2435

G1X261.9066Y-110.7979

G1X262.6243Y-111.4851

G1X263.9875Y-113.1814

G1X267.7508Y-118.6826

G1X268.7144Y-119.8342

G1X269.7302Y-120.7806

G1X270.8184Y-121.4317

G1X271.8036Y-121.6773

G1X272.8108Y-121.5893

G1X273.9493Y-121.0969

G1 Z0F20000

(Start Block)


G1X22.9136Y-117.2921
G1Z5F20000
(Plotting speed under)
G1 F4000


G1X25.1614Y-116.9504

G1X27.1026Y-116.7516

G1X29.0439Y-116.6642

G1X30.8830Y-116.6926

G1X34.4590Y-117.0440

G1X41.8153Y-118.2825

G1X43.7566Y-118.3933

G1X45.4935Y-118.2680

G1X46.9103Y-117.7801

G1X49.5668Y-116.1293

G1X53.1308Y-113.7796

G1X57.7322Y-110.5682

G1X59.0823Y-109.9658

G1X59.7975Y-109.7959

G1X60.4105Y-109.7462

G1X61.0236Y-109.7849

G1X61.7169Y-109.9386

G1X62.4759Y-110.2411

G1X63.1756Y-110.6326

G1X64.6357Y-111.7577

G1X67.7783Y-114.8226

G1X69.0696Y-115.9134

G1X70.4453Y-116.7081

G1X71.1386Y-116.9201

G1X71.7516Y-116.9954

G1X72.7733Y-116.8720

G1X73.9177Y-116.3908

G1X75.1834Y-115.5083

G1X78.1524Y-112.8338

G1X79.3191Y-111.9380

G1X79.9390Y-111.5628

G1X80.6916Y-111.2359

G1X81.3557Y-111.0656

G1X81.9688Y-111.0189

G1X83.0635Y-111.1806

G1X84.3664Y-111.7456

G1X85.5895Y-112.5429

G1X87.9969Y-114.3437

G1X89.5149Y-115.2532

G1X90.7555Y-115.7079

G1X91.9816Y-115.8486

G1X93.2077Y-115.6869

G1X94.4483Y-115.2653

G1X98.3381Y-113.2280

G1X99.8561Y-112.5693

G1X101.3814Y-112.1618

G1X102.8118Y-112.0427

G1X104.1400Y-112.1468

G1X105.4682Y-112.4184

G1X110.3725Y-113.9856

G1X112.4159Y-114.5112

G1X114.5615Y-114.8424

G1X116.7071Y-114.9459

G1X119.9766Y-114.7777

G1X126.9243Y-113.9902

G1X130.7046Y-113.6590

G1X134.7915Y-113.4505

G1X139.1849Y-113.3773

G1X143.2717Y-113.4314

G1X147.2564Y-113.5991

G1X151.6498Y-113.9222

G1X160.9474Y-114.8142

G1X163.6039Y-114.9381

G1X166.0560Y-114.9104

G1X168.5081Y-114.7129

G1X170.9602Y-114.3396

G1X177.9079Y-112.7405

G1X180.0535Y-112.3262

G1X182.0970Y-112.0882

G1X184.0382Y-112.0546

G1X186.1838Y-112.2657

G1X188.3294Y-112.7342

G1X190.3656Y-113.3718

G1X194.6641Y-114.9330

G1X196.5032Y-115.4702

G1X198.2401Y-115.7805

G1X199.8748Y-115.8403

G1X201.7139Y-115.5994

G1X203.6479Y-114.9974

G1X205.3556Y-114.2194

G1X209.2454Y-112.1495

G1X210.8583Y-111.4696

G1X212.2376Y-111.1117

G1X213.5658Y-111.0215

G1X214.9962Y-111.2396

G1X216.4558Y-111.8008

G1X218.2465Y-112.8821

G1X220.8200Y-114.7033

G1X222.0652Y-115.6922

G1X222.9452Y-116.2444

G1X224.3960Y-116.8427

G1X225.7243Y-116.9936

G1X226.3373Y-116.9216

G1X227.0525Y-116.7191

G1X228.3467Y-116.0469

G1X229.8832Y-114.8170

G1X232.6265Y-112.0921

G1X234.0242Y-110.8655

G1X234.8107Y-110.3368

G1X235.4306Y-110.0263

G1X236.1458Y-109.8079

G1X236.7588Y-109.7449

G1X237.3718Y-109.8083

G1X238.0870Y-110.0343

G1X239.3267Y-110.8113

G1X240.0793Y-111.4984

G1X241.6523Y-113.1686

G1X244.4752Y-116.5965

G1X245.0407Y-117.1783

G1X245.7439Y-117.7367

G1X246.4359Y-118.1234

G1X247.1000Y-118.3413

G1X247.6911Y-118.3905

G1X248.4063Y-118.2692

G1X249.0449Y-117.9963

G1X249.7920Y-117.4816

G1X250.5304Y-116.7984

G1X251.7919Y-115.2965

G1X254.9113Y-110.9637

G1X256.3133Y-109.4084

G1X256.9479Y-108.8953

G1X257.6563Y-108.4820

G1X258.2148Y-108.2938

G1X258.8278Y-108.2291

G1X259.5285Y-108.3357

G1X260.2874Y-108.6730

G1X261.0359Y-109.2045

G1X261.8476Y-109.9937

G1X263.3811Y-111.9189

G1X266.9918Y-117.0780

G1X268.1470Y-118.3864

G1X269.1676Y-119.2544

G1X269.7875Y-119.6329

G1X270.3733Y-119.8749

G1X271.4971Y-120.0316

G1X272.1102Y-119.9441

G1X272.7096Y-119.7514

G1X273.9493Y-119.0286

G1 Z0F20000

(Start Block)


G1X22.9136Y-114.4459
G1Z5F20000
(Plotting speed under)
G1 F4000


G1X25.4679Y-113.8620

G1X27.8178Y-113.5216

G1X30.1678Y-113.3994

G1X32.4156Y-113.4958

G1X34.4590Y-113.7617

G1X36.6046Y-114.2073

G1X42.6327Y-115.9719

G1X44.5740Y-116.4548

G1X46.4130Y-116.7147

G1X48.0478Y-116.7040

G1X49.0038Y-116.4079

G1X50.0095Y-115.8712

G1X54.5421Y-112.8060

G1X59.9380Y-108.8896

G1X61.2425Y-108.2934

G1X61.9431Y-108.1340

G1X62.5562Y-108.0916

G1X63.1692Y-108.1490

G1X63.8844Y-108.3388

G1X65.1513Y-108.9890

G1X66.8190Y-110.3438

G1X69.3279Y-112.8743

G1X70.7299Y-114.1295

G1X71.5268Y-114.6837

G1X72.1603Y-115.0139

G1X72.8755Y-115.2537

G1X73.4885Y-115.3404

G1X74.1016Y-115.3103

G1X74.7146Y-115.1723

G1X75.8531Y-114.6348

G1X77.1220Y-113.6982

G1X79.7931Y-111.2656

G1X81.0237Y-110.3051

G1X82.3045Y-109.6265

G1X83.5014Y-109.3704

G1X84.5231Y-109.4551

G1X85.6946Y-109.8691

G1X86.9177Y-110.5853

G1X89.5908Y-112.5499

G1X90.8431Y-113.3498

G1X92.1859Y-113.9421

G1X93.5142Y-114.1885

G1X94.6380Y-114.1245

G1X95.8641Y-113.8025

G1X97.2945Y-113.1846

G1X99.8624Y-111.8252

G1X101.4690Y-111.0907

G1X103.0161Y-110.6091

G1X104.5487Y-110.4002

G1X105.7748Y-110.4213

G1X107.2051Y-110.6263

G1X108.6356Y-110.9731

G1X112.5181Y-112.1587

G1X114.3572Y-112.6415

G1X116.5028Y-113.0391

G1X118.7505Y-113.2522

G1X122.3265Y-113.2466

G1X132.6459Y-112.5352

G1X139.1849Y-112.3692

G1X145.1108Y-112.5139

G1X155.4302Y-113.1740

G1X159.3127Y-113.2925

G1X162.3778Y-113.1872

G1X165.2386Y-112.8783

G1X168.0994Y-112.3676

G1X175.2515Y-110.7835

G1X177.3971Y-110.4863

G1X179.3383Y-110.3892

G1X181.4839Y-110.5113

G1X183.6295Y-110.8819

G1X185.9795Y-111.5357

G1X190.3729Y-113.0770

G1X192.3141Y-113.6717

G1X194.1532Y-114.0570

G1X195.9923Y-114.1949

G1X197.8314Y-114.0408

G1X199.7580Y-113.5563

G1X201.7504Y-112.7520

G1X205.7351Y-110.7279

G1X207.2531Y-110.0545

G1X208.8659Y-109.5540

G1X210.5007Y-109.3640

G1X212.1354Y-109.5538

G1X213.7045Y-110.1042

G1X214.8872Y-110.7348

G1X217.9864Y-112.7081

G1X220.8200Y-114.7033

G1X222.1483Y-115.1972

G1X223.4765Y-115.3414

G1X224.8047Y-115.0947

G1X226.2160Y-114.4083

G1X227.7737Y-113.2227

G1X231.0031Y-110.1524

G1X232.2760Y-109.1169

G1X232.9638Y-108.6822

G1X233.7228Y-108.3266

G1X234.4088Y-108.1430

G1X235.0219Y-108.0923

G1X235.6203Y-108.1535

G1X236.2844Y-108.3524

G1X236.9248Y-108.6650

G1X237.5889Y-109.1175

G1X238.3822Y-109.7996

G1X240.7435Y-112.1899

G1X243.2007Y-115.0046

G1X244.0250Y-115.8223

G1X244.5719Y-116.2508

G1X245.0347Y-116.5001

G1X245.6477Y-116.6870

G1X246.2607Y-116.7381

G1X246.9759Y-116.6290

G1X247.6503Y-116.3590

G1X248.4472Y-115.8308

G1X249.2022Y-115.1539

G1X250.4838Y-113.6764

G1X253.7095Y-109.3228

G1X255.1326Y-107.7810

G1X255.7967Y-107.2543

G1X256.4166Y-106.8858

G1X257.0909Y-106.6470

G1X257.7039Y-106.5741

G1X258.4848Y-106.6884

G1X259.2438Y-107.0154

G1X259.9637Y-107.5100

G1X260.7997Y-108.2821

G1X262.2970Y-110.0887

G1X266.1196Y-115.3995

G1X267.3081Y-116.7175

G1X268.5533Y-117.7217

G1X269.2055Y-118.0686

G1X269.8697Y-118.2923

G1X270.4754Y-118.3762

G1X271.1906Y-118.3328

G1X271.8620Y-118.1554

G1X272.5261Y-117.8569

G1X273.9493Y-116.8572

G1 Z0F20000

(Start Block)


G1X22.9136Y-111.3073
G1Z5F20000
(Plotting speed under)
G1 F4000


G1X25.7744Y-110.4764

G1X28.5330Y-110.0007

G1X31.2917Y-109.8649

G1X34.0503Y-110.0741

G1X36.4002Y-110.5242

G1X38.8524Y-111.2488

G1X41.0344Y-112.0797

G1X45.3038Y-113.9092

G1X47.2304Y-114.5995

G1X48.9673Y-114.9968

G1X50.6021Y-115.0937

G1X51.3757Y-114.8567

G1X52.6327Y-114.1374

G1X57.3646Y-110.7959

G1X62.0521Y-107.2349

G1X63.2714Y-106.6526

G1X63.8844Y-106.4938

G1X64.4974Y-106.4391

G1X65.1104Y-106.4859

G1X65.7965Y-106.6617

G1X67.0773Y-107.3214

G1X68.4424Y-108.4250

G1X71.5416Y-111.5723

G1X72.7222Y-112.5970

G1X74.0505Y-113.3912

G1X74.7146Y-113.6084

G1X75.3276Y-113.6864

G1X76.4223Y-113.5446

G1X77.5371Y-113.0468

G1X78.8556Y-112.0900

G1X81.2820Y-109.8678

G1X82.6840Y-108.7340

G1X83.4809Y-108.2463

G1X84.1144Y-107.9634

G1X84.8296Y-107.7695

G1X85.4426Y-107.7098

G1X86.6687Y-107.8904

G1X87.9969Y-108.4752

G1X89.3251Y-109.3410

G1X91.7325Y-111.0934

G1X93.1327Y-111.9079

G1X94.3534Y-112.3629

G1X95.4554Y-112.5336

G1X96.5793Y-112.4746

G1X97.7689Y-112.1843

G1X99.0971Y-111.6496

G1X102.2279Y-110.0669

G1X103.6511Y-109.4510

G1X105.2639Y-108.9667

G1X106.8986Y-108.7480

G1X108.2269Y-108.7658

G1X109.7594Y-108.9681

G1X117.4223Y-110.9248

G1X119.7723Y-111.3248

G1X122.1222Y-111.5507

G1X126.1069Y-111.6332

G1X134.6893Y-111.3853

G1X139.1849Y-111.3387

G1X152.9780Y-111.6388

G1X156.7584Y-111.5396

G1X160.2322Y-111.2137

G1X163.6039Y-110.6561

G1X171.0624Y-109.1004

G1X173.2080Y-108.8236

G1X175.1493Y-108.7356

G1X177.2949Y-108.8553

G1X179.4405Y-109.2119

G1X181.7904Y-109.8400

G1X186.5925Y-111.4728

G1X188.5338Y-112.0413

G1X190.5772Y-112.4340

G1X192.5185Y-112.5383

G1X194.3575Y-112.3545

G1X196.1966Y-111.8934

G1X198.3349Y-111.0609

G1X202.2248Y-109.1665

G1X204.0274Y-108.3967

G1X205.9029Y-107.8601

G1X207.5377Y-107.7101

G1X209.1724Y-107.9074

G1X210.8583Y-108.4813

G1X211.7880Y-108.9438

G1X215.0643Y-110.8500

G1X217.7208Y-112.5620

G1X219.0174Y-113.3042

G1X219.9004Y-113.6093

G1X221.0244Y-113.6877

G1X221.7396Y-113.6130

G1X222.4329Y-113.4404

G1X223.9192Y-112.7468

G1X225.5079Y-111.5889

G1X228.6418Y-108.7295

G1X230.1176Y-107.5421

G1X230.9146Y-107.0442

G1X231.6502Y-106.7066

G1X232.3654Y-106.5029

G1X233.0806Y-106.4389

G1X233.6936Y-106.4976

G1X234.3869Y-106.6916

G1X235.6650Y-107.3967

G1X238.1608Y-109.5977

G1X242.9311Y-114.4735

G1X243.7064Y-114.9453

G1X244.7282Y-115.0854

G1X245.4433Y-114.9840

G1X246.2224Y-114.6796

G1X246.9695Y-114.1965

G1X247.7342Y-113.5402

G1X249.1556Y-111.9492

G1X252.4445Y-107.6423

G1X253.9520Y-106.0729

G1X254.6456Y-105.5509

G1X255.2655Y-105.2070

G1X255.9670Y-104.9798

G1X256.5801Y-104.9199

G1X257.2953Y-105.0229

G1X258.0935Y-105.3452

G1X258.8406Y-105.8412

G1X259.6183Y-106.5246

G1X261.1097Y-108.2384

G1X264.2290Y-112.5238

G1X265.4486Y-114.0448

G1X266.7612Y-115.3728

G1X267.9279Y-116.1989

G1X268.6363Y-116.5185

G1X269.3515Y-116.6918

G1X270.0667Y-116.7198

G1X270.7819Y-116.6007

G1X271.5584Y-116.3202

G1X272.2668Y-115.9298

G1X273.0898Y-115.3433

G1X273.9493Y-114.5918

G1 Z0F20000

(Start Block)


G1X22.9136Y-108.0288
G1Z5F20000
(Plotting speed under)
G1 F4000


G1X24.5483Y-107.4426

G1X26.0809Y-107.0063

G1X27.6135Y-106.6791

G1X29.2482Y-106.4469

G1X30.8830Y-106.3311

G1X32.5177Y-106.3294

G1X34.1525Y-106.4424

G1X35.7872Y-106.6733

G1X38.4437Y-107.3139

G1X41.1293Y-108.3072

G1X43.5012Y-109.4500

G1X48.0614Y-111.9477

G1X49.8577Y-112.7710

G1X51.4195Y-113.2578

G1X53.0542Y-113.4690

G1X53.8171Y-113.2646

G1X55.1232Y-112.4007

G1X60.1041Y-108.7432

G1X64.0057Y-105.6509

G1X65.2272Y-105.0209

G1X66.3365Y-104.7895

G1X66.9495Y-104.8119

G1X67.5626Y-104.9462

G1X68.2505Y-105.2198

G1X68.8704Y-105.5805

G1X70.2611Y-106.6986

G1X73.2465Y-109.7725

G1X74.5583Y-110.9422

G1X75.3344Y-111.4630

G1X75.9543Y-111.7706

G1X76.6559Y-111.9766

G1X77.2689Y-112.0366

G1X77.8819Y-111.9766

G1X78.4950Y-111.8036

G1X79.7619Y-111.1265

G1X80.6526Y-110.4323

G1X83.6997Y-107.6947

G1X84.9862Y-106.7709

G1X86.0994Y-106.2583

G1X87.1795Y-106.0606

G1X88.2013Y-106.1516

G1X89.4137Y-106.5810

G1X90.7364Y-107.3502

G1X93.2268Y-109.1330

G1X94.6380Y-110.0130

G1X96.0685Y-110.6250

G1X97.4989Y-110.8812

G1X98.7249Y-110.8129

G1X99.9510Y-110.5124

G1X101.3741Y-109.9524

G1X104.5049Y-108.4393

G1X106.0229Y-107.8126

G1X107.7160Y-107.3268

G1X109.4529Y-107.0985

G1X110.9855Y-107.1126

G1X112.6202Y-107.3080

G1X120.3853Y-109.0592

G1X122.7353Y-109.4508

G1X125.0852Y-109.7146

G1X130.5003Y-109.9617

G1X142.3522Y-109.9852

G1X149.0955Y-109.9030

G1X154.1019Y-109.5725

G1X158.3931Y-108.9774

G1X166.6690Y-107.4114

G1X168.7125Y-107.1683

G1X170.6537Y-107.0821

G1X172.9015Y-107.1974

G1X175.2515Y-107.5805

G1X177.6014Y-108.1996

G1X182.2064Y-109.7355

G1X184.2426Y-110.3333

G1X186.2860Y-110.7451

G1X188.2273Y-110.8878

G1X190.1685Y-110.7460

G1X192.2120Y-110.2831

G1X194.4451Y-109.4620

G1X198.8093Y-107.4303

G1X200.5170Y-106.7391

G1X202.4291Y-106.2155

G1X204.2682Y-106.0581

G1X206.0051Y-106.2769

G1X207.7274Y-106.8497

G1X208.8659Y-107.4025

G1X210.1941Y-108.1814

G1X211.6995Y-108.8964

G1X216.5696Y-111.7597

G1X217.2440Y-111.9767

G1X218.2657Y-112.0363

G1X218.9809Y-111.9792

G1X219.7764Y-111.8041

G1X221.3513Y-111.1166

G1X223.0614Y-109.9313

G1X226.6017Y-106.8571

G1X227.9925Y-105.8153

G1X228.7009Y-105.3954

G1X229.5484Y-105.0277

G1X230.3220Y-104.8339

G1X231.0372Y-104.7858

G1X231.7524Y-104.8708

G1X232.4676Y-105.0903

G1X233.1283Y-105.4073

G1X233.9252Y-105.9314

G1X237.4967Y-108.9690

G1X241.5248Y-112.9160

G1X242.1739Y-113.3305

G1X242.8891Y-113.4481

G1X243.6846Y-113.3621

G1X244.3487Y-113.1499

G1X244.9772Y-112.8268

G1X245.7243Y-112.2868

G1X246.4758Y-111.6049

G1X247.4479Y-110.5413

G1X250.7716Y-106.3227

G1X252.2548Y-104.7287

G1X253.0517Y-104.0801

G1X253.8487Y-103.6047

G1X254.6388Y-103.3357

G1X255.3540Y-103.2668

G1X256.0692Y-103.3729

G1X256.8593Y-103.6813

G1X257.6563Y-104.1934

G1X258.4532Y-104.8749

G1X259.9712Y-106.5672

G1X263.0819Y-110.7165

G1X264.4524Y-112.3870

G1X265.8323Y-113.7391

G1X267.2195Y-114.6515

G1X268.0233Y-114.9477

G1X268.7385Y-115.0654

G1X269.5559Y-115.0284

G1X270.3441Y-114.8312

G1X271.1979Y-114.4451

G1X272.0399Y-113.9104

G1X272.9162Y-113.2158

G1X273.9493Y-112.2446

G1 Z0F20000

(Start Block)


G1X22.9136Y-104.7812
G1Z5F20000
(Plotting speed under)
G1 F4000


G1X24.6505Y-104.1589

G1X26.3874Y-103.6912

G1X28.2265Y-103.3468

G1X30.1678Y-103.1300

G1X32.2112Y-103.0458

G1X34.2546Y-103.1008

G1X36.1959Y-103.2883

G1X38.1372Y-103.6249

G1X40.9396Y-104.4243

G1X43.6909Y-105.6245

G1X46.1134Y-107.0165

G1X50.6293Y-109.9929

G1X52.4193Y-110.9809

G1X54.0759Y-111.5957

G1X55.5063Y-111.7742

G1X56.1193Y-111.6641

G1X56.7005Y-111.3237

G1X58.6928Y-109.7490

G1X60.1822Y-108.6827

G1X66.1254Y-103.9458

G1X67.2195Y-103.3734

G1X68.2778Y-103.1378

G1X68.8908Y-103.1572

G1X69.5914Y-103.3164

G1X70.8861Y-103.9854

G1X72.2795Y-105.1504

G1X75.1573Y-108.1563

G1X76.2919Y-109.1859

G1X77.0390Y-109.7233

G1X77.6557Y-110.0506

G1X78.3198Y-110.2841

G1X78.9036Y-110.3760

G1X80.0275Y-110.2536

G1X81.1660Y-109.7549

G1X82.1029Y-109.0821

G1X85.2623Y-106.2969

G1X86.4196Y-105.3991

G1X87.8072Y-104.6663

G1X89.0186Y-104.4100

G1X90.0403Y-104.4831

G1X91.2226Y-104.8665

G1X92.4243Y-105.5152

G1X95.5236Y-107.6545

G1X96.7632Y-108.3857

G1X98.2433Y-108.9871

G1X99.6445Y-109.2252

G1X100.8705Y-109.1688

G1X102.0966Y-108.8983

G1X103.4613Y-108.4081

G1X106.9716Y-106.8181

G1X108.6794Y-106.1580

G1X110.4747Y-105.6805

G1X112.3137Y-105.4505

G1X114.0507Y-105.4550

G1X115.9919Y-105.6550

G1X123.5526Y-107.0762

G1X127.7417Y-107.6436

G1X132.4416Y-107.9705

G1X138.1632Y-108.0806

G1X144.0891Y-107.9653

G1X149.0955Y-107.6318

G1X153.4889Y-107.0937

G1X161.9691Y-105.7161

G1X164.1148Y-105.4977

G1X166.0560Y-105.4282

G1X168.4060Y-105.5517

G1X170.7559Y-105.9220

G1X173.3102Y-106.5776

G1X178.1123Y-108.1437

G1X180.0535Y-108.6942

G1X182.1991Y-109.1078

G1X184.1404Y-109.2341

G1X186.0817Y-109.0873

G1X188.1251Y-108.6351

G1X190.4604Y-107.8006

G1X194.9195Y-105.7918

G1X196.7221Y-105.0880

G1X198.6488Y-104.5750

G1X200.4878Y-104.4024

G1X201.4074Y-104.4518

G1X202.4291Y-104.6164

G1X204.3120Y-105.2169

G1X208.7710Y-107.3528

G1X210.1941Y-108.1814

G1X211.6995Y-108.8968

G1X213.8246Y-110.1429

G1X214.3832Y-110.3387

G1X214.9962Y-110.3933

G1X215.9158Y-110.3474

G1X216.7331Y-110.2016

G1X217.5943Y-109.9251

G1X218.4292Y-109.5449

G1X220.3219Y-108.3206

G1X224.1406Y-105.1639

G1X225.6017Y-104.1277

G1X226.4175Y-103.6827

G1X227.2714Y-103.3434

G1X228.0742Y-103.1682

G1X228.7894Y-103.1332

G1X229.5046Y-103.2220

G1X230.2125Y-103.4281

G1X231.6119Y-104.1775

G1X234.1023Y-106.0633

G1X236.7588Y-108.3104

G1X239.7694Y-111.1646

G1X240.5664Y-111.6786

G1X241.2543Y-111.8083

G1X242.1666Y-111.6469

G1X242.9256Y-111.3481

G1X243.7124Y-110.8722

G1X244.5719Y-110.1672

G1X246.1829Y-108.4577

G1X249.5762Y-104.2987

G1X251.1349Y-102.7782

G1X251.9006Y-102.2376

G1X252.6090Y-101.8761

G1X253.3106Y-101.6700

G1X254.0258Y-101.6143

G1X254.7410Y-101.7225

G1X255.5311Y-102.0215

G1X256.3280Y-102.5117

G1X257.1250Y-103.1623

G1X258.6746Y-104.8166

G1X261.9319Y-109.0191

G1X263.4710Y-110.8285

G1X264.9837Y-112.2244

G1X265.7308Y-112.7324

G1X266.4542Y-113.0921

G1X267.3081Y-113.3488

G1X268.2276Y-113.4150

G1X269.0450Y-113.2987

G1X269.9645Y-112.9785

G1X270.8501Y-112.4979

G1X271.7616Y-111.8536

G1X272.8424Y-110.9232

G1X273.9493Y-109.8307

G1 Z0F20000

(Start Block)


G1X22.9136Y-101.7328
G1Z5F20000
(Plotting speed under)
G1 F4000


G1X24.6505Y-101.1930

G1X26.5918Y-100.7790

G1X28.7374Y-100.5001

G1X31.1895Y-100.3452

G1X34.0503Y-100.3199

G1X36.8089Y-100.4440

G1X39.0567Y-100.6927

G1X41.1001Y-101.0866

G1X43.5960Y-101.8678

G1X45.9362Y-102.9682

G1X48.3990Y-104.5242

G1X52.7988Y-107.8615

G1X54.2598Y-108.8571

G1X55.8347Y-109.6738

G1X56.7324Y-109.9887

G1X57.3454Y-110.0972

G1X58.3014Y-109.9018

G1X59.3569Y-109.3185

G1X64.0057Y-105.6646

G1X68.1683Y-102.2648

G1X69.3068Y-101.6788

G1X70.4234Y-101.4776

G1X71.5473Y-101.6707

G1X72.7222Y-102.2758

G1X74.0505Y-103.3706

G1X77.0215Y-106.4887

G1X78.3086Y-107.6448

G1X79.6480Y-108.4488

G1X80.3340Y-108.6609

G1X80.9471Y-108.7275

G1X81.9688Y-108.5814

G1X83.0382Y-108.1088

G1X84.0903Y-107.3692

G1X87.2937Y-104.5576

G1X88.3511Y-103.7525

G1X89.6316Y-103.0647

G1X90.3468Y-102.8449

G1X90.9599Y-102.7579

G1X92.0838Y-102.8357

G1X93.3098Y-103.2391

G1X94.7266Y-104.0133

G1X97.3831Y-105.8102

G1X98.9074Y-106.7036

G1X100.4618Y-107.3214

G1X101.8922Y-107.5675

G1X103.1183Y-107.5335

G1X104.4465Y-107.2752

G1X105.9280Y-106.7845

G1X109.7230Y-105.1890

G1X111.4964Y-104.5537

G1X113.4376Y-104.0670

G1X115.4811Y-103.8123

G1X117.3201Y-103.7836

G1X119.3636Y-103.9202

G1X127.1286Y-104.9737

G1X130.8068Y-105.3569

G1X134.3828Y-105.5712

G1X137.9588Y-105.6371

G1X141.7392Y-105.5561

G1X145.4174Y-105.3299

G1X149.0955Y-104.9643

G1X156.8606Y-104.0025

G1X159.0062Y-103.8305

G1X160.9474Y-103.7746

G1X163.6039Y-103.9059

G1X166.1582Y-104.2930

G1X168.9168Y-104.9808

G1X173.8211Y-106.5324

G1X175.6601Y-107.0395

G1X177.8058Y-107.4480

G1X179.7470Y-107.5806

G1X181.7904Y-107.4352

G1X183.9361Y-106.9661

G1X186.2860Y-106.1378

G1X190.7451Y-104.1764

G1X192.6425Y-103.4507

G1X194.6641Y-102.9246

G1X196.6053Y-102.7488

G1X198.4444Y-102.9301

G1X200.4222Y-103.5057

G1X204.9761Y-105.5114

G1X208.6762Y-107.3044

G1X210.7634Y-108.4539

G1X211.5224Y-108.7082

G1X212.2376Y-108.7439

G1X213.9745Y-108.4495

G1X215.5956Y-107.7852

G1X217.4164Y-106.6412

G1X221.3181Y-103.5681

G1X222.8566Y-102.5169

G1X224.5201Y-101.7396

G1X225.3156Y-101.5449

G1X226.1329Y-101.4767

G1X226.8481Y-101.5367

G1X227.5561Y-101.7041

G1X228.3150Y-102.0057

G1X229.0384Y-102.4038

G1X231.4459Y-104.0654

G1X234.0193Y-105.9974

G1X236.7588Y-108.3104

G1X238.0132Y-109.4736

G1X238.9409Y-110.0003

G1X239.6196Y-110.1300

G1X240.2326Y-110.0138

G1X241.1862Y-109.6200

G1X242.0717Y-109.0617

G1X242.8530Y-108.4178

G1X244.3786Y-106.8450

G1X247.8740Y-102.7183

G1X249.4942Y-101.1731

G1X250.2308Y-100.6535

G1X250.9898Y-100.2592

G1X251.6758Y-100.0422

G1X252.3910Y-99.9592

G1X253.2084Y-100.0493

G1X254.0258Y-100.3316

G1X254.8227Y-100.7852

G1X255.7229Y-101.4822

G1X257.3464Y-103.1533

G1X260.8662Y-107.5393

G1X262.4379Y-109.3038

G1X263.2496Y-110.0702

G1X264.0705Y-110.7125

G1X264.8414Y-111.1841

G1X265.6003Y-111.5153

G1X266.4907Y-111.7284

G1X267.4102Y-111.7511

G1X268.3298Y-111.5766

G1X269.3004Y-111.1971

G1X270.2966Y-110.6203

G1X271.4490Y-109.7515

G1X273.9493Y-107.3670

G1 Z0F20000

(Start Block)


G1X22.9136Y-99.0286
G1Z5F20000
(Plotting speed under)
G1 F4000


G1X24.4461Y-98.6943

G1X26.1831Y-98.4682

G1X28.3287Y-98.3411

G1X30.9852Y-98.3052

G1X39.9762Y-98.3722

G1X42.3262Y-98.5804

G1X44.3696Y-98.9727

G1X46.6320Y-99.7373

G1X48.7698Y-100.8503

G1X51.1190Y-102.5112

G1X55.1818Y-105.9603

G1X56.6506Y-107.0817

G1X58.2066Y-107.9807

G1X59.2867Y-108.3812

G1X59.7975Y-108.4874

G1X60.1041Y-108.4668

G1X60.4582Y-108.3318

G1X61.7643Y-107.4062

G1X64.0887Y-105.5977

G1X70.2318Y-100.5692

G1X71.2991Y-100.0210

G1X72.3646Y-99.8244

G1X72.9777Y-99.8792

G1X73.5761Y-100.0456

G1X74.7927Y-100.7177

G1X76.1827Y-101.9207

G1X78.6294Y-104.5272

G1X80.0275Y-105.8404

G1X80.8245Y-106.4139

G1X81.4579Y-106.7516

G1X82.1731Y-106.9912

G1X82.7862Y-107.0738

G1X83.3992Y-107.0364

G1X84.0122Y-106.8909

G1X85.2456Y-106.2900

G1X89.2470Y-102.9226

G1X90.7482Y-101.8542

G1X91.9816Y-101.2987

G1X93.3098Y-101.0951

G1X94.6380Y-101.2952

G1X95.9663Y-101.8349

G1X97.3831Y-102.6624

G1X99.9510Y-104.3378

G1X101.7536Y-105.2763

G1X103.3226Y-105.7716

G1X104.8552Y-105.9262

G1X106.2856Y-105.7981

G1X107.8182Y-105.4297

G1X113.1384Y-103.4547

G1X115.6854Y-102.7067

G1X118.3419Y-102.2592

G1X121.2027Y-102.1210

G1X124.1657Y-102.2279

G1X132.4416Y-102.8254

G1X137.3458Y-102.9618

G1X142.8631Y-102.8205

G1X152.9780Y-102.1631

G1X155.4302Y-102.1228

G1X157.5758Y-102.2049

G1X160.1300Y-102.4850

G1X162.6843Y-102.9805

G1X165.0343Y-103.6034

G1X169.8363Y-105.0532

G1X171.9820Y-105.5718

G1X174.1276Y-105.8778

G1X176.1710Y-105.9033

G1X178.3166Y-105.6198

G1X180.4622Y-105.0333

G1X182.4911Y-104.2623

G1X186.9501Y-102.3309

G1X188.9424Y-101.6343

G1X190.9859Y-101.1928

G1X192.9272Y-101.1068

G1X194.5619Y-101.3141

G1X196.3426Y-101.8257

G1X199.1888Y-103.0576

G1X200.9914Y-103.7375

G1X203.2684Y-104.8059

G1X204.8812Y-105.4668

G1X207.3479Y-106.6997

G1X208.3551Y-107.0038

G1X209.1724Y-107.0663

G1X210.1941Y-106.8922

G1X211.1137Y-106.6262

G1X213.0277Y-105.7291

G1X214.6769Y-104.6514

G1X218.6616Y-101.6620

G1X220.3772Y-100.6187

G1X221.9585Y-100.0050

G1X223.3743Y-99.8230

G1X224.0895Y-99.8783

G1X224.8996Y-100.0613

G1X226.3986Y-100.7382

G1X228.8724Y-102.3068

G1X231.5289Y-104.1262

G1X234.1023Y-106.0633

G1X236.4462Y-108.1303

G1X236.9631Y-108.3799

G1X237.4740Y-108.4326

G1X238.2768Y-108.3118

G1X239.0357Y-108.0153

G1X239.9133Y-107.5047

G1X240.8911Y-106.7461

G1X242.4212Y-105.2331

G1X245.9865Y-101.1707

G1X246.9419Y-100.2209

G1X247.7997Y-99.5007

G1X248.5468Y-98.9919

G1X249.2821Y-98.6243

G1X250.0411Y-98.3866

G1X250.7563Y-98.3063

G1X251.5591Y-98.3806

G1X252.4129Y-98.6528

G1X253.2288Y-99.0852

G1X254.1734Y-99.7792

G1X255.8434Y-101.4233

G1X257.8112Y-103.7035

G1X259.8036Y-106.1691

G1X261.2572Y-107.7229

G1X262.0782Y-108.4604

G1X262.9913Y-109.1375

G1X263.7977Y-109.5925

G1X264.6516Y-109.9228

G1X265.6733Y-110.1029

G1X266.5929Y-110.0682

G1X267.5927Y-109.8285

G1X268.7248Y-109.3224

G1X269.8760Y-108.5865

G1X270.9803Y-107.7121

G1X273.9493Y-104.8721

G1 Z0F20000

(Start Block)


G1X22.9136Y-96.7735
G1Z5F20000
(Plotting speed under)
G1 F4000


G1X24.3440Y-96.6638

G1X25.8766Y-96.6622

G1X31.8025Y-97.0399

G1X34.6633Y-97.1090

G1X43.9609Y-96.6519

G1X45.9022Y-96.7736

G1X47.5369Y-97.0777

G1X49.5731Y-97.7990

G1X51.5148Y-98.8929

G1X53.6973Y-100.5770

G1X57.3738Y-103.9947

G1X59.0248Y-105.3755

G1X59.8550Y-105.9435

G1X60.7682Y-106.4322

G1X61.3374Y-106.6369

G1X62.0453Y-106.7355

G1X62.6583Y-106.6529

G1X63.2586Y-106.3109

G1X72.0581Y-99.0182

G1X73.2092Y-98.3869

G1X74.3059Y-98.1714

G1X75.3787Y-98.3422

G1X76.5409Y-98.9299

G1X77.8876Y-100.0417

G1X80.9130Y-103.2263

G1X82.1029Y-104.2923

G1X82.7789Y-104.7651

G1X83.5378Y-105.1525

G1X84.2166Y-105.3571

G1X84.8296Y-105.4201

G1X85.8148Y-105.2927

G1X86.7517Y-104.9091

G1X87.5818Y-104.3278

G1X89.4912Y-102.7259

G1X92.4243Y-100.4576

G1X93.7842Y-99.7577

G1X94.4483Y-99.5565

G1X95.1489Y-99.4535

G1X96.2728Y-99.5100

G1X97.5791Y-99.8880

G1X98.9769Y-100.5742

G1X102.2532Y-102.5974

G1X103.6511Y-103.3386

G1X105.3661Y-103.9746

G1X107.0008Y-104.2518

G1X108.4312Y-104.2381

G1X110.0660Y-103.9783

G1X111.9051Y-103.4721

G1X115.7949Y-102.1562

G1X118.0353Y-101.4990

G1X120.3853Y-100.9906

G1X122.8374Y-100.6640

G1X127.0265Y-100.4706

G1X137.3458Y-100.5717

G1X147.1543Y-100.4674

G1X151.6498Y-100.6015

G1X155.5323Y-101.0377

G1X159.1083Y-101.7745

G1X166.6690Y-103.7935

G1X168.8146Y-104.1555

G1X170.7559Y-104.2732

G1X172.9015Y-104.1243

G1X175.0471Y-103.6711

G1X177.3679Y-102.8862

G1X182.0167Y-100.8981

G1X184.0382Y-100.1474

G1X186.1838Y-99.6098

G1X188.1251Y-99.4417

G1X190.0663Y-99.6171

G1X191.9784Y-100.1232

G1X194.3502Y-101.1303

G1X196.8170Y-102.0081

G1X199.1888Y-103.0576

G1X200.8965Y-103.6969

G1X204.3120Y-105.2604

G1X204.7863Y-105.4059

G1X205.2899Y-105.4349

G1X206.4138Y-105.2527

G1X207.3334Y-105.0092

G1X209.3087Y-104.1538

G1X211.2567Y-102.9482

G1X215.3410Y-100.0318

G1X217.2148Y-98.9530

G1X218.8787Y-98.3456

G1X220.4113Y-98.1705

G1X221.1265Y-98.2286

G1X221.9439Y-98.4068

G1X222.7175Y-98.6837

G1X223.5650Y-99.1025

G1X224.8047Y-99.9100

G1X226.2215Y-100.6369

G1X228.8724Y-102.3068

G1X231.3629Y-104.0058

G1X233.5212Y-105.6616

G1X234.7222Y-106.4746

G1X235.1649Y-106.7035

G1X235.6203Y-106.7742

G1X236.1895Y-106.6264

G1X237.2901Y-106.1001

G1X238.1651Y-105.5302

G1X238.9464Y-104.8990

G1X240.5221Y-103.3634

G1X244.1378Y-99.4161

G1X245.8220Y-97.9201

G1X246.6762Y-97.3550

G1X247.4868Y-96.9623

G1X248.3042Y-96.7238

G1X249.0194Y-96.6519

G1X249.8367Y-96.7281

G1X250.7052Y-96.9922

G1X251.6184Y-97.4611

G1X252.5315Y-98.1139

G1X253.5830Y-99.0589

G1X255.1443Y-100.6680

G1X259.1395Y-105.3099

G1X259.9290Y-106.1090

G1X260.9160Y-106.9381

G1X261.8291Y-107.5667

G1X262.7541Y-108.0377

G1X263.6299Y-108.3242

G1X264.7538Y-108.4589

G1X265.7755Y-108.3567

G1X266.8337Y-108.0405

G1X267.9279Y-107.5105

G1X269.0514Y-106.7818

G1X270.3552Y-105.7494

G1X273.9493Y-102.3647

G1 Z0F20000

(Start Block)


G1X22.9136Y-95.0223
G1Z5F20000
(Plotting speed under)
G1 F4000


G1X25.0592Y-95.2757

G1X31.1895Y-96.3971

G1X33.0286Y-96.5984

G1X34.8677Y-96.6776

G1X36.8089Y-96.6199

G1X38.8524Y-96.4101

G1X44.8805Y-95.3062

G1X46.7196Y-95.0583

G1X48.7630Y-95.0217

G1X50.4999Y-95.2879

G1X51.4705Y-95.5872

G1X52.4003Y-95.9847

G1X54.2100Y-97.0823

G1X56.2669Y-98.8018

G1X59.7351Y-102.2709

G1X61.1197Y-103.5254

G1X62.5834Y-104.5433

G1X63.4246Y-104.9644

G1X63.9939Y-105.1058

G1X64.6580Y-104.9265

G1X65.8320Y-104.1692

G1X74.2165Y-97.2562

G1X75.2838Y-96.7013

G1X76.2472Y-96.5175

G1X76.8602Y-96.5649

G1X77.5481Y-96.7599

G1X78.1680Y-97.0678

G1X78.9337Y-97.5856

G1X80.2372Y-98.7660

G1X83.1267Y-101.7993

G1X84.4550Y-102.9051

G1X85.6470Y-103.5400

G1X86.2600Y-103.7097

G1X86.8730Y-103.7696

G1X87.9969Y-103.5908

G1X88.9709Y-103.0920

G1X93.8079Y-99.3608

G1X95.0176Y-98.5620

G1X96.3750Y-97.9862

G1X97.7032Y-97.7884

G1X99.0314Y-97.9436

G1X100.4254Y-98.4258

G1X101.7219Y-99.0809

G1X105.1753Y-101.0898

G1X107.0665Y-101.9506

G1X108.9421Y-102.4653

G1X110.7812Y-102.6200

G1X112.2116Y-102.5287

G1X113.8463Y-102.2507

G1X120.9983Y-100.3360

G1X123.0418Y-99.8940

G1X125.1874Y-99.5388

G1X127.5373Y-99.2685

G1X130.1938Y-99.0816

G1X136.8349Y-98.9356

G1X143.5783Y-99.0656

G1X148.7890Y-99.4807

G1X153.3867Y-100.2319

G1X160.2322Y-101.8478

G1X162.3778Y-102.2820

G1X164.8299Y-102.5808

G1X167.0777Y-102.5860

G1X169.3255Y-102.2858

G1X171.5733Y-101.6822

G1X173.5729Y-100.9400

G1X178.1269Y-99.0129

G1X180.2579Y-98.2919

G1X182.3013Y-97.8751

G1X184.3447Y-97.8069

G1X185.9795Y-98.0248

G1X187.7091Y-98.5086

G1X190.2707Y-99.6185

G1X192.2630Y-100.2273

G1X194.4451Y-101.1674

G1X196.8170Y-102.0081

G1X200.4222Y-103.5667

G1X200.8965Y-103.6969

G1X201.5096Y-103.7205

G1X202.5313Y-103.5795

G1X203.4508Y-103.3308

G1X205.5454Y-102.4404

G1X207.6207Y-101.1964

G1X211.6995Y-98.4152

G1X213.7045Y-97.3078

G1X215.5071Y-96.6850

G1X216.4266Y-96.5404

G1X217.3461Y-96.5265

G1X218.4700Y-96.6921

G1X219.5866Y-97.0560

G1X220.8200Y-97.6756

G1X222.1483Y-98.4695

G1X223.4765Y-99.0529

G1X224.8047Y-99.9100

G1X226.2215Y-100.6369

G1X228.7009Y-102.1957

G1X231.4459Y-104.0654

G1X232.4420Y-104.9290

G1X232.9784Y-105.1269

G1X233.4893Y-105.0359

G1X234.7222Y-104.5144

G1X235.5966Y-103.9922

G1X236.5097Y-103.3056

G1X238.2268Y-101.7183

G1X241.9241Y-97.8460

G1X243.8427Y-96.2172

G1X244.7282Y-95.6638

G1X245.6769Y-95.2473

G1X246.5672Y-95.0375

G1X247.3846Y-95.0042

G1X248.3042Y-95.1547

G1X249.2821Y-95.5238

G1X250.2901Y-96.1153

G1X251.2863Y-96.8889

G1X254.2355Y-99.7103

G1X255.9133Y-101.5134

G1X258.0105Y-103.9441

G1X259.6043Y-105.3868

G1X260.5784Y-106.0019

G1X261.5208Y-106.4382

G1X262.5060Y-106.7148

G1X263.4256Y-106.8050

G1X264.4473Y-106.7167

G1X265.4106Y-106.4629

G1X266.5111Y-105.9880

G1X267.6401Y-105.3216

G1X270.0427Y-103.4518

G1X273.9493Y-99.8632

G1 Z0F20000

(Start Block)


G1X22.9136Y-93.7756
G1Z5F20000
(Plotting speed under)
G1 F4000


G1X28.6352Y-95.6458

G1X30.7808Y-96.2431

G1X32.6199Y-96.5699

G1X35.2764Y-96.6775

G1X38.1372Y-96.4995

G1X41.5088Y-95.9601

G1X43.1436Y-95.5291

G1X47.7413Y-93.9835

G1X49.6825Y-93.5120

G1X51.5216Y-93.3442

G1X53.1564Y-93.5257

G1X54.0321Y-93.7780

G1X54.8797Y-94.1319

G1X56.6174Y-95.2056

G1X58.5544Y-96.8995

G1X62.1702Y-100.7142

G1X63.5418Y-101.9939

G1X65.0628Y-103.0361

G1X65.9278Y-103.3844

G1X66.4387Y-103.4767

G1X66.8233Y-103.3987

G1X67.1359Y-103.2036

G1X69.1673Y-101.3875

G1X70.8080Y-100.1013

G1X73.3082Y-97.9565

G1X74.7146Y-96.8845

G1X76.0428Y-95.7117

G1X77.1940Y-95.0744

G1X78.2906Y-94.8639

G1X78.8890Y-94.9160

G1X79.5532Y-95.1162

G1X80.1936Y-95.4306

G1X80.9407Y-95.9490

G1X82.0937Y-96.9756

G1X85.1191Y-100.1216

G1X86.5027Y-101.2604

G1X87.8072Y-101.9232

G1X88.4056Y-102.0690

G1X89.0186Y-102.1132

G1X90.0403Y-101.9675

G1X90.9024Y-101.5857

G1X95.8003Y-97.8964

G1X97.2945Y-96.9270

G1X98.7249Y-96.3379

G1X100.1553Y-96.1340

G1X101.4836Y-96.2779

G1X102.9869Y-96.7618

G1X104.3784Y-97.4203

G1X107.9204Y-99.3382

G1X110.1024Y-100.2655

G1X112.2116Y-100.7988

G1X114.3572Y-100.9657

G1X115.8897Y-100.8914

G1X117.6267Y-100.6653

G1X124.6765Y-99.2454

G1X128.3547Y-98.6702

G1X132.3394Y-98.3038

G1X136.6306Y-98.1760

G1X140.6153Y-98.2773

G1X144.3956Y-98.5745

G1X148.5847Y-99.1443

G1X155.2258Y-100.3702

G1X157.5758Y-100.7349

G1X160.1300Y-100.9522

G1X162.3778Y-100.9113

G1X164.6256Y-100.6029

G1X166.9755Y-99.9884

G1X169.1138Y-99.2136

G1X173.6678Y-97.3312

G1X175.7623Y-96.6350

G1X177.9079Y-96.2097

G1X179.8492Y-96.1523

G1X181.4839Y-96.3669

G1X183.1187Y-96.8138

G1X186.0962Y-98.0233

G1X188.2783Y-98.7198

G1X190.2707Y-99.6185

G1X192.5477Y-100.3340

G1X194.2554Y-101.0920

G1X196.4375Y-101.9207

G1X197.3205Y-102.0619

G1X199.1596Y-101.7011

G1X200.2324Y-101.3204

G1X201.3709Y-100.8014

G1X203.4645Y-99.5979

G1X207.8033Y-96.7637

G1X209.9095Y-95.6528

G1X211.0115Y-95.2394

G1X211.9311Y-95.0048

G1X212.8506Y-94.8801

G1X213.7701Y-94.8747

G1X214.8940Y-95.0341

G1X215.9814Y-95.3607

G1X216.9238Y-95.7758

G1X218.1635Y-96.4881

G1X220.1559Y-97.3301

G1X222.1483Y-98.4695

G1X223.4765Y-99.0529

G1X224.8047Y-99.9100

G1X226.2215Y-100.6369

G1X228.7894Y-102.2525

G1X229.8686Y-103.0569

G1X230.2198Y-103.1997

G1X230.6285Y-103.2480

G1X231.3437Y-103.1426

G1X232.0151Y-102.8878

G1X233.0231Y-102.2925

G1X234.0193Y-101.5678

G1X235.7257Y-100.0534

G1X239.5715Y-96.2122

G1X240.5872Y-95.3187

G1X241.6566Y-94.5226

G1X242.6409Y-93.9524

G1X243.5021Y-93.5987

G1X244.4216Y-93.3864

G1X245.3412Y-93.3535

G1X246.2461Y-93.4962

G1X247.1949Y-93.8310

G1X248.1815Y-94.3654

G1X249.1816Y-95.0862

G1X251.3693Y-96.9599

G1X253.8044Y-99.2800

G1X257.2726Y-103.0167

G1X258.1876Y-103.8454

G1X258.9845Y-104.3215

G1X260.0977Y-104.8093

G1X261.0756Y-105.0653

G1X261.9952Y-105.1511

G1X263.0169Y-105.0724

G1X264.1407Y-104.7870

G1X265.2209Y-104.3342

G1X266.5111Y-103.5938

G1X268.9488Y-101.7583

G1X273.9493Y-97.3849

G1 Z0F20000

(Start Block)


G1X22.9136Y-92.9843
G1Z5F20000
(Plotting speed under)
G1 F4000


G1X27.4675Y-95.1986

G1X29.1461Y-95.8067

G1X30.7808Y-96.2431

G1X32.3134Y-96.5365

G1X34.1525Y-96.6621

G1X35.9916Y-96.6618

G1X38.8524Y-96.4101

G1X42.0197Y-95.8417

G1X43.3479Y-95.4628

G1X47.2961Y-94.0988

G1X50.4269Y-92.6862

G1X52.0398Y-92.0896

G1X53.0542Y-91.8343

G1X53.9738Y-91.7103

G1X54.7911Y-91.6974

G1X55.7107Y-91.8093

G1X56.5937Y-92.0531

G1X57.4476Y-92.4196

G1X58.3331Y-92.9396

G1X59.1665Y-93.5506

G1X60.9157Y-95.1750

G1X63.9489Y-98.5435

G1X65.3432Y-99.9733

G1X66.2471Y-100.7427

G1X67.0298Y-101.2770

G1X67.5991Y-101.5998

G1X68.0734Y-101.7212

G1X68.7375Y-101.5607

G1X69.8998Y-100.8498

G1X73.1520Y-98.0847

G1X74.7146Y-96.8845

G1X76.6679Y-95.1821

G1X78.2842Y-93.9089

G1X79.1737Y-93.4362

G1X80.1297Y-93.2157

G1X80.7427Y-93.2383

G1X81.4443Y-93.4102

G1X82.1527Y-93.7440

G1X82.9184Y-94.2504

G1X84.2219Y-95.4045

G1X87.2156Y-98.4793

G1X88.7053Y-99.6687

G1X89.9382Y-100.2678

G1X91.1642Y-100.4658

G1X92.1713Y-100.3062

G1X93.3098Y-99.7359

G1X95.9663Y-97.7778

G1X98.6227Y-95.9456

G1X99.7739Y-95.2621

G1X101.2792Y-94.6787

G1X102.8118Y-94.4801

G1X104.2422Y-94.6353

G1X105.7383Y-95.0837

G1X107.1614Y-95.6961

G1X111.2409Y-97.6933

G1X113.6420Y-98.5949

G1X116.0941Y-99.1353

G1X118.7505Y-99.3127

G1X121.8157Y-99.1483

G1X130.8068Y-98.1429

G1X133.5654Y-97.9735

G1X136.2219Y-97.9146

G1X139.1849Y-97.9706

G1X142.2500Y-98.1557

G1X152.8759Y-99.2378

G1X155.2258Y-99.3123

G1X157.2692Y-99.2253

G1X159.7214Y-98.8865

G1X162.1735Y-98.2729

G1X164.3702Y-97.5197

G1X169.1138Y-95.6476

G1X171.3689Y-94.9316

G1X173.5146Y-94.5405

G1X175.4558Y-94.5066

G1X176.9884Y-94.7164

G1X178.6012Y-95.1559

G1X181.0752Y-96.1829

G1X183.4252Y-96.9225

G1X186.0962Y-98.0233

G1X188.0886Y-98.6466

G1X190.3729Y-99.6556

G1X192.6206Y-100.3588

G1X193.1315Y-100.4121

G1X195.1749Y-99.9096

G1X197.1775Y-99.0597

G1X199.0370Y-98.0117

G1X203.4645Y-95.2039

G1X205.6402Y-94.0742

G1X206.7203Y-93.6624

G1X207.7420Y-93.3870

G1X208.7637Y-93.2355

G1X209.6833Y-93.2136

G1X210.9094Y-93.3571

G1X212.0916Y-93.6817

G1X212.9455Y-94.0255

G1X214.3686Y-94.7520

G1X216.7404Y-95.6863

G1X218.1635Y-96.4881

G1X219.9661Y-97.2375

G1X222.1483Y-98.4695

G1X223.4765Y-99.0529

G1X224.8047Y-99.9100

G1X226.2215Y-100.6388

G1X227.1955Y-101.3341

G1X227.8698Y-101.5024

G1X228.4829Y-101.4173

G1X229.2321Y-101.1519

G1X230.2836Y-100.5337

G1X231.2798Y-99.8276

G1X232.9955Y-98.3694

G1X236.9932Y-94.5695

G1X239.0832Y-92.9401

G1X240.0793Y-92.3695

G1X241.0500Y-91.9708

G1X241.9695Y-91.7499

G1X242.9912Y-91.6962

G1X244.1151Y-91.8714

G1X245.2025Y-92.2682

G1X246.3054Y-92.8847

G1X247.6337Y-93.8589

G1X251.5169Y-97.0959

G1X254.0258Y-99.4982

G1X256.3327Y-101.9887

G1X256.8720Y-102.4464

G1X257.5361Y-102.7954

G1X258.7257Y-103.2370

G1X259.5430Y-103.4213

G1X260.4626Y-103.4973

G1X261.5865Y-103.4061

G1X262.7104Y-103.1237

G1X263.8926Y-102.6391

G1X265.2714Y-101.8652

G1X267.6206Y-100.1656

G1X273.9493Y-94.9448

G1 Z0F20000

(Start Block)


G1X22.9136Y-92.5583
G1Z5F20000
(Plotting speed under)
G1 F4000


G1X25.9496Y-94.4664

G1X27.7521Y-95.3259

G1X28.9417Y-95.7483

G1X30.8830Y-96.2666

G1X32.5177Y-96.5598

G1X34.7655Y-96.6766

G1X36.9111Y-96.6128

G1X40.5893Y-96.1353

G1X43.0414Y-95.5612

G1X48.0551Y-93.7986

G1X51.1859Y-92.3482

G1X53.4629Y-91.1239

G1X54.7911Y-90.5283

G1X55.7107Y-90.2364

G1X56.5280Y-90.0826

G1X57.3454Y-90.0373

G1X58.0606Y-90.1005

G1X58.8707Y-90.2913

G1X59.7245Y-90.6374

G1X60.5191Y-91.0913

G1X61.4323Y-91.7646

G1X63.1100Y-93.3646

G1X66.4131Y-97.1651

G1X67.7045Y-98.4936

G1X69.1526Y-99.6088

G1X70.0658Y-100.0853

G1X70.5401Y-100.1924

G1X70.8080Y-100.1391

G1X71.1205Y-99.9424

G1X72.9957Y-98.2150

G1X74.7146Y-96.8845

G1X77.1367Y-94.7989

G1X78.6993Y-93.6459

G1X80.0275Y-92.4516

G1X81.0901Y-91.8300

G1X82.1731Y-91.5640

G1X82.7862Y-91.5812

G1X83.5014Y-91.7597

G1X84.1782Y-92.0646

G1X84.9254Y-92.5529

G1X86.1521Y-93.6012

G1X89.1775Y-96.6600

G1X90.7419Y-97.9233

G1X92.0838Y-98.5938

G1X92.6968Y-98.7480

G1X93.4120Y-98.8085

G1X94.3315Y-98.7087

G1X94.9922Y-98.4349

G1X97.2945Y-96.9224

G1X98.7113Y-95.8876

G1X99.9510Y-95.1511

G1X101.2792Y-94.2380

G1X102.3418Y-93.6433

G1X104.0378Y-93.0204

G1X105.6726Y-92.8267

G1X107.1030Y-92.9606

G1X108.7377Y-93.3903

G1X110.2922Y-93.9821

G1X114.8461Y-95.9392

G1X117.8310Y-96.8980

G1X119.4657Y-97.2458

G1X121.2027Y-97.4861

G1X124.9830Y-97.6587

G1X135.0980Y-97.4080

G1X138.8784Y-97.4329

G1X147.4608Y-97.6588

G1X149.9129Y-97.6109

G1X152.0585Y-97.4534

G1X154.7149Y-97.0600

G1X157.2692Y-96.4477

G1X159.7214Y-95.6629

G1X164.6548Y-93.8674

G1X166.7712Y-93.2513

G1X168.9168Y-92.8834

G1X170.9602Y-92.8591

G1X172.3907Y-93.0538

G1X173.9232Y-93.4550

G1X176.8935Y-94.6815

G1X178.8859Y-95.2553

G1X180.9731Y-96.1449

G1X183.6295Y-96.9961

G1X186.2860Y-98.0920

G1X188.1251Y-98.5918

G1X189.0446Y-98.6764

G1X190.8399Y-98.1893

G1X192.8323Y-97.3186

G1X194.6096Y-96.3183

G1X199.0370Y-93.5581

G1X201.1812Y-92.4646

G1X202.2248Y-92.0637

G1X203.3486Y-91.7538

G1X204.4725Y-91.5848

G1X205.4943Y-91.5612

G1X206.7203Y-91.7009

G1X207.9172Y-92.0124

G1X208.9608Y-92.4192

G1X210.2890Y-93.0834

G1X212.8506Y-93.9825

G1X214.2737Y-94.7108

G1X216.7404Y-95.6863

G1X218.1635Y-96.4881

G1X220.1559Y-97.3301

G1X222.1483Y-98.4695

G1X223.4765Y-99.0529

G1X224.5391Y-99.8214

G1X224.8996Y-99.9165

G1X225.3740Y-99.8021

G1X226.5757Y-99.1781

G1X228.3743Y-98.0024

G1X230.1957Y-96.5010

G1X234.0242Y-93.0334

G1X236.2275Y-91.3733

G1X237.3280Y-90.7567

G1X238.3935Y-90.3297

G1X239.4152Y-90.0943

G1X240.4370Y-90.0409

G1X241.8673Y-90.2753

G1X243.3051Y-90.8613

G1X244.7282Y-91.7510

G1X247.2186Y-93.5456

G1X251.2912Y-96.8891

G1X253.9520Y-99.4247

G1X255.0744Y-100.6506

G1X255.5437Y-101.0267

G1X256.1130Y-101.3074

G1X257.1931Y-101.6523

G1X258.8278Y-101.8438

G1X260.0539Y-101.7321

G1X261.2362Y-101.4280

G1X262.4695Y-100.9253

G1X263.8547Y-100.1676

G1X266.1459Y-98.5821

G1X271.2928Y-94.4734

G1X273.9493Y-92.5559

G1 Z0F20000

(Start Block)


G1X22.9136Y-92.3805
G1Z5F20000
(Plotting speed under)
G1 F4000


G1X24.5075Y-93.5843

G1X26.0444Y-94.5174

G1X28.0368Y-95.4433

G1X29.8613Y-96.0068

G1X31.7004Y-96.4391

G1X33.1307Y-96.6090

G1X35.4807Y-96.6750

G1X37.9328Y-96.5222

G1X40.0784Y-96.2218

G1X42.1218Y-95.8164

G1X46.7269Y-94.3070

G1X48.1500Y-93.7576

G1X51.5654Y-92.1599

G1X54.6963Y-90.5345

G1X56.1193Y-89.6098

G1X57.3527Y-88.9616

G1X58.8780Y-88.4726

G1X59.6954Y-88.3842

G1X60.4105Y-88.4223

G1X61.2279Y-88.6016

G1X62.0015Y-88.9115

G1X62.8435Y-89.3990

G1X63.6737Y-90.0305

G1X65.4834Y-91.8259

G1X68.4929Y-95.4031

G1X69.6360Y-96.6333

G1X70.4174Y-97.3472

G1X71.2612Y-97.9792

G1X71.7039Y-98.2365

G1X72.1530Y-98.3452

G1X72.8171Y-98.1864

G1X73.8845Y-97.5635

G1X76.9023Y-94.9887

G1X78.6163Y-93.7124

G1X80.1105Y-92.3822

G1X82.3519Y-90.6255

G1X83.2532Y-90.1433

G1X84.2166Y-89.9121

G1X84.8296Y-89.9237

G1X85.4353Y-90.0474

G1X86.6687Y-90.6350

G1X88.1445Y-91.7981

G1X91.2437Y-94.8612

G1X92.5627Y-95.9655

G1X93.3098Y-96.4541

G1X94.1637Y-96.8596

G1X94.9446Y-97.0804

G1X95.6598Y-97.1524

G1X96.6815Y-97.0705

G1X97.3775Y-96.8385

G1X98.6227Y-95.9456

G1X101.2792Y-94.2380

G1X104.9793Y-92.0963

G1X106.5921Y-91.4806

G1X108.1247Y-91.2030

G1X109.8616Y-91.2295

G1X111.8029Y-91.6022

G1X113.5179Y-92.1297

G1X119.3636Y-94.2005

G1X121.5092Y-94.7854

G1X123.6548Y-95.2229

G1X126.0048Y-95.5484

G1X128.6612Y-95.7657

G1X131.9307Y-95.8906

G1X135.9154Y-95.9292

G1X143.1696Y-95.7640

G1X145.9282Y-95.5486

G1X148.4825Y-95.2160

G1X150.7303Y-94.7929

G1X152.9780Y-94.2412

G1X159.4149Y-92.2359

G1X161.5605Y-91.6530

G1X163.7061Y-91.2707

G1X165.7495Y-91.1796

G1X167.5886Y-91.3713

G1X169.3985Y-91.8244

G1X172.0550Y-92.8699

G1X174.6165Y-93.6971

G1X176.9884Y-94.7164

G1X179.0756Y-95.3249

G1X181.0752Y-96.1829

G1X183.3449Y-96.9368

G1X184.0382Y-97.0198

G1X185.5708Y-96.7687

G1X186.7604Y-96.3511

G1X187.8989Y-95.8440

G1X189.8280Y-94.7836

G1X194.3439Y-91.9785

G1X196.6272Y-90.8147

G1X197.7657Y-90.3877

G1X198.8531Y-90.0980

G1X199.8748Y-89.9414

G1X200.8965Y-89.9033

G1X202.1226Y-90.0183

G1X203.3486Y-90.3060

G1X204.7863Y-90.8498

G1X206.2095Y-91.5813

G1X207.4355Y-91.8666

G1X208.3916Y-92.1842

G1X210.1941Y-93.0442

G1X212.6608Y-93.9029

G1X214.2737Y-94.7108

G1X216.6456Y-95.6433

G1X218.1635Y-96.4881

G1X219.4918Y-97.0176

G1X220.6303Y-97.6016

G1X221.4330Y-97.8722

G1X221.9439Y-97.9455

G1X222.3380Y-97.8874

G1X222.8124Y-97.6753

G1X225.1368Y-96.2008

G1X226.7580Y-94.9255

G1X230.9771Y-91.3129

G1X233.2168Y-89.7217

G1X234.3869Y-89.0997

G1X235.5327Y-88.6667

G1X236.6566Y-88.4306

G1X237.6783Y-88.3881

G1X239.1087Y-88.6073

G1X240.5537Y-89.1487

G1X241.6290Y-89.7511

G1X244.7282Y-91.7510

G1X247.4676Y-93.7313

G1X249.8067Y-95.6188

G1X251.3693Y-96.9599

G1X253.5830Y-99.1324

G1X254.1207Y-99.5591

G1X254.6899Y-99.8276

G1X255.4562Y-100.0449

G1X256.9887Y-100.1904

G1X258.2148Y-100.0827

G1X259.5285Y-99.7571

G1X260.8567Y-99.2293

G1X262.2608Y-98.4871

G1X264.8176Y-96.7802

G1X270.8777Y-92.1994

G1X273.9493Y-90.2278

G1 Z0F20000

(Start Block)


G1X22.9136Y-92.3210
G1Z5F20000
(Plotting speed under)
G1 F4000


G1X24.5075Y-93.5881

G1X26.1393Y-94.5663

G1X28.2265Y-95.5161

G1X30.4743Y-96.1689

G1X32.3134Y-96.5365

G1X34.4590Y-96.6712

G1X36.7068Y-96.6265

G1X39.0567Y-96.3818

G1X41.2023Y-96.0236

G1X42.7349Y-95.6523

G1X47.9602Y-93.8386

G1X51.2808Y-92.3017

G1X54.6963Y-90.5345

G1X56.1193Y-89.6098

G1X57.4476Y-88.9208

G1X58.6928Y-88.0302

G1X59.8384Y-87.3604

G1X61.1258Y-86.8732

G1X62.3518Y-86.7306

G1X63.1692Y-86.8311

G1X63.9866Y-87.0939

G1X64.7971Y-87.5178

G1X65.7295Y-88.1919

G1X67.3744Y-89.8083

G1X70.5307Y-93.6314

G1X71.8484Y-95.0738

G1X73.1373Y-96.1535

G1X74.0505Y-96.7128

G1X74.5249Y-96.8588

G1X74.7927Y-96.8198

G1X75.1052Y-96.6312

G1X76.9023Y-94.9904

G1X78.6993Y-93.6459

G1X80.1936Y-92.3137

G1X82.6010Y-90.4800

G1X84.1008Y-89.2216

G1X85.3404Y-88.5006

G1X85.9535Y-88.3173

G1X86.5665Y-88.2482

G1X87.2817Y-88.3181

G1X87.9969Y-88.5374

G1X89.4033Y-89.3581

G1X90.8009Y-90.5481

G1X93.7005Y-93.3400

G1X95.2579Y-94.5405

G1X96.6304Y-95.2229

G1X97.9076Y-95.4919

G1X99.0314Y-95.4299

G1X99.9510Y-95.1511

G1X101.2792Y-94.2380

G1X102.6074Y-93.5182

G1X104.0305Y-92.6047

G1X107.3511Y-90.8169

G1X108.3947Y-90.3314

G1X110.3725Y-89.7254

G1X112.4159Y-89.5196

G1X114.0507Y-89.6188

G1X115.8897Y-89.9349

G1X123.0418Y-91.8279

G1X126.8221Y-92.5970

G1X131.0112Y-93.0893

G1X135.5067Y-93.2562

G1X139.6957Y-93.1194

G1X143.7826Y-92.6985

G1X147.9716Y-91.9424

G1X154.4085Y-90.3615

G1X156.8606Y-89.8448

G1X159.4149Y-89.5431

G1X161.6626Y-89.5810

G1X163.2974Y-89.8250

G1X164.9321Y-90.2598

G1X167.6908Y-91.3799

G1X169.5882Y-91.8874

G1X172.0550Y-92.8699

G1X174.5217Y-93.6615

G1X176.9884Y-94.7164

G1X179.2361Y-95.3487

G1X179.7470Y-95.4077

G1X180.3600Y-95.3035

G1X181.6372Y-94.9132

G1X183.6295Y-94.0420

G1X185.3120Y-93.0908

G1X189.7394Y-90.3143

G1X191.9784Y-89.1698

G1X193.0293Y-88.7686

G1X194.1532Y-88.4588

G1X195.2771Y-88.2848

G1X196.2988Y-88.2504

G1X197.5249Y-88.3666

G1X198.7509Y-88.6512

G1X201.9401Y-89.9383

G1X203.9325Y-90.5006

G1X204.9761Y-90.9377

G1X206.1146Y-91.5432

G1X207.5377Y-91.8953

G1X208.4864Y-92.2207

G1X210.1941Y-93.0442

G1X212.6608Y-93.9029

G1X214.2737Y-94.7108

G1X216.8353Y-95.7314

G1X217.7840Y-96.2186

G1X218.1635Y-96.2954

G1X218.8277Y-96.0772

G1X221.4841Y-94.4583

G1X223.2274Y-93.1441

G1X227.3781Y-89.7694

G1X229.7634Y-88.1390

G1X231.0664Y-87.4706

G1X232.2632Y-87.0333

G1X233.3871Y-86.7943

G1X234.5110Y-86.7316

G1X235.5327Y-86.8311

G1X236.4523Y-87.0477

G1X237.4229Y-87.4010

G1X238.4412Y-87.9063

G1X242.1602Y-90.0858

G1X244.7282Y-91.7510

G1X247.2186Y-93.5456

G1X250.7443Y-96.4094

G1X252.6237Y-98.1889

G1X253.3106Y-98.4354

G1X254.9453Y-98.5366

G1X256.1714Y-98.4335

G1X257.4996Y-98.1276

G1X258.8643Y-97.6227

G1X260.4013Y-96.8573

G1X262.9913Y-95.2209

G1X269.8815Y-90.2954

G1X272.0012Y-88.9916

G1X273.9493Y-87.9674

G1 Z0F20000

(Start Block)


G1X22.9136Y-92.2517
G1Z5F20000
(Plotting speed under)
G1 F4000


G1X24.6569Y-93.6593

G1X26.2342Y-94.6172

G1X28.3287Y-95.5532

G1X31.0873Y-96.3124

G1X32.8242Y-96.5875

G1X35.5829Y-96.6732

G1X37.9328Y-96.5222

G1X40.5893Y-96.1353

G1X43.1436Y-95.5291

G1X46.7269Y-94.3070

G1X48.3397Y-93.6718

G1X51.3757Y-92.2548

G1X54.7911Y-90.4818

G1X56.1193Y-89.6098

G1X57.4476Y-88.9208

G1X58.8644Y-87.9215

G1X60.0155Y-87.2920

G1X61.3493Y-86.2887

G1X62.3178Y-85.6989

G1X63.4757Y-85.2331

G1X64.5996Y-85.0769

G1X65.4170Y-85.1632

G1X66.2708Y-85.4442

G1X67.0773Y-85.8816

G1X67.9904Y-86.5723

G1X69.6673Y-88.2800

G1X72.7222Y-92.0546

G1X73.8291Y-93.2855

G1X75.3344Y-94.5990

G1X75.7772Y-94.8647

G1X76.1450Y-94.9653

G1X76.8602Y-94.8432

G1X77.8691Y-94.3071

G1X80.3596Y-92.1791

G1X86.5857Y-87.3325

G1X87.7123Y-86.7761

G1X88.8143Y-86.5956

G1X89.4200Y-86.6478

G1X90.0841Y-86.8299

G1X90.8305Y-87.1666

G1X91.5388Y-87.6115

G1X92.8410Y-88.6513

G1X96.0493Y-91.6235

G1X97.8258Y-92.9311

G1X98.5342Y-93.3082

G1X99.3379Y-93.6154

G1X100.1553Y-93.7980

G1X100.8705Y-93.8500

G1X101.7901Y-93.7632

G1X102.6074Y-93.5182

G1X104.0305Y-92.6047

G1X107.3511Y-90.8211

G1X111.8102Y-88.7532

G1X113.0289Y-88.3581

G1X114.2550Y-88.0828

G1X115.4811Y-87.9232

G1X116.8093Y-87.8663

G1X118.3419Y-87.9237

G1X120.0788Y-88.1048

G1X126.4134Y-89.1286

G1X129.3764Y-89.5206

G1X132.2372Y-89.7594

G1X135.0980Y-89.8454

G1X138.2653Y-89.7613

G1X141.4326Y-89.4987

G1X150.0151Y-88.2441

G1X152.3650Y-87.9708

G1X154.5106Y-87.8664

G1X156.5540Y-87.9559

G1X158.2910Y-88.2109

G1X160.0279Y-88.6453

G1X162.5822Y-89.5762

G1X165.3189Y-90.3893

G1X167.6908Y-91.3799

G1X169.6831Y-91.9194

G1X171.8652Y-92.8004

G1X173.7189Y-93.4325

G1X174.6384Y-93.6419

G1X175.5580Y-93.6794

G1X176.1710Y-93.5730

G1X177.2730Y-93.2150

G1X179.0756Y-92.4119

G1X180.9731Y-91.3194

G1X185.0463Y-88.7211

G1X187.3296Y-87.5260

G1X188.5630Y-87.0584

G1X189.6577Y-86.7728

G1X190.7815Y-86.6175

G1X191.9054Y-86.6080

G1X193.0293Y-86.7451

G1X194.0511Y-86.9936

G1X195.4887Y-87.5264

G1X196.9118Y-88.2372

G1X198.2401Y-88.5126

G1X199.3640Y-88.8546

G1X201.9401Y-89.9383

G1X204.2171Y-90.6091

G1X206.2095Y-91.5813

G1X207.4355Y-91.8666

G1X208.3916Y-92.1842

G1X210.2890Y-93.0834

G1X212.8506Y-93.9825

G1X213.7994Y-94.4550

G1X214.1788Y-94.5284

G1X214.8429Y-94.3037

G1X217.4994Y-92.7081

G1X223.3935Y-88.2358

G1X225.9558Y-86.5522

G1X227.2714Y-85.8939

G1X228.5996Y-85.4124

G1X229.8111Y-85.1529

G1X231.0372Y-85.0768

G1X232.4676Y-85.2306

G1X234.0001Y-85.6795

G1X235.3357Y-86.2942

G1X236.7588Y-87.1453

G1X238.3526Y-87.8556

G1X241.8946Y-89.9196

G1X244.8112Y-91.8083

G1X247.6337Y-93.8589

G1X251.0373Y-96.6233

G1X251.4715Y-96.8406

G1X252.0845Y-96.9114

G1X253.7193Y-96.8094

G1X255.0475Y-96.5515

G1X256.5874Y-96.0413

G1X258.0990Y-95.3507

G1X260.9326Y-93.6796

G1X266.4226Y-89.9019

G1X268.8134Y-88.3655

G1X271.3877Y-86.9314

G1X273.9493Y-85.7784

G1 Z0F20000

(Start Block)


G1X22.9136Y-92.0573
G1Z5F20000
(Plotting speed under)
G1 F4000


G1X24.4189Y-93.1898

G1X25.9496Y-94.0550

G1X27.6135Y-94.6865

G1X29.3504Y-95.0576

G1X31.9047Y-95.2285

G1X38.8524Y-95.0238

G1X44.2602Y-95.1539

G1X47.9602Y-93.8386

G1X51.9449Y-91.9652

G1X54.6963Y-90.5345

G1X56.1193Y-89.6098

G1X57.4476Y-88.9208

G1X58.7758Y-87.9763

G1X60.1871Y-87.1796

G1X61.3493Y-86.2901

G1X62.7605Y-85.4352

G1X64.5315Y-84.1288

G1X65.7235Y-83.5996

G1X66.8474Y-83.4225

G1X67.6647Y-83.5107

G1X68.4276Y-83.7605

G1X69.3131Y-84.2513

G1X70.1048Y-84.8609

G1X71.7086Y-86.5042

G1X74.5881Y-90.1020

G1X75.9030Y-91.6030

G1X77.2148Y-92.7609

G1X78.0795Y-93.3392

G1X78.5222Y-93.4942

G1X78.7774Y-93.4723

G1X79.0900Y-93.3065

G1X80.0275Y-92.4516

G1X82.6840Y-90.4143

G1X84.0122Y-89.2850

G1X88.7440Y-85.7317

G1X89.3251Y-85.3816

G1X89.9382Y-85.1297

G1X91.0620Y-84.9409

G1X91.6751Y-84.9902

G1X92.3611Y-85.1618

G1X93.1201Y-85.4918

G1X93.8909Y-85.9491

G1X95.1850Y-86.9378

G1X98.5446Y-89.9202

G1X100.3052Y-91.1750

G1X101.7901Y-91.8680

G1X103.3226Y-92.1816

G1X104.4465Y-92.1505

G1X105.3525Y-91.9298

G1X107.5409Y-90.7237

G1X110.7666Y-89.1881

G1X114.6564Y-87.6095

G1X116.0941Y-87.1061

G1X117.6267Y-86.7046

G1X119.2614Y-86.4214

G1X120.9983Y-86.2609

G1X122.8374Y-86.2120

G1X134.2806Y-86.6502

G1X138.2653Y-86.5943

G1X146.9499Y-86.2157

G1X149.2999Y-86.2525

G1X151.4455Y-86.4330

G1X153.3867Y-86.7549

G1X155.3280Y-87.2471

G1X157.7801Y-88.0560

G1X160.2322Y-88.7082

G1X162.5822Y-89.5762

G1X165.1292Y-90.3244

G1X167.7929Y-91.4135

G1X169.0190Y-91.7083

G1X170.0626Y-92.0919

G1X170.6537Y-92.1383

G1X172.6972Y-91.6038

G1X174.5976Y-90.7731

G1X176.3685Y-89.7559

G1X180.6189Y-87.0172

G1X182.7757Y-85.8757

G1X183.8339Y-85.4579

G1X184.8556Y-85.1645

G1X185.8773Y-84.9906

G1X186.7969Y-84.9405

G1X188.2273Y-85.0651

G1X189.6577Y-85.4284

G1X192.2630Y-86.5108

G1X194.9195Y-87.2910

G1X196.9118Y-88.2372

G1X199.0574Y-88.7502

G1X201.9401Y-89.9383

G1X204.0274Y-90.5359

G1X206.2095Y-91.5813

G1X207.5377Y-91.8953

G1X209.4789Y-92.5616

G1X210.0920Y-92.6418

G1X210.7634Y-92.4188

G1X213.0997Y-91.0152

G1X219.2427Y-86.5473

G1X221.8826Y-84.9004

G1X223.2867Y-84.2340

G1X224.6004Y-83.7785

G1X225.9286Y-83.5022

G1X227.2568Y-83.4232

G1X228.7894Y-83.5828

G1X230.3074Y-84.0000

G1X231.4459Y-84.4723

G1X232.8690Y-85.2212

G1X235.2408Y-86.2455

G1X236.7588Y-87.1453

G1X238.2641Y-87.8064

G1X242.0717Y-90.0296

G1X244.8942Y-91.8667

G1X248.7129Y-94.7246

G1X249.6616Y-95.1449

G1X250.4498Y-95.2502

G1X251.8802Y-95.0552

G1X253.1062Y-94.7653

G1X254.5001Y-94.2843

G1X255.9232Y-93.6490

G1X258.6303Y-92.1361

G1X264.7402Y-88.1578

G1X267.6623Y-86.4102

G1X270.8184Y-84.8403

G1X273.9493Y-83.6617

G1 Z0F20000

(Start Block)


G1X22.9136Y-91.6450
G1Z5F20000
(Plotting speed under)
G1 F4000


G1X24.1532Y-92.4387

G1X25.3803Y-93.0002

G1X26.6939Y-93.3748

G1X28.1244Y-93.5568

G1X30.3721Y-93.4946

G1X36.2981Y-92.6465

G1X39.4654Y-92.4300

G1X41.2023Y-92.4627

G1X43.0414Y-92.6102

G1X47.9456Y-93.3419

G1X48.9673Y-93.2483

G1X49.8577Y-92.9739

G1X51.6603Y-92.1118

G1X54.6963Y-90.5345

G1X56.1193Y-89.6098

G1X57.4476Y-88.9208

G1X58.7758Y-87.9763

G1X60.1871Y-87.1796

G1X61.5208Y-86.1740

G1X62.7605Y-85.4352

G1X64.0887Y-84.4024

G1X66.9349Y-82.4077

G1X67.9786Y-81.9423

G1X69.0951Y-81.7686

G1X69.8104Y-81.8452

G1X70.6277Y-82.1144

G1X71.4383Y-82.5702

G1X72.2795Y-83.2224

G1X73.7848Y-84.7787

G1X76.8651Y-88.6479

G1X78.0002Y-89.9322

G1X79.4464Y-91.2244

G1X79.8615Y-91.4722

G1X80.3340Y-91.5957

G1X81.0492Y-91.5187

G1X81.7708Y-91.1665

G1X84.0952Y-89.2209

G1X91.0076Y-84.0853

G1X92.1859Y-83.4998

G1X93.4120Y-83.2865

G1X94.1272Y-83.3478

G1X94.8278Y-83.5267

G1X96.3814Y-84.3047

G1X97.7633Y-85.3185

G1X101.2011Y-88.2126

G1X103.1387Y-89.5135

G1X104.7895Y-90.2249

G1X106.3878Y-90.5224

G1X107.4095Y-90.5372

G1X108.2050Y-90.3918

G1X111.0512Y-89.0641

G1X115.1307Y-87.4300

G1X119.7723Y-85.9744

G1X121.8157Y-85.4580

G1X124.1657Y-85.0545

G1X126.8221Y-84.7905

G1X129.8873Y-84.6502

G1X134.1785Y-84.5977

G1X138.6740Y-84.6303

G1X142.0457Y-84.7491

G1X144.8043Y-84.9725

G1X147.3586Y-85.3386

G1X149.6064Y-85.8234

G1X151.7520Y-86.4421

G1X154.9193Y-87.1289

G1X157.8823Y-88.0864

G1X160.2322Y-88.7082

G1X162.4800Y-89.5419

G1X164.7278Y-90.2240

G1X165.7495Y-90.4016

G1X166.4647Y-90.4066

G1X168.3549Y-89.9028

G1X170.3472Y-89.0218

G1X172.1182Y-87.9990

G1X176.3685Y-85.2609

G1X178.3166Y-84.2268

G1X179.3602Y-83.8069

G1X180.3600Y-83.5144

G1X181.3818Y-83.3365

G1X182.3013Y-83.2866

G1X183.6295Y-83.4033

G1X185.0526Y-83.7674

G1X186.2860Y-84.2661

G1X187.6142Y-84.9641

G1X188.8403Y-85.1936

G1X189.7598Y-85.4639

G1X192.2630Y-86.5108

G1X194.9195Y-87.2910

G1X196.9118Y-88.2372

G1X199.0574Y-88.7502

G1X201.9401Y-89.9383

G1X203.5530Y-90.3698

G1X204.5966Y-90.8312

G1X205.0856Y-90.8970

G1X205.5964Y-90.8113

G1X206.3865Y-90.5258

G1X207.8919Y-89.6569

G1X209.7791Y-88.4075

G1X214.7987Y-84.8224

G1X217.4994Y-83.2164

G1X218.9225Y-82.5741

G1X220.3091Y-82.1177

G1X221.6374Y-81.8536

G1X222.9656Y-81.7686

G1X224.7025Y-81.9324

G1X226.5124Y-82.4254

G1X228.7894Y-83.4676

G1X231.1612Y-84.3447

G1X232.7741Y-85.1776

G1X234.9562Y-86.1050

G1X236.7588Y-87.1453

G1X238.2641Y-87.8064

G1X241.3633Y-89.6015

G1X244.6396Y-91.6911

G1X246.9419Y-93.3663

G1X247.3846Y-93.5725

G1X247.7933Y-93.6140

G1X250.5519Y-93.0692

G1X251.8437Y-92.6413

G1X253.2668Y-92.0451

G1X256.1509Y-90.5291

G1X262.9692Y-86.3338

G1X266.3593Y-84.4583

G1X268.2568Y-83.5604

G1X270.1543Y-82.7872

G1X272.0080Y-82.1541

G1X273.9493Y-81.6153

G1 Z0F20000

(Start Block)


G1X22.9136Y-90.9487
G1Z5F20000
(Plotting speed under)
G1 F4000


G1X23.9572Y-91.4447

G1X25.0592Y-91.7695

G1X26.1831Y-91.9124

G1X27.4092Y-91.8849

G1X29.7591Y-91.4529

G1X34.3568Y-90.1023

G1X36.4002Y-89.6121

G1X38.6480Y-89.2808

G1X40.7936Y-89.2065

G1X42.7349Y-89.3480

G1X44.6761Y-89.6727

G1X46.9239Y-90.2295

G1X51.6238Y-91.6068

G1X52.3244Y-91.6302

G1X54.7911Y-90.4818

G1X56.1193Y-89.6098

G1X57.4476Y-88.9208

G1X58.8644Y-87.9215

G1X60.1041Y-87.2355

G1X61.4323Y-86.2326

G1X62.8435Y-85.3768

G1X64.0887Y-84.4024

G1X65.5000Y-83.4540

G1X69.1526Y-80.7600

G1X70.1606Y-80.2961

G1X71.0364Y-80.1239

G1X71.8538Y-80.1670

G1X72.6273Y-80.3946

G1X73.4645Y-80.8362

G1X74.2458Y-81.4255

G1X75.0641Y-82.1925

G1X76.0428Y-83.2846

G1X78.6360Y-86.5663

G1X80.0275Y-88.1815

G1X80.8870Y-89.0058

G1X81.7985Y-89.7126

G1X82.3298Y-90.0315

G1X82.6840Y-90.1012

G1X83.3038Y-89.8301

G1X87.7479Y-86.4525

G1X89.3251Y-85.3816

G1X90.6534Y-84.3188

G1X92.0646Y-83.4328

G1X93.3098Y-82.4674

G1X94.6380Y-81.8340

G1X95.8641Y-81.6337

G1X96.5793Y-81.6857

G1X97.3894Y-81.8827

G1X98.8884Y-82.5861

G1X100.3660Y-83.5942

G1X104.1017Y-86.5278

G1X106.1494Y-87.8080

G1X107.0665Y-88.2288

G1X108.0225Y-88.5569

G1X109.8616Y-88.8722

G1X110.9855Y-88.8619

G1X111.9999Y-88.6931

G1X115.7949Y-87.2007

G1X119.9766Y-85.9150

G1X122.2244Y-85.3743

G1X126.7200Y-84.5883

G1X128.7634Y-84.3107

G1X131.5220Y-84.0860

G1X134.3828Y-84.0100

G1X137.1414Y-84.0760

G1X139.7979Y-84.2739

G1X147.3586Y-85.3386

G1X149.5042Y-85.7978

G1X151.8542Y-86.4662

G1X154.5106Y-87.0184

G1X158.9040Y-88.3636

G1X160.6409Y-88.7851

G1X161.3561Y-88.8229

G1X163.6039Y-88.3025

G1X165.6984Y-87.4438

G1X167.7793Y-86.2857

G1X172.2067Y-83.4869

G1X174.1422Y-82.4882

G1X176.0688Y-81.8411

G1X176.9884Y-81.6831

G1X177.9079Y-81.6332

G1X179.1340Y-81.7381

G1X180.4622Y-82.0683

G1X183.4398Y-83.3376

G1X185.6219Y-83.9782

G1X187.6142Y-84.9641

G1X188.9424Y-85.2177

G1X189.8620Y-85.4994

G1X192.2630Y-86.5108

G1X194.9195Y-87.2910

G1X196.9118Y-88.2372

G1X198.2401Y-88.5126

G1X200.1813Y-89.0949

G1X200.7944Y-89.1594

G1X201.4278Y-88.9396

G1X203.5530Y-87.6442

G1X209.6629Y-83.3661

G1X212.4079Y-81.7244

G1X213.8942Y-81.0381

G1X215.4049Y-80.5231

G1X216.9375Y-80.2089

G1X218.3679Y-80.1148

G1X220.1048Y-80.2626

G1X221.9439Y-80.7218

G1X223.2867Y-81.2402

G1X224.7098Y-81.9152

G1X226.7022Y-82.4953

G1X228.7894Y-83.4676

G1X231.1612Y-84.3447

G1X232.7741Y-85.1776

G1X235.0511Y-86.1508

G1X236.7588Y-87.1453

G1X238.2641Y-87.8064

G1X241.9832Y-89.9743

G1X244.4625Y-91.6385

G1X244.8303Y-91.7785

G1X245.3412Y-91.8163

G1X246.5672Y-91.6497

G1X248.0998Y-91.2447

G1X249.6616Y-90.6914

G1X251.2744Y-89.9850

G1X254.2029Y-88.4468

G1X261.6410Y-84.1302

G1X263.7977Y-83.0173

G1X265.8850Y-82.0627

G1X267.8773Y-81.2772

G1X269.8624Y-80.6197

G1X271.9058Y-80.0688

G1X273.9493Y-79.6356

G1 Z0F20000

(Start Block)


G1X22.9136Y-89.9314
G1Z5F20000
(Plotting speed under)
G1 F4000


G1X23.7309Y-90.1570

G1X24.6505Y-90.2652

G1X25.6722Y-90.2208

G1X26.6939Y-90.0309

G1X28.6060Y-89.4001

G1X33.3497Y-87.2809

G1X35.6850Y-86.4076

G1X38.2393Y-85.7792

G1X39.5676Y-85.6088

G1X40.7936Y-85.5508

G1X43.2457Y-85.7201

G1X45.6979Y-86.2516

G1X48.3397Y-87.1676

G1X54.3168Y-89.7066

G1X54.8933Y-89.8252

G1X55.6085Y-89.7553

G1X56.2142Y-89.5760

G1X56.8783Y-89.2592

G1X58.7758Y-87.9763

G1X60.1871Y-87.1796

G1X61.3493Y-86.2901

G1X62.7605Y-85.4352

G1X64.0887Y-84.4024

G1X65.5830Y-83.3940

G1X69.4016Y-80.6188

G1X71.1726Y-79.2122

G1X72.1603Y-78.7011

G1X73.1820Y-78.4696

G1X73.8972Y-78.4977

G1X74.7146Y-78.7197

G1X75.4230Y-79.0768

G1X76.2642Y-79.6775

G1X77.8359Y-81.2458

G1X81.1027Y-85.3268

G1X82.4044Y-86.7709

G1X83.7632Y-87.9178

G1X84.5231Y-88.2789

G1X85.0339Y-88.3773

G1X85.3404Y-88.3352

G1X85.6530Y-88.1775

G1X87.1668Y-86.8926

G1X89.3251Y-85.3816

G1X90.5752Y-84.3754

G1X91.9816Y-83.4921

G1X93.3098Y-82.4674

G1X95.8003Y-80.8057

G1X97.1996Y-80.1726

G1X98.5206Y-79.9797

G1X99.2358Y-80.0344

G1X100.0458Y-80.2197

G1X101.6334Y-80.9110

G1X103.1055Y-81.8347

G1X107.2120Y-84.7927

G1X109.3435Y-86.0215

G1X110.3871Y-86.4724

G1X111.4964Y-86.8331

G1X112.5181Y-87.0594

G1X113.6420Y-87.1979

G1X115.1745Y-87.2303

G1X115.9919Y-87.1518

G1X121.2027Y-85.5956

G1X127.0265Y-84.5401

G1X130.6025Y-84.1432

G1X134.3828Y-84.0100

G1X137.0393Y-84.0711

G1X139.5936Y-84.2536

G1X146.2347Y-85.1556

G1X148.7890Y-85.6280

G1X151.7520Y-86.4421

G1X154.3063Y-86.9721

G1X155.4302Y-87.1718

G1X156.2475Y-87.1624

G1X158.6997Y-86.6600

G1X159.9111Y-86.2536

G1X161.1445Y-85.7306

G1X163.3519Y-84.5617

G1X167.9564Y-81.7666

G1X169.9677Y-80.7687

G1X171.8798Y-80.1607

G1X173.6167Y-79.9799

G1X174.9449Y-80.1062

G1X176.2294Y-80.4464

G1X178.4188Y-81.4544

G1X180.9731Y-82.2515

G1X183.5347Y-83.3712

G1X185.5270Y-83.9406

G1X187.6142Y-84.9641

G1X189.5555Y-85.3960

G1X192.2630Y-86.5108

G1X194.2554Y-87.0563

G1X195.2990Y-87.5248

G1X195.6785Y-87.5626

G1X196.3426Y-87.3323

G1X198.3286Y-86.1774

G1X204.5492Y-81.7853

G1X206.0323Y-80.8385

G1X207.4491Y-80.0496

G1X208.9608Y-79.3630

G1X210.5007Y-78.8524

G1X212.0332Y-78.5503

G1X213.4636Y-78.4612

G1X215.2006Y-78.6028

G1X217.0250Y-79.0327

G1X219.5939Y-80.0587

G1X222.4329Y-80.8933

G1X224.8047Y-81.9515

G1X226.0308Y-82.2648

G1X226.9868Y-82.6064

G1X228.7894Y-83.4676

G1X231.2561Y-84.3860

G1X232.7741Y-85.1776

G1X234.9562Y-86.1050

G1X236.7588Y-87.1453

G1X238.3526Y-87.8556

G1X241.7175Y-89.8831

G1X242.0717Y-90.0296

G1X242.4804Y-90.0687

G1X243.8086Y-89.8326

G1X245.2390Y-89.4227

G1X248.3334Y-88.2040

G1X251.2744Y-86.7292

G1X259.0541Y-82.4672

G1X261.5208Y-81.2732

G1X263.7977Y-80.3070

G1X266.2864Y-79.4167

G1X268.7385Y-78.7106

G1X271.2928Y-78.1447

G1X273.9493Y-77.7171

G1 Z0F20000

(Start Block)


G1X22.9136Y-88.5829
G1Z5F20000
(Plotting speed under)
G1 F4000


G1X23.7309Y-88.6075

G1X24.5483Y-88.5073

G1X25.4679Y-88.2586

G1X26.4239Y-87.8813

G1X28.3151Y-86.8881

G1X33.0081Y-84.0880

G1X34.4882Y-83.3464

G1X35.9113Y-82.7530

G1X37.2176Y-82.3223

G1X38.5458Y-82.0011

G1X39.8741Y-81.7991

G1X41.2023Y-81.7162

G1X42.6327Y-81.7592

G1X44.1653Y-81.9557

G1X45.5957Y-82.2771

G1X47.1064Y-82.7566

G1X48.5295Y-83.3317

G1X50.1423Y-84.1112

G1X54.7911Y-86.7498

G1X56.8783Y-87.8361

G1X57.6519Y-88.0684

G1X58.5715Y-88.0294

G1X59.0415Y-87.8760

G1X59.5727Y-87.5834

G1X61.4323Y-86.2326

G1X62.8435Y-85.3768

G1X64.0887Y-84.4024

G1X69.3186Y-80.6808

G1X70.7299Y-79.5127

G1X73.3033Y-77.5665

G1X74.4300Y-77.0004

G1X75.5320Y-76.8086

G1X76.3275Y-76.9019

G1X77.0864Y-77.1751

G1X77.7861Y-77.5740

G1X78.6163Y-78.2219

G1X80.1604Y-79.8194

G1X83.2153Y-83.6211

G1X84.3812Y-84.9206

G1X86.0488Y-86.3537

G1X86.4916Y-86.5917

G1X86.8584Y-86.6550

G1X87.4277Y-86.5291

G1X88.4120Y-86.0378

G1X90.5752Y-84.3754

G1X91.9816Y-83.4921

G1X93.3098Y-82.4674

G1X98.4456Y-79.1280

G1X99.8561Y-78.5267

G1X101.2792Y-78.3256

G1X102.0966Y-78.3872

G1X102.8921Y-78.5564

G1X104.5998Y-79.2365

G1X106.1494Y-80.1175

G1X110.4883Y-82.9225

G1X113.0435Y-84.2424

G1X114.2769Y-84.7153

G1X115.4811Y-85.0690

G1X116.8093Y-85.3416

G1X118.1375Y-85.5037

G1X121.2027Y-85.5540

G1X128.4569Y-84.3459

G1X131.2155Y-84.1032

G1X134.1785Y-84.0105

G1X137.1414Y-84.0760

G1X140.0023Y-84.2951

G1X148.7890Y-85.5461

G1X149.7086Y-85.5449

G1X151.4455Y-85.3607

G1X153.9998Y-84.8132

G1X156.5905Y-83.8667

G1X158.8359Y-82.7593

G1X163.6175Y-80.0497

G1X165.6984Y-79.0777

G1X167.5886Y-78.5035

G1X169.3255Y-78.3260

G1X170.7559Y-78.4641

G1X172.1498Y-78.8511

G1X173.0923Y-79.2476

G1X174.3319Y-79.9141

G1X176.6089Y-80.5897

G1X178.3166Y-81.4136

G1X180.9731Y-82.2515

G1X183.4398Y-83.3376

G1X185.4321Y-83.9039

G1X187.6142Y-84.9641

G1X188.9424Y-85.2177

G1X190.1685Y-85.6313

G1X191.2924Y-85.7303

G1X191.9531Y-85.5262

G1X193.3699Y-84.6144

G1X199.5683Y-80.1127

G1X201.1622Y-79.0807

G1X202.6043Y-78.2816

G1X204.3120Y-77.5395

G1X205.9029Y-77.0734

G1X207.4355Y-76.8423

G1X209.0703Y-76.8337

G1X210.3985Y-77.0026

G1X211.8289Y-77.3499

G1X214.3832Y-78.3225

G1X217.1199Y-79.0625

G1X219.5939Y-80.0587

G1X222.4329Y-80.8933

G1X224.7098Y-81.9152

G1X226.7022Y-82.4953

G1X228.7894Y-83.4676

G1X231.1612Y-84.3447

G1X232.7741Y-85.1776

G1X235.1459Y-86.1976

G1X236.9485Y-87.2387

G1X239.0357Y-88.1728

G1X239.6196Y-88.2681

G1X242.4512Y-87.4225

G1X245.1076Y-86.3594

G1X247.8590Y-85.0417

G1X256.2079Y-80.7336

G1X258.8643Y-79.5314

G1X261.4259Y-78.5246

G1X264.3451Y-77.5787

G1X267.4102Y-76.8147

G1X270.5776Y-76.2488

G1X273.9493Y-75.8534

G1 Z0F20000

(Start Block)


G1X22.9136Y-86.9166
G1Z5F20000
(Plotting speed under)
G1 F4000


G1X24.3367Y-86.5133

G1X25.8357Y-85.7330

G1X27.2303Y-84.7939

G1X31.8792Y-81.3590

G1X33.4509Y-80.3706

G1X34.9625Y-79.5716

G1X36.6703Y-78.8618

G1X38.3415Y-78.3661

G1X39.9762Y-78.0650

G1X41.7132Y-77.9364

G1X43.4501Y-77.9995

G1X45.1870Y-78.2532

G1X46.9166Y-78.6977

G1X48.7192Y-79.3673

G1X50.4269Y-80.1929

G1X52.1347Y-81.1884

G1X57.2816Y-84.7343

G1X59.4399Y-86.0641

G1X60.2062Y-86.3608

G1X61.1258Y-86.3208

G1X61.6094Y-86.1626

G1X62.1407Y-85.8629

G1X64.0887Y-84.4024

G1X65.5830Y-83.3940

G1X69.4016Y-80.6188

G1X70.7299Y-79.5127

G1X72.1411Y-78.5032

G1X75.5447Y-75.8513

G1X76.6559Y-75.3151

G1X77.6776Y-75.1546

G1X78.3928Y-75.2363

G1X79.0788Y-75.4615

G1X79.8378Y-75.8748

G1X80.6526Y-76.4887

G1X82.1946Y-78.0489

G1X85.1507Y-81.6814

G1X86.5289Y-83.2185

G1X87.8406Y-84.3609

G1X88.7053Y-84.9514

G1X89.2366Y-85.1388

G1X89.7679Y-84.9764

G1X90.5648Y-84.3768

G1X91.9816Y-83.4921

G1X93.3098Y-82.4674

G1X95.9663Y-80.7064

G1X101.1021Y-77.5346

G1X101.9433Y-77.1342

G1X102.7096Y-76.8776

G1X104.2422Y-76.6717

G1X105.7748Y-76.8430

G1X107.5409Y-77.4194

G1X109.3371Y-78.2857

G1X113.0562Y-80.3872

G1X115.0359Y-81.4083

G1X117.0282Y-82.2595

G1X119.0571Y-82.9164

G1X121.3048Y-83.4104

G1X123.8591Y-83.7298

G1X126.7200Y-83.8829

G1X130.8068Y-83.9250

G1X138.3675Y-83.9187

G1X141.7392Y-83.8420

G1X144.7022Y-83.6176

G1X147.3586Y-83.1995

G1X149.8107Y-82.5693

G1X152.3212Y-81.6545

G1X154.5982Y-80.6133

G1X159.2470Y-78.2538

G1X161.3561Y-77.3670

G1X162.4800Y-77.0166

G1X163.6039Y-76.7798

G1X164.7278Y-76.6756

G1X165.7495Y-76.7072

G1X166.8734Y-76.8875

G1X167.9754Y-77.2131

G1X169.0190Y-77.6532

G1X170.2587Y-78.3429

G1X172.3396Y-78.9238

G1X174.3319Y-79.9141

G1X176.4192Y-80.5199

G1X178.4188Y-81.4544

G1X180.9731Y-82.2515

G1X183.5347Y-83.3712

G1X184.9578Y-83.7360

G1X186.0014Y-84.2216

G1X186.3809Y-84.2600

G1X187.0450Y-84.0199

G1X188.4112Y-83.1997

G1X194.6704Y-78.4789

G1X197.3546Y-76.7677

G1X198.9042Y-76.0279

G1X200.3857Y-75.5244

G1X201.8161Y-75.2394

G1X203.2465Y-75.1544

G1X204.7791Y-75.2792

G1X206.3116Y-75.6123

G1X209.1724Y-76.6753

G1X211.8289Y-77.3499

G1X214.4854Y-78.3565

G1X217.4045Y-79.1563

G1X219.5939Y-80.0587

G1X222.4329Y-80.8933

G1X224.8047Y-81.9515

G1X226.8919Y-82.5686

G1X228.7894Y-83.4676

G1X231.2561Y-84.3860

G1X232.6855Y-85.1350

G1X234.1023Y-85.7193

G1X235.1459Y-86.2613

G1X235.8392Y-86.3609

G1X237.4740Y-85.9848

G1X240.9332Y-84.7079

G1X243.7794Y-83.4243

G1X252.9822Y-78.9568

G1X256.1130Y-77.6455

G1X259.0322Y-76.6070

G1X262.4038Y-75.6474

G1X265.9798Y-74.9008

G1X269.7602Y-74.3744

G1X273.9493Y-74.0375

G1 Z0F20000

(Start Block)


G1X22.9136Y-84.9640
G1Z5F20000
(Plotting speed under)
G1 F4000


G1X23.8876Y-84.4790

G1X24.9890Y-83.7467

G1X26.1951Y-82.7863

G1X30.8830Y-78.7286

G1X32.5654Y-77.4995

G1X34.2478Y-76.4834

G1X36.1959Y-75.5826

G1X38.1372Y-74.9612

G1X40.2828Y-74.5590

G1X42.4284Y-74.4215

G1X44.5740Y-74.5319

G1X46.7196Y-74.8952

G1X48.7192Y-75.4814

G1X50.7116Y-76.3251

G1X52.4889Y-77.3064

G1X54.2930Y-78.5133

G1X59.5229Y-82.6704

G1X61.0172Y-83.7559

G1X62.4949Y-84.6650

G1X62.8627Y-84.7479

G1X63.2714Y-84.7105

G1X63.9866Y-84.4492

G1X64.5868Y-84.1142

G1X69.3186Y-80.6808

G1X74.5583Y-76.5706

G1X76.0428Y-75.5283

G1X77.4596Y-74.3195

G1X78.6107Y-73.7132

G1X79.2102Y-73.5533

G1X79.8232Y-73.5007

G1X80.5384Y-73.5883

G1X81.3557Y-73.8768

G1X82.0641Y-74.2840

G1X82.8316Y-74.8675

G1X84.3443Y-76.3820

G1X87.5320Y-80.2270

G1X88.8824Y-81.6728

G1X90.3213Y-82.8504

G1X91.2226Y-83.3515

G1X91.6970Y-83.5034

G1X92.2307Y-83.3882

G1X93.3098Y-82.4674

G1X96.0548Y-80.6489

G1X101.1021Y-77.5415

G1X102.6074Y-76.7667

G1X103.8471Y-75.9973

G1X104.7895Y-75.5572

G1X105.6726Y-75.2643

G1X106.5921Y-75.0816

G1X107.5117Y-75.0192

G1X109.2486Y-75.1901

G1X111.0512Y-75.6882

G1X112.7589Y-76.3613

G1X118.7359Y-79.0267

G1X120.8232Y-79.7809

G1X122.8374Y-80.3624

G1X125.1874Y-80.8643

G1X127.6395Y-81.2118

G1X130.3981Y-81.4306

G1X133.2589Y-81.5045

G1X136.1197Y-81.4402

G1X138.7762Y-81.2472

G1X141.2283Y-80.9308

G1X143.5783Y-80.4761

G1X145.8260Y-79.8832

G1X148.0519Y-79.1407

G1X154.5982Y-76.4311

G1X156.8606Y-75.6218

G1X158.0866Y-75.2997

G1X159.3127Y-75.0913

G1X160.4366Y-75.0189

G1X161.4583Y-75.0634

G1X162.5822Y-75.2418

G1X163.8009Y-75.5937

G1X166.3625Y-76.7861

G1X167.5886Y-77.0838

G1X168.5446Y-77.4385

G1X170.3472Y-78.3797

G1X171.5733Y-78.6624

G1X172.5293Y-78.9993

G1X174.3319Y-79.9141

G1X176.6089Y-80.5897

G1X178.6231Y-81.5287

G1X181.7904Y-82.5576

G1X182.1991Y-82.6195

G1X182.8326Y-82.3842

G1X184.4597Y-81.2494

G1X190.0217Y-76.8342

G1X192.5730Y-75.1243

G1X193.9708Y-74.4162

G1X195.3939Y-73.8954

G1X196.8097Y-73.5906

G1X198.2401Y-73.5009

G1X199.6705Y-73.6237

G1X201.2031Y-73.9737

G1X203.9617Y-75.0290

G1X206.6181Y-75.7022

G1X209.1724Y-76.6753

G1X211.8289Y-77.3499

G1X214.4854Y-78.3565

G1X217.2148Y-79.0930

G1X219.5939Y-80.0587

G1X222.4329Y-80.8933

G1X224.8047Y-81.9515

G1X226.7022Y-82.4953

G1X228.7894Y-83.4676

G1X230.1176Y-83.9345

G1X231.0664Y-84.3721

G1X231.7524Y-84.4767

G1X233.2849Y-84.1003

G1X236.2844Y-83.0042

G1X239.2255Y-81.7418

G1X245.9615Y-78.5997

G1X249.1872Y-77.1803

G1X252.6975Y-75.8135

G1X256.0692Y-74.7203

G1X260.0539Y-73.7239

G1X264.2429Y-72.9991

G1X268.8407Y-72.5169

G1X273.9493Y-72.2626

G1 Z0F20000

(Start Block)


G1X22.9136Y-82.7694
G1Z5F20000
(Plotting speed under)
G1 F4000


G1X24.8321Y-81.2318

G1X28.5217Y-77.5736

G1X30.1017Y-76.1100

G1X31.6301Y-74.8746

G1X33.1853Y-73.8303

G1X35.0574Y-72.8582

G1X37.1155Y-72.1141

G1X39.3632Y-71.6170

G1X41.8153Y-71.3670

G1X44.7783Y-71.3935

G1X47.5369Y-71.7429

G1X50.0474Y-72.3971

G1X52.4003Y-73.3773

G1X54.0827Y-74.3281

G1X55.7873Y-75.5087

G1X57.7601Y-77.1149

G1X62.6042Y-81.4193

G1X64.7971Y-82.9796

G1X65.4170Y-83.2040

G1X65.7712Y-83.1293

G1X66.1254Y-82.9399

G1X69.3186Y-80.6808

G1X74.5583Y-76.5706

G1X76.0428Y-75.5283

G1X77.5371Y-74.2452

G1X79.6955Y-72.5851

G1X80.6916Y-72.0719

G1X81.6623Y-71.8563

G1X82.3775Y-71.8813

G1X83.1583Y-72.0833

G1X84.0122Y-72.5041

G1X84.7593Y-73.0302

G1X86.4589Y-74.6582

G1X89.8145Y-78.5979

G1X91.2003Y-80.0357

G1X92.8671Y-81.3359

G1X93.4120Y-81.5811

G1X94.0250Y-81.7067

G1X94.5359Y-81.6656

G1X94.8871Y-81.5240

G1X96.0548Y-80.6489

G1X101.1907Y-77.4891

G1X102.6074Y-76.7667

G1X103.9357Y-75.9499

G1X105.2639Y-75.3851

G1X107.0665Y-74.3533

G1X108.1247Y-73.9064

G1X109.1464Y-73.6064

G1X110.1681Y-73.4292

G1X111.1899Y-73.3652

G1X112.9268Y-73.4841

G1X114.8680Y-73.8742

G1X122.1222Y-76.1538

G1X125.6982Y-77.0503

G1X129.3764Y-77.6091

G1X133.0546Y-77.7944

G1X136.5284Y-77.6381

G1X139.9001Y-77.1791

G1X143.7826Y-76.2884

G1X150.1172Y-74.3551

G1X152.3650Y-73.7714

G1X154.8171Y-73.4009

G1X155.9410Y-73.3661

G1X157.0649Y-73.4347

G1X158.3931Y-73.6636

G1X159.8163Y-74.0958

G1X162.2830Y-75.1644

G1X164.2753Y-75.7778

G1X166.3625Y-76.7861

G1X167.5886Y-77.0838

G1X168.3549Y-77.3593

G1X170.3472Y-78.3797

G1X171.5733Y-78.6624

G1X172.4344Y-78.9610

G1X174.4341Y-79.9527

G1X175.6601Y-80.2696

G1X176.8935Y-80.7184

G1X178.1123Y-80.9325

G1X178.7594Y-80.7026

G1X180.3090Y-79.5969

G1X185.7879Y-75.0778

G1X188.1455Y-73.4367

G1X189.5117Y-72.7189

G1X190.7815Y-72.2369

G1X192.1098Y-71.9364

G1X193.4380Y-71.8471

G1X194.8684Y-71.9796

G1X196.2988Y-72.3316

G1X199.3785Y-73.5495

G1X201.4074Y-74.0363

G1X203.9617Y-75.0290

G1X206.6181Y-75.7022

G1X209.1724Y-76.6753

G1X211.8289Y-77.3499

G1X214.4854Y-78.3565

G1X217.4045Y-79.1563

G1X219.5939Y-80.0587

G1X222.4329Y-80.8933

G1X225.0090Y-82.0213

G1X227.3590Y-82.5361

G1X228.0742Y-82.3844

G1X232.2048Y-80.8231

G1X241.5025Y-76.7302

G1X245.2974Y-75.1736

G1X249.0194Y-73.8501

G1X252.6975Y-72.7798

G1X257.2953Y-71.7834

G1X262.1995Y-71.0956

G1X267.7168Y-70.6797

G1X273.9493Y-70.5225

G1 Z0F20000

(Start Block)


G1X22.9136Y-80.3839
G1Z5F20000
(Plotting speed under)
G1 F4000


G1X24.3816Y-78.9516

G1X27.5974Y-75.4053

G1X29.1120Y-73.8620

G1X30.7267Y-72.4441

G1X32.3883Y-71.2689

G1X34.2984Y-70.2686

G1X36.4002Y-69.5391

G1X38.8524Y-69.0572

G1X41.6110Y-68.8204

G1X45.4935Y-68.8169

G1X48.8652Y-69.1232

G1X51.6238Y-69.7279

G1X52.8937Y-70.1621

G1X54.1270Y-70.6990

G1X56.2024Y-71.8866

G1X58.2289Y-73.4013

G1X60.2516Y-75.2138

G1X63.9411Y-78.8242

G1X65.7490Y-80.3756

G1X66.4131Y-80.8599

G1X67.2195Y-81.3162

G1X67.5991Y-81.4795

G1X67.9786Y-81.5358

G1X68.3225Y-81.4437

G1X68.6545Y-81.2349

G1X70.7299Y-79.5127

G1X72.2241Y-78.4396

G1X74.7146Y-76.4520

G1X76.0428Y-75.5283

G1X77.5371Y-74.2452

G1X80.0275Y-72.3781

G1X81.3557Y-71.2338

G1X82.5954Y-70.4987

G1X83.1948Y-70.2987

G1X83.8079Y-70.2007

G1X84.5231Y-70.2291

G1X85.3404Y-70.4426

G1X86.1374Y-70.8308

G1X86.9812Y-71.4096

G1X88.5562Y-72.8772

G1X91.8488Y-76.6405

G1X93.3098Y-78.1510

G1X94.2474Y-78.9556

G1X95.1694Y-79.6032

G1X95.7892Y-79.9273

G1X96.2728Y-80.0341

G1X96.8858Y-80.0060

G1X97.4716Y-79.8175

G1X98.6227Y-79.0291

G1X101.1021Y-77.5415

G1X102.6074Y-76.7667

G1X103.8471Y-75.9973

G1X105.2639Y-75.3851

G1X106.8767Y-74.4501

G1X110.5768Y-72.7542

G1X111.8102Y-72.2931

G1X113.0289Y-71.9767

G1X114.2550Y-71.7879

G1X115.5832Y-71.7125

G1X117.2180Y-71.7698

G1X118.9549Y-71.9638

G1X125.0852Y-73.0360

G1X127.8439Y-73.4325

G1X130.2960Y-73.6549

G1X132.7481Y-73.7344

G1X135.4045Y-73.6545

G1X138.2653Y-73.3861

G1X146.0304Y-72.1114

G1X148.2782Y-71.8196

G1X150.4237Y-71.7110

G1X152.4672Y-71.8403

G1X153.6932Y-72.0536

G1X154.8171Y-72.3489

G1X157.2692Y-73.3106

G1X159.7214Y-74.0606

G1X162.2830Y-75.1644

G1X164.2753Y-75.7778

G1X166.3625Y-76.7861

G1X167.5886Y-77.0838

G1X168.3549Y-77.3593

G1X170.4494Y-78.4167

G1X171.6755Y-78.6919

G1X172.9088Y-79.1817

G1X174.0254Y-79.3323

G1X174.4205Y-79.2497

G1X174.7747Y-79.0749

G1X176.3243Y-77.9649

G1X181.7544Y-73.3599

G1X184.0723Y-71.7006

G1X185.3373Y-71.0212

G1X186.4903Y-70.5709

G1X187.7164Y-70.2820

G1X188.9424Y-70.1931

G1X190.1685Y-70.2998

G1X191.4968Y-70.6216

G1X192.8323Y-71.1388

G1X194.2554Y-71.8694

G1X196.2988Y-72.3330

G1X199.3785Y-73.5495

G1X201.4074Y-74.0363

G1X203.8595Y-74.9953

G1X206.7203Y-75.7339

G1X209.3768Y-76.7394

G1X212.1354Y-77.4455

G1X214.4854Y-78.3565

G1X217.4994Y-79.1890

G1X219.7983Y-80.1271

G1X221.5352Y-80.6050

G1X222.0461Y-80.6784

G1X222.6226Y-80.5706

G1X226.3227Y-79.1436

G1X235.4306Y-75.2269

G1X239.7947Y-73.4937

G1X244.2173Y-72.0035

G1X248.6107Y-70.8372

G1X251.2671Y-70.2853

G1X253.9236Y-69.8414

G1X259.6452Y-69.2011

G1X266.2864Y-68.8593

G1X273.9493Y-68.8117

G1 Z0F20000

(Start Block)


G1X22.9136Y-77.8606
G1Z5F20000
(Plotting speed under)
G1 F4000


G1X28.0168Y-71.9275

G1X29.6378Y-70.3749

G1X31.2372Y-69.1546

G1X32.9702Y-68.1837

G1X34.8677Y-67.4869

G1X36.9111Y-67.0656

G1X39.4654Y-66.8434

G1X46.3109Y-66.7866

G1X50.1934Y-66.9283

G1X51.7260Y-67.1011

G1X53.1564Y-67.3687

G1X54.4846Y-67.7369

G1X55.6450Y-68.1722

G1X57.7132Y-69.2509

G1X59.6890Y-70.6699

G1X61.8012Y-72.5735

G1X65.7859Y-76.7046

G1X67.2140Y-78.0710

G1X68.9866Y-79.4806

G1X69.4016Y-79.6707

G1X69.8104Y-79.7246

G1X70.6277Y-79.5535

G1X71.3110Y-79.1588

G1X74.5583Y-76.5706

G1X76.0428Y-75.5283

G1X77.6201Y-74.1786

G1X79.9445Y-72.4434

G1X81.4388Y-71.1671

G1X83.8462Y-69.3094

G1X84.9610Y-68.7506

G1X85.9535Y-68.5473

G1X86.7635Y-68.5882

G1X87.5225Y-68.7960

G1X88.3511Y-69.1909

G1X89.2366Y-69.7958

G1X90.8631Y-71.2791

G1X94.2885Y-75.0630

G1X95.7449Y-76.5015

G1X96.7964Y-77.3544

G1X97.7689Y-77.9871

G1X98.3381Y-78.2748

G1X98.9293Y-78.4073

G1X99.4401Y-78.3923

G1X100.0395Y-78.2336

G1X101.2792Y-77.4383

G1X102.6074Y-76.7667

G1X103.8471Y-75.9973

G1X105.2639Y-75.3851

G1X106.8767Y-74.4501

G1X110.6717Y-72.7140

G1X114.6637Y-71.1732

G1X116.1963Y-70.6944

G1X117.8310Y-70.3499

G1X119.5679Y-70.1432

G1X121.6113Y-70.0585

G1X132.6459Y-70.3994

G1X143.7826Y-70.0590

G1X145.9282Y-70.1468

G1X147.7673Y-70.3625

G1X150.0151Y-70.8568

G1X152.9853Y-71.9039

G1X155.1237Y-72.4466

G1X157.2692Y-73.3106

G1X159.8163Y-74.0958

G1X162.3778Y-75.1988

G1X163.9907Y-75.6641

G1X166.3625Y-76.7861

G1X167.6908Y-77.1151

G1X168.9241Y-77.6288

G1X169.6320Y-77.7647

G1X170.1429Y-77.7610

G1X170.8785Y-77.4690

G1X172.6716Y-76.1907

G1X177.9260Y-71.6530

G1X180.0876Y-70.0620

G1X181.3526Y-69.3576

G1X182.5057Y-68.8959

G1X183.6295Y-68.6259

G1X184.7534Y-68.5394

G1X185.8773Y-68.6341

G1X187.1034Y-68.9332

G1X190.1758Y-70.2824

G1X191.4968Y-70.6229

G1X192.3579Y-70.9346

G1X194.2554Y-71.8694

G1X196.4010Y-72.3658

G1X199.3785Y-73.5495

G1X201.4074Y-74.0363

G1X203.8595Y-74.9953

G1X206.7203Y-75.7339

G1X209.3768Y-76.7394

G1X212.0332Y-77.4128

G1X214.8940Y-78.4999

G1X215.6092Y-78.6732

G1X216.4266Y-78.7559

G1X216.9302Y-78.7069

G1X217.4045Y-78.5546

G1X221.1046Y-77.0234

G1X229.0740Y-73.5403

G1X233.8177Y-71.6825

G1X238.9044Y-70.0484

G1X243.9108Y-68.8414

G1X246.7716Y-68.3229

G1X249.8367Y-67.8909

G1X253.0041Y-67.5611

G1X256.4779Y-67.3118

G1X264.8559Y-67.0474

G1X273.9493Y-67.1265

G1 Z0F20000

(Start Block)


G1X22.9136Y-75.2505
G1Z5F20000
(Plotting speed under)
G1 F4000


G1X27.0381Y-70.0747

G1X28.4609Y-68.5924

G1X29.8868Y-67.3877

G1X31.3573Y-66.4517

G1X32.9702Y-65.7570

G1X34.6633Y-65.3380

G1X36.6046Y-65.1414

G1X38.3415Y-65.1285

G1X44.5740Y-65.3184

G1X50.8064Y-65.1328

G1X52.8499Y-65.1419

G1X55.3020Y-65.4029

G1X57.4476Y-65.9920

G1X58.5861Y-66.4823

G1X59.6613Y-67.0729

G1X60.7682Y-67.8146

G1X61.8229Y-68.6454

G1X64.0887Y-70.7946

G1X67.7239Y-74.7617

G1X69.1803Y-76.2346

G1X71.3497Y-77.9899

G1X71.7039Y-78.2028

G1X72.0581Y-78.2885

G1X72.6780Y-78.0455

G1X74.7146Y-76.4520

G1X75.9598Y-75.5919

G1X77.6201Y-74.1786

G1X79.9445Y-72.4434

G1X81.4388Y-71.1671

G1X85.6061Y-67.9023

G1X86.8730Y-67.1793

G1X88.0991Y-66.8931

G1X88.8143Y-66.9179

G1X89.6098Y-67.1024

G1X90.4636Y-67.4806

G1X91.2345Y-67.9604

G1X93.0147Y-69.4804

G1X96.8518Y-73.5220

G1X98.4665Y-75.0091

G1X99.5359Y-75.8016

G1X100.5202Y-76.3798

G1X101.1843Y-76.6624

G1X101.9944Y-76.8226

G1X102.7845Y-76.7006

G1X103.9357Y-75.9499

G1X105.2639Y-75.3851

G1X106.7819Y-74.4967

G1X110.7666Y-72.6754

G1X115.0724Y-71.0299

G1X117.3128Y-70.4325

G1X119.5679Y-69.7041

G1X121.8157Y-69.1808

G1X124.3700Y-68.8148

G1X127.2308Y-68.6038

G1X130.9090Y-68.5070

G1X135.3024Y-68.5298

G1X138.7762Y-68.6751

G1X141.6370Y-68.9579

G1X144.0891Y-69.3885

G1X147.3586Y-70.2642

G1X150.4237Y-70.9777

G1X152.9853Y-71.9039

G1X155.1237Y-72.4466

G1X157.2692Y-73.3106

G1X159.7214Y-74.0606

G1X162.1881Y-75.1279

G1X163.7061Y-75.5604

G1X164.8445Y-76.0585

G1X165.5451Y-76.2119

G1X166.1582Y-76.2198

G1X166.9824Y-75.8965

G1X169.0190Y-74.4932

G1X170.5816Y-73.2076

G1X174.2538Y-69.9648

G1X176.4571Y-68.3319

G1X177.6525Y-67.6659

G1X178.7253Y-67.2330

G1X179.7470Y-66.9787

G1X180.8709Y-66.8857

G1X182.0970Y-67.0068

G1X183.4252Y-67.3871

G1X186.0014Y-68.5969

G1X187.7091Y-69.1508

G1X190.0809Y-70.2456

G1X191.4968Y-70.6229

G1X192.4528Y-70.9739

G1X194.2554Y-71.8694

G1X196.2988Y-72.3330

G1X199.3785Y-73.5495

G1X201.3052Y-74.0046

G1X203.9617Y-75.0290

G1X206.5160Y-75.6714

G1X209.5811Y-76.8333

G1X210.3985Y-76.9723

G1X211.1137Y-76.8731

G1X211.9967Y-76.5931

G1X222.1483Y-71.9193

G1X227.4612Y-69.7740

G1X230.2198Y-68.8402

G1X232.8763Y-68.0657

G1X235.6349Y-67.3884

G1X238.3935Y-66.8329

G1X241.5609Y-66.3311

G1X244.9325Y-65.9352

G1X248.6107Y-65.6367

G1X252.5954Y-65.4338

G1X257.7039Y-65.3005

G1X263.7321Y-65.2595

G1X269.3515Y-65.3150

G1X273.9493Y-65.4646

G1 Z0F20000

(Start Block)


G1X22.9136Y-72.5999
G1Z5F20000
(Plotting speed under)
G1 F4000


G1X25.8357Y-68.6797

G1X26.8983Y-67.4280

G1X27.9314Y-66.3696

G1X28.9736Y-65.4773

G1X29.9975Y-64.7754

G1X31.0727Y-64.2195

G1X32.2112Y-63.8173

G1X33.8459Y-63.5197

G1X35.5829Y-63.4782

G1X37.3198Y-63.6125

G1X42.3262Y-64.2069

G1X45.5957Y-64.3254

G1X48.3543Y-64.1686

G1X53.7694Y-63.5523

G1X55.8128Y-63.4684

G1X57.6519Y-63.6150

G1X59.3450Y-64.0131

G1X60.9579Y-64.6831

G1X62.5834Y-65.6775

G1X64.0106Y-66.8161

G1X65.4869Y-68.2278

G1X70.0308Y-73.3065

G1X71.5416Y-74.8385

G1X73.0543Y-76.0828

G1X73.5907Y-76.3464

G1X74.2037Y-76.4959

G1X74.7976Y-76.4252

G1X75.2957Y-76.1369

G1X77.6201Y-74.1786

G1X79.9445Y-72.4434

G1X81.4388Y-71.1671

G1X87.8309Y-66.1658

G1X89.1354Y-65.4811

G1X89.8360Y-65.2936

G1X90.4490Y-65.2331

G1X91.1642Y-65.2850

G1X91.9816Y-65.4993

G1X92.7406Y-65.8379

G1X93.6419Y-66.3904

G1X95.3022Y-67.7597

G1X99.2131Y-71.6790

G1X100.9667Y-73.2290

G1X101.9876Y-73.9652

G1X102.8921Y-74.4965

G1X103.7459Y-74.8865

G1X104.9574Y-75.3031

G1X105.5295Y-75.2294

G1X106.6870Y-74.5471

G1X110.4819Y-72.7963

G1X114.4666Y-71.2471

G1X119.8744Y-69.6190

G1X122.3265Y-69.0906

G1X126.9243Y-68.4351

G1X129.2742Y-68.2081

G1X131.6242Y-68.1175

G1X134.0763Y-68.1574

G1X136.4263Y-68.3276

G1X141.7392Y-68.9718

G1X143.9869Y-69.3662

G1X147.4608Y-70.2897

G1X150.2194Y-70.9160

G1X152.9853Y-71.9039

G1X155.3280Y-72.5158

G1X157.2692Y-73.3106

G1X159.7214Y-74.0606

G1X160.8598Y-74.5726

G1X161.8670Y-74.7008

G1X162.3778Y-74.6258

G1X162.9471Y-74.3919

G1X165.2003Y-72.9551

G1X166.8313Y-71.6606

G1X170.9723Y-68.0667

G1X173.0037Y-66.5958

G1X174.1548Y-65.9646

G1X175.1858Y-65.5557

G1X176.2732Y-65.3004

G1X177.2949Y-65.2330

G1X178.5210Y-65.3751

G1X179.7397Y-65.7494

G1X182.3013Y-67.0485

G1X183.6295Y-67.4666

G1X186.0014Y-68.5969

G1X187.7091Y-69.1508

G1X190.1758Y-70.2824

G1X192.2630Y-70.8962

G1X194.2554Y-71.8694

G1X196.2988Y-72.3330

G1X199.2837Y-73.5177

G1X201.4074Y-74.0363

G1X204.2682Y-75.1687

G1X204.9834Y-75.2924

G1X205.5964Y-75.1551

G1X206.5889Y-74.7580

G1X215.6019Y-70.1598

G1X218.2584Y-68.9341

G1X220.8200Y-67.8803

G1X223.5786Y-66.8993

G1X226.3373Y-66.0782

G1X229.1981Y-65.3860

G1X232.1610Y-64.8231

G1X235.4306Y-64.3584

G1X239.0066Y-64.0041

G1X242.8891Y-63.7588

G1X247.3846Y-63.6017

G1X254.5366Y-63.5105

G1X263.8342Y-63.5224

G1X269.5559Y-63.6236

G1X273.9493Y-63.8259

G1 Z0F20000

(Start Block)


G1X22.9136Y-69.9482
G1Z5F20000
(Plotting speed under)
G1 F4000


G1X25.3889Y-66.5103

G1X26.4334Y-65.2674

G1X27.3671Y-64.3108

G1X28.4036Y-63.4352

G1X29.3777Y-62.7980

G1X30.3137Y-62.3478

G1X31.3938Y-62.0096

G1X32.8242Y-61.8218

G1X34.5612Y-61.8993

G1X36.2981Y-62.1905

G1X41.8153Y-63.3934

G1X43.7566Y-63.6373

G1X45.6979Y-63.7152

G1X47.3326Y-63.6469

G1X48.9673Y-63.4644

G1X51.0108Y-63.1067

G1X55.9150Y-62.0691

G1X57.4476Y-61.8676

G1X58.8780Y-61.8172

G1X60.5127Y-61.9847

G1X62.0015Y-62.3970

G1X63.4689Y-63.0816

G1X64.9189Y-64.0441

G1X66.1983Y-65.1220

G1X67.5841Y-66.5018

G1X71.7925Y-71.3485

G1X73.1766Y-72.8238

G1X74.1677Y-73.7322

G1X75.2459Y-74.5747

G1X75.6886Y-74.8586

G1X76.0428Y-74.9638

G1X76.6121Y-74.8340

G1X77.7031Y-74.1523

G1X89.9450Y-64.5338

G1X90.5648Y-64.1526

G1X91.3175Y-63.8248

G1X91.9816Y-63.6478

G1X92.6968Y-63.5794

G1X93.4120Y-63.6316

G1X94.2294Y-63.8381

G1X95.0808Y-64.2005

G1X95.9663Y-64.7241

G1X97.6852Y-66.0654

G1X101.7480Y-69.9018

G1X103.6036Y-71.4481

G1X104.7326Y-72.2176

G1X105.7383Y-72.7747

G1X107.0008Y-73.3038

G1X107.8182Y-73.5317

G1X108.5334Y-73.5488

G1X109.2486Y-73.4121

G1X110.6717Y-72.7140

G1X114.8680Y-71.1001

G1X120.8962Y-69.3689

G1X122.7353Y-69.0250

G1X127.4351Y-68.3733

G1X129.6829Y-68.1830

G1X131.9307Y-68.1150

G1X134.1785Y-68.1620

G1X136.4263Y-68.3276

G1X141.5348Y-68.9442

G1X143.5783Y-69.2810

G1X147.4608Y-70.2897

G1X150.1172Y-70.8861

G1X152.9853Y-71.9039

G1X155.2258Y-72.4808

G1X156.8752Y-73.1949

G1X157.3714Y-73.2491

G1X158.0866Y-73.1155

G1X158.9624Y-72.7976

G1X160.1641Y-72.1657

G1X161.2986Y-71.4535

G1X163.2373Y-69.9966

G1X167.6126Y-66.3114

G1X169.8159Y-64.7779

G1X170.9165Y-64.2130

G1X171.8798Y-63.8564

G1X172.9015Y-63.6336

G1X173.8211Y-63.5794

G1X174.9449Y-63.7029

G1X176.1345Y-64.0566

G1X177.0769Y-64.4909

G1X178.3166Y-65.2437

G1X179.8346Y-65.7932

G1X182.2128Y-67.0097

G1X183.7244Y-67.5058

G1X186.0962Y-68.6366

G1X187.7091Y-69.1508

G1X190.1758Y-70.2824

G1X192.2630Y-70.8962

G1X194.2554Y-71.8694

G1X196.2988Y-72.3330

G1X199.0939Y-73.4918

G1X199.7726Y-73.6116

G1X200.4878Y-73.4670

G1X201.3393Y-73.1193

G1X209.9285Y-68.1851

G1X212.4711Y-66.8866

G1X214.9378Y-65.7834

G1X217.4994Y-64.8131

G1X220.2070Y-63.9780

G1X222.9656Y-63.3123

G1X225.8264Y-62.7939

G1X228.8916Y-62.3993

G1X232.1610Y-62.1226

G1X235.8392Y-61.9415

G1X240.3348Y-61.8420

G1X264.6516Y-61.8365

G1X269.7602Y-61.9572

G1X273.9493Y-62.2124

G1 Z0F20000

(Start Block)


G1X22.9136Y-67.3272
G1Z5F20000
(Plotting speed under)
G1 F4000


G1X25.1273Y-64.2177

G1X26.8983Y-62.2744

G1X27.8115Y-61.5208

G1X28.7009Y-60.9542

G1X29.6569Y-60.5244

G1X30.5765Y-60.2761

G1X32.0069Y-60.1635

G1X33.6416Y-60.3563

G1X35.2764Y-60.7805

G1X39.4654Y-62.2027

G1X41.5088Y-62.7884

G1X43.8588Y-63.2279

G1X46.1065Y-63.3672

G1X48.0478Y-63.2588

G1X49.9891Y-62.9522

G1X52.3390Y-62.3619

G1X58.2650Y-60.5492

G1X60.0019Y-60.2331

G1X61.5344Y-60.1662

G1X62.9648Y-60.3376

G1X64.2785Y-60.7301

G1X65.5941Y-61.3701

G1X66.9796Y-62.3177

G1X68.2210Y-63.3934

G1X69.5345Y-64.7328

G1X73.8058Y-69.7459

G1X75.3787Y-71.4153

G1X77.0390Y-72.7984

G1X77.8454Y-73.2181

G1X78.3198Y-73.3609

G1X78.7823Y-73.3246

G1X79.1974Y-73.0895

G1X81.4388Y-71.1671

G1X91.9035Y-62.9984

G1X92.6900Y-62.5244

G1X93.4120Y-62.2072

G1X94.2294Y-61.9911

G1X94.9446Y-61.9248

G1X95.7619Y-61.9891

G1X96.5355Y-62.1774

G1X97.3831Y-62.5158

G1X98.1800Y-62.9483

G1X100.1072Y-64.3352

G1X104.4826Y-68.1750

G1X106.5921Y-69.7837

G1X107.8318Y-70.5470

G1X108.9640Y-71.1083

G1X110.1024Y-71.5392

G1X111.4964Y-71.9130

G1X112.2116Y-71.9540

G1X113.1311Y-71.7960

G1X115.5832Y-70.8671

G1X117.2180Y-70.4605

G1X119.8744Y-69.6190

G1X121.8157Y-69.1808

G1X127.7417Y-68.3397

G1X129.7851Y-68.1773

G1X131.9307Y-68.1150

G1X134.0763Y-68.1574

G1X136.1197Y-68.2977

G1X142.7609Y-69.1298

G1X144.4978Y-69.4813

G1X147.4608Y-70.2897

G1X149.5042Y-70.7198

G1X152.3650Y-71.6286

G1X153.0802Y-71.7378

G1X153.6932Y-71.6108

G1X155.3572Y-70.9622

G1X156.5336Y-70.3785

G1X157.6847Y-69.6933

G1X159.8874Y-68.1190

G1X164.4532Y-64.4509

G1X166.4574Y-63.1167

G1X167.5010Y-62.5861

G1X168.6103Y-62.1821

G1X169.6320Y-61.9729

G1X170.5515Y-61.9268

G1X171.6755Y-62.0600

G1X172.9015Y-62.4413

G1X175.5716Y-63.8457

G1X176.9884Y-64.4440

G1X178.3166Y-65.2437

G1X179.9295Y-65.8354

G1X182.3013Y-67.0485

G1X183.6295Y-67.4666

G1X186.0014Y-68.5969

G1X187.7091Y-69.1508

G1X190.1758Y-70.2824

G1X192.2630Y-70.8962

G1X194.1605Y-71.8353

G1X195.2771Y-72.0888

G1X195.6722Y-72.0360

G1X196.1149Y-71.8312

G1X204.7041Y-66.2987

G1X207.0064Y-64.9731

G1X209.2454Y-63.8480

G1X211.7121Y-62.8126

G1X214.1788Y-61.9881

G1X216.8353Y-61.3161

G1X219.5939Y-60.8218

G1X221.9439Y-60.5353

G1X224.4982Y-60.3341

G1X230.7307Y-60.1617

G1X247.0781Y-60.2904

G1X265.1625Y-60.1708

G1X269.8624Y-60.3077

G1X273.9493Y-60.6281

G1 Z0F20000

(Start Block)


G1X22.9136Y-64.7608
G1Z5F20000
(Plotting speed under)
G1 F4000


G1X24.8743Y-62.0167

G1X25.7176Y-61.0419

G1X26.5293Y-60.2499

G1X27.3410Y-59.6100

G1X28.2265Y-59.0850

G1X28.9855Y-58.7763

G1X29.8613Y-58.5676

G1X31.3938Y-58.5439

G1X33.2329Y-58.9559

G1X35.0574Y-59.6573

G1X39.6113Y-61.6949

G1X42.1218Y-62.5539

G1X44.3696Y-63.0227

G1X46.6174Y-63.1739

G1X48.8652Y-63.0054

G1X51.1130Y-62.5381

G1X53.7475Y-61.6724

G1X58.3963Y-59.7460

G1X60.1041Y-59.1225

G1X62.1475Y-58.6195

G1X63.8844Y-58.5137

G1X65.2126Y-58.6924

G1X66.4606Y-59.0951

G1X67.8078Y-59.8009

G1X69.0696Y-60.7164

G1X70.2133Y-61.7436

G1X71.4289Y-63.0102

G1X75.5780Y-67.9502

G1X77.0215Y-69.5208

G1X78.5430Y-70.8588

G1X79.4962Y-71.5310

G1X80.0275Y-71.7259

G1X80.6916Y-71.5901

G1X81.7708Y-70.9571

G1X89.2470Y-65.0384

G1X94.1400Y-61.3080

G1X94.9227Y-60.8550

G1X95.6817Y-60.5407

G1X96.4771Y-60.3407

G1X97.1923Y-60.2725

G1X98.0097Y-60.3209

G1X98.8125Y-60.4903

G1X99.6663Y-60.7964

G1X100.5708Y-61.2393

G1X102.6074Y-62.5896

G1X107.2562Y-66.3262

G1X109.6028Y-67.9564

G1X110.9563Y-68.7157

G1X112.2845Y-69.3166

G1X113.6420Y-69.7840

G1X114.9702Y-70.1066

G1X116.6050Y-70.3705

G1X117.2180Y-70.3915

G1X120.2831Y-69.5133

G1X122.7353Y-69.0250

G1X128.1503Y-68.2986

G1X132.2372Y-68.1147

G1X135.9154Y-68.2790

G1X141.6370Y-68.9579

G1X144.0891Y-69.3885

G1X146.7456Y-70.0823

G1X147.7673Y-70.1956

G1X148.6868Y-70.0353

G1X150.7084Y-69.4490

G1X152.1315Y-68.8681

G1X153.6115Y-68.1074

G1X156.1517Y-66.4698

G1X161.4038Y-62.5423

G1X163.5290Y-61.2519

G1X164.5599Y-60.7913

G1X165.5451Y-60.4788

G1X166.4647Y-60.3114

G1X167.3842Y-60.2744

G1X168.6103Y-60.4362

G1X169.8728Y-60.8544

G1X171.6755Y-61.8636

G1X173.2883Y-62.6266

G1X175.4831Y-63.8013

G1X176.9884Y-64.4440

G1X178.3166Y-65.2437

G1X179.9295Y-65.8354

G1X182.2128Y-67.0097

G1X183.7244Y-67.5058

G1X186.1911Y-68.6748

G1X187.8040Y-69.1900

G1X189.9861Y-70.2243

G1X190.6794Y-70.4070

G1X191.1902Y-70.4501

G1X191.6875Y-70.3615

G1X192.1302Y-70.1314

G1X200.3984Y-64.2383

G1X202.4904Y-62.9119

G1X204.5017Y-61.8049

G1X206.6838Y-60.8082

G1X208.9681Y-59.9908

G1X211.3180Y-59.3727

G1X213.8723Y-58.9214

G1X216.9375Y-58.6212

G1X220.3091Y-58.5094

G1X224.6004Y-58.5641

G1X235.9414Y-58.9472

G1X241.7652Y-59.0168

G1X247.6911Y-58.9469

G1X259.7474Y-58.5718

G1X264.5495Y-58.5071

G1X269.5559Y-58.6532

G1X273.9493Y-59.0798

G1 Z0F20000

(Start Block)


G1X22.9136Y-62.2655
G1Z5F20000
(Plotting speed under)
G1 F4000


G1X24.5739Y-59.9681

G1X25.3708Y-59.0605

G1X26.1170Y-58.3529

G1X26.8202Y-57.8113

G1X27.5624Y-57.3770

G1X28.3287Y-57.0687

G1X29.1461Y-56.8933

G1X29.9634Y-56.8557

G1X30.7808Y-56.9471

G1X31.5982Y-57.1433

G1X32.5907Y-57.4975

G1X34.2478Y-58.2923

G1X39.0421Y-60.9377

G1X40.5601Y-61.6406

G1X41.9175Y-62.1601

G1X43.2457Y-62.5561

G1X44.4718Y-62.8178

G1X45.6979Y-62.9774

G1X47.0261Y-63.0349

G1X49.4782Y-62.8311

G1X52.0325Y-62.2138

G1X54.9809Y-61.0603

G1X60.1989Y-58.4414

G1X62.3810Y-57.5004

G1X63.5779Y-57.1300

G1X64.5996Y-56.9288

G1X65.5191Y-56.8547

G1X66.5408Y-56.9083

G1X67.6647Y-57.1510

G1X68.7375Y-57.5725

G1X69.8167Y-58.1870

G1X70.9643Y-59.0449

G1X72.1280Y-60.1129

G1X73.3164Y-61.3765

G1X77.3047Y-66.1707

G1X79.0682Y-68.0748

G1X79.9537Y-68.8719

G1X80.9407Y-69.5947

G1X81.9250Y-70.1067

G1X82.4942Y-70.2467

G1X82.8500Y-70.1656

G1X83.1821Y-69.9496

G1X85.3404Y-68.0934

G1X95.8833Y-59.9490

G1X97.3967Y-59.0952

G1X98.2140Y-58.8119

G1X98.9293Y-58.6668

G1X99.9510Y-58.6244

G1X100.9727Y-58.7650

G1X102.0382Y-59.0852

G1X103.1767Y-59.5953

G1X105.3469Y-60.9215

G1X109.4146Y-63.8802

G1X111.3738Y-65.1978

G1X113.3281Y-66.3132

G1X115.2256Y-67.1720

G1X117.2180Y-67.8364

G1X119.3636Y-68.3107

G1X121.7135Y-68.6055

G1X124.3700Y-68.7357

G1X125.2896Y-68.6921

G1X128.6612Y-68.2535

G1X132.0329Y-68.1147

G1X135.2002Y-68.2220

G1X138.8784Y-68.6337

G1X140.0023Y-68.6831

G1X142.8631Y-68.3896

G1X145.2130Y-67.9264

G1X147.9570Y-67.0339

G1X150.6009Y-65.7690

G1X153.1632Y-64.1966

G1X158.0389Y-60.8442

G1X160.1957Y-59.6154

G1X161.2539Y-59.1600

G1X162.2757Y-58.8400

G1X163.2974Y-58.6572

G1X164.3191Y-58.6238

G1X165.6473Y-58.8159

G1X166.9317Y-59.2590

G1X167.7793Y-59.6861

G1X169.0190Y-60.4855

G1X170.3472Y-61.0746

G1X171.6755Y-61.8636

G1X173.2883Y-62.6266

G1X175.5716Y-63.8457

G1X176.9884Y-64.4440

G1X178.3166Y-65.2437

G1X179.8346Y-65.7932

G1X182.2128Y-67.0097

G1X183.7244Y-67.5058

G1X186.0014Y-68.6061

G1X186.8990Y-68.9189

G1X187.4099Y-68.9991

G1X187.7913Y-68.9202

G1X188.2341Y-68.6649

G1X190.6858Y-66.8677

G1X196.4968Y-62.2868

G1X198.2401Y-61.0724

G1X200.0111Y-59.9912

G1X202.1299Y-58.9224

G1X204.1660Y-58.1302

G1X206.3116Y-57.5294

G1X208.5594Y-57.1269

G1X211.5224Y-56.8816

G1X214.9962Y-56.8873

G1X228.6872Y-57.8286

G1X235.9414Y-58.0611

G1X239.8239Y-58.0351

G1X244.0130Y-57.9008

G1X258.2148Y-57.0464

G1X263.4256Y-56.8603

G1X266.3885Y-56.8753

G1X269.0450Y-56.9972

G1X271.5993Y-57.2347

G1X273.9493Y-57.5761

G1 Z0F20000

(Start Block)


G1X22.9136Y-59.8516
G1Z5F20000
(Plotting speed under)
G1 F4000


G1X23.8192Y-58.5760

G1X24.6613Y-57.5524

G1X25.4302Y-56.7685

G1X26.2342Y-56.1221

G1X26.9932Y-55.6706

G1X27.8470Y-55.3493

G1X28.6352Y-55.2121

G1X29.5547Y-55.2342

G1X30.9779Y-55.5887

G1X32.3883Y-56.2334

G1X33.8051Y-57.0700

G1X38.5867Y-60.1727

G1X40.1806Y-61.0393

G1X41.7934Y-61.7581

G1X43.5522Y-62.3416

G1X45.3913Y-62.7205

G1X47.1282Y-62.8620

G1X48.9673Y-62.7867

G1X50.2956Y-62.5917

G1X51.7260Y-62.2539

G1X53.1783Y-61.7806

G1X54.6014Y-61.1981

G1X57.1819Y-59.8879

G1X62.4063Y-56.8367

G1X64.5631Y-55.8288

G1X65.6213Y-55.4818

G1X66.6430Y-55.2691

G1X67.5626Y-55.1995

G1X68.4821Y-55.2574

G1X69.5914Y-55.5089

G1X70.6350Y-55.9364

G1X71.7039Y-56.5678

G1X72.7613Y-57.3764

G1X73.8291Y-58.3612

G1X74.9803Y-59.5830

G1X79.0978Y-64.5393

G1X80.7654Y-66.3442

G1X81.6878Y-67.1752

G1X82.5180Y-67.7959

G1X83.5378Y-68.4096

G1X84.1071Y-68.5455

G1X84.7712Y-68.3809

G1X85.7555Y-67.8262

G1X93.0608Y-62.0924

G1X98.2077Y-58.2265

G1X99.6663Y-57.4517

G1X101.1770Y-57.0330

G1X102.1988Y-56.9650

G1X103.3226Y-57.0752

G1X104.4100Y-57.3471

G1X105.6434Y-57.8223

G1X107.9204Y-59.0362

G1X112.4363Y-61.9011

G1X114.5615Y-63.1345

G1X116.9334Y-64.2845

G1X119.2614Y-65.1524

G1X121.8157Y-65.8255

G1X124.5743Y-66.2828

G1X127.7417Y-66.5563

G1X131.2155Y-66.6437

G1X134.7915Y-66.5417

G1X137.9588Y-66.2523

G1X140.7175Y-65.7804

G1X143.2717Y-65.0978

G1X145.5852Y-64.2371

G1X147.9444Y-63.1129

G1X150.0696Y-61.9140

G1X154.5855Y-59.1506

G1X156.7803Y-57.9955

G1X158.0136Y-57.4973

G1X159.1083Y-57.1796

G1X160.2322Y-56.9967

G1X161.2539Y-56.9712

G1X162.6843Y-57.1797

G1X164.1804Y-57.7121

G1X165.1228Y-58.2086

G1X166.3625Y-59.0314

G1X167.7793Y-59.6861

G1X169.0190Y-60.4855

G1X170.3472Y-61.0746

G1X171.6755Y-61.8636

G1X173.2883Y-62.6266

G1X175.5716Y-63.8457

G1X176.9884Y-64.4440

G1X178.2281Y-65.1995

G1X179.9295Y-65.8354

G1X182.7757Y-67.2562

G1X183.6295Y-67.4666

G1X184.4834Y-67.2223

G1X185.6219Y-66.5396

G1X187.7705Y-64.8435

G1X193.0102Y-60.4034

G1X194.8365Y-59.0440

G1X196.4691Y-57.9919

G1X198.3349Y-57.0029

G1X200.1376Y-56.2695

G1X202.0204Y-55.7263

G1X203.9617Y-55.3807

G1X206.6181Y-55.2017

G1X209.5811Y-55.2990

G1X212.5441Y-55.5918

G1X220.0026Y-56.5832

G1X223.6808Y-56.9936

G1X227.7677Y-57.3007

G1X231.7524Y-57.4295

G1X236.1458Y-57.3801

G1X240.9478Y-57.1259

G1X245.6477Y-56.7234

G1X256.6822Y-55.5942

G1X262.4038Y-55.2326

G1X265.5712Y-55.2096

G1X268.5341Y-55.3508

G1X271.2928Y-55.6546

G1X273.9493Y-56.1280

G1 Z0F20000

(Start Block)


G1X22.9136Y-57.5236
G1Z5F20000
(Plotting speed under)
G1 F4000


G1X24.4632Y-55.5593

G1X25.2749Y-54.7822

G1X26.0128Y-54.2421

G1X26.8097Y-53.8354

G1X27.5113Y-53.6260

G1X28.3287Y-53.5450

G1X29.1461Y-53.6287

G1X30.3137Y-53.9842

G1X31.7685Y-54.7350

G1X33.2074Y-55.6979

G1X38.1440Y-59.3256

G1X39.8264Y-60.3597

G1X41.4140Y-61.1645

G1X43.2457Y-61.8709

G1X45.1870Y-62.3578

G1X47.1282Y-62.5825

G1X49.0695Y-62.5532

G1X50.6021Y-62.3550

G1X52.2368Y-61.9764

G1X53.8424Y-61.4398

G1X55.4552Y-60.7430

G1X58.4216Y-59.0996

G1X64.0002Y-55.4585

G1X66.3657Y-54.2298

G1X67.4604Y-53.8428

G1X68.3799Y-53.6348

G1X69.2995Y-53.5471

G1X70.3212Y-53.6089

G1X71.2991Y-53.8345

G1X72.3238Y-54.2504

G1X73.3864Y-54.8766

G1X74.3825Y-55.6363

G1X75.3787Y-56.5453

G1X76.5077Y-57.7288

G1X80.8245Y-62.9073

G1X82.5442Y-64.7462

G1X83.6216Y-65.6850

G1X84.5435Y-66.3185

G1X85.9097Y-66.9818

G1X86.4789Y-67.1127

G1X86.7517Y-67.0615

G1X87.0837Y-66.8691

G1X89.3251Y-64.9778

G1X100.0395Y-56.8405

G1X101.1021Y-56.2077

G1X102.1331Y-55.7546

G1X103.1183Y-55.4707

G1X104.1400Y-55.3266

G1X105.1617Y-55.3281

G1X106.1834Y-55.4608

G1X107.3073Y-55.7384

G1X108.4896Y-56.1545

G1X110.6717Y-57.1588

G1X117.0282Y-60.4811

G1X119.2103Y-61.4174

G1X121.3048Y-62.1475

G1X123.5526Y-62.7445

G1X125.9026Y-63.1765

G1X128.3547Y-63.4404

G1X130.9090Y-63.5330

G1X133.3611Y-63.4555

G1X135.7111Y-63.2232

G1X138.0610Y-62.8210

G1X140.3088Y-62.2596

G1X142.5492Y-61.5157

G1X144.8262Y-60.5728

G1X151.5622Y-57.1510

G1X154.0290Y-56.0708

G1X155.3280Y-55.6572

G1X156.5540Y-55.4043

G1X157.7801Y-55.3103

G1X158.9040Y-55.3813

G1X160.2322Y-55.6737

G1X161.6188Y-56.2272

G1X162.4664Y-56.6872

G1X163.7061Y-57.5085

G1X165.1228Y-58.2086

G1X166.3625Y-59.0314

G1X167.6908Y-59.6360

G1X169.0190Y-60.4855

G1X170.3472Y-61.0746

G1X171.7703Y-61.9130

G1X173.1934Y-62.5783

G1X175.6601Y-63.8887

G1X176.9884Y-64.4440

G1X178.4115Y-65.2879

G1X180.2579Y-65.9161

G1X180.7687Y-66.0077

G1X181.1502Y-65.9304

G1X181.5044Y-65.7354

G1X183.3805Y-64.3216

G1X189.8800Y-58.5801

G1X191.4329Y-57.3466

G1X192.9272Y-56.3056

G1X194.7298Y-55.2699

G1X196.4375Y-54.5234

G1X198.1379Y-54.0030

G1X199.9770Y-53.6709

G1X202.4291Y-53.5474

G1X205.1877Y-53.7411

G1X208.0485Y-54.1824

G1X215.5071Y-55.6759

G1X219.5939Y-56.3608

G1X223.9873Y-56.8503

G1X228.3807Y-57.0563

G1X233.1828Y-56.9718

G1X238.3935Y-56.5668

G1X243.5021Y-55.9332

G1X255.2518Y-54.2016

G1X258.5213Y-53.8332

G1X261.4843Y-53.6152

G1X264.8559Y-53.5510

G1X268.0233Y-53.7159

G1X270.9863Y-54.1049

G1X273.9493Y-54.7480

G1 Z0F20000

(Start Block)


G1X22.9136Y-55.2818
G1Z5F20000
(Plotting speed under)
G1 F4000


G1X24.3199Y-53.5822

G1X25.0231Y-52.9463

G1X25.7598Y-52.4405

G1X26.5188Y-52.0961

G1X27.2048Y-51.9286

G1X27.9200Y-51.8984

G1X28.7374Y-52.0187

G1X29.9089Y-52.4490

G1X31.2981Y-53.2636

G1X32.6800Y-54.2910

G1X37.6071Y-58.3013

G1X39.3836Y-59.5124

G1X41.1293Y-60.4874

G1X43.1436Y-61.3321

G1X45.1870Y-61.8895

G1X47.2304Y-62.1629

G1X49.3760Y-62.1600

G1X50.9086Y-61.9815

G1X52.4412Y-61.6566

G1X53.9372Y-61.1978

G1X55.4552Y-60.5896

G1X57.1819Y-59.7281

G1X59.0415Y-58.6165

G1X65.0849Y-54.3342

G1X67.3144Y-52.9767

G1X68.6427Y-52.3800

G1X69.8104Y-52.0369

G1X70.9342Y-51.8962

G1X72.0581Y-51.9636

G1X72.9777Y-52.1846

G1X73.9556Y-52.5867

G1X74.9636Y-53.1785

G1X75.9598Y-53.9335

G1X77.0021Y-54.8853

G1X78.0701Y-56.0031

G1X82.4183Y-61.1937

G1X84.2466Y-63.1255

G1X85.2623Y-64.0014

G1X86.2259Y-64.6591

G1X87.4277Y-65.2471

G1X88.0991Y-65.3683

G1X88.8143Y-65.2095

G1X89.7402Y-64.7203

G1X96.8794Y-59.1882

G1X102.3584Y-55.1603

G1X103.4613Y-54.5496

G1X104.5049Y-54.1201

G1X105.5704Y-53.8286

G1X106.6943Y-53.6763

G1X107.7160Y-53.6664

G1X108.7377Y-53.7644

G1X111.0877Y-54.3223

G1X113.3281Y-55.1457

G1X119.4001Y-57.6759

G1X121.3048Y-58.3414

G1X123.2461Y-58.9036

G1X125.1874Y-59.3386

G1X127.0265Y-59.6310

G1X128.8656Y-59.8080

G1X130.8068Y-59.8715

G1X132.6459Y-59.8160

G1X134.3828Y-59.6598

G1X136.1197Y-59.4020

G1X137.9588Y-59.0177

G1X139.9001Y-58.4901

G1X141.9800Y-57.7952

G1X148.7160Y-55.0543

G1X151.1389Y-54.2159

G1X152.5694Y-53.8693

G1X153.7954Y-53.6966

G1X155.0215Y-53.6619

G1X156.1454Y-53.7678

G1X157.6342Y-54.1292

G1X159.0572Y-54.7199

G1X161.0496Y-55.9361

G1X162.3778Y-56.6345

G1X163.7061Y-57.5085

G1X165.0343Y-58.1563

G1X166.4574Y-59.0824

G1X167.6908Y-59.6360

G1X169.0190Y-60.4855

G1X170.3472Y-61.0746

G1X171.6755Y-61.8636

G1X176.3243Y-64.2168

G1X176.8935Y-64.4247

G1X177.4992Y-64.4898

G1X178.1123Y-64.4122

G1X178.5823Y-64.2270

G1X180.3090Y-62.9747

G1X182.3013Y-61.2549

G1X187.2236Y-56.6639

G1X188.7862Y-55.3855

G1X190.1877Y-54.3883

G1X191.7887Y-53.4491

G1X193.3066Y-52.7679

G1X194.8684Y-52.2794

G1X196.5032Y-51.9861

G1X198.8531Y-51.9063

G1X201.4074Y-52.1813

G1X204.3704Y-52.8126

G1X211.4202Y-54.7421

G1X214.7919Y-55.5410

G1X217.9592Y-56.1104

G1X220.8200Y-56.5253

G1X223.0678Y-56.7268

G1X225.6221Y-56.8318

G1X228.1764Y-56.8224

G1X230.7307Y-56.7061

G1X236.2479Y-56.1358

G1X241.5609Y-55.2657

G1X254.1279Y-52.8146

G1X257.4996Y-52.3101

G1X260.5647Y-52.0043

G1X264.1407Y-51.8952

G1X267.5124Y-52.0953

G1X270.7819Y-52.6150

G1X273.9493Y-53.4495

G1 Z0F20000

(Start Block)


G1X22.9136Y-53.1233
G1Z5F20000
(Plotting speed under)
G1 F4000


G1X24.3248Y-51.5356

G1X24.9890Y-51.0032

G1X25.6722Y-50.6015

G1X26.3874Y-50.3443

G1X27.1026Y-50.2399

G1X27.8178Y-50.2869

G1X28.5111Y-50.4536

G1X29.7319Y-51.0121

G1X30.9611Y-51.8358

G1X32.3675Y-52.9870

G1X35.6490Y-55.9453

G1X37.2897Y-57.3205

G1X39.1180Y-58.6506

G1X40.8890Y-59.7004

G1X43.0414Y-60.6520

G1X45.1870Y-61.2663

G1X47.4348Y-61.5864

G1X49.6825Y-61.6017

G1X51.4195Y-61.4124

G1X53.1564Y-61.0462

G1X54.8860Y-60.5006

G1X56.5937Y-59.7803

G1X58.4216Y-58.8102

G1X60.2701Y-57.6349

G1X66.4962Y-52.9239

G1X68.7818Y-51.4327

G1X70.1606Y-50.7705

G1X71.3429Y-50.3996

G1X72.4668Y-50.2449

G1X73.5907Y-50.3040

G1X74.7146Y-50.5901

G1X75.7582Y-51.0630

G1X76.8730Y-51.7806

G1X77.9961Y-52.7077

G1X80.0939Y-54.8822

G1X84.5715Y-60.1766

G1X86.5906Y-62.1173

G1X87.5818Y-62.8342

G1X88.4713Y-63.3178

G1X89.6316Y-63.7196

G1X90.3468Y-63.8478

G1X90.7419Y-63.7831

G1X91.2732Y-63.4861

G1X97.1285Y-59.0008

G1X104.2899Y-53.7449

G1X105.5485Y-53.0496

G1X106.7965Y-52.5389

G1X108.1247Y-52.1878

G1X109.4529Y-52.0220

G1X111.3942Y-52.0691

G1X113.6420Y-52.4509

G1X115.8897Y-53.0552

G1X121.3048Y-54.7144

G1X124.6765Y-55.5223

G1X127.6395Y-55.9619

G1X130.6025Y-56.1162

G1X133.9741Y-55.9367

G1X137.3458Y-55.3937

G1X140.4109Y-54.6287

G1X146.4391Y-52.8121

G1X148.8912Y-52.2457

G1X151.2411Y-52.0048

G1X152.3650Y-52.0363

G1X153.3867Y-52.1629

G1X155.0726Y-52.5969

G1X156.7803Y-53.3388

G1X161.0496Y-55.9361

G1X162.3778Y-56.6345

G1X163.7061Y-57.5085

G1X165.1228Y-58.2086

G1X166.3625Y-59.0314

G1X167.6908Y-59.6360

G1X169.0190Y-60.4855

G1X170.3472Y-61.0746

G1X171.5869Y-61.8155

G1X173.0923Y-62.5296

G1X173.8892Y-63.0184

G1X174.5363Y-63.1855

G1X175.1493Y-63.0518

G1X175.9258Y-62.7058

G1X177.9015Y-61.2998

G1X179.7924Y-59.6323

G1X184.6626Y-54.9412

G1X186.1297Y-53.6939

G1X187.5312Y-52.6567

G1X189.0373Y-51.7393

G1X190.5553Y-51.0371

G1X192.0076Y-50.5771

G1X193.5402Y-50.3075

G1X194.7662Y-50.2386

G1X196.0945Y-50.2951

G1X197.4227Y-50.4693

G1X198.9553Y-50.7899

G1X201.7139Y-51.5931

G1X208.5594Y-53.9516

G1X214.1788Y-55.4172

G1X220.1048Y-56.4320

G1X223.1700Y-56.6303

G1X225.9286Y-56.6204

G1X228.6872Y-56.4656

G1X231.5480Y-56.1654

G1X234.5110Y-55.7209

G1X240.1304Y-54.5779

G1X253.1062Y-51.4246

G1X256.6822Y-50.7621

G1X259.8495Y-50.3763

G1X263.5277Y-50.2429

G1X265.3668Y-50.3263

G1X267.1037Y-50.5067

G1X270.4754Y-51.1556

G1X272.2123Y-51.6478

G1X273.9493Y-52.2463

G1 Z0F20000

(Start Block)


G1X22.9136Y-51.0430
G1Z5F20000
(Plotting speed under)
G1 F4000


G1X24.2418Y-49.6416

G1X24.8617Y-49.1875

G1X25.5701Y-48.8237

G1X26.1831Y-48.6454

G1X26.8983Y-48.5859

G1X27.5113Y-48.6566

G1X28.2265Y-48.8663

G1X29.2891Y-49.4001

G1X30.4679Y-50.2329

G1X31.7424Y-51.3304

G1X35.2366Y-54.6816

G1X36.8991Y-56.1661

G1X38.7693Y-57.6103

G1X40.5348Y-58.7177

G1X42.7422Y-59.7517

G1X44.9827Y-60.4375

G1X47.4348Y-60.8238

G1X49.8869Y-60.8745

G1X51.8281Y-60.6890

G1X53.7694Y-60.2993

G1X55.6450Y-59.7174

G1X57.5425Y-58.9102

G1X59.4842Y-57.8505

G1X61.5153Y-56.5023

G1X63.3416Y-55.1156

G1X67.8244Y-51.4764

G1X70.1986Y-49.8476

G1X71.5837Y-49.1517

G1X72.7733Y-48.7599

G1X73.9994Y-48.5889

G1X75.1233Y-48.6609

G1X76.2326Y-48.9573

G1X77.2762Y-49.4424

G1X78.2842Y-50.0936

G1X79.4025Y-51.0071

G1X81.4886Y-53.1444

G1X86.0395Y-58.4696

G1X88.0799Y-60.4114

G1X89.0761Y-61.1312

G1X90.0841Y-61.6733

G1X91.1642Y-62.0396

G1X91.9816Y-62.1484

G1X92.9011Y-62.0470

G1X93.7249Y-61.6594

G1X96.7134Y-59.3144

G1X101.1132Y-56.0266

G1X105.1809Y-53.0321

G1X106.5921Y-52.1231

G1X108.0152Y-51.4003

G1X109.3508Y-50.9024

G1X110.7812Y-50.5546

G1X112.3137Y-50.3742

G1X113.8463Y-50.3621

G1X115.6854Y-50.5197

G1X125.0852Y-52.2266

G1X127.7417Y-52.5250

G1X130.3981Y-52.6367

G1X133.1568Y-52.5432

G1X135.9154Y-52.2475

G1X138.5719Y-51.8075

G1X143.6804Y-50.8048

G1X146.1325Y-50.4527

G1X148.5847Y-50.3569

G1X150.7303Y-50.5909

G1X152.6058Y-51.1016

G1X154.4970Y-51.9386

G1X161.0496Y-55.9361

G1X162.3778Y-56.6345

G1X163.7061Y-57.5085

G1X165.0343Y-58.1563

G1X166.4574Y-59.0824

G1X167.6908Y-59.6360

G1X169.0190Y-60.4855

G1X170.3472Y-61.0746

G1X171.3212Y-61.7362

G1X171.7703Y-61.8708

G1X172.3396Y-61.7405

G1X173.5350Y-61.1516

G1X174.5810Y-60.4905

G1X175.7383Y-59.6098

G1X177.5787Y-57.9593

G1X182.3794Y-53.2321

G1X183.8786Y-51.9265

G1X185.2234Y-50.9102

G1X186.6655Y-50.0138

G1X188.0886Y-49.3420

G1X189.4533Y-48.9007

G1X190.8837Y-48.6456

G1X192.1098Y-48.5849

G1X193.4380Y-48.6677

G1X194.7662Y-48.8852

G1X196.2988Y-49.2744

G1X198.9991Y-50.2157

G1X204.5966Y-52.5551

G1X206.4941Y-53.2678

G1X208.8659Y-54.0435

G1X212.1354Y-54.9271

G1X214.3832Y-55.4601

G1X217.8570Y-56.0988

G1X221.0244Y-56.3449

G1X223.8852Y-56.3424

G1X226.8481Y-56.1579

G1X229.8111Y-55.8031

G1X232.9784Y-55.2538

G1X235.8392Y-54.6254

G1X238.9044Y-53.8377

G1X248.7129Y-50.9483

G1X252.2889Y-49.9780

G1X255.8649Y-49.1991

G1X259.1344Y-48.7370

G1X261.0756Y-48.6058

G1X262.9147Y-48.5937

G1X264.7538Y-48.7003

G1X266.5929Y-48.9323

G1X268.4319Y-49.2938

G1X270.2711Y-49.7861

G1X272.0518Y-50.3856

G1X273.9493Y-51.1511

G1 Z0F20000

(Start Block)


G1X22.9136Y-49.0345
G1Z5F20000
(Plotting speed under)
G1 F4000


G1X24.0942Y-47.8540

G1X24.6846Y-47.4445

G1X25.3044Y-47.1442

G1X25.9787Y-46.9658

G1X26.5918Y-46.9363

G1X27.1829Y-47.0122

G1X27.8470Y-47.2221

G1X28.8463Y-47.7356

G1X30.1017Y-48.6604

G1X31.3995Y-49.8402

G1X34.7939Y-53.2783

G1X36.5866Y-54.9619

G1X38.5203Y-56.5171

G1X40.3577Y-57.7022

G1X42.6473Y-58.7877

G1X44.9827Y-59.5012

G1X47.5369Y-59.9046

G1X50.1934Y-59.9725

G1X52.3390Y-59.7833

G1X54.4846Y-59.3666

G1X56.4988Y-58.7462

G1X58.4912Y-57.8927

G1X60.5468Y-56.7473

G1X62.5945Y-55.3471

G1X64.5575Y-53.8024

G1X69.1673Y-49.9126

G1X71.5268Y-48.2414

G1X72.9120Y-47.5235

G1X74.1016Y-47.1180

G1X75.3276Y-46.9367

G1X76.4515Y-47.0016

G1X77.4659Y-47.2581

G1X78.5095Y-47.7193

G1X79.6125Y-48.4147

G1X80.7307Y-49.3179

G1X82.8168Y-51.4293

G1X87.4376Y-56.7682

G1X88.6610Y-57.9853

G1X89.6572Y-58.8311

G1X90.7482Y-59.5778

G1X91.7918Y-60.0938

G1X92.7990Y-60.3954

G1X93.9228Y-60.5141

G1X95.0176Y-60.3393

G1X96.1323Y-59.7860

G1X106.4261Y-52.0974

G1X108.7173Y-50.6308

G1X110.2922Y-49.8716

G1X111.9051Y-49.3067

G1X113.5398Y-48.9375

G1X115.3789Y-48.7325

G1X116.9114Y-48.6969

G1X118.6484Y-48.7644

G1X126.1069Y-49.4785

G1X129.8873Y-49.6549

G1X134.2806Y-49.5199

G1X141.0240Y-48.8668

G1X143.4761Y-48.7092

G1X146.0304Y-48.7586

G1X148.2782Y-49.0850

G1X150.4237Y-49.7184

G1X152.5489Y-50.6987

G1X160.9611Y-55.8833

G1X162.4664Y-56.6881

G1X163.7061Y-57.5085

G1X165.0343Y-58.1563

G1X166.4574Y-59.0825

G1X167.7793Y-59.6852

G1X168.6648Y-60.2852

G1X169.1211Y-60.4257

G1X169.7342Y-60.3026

G1X171.2959Y-59.6204

G1X172.2953Y-59.0293

G1X173.4725Y-58.1704

G1X175.6601Y-56.2161

G1X180.6041Y-51.2954

G1X181.9888Y-50.0886

G1X183.2975Y-49.1005

G1X184.6921Y-48.2396

G1X186.0014Y-47.6275

G1X187.3077Y-47.2106

G1X188.6360Y-46.9813

G1X189.9642Y-46.9368

G1X191.2924Y-47.0598

G1X192.7228Y-47.3552

G1X194.2554Y-47.8254

G1X197.0067Y-48.9510

G1X204.6915Y-52.5601

G1X206.6838Y-53.3372

G1X208.9681Y-54.0735

G1X212.3397Y-54.9804

G1X214.2810Y-55.4155

G1X216.7331Y-55.7336

G1X219.1852Y-55.8984

G1X222.2504Y-55.9009

G1X225.3156Y-55.6928

G1X228.4829Y-55.2723

G1X231.8546Y-54.6140

G1X234.8175Y-53.8751

G1X237.9848Y-52.9467

G1X247.9976Y-49.5698

G1X251.4715Y-48.4957

G1X255.1496Y-47.5910

G1X258.4192Y-47.0838

G1X260.4626Y-46.9442

G1X262.4038Y-46.9551

G1X264.3451Y-47.1155

G1X266.1842Y-47.4114

G1X268.0233Y-47.8490

G1X269.9645Y-48.4626

G1X271.9569Y-49.2469

G1X273.9493Y-50.1743

G1 Z0F20000

(Start Block)


G1X22.9136Y-47.0906
G1Z5F20000
(Plotting speed under)
G1 F4000


G1X24.0855Y-46.0042

G1X24.7162Y-45.6232

G1X25.2854Y-45.4013

G1X25.8766Y-45.2883

G1X26.3874Y-45.2890

G1X26.9932Y-45.3909

G1X27.6573Y-45.6295

G1X28.6416Y-46.1815

G1X29.8499Y-47.1276

G1X31.1626Y-48.3824

G1X34.5181Y-51.9321

G1X36.1221Y-53.5080

G1X37.9392Y-55.0569

G1X39.7378Y-56.3036

G1X41.8883Y-57.4239

G1X44.2675Y-58.2493

G1X46.8218Y-58.7461

G1X49.4782Y-58.9255

G1X52.1347Y-58.8068

G1X54.7911Y-58.3807

G1X57.2432Y-57.6707

G1X59.5348Y-56.6854

G1X61.6094Y-55.5015

G1X63.7567Y-53.9887

G1X65.7295Y-52.3852

G1X70.1830Y-48.5051

G1X72.2352Y-46.9554

G1X73.3864Y-46.2567

G1X74.5249Y-45.7298

G1X75.5320Y-45.4242

G1X76.5537Y-45.2847

G1X77.5754Y-45.3282

G1X78.6993Y-45.5960

G1X79.8378Y-46.1020

G1X80.9407Y-46.8058

G1X82.0589Y-47.7126

G1X83.3132Y-48.9240

G1X88.2765Y-54.5553

G1X90.4971Y-56.7247

G1X91.7325Y-57.6487

G1X92.9303Y-58.3056

G1X94.1272Y-58.7073

G1X95.2511Y-58.8474

G1X96.1706Y-58.7958

G1X96.9880Y-58.6312

G1X97.8638Y-58.3199

G1X98.6227Y-57.9254

G1X107.8373Y-51.0148

G1X109.4257Y-49.9572

G1X111.0512Y-49.0513

G1X112.8538Y-48.2671

G1X114.7659Y-47.6774

G1X116.7071Y-47.3030

G1X118.9549Y-47.0902

G1X121.8157Y-47.0477

G1X130.6025Y-47.2553

G1X140.8196Y-47.0520

G1X143.6804Y-47.2434

G1X146.1325Y-47.6864

G1X148.4314Y-48.4182

G1X150.6894Y-49.4798

G1X157.9504Y-54.0445

G1X161.0496Y-55.9361

G1X162.3778Y-56.6345

G1X163.6175Y-57.4564

G1X166.0083Y-58.7229

G1X166.5669Y-58.8664

G1X167.8805Y-58.6045

G1X169.0190Y-58.1890

G1X170.2587Y-57.5199

G1X171.4264Y-56.7044

G1X173.5940Y-54.8187

G1X179.0545Y-49.3783

G1X180.4262Y-48.1963

G1X181.7202Y-47.2394

G1X183.0097Y-46.4640

G1X184.2937Y-45.8832

G1X185.5708Y-45.4997

G1X186.7969Y-45.3104

G1X188.1251Y-45.2926

G1X189.4533Y-45.4521

G1X190.7815Y-45.7665

G1X192.3579Y-46.3063

G1X195.0144Y-47.5063

G1X202.7940Y-51.5301

G1X205.3556Y-52.6405

G1X207.7420Y-53.5007

G1X210.0920Y-54.1749

G1X212.4419Y-54.6807

G1X214.8940Y-55.0384

G1X217.4483Y-55.2386

G1X220.7178Y-55.2574

G1X223.9873Y-55.0282

G1X227.3590Y-54.5479

G1X230.7307Y-53.8349

G1X233.7958Y-53.0018

G1X237.0434Y-51.9545

G1X247.1949Y-48.1506

G1X250.7563Y-46.9328

G1X254.4345Y-45.9485

G1X257.7039Y-45.4150

G1X259.7474Y-45.2837

G1X261.7908Y-45.3261

G1X263.7321Y-45.5370

G1X265.6733Y-45.9181

G1X267.6876Y-46.4924

G1X269.6799Y-47.2326

G1X271.7672Y-48.1763

G1X273.9493Y-49.3221

G1 Z0F20000

(Start Block)


G1X22.9136Y-45.2044
G1Z5F20000
(Plotting speed under)
G1 F4000


G1X24.0074Y-44.2482

G1X25.0957Y-43.7334

G1X25.6722Y-43.6309

G1X26.1831Y-43.6391

G1X27.3726Y-43.9715

G1X28.4756Y-44.6203

G1X29.6285Y-45.5691

G1X31.0228Y-46.9589

G1X34.2385Y-50.4822

G1X35.9007Y-52.1676

G1X37.7732Y-53.7992

G1X39.5607Y-55.0544

G1X41.7934Y-56.2176

G1X44.1653Y-57.0287

G1X46.8218Y-57.5358

G1X49.6825Y-57.7280

G1X52.6455Y-57.6068

G1X55.4042Y-57.1860

G1X57.9220Y-56.4844

G1X60.3697Y-55.4481

G1X62.4949Y-54.2307

G1X64.6698Y-52.6808

G1X66.8233Y-50.8929

G1X71.1987Y-46.9933

G1X73.3033Y-45.3639

G1X74.5375Y-44.6038

G1X75.6633Y-44.0803

G1X76.7580Y-43.7536

G1X77.7797Y-43.6277

G1X78.8015Y-43.6854

G1X79.9254Y-43.9682

G1X80.9762Y-44.4380

G1X82.0199Y-45.0898

G1X83.1528Y-45.9867

G1X84.4317Y-47.1983

G1X89.4650Y-52.8218

G1X90.5835Y-53.9699

G1X91.7472Y-55.0214

G1X93.0608Y-55.9874

G1X94.2586Y-56.6328

G1X95.4554Y-57.0357

G1X96.6815Y-57.1934

G1X97.7032Y-57.1336

G1X98.8125Y-56.8842

G1X100.0395Y-56.4083

G1X101.1907Y-55.8002

G1X103.2716Y-54.4131

G1X107.5883Y-51.0834

G1X109.4257Y-49.7604

G1X111.4623Y-48.4856

G1X113.4230Y-47.4896

G1X115.5102Y-46.6858

G1X117.7288Y-46.0952

G1X120.0788Y-45.7123

G1X122.8374Y-45.4884

G1X129.4786Y-45.3888

G1X137.6523Y-45.4795

G1X141.3305Y-45.8061

G1X142.9652Y-46.0921

G1X144.4978Y-46.4677

G1X146.8186Y-47.2715

G1X149.0955Y-48.3634

G1X151.0436Y-49.5338

G1X154.5855Y-51.9565

G1X161.0496Y-55.9361

G1X163.1368Y-56.9794

G1X163.7061Y-57.1589

G1X164.2169Y-57.2116

G1X165.4430Y-57.1158

G1X166.5523Y-56.8509

G1X167.7793Y-56.3441

G1X168.9304Y-55.6762

G1X170.1812Y-54.7636

G1X171.5192Y-53.6104

G1X176.9146Y-48.2297

G1X178.2385Y-47.0235

G1X179.4788Y-46.0243

G1X180.8845Y-45.0816

G1X182.3013Y-44.3613

G1X183.7317Y-43.8816

G1X185.1621Y-43.6500

G1X186.4903Y-43.6459

G1X187.8186Y-43.8270

G1X189.2271Y-44.1958

G1X190.7451Y-44.7620

G1X193.3699Y-46.0353

G1X201.0863Y-50.3144

G1X203.5530Y-51.4678

G1X206.0197Y-52.4292

G1X208.3551Y-53.1539

G1X210.8072Y-53.7259

G1X213.2593Y-54.1166

G1X215.8136Y-54.3458

G1X219.1852Y-54.3938

G1X222.6591Y-54.1620

G1X226.1329Y-53.6587

G1X229.7089Y-52.8680

G1X232.7741Y-51.9835

G1X236.0947Y-50.8358

G1X246.4359Y-46.6341

G1X249.9462Y-45.3382

G1X253.6171Y-44.2909

G1X255.3540Y-43.9481

G1X256.9887Y-43.7326

G1X259.0322Y-43.6243

G1X261.0756Y-43.7085

G1X263.1190Y-43.9936

G1X265.1625Y-44.4814

G1X267.2132Y-45.1687

G1X269.3004Y-46.0576

G1X271.4699Y-47.1589

G1X273.9493Y-48.5944

G1 Z0F20000

(Start Block)


G1X22.9136Y-43.3692
G1Z5F20000
(Plotting speed under)
G1 F4000


G1X23.9927Y-42.4848

G1X25.0592Y-42.0400

G1X26.0809Y-41.9973

G1X27.2525Y-42.3670

G1X28.4609Y-43.1377

G1X29.8344Y-44.3668

G1X34.3084Y-49.3160

G1X36.1221Y-51.1519

G1X37.7732Y-52.5725

G1X39.3836Y-53.7039

G1X41.6037Y-54.8684

G1X44.0631Y-55.7038

G1X46.8218Y-56.2162

G1X49.7847Y-56.4140

G1X52.9520Y-56.3090

G1X55.9150Y-55.8955

G1X58.5715Y-55.1882

G1X61.1476Y-54.1139

G1X63.2918Y-52.8854

G1X65.5732Y-51.2436

G1X67.6046Y-49.5353

G1X72.0581Y-45.5017

G1X74.3825Y-43.6796

G1X75.6001Y-42.9333

G1X76.7070Y-42.4221

G1X77.7797Y-42.1022

G1X78.8015Y-41.9741

G1X79.9254Y-42.0453

G1X80.9471Y-42.3074

G1X81.9756Y-42.7570

G1X83.0991Y-43.4497

G1X84.3074Y-44.4059

G1X85.5502Y-45.5783

G1X90.5835Y-51.1209

G1X91.8340Y-52.3760

G1X92.9973Y-53.3968

G1X94.2839Y-54.3191

G1X95.5868Y-54.9999

G1X96.7837Y-55.3851

G1X98.0097Y-55.5391

G1X99.1336Y-55.4744

G1X100.2356Y-55.2338

G1X101.3741Y-54.8210

G1X102.6074Y-54.2152

G1X104.6828Y-52.9241

G1X109.1656Y-49.6988

G1X111.2852Y-48.2817

G1X113.4230Y-47.0520

G1X115.6051Y-46.0419

G1X117.9332Y-45.2363

G1X120.3853Y-44.6552

G1X123.1439Y-44.2577

G1X126.4134Y-44.0247

G1X131.7263Y-43.9565

G1X136.5284Y-44.1699

G1X140.2066Y-44.6505

G1X141.8413Y-45.0058

G1X143.3739Y-45.4405

G1X146.0596Y-46.4752

G1X148.7413Y-47.8755

G1X151.1709Y-49.4262

G1X155.8252Y-52.7055

G1X158.3931Y-54.2710

G1X159.5316Y-54.8081

G1X160.6409Y-55.2035

G1X161.6626Y-55.4390

G1X162.6843Y-55.5389

G1X163.8082Y-55.4809

G1X165.0343Y-55.2093

G1X166.2676Y-54.7177

G1X167.5136Y-54.0104

G1X168.7699Y-53.1052

G1X170.1128Y-51.9612

G1X175.5864Y-46.5340

G1X176.9102Y-45.3310

G1X178.2336Y-44.2729

G1X179.6449Y-43.3429

G1X181.0679Y-42.6401

G1X182.4035Y-42.2078

G1X183.8339Y-41.9891

G1X185.1621Y-42.0016

G1X186.4903Y-42.2037

G1X187.8989Y-42.5992

G1X189.3220Y-43.1564

G1X192.0417Y-44.5365

G1X197.4431Y-47.7288

G1X199.7580Y-49.0122

G1X202.2248Y-50.2170

G1X204.5966Y-51.1856

G1X206.9247Y-51.9471

G1X209.3768Y-52.5530

G1X211.8289Y-52.9717

G1X214.3832Y-53.2260

G1X217.8570Y-53.3015

G1X221.4330Y-53.0777

G1X225.0090Y-52.5597

G1X228.6872Y-51.7255

G1X231.8253Y-50.7811

G1X235.2408Y-49.5355

G1X238.3716Y-48.2376

G1X245.5820Y-45.0634

G1X249.0924Y-43.6931

G1X250.9606Y-43.0842

G1X252.7997Y-42.5959

G1X254.5366Y-42.2532

G1X256.1714Y-42.0493

G1X258.3170Y-41.9733

G1X260.3604Y-42.1157

G1X262.4038Y-42.4741

G1X264.5495Y-43.0806

G1X266.6439Y-43.8881

G1X268.8134Y-44.9259

G1X271.2043Y-46.2662

G1X273.9493Y-47.9827

G1 Z0F20000

(Start Block)


G1X22.9136Y-41.5792
G1Z5F20000
(Plotting speed under)
G1 F4000


G1X23.9097Y-40.7939

G1X24.9570Y-40.3752

G1X25.9787Y-40.3520

G1X27.0754Y-40.7127

G1X28.3828Y-41.5739

G1X29.6945Y-42.7847

G1X34.1686Y-47.8375

G1X35.9745Y-49.6967

G1X37.6071Y-51.1222

G1X39.2066Y-52.2602

G1X40.3703Y-52.9313

G1X41.5088Y-53.4696

G1X43.8588Y-54.2644

G1X46.6174Y-54.7818

G1X49.6825Y-55.0012

G1X53.1564Y-54.9205

G1X56.3237Y-54.5225

G1X59.1553Y-53.8055

G1X61.7169Y-52.7651

G1X64.0002Y-51.4700

G1X66.2471Y-49.8513

G1X68.3859Y-48.0430

G1X72.9957Y-43.8271

G1X75.2127Y-42.0802

G1X76.4223Y-41.3268

G1X77.5754Y-40.7841

G1X78.5971Y-40.4682

G1X79.7210Y-40.3201

G1X80.7427Y-40.3760

G1X81.8301Y-40.6379

G1X82.8611Y-41.0760

G1X84.0122Y-41.7723

G1X85.2574Y-42.7443

G1X86.4473Y-43.8487

G1X91.7020Y-49.5307

G1X92.9409Y-50.7440

G1X94.0911Y-51.7301

G1X95.4350Y-52.6709

G1X96.7253Y-53.3302

G1X98.0097Y-53.7344

G1X99.2358Y-53.8849

G1X100.2575Y-53.8422

G1X101.3814Y-53.6313

G1X102.6074Y-53.2277

G1X103.7459Y-52.7160

G1X105.8837Y-51.4958

G1X110.6654Y-48.2971

G1X112.9676Y-46.8713

G1X115.4154Y-45.5888

G1X117.7872Y-44.6107

G1X120.4875Y-43.8039

G1X123.3483Y-43.2516

G1X126.6178Y-42.9095

G1X130.1938Y-42.7912

G1X133.7698Y-42.8975

G1X136.9371Y-43.2095

G1X139.7979Y-43.7316

G1X142.4544Y-44.4843

G1X144.9211Y-45.4571

G1X147.4131Y-46.7198

G1X149.7154Y-48.1054

G1X154.9397Y-51.5282

G1X157.3495Y-52.8437

G1X158.8018Y-53.4221

G1X160.1300Y-53.7609

G1X161.4583Y-53.8876

G1X162.6843Y-53.7982

G1X163.8958Y-53.5065

G1X165.0343Y-53.0482

G1X166.2740Y-52.3553

G1X167.5247Y-51.4709

G1X169.6831Y-49.5975

G1X175.1133Y-44.2538

G1X176.5196Y-43.0570

G1X177.7355Y-42.1694

G1X179.0756Y-41.3779

G1X180.3090Y-40.8396

G1X181.5861Y-40.4817

G1X182.9143Y-40.3232

G1X184.1404Y-40.3611

G1X185.4686Y-40.5850

G1X186.8553Y-40.9965

G1X188.3732Y-41.6197

G1X190.9791Y-42.9887

G1X198.5943Y-47.5231

G1X200.9914Y-48.7338

G1X203.2684Y-49.7044

G1X205.5964Y-50.5067

G1X207.9464Y-51.1267

G1X210.3985Y-51.5846

G1X212.9528Y-51.8747

G1X216.6309Y-51.9908

G1X220.3091Y-51.7786

G1X223.9873Y-51.2489

G1X227.6655Y-50.4018

G1X230.8766Y-49.4079

G1X234.2921Y-48.1146

G1X237.4229Y-46.7594

G1X244.5384Y-43.4791

G1X248.1436Y-42.0130

G1X250.0411Y-41.3792

G1X251.8802Y-40.8875

G1X253.6171Y-40.5530

G1X255.2518Y-40.3676

G1X257.3974Y-40.3315

G1X259.4409Y-40.5273

G1X261.5865Y-40.9790

G1X263.7029Y-41.6647

G1X265.8850Y-42.6029

G1X268.1050Y-43.7659

G1X270.5844Y-45.2574

G1X273.9493Y-47.4680

G1 Z0F20000


G00 X0.0000 Y0.0000


