$H
G21
G17
G90
G1 Z0F20000
G1 F15000

(Start Layer)

(Start Block)


G1X148.1564Y-297.5980
G1Z5F20000
(Plotting speed under)
G1 F4000


G1X144.5727Y-296.5621

G1X143.3558Y-295.9658

G1X142.6425Y-295.7447

G1X141.9657Y-295.4116

G1X141.6400Y-295.3776

G1X141.2831Y-295.5467

G1X141.1072Y-295.5039

G1X139.9916Y-294.7808

G1X139.6534Y-294.6690

G1X139.4535Y-294.7318

G1X138.6474Y-295.2884

G1X138.0950Y-295.3051

G1X137.7986Y-295.7390

G1X137.4081Y-296.6521

G1X137.2394Y-296.8378

G1X137.0695Y-296.8925

G1X136.9167Y-296.7103

G1X136.6476Y-295.8326

G1X136.4302Y-295.4055

G1X135.7752Y-294.5045

G1X135.6228Y-294.4574

G1X135.3103Y-294.6987

G1X134.6897Y-295.7894

G1X134.2884Y-296.0804

G1X134.0993Y-296.0882

G1X133.6412Y-295.8504

G1X133.3497Y-295.8263

G1X132.0640Y-296.4619

G1X131.8053Y-296.5079

G1X131.6775Y-296.3665

G1X131.4067Y-295.5437

G1X131.1672Y-295.4478

G1X130.1646Y-295.8030

G1X129.7261Y-295.6565

G1X129.3148Y-295.7284

G1X127.1947Y-296.7595

G1X125.6705Y-297.1741

G1X125.3475Y-297.1631

G1X125.2734Y-296.8709

G1X125.4250Y-296.2551

G1X126.4493Y-294.3117

G1X126.8437Y-293.2505

G1X126.8515Y-292.8471

G1X126.7463Y-292.5033

G1X126.2376Y-292.1995

G1X126.0604Y-291.9133

G1X126.1119Y-291.6097

G1X126.6414Y-290.5150

G1X126.6806Y-290.1189

G1X126.5021Y-289.8992

G1X125.5954Y-289.6277

G1X123.4480Y-289.5426

G1X123.3540Y-289.4799

G1X123.2050Y-289.1213

G1X122.5020Y-288.6434

G1X122.2810Y-288.4002

G1X122.2779Y-287.7501

G1X122.0308Y-286.9144

G1X122.4282Y-286.3367

G1X122.5551Y-285.9285

G1X122.3769Y-285.7325

G1X121.1031Y-285.1255

G1X120.8938Y-284.9105

G1X120.8365Y-284.7016

G1X120.9349Y-284.4872

G1X121.1325Y-284.3388

G1X122.8737Y-283.5494

G1X123.1275Y-283.2834

G1X123.0114Y-283.0076

G1X122.1593Y-282.5342

G1X121.8909Y-282.1690

G1X121.9736Y-281.9200

G1X122.6455Y-281.5758

G1X122.8821Y-281.2320

G1X122.6565Y-279.8275

G1X122.3603Y-279.0322

G1X122.3028Y-278.6669

G1X122.1508Y-278.3902

G1X121.3110Y-277.5793

G1X119.9982Y-276.4929

G1X119.4077Y-275.7243

G1X119.3700Y-275.4292

G1X120.0376Y-274.9273

G1X120.1595Y-274.7616

G1X120.1715Y-274.5339

G1X119.9257Y-274.0746

G1X118.5246Y-272.0972

G1X118.2528Y-271.3423

G1X118.3580Y-270.9432

G1X118.6094Y-270.7835

G1X119.1254Y-270.6931

G1X120.4612Y-270.8877

G1X122.3631Y-271.5467

G1X127.3906Y-273.6718

G1X128.0903Y-273.8067

G1X128.4990Y-273.6224

G1X128.8978Y-273.2768

G1X128.9839Y-273.0444

G1X128.7582Y-271.4529

G1X128.8082Y-271.1592

G1X129.0032Y-270.9327

G1X129.1818Y-270.8575

G1X130.5277Y-270.7219

G1X131.9315Y-271.3553

G1X132.2738Y-271.3495

G1X132.4732Y-271.1894

G1X132.6098Y-270.7593

G1X132.5158Y-269.2687

G1X132.6037Y-268.1485

G1X132.6601Y-268.0278

G1X132.8241Y-267.9941

G1X133.6487Y-268.4582

G1X133.8431Y-268.3645

G1X134.3632Y-264.7983

G1X134.5933Y-263.9053

G1X134.8444Y-263.3735

G1X135.2649Y-262.9749

G1X136.1382Y-263.0105

G1X136.4577Y-262.8581

G1X137.1466Y-261.5769

G1X138.3293Y-260.1353

G1X139.0990Y-259.3756

G1X139.3338Y-259.2694

G1X139.5225Y-259.2861

G1X140.1312Y-259.7341

G1X140.7134Y-260.4928

G1X141.3863Y-260.9103

G1X142.4659Y-262.2588

G1X142.6391Y-262.3374

G1X143.2477Y-262.3370

G1X143.6825Y-262.6136

G1X143.8910Y-262.8600

G1X144.2753Y-263.6206

G1X144.7384Y-263.9597

G1X145.2637Y-263.9521

G1X145.9482Y-263.6819

G1X146.6709Y-263.2249

G1X148.2204Y-261.9717

G1X148.7993Y-261.6803

G1X149.1084Y-261.6824

G1X149.3307Y-261.9958

G1X149.8013Y-263.3810

G1X149.9679Y-263.5199

G1X150.8580Y-263.9070

G1X151.0194Y-264.0475

G1X151.1250Y-264.3127

G1X151.0945Y-265.6094

G1X150.4942Y-268.2233

G1X150.4979Y-268.5679

G1X150.6081Y-268.8416

G1X150.7824Y-268.9165

G1X151.0082Y-268.8876

G1X152.8729Y-268.2001

G1X153.8949Y-267.9388

G1X154.9179Y-267.8654

G1X155.5437Y-267.9738

G1X155.7856Y-268.2434

G1X155.8551Y-268.6730

G1X155.2124Y-270.4966

G1X155.1515Y-270.9171

G1X155.2411Y-271.1485

G1X155.5011Y-271.2803

G1X157.6416Y-271.8458

G1X158.8149Y-272.0579

G1X159.1946Y-272.2258

G1X159.9884Y-272.8651

G1X161.1317Y-273.5113

G1X161.3158Y-273.7341

G1X161.3818Y-274.0352

G1X161.3128Y-274.4945

G1X160.6996Y-275.4849

G1X160.7107Y-275.7334

G1X160.8497Y-275.9539

G1X161.1577Y-276.1253

G1X161.5367Y-276.2158

G1X163.2886Y-276.3132

G1X164.0494Y-276.4282

G1X164.8910Y-276.6346

G1X165.4271Y-276.8527

G1X166.0703Y-277.4690

G1X166.4695Y-277.7415

G1X167.4729Y-278.2908

G1X168.9165Y-278.9268

G1X169.8797Y-279.5828

G1X170.5568Y-280.2349

G1X172.3994Y-282.5260

G1X172.5349Y-282.9758

G1X172.4121Y-283.4341

G1X172.0260Y-284.0561

G1X171.0050Y-285.1170

G1X170.7334Y-285.6726

G1X170.7103Y-286.0537

G1X171.0681Y-286.7337

G1X172.5616Y-288.4150

G1X173.4038Y-289.6068

G1X173.5356Y-289.9949

G1X173.6270Y-290.8938

G1X174.0656Y-293.3025

G1X173.9082Y-293.9767

G1X173.5398Y-294.5734

G1X171.5861Y-296.1854

G1X170.2936Y-296.7036

G1X168.7720Y-296.8462

G1X166.5479Y-296.7415

G1X162.4804Y-296.2144

G1X154.6050Y-294.9092

G1X151.0322Y-293.8906

G1X149.3460Y-293.5904

G1X147.2178Y-292.7308

G1X146.9174Y-292.7030

G1X146.8382Y-292.8141

G1X146.9184Y-293.1896

G1X147.7368Y-294.6619

G1X147.8630Y-295.5715

G1X148.7744Y-297.4852

G1X148.1564Y-297.5980

G1 Z0F20000

(Start Block)


G1X148.8048Y-298.4523
G1Z5F20000
(Plotting speed under)
G1 F4000


G1X144.9931Y-297.3610

G1X143.6858Y-296.7181

G1X142.9627Y-296.5065

G1X142.2462Y-296.1599

G1X141.9010Y-296.1272

G1X141.5225Y-296.3106

G1X141.3350Y-296.2643

G1X140.1383Y-295.4494

G1X139.8451Y-295.3426

G1X139.6585Y-295.3653

G1X139.2359Y-295.7264

G1X138.6832Y-296.0140

G1X138.2899Y-295.9481

G1X138.1282Y-296.0114

G1X137.8139Y-296.4707

G1X137.3999Y-297.4332

G1X137.2211Y-297.6296

G1X137.0410Y-297.6888

G1X136.8856Y-297.5167

G1X136.6244Y-296.6704

G1X136.3933Y-296.1945

G1X135.6667Y-295.1716

G1X135.5248Y-295.1147

G1X135.1772Y-295.3583

G1X134.5262Y-296.4864

G1X134.0877Y-296.7920

G1X133.9031Y-296.7983

G1X133.4121Y-296.5682

G1X133.0988Y-296.5564

G1X131.7283Y-297.2484

G1X131.4545Y-297.2958

G1X131.3191Y-297.1453

G1X131.0241Y-296.2539

G1X130.7800Y-296.1661

G1X129.7195Y-296.5378

G1X129.2561Y-296.3803

G1X128.8921Y-296.4323

G1X126.5701Y-297.5444

G1X124.9754Y-297.9679

G1X124.6351Y-297.9542

G1X124.5499Y-297.6522

G1X124.6959Y-297.0153

G1X125.7807Y-294.9153

G1X126.1685Y-293.8893

G1X126.2022Y-293.4075

G1X126.1315Y-293.0994

G1X125.9489Y-292.8854

G1X125.5639Y-292.7108

G1X125.3743Y-292.3800

G1X125.4329Y-292.0843

G1X125.9984Y-290.9218

G1X126.0458Y-290.4988

G1X125.8589Y-290.2650

G1X124.8896Y-289.9827

G1X122.6329Y-289.8852

G1X122.5341Y-289.8186

G1X122.3759Y-289.4396

G1X121.5719Y-288.8981

G1X121.3842Y-288.6812

G1X121.3784Y-287.9121

G1X121.1408Y-287.1035

G1X121.5214Y-286.4998

G1X121.6327Y-286.0706

G1X121.4624Y-285.8746

G1X120.0990Y-285.2024

G1X119.9108Y-285.0054

G1X119.8425Y-284.7286

G1X120.1269Y-284.3953

G1X122.0035Y-283.5378

G1X122.2596Y-283.2634

G1X122.1380Y-282.9710

G1X121.2294Y-282.4642

G1X120.9471Y-282.0464

G1X121.0365Y-281.8178

G1X121.7319Y-281.4506

G1X121.9740Y-281.0843

G1X121.7235Y-279.4841

G1X121.4463Y-278.7562

G1X121.3787Y-278.3667

G1X121.2187Y-278.0774

G1X120.3279Y-277.2136

G1X118.9486Y-276.0645

G1X118.3287Y-275.2548

G1X118.2842Y-274.9400

G1X118.9638Y-274.3943

G1X119.0875Y-274.2154

G1X119.0979Y-273.9726

G1X118.8416Y-273.4876

G1X117.3871Y-271.4083

G1X117.1124Y-270.6743

G1X117.1024Y-270.4220

G1X117.2136Y-270.1872

G1X117.4777Y-270.0165

G1X118.0093Y-269.9186

G1X119.4266Y-270.1190

G1X121.4368Y-270.8120

G1X126.7380Y-273.0327

G1X127.4531Y-273.1788

G1X127.9275Y-272.9910

G1X128.3592Y-272.6327

G1X128.4506Y-272.3858

G1X128.2121Y-270.6733

G1X128.2680Y-270.3891

G1X128.4826Y-270.1596

G1X130.1172Y-269.9676

G1X131.5983Y-270.6275

G1X131.9551Y-270.6076

G1X132.1646Y-270.4333

G1X132.3103Y-269.9791

G1X132.2137Y-268.4006

G1X132.3117Y-267.2080

G1X132.3674Y-267.0937

G1X132.5123Y-267.0509

G1X133.4181Y-267.5616

G1X133.6222Y-267.4691

G1X133.7494Y-266.9389

G1X134.1651Y-263.7073

G1X134.3902Y-262.8060

G1X134.6583Y-262.2089

G1X135.1138Y-261.7542

G1X136.1032Y-261.7803

G1X136.3933Y-261.6286

G1X137.1235Y-260.3008

G1X138.3932Y-258.7531

G1X139.1894Y-257.9658

G1X139.4378Y-257.8526

G1X139.6156Y-257.8633

G1X140.2754Y-258.3352

G1X140.8986Y-259.1413

G1X141.6109Y-259.5827

G1X142.6839Y-260.9034

G1X142.9482Y-261.0459

G1X143.5929Y-261.0488

G1X143.9663Y-261.2689

G1X144.2682Y-261.5991

G1X144.6824Y-262.4110

G1X145.1934Y-262.7647

G1X145.6797Y-262.7557

G1X146.5579Y-262.4037

G1X147.2299Y-261.9757

G1X148.8338Y-260.6927

G1X149.4061Y-260.3941

G1X149.7987Y-260.3731

G1X150.0404Y-260.6941

G1X150.5612Y-262.1264

G1X151.7087Y-262.7235

G1X151.9482Y-263.1220

G1X151.9869Y-263.7405

G1X151.9195Y-264.4974

G1X151.2786Y-267.2958

G1X151.2944Y-267.7316

G1X151.4151Y-267.9642

G1X151.7962Y-268.0087

G1X153.8146Y-267.2823

G1X154.8203Y-267.0248

G1X155.9218Y-266.9316

G1X156.6245Y-267.0461

G1X156.9154Y-267.4220

G1X156.9459Y-267.9076

G1X156.2905Y-269.7561

G1X156.2474Y-270.1466

G1X156.3399Y-270.3743

G1X157.2544Y-270.7015

G1X159.0768Y-271.1867

G1X160.1057Y-271.3702

G1X160.4863Y-271.5461

G1X161.0607Y-272.0471

G1X162.4601Y-272.8704

G1X162.7152Y-273.1396

G1X162.7942Y-273.5190

G1X162.7284Y-273.9511

G1X162.1112Y-274.9891

G1X162.1504Y-275.3099

G1X162.3106Y-275.5114

G1X162.9888Y-275.7624

G1X164.8434Y-275.8775

G1X165.5980Y-275.9958

G1X166.4389Y-276.2013

G1X167.0620Y-276.4488

G1X167.7717Y-277.1098

G1X168.2522Y-277.4271

G1X169.2610Y-277.9691

G1X170.7991Y-278.6488

G1X171.6736Y-279.2341

G1X172.4230Y-279.9230

G1X174.4572Y-282.4021

G1X174.6381Y-282.8414

G1X174.5158Y-283.4231

G1X174.1107Y-284.0772

G1X173.0070Y-285.2068

G1X172.7110Y-285.7950

G1X172.6851Y-286.1988

G1X173.0334Y-286.8674

G1X174.6917Y-288.7068

G1X175.5870Y-289.9766

G1X175.7432Y-290.4890

G1X176.2638Y-293.8937

G1X176.0796Y-294.5952

G1X175.6755Y-295.2235

G1X173.6876Y-296.8768

G1X172.9973Y-297.2273

G1X172.3160Y-297.4580

G1X170.7115Y-297.6306

G1X168.3006Y-297.5276

G1X164.3933Y-297.0312

G1X155.6603Y-295.5958

G1X151.8620Y-294.5226

G1X150.0737Y-294.2054

G1X147.9190Y-293.3542

G1X147.5393Y-293.3057

G1X147.4528Y-293.4222

G1X147.5290Y-293.8132

G1X148.3682Y-295.3484

G1X148.4865Y-296.2939

G1X149.4648Y-298.3378

G1X148.8048Y-298.4523

G1 Z0F20000

(Start Block)


G1X149.4788Y-299.3404
G1Z5F20000
(Plotting speed under)
G1 F4000


G1X147.6047Y-298.7593

G1X145.5676Y-298.2641

G1X144.0699Y-297.5375

G1X143.3141Y-297.3425

G1X142.5862Y-297.0029

G1X142.1952Y-296.9721

G1X141.9014Y-297.1520

G1X141.6973Y-297.1633

G1X141.2645Y-296.9403

G1X140.3504Y-296.1642

G1X140.0805Y-296.0296

G1X139.7868Y-296.0788

G1X139.4389Y-296.4451

G1X138.9537Y-296.6939

G1X138.6490Y-296.7686

G1X138.3333Y-296.6657

G1X138.1620Y-296.7302

G1X137.8294Y-297.2133

G1X137.3917Y-298.2137

G1X137.2029Y-298.4203

G1X137.0126Y-298.4867

G1X136.8475Y-298.3182

G1X136.3728Y-297.0787

G1X135.5420Y-295.8566

G1X135.4059Y-295.7919

G1X135.2428Y-295.8300

G1X135.0465Y-296.0070

G1X134.4312Y-297.0446

G1X134.0964Y-297.3493

G1X133.7293Y-297.4269

G1X133.1938Y-297.2519

G1X132.8674Y-297.2768

G1X131.2711Y-298.1090

G1X131.0894Y-298.1156

G1X130.9659Y-297.9919

G1X130.6383Y-297.0018

G1X130.4206Y-296.8993

G1X129.2697Y-297.2805

G1X128.7840Y-297.1072

G1X128.2982Y-297.1809

G1X125.9654Y-298.3117

G1X124.3176Y-298.7196

G1X123.9646Y-298.6989

G1X123.8550Y-298.2975

G1X123.9886Y-297.7049

G1X125.1335Y-295.3668

G1X125.5078Y-294.2572

G1X125.5312Y-293.8546

G1X125.4359Y-293.5498

G1X125.2986Y-293.4051

G1X124.8996Y-293.2150

G1X124.7056Y-292.8614

G1X124.7999Y-292.4776

G1X125.3896Y-291.2878

G1X125.4473Y-290.8570

G1X125.3394Y-290.6637

G1X125.1887Y-290.5775

G1X124.3001Y-290.3415

G1X121.8851Y-290.1995

G1X121.7832Y-290.1287

G1X121.6153Y-289.7315

G1X120.7367Y-289.1741

G1X120.5293Y-288.9490

G1X120.5421Y-287.9067

G1X120.3387Y-287.2739

G1X120.6150Y-286.6628

G1X120.6608Y-286.2201

G1X120.4754Y-286.0135

G1X119.1189Y-285.2916

G1X118.9291Y-285.0825

G1X118.8531Y-284.7905

G1X118.9518Y-284.5910

G1X119.1441Y-284.4391

G1X121.1237Y-283.5265

G1X121.3852Y-283.2431

G1X121.2616Y-282.9342

G1X120.3071Y-282.3990

G1X120.0097Y-281.9577

G1X120.0935Y-281.7149

G1X120.7764Y-281.3196

G1X121.0051Y-280.9265

G1X121.0129Y-280.7303

G1X120.8479Y-280.2499

G1X120.7629Y-279.1198

G1X120.4233Y-278.0276

G1X120.2562Y-277.7508

G1X119.3258Y-276.8408

G1X117.9145Y-275.6425

G1X117.2601Y-274.7726

G1X117.2090Y-274.4554

G1X117.8793Y-273.7831

G1X117.9580Y-273.3765

G1X117.7263Y-272.9101

G1X116.2586Y-270.7247

G1X115.9802Y-269.9570

G1X115.9698Y-269.6909

G1X116.0702Y-269.4586

G1X116.3943Y-269.2412

G1X116.9070Y-269.1455

G1X118.3810Y-269.3418

G1X120.4865Y-270.0581

G1X125.9557Y-272.2900

G1X126.7530Y-272.4547

G1X127.4078Y-272.2389

G1X127.7467Y-271.9738

G1X127.8753Y-271.6752

G1X127.6263Y-269.9608

G1X127.6940Y-269.5706

G1X127.8476Y-269.4113

G1X128.1466Y-269.3104

G1X128.7171Y-269.3781

G1X129.7297Y-269.2553

G1X131.2731Y-269.9169

G1X131.6315Y-269.8539

G1X131.8471Y-269.6555

G1X132.0079Y-269.1076

G1X131.9116Y-267.5323

G1X132.0167Y-266.2824

G1X132.0759Y-266.1629

G1X132.2300Y-266.1215

G1X133.2247Y-266.7031

G1X133.4095Y-266.6061

G1X133.5366Y-266.0989

G1X133.9680Y-262.6199

G1X134.2176Y-261.6325

G1X134.4987Y-261.0256

G1X134.7509Y-260.7119

G1X134.9812Y-260.5600

G1X136.0243Y-260.5811

G1X136.3309Y-260.4348

G1X137.0968Y-259.1329

G1X138.5186Y-257.3987

G1X139.2979Y-256.6360

G1X139.5351Y-256.5308

G1X139.7220Y-256.5405

G1X140.4163Y-257.0315

G1X141.0731Y-257.8680

G1X141.8228Y-258.3307

G1X142.9817Y-259.5885

G1X143.2645Y-259.7242

G1X143.9444Y-259.7374

G1X144.2900Y-259.9410

G1X144.6548Y-260.3334

G1X145.0967Y-261.1804

G1X145.3563Y-261.4036

G1X145.6496Y-261.5212

G1X146.1279Y-261.4937

G1X146.9867Y-261.1585

G1X147.7387Y-260.7239

G1X148.9275Y-259.7593

G1X149.5708Y-259.3459

G1X150.2363Y-259.0600

G1X150.5632Y-259.1282

G1X151.0108Y-259.8946

G1X151.3736Y-260.7853

G1X152.5599Y-261.4675

G1X152.7969Y-261.8961

G1X152.8382Y-262.4970

G1X152.7638Y-263.3600

G1X152.0805Y-266.3476

G1X152.0953Y-266.8065

G1X152.2179Y-267.0585

G1X152.3851Y-267.1366

G1X152.6914Y-267.1034

G1X154.9045Y-266.3509

G1X156.0066Y-266.0997

G1X157.1226Y-266.0254

G1X157.7572Y-266.1716

G1X157.9889Y-266.4630

G1X158.0612Y-267.0046

G1X157.4643Y-268.8881

G1X157.4245Y-269.2989

G1X157.5114Y-269.5354

G1X157.7394Y-269.6904

G1X158.5341Y-269.9572

G1X161.5512Y-270.7462

G1X162.5906Y-271.5755

G1X163.8900Y-272.3509

G1X164.1118Y-272.6664

G1X164.1673Y-273.0781

G1X164.0944Y-273.5053

G1X163.5709Y-274.4766

G1X163.6320Y-274.8096

G1X163.8068Y-275.0218

G1X164.4139Y-275.2774

G1X166.5832Y-275.4700

G1X168.2924Y-275.9055

G1X168.7421Y-276.1262

G1X169.4295Y-276.7529

G1X170.0140Y-277.1162

G1X172.7540Y-278.4191

G1X173.4456Y-278.8913

G1X174.1817Y-279.5452

G1X176.6304Y-282.4520

G1X176.7640Y-282.9844

G1X176.5745Y-283.5548

G1X176.1565Y-284.1729

G1X175.0040Y-285.2872

G1X174.6810Y-285.8548

G1X174.6281Y-286.3415

G1X174.9841Y-287.0013

G1X176.8849Y-289.0073

G1X177.8325Y-290.3566

G1X177.9915Y-290.8598

G1X178.4857Y-294.3932

G1X178.2989Y-295.0670

G1X177.8285Y-295.7808

G1X175.6413Y-297.6064

G1X174.2807Y-298.1890

G1X172.6663Y-298.3940

G1X170.1549Y-298.3167

G1X166.2928Y-297.8521

G1X156.5996Y-296.2623

G1X152.6740Y-295.1737

G1X150.7580Y-294.8340

G1X148.3817Y-294.0097

G1X148.1908Y-294.1523

G1X148.2441Y-294.5433

G1X149.0649Y-296.1457

G1X149.0545Y-296.7568

G1X149.1775Y-297.1727

G1X150.1918Y-299.2355

G1X149.4788Y-299.3404

G1 Z0F20000

(Start Block)


G1X150.1809Y-300.2654
G1Z5F20000
(Plotting speed under)
G1 F4000


G1X148.2772Y-299.6493

G1X146.2489Y-299.2566

G1X144.5802Y-298.4531

G1X143.6989Y-298.2580

G1X143.0509Y-297.9618

G1X142.6215Y-297.9051

G1X142.2155Y-298.1281

G1X141.9223Y-298.1136

G1X141.4548Y-297.8110

G1X140.4762Y-296.8182

G1X140.2174Y-296.7021

G1X139.9220Y-296.8303

G1X139.5650Y-297.2992

G1X139.3622Y-297.4204

G1X138.8230Y-297.5322

G1X138.3777Y-297.4022

G1X138.2067Y-297.4580

G1X137.8453Y-297.9719

G1X137.3835Y-298.9986

G1X137.1337Y-299.2506

G1X136.9678Y-299.2884

G1X136.8006Y-299.1207

G1X136.3548Y-298.0326

G1X135.6947Y-297.1222

G1X135.4224Y-296.5865

G1X135.2023Y-296.4804

G1X134.8694Y-296.7016

G1X134.3569Y-297.5258

G1X134.0546Y-297.8323

G1X133.6996Y-297.9668

G1X133.2344Y-297.8931

G1X132.7177Y-297.9598

G1X130.8680Y-298.9770

G1X130.7080Y-298.9721

G1X130.5782Y-298.8388

G1X130.2317Y-297.7631

G1X130.0134Y-297.6583

G1X128.8142Y-298.0326

G1X128.3089Y-297.8387

G1X127.8131Y-297.8926

G1X125.2738Y-299.0987

G1X123.6979Y-299.4284

G1X123.3368Y-299.3961

G1X123.1778Y-299.0779

G1X123.2448Y-298.4748

G1X124.4545Y-295.7638

G1X124.8352Y-294.6582

G1X124.8546Y-294.3395

G1X124.7742Y-294.0701

G1X124.6494Y-293.9239

G1X124.2423Y-293.7140

G1X124.0487Y-293.3345

G1X124.1492Y-292.9298

G1X124.8364Y-291.5589

G1X124.8764Y-291.1455

G1X124.7851Y-290.9836

G1X124.6236Y-290.8956

G1X123.6522Y-290.6702

G1X121.2106Y-290.4830

G1X121.1076Y-290.4078

G1X120.9293Y-289.9948

G1X119.9997Y-289.4615

G1X119.7200Y-289.2027

G1X119.8385Y-288.0648

G1X119.6268Y-287.4253

G1X119.7077Y-286.8261

G1X119.6362Y-286.3777

G1X119.4316Y-286.1606

G1X118.1420Y-285.3807

G1X117.9571Y-285.1589

G1X117.8707Y-284.8522

G1X117.9662Y-284.6427

G1X118.2212Y-284.4455

G1X120.2220Y-283.5216

G1X120.4911Y-283.2578

G1X120.4969Y-283.0820

G1X120.3807Y-282.8973

G1X119.3780Y-282.3292

G1X119.1470Y-282.0726

G1X119.0729Y-281.8694

G1X119.1434Y-281.6112

G1X119.7087Y-281.2459

G1X119.9501Y-280.8678

G1X119.9728Y-280.5489

G1X119.7983Y-279.9226

G1X119.7875Y-278.7583

G1X119.4951Y-277.8139

G1X119.2710Y-277.4202

G1X116.9009Y-275.2309

G1X116.2225Y-274.3206

G1X116.1458Y-273.9762

G1X116.6985Y-273.1925

G1X116.7507Y-272.7455

G1X116.5260Y-272.2622

G1X115.0935Y-269.9394

G1X114.8535Y-269.1294

G1X114.8746Y-268.8939

G1X115.0229Y-268.6547

G1X115.3955Y-268.4485

G1X115.8818Y-268.3720

G1X116.6705Y-268.4284

G1X117.5074Y-268.6031

G1X119.4163Y-269.2477

G1X121.6603Y-270.1928

G1X124.6650Y-271.3173

G1X125.9336Y-271.6330

G1X126.7829Y-271.4616

G1X127.1203Y-271.2293

G1X127.2322Y-271.0461

G1X127.2500Y-270.7505

G1X126.9962Y-269.0610

G1X127.0262Y-268.8148

G1X127.2189Y-268.5935

G1X127.6106Y-268.5192

G1X128.3986Y-268.6895

G1X129.3660Y-268.5872

G1X130.6551Y-269.1723

G1X131.1555Y-269.1825

G1X131.5542Y-268.8142

G1X131.6705Y-268.5210

G1X131.6113Y-266.5761

G1X131.6550Y-265.7209

G1X131.7543Y-265.2863

G1X131.8490Y-265.1955

G1X132.0133Y-265.2247

G1X133.0343Y-265.8745

G1X133.1753Y-265.8244

G1X133.2566Y-265.6530

G1X133.7103Y-261.8682

G1X133.9642Y-260.7334

G1X134.2794Y-259.9665

G1X134.5409Y-259.6212

G1X134.8524Y-259.4015

G1X135.9473Y-259.4130

G1X136.2704Y-259.2821

G1X137.0123Y-258.1489

G1X138.6354Y-256.1574

G1X139.3976Y-255.4101

G1X139.8202Y-255.3175

G1X140.5468Y-255.8221

G1X141.2360Y-256.6785

G1X142.0206Y-257.1609

G1X143.1913Y-258.1996

G1X143.5722Y-258.3745

G1X144.2036Y-258.3781

G1X144.5752Y-258.5649

G1X145.0447Y-259.0565

G1X145.5179Y-259.9286

G1X146.0381Y-260.2186

G1X146.6051Y-260.1681

G1X147.9419Y-259.5905

G1X149.6162Y-258.4139

G1X150.5144Y-257.9157

G1X150.9757Y-257.7797

G1X151.2482Y-257.8406

G1X151.7902Y-258.5215

G1X152.2395Y-259.3555

G1X153.3254Y-260.0498

G1X153.5352Y-260.2696

G1X153.6540Y-260.5500

G1X153.7121Y-261.2247

G1X153.6281Y-262.1959

G1X152.9002Y-265.3781

G1X152.9253Y-265.9247

G1X153.0477Y-266.1531

G1X153.2659Y-266.2456

G1X153.5241Y-266.2191

G1X155.9199Y-265.4830

G1X157.2457Y-265.1972

G1X158.2848Y-265.1421

G1X158.8068Y-265.2657

G1X159.0728Y-265.5533

G1X159.1882Y-266.0920

G1X158.7091Y-268.0231

G1X158.6893Y-268.4067

G1X158.7737Y-268.6448

G1X158.9904Y-268.8270

G1X159.7656Y-269.1559

G1X162.8153Y-270.0685

G1X163.6992Y-270.8398

G1X165.2052Y-271.8067

G1X165.4272Y-272.1244

G1X165.5084Y-272.5470

G1X165.4747Y-272.9798

G1X165.0799Y-273.9469

G1X165.1649Y-274.2657

G1X165.3259Y-274.4728

G1X165.9922Y-274.7909

G1X168.0973Y-275.0434

G1X169.7108Y-275.4931

G1X170.2510Y-275.7505

G1X170.9672Y-276.3438

G1X171.4894Y-276.6660

G1X174.6127Y-278.1447

G1X175.2339Y-278.5802

G1X175.9804Y-279.2584

G1X178.7586Y-282.4134

G1X178.9105Y-282.9356

G1X178.7104Y-283.5875

G1X178.3002Y-284.1860

G1X177.2516Y-285.0721

G1X176.9225Y-285.4604

G1X176.5924Y-286.0089

G1X176.5412Y-286.4822

G1X176.7100Y-286.8624

G1X177.0950Y-287.3338

G1X179.2164Y-289.4006

G1X180.1019Y-290.6649

G1X180.3040Y-291.2437

G1X180.6472Y-293.4232

G1X180.7464Y-294.7818

G1X180.5174Y-295.5459

G1X179.9401Y-296.3152

G1X177.5489Y-298.3070

G1X176.1853Y-298.8962

G1X174.5723Y-299.1349

G1X171.9728Y-299.0941

G1X168.5580Y-298.7238

G1X165.5514Y-298.2959

G1X160.7666Y-297.3918

G1X157.4492Y-296.9216

G1X153.4399Y-295.8413

G1X151.5718Y-295.5293

G1X149.2724Y-294.8641

G1X149.0583Y-295.0107

G1X149.0400Y-295.2310

G1X149.7702Y-296.9128

G1X149.6996Y-297.4677

G1X149.7661Y-297.7764

G1X150.9577Y-300.1816

G1X150.1809Y-300.2654

G1 Z0F20000

(Start Block)


G1X150.9120Y-301.2287
G1Z5F20000
(Plotting speed under)
G1 F4000


G1X148.9526Y-300.5553

G1X147.4517Y-300.4282

G1X146.9504Y-300.3098

G1X146.3752Y-300.0866

G1X145.1266Y-299.4228

G1X144.7238Y-299.2983

G1X144.1174Y-299.2536

G1X143.4417Y-298.9800

G1X142.9914Y-298.9461

G1X142.5417Y-299.2251

G1X142.2774Y-299.2053

G1X141.8086Y-298.8895

G1X140.7544Y-297.6248

G1X140.3782Y-297.3811

G1X140.0647Y-297.6234

G1X139.7023Y-298.2294

G1X139.4849Y-298.3499

G1X139.1366Y-298.3875

G1X138.4003Y-298.1618

G1X138.2430Y-298.2186

G1X137.8616Y-298.7543

G1X137.4208Y-299.7289

G1X137.0242Y-300.1022

G1X136.8546Y-300.0785

G1X136.7597Y-299.9652

G1X136.4037Y-299.1530

G1X135.6294Y-298.0794

G1X135.2882Y-297.3408

G1X135.0318Y-297.1777

G1X134.7327Y-297.3328

G1X134.1986Y-298.0822

G1X133.9413Y-298.2929

G1X133.5782Y-298.4198

G1X133.0694Y-298.4397

G1X132.5879Y-298.6060

G1X131.0831Y-299.6082

G1X130.4759Y-299.8794

G1X130.3089Y-299.8686

G1X130.1891Y-299.7524

G1X129.8179Y-298.5635

G1X129.5939Y-298.4405

G1X128.3524Y-298.7950

G1X127.8302Y-298.5758

G1X127.3307Y-298.6004

G1X124.5770Y-299.8734

G1X123.1135Y-300.0972

G1X122.6783Y-299.9995

G1X122.4786Y-299.5741

G1X122.5548Y-298.9921

G1X124.1372Y-295.1898

G1X124.1666Y-294.8016

G1X124.0713Y-294.5273

G1X123.5867Y-294.2115

G1X123.3988Y-293.8024

G1X123.4926Y-293.4078

G1X124.2747Y-291.9035

G1X124.3521Y-291.4574

G1X124.2699Y-291.2811

G1X124.1275Y-291.2013

G1X123.2096Y-291.0162

G1X120.6892Y-290.7632

G1X120.5231Y-290.6696

G1X120.3853Y-290.3086

G1X120.2508Y-290.1766

G1X119.0857Y-289.5816

G1X118.9592Y-289.4410

G1X118.9355Y-289.2375

G1X119.2307Y-288.1151

G1X118.7117Y-286.8024

G1X118.3947Y-286.3670

G1X117.2373Y-285.5344

G1X116.9521Y-285.1597

G1X116.9223Y-284.7883

G1X117.1578Y-284.5399

G1X118.2137Y-283.9785

G1X119.3197Y-283.5101

G1X119.5972Y-283.2390

G1X119.6097Y-283.0542

G1X119.4938Y-282.8601

G1X118.4534Y-282.2636

G1X118.2325Y-282.0252

G1X118.1319Y-281.7512

G1X118.1860Y-281.5066

G1X118.6779Y-281.1087

G1X118.8571Y-280.7566

G1X118.8701Y-280.3565

G1X118.7034Y-279.7152

G1X118.8121Y-278.4160

G1X118.5456Y-277.5547

G1X118.2591Y-277.0772

G1X115.9062Y-274.8269

G1X115.1980Y-273.8582

G1X115.0965Y-273.5030

G1X115.4836Y-272.5229

G1X115.4830Y-272.0826

G1X113.9540Y-269.1601

G1X113.7643Y-268.3467

G1X113.9342Y-267.9311

G1X114.3027Y-267.7000

G1X114.7921Y-267.6050

G1X116.2594Y-267.7636

G1X117.9100Y-268.2714

G1X120.8177Y-269.4267

G1X123.9122Y-270.4674

G1X125.0235Y-270.7135

G1X126.1032Y-270.6397

G1X126.4530Y-270.4358

G1X126.5972Y-270.0969

G1X126.3297Y-268.2425

G1X126.3699Y-267.8912

G1X126.5113Y-267.7443

G1X127.0567Y-267.7115

G1X127.9991Y-268.0370

G1X129.1634Y-267.9843

G1X129.9219Y-268.3946

G1X130.4603Y-268.5623

G1X130.7489Y-268.5196

G1X130.9915Y-268.2965

G1X131.2731Y-267.9204

G1X131.3748Y-267.5417

G1X131.3127Y-265.7186

G1X131.3663Y-264.7765

G1X131.4674Y-264.3667

G1X131.5659Y-264.2801

G1X131.7407Y-264.3187

G1X132.8307Y-265.0747

G1X132.9805Y-265.0312

G1X133.0612Y-264.8671

G1X133.5192Y-260.7852

G1X133.7884Y-259.6105

G1X134.1054Y-258.8641

G1X134.3546Y-258.5456

G1X134.7146Y-258.2888

G1X135.9156Y-258.2792

G1X136.2778Y-258.1240

G1X136.9921Y-257.1831

G1X137.8324Y-256.2601

G1X138.6818Y-255.0973

G1X139.5505Y-254.2492

G1X139.8904Y-254.1883

G1X140.2481Y-254.3609

G1X140.7294Y-254.7699

G1X141.4775Y-255.6476

G1X143.1882Y-256.7264

G1X143.7909Y-256.9918

G1X144.5587Y-257.0320

G1X144.8324Y-257.1599

G1X145.3748Y-257.6866

G1X145.8861Y-258.5953

G1X146.1230Y-258.7817

G1X146.4144Y-258.8808

G1X146.8300Y-258.8721

G1X147.2057Y-258.7413

G1X148.8767Y-257.9864

G1X150.8988Y-256.7713

G1X151.4656Y-256.5547

G1X151.8240Y-256.5334

G1X152.1156Y-256.6660

G1X152.5227Y-257.0381

G1X153.1552Y-257.8435

G1X154.1536Y-258.5652

G1X154.4080Y-258.8655

G1X154.5379Y-259.1692

G1X154.6082Y-259.9237

G1X154.5291Y-260.8976

G1X153.7371Y-264.3882

G1X153.7571Y-264.9681

G1X153.9387Y-265.2802

G1X154.1556Y-265.3528

G1X154.5194Y-265.3123

G1X158.3518Y-264.3354

G1X159.4166Y-264.2763

G1X159.9357Y-264.4255

G1X160.2036Y-264.7396

G1X160.3326Y-265.2551

G1X160.0350Y-267.1445

G1X160.0503Y-267.5262

G1X160.1728Y-267.7765

G1X161.0456Y-268.3230

G1X163.9951Y-269.3473

G1X164.9524Y-270.2276

G1X166.4647Y-271.2685

G1X166.6927Y-271.5792

G1X166.8069Y-271.9614

G1X166.8387Y-272.4685

G1X166.6345Y-273.3934

G1X166.7665Y-273.7232

G1X166.9492Y-273.9387

G1X167.6238Y-274.2885

G1X169.5967Y-274.6203

G1X171.1605Y-275.1265

G1X171.6895Y-275.3819

G1X173.0040Y-276.2659

G1X176.4591Y-277.8721

G1X177.0784Y-278.3334

G1X177.7351Y-278.9683

G1X178.7474Y-280.1586

G1X180.9087Y-282.3933

G1X181.0507Y-282.7073

G1X181.0714Y-282.9972

G1X180.8401Y-283.6840

G1X180.4043Y-284.2668

G1X179.2456Y-285.1671

G1X178.8286Y-285.6278

G1X178.4826Y-286.1594

G1X178.4314Y-286.6210

G1X178.6141Y-286.9994

G1X179.0320Y-287.4693

G1X181.4674Y-289.6352

G1X182.3874Y-290.8997

G1X182.6948Y-291.7398

G1X183.0677Y-294.0958

G1X183.0721Y-295.0556

G1X182.8977Y-295.7709

G1X182.4478Y-296.4079

G1X181.6264Y-297.1939

G1X179.3891Y-298.9951

G1X178.0335Y-299.5811

G1X176.5979Y-299.8403

G1X174.0509Y-299.8720

G1X171.4277Y-299.6605

G1X167.3402Y-299.1250

G1X161.5391Y-297.9903

G1X158.2232Y-297.5884

G1X154.1741Y-296.5337

G1X152.5425Y-296.2918

G1X150.3677Y-295.8356

G1X150.1138Y-295.9273

G1X149.9946Y-296.1959

G1X150.0683Y-296.5854

G1X150.5154Y-297.7233

G1X150.3731Y-298.3557

G1X150.6794Y-299.1093

G1X151.7638Y-301.1770

G1X150.9120Y-301.2287

G1 Z0F20000

(Start Block)


G1X151.6722Y-302.2302
G1Z5F20000
(Plotting speed under)
G1 F4000


G1X150.4022Y-301.7103

G1X149.5643Y-301.4633

G1X148.1926Y-301.5019

G1X147.6535Y-301.4115

G1X146.9303Y-301.1219

G1X145.9454Y-300.5410

G1X145.2837Y-300.3220

G1X144.5677Y-300.3248

G1X143.6202Y-300.0602

G1X143.2871Y-300.1077

G1X142.9211Y-300.4110

G1X142.6589Y-300.3941

G1X142.0615Y-299.9332

G1X140.9567Y-298.3898

G1X140.6177Y-298.0749

G1X140.3612Y-298.2246

G1X139.9017Y-299.1658

G1X139.6665Y-299.3428

G1X139.2635Y-299.3312

G1X138.4472Y-298.9592

G1X138.2809Y-299.0139

G1X137.8787Y-299.5711

G1X137.3664Y-300.6216

G1X137.0908Y-300.8975

G1X136.9066Y-300.9615

G1X136.7058Y-300.8319

G1X136.3317Y-300.1323

G1X135.7402Y-299.4193

G1X135.4481Y-298.9215

G1X135.1441Y-298.1245

G1X134.8565Y-297.8761

G1X134.6010Y-297.9501

G1X133.9383Y-298.6421

G1X132.7368Y-299.0376

G1X130.7780Y-300.4972

G1X130.0642Y-300.8269

G1X129.8903Y-300.8086

G1X129.7654Y-300.6818

G1X129.4192Y-299.4672

G1X129.3358Y-299.3189

G1X129.1611Y-299.2474

G1X128.6059Y-299.3342

G1X127.8835Y-299.5692

G1X127.3464Y-299.3206

G1X126.7269Y-299.3336

G1X124.5766Y-300.3882

G1X123.7793Y-300.6536

G1X122.4569Y-300.7278

G1X121.9277Y-300.4976

G1X121.7568Y-300.2265

G1X121.7244Y-299.9442

G1X121.9261Y-298.9911

G1X122.3447Y-297.9631

G1X123.3040Y-296.0593

G1X123.4668Y-295.5469

G1X123.4011Y-295.0700

G1X122.9247Y-294.7140

G1X122.7835Y-294.4587

G1X122.7596Y-294.1240

G1X123.7286Y-292.2389

G1X123.8335Y-291.9204

G1X123.8309Y-291.6322

G1X123.5308Y-291.4554

G1X120.1653Y-290.9855

G1X120.0035Y-290.8848

G1X119.8606Y-290.5133

G1X119.7131Y-290.3804

G1X118.3687Y-289.7893

G1X118.2473Y-289.6641

G1X118.2180Y-289.4858

G1X118.6911Y-288.3387

G1X118.6302Y-287.9478

G1X118.3049Y-287.5252

G1X116.2702Y-285.6542

G1X115.9849Y-285.2318

G1X115.9130Y-284.9422

G1X116.0971Y-284.6390

G1X117.2256Y-284.0000

G1X118.4691Y-283.4581

G1X118.6909Y-283.2200

G1X118.7122Y-283.0261

G1X118.4808Y-282.7223

G1X117.5187Y-282.1934

G1X117.2445Y-281.8516

G1X117.2262Y-281.3903

G1X117.6066Y-280.9776

G1X117.7353Y-280.5849

G1X117.5597Y-279.4783

G1X117.8453Y-278.3381

G1X117.7738Y-277.7445

G1X117.5483Y-277.1975

G1X117.2349Y-276.7334

G1X114.9345Y-274.4347

G1X114.1572Y-273.3274

G1X114.0566Y-272.9397

G1X114.1709Y-272.3169

G1X114.1930Y-271.5129

G1X114.0062Y-270.9442

G1X113.0670Y-268.9997

G1X112.8137Y-268.2812

G1X112.7125Y-267.5805

G1X112.9132Y-267.1775

G1X113.2506Y-266.9545

G1X113.7127Y-266.8454

G1X114.4029Y-266.8483

G1X115.1861Y-266.9642

G1X117.3763Y-267.6307

G1X120.0296Y-268.6454

G1X122.4781Y-269.3618

G1X124.1269Y-269.7207

G1X125.4753Y-269.7612

G1X125.7904Y-269.5595

G1X125.9042Y-269.2411

G1X125.6280Y-267.2800

G1X125.6551Y-266.9933

G1X125.8295Y-266.8180

G1X126.5010Y-266.8918

G1X127.5986Y-267.4102

G1X128.8492Y-267.3983

G1X129.9642Y-267.9334

G1X130.2664Y-267.9377

G1X130.4983Y-267.7848

G1X130.9441Y-267.0974

G1X131.0572Y-266.7144

G1X131.0184Y-264.8733

G1X131.0765Y-263.8920

G1X131.1825Y-263.4641

G1X131.2783Y-263.3805

G1X131.5315Y-263.4637

G1X132.6554Y-264.3144

G1X132.7944Y-264.2736

G1X132.8747Y-264.1167

G1X133.3096Y-259.8509

G1X133.5683Y-258.6714

G1X133.8913Y-257.8640

G1X134.2169Y-257.4660

G1X134.5953Y-257.2188

G1X135.9503Y-257.1859

G1X136.3059Y-257.0210

G1X137.6918Y-255.5898

G1X138.7241Y-254.1357

G1X139.6331Y-253.2185

G1X139.9729Y-253.1532

G1X140.3436Y-253.3260

G1X140.8433Y-253.7385

G1X141.6213Y-254.6241

G1X142.5633Y-255.1642

G1X143.6172Y-255.5370

G1X144.8270Y-255.6715

G1X145.1004Y-255.7708

G1X145.7627Y-256.4020

G1X146.3136Y-257.3124

G1X146.7377Y-257.5182

G1X147.1507Y-257.5097

G1X147.5148Y-257.4013

G1X151.7211Y-255.4373

G1X152.2771Y-255.2867

G1X152.6833Y-255.3113

G1X153.4129Y-255.6631

G1X154.7727Y-256.7243

G1X155.2686Y-257.3274

G1X155.4653Y-257.8350

G1X155.5235Y-258.5978

G1X155.4304Y-259.6847

G1X154.5885Y-263.3811

G1X154.6133Y-264.0517

G1X154.7773Y-264.3562

G1X155.1854Y-264.4758

G1X156.1096Y-264.3361

G1X158.8573Y-263.6076

G1X159.6632Y-263.4616

G1X160.5262Y-263.4220

G1X161.0491Y-263.5840

G1X161.3131Y-263.8715

G1X161.4945Y-264.3270

G1X161.4456Y-266.3204

G1X161.6384Y-266.8747

G1X162.3458Y-267.4466

G1X165.2640Y-268.6626

G1X166.1039Y-269.5434

G1X167.6936Y-270.7434

G1X167.9353Y-271.0663

G1X168.1101Y-271.5536

G1X168.2238Y-272.8253

G1X168.6583Y-273.4172

G1X169.3064Y-273.7762

G1X171.0800Y-274.1988

G1X172.2687Y-274.6385

G1X173.0953Y-275.0336

G1X174.4159Y-275.8393

G1X178.2177Y-277.5537

G1X178.9400Y-278.1281

G1X180.5730Y-280.0055

G1X182.7052Y-281.9672

G1X183.1053Y-282.4291

G1X183.2367Y-282.7559

G1X183.2419Y-283.1375

G1X182.9159Y-283.9053

G1X182.5174Y-284.3550

G1X181.3386Y-285.1883

G1X180.8063Y-285.7047

G1X180.3623Y-286.3077

G1X180.3110Y-286.7592

G1X180.4946Y-287.1171

G1X180.9156Y-287.5616

G1X183.7855Y-289.8987

G1X184.5758Y-290.8910

G1X185.0948Y-292.0436

G1X185.4967Y-294.4711

G1X185.4950Y-295.1830

G1X185.3082Y-295.9909

G1X184.8861Y-296.6564

G1X181.1818Y-299.6653

G1X179.8341Y-300.2474

G1X178.3167Y-300.5450

G1X175.7339Y-300.6215

G1X173.1096Y-300.4576

G1X168.8567Y-299.9166

G1X162.5973Y-298.6301

G1X158.9409Y-298.2809

G1X154.5965Y-297.2066

G1X151.6048Y-296.9117

G1X151.2395Y-297.0291

G1X151.0517Y-297.2647

G1X151.0397Y-297.5473

G1X151.2991Y-298.5758

G1X151.0722Y-298.9062

G1X151.0490Y-299.1317

G1X151.3947Y-299.9658

G1X152.6084Y-302.2202

G1X151.6722Y-302.2302

G1 Z0F20000

(Start Block)


G1X152.4597Y-303.2679
G1Z5F20000
(Plotting speed under)
G1 F4000


G1X151.1533Y-302.6816

G1X150.2620Y-302.4060

G1X149.8844Y-302.3749

G1X148.8480Y-302.6030

G1X148.3096Y-302.5352

G1X147.5077Y-302.1989

G1X146.4490Y-301.5556

G1X145.9381Y-301.3946

G1X145.5577Y-301.3669

G1X145.0458Y-301.4623

G1X144.4166Y-301.2804

G1X144.0010Y-301.2605

G1X143.7124Y-301.3291

G1X143.3093Y-301.6883

G1X143.0633Y-301.6640

G1X142.7259Y-301.4565

G1X142.3945Y-301.1093

G1X141.1916Y-299.2286

G1X140.7669Y-298.7771

G1X140.5744Y-298.8976

G1X140.0917Y-300.1641

G1X139.9148Y-300.3845

G1X139.4840Y-300.3797

G1X138.6015Y-299.8367

G1X138.3934Y-299.8148

G1X138.0232Y-300.2295

G1X137.3573Y-301.4890

G1X137.1100Y-301.7468

G1X136.8603Y-301.8597

G1X136.6447Y-301.7523

G1X136.2545Y-301.1831

G1X135.6901Y-300.6223

G1X135.3113Y-299.9204

G1X134.9627Y-298.8823

G1X134.7211Y-298.5926

G1X134.5343Y-298.5467

G1X133.9435Y-298.9703

G1X132.7712Y-299.4271

G1X130.4310Y-301.4428

G1X129.6967Y-301.8126

G1X129.4512Y-301.7947

G1X129.3350Y-301.6790

G1X129.0879Y-300.9569

G1X128.9669Y-300.3130

G1X128.8909Y-300.1697

G1X128.7146Y-300.0799

G1X128.1494Y-300.1369

G1X127.4068Y-300.3563

G1X126.8561Y-300.0756

G1X126.2417Y-300.0386

G1X123.8857Y-301.1683

G1X123.0921Y-301.3897

G1X121.9607Y-301.3394

G1X121.3203Y-301.1528

G1X121.0383Y-300.9824

G1X120.9069Y-300.7510

G1X120.8402Y-300.3893

G1X120.9693Y-299.6821

G1X121.6763Y-298.1628

G1X122.5632Y-296.6332

G1X122.7482Y-296.0844

G1X122.7079Y-295.6314

G1X122.2452Y-295.2297

G1X122.1132Y-294.9510

G1X122.1005Y-294.5924

G1X122.3763Y-293.9478

G1X123.1878Y-292.5716

G1X123.3474Y-292.1577

G1X123.3564Y-291.8954

G1X123.0941Y-291.7310

G1X119.7950Y-291.2076

G1X119.5572Y-291.0695

G1X119.4095Y-290.6893

G1X119.2578Y-290.5622

G1X117.6321Y-289.9316

G1X117.5512Y-289.7858

G1X117.5700Y-289.5849

G1X117.8033Y-289.0551

G1X118.2208Y-288.4361

G1X118.1782Y-288.0517

G1X117.8626Y-287.7346

G1X116.9629Y-287.3199

G1X116.1263Y-286.7794

G1X115.2587Y-285.7516

G1X115.0095Y-285.3044

G1X114.9211Y-285.0028

G1X115.0945Y-284.6867

G1X116.2265Y-284.0189

G1X117.5301Y-283.4503

G1X117.7534Y-283.2297

G1X117.7943Y-282.9680

G1X117.5721Y-282.6797

G1X116.5822Y-282.1269

G1X116.3016Y-281.7699

G1X116.2502Y-281.2830

G1X116.5213Y-280.8337

G1X116.5820Y-280.5203

G1X116.3831Y-279.2347

G1X116.5311Y-278.6878

G1X116.8439Y-278.0697

G1X116.8421Y-277.4681

G1X116.6489Y-277.0196

G1X116.2566Y-276.4521

G1X113.9794Y-274.0470

G1X113.1379Y-272.8144

G1X113.0087Y-272.4161

G1X112.8061Y-270.6064

G1X111.9925Y-268.3741

G1X111.7284Y-267.4187

G1X111.6876Y-266.9187

G1X111.8786Y-266.4865

G1X112.1986Y-266.2329

G1X112.6486Y-266.0964

G1X113.3281Y-266.0694

G1X114.1067Y-266.1602

G1X115.9021Y-266.6543

G1X119.4740Y-267.8795

G1X122.4584Y-268.5298

G1X124.5266Y-268.8915

G1X124.9106Y-268.8217

G1X125.1654Y-268.4938

G1X125.1748Y-268.1071

G1X124.9071Y-266.3535

G1X124.9468Y-265.9923

G1X125.1108Y-265.8634

G1X125.3971Y-265.8775

G1X125.9383Y-266.0628

G1X127.2298Y-266.8087

G1X128.5508Y-266.8418

G1X129.3832Y-267.3053

G1X129.8974Y-267.3659

G1X130.1798Y-267.1347

G1X130.7169Y-266.0400

G1X130.7600Y-263.4448

G1X130.9057Y-262.5767

G1X131.0677Y-262.4980

G1X131.2330Y-262.5713

G1X132.4085Y-263.5515

G1X132.5558Y-263.5879

G1X132.6964Y-263.3995

G1X132.8216Y-262.6439

G1X133.1260Y-258.8212

G1X133.3989Y-257.6097

G1X133.7409Y-256.8055

G1X134.0131Y-256.4930

G1X134.4818Y-256.2018

G1X134.9108Y-256.1366

G1X135.9971Y-256.1483

G1X136.6145Y-255.8200

G1X137.6955Y-254.8425

G1X138.7627Y-253.2569

G1X139.3388Y-252.5727

G1X139.7094Y-252.2640

G1X140.0494Y-252.1924

G1X140.4325Y-252.3636

G1X140.9494Y-252.7775

G1X141.6593Y-253.5893

G1X142.5313Y-254.1422

G1X143.0416Y-254.2551

G1X144.9604Y-254.3229

G1X145.3706Y-254.4154

G1X145.6987Y-254.6468

G1X146.1465Y-255.1310

G1X146.6766Y-255.9567

G1X147.0777Y-256.1587

G1X147.7983Y-256.0497

G1X149.2006Y-255.2698

G1X152.3445Y-254.1969

G1X153.1174Y-254.0370

G1X153.8502Y-254.0944

G1X154.6368Y-254.3693

G1X155.6988Y-255.0819

G1X156.1248Y-255.6539

G1X156.3861Y-256.3598

G1X156.4525Y-257.2538

G1X156.3588Y-258.3607

G1X155.4509Y-262.3573

G1X155.4571Y-263.0263

G1X155.6740Y-263.4842

G1X156.1160Y-263.6358

G1X156.9985Y-263.5724

G1X159.9355Y-262.7706

G1X160.8877Y-262.6012

G1X161.7123Y-262.5829

G1X162.1782Y-262.7546

G1X162.4634Y-263.0481

G1X162.7033Y-263.4809

G1X162.8895Y-264.4944

G1X162.9450Y-265.4572

G1X163.0925Y-265.8632

G1X163.3317Y-266.2239

G1X163.8014Y-266.6044

G1X165.6312Y-267.4028

G1X166.6176Y-268.0298

G1X167.3503Y-268.9292

G1X169.0422Y-270.3782

G1X169.3050Y-270.8498

G1X169.7883Y-272.1608

G1X170.3696Y-272.8566

G1X171.0095Y-273.2540

G1X173.0275Y-273.9776

G1X175.7970Y-275.4175

G1X178.9021Y-276.7028

G1X180.0444Y-277.2840

G1X180.7396Y-277.8889

G1X182.3614Y-279.8553

G1X184.8616Y-281.9634

G1X185.3134Y-282.4704

G1X185.4344Y-282.8012

G1X185.4428Y-283.1775

G1X185.3387Y-283.5569

G1X185.0706Y-284.0242

G1X184.6804Y-284.4160

G1X183.3437Y-285.2946

G1X182.7142Y-285.8670

G1X182.2475Y-286.4546

G1X182.1969Y-286.8976

G1X182.3706Y-287.2239

G1X182.7672Y-287.6287

G1X184.1257Y-288.7140

G1X186.0053Y-290.0529

G1X186.8976Y-291.0556

G1X187.3084Y-291.8070

G1X187.5440Y-292.4539

G1X187.9625Y-294.9565

G1X187.9722Y-295.4465

G1X187.7274Y-296.3294

G1X187.2023Y-297.0903

G1X185.2707Y-298.4600

G1X182.9392Y-300.3220

G1X181.5018Y-300.9312

G1X179.8966Y-301.2513

G1X177.3136Y-301.3673

G1X174.5976Y-301.2443

G1X172.3041Y-301.0085

G1X170.2874Y-300.7006

G1X163.7361Y-299.2847

G1X162.9335Y-299.1904

G1X161.6294Y-299.1959

G1X160.1376Y-299.0891

G1X155.7737Y-298.0660

G1X154.5644Y-297.9298

G1X153.5663Y-297.9524

G1X152.8557Y-298.0706

G1X152.2669Y-298.3374

G1X152.1103Y-298.5979

G1X152.1180Y-299.4661

G1X151.7442Y-299.7950

G1X151.7985Y-300.1310

G1X152.0349Y-300.6563

G1X153.4882Y-303.3066

G1X152.4597Y-303.2679

G1 Z0F20000

(Start Block)


G1X153.2723Y-304.3385
G1Z5F20000
(Plotting speed under)
G1 F4000


G1X151.8384Y-303.6467

G1X150.9043Y-303.3547

G1X150.5221Y-303.3447

G1X150.0492Y-303.5865

G1X149.5734Y-303.7186

G1X148.9784Y-303.6835

G1X148.0994Y-303.3024

G1X147.0445Y-302.6379

G1X146.5396Y-302.4782

G1X146.0610Y-302.4820

G1X145.5462Y-302.6528

G1X144.8956Y-302.5120

G1X144.4621Y-302.5204

G1X144.0802Y-302.6640

G1X143.7193Y-303.0232

G1X143.4843Y-302.9923

G1X143.1579Y-302.7939

G1X142.7429Y-302.3407

G1X141.3612Y-300.0023

G1X140.9231Y-299.5120

G1X140.7500Y-299.6479

G1X140.2810Y-301.2164

G1X140.0938Y-301.5150

G1X139.9082Y-301.5578

G1X139.6101Y-301.4702

G1X138.7161Y-300.7746

G1X138.4406Y-300.7155

G1X138.0495Y-301.1482

G1X137.3476Y-302.4179

G1X137.0875Y-302.6874

G1X136.8244Y-302.8231

G1X136.5736Y-302.7442

G1X135.5738Y-301.8218

G1X135.1652Y-300.9860

G1X134.7616Y-299.6277

G1X134.5325Y-299.2851

G1X134.3017Y-299.1855

G1X133.2973Y-299.4680

G1X132.8102Y-299.7581

G1X130.1593Y-302.3522

G1X129.6703Y-302.6994

G1X129.2452Y-302.8598

G1X128.9907Y-302.8290

G1X128.8702Y-302.7016

G1X128.6221Y-301.9280

G1X128.4692Y-301.1130

G1X128.3499Y-300.9785

G1X128.1463Y-300.9226

G1X127.6821Y-300.9585

G1X126.9212Y-301.1580

G1X126.3573Y-300.8437

G1X125.7494Y-300.7540

G1X125.2922Y-300.9081

G1X123.1989Y-301.9490

G1X122.5047Y-302.1123

G1X121.8316Y-302.0639

G1X121.1273Y-301.8498

G1X120.3806Y-301.7640

G1X119.9653Y-301.5192

G1X119.7888Y-301.1381

G1X119.9727Y-300.4356

G1X120.6604Y-299.0588

G1X121.7482Y-297.3300

G1X121.9915Y-296.7006

G1X121.9375Y-296.1179

G1X121.5976Y-295.8516

G1X121.4277Y-295.5107

G1X121.4374Y-295.0013

G1X121.9440Y-293.9818

G1X122.6778Y-292.8347

G1X122.8878Y-292.1691

G1X122.7215Y-292.0169

G1X121.0673Y-291.7962

G1X119.4193Y-291.3835

G1X119.1770Y-291.2268

G1X119.0245Y-290.8395

G1X118.8672Y-290.7180

G1X117.0124Y-290.1202

G1X116.9190Y-289.9058

G1X117.0039Y-289.6149

G1X117.2144Y-289.2251

G1X117.7789Y-288.5391

G1X117.8047Y-288.2764

G1X117.7237Y-288.1102

G1X117.3733Y-287.8557

G1X116.0303Y-287.4876

G1X114.9723Y-287.0094

G1X114.6880Y-286.7191

G1X114.1480Y-285.6866

G1X113.9108Y-285.0645

G1X114.0731Y-284.7352

G1X115.2012Y-284.0412

G1X116.5770Y-283.4395

G1X116.8132Y-283.2113

G1X116.8688Y-282.9376

G1X116.6602Y-282.6443

G1X115.5679Y-282.0026

G1X115.3670Y-281.7267

G1X115.2849Y-281.4534

G1X115.2655Y-281.1747

G1X115.4380Y-280.4866

G1X115.1904Y-279.0051

G1X115.3945Y-278.4211

G1X115.8731Y-277.7047

G1X115.9312Y-277.3036

G1X115.8493Y-276.9976

G1X115.1756Y-276.0389

G1X112.9201Y-273.5071

G1X112.3127Y-272.6334

G1X111.9620Y-271.9050

G1X110.7193Y-266.6870

G1X110.7166Y-266.1935

G1X110.9397Y-265.7375

G1X111.2722Y-265.4765

G1X111.7119Y-265.3409

G1X112.3334Y-265.2977

G1X113.1118Y-265.3680

G1X115.2142Y-265.9169

G1X118.1591Y-266.8598

G1X121.1536Y-267.3563

G1X123.9761Y-267.9979

G1X124.3059Y-267.8540

G1X124.4426Y-267.5861

G1X124.4609Y-267.2942

G1X124.2532Y-266.1915

G1X124.1768Y-265.2450

G1X124.2719Y-264.9389

G1X124.4714Y-264.8883

G1X125.3808Y-265.2351

G1X126.8526Y-266.2156

G1X127.2779Y-266.3041

G1X128.2623Y-266.3038

G1X129.1281Y-266.7958

G1X129.5415Y-266.8361

G1X129.8391Y-266.6052

G1X130.0693Y-265.8317

G1X130.4088Y-265.2467

G1X130.4892Y-262.5457

G1X130.6368Y-261.7148

G1X130.8054Y-261.6431

G1X130.9797Y-261.7270

G1X132.2489Y-262.8545

G1X132.3881Y-262.8892

G1X132.5255Y-262.7119

G1X132.6601Y-261.8630

G1X132.9292Y-257.9591

G1X133.1894Y-256.7439

G1X133.5383Y-255.8861

G1X133.8473Y-255.5383

G1X134.4593Y-255.2156

G1X135.1546Y-255.1400

G1X136.0556Y-255.1811

G1X136.5475Y-255.0422

G1X137.0927Y-254.7253

G1X137.7772Y-254.0731

G1X138.7987Y-252.4397

G1X139.3528Y-251.7448

G1X139.7811Y-251.3649

G1X140.1033Y-251.2834

G1X140.5517Y-251.4769

G1X141.0382Y-251.8568

G1X141.9596Y-252.8387

G1X142.6775Y-253.2779

G1X143.1676Y-253.2944

G1X144.7180Y-253.0392

G1X145.3285Y-253.0464

G1X145.7099Y-253.1493

G1X146.5222Y-253.8867

G1X147.0997Y-254.6749

G1X147.4254Y-254.8129

G1X147.8057Y-254.7776

G1X148.3445Y-254.5811

G1X149.5963Y-253.7580

G1X150.2632Y-253.4959

G1X153.9570Y-252.7730

G1X154.7654Y-252.7114

G1X155.4972Y-252.7974

G1X156.2600Y-253.1106

G1X156.8010Y-253.5956

G1X157.1642Y-254.2804

G1X157.3556Y-255.1154

G1X157.3835Y-256.0586

G1X157.2651Y-257.2092

G1X156.3183Y-261.3313

G1X156.3319Y-262.1440

G1X156.5667Y-262.6277

G1X156.9793Y-262.8355

G1X157.6923Y-262.8579

G1X159.0652Y-262.5444

G1X160.8031Y-261.9876

G1X161.6161Y-261.8099

G1X162.6351Y-261.7202

G1X163.2852Y-261.9052

G1X163.8469Y-262.4555

G1X164.1789Y-263.0043

G1X164.3263Y-263.4099

G1X164.5392Y-264.6891

G1X164.9037Y-265.4414

G1X165.4746Y-265.8572

G1X167.0347Y-266.5926

G1X167.7042Y-267.1133

G1X168.5445Y-268.2301

G1X170.1980Y-269.7829

G1X171.1982Y-271.3569

G1X172.0472Y-272.2533

G1X172.7308Y-272.7355

G1X176.6911Y-274.7811

G1X179.8158Y-276.0129

G1X181.7834Y-276.9637

G1X182.3979Y-277.4996

G1X184.1180Y-279.7078

G1X186.9287Y-281.8845

G1X187.4756Y-282.4327

G1X187.6439Y-282.8615

G1X187.6526Y-283.2566

G1X187.5401Y-283.6534

G1X187.3142Y-284.0436

G1X186.9274Y-284.4291

G1X185.3885Y-285.3889

G1X184.5821Y-286.0818

G1X184.1464Y-286.6255

G1X184.1089Y-287.0381

G1X184.2845Y-287.3526

G1X184.6837Y-287.7427

G1X186.2752Y-288.9303

G1X188.3857Y-290.3404

G1X189.2584Y-291.2519

G1X189.6565Y-291.9524

G1X189.9806Y-292.7851

G1X190.4229Y-295.4422

G1X190.4333Y-295.9274

G1X190.1058Y-296.8211

G1X189.4480Y-297.6049

G1X187.2733Y-298.9031

G1X184.7795Y-300.9063

G1X183.3506Y-301.5473

G1X181.5609Y-301.9446

G1X178.8951Y-302.1176

G1X175.9945Y-302.0364

G1X173.8068Y-301.8192

G1X171.7403Y-301.4954

G1X167.5508Y-300.4964

G1X164.8969Y-299.9539

G1X163.9087Y-299.8570

G1X162.7771Y-299.9382

G1X161.0621Y-299.8993

G1X157.0826Y-298.9918

G1X155.4184Y-298.8307

G1X154.6622Y-299.0305

G1X153.3697Y-299.6319

G1X153.1739Y-299.8698

G1X152.9662Y-300.3886

G1X152.5628Y-300.5150

G1X152.4613Y-300.6421

G1X152.5156Y-300.9618

G1X152.7820Y-301.5436

G1X154.3977Y-304.4298

G1X153.2723Y-304.3385

G1 Z0F20000

(Start Block)


G1X154.1064Y-305.4374
G1Z5F20000
(Plotting speed under)
G1 F4000


G1X152.5363Y-304.6345

G1X151.5356Y-304.3189

G1X151.1698Y-304.3298

G1X150.7183Y-304.6554

G1X150.2458Y-304.8426

G1X149.6481Y-304.8351

G1X148.6958Y-304.4147

G1X147.5713Y-303.7014

G1X147.1590Y-303.5766

G1X146.5785Y-303.6284

G1X146.0618Y-303.8796

G1X145.3899Y-303.7825

G1X144.9373Y-303.8189

G1X144.6181Y-303.9303

G1X144.1526Y-304.3856

G1X143.9140Y-304.3516

G1X143.5102Y-304.0865

G1X143.0979Y-303.6011

G1X141.5808Y-300.8794

G1X141.2833Y-300.4403

G1X141.0886Y-300.2911

G1X140.9058Y-300.4998

G1X140.4721Y-302.3130

G1X140.2634Y-302.7039

G1X140.0646Y-302.7426

G1X139.7428Y-302.6173

G1X138.8823Y-301.8243

G1X138.4915Y-301.6883

G1X138.1465Y-302.0365

G1X137.3369Y-303.4281

G1X137.0166Y-303.7476

G1X136.6949Y-303.8872

G1X135.6515Y-303.3068

G1X135.4426Y-303.0868

G1X135.0103Y-302.1171

G1X134.5217Y-300.2884

G1X134.2659Y-299.8775

G1X133.9715Y-299.7561

G1X133.3292Y-299.7585

G1X132.9062Y-300.0079

G1X129.8724Y-303.2891

G1X129.3372Y-303.7281

G1X128.7720Y-303.9574

G1X128.5081Y-303.9128

G1X128.3507Y-303.7054

G1X127.9925Y-302.0320

G1X127.7192Y-301.8056

G1X127.2151Y-301.7981

G1X126.4259Y-301.9758

G1X125.5714Y-301.5240

G1X125.1078Y-301.5109

G1X122.6844Y-302.6670

G1X122.0093Y-302.8451

G1X121.2506Y-302.7463

G1X120.5851Y-302.4520

G1X119.5241Y-302.5145

G1X118.8078Y-302.3458

G1X118.7013Y-302.1943

G1X118.7016Y-301.9571

G1X119.0364Y-301.0733

G1X119.6181Y-299.9882

G1X120.8561Y-298.1277

G1X121.1439Y-297.5250

G1X121.2066Y-296.8469

G1X120.7805Y-296.3414

G1X120.6669Y-295.9547

G1X120.6936Y-295.5921

G1X121.2654Y-294.4326

G1X122.1104Y-293.1864

G1X122.3494Y-292.7129

G1X122.4003Y-292.4421

G1X122.2436Y-292.2874

G1X120.5550Y-292.0505

G1X119.2021Y-291.5808

G1X118.9271Y-291.4428

G1X118.6956Y-290.9679

G1X118.5315Y-290.8518

G1X116.4327Y-290.2971

G1X116.3392Y-290.1729

G1X116.3660Y-289.8925

G1X116.6423Y-289.3894

G1X117.3373Y-288.6431

G1X117.3717Y-288.3786

G1X117.2830Y-288.2107

G1X116.7907Y-287.9499

G1X115.1767Y-287.6810

G1X114.2288Y-287.4075

G1X113.6639Y-287.1429

G1X113.4547Y-286.8876

G1X112.8843Y-285.1965

G1X112.9252Y-284.9067

G1X113.3010Y-284.5629

G1X114.0691Y-284.1083

G1X115.6028Y-283.4286

G1X115.8891Y-283.1332

G1X115.9187Y-282.8823

G1X115.7198Y-282.6005

G1X114.6036Y-281.9318

G1X114.4017Y-281.6447

G1X114.2839Y-281.1717

G1X114.3188Y-280.4349

G1X114.0168Y-279.1588

G1X114.0077Y-278.7611

G1X114.2668Y-278.1566

G1X114.7905Y-277.6161

G1X114.9357Y-277.3403

G1X115.0054Y-277.0336

G1X114.9337Y-276.7240

G1X114.1662Y-275.6970

G1X112.4596Y-273.7218

G1X111.5921Y-272.5459

G1X110.9252Y-271.4052

G1X110.3982Y-270.0859

G1X110.1069Y-268.9046

G1X109.7511Y-265.8488

G1X109.8318Y-265.3715

G1X110.1064Y-264.9245

G1X110.4473Y-264.6994

G1X110.9677Y-264.5611

G1X112.2216Y-264.5864

G1X114.1861Y-265.0501

G1X116.6960Y-265.7840

G1X117.9911Y-266.0097

G1X119.1402Y-266.0583

G1X120.0203Y-266.1958

G1X122.8664Y-267.0583

G1X123.3002Y-267.1133

G1X123.5781Y-266.9868

G1X123.7426Y-266.5716

G1X123.4567Y-264.4291

G1X123.4944Y-264.0557

G1X123.7002Y-263.9228

G1X124.1797Y-264.0636

G1X124.8356Y-264.4192

G1X126.4798Y-265.6263

G1X126.8948Y-265.7454

G1X127.9767Y-265.7710

G1X128.8855Y-266.2985

G1X129.2886Y-266.3057

G1X129.5599Y-266.0258

G1X129.7590Y-265.0932

G1X130.0723Y-264.6061

G1X130.1487Y-264.3472

G1X130.2331Y-261.6337

G1X130.3760Y-260.8878

G1X130.5375Y-260.8153

G1X130.7898Y-260.9520

G1X132.0938Y-262.1821

G1X132.2260Y-262.2155

G1X132.3642Y-262.0396

G1X132.5011Y-261.1550

G1X132.7605Y-257.0213

G1X133.0331Y-255.7812

G1X133.4005Y-254.9330

G1X133.7250Y-254.6135

G1X134.4628Y-254.2923

G1X135.1801Y-254.2184

G1X136.5203Y-254.2922

G1X137.1595Y-254.0336

G1X137.9123Y-253.2636

G1X138.7304Y-251.8185

G1X139.2286Y-251.1238

G1X139.9169Y-250.4596

G1X140.2664Y-250.4192

G1X140.7243Y-250.6572

G1X141.1351Y-250.9763

G1X142.2272Y-252.1177

G1X142.7263Y-252.4415

G1X143.1884Y-252.4435

G1X144.8984Y-251.8653

G1X145.7359Y-251.8627

G1X146.2775Y-252.1067

G1X146.9591Y-252.7573

G1X147.4420Y-253.3448

G1X147.7743Y-253.4900

G1X148.1463Y-253.4381

G1X148.7835Y-253.1549

G1X150.2175Y-252.1275

G1X150.8677Y-251.8491

G1X151.8341Y-251.7500

G1X153.0350Y-251.7746

G1X155.6709Y-251.2940

G1X156.7958Y-251.3097

G1X157.3992Y-251.5960

G1X157.8696Y-252.1436

G1X158.1578Y-252.8736

G1X158.3066Y-253.8463

G1X158.3067Y-254.9175

G1X158.1845Y-255.9720

G1X157.1770Y-260.3874

G1X157.2144Y-261.3066

G1X157.5294Y-261.8870

G1X158.0157Y-262.1201

G1X158.7665Y-262.0915

G1X159.9483Y-261.8008

G1X161.8482Y-261.1491

G1X163.1407Y-260.8961

G1X163.8870Y-260.8808

G1X164.4736Y-261.0998

G1X165.3318Y-261.7677

G1X165.7172Y-262.2348

G1X166.1722Y-264.1212

G1X166.4075Y-264.5619

G1X166.8995Y-264.9511

G1X168.3059Y-265.6612

G1X168.7174Y-265.9743

G1X169.3158Y-266.6994

G1X169.8470Y-267.5836

G1X171.0656Y-268.7991

G1X172.1075Y-270.2373

G1X172.6197Y-270.7358

G1X174.3581Y-272.1669

G1X176.9527Y-273.8613

G1X178.9417Y-274.7543

G1X181.5918Y-275.6934

G1X182.8505Y-276.2629

G1X183.5968Y-276.6964

G1X184.1174Y-277.1771

G1X185.3384Y-278.9795

G1X185.8499Y-279.5624

G1X189.0675Y-281.8713

G1X189.6756Y-282.4599

G1X189.8546Y-282.9067

G1X189.8753Y-283.2959

G1X189.7362Y-283.7826

G1X189.4953Y-284.1629

G1X189.0146Y-284.5696

G1X187.3979Y-285.5313

G1X186.5467Y-286.2377

G1X186.1028Y-286.7737

G1X186.0685Y-287.1821

G1X186.2978Y-287.5486

G1X186.7216Y-287.9285

G1X188.4543Y-289.1515

G1X190.6982Y-290.5748

G1X191.1833Y-290.9664

G1X191.6542Y-291.4997

G1X192.0521Y-292.1974

G1X192.4200Y-293.1944

G1X192.6153Y-294.8233

G1X192.8532Y-295.9862

G1X192.8459Y-296.4891

G1X192.6917Y-296.9366

G1X192.4354Y-297.3574

G1X191.6721Y-298.1223

G1X189.2015Y-299.3931

G1X186.5129Y-301.5559

G1X185.0514Y-302.2127

G1X183.1384Y-302.6559

G1X180.3838Y-302.8813

G1X177.6198Y-302.8555

G1X175.3750Y-302.6457

G1X173.3211Y-302.3219

G1X168.8424Y-301.2249

G1X165.9474Y-300.6264

G1X165.0199Y-300.5598

G1X163.1941Y-300.7833

G1X162.3627Y-300.7957

G1X158.2789Y-299.9394

G1X156.6662Y-299.7769

G1X156.1420Y-299.9718

G1X155.3195Y-300.6633

G1X154.4665Y-300.8979

G1X153.7646Y-301.3670

G1X153.2334Y-301.4319

G1X153.2559Y-301.8195

G1X153.4720Y-302.3004

G1X155.3303Y-305.5816

G1X154.1064Y-305.4374

G1 Z0F20000

(Start Block)


G1X154.9581Y-306.5596
G1Z5F20000
(Plotting speed under)
G1 F4000


G1X153.2526Y-305.6468

G1X152.2012Y-305.3035

G1X151.8382Y-305.3193

G1X151.3722Y-305.7271

G1X150.9089Y-305.9509

G1X150.5876Y-306.0081

G1X150.2920Y-305.9637

G1X149.2868Y-305.5171

G1X148.1071Y-304.7745

G1X147.6854Y-304.6699

G1X147.1191Y-304.7834

G1X146.5852Y-305.1247

G1X145.8768Y-305.0701

G1X145.3684Y-305.1461

G1X145.0044Y-305.3172

G1X144.6566Y-305.7169

G1X144.3545Y-305.7167

G1X143.9166Y-305.4275

G1X143.4518Y-304.8640

G1X141.8116Y-301.8066

G1X141.5094Y-301.3312

G1X141.2660Y-301.1256

G1X141.1743Y-301.1697

G1X141.0759Y-301.4056

G1X140.6656Y-303.4438

G1X140.4518Y-303.9184

G1X140.1775Y-303.9561

G1X139.8813Y-303.8147

G1X138.9909Y-302.9142

G1X138.7218Y-302.7503

G1X138.5469Y-302.7457

G1X138.2216Y-303.0542

G1X137.2424Y-304.6353

G1X136.8155Y-304.9879

G1X136.4560Y-305.0366

G1X135.5227Y-304.6428

G1X135.2573Y-304.3466

G1X134.8467Y-303.3109

G1X134.5206Y-301.7023

G1X134.2427Y-300.8322

G1X133.9001Y-300.3289

G1X133.4520Y-300.1321

G1X133.1013Y-300.1995

G1X132.6273Y-300.6042

G1X130.5896Y-303.1460

G1X129.3698Y-304.4558

G1X128.8714Y-304.8695

G1X128.3362Y-305.0982

G1X128.0033Y-305.0466

G1X127.8542Y-304.8486

G1X127.6301Y-303.9905

G1X127.5190Y-303.0461

G1X127.3969Y-302.8132

G1X127.2307Y-302.7102

G1X126.8151Y-302.6584

G1X125.9196Y-302.8118

G1X125.3251Y-302.4330

G1X124.8420Y-302.2523

G1X124.2510Y-302.3775

G1X122.1773Y-303.3960

G1X121.6145Y-303.5879

G1X121.1924Y-303.5973

G1X120.7466Y-303.4942

G1X120.2341Y-303.1527

G1X120.0120Y-303.0884

G1X118.7426Y-303.3170

G1X117.9296Y-303.3722

G1X117.6684Y-303.2969

G1X117.5933Y-303.1542

G1X117.6400Y-302.8124

G1X118.0787Y-301.8010

G1X118.6291Y-300.8332

G1X119.9606Y-298.8955

G1X120.3062Y-298.1786

G1X120.3796Y-297.8156

G1X120.3503Y-297.4105

G1X120.0123Y-297.0473

G1X119.8766Y-296.5938

G1X119.9719Y-295.9792

G1X120.5433Y-294.9124

G1X121.6476Y-293.3198

G1X121.8787Y-292.7368

G1X121.7362Y-292.5747

G1X120.3657Y-292.3687

G1X119.8546Y-292.2022

G1X118.6415Y-291.5629

G1X118.4104Y-291.0793

G1X118.2391Y-290.9683

G1X116.2163Y-290.5794

G1X115.8318Y-290.4210

G1X115.7654Y-290.1645

G1X116.0190Y-289.6267

G1X116.8889Y-288.6902

G1X116.8763Y-288.4353

G1X116.6633Y-288.2300

G1X116.1563Y-288.0636

G1X114.4092Y-287.8797

G1X113.4177Y-287.6808

G1X112.6278Y-287.4344

G1X112.2528Y-287.1524

G1X112.0118Y-285.7605

G1X111.8102Y-285.2651

G1X111.8429Y-284.9634

G1X112.2186Y-284.6049

G1X112.9979Y-284.1307

G1X114.6054Y-283.4176

G1X114.9102Y-283.1114

G1X114.9529Y-282.8495

G1X114.7579Y-282.5558

G1X113.7631Y-281.9749

G1X113.4682Y-281.6604

G1X113.2704Y-280.9555

G1X113.2150Y-280.2837

G1X112.8490Y-278.9377

G1X112.8536Y-278.5374

G1X113.0485Y-278.0730

G1X113.2315Y-277.8249

G1X113.8044Y-277.3449

G1X114.0171Y-277.0149

G1X114.0936Y-276.7390

G1X114.0323Y-276.4543

G1X111.9688Y-273.9329

G1X110.5720Y-271.9854

G1X109.5633Y-270.2914

G1X109.0068Y-268.9395

G1X108.8798Y-268.2122

G1X108.9552Y-266.3014

G1X108.8528Y-265.1778

G1X108.9862Y-264.6023

G1X109.2508Y-264.1875

G1X109.6348Y-263.9399

G1X110.1013Y-263.8016

G1X110.7920Y-263.7474

G1X111.4479Y-263.8107

G1X115.6942Y-264.7784

G1X116.8865Y-264.9160

G1X117.9072Y-264.8817

G1X118.8892Y-265.0380

G1X119.7862Y-265.2919

G1X122.0610Y-266.1634

G1X122.5683Y-266.2654

G1X122.9059Y-266.1072

G1X123.0440Y-265.7088

G1X122.7594Y-263.4789

G1X122.8078Y-263.0995

G1X123.0180Y-262.9850

G1X123.4579Y-263.1254

G1X124.2988Y-263.6180

G1X126.1182Y-265.0380

G1X126.5595Y-265.1821

G1X127.6862Y-265.2291

G1X128.5482Y-265.7550

G1X128.9426Y-265.8177

G1X129.2659Y-265.5326

G1X129.4689Y-264.4033

G1X129.7967Y-263.9050

G1X129.8793Y-263.6454

G1X129.9874Y-260.8134

G1X130.1291Y-260.0958

G1X130.2823Y-260.0238

G1X130.6061Y-260.2125

G1X131.9422Y-261.5298

G1X132.0684Y-261.5615

G1X132.2041Y-261.3972

G1X132.3515Y-260.4277

G1X132.6024Y-256.1423

G1X132.8875Y-254.8839

G1X133.2727Y-254.0485

G1X133.6119Y-253.7574

G1X134.5848Y-253.4182

G1X135.2186Y-253.3812

G1X136.5999Y-253.5969

G1X137.1518Y-253.4208

G1X137.8697Y-252.7010

G1X138.9212Y-250.8065

G1X139.5566Y-249.9589

G1X139.9787Y-249.5964

G1X140.3382Y-249.5424

G1X140.8092Y-249.7772

G1X141.3047Y-250.1730

G1X142.4294Y-251.3823

G1X142.8548Y-251.6666

G1X143.1210Y-251.6876

G1X143.3955Y-251.6068

G1X145.0581Y-250.8241

G1X145.8046Y-250.7389

G1X146.5000Y-250.9433

G1X147.7650Y-252.0507

G1X148.1195Y-252.1990

G1X148.5484Y-252.1068

G1X149.1359Y-251.7975

G1X150.9112Y-250.4493

G1X151.4652Y-250.1976

G1X152.4409Y-250.1634

G1X153.4752Y-250.4236

G1X154.1835Y-250.4382

G1X155.0364Y-250.3222

G1X156.5561Y-249.8805

G1X157.3264Y-249.7717

G1X157.8297Y-249.7874

G1X158.4128Y-250.0815

G1X158.8436Y-250.6498

G1X159.1130Y-251.4567

G1X159.2349Y-252.5104

G1X159.2308Y-253.5836

G1X159.0964Y-254.7448

G1X158.0368Y-259.3700

G1X158.0661Y-260.3785

G1X158.2111Y-260.8125

G1X158.4249Y-261.1474

G1X158.8694Y-261.3817

G1X159.5807Y-261.3524

G1X160.6723Y-261.0861

G1X162.9084Y-260.2959

G1X164.6422Y-260.0076

G1X165.3483Y-260.1191

G1X166.8150Y-260.9172

G1X167.1092Y-261.1782

G1X167.2541Y-261.4311

G1X167.6804Y-263.2510

G1X167.8528Y-263.5973

G1X168.3766Y-264.0528

G1X169.7710Y-264.8061

G1X170.0919Y-265.0733

G1X170.6947Y-265.9652

G1X171.2014Y-266.9114

G1X172.1361Y-267.8907

G1X173.2613Y-269.4756

G1X173.6141Y-269.8601

G1X174.8861Y-270.7087

G1X177.0167Y-272.5084

G1X178.3874Y-273.5060

G1X180.1411Y-274.2595

G1X183.2872Y-275.3357

G1X184.4706Y-275.8729

G1X185.2502Y-276.3210

G1X185.8347Y-276.8488

G1X186.9445Y-278.6854

G1X187.5646Y-279.4185

G1X191.2228Y-281.8767

G1X191.8603Y-282.4811

G1X192.0613Y-282.9498

G1X192.0969Y-283.3335

G1X191.9808Y-283.8125

G1X191.7566Y-284.1866

G1X191.2166Y-284.6376

G1X189.5214Y-285.6256

G1X188.6544Y-286.3209

G1X188.1657Y-286.8483

G1X188.0773Y-287.2473

G1X188.3220Y-287.6873

G1X188.9051Y-288.1821

G1X193.3777Y-291.0873

G1X193.9590Y-291.6569

G1X194.3475Y-292.2672

G1X194.8363Y-293.6972

G1X194.9633Y-295.1966

G1X195.2138Y-296.8470

G1X195.0913Y-297.2964

G1X194.8004Y-297.7709

G1X194.3072Y-298.2848

G1X193.7086Y-298.7374

G1X191.0368Y-299.9452

G1X188.4306Y-302.0924

G1X187.3915Y-302.6560

G1X186.3274Y-303.0288

G1X185.0299Y-303.3332

G1X181.9020Y-303.6628

G1X179.1332Y-303.6763

G1X175.9905Y-303.3456

G1X174.0650Y-302.9762

G1X168.9574Y-301.7045

G1X166.9787Y-301.3303

G1X166.1193Y-301.3164

G1X164.3637Y-301.6841

G1X163.6002Y-301.7272

G1X159.4567Y-300.9288

G1X158.3808Y-300.7792

G1X157.8588Y-300.7848

G1X157.4466Y-300.9826

G1X157.0889Y-301.3562

G1X156.8034Y-301.8013

G1X156.5625Y-301.9691

G1X154.6383Y-302.3131

G1X154.1271Y-302.2627

G1X153.9926Y-302.3263

G1X154.0206Y-302.7056

G1X154.3100Y-303.3294

G1X156.2787Y-306.7528

G1X154.9581Y-306.5596

G1 Z0F20000

(Start Block)


G1X155.8234Y-307.6996
G1Z5F20000
(Plotting speed under)
G1 F4000


G1X154.0720Y-306.7252

G1X153.1333Y-306.3571

G1X152.4963Y-306.3187

G1X151.9373Y-306.8311

G1X151.4468Y-307.0592

G1X151.0949Y-307.0879

G1X150.2597Y-306.7898

G1X148.7921Y-305.9172

G1X148.3190Y-305.7629

G1X147.7437Y-305.8949

G1X147.1083Y-306.3694

G1X146.2750Y-306.3617

G1X145.7401Y-306.4878

G1X145.4582Y-306.6372

G1X145.0872Y-307.0553

G1X144.7740Y-307.0494

G1X144.3433Y-306.7680

G1X143.8412Y-306.1700

G1X142.0117Y-302.7115

G1X141.6788Y-302.1942

G1X141.4573Y-302.0256

G1X141.2742Y-302.3092

G1X140.8460Y-304.6688

G1X140.6304Y-305.1641

G1X140.3398Y-305.2092

G1X140.0249Y-305.0556

G1X139.1754Y-304.1496

G1X138.8862Y-303.9403

G1X138.6073Y-303.8980

G1X138.2624Y-304.2255

G1X137.3658Y-305.6972

G1X136.9140Y-306.1578

G1X136.5925Y-306.3274

G1X136.3894Y-306.3404

G1X135.4852Y-306.0878

G1X135.1612Y-305.8213

G1X134.8084Y-305.0151

G1X134.2753Y-302.3879

G1X133.9689Y-301.3503

G1X133.6693Y-300.8364

G1X133.2797Y-300.6009

G1X132.9734Y-300.6767

G1X132.5131Y-301.1059

G1X130.4408Y-303.8768

G1X129.1974Y-305.3178

G1X128.5194Y-305.9631

G1X127.9260Y-306.2762

G1X127.5509Y-306.2710

G1X127.3343Y-306.0384

G1X127.1039Y-305.0827

G1X127.0057Y-304.0204

G1X126.8148Y-303.6946

G1X126.2218Y-303.5462

G1X125.4007Y-303.6685

G1X124.7867Y-303.2620

G1X124.2669Y-303.0488

G1X123.6926Y-303.1655

G1X121.5227Y-304.2138

G1X120.9731Y-304.3921

G1X120.5478Y-304.3851

G1X120.1053Y-304.2530

G1X119.6203Y-303.8464

G1X119.3896Y-303.7796

G1X117.1055Y-304.3111

G1X116.7773Y-304.3389

G1X116.5674Y-304.2540

G1X116.5232Y-304.0841

G1X116.5982Y-303.7121

G1X117.1199Y-302.5665

G1X117.6027Y-301.7447

G1X118.9708Y-299.7822

G1X119.3736Y-298.9913

G1X119.4723Y-298.5420

G1X119.4521Y-298.1310

G1X119.1223Y-297.7290

G1X119.0106Y-297.2801

G1X119.0383Y-296.8645

G1X119.1658Y-296.4945

G1X119.8172Y-295.3507

G1X121.0658Y-293.6204

G1X121.2731Y-293.2204

G1X121.2955Y-292.9982

G1X121.0849Y-292.8578

G1X119.9721Y-292.6463

G1X119.5047Y-292.4720

G1X118.3867Y-291.6700

G1X118.2201Y-291.2720

G1X117.9768Y-291.0726

G1X115.7052Y-290.7252

G1X115.3083Y-290.5850

G1X115.2100Y-290.3315

G1X115.4400Y-289.7883

G1X116.3219Y-288.8858

G1X116.3292Y-288.5918

G1X116.1466Y-288.4031

G1X115.5255Y-288.2100

G1X113.4076Y-288.0480

G1X112.2204Y-287.8433

G1X111.3127Y-287.5720

G1X111.0909Y-287.4311

G1X110.9848Y-287.2598

G1X110.9045Y-285.9591

G1X110.6872Y-285.3370

G1X110.7167Y-285.0224

G1X111.0986Y-284.6484

G1X111.8978Y-284.1537

G1X113.5827Y-283.4064

G1X113.9064Y-283.0890

G1X113.9621Y-282.8158

G1X113.7807Y-282.5176

G1X112.7484Y-281.8976

G1X112.4762Y-281.6017

G1X111.7361Y-278.7268

G1X111.7554Y-278.3115

G1X111.9206Y-277.9237

G1X112.1802Y-277.5837

G1X112.7745Y-277.1475

G1X113.0360Y-276.8425

G1X113.1986Y-276.4767

G1X113.1487Y-276.1897

G1X111.1657Y-273.7470

G1X109.4776Y-271.3057

G1X108.3978Y-269.5882

G1X107.8195Y-268.2330

G1X107.7522Y-267.4968

G1X108.0614Y-265.7601

G1X108.0086Y-264.5352

G1X108.1516Y-263.9242

G1X108.4075Y-263.4866

G1X108.7001Y-263.2581

G1X109.1596Y-263.0613

G1X110.0867Y-262.9574

G1X111.8530Y-263.1902

G1X114.6389Y-263.7121

G1X115.6317Y-263.7801

G1X116.9841Y-263.7442

G1X118.4408Y-264.1074

G1X121.3915Y-265.3476

G1X121.9904Y-265.4489

G1X122.2367Y-265.3062

G1X122.3810Y-264.8900

G1X122.1019Y-262.5832

G1X122.1607Y-262.1983

G1X122.3742Y-262.0960

G1X122.8743Y-262.2769

G1X123.7108Y-262.7937

G1X125.3288Y-264.1489

G1X125.8557Y-264.4891

G1X126.5908Y-264.6426

G1X127.3831Y-264.6639

G1X128.3785Y-265.2738

G1X128.7478Y-265.2760

G1X129.0439Y-264.9153

G1X129.2045Y-263.7741

G1X129.5476Y-263.2715

G1X129.6355Y-263.0102

G1X129.7566Y-260.0421

G1X129.8958Y-259.3473

G1X130.0516Y-259.2747

G1X130.3865Y-259.4717

G1X131.0188Y-260.0385

G1X131.7932Y-260.8925

G1X131.9650Y-260.8963

G1X132.0701Y-260.7081

G1X132.2875Y-258.6452

G1X132.4451Y-255.4138

G1X132.6901Y-254.2591

G1X133.0772Y-253.3546

G1X133.5086Y-252.9760

G1X134.6185Y-252.6428

G1X135.2696Y-252.6330

G1X136.7084Y-252.9555

G1X137.1992Y-252.7702

G1X137.9213Y-251.9876

G1X138.8090Y-250.2570

G1X139.2918Y-249.5189

G1X139.7070Y-248.9936

G1X140.0461Y-248.7098

G1X140.5103Y-248.6677

G1X141.1763Y-249.0784

G1X142.5910Y-250.6277

G1X142.9882Y-250.9114

G1X143.2539Y-250.9285

G1X143.5376Y-250.8311

G1X145.2864Y-249.8900

G1X145.9949Y-249.7743

G1X146.7730Y-249.9475

G1X148.0627Y-250.8129

G1X148.4351Y-250.9473

G1X148.7822Y-250.8778

G1X149.3157Y-250.5918

G1X150.1514Y-250.0076

G1X151.5206Y-248.8420

G1X152.1558Y-248.5386

G1X152.5721Y-248.5020

G1X153.1454Y-248.5810

G1X154.1477Y-249.0432

G1X155.0422Y-249.1404

G1X155.7771Y-249.0422

G1X157.7706Y-248.4192

G1X158.4259Y-248.3183

G1X158.8106Y-248.3418

G1X159.3984Y-248.6864

G1X159.8152Y-249.3263

G1X160.0223Y-250.0406

G1X160.1399Y-251.2077

G1X160.1308Y-252.3778

G1X160.0112Y-253.4385

G1X159.0456Y-257.4565

G1X158.8725Y-258.4971

G1X158.9444Y-259.6352

G1X159.1108Y-260.1168

G1X159.3417Y-260.4518

G1X159.7743Y-260.6225

G1X160.5476Y-260.5553

G1X161.5323Y-260.3011

G1X163.8079Y-259.4688

G1X165.6495Y-259.1409

G1X166.3598Y-259.2243

G1X168.2988Y-260.0425

G1X168.5194Y-260.2341

G1X168.7234Y-260.5870

G1X168.9817Y-261.4009

G1X169.1336Y-262.2687

G1X169.3040Y-262.6387

G1X169.8357Y-263.1270

G1X171.1893Y-263.8931

G1X171.5631Y-264.2136

G1X172.6219Y-266.2062

G1X173.4805Y-267.1660

G1X174.5717Y-268.8442

G1X174.9413Y-269.2635

G1X176.6988Y-270.3500

G1X178.9657Y-272.4647

G1X179.8895Y-273.1340

G1X181.3104Y-273.7404

G1X184.9904Y-274.9766

G1X186.1808Y-275.5247

G1X186.9722Y-275.9917

G1X187.6101Y-276.5998

G1X188.5802Y-278.4324

G1X189.2698Y-279.2754

G1X190.0282Y-279.8297

G1X193.3218Y-281.8536

G1X193.7702Y-282.2018

G1X194.0433Y-282.5273

G1X194.2561Y-282.9912

G1X194.3049Y-283.4645

G1X194.2191Y-283.8416

G1X193.9719Y-284.2677

G1X193.4083Y-284.7208

G1X191.7051Y-285.7160

G1X190.8362Y-286.4085

G1X190.3192Y-286.9300

G1X190.1914Y-287.4032

G1X190.4289Y-287.8337

G1X191.0741Y-288.3770

G1X195.7159Y-291.3593

G1X196.2954Y-291.9085

G1X196.6543Y-292.4521

G1X197.1602Y-294.1062

G1X197.2309Y-295.6539

G1X197.4446Y-296.8823

G1X197.4519Y-297.3761

G1X197.3105Y-297.8153

G1X196.9969Y-298.2792

G1X195.9347Y-299.1761

G1X195.3278Y-299.5010

G1X193.5059Y-300.1811

G1X192.8716Y-300.5054

G1X192.1820Y-301.0139

G1X190.2286Y-302.7451

G1X189.1085Y-303.3632

G1X187.9577Y-303.7679

G1X186.6812Y-304.0773

G1X183.4501Y-304.4650

G1X180.7616Y-304.5106

G1X177.5261Y-304.1809

G1X175.5980Y-303.8073

G1X170.3591Y-302.5001

G1X168.2708Y-302.1111

G1X167.4144Y-302.1188

G1X165.6547Y-302.6399

G1X165.0158Y-302.7111

G1X160.1451Y-301.8945

G1X159.1136Y-301.8452

G1X158.7366Y-302.0438

G1X158.3670Y-302.4995

G1X158.0735Y-303.0348

G1X157.8381Y-303.1887

G1X155.5216Y-303.2703

G1X154.8977Y-303.1751

G1X154.7754Y-303.2454

G1X154.8100Y-303.6202

G1X155.1367Y-304.3163

G1X157.2354Y-307.9343

G1X155.8234Y-307.6996

G1 Z0F20000

(Start Block)


G1X156.6982Y-308.8523
G1Z5F20000
(Plotting speed under)
G1 F4000


G1X154.7402Y-307.7438

G1X153.6947Y-307.3411

G1X153.1675Y-307.3151

G1X152.5659Y-307.8451

G1X152.1151Y-308.0639

G1X151.6889Y-308.1169

G1X150.9274Y-307.8663

G1X149.3191Y-306.9620

G1X148.8397Y-306.8333

G1X148.2648Y-307.0331

G1X147.6241Y-307.5963

G1X146.3616Y-307.7112

G1X145.8984Y-307.9177

G1X145.5012Y-308.3416

G1X145.1765Y-308.3279

G1X144.6760Y-307.9833

G1X144.1766Y-307.3718

G1X142.2435Y-303.7028

G1X141.8951Y-303.1660

G1X141.6641Y-302.9986

G1X141.5495Y-303.0929

G1X141.4699Y-303.3400

G1X141.0000Y-306.0277

G1X140.8954Y-306.3108

G1X140.7395Y-306.4679

G1X140.4632Y-306.4702

G1X140.1726Y-306.3326

G1X139.2878Y-305.4105

G1X138.9312Y-305.1722

G1X138.6730Y-305.1526

G1X138.2780Y-305.5442

G1X137.3549Y-307.0504

G1X136.7894Y-307.6046

G1X136.3170Y-307.7611

G1X135.3115Y-307.5369

G1X134.9673Y-307.2013

G1X134.5911Y-306.2267

G1X134.0601Y-303.2123

G1X133.7626Y-302.0370

G1X133.4919Y-301.4601

G1X133.1319Y-301.1892

G1X132.8146Y-301.2692

G1X132.3670Y-301.7080

G1X130.1371Y-304.8206

G1X128.8006Y-306.4295

G1X128.0083Y-307.2023

G1X127.3413Y-307.5361

G1X126.9963Y-307.5056

G1X126.7567Y-307.1882

G1X126.5578Y-306.2152

G1X126.4767Y-305.0260

G1X126.2956Y-304.6661

G1X125.7052Y-304.4554

G1X124.8676Y-304.5488

G1X124.2297Y-304.1197

G1X123.6924Y-303.8896

G1X123.1254Y-303.9921

G1X120.8618Y-305.0634

G1X120.2976Y-305.2389

G1X119.8660Y-305.2182

G1X119.4203Y-305.0636

G1X119.0010Y-304.6578

G1X118.7010Y-304.5443

G1X116.0721Y-305.2574

G1X115.7675Y-305.2908

G1X115.5676Y-305.2240

G1X115.5093Y-305.0090

G1X115.5933Y-304.6129

G1X116.1303Y-303.4248

G1X117.9831Y-300.6334

G1X118.3875Y-299.8257

G1X118.4897Y-299.3533

G1X118.4732Y-298.9164

G1X118.1485Y-298.4749

G1X118.0623Y-298.0853

G1X118.0784Y-297.6540

G1X118.2031Y-297.2495

G1X118.9224Y-295.9892

G1X120.3946Y-294.0036

G1X120.6609Y-293.3646

G1X120.4777Y-293.1987

G1X119.9182Y-293.0680

G1X119.1496Y-292.7481

G1X118.7298Y-292.2308

G1X118.1495Y-291.7696

G1X117.9872Y-291.3643

G1X117.7996Y-291.1961

G1X115.1801Y-290.8614

G1X114.7237Y-290.6725

G1X114.6674Y-290.3957

G1X114.8376Y-289.9564

G1X115.6851Y-289.0439

G1X115.6720Y-288.7697

G1X115.5049Y-288.5946

G1X114.7673Y-288.3743

G1X112.3944Y-288.2273

G1X111.0455Y-288.0144

G1X110.1106Y-287.7490

G1X109.8757Y-287.6064

G1X109.7614Y-287.4278

G1X109.7105Y-285.9537

G1X109.4860Y-285.2796

G1X109.5795Y-285.0245

G1X109.9847Y-284.6585

G1X110.7663Y-284.1773

G1X112.5328Y-283.3950

G1X112.8546Y-283.0975

G1X112.9475Y-282.8453

G1X112.7667Y-282.4707

G1X111.7187Y-281.8261

G1X111.4471Y-281.5189

G1X110.6942Y-278.4930

G1X110.7264Y-278.1119

G1X110.8801Y-277.7537

G1X111.1961Y-277.3496

G1X111.8378Y-276.9027

G1X112.1288Y-276.5918

G1X112.3230Y-276.2199

G1X112.2838Y-275.9263

G1X110.2870Y-273.4182

G1X107.8718Y-269.8705

G1X107.1937Y-268.7227

G1X106.7702Y-267.6795

G1X106.7348Y-266.9465

G1X107.2175Y-265.2489

G1X107.2536Y-263.6977

G1X107.3901Y-263.1623

G1X107.6601Y-262.7300

G1X108.3456Y-262.2821

G1X109.1469Y-262.1415

G1X110.6494Y-262.2300

G1X113.4414Y-262.5887

G1X115.6061Y-262.5772

G1X117.4317Y-263.0768

G1X120.6789Y-264.5584

G1X121.3538Y-264.7051

G1X121.6148Y-264.5617

G1X121.7653Y-264.1296

G1X121.5576Y-262.7218

G1X121.4970Y-261.7031

G1X121.5709Y-261.3585

G1X121.7864Y-261.2729

G1X122.2790Y-261.4557

G1X123.2149Y-262.0470

G1X124.9337Y-263.5098

G1X125.4741Y-263.8643

G1X125.8845Y-263.9872

G1X127.0606Y-264.0623

G1X128.0321Y-264.6882

G1X128.4900Y-264.7385

G1X128.8013Y-264.3815

G1X128.9695Y-263.2150

G1X129.3416Y-262.6930

G1X129.4211Y-262.4514

G1X129.5417Y-259.3228

G1X129.6772Y-258.6458

G1X129.8234Y-258.5683

G1X130.1343Y-258.7326

G1X130.8243Y-259.3497

G1X131.6462Y-260.2660

G1X131.8111Y-260.2694

G1X131.9206Y-260.0818

G1X132.1481Y-257.9897

G1X132.3130Y-254.6781

G1X132.5678Y-253.5199

G1X132.9699Y-252.6277

G1X133.1375Y-252.4309

G1X133.4160Y-252.2741

G1X134.6871Y-251.9518

G1X135.3888Y-251.9859

G1X136.6909Y-252.3207

G1X137.1922Y-252.1296

G1X137.5699Y-251.7779

G1X137.9277Y-251.2964

G1X138.7986Y-249.5239

G1X139.3165Y-248.6845

G1X139.7872Y-248.0645

G1X140.1165Y-247.7802

G1X140.3698Y-247.6973

G1X140.6493Y-247.7427

G1X141.2751Y-248.1391

G1X142.8201Y-249.9421

G1X143.0425Y-250.1204

G1X143.2913Y-250.1921

G1X143.7721Y-250.0443

G1X145.3888Y-249.1458

G1X145.9831Y-248.9787

G1X146.9148Y-249.0460

G1X148.5199Y-249.7205

G1X149.0274Y-249.6908

G1X149.5751Y-249.3881

G1X150.6219Y-248.5940

G1X152.1917Y-247.2179

G1X152.8062Y-246.9232

G1X153.2077Y-246.8928

G1X153.8391Y-247.0233

G1X154.8214Y-247.6401

G1X155.8153Y-247.8305

G1X156.5467Y-247.7365

G1X157.8647Y-247.2639

G1X158.7212Y-247.0559

G1X159.6321Y-246.9899

G1X160.2098Y-247.3053

G1X160.6773Y-247.9991

G1X160.9100Y-248.8465

G1X161.0179Y-250.0415

G1X161.0068Y-251.2047

G1X160.8731Y-252.3484

G1X159.8974Y-256.3795

G1X159.7028Y-257.5113

G1X159.7482Y-258.6443

G1X159.9462Y-259.3031

G1X160.1574Y-259.6259

G1X160.6361Y-259.8089

G1X161.5066Y-259.7146

G1X162.4371Y-259.4642

G1X164.7403Y-258.6114

G1X165.8084Y-258.3657

G1X166.6700Y-258.2625

G1X167.3738Y-258.3306

G1X169.6489Y-259.1457

G1X169.9378Y-259.4270

G1X170.1410Y-259.8038

G1X170.4005Y-260.5065

G1X170.5668Y-261.3294

G1X170.7391Y-261.6810

G1X171.3277Y-262.2182

G1X172.6944Y-263.0108

G1X173.0734Y-263.3521

G1X174.1192Y-265.4630

G1X174.9697Y-266.4842

G1X175.9755Y-268.2213

G1X176.3760Y-268.7128

G1X178.2877Y-269.9067

G1X179.1564Y-270.6738

G1X180.1446Y-271.7246

G1X181.3831Y-272.6871

G1X182.7219Y-273.2735

G1X186.7051Y-274.6152

G1X187.7598Y-275.1040

G1X188.6326Y-275.6179

G1X189.3249Y-276.2624

G1X189.7855Y-277.3776

G1X190.2022Y-278.1411

G1X190.8821Y-279.0501

G1X191.7938Y-279.7178

G1X195.4767Y-281.8843

G1X195.9118Y-282.2222

G1X196.2095Y-282.5815

G1X196.4414Y-283.0654

G1X196.5040Y-283.4589

G1X196.4488Y-283.8506

G1X196.2257Y-284.2936

G1X195.6709Y-284.7655

G1X193.9527Y-285.8031

G1X193.0106Y-286.5743

G1X192.5203Y-287.0944

G1X192.4052Y-287.5663

G1X192.6406Y-287.9993

G1X193.2762Y-288.5464

G1X198.0761Y-291.6793

G1X198.5643Y-292.1446

G1X198.9349Y-292.7067

G1X199.1366Y-293.2560

G1X199.3738Y-294.3749

G1X199.3755Y-296.0863

G1X199.5677Y-297.7604

G1X199.4406Y-298.2248

G1X199.1425Y-298.6863

G1X198.1137Y-299.5843

G1X197.3255Y-300.0233

G1X195.4407Y-300.7113

G1X194.7340Y-301.0654

G1X194.0610Y-301.5702

G1X192.0518Y-303.4300

G1X190.9426Y-304.0654

G1X189.7778Y-304.4953

G1X188.4875Y-304.8295

G1X185.2480Y-305.2694

G1X182.6194Y-305.3593

G1X179.2891Y-305.0573

G1X177.2648Y-304.6799

G1X171.7433Y-303.3246

G1X169.6676Y-302.9550

G1X168.8104Y-302.9835

G1X167.0522Y-303.6436

G1X166.4051Y-303.7371

G1X161.3432Y-302.9851

G1X160.4262Y-302.9544

G1X160.0216Y-303.1611

G1X159.6164Y-303.6325

G1X159.2850Y-304.1809

G1X159.0346Y-304.3245

G1X156.4059Y-304.2288

G1X155.7713Y-304.1022

G1X155.5809Y-304.1886

G1X155.6232Y-304.5622

G1X155.9859Y-305.3287

G1X158.1937Y-309.1177

G1X156.6982Y-308.8523

G1 Z0F20000

(Start Block)


G1X157.5991Y-310.0392
G1Z5F20000
(Plotting speed under)
G1 F4000


G1X155.5354Y-308.8626

G1X154.3881Y-308.3992

G1X153.8512Y-308.3522

G1X153.1892Y-308.8504

G1X152.7093Y-309.0608

G1X152.2639Y-309.1129

G1X151.4806Y-308.8687

G1X149.8463Y-308.0074

G1X149.4806Y-307.9060

G1X149.1550Y-307.9645

G1X148.7881Y-308.1763

G1X148.1425Y-308.8298

G1X146.7260Y-309.0150

G1X146.3437Y-309.1760

G1X145.8816Y-309.5999

G1X145.6283Y-309.5882

G1X145.0743Y-309.2300

G1X144.5051Y-308.5484

G1X142.5223Y-304.8377

G1X142.1242Y-304.2465

G1X141.8990Y-304.1040

G1X141.7793Y-304.2092

G1X141.6953Y-304.4715

G1X141.1912Y-307.3173

G1X141.0858Y-307.6004

G1X140.9222Y-307.7754

G1X140.6328Y-307.7989

G1X140.3279Y-307.6757

G1X139.2992Y-306.6864

G1X139.0178Y-306.5191

G1X138.7438Y-306.5039

G1X138.2988Y-306.9555

G1X137.3387Y-308.5187

G1X136.7968Y-309.0705

G1X136.2678Y-309.2914

G1X135.1665Y-309.0875

G1X134.9782Y-308.9686

G1X134.7731Y-308.6686

G1X134.3941Y-307.5956

G1X133.8289Y-303.9779

G1X133.5541Y-302.7792

G1X133.3102Y-302.2007

G1X132.9530Y-301.9014

G1X132.6222Y-301.9872

G1X132.1167Y-302.5094

G1X129.8770Y-305.7257

G1X128.4447Y-307.5075

G1X127.4994Y-308.4491

G1X126.8046Y-308.7943

G1X126.4440Y-308.7565

G1X126.2051Y-308.4461

G1X125.9939Y-307.3840

G1X125.9202Y-306.0854

G1X125.7667Y-305.7157

G1X125.5358Y-305.5269

G1X125.1673Y-305.4022

G1X124.3301Y-305.4362

G1X123.7586Y-305.0301

G1X123.2042Y-304.7819

G1X122.8387Y-304.7755

G1X122.4986Y-304.8778

G1X119.7150Y-306.1117

G1X119.3521Y-306.1344

G1X118.8670Y-306.0020

G1X118.6006Y-305.8773

G1X118.1733Y-305.4412

G1X117.9455Y-305.3833

G1X115.2432Y-306.1407

G1X114.8306Y-306.2001

G1X114.6292Y-306.1410

G1X114.5536Y-305.9268

G1X114.6005Y-305.6051

G1X115.1061Y-304.3784

G1X115.5668Y-303.5652

G1X116.9093Y-301.5714

G1X117.2941Y-300.7752

G1X117.3948Y-300.3093

G1X117.3870Y-299.8069

G1X117.0791Y-299.2762

G1X117.0286Y-298.8867

G1X117.0605Y-298.4643

G1X117.2286Y-297.9432

G1X118.0305Y-296.5818

G1X119.6684Y-294.4045

G1X119.9473Y-293.7766

G1X119.8557Y-293.6137

G1X119.3051Y-293.3967

G1X118.6782Y-292.9821

G1X118.4030Y-292.3804

G1X117.9053Y-291.8723

G1X117.7307Y-291.4314

G1X117.5499Y-291.2920

G1X114.7359Y-290.9909

G1X114.2505Y-290.8188

G1X114.1409Y-290.5516

G1X114.2415Y-290.1229

G1X114.9726Y-289.2257

G1X114.9252Y-288.9659

G1X114.6735Y-288.7555

G1X113.9132Y-288.5585

G1X111.3402Y-288.4146

G1X110.0152Y-288.2190

G1X108.9081Y-287.9227

G1X108.6674Y-287.7807

G1X108.5404Y-287.5954

G1X108.4863Y-286.0565

G1X108.2687Y-285.3519

G1X108.3677Y-285.0855

G1X108.7839Y-284.7037

G1X109.5872Y-284.2020

G1X111.4157Y-283.3851

G1X111.6851Y-283.1627

G1X111.8557Y-282.8997

G1X111.8510Y-282.6314

G1X111.7143Y-282.4221

G1X110.6837Y-281.7545

G1X110.4227Y-281.4365

G1X110.1313Y-279.8612

G1X109.7424Y-278.3114

G1X109.8118Y-277.8235

G1X110.0613Y-277.3716

G1X110.3417Y-277.0732

G1X111.0923Y-276.5284

G1X111.4184Y-276.1274

G1X111.4921Y-275.8516

G1X111.2827Y-275.3611

G1X109.4741Y-273.1178

G1X106.7852Y-269.2183

G1X106.2234Y-268.2467

G1X105.8476Y-267.3586

G1X105.7659Y-266.5788

G1X106.0169Y-265.7324

G1X106.4355Y-264.7753

G1X106.4618Y-263.5364

G1X106.5693Y-262.6809

G1X106.7360Y-262.2030

G1X107.0248Y-261.8056

G1X107.6307Y-261.3995

G1X108.5125Y-261.2496

G1X114.3195Y-261.4355

G1X115.2634Y-261.6667

G1X116.3813Y-262.0683

G1X119.9682Y-263.7956

G1X120.7329Y-263.9973

G1X121.0481Y-263.8144

G1X121.1809Y-263.4080

G1X120.9926Y-261.9835

G1X120.9491Y-260.9552

G1X121.0325Y-260.6086

G1X121.2516Y-260.5244

G1X121.8194Y-260.7425

G1X122.7349Y-261.3247

G1X124.5170Y-262.8362

G1X125.0405Y-263.1816

G1X125.5230Y-263.3268

G1X126.7234Y-263.4334

G1X127.7423Y-264.1116

G1X128.2310Y-264.1989

G1X128.4016Y-264.1124

G1X128.5731Y-263.8796

G1X128.7736Y-262.7489

G1X129.1644Y-262.2414

G1X129.2464Y-261.9964

G1X129.3530Y-258.7496

G1X129.4849Y-258.0356

G1X129.6316Y-257.9462

G1X129.9454Y-258.0981

G1X130.6453Y-258.7037

G1X131.4851Y-259.6279

G1X131.6546Y-259.6324

G1X131.7680Y-259.4442

G1X132.0115Y-257.3414

G1X132.1914Y-254.0056

G1X132.4573Y-252.8523

G1X132.8738Y-251.9767

G1X133.2352Y-251.6814

G1X134.5335Y-251.3823

G1X135.2461Y-251.3856

G1X136.6736Y-251.6905

G1X137.1629Y-251.4828

G1X137.5201Y-251.1423

G1X137.9345Y-250.5687

G1X138.8371Y-248.6721

G1X139.3437Y-247.8204

G1X139.8029Y-247.1777

G1X140.1889Y-246.8161

G1X140.4462Y-246.7240

G1X140.7342Y-246.7627

G1X141.3769Y-247.1701

G1X142.9672Y-249.1964

G1X143.2487Y-249.4263

G1X143.5074Y-249.4780

G1X143.9980Y-249.3223

G1X145.6200Y-248.4908

G1X146.1090Y-248.3528

G1X147.1106Y-248.3243

G1X148.8149Y-248.6114

G1X149.3622Y-248.5067

G1X150.3043Y-247.8513

G1X152.7656Y-245.6829

G1X153.4685Y-245.3300

G1X153.8819Y-245.3115

G1X154.5243Y-245.4843

G1X155.5089Y-246.2279

G1X156.0777Y-246.4366

G1X156.6008Y-246.5132

G1X157.2128Y-246.4538

G1X158.5832Y-245.9943

G1X159.5213Y-245.7764

G1X160.4034Y-245.7206

G1X160.9986Y-246.0417

G1X161.4867Y-246.7528

G1X161.7205Y-247.5754

G1X161.8440Y-248.8598

G1X161.8385Y-250.0557

G1X161.7075Y-251.2251

G1X160.7053Y-255.4279

G1X160.5163Y-256.5528

G1X160.5026Y-257.2478

G1X160.5828Y-257.8147

G1X160.7733Y-258.4054

G1X160.9970Y-258.7352

G1X161.4956Y-258.9226

G1X162.3964Y-258.8270

G1X163.3541Y-258.5744

G1X165.6245Y-257.7408

G1X166.7008Y-257.4927

G1X167.5974Y-257.3798

G1X168.3865Y-257.4406

G1X169.2875Y-257.8037

G1X170.4915Y-258.1015

G1X170.9144Y-258.2901

G1X171.2092Y-258.5725

G1X171.4253Y-258.9183

G1X171.7327Y-259.5695

G1X172.0097Y-260.4776

G1X172.2376Y-260.8116

G1X173.2479Y-261.5859

G1X174.3128Y-262.1866

G1X174.6552Y-262.5484

G1X175.6261Y-264.5998

G1X176.5358Y-265.7673

G1X177.5408Y-267.7061

G1X177.9266Y-268.2040

G1X179.5334Y-269.2732

G1X181.6137Y-271.2208

G1X182.9543Y-272.2242

G1X184.2945Y-272.8278

G1X188.4993Y-274.2920

G1X190.3324Y-275.2836

G1X190.8209Y-275.6842

G1X191.0863Y-276.0123

G1X191.5098Y-277.1716

G1X191.9161Y-277.9629

G1X192.6047Y-278.9026

G1X193.6051Y-279.6243

G1X197.5059Y-281.8565

G1X198.0049Y-282.2397

G1X198.3294Y-282.6292

G1X198.5762Y-283.1068

G1X198.6604Y-283.4941

G1X198.6347Y-283.8795

G1X198.4532Y-284.3193

G1X197.9316Y-284.8104

G1X196.2671Y-285.8931

G1X195.2642Y-286.7760

G1X194.8214Y-287.3228

G1X194.7530Y-287.7355

G1X194.9919Y-288.1860

G1X195.6308Y-288.7544

G1X200.3915Y-291.9877

G1X200.8610Y-292.4656

G1X201.1998Y-293.0420

G1X201.3638Y-293.6045

G1X201.5233Y-294.7490

G1X201.4121Y-296.4971

G1X201.5598Y-297.8339

G1X201.5383Y-298.3296

G1X201.3771Y-298.7655

G1X201.0618Y-299.2175

G1X200.0369Y-300.1027

G1X199.2448Y-300.5502

G1X197.3296Y-301.2691

G1X196.6159Y-301.6397

G1X195.8699Y-302.2364

G1X193.9504Y-304.1202

G1X193.0172Y-304.7064

G1X191.9742Y-305.1444

G1X190.8422Y-305.4908

G1X188.0258Y-305.9763

G1X184.7787Y-306.1934

G1X181.3712Y-305.9649

G1X179.1104Y-305.5921

G1X172.9714Y-304.1546

G1X170.9629Y-303.8572

G1X170.2236Y-303.9479

G1X168.5878Y-304.6860

G1X168.0358Y-304.8103

G1X167.0645Y-304.7624

G1X162.0247Y-304.0837

G1X161.6574Y-304.1274

G1X161.3618Y-304.2681

G1X160.8477Y-304.7341

G1X160.4833Y-305.2092

G1X160.1437Y-305.3860

G1X157.2800Y-305.1769

G1X156.4876Y-305.0471

G1X156.3947Y-305.1401

G1X156.3990Y-305.3533

G1X156.6728Y-306.0206

G1X159.1635Y-310.3155

G1X157.5991Y-310.0392

G1 Z0F20000

(Start Block)


G1X158.5593Y-311.3042
G1Z5F20000
(Plotting speed under)
G1 F4000


G1X156.4185Y-310.1049

G1X155.0487Y-309.5421

G1X154.5111Y-309.5122

G1X153.8461Y-309.9100

G1X153.2824Y-310.1065

G1X152.8570Y-310.1402

G1X152.1145Y-309.9312

G1X150.4855Y-309.1405

G1X150.0434Y-309.0229

G1X149.7456Y-309.0890

G1X149.3331Y-309.3666

G1X148.8322Y-310.0104

G1X148.5989Y-310.1719

G1X147.0804Y-310.3968

G1X146.7986Y-310.4969

G1X146.3776Y-310.8209

G1X146.0783Y-310.8498

G1X145.4301Y-310.4392

G1X144.8407Y-309.7505

G1X142.8717Y-306.2061

G1X142.4325Y-305.5845

G1X142.1834Y-305.4423

G1X142.0634Y-305.5434

G1X141.9506Y-305.8865

G1X141.4073Y-308.7200

G1X141.1421Y-309.1894

G1X140.8766Y-309.2590

G1X140.4980Y-309.1456

G1X139.4320Y-308.1514

G1X139.0775Y-307.9430

G1X138.8187Y-307.9341

G1X138.3455Y-308.3985

G1X137.3222Y-310.0485

G1X136.7190Y-310.6643

G1X136.4028Y-310.8505

G1X136.0794Y-310.9148

G1X134.9736Y-310.7670

G1X134.7966Y-310.6447

G1X134.5669Y-310.2743

G1X134.1580Y-308.9536

G1X133.6407Y-305.0538

G1X133.3718Y-303.7111

G1X133.1068Y-303.0420

G1X132.8658Y-302.7857

G1X132.7015Y-302.7233

G1X132.3433Y-302.8620

G1X131.8377Y-303.4141

G1X129.5912Y-306.6710

G1X128.1711Y-308.4793

G1X127.0743Y-309.5991

G1X126.3410Y-309.9873

G1X125.9077Y-309.9512

G1X125.6580Y-309.6433

G1X125.4152Y-308.5748

G1X125.3162Y-307.2521

G1X125.0967Y-306.7546

G1X124.5834Y-306.4067

G1X123.8076Y-306.2989

G1X123.2323Y-305.8479

G1X122.7760Y-305.6797

G1X122.3394Y-305.6601

G1X121.9566Y-305.7611

G1X119.5859Y-306.8460

G1X118.9711Y-307.0502

G1X118.6013Y-307.0635

G1X118.1045Y-306.9159

G1X117.8284Y-306.7844

G1X117.3732Y-306.3422

G1X117.1372Y-306.2810

G1X114.3316Y-307.0183

G1X113.9400Y-307.0649

G1X113.7424Y-307.0077

G1X113.6491Y-306.8040

G1X113.6724Y-306.4938

G1X114.1000Y-305.3094

G1X114.5199Y-304.5061

G1X115.7219Y-302.6085

G1X116.0657Y-301.8165

G1X116.1399Y-300.8247

G1X115.9457Y-300.2471

G1X115.9218Y-299.9407

G1X116.0026Y-299.3529

G1X116.1874Y-298.7944

G1X117.1309Y-297.1794

G1X118.8680Y-294.8527

G1X119.0959Y-294.4376

G1X119.1364Y-294.1317

G1X118.6079Y-293.7705

G1X118.1717Y-293.3413

G1X118.0015Y-292.5642

G1X117.6207Y-291.9919

G1X117.3823Y-291.4628

G1X116.8669Y-291.3031

G1X114.3256Y-291.0772

G1X114.0065Y-290.9930

G1X113.8116Y-290.8532

G1X113.7020Y-290.5782

G1X113.7184Y-290.2690

G1X114.2494Y-289.4186

G1X114.1520Y-289.1664

G1X113.8928Y-288.9717

G1X113.0106Y-288.7526

G1X110.3426Y-288.6187

G1X108.9003Y-288.4207

G1X107.7464Y-288.1329

G1X107.4364Y-287.9687

G1X107.3002Y-287.7976

G1X107.2583Y-286.1595

G1X107.0539Y-285.4241

G1X107.1507Y-285.1466

G1X107.5510Y-284.7499

G1X108.3337Y-284.2282

G1X110.1721Y-283.3718

G1X110.5230Y-283.0770

G1X110.7087Y-282.7472

G1X110.5986Y-282.3624

G1X109.6952Y-281.6944

G1X109.4591Y-281.3588

G1X109.2461Y-279.7399

G1X109.0066Y-278.8915

G1X108.8754Y-278.0423

G1X108.9456Y-277.6424

G1X109.1882Y-277.1731

G1X109.4678Y-276.8629

G1X110.4701Y-276.0581

G1X110.6605Y-275.8090

G1X110.7141Y-275.5156

G1X110.3791Y-274.8774

G1X108.4269Y-272.4391

G1X105.8677Y-268.8495

G1X105.2393Y-267.7777

G1X104.8461Y-266.8256

G1X104.7724Y-266.3747

G1X104.8701Y-265.8773

G1X105.7584Y-264.2592

G1X105.8238Y-261.7779

G1X106.0454Y-261.1051

G1X106.3377Y-260.6895

G1X107.0064Y-260.3374

G1X108.2554Y-260.1369

G1X110.9815Y-260.1383

G1X113.0215Y-260.2701

G1X113.8860Y-260.5104

G1X115.0738Y-260.9671

G1X119.2562Y-263.0296

G1X119.7739Y-263.2280

G1X120.1086Y-263.2686

G1X120.4387Y-263.0824

G1X120.5877Y-262.6753

G1X120.4554Y-260.2815

G1X120.5518Y-259.9392

G1X120.7850Y-259.8526

G1X121.2962Y-260.0282

G1X122.2603Y-260.6103

G1X124.0500Y-262.0908

G1X124.5643Y-262.4269

G1X125.0385Y-262.5881

G1X126.2704Y-262.7612

G1X127.5491Y-263.5946

G1X128.0848Y-263.6678

G1X128.3750Y-263.4309

G1X128.6305Y-262.4085

G1X129.0294Y-261.9540

G1X129.1269Y-261.6853

G1X129.2209Y-258.2853

G1X129.3738Y-257.5400

G1X129.5729Y-257.4808

G1X129.8371Y-257.6168

G1X130.4880Y-258.1208

G1X131.3033Y-258.9546

G1X131.4878Y-258.9533

G1X131.6038Y-258.7590

G1X131.8693Y-256.6666

G1X132.0745Y-253.3594

G1X132.3539Y-252.2262

G1X132.7436Y-251.4380

G1X133.1585Y-251.1134

G1X134.2824Y-250.9199

G1X135.1075Y-250.8886

G1X136.5544Y-251.0893

G1X137.0679Y-250.8929

G1X137.4753Y-250.5048

G1X137.9414Y-249.8399

G1X138.8753Y-247.8255

G1X139.4777Y-246.7934

G1X139.9665Y-246.1207

G1X140.3220Y-245.8178

G1X140.5991Y-245.7479

G1X140.8713Y-245.8049

G1X141.5407Y-246.2681

G1X143.1014Y-248.5161

G1X143.3646Y-248.7643

G1X143.7112Y-248.8514

G1X144.7032Y-248.5312

G1X146.1148Y-247.9235

G1X149.0496Y-247.5619

G1X149.6566Y-247.3589

G1X150.5038Y-246.7301

G1X153.2102Y-244.2450

G1X153.6433Y-243.9244

G1X154.0192Y-243.7554

G1X154.5595Y-243.7224

G1X155.2119Y-243.9402

G1X155.5353Y-244.1616

G1X156.1937Y-244.8199

G1X156.8068Y-245.1061

G1X157.2942Y-245.2118

G1X157.9808Y-245.1580

G1X159.2878Y-244.7342

G1X160.3176Y-244.4988

G1X161.1750Y-244.4504

G1X161.7501Y-244.7596

G1X162.2274Y-245.4393

G1X162.4700Y-246.2702

G1X162.5887Y-247.5865

G1X162.5961Y-248.8546

G1X162.4755Y-250.1232

G1X161.4963Y-254.4652

G1X161.3199Y-255.6059

G1X161.3894Y-256.7981

G1X161.5931Y-257.3674

G1X161.8285Y-257.7060

G1X162.3524Y-257.9329

G1X163.2036Y-257.8706

G1X164.2827Y-257.6137

G1X166.6454Y-256.8000

G1X167.7202Y-256.5791

G1X168.6157Y-256.4906

G1X169.4135Y-256.5692

G1X170.4428Y-256.9788

G1X171.5932Y-257.2480

G1X172.0433Y-257.4333

G1X172.6265Y-258.0426

G1X173.6099Y-259.7746

G1X174.2556Y-260.2840

G1X175.7753Y-261.2272

G1X176.1288Y-261.5713

G1X177.2057Y-263.8109

G1X178.2185Y-265.1070

G1X178.8636Y-266.3588

G1X179.2429Y-267.2874

G1X179.6863Y-267.8230

G1X180.6925Y-268.5931

G1X183.0839Y-270.7218

G1X184.5625Y-271.7546

G1X185.9320Y-272.3904

G1X190.1401Y-273.9369

G1X191.9795Y-274.9532

G1X192.4884Y-275.3659

G1X192.8102Y-275.7504

G1X193.2694Y-276.9732

G1X193.7137Y-277.8319

G1X194.0928Y-278.4192

G1X194.4884Y-278.8373

G1X195.5520Y-279.5796

G1X199.4519Y-281.8144

G1X199.9620Y-282.1983

G1X200.3752Y-282.6759

G1X200.6365Y-283.1469

G1X200.7565Y-283.6231

G1X200.7404Y-284.0013

G1X200.5875Y-284.4131

G1X200.1504Y-284.8752

G1X198.6710Y-285.9797

G1X197.7478Y-286.9122

G1X197.3409Y-287.4865

G1X197.2861Y-287.9180

G1X197.4766Y-288.3228

G1X197.9876Y-288.8432

G1X200.1013Y-290.4452

G1X202.3381Y-291.9854

G1X202.8864Y-292.4674

G1X203.2687Y-292.9832

G1X203.5336Y-293.7580

G1X203.6319Y-294.9994

G1X203.3942Y-296.8968

G1X203.4945Y-298.2633

G1X203.4616Y-298.7716

G1X203.0891Y-299.5334

G1X202.2937Y-300.3352

G1X201.3273Y-300.9843

G1X199.2418Y-301.8337

G1X198.5437Y-302.2194

G1X197.9068Y-302.7507

G1X196.1354Y-304.6179

G1X195.5707Y-305.1008

G1X194.0906Y-305.8555

G1X192.3300Y-306.3890

G1X189.9219Y-306.7655

G1X187.1145Y-306.9633

G1X184.4991Y-306.8987

G1X181.8563Y-306.6246

G1X175.0658Y-305.1955

G1X172.6782Y-304.8530

G1X171.8559Y-304.9627

G1X170.2204Y-305.7940

G1X169.5913Y-305.9584

G1X168.2710Y-305.8949

G1X163.3258Y-305.2570

G1X162.6274Y-305.4404

G1X162.0597Y-305.8323

G1X161.6041Y-306.2639

G1X161.2213Y-306.4113

G1X157.2922Y-305.9566

G1X157.1959Y-306.0544

G1X157.2034Y-306.2804

G1X157.5222Y-307.0338

G1X160.1699Y-311.5582

G1X158.5593Y-311.3042

G1 Z0F20000

(Start Block)


G1X159.5774Y-312.6457
G1Z5F20000
(Plotting speed under)
G1 F4000


G1X157.3918Y-311.4711

G1X155.8124Y-310.8001

G1X155.3182Y-310.7434

G1X154.1265Y-311.1308

G1X153.4688Y-311.1999

G1X152.5071Y-310.9307

G1X150.7337Y-310.1876

G1X150.4076Y-310.2326

G1X150.0594Y-310.4563

G1X149.7734Y-310.7410

G1X149.3916Y-311.3621

G1X149.1702Y-311.5446

G1X147.3710Y-311.8362

G1X146.6921Y-312.1223

G1X146.4666Y-312.0891

G1X145.9052Y-311.7495

G1X145.2665Y-311.0844

G1X143.5931Y-308.2436

G1X142.9194Y-307.2788

G1X142.5668Y-307.0086

G1X142.4272Y-307.0639

G1X142.2901Y-307.3534

G1X141.6705Y-310.1560

G1X141.5533Y-310.4845

G1X141.3585Y-310.7316

G1X141.0797Y-310.8268

G1X140.6131Y-310.7030

G1X139.4550Y-309.6246

G1X139.1731Y-309.4593

G1X138.8974Y-309.4365

G1X138.4652Y-309.8060

G1X137.3052Y-311.6317

G1X136.6412Y-312.3177

G1X136.2308Y-312.5602

G1X135.9229Y-312.6345

G1X134.8001Y-312.5939

G1X134.6111Y-312.4663

G1X134.3829Y-312.0867

G1X133.9644Y-310.6438

G1X133.4511Y-306.2392

G1X133.2037Y-304.8255

G1X132.8878Y-303.9999

G1X132.6338Y-303.7359

G1X132.4608Y-303.6726

G1X132.0889Y-303.8142

G1X131.5984Y-304.3346

G1X129.1111Y-307.8933

G1X127.7411Y-309.6202

G1X126.6116Y-310.7475

G1X125.8550Y-311.1317

G1X125.4026Y-311.0944

G1X125.1130Y-310.7778

G1X124.8227Y-309.7937

G1X124.6410Y-308.4267

G1X124.4041Y-307.9163

G1X123.9756Y-307.4762

G1X123.2974Y-307.1413

G1X122.8235Y-306.6836

G1X122.5418Y-306.5591

G1X122.0462Y-306.5267

G1X121.4750Y-306.6501

G1X119.0981Y-307.7389

G1X118.1885Y-308.0376

G1X117.7411Y-308.0279

G1X117.3708Y-307.9085

G1X117.0213Y-307.7494

G1X116.5830Y-307.3494

G1X116.2712Y-307.2427

G1X113.3952Y-307.8733

G1X113.0322Y-307.8798

G1X112.8601Y-307.7890

G1X112.7797Y-307.5393

G1X112.8126Y-307.1753

G1X113.1866Y-306.0145

G1X114.4057Y-303.7763

G1X114.6420Y-303.1888

G1X114.7255Y-302.6446

G1X114.6907Y-301.0656

G1X115.0303Y-299.9013

G1X115.4367Y-299.0556

G1X116.0414Y-298.0572

G1X118.0173Y-295.3056

G1X118.2313Y-294.8856

G1X118.2650Y-294.6297

G1X117.8240Y-294.1908

G1X117.5037Y-293.6766

G1X117.4950Y-292.6688

G1X117.0624Y-291.5870

G1X116.5420Y-291.4064

G1X114.2117Y-291.1615

G1X113.6480Y-291.0043

G1X113.3963Y-290.7713

G1X113.2630Y-290.3961

G1X113.5192Y-289.6093

G1X113.1563Y-289.2351

G1X112.1380Y-288.9656

G1X109.1972Y-288.8227

G1X107.6741Y-288.6169

G1X106.4698Y-288.3170

G1X106.1606Y-288.1531

G1X106.0156Y-287.9751

G1X105.9646Y-287.0703

G1X106.0265Y-286.2629

G1X105.8417Y-285.4744

G1X105.9719Y-285.1402

G1X106.3639Y-284.7282

G1X107.0051Y-284.2560

G1X108.8577Y-283.3159

G1X109.2395Y-282.9958

G1X109.4564Y-282.6826

G1X109.4883Y-282.4404

G1X109.4234Y-282.2865

G1X108.7515Y-281.6509

G1X108.5566Y-281.2858

G1X108.4630Y-279.7363

G1X108.1484Y-278.3264

G1X108.0992Y-277.7852

G1X108.2233Y-277.2768

G1X108.5027Y-276.8045

G1X109.8016Y-275.7164

G1X110.0123Y-275.3037

G1X109.8458Y-274.8111

G1X109.3430Y-274.0727

G1X106.8687Y-271.1535

G1X105.0130Y-268.6022

G1X104.3739Y-267.5804

G1X103.8522Y-266.3933

G1X103.7753Y-265.8503

G1X103.8844Y-265.4568

G1X104.3288Y-264.7854

G1X105.0106Y-264.1469

G1X105.1684Y-263.7914

G1X105.1920Y-262.6055

G1X104.9769Y-260.8639

G1X105.0771Y-260.1035

G1X105.3494Y-259.5941

G1X105.6453Y-259.3677

G1X106.1125Y-259.1587

G1X107.4336Y-258.8721

G1X109.4439Y-258.7783

G1X111.3232Y-258.9890

G1X112.2378Y-259.2390

G1X113.3534Y-259.6791

G1X114.9885Y-260.4374

G1X118.3956Y-262.1940

G1X119.0405Y-262.4542

G1X119.4636Y-262.5160

G1X119.8083Y-262.3251

G1X119.9814Y-261.9266

G1X120.0206Y-259.6175

G1X120.1710Y-259.2987

G1X120.4301Y-259.2547

G1X120.9526Y-259.4312

G1X121.8600Y-259.9445

G1X123.5291Y-261.2686

G1X124.0600Y-261.6047

G1X125.9344Y-262.1222

G1X127.2787Y-263.0449

G1X127.7053Y-263.1907

G1X127.9899Y-263.1746

G1X128.2091Y-263.0305

G1X128.5374Y-262.1870

G1X128.9601Y-261.7778

G1X129.0601Y-261.5112

G1X129.1403Y-257.9832

G1X129.2805Y-257.2422

G1X129.4896Y-257.1394

G1X129.7690Y-257.2451

G1X130.3469Y-257.5941

G1X131.1131Y-258.2565

G1X131.3107Y-258.2324

G1X131.4280Y-258.0263

G1X131.7221Y-255.9604

G1X131.9619Y-252.7411

G1X132.1988Y-251.8007

G1X132.5692Y-251.0186

G1X132.7951Y-250.7442

G1X133.0901Y-250.6070

G1X134.7647Y-250.4953

G1X136.4338Y-250.5338

G1X136.7457Y-250.4586

G1X137.0454Y-250.2603

G1X137.5000Y-249.7849

G1X137.9469Y-249.1124

G1X138.9194Y-246.9712

G1X139.5644Y-245.8406

G1X140.0442Y-245.1635

G1X140.3926Y-244.8566

G1X140.6773Y-244.7773

G1X140.9571Y-244.8310

G1X141.5773Y-245.2642

G1X141.9279Y-245.7124

G1X143.2833Y-247.9749

G1X143.6314Y-248.2639

G1X144.0400Y-248.3153

G1X144.8822Y-248.1259

G1X145.9695Y-247.7040

G1X147.8472Y-247.1441

G1X149.7822Y-246.3401

G1X150.6666Y-245.6672

G1X153.7926Y-242.6891

G1X154.3007Y-242.3124

G1X154.6683Y-242.1498

G1X155.1911Y-242.1197

G1X155.9007Y-242.3931

G1X156.2039Y-242.6304

G1X156.8756Y-243.4166

G1X157.4748Y-243.7699

G1X157.9577Y-243.9208

G1X158.6511Y-243.8969

G1X159.9908Y-243.4768

G1X161.1648Y-243.2074

G1X161.9453Y-243.1736

G1X162.4541Y-243.4411

G1X162.8998Y-244.0377

G1X163.1340Y-244.6999

G1X163.2467Y-245.7206

G1X163.2768Y-247.5718

G1X163.1606Y-249.1280

G1X162.2801Y-253.4341

G1X162.1210Y-254.5373

G1X162.2011Y-255.7675

G1X162.3690Y-256.1953

G1X162.5962Y-256.5184

G1X163.1110Y-256.8166

G1X163.9243Y-256.8324

G1X165.3221Y-256.5454

G1X167.7127Y-255.8141

G1X168.7001Y-255.6508

G1X169.6194Y-255.5985

G1X170.4282Y-255.7083

G1X171.3733Y-256.1074

G1X172.6688Y-256.4467

G1X173.1976Y-256.6820

G1X173.6529Y-257.0926

G1X174.9795Y-258.7475

G1X177.1649Y-260.1901

G1X177.6163Y-260.6026

G1X177.8893Y-261.0425

G1X178.8031Y-263.0220

G1X179.7878Y-264.1718

G1X180.2875Y-264.9704

G1X180.6025Y-265.6323

G1X180.8964Y-266.6400

G1X181.0820Y-267.0116

G1X181.5372Y-267.5732

G1X182.9204Y-268.9366

G1X184.5433Y-270.2303

G1X186.3942Y-271.3864

G1X187.7754Y-272.0235

G1X191.7208Y-273.5893

G1X193.5987Y-274.6507

G1X194.1770Y-275.1177

G1X194.5026Y-275.4939

G1X195.0593Y-276.7706

G1X195.5681Y-277.6933

G1X195.9559Y-278.2703

G1X196.3445Y-278.6815

G1X197.4950Y-279.5048

G1X201.3331Y-281.7740

G1X201.9013Y-282.2143

G1X202.3406Y-282.7219

G1X202.6168Y-283.1859

G1X202.7722Y-283.6541

G1X202.7930Y-284.1189

G1X202.7057Y-284.4561

G1X202.3016Y-284.9920

G1X201.1590Y-286.0521

G1X200.3643Y-287.0559

G1X200.0226Y-287.6611

G1X199.9916Y-288.1131

G1X200.1895Y-288.5450

G1X200.6228Y-289.0318

G1X202.5740Y-290.6735

G1X204.7260Y-292.3210

G1X205.2280Y-292.8348

G1X205.5133Y-293.3034

G1X205.6994Y-293.9953

G1X205.7092Y-295.2528

G1X205.3192Y-297.2850

G1X205.3189Y-299.2128

G1X204.9544Y-299.9642

G1X204.2085Y-300.7660

G1X203.2035Y-301.4954

G1X201.1735Y-302.4043

G1X200.4961Y-302.8148

G1X199.8828Y-303.3770

G1X198.1279Y-305.3691

G1X197.5849Y-305.8511

G1X196.2042Y-306.6082

G1X194.5107Y-307.1551

G1X192.2320Y-307.5117

G1X189.5107Y-307.6906

G1X186.4543Y-307.6511

G1X183.5482Y-307.4197

G1X181.9379Y-307.1798

G1X176.8068Y-306.1963

G1X174.5957Y-305.9223

G1X173.6442Y-306.0396

G1X171.8254Y-307.0253

G1X171.1416Y-307.1806

G1X168.8199Y-307.0359

G1X164.7179Y-306.4404

G1X163.9780Y-306.5602

G1X162.6589Y-307.2968

G1X162.2495Y-307.3959

G1X159.6171Y-307.0216

G1X158.9524Y-306.9969

G1X158.1171Y-306.8261

G1X157.9972Y-306.8884

G1X157.9642Y-307.0577

G1X158.3053Y-307.9290

G1X161.2108Y-312.8439

G1X159.5774Y-312.6457

G1 Z0F20000

(Start Block)


G1X160.6478Y-314.0560
G1Z5F20000
(Plotting speed under)
G1 F4000


G1X157.6422Y-312.5663

G1X156.6311Y-312.1484

G1X156.0159Y-312.0681

G1X154.5350Y-312.2887

G1X154.0061Y-312.2780

G1X152.7153Y-311.9117

G1X151.6853Y-311.4662

G1X151.3279Y-311.3848

G1X150.9381Y-311.4781

G1X150.6242Y-311.7180

G1X150.3636Y-312.0140

G1X149.9725Y-312.7605

G1X149.5970Y-313.0594

G1X148.8114Y-313.2465

G1X146.9666Y-313.3627

G1X146.3409Y-313.0134

G1X145.6967Y-312.4113

G1X145.2033Y-311.7619

G1X143.9796Y-309.8174

G1X143.3385Y-309.0218

G1X142.9495Y-308.7765

G1X142.7921Y-308.8464

G1X142.6674Y-309.0602

G1X141.8964Y-311.8918

G1X141.7623Y-312.1827

G1X141.5238Y-312.4223

G1X141.1619Y-312.5032

G1X140.8057Y-312.4029

G1X139.5132Y-311.1964

G1X139.2436Y-311.0338

G1X138.9793Y-311.0014

G1X138.7655Y-311.1093

G1X138.4885Y-311.3974

G1X137.2879Y-313.2596

G1X136.5632Y-314.0222

G1X135.7670Y-314.4445

G1X134.8769Y-314.5591

G1X134.5842Y-314.5244

G1X134.3210Y-314.2826

G1X134.1286Y-313.8684

G1X133.7311Y-312.2818

G1X133.2868Y-307.7748

G1X133.0255Y-306.0281

G1X132.6823Y-305.1097

G1X132.4601Y-304.8594

G1X132.1907Y-304.7375

G1X131.8002Y-304.8830

G1X131.2198Y-305.4937

G1X128.6233Y-309.1336

G1X127.3156Y-310.7489

G1X126.1656Y-311.8547

G1X125.3911Y-312.2246

G1X124.9190Y-312.1894

G1X124.5921Y-311.9142

G1X124.2142Y-311.0352

G1X123.9359Y-309.7912

G1X123.6478Y-309.1230

G1X123.2742Y-308.5325

G1X122.4750Y-307.5523

G1X122.1400Y-307.3373

G1X121.6274Y-307.3636

G1X120.9895Y-307.5605

G1X118.8501Y-308.5953

G1X117.9139Y-308.9520

G1X117.3638Y-309.0780

G1X116.6177Y-308.9634

G1X116.1578Y-308.7646

G1X115.6682Y-308.3837

G1X115.3445Y-308.2718

G1X112.6317Y-308.6828

G1X112.2477Y-308.6748

G1X112.0546Y-308.5777

G1X111.9338Y-308.2157

G1X112.0087Y-307.5660

G1X112.2803Y-306.6090

G1X113.1051Y-304.7118

G1X113.2282Y-302.7699

G1X113.5191Y-301.6670

G1X114.7463Y-299.2855

G1X116.8309Y-296.2205

G1X117.2904Y-295.3684

G1X117.2828Y-295.0689

G1X116.9582Y-294.6550

G1X116.7485Y-294.0556

G1X116.9483Y-293.0464

G1X116.9371Y-292.4981

G1X116.8078Y-291.9016

G1X116.5327Y-291.6230

G1X115.2212Y-291.3408

G1X113.9022Y-291.1762

G1X113.3192Y-290.9602

G1X112.8624Y-290.5079

G1X112.7802Y-289.8050

G1X112.1695Y-289.4036

G1X111.0567Y-289.1712

G1X108.1070Y-289.0427

G1X106.4750Y-288.8322

G1X105.1650Y-288.5099

G1X104.8600Y-288.3503

G1X104.6727Y-288.0938

G1X104.6633Y-287.2128

G1X104.7876Y-286.3669

G1X104.6269Y-285.5461

G1X104.7829Y-285.1139

G1X105.5108Y-284.3585

G1X107.3634Y-283.3002

G1X107.9365Y-282.8424

G1X108.2070Y-282.4651

G1X108.2102Y-282.1984

G1X107.7195Y-281.3221

G1X107.7395Y-279.6397

G1X107.4262Y-278.0330

G1X107.4137Y-277.4317

G1X107.5591Y-276.9127

G1X107.7830Y-276.5466

G1X109.1494Y-275.4350

G1X109.3380Y-275.1985

G1X109.3740Y-275.0290

G1X109.2350Y-274.4997

G1X108.7681Y-273.7786

G1X106.0290Y-270.8504

G1X104.7776Y-269.2507

G1X103.5092Y-267.4000

G1X102.8337Y-265.9531

G1X102.7479Y-265.4243

G1X102.9225Y-264.9382

G1X103.5093Y-264.3300

G1X104.4304Y-263.7822

G1X104.6698Y-263.2977

G1X104.6248Y-262.1588

G1X104.1037Y-260.5357

G1X103.9405Y-259.4658

G1X103.9891Y-258.7955

G1X104.2980Y-258.2981

G1X104.7233Y-257.9861

G1X105.2650Y-257.7213

G1X106.4589Y-257.4498

G1X107.9726Y-257.3576

G1X109.4366Y-257.5945

G1X110.5524Y-257.9236

G1X111.6624Y-258.3698

G1X114.0770Y-259.5567

G1X116.7299Y-260.9796

G1X118.0203Y-261.5671

G1X118.6601Y-261.7375

G1X119.0853Y-261.6114

G1X119.3869Y-261.0795

G1X119.4858Y-259.9418

G1X119.6859Y-258.8905

G1X119.8568Y-258.7258

G1X120.2418Y-258.7263

G1X121.4643Y-259.2709

G1X123.4903Y-260.6969

G1X125.6014Y-261.4786

G1X127.2053Y-262.5998

G1X127.6352Y-262.7463

G1X127.9817Y-262.7274

G1X128.1980Y-262.5398

G1X128.4869Y-262.0668

G1X128.9361Y-261.7167

G1X129.0385Y-261.4548

G1X129.0999Y-257.9333

G1X129.2307Y-257.0833

G1X129.3633Y-256.9376

G1X129.6335Y-256.9253

G1X130.2282Y-257.1201

G1X130.9790Y-257.5507

G1X131.1251Y-257.4766

G1X131.2425Y-257.2541

G1X131.5708Y-255.2346

G1X131.8389Y-252.2325

G1X132.1062Y-251.2480

G1X132.4454Y-250.5734

G1X132.7253Y-250.2612

G1X132.9248Y-250.1748

G1X135.5818Y-250.1703

G1X136.4552Y-250.0074

G1X136.9000Y-249.7475

G1X137.3341Y-249.3092

G1X137.7811Y-248.6794

G1X139.3001Y-245.4989

G1X139.9450Y-244.4404

G1X140.4629Y-243.9005

G1X140.7551Y-243.8120

G1X141.0425Y-243.8630

G1X141.7308Y-244.3874

G1X143.2475Y-247.1857

G1X143.6249Y-247.6777

G1X144.1170Y-247.8941

G1X144.8500Y-247.8809

G1X145.6800Y-247.6712

G1X147.2484Y-247.0785

G1X149.8964Y-245.4040

G1X150.8503Y-244.6154

G1X154.1429Y-241.3308

G1X154.7520Y-240.8303

G1X155.2148Y-240.5747

G1X155.8704Y-240.5221

G1X156.5899Y-240.8452

G1X156.8751Y-241.0970

G1X157.6271Y-242.0787

G1X158.2299Y-242.4891

G1X158.7230Y-242.6592

G1X159.3925Y-242.6257

G1X161.9660Y-241.9173

G1X162.7256Y-241.8892

G1X163.1353Y-242.0992

G1X163.5241Y-242.5661

G1X163.8096Y-243.2855

G1X163.9026Y-244.0130

G1X163.8827Y-246.5908

G1X163.7842Y-248.1101

G1X162.9082Y-253.4440

G1X162.9881Y-254.6353

G1X163.3153Y-255.2776

G1X163.8829Y-255.6148

G1X164.7579Y-255.6880

G1X166.5441Y-255.3590

G1X168.7336Y-254.8014

G1X170.5293Y-254.6943

G1X171.4072Y-254.8477

G1X172.4845Y-255.3256

G1X173.8495Y-255.7457

G1X174.2957Y-255.9813

G1X176.2412Y-257.6743

G1X178.1898Y-258.8582

G1X179.0997Y-259.6273

G1X179.3704Y-260.0493

G1X180.4057Y-262.2301

G1X181.5055Y-263.3811

G1X182.1610Y-264.3128

G1X182.4185Y-264.8657

G1X182.6395Y-266.0904

G1X182.9320Y-266.8478

G1X183.4736Y-267.7203

G1X184.2207Y-268.5156

G1X185.3645Y-269.3731

G1X187.5986Y-270.6695

G1X189.3447Y-271.5338

G1X193.4053Y-273.3276

G1X195.2927Y-274.4513

G1X195.8806Y-274.9334

G1X196.2220Y-275.3277

G1X197.4984Y-277.5867

G1X198.2574Y-278.5209

G1X199.4719Y-279.4314

G1X203.2096Y-281.7774

G1X203.7620Y-282.2322

G1X204.2730Y-282.8312

G1X204.7202Y-283.7109

G1X204.7701Y-284.4965

G1X204.5800Y-284.9280

G1X203.6844Y-286.1292

G1X203.0873Y-287.2057

G1X202.8581Y-287.7522

G1X202.8219Y-288.2220

G1X202.9975Y-288.7062

G1X203.3919Y-289.2254

G1X205.1935Y-290.9700

G1X206.9646Y-292.5201

G1X207.4473Y-293.0726

G1X207.6868Y-293.5168

G1X207.8300Y-294.1232

G1X207.8206Y-294.8138

G1X207.6910Y-295.8942

G1X207.1854Y-297.6614

G1X207.1354Y-299.5268

G1X206.7995Y-300.3200

G1X206.0184Y-301.2315

G1X205.0392Y-302.0053

G1X203.1325Y-302.9685

G1X202.4712Y-303.4170

G1X201.9564Y-303.9375

G1X200.1935Y-306.1106

G1X199.5586Y-306.6820

G1X198.2302Y-307.4381

G1X196.7261Y-307.9405

G1X194.7682Y-308.2499

G1X192.2855Y-308.4121

G1X188.5205Y-308.3536

G1X185.1706Y-308.1646

G1X178.6012Y-307.2412

G1X176.6428Y-307.0543

G1X175.5442Y-307.1859

G1X174.3792Y-307.7606

G1X173.5404Y-308.3062

G1X172.5894Y-308.4721

G1X170.4166Y-308.3394

G1X166.0292Y-307.6221

G1X165.2669Y-307.6969

G1X163.7680Y-308.2484

G1X163.3192Y-308.3353

G1X158.8385Y-307.6763

G1X158.7140Y-307.8290

G1X158.7477Y-308.0751

G1X159.1104Y-308.8814

G1X162.2830Y-314.1680

G1X160.6478Y-314.0560

G1 Z0F20000

(Start Block)


G1X161.7612Y-315.5228
G1Z5F20000
(Plotting speed under)
G1 F4000


G1X157.4280Y-313.5455

G1X156.6711Y-313.4155

G1X154.5492Y-313.3780

G1X153.3377Y-313.0725

G1X152.0211Y-312.6151

G1X151.6292Y-312.6814

G1X151.2160Y-312.9889

G1X150.9624Y-313.3086

G1X150.5154Y-314.2702

G1X150.0188Y-314.6477

G1X149.2158Y-314.8156

G1X147.4559Y-314.6309

G1X146.8564Y-314.3201

G1X146.1278Y-313.7201

G1X145.6332Y-313.1760

G1X144.3938Y-311.5042

G1X143.7550Y-310.8720

G1X143.3729Y-310.7064

G1X143.1965Y-310.7862

G1X143.0149Y-311.0743

G1X142.1711Y-313.6072

G1X142.0167Y-313.9059

G1X141.7625Y-314.1565

G1X141.3831Y-314.2756

G1X141.0137Y-314.1923

G1X139.5801Y-312.8292

G1X139.2339Y-312.6306

G1X138.9871Y-312.6347

G1X138.4693Y-313.0796

G1X137.2704Y-314.9220

G1X136.4849Y-315.7664

G1X135.5139Y-316.3686

G1X134.6448Y-316.5777

G1X134.3618Y-316.5448

G1X134.1090Y-316.2997

G1X133.9285Y-315.8965

G1X133.5111Y-314.1048

G1X133.3414Y-312.7615

G1X133.0887Y-309.1660

G1X132.8181Y-307.2138

G1X132.4879Y-306.3396

G1X132.1942Y-306.0265

G1X131.9457Y-305.9105

G1X131.4842Y-306.0532

G1X130.8841Y-306.6549

G1X128.0659Y-310.4715

G1X126.8920Y-311.8728

G1X125.8024Y-312.8817

G1X125.4122Y-313.1279

G1X124.9878Y-313.2736

G1X124.6124Y-313.2839

G1X124.2790Y-313.1862

G1X123.8034Y-312.6742

G1X123.4665Y-312.0368

G1X122.3673Y-308.9775

G1X122.0377Y-308.3422

G1X121.7537Y-308.1038

G1X121.4351Y-308.1002

G1X120.8949Y-308.2854

G1X117.9651Y-309.7785

G1X116.5790Y-310.1676

G1X115.8271Y-310.0753

G1X114.3560Y-309.3696

G1X111.8717Y-309.4974

G1X111.4779Y-309.4591

G1X111.2657Y-309.3502

G1X111.1085Y-309.0495

G1X111.0806Y-308.3943

G1X111.1637Y-307.6367

G1X111.5602Y-306.0453

G1X111.4423Y-304.9604

G1X111.5904Y-304.1891

G1X111.9746Y-303.1652

G1X112.4464Y-302.2411

G1X116.2001Y-296.1221

G1X116.2800Y-295.6680

G1X116.0217Y-295.1571

G1X115.9178Y-294.4575

G1X116.3951Y-293.0000

G1X116.4332Y-292.2689

G1X116.2777Y-291.8915

G1X115.8815Y-291.6478

G1X115.0230Y-291.4060

G1X113.6523Y-291.1583

G1X112.9225Y-290.8716

G1X112.4161Y-290.5392

G1X112.0080Y-289.9854

G1X111.1317Y-289.5932

G1X110.0089Y-289.3952

G1X106.8724Y-289.2631

G1X105.2369Y-289.0541

G1X103.8246Y-288.7082

G1X103.5158Y-288.5450

G1X103.3213Y-288.2778

G1X103.3344Y-287.3780

G1X103.5364Y-286.4720

G1X103.4088Y-285.5115

G1X103.6520Y-284.9000

G1X104.2079Y-284.2601

G1X106.3549Y-282.8711

G1X106.7556Y-282.5359

G1X106.9614Y-282.2256

G1X106.8788Y-281.3643

G1X107.0769Y-279.5513

G1X106.7517Y-277.6074

G1X106.8151Y-276.8589

G1X106.9801Y-276.4473

G1X107.2317Y-276.1416

G1X107.8856Y-275.5862

G1X108.6684Y-275.0655

G1X108.8169Y-274.5824

G1X108.6632Y-274.0821

G1X108.2733Y-273.5287

G1X105.1847Y-270.5407

G1X104.1633Y-269.3515

G1X102.5417Y-267.0612

G1X101.7933Y-265.5064

G1X101.7028Y-264.8780

G1X101.9210Y-264.4446

G1X102.6910Y-263.8812

G1X103.9061Y-263.4390

G1X104.0834Y-263.2463

G1X104.2088Y-262.9095

G1X104.2166Y-262.3968

G1X104.0781Y-261.7552

G1X103.1624Y-259.7853

G1X102.7145Y-258.2498

G1X102.7264Y-257.5166

G1X102.8925Y-257.1519

G1X103.1443Y-256.8487

G1X103.9448Y-256.2912

G1X105.1459Y-255.9603

G1X106.3424Y-255.8885

G1X107.5050Y-256.1116

G1X108.6572Y-256.4878

G1X110.0252Y-257.0519

G1X115.9107Y-260.1802

G1X117.1503Y-260.7266

G1X117.8949Y-260.9248

G1X118.3658Y-260.8178

G1X118.7137Y-260.3610

G1X119.3637Y-258.3333

G1X119.6506Y-258.1803

G1X120.1289Y-258.2110

G1X121.0638Y-258.5704

G1X122.7706Y-259.6655

G1X125.0631Y-260.7064

G1X127.0268Y-262.1165

G1X127.5023Y-262.3283

G1X127.9371Y-262.3749

G1X128.8751Y-261.8150

G1X129.0502Y-261.4853

G1X129.1032Y-257.8217

G1X129.1608Y-257.2446

G1X129.2754Y-256.9094

G1X129.5243Y-256.7276

G1X130.0259Y-256.6835

G1X130.7606Y-256.8259

G1X130.9342Y-256.6989

G1X131.0560Y-256.4421

G1X131.4062Y-254.5845

G1X131.7334Y-251.6742

G1X131.9526Y-250.9067

G1X132.2646Y-250.2592

G1X132.5666Y-249.8961

G1X132.8398Y-249.7725

G1X134.5081Y-249.9848

G1X135.1456Y-249.9662

G1X136.0368Y-249.7233

G1X136.7363Y-249.2967

G1X137.3015Y-248.6880

G1X137.7933Y-247.9636

G1X139.3877Y-244.5727

G1X140.0236Y-243.5017

G1X140.5323Y-242.9555

G1X140.8108Y-242.8593

G1X141.1753Y-242.9259

G1X141.8232Y-243.4661

G1X143.3079Y-246.5586

G1X143.7935Y-247.2681

G1X144.4166Y-247.6030

G1X145.2831Y-247.6835

G1X145.9046Y-247.5538

G1X146.5457Y-247.3065

G1X147.7721Y-246.5221

G1X150.8371Y-243.7905

G1X153.0148Y-241.4324

G1X154.5703Y-239.9042

G1X155.3419Y-239.2565

G1X155.8695Y-238.9635

G1X156.5051Y-238.9151

G1X157.2791Y-239.2975

G1X157.5484Y-239.5620

G1X158.3008Y-240.6851

G1X158.9347Y-241.1972

G1X159.3961Y-241.3883

G1X160.0612Y-241.3717

G1X162.7729Y-240.6144

G1X163.5130Y-240.5924

G1X163.9015Y-240.8113

G1X164.2634Y-241.2890

G1X164.5003Y-241.9464

G1X164.5843Y-242.5829

G1X164.3256Y-247.3839

G1X163.6779Y-252.3468

G1X163.7687Y-253.4936

G1X163.8908Y-253.8574

G1X164.0882Y-254.1399

G1X164.6783Y-254.4222

G1X165.5745Y-254.4786

G1X169.8794Y-253.7307

G1X170.9393Y-253.7162

G1X172.0065Y-253.8728

G1X174.9739Y-255.1002

G1X176.5750Y-256.2070

G1X179.5323Y-257.6994

G1X180.1768Y-258.2186

G1X180.7020Y-258.8220

G1X181.6779Y-260.8971

G1X182.0639Y-261.5196

G1X183.2553Y-262.5893

G1X184.0893Y-263.6240

G1X184.3335Y-264.2721

G1X184.3889Y-265.5312

G1X184.5801Y-266.7940

G1X184.8812Y-267.4298

G1X185.4013Y-268.0359

G1X185.9876Y-268.5144

G1X186.5741Y-268.8693

G1X194.7628Y-272.9407

G1X196.8815Y-274.2234

G1X197.4813Y-274.6978

G1X197.9178Y-275.1622

G1X199.5636Y-277.6046

G1X200.2755Y-278.4183

G1X202.7330Y-280.2635

G1X205.0054Y-281.7738

G1X205.4950Y-282.1960

G1X206.0840Y-282.8716

G1X206.6270Y-283.8251

G1X206.7745Y-284.6375

G1X205.7988Y-287.6469

G1X205.7346Y-288.1323

G1X205.8093Y-288.6324

G1X206.0347Y-289.1017

G1X206.4443Y-289.6612

G1X209.1151Y-292.5994

G1X209.6408Y-293.2886

G1X209.9265Y-294.1344

G1X209.8521Y-295.2396

G1X209.6478Y-296.2184

G1X208.9921Y-298.0258

G1X208.8447Y-300.0375

G1X208.4266Y-300.9013

G1X207.8507Y-301.6083

G1X207.0790Y-302.3286

G1X205.0687Y-303.5402

G1X204.4519Y-304.0210

G1X202.3913Y-306.7360

G1X201.6521Y-307.4607

G1X200.3827Y-308.2389

G1X199.0517Y-308.7198

G1X197.3772Y-309.0013

G1X195.0168Y-309.1550

G1X193.1152Y-309.1452

G1X186.7037Y-308.8634

G1X179.7953Y-308.2781

G1X178.2270Y-308.2568

G1X177.6120Y-308.3701

G1X177.1328Y-308.5526

G1X176.2766Y-308.9898

G1X175.3019Y-309.6441

G1X174.1579Y-309.8118

G1X172.0659Y-309.6770

G1X167.4169Y-308.7998

G1X166.5391Y-308.8159

G1X164.7058Y-309.2051

G1X164.2585Y-309.2361

G1X162.2327Y-308.8291

G1X161.1485Y-308.6858

G1X160.5093Y-308.6850

G1X159.5310Y-308.4918

G1X159.4306Y-308.6660

G1X159.4789Y-308.9246

G1X159.9316Y-309.8766

G1X163.3810Y-315.5240

G1X161.7612Y-315.5228

G1 Z0F20000

(Start Block)


G1X162.9051Y-317.0300
G1Z5F20000
(Plotting speed under)
G1 F4000


G1X161.8077Y-316.6432

G1X158.0769Y-314.9239

G1X156.6684Y-314.6302

G1X154.8927Y-314.4597

G1X152.6409Y-313.8567

G1X152.1794Y-313.9702

G1X151.7292Y-314.3663

G1X151.5207Y-314.7033

G1X151.1696Y-315.6336

G1X150.7632Y-316.0967

G1X150.1221Y-316.3847

G1X149.5215Y-316.3420

G1X148.1116Y-315.9685

G1X147.3773Y-315.6126

G1X146.1578Y-314.6552

G1X144.8890Y-313.3157

G1X144.2409Y-312.8471

G1X143.8962Y-312.7364

G1X143.6757Y-312.7945

G1X143.4502Y-313.0442

G1X142.9247Y-314.1394

G1X142.4152Y-315.4716

G1X141.9480Y-315.9880

G1X141.5837Y-316.1096

G1X141.2282Y-316.0405

G1X139.5678Y-314.4342

G1X139.2329Y-314.2713

G1X138.9886Y-314.3066

G1X138.6755Y-314.5343

G1X138.2033Y-315.0892

G1X137.2557Y-316.6037

G1X136.4064Y-317.5372

G1X135.3299Y-318.3363

G1X134.5061Y-318.6353

G1X134.2247Y-318.6509

G1X133.9682Y-318.4844

G1X133.7520Y-318.0646

G1X133.3176Y-316.1848

G1X133.1202Y-314.5980

G1X132.8819Y-310.5747

G1X132.6021Y-308.4451

G1X132.2756Y-307.6088

G1X131.8991Y-307.2626

G1X131.6321Y-307.1591

G1X131.1460Y-307.3056

G1X130.5271Y-307.8898

G1X127.4673Y-311.8623

G1X126.4660Y-313.0033

G1X125.3724Y-313.9543

G1X124.9771Y-314.1859

G1X124.5465Y-314.3168

G1X123.9787Y-314.2995

G1X123.5038Y-314.1180

G1X123.0082Y-313.6858

G1X122.5983Y-313.1400

G1X122.3206Y-312.5791

G1X122.0803Y-311.7957

G1X121.7634Y-309.6739

G1X121.5332Y-309.0671

G1X121.2579Y-308.8576

G1X120.9516Y-308.8848

G1X120.5268Y-309.0686

G1X117.3328Y-310.9048

G1X116.6052Y-311.1695

G1X115.9282Y-311.3054

G1X115.0421Y-311.2594

G1X113.3065Y-310.5351

G1X110.9853Y-310.3293

G1X110.6130Y-310.2238

G1X110.4037Y-310.0682

G1X110.1710Y-309.5335

G1X110.0239Y-308.6966

G1X109.9336Y-307.4493

G1X109.6592Y-306.6405

G1X109.7284Y-305.9563

G1X110.0707Y-305.1314

G1X110.7559Y-303.8596

G1X112.3852Y-301.3873

G1X115.0727Y-296.8458

G1X115.2176Y-296.3882

G1X115.0318Y-295.6878

G1X115.0327Y-294.8888

G1X115.8673Y-293.0528

G1X115.9607Y-292.4616

G1X115.7469Y-291.9840

G1X115.2488Y-291.6441

G1X112.4181Y-290.8139

G1X111.2880Y-290.2138

G1X110.3393Y-289.8745

G1X109.0024Y-289.6347

G1X105.6988Y-289.4977

G1X103.9627Y-289.2822

G1X102.5209Y-288.9390

G1X102.1480Y-288.7514

G1X101.9494Y-288.4990

G1X101.9760Y-287.5445

G1X102.2655Y-286.5786

G1X102.1740Y-285.4699

G1X102.3827Y-284.7191

G1X102.8886Y-284.1027

G1X105.2825Y-282.5055

G1X105.7778Y-281.9821

G1X106.2569Y-280.6259

G1X106.4458Y-279.5777

G1X106.4156Y-278.9520

G1X106.1356Y-277.3852

G1X106.1342Y-276.7665

G1X106.2170Y-276.3712

G1X106.4744Y-275.9544

G1X106.9419Y-275.5094

G1X108.1261Y-274.8131

G1X108.3532Y-274.3019

G1X108.2460Y-273.8608

G1X107.8175Y-273.3032

G1X104.3143Y-270.2050

G1X103.2639Y-269.0719

G1X101.5409Y-266.6917

G1X100.7204Y-265.0102

G1X100.6281Y-264.3964

G1X100.7112Y-264.1520

G1X100.9001Y-263.9365

G1X101.8660Y-263.4304

G1X103.4127Y-263.1108

G1X103.6449Y-262.8874

G1X103.7778Y-262.4821

G1X103.7314Y-261.9611

G1X103.5687Y-261.4441

G1X102.2206Y-259.1208

G1X101.6689Y-257.9037

G1X101.3792Y-257.0452

G1X101.3177Y-256.4776

G1X101.3952Y-256.0603

G1X101.6144Y-255.6235

G1X101.9773Y-255.1831

G1X102.7406Y-254.6980

G1X103.8601Y-254.4141

G1X104.8075Y-254.4125

G1X105.8476Y-254.6653

G1X107.2789Y-255.2120

G1X108.9272Y-255.9731

G1X115.1642Y-259.4146

G1X116.2033Y-259.8580

G1X117.0156Y-260.0726

G1X117.4684Y-260.0539

G1X117.7886Y-259.8322

G1X118.2275Y-259.2934

G1X119.0683Y-257.7859

G1X119.5665Y-257.6041

G1X120.2031Y-257.6596

G1X120.7375Y-257.8650

G1X124.0178Y-259.5743

G1X125.0749Y-260.2668

G1X126.4601Y-261.3788

G1X127.2761Y-261.8856

G1X128.0007Y-262.0995

G1X128.8194Y-261.9208

G1X129.0323Y-261.7048

G1X129.1113Y-261.3505

G1X129.1139Y-258.1641

G1X129.2214Y-257.0538

G1X129.5288Y-256.5653

G1X130.0104Y-256.2637

G1X130.5796Y-256.1051

G1X130.8347Y-255.7159

G1X131.2540Y-253.8546

G1X131.6137Y-251.2369

G1X132.0748Y-250.0070

G1X132.3950Y-249.5910

G1X132.6923Y-249.4217

G1X134.4146Y-249.8203

G1X134.9236Y-249.8342

G1X135.6567Y-249.6231

G1X136.4045Y-249.0876

G1X137.1561Y-248.2425

G1X137.7437Y-247.3750

G1X139.1559Y-244.2675

G1X139.9858Y-242.7589

G1X140.4923Y-242.1113

G1X140.7908Y-241.9435

G1X141.1671Y-241.9524

G1X141.5293Y-242.1571

G1X141.9126Y-242.5607

G1X142.2087Y-243.1173

G1X143.4310Y-246.0818

G1X144.0185Y-246.9806

G1X144.4141Y-247.2971

G1X144.9226Y-247.5258

G1X145.3951Y-247.6158

G1X145.9033Y-247.5577

G1X146.8235Y-247.1070

G1X147.7789Y-246.3071

G1X151.4222Y-242.3862

G1X153.6181Y-239.8538

G1X155.2395Y-238.2527

G1X156.3439Y-237.4298

G1X156.7634Y-237.2968

G1X157.1820Y-237.3193

G1X157.5512Y-237.4706

G1X158.0373Y-237.8072

G1X158.9139Y-239.2178

G1X159.5166Y-239.8158

G1X159.9581Y-240.0770

G1X160.3529Y-240.1541

G1X160.7103Y-240.1150

G1X162.1385Y-239.6683

G1X163.9532Y-239.2438

G1X164.3062Y-239.2786

G1X164.5296Y-239.3890

G1X164.9890Y-239.9498

G1X165.2464Y-240.8113

G1X165.2818Y-241.6477

G1X164.4276Y-251.3395

G1X164.5649Y-252.4476

G1X164.7015Y-252.8112

G1X164.9208Y-253.0845

G1X165.3000Y-253.2541

G1X165.8927Y-253.2851

G1X166.9668Y-253.1911

G1X168.8032Y-252.8417

G1X170.2571Y-252.6673

G1X171.2378Y-252.6371

G1X172.1766Y-252.7627

G1X173.3969Y-253.1588

G1X175.9731Y-254.4506

G1X177.3672Y-255.3189

G1X180.2281Y-256.2693

G1X181.1220Y-256.7177

G1X181.6699Y-257.2100

G1X182.2196Y-257.9424

G1X182.7822Y-259.2483

G1X183.5154Y-260.5724

G1X183.9311Y-260.9974

G1X185.0750Y-261.8581

G1X185.7443Y-262.5169

G1X186.0870Y-263.0043

G1X186.2325Y-263.7460

G1X185.9708Y-266.4505

G1X186.1846Y-267.0851

G1X186.6239Y-267.6376

G1X187.6274Y-268.3410

G1X191.1447Y-269.8580

G1X192.4287Y-270.4887

G1X196.4235Y-272.7525

G1X198.5847Y-274.1172

G1X199.7137Y-275.1296

G1X201.6846Y-277.6384

G1X202.3158Y-278.3224

G1X204.5611Y-280.1713

G1X206.7463Y-281.7772

G1X207.8980Y-282.9956

G1X208.4914Y-283.9361

G1X208.7715Y-284.7691

G1X208.6619Y-288.0212

G1X208.7868Y-288.8511

G1X209.3151Y-289.8666

G1X211.7641Y-293.3948

G1X211.9973Y-294.1262

G1X211.9733Y-294.9528

G1X211.5854Y-296.4405

G1X210.7678Y-298.2837

G1X210.5390Y-300.3231

G1X210.1025Y-301.3103

G1X209.5525Y-302.0437

G1X208.8240Y-302.8040

G1X207.0138Y-304.0805

G1X206.4895Y-304.5387

G1X204.4862Y-307.4827

G1X203.6073Y-308.3499

G1X202.5832Y-309.0204

G1X201.4842Y-309.4733

G1X200.1841Y-309.7403

G1X198.4871Y-309.8889

G1X195.7843Y-309.9192

G1X191.6090Y-309.6352

G1X189.1991Y-309.5518

G1X180.4445Y-309.4796

G1X179.6834Y-309.6215

G1X179.0108Y-309.8717

G1X178.2212Y-310.2638

G1X177.5024Y-310.8180

G1X177.1193Y-311.0103

G1X175.8072Y-311.1883

G1X174.6103Y-311.1461

G1X173.6397Y-311.0127

G1X168.7084Y-309.9540

G1X167.7888Y-309.9134

G1X165.1553Y-310.0962

G1X162.9832Y-309.5954

G1X161.9786Y-309.4666

G1X161.2378Y-309.4749

G1X160.4174Y-309.2566

G1X160.1935Y-309.2714

G1X160.1171Y-309.4674

G1X160.1805Y-309.7395

G1X160.6805Y-310.7534

G1X164.4984Y-316.9039

G1X162.9051Y-317.0300

G1 Z0F20000

(Start Block)


G1X164.0649Y-318.5581
G1Z5F20000
(Plotting speed under)
G1 F4000


G1X163.3379Y-318.3775

G1X162.3247Y-317.9878

G1X159.5210Y-316.6086

G1X158.2087Y-316.1005

G1X157.2437Y-315.8431

G1X154.6108Y-315.4471

G1X153.3537Y-315.1055

G1X152.7876Y-315.2306

G1X152.3211Y-315.6492

G1X152.1278Y-315.9806

G1X151.7630Y-317.0795

G1X151.3270Y-317.6469

G1X150.8219Y-317.9422

G1X150.3747Y-317.9530

G1X149.2939Y-317.5868

G1X148.4576Y-317.2070

G1X147.5719Y-316.6809

G1X145.4167Y-315.1293

G1X144.7424Y-314.8366

G1X144.3601Y-314.7959

G1X144.0403Y-314.9344

G1X143.7203Y-315.3108

G1X142.6000Y-317.4309

G1X142.2859Y-317.7441

G1X141.9117Y-317.9493

G1X141.6163Y-317.9697

G1X141.3014Y-317.8200

G1X140.3995Y-316.8338

G1X139.5633Y-316.0611

G1X139.2378Y-315.9365

G1X138.9253Y-316.0318

G1X138.1834Y-316.7937

G1X137.2377Y-318.3016

G1X136.3281Y-319.3195

G1X135.0745Y-320.3780

G1X134.3651Y-320.6991

G1X133.9957Y-320.7439

G1X133.7466Y-320.5715

G1X133.5130Y-320.0829

G1X133.0671Y-317.9451

G1X132.8744Y-316.1624

G1X132.6941Y-312.2922

G1X132.4103Y-309.8518

G1X132.1207Y-308.9937

G1X131.8795Y-308.7339

G1X131.4980Y-308.5106

G1X131.2012Y-308.4645

G1X130.9782Y-308.5193

G1X130.4523Y-308.8832

G1X129.4921Y-309.9231

G1X126.2769Y-313.9136

G1X125.0286Y-314.9814

G1X124.5365Y-315.2574

G1X124.0997Y-315.3731

G1X123.3089Y-315.3467

G1X122.7219Y-315.1927

G1X122.0261Y-314.8014

G1X121.5898Y-314.3454

G1X121.3549Y-313.7185

G1X121.2057Y-312.7456

G1X121.2119Y-310.5845

G1X121.0487Y-309.9199

G1X120.8188Y-309.6777

G1X120.5119Y-309.6824

G1X120.1402Y-309.8511

G1X116.5100Y-312.1430

G1X115.8289Y-312.4134

G1X115.2337Y-312.5273

G1X114.4954Y-312.5423

G1X114.0646Y-312.4599

G1X112.1984Y-311.7658

G1X110.1589Y-311.2204

G1X109.5544Y-310.8841

G1X107.8756Y-308.3544

G1X107.7734Y-307.9579

G1X107.8493Y-307.5593

G1X108.2754Y-306.6498

G1X109.2580Y-305.0461

G1X111.6650Y-301.6347

G1X113.8751Y-297.6592

G1X114.1089Y-297.0365

G1X114.0101Y-296.2356

G1X114.1144Y-295.3384

G1X115.3415Y-293.1581

G1X115.4301Y-292.9127

G1X115.4322Y-292.5619

G1X115.2120Y-292.0883

G1X114.8708Y-291.7140

G1X114.3275Y-291.4288

G1X113.4545Y-291.1659

G1X111.7740Y-290.8118

G1X110.3153Y-290.3619

G1X108.5638Y-289.9540

G1X104.1994Y-289.7168

G1X102.2129Y-289.4362

G1X100.9797Y-289.0914

G1X100.7401Y-288.9556

G1X100.5356Y-288.6928

G1X100.5679Y-287.7973

G1X100.9662Y-286.6877

G1X100.8925Y-285.1157

G1X101.0200Y-284.4842

G1X101.3689Y-284.0421

G1X102.1155Y-283.4413

G1X104.3635Y-282.0751

G1X105.2484Y-281.1418

G1X105.6736Y-280.1649

G1X105.8400Y-279.2732

G1X105.4884Y-276.8369

G1X105.5383Y-276.1091

G1X105.7789Y-275.6857

G1X106.2498Y-275.2307

G1X107.5967Y-274.5743

G1X107.8944Y-274.2029

G1X107.9439Y-273.9410

G1X107.7861Y-273.5582

G1X107.2620Y-272.9945

G1X103.5139Y-269.9323

G1X102.4629Y-268.9048

G1X100.6019Y-266.4353

G1X100.1458Y-265.6612

G1X99.6862Y-264.6540

G1X99.5362Y-263.9105

G1X99.6010Y-263.6861

G1X99.8357Y-263.4334

G1X101.0313Y-262.9701

G1X102.9131Y-262.7872

G1X103.2126Y-262.5232

G1X103.3208Y-262.1965

G1X103.2562Y-261.6579

G1X103.0150Y-261.0515

G1X101.2587Y-258.4452

G1X100.4650Y-256.9970

G1X100.0356Y-256.0060

G1X99.8947Y-255.3327

G1X99.9326Y-254.8127

G1X100.1625Y-254.2092

G1X100.5513Y-253.6599

G1X101.2436Y-253.1959

G1X102.3015Y-252.9127

G1X103.1653Y-252.9328

G1X104.1831Y-253.2103

G1X105.6475Y-253.8190

G1X107.6611Y-254.8089

G1X114.1677Y-258.5165

G1X115.0827Y-258.9253

G1X115.9149Y-259.1672

G1X116.4776Y-259.2089

G1X116.8935Y-259.0677

G1X117.9712Y-258.1623

G1X118.6252Y-257.3411

G1X119.0394Y-257.0487

G1X119.5495Y-256.8922

G1X120.0531Y-256.9527

G1X122.0025Y-257.8074

G1X123.0988Y-258.4123

G1X124.6178Y-259.5061

G1X126.3363Y-260.9152

G1X127.3581Y-261.6112

G1X128.1125Y-261.9447

G1X128.8398Y-261.9702

G1X129.0591Y-261.7740

G1X129.1416Y-261.4298

G1X129.1426Y-258.1366

G1X129.2667Y-256.9586

G1X129.5456Y-256.3541

G1X129.8877Y-255.8852

G1X130.4321Y-255.3643

G1X130.6503Y-254.9220

G1X131.1082Y-253.1526

G1X131.5165Y-250.7512

G1X131.9278Y-249.7264

G1X132.2715Y-249.2804

G1X132.6296Y-249.0965

G1X132.9102Y-249.1401

G1X134.3034Y-249.6842

G1X134.7027Y-249.7565

G1X135.3720Y-249.5949

G1X135.9466Y-249.1888

G1X136.6676Y-248.3237

G1X137.6978Y-246.8197

G1X139.1883Y-243.5068

G1X140.0302Y-241.9245

G1X140.5639Y-241.2140

G1X140.9388Y-241.0212

G1X141.2970Y-241.0581

G1X141.6406Y-241.2720

G1X142.0021Y-241.6815

G1X142.2780Y-242.2408

G1X142.8797Y-243.9909

G1X143.5320Y-245.5768

G1X143.8690Y-246.2345

G1X144.2836Y-246.8095

G1X144.7162Y-247.2093

G1X145.2247Y-247.4931

G1X145.5984Y-247.5817

G1X146.0123Y-247.5220

G1X146.7937Y-247.0678

G1X147.6869Y-246.2201

G1X153.5439Y-239.0533

G1X155.0159Y-237.4521

G1X155.9857Y-236.5377

G1X156.7324Y-235.9695

G1X157.2971Y-235.7172

G1X157.8157Y-235.7168

G1X158.2604Y-235.9115

G1X158.7232Y-236.2623

G1X159.5969Y-237.8096

G1X160.2282Y-238.5136

G1X160.7392Y-238.8209

G1X161.1042Y-238.8728

G1X161.4623Y-238.8216

G1X162.8744Y-238.3676

G1X164.7737Y-237.9048

G1X165.1151Y-237.9461

G1X165.3282Y-238.0629

G1X165.7154Y-238.5518

G1X165.9456Y-239.2848

G1X166.0106Y-240.2071

G1X165.4502Y-244.5643

G1X165.2462Y-247.4718

G1X165.1617Y-250.0287

G1X165.3056Y-251.2153

G1X165.4416Y-251.6368

G1X165.6587Y-251.9640

G1X165.9740Y-252.1474

G1X166.3965Y-252.1849

G1X170.3698Y-251.4748

G1X171.5510Y-251.4505

G1X172.6323Y-251.5921

G1X174.2110Y-252.2198

G1X178.1714Y-254.5192

G1X178.7477Y-254.6933

G1X180.3144Y-254.9395

G1X181.3249Y-255.1894

G1X182.1024Y-255.4388

G1X182.6823Y-255.7472

G1X183.1817Y-256.2465

G1X183.6606Y-256.9943

G1X184.2580Y-258.4532

G1X184.9871Y-259.7174

G1X185.4204Y-260.1509

G1X186.5659Y-260.8821

G1X187.3837Y-261.5362

G1X187.7571Y-261.8948

G1X188.0173Y-262.3001

G1X188.1036Y-262.7546

G1X188.0375Y-263.3658

G1X187.7767Y-264.5168

G1X187.3750Y-265.6432

G1X187.2864Y-266.1191

G1X187.4007Y-266.6496

G1X187.7744Y-267.2004

G1X188.2793Y-267.6213

G1X188.8517Y-267.9371

G1X192.4080Y-269.2598

G1X193.8814Y-269.9252

G1X200.3307Y-274.0707

G1X201.8684Y-275.4380

G1X204.5472Y-278.4323

G1X206.3650Y-280.0806

G1X208.5160Y-281.8553

G1X209.7674Y-283.2419

G1X210.4308Y-284.2200

G1X210.8244Y-285.0562

G1X211.3057Y-286.8075

G1X211.7260Y-289.0670

G1X212.1106Y-289.9708

G1X213.8761Y-293.4700

G1X214.0561Y-294.2014

G1X214.0236Y-294.9091

G1X213.4777Y-296.6582

G1X212.4312Y-298.7193

G1X212.1500Y-300.7092

G1X211.7208Y-301.7052

G1X211.1978Y-302.4646

G1X210.5197Y-303.2605

G1X208.4732Y-305.0341

G1X206.5854Y-308.1732

G1X206.0643Y-308.7980

G1X205.4091Y-309.3437

G1X204.5505Y-309.9103

G1X203.6668Y-310.2848

G1X202.6219Y-310.5211

G1X201.1958Y-310.6659

G1X197.9114Y-310.6939

G1X192.9683Y-310.2593

G1X190.2062Y-310.1822

G1X187.9845Y-310.2515

G1X185.3442Y-310.5526

G1X182.7331Y-310.7167

G1X181.6940Y-310.9314

G1X180.7473Y-311.2901

G1X180.2130Y-311.5545

G1X179.4334Y-312.1676

G1X179.0591Y-312.3599

G1X178.3298Y-312.5207

G1X177.5169Y-312.5814

G1X176.4028Y-312.5342

G1X175.3513Y-312.3677

G1X169.9373Y-311.0767

G1X168.9576Y-310.9843

G1X166.1319Y-310.9379

G1X163.6979Y-310.3253

G1X162.6742Y-310.2031

G1X161.9343Y-310.2301

G1X160.8802Y-309.9878

G1X160.7704Y-310.1353

G1X160.7999Y-310.3604

G1X161.3535Y-311.5125

G1X165.6278Y-318.2987

G1X164.0649Y-318.5581

G1 Z0F20000

(Start Block)


G1X165.2247Y-320.0862
G1Z5F20000
(Plotting speed under)
G1 F4000


G1X164.3182Y-319.9074

G1X162.9910Y-319.4255

G1X160.4527Y-318.0984

G1X158.3586Y-317.1884

G1X157.6093Y-316.9994

G1X155.2498Y-316.6388

G1X154.1688Y-316.3595

G1X153.5959Y-316.3875

G1X153.0324Y-316.7535

G1X152.7506Y-317.1637

G1X152.3856Y-318.3905

G1X152.2088Y-318.7395

G1X151.7365Y-319.3025

G1X151.2363Y-319.5084

G1X150.6832Y-319.3974

G1X149.7026Y-318.9504

G1X146.7054Y-317.1092

G1X145.8896Y-316.8396

G1X145.0883Y-316.7693

G1X144.6174Y-316.8949

G1X144.2516Y-317.1704

G1X143.6479Y-317.9080

G1X142.8697Y-319.2334

G1X142.3845Y-319.6672

G1X142.0186Y-319.8291

G1X141.7317Y-319.8112

G1X141.4464Y-319.6308

G1X140.5491Y-318.6227

G1X139.6229Y-317.7293

G1X139.3253Y-317.6073

G1X138.9958Y-317.6841

G1X138.1636Y-318.5014

G1X136.9565Y-320.3340

G1X135.4074Y-321.9394

G1X134.7677Y-322.4515

G1X134.1317Y-322.7713

G1X133.7706Y-322.8099

G1X133.5281Y-322.6305

G1X133.2781Y-322.0731

G1X132.8367Y-319.8060

G1X132.6423Y-317.9002

G1X132.4749Y-313.7029

G1X132.2000Y-311.2153

G1X131.9166Y-310.3190

G1X131.7262Y-310.1034

G1X131.3760Y-309.9156

G1X130.8220Y-309.8065

G1X130.4968Y-309.9185

G1X130.1517Y-310.1541

G1X129.0973Y-311.2132

G1X126.4835Y-314.4003

G1X125.6586Y-315.2741

G1X124.9804Y-315.8398

G1X124.3466Y-316.2456

G1X123.8763Y-316.4332

G1X123.3861Y-316.4834

G1X121.7965Y-316.4098

G1X121.0914Y-316.2059

G1X120.6914Y-315.8527

G1X120.4834Y-315.1746

G1X120.3973Y-314.0473

G1X120.6167Y-311.5672

G1X120.5083Y-310.8534

G1X120.3807Y-310.6257

G1X120.2455Y-310.5478

G1X119.9461Y-310.5720

G1X119.5240Y-310.7922

G1X117.9852Y-311.8982

G1X115.5579Y-313.4764

G1X114.7748Y-313.7836

G1X113.9686Y-313.8466

G1X112.9792Y-313.7060

G1X111.2274Y-313.1294

G1X110.0968Y-312.6563

G1X108.8075Y-311.9048

G1X107.7847Y-310.9815

G1X106.7012Y-310.4980

G1X106.1118Y-310.0113

G1X105.9154Y-309.6926

G1X105.9029Y-309.3529

G1X106.3608Y-308.3109

G1X107.8820Y-306.0225

G1X110.3006Y-302.8682

G1X111.6100Y-300.5858

G1X112.9326Y-297.8916

G1X113.0113Y-297.4706

G1X112.9807Y-296.7875

G1X113.1876Y-295.7934

G1X113.4777Y-295.2533

G1X114.7638Y-293.3764

G1X114.8992Y-292.8206

G1X114.4781Y-291.7668

G1X114.0103Y-291.4375

G1X113.3376Y-291.2026

G1X111.1570Y-290.8947

G1X107.2935Y-290.1740

G1X103.0739Y-289.9711

G1X101.4394Y-289.7725

G1X99.7540Y-289.3873

G1X99.3119Y-289.1705

G1X99.1041Y-288.9205

G1X99.0527Y-288.6417

G1X99.1408Y-287.9665

G1X99.6449Y-286.6889

G1X99.4390Y-284.8098

G1X99.5479Y-284.3383

G1X99.9576Y-283.8137

G1X100.6754Y-283.2300

G1X103.4559Y-281.7702

G1X104.1744Y-281.2839

G1X104.5461Y-280.9064

G1X105.0123Y-279.9895

G1X105.2115Y-279.0831

G1X105.1371Y-278.1348

G1X104.7766Y-276.3222

G1X104.8669Y-275.7554

G1X105.1253Y-275.3238

G1X105.4592Y-275.0188

G1X106.9258Y-274.4385

G1X107.4105Y-274.0505

G1X107.5269Y-273.8059

G1X107.3662Y-273.3788

G1X106.8299Y-272.8343

G1X102.6261Y-269.5850

G1X101.4772Y-268.5214

G1X99.6341Y-266.1381

G1X99.0730Y-265.2023

G1X98.6156Y-264.2032

G1X98.4583Y-263.6938

G1X98.4436Y-263.3438

G1X98.5263Y-263.1274

G1X98.7825Y-262.8988

G1X99.2697Y-262.6994

G1X100.1774Y-262.4965

G1X102.3059Y-262.4687

G1X102.6918Y-262.2216

G1X102.8288Y-261.8391

G1X102.7341Y-261.3052

G1X102.4203Y-260.6388

G1X100.2802Y-257.7599

G1X99.2014Y-256.0036

G1X98.6616Y-254.9018

G1X98.4720Y-254.1991

G1X98.4808Y-253.4877

G1X98.7238Y-252.7229

G1X99.1089Y-252.1550

G1X99.6926Y-251.7532

G1X100.7845Y-251.4479

G1X101.6922Y-251.5137

G1X102.6543Y-251.8172

G1X104.1976Y-252.5061

G1X106.4009Y-253.6439

G1X112.9656Y-257.4915

G1X113.9677Y-257.9755

G1X114.8226Y-258.2489

G1X115.5276Y-258.2998

G1X116.0160Y-258.1877

G1X116.6038Y-257.7554

G1X117.5959Y-257.3336

G1X119.0204Y-256.1057

G1X119.5001Y-256.0586

G1X120.1200Y-256.2041

G1X121.2719Y-256.6794

G1X122.3603Y-257.3147

G1X127.1026Y-261.1393

G1X128.1853Y-261.8351

G1X128.8380Y-261.9644

G1X129.0649Y-261.7891

G1X129.1517Y-261.4561

G1X129.1554Y-258.1787

G1X129.3096Y-256.7511

G1X129.7305Y-255.6253

G1X130.2804Y-254.6487

G1X130.5645Y-253.9217

G1X130.9733Y-252.5002

G1X131.4004Y-250.4021

G1X131.7179Y-249.6010

G1X132.0780Y-249.0768

G1X132.4980Y-248.8144

G1X132.8767Y-248.8912

G1X134.2354Y-249.5791

G1X134.6071Y-249.6966

G1X135.1778Y-249.5902

G1X135.7999Y-249.1310

G1X137.7219Y-246.1945

G1X139.2188Y-242.7920

G1X140.1022Y-241.0826

G1X140.6282Y-240.3620

G1X140.9149Y-240.1819

G1X141.2838Y-240.1575

G1X141.6395Y-240.3316

G1X141.9715Y-240.6674

G1X142.3478Y-241.3867

G1X142.9711Y-243.3605

G1X143.5154Y-244.7792

G1X144.1860Y-246.1592

G1X144.6621Y-246.8295

G1X145.1719Y-247.2756

G1X145.6189Y-247.4857

G1X146.0292Y-247.4499

G1X146.7430Y-247.0028

G1X147.6929Y-246.0105

G1X150.8533Y-241.6939

G1X154.9294Y-236.5789

G1X156.0889Y-235.4070

G1X157.0287Y-234.6047

G1X157.7154Y-234.1955

G1X158.2565Y-234.0938

G1X158.8031Y-234.2560

G1X159.4100Y-234.7159

G1X159.6823Y-235.1213

G1X160.2857Y-236.3889

G1X160.9446Y-237.1949

G1X161.4316Y-237.5097

G1X161.7913Y-237.5681

G1X162.1586Y-237.5181

G1X163.6158Y-237.0431

G1X165.5140Y-236.5475

G1X165.8626Y-236.5665

G1X166.0736Y-236.6624

G1X166.4901Y-237.1783

G1X166.7189Y-237.9919

G1X166.7610Y-238.9410

G1X166.0734Y-243.0305

G1X165.8814Y-245.0429

G1X165.8268Y-246.7115

G1X165.9537Y-249.6761

G1X166.2167Y-250.5402

G1X166.5508Y-250.9885

G1X166.8893Y-251.1207

G1X167.4036Y-251.0981

G1X171.4535Y-250.1745

G1X172.1714Y-250.1535

G1X172.8770Y-250.2556

G1X173.7031Y-250.5003

G1X174.2656Y-250.7706

G1X177.4946Y-252.9223

G1X178.8615Y-253.7075

G1X179.6546Y-253.9343

G1X181.6619Y-254.0692

G1X182.9270Y-254.3032

G1X183.8838Y-254.6150

G1X184.4391Y-255.0177

G1X185.1626Y-256.2439

G1X185.7424Y-257.7759

G1X186.4233Y-258.9016

G1X186.9409Y-259.3905

G1X188.2357Y-260.1230

G1X189.2813Y-260.8620

G1X189.6559Y-261.2102

G1X189.8551Y-261.5297

G1X189.9271Y-262.0545

G1X189.7608Y-262.8520

G1X189.4208Y-263.8671

G1X188.7520Y-265.1488

G1X188.5615Y-265.6938

G1X188.6419Y-266.3271

G1X188.9555Y-266.8143

G1X189.4753Y-267.2440

G1X190.0357Y-267.5357

G1X193.7094Y-268.7348

G1X195.4646Y-269.4693

G1X196.1731Y-269.9168

G1X199.4305Y-272.3294

G1X202.2131Y-274.1439

G1X203.4076Y-275.0988

G1X204.4340Y-276.0433

G1X207.3150Y-279.1769

G1X210.3911Y-282.0936

G1X211.8558Y-283.7760

G1X213.1283Y-285.6431

G1X213.9744Y-287.3987

G1X215.9711Y-293.4989

G1X216.0849Y-294.3783

G1X215.9216Y-295.3582

G1X215.2781Y-296.9598

G1X214.1037Y-298.9598

G1X213.9304Y-299.5457

G1X213.6571Y-301.2628

G1X212.9611Y-302.6123

G1X212.0865Y-303.7783

G1X210.3083Y-305.5882

G1X209.9482Y-306.2088

G1X209.3000Y-307.6636

G1X208.2221Y-309.3820

G1X206.8495Y-310.5608

G1X206.2359Y-310.9060

G1X205.4795Y-311.1801

G1X203.7535Y-311.4446

G1X201.1228Y-311.5058

G1X198.9602Y-311.4064

G1X193.9200Y-310.8721

G1X191.8569Y-310.8313

G1X190.0112Y-310.9419

G1X189.0507Y-311.1088

G1X187.2786Y-311.6427

G1X184.9467Y-311.9621

G1X183.9550Y-312.1825

G1X182.3075Y-312.8003

G1X181.3707Y-313.5207

G1X181.0010Y-313.7108

G1X180.0964Y-313.9111

G1X179.0564Y-313.9679

G1X178.0951Y-313.8973

G1X176.8437Y-313.6599

G1X171.1488Y-312.1694

G1X167.0652Y-311.7599

G1X164.3859Y-311.0279

G1X163.3965Y-310.9114

G1X162.6012Y-310.9532

G1X161.6990Y-310.6885

G1X161.4769Y-310.6911

G1X161.3895Y-310.8593

G1X161.4345Y-311.0991

G1X162.0884Y-312.3958

G1X166.7613Y-319.6986

G1X165.2247Y-320.0862

G1 Z0F20000

(Start Block)


G1X166.3685Y-321.5932
G1Z5F20000
(Plotting speed under)
G1 F4000


G1X165.2764Y-321.4244

G1X164.0540Y-321.0034

G1X160.2818Y-318.9848

G1X158.9138Y-318.3727

G1X157.8872Y-318.1144

G1X154.4730Y-317.5400

G1X153.9170Y-317.7156

G1X153.4615Y-318.1426

G1X153.2497Y-318.5743

G1X152.8362Y-319.9967

G1X152.3504Y-320.6980

G1X151.8797Y-320.9638

G1X151.2564Y-320.8514

G1X150.2686Y-320.3522

G1X147.6051Y-318.5814

G1X147.1489Y-318.4063

G1X146.7148Y-318.3806

G1X145.5099Y-318.6250

G1X144.7934Y-318.9860

G1X143.9724Y-319.7557

G1X143.0719Y-321.0531

G1X142.4860Y-321.5388

G1X142.0361Y-321.6542

G1X141.5873Y-321.3966

G1X139.7797Y-319.4483

G1X139.4847Y-319.2780

G1X139.1506Y-319.2893

G1X138.8140Y-319.4880

G1X138.2520Y-320.0613

G1X137.0770Y-321.8484

G1X135.1441Y-323.9504

G1X134.6202Y-324.3902

G1X133.9977Y-324.7413

G1X133.6383Y-324.8237

G1X133.3924Y-324.7059

G1X133.1707Y-324.3403

G1X132.7631Y-322.6576

G1X132.4384Y-319.9854

G1X132.2700Y-315.3724

G1X132.0841Y-313.2427

G1X131.7782Y-311.7833

G1X131.5887Y-311.4775

G1X131.3740Y-311.3327

G1X130.8791Y-311.1635

G1X130.4784Y-311.1443

G1X130.0680Y-311.2976

G1X129.6268Y-311.6156

G1X128.5633Y-312.6679

G1X125.6276Y-316.0989

G1X124.3420Y-317.1643

G1X123.3852Y-317.6122

G1X121.2183Y-317.8067

G1X120.3614Y-317.7712

G1X120.0672Y-317.6859

G1X119.8414Y-317.4786

G1X119.6743Y-317.0356

G1X119.5845Y-316.3265

G1X119.5860Y-315.3233

G1X119.9645Y-312.7198

G1X119.8953Y-311.8973

G1X119.6773Y-311.5515

G1X119.3623Y-311.5469

G1X118.9730Y-311.7435

G1X117.1074Y-313.1525

G1X114.6578Y-314.8075

G1X113.9623Y-315.1302

G1X113.3341Y-315.2349

G1X112.2050Y-315.1169

G1X109.9105Y-314.4448

G1X109.0327Y-313.9292

G1X107.7904Y-312.8949

G1X106.8583Y-312.2491

G1X106.3673Y-312.0706

G1X104.9957Y-311.9188

G1X104.1872Y-311.4380

G1X104.0342Y-311.0928

G1X104.0833Y-310.7123

G1X104.6593Y-309.6069

G1X106.4416Y-307.0864

G1X108.9674Y-303.9566

G1X109.9120Y-302.4772

G1X111.8192Y-298.5332

G1X111.9681Y-297.3304

G1X112.2779Y-296.2407

G1X112.6995Y-295.5542

G1X114.1772Y-293.6046

G1X114.3316Y-293.2652

G1X114.3389Y-293.0474

G1X114.1633Y-292.0715

G1X114.0442Y-291.8003

G1X113.6224Y-291.4473

G1X113.1202Y-291.2707

G1X109.1308Y-290.8724

G1X105.8711Y-290.3899

G1X102.0238Y-290.2328

G1X100.5617Y-290.0843

G1X98.4504Y-289.6578

G1X97.8487Y-289.3830

G1X97.6328Y-289.1234

G1X97.5792Y-288.8339

G1X97.6787Y-288.1391

G1X98.1873Y-287.1006

G1X98.2766Y-286.7053

G1X98.1814Y-285.5751

G1X97.9064Y-284.6511

G1X98.0764Y-284.1346

G1X98.5198Y-283.5888

G1X99.1358Y-283.1225

G1X102.8483Y-281.4196

G1X103.3753Y-281.1069

G1X103.7414Y-280.7747

G1X104.3088Y-279.8052

G1X104.5329Y-278.8819

G1X104.4688Y-277.9242

G1X104.0290Y-276.0552

G1X104.1556Y-275.3812

G1X104.3798Y-275.0313

G1X104.6452Y-274.8007

G1X106.2742Y-274.2356

G1X106.9044Y-273.8436

G1X107.0468Y-273.5359

G1X106.8236Y-273.1237

G1X106.2436Y-272.5833

G1X101.7188Y-269.2284

G1X100.5413Y-268.1905

G1X99.7392Y-267.2735

G1X98.5859Y-265.7171

G1X98.0068Y-264.7553

G1X97.5497Y-263.7595

G1X97.3723Y-263.2284

G1X97.3506Y-262.7768

G1X97.4961Y-262.5134

G1X97.7787Y-262.3278

G1X98.3831Y-262.1449

G1X99.3870Y-261.9994

G1X101.7118Y-262.0908

G1X102.1023Y-261.8763

G1X102.2645Y-261.4409

G1X102.1420Y-260.9091

G1X101.8058Y-260.2555

G1X99.2885Y-257.0666

G1X98.0247Y-255.1616

G1X97.3148Y-253.8387

G1X97.0654Y-252.9905

G1X97.0572Y-252.2099

G1X97.2918Y-251.3252

G1X97.6876Y-250.7273

G1X98.3507Y-250.3111

G1X99.2466Y-250.0589

G1X100.1612Y-250.1341

G1X101.1982Y-250.4822

G1X102.8367Y-251.2486

G1X105.2355Y-252.5300

G1X109.5075Y-255.1457

G1X111.7820Y-256.4455

G1X112.9828Y-257.0440

G1X113.8541Y-257.3310

G1X114.3514Y-257.3740

G1X114.9653Y-257.3031

G1X115.8258Y-256.7945

G1X117.0101Y-256.5618

G1X117.7143Y-256.0790

G1X118.3850Y-255.3003

G1X118.6313Y-255.1478

G1X119.1902Y-255.1019

G1X119.9833Y-255.2911

G1X121.0197Y-255.8058

G1X122.1532Y-256.5836

G1X127.9069Y-261.4770

G1X128.4720Y-261.7889

G1X128.8833Y-261.8329

G1X129.0296Y-261.6983

G1X129.1295Y-261.2984

G1X129.1414Y-258.0213

G1X129.3259Y-256.3957

G1X129.6969Y-255.0748

G1X130.7256Y-252.3407

G1X131.2637Y-250.1860

G1X131.5531Y-249.4383

G1X132.0063Y-248.7921

G1X132.4536Y-248.5570

G1X132.8094Y-248.6581

G1X134.2288Y-249.5163

G1X134.6035Y-249.6581

G1X135.1347Y-249.5500

G1X135.6479Y-249.1469

G1X136.0453Y-248.6098

G1X137.7340Y-245.6546

G1X139.2468Y-242.1345

G1X140.1172Y-240.3887

G1X140.6886Y-239.5631

G1X141.0549Y-239.3444

G1X141.4071Y-239.3446

G1X141.7457Y-239.5241

G1X142.1351Y-239.9585

G1X142.4504Y-240.6523

G1X143.4723Y-243.8488

G1X144.3984Y-245.9120

G1X144.8146Y-246.5607

G1X145.3148Y-247.0654

G1X145.6668Y-247.2674

G1X146.0767Y-247.2472

G1X146.8081Y-246.7440

G1X147.7915Y-245.6205

G1X151.3449Y-240.4337

G1X154.0579Y-236.8113

G1X155.3240Y-235.2427

G1X156.5033Y-234.0120

G1X157.5322Y-233.1119

G1X158.3007Y-232.6338

G1X158.9198Y-232.5080

G1X159.4811Y-232.6819

G1X160.0981Y-233.1669

G1X160.3624Y-233.5721

G1X160.9829Y-234.9503

G1X161.6031Y-235.7787

G1X162.1398Y-236.1664

G1X162.4885Y-236.2296

G1X162.9430Y-236.1635

G1X164.2829Y-235.7129

G1X166.3654Y-235.1563

G1X166.8447Y-235.2410

G1X167.2663Y-235.7256

G1X167.5174Y-236.6336

G1X167.5387Y-237.7286

G1X166.7319Y-241.8083

G1X166.5120Y-243.6076

G1X166.4290Y-245.1711

G1X166.6945Y-248.5374

G1X167.0108Y-249.4809

G1X167.3511Y-249.9452

G1X167.7318Y-250.0935

G1X168.1215Y-250.0789

G1X172.1869Y-248.9841

G1X172.9398Y-248.8786

G1X173.5886Y-248.9293

G1X174.1611Y-249.1121

G1X175.0301Y-249.5535

G1X178.4183Y-252.2120

G1X179.7276Y-252.9678

G1X180.6598Y-253.1998

G1X182.8737Y-253.2113

G1X184.1269Y-253.3697

G1X185.1945Y-253.6457

G1X185.8185Y-254.0335

G1X186.1105Y-254.4335

G1X186.5677Y-255.4363

G1X187.0870Y-256.9365

G1X187.8057Y-258.1180

G1X188.3907Y-258.6523

G1X189.8470Y-259.4033

G1X191.0182Y-260.1518

G1X191.4025Y-260.4862

G1X191.6014Y-260.7978

G1X191.6527Y-261.4122

G1X191.3459Y-262.4350

G1X190.9631Y-263.3254

G1X190.0788Y-264.6961

G1X189.8125Y-265.2782

G1X189.8076Y-265.8102

G1X190.0327Y-266.3088

G1X190.4757Y-266.7396

G1X191.1405Y-267.1164

G1X195.3871Y-268.3871

G1X197.1605Y-269.1336

G1X197.8343Y-269.6078

G1X200.6368Y-271.9510

G1X204.5154Y-274.5175

G1X205.7157Y-275.4430

G1X206.6102Y-276.2775

G1X209.7198Y-279.7556

G1X213.2813Y-283.4919

G1X215.3001Y-285.8552

G1X216.1181Y-287.0040

G1X216.9119Y-288.7057

G1X217.6223Y-291.0592

G1X218.0624Y-293.7613

G1X218.0513Y-294.5493

G1X217.9146Y-295.2208

G1X217.6005Y-296.0667

G1X217.0655Y-297.1645

G1X215.6537Y-299.3692

G1X215.4741Y-299.9490

G1X215.2182Y-301.4286

G1X214.8505Y-302.3423

G1X213.7125Y-304.1271

G1X212.0453Y-306.1127

G1X211.7668Y-306.6693

G1X211.2067Y-308.1958

G1X210.4235Y-309.6887

G1X209.9295Y-310.3339

G1X208.8956Y-311.2703

G1X208.2172Y-311.6939

G1X207.4564Y-311.9824

G1X205.6388Y-312.2524

G1X202.9839Y-312.2922

G1X200.6897Y-312.1673

G1X195.4718Y-311.5518

G1X193.6111Y-311.5119

G1X192.0652Y-311.6178

G1X190.8574Y-311.8680

G1X189.1358Y-312.7679

G1X186.6743Y-313.2946

G1X184.9110Y-313.8285

G1X184.2079Y-314.1440

G1X183.3704Y-314.8055

G1X182.9214Y-315.0468

G1X181.9307Y-315.2695

G1X180.8887Y-315.3274

G1X179.8376Y-315.2377

G1X178.4985Y-314.9594

G1X172.2229Y-313.2048

G1X167.8800Y-312.5515

G1X164.9305Y-311.6890

G1X164.0423Y-311.5937

G1X163.1649Y-311.6387

G1X162.0799Y-311.3464

G1X161.9813Y-311.4820

G1X162.0457Y-311.8190

G1X162.7529Y-313.1720

G1X167.8910Y-321.0937

G1X166.3685Y-321.5932

G1 Z0F20000

(Start Block)


G1X167.4814Y-323.0595
G1Z5F20000
(Plotting speed under)
G1 F4000


G1X166.3864Y-322.9387

G1X165.0657Y-322.5046

G1X160.7427Y-320.1086

G1X159.4861Y-319.5393

G1X157.9654Y-319.1614

G1X155.0530Y-318.7023

G1X154.4760Y-318.8794

G1X154.0018Y-319.3147

G1X153.7919Y-319.7454

G1X153.5084Y-320.9122

G1X153.3162Y-321.3740

G1X152.8830Y-322.0329

G1X152.4019Y-322.3243

G1X151.8880Y-322.2483

G1X151.1986Y-321.9132

G1X150.4771Y-321.4793

G1X148.4941Y-320.0545

G1X147.6014Y-319.6395

G1X147.0203Y-319.7518

G1X145.7630Y-320.3853

G1X144.9106Y-320.9235

G1X144.2782Y-321.4747

G1X143.3883Y-322.6703

G1X142.7547Y-323.2279

G1X142.4127Y-323.3894

G1X142.0769Y-323.3569

G1X141.7940Y-323.1580

G1X139.8591Y-321.0713

G1X139.4970Y-320.8843

G1X139.1597Y-320.9256

G1X138.7525Y-321.1959

G1X138.2833Y-321.6747

G1X137.0604Y-323.5078

G1X134.9286Y-325.8620

G1X133.9626Y-326.5556

G1X133.4305Y-326.7138

G1X133.1913Y-326.5853

G1X132.9516Y-326.1621

G1X132.5414Y-324.3816

G1X132.2160Y-321.6168

G1X132.0502Y-316.7805

G1X131.8712Y-314.6503

G1X131.5864Y-313.1640

G1X131.3952Y-312.7892

G1X131.1722Y-312.6211

G1X130.2085Y-312.4444

G1X129.7843Y-312.5773

G1X129.3336Y-312.8705

G1X128.0934Y-314.0470

G1X125.1385Y-317.4157

G1X124.4353Y-318.0397

G1X123.7512Y-318.5043

G1X122.8760Y-318.8858

G1X121.9050Y-318.9563

G1X120.5993Y-319.2348

G1X119.5202Y-319.3332

G1X119.2214Y-319.2806

G1X118.9935Y-319.1004

G1X118.8427Y-318.7556

G1X118.7465Y-318.1807

G1X118.7597Y-316.7223

G1X119.2375Y-313.9159

G1X119.1731Y-312.9779

G1X118.9480Y-312.6632

G1X118.6336Y-312.6724

G1X118.1876Y-312.9133

G1X116.1782Y-314.4827

G1X113.7277Y-316.1756

G1X112.9956Y-316.5467

G1X112.3276Y-316.6774

G1X111.1051Y-316.5188

G1X108.5587Y-315.8078

G1X107.8783Y-315.3106

G1X106.6465Y-314.0210

G1X105.6751Y-313.4563

G1X105.0461Y-313.3094

G1X103.3183Y-313.3439

G1X102.6887Y-313.1074

G1X102.3813Y-312.8888

G1X102.2373Y-312.5426

G1X102.2943Y-312.1609

G1X102.9707Y-310.9236

G1X104.9830Y-308.1695

G1X107.7560Y-304.8155

G1X108.7839Y-303.2268

G1X110.7379Y-299.1564

G1X110.9951Y-297.8521

G1X111.4089Y-296.6684

G1X111.9261Y-295.8934

G1X113.7076Y-293.6367

G1X113.7737Y-293.3860

G1X113.6457Y-292.7905

G1X113.6820Y-292.1397

G1X113.5729Y-291.8792

G1X113.3438Y-291.6227

G1X112.6187Y-291.3571

G1X107.9511Y-291.0613

G1X104.4837Y-290.6198

G1X100.8621Y-290.4889

G1X99.4512Y-290.3625

G1X97.9744Y-290.1294

G1X96.9517Y-289.8727

G1X96.3692Y-289.6049

G1X96.1109Y-289.2677

G1X96.0855Y-288.8885

G1X96.2068Y-288.2256

G1X96.7466Y-287.2158

G1X96.8441Y-286.8180

G1X96.7759Y-285.7526

G1X96.3618Y-284.6748

G1X96.4207Y-284.3175

G1X96.6273Y-283.9106

G1X97.0684Y-283.4279

G1X97.6745Y-283.0227

G1X101.9241Y-281.2737

G1X102.5013Y-280.9560

G1X102.8639Y-280.6442

G1X103.5138Y-279.6451

G1X103.7734Y-278.6646

G1X103.7114Y-277.6939

G1X103.2251Y-275.8480

G1X103.2390Y-275.4671

G1X103.3575Y-275.0797

G1X103.5278Y-274.8103

G1X103.8651Y-274.5331

G1X105.5524Y-274.0157

G1X106.3097Y-273.6137

G1X106.4591Y-273.3280

G1X106.2474Y-272.9317

G1X105.5863Y-272.3309

G1X100.8026Y-268.8726

G1X99.5475Y-267.7983

G1X98.6908Y-266.8350

G1X97.5701Y-265.3345

G1X96.9862Y-264.3828

G1X96.5075Y-263.3559

G1X96.3132Y-262.8294

G1X96.2414Y-262.3628

G1X96.3259Y-262.0668

G1X96.6276Y-261.8203

G1X97.3229Y-261.6161

G1X98.3792Y-261.4917

G1X101.0210Y-261.6639

G1X101.4802Y-261.4027

G1X101.6006Y-261.0240

G1X101.4629Y-260.4741

G1X101.0602Y-259.7451

G1X98.2878Y-256.3687

G1X96.8493Y-254.2950

G1X96.0548Y-252.8983

G1X95.7560Y-252.0268

G1X95.6921Y-251.1188

G1X95.8976Y-250.1038

G1X96.3215Y-249.4227

G1X97.0937Y-248.9557

G1X97.8733Y-248.7583

G1X98.7151Y-248.8386

G1X99.7558Y-249.1922

G1X101.4801Y-250.0120

G1X104.0783Y-251.4217

G1X108.5291Y-254.1757

G1X110.7004Y-255.4201

G1X112.0033Y-256.0734

G1X112.8922Y-256.3712

G1X113.4011Y-256.4042

G1X113.9790Y-256.3141

G1X115.0028Y-255.7782

G1X116.1537Y-255.7170

G1X116.5415Y-255.6118

G1X117.2925Y-255.1173

G1X117.8221Y-254.2895

G1X118.1425Y-254.1064

G1X118.7146Y-254.0462

G1X119.3653Y-254.1976

G1X120.3197Y-254.6880

G1X121.5576Y-255.5661

G1X127.9456Y-261.2516

G1X128.4434Y-261.5300

G1X128.8104Y-261.5656

G1X128.9923Y-261.3345

G1X129.0439Y-261.0519

G1X129.0874Y-257.6197

G1X129.3437Y-255.6734

G1X129.7356Y-254.1818

G1X130.6880Y-251.6289

G1X131.1783Y-249.8646

G1X131.4374Y-249.2294

G1X131.8931Y-248.5905

G1X132.1843Y-248.3847

G1X132.4214Y-248.3354

G1X132.7842Y-248.4728

G1X134.5217Y-249.6044

G1X135.0455Y-249.5431

G1X135.5563Y-249.1403

G1X136.0102Y-248.4865

G1X137.7451Y-245.1944

G1X139.6997Y-240.6360

G1X140.3042Y-239.4463

G1X140.7475Y-238.8243

G1X141.1147Y-238.5899

G1X141.4743Y-238.5748

G1X141.8199Y-238.7468

G1X142.2163Y-239.1859

G1X142.5260Y-239.8773

G1X143.5153Y-243.0837

G1X144.5735Y-245.5199

G1X144.9683Y-246.1619

G1X145.4560Y-246.6886

G1X145.7832Y-246.8828

G1X146.1682Y-246.8574

G1X146.8840Y-246.3363

G1X147.8880Y-245.1319

G1X151.6963Y-239.3308

G1X154.2761Y-235.7798

G1X155.7140Y-233.9368

G1X156.9065Y-232.6492

G1X158.0267Y-231.6410

G1X158.8797Y-231.0869

G1X159.5517Y-230.9293

G1X160.1060Y-231.0835

G1X160.7879Y-231.6143

G1X161.0472Y-232.0147

G1X161.6908Y-233.4891

G1X162.3834Y-234.4395

G1X162.8590Y-234.7788

G1X163.2084Y-234.8484

G1X163.6533Y-234.7897

G1X167.1415Y-233.7428

G1X167.7001Y-233.8287

G1X168.0957Y-234.2922

G1X168.3392Y-235.1458

G1X168.3658Y-236.3725

G1X167.4446Y-240.6912

G1X167.1931Y-242.5305

G1X167.0991Y-244.0641

G1X167.1535Y-245.0367

G1X167.4737Y-247.4784

G1X167.8097Y-248.4078

G1X168.1475Y-248.8987

G1X168.5180Y-249.0716

G1X169.0125Y-249.0581

G1X171.2269Y-248.3442

G1X173.1155Y-247.8428

G1X174.0778Y-247.6855

G1X174.6950Y-247.7388

G1X175.2487Y-247.9610

G1X176.0540Y-248.4853

G1X177.0112Y-249.4174

G1X178.3981Y-250.5372

G1X179.3818Y-251.4713

G1X180.5616Y-252.1804

G1X181.6920Y-252.4568

G1X184.1368Y-252.3844

G1X185.4083Y-252.5089

G1X186.5849Y-252.7893

G1X187.2076Y-253.1819

G1X187.5741Y-253.7915

G1X188.4257Y-256.2222

G1X189.1722Y-257.4247

G1X189.8615Y-258.0074

G1X191.3510Y-258.7191

G1X192.6399Y-259.4901

G1X193.0244Y-259.8146

G1X193.2477Y-260.2040

G1X193.2767Y-260.6142

G1X193.1834Y-261.0775

G1X192.5903Y-262.4893

G1X191.3471Y-264.2825

G1X191.0492Y-264.8539

G1X191.0246Y-265.4944

G1X191.2714Y-265.9977

G1X191.7554Y-266.4306

G1X192.4062Y-266.7658

G1X194.9492Y-267.4206

G1X196.7436Y-267.9752

G1X197.8939Y-268.3849

G1X198.6697Y-268.7668

G1X199.3305Y-269.2595

G1X202.1578Y-271.8250

G1X206.6352Y-274.7323

G1X207.5802Y-275.4467

G1X208.4192Y-276.2223

G1X212.0690Y-280.4185

G1X217.6621Y-286.3325

G1X218.6234Y-287.6324

G1X219.4198Y-289.2768

G1X219.8450Y-290.8634

G1X220.0414Y-293.5030

G1X219.9984Y-294.3081

G1X219.8486Y-295.0882

G1X219.4624Y-296.1046

G1X218.7962Y-297.3624

G1X217.5361Y-299.0925

G1X217.1913Y-299.6793

G1X216.9618Y-300.3654

G1X216.6571Y-301.8624

G1X216.2151Y-302.8743

G1X215.2000Y-304.5278

G1X214.0407Y-306.0080

G1X213.6131Y-306.6910

G1X212.9293Y-308.7793

G1X212.1624Y-310.4166

G1X211.6742Y-311.0830

G1X210.7585Y-311.9927

G1X210.1013Y-312.4429

G1X209.3461Y-312.7492

G1X207.5616Y-313.0286

G1X204.8317Y-313.0733

G1X202.4449Y-312.9408

G1X197.0499Y-312.2812

G1X195.3268Y-312.2505

G1X193.8631Y-312.3700

G1X192.5645Y-312.7037

G1X192.2074Y-312.9395

G1X191.4428Y-313.6747

G1X191.0002Y-313.9091

G1X187.6323Y-314.8554

G1X186.4326Y-315.2758

G1X185.9786Y-315.5337

G1X185.1899Y-316.1585

G1X184.8037Y-316.3506

G1X183.8086Y-316.5776

G1X182.7726Y-316.6439

G1X181.6843Y-316.5554

G1X180.3497Y-316.2758

G1X177.4977Y-315.4847

G1X173.9252Y-314.3628

G1X168.6774Y-313.3305

G1X165.8015Y-312.4078

G1X164.8217Y-312.2644

G1X163.7822Y-312.3067

G1X162.9060Y-311.9986

G1X162.6202Y-311.9827

G1X162.5402Y-312.1358

G1X162.6249Y-312.4926

G1X163.4298Y-313.9820

G1X169.0094Y-322.4750

G1X167.4814Y-323.0595

G1 Z0F20000

(Start Block)


G1X168.5509Y-324.4686
G1Z5F20000
(Plotting speed under)
G1 F4000


G1X167.3313Y-324.3447

G1X166.0805Y-323.9335

G1X161.3386Y-321.2576

G1X160.1381Y-320.7106

G1X158.5223Y-320.2869

G1X157.1050Y-320.0991

G1X155.9719Y-319.8356

G1X155.5147Y-319.8196

G1X154.9566Y-320.0105

G1X154.5070Y-320.4301

G1X154.3018Y-320.8461

G1X153.9997Y-322.0947

G1X153.8132Y-322.5475

G1X153.3392Y-323.2800

G1X152.8750Y-323.5569

G1X152.4662Y-323.5164

G1X151.8034Y-323.2201

G1X150.9784Y-322.7310

G1X148.8689Y-321.2079

G1X148.3348Y-320.9198

G1X147.9292Y-320.8136

G1X147.4414Y-320.9627

G1X144.9599Y-322.6572

G1X144.4955Y-323.0960

G1X143.6203Y-324.2520

G1X142.9669Y-324.8434

G1X142.6128Y-325.0251

G1X142.3349Y-325.0259

G1X141.9894Y-324.8184

G1X139.8806Y-322.5976

G1X139.5795Y-322.4592

G1X139.2278Y-322.4979

G1X138.8031Y-322.7709

G1X138.3167Y-323.2554

G1X137.0440Y-325.1320

G1X134.7951Y-327.6035

G1X133.8169Y-328.3020

G1X133.2633Y-328.4651

G1X133.0145Y-328.3299

G1X132.7677Y-327.8929

G1X132.3498Y-326.0867

G1X132.0046Y-323.1686

G1X131.8292Y-318.0793

G1X131.6475Y-315.9477

G1X131.3412Y-314.3801

G1X131.1391Y-314.0036

G1X130.9033Y-313.8442

G1X129.8882Y-313.7028

G1X129.4440Y-313.8470

G1X128.9259Y-314.1882

G1X127.6393Y-315.4037

G1X124.6343Y-318.7896

G1X123.9076Y-319.4258

G1X123.2014Y-319.8956

G1X122.2939Y-320.2854

G1X121.1711Y-320.3910

G1X119.8668Y-320.7372

G1X118.6755Y-320.9100

G1X118.2973Y-320.8289

G1X118.1191Y-320.6474

G1X117.9766Y-320.2875

G1X117.8868Y-319.7026

G1X117.9058Y-318.2420

G1X118.4297Y-315.2486

G1X118.3764Y-314.3123

G1X118.2831Y-314.0690

G1X118.1158Y-313.9367

G1X117.8021Y-313.9539

G1X117.2905Y-314.2394

G1X115.1995Y-315.8892

G1X112.7694Y-317.5797

G1X112.0187Y-317.9864

G1X111.2949Y-318.1643

G1X109.9518Y-317.9855

G1X107.2530Y-317.2580

G1X106.5389Y-316.6845

G1X105.4161Y-315.3641

G1X104.4748Y-314.8034

G1X103.6307Y-314.6206

G1X101.6909Y-314.7396

G1X101.0517Y-314.5295

G1X100.7286Y-314.3303

G1X100.5503Y-314.0164

G1X100.6006Y-313.5325

G1X101.3161Y-312.2385

G1X103.4673Y-309.3222

G1X106.4108Y-305.8003

G1X107.5058Y-304.1582

G1X108.1639Y-302.9251

G1X108.8438Y-301.3494

G1X109.7078Y-299.7471

G1X110.0800Y-298.3429

G1X110.5496Y-297.1570

G1X111.1145Y-296.3278

G1X113.1245Y-293.8819

G1X113.1991Y-293.5470

G1X113.0745Y-293.0098

G1X113.1490Y-292.3304

G1X113.0507Y-292.0593

G1X112.8296Y-291.7933

G1X112.1575Y-291.5376

G1X106.8723Y-291.2864

G1X103.2272Y-290.8635

G1X98.4392Y-290.6524

G1X96.7998Y-290.4171

G1X95.6148Y-290.1475

G1X94.8674Y-289.8297

G1X94.5976Y-289.5069

G1X94.5485Y-289.1436

G1X94.6469Y-288.4895

G1X95.2413Y-287.3486

G1X95.3572Y-286.8494

G1X95.2670Y-285.7359

G1X94.8262Y-284.6997

G1X94.9038Y-284.2746

G1X95.1124Y-283.8768

G1X95.5502Y-283.4062

G1X96.2313Y-282.9710

G1X100.8380Y-281.1819

G1X101.4288Y-280.8809

G1X101.8877Y-280.5110

G1X102.6289Y-279.4410

G1X102.9032Y-278.4664

G1X102.8652Y-277.5629

G1X102.3379Y-275.5508

G1X102.4863Y-274.8083

G1X102.6499Y-274.5563

G1X102.9722Y-274.2953

G1X104.7463Y-273.7708

G1X105.5577Y-273.3733

G1X105.7285Y-273.0864

G1X105.5277Y-272.6955

G1X104.8255Y-272.0597

G1X102.8492Y-270.5827

G1X99.7942Y-268.4572

G1X98.5172Y-267.3696

G1X97.6939Y-266.4529

G1X96.5513Y-264.9311

G1X95.9462Y-263.9537

G1X95.4660Y-262.9291

G1X95.2251Y-262.2807

G1X95.1583Y-261.8054

G1X95.2949Y-261.4529

G1X95.6140Y-261.2422

G1X96.2882Y-261.0657

G1X97.5145Y-260.9509

G1X99.5660Y-261.1704

G1X100.2124Y-261.1724

G1X100.6757Y-260.9279

G1X100.8116Y-260.4870

G1X100.6562Y-259.9408

G1X100.2457Y-259.2193

G1X97.2233Y-255.5911

G1X95.6597Y-253.3742

G1X94.8365Y-251.9433

G1X94.5014Y-250.9493

G1X94.4406Y-249.9977

G1X94.6220Y-248.9825

G1X94.8365Y-248.5315

G1X95.0813Y-248.2315

G1X95.9066Y-247.7385

G1X96.6394Y-247.5741

G1X97.5366Y-247.6869

G1X98.5106Y-248.0331

G1X100.2366Y-248.8575

G1X102.9290Y-250.3194

G1X107.4737Y-253.1303

G1X109.4735Y-254.2750

G1X110.9319Y-255.0136

G1X111.8546Y-255.3373

G1X112.3940Y-255.3791

G1X113.1711Y-255.2264

G1X114.1314Y-254.7019

G1X115.3869Y-254.6962

G1X115.7899Y-254.6097

G1X116.1772Y-254.4394

G1X116.5943Y-254.1348

G1X117.0694Y-253.3089

G1X117.2771Y-253.1095

G1X117.9073Y-252.9427

G1X118.6713Y-253.0835

G1X119.6657Y-253.6033

G1X120.8065Y-254.4144

G1X127.6818Y-260.6933

G1X128.2477Y-261.0545

G1X128.6336Y-261.1187

G1X128.8267Y-260.9030

G1X128.8840Y-260.6274

G1X128.9685Y-257.1715

G1X129.2983Y-254.9471

G1X129.7627Y-253.3035

G1X130.6437Y-251.1437

G1X131.3293Y-249.0649

G1X131.8233Y-248.3907

G1X132.3080Y-248.1439

G1X132.7286Y-248.2912

G1X134.5171Y-249.5551

G1X135.0152Y-249.5014

G1X135.4857Y-249.1274

G1X135.9477Y-248.4569

G1X136.7725Y-246.6778

G1X137.7552Y-244.8244

G1X139.8134Y-239.8919

G1X140.4104Y-238.7078

G1X140.8448Y-238.1126

G1X141.1692Y-237.9030

G1X141.5361Y-237.8682

G1X141.8888Y-238.0266

G1X142.2929Y-238.4582

G1X142.6079Y-239.1564

G1X143.5385Y-242.2071

G1X144.6931Y-244.8711

G1X145.0933Y-245.5312

G1X145.5882Y-246.0710

G1X145.9208Y-246.2687

G1X146.3148Y-246.2329

G1X147.0553Y-245.6613

G1X148.0902Y-244.3731

G1X150.4394Y-240.6091

G1X152.0654Y-238.1746

G1X154.6436Y-234.5651

G1X156.1450Y-232.6060

G1X157.3779Y-231.2434

G1X158.5871Y-230.1369

G1X159.5167Y-229.5260

G1X160.2066Y-229.3616

G1X160.7790Y-229.5167

G1X161.4798Y-230.0578

G1X161.7818Y-230.5407

G1X162.4116Y-232.0013

G1X163.0797Y-232.9461

G1X163.6129Y-233.3473

G1X163.9613Y-233.4178

G1X164.4183Y-233.3595

G1X168.0042Y-232.2895

G1X168.5761Y-232.3826

G1X168.9648Y-232.8449

G1X169.2221Y-233.7993

G1X169.2324Y-235.0350

G1X168.2363Y-239.5521

G1X167.9613Y-241.5028

G1X167.8700Y-243.0221

G1X167.9444Y-244.0625

G1X168.3296Y-246.5701

G1X168.6987Y-247.4778

G1X169.0447Y-247.9278

G1X169.4153Y-248.0804

G1X169.9120Y-248.0575

G1X172.1520Y-247.3055

G1X174.0368Y-246.7910

G1X175.0192Y-246.6075

G1X175.7008Y-246.6392

G1X176.2651Y-246.8705

G1X177.0448Y-247.4398

G1X178.1251Y-248.5918

G1X179.4325Y-249.6997

G1X180.3369Y-250.6346

G1X181.5467Y-251.3994

G1X182.1440Y-251.6038

G1X182.7532Y-251.6946

G1X185.3587Y-251.5835

G1X186.7286Y-251.7087

G1X187.8048Y-251.9551

G1X188.4967Y-252.3727

G1X188.8839Y-253.0619

G1X189.7045Y-255.5400

G1X190.4859Y-256.7889

G1X191.1810Y-257.3617

G1X192.7291Y-258.0815

G1X194.1164Y-258.8900

G1X194.4912Y-259.2084

G1X194.7065Y-259.5909

G1X194.7334Y-259.9955

G1X194.6398Y-260.4525

G1X193.9784Y-261.9566

G1X192.5752Y-263.8803

G1X192.2730Y-264.4335

G1X192.2210Y-265.0641

G1X192.4872Y-265.6388

G1X192.9604Y-266.0587

G1X193.6027Y-266.3887

G1X196.2600Y-267.0559

G1X197.9570Y-267.5709

G1X199.1235Y-267.9698

G1X199.9752Y-268.3673

G1X200.6574Y-268.8674

G1X203.5985Y-271.6516

G1X208.3299Y-274.6795

G1X209.1973Y-275.3291

G1X210.0439Y-276.1039

G1X211.4033Y-277.5842

G1X214.3235Y-281.0768

G1X217.5173Y-284.4573

G1X219.6447Y-286.5056

G1X220.6976Y-287.8890

G1X221.4681Y-289.4310

G1X221.8433Y-290.8943

G1X221.9196Y-293.3135

G1X221.6770Y-295.0416

G1X221.2835Y-296.0831

G1X220.5251Y-297.4569

G1X218.6835Y-299.9804

G1X218.4350Y-300.6475

G1X218.0457Y-302.2970

G1X217.5730Y-303.3095

G1X216.6080Y-304.9034

G1X215.5305Y-306.3721

G1X215.1309Y-307.0446

G1X214.8863Y-307.7185

G1X214.4963Y-309.3025

G1X213.7095Y-311.1886

G1X213.3546Y-311.7058

G1X212.3537Y-312.7933

G1X211.7738Y-313.1977

G1X211.0043Y-313.5103

G1X209.1538Y-313.7940

G1X206.3699Y-313.8411

G1X204.1957Y-313.7255

G1X198.7752Y-313.0787

G1X197.0569Y-313.0659

G1X195.7486Y-313.1943

G1X194.8607Y-313.4002

G1X194.3143Y-313.6291

G1X193.9990Y-313.9013

G1X193.3551Y-314.7417

G1X192.7726Y-315.0888

G1X188.4234Y-316.4704

G1X187.8786Y-316.7617

G1X187.0070Y-317.4295

G1X186.6174Y-317.6129

G1X185.6476Y-317.8296

G1X184.5448Y-317.9007

G1X183.2786Y-317.7845

G1X181.7610Y-317.4405

G1X178.8495Y-316.5970

G1X175.1275Y-315.3790

G1X169.4805Y-314.1075

G1X166.4604Y-313.0838

G1X165.4452Y-312.9197

G1X164.3771Y-312.9508

G1X163.4035Y-312.5909

G1X163.1355Y-312.5898

G1X163.0733Y-312.7597

G1X163.1770Y-313.1349

G1X164.0805Y-314.7605

G1X170.1102Y-323.8346

G1X168.5509Y-324.4686

G1 Z0F20000

(Start Block)


G1X169.5728Y-325.8150
G1Z5F20000
(Plotting speed under)
G1 F4000


G1X168.3704Y-325.6997

G1X166.9422Y-325.2265

G1X162.1477Y-322.4984

G1X160.8867Y-321.9072

G1X159.1883Y-321.4307

G1X157.6940Y-321.1977

G1X156.5124Y-320.8980

G1X156.0360Y-320.8699

G1X155.4549Y-321.0522

G1X154.9869Y-321.4715

G1X154.7726Y-321.8920

G1X154.4557Y-323.1609

G1X154.2619Y-323.6212

G1X153.7714Y-324.3650

G1X153.2941Y-324.6487

G1X152.8757Y-324.6118

G1X152.1991Y-324.3191

G1X151.3582Y-323.8371

G1X149.2116Y-322.3455

G1X148.6672Y-322.0689

G1X148.2538Y-321.9764

G1X147.7923Y-322.1304

G1X145.1936Y-324.0399

G1X144.7468Y-324.4740

G1X143.8313Y-325.6923

G1X143.2027Y-326.2874

G1X142.7774Y-326.5277

G1X142.4405Y-326.5150

G1X142.1532Y-326.3381

G1X140.0299Y-324.1790

G1X139.6603Y-324.0022

G1X139.3188Y-324.0377

G1X138.9060Y-324.2843

G1X138.3498Y-324.8214

G1X137.0247Y-326.7350

G1X134.6675Y-329.2624

G1X134.3055Y-329.5680

G1X133.6171Y-329.9720

G1X133.0814Y-330.0893

G1X132.7668Y-329.8502

G1X132.5744Y-329.4503

G1X132.1421Y-327.5522

G1X131.7884Y-324.5791

G1X131.6035Y-319.5448

G1X131.4103Y-317.3211

G1X131.1038Y-315.7206

G1X130.8923Y-315.2883

G1X130.6718Y-315.1104

G1X130.0060Y-314.9452

G1X129.5337Y-314.9460

G1X129.1098Y-315.0939

G1X128.6012Y-315.4268

G1X127.2490Y-316.6951

G1X124.0220Y-320.3125

G1X123.3028Y-320.9327

G1X122.5478Y-321.4369

G1X121.6732Y-321.8253

G1X120.5754Y-321.9449

G1X119.0967Y-322.3195

G1X117.9400Y-322.4796

G1X117.5574Y-322.4275

G1X117.3395Y-322.2638

G1X117.1722Y-321.9253

G1X117.0565Y-321.3558

G1X117.0392Y-319.7764

G1X117.5258Y-316.7416

G1X117.4511Y-315.7937

G1X117.3486Y-315.5457

G1X117.1710Y-315.4104

G1X116.8446Y-315.4267

G1X116.3327Y-315.7037

G1X114.1542Y-317.3949

G1X111.6289Y-319.1257

G1X110.7415Y-319.5776

G1X110.0568Y-319.7083

G1X108.7182Y-319.5216

G1X105.8950Y-318.7659

G1X105.2191Y-318.2476

G1X103.8798Y-316.7320

G1X102.9373Y-316.2018

G1X102.1083Y-316.0203

G1X100.0901Y-316.1210

G1X99.4645Y-315.9079

G1X99.0750Y-315.6553

G1X98.9164Y-315.3326

G1X98.9731Y-314.8501

G1X99.7479Y-313.4518

G1X101.9299Y-310.4878

G1X105.0686Y-306.7247

G1X106.2337Y-304.9872

G1X106.9674Y-303.6661

G1X107.7369Y-302.0361

G1X108.7303Y-300.3103

G1X109.2169Y-298.8054

G1X109.7836Y-297.5319

G1X110.3705Y-296.7053

G1X112.5477Y-294.1241

G1X112.6315Y-293.7783

G1X112.5029Y-293.2290

G1X112.5454Y-292.5457

G1X112.4727Y-292.3474

G1X112.2033Y-292.0398

G1X111.4409Y-291.7636

G1X106.3700Y-291.5654

G1X102.2302Y-291.1224

G1X97.0982Y-290.8934

G1X95.4422Y-290.6589

G1X94.1436Y-290.3666

G1X93.3823Y-290.0457

G1X93.0900Y-289.7133

G1X93.0238Y-289.3393

G1X93.1235Y-288.5809

G1X93.6954Y-287.4730

G1X93.8097Y-286.9679

G1X93.7372Y-285.8124

G1X93.3091Y-284.7380

G1X93.3989Y-284.2976

G1X93.6218Y-283.8857

G1X94.0832Y-283.3986

G1X94.7707Y-282.9618

G1X99.7578Y-281.0501

G1X100.3686Y-280.7267

G1X100.8010Y-280.3722

G1X101.5644Y-279.3568

G1X101.8012Y-278.8156

G1X101.9166Y-278.3195

G1X101.8930Y-277.2965

G1X101.3905Y-275.3336

G1X101.4440Y-274.8494

G1X101.5865Y-274.4813

G1X101.7804Y-274.2309

G1X102.1080Y-274.0036

G1X103.6578Y-273.5620

G1X104.5205Y-273.1642

G1X104.7434Y-272.9947

G1X104.8199Y-272.7726

G1X104.5691Y-272.3314

G1X103.9013Y-271.7332

G1X101.9022Y-270.2295

G1X98.7817Y-268.0456

G1X97.5192Y-266.9644

G1X96.7027Y-266.0553

G1X95.5235Y-264.4797

G1X94.8776Y-263.4308

G1X94.4135Y-262.4294

G1X94.1490Y-261.6973

G1X94.0975Y-261.2415

G1X94.2380Y-260.8984

G1X94.5656Y-260.6826

G1X95.2559Y-260.5014

G1X96.5029Y-260.3815

G1X98.6361Y-260.6026

G1X99.2671Y-260.5985

G1X99.7220Y-260.3600

G1X99.8753Y-259.9447

G1X99.7068Y-259.3165

G1X99.3018Y-258.6053

G1X96.2074Y-254.8849

G1X94.6289Y-252.6560

G1X93.7410Y-251.1297

G1X93.3707Y-250.0324

G1X93.3090Y-249.0026

G1X93.4969Y-247.9468

G1X93.7226Y-247.4874

G1X93.9795Y-247.1847

G1X94.7772Y-246.6965

G1X95.4911Y-246.5283

G1X96.3607Y-246.6268

G1X97.4180Y-246.9955

G1X99.1739Y-247.8256

G1X101.7957Y-249.2293

G1X106.3979Y-252.0394

G1X108.3925Y-253.1632

G1X109.8508Y-253.8908

G1X110.8304Y-254.2308

G1X111.4506Y-254.2662

G1X112.2073Y-254.1038

G1X113.0046Y-253.6298

G1X113.2956Y-253.5424

G1X114.4312Y-253.5617

G1X114.9202Y-253.4801

G1X115.3879Y-253.2865

G1X115.7918Y-253.0054

G1X116.3020Y-252.1731

G1X116.5224Y-251.9735

G1X117.2302Y-251.8121

G1X117.9786Y-251.9669

G1X118.9687Y-252.4863

G1X120.2752Y-253.4243

G1X124.3540Y-257.1199

G1X127.3925Y-259.9939

G1X128.0471Y-260.4090

G1X128.3974Y-260.4518

G1X128.5803Y-260.2612

G1X128.6460Y-259.9964

G1X128.7942Y-256.6348

G1X129.1775Y-254.3908

G1X129.6386Y-252.8985

G1X130.5753Y-250.8226

G1X131.2467Y-248.9001

G1X131.7914Y-248.1955

G1X132.2835Y-247.9790

G1X132.7088Y-248.1472

G1X134.1543Y-249.2588

G1X134.5077Y-249.4506

G1X135.0069Y-249.3906

G1X135.4781Y-249.0019

G1X135.9744Y-248.2429

G1X136.7215Y-246.5703

G1X137.8615Y-244.3141

G1X139.1204Y-241.0594

G1X140.0448Y-238.9720

G1X140.5199Y-238.0579

G1X140.8875Y-237.5568

G1X141.2148Y-237.3262

G1X141.5885Y-237.2662

G1X141.9482Y-237.4018

G1X142.3610Y-237.8088

G1X142.6837Y-238.4898

G1X143.6413Y-241.4961

G1X144.8348Y-244.1023

G1X145.2493Y-244.7432

G1X145.7622Y-245.2582

G1X146.1067Y-245.4386

G1X146.5143Y-245.3813

G1X147.2472Y-244.8007

G1X148.3005Y-243.4820

G1X150.7751Y-239.5013

G1X152.4443Y-236.9861

G1X155.0651Y-233.2922

G1X156.6836Y-231.1667

G1X157.9996Y-229.7108

G1X159.2897Y-228.5397

G1X160.2103Y-227.9541

G1X160.9296Y-227.8116

G1X161.5673Y-228.0270

G1X162.2302Y-228.5773

G1X163.1363Y-230.4966

G1X163.8249Y-231.4668

G1X164.3730Y-231.8811

G1X164.7237Y-231.9552

G1X165.1713Y-231.9048

G1X166.7092Y-231.4057

G1X168.9007Y-230.8221

G1X169.4590Y-230.9245

G1X169.8572Y-231.4026

G1X170.1207Y-232.3856

G1X170.1317Y-233.6514

G1X169.9365Y-234.7778

G1X169.1108Y-238.2933

G1X168.8360Y-240.2432

G1X168.7388Y-241.8586

G1X168.8053Y-242.8273

G1X169.2003Y-245.4321

G1X169.5920Y-246.4411

G1X169.9423Y-246.9105

G1X170.3184Y-247.0732

G1X170.8094Y-247.0586

G1X173.1111Y-246.3064

G1X175.0688Y-245.7877

G1X176.0308Y-245.6190

G1X176.7123Y-245.6586

G1X177.2864Y-245.9010

G1X178.0737Y-246.4886

G1X179.0996Y-247.6159

G1X180.4899Y-248.8432

G1X181.3986Y-249.8161

G1X182.6227Y-250.6114

G1X183.2286Y-250.8250

G1X183.8464Y-250.9225

G1X186.4881Y-250.8265

G1X187.8773Y-250.9632

G1X188.9689Y-251.2215

G1X189.6712Y-251.6522

G1X190.0285Y-252.2622

G1X190.9084Y-254.8918

G1X191.6401Y-256.0913

G1X192.4012Y-256.7485

G1X194.0034Y-257.5033

G1X195.4054Y-258.3264

G1X195.7870Y-258.6528

G1X196.0049Y-259.0450

G1X196.0299Y-259.4598

G1X195.9316Y-259.9282

G1X195.2433Y-261.4709

G1X193.7636Y-263.4721

G1X193.4603Y-264.0211

G1X193.3973Y-264.6648

G1X193.6571Y-265.2558

G1X194.1312Y-265.6875

G1X194.7802Y-266.0267

G1X197.4796Y-266.7117

G1X199.2028Y-267.2398

G1X200.3869Y-267.6486

G1X201.2499Y-268.0557

G1X201.9380Y-268.5679

G1X204.1098Y-270.7241

G1X204.9068Y-271.4144

G1X209.8669Y-274.5757

G1X210.7327Y-275.2287

G1X211.6397Y-276.0656

G1X212.9881Y-277.5308

G1X214.5706Y-279.4989

G1X216.0475Y-281.1786

G1X219.1816Y-284.4746

G1X221.3858Y-286.5816

G1X222.4889Y-288.0413

G1X223.2364Y-289.5650

G1X223.5794Y-290.9429

G1X223.6164Y-293.2737

G1X223.3481Y-295.0697

G1X222.9196Y-296.1923

G1X222.2063Y-297.4515

G1X221.6987Y-298.2149

G1X220.1441Y-300.1841

G1X219.8308Y-300.9412

G1X219.4362Y-302.5156

G1X219.1167Y-303.2525

G1X217.9342Y-305.2602

G1X216.5287Y-307.3656

G1X216.2705Y-308.1204

G1X215.9044Y-309.8856

G1X215.4584Y-311.2133

G1X215.1181Y-311.9397

G1X214.3360Y-313.0070

G1X213.8187Y-313.5498

G1X213.2192Y-313.9563

G1X212.5386Y-314.2242

G1X210.7151Y-314.5205

G1X208.0053Y-314.6000

G1X205.8235Y-314.5046

G1X200.6409Y-313.9374

G1X199.0548Y-313.9433

G1X197.6962Y-314.0969

G1X196.7890Y-314.3326

G1X196.1829Y-314.6167

G1X195.8878Y-314.9143

G1X195.2958Y-315.8239

G1X194.6387Y-316.2429

G1X190.2968Y-317.6878

G1X189.7509Y-317.9717

G1X188.8716Y-318.6201

G1X188.3857Y-318.8434

G1X187.3963Y-319.0458

G1X186.2770Y-319.1074

G1X184.8769Y-318.9693

G1X183.1540Y-318.5600

G1X180.2261Y-317.6852

G1X175.9512Y-316.2600

G1X170.0800Y-314.8191

G1X167.1183Y-313.7580

G1X166.0041Y-313.5612

G1X164.9592Y-313.5752

G1X163.9233Y-313.1704

G1X163.6587Y-313.1548

G1X163.5879Y-313.3774

G1X163.7128Y-313.7645

G1X164.6597Y-315.4335

G1X171.1837Y-325.1602

G1X169.5728Y-325.8150

G1 Z0F20000

(Start Block)


G1X170.5576Y-327.1125
G1Z5F20000
(Plotting speed under)
G1 F4000


G1X169.2807Y-326.9952

G1X167.8715Y-326.5348

G1X162.8529Y-323.7031

G1X161.5577Y-323.1047

G1X159.9799Y-322.6363

G1X158.1884Y-322.2815

G1X157.0777Y-321.9465

G1X156.4299Y-321.8981

G1X155.8433Y-322.1013

G1X155.4440Y-322.4636

G1X155.2174Y-322.8802

G1X154.8763Y-324.1445

G1X154.6713Y-324.6011

G1X154.1550Y-325.3269

G1X153.6624Y-325.6084

G1X153.2388Y-325.5835

G1X152.5595Y-325.3204

G1X151.7069Y-324.8801

G1X149.4752Y-323.4846

G1X149.0154Y-323.2728

G1X148.5928Y-323.1905

G1X148.1192Y-323.3581

G1X145.2682Y-325.4641

G1X144.0202Y-326.9257

G1X143.3287Y-327.5945

G1X142.9205Y-327.8425

G1X142.5897Y-327.8552

G1X142.2809Y-327.6955

G1X140.0666Y-325.7076

G1X139.7433Y-325.5877

G1X139.3027Y-325.6727

G1X138.8744Y-325.9640

G1X138.3814Y-326.4395

G1X137.0084Y-328.3594

G1X134.5640Y-330.9053

G1X133.5737Y-331.5634

G1X133.0138Y-331.7330

G1X132.6758Y-331.5701

G1X132.4722Y-331.2556

G1X132.0072Y-329.5718

G1X131.5616Y-326.3442

G1X131.3105Y-321.0693

G1X131.0570Y-318.6137

G1X130.7085Y-317.0859

G1X130.4559Y-316.6736

G1X130.0941Y-316.4474

G1X129.5855Y-316.2820

G1X129.1913Y-316.2840

G1X128.6799Y-316.4657

G1X128.1451Y-316.8275

G1X126.7114Y-318.1778

G1X123.4645Y-321.8150

G1X122.5835Y-322.5925

G1X121.7633Y-323.1661

G1X120.7700Y-323.6020

G1X118.4162Y-323.9867

G1X117.3661Y-324.0436

G1X116.9581Y-324.0057

G1X116.6255Y-323.8302

G1X116.4136Y-323.4872

G1X116.2865Y-323.0441

G1X116.1673Y-321.3830

G1X116.5016Y-318.4409

G1X116.3719Y-317.5219

G1X116.2522Y-317.2784

G1X116.0596Y-317.1438

G1X115.7171Y-317.1578

G1X115.1774Y-317.4365

G1X113.0060Y-319.0570

G1X110.3514Y-320.8112

G1X109.5324Y-321.2068

G1X108.7513Y-321.3422

G1X107.3228Y-321.1393

G1X104.4560Y-320.3640

G1X103.7064Y-319.8029

G1X102.2956Y-318.2799

G1X101.2772Y-317.7175

G1X100.3722Y-317.5253

G1X98.4851Y-317.5945

G1X97.7700Y-317.3448

G1X97.3718Y-317.0741

G1X97.2095Y-316.7343

G1X97.2285Y-316.3749

G1X97.4548Y-315.7934

G1X97.9037Y-315.0232

G1X100.2281Y-311.8103

G1X103.2446Y-308.2005

G1X104.3246Y-306.7445

G1X105.5635Y-304.7425

G1X106.6079Y-302.7978

G1X107.7956Y-300.8467

G1X108.3575Y-299.2663

G1X108.9960Y-297.9186

G1X109.8025Y-296.8513

G1X111.8021Y-294.6233

G1X112.0431Y-294.2292

G1X112.0870Y-294.0006

G1X111.8599Y-292.6759

G1X111.3896Y-292.2689

G1X110.8056Y-292.0750

G1X105.3274Y-291.8223

G1X101.0856Y-291.3658

G1X95.8855Y-291.1116

G1X94.1253Y-290.8558

G1X92.8345Y-290.5609

G1X92.0627Y-290.2436

G1X91.6930Y-289.8431

G1X91.6086Y-289.4835

G1X91.6400Y-288.7468

G1X92.1529Y-287.6085

G1X92.2826Y-286.9049

G1X92.2315Y-285.8948

G1X91.8092Y-284.7627

G1X91.8934Y-284.3348

G1X92.1434Y-283.8521

G1X92.6841Y-283.3001

G1X93.3382Y-282.9050

G1X98.4723Y-280.9557

G1X99.0938Y-280.6379

G1X99.6143Y-280.2277

G1X100.4878Y-279.1314

G1X100.7497Y-278.5758

G1X100.8855Y-278.0596

G1X100.8980Y-277.1201

G1X100.4027Y-275.0918

G1X100.4567Y-274.6098

G1X100.6015Y-274.2315

G1X101.0429Y-273.7718

G1X102.7663Y-273.1795

G1X103.5040Y-272.7594

G1X103.6924Y-272.4846

G1X103.5279Y-272.0520

G1X102.8610Y-271.4038

G1X100.8190Y-269.8202

G1X97.8109Y-267.6613

G1X96.4840Y-266.4863

G1X95.6349Y-265.4977

G1X94.4576Y-263.8888

G1X93.8334Y-262.8577

G1X93.3628Y-261.8264

G1X93.1384Y-261.1872

G1X93.0826Y-260.7191

G1X93.2166Y-260.3625

G1X93.5366Y-260.1334

G1X94.2146Y-259.9323

G1X95.4444Y-259.7785

G1X97.4888Y-259.9416

G1X98.1342Y-259.9225

G1X98.5910Y-259.6650

G1X98.7496Y-259.2374

G1X98.5935Y-258.6012

G1X98.2022Y-257.8864

G1X95.1820Y-254.1722

G1X93.5644Y-251.8412

G1X92.7049Y-250.3139

G1X92.3659Y-249.2682

G1X92.3045Y-248.1246

G1X92.5115Y-247.0662

G1X92.9879Y-246.3349

G1X93.7735Y-245.8302

G1X94.4842Y-245.6409

G1X95.3442Y-245.7140

G1X96.4022Y-246.0582

G1X98.0627Y-246.8072

G1X100.6863Y-248.1604

G1X105.2239Y-250.8526

G1X107.3291Y-252.0025

G1X108.7148Y-252.6712

G1X109.7203Y-253.0102

G1X110.3713Y-253.0529

G1X111.1638Y-252.9009

G1X111.9333Y-252.4477

G1X112.3111Y-252.3214

G1X113.5997Y-252.3438

G1X114.1205Y-252.2444

G1X114.9542Y-251.8268

G1X115.5239Y-250.9795

G1X115.7421Y-250.7990

G1X116.4772Y-250.6329

G1X117.2473Y-250.7876

G1X118.3154Y-251.3489

G1X119.6886Y-252.3372

G1X123.7627Y-256.0069

G1X127.0225Y-259.1068

G1X127.6898Y-259.5352

G1X128.0598Y-259.5951

G1X128.2616Y-259.4308

G1X128.3493Y-259.1625

G1X128.6550Y-255.8283

G1X129.1559Y-253.3641

G1X129.6844Y-251.8487

G1X130.4824Y-250.3851

G1X131.1511Y-248.7277

G1X131.6835Y-248.0802

G1X132.0074Y-247.8845

G1X132.2627Y-247.8373

G1X132.6011Y-247.9491

G1X134.0417Y-248.9656

G1X134.4845Y-249.1865

G1X134.9858Y-249.1072

G1X135.4612Y-248.7184

G1X135.9621Y-247.9684

G1X137.8202Y-244.1217

G1X139.1702Y-240.6651

G1X140.1577Y-238.4640

G1X140.6814Y-237.5204

G1X141.1473Y-237.0315

G1X141.4335Y-236.9046

G1X141.8077Y-236.9092

G1X142.1632Y-237.0922

G1X142.4530Y-237.3868

G1X142.7655Y-238.0122

G1X143.6691Y-240.6041

G1X144.9068Y-243.1112

G1X145.2999Y-243.7160

G1X145.7912Y-244.2054

G1X146.1338Y-244.4379

G1X146.5201Y-244.4888

G1X146.9134Y-244.3113

G1X147.4026Y-243.8965

G1X148.5789Y-242.4435

G1X152.6404Y-236.0904

G1X156.8367Y-230.2405

G1X157.7362Y-229.1492

G1X158.8314Y-227.9945

G1X159.7035Y-227.1968

G1X160.5036Y-226.6117

G1X161.0150Y-226.3620

G1X161.5701Y-226.2830

G1X162.0509Y-226.4094

G1X162.5545Y-226.7339

G1X163.0627Y-227.2904

G1X163.7505Y-228.8602

G1X164.3282Y-229.7333

G1X164.7992Y-230.2581

G1X165.2165Y-230.4838

G1X165.5608Y-230.5288

G1X166.0293Y-230.4603

G1X169.5359Y-229.4444

G1X170.0880Y-229.4368

G1X170.4733Y-229.6677

G1X170.7419Y-230.0704

G1X170.9226Y-230.6177

G1X171.0243Y-231.4116

G1X171.0171Y-232.2193

G1X170.8230Y-233.4199

G1X169.9945Y-237.0220

G1X169.7283Y-239.0434

G1X169.6543Y-240.6333

G1X169.7403Y-241.6077

G1X170.1831Y-244.2470

G1X170.5260Y-245.1715

G1X170.8181Y-245.6815

G1X171.2057Y-245.9505

G1X171.8014Y-245.9811

G1X174.1599Y-245.2782

G1X176.1257Y-244.8036

G1X177.0768Y-244.6669

G1X177.7685Y-244.7421

G1X178.3159Y-244.9890

G1X179.1742Y-245.6212

G1X180.2303Y-246.7746

G1X181.6237Y-248.0598

G1X182.5287Y-249.0779

G1X183.6783Y-249.8391

G1X184.2841Y-250.0678

G1X184.8948Y-250.1820

G1X187.3823Y-250.1572

G1X188.6333Y-250.2960

G1X189.7514Y-250.5520

G1X190.4811Y-250.9172

G1X190.9707Y-251.5792

G1X192.0147Y-254.2964

G1X192.8639Y-255.5839

G1X193.5737Y-256.1742

G1X195.1828Y-256.9579

G1X196.5453Y-257.7756

G1X196.9265Y-258.0907

G1X197.1660Y-258.4631

G1X197.2206Y-258.8676

G1X197.1492Y-259.3166

G1X196.5568Y-260.7219

G1X196.1439Y-261.4406

G1X194.8962Y-263.0215

G1X194.5296Y-263.6503

G1X194.4653Y-264.4018

G1X194.7603Y-264.9933

G1X195.2678Y-265.4284

G1X195.8880Y-265.7331

G1X198.4551Y-266.3845

G1X200.2512Y-266.9379

G1X201.5134Y-267.3776

G1X202.3630Y-267.7839

G1X203.0570Y-268.3064

G1X205.1847Y-270.4312

G1X206.0751Y-271.2029

G1X211.0044Y-274.2526

G1X212.5524Y-275.4014

G1X214.4638Y-277.3280

G1X216.5745Y-279.9449

G1X218.6279Y-282.2859

G1X220.8973Y-284.6274

G1X222.8407Y-286.4421

G1X223.5423Y-287.2243

G1X224.3141Y-288.3660

G1X224.8736Y-289.5180

G1X225.1755Y-290.5472

G1X225.2701Y-291.6464

G1X225.0812Y-293.9546

G1X224.8769Y-294.8605

G1X224.5762Y-295.7331

G1X224.0830Y-296.7167

G1X223.2019Y-298.1077

G1X221.7725Y-299.8663

G1X221.2928Y-300.6124

G1X221.0347Y-301.3003

G1X220.6530Y-302.7963

G1X220.3799Y-303.4550

G1X217.8520Y-307.8661

G1X217.6609Y-308.5533

G1X217.3780Y-310.2729

G1X216.7086Y-312.1957

G1X216.3464Y-312.8184

G1X215.4386Y-313.9961

G1X214.9046Y-314.4447

G1X214.1832Y-314.8036

G1X212.4493Y-315.1689

G1X209.7896Y-315.3259

G1X207.6151Y-315.2838

G1X202.4681Y-314.8129

G1X200.9137Y-314.8594

G1X199.6795Y-315.0361

G1X198.8582Y-315.2730

G1X198.2327Y-315.5715

G1X197.8841Y-315.9479

G1X197.3337Y-316.9763

G1X197.0379Y-317.2360

G1X196.5284Y-317.5113

G1X192.1853Y-319.0092

G1X190.7696Y-319.8689

G1X190.2988Y-320.0736

G1X189.1986Y-320.2755

G1X188.0886Y-320.3201

G1X186.6398Y-320.1769

G1X184.9703Y-319.7857

G1X181.5799Y-318.7509

G1X177.0859Y-317.2138

G1X170.9520Y-315.5907

G1X167.8478Y-314.4437

G1X166.6535Y-314.1990

G1X165.5230Y-314.1859

G1X164.4773Y-313.7553

G1X164.1458Y-313.7279

G1X164.0955Y-313.9704

G1X164.2358Y-314.3725

G1X165.2820Y-316.1804

G1X172.2138Y-326.4323

G1X170.5576Y-327.1125

G1 Z0F20000

(Start Block)


G1X171.5078Y-328.3643
G1Z5F20000
(Plotting speed under)
G1 F4000


G1X170.2127Y-328.2692

G1X168.7909Y-327.8291

G1X163.5595Y-324.9357

G1X162.2589Y-324.3487

G1X160.5837Y-323.8320

G1X158.7899Y-323.3991

G1X157.4728Y-322.9361

G1X156.8172Y-322.8895

G1X156.2602Y-323.0833

G1X155.8053Y-323.5044

G1X155.1051Y-325.3945

G1X154.5678Y-326.1011

G1X153.9820Y-326.4410

G1X153.5304Y-326.4318

G1X152.9213Y-326.2425

G1X151.9299Y-325.8215

G1X149.6588Y-324.6449

G1X148.9471Y-324.4597

G1X148.4907Y-324.6105

G1X146.6509Y-325.9965

G1X145.4018Y-326.7324

G1X143.4696Y-328.6673

G1X142.9722Y-329.0010

G1X142.6386Y-329.0139

G1X142.3055Y-328.8656

G1X140.1622Y-327.3112

G1X139.8289Y-327.2212

G1X139.4005Y-327.3179

G1X138.9826Y-327.5864

G1X138.4141Y-328.1114

G1X136.9885Y-330.0159

G1X134.4348Y-332.5837

G1X133.4646Y-333.2018

G1X132.8300Y-333.3673

G1X132.4251Y-333.1135

G1X132.1569Y-332.5862

G1X131.8565Y-331.5479

G1X131.5791Y-330.1287

G1X131.2545Y-327.6838

G1X130.9350Y-322.6909

G1X130.4948Y-319.5642

G1X130.2838Y-318.8428

G1X130.0675Y-318.4114

G1X129.7663Y-318.0744

G1X129.3191Y-317.7963

G1X128.9241Y-317.7296

G1X128.4851Y-317.8208

G1X128.0048Y-318.0669

G1X127.3722Y-318.5584

G1X125.7799Y-320.1116

G1X122.8137Y-323.4477

G1X121.0604Y-324.9606

G1X120.4292Y-325.3490

G1X119.9213Y-325.5472

G1X117.9616Y-325.8011

G1X117.2695Y-325.7657

G1X116.3779Y-325.5827

G1X115.9514Y-325.3375

G1X115.6936Y-324.9652

G1X115.4663Y-324.2109

G1X115.3061Y-322.9799

G1X115.3592Y-320.3428

G1X115.1399Y-319.4948

G1X114.9949Y-319.2649

G1X114.7827Y-319.1346

G1X114.4234Y-319.1441

G1X113.8621Y-319.4094

G1X111.7452Y-320.8823

G1X108.9971Y-322.5955

G1X108.1315Y-322.9659

G1X107.3764Y-323.0676

G1X105.9513Y-322.8792

G1X102.9364Y-322.0516

G1X102.1052Y-321.4552

G1X100.5974Y-319.9401

G1X99.5304Y-319.3596

G1X98.6977Y-319.1476

G1X96.7068Y-319.1417

G1X96.0098Y-318.8707

G1X95.6150Y-318.6035

G1X95.4123Y-318.1846

G1X95.4751Y-317.6827

G1X96.2653Y-316.2085

G1X98.5368Y-313.0629

G1X101.6923Y-309.2719

G1X102.9112Y-307.6355

G1X106.8564Y-301.4384

G1X107.6527Y-299.3604

G1X108.2347Y-298.2328

G1X109.2348Y-296.9853

G1X111.2376Y-294.8485

G1X111.4869Y-294.4714

G1X111.5632Y-294.1513

G1X111.3842Y-293.3460

G1X111.2116Y-292.9956

G1X110.7075Y-292.6479

G1X110.0317Y-292.4317

G1X109.1245Y-292.3164

G1X104.2668Y-292.0927

G1X99.9624Y-291.6045

G1X96.0653Y-291.4163

G1X94.4538Y-291.2601

G1X92.6498Y-290.9630

G1X91.3756Y-290.6239

G1X90.7013Y-290.2737

G1X90.3536Y-289.7890

G1X90.2281Y-288.9045

G1X90.6542Y-287.6465

G1X90.7922Y-286.4881

G1X90.7549Y-285.9690

G1X90.3990Y-285.0920

G1X90.3296Y-284.7023

G1X90.4535Y-284.1920

G1X90.6663Y-283.7767

G1X91.1174Y-283.2889

G1X91.8480Y-282.8380

G1X97.1749Y-280.8136

G1X97.8211Y-280.4740

G1X98.3950Y-280.0102

G1X99.3617Y-278.8551

G1X99.6380Y-278.3218

G1X99.8198Y-277.7425

G1X99.8529Y-276.8328

G1X99.3827Y-274.8576

G1X99.4344Y-274.3617

G1X99.5817Y-273.9729

G1X100.0813Y-273.4396

G1X101.5656Y-272.8227

G1X102.1736Y-272.3804

G1X102.3553Y-272.0642

G1X102.1774Y-271.5895

G1X101.5079Y-270.9103

G1X99.6073Y-269.3594

G1X96.7875Y-267.2316

G1X95.5839Y-266.1101

G1X94.7590Y-265.1188

G1X93.4149Y-263.2502

G1X92.8114Y-262.2357

G1X92.3358Y-261.1712

G1X92.1452Y-260.5617

G1X92.1209Y-260.1221

G1X92.2303Y-259.8412

G1X92.5464Y-259.5811

G1X93.2268Y-259.3407

G1X94.3307Y-259.1393

G1X96.2638Y-259.1948

G1X96.8186Y-259.1436

G1X97.2701Y-258.8536

G1X97.4110Y-258.5775

G1X97.4345Y-258.3199

G1X97.3055Y-257.7734

G1X96.9413Y-257.0549

G1X94.1442Y-253.4509

G1X92.5782Y-251.1005

G1X91.7909Y-249.6351

G1X91.4599Y-248.5223

G1X91.4233Y-247.4188

G1X91.6542Y-246.3707

G1X92.1543Y-245.6377

G1X92.8949Y-245.1438

G1X93.6189Y-244.9146

G1X94.4873Y-244.9489

G1X95.5653Y-245.2616

G1X97.2537Y-245.9732

G1X99.6932Y-247.1602

G1X104.0231Y-249.6099

G1X106.3394Y-250.8114

G1X107.6933Y-251.4177

G1X108.6889Y-251.7011

G1X109.2784Y-251.7262

G1X110.0518Y-251.6061

G1X110.8626Y-251.1445

G1X111.2533Y-251.0180

G1X112.6249Y-251.0526

G1X113.3513Y-250.9281

G1X114.1627Y-250.5423

G1X114.7081Y-249.7707

G1X115.0168Y-249.5543

G1X115.7363Y-249.4044

G1X116.4794Y-249.5456

G1X117.5760Y-250.1085

G1X119.0584Y-251.1595

G1X123.0843Y-254.7208

G1X126.5030Y-257.9736

G1X127.1390Y-258.4130

G1X127.6446Y-258.5410

G1X127.8712Y-258.4138

G1X128.0251Y-258.0527

G1X128.8279Y-253.4367

G1X129.3003Y-251.6429

G1X129.6457Y-250.8235

G1X130.3614Y-249.8159

G1X131.0330Y-248.5231

G1X131.6068Y-247.9325

G1X132.1498Y-247.7150

G1X132.5154Y-247.7764

G1X133.3720Y-248.2930

G1X134.4322Y-248.7532

G1X134.9508Y-248.6428

G1X135.5152Y-248.1795

G1X136.0009Y-247.4553

G1X137.7680Y-243.9450

G1X139.1721Y-240.4866

G1X140.1886Y-238.2949

G1X140.7271Y-237.3661

G1X141.1562Y-236.9203

G1X141.4454Y-236.7681

G1X141.8247Y-236.7242

G1X142.1875Y-236.8464

G1X142.4904Y-237.0859

G1X142.8505Y-237.6991

G1X143.8838Y-240.1321

G1X145.1883Y-242.3750

G1X145.6090Y-242.8896

G1X146.0643Y-243.2444

G1X146.4023Y-243.4118

G1X146.7810Y-243.4167

G1X147.1724Y-243.2240

G1X147.6763Y-242.7934

G1X148.9245Y-241.2631

G1X153.1042Y-234.8228

G1X157.4610Y-228.7496

G1X159.4786Y-226.4851

G1X160.3353Y-225.6980

G1X161.1204Y-225.1181

G1X161.6229Y-224.8665

G1X162.1696Y-224.7775

G1X162.6443Y-224.8884

G1X163.2200Y-225.2557

G1X163.7205Y-225.7987

G1X164.4452Y-227.4315

G1X164.9700Y-228.2258

G1X165.4412Y-228.7891

G1X165.9427Y-229.0896

G1X166.2825Y-229.1415

G1X166.7369Y-229.0884

G1X170.3622Y-228.0997

G1X170.8992Y-228.1038

G1X171.2855Y-228.3371

G1X171.5641Y-228.7443

G1X171.7547Y-229.2965

G1X171.8676Y-230.0966

G1X171.8695Y-230.9105

G1X171.6842Y-232.1212

G1X170.8998Y-235.6292

G1X170.6595Y-237.6268

G1X170.6079Y-239.2291

G1X170.6991Y-240.1118

G1X171.2722Y-242.9708

G1X171.7009Y-244.0952

G1X171.9635Y-244.5215

G1X172.3758Y-244.7888

G1X172.8662Y-244.8248

G1X177.3204Y-243.8231

G1X178.1641Y-243.7574

G1X178.8058Y-243.8716

G1X179.3613Y-244.1311

G1X180.2525Y-244.7569

G1X182.6070Y-247.1291

G1X183.5764Y-248.2961

G1X184.7057Y-249.0876

G1X185.3028Y-249.3370

G1X185.9082Y-249.4804

G1X188.3102Y-249.5862

G1X189.4620Y-249.7806

G1X190.5713Y-250.0967

G1X191.3025Y-250.5192

G1X191.7733Y-251.1597

G1X193.0197Y-253.7555

G1X193.9020Y-254.9761

G1X194.6834Y-255.6303

G1X196.1896Y-256.3993

G1X197.6323Y-257.2994

G1X198.0097Y-257.6249

G1X198.2449Y-258.0078

G1X198.2961Y-258.4091

G1X198.2049Y-258.9404

G1X197.6077Y-260.3235

G1X197.1908Y-261.0348

G1X195.8512Y-262.6969

G1X195.4761Y-263.3224

G1X195.3830Y-264.0632

G1X195.4836Y-264.4112

G1X195.6848Y-264.7256

G1X196.1666Y-265.1501

G1X196.7807Y-265.4595

G1X199.3669Y-266.1265

G1X201.1783Y-266.6913

G1X202.4526Y-267.1392

G1X203.3065Y-267.5501

G1X203.9838Y-268.0593

G1X206.2094Y-270.2695

G1X207.1928Y-271.0878

G1X212.6245Y-274.2883

G1X214.2814Y-275.5022

G1X216.1657Y-277.3482

G1X219.0131Y-281.0030

G1X220.2757Y-282.4655

G1X222.3223Y-284.5744

G1X224.3600Y-286.4437

G1X225.1409Y-287.2913

G1X225.8929Y-288.3655

G1X226.4153Y-289.3597

G1X226.7507Y-290.3707

G1X226.8469Y-291.2841

G1X226.7931Y-292.1911

G1X226.6059Y-293.3838

G1X226.0609Y-295.1395

G1X225.5951Y-296.1501

G1X224.9774Y-297.1854

G1X224.0622Y-298.5323

G1X222.7678Y-300.1514

G1X222.3159Y-300.9194

G1X221.5061Y-303.6217

G1X219.2609Y-308.1872

G1X219.0928Y-308.8663

G1X218.8382Y-310.7686

G1X218.2229Y-312.4558

G1X217.7697Y-313.2441

G1X216.7936Y-314.5240

G1X216.1790Y-315.0470

G1X215.4469Y-315.4112

G1X213.7356Y-315.8068

G1X211.1783Y-316.0254

G1X209.2245Y-316.0339

G1X204.3496Y-315.7080

G1X202.9200Y-315.7942

G1X201.7686Y-315.9921

G1X200.9332Y-316.2628

G1X200.2578Y-316.6377

G1X199.9489Y-317.0543

G1X199.4310Y-318.2610

G1X199.0709Y-318.5688

G1X198.5711Y-318.8484

G1X196.5443Y-319.6324

G1X194.1797Y-320.3987

G1X192.3757Y-321.3083

G1X191.3281Y-321.5006

G1X190.0760Y-321.5485

G1X188.3866Y-321.3779

G1X186.5589Y-320.9399

G1X182.8889Y-319.7861

G1X178.1938Y-318.1452

G1X171.6917Y-316.3025

G1X168.4822Y-315.0926

G1X167.1908Y-314.8143

G1X166.0763Y-314.7854

G1X164.9398Y-314.3048

G1X164.6294Y-314.2968

G1X164.5993Y-314.5587

G1X164.7535Y-314.9742

G1X165.9027Y-316.9275

G1X173.2009Y-327.6513

G1X171.5078Y-328.3643

G1 Z0F20000

(Start Block)


G1X172.4300Y-329.5794
G1Z5F20000
(Plotting speed under)
G1 F4000


G1X171.2290Y-329.5367

G1X169.8625Y-329.1784

G1X168.7341Y-328.6539

G1X164.6390Y-326.3984

G1X163.4924Y-325.8413

G1X159.5047Y-324.5748

G1X157.9364Y-323.9291

G1X157.1788Y-323.8556

G1X156.7006Y-324.0132

G1X156.2210Y-324.4124

G1X156.0320Y-324.7262

G1X155.4503Y-326.2159

G1X154.9486Y-326.7849

G1X154.3526Y-327.1369

G1X153.8815Y-327.1903

G1X153.2561Y-327.0762

G1X151.9214Y-326.6874

G1X149.7614Y-325.8515

G1X149.2158Y-325.7925

G1X148.6687Y-326.0361

G1X146.8418Y-327.3615

G1X145.7007Y-327.8074

G1X145.2694Y-328.0613

G1X144.1537Y-328.9622

G1X143.3178Y-329.8240

G1X142.9981Y-330.0208

G1X142.7354Y-330.0620

G1X142.3603Y-329.9814

G1X140.1898Y-328.9313

G1X139.8272Y-328.9155

G1X139.4740Y-329.0327

G1X138.4479Y-329.8369

G1X136.9683Y-331.7009

G1X134.2524Y-334.3171

G1X133.3286Y-334.8618

G1X132.6760Y-335.0073

G1X132.2546Y-334.7655

G1X131.9554Y-334.2425

G1X131.6373Y-333.2874

G1X131.3110Y-331.8654

G1X130.9537Y-329.6530

G1X130.4319Y-324.1800

G1X129.9600Y-321.3981

G1X129.4496Y-320.0209

G1X129.1092Y-319.5787

G1X128.7619Y-319.3608

G1X128.2758Y-319.3322

G1X127.7314Y-319.5159

G1X126.3320Y-320.5952

G1X124.4674Y-322.4728

G1X122.1390Y-325.1490

G1X120.1324Y-327.0258

G1X119.5944Y-327.3960

G1X118.9617Y-327.6928

G1X117.7126Y-327.9102

G1X116.9690Y-327.8209

G1X116.2986Y-327.5641

G1X115.6012Y-327.1279

G1X115.1598Y-326.6502

G1X114.8922Y-326.1338

G1X114.6158Y-325.2209

G1X114.1405Y-322.5139

G1X113.7437Y-321.6544

G1X113.3732Y-321.3649

G1X112.9766Y-321.3628

G1X112.3794Y-321.6107

G1X110.3870Y-322.8541

G1X107.4247Y-324.5374

G1X106.5620Y-324.8224

G1X105.7430Y-324.8724

G1X104.5061Y-324.7098

G1X103.1805Y-324.2797

G1X101.4335Y-323.8608

G1X100.5764Y-323.3263

G1X98.8751Y-321.7658

G1X98.0160Y-321.2585

G1X96.8159Y-320.8691

G1X94.8342Y-320.7710

G1X94.1587Y-320.4731

G1X93.7708Y-320.2048

G1X93.5456Y-319.8071

G1X93.5957Y-319.2045

G1X93.9281Y-318.4625

G1X94.6002Y-317.3667

G1X96.7467Y-314.3872

G1X100.0868Y-310.3546

G1X101.5096Y-308.4603

G1X105.9463Y-302.0088

G1X106.2741Y-301.3400

G1X106.8514Y-299.6612

G1X107.3824Y-298.6539

G1X108.6696Y-297.1016

G1X110.7160Y-295.0167

G1X110.9898Y-294.5793

G1X111.0544Y-294.2624

G1X110.9147Y-293.7418

G1X110.6339Y-293.3700

G1X110.1649Y-293.0967

G1X109.4037Y-292.8698

G1X108.1363Y-292.6903

G1X103.3953Y-292.3962

G1X98.9813Y-291.8509

G1X94.7998Y-291.5800

G1X92.9458Y-291.3446

G1X91.2574Y-291.0177

G1X90.1087Y-290.6585

G1X89.4213Y-290.2137

G1X89.0611Y-289.6549

G1X88.8995Y-289.1423

G1X88.8908Y-288.8365

G1X89.1446Y-287.7824

G1X89.3358Y-286.2442

G1X88.8716Y-284.7360

G1X88.9820Y-284.0937

G1X89.1906Y-283.6411

G1X89.7000Y-283.1147

G1X90.5585Y-282.6384

G1X96.1131Y-280.4993

G1X96.7931Y-280.0468

G1X97.6277Y-279.2385

G1X98.3702Y-278.2498

G1X98.6476Y-277.6642

G1X98.7797Y-277.1644

G1X98.7427Y-276.2781

G1X98.3390Y-274.6182

G1X98.4712Y-273.8515

G1X98.9317Y-273.1893

G1X100.3047Y-272.3725

G1X100.7177Y-271.9165

G1X100.8311Y-271.5624

G1X100.6265Y-271.0541

G1X100.0184Y-270.3905

G1X98.2591Y-268.8353

G1X95.8087Y-266.8340

G1X94.6415Y-265.6524

G1X92.3224Y-262.4720

G1X91.8406Y-261.6420

G1X91.3439Y-260.5049

G1X91.2030Y-259.9965

G1X91.1912Y-259.5550

G1X91.3125Y-259.2641

G1X91.5647Y-259.0297

G1X92.1138Y-258.7666

G1X93.0687Y-258.4814

G1X95.3325Y-258.2734

G1X95.7737Y-257.9345

G1X95.9489Y-257.3826

G1X95.8123Y-256.7146

G1X95.4885Y-256.0448

G1X93.0911Y-252.7189

G1X91.6619Y-250.4287

G1X90.9564Y-249.0152

G1X90.6610Y-247.8771

G1X90.6569Y-246.8318

G1X90.8932Y-245.8818

G1X91.4042Y-245.1398

G1X92.2329Y-244.5738

G1X92.9537Y-244.3300

G1X93.7894Y-244.3226

G1X94.9017Y-244.5908

G1X96.4484Y-245.1689

G1X98.6366Y-246.1305

G1X102.8143Y-248.3165

G1X105.4133Y-249.5677

G1X106.6331Y-250.0541

G1X107.5594Y-250.2710

G1X108.8504Y-250.2189

G1X109.7380Y-249.7404

G1X110.1241Y-249.6259

G1X111.6864Y-249.6789

G1X112.6336Y-249.5443

G1X113.2688Y-249.2777

G1X113.8698Y-248.5288

G1X114.1943Y-248.3103

G1X114.9254Y-248.1317

G1X115.6775Y-248.2486

G1X116.7965Y-248.8007

G1X118.3015Y-249.8301

G1X122.2427Y-253.2035

G1X126.0313Y-256.7711

G1X126.7106Y-257.2044

G1X127.2632Y-257.2864

G1X127.4721Y-257.1787

G1X127.6601Y-256.8927

G1X128.1867Y-255.3194

G1X128.4220Y-254.3609

G1X128.9473Y-251.3269

G1X129.1911Y-250.4502

G1X129.4393Y-249.9189

G1X130.2133Y-249.1190

G1X130.9974Y-248.1277

G1X131.6156Y-247.7221

G1X132.3225Y-247.5968

G1X133.3275Y-247.9783

G1X134.3638Y-248.1705

G1X134.9862Y-247.9683

G1X135.5645Y-247.4965

G1X136.1123Y-246.7118

G1X137.6725Y-243.8417

G1X139.2059Y-240.3329

G1X140.2099Y-238.3077

G1X140.7605Y-237.4225

G1X141.2456Y-236.9568

G1X141.5363Y-236.8068

G1X141.9174Y-236.7409

G1X142.2823Y-236.8193

G1X142.5719Y-237.0013

G1X142.9024Y-237.4451

G1X143.5691Y-238.7333

G1X144.1915Y-239.7279

G1X145.4701Y-241.5031

G1X145.8786Y-241.8914

G1X146.3840Y-242.1855

G1X146.7481Y-242.2831

G1X147.0504Y-242.2458

G1X147.5088Y-241.9974

G1X148.0130Y-241.5544

G1X149.2932Y-240.0069

G1X153.6459Y-233.4640

G1X158.1292Y-227.2241

G1X160.1897Y-224.9295

G1X161.0294Y-224.1621

G1X161.7938Y-223.6045

G1X162.3374Y-223.3518

G1X162.8605Y-223.2986

G1X163.3163Y-223.4297

G1X163.8731Y-223.8042

G1X164.3750Y-224.3531

G1X165.1197Y-226.0227

G1X165.7014Y-226.8971

G1X166.1665Y-227.4369

G1X166.6563Y-227.7298

G1X167.0830Y-227.7893

G1X167.5518Y-227.7285

G1X171.1184Y-226.8200

G1X171.6655Y-226.8282

G1X172.0625Y-227.0643

G1X172.3527Y-227.4727

G1X172.5557Y-228.0247

G1X172.6725Y-228.7005

G1X172.7024Y-229.5575

G1X172.5484Y-230.7454

G1X171.7737Y-234.4700

G1X171.5990Y-236.3222

G1X171.6041Y-237.8918

G1X171.7409Y-238.7452

G1X172.4779Y-241.6466

G1X172.9131Y-242.7847

G1X173.2196Y-243.2879

G1X173.6285Y-243.5449

G1X174.1046Y-243.5911

G1X178.3910Y-242.9022

G1X179.1368Y-242.8901

G1X179.8788Y-243.0612

G1X180.6686Y-243.4629

G1X181.4883Y-244.0504

G1X183.5167Y-246.1263

G1X184.6598Y-247.5960

G1X185.6112Y-248.3101

G1X186.7775Y-248.7994

G1X189.0044Y-249.0982

G1X190.2268Y-249.4083

G1X191.1971Y-249.7708

G1X191.8499Y-250.1828

G1X192.3094Y-250.7225

G1X193.8685Y-253.1902

G1X194.9424Y-254.4801

G1X195.6455Y-255.0637

G1X197.2088Y-255.9262

G1X198.5401Y-256.8016

G1X198.9948Y-257.2013

G1X199.2225Y-257.5953

G1X199.2690Y-258.0055

G1X199.1753Y-258.5461

G1X198.5111Y-260.0548

G1X198.0216Y-260.8212

G1X196.6189Y-262.5149

G1X196.2791Y-263.1069

G1X196.1960Y-263.8854

G1X196.3074Y-264.2344

G1X196.5209Y-264.5506

G1X197.0248Y-264.9794

G1X197.5346Y-265.2285

G1X200.1294Y-265.9108

G1X201.8472Y-266.4529

G1X203.1404Y-266.9038

G1X203.9917Y-267.2985

G1X204.7011Y-267.8059

G1X206.9397Y-270.0020

G1X208.0787Y-270.9285

G1X209.2329Y-271.6259

G1X214.1350Y-274.2720

G1X216.2360Y-275.7653

G1X217.2045Y-276.6349

G1X217.9697Y-277.4575

G1X220.7104Y-281.2855

G1X221.6704Y-282.4464

G1X223.7421Y-284.5888

G1X225.8884Y-286.5140

G1X226.7524Y-287.4434

G1X227.4538Y-288.4175

G1X227.9960Y-289.4004

G1X228.3037Y-290.2849

G1X228.3936Y-291.1080

G1X228.3009Y-292.0264

G1X228.0077Y-293.2266

G1X227.3307Y-294.8300

G1X226.2949Y-296.6292

G1X223.6989Y-300.2386

G1X223.1767Y-301.1994

G1X222.5270Y-303.6565

G1X220.6928Y-308.4064

G1X220.5264Y-309.2036

G1X220.3588Y-311.0639

G1X219.8815Y-312.3991

G1X219.2550Y-313.4692

G1X218.1113Y-314.9396

G1X217.4296Y-315.5460

G1X216.5695Y-315.9883

G1X214.8840Y-316.4236

G1X212.4118Y-316.7196

G1X210.7830Y-316.7734

G1X206.3698Y-316.6195

G1X205.1032Y-316.7338

G1X203.9253Y-316.9696

G1X203.0024Y-317.3138

G1X202.3664Y-317.7375

G1X202.1095Y-318.1756

G1X201.8613Y-319.1783

G1X201.6946Y-319.5386

G1X201.2917Y-319.9278

G1X200.6189Y-320.3253

G1X198.7951Y-321.0767

G1X196.2655Y-321.8508

G1X194.4705Y-322.6031

G1X193.5650Y-322.7592

G1X192.2625Y-322.8012

G1X190.3135Y-322.6087

G1X188.2205Y-322.1069

G1X184.1609Y-320.7921

G1X179.1625Y-319.0158

G1X172.4002Y-316.9842

G1X169.1027Y-315.7274

G1X167.8180Y-315.4310

G1X166.6213Y-315.3760

G1X165.4827Y-314.8790

G1X165.1485Y-314.8355

G1X165.0807Y-315.0461

G1X165.2677Y-315.5719

G1X166.4079Y-317.4978

G1X174.1523Y-328.8262

G1X172.4300Y-329.5794

G1 Z0F20000

(Start Block)


G1X173.3359Y-330.7729
G1Z5F20000
(Plotting speed under)
G1 F4000


G1X172.0372Y-330.7635

G1X170.6056Y-330.4042

G1X169.5178Y-329.9093

G1X164.4618Y-327.2792

G1X160.2372Y-325.7965

G1X158.3184Y-324.8919

G1X157.5584Y-324.8063

G1X157.0988Y-324.9491

G1X156.6275Y-325.3003

G1X156.4114Y-325.6111

G1X155.7736Y-326.9850

G1X155.2272Y-327.4731

G1X154.5993Y-327.7745

G1X153.8945Y-327.8599

G1X151.8664Y-327.7008

G1X151.1411Y-327.5727

G1X150.0617Y-327.1931

G1X149.4948Y-327.1832

G1X148.9332Y-327.4407

G1X147.1209Y-328.6750

G1X145.8008Y-328.9223

G1X144.6965Y-329.3909

G1X144.1904Y-329.7533

G1X143.3244Y-330.7322

G1X142.9254Y-330.9889

G1X142.5335Y-331.0603

G1X142.0265Y-331.0242

G1X140.2068Y-330.6214

G1X139.5767Y-330.7917

G1X138.4828Y-331.6164

G1X137.0228Y-333.3407

G1X135.3271Y-334.8214

G1X134.1231Y-336.0081

G1X133.1925Y-336.5254

G1X132.5224Y-336.6469

G1X132.1671Y-336.4963

G1X131.8135Y-336.0466

G1X131.4947Y-335.3207

G1X131.1738Y-334.2879

G1X130.6573Y-331.9639

G1X130.1131Y-327.7140

G1X129.4832Y-323.9334

G1X128.8998Y-321.8356

G1X128.5998Y-321.3310

G1X128.2723Y-321.0898

G1X127.9065Y-321.0302

G1X127.3530Y-321.1458

G1X126.2761Y-321.8525

G1X125.2347Y-322.7352

G1X124.1939Y-323.7532

G1X121.5707Y-326.7844

G1X119.3599Y-329.0669

G1X118.7096Y-329.5833

G1X118.1019Y-329.9355

G1X117.4479Y-330.1738

G1X116.8581Y-330.2537

G1X116.4721Y-330.2110

G1X116.0156Y-330.0003

G1X115.1308Y-329.1697

G1X114.3444Y-327.8150

G1X113.6883Y-326.2835

G1X113.0641Y-325.0711

G1X112.3195Y-324.1166

G1X111.9205Y-323.8178

G1X111.4039Y-323.7738

G1X110.7744Y-323.9864

G1X106.7784Y-326.0880

G1X105.7964Y-326.5270

G1X104.8453Y-326.7434

G1X103.7703Y-326.7305

G1X102.9762Y-326.6129

G1X101.6045Y-326.1444

G1X99.7757Y-325.7007

G1X98.8239Y-325.1399

G1X96.9889Y-323.6264

G1X96.1116Y-323.1296

G1X94.9249Y-322.7024

G1X92.8720Y-322.4783

G1X91.8412Y-321.8768

G1X91.5771Y-321.3980

G1X91.6506Y-320.7362

G1X92.1185Y-319.7520

G1X93.0058Y-318.3571

G1X95.0454Y-315.5459

G1X99.2074Y-310.4549

G1X104.6914Y-303.1127

G1X105.3438Y-302.0361

G1X105.9975Y-300.0370

G1X106.6567Y-298.8573

G1X108.3523Y-296.9408

G1X110.1166Y-295.2623

G1X110.4182Y-294.8336

G1X110.5447Y-294.4242

G1X110.4405Y-294.0207

G1X110.1318Y-293.7279

G1X109.4872Y-293.4706

G1X108.7504Y-293.3048

G1X103.6576Y-292.8559

G1X97.7708Y-292.0702

G1X93.6654Y-291.7204

G1X90.7311Y-291.2193

G1X89.5520Y-290.8967

G1X88.7131Y-290.5177

G1X88.0707Y-289.9721

G1X87.6495Y-289.2908

G1X87.5753Y-288.6070

G1X87.9315Y-286.3143

G1X87.8656Y-285.9233

G1X87.4384Y-284.7626

G1X87.4806Y-284.0139

G1X87.6972Y-283.4570

G1X88.2096Y-282.9612

G1X89.2218Y-282.4261

G1X91.3391Y-281.5553

G1X94.5241Y-280.3874

G1X95.3500Y-279.8466

G1X96.4989Y-278.7790

G1X97.3178Y-277.7086

G1X97.5563Y-277.2506

G1X97.6928Y-276.7756

G1X97.6037Y-275.5624

G1X97.2851Y-274.3617

G1X97.3825Y-273.6836

G1X97.8323Y-272.8865

G1X98.8315Y-272.0172

G1X99.1643Y-271.2185

G1X99.0315Y-270.6547

G1X98.5435Y-269.9963

G1X96.8848Y-268.3351

G1X94.7524Y-266.3618

G1X93.7357Y-265.2025

G1X91.2670Y-261.7168

G1X90.7975Y-260.8528

G1X90.3997Y-259.8998

G1X90.2792Y-259.4131

G1X90.2756Y-258.9877

G1X90.3604Y-258.7414

G1X90.6028Y-258.4515

G1X91.8474Y-257.7808

G1X93.3453Y-257.4570

G1X93.7852Y-257.2876

G1X94.1825Y-256.8317

G1X94.3185Y-256.2935

G1X94.2392Y-255.7111

G1X93.9570Y-255.0090

G1X92.2307Y-252.3303

G1X91.2675Y-250.6667

G1X90.5258Y-249.2731

G1X90.1463Y-248.3224

G1X89.9427Y-247.2334

G1X90.0041Y-246.2231

G1X90.2852Y-245.3905

G1X90.7805Y-244.7515

G1X91.6303Y-244.1649

G1X92.4268Y-243.8677

G1X93.3501Y-243.8215

G1X94.3764Y-244.0103

G1X95.7781Y-244.4369

G1X97.6976Y-245.1537

G1X104.4321Y-248.2028

G1X105.5018Y-248.5648

G1X106.4842Y-248.7503

G1X107.6700Y-248.7061

G1X108.5336Y-248.2409

G1X108.9184Y-248.1388

G1X110.5871Y-248.2284

G1X111.8771Y-248.1336

G1X112.4176Y-247.9151

G1X113.0270Y-247.2402

G1X113.4385Y-247.0013

G1X114.1970Y-246.8181

G1X114.8501Y-246.9103

G1X115.5244Y-247.1919

G1X116.3692Y-247.6714

G1X118.2243Y-248.9880

G1X121.6454Y-251.8361

G1X125.5793Y-255.4784

G1X126.2438Y-255.8403

G1X126.8988Y-255.8804

G1X127.2379Y-255.7163

G1X127.5247Y-255.4140

G1X127.8938Y-254.8669

G1X128.1424Y-254.3117

G1X128.3090Y-253.6046

G1X128.5083Y-251.7090

G1X128.7784Y-250.0871

G1X128.9750Y-249.3179

G1X129.2012Y-248.8718

G1X129.4364Y-248.6497

G1X130.6354Y-247.8924

G1X131.1761Y-247.6270

G1X132.2074Y-247.4633

G1X133.2748Y-247.6069

G1X133.9968Y-247.5408

G1X134.9304Y-247.2010

G1X135.6118Y-246.7071

G1X136.2569Y-245.8961

G1X137.1692Y-244.4423

G1X139.9009Y-239.0510

G1X140.5012Y-238.0465

G1X141.0237Y-237.4149

G1X141.7546Y-236.9586

G1X142.1114Y-236.8927

G1X142.5268Y-236.9606

G1X142.9515Y-237.2974

G1X144.7045Y-239.4168

G1X145.9402Y-240.6732

G1X146.4531Y-240.9327

G1X146.9234Y-241.0508

G1X147.3395Y-240.9892

G1X147.8140Y-240.7214

G1X148.6808Y-239.9061

G1X149.8338Y-238.4829

G1X154.1565Y-232.1692

G1X158.6754Y-225.8666

G1X160.7339Y-223.5484

G1X161.5686Y-222.7650

G1X162.3312Y-222.1832

G1X162.8243Y-221.9229

G1X163.3768Y-221.8203

G1X163.8538Y-221.9272

G1X164.4312Y-222.2977

G1X165.0106Y-222.9107

G1X165.7895Y-224.6459

G1X166.3794Y-225.5317

G1X166.8549Y-226.0861

G1X167.3523Y-226.3939

G1X167.7825Y-226.4668

G1X168.2532Y-226.4213

G1X171.9465Y-225.5780

G1X172.4818Y-225.6250

G1X172.8670Y-225.8963

G1X173.1558Y-226.3279

G1X173.3590Y-226.8974

G1X173.5115Y-228.3134

G1X173.3779Y-229.4928

G1X172.6846Y-233.0613

G1X172.5620Y-234.8419

G1X172.6152Y-236.3033

G1X172.7834Y-237.1565

G1X173.2592Y-238.4277

G1X173.7777Y-240.2183

G1X174.2477Y-241.4695

G1X174.5465Y-241.9673

G1X174.8463Y-242.1926

G1X175.3417Y-242.3081

G1X179.6341Y-242.0210

G1X180.4258Y-242.1247

G1X181.1894Y-242.3874

G1X182.2128Y-242.9511

G1X183.1303Y-243.7424

G1X184.5557Y-245.2933

G1X185.6427Y-246.8586

G1X186.3976Y-247.4976

G1X187.6857Y-248.1770

G1X189.6626Y-248.7099

G1X190.8274Y-249.1563

G1X191.6511Y-249.5607

G1X192.3020Y-250.0230

G1X194.5269Y-252.6030

G1X195.8954Y-253.9968

G1X196.6286Y-254.5801

G1X198.1546Y-255.4870

G1X199.4518Y-256.4006

G1X199.8307Y-256.7413

G1X200.0823Y-257.1335

G1X200.1547Y-257.5446

G1X200.0668Y-258.1535

G1X199.4317Y-259.6254

G1X199.0054Y-260.3215

G1X197.4894Y-262.1019

G1X197.0088Y-262.8537

G1X196.8875Y-263.3567

G1X196.9001Y-263.7464

G1X197.0194Y-264.0969

G1X197.2423Y-264.4154

G1X197.7225Y-264.8197

G1X198.2504Y-265.0678

G1X200.7560Y-265.7335

G1X202.5401Y-266.3060

G1X203.7992Y-266.7525

G1X204.6301Y-267.1417

G1X205.3442Y-267.6545

G1X206.3891Y-268.7242

G1X207.7929Y-269.9978

G1X208.8391Y-270.7917

G1X210.3490Y-271.6380

G1X215.6981Y-274.2892

G1X217.0096Y-275.1076

G1X218.2407Y-276.0166

G1X219.1699Y-276.8510

G1X219.8552Y-277.6588

G1X221.0849Y-279.5043

G1X222.1538Y-281.3132

G1X223.0786Y-282.5019

G1X225.1742Y-284.6693

G1X227.6623Y-286.8608

G1X228.4589Y-287.7657

G1X229.0922Y-288.6451

G1X229.5425Y-289.4407

G1X229.8329Y-290.2276

G1X229.9212Y-290.9030

G1X229.8736Y-291.5030

G1X229.7060Y-292.1961

G1X229.0061Y-293.8662

G1X224.7366Y-299.8720

G1X223.9673Y-301.2563

G1X223.3989Y-303.6516

G1X222.1882Y-308.1035

G1X221.9612Y-309.4183

G1X221.8781Y-311.3747

G1X221.5530Y-312.4150

G1X220.8462Y-313.5394

G1X219.2565Y-315.4352

G1X218.4931Y-316.0868

G1X217.5192Y-316.5798

G1X215.8677Y-317.0572

G1X213.7274Y-317.4121

G1X212.3288Y-317.5139

G1X208.3481Y-317.5489

G1X207.0832Y-317.7318

G1X206.0049Y-318.0110

G1X205.1528Y-318.3880

G1X204.5456Y-318.8747

G1X204.3420Y-319.3361

G1X204.2055Y-320.3917

G1X204.0550Y-320.8704

G1X203.6186Y-321.3545

G1X202.8683Y-321.8394

G1X201.0501Y-322.6252

G1X198.5390Y-323.3208

G1X196.9027Y-323.8753

G1X195.9799Y-324.0540

G1X194.6773Y-324.0906

G1X192.3158Y-323.8566

G1X189.9560Y-323.2899

G1X185.3944Y-321.7676

G1X180.2136Y-319.8936

G1X173.1716Y-317.6680

G1X169.7926Y-316.3747

G1X168.3909Y-316.0327

G1X167.1605Y-315.9604

G1X165.9385Y-315.4204

G1X165.6262Y-315.3976

G1X165.5776Y-315.6272

G1X165.7807Y-316.1682

G1X166.9742Y-318.1649

G1X175.0799Y-329.9718

G1X173.3359Y-330.7729

G1 Z0F20000

(Start Block)


G1X174.2406Y-331.9650
G1Z5F20000
(Plotting speed under)
G1 F4000


G1X172.7901Y-332.0009

G1X171.3646Y-331.6595

G1X165.5779Y-328.8327

G1X161.0903Y-327.1220

G1X158.7910Y-325.8974

G1X158.3594Y-325.7759

G1X157.9166Y-325.7686

G1X157.4478Y-325.9150

G1X156.9700Y-326.2476

G1X156.2623Y-327.5103

G1X156.0086Y-327.8006

G1X155.5820Y-328.0803

G1X155.0203Y-328.3052

G1X151.8520Y-328.9450

G1X151.4637Y-328.9075

G1X150.3705Y-328.5842

G1X149.8821Y-328.5939

G1X148.7237Y-329.1349

G1X147.7684Y-329.8288

G1X147.4033Y-330.0038

G1X147.0107Y-330.0513

G1X145.8844Y-329.9738

G1X145.0987Y-330.0414

G1X144.6212Y-330.1827

G1X144.1660Y-330.5279

G1X143.2562Y-331.6811

G1X142.7613Y-332.0236

G1X141.5376Y-332.3988

G1X140.2036Y-332.3994

G1X139.3466Y-332.8056

G1X138.3837Y-333.5783

G1X136.9268Y-335.1630

G1X135.2544Y-336.4994

G1X133.9356Y-337.7482

G1X133.0565Y-338.1889

G1X132.3693Y-338.2829

G1X131.9126Y-338.0812

G1X131.5136Y-337.5838

G1X131.0972Y-336.7101

G1X130.6487Y-335.4061

G1X130.1668Y-333.4551

G1X128.4995Y-324.3059

G1X128.1363Y-323.3148

G1X127.9131Y-323.0599

G1X127.6673Y-322.9253

G1X127.1137Y-322.8999

G1X126.5445Y-323.0839

G1X124.6794Y-324.4390

G1X123.2268Y-325.8244

G1X119.6524Y-330.0020

G1X118.2535Y-331.4873

G1X117.6635Y-331.9746

G1X116.9558Y-332.4183

G1X116.3974Y-332.6519

G1X115.8197Y-332.7488

G1X115.4888Y-332.6987

G1X115.2428Y-332.5643

G1X114.6515Y-331.8273

G1X114.2627Y-331.0874

G1X113.6771Y-329.2690

G1X113.2433Y-328.3747

G1X112.8521Y-327.7997

G1X112.4002Y-327.4250

G1X111.2898Y-326.9668

G1X110.2613Y-326.3686

G1X109.7371Y-326.3239

G1X108.9580Y-326.5242

G1X104.1904Y-328.5265

G1X102.9926Y-328.7102

G1X101.7318Y-328.6474

G1X99.9800Y-328.0667

G1X97.9757Y-327.5607

G1X97.1794Y-327.1273

G1X95.1065Y-325.6127

G1X94.3069Y-325.1648

G1X92.8544Y-324.6014

G1X90.9142Y-324.2879

G1X89.7994Y-323.5863

G1X89.5892Y-323.2725

G1X89.5203Y-322.9701

G1X89.6492Y-322.2667

G1X90.2505Y-321.0708

G1X91.4373Y-319.2552

G1X93.2515Y-316.7791

G1X96.6250Y-312.6957

G1X103.7997Y-303.6528

G1X104.5013Y-302.5176

G1X104.7800Y-301.3491

G1X105.0734Y-300.5178

G1X105.3683Y-299.8669

G1X105.7679Y-299.2540

G1X107.4870Y-297.3400

G1X109.5322Y-295.4631

G1X109.9243Y-294.8848

G1X110.0100Y-294.5200

G1X109.8995Y-294.2284

G1X109.6564Y-294.0504

G1X108.3256Y-293.7497

G1X102.7296Y-293.2555

G1X96.9256Y-292.3317

G1X92.5836Y-291.8341

G1X90.2552Y-291.3967

G1X88.7353Y-290.9857

G1X87.7509Y-290.5554

G1X86.9240Y-289.9622

G1X86.3629Y-289.2355

G1X86.2389Y-288.7396

G1X86.2362Y-287.8234

G1X86.5333Y-286.6943

G1X86.5706Y-286.2871

G1X86.0332Y-284.7950

G1X85.9528Y-283.9287

G1X86.1015Y-283.3570

G1X86.6282Y-282.8374

G1X87.6870Y-282.2668

G1X89.5171Y-281.4812

G1X92.1732Y-280.5595

G1X93.0766Y-280.1465

G1X93.9244Y-279.5559

G1X95.5356Y-278.0991

G1X96.2643Y-277.2057

G1X96.5623Y-276.5815

G1X96.5836Y-275.5628

G1X96.2595Y-274.2228

G1X96.2591Y-273.7230

G1X96.7362Y-272.5759

G1X97.3351Y-271.6897

G1X97.4540Y-271.1176

G1X97.3698Y-270.3990

G1X97.0487Y-269.7573

G1X93.7611Y-265.9535

G1X93.0155Y-264.9931

G1X90.3226Y-261.1374

G1X89.7874Y-260.1255

G1X89.4372Y-259.2092

G1X89.3493Y-258.4192

G1X89.5977Y-257.8739

G1X90.5781Y-257.0491

G1X92.0612Y-256.2775

G1X92.4237Y-255.7465

G1X92.5870Y-255.0891

G1X92.5334Y-254.4981

G1X92.3419Y-253.9065

G1X90.0859Y-249.5057

G1X89.4213Y-247.7785

G1X89.2940Y-246.7930

G1X89.3690Y-245.9391

G1X89.6042Y-245.2317

G1X90.0926Y-244.5789

G1X90.9844Y-243.9264

G1X91.9671Y-243.5052

G1X92.9454Y-243.3834

G1X94.1318Y-243.5006

G1X95.5857Y-243.8202

G1X97.0488Y-244.2578

G1X103.4506Y-246.7291

G1X104.6041Y-247.0272

G1X105.6549Y-247.1578

G1X106.4146Y-247.0824

G1X107.2266Y-246.6469

G1X107.6311Y-246.5503

G1X110.2920Y-246.7318

G1X111.1001Y-246.6957

G1X111.4673Y-246.5648

G1X112.2305Y-245.8784

G1X112.6744Y-245.6667

G1X113.3510Y-245.4844

G1X114.0081Y-245.5485

G1X114.7834Y-245.8590

G1X115.7419Y-246.3922

G1X117.8518Y-247.8535

G1X120.8469Y-250.2397

G1X123.9325Y-253.1152

G1X125.0001Y-254.0020

G1X125.7856Y-254.3550

G1X126.7715Y-254.4607

G1X127.1705Y-254.4201

G1X127.7635Y-254.0474

G1X128.0790Y-253.4079

G1X128.5348Y-248.9019

G1X128.7282Y-248.0778

G1X129.0053Y-247.6505

G1X129.2721Y-247.5133

G1X130.2614Y-247.3153

G1X132.1857Y-247.3161

G1X133.2252Y-247.1889

G1X135.1890Y-246.1805

G1X135.6429Y-245.8732

G1X136.3621Y-245.1804

G1X137.0462Y-244.2720

G1X139.2630Y-240.3495

G1X140.4228Y-238.5329

G1X141.1570Y-237.7192

G1X141.9352Y-237.2126

G1X142.5344Y-237.0844

G1X143.1012Y-237.2771

G1X144.1611Y-237.9897

G1X145.8888Y-239.3665

G1X146.4137Y-239.6406

G1X146.9621Y-239.7642

G1X147.3465Y-239.7553

G1X147.7687Y-239.6123

G1X148.2636Y-239.2828

G1X149.2459Y-238.3224

G1X150.4130Y-236.8929

G1X159.3244Y-224.3813

G1X161.4305Y-222.0149

G1X162.2517Y-221.2449

G1X162.9969Y-220.6812

G1X163.5356Y-220.4165

G1X164.0631Y-220.3536

G1X164.5198Y-220.4852

G1X165.0760Y-220.8694

G1X165.6432Y-221.4758

G1X166.4092Y-223.1911

G1X167.0310Y-224.1486

G1X167.5610Y-224.7700

G1X168.0448Y-225.0744

G1X168.4731Y-225.1610

G1X168.9442Y-225.1334

G1X172.6851Y-224.3792

G1X173.2058Y-224.4347

G1X173.5969Y-224.7039

G1X173.8997Y-225.1314

G1X174.1191Y-225.6937

G1X174.3075Y-227.0912

G1X174.1940Y-228.2829

G1X173.5932Y-231.6806

G1X173.5306Y-233.2324

G1X173.6310Y-234.6269

G1X173.8394Y-235.5127

G1X174.5020Y-236.8488

G1X175.6098Y-239.9782

G1X175.9283Y-240.5794

G1X176.3529Y-240.8939

G1X176.9960Y-241.0505

G1X178.5715Y-241.1611

G1X180.3551Y-241.1703

G1X181.0574Y-241.2625

G1X182.1640Y-241.5945

G1X183.2502Y-242.1446

G1X184.0709Y-242.7840

G1X184.8653Y-243.5851

G1X185.7336Y-244.7289

G1X186.5138Y-246.0638

G1X187.0707Y-246.6391

G1X188.4478Y-247.5546

G1X190.3961Y-248.5054

G1X192.1314Y-249.5589

G1X194.0070Y-251.2361

G1X196.9693Y-253.6959

G1X199.0355Y-255.0780

G1X200.4527Y-256.1662

G1X200.7766Y-256.5365

G1X200.9499Y-256.9666

G1X200.9519Y-257.4611

G1X200.8245Y-258.0116

G1X200.4514Y-258.9043

G1X199.9184Y-259.8469

G1X198.1442Y-261.8999

G1X197.6900Y-262.5631

G1X197.5312Y-263.0361

G1X197.5004Y-263.5454

G1X197.5977Y-263.9069

G1X197.8685Y-264.3133

G1X198.3225Y-264.6918

G1X198.8646Y-264.9393

G1X201.5709Y-265.6828

G1X203.8356Y-266.4436

G1X204.9863Y-266.9340

G1X205.8339Y-267.5134

G1X206.9281Y-268.6173

G1X208.3397Y-269.8463

G1X209.4937Y-270.6739

G1X211.3846Y-271.6486

G1X217.0739Y-274.1990

G1X218.7905Y-275.1884

G1X220.0980Y-276.1025

G1X220.9554Y-276.8690

G1X221.6546Y-277.7538

G1X222.6597Y-279.4356

G1X223.5689Y-281.3489

G1X224.3760Y-282.4670

G1X226.4988Y-284.6792

G1X229.2029Y-287.0063

G1X230.2092Y-288.1698

G1X231.1492Y-289.6552

G1X231.3647Y-290.2588

G1X231.4397Y-290.8087

G1X231.3848Y-291.3955

G1X231.2180Y-291.9764

G1X230.4177Y-293.5538

G1X226.5328Y-298.1314

G1X225.3070Y-299.9336

G1X224.6681Y-301.1871

G1X224.3553Y-302.2862

G1X223.5671Y-306.7733

G1X223.3564Y-309.6297

G1X223.3532Y-311.9854

G1X223.1151Y-312.7251

G1X222.5545Y-313.5640

G1X220.0356Y-316.2210

G1X219.2607Y-316.7764

G1X218.1594Y-317.2911

G1X216.6362Y-317.7761

G1X214.8681Y-318.1576

G1X209.9481Y-318.5663

G1X208.5913Y-318.9188

G1X207.5768Y-319.3559

G1X206.9629Y-319.8226

G1X206.7124Y-320.2142

G1X206.6208Y-320.7085

G1X206.5759Y-321.9773

G1X206.2957Y-322.5679

G1X205.3933Y-323.3175

G1X203.8768Y-324.0579

G1X202.8252Y-324.3885

G1X199.4838Y-325.2038

G1X198.2775Y-325.4069

G1X196.0483Y-325.3551

G1X193.6290Y-324.9779

G1X192.0733Y-324.5842

G1X190.0250Y-323.9231

G1X181.3195Y-320.7708

G1X173.6315Y-318.2250

G1X170.3852Y-316.9816

G1X168.9013Y-316.6175

G1X167.6970Y-316.5420

G1X166.4786Y-315.9928

G1X166.1067Y-315.9624

G1X166.0769Y-316.2106

G1X166.2953Y-316.7661

G1X167.5827Y-318.8965

G1X176.0003Y-331.1085

G1X174.2406Y-331.9650

G1 Z0F20000

(Start Block)


G1X175.1623Y-333.1793
G1Z5F20000
(Plotting speed under)
G1 F4000


G1X174.3352Y-333.2936

G1X173.5223Y-333.2797

G1X172.7421Y-333.1475

G1X171.9536Y-332.8936

G1X166.5334Y-330.3739

G1X164.0758Y-329.4500

G1X162.2349Y-328.6568

G1X161.2369Y-328.1505

G1X159.2143Y-326.9124

G1X158.7529Y-326.7749

G1X158.2274Y-326.7708

G1X157.7814Y-326.9172

G1X157.3095Y-327.2208

G1X156.6060Y-328.2783

G1X156.2309Y-328.5952

G1X153.7109Y-329.4234

G1X152.2722Y-330.2777

G1X151.7958Y-330.2897

G1X150.6852Y-330.0160

G1X150.1935Y-330.0555

G1X149.0617Y-330.5109

G1X148.0497Y-331.2218

G1X147.5964Y-331.3676

G1X145.2302Y-330.8382

G1X144.8242Y-330.8389

G1X144.5323Y-330.9453

G1X144.1447Y-331.3215

G1X143.2835Y-332.5890

G1X142.2603Y-333.5304

G1X141.6669Y-333.8972

G1X140.2965Y-334.2335

G1X139.4167Y-334.7030

G1X138.4794Y-335.4029

G1X136.9856Y-336.8781

G1X135.1843Y-338.1880

G1X133.8070Y-339.4406

G1X133.0226Y-339.8183

G1X132.3156Y-339.9225

G1X131.7422Y-339.7345

G1X131.2197Y-339.1948

G1X130.6666Y-338.2177

G1X130.0568Y-336.7344

G1X129.5833Y-335.1157

G1X128.9466Y-332.4025

G1X127.8381Y-326.0213

G1X127.5691Y-325.3371

G1X127.3532Y-325.0798

G1X127.1147Y-324.9397

G1X126.4051Y-324.8936

G1X125.8874Y-325.0737

G1X123.6097Y-326.6365

G1X122.3471Y-327.8824

G1X118.3496Y-332.6755

G1X117.2638Y-333.8733

G1X116.5776Y-334.4720

G1X115.8654Y-334.9569

G1X115.2163Y-335.2567

G1X114.7318Y-335.3459

G1X114.2363Y-335.1860

G1X113.8585Y-334.6559

G1X113.3557Y-333.2293

G1X112.9338Y-330.6906

G1X112.4680Y-329.8016

G1X112.1341Y-329.4626

G1X111.8140Y-329.2792

G1X111.2688Y-329.2230

G1X109.8117Y-329.4072

G1X108.4467Y-328.9761

G1X107.7495Y-328.9697

G1X105.5892Y-329.4927

G1X102.7136Y-330.5148

G1X101.4154Y-330.6995

G1X100.1387Y-330.6584

G1X98.3219Y-330.0286

G1X96.1363Y-329.4590

G1X95.3331Y-329.0418

G1X93.1564Y-327.6344

G1X92.4451Y-327.2531

G1X90.7154Y-326.5631

G1X88.7952Y-326.1365

G1X87.7133Y-325.3913

G1X87.4964Y-325.0839

G1X87.3999Y-324.6855

G1X87.4343Y-324.3081

G1X87.6069Y-323.7799

G1X88.4263Y-322.2557

G1X89.9374Y-320.0078

G1X92.0352Y-317.2632

G1X98.1762Y-309.8041

G1X101.3226Y-306.1727

G1X102.9505Y-304.1226

G1X103.6412Y-303.0091

G1X103.8781Y-301.7526

G1X104.1746Y-300.8367

G1X104.4353Y-300.2658

G1X104.8816Y-299.6050

G1X106.5602Y-297.7656

G1X108.8280Y-295.7565

G1X109.2657Y-295.1804

G1X109.4178Y-294.7300

G1X109.2519Y-294.4213

G1X108.7109Y-294.2439

G1X107.0350Y-294.0906

G1X104.4111Y-293.9996

G1X102.1677Y-293.7505

G1X96.9928Y-292.7630

G1X92.0333Y-292.0144

G1X89.5673Y-291.5102

G1X87.8729Y-291.0334

G1X86.4559Y-290.4042

G1X85.4714Y-289.7036

G1X85.0025Y-289.0101

G1X84.8335Y-287.9448

G1X85.2127Y-286.7504

G1X85.2623Y-286.3556

G1X85.1365Y-285.8727

G1X84.6861Y-284.9170

G1X84.4151Y-283.9368

G1X84.4047Y-283.4452

G1X84.6039Y-283.0612

G1X85.2378Y-282.5612

G1X86.4630Y-281.9286

G1X87.9252Y-281.2921

G1X90.6743Y-280.3324

G1X91.7238Y-279.7855

G1X93.6025Y-278.3349

G1X94.8576Y-277.1707

G1X95.3366Y-276.5629

G1X95.5376Y-275.8813

G1X95.5262Y-275.0446

G1X95.2245Y-273.6896

G1X95.9047Y-271.3749

G1X95.8741Y-270.7807

G1X95.6503Y-270.0329

G1X95.0315Y-268.8708

G1X93.0099Y-265.9415

G1X90.9934Y-262.8343

G1X89.3549Y-260.5501

G1X88.7261Y-259.3013

G1X88.4271Y-258.3413

G1X88.3928Y-257.8050

G1X88.5415Y-257.3061

G1X89.3298Y-256.2132

G1X90.3434Y-255.1490

G1X90.7009Y-254.3457

G1X90.8116Y-253.7320

G1X90.7797Y-253.1722

G1X90.6209Y-252.5552

G1X89.0381Y-248.4630

G1X88.7092Y-247.2437

G1X88.6626Y-246.3721

G1X88.7709Y-245.6008

G1X89.0433Y-244.9134

G1X89.4306Y-244.4358

G1X90.3745Y-243.7525

G1X91.4110Y-243.2520

G1X92.4303Y-242.9932

G1X93.5839Y-242.9071

G1X94.9888Y-242.9932

G1X96.3437Y-243.2471

G1X98.9274Y-243.9733

G1X101.8920Y-244.9794

G1X103.1868Y-245.2948

G1X104.1696Y-245.4403

G1X104.9464Y-245.3898

G1X105.8493Y-244.9365

G1X106.3449Y-244.8513

G1X109.4957Y-245.2366

G1X110.1820Y-245.2473

G1X110.5818Y-245.1215

G1X111.3446Y-244.5583

G1X112.0613Y-244.2569

G1X112.6372Y-244.1312

G1X113.1644Y-244.1838

G1X114.1396Y-244.5686

G1X115.5677Y-245.3650

G1X118.3957Y-247.3364

G1X120.2634Y-248.8010

G1X122.6089Y-250.9913

G1X124.3938Y-252.4501

G1X124.9009Y-252.6917

G1X125.7497Y-252.8865

G1X126.7568Y-253.3526

G1X127.3994Y-253.3782

G1X127.7192Y-253.1957

G1X127.9400Y-252.6220

G1X128.0501Y-249.9977

G1X128.2289Y-247.9187

G1X128.3893Y-246.9799

G1X128.6184Y-246.5178

G1X128.9589Y-246.3586

G1X129.7338Y-246.4248

G1X131.6577Y-247.0719

G1X132.3513Y-247.1070

G1X133.2712Y-246.6695

G1X134.4534Y-245.6000

G1X135.4299Y-245.1696

G1X136.2052Y-244.7264

G1X136.6353Y-244.3802

G1X137.0728Y-243.8603

G1X139.1855Y-240.6472

G1X140.4126Y-239.0176

G1X141.5115Y-237.9179

G1X142.4113Y-237.3313

G1X143.1145Y-237.1849

G1X143.9925Y-237.2778

G1X144.5547Y-237.4825

G1X146.2774Y-238.3492

G1X146.8351Y-238.4708

G1X147.3863Y-238.4763

G1X147.7771Y-238.3876

G1X148.5967Y-237.9031

G1X149.8346Y-236.6968

G1X151.2596Y-234.9593

G1X159.9802Y-222.8804

G1X162.0526Y-220.5458

G1X162.8658Y-219.7741

G1X163.6026Y-219.2077

G1X164.1442Y-218.9359

G1X164.6837Y-218.8717

G1X165.1480Y-219.0138

G1X165.7115Y-219.4204

G1X166.2889Y-220.0479

G1X167.0705Y-221.8068

G1X167.6849Y-222.7643

G1X168.1956Y-223.3880

G1X168.7359Y-223.7570

G1X169.1761Y-223.8601

G1X169.7712Y-223.8350

G1X173.3854Y-223.1980

G1X173.9146Y-223.2580

G1X174.3175Y-223.5270

G1X174.6345Y-223.9497

G1X174.8705Y-224.5034

G1X175.0977Y-225.8780

G1X175.0222Y-226.9755

G1X174.4994Y-230.3733

G1X174.4997Y-231.7401

G1X174.6545Y-232.9878

G1X174.9322Y-233.9090

G1X175.7452Y-235.1274

G1X176.0584Y-235.7670

G1X176.7198Y-237.4033

G1X177.1265Y-238.7159

G1X177.4032Y-239.2179

G1X177.9215Y-239.6239

G1X178.6812Y-239.9070

G1X179.6897Y-240.1524

G1X181.5747Y-240.3853

G1X182.8703Y-240.7318

G1X183.7844Y-241.1005

G1X184.5835Y-241.5768

G1X185.3618Y-242.2147

G1X185.9154Y-242.8333

G1X186.6758Y-243.9617

G1X187.4075Y-245.3982

G1X188.0067Y-246.0643

G1X193.7765Y-250.6159

G1X196.3169Y-252.2095

G1X199.7818Y-254.6325

G1X201.0872Y-255.6812

G1X201.5537Y-256.2035

G1X201.7185Y-256.6435

G1X201.7046Y-257.2349

G1X201.4885Y-257.9955

G1X201.1104Y-258.8109

G1X200.5520Y-259.7123

G1X198.7667Y-261.6920

G1X198.2279Y-262.4873

G1X198.0634Y-263.0333

G1X198.0452Y-263.4217

G1X198.1268Y-263.7737

G1X198.3675Y-264.1717

G1X198.7858Y-264.5476

G1X199.3136Y-264.8027

G1X201.8901Y-265.5330

G1X204.2388Y-266.3390

G1X205.3090Y-266.7936

G1X206.1627Y-267.3519

G1X207.3546Y-268.5249

G1X208.7132Y-269.6537

G1X210.0667Y-270.5708

G1X212.4074Y-271.6698

G1X218.4482Y-274.1054

G1X220.4071Y-275.1365

G1X221.8858Y-276.1062

G1X222.7565Y-276.8956

G1X223.4165Y-277.8059

G1X224.2356Y-279.3578

G1X224.9337Y-281.3122

G1X225.5102Y-282.2280

G1X226.3981Y-283.2688

G1X227.7493Y-284.6280

G1X230.2830Y-286.7347

G1X231.1072Y-287.5415

G1X231.9532Y-288.5691

G1X232.5311Y-289.4358

G1X232.8402Y-290.1222

G1X232.9596Y-290.8127

G1X232.8919Y-291.3689

G1X232.6608Y-292.0100

G1X231.6989Y-293.5161

G1X230.9760Y-294.2944

G1X228.9274Y-296.0607

G1X227.2388Y-297.8527

G1X226.0625Y-299.4820

G1X225.2620Y-301.1083

G1X224.8470Y-302.7591

G1X224.4969Y-306.1874

G1X224.5019Y-307.5080

G1X224.8589Y-312.2997

G1X224.7160Y-312.9565

G1X224.3347Y-313.6076

G1X221.1038Y-316.7398

G1X220.3260Y-317.3053

G1X219.2448Y-317.8842

G1X217.9499Y-318.4158

G1X216.4438Y-318.8736

G1X212.0268Y-319.5638

G1X210.7236Y-320.0085

G1X209.8233Y-320.4728

G1X209.2892Y-320.9393

G1X209.0344Y-321.4106

G1X208.9857Y-321.9063

G1X209.0671Y-323.2983

G1X209.0014Y-323.6758

G1X208.8353Y-323.9988

G1X208.4784Y-324.4273

G1X207.9449Y-324.8624

G1X206.4860Y-325.6320

G1X204.5346Y-326.1605

G1X201.7861Y-326.6739

G1X200.5834Y-326.8058

G1X198.2331Y-326.6896

G1X195.4765Y-326.2055

G1X193.7995Y-325.7634

G1X191.8018Y-325.1023

G1X182.4884Y-321.6517

G1X174.4348Y-318.8841

G1X171.1414Y-317.6330

G1X169.5077Y-317.2135

G1X168.2346Y-317.1248

G1X166.9383Y-316.5371

G1X166.6266Y-316.5044

G1X166.5810Y-316.7992

G1X166.8144Y-317.3693

G1X168.0974Y-319.4822

G1X176.9330Y-332.2604

G1X175.1623Y-333.1793

G1 Z0F20000

(Start Block)


G1X176.1202Y-334.4413
G1Z5F20000
(Plotting speed under)
G1 F4000


G1X175.2108Y-334.6166

G1X174.2988Y-334.6322

G1X173.4875Y-334.5005

G1X172.5618Y-334.2007

G1X167.6318Y-332.0420

G1X165.1789Y-331.1150

G1X163.7104Y-330.4519

G1X162.0738Y-329.5818

G1X159.6828Y-327.9933

G1X159.0724Y-327.8145

G1X158.5766Y-327.8251

G1X157.7300Y-328.1760

G1X156.7393Y-329.2824

G1X156.3534Y-329.4265

G1X155.3053Y-329.5990

G1X154.2792Y-330.1006

G1X153.6906Y-330.5475

G1X152.9236Y-331.4687

G1X152.5160Y-331.7017

G1X152.1330Y-331.7068

G1X151.1012Y-331.4856

G1X150.4916Y-331.5439

G1X149.4076Y-331.9194

G1X148.3605Y-332.6337

G1X147.8975Y-332.7445

G1X147.4306Y-332.6256

G1X145.2822Y-331.6671

G1X144.9072Y-331.6071

G1X144.6405Y-331.6780

G1X144.2219Y-332.0966

G1X143.4446Y-333.4326

G1X142.6912Y-334.4794

G1X141.8011Y-335.4594

G1X140.3931Y-336.1289

G1X139.0149Y-336.9673

G1X137.0455Y-338.6418

G1X135.1870Y-339.8369

G1X133.6161Y-341.1726

G1X132.8898Y-341.4762

G1X132.1668Y-341.5442

G1X131.7666Y-341.4597

G1X131.4101Y-341.2840

G1X130.7531Y-340.6543

G1X129.9096Y-339.3450

G1X129.2387Y-337.8935

G1X128.6272Y-336.0904

G1X128.1386Y-334.0496

G1X127.7178Y-331.7924

G1X127.2404Y-328.1644

G1X126.9028Y-327.4032

G1X126.4418Y-327.0831

G1X125.7461Y-327.0304

G1X125.2056Y-327.2069

G1X123.4661Y-328.2195

G1X122.6533Y-328.8139

G1X121.3597Y-330.1471

G1X117.1456Y-335.3143

G1X116.1818Y-336.3976

G1X115.4803Y-337.0267

G1X114.6935Y-337.5899

G1X114.0697Y-337.8985

G1X113.6068Y-337.9977

G1X113.3449Y-337.9672

G1X113.1042Y-337.8187

G1X112.7611Y-337.1952

G1X112.3525Y-335.3647

G1X112.1776Y-332.3610

G1X111.7951Y-331.5057

G1X111.5385Y-331.2335

G1X111.2288Y-331.0565

G1X110.8591Y-330.9737

G1X110.4576Y-331.0254

G1X108.8655Y-331.7123

G1X108.3182Y-331.8732

G1X107.7772Y-331.8704

G1X106.5040Y-331.5875

G1X105.0014Y-331.6017

G1X103.8450Y-331.7759

G1X101.0009Y-332.5643

G1X99.6132Y-332.7250

G1X98.5305Y-332.6885

G1X97.9373Y-332.5314

G1X96.6468Y-332.0107

G1X94.2781Y-331.3799

G1X90.2784Y-329.2439

G1X88.5287Y-328.5687

G1X86.6144Y-328.0391

G1X85.5582Y-327.2539

G1X85.2957Y-326.8638

G1X85.2112Y-326.4571

G1X85.2830Y-325.9356

G1X85.4772Y-325.4034

G1X86.4426Y-323.6489

G1X88.2339Y-321.0106

G1X89.9845Y-318.7537

G1X95.1657Y-312.5326

G1X100.1447Y-306.9559

G1X101.7038Y-305.0887

G1X102.3710Y-304.1810

G1X102.7443Y-303.5217

G1X102.8583Y-303.0920

G1X102.9070Y-302.2756

G1X103.1282Y-301.4530

G1X103.3450Y-300.8881

G1X103.6730Y-300.3402

G1X104.4465Y-299.3831

G1X105.4935Y-298.2904

G1X108.0410Y-296.0832

G1X108.5781Y-295.4106

G1X108.7351Y-294.9783

G1X108.5596Y-294.6953

G1X107.9561Y-294.5517

G1X103.2298Y-294.4764

G1X101.3633Y-294.2658

G1X99.8898Y-293.9775

G1X97.1775Y-293.2782

G1X91.3793Y-292.1904

G1X88.9764Y-291.6493

G1X87.0080Y-291.0783

G1X85.0866Y-290.2583

G1X84.1595Y-289.6061

G1X83.8729Y-289.2598

G1X83.6393Y-288.8061

G1X83.4959Y-287.9667

G1X83.9481Y-286.8046

G1X83.9944Y-286.3273

G1X83.8408Y-285.8619

G1X82.8058Y-283.7025

G1X82.7757Y-283.3227

G1X82.9725Y-282.9325

G1X83.8407Y-282.2716

G1X85.4894Y-281.4338

G1X88.8628Y-280.2012

G1X89.9824Y-279.6172

G1X92.3194Y-277.9270

G1X93.8568Y-276.6989

G1X94.3230Y-276.1040

G1X94.5149Y-275.4406

G1X94.5349Y-274.7544

G1X94.2719Y-273.4662

G1X94.5968Y-272.3157

G1X94.6399Y-271.6364

G1X94.5789Y-271.0371

G1X94.4060Y-270.4421

G1X92.4375Y-266.9134

G1X91.6394Y-265.0428

G1X90.9434Y-263.7388

G1X90.1036Y-262.3839

G1X88.2478Y-259.7841

G1X87.7193Y-258.6727

G1X87.4352Y-257.7358

G1X87.3792Y-257.1683

G1X87.4674Y-256.6559

G1X88.5555Y-254.0631

G1X88.9098Y-253.0532

G1X89.0494Y-252.3511

G1X88.9342Y-250.9916

G1X88.0939Y-247.5447

G1X87.9832Y-246.8070

G1X87.9992Y-246.0461

G1X88.1256Y-245.3542

G1X88.3695Y-244.7518

G1X88.7224Y-244.2944

G1X89.4668Y-243.7572

G1X90.9224Y-243.0055

G1X93.0486Y-242.2633

G1X94.2019Y-242.0501

G1X95.5637Y-242.0716

G1X97.0629Y-242.2756

G1X100.2717Y-243.1559

G1X101.8510Y-243.5091

G1X102.7872Y-243.6335

G1X103.3823Y-243.5840

G1X104.3793Y-243.1140

G1X104.9670Y-243.0483

G1X105.8655Y-243.1605

G1X108.5779Y-243.7117

G1X109.2242Y-243.7633

G1X109.6578Y-243.6615

G1X110.4599Y-243.2142

G1X111.3951Y-242.8752

G1X111.9036Y-242.7918

G1X112.3324Y-242.8379

G1X113.3236Y-243.2074

G1X114.8513Y-244.0123

G1X117.9787Y-246.0541

G1X119.5302Y-247.2348

G1X121.8116Y-249.3397

G1X123.5720Y-250.7399

G1X124.1062Y-251.0229

G1X125.0477Y-251.2724

G1X126.5271Y-252.3342

G1X127.0852Y-252.5398

G1X127.3580Y-252.5608

G1X127.5806Y-252.4115

G1X127.7458Y-251.9162

G1X127.7944Y-249.0568

G1X127.9348Y-246.7275

G1X128.0863Y-245.7044

G1X128.3036Y-245.2696

G1X128.4603Y-245.1734

G1X128.7311Y-245.1585

G1X129.5002Y-245.4208

G1X130.7599Y-246.2990

G1X131.5950Y-246.7763

G1X132.0394Y-246.9045

G1X132.3896Y-246.8347

G1X132.7230Y-246.6235

G1X133.2762Y-246.0996

G1X134.0244Y-245.0598

G1X134.3734Y-244.7172

G1X134.8295Y-244.5022

G1X136.3324Y-244.0874

G1X136.7793Y-243.8183

G1X139.7543Y-240.2414

G1X141.8521Y-238.0899

G1X142.8453Y-237.3172

G1X143.5920Y-236.9324

G1X144.2603Y-236.7809

G1X145.5449Y-236.9631

G1X146.5692Y-237.2493

G1X147.3452Y-237.2372

G1X148.1066Y-237.0343

G1X148.8629Y-236.5688

G1X150.5229Y-234.9680

G1X152.5007Y-232.5663

G1X155.4876Y-228.5692

G1X159.4009Y-223.0002

G1X160.6397Y-221.3576

G1X162.7603Y-218.9697

G1X163.5599Y-218.2146

G1X164.2798Y-217.6690

G1X164.8665Y-217.3996

G1X165.3819Y-217.3745

G1X165.8270Y-217.5395

G1X166.3711Y-217.9578

G1X166.9857Y-218.6636

G1X167.7482Y-220.4154

G1X168.3659Y-221.3894

G1X168.8844Y-222.0350

G1X169.4294Y-222.4262

G1X169.8705Y-222.5478

G1X170.4643Y-222.5484

G1X174.1859Y-222.0101

G1X174.7032Y-222.1080

G1X175.1009Y-222.4065

G1X175.3713Y-222.7649

G1X175.6238Y-223.3105

G1X175.8903Y-224.6633

G1X175.8474Y-225.6902

G1X175.4174Y-228.9644

G1X175.4643Y-230.1871

G1X175.6490Y-231.2527

G1X176.0397Y-232.2999

G1X177.0573Y-233.4470

G1X177.6249Y-234.4266

G1X178.2073Y-235.7798

G1X178.6269Y-237.3281

G1X178.9592Y-237.9322

G1X179.5492Y-238.4945

G1X180.4452Y-239.0127

G1X184.1915Y-240.1096

G1X185.1211Y-240.5552

G1X185.9041Y-241.0771

G1X186.5021Y-241.6277

G1X187.0443Y-242.3626

G1X187.5606Y-243.2475

G1X188.1361Y-244.5857

G1X188.4536Y-245.1047

G1X189.8777Y-246.4287

G1X191.0300Y-247.9627

G1X192.2191Y-249.2414

G1X192.9267Y-249.8041

G1X193.9409Y-250.4396

G1X196.7572Y-251.7746

G1X198.5405Y-252.8421

G1X200.5697Y-254.2654

G1X201.8487Y-255.3463

G1X202.3045Y-255.8818

G1X202.4633Y-256.3304

G1X202.4372Y-256.9957

G1X202.2184Y-257.7417

G1X201.8444Y-258.5392

G1X201.2869Y-259.4199

G1X199.2824Y-261.5892

G1X198.7461Y-262.4070

G1X198.5778Y-262.9552

G1X198.5565Y-263.3465

G1X198.6359Y-263.7023

G1X198.8766Y-264.1057

G1X199.2100Y-264.4190

G1X199.7377Y-264.6890

G1X202.3402Y-265.4656

G1X204.7224Y-266.3133

G1X205.7870Y-266.7951

G1X206.4876Y-267.2750

G1X207.7038Y-268.4493

G1X208.9809Y-269.4561

G1X209.8929Y-270.0845

G1X210.8987Y-270.6344

G1X214.8964Y-272.2429

G1X219.7382Y-273.9680

G1X222.0324Y-275.0730

G1X223.6702Y-276.0946

G1X224.4878Y-276.8466

G1X225.1677Y-277.8662

G1X225.8224Y-279.2897

G1X226.3096Y-281.2580

G1X226.8978Y-282.2825

G1X227.7178Y-283.2638

G1X229.0860Y-284.6416

G1X231.7381Y-286.8010

G1X232.5760Y-287.6031

G1X233.5101Y-288.7062

G1X234.0452Y-289.4792

G1X234.3689Y-290.1589

G1X234.4907Y-290.8307

G1X234.4122Y-291.3761

G1X234.1972Y-291.9149

G1X233.3365Y-293.1368

G1X232.4130Y-294.0893

G1X229.6940Y-296.0311

G1X227.8417Y-297.7262

G1X226.6627Y-299.1923

G1X226.2083Y-300.0042

G1X225.8203Y-300.9212

G1X225.5462Y-301.7771

G1X225.3485Y-302.7652

G1X225.1868Y-305.2818

G1X225.3558Y-307.4273

G1X225.8827Y-309.8196

G1X226.3057Y-312.3024

G1X226.2690Y-313.1828

G1X225.9728Y-313.8580

G1X225.4454Y-314.4480

G1X224.0497Y-315.5976

G1X222.2127Y-317.3053

G1X221.3906Y-317.9220

G1X220.1513Y-318.6849

G1X219.0563Y-319.2337

G1X217.9966Y-319.6496

G1X214.2359Y-320.5544

G1X212.9417Y-321.1103

G1X212.0928Y-321.6295

G1X211.6023Y-322.1426

G1X211.3986Y-322.6317

G1X211.3960Y-323.2342

G1X211.5931Y-324.7429

G1X211.5530Y-325.1206

G1X211.4130Y-325.4588

G1X211.0215Y-326.0006

G1X210.4971Y-326.4690

G1X209.8707Y-326.8719

G1X209.0487Y-327.2635

G1X208.0251Y-327.5715

G1X206.7805Y-327.8130

G1X204.4060Y-328.1431

G1X203.0133Y-328.2400

G1X201.9151Y-328.2140

G1X200.5116Y-328.0639

G1X197.5187Y-327.4884

G1X195.6765Y-326.9898

G1X193.6997Y-326.3261

G1X183.1829Y-322.3388

G1X171.8917Y-318.2740

G1X170.1668Y-317.8171

G1X168.7770Y-317.7130

G1X167.4863Y-317.1192

G1X167.1155Y-317.0780

G1X167.0927Y-317.3961

G1X167.3414Y-317.9813

G1X168.7232Y-320.2337

G1X177.8989Y-333.4533

G1X176.1202Y-334.4413

G1 Z0F20000

(Start Block)


G1X177.1329Y-335.7756
G1Z5F20000
(Plotting speed under)
G1 F4000


G1X176.1002Y-336.0343

G1X175.1497Y-336.0826

G1X174.1783Y-335.9201

G1X172.9036Y-335.4983

G1X165.6949Y-332.5989

G1X163.0396Y-331.1680

G1X160.3458Y-329.2370

G1X159.6593Y-328.9727

G1X158.9703Y-328.9502

G1X158.1934Y-329.1987

G1X157.1083Y-330.1605

G1X156.7214Y-330.2528

G1X155.6798Y-330.3101

G1X154.9673Y-330.6607

G1X154.1170Y-331.4541

G1X153.3019Y-332.8341

G1X152.8637Y-333.1346

G1X152.4705Y-333.1447

G1X151.4205Y-332.9648

G1X150.7220Y-333.0618

G1X149.6736Y-333.4018

G1X148.7452Y-334.0502

G1X148.2898Y-334.1751

G1X147.6754Y-333.9720

G1X145.3653Y-332.5985

G1X145.0170Y-332.5092

G1X144.7708Y-332.5602

G1X144.5393Y-332.7399

G1X144.2724Y-333.1118

G1X142.4142Y-336.4965

G1X141.6996Y-337.3359

G1X138.7941Y-339.1507

G1X136.9469Y-340.5659

G1X135.0360Y-341.6149

G1X133.5021Y-342.8450

G1X132.7800Y-343.1192

G1X132.0794Y-343.1604

G1X131.1439Y-342.8887

G1X130.2807Y-342.2306

G1X129.1748Y-340.8842

G1X128.4051Y-339.5355

G1X127.8444Y-337.9394

G1X127.3095Y-335.6017

G1X127.0970Y-334.3657

G1X126.6452Y-330.5308

G1X126.3399Y-329.8108

G1X126.1265Y-329.5786

G1X125.8119Y-329.4166

G1X125.1219Y-329.3273

G1X124.5655Y-329.4680

G1X122.6044Y-330.4431

G1X121.8095Y-330.9958

G1X120.2923Y-332.5920

G1X115.1620Y-338.8843

G1X114.3610Y-339.6196

G1X113.5738Y-340.2046

G1X112.9486Y-340.5371

G1X112.4158Y-340.6587

G1X112.1054Y-340.5905

G1X111.9002Y-340.4040

G1X111.5922Y-339.6261

G1X111.2935Y-337.4799

G1X111.3568Y-334.9349

G1X111.3103Y-334.1007

G1X110.9880Y-333.2579

G1X110.5141Y-332.8505

G1X110.0590Y-332.7612

G1X109.5510Y-332.8439

G1X107.3535Y-334.1017

G1X106.6035Y-334.3658

G1X105.9711Y-334.3790

G1X103.5379Y-333.9833

G1X102.6781Y-333.9427

G1X99.3103Y-334.5999

G1X97.9753Y-334.7455

G1X97.0310Y-334.7300

G1X96.4025Y-334.5823

G1X94.9712Y-333.9935

G1X92.4174Y-333.3048

G1X88.4853Y-331.4057

G1X86.3200Y-330.5993

G1X84.5420Y-330.0610

G1X84.1378Y-329.8301

G1X83.3430Y-329.1668

G1X83.0732Y-328.7824

G1X82.9679Y-328.3911

G1X83.0012Y-327.8977

G1X83.2240Y-327.2249

G1X84.2645Y-325.3089

G1X86.1994Y-322.4548

G1X88.2355Y-319.8621

G1X93.1106Y-314.0768

G1X95.5320Y-311.3419

G1X99.0298Y-307.6368

G1X100.7339Y-305.6472

G1X101.4285Y-304.7115

G1X101.7915Y-304.0662

G1X101.8936Y-303.6329

G1X101.8852Y-302.8261

G1X102.0624Y-302.0050

G1X102.2527Y-301.4395

G1X102.6178Y-300.8147

G1X103.4126Y-299.8296

G1X104.4845Y-298.7188

G1X107.1961Y-296.4051

G1X107.7789Y-295.6910

G1X107.9320Y-295.2757

G1X107.7471Y-295.0112

G1X107.1584Y-294.8939

G1X102.0418Y-294.9433

G1X100.4000Y-294.7863

G1X98.6158Y-294.3713

G1X96.2988Y-293.6171

G1X88.5878Y-291.8661

G1X86.3529Y-291.2192

G1X83.8839Y-290.2474

G1X82.9260Y-289.5908

G1X82.5840Y-289.1900

G1X82.3224Y-288.6877

G1X82.2149Y-288.2617

G1X82.2328Y-287.9731

G1X82.7330Y-286.8775

G1X82.7870Y-286.3934

G1X82.5358Y-285.7645

G1X81.1947Y-283.5750

G1X81.1389Y-283.2068

G1X81.3505Y-282.7886

G1X82.1546Y-282.1400

G1X83.6649Y-281.3155

G1X87.0092Y-280.0668

G1X88.2181Y-279.4273

G1X92.8771Y-276.2793

G1X93.3718Y-275.6317

G1X93.6073Y-274.7564

G1X93.3989Y-273.2614

G1X93.7062Y-271.9757

G1X93.4562Y-270.9248

G1X93.0282Y-270.0414

G1X91.8351Y-268.3018

G1X91.0010Y-266.7571

G1X90.7225Y-266.0175

G1X90.4780Y-264.5045

G1X89.9812Y-263.3632

G1X89.1693Y-261.9689

G1X87.2502Y-259.3018

G1X86.6851Y-258.1124

G1X86.3393Y-256.9235

G1X86.3132Y-256.0764

G1X86.7244Y-253.4078

G1X87.2882Y-251.3327

G1X87.4286Y-250.3512

G1X87.4522Y-248.7093

G1X87.1954Y-246.7810

G1X87.2110Y-246.0006

G1X87.4725Y-244.8919

G1X87.9695Y-244.0818

G1X88.6947Y-243.5744

G1X91.5384Y-242.1901

G1X92.9768Y-241.1551

G1X93.8019Y-240.8570

G1X94.6977Y-240.6860

G1X96.0412Y-240.7183

G1X99.9788Y-241.5506

G1X101.1267Y-241.7127

G1X101.8230Y-241.6335

G1X102.9169Y-241.1526

G1X103.5918Y-241.1475

G1X105.7384Y-241.6016

G1X107.5042Y-242.1283

G1X108.1417Y-242.2400

G1X108.7128Y-242.1802

G1X110.6995Y-241.5342

G1X111.4425Y-241.5153

G1X112.3982Y-241.8338

G1X114.0009Y-242.6232

G1X116.9418Y-244.3758

G1X118.7502Y-245.6623

G1X121.0283Y-247.7216

G1X122.4392Y-248.8348

G1X123.3229Y-249.3741

G1X124.1597Y-249.5859

G1X124.5547Y-249.7732

G1X126.1780Y-251.2640

G1X126.9018Y-251.6885

G1X127.2280Y-251.7283

G1X127.4132Y-251.5483

G1X127.5327Y-251.0393

G1X127.5242Y-248.0782

G1X127.6323Y-245.5739

G1X127.7629Y-244.5148

G1X127.9910Y-244.0258

G1X128.1435Y-243.9418

G1X128.4093Y-243.9503

G1X129.2002Y-244.3517

G1X129.6312Y-244.6877

G1X130.6009Y-245.6752

G1X131.3952Y-246.3187

G1X131.8337Y-246.5702

G1X132.2491Y-246.5749

G1X132.6357Y-246.2950

G1X133.2082Y-245.5960

G1X133.9401Y-244.3221

G1X134.2171Y-243.9714

G1X134.4889Y-243.7824

G1X134.8679Y-243.6548

G1X135.5509Y-243.5486

G1X136.3894Y-243.5863

G1X136.8463Y-243.4036

G1X138.1997Y-242.0174

G1X140.6820Y-239.8665

G1X142.2770Y-238.0375

G1X143.2530Y-237.0428

G1X143.8595Y-236.5424

G1X144.3087Y-236.3089

G1X144.8020Y-236.1863

G1X145.7868Y-236.1038

G1X146.8027Y-236.1643

G1X147.4843Y-236.0504

G1X148.3298Y-235.7555

G1X149.1202Y-235.2584

G1X150.0004Y-234.5009

G1X151.1498Y-233.3285

G1X153.5403Y-230.4916

G1X156.8384Y-226.0776

G1X159.9277Y-221.6192

G1X161.2611Y-219.8526

G1X163.4082Y-217.4248

G1X164.1991Y-216.6740

G1X164.9106Y-216.1302

G1X165.4901Y-215.8583

G1X165.9992Y-215.8250

G1X166.5207Y-216.0271

G1X167.0480Y-216.4542

G1X167.6513Y-217.1546

G1X168.4428Y-218.9879

G1X169.0448Y-219.9556

G1X169.6113Y-220.6778

G1X170.1402Y-221.0711

G1X170.6727Y-221.2231

G1X171.2756Y-221.2302

G1X174.9056Y-220.7994

G1X175.4313Y-220.9026

G1X175.8401Y-221.2021

G1X176.1213Y-221.5585

G1X176.3890Y-222.0983

G1X176.6933Y-223.4307

G1X176.6742Y-224.4646

G1X176.3408Y-227.5410

G1X176.4256Y-228.6466

G1X176.6327Y-229.5575

G1X176.8995Y-230.2388

G1X177.1927Y-230.7379

G1X178.4678Y-231.8307

G1X179.1767Y-232.9046

G1X179.6785Y-234.0246

G1X180.1626Y-236.0367

G1X180.8214Y-237.1949

G1X181.2958Y-237.7076

G1X181.8493Y-238.1099

G1X183.4463Y-238.7988

G1X185.3864Y-239.5018

G1X186.4536Y-240.1109

G1X187.2206Y-240.7411

G1X187.6668Y-241.3062

G1X188.1829Y-242.2178

G1X189.1333Y-244.4621

G1X190.5394Y-245.9585

G1X191.4614Y-247.9200

G1X192.0835Y-248.8457

G1X192.6670Y-249.4426

G1X193.2873Y-249.8632

G1X194.1915Y-250.3184

G1X195.1295Y-250.7184

G1X197.3340Y-251.4749

G1X199.1370Y-252.3935

G1X201.1711Y-253.7821

G1X202.5998Y-255.0159

G1X203.0525Y-255.5614

G1X203.2093Y-256.0169

G1X203.1853Y-256.6892

G1X202.9707Y-257.4413

G1X202.5360Y-258.3508

G1X201.8372Y-259.3529

G1X199.7451Y-261.5502

G1X199.2606Y-262.3289

G1X199.0856Y-262.8805

G1X199.0589Y-263.2757

G1X199.1339Y-263.6361

G1X199.3723Y-264.0461

G1X199.6848Y-264.3392

G1X200.2353Y-264.6177

G1X202.5571Y-265.3383

G1X204.9077Y-266.2028

G1X205.9809Y-266.6844

G1X206.6640Y-267.1307

G1X207.9352Y-268.3250

G1X209.0867Y-269.1929

G1X210.1666Y-269.9054

G1X211.2340Y-270.4615

G1X212.7978Y-271.0970

G1X215.7216Y-272.1184

G1X221.0292Y-273.8263

G1X223.5694Y-274.9535

G1X225.3046Y-275.9706

G1X226.1966Y-276.7832

G1X226.8340Y-277.7937

G1X227.4388Y-279.3105

G1X227.7620Y-281.3211

G1X228.3274Y-282.3387

G1X229.1549Y-283.3358

G1X230.5354Y-284.7192

G1X233.1477Y-286.8018

G1X234.0737Y-287.6660

G1X235.0240Y-288.7585

G1X235.5770Y-289.5247

G1X235.9150Y-290.1983

G1X236.0442Y-290.8536

G1X235.9677Y-291.3742

G1X235.7501Y-291.8884

G1X235.3553Y-292.4779

G1X234.7731Y-293.1349

G1X233.6233Y-294.1686

G1X230.4531Y-296.0921

G1X228.4879Y-297.6535

G1X227.7355Y-298.4000

G1X227.1858Y-299.0835

G1X226.7504Y-299.8065

G1X226.3516Y-300.7266

G1X225.9907Y-301.8687

G1X225.7800Y-302.9621

G1X225.6960Y-304.0863

G1X225.7348Y-305.2827

G1X226.1183Y-307.5246

G1X227.0397Y-310.2041

G1X227.6577Y-312.5288

G1X227.7346Y-313.5011

G1X227.4875Y-314.2659

G1X226.9076Y-314.9206

G1X225.3966Y-316.1014

G1X223.3103Y-318.0336

G1X221.0816Y-319.7112

G1X219.6437Y-320.4884

G1X216.4114Y-321.5877

G1X215.1686Y-322.2524

G1X214.4254Y-322.7857

G1X213.9566Y-323.3606

G1X213.7940Y-323.8711

G1X213.8260Y-324.4729

G1X214.1402Y-326.0996

G1X214.1272Y-326.5773

G1X214.0124Y-326.9234

G1X213.6690Y-327.4926

G1X213.1917Y-327.9892

G1X212.5119Y-328.4717

G1X211.7082Y-328.8680

G1X210.7030Y-329.1712

G1X209.3530Y-329.4136

G1X207.1363Y-329.6466

G1X205.5573Y-329.7073

G1X204.2627Y-329.6489

G1X202.8946Y-329.4793

G1X199.6160Y-328.7994

G1X197.4564Y-328.1903

G1X195.5132Y-327.5238

G1X183.6352Y-322.9069

G1X172.7246Y-318.9337

G1X170.8286Y-318.4201

G1X169.2607Y-318.2939

G1X168.0006Y-317.6943

G1X167.6369Y-317.6449

G1X167.5921Y-317.9216

G1X167.8852Y-318.6169

G1X169.2580Y-320.8415

G1X178.9185Y-334.7124

G1X177.1329Y-335.7756

G1 Z0F20000

(Start Block)


G1X178.2169Y-337.2038
G1Z5F20000
(Plotting speed under)
G1 F4000


G1X177.0065Y-337.5763

G1X175.8467Y-337.6310

G1X174.6078Y-337.3658

G1X172.4016Y-336.6285

G1X166.7299Y-334.3862

G1X165.3260Y-333.6423

G1X163.8950Y-332.7633

G1X160.9242Y-330.5186

G1X160.0839Y-330.1914

G1X159.2388Y-330.1866

G1X158.6108Y-330.3667

G1X157.8777Y-330.9567

G1X157.5240Y-331.1495

G1X156.1037Y-331.1696

G1X155.4905Y-331.4307

G1X155.0366Y-331.8341

G1X154.4960Y-332.5158

G1X153.7015Y-334.2251

G1X153.4787Y-334.4670

G1X153.2103Y-334.5823

G1X151.8390Y-334.4534

G1X150.9180Y-334.5980

G1X150.0334Y-334.8790

G1X149.0763Y-335.5431

G1X148.6044Y-335.6553

G1X147.9370Y-335.3842

G1X145.5161Y-333.7223

G1X145.1738Y-333.6154

G1X144.9330Y-333.6591

G1X144.6609Y-333.8873

G1X144.3645Y-334.3582

G1X142.4676Y-338.3111

G1X142.1004Y-338.8652

G1X141.6397Y-339.3494

G1X140.2491Y-340.3479

G1X138.7504Y-341.2470

G1X137.1912Y-342.3129

G1X135.0416Y-343.3043

G1X133.3886Y-344.5096

G1X132.8549Y-344.7160

G1X132.1373Y-344.7761

G1X131.0468Y-344.5553

G1X130.0036Y-344.0231

G1X128.5921Y-342.8408

G1X127.8438Y-341.8402

G1X127.2312Y-340.2693

G1X126.6692Y-337.9844

G1X126.4764Y-336.7737

G1X126.1959Y-333.9356

G1X126.0264Y-333.0159

G1X125.6741Y-332.2699

G1X125.4566Y-332.0632

G1X125.1403Y-331.9151

G1X124.4491Y-331.8036

G1X123.8739Y-331.9116

G1X121.8351Y-332.7411

G1X120.9849Y-333.2775

G1X120.1870Y-334.0330

G1X119.1555Y-335.2006

G1X117.3689Y-337.3467

G1X115.0129Y-340.3735

G1X114.0825Y-341.4367

G1X112.4659Y-342.7923

G1X111.7607Y-343.1727

G1X111.2421Y-343.2826

G1X110.9443Y-343.2069

G1X110.7533Y-343.0240

G1X110.4464Y-342.1687

G1X110.1995Y-339.7763

G1X110.3581Y-336.9391

G1X110.3430Y-336.0212

G1X110.0796Y-335.1941

G1X109.8469Y-334.8960

G1X109.5538Y-334.7162

G1X108.9899Y-334.6552

G1X108.4169Y-334.8098

G1X105.8792Y-336.4619

G1X104.9426Y-336.7979

G1X104.0523Y-336.7725

G1X102.8370Y-336.5403

G1X101.5940Y-336.1816

G1X101.0506Y-336.1224

G1X97.0031Y-336.6913

G1X95.4429Y-336.7335

G1X94.7232Y-336.5524

G1X93.3105Y-335.9585

G1X90.8583Y-335.3231

G1X86.6065Y-333.4969

G1X82.4647Y-332.1260

G1X81.9414Y-331.8517

G1X81.0780Y-331.1215

G1X80.8006Y-330.7425

G1X80.6650Y-330.2559

G1X80.7028Y-329.7588

G1X80.9520Y-329.0138

G1X82.0471Y-326.9992

G1X84.0369Y-324.0625

G1X86.3494Y-321.1361

G1X91.0768Y-315.5812

G1X93.9371Y-312.4091

G1X97.8433Y-308.3661

G1X99.7190Y-306.2147

G1X100.4034Y-305.2980

G1X100.7660Y-304.6524

G1X100.8602Y-304.2125

G1X100.8044Y-303.4082

G1X100.9692Y-302.4469

G1X101.1382Y-301.9371

G1X101.4957Y-301.3256

G1X102.2720Y-300.3507

G1X103.3294Y-299.2474

G1X106.1758Y-296.8342

G1X106.7792Y-296.1245

G1X106.9813Y-295.7012

G1X106.9424Y-295.5071

G1X106.8359Y-295.4043

G1X106.2990Y-295.2797

G1X100.4823Y-295.3918

G1X99.4543Y-295.3038

G1X98.4607Y-295.0929

G1X97.1810Y-294.7010

G1X95.3030Y-293.9456

G1X91.6410Y-293.0627

G1X87.7990Y-292.0282

G1X83.8925Y-290.7758

G1X82.7647Y-290.3087

G1X82.0394Y-289.8717

G1X81.4768Y-289.3403

G1X81.0960Y-288.6933

G1X81.0188Y-288.0847

G1X81.5812Y-286.9257

G1X81.6278Y-286.4567

G1X81.2531Y-285.6752

G1X80.5321Y-284.6381

G1X79.6154Y-283.5190

G1X79.5150Y-283.0922

G1X79.7515Y-282.6277

G1X80.4885Y-281.9968

G1X81.6996Y-281.2749

G1X85.6642Y-279.6780

G1X87.9572Y-278.2147

G1X91.4885Y-276.2169

G1X91.9256Y-275.8998

G1X92.3185Y-275.4762

G1X92.5758Y-275.0380

G1X92.7500Y-274.4849

G1X92.6229Y-273.0794

G1X92.9013Y-271.8708

G1X92.7379Y-271.2291

G1X91.9074Y-269.8369

G1X90.3468Y-267.9134

G1X89.6404Y-266.7282

G1X89.1977Y-265.5346

G1X89.2698Y-264.1250

G1X88.9615Y-263.1168

G1X88.1012Y-261.4939

G1X86.0969Y-258.6710

G1X85.5251Y-257.4141

G1X85.1653Y-256.1327

G1X85.1121Y-255.5046

G1X85.1449Y-251.7683

G1X86.1721Y-248.2690

G1X86.2583Y-247.5500

G1X86.2508Y-246.0575

G1X86.3667Y-245.3575

G1X86.7337Y-244.3692

G1X87.2019Y-243.7132

G1X87.7705Y-243.3135

G1X90.7623Y-241.8724

G1X91.1931Y-241.4787

G1X91.8716Y-240.3588

G1X92.2029Y-239.9968

G1X93.0887Y-239.3395

G1X93.9157Y-239.0617

G1X94.9453Y-239.0711

G1X99.4580Y-239.6921

G1X100.0665Y-239.6027

G1X101.1569Y-239.1259

G1X101.8451Y-239.1109

G1X104.2104Y-239.6977

G1X106.4073Y-240.5034

G1X107.2703Y-240.6933

G1X107.9168Y-240.6578

G1X110.0261Y-240.2433

G1X110.6674Y-240.2650

G1X111.6520Y-240.5936

G1X113.6473Y-241.5475

G1X116.9988Y-243.4721

G1X118.1771Y-244.3187

G1X120.3444Y-246.2353

G1X121.6984Y-247.2576

G1X122.5694Y-247.7890

G1X123.5843Y-248.0674

G1X123.9837Y-248.2855

G1X125.8052Y-250.1590

G1X126.6363Y-250.7659

G1X126.9639Y-250.8474

G1X127.1497Y-250.6973

G1X127.2715Y-250.2211

G1X127.2430Y-247.0619

G1X127.3343Y-244.4382

G1X127.4675Y-243.2918

G1X127.6904Y-242.8275

G1X127.9209Y-242.7437

G1X128.1920Y-242.8095

G1X128.9827Y-243.3284

G1X129.4537Y-243.7811

G1X130.5009Y-245.0478

G1X131.3234Y-245.8577

G1X131.8038Y-246.1952

G1X132.1871Y-246.2182

G1X132.4807Y-246.0171

G1X132.8234Y-245.5871

G1X133.2501Y-244.9464

G1X133.9450Y-243.5556

G1X134.3406Y-243.1289

G1X134.7229Y-242.9715

G1X135.4133Y-242.9176

G1X136.4020Y-243.1839

G1X136.7791Y-243.1407

G1X137.9804Y-242.1707

G1X140.4623Y-240.6141

G1X141.1327Y-239.8906

G1X143.4694Y-236.7665

G1X144.2360Y-236.0057

G1X144.7924Y-235.6869

G1X145.7074Y-235.3673

G1X147.0227Y-235.1398

G1X147.7698Y-234.8952

G1X148.5711Y-234.5269

G1X149.2844Y-234.0608

G1X151.0798Y-232.4410

G1X153.4016Y-229.8753

G1X156.8530Y-225.3784

G1X161.6301Y-218.6179

G1X164.0042Y-215.8961

G1X164.9267Y-215.0206

G1X165.6208Y-214.5034

G1X166.2585Y-214.2381

G1X166.7634Y-214.2487

G1X167.2816Y-214.4950

G1X167.8100Y-214.9550

G1X168.3889Y-215.6750

G1X169.1613Y-217.5100

G1X169.8049Y-218.5642

G1X170.3580Y-219.2792

G1X170.9533Y-219.7180

G1X171.4016Y-219.8497

G1X172.1100Y-219.8772

G1X173.8204Y-219.7683

G1X175.6521Y-219.5435

G1X176.1858Y-219.6534

G1X176.6048Y-219.9562

G1X176.8954Y-220.3134

G1X177.1763Y-220.8512

G1X177.5149Y-222.1700

G1X177.5254Y-223.1095

G1X177.2713Y-226.0985

G1X177.3522Y-226.9386

G1X177.5660Y-227.7876

G1X177.8747Y-228.4835

G1X178.2903Y-229.1025

G1X179.8191Y-230.1209

G1X180.7240Y-231.3265

G1X181.1800Y-232.3610

G1X181.5402Y-234.2784

G1X181.7758Y-235.0588

G1X182.1634Y-236.0128

G1X182.5715Y-236.6670

G1X183.0814Y-237.1719

G1X183.9488Y-237.7472

G1X186.0854Y-238.7292

G1X186.9727Y-239.2497

G1X187.6333Y-239.7292

G1X188.1220Y-240.2251

G1X188.5636Y-240.8949

G1X189.0589Y-241.9048

G1X189.7987Y-243.9571

G1X191.1374Y-245.5337

G1X191.7387Y-247.6135

G1X192.2471Y-248.6199

G1X192.7725Y-249.2558

G1X193.4056Y-249.6925

G1X194.2574Y-250.0804

G1X195.4605Y-250.5177

G1X197.8801Y-251.1844

G1X199.9268Y-252.1092

G1X200.9612Y-252.7325

G1X201.8574Y-253.3902

G1X203.3990Y-254.7185

G1X203.8300Y-255.2506

G1X203.9888Y-255.7725

G1X203.9453Y-256.4618

G1X203.7134Y-257.2284

G1X203.3124Y-258.0493

G1X202.5979Y-259.0562

G1X200.3737Y-261.3363

G1X199.8047Y-262.2285

G1X199.6214Y-262.7636

G1X199.5820Y-263.2417

G1X199.6899Y-263.6719

G1X199.9489Y-264.0631

G1X200.2479Y-264.3035

G1X200.7484Y-264.5475

G1X202.8705Y-265.2462

G1X205.2676Y-266.1725

G1X206.2335Y-266.6218

G1X206.9149Y-267.0710

G1X208.1341Y-268.1980

G1X209.0013Y-268.8334

G1X210.2774Y-269.6507

G1X211.5735Y-270.2998

G1X214.6880Y-271.4014

G1X222.3338Y-273.6821

G1X225.1046Y-274.8310

G1X226.9905Y-275.8944

G1X227.9023Y-276.7401

G1X228.5104Y-277.7744

G1X229.0290Y-279.2199

G1X229.2343Y-281.2976

G1X229.8092Y-282.3780

G1X230.6218Y-283.3645

G1X231.9852Y-284.7337

G1X234.6889Y-286.8709

G1X235.6174Y-287.7307

G1X236.5983Y-288.8419

G1X237.1705Y-289.6215

G1X237.5137Y-290.3059

G1X237.6295Y-290.8886

G1X237.5609Y-291.3855

G1X237.3028Y-291.9600

G1X236.8226Y-292.6033

G1X236.2022Y-293.2288

G1X234.8225Y-294.3241

G1X231.2594Y-296.2203

G1X229.1065Y-297.7427

G1X228.3166Y-298.4440

G1X227.6825Y-299.1594

G1X227.1870Y-299.9464

G1X226.7988Y-300.8396

G1X226.4111Y-302.0594

G1X226.1983Y-303.1572

G1X226.1399Y-304.2944

G1X226.2345Y-305.3742

G1X226.4591Y-306.4803

G1X226.8219Y-307.7010

G1X228.1152Y-310.5587

G1X228.9662Y-312.9409

G1X229.1304Y-313.9915

G1X229.0704Y-314.4220

G1X228.9304Y-314.7571

G1X228.3628Y-315.4294

G1X226.8472Y-316.6377

G1X224.6636Y-318.7747

G1X222.4623Y-320.7333

G1X221.3392Y-321.4375

G1X218.7043Y-322.5976

G1X217.4626Y-323.3935

G1X216.7631Y-323.9763

G1X216.3751Y-324.5125

G1X216.2082Y-325.1219

G1X216.2661Y-325.7206

G1X216.6959Y-327.5584

G1X216.7009Y-328.0329

G1X216.6063Y-328.3850

G1X216.3033Y-328.9769

G1X215.7948Y-329.5664

G1X215.1372Y-330.0621

G1X214.3488Y-330.4616

G1X213.2647Y-330.7837

G1X211.9119Y-331.0070

G1X209.8742Y-331.1735

G1X208.1528Y-331.1990

G1X206.8047Y-331.1191

G1X205.3399Y-330.9259

G1X201.8268Y-330.1553

G1X199.3481Y-329.4302

G1X197.3063Y-328.7188

G1X184.0369Y-323.4247

G1X173.7394Y-319.6460

G1X171.4928Y-319.0222

G1X169.8254Y-318.9060

G1X168.4879Y-318.2666

G1X168.1458Y-318.2392

G1X168.1227Y-318.5391

G1X168.4371Y-319.2572

G1X169.9061Y-321.6140

G1X180.0099Y-336.0602

G1X178.2169Y-337.2038

G1 Z0F20000

(Start Block)


G1X179.3846Y-338.7423
G1Z5F20000
(Plotting speed under)
G1 F4000


G1X178.0967Y-339.2271

G1X176.9676Y-339.3303

G1X175.5293Y-339.0639

G1X172.9612Y-338.2679

G1X168.7719Y-336.7132

G1X166.9856Y-335.8329

G1X164.7349Y-334.4205

G1X162.2074Y-332.3667

G1X161.3803Y-331.8217

G1X160.4202Y-331.4971

G1X159.4710Y-331.5116

G1X159.0700Y-331.6397

G1X157.9966Y-332.2738

G1X156.5120Y-332.2150

G1X156.2255Y-332.2860

G1X155.8292Y-332.5326

G1X155.4072Y-332.9663

G1X154.9072Y-333.6843

G1X154.2112Y-335.4560

G1X153.8374Y-335.9252

G1X153.3796Y-336.0429

G1X152.2502Y-335.9367

G1X151.0698Y-336.1620

G1X150.3199Y-336.4353

G1X149.2134Y-337.1629

G1X148.9305Y-337.1896

G1X148.5275Y-337.0594

G1X145.7915Y-335.1273

G1X145.4519Y-334.9890

G1X145.1350Y-335.0274

G1X144.8661Y-335.2607

G1X144.5741Y-335.7396

G1X142.5611Y-340.2706

G1X142.1225Y-340.9378

G1X141.5351Y-341.5442

G1X140.1908Y-342.5400

G1X137.1794Y-344.2753

G1X134.9678Y-345.0630

G1X133.1147Y-346.2381

G1X132.6247Y-346.3620

G1X132.1014Y-346.3765

G1X130.7750Y-346.1284

G1X129.7272Y-345.7435

G1X128.1636Y-344.8810

G1X127.4678Y-344.2222

G1X126.8112Y-342.9103

G1X126.1662Y-340.7663

G1X125.9324Y-339.5634

G1X125.5649Y-336.4104

G1X125.3052Y-335.3969

G1X125.0448Y-334.9532

G1X124.7494Y-334.7005

G1X124.3443Y-334.5540

G1X123.5555Y-334.4603

G1X120.9610Y-335.2337

G1X120.3960Y-335.5228

G1X119.9123Y-335.8857

G1X118.8016Y-336.9923

G1X116.8012Y-339.3040

G1X114.1454Y-342.6754

G1X113.0802Y-343.8959

G1X112.1548Y-344.7365

G1X111.2937Y-345.3761

G1X110.6073Y-345.7330

G1X110.1026Y-345.8311

G1X109.8118Y-345.7532

G1X109.6241Y-345.5750

G1X109.4454Y-345.2196

G1X109.2972Y-344.6428

G1X109.0641Y-342.1263

G1X109.2686Y-339.0169

G1X109.2585Y-338.0937

G1X109.0035Y-337.2582

G1X108.7770Y-336.9534

G1X108.4915Y-336.7654

G1X107.9429Y-336.6895

G1X107.2685Y-336.8643

G1X104.5000Y-338.7209

G1X104.0354Y-338.9443

G1X103.4584Y-339.0856

G1X102.7580Y-339.0795

G1X101.5651Y-338.8377

G1X100.1411Y-338.3065

G1X99.5144Y-338.2005

G1X95.1849Y-338.6848

G1X93.8874Y-338.6960

G1X93.1728Y-338.5175

G1X91.6780Y-337.8901

G1X89.0398Y-337.2021

G1X84.4870Y-335.4467

G1X80.3155Y-334.1798

G1X79.6331Y-333.8354

G1X78.7102Y-333.0398

G1X78.4451Y-332.6504

G1X78.3208Y-332.1544

G1X78.3978Y-331.5107

G1X78.6426Y-330.8325

G1X79.8053Y-328.7081

G1X81.8657Y-325.6791

G1X84.3738Y-322.5256

G1X89.1444Y-316.9681

G1X92.3226Y-313.4881

G1X96.5781Y-309.1452

G1X98.6134Y-306.8381

G1X99.2892Y-305.9370

G1X99.6548Y-305.2877

G1X99.7468Y-304.8372

G1X99.6588Y-304.0254

G1X99.7807Y-303.0585

G1X99.9750Y-302.4363

G1X100.3174Y-301.8564

G1X101.1019Y-300.8584

G1X102.0903Y-299.8152

G1X105.0218Y-297.3188

G1X105.6914Y-296.5252

G1X105.8716Y-296.1192

G1X105.8274Y-295.9318

G1X105.6785Y-295.8081

G1X105.1180Y-295.7035

G1X99.4855Y-295.8334

G1X98.5339Y-295.7885

G1X97.7374Y-295.6571

G1X95.9865Y-295.0863

G1X94.1336Y-294.2315

G1X90.8654Y-293.3984

G1X86.1212Y-291.9891

G1X83.1487Y-290.9968

G1X81.7940Y-290.4671

G1X80.6881Y-289.7664

G1X80.0401Y-288.9618

G1X79.8607Y-288.2801

G1X79.9770Y-287.9126

G1X80.4807Y-286.9720

G1X80.5340Y-286.6946

G1X80.4613Y-286.3469

G1X80.1759Y-285.8430

G1X79.3150Y-284.7585

G1X78.2304Y-283.6817

G1X77.9421Y-283.2195

G1X77.9528Y-282.8507

G1X78.2058Y-282.4273

G1X78.6452Y-282.0058

G1X79.4190Y-281.4591

G1X80.4950Y-280.8707

G1X83.5467Y-279.6502

G1X86.4217Y-277.8946

G1X90.5095Y-275.8966

G1X91.4159Y-275.1970

G1X91.7659Y-274.7382

G1X91.9596Y-274.3236

G1X92.0100Y-273.9331

G1X91.9551Y-272.9227

G1X92.2113Y-271.8797

G1X92.1084Y-271.3060

G1X91.3696Y-270.1548

G1X90.6309Y-269.2416

G1X89.0074Y-267.4974

G1X88.1858Y-266.2501

G1X87.8874Y-265.6075

G1X87.7043Y-264.9763

G1X87.9159Y-263.5785

G1X87.8135Y-263.0140

G1X87.5630Y-262.2964

G1X86.8208Y-260.8656

G1X85.0226Y-258.3400

G1X84.3095Y-256.8022

G1X83.8807Y-255.1709

G1X83.8081Y-253.3358

G1X83.5478Y-251.1047

G1X83.6156Y-250.4915

G1X83.8155Y-249.7948

G1X84.9543Y-247.0633

G1X85.3038Y-244.9318

G1X85.7881Y-243.8989

G1X86.2256Y-243.3292

G1X86.6885Y-242.9533

G1X89.2778Y-241.8282

G1X90.1901Y-241.2344

G1X90.5453Y-240.6779

G1X91.0092Y-239.1148

G1X91.5368Y-238.2243

G1X91.9421Y-237.7659

G1X92.5421Y-237.4392

G1X93.3031Y-237.3383

G1X97.7928Y-237.5610

G1X98.3142Y-237.4284

G1X99.2078Y-237.0150

G1X99.8329Y-236.9452

G1X100.7573Y-237.1068

G1X102.0996Y-237.5216

G1X103.1837Y-237.9109

G1X105.2809Y-238.8380

G1X106.1082Y-239.0933

G1X107.0528Y-239.1700

G1X109.4925Y-239.0251

G1X110.3650Y-239.2075

G1X113.8106Y-240.7959

G1X116.7714Y-242.4604

G1X117.7579Y-243.1800

G1X119.7113Y-244.8594

G1X120.9174Y-245.7345

G1X121.9655Y-246.3568

G1X122.9599Y-246.6255

G1X123.4506Y-246.8966

G1X125.4158Y-249.0229

G1X126.3007Y-249.7425

G1X126.6830Y-249.8635

G1X126.8994Y-249.6433

G1X126.9860Y-249.2058

G1X126.9525Y-246.1357

G1X127.0443Y-243.3983

G1X127.1713Y-242.2271

G1X127.4105Y-241.7105

G1X127.6344Y-241.6360

G1X127.8976Y-241.7062

G1X128.8342Y-242.3987

G1X131.1595Y-245.2330

G1X131.6853Y-245.6989

G1X132.0454Y-245.8030

G1X132.3526Y-245.6621

G1X132.7022Y-245.2604

G1X133.1940Y-244.5126

G1X133.9077Y-243.0153

G1X134.1137Y-242.7390

G1X134.3925Y-242.5315

G1X134.8852Y-242.4009

G1X135.4792Y-242.4264

G1X136.4145Y-242.8776

G1X136.7862Y-242.9046

G1X137.9802Y-242.1879

G1X139.1110Y-241.7787

G1X140.3232Y-241.1916

G1X141.0648Y-240.4064

G1X143.4962Y-236.6870

G1X144.3296Y-235.6833

G1X144.9108Y-235.2319

G1X145.8170Y-234.7197

G1X147.4392Y-234.1073

G1X149.0644Y-233.2092

G1X150.4286Y-232.1042

G1X152.1114Y-230.4369

G1X153.8575Y-228.4897

G1X155.6219Y-226.2752

G1X158.1203Y-222.8969

G1X161.5092Y-217.9946

G1X163.4236Y-215.6221

G1X164.8463Y-214.0740

G1X165.9961Y-213.0560

G1X166.8162Y-212.6138

G1X167.1355Y-212.5614

G1X167.5188Y-212.6095

G1X168.0994Y-212.9284

G1X168.9200Y-213.7374

G1X169.2552Y-214.3417

G1X170.0402Y-216.2218

G1X170.9143Y-217.5759

G1X171.5449Y-218.1814

G1X172.0489Y-218.4007

G1X172.7187Y-218.4775

G1X176.6455Y-218.2468

G1X177.1956Y-218.4762

G1X177.6831Y-218.9860

G1X178.0880Y-219.7922

G1X178.3616Y-220.8706

G1X178.3914Y-221.8248

G1X178.2183Y-224.8141

G1X178.3900Y-225.7601

G1X178.6873Y-226.5139

G1X179.0252Y-227.0541

G1X179.4470Y-227.5389

G1X181.1654Y-228.4250

G1X181.7754Y-229.0504

G1X182.2321Y-229.7061

G1X182.6878Y-230.8228

G1X182.9989Y-232.9008

G1X183.4127Y-234.6443

G1X183.6904Y-235.3730

G1X184.0660Y-235.9752

G1X184.6004Y-236.5646

G1X185.2878Y-237.1474

G1X186.8321Y-238.0260

G1X188.0138Y-238.8591

G1X188.5400Y-239.3367

G1X188.9698Y-239.8960

G1X189.7402Y-241.4759

G1X190.3862Y-243.5111

G1X191.3976Y-244.7132

G1X191.6743Y-245.1521

G1X191.8202Y-245.6245

G1X192.0840Y-247.2710

G1X192.5147Y-248.3270

G1X192.9186Y-248.9212

G1X193.5196Y-249.4024

G1X194.4288Y-249.8190

G1X195.8318Y-250.2839

G1X198.4206Y-250.8993

G1X200.5960Y-251.7911

G1X201.5700Y-252.3363

G1X202.5071Y-252.9848

G1X204.1092Y-254.3023

G1X204.5860Y-254.8239

G1X204.7958Y-255.3500

G1X204.7899Y-256.0084

G1X204.5663Y-256.8405

G1X204.1296Y-257.7428

G1X203.3536Y-258.8024

G1X200.9860Y-261.1854

G1X200.3499Y-262.2134

G1X200.1813Y-262.7243

G1X200.1454Y-263.1852

G1X200.2469Y-263.6034

G1X200.4766Y-263.9673

G1X201.2069Y-264.4319

G1X203.2073Y-265.1473

G1X206.4055Y-266.5103

G1X207.1708Y-267.0101

G1X208.8588Y-268.4613

G1X210.2855Y-269.3454

G1X211.6411Y-270.0175

G1X214.4819Y-271.0008

G1X222.2451Y-273.1011

G1X224.2370Y-273.7416

G1X226.1970Y-274.5136

G1X227.6659Y-275.2138

G1X228.7104Y-275.8596

G1X229.4302Y-276.5138

G1X230.0280Y-277.4430

G1X230.5603Y-278.8457

G1X230.6662Y-279.4417

G1X230.7457Y-281.1572

G1X230.9200Y-281.6642

G1X231.2288Y-282.2038

G1X232.0769Y-283.2828

G1X233.4547Y-284.6866

G1X236.6078Y-287.2048

G1X237.9036Y-288.5562

G1X238.5980Y-289.4138

G1X239.0162Y-290.0969

G1X239.2373Y-290.7647

G1X239.2171Y-291.3293

G1X239.0011Y-291.8838

G1X238.6254Y-292.4288

G1X238.0462Y-293.0370

G1X237.1749Y-293.7696

G1X236.0257Y-294.5439

G1X232.4058Y-296.2741

G1X230.3115Y-297.5609

G1X229.3400Y-298.2759

G1X228.5946Y-298.9475

G1X228.0362Y-299.6127

G1X227.6082Y-300.3149

G1X227.0121Y-301.7649

G1X226.6716Y-303.0520

G1X226.5735Y-304.1839

G1X226.6980Y-305.4303

G1X226.9898Y-306.5844

G1X227.4941Y-307.9452

G1X229.0969Y-310.8808

G1X230.1971Y-313.3287

G1X230.4621Y-314.2847

G1X230.4198Y-315.0699

G1X230.2196Y-315.4887

G1X229.9146Y-315.8739

G1X228.3463Y-317.2906

G1X224.3221Y-321.6475

G1X223.3616Y-322.3650

G1X220.9469Y-323.6676

G1X219.6972Y-324.6119

G1X219.0575Y-325.2527

G1X218.7257Y-325.8412

G1X218.6306Y-326.4703

G1X218.7265Y-327.0743

G1X219.2011Y-328.8035

G1X219.2516Y-329.4751

G1X219.0664Y-330.1146

G1X218.6606Y-330.7907

G1X217.9131Y-331.4957

G1X216.8633Y-332.0596

G1X215.5861Y-332.4088

G1X213.9921Y-332.6199

G1X211.8175Y-332.7166

G1X209.7565Y-332.6383

G1X207.7978Y-332.3875

G1X205.6180Y-331.9338

G1X202.4814Y-331.0721

G1X199.2727Y-329.9846

G1X185.5034Y-324.3345

G1X177.9221Y-321.4638

G1X173.3787Y-319.8989

G1X171.7413Y-319.5612

G1X170.4055Y-319.5351

G1X169.0676Y-318.8846

G1X168.7020Y-318.8245

G1X168.6439Y-319.0781

G1X168.9065Y-319.7287

G1X170.5222Y-322.3302

G1X173.9557Y-327.3072

G1X181.1871Y-337.5141

G1X179.3846Y-338.7423

G1 Z0F20000

(Start Block)


G1X180.6214Y-340.3719
G1Z5F20000
(Plotting speed under)
G1 F4000


G1X179.7312Y-340.8076

G1X179.0553Y-341.0349

G1X178.3232Y-341.1276

G1X177.5704Y-341.0752

G1X174.8213Y-340.4256

G1X170.5837Y-338.9531

G1X168.8034Y-338.1654

G1X166.6598Y-336.8869

G1X165.4659Y-336.0491

G1X163.0724Y-334.0292

G1X162.1603Y-333.3903

G1X161.0748Y-332.9607

G1X159.9954Y-332.9006

G1X159.6048Y-333.0178

G1X158.5348Y-333.5542

G1X157.0802Y-333.4570

G1X156.5427Y-333.6113

G1X155.9687Y-334.0994

G1X155.3976Y-334.8880

G1X154.6426Y-336.7978

G1X154.2630Y-337.2919

G1X153.7986Y-337.4309

G1X152.6528Y-337.3694

G1X151.4512Y-337.6440

G1X150.6853Y-337.9459

G1X149.9101Y-338.5283

G1X149.5505Y-338.7097

G1X149.1810Y-338.7321

G1X148.6738Y-338.5255

G1X145.9598Y-336.6885

G1X145.6178Y-336.6047

G1X145.3773Y-336.6685

G1X145.0711Y-336.9689

G1X144.7939Y-337.4606

G1X142.7249Y-342.2912

G1X142.2243Y-343.0588

G1X141.6400Y-343.6710

G1X140.1982Y-344.7381

G1X137.5419Y-346.1001

G1X136.6887Y-346.4342

G1X134.8939Y-346.8248

G1X133.2705Y-347.7399

G1X132.6182Y-347.9361

G1X131.6059Y-347.8809

G1X129.6197Y-347.4094

G1X127.7348Y-346.7273

G1X127.2959Y-346.4579

G1X126.9706Y-346.1251

G1X126.3382Y-345.0407

G1X125.7539Y-343.5031

G1X125.4132Y-342.1866

G1X124.8811Y-338.7985

G1X124.6547Y-338.1499

G1X124.2908Y-337.6626

G1X123.7903Y-337.4123

G1X122.7806Y-337.2784

G1X120.0625Y-337.8805

G1X119.1100Y-338.3903

G1X117.7597Y-339.6605

G1X115.7176Y-341.9415

G1X113.0517Y-345.2597

G1X111.9185Y-346.4949

G1X110.2013Y-347.8593

G1X109.5132Y-348.2074

G1X109.0047Y-348.3033

G1X108.7096Y-348.2269

G1X108.4747Y-347.9959

G1X108.1480Y-347.0443

G1X107.8916Y-344.4530

G1X108.0831Y-341.3757

G1X108.0694Y-340.3673

G1X107.8068Y-339.5077

G1X107.5746Y-339.1831

G1X107.2827Y-338.9768

G1X106.7227Y-338.8769

G1X106.0348Y-339.0343

G1X103.2140Y-340.8657

G1X102.7404Y-341.0826

G1X102.1515Y-341.2120

G1X101.4359Y-341.1871

G1X100.2230Y-340.9058

G1X98.8453Y-340.3341

G1X98.1377Y-340.1812

G1X97.2908Y-340.2064

G1X93.5561Y-340.6147

G1X92.3730Y-340.6065

G1X91.6634Y-340.4310

G1X90.0856Y-339.7744

G1X87.3632Y-339.0659

G1X83.1154Y-337.5641

G1X78.0187Y-336.1649

G1X77.3283Y-335.8253

G1X76.3303Y-334.9681

G1X76.0393Y-334.4789

G1X75.9600Y-333.9487

G1X76.0435Y-333.4170

G1X76.3159Y-332.6729

G1X77.5311Y-330.4695

G1X79.6565Y-327.3577

G1X82.2949Y-324.0546

G1X87.2692Y-318.2979

G1X90.7082Y-314.5617

G1X95.2271Y-309.9817

G1X97.4198Y-307.5156

G1X98.1322Y-306.5632

G1X98.5014Y-305.8615

G1X98.5590Y-305.4447

G1X98.4572Y-304.6670

G1X98.5567Y-303.5971

G1X98.7097Y-303.0701

G1X99.0847Y-302.4106

G1X99.8006Y-301.4738

G1X100.7796Y-300.4140

G1X103.6830Y-297.9152

G1X104.3217Y-297.1735

G1X104.5933Y-296.6702

G1X104.5837Y-296.4743

G1X104.4527Y-296.3190

G1X103.8447Y-296.1783

G1X98.1927Y-296.2484

G1X97.2481Y-296.1896

G1X96.4670Y-296.0414

G1X94.7718Y-295.4215

G1X92.9716Y-294.5156

G1X89.7764Y-293.6742

G1X85.2018Y-292.2327

G1X81.9674Y-291.1059

G1X80.6326Y-290.5585

G1X80.0013Y-290.1914

G1X79.4691Y-289.7498

G1X79.0820Y-289.2808

G1X78.8420Y-288.7955

G1X78.7682Y-288.4597

G1X78.8140Y-288.1823

G1X79.4253Y-286.9411

G1X79.4359Y-286.6608

G1X79.2788Y-286.2473

G1X77.9879Y-284.7179

G1X76.6735Y-283.5553

G1X76.3822Y-283.0468

G1X76.4612Y-282.5982

G1X76.7726Y-282.1441

G1X77.3453Y-281.6222

G1X78.1910Y-281.0335

G1X81.6412Y-279.5102

G1X83.8025Y-278.1489

G1X85.0717Y-277.4896

G1X86.9696Y-276.6338

G1X89.6355Y-275.5647

G1X90.7246Y-274.8186

G1X91.0932Y-274.4107

G1X91.3132Y-273.9879

G1X91.4013Y-272.7928

G1X91.6446Y-271.8363

G1X91.5414Y-271.2260

G1X91.0499Y-270.4626

G1X90.0085Y-269.2635

G1X87.6996Y-266.9420

G1X86.7609Y-265.5947

G1X86.2822Y-264.4504

G1X86.2717Y-264.0424

G1X86.4598Y-262.8730

G1X86.1054Y-261.5958

G1X85.4405Y-260.2466

G1X83.6775Y-257.6927

G1X83.0997Y-256.4628

G1X82.5625Y-254.5851

G1X82.4303Y-252.5595

G1X82.0870Y-250.2171

G1X82.1562Y-249.5039

G1X82.3785Y-248.7219

G1X82.7960Y-247.6937

G1X83.6375Y-246.1480

G1X84.0990Y-244.3910

G1X84.4464Y-243.6862

G1X84.9816Y-242.9662

G1X85.6654Y-242.3808

G1X87.7000Y-241.6094

G1X88.8901Y-240.9830

G1X89.4028Y-240.5303

G1X89.6799Y-239.9391

G1X89.8732Y-238.2544

G1X90.1530Y-237.2463

G1X90.4571Y-236.4744

G1X90.8051Y-236.0193

G1X91.3608Y-235.7127

G1X92.1621Y-235.5444

G1X93.5320Y-235.4024

G1X95.8735Y-235.3373

G1X97.2686Y-234.7684

G1X98.0046Y-234.6949

G1X99.0717Y-234.9271

G1X100.7801Y-235.5477

G1X101.8267Y-235.9918

G1X104.1013Y-237.1338

G1X105.0407Y-237.4891

G1X105.8854Y-237.6712

G1X107.2177Y-237.8188

G1X108.8079Y-237.8740

G1X109.5853Y-238.0683

G1X112.8620Y-239.5693

G1X115.7409Y-241.0617

G1X116.9600Y-241.8397

G1X119.0583Y-243.5510

G1X120.3517Y-244.4453

G1X121.4181Y-245.0478

G1X122.7450Y-245.4718

G1X123.3569Y-245.9861

G1X125.0616Y-247.8857

G1X125.9207Y-248.5974

G1X126.1753Y-248.7293

G1X126.3899Y-248.7266

G1X126.5742Y-248.4973

G1X126.6676Y-247.9326

G1X126.6565Y-244.9808

G1X126.8100Y-241.9362

G1X126.9548Y-241.0760

G1X127.1630Y-240.7243

G1X127.3805Y-240.6580

G1X127.7252Y-240.7722

G1X128.6418Y-241.5047

G1X131.1404Y-244.7081

G1X131.6287Y-245.1717

G1X131.9729Y-245.3043

G1X132.2900Y-245.2043

G1X132.6498Y-244.8462

G1X133.1526Y-244.1389

G1X133.9262Y-242.5740

G1X134.1754Y-242.2968

G1X134.4624Y-242.1245

G1X134.8621Y-242.0332

G1X135.4617Y-242.0787

G1X136.4082Y-242.6473

G1X136.7901Y-242.7337

G1X137.9795Y-242.2533

G1X138.9836Y-242.0921

G1X139.7326Y-241.8632

G1X140.3667Y-241.5393

G1X141.1285Y-240.6408

G1X143.5516Y-236.5865

G1X144.4002Y-235.4437

G1X145.0035Y-234.8704

G1X145.9980Y-234.1200

G1X147.6287Y-233.2053

G1X149.3552Y-232.0515

G1X150.6291Y-230.9701

G1X151.9367Y-229.6928

G1X153.9127Y-227.5405

G1X155.8499Y-225.1454

G1X158.5691Y-221.4843

G1X162.0427Y-216.4678

G1X164.0294Y-214.0030

G1X165.4614Y-212.4431

G1X166.6250Y-211.4023

G1X167.5062Y-210.9130

G1X168.2054Y-210.8920

G1X168.8629Y-211.2436

G1X169.6728Y-212.0415

G1X170.0064Y-212.6374

G1X170.8199Y-214.6107

G1X171.6648Y-215.9773

G1X172.3385Y-216.6701

G1X172.8396Y-216.9060

G1X173.5138Y-217.0046

G1X175.2848Y-216.9963

G1X176.8852Y-216.8354

G1X177.4749Y-216.8599

G1X178.0333Y-217.1001

G1X178.5831Y-217.7027

G1X178.9836Y-218.5441

G1X179.2516Y-219.6058

G1X179.2866Y-220.4712

G1X179.1684Y-223.2442

G1X179.2706Y-223.9111

G1X179.5324Y-224.6512

G1X179.9470Y-225.3105

G1X180.5274Y-225.9118

G1X180.9622Y-226.1596

G1X182.0561Y-226.5151

G1X182.5040Y-226.7386

G1X183.1644Y-227.3368

G1X183.7108Y-228.0774

G1X183.9910Y-228.6593

G1X184.1439Y-229.1942

G1X184.6808Y-233.1874

G1X184.8765Y-234.0315

G1X185.1389Y-234.6966

G1X185.5371Y-235.3993

G1X186.1362Y-236.1791

G1X188.7122Y-238.3764

G1X189.1959Y-238.9018

G1X189.5947Y-239.4992

G1X190.2998Y-241.0241

G1X190.9192Y-243.1066

G1X191.9242Y-244.3636

G1X192.1764Y-244.7953

G1X192.3237Y-245.3575

G1X192.5354Y-246.9751

G1X192.9268Y-248.0042

G1X193.2932Y-248.5872

G1X193.8730Y-249.0888

G1X194.8757Y-249.5535

G1X196.2939Y-250.0097

G1X199.0529Y-250.6394

G1X201.4094Y-251.5723

G1X203.3339Y-252.7273

G1X204.9636Y-253.9814

G1X205.4929Y-254.5601

G1X205.6689Y-255.0655

G1X205.6372Y-255.8277

G1X205.4114Y-256.5862

G1X204.9470Y-257.5061

G1X204.1682Y-258.5244

G1X201.7305Y-260.9364

G1X201.0117Y-262.0580

G1X200.8057Y-262.6539

G1X200.7682Y-263.1015

G1X200.8592Y-263.5109

G1X201.0671Y-263.8573

G1X201.8109Y-264.3451

G1X203.5755Y-265.0391

G1X206.6650Y-266.4399

G1X207.4157Y-266.9349

G1X209.0772Y-268.3332

G1X210.4412Y-269.1283

G1X211.7561Y-269.7552

G1X213.0583Y-270.2462

G1X214.7775Y-270.7614

G1X223.2885Y-272.8983

G1X225.3531Y-273.5097

G1X227.4511Y-274.2914

G1X229.0430Y-275.0125

G1X230.2542Y-275.7321

G1X230.9985Y-276.3923

G1X231.6176Y-277.3366

G1X232.1670Y-278.7599

G1X232.2787Y-279.3456

G1X232.3746Y-281.1316

G1X232.5483Y-281.6301

G1X232.9018Y-282.2413

G1X233.7473Y-283.3114

G1X235.1013Y-284.7036

G1X238.2051Y-287.2113

G1X239.4874Y-288.5513

G1X240.1966Y-289.4221

G1X240.6756Y-290.2031

G1X240.8747Y-290.7974

G1X240.8708Y-291.3682

G1X240.6259Y-291.9953

G1X240.1068Y-292.6860

G1X239.3090Y-293.4288

G1X238.1312Y-294.3031

G1X236.8590Y-294.9900

G1X233.2085Y-296.6161

G1X231.3185Y-297.6953

G1X230.0045Y-298.5765

G1X228.7753Y-299.7211

G1X228.2887Y-300.3936

G1X227.8682Y-301.1656

G1X227.3162Y-302.5335

G1X227.0604Y-303.6943

G1X227.0476Y-304.7939

G1X227.2766Y-306.0239

G1X227.6446Y-307.1177

G1X228.1149Y-308.1744

G1X229.9665Y-311.1575

G1X231.3731Y-313.7729

G1X231.7567Y-314.8515

G1X231.7632Y-315.6327

G1X231.5895Y-316.0842

G1X231.3122Y-316.5031

G1X230.1039Y-317.8357

G1X226.4334Y-322.5727

G1X225.5243Y-323.3574

G1X223.1811Y-324.8279

G1X221.9479Y-325.9049

G1X221.3898Y-326.5839

G1X221.1209Y-327.2035

G1X221.0821Y-327.8306

G1X221.6680Y-330.0340

G1X221.7688Y-330.8078

G1X221.5945Y-331.5379

G1X221.1560Y-332.3069

G1X220.4196Y-333.0159

G1X219.3815Y-333.5785

G1X218.1269Y-333.9247

G1X216.4389Y-334.1394

G1X214.2527Y-334.2040

G1X212.1217Y-334.0902

G1X210.0881Y-333.8090

G1X207.8518Y-333.3241

G1X204.4529Y-332.3564

G1X200.8516Y-331.1021

G1X186.5296Y-325.0618

G1X179.1429Y-322.1954

G1X174.0938Y-320.4846

G1X172.4627Y-320.1664

G1X171.0027Y-320.1828

G1X169.5870Y-319.4911

G1X169.2414Y-319.4520

G1X169.2052Y-319.7298

G1X169.4921Y-320.4076

G1X171.2169Y-323.1551

G1X174.8729Y-328.4256

G1X182.4344Y-339.0545

G1X180.6214Y-340.3719

G1 Z0F20000

(Start Block)


G1X181.8181Y-341.9486
G1Z5F20000
(Plotting speed under)
G1 F4000


G1X180.8549Y-342.5004

G1X180.1848Y-342.7670

G1X179.5644Y-342.8781

G1X178.7206Y-342.8587

G1X175.9732Y-342.3024

G1X172.0151Y-340.9796

G1X170.1451Y-340.1881

G1X167.8194Y-338.8287

G1X166.4426Y-337.8672

G1X163.9080Y-335.7247

G1X162.8838Y-335.0094

G1X161.7410Y-334.5257

G1X160.5682Y-334.4102

G1X159.1515Y-335.0213

G1X157.6680Y-334.9585

G1X157.0138Y-335.1507

G1X156.4528Y-335.5723

G1X155.8686Y-336.2406

G1X155.0369Y-337.9632

G1X154.6211Y-338.4425

G1X154.1446Y-338.5792

G1X152.9881Y-338.5621

G1X152.0259Y-338.8222

G1X151.0992Y-339.2059

G1X150.1824Y-339.9036

G1X149.7437Y-340.1112

G1X149.3857Y-340.1120

G1X148.9351Y-339.9417

G1X146.3182Y-338.4215

G1X145.9675Y-338.3422

G1X145.7187Y-338.3963

G1X145.3924Y-338.6878

G1X145.0777Y-339.2345

G1X142.8577Y-344.5217

G1X142.2819Y-345.3745

G1X141.5753Y-346.0808

G1X140.2032Y-347.0360

G1X137.9276Y-347.9901

G1X136.7640Y-348.3368

G1X134.8225Y-348.5283

G1X133.2874Y-349.2001

G1X132.7149Y-349.3643

G1X131.7861Y-349.3213

G1X127.4668Y-348.4513

G1X126.9987Y-348.2811

G1X126.6484Y-348.0300

G1X125.9433Y-347.1165

G1X125.2738Y-345.7564

G1X124.9099Y-344.6846

G1X124.2289Y-341.5552

G1X123.9796Y-341.0075

G1X123.5750Y-340.5853

G1X123.0301Y-340.3855

G1X121.8820Y-340.2720

G1X118.9719Y-340.7065

G1X118.0189Y-341.2249

G1X116.6141Y-342.5164

G1X114.7552Y-344.5132

G1X112.0514Y-347.7791

G1X110.8973Y-349.0010

G1X109.9436Y-349.8010

G1X109.0846Y-350.3979

G1X108.3969Y-350.7319

G1X107.8861Y-350.8222

G1X107.5872Y-350.7461

G1X107.3456Y-350.5218

G1X107.1286Y-350.0800

G1X106.9746Y-349.4965

G1X106.6888Y-346.9312

G1X106.8593Y-343.7435

G1X106.8370Y-342.7316

G1X106.5272Y-341.7655

G1X106.2922Y-341.4508

G1X105.9208Y-341.2077

G1X105.3505Y-341.1242

G1X104.7774Y-341.2463

G1X101.9482Y-342.9771

G1X101.4717Y-343.1772

G1X100.8997Y-343.2831

G1X100.1993Y-343.2416

G1X98.9200Y-342.9059

G1X97.5168Y-342.2810

G1X96.7956Y-342.1075

G1X95.9338Y-342.1144

G1X92.0712Y-342.4859

G1X90.8976Y-342.4679

G1X90.1026Y-342.2571

G1X88.5485Y-341.5932

G1X85.9623Y-340.9022

G1X82.7724Y-339.8388

G1X75.8855Y-338.1243

G1X75.0905Y-337.7570

G1X74.0191Y-336.8387

G1X73.7403Y-336.3399

G1X73.6702Y-335.8027

G1X73.7745Y-335.2072

G1X74.0570Y-334.4593

G1X75.3234Y-332.1792

G1X77.4563Y-329.0618

G1X80.2064Y-325.6214

G1X85.3224Y-319.7200

G1X89.0971Y-315.6329

G1X93.8963Y-310.7803

G1X96.3145Y-308.0668

G1X97.0306Y-307.0828

G1X97.3253Y-306.4534

G1X97.3615Y-306.0612

G1X97.2567Y-305.3083

G1X97.3172Y-304.1383

G1X97.4746Y-303.5976

G1X97.7778Y-303.0491

G1X98.4667Y-302.1048

G1X99.4248Y-301.0330

G1X102.3677Y-298.4368

G1X103.0213Y-297.6353

G1X103.2273Y-297.2108

G1X103.2219Y-297.0050

G1X103.0983Y-296.8389

G1X102.4848Y-296.6729

G1X96.9510Y-296.6199

G1X95.4151Y-296.4002

G1X93.6752Y-295.7240

G1X91.9460Y-294.8159

G1X88.8977Y-294.0059

G1X86.7104Y-293.3135

G1X82.9648Y-292.0255

G1X79.5893Y-290.6861

G1X78.9574Y-290.3106

G1X78.3327Y-289.7834

G1X77.9460Y-289.3041

G1X77.7069Y-288.8101

G1X77.6853Y-288.2700

G1X78.2590Y-287.0078

G1X78.2598Y-286.7224

G1X78.0986Y-286.3193

G1X77.7526Y-285.8442

G1X76.7320Y-284.7466

G1X75.3034Y-283.5323

G1X74.9800Y-283.0311

G1X75.0055Y-282.5572

G1X75.3285Y-281.9900

G1X75.9649Y-281.3554

G1X76.7060Y-280.8106

G1X79.6095Y-279.4108

G1X81.7157Y-278.0512

G1X82.8609Y-277.4605

G1X85.3049Y-276.4596

G1X87.9959Y-275.5680

G1X89.1386Y-275.0704

G1X90.3120Y-274.3043

G1X90.6264Y-273.9481

G1X90.7999Y-273.5736

G1X91.2244Y-271.7286

G1X91.1947Y-271.4078

G1X91.0025Y-270.9737

G1X90.4374Y-270.2502

G1X89.1973Y-268.9745

G1X86.5406Y-266.4970

G1X85.5965Y-265.2842

G1X85.0399Y-264.2877

G1X84.8727Y-263.6346

G1X85.0210Y-262.2829

G1X84.6159Y-260.7954

G1X84.0054Y-259.5509

G1X82.2190Y-256.9285

G1X81.7560Y-255.9491

G1X81.3840Y-254.8929

G1X81.1092Y-253.7358

G1X80.9734Y-251.7385

G1X80.5838Y-249.3044

G1X80.7247Y-248.1994

G1X81.1607Y-246.9984

G1X82.2335Y-245.2952

G1X82.9287Y-243.5550

G1X83.4982Y-242.7192

G1X84.0774Y-242.1391

G1X84.6748Y-241.7102

G1X86.8984Y-240.9291

G1X87.9995Y-240.3334

G1X88.5625Y-239.7787

G1X88.7850Y-239.0823

G1X88.7693Y-237.1640

G1X88.9581Y-235.4660

G1X89.1665Y-234.7004

G1X89.5409Y-234.1769

G1X90.0466Y-233.8537

G1X90.7496Y-233.5931

G1X91.8486Y-233.2916

G1X93.9569Y-232.9700

G1X95.4303Y-232.3485

G1X96.1695Y-232.3494

G1X97.3237Y-232.6754

G1X99.8926Y-233.7892

G1X102.8058Y-235.3995

G1X103.7610Y-235.8456

G1X105.4353Y-236.3253

G1X108.5192Y-236.8002

G1X109.6173Y-237.2417

G1X111.9621Y-238.4032

G1X116.0588Y-240.5806

G1X118.5990Y-242.4550

G1X120.0376Y-243.3584

G1X120.8919Y-243.8015

G1X121.8997Y-244.0813

G1X122.3811Y-244.3117

G1X122.8984Y-244.7445

G1X124.5773Y-246.5033

G1X125.4487Y-247.1727

G1X125.7101Y-247.2977

G1X125.9343Y-247.2983

G1X126.1361Y-247.0860

G1X126.2578Y-246.5062

G1X126.3371Y-243.8797

G1X126.5994Y-240.9821

G1X126.7769Y-240.2544

G1X127.0453Y-239.9622

G1X127.2695Y-239.9525

G1X127.6104Y-240.0995

G1X128.5544Y-240.8820

G1X131.0824Y-244.1739

G1X131.5600Y-244.6529

G1X131.9082Y-244.8182

G1X132.2574Y-244.7536

G1X132.7321Y-244.3327

G1X133.1688Y-243.7576

G1X133.9053Y-242.3397

G1X134.1569Y-242.0674

G1X134.5442Y-241.8467

G1X134.9477Y-241.7653

G1X135.4416Y-241.8035

G1X136.4208Y-242.4160

G1X136.8864Y-242.5282

G1X137.9794Y-242.2562

G1X139.2793Y-242.2704

G1X139.9791Y-242.1057

G1X140.4356Y-241.8306

G1X141.1884Y-240.8442

G1X143.7941Y-236.2357

G1X144.6528Y-235.0834

G1X146.2134Y-233.5678

G1X149.2126Y-231.1347

G1X151.0910Y-229.4655

G1X152.3995Y-228.1864

G1X154.2136Y-226.2366

G1X155.7858Y-224.3399

G1X157.8820Y-221.5755

G1X163.0055Y-214.3447

G1X165.5553Y-211.3525

G1X166.7143Y-210.2078

G1X167.6742Y-209.4718

G1X168.4212Y-209.1776

G1X169.0132Y-209.2204

G1X169.6800Y-209.5956

G1X170.4915Y-210.3893

G1X170.8218Y-210.9822

G1X171.6434Y-212.9088

G1X172.5878Y-214.4391

G1X173.2611Y-215.1073

G1X173.7764Y-215.3362

G1X174.4646Y-215.4401

G1X176.2446Y-215.4815

G1X177.7532Y-215.3615

G1X178.3479Y-215.4000

G1X178.9080Y-215.6515

G1X179.4501Y-216.2457

G1X179.8545Y-217.0618

G1X180.1670Y-218.2061

G1X180.2158Y-219.0939

G1X180.1483Y-221.7073

G1X180.2198Y-222.2204

G1X180.4471Y-222.8844

G1X180.9391Y-223.6325

G1X181.7158Y-224.3092

G1X182.2742Y-224.5434

G1X183.5221Y-224.8336

G1X184.1275Y-225.1616

G1X184.7768Y-225.7612

G1X185.2937Y-226.5180

G1X185.5271Y-227.0799

G1X185.6520Y-227.6445

G1X186.0666Y-232.2450

G1X186.2364Y-233.1122

G1X186.5226Y-233.9986

G1X187.2827Y-235.4953

G1X189.5114Y-238.2197

G1X190.3516Y-239.5947

G1X190.8565Y-240.6999

G1X191.5121Y-242.6566

G1X192.5114Y-243.9396

G1X192.7575Y-244.3823

G1X192.8966Y-244.9573

G1X193.0842Y-246.6094

G1X193.4356Y-247.5596

G1X193.8513Y-248.2365

G1X194.4239Y-248.7359

G1X195.3862Y-249.1938

G1X196.8736Y-249.6881

G1X199.5986Y-250.3468

G1X202.1702Y-251.3653

G1X204.1977Y-252.5400

G1X205.8280Y-253.7045

G1X206.3656Y-254.2883

G1X206.5350Y-254.8701

G1X206.4916Y-255.5638

G1X206.2577Y-256.3333

G1X205.8403Y-257.1602

G1X205.0569Y-258.1897

G1X202.5107Y-260.7089

G1X201.7584Y-261.8696

G1X201.5333Y-262.4567

G1X201.4661Y-262.9872

G1X201.5675Y-263.4691

G1X201.7836Y-263.7996

G1X202.4856Y-264.2776

G1X206.8309Y-266.3922

G1X207.5048Y-266.8346

G1X209.2294Y-268.2186

G1X210.5235Y-268.9238

G1X211.7810Y-269.4931

G1X213.2677Y-270.0352

G1X214.9218Y-270.5104

G1X224.3247Y-272.7276

G1X226.5885Y-273.3657

G1X228.7941Y-274.1642

G1X230.4697Y-274.9107

G1X231.7452Y-275.6595

G1X232.5786Y-276.4049

G1X233.1387Y-277.2272

G1X233.7801Y-278.6771

G1X233.9342Y-279.2713

G1X234.1307Y-280.9840

G1X234.3039Y-281.4910

G1X234.6724Y-282.1370

G1X235.5128Y-283.2273

G1X236.9842Y-284.7900

G1X239.6564Y-287.0544

G1X240.5359Y-287.9370

G1X241.5407Y-289.1590

G1X242.0754Y-289.9537

G1X242.3758Y-290.6496

G1X242.4344Y-291.3231

G1X242.1938Y-292.0224

G1X241.6300Y-292.7827

G1X240.7446Y-293.5897

G1X239.6182Y-294.4021

G1X238.1957Y-295.1485

G1X234.2710Y-296.8181

G1X231.8924Y-298.0874

G1X230.4612Y-299.0137

G1X229.6903Y-299.6747

G1X229.0570Y-300.3984

G1X228.5232Y-301.2211

G1X228.0461Y-302.1761

G1X227.6514Y-303.3163

G1X227.5117Y-304.3082

G1X227.5945Y-305.4473

G1X227.9178Y-306.6742

G1X228.7754Y-308.5476

G1X230.6416Y-311.3043

G1X232.4876Y-314.3050

G1X232.9578Y-315.4319

G1X233.0040Y-316.2613

G1X232.6490Y-317.1832

G1X231.8689Y-318.3828

G1X230.4587Y-320.8808

G1X228.7815Y-323.4952

G1X227.8806Y-324.4390

G1X225.7237Y-326.0459

G1X224.4769Y-327.2819

G1X223.9536Y-328.0093

G1X223.7083Y-328.6657

G1X223.6822Y-329.2059

G1X224.1870Y-331.4229

G1X224.2555Y-332.2009

G1X224.0600Y-332.9258

G1X223.6179Y-333.6897

G1X222.8038Y-334.4630

G1X221.8334Y-334.9791

G1X220.5074Y-335.3428

G1X218.8289Y-335.5455

G1X216.6883Y-335.5857

G1X214.5002Y-335.4476

G1X212.2980Y-335.1311

G1X209.9803Y-334.6204

G1X206.2106Y-333.5224

G1X202.2028Y-332.0959

G1X186.8123Y-325.4781

G1X179.2702Y-322.5001

G1X174.5428Y-320.9372

G1X173.0408Y-320.7084

G1X171.6128Y-320.8447

G1X170.2196Y-320.1693

G1X169.8567Y-320.1056

G1X169.7847Y-320.2086

G1X169.8104Y-320.4323

G1X170.1202Y-321.1359

G1X171.8506Y-323.8788

G1X175.6832Y-329.3897

G1X183.6306Y-340.5318

G1X181.8181Y-341.9486

G1 Z0F20000

(Start Block)


G1X182.9578Y-343.4501
G1Z5F20000
(Plotting speed under)
G1 F4000


G1X181.9759Y-344.1119

G1X181.3480Y-344.4172

G1X180.6715Y-344.5735

G1X179.9236Y-344.5898

G1X178.7995Y-344.4614

G1X177.2861Y-344.1593

G1X173.8932Y-343.0763

G1X171.5513Y-342.1592

G1X169.1265Y-340.8265

G1X167.4872Y-339.7311

G1X164.6500Y-337.3951

G1X163.5570Y-336.6727

G1X162.3730Y-336.1632

G1X161.3107Y-336.0198

G1X160.9183Y-336.1353

G1X159.8446Y-336.6703

G1X158.2329Y-336.7211

G1X157.3886Y-336.9831

G1X156.2924Y-337.7204

G1X155.4149Y-338.9206

G1X154.9961Y-339.3098

G1X154.5139Y-339.4567

G1X153.2493Y-339.4915

G1X152.5710Y-339.7058

G1X151.3654Y-340.2975

G1X150.4402Y-341.0477

G1X149.9985Y-341.2897

G1X149.6326Y-341.3300

G1X149.2588Y-341.2444

G1X146.6321Y-340.1725

G1X146.2630Y-340.1528

G1X146.0000Y-340.2536

G1X145.6798Y-340.5804

G1X145.3751Y-341.1239

G1X143.4158Y-345.9886

G1X142.7418Y-347.2832

G1X142.1266Y-348.0469

G1X141.3351Y-348.7425

G1X140.6079Y-349.2275

G1X139.6807Y-349.6028

G1X137.4428Y-350.1558

G1X136.5325Y-350.2351

G1X134.7539Y-350.1628

G1X132.6185Y-350.6757

G1X132.0204Y-350.6201

G1X130.7369Y-350.2960

G1X129.6456Y-350.1259

G1X128.3529Y-349.9667

G1X127.2309Y-349.9699

G1X126.7352Y-349.8989

G1X126.3602Y-349.7337

G1X125.8780Y-349.3449

G1X124.9316Y-348.0878

G1X124.4208Y-347.0508

G1X123.6406Y-344.5532

G1X123.4111Y-344.1058

G1X123.1242Y-343.7916

G1X122.4898Y-343.5195

G1X121.1170Y-343.4091

G1X118.2351Y-343.5520

G1X117.7165Y-343.6826

G1X117.2487Y-343.9204

G1X115.8163Y-345.1008

G1X113.7399Y-347.2201

G1X110.9650Y-350.4478

G1X109.7839Y-351.6379

G1X108.7957Y-352.4298

G1X107.9416Y-352.9967

G1X107.2560Y-353.3123

G1X106.7441Y-353.3937

G1X106.4407Y-353.3149

G1X106.1874Y-353.0866

G1X105.9564Y-352.6399

G1X105.7888Y-352.0506

G1X105.4617Y-349.4593

G1X105.6064Y-346.1671

G1X105.5753Y-345.1520

G1X105.4499Y-344.6069

G1X105.2199Y-344.0769

G1X104.9842Y-343.7666

G1X104.6189Y-343.5141

G1X104.0676Y-343.3990

G1X103.4868Y-343.4902

G1X100.7258Y-345.0470

G1X100.3030Y-345.2140

G1X99.7616Y-345.3077

G1X99.2385Y-345.2918

G1X98.5747Y-345.1406

G1X97.4627Y-344.7872

G1X96.1000Y-344.1297

G1X95.3966Y-343.9751

G1X94.5100Y-343.9776

G1X90.5228Y-344.3119

G1X89.4616Y-344.2796

G1X88.7448Y-344.0902

G1X86.9762Y-343.3123

G1X81.9009Y-341.7745

G1X73.7025Y-339.9667

G1X72.9324Y-339.6120

G1X71.8558Y-338.7082

G1X71.5619Y-338.2217

G1X71.4669Y-337.7034

G1X71.5589Y-337.0484

G1X71.8261Y-336.3104

G1X73.1162Y-333.9559

G1X75.2814Y-330.7782

G1X78.1192Y-327.2174

G1X83.5109Y-321.0076

G1X87.4958Y-316.6976

G1X92.5358Y-311.5978

G1X95.1514Y-308.6806

G1X95.8434Y-307.7289

G1X96.1228Y-307.1361

G1X96.1717Y-306.7259

G1X96.0700Y-306.0399

G1X96.0681Y-304.6790

G1X96.1788Y-304.2437

G1X96.5130Y-303.6012

G1X97.2195Y-302.6087

G1X98.1022Y-301.6004

G1X100.9367Y-299.0395

G1X101.5142Y-298.3188

G1X101.7864Y-297.7806

G1X101.7875Y-297.5638

G1X101.6779Y-297.3840

G1X101.0564Y-297.1758

G1X95.8685Y-296.9446

G1X94.4463Y-296.6936

G1X92.7103Y-295.9967

G1X91.0138Y-295.1163

G1X87.7515Y-294.2491

G1X85.2419Y-293.4384

G1X81.9884Y-292.2393

G1X78.5108Y-290.7742

G1X77.8467Y-290.3591

G1X77.2282Y-289.8443

G1X76.8223Y-289.3803

G1X76.5533Y-288.9026

G1X76.4936Y-288.3624

G1X76.9068Y-287.3757

G1X76.9967Y-286.9825

G1X76.7665Y-286.2968

G1X75.4744Y-284.7700

G1X73.9917Y-283.4584

G1X73.6930Y-282.9466

G1X73.7080Y-282.4292

G1X73.9963Y-281.8227

G1X74.6572Y-281.0645

G1X75.3166Y-280.5518

G1X77.6947Y-279.2203

G1X79.7088Y-277.8507

G1X80.6988Y-277.3496

G1X83.7739Y-276.2058

G1X87.3464Y-275.1673

G1X89.2347Y-274.3621

G1X89.9055Y-273.9111

G1X90.2681Y-273.4986

G1X90.8725Y-271.9939

G1X90.9231Y-271.6189

G1X90.8671Y-271.3086

G1X90.3951Y-270.5658

G1X88.3968Y-268.6520

G1X85.5778Y-266.2141

G1X84.5104Y-264.9855

G1X83.7827Y-263.8663

G1X83.5317Y-263.1260

G1X83.5925Y-261.5977

G1X83.1505Y-259.9955

G1X82.5763Y-258.8578

G1X80.7476Y-256.2171

G1X80.2293Y-255.1391

G1X79.8485Y-254.0848

G1X79.5637Y-252.9177

G1X79.4293Y-250.8683

G1X79.0227Y-248.4490

G1X79.1523Y-247.2187

G1X79.6019Y-245.9860

G1X79.9232Y-245.4582

G1X80.8862Y-244.2357

G1X81.6802Y-242.7675

G1X82.1125Y-242.2015

G1X82.7681Y-241.5824

G1X83.5327Y-241.0543

G1X84.1672Y-240.7628

G1X86.0334Y-240.1955

G1X87.1362Y-239.5799

G1X87.6210Y-239.0724

G1X87.7774Y-238.7073

G1X87.8358Y-238.1824

G1X87.6096Y-235.9276

G1X87.6056Y-233.4861

G1X87.8150Y-232.6881

G1X88.3242Y-232.0484

G1X89.7194Y-231.1944

G1X91.8382Y-230.5215

G1X93.1345Y-229.9164

G1X93.8978Y-229.8551

G1X94.9104Y-230.1223

G1X96.2203Y-230.6861

G1X98.2551Y-231.7169

G1X101.7145Y-233.8037

G1X102.9717Y-234.4321

G1X103.9570Y-234.7890

G1X105.4639Y-235.1896

G1X107.5530Y-235.5208

G1X109.2187Y-236.2347

G1X115.6595Y-239.7816

G1X118.0247Y-241.3435

G1X119.1866Y-242.0226

G1X120.3974Y-242.6194

G1X121.9237Y-243.1270

G1X122.4745Y-243.5322

G1X123.8823Y-244.8239

G1X125.1143Y-245.5511

G1X125.3639Y-245.5541

G1X125.5074Y-245.4741

G1X125.7060Y-245.1032

G1X125.9921Y-242.7259

G1X126.3748Y-240.5153

G1X126.6273Y-239.7565

G1X126.9505Y-239.5100

G1X127.1978Y-239.5313

G1X127.5654Y-239.7069

G1X128.4642Y-240.4371

G1X131.0993Y-243.7692

G1X131.4958Y-244.1668

G1X131.8486Y-244.3604

G1X132.2352Y-244.3439

G1X132.7644Y-243.9781

G1X133.1656Y-243.5132

G1X133.9954Y-242.1004

G1X134.3187Y-241.8346

G1X134.7787Y-241.6293

G1X135.5193Y-241.6190

G1X136.4141Y-242.1492

G1X136.7811Y-242.2716

G1X137.8807Y-242.1721

G1X139.0701Y-242.4644

G1X140.0113Y-242.3879

G1X140.5003Y-242.0848

G1X140.9927Y-241.4457

G1X143.6338Y-236.6050

G1X144.6590Y-235.0803

G1X148.5911Y-230.7230

G1X150.4505Y-228.8366

G1X152.7415Y-226.6919

G1X155.3897Y-223.8655

G1X157.9797Y-220.5423

G1X162.9716Y-213.5383

G1X164.6577Y-211.4099

G1X166.4998Y-209.3817

G1X167.9091Y-208.1162

G1X168.8717Y-207.5745

G1X169.2995Y-207.4965

G1X169.7777Y-207.5567

G1X170.4442Y-207.9057

G1X171.2753Y-208.6477

G1X171.6748Y-209.3137

G1X172.4142Y-210.9440

G1X173.1630Y-212.1997

G1X173.6851Y-212.9439

G1X174.1619Y-213.3867

G1X174.6781Y-213.6366

G1X175.4718Y-213.7805

G1X177.1527Y-213.8828

G1X179.1712Y-213.8473

G1X179.6104Y-213.9906

G1X180.0290Y-214.3139

G1X180.6225Y-215.1954

G1X181.0853Y-216.5757

G1X181.1776Y-217.4227

G1X181.1743Y-220.3218

G1X181.3306Y-220.9638

G1X181.6264Y-221.5470

G1X182.1471Y-222.1247

G1X183.0193Y-222.7015

G1X183.4954Y-222.8413

G1X184.8597Y-223.0371

G1X185.4016Y-223.2411

G1X186.0952Y-223.7677

G1X186.6602Y-224.4577

G1X186.9834Y-225.1185

G1X187.1528Y-225.8368

G1X187.4546Y-231.3626

G1X187.6926Y-232.7008

G1X188.0960Y-234.1171

G1X189.0404Y-236.2677

G1X191.1754Y-239.9371

G1X192.1376Y-242.0585

G1X193.3984Y-243.8020

G1X193.5581Y-244.3818

G1X193.7409Y-246.1717

G1X194.0638Y-247.0355

G1X194.4768Y-247.7246

G1X195.0452Y-248.2585

G1X195.9869Y-248.7412

G1X197.5543Y-249.3092

G1X200.3538Y-250.1167

G1X203.0817Y-251.2698

G1X204.5167Y-252.0451

G1X206.3556Y-253.2219

G1X206.9310Y-253.6688

G1X207.2200Y-254.0383

G1X207.3763Y-254.6046

G1X207.3376Y-255.3054

G1X207.1047Y-256.0821

G1X206.6827Y-256.9163

G1X205.9220Y-257.9022

G1X203.4242Y-260.3930

G1X202.5453Y-261.7476

G1X202.2999Y-262.4097

G1X202.2413Y-262.9257

G1X202.3343Y-263.4002

G1X202.5660Y-263.7481

G1X203.2712Y-264.2816

G1X207.1552Y-266.5216

G1X209.2288Y-268.0654

G1X211.4736Y-269.1411

G1X213.2312Y-269.7703

G1X214.9940Y-270.2683

G1X225.1754Y-272.5463

G1X227.8287Y-273.2687

G1X230.1151Y-274.0880

G1X231.9325Y-274.9037

G1X233.2144Y-275.6671

G1X234.1218Y-276.4928

G1X234.6878Y-277.2835

G1X235.4375Y-278.6814

G1X236.0737Y-280.9711

G1X236.5706Y-281.9373

G1X237.4416Y-283.0992

G1X238.9043Y-284.7499

G1X241.2840Y-287.0025

G1X242.1286Y-287.9343

G1X243.5289Y-289.9554

G1X243.8123Y-290.6601

G1X243.8695Y-291.3441

G1X243.6007Y-292.1185

G1X243.0442Y-292.8709

G1X242.0887Y-293.7414

G1X240.8875Y-294.5866

G1X239.4497Y-295.3129

G1X235.3235Y-297.0142

G1X232.5490Y-298.3984

G1X230.9961Y-299.3651

G1X230.2237Y-300.0271

G1X229.5421Y-300.8086

G1X228.9241Y-301.7725

G1X228.4361Y-302.7698

G1X228.1193Y-303.8289

G1X228.0390Y-304.9343

G1X228.2045Y-306.1262

G1X228.6151Y-307.3890

G1X229.4957Y-309.0561

G1X233.5982Y-314.9791

G1X234.0792Y-316.0386

G1X234.1815Y-316.9552

G1X234.0082Y-317.8235

G1X232.9992Y-320.7280

G1X231.9134Y-323.2176

G1X231.2690Y-324.4728

G1X230.5011Y-325.5205

G1X228.7026Y-327.1675

G1X227.4661Y-328.5109

G1X226.6723Y-329.6547

G1X226.4774Y-330.2108

G1X226.4339Y-330.6763

G1X226.7142Y-332.7872

G1X226.7191Y-333.4750

G1X226.4930Y-334.1838

G1X226.0334Y-334.9328

G1X225.2237Y-335.7048

G1X224.2004Y-336.2543

G1X222.8065Y-336.6346

G1X221.1425Y-336.8291

G1X219.0089Y-336.8527

G1X216.6671Y-336.6791

G1X214.2927Y-336.3185

G1X211.9113Y-335.7870

G1X207.8072Y-334.5768

G1X203.3339Y-332.9624

G1X186.3902Y-325.5852

G1X182.3355Y-323.9076

G1X178.7739Y-322.5372

G1X176.2502Y-321.6809

G1X174.8436Y-321.2948

G1X173.5333Y-321.1926

G1X172.2942Y-321.5271

G1X170.8123Y-320.8586

G1X170.4787Y-320.8280

G1X170.4219Y-320.9484

G1X170.4622Y-321.1888

G1X170.7930Y-321.9161

G1X172.6241Y-324.7989

G1X176.5947Y-330.4947

G1X184.7582Y-341.9243

G1X182.9578Y-343.4501

G1 Z0F20000

(Start Block)


G1X184.0430Y-344.8800
G1Z5F20000
(Plotting speed under)
G1 F4000


G1X182.6664Y-345.9040

G1X182.0949Y-346.1373

G1X181.4598Y-346.2394

G1X180.3750Y-346.2170

G1X179.0036Y-346.0215

G1X176.7032Y-345.4051

G1X173.5639Y-344.2868

G1X171.2677Y-343.2126

G1X168.5149Y-341.5648

G1X165.6664Y-339.3198

G1X164.7190Y-338.6772

G1X163.2303Y-337.9377

G1X162.6339Y-337.7701

G1X162.0985Y-337.7309

G1X161.7146Y-337.8450

G1X160.6045Y-338.4783

G1X157.9778Y-338.8572

G1X156.9705Y-339.0916

G1X155.2210Y-340.0274

G1X153.6472Y-340.1429

G1X153.1584Y-340.2713

G1X151.6686Y-341.1257

G1X150.5426Y-342.0844

G1X150.0273Y-342.3506

G1X149.4576Y-342.3613

G1X148.3522Y-342.0980

G1X147.1524Y-341.9502

G1X146.7599Y-341.9623

G1X146.3837Y-342.1159

G1X146.0227Y-342.4928

G1X145.6426Y-343.1936

G1X143.6447Y-348.2404

G1X143.0042Y-349.5285

G1X142.4654Y-350.2636

G1X141.8267Y-350.9081

G1X141.0047Y-351.5091

G1X140.3389Y-351.8037

G1X138.7730Y-352.0934

G1X137.5429Y-352.1341

G1X136.5199Y-352.0566

G1X134.6882Y-351.7300

G1X132.5322Y-351.8509

G1X130.6338Y-351.3089

G1X129.6235Y-351.1701

G1X128.1964Y-351.1288

G1X126.8807Y-351.3152

G1X126.2921Y-351.2980

G1X125.8514Y-351.1421

G1X125.3591Y-350.8415

G1X124.4347Y-349.9639

G1X123.9547Y-349.3080

G1X123.0002Y-347.3924

G1X122.7332Y-347.0539

G1X122.4123Y-346.8299

G1X121.7453Y-346.6824

G1X117.1364Y-346.5466

G1X116.6143Y-346.6742

G1X116.1378Y-346.9161

G1X114.7262Y-348.0395

G1X112.6862Y-350.0293

G1X109.9188Y-353.1109

G1X108.7051Y-354.2811

G1X106.8253Y-355.6125

G1X106.1210Y-355.9244

G1X105.5931Y-356.0017

G1X105.2241Y-355.8854

G1X104.9768Y-355.6336

G1X104.7471Y-355.1737

G1X104.5756Y-354.5837

G1X104.2185Y-352.0211

G1X104.3326Y-348.6300

G1X104.2816Y-347.5347

G1X104.1278Y-346.9403

G1X103.8934Y-346.4248

G1X103.5933Y-346.0506

G1X103.2216Y-345.8100

G1X102.6728Y-345.6875

G1X102.1146Y-345.7692

G1X99.5106Y-347.0926

G1X99.0814Y-347.2375

G1X98.5413Y-347.2994

G1X98.0178Y-347.2561

G1X97.3490Y-347.0751

G1X96.2360Y-346.6824

G1X94.8154Y-345.9667

G1X94.1271Y-345.8027

G1X93.0573Y-345.7923

G1X89.1142Y-346.0847

G1X88.0625Y-346.0447

G1X87.2669Y-345.8112

G1X85.9280Y-345.1465

G1X85.1722Y-344.8610

G1X80.7569Y-343.5020

G1X79.2528Y-343.1781

G1X74.5845Y-342.3985

G1X71.7363Y-341.7762

G1X70.8669Y-341.3947

G1X69.7230Y-340.4294

G1X69.4420Y-339.9346

G1X69.3561Y-339.4109

G1X69.4520Y-338.7544

G1X69.7501Y-337.9421

G1X71.0542Y-335.5723

G1X73.2434Y-332.3572

G1X76.2069Y-328.6379

G1X81.8377Y-322.1595

G1X85.9140Y-317.7472

G1X91.0919Y-312.4934

G1X94.0675Y-309.1910

G1X94.6507Y-308.3805

G1X94.9454Y-307.7312

G1X94.9862Y-307.3375

G1X94.8105Y-305.2188

G1X94.9239Y-304.7729

G1X95.1808Y-304.2499

G1X95.8458Y-303.2556

G1X96.6927Y-302.2431

G1X99.4572Y-299.6628

G1X100.0610Y-298.8641

G1X100.2921Y-298.3478

G1X100.2942Y-298.1333

G1X100.1681Y-297.9076

G1X99.6050Y-297.6805

G1X94.8362Y-297.2141

G1X93.5188Y-296.9113

G1X91.8556Y-296.2385

G1X89.8991Y-295.3186

G1X86.5239Y-294.4605

G1X83.1773Y-293.3444

G1X78.8132Y-291.5099

G1X77.4347Y-290.8493

G1X76.2260Y-290.0081

G1X75.4297Y-289.1424

G1X75.2276Y-288.5575

G1X75.6098Y-287.1583

G1X75.4725Y-286.5253

G1X75.1236Y-285.9436

G1X74.2737Y-284.8666

G1X72.8401Y-283.4570

G1X72.5168Y-282.8429

G1X72.5010Y-282.3812

G1X72.6585Y-281.8248

G1X72.9657Y-281.2760

G1X73.4042Y-280.7275

G1X74.0781Y-280.1612

G1X77.5642Y-277.6886

G1X78.7382Y-277.1102

G1X80.4741Y-276.4835

G1X82.5897Y-275.8433

G1X86.1469Y-274.9614

G1X88.6165Y-274.1136

G1X89.3543Y-273.7213

G1X89.9425Y-273.2353

G1X90.3193Y-272.7141

G1X90.6696Y-271.9429

G1X90.7088Y-271.5640

G1X90.6308Y-271.2467

G1X90.1241Y-270.5266

G1X87.7990Y-268.4812

G1X84.6097Y-265.8819

G1X83.3241Y-264.5007

G1X82.4988Y-263.3202

G1X82.2225Y-262.5752

G1X82.2024Y-261.0303

G1X81.9590Y-259.9501

G1X81.6892Y-259.1698

G1X81.1539Y-258.1764

G1X79.2179Y-255.4760

G1X78.6393Y-254.3258

G1X78.2121Y-253.2049

G1X77.9217Y-252.0644

G1X77.8026Y-249.9517

G1X77.4055Y-247.5718

G1X77.4196Y-246.8656

G1X77.5417Y-246.1467

G1X78.0432Y-244.8536

G1X78.3981Y-244.3619

G1X79.4501Y-243.2375

G1X80.7239Y-241.5406

G1X81.4768Y-240.8957

G1X82.3333Y-240.3419

G1X83.0782Y-239.9999

G1X85.0916Y-239.4017

G1X86.1634Y-238.7981

G1X86.6323Y-238.3037

G1X86.8064Y-237.8424

G1X86.8274Y-237.2541

G1X86.3936Y-234.7424

G1X86.1285Y-232.4414

G1X86.1250Y-231.3923

G1X86.2533Y-230.8279

G1X86.5232Y-230.2754

G1X86.9496Y-229.7365

G1X87.6598Y-229.0674

G1X88.5165Y-228.5115

G1X90.9407Y-227.3589

G1X91.7166Y-227.3038

G1X92.7392Y-227.5935

G1X94.2600Y-228.3179

G1X96.7165Y-229.6994

G1X100.4094Y-232.1091

G1X101.5652Y-232.7769

G1X102.5231Y-233.2136

G1X103.6216Y-233.5923

G1X104.9072Y-233.9452

G1X106.5595Y-234.1901

G1X107.6568Y-234.6091

G1X110.1670Y-236.0027

G1X113.2209Y-238.0023

G1X117.5570Y-240.3724

G1X119.7385Y-241.4232

G1X121.5858Y-242.0382

G1X123.2407Y-243.1033

G1X124.2313Y-243.5083

G1X124.7030Y-243.5348

G1X125.0785Y-243.2379

G1X125.6443Y-241.4305

G1X126.2089Y-239.9722

G1X126.5033Y-239.4927

G1X126.8268Y-239.3229

G1X127.4342Y-239.4825

G1X128.4236Y-240.2081

G1X131.1597Y-243.4470

G1X131.5538Y-243.8057

G1X131.8898Y-243.9639

G1X132.3736Y-243.9454

G1X132.9191Y-243.6254

G1X134.0551Y-242.0406

G1X134.5908Y-241.6556

G1X135.1486Y-241.4579

G1X135.6193Y-241.4825

G1X136.6735Y-241.9484

G1X137.9820Y-242.0130

G1X139.1729Y-242.5820

G1X139.7217Y-242.6486

G1X140.0898Y-242.6063

G1X140.5828Y-242.2688

G1X141.0054Y-241.6771

G1X143.4703Y-237.0534

G1X144.2402Y-235.7618

G1X148.2526Y-230.2946

G1X150.7772Y-227.2095

G1X154.4764Y-223.7384

G1X156.2896Y-221.7658

G1X158.6935Y-218.6410

G1X163.3442Y-212.1690

G1X164.7146Y-210.3961

G1X166.8393Y-208.0361

G1X168.4969Y-206.5374

G1X169.1251Y-206.1266

G1X169.6589Y-205.9085

G1X170.1918Y-205.8503

G1X170.6690Y-205.9455

G1X171.3481Y-206.3058

G1X172.1375Y-206.9631

G1X174.2674Y-210.5980

G1X174.7586Y-211.2471

G1X175.1878Y-211.6187

G1X175.7048Y-211.8648

G1X176.4763Y-212.0289

G1X178.1076Y-212.2015

G1X180.0336Y-212.2210

G1X180.4900Y-212.3566

G1X180.9197Y-212.6669

G1X181.2724Y-213.0881

G1X181.5682Y-213.6027

G1X182.0705Y-215.0587

G1X182.1741Y-215.9114

G1X182.2092Y-218.7119

G1X182.3583Y-219.3191

G1X182.6747Y-219.9021

G1X183.3172Y-220.5118

G1X184.2643Y-221.0111

G1X184.8465Y-221.1227

G1X186.2292Y-221.2077

G1X186.8670Y-221.3923

G1X187.6776Y-221.9758

G1X188.2474Y-222.7023

G1X188.5717Y-223.4622

G1X188.7056Y-224.3043

G1X188.7786Y-229.4960

G1X188.8840Y-231.0070

G1X189.3627Y-234.2081

G1X189.7082Y-235.7855

G1X190.1786Y-237.1738

G1X190.7096Y-238.2587

G1X192.9405Y-241.5725

G1X194.1326Y-243.1516

G1X194.3314Y-243.8161

G1X194.5036Y-245.6681

G1X194.8481Y-246.5285

G1X195.2261Y-247.1321

G1X195.8021Y-247.7029

G1X196.5712Y-248.1456

G1X201.3908Y-250.0066

G1X204.6871Y-251.5510

G1X207.2982Y-253.0570

G1X207.7775Y-253.4298

G1X208.0550Y-253.7902

G1X208.2106Y-254.3592

G1X208.1749Y-255.0915

G1X207.9287Y-255.9037

G1X207.5441Y-256.6640

G1X206.7886Y-257.6374

G1X204.3694Y-260.1036

G1X203.8182Y-260.8774

G1X203.3717Y-261.6863

G1X203.1235Y-262.4157

G1X203.0840Y-262.9985

G1X203.1988Y-263.4273

G1X203.5332Y-263.8916

G1X205.1510Y-265.2185

G1X207.2445Y-266.5746

G1X208.7328Y-267.6513

G1X209.5884Y-268.1518

G1X210.8602Y-268.7167

G1X212.7513Y-269.3933

G1X214.9769Y-270.0233

G1X226.0190Y-272.3924

G1X229.1955Y-273.2530

G1X231.6516Y-274.1558

G1X233.5693Y-275.0635

G1X234.8826Y-275.9148

G1X235.8466Y-276.8731

G1X237.1659Y-278.7665

G1X238.1569Y-280.9516

G1X238.7903Y-281.9786

G1X241.0972Y-284.8531

G1X243.1387Y-287.1448

G1X243.7672Y-287.9971

G1X244.9580Y-290.0521

G1X245.1688Y-290.7072

G1X245.2019Y-291.3458

G1X244.9394Y-292.1312

G1X244.3562Y-292.9514

G1X243.4371Y-293.8147

G1X242.1595Y-294.7199

G1X240.7197Y-295.4429

G1X237.0662Y-296.8965

G1X234.3499Y-298.1320

G1X232.7238Y-298.9452

G1X231.6419Y-299.6260

G1X230.8468Y-300.2941

G1X230.1096Y-301.1309

G1X229.3934Y-302.2444

G1X228.9501Y-303.1879

G1X228.6667Y-304.2619

G1X228.6208Y-305.4420

G1X228.7914Y-306.5846

G1X229.1965Y-307.8016

G1X229.6387Y-308.6965

G1X230.2658Y-309.6701

G1X234.7082Y-315.7393

G1X235.2161Y-316.8770

G1X235.3878Y-318.2126

G1X235.2201Y-320.3684

G1X235.0474Y-321.4737

G1X234.5538Y-323.4245

G1X233.9983Y-325.1441

G1X233.5913Y-326.0563

G1X233.1190Y-326.8262

G1X230.2451Y-330.2944

G1X229.5888Y-331.2916

G1X229.2939Y-332.2231

G1X229.2430Y-334.1157

G1X229.1601Y-334.7092

G1X228.9983Y-335.1522

G1X228.5473Y-335.8680

G1X227.7291Y-336.7052

G1X226.6237Y-337.3532

G1X225.2396Y-337.7638

G1X223.5575Y-337.9839

G1X221.4222Y-338.0187

G1X219.1180Y-337.8495

G1X216.6106Y-337.4781

G1X213.9085Y-336.8927

G1X209.2857Y-335.5357

G1X204.2391Y-333.7019

G1X200.5266Y-332.1263

G1X185.3982Y-325.4270

G1X178.5317Y-322.6259

G1X176.2789Y-321.8770

G1X174.9999Y-321.5811

G1X174.4270Y-321.5508

G1X173.9849Y-321.6265

G1X172.9224Y-322.2120

G1X172.5905Y-322.1314

G1X171.4789Y-321.6041

G1X171.1895Y-321.5698

G1X171.1096Y-321.6651

G1X171.1224Y-321.8750

G1X171.3993Y-322.5414

G1X173.2426Y-325.4804

G1X177.3519Y-331.3804

G1X185.8219Y-343.2379

G1X184.0430Y-344.8800

G1 Z0F20000

(Start Block)


G1X185.0813Y-346.2479
G1Z5F20000
(Plotting speed under)
G1 F4000


G1X183.7538Y-347.4056

G1X183.1960Y-347.6826

G1X182.6593Y-347.8073

G1X181.7936Y-347.8549

G1X180.6435Y-347.7605

G1X179.5580Y-347.5767

G1X178.3118Y-347.2409

G1X174.7565Y-345.9778

G1X171.4715Y-344.4650

G1X169.3579Y-343.2499

G1X165.8979Y-340.7382

G1X164.3913Y-339.9015

G1X163.3628Y-339.5409

G1X162.7058Y-339.5679

G1X161.5091Y-340.3688

G1X160.5439Y-340.6992

G1X159.7318Y-340.8571

G1X159.0296Y-340.8618

G1X156.6837Y-340.5920

G1X153.8645Y-340.6067

G1X153.3067Y-340.7740

G1X152.8059Y-341.0703

G1X151.6878Y-341.9597

G1X150.6974Y-342.9001

G1X150.2123Y-343.2210

G1X149.7293Y-343.3533

G1X148.5096Y-343.4243

G1X147.4753Y-343.6442

G1X147.0206Y-343.8181

G1X146.6695Y-344.0811

G1X146.2791Y-344.5986

G1X145.9040Y-345.3548

G1X143.8777Y-350.5399

G1X143.3118Y-351.7420

G1X142.8048Y-352.5024

G1X142.1740Y-353.2156

G1X141.5211Y-353.7529

G1X140.8376Y-354.1250

G1X139.7317Y-354.3116

G1X138.1159Y-354.2176

G1X136.6070Y-353.8600

G1X134.6250Y-353.2358

G1X132.4539Y-352.9158

G1X130.7280Y-352.2459

G1X129.9303Y-352.0890

G1X128.1575Y-352.1323

G1X126.4576Y-352.5616

G1X125.6791Y-352.5713

G1X124.8167Y-352.2895

G1X123.8141Y-351.7041

G1X122.4444Y-350.2727

G1X121.8899Y-349.9222

G1X121.3033Y-349.8434

G1X119.7609Y-349.9804

G1X116.5479Y-349.5825

G1X115.9509Y-349.5847

G1X115.5072Y-349.7026

G1X115.0011Y-349.9600

G1X113.6103Y-351.0369

G1X111.5411Y-352.9696

G1X108.8562Y-355.8192

G1X107.6768Y-356.9084

G1X105.7457Y-358.2267

G1X105.0363Y-358.5382

G1X104.4968Y-358.6295

G1X104.1133Y-358.5386

G1X103.8502Y-358.3163

G1X103.6000Y-357.8938

G1X103.3809Y-357.2365

G1X102.9681Y-354.5977

G1X103.0483Y-351.0104

G1X102.9748Y-349.9391

G1X102.7948Y-349.2962

G1X102.5580Y-348.7902

G1X102.2619Y-348.4103

G1X101.8215Y-348.1112

G1X101.2809Y-347.9711

G1X100.8091Y-348.0209

G1X98.3295Y-349.1033

G1X97.4556Y-349.2547

G1X96.9240Y-349.1995

G1X96.2444Y-349.0011

G1X95.0263Y-348.5287

G1X93.6759Y-347.8102

G1X92.8797Y-347.5894

G1X91.6930Y-347.5580

G1X87.6356Y-347.8219

G1X86.6945Y-347.7706

G1X85.9831Y-347.5570

G1X84.4546Y-346.7470

G1X83.1283Y-346.2128

G1X79.8522Y-345.1807

G1X78.1590Y-344.8348

G1X72.9324Y-344.1375

G1X69.7547Y-343.4843

G1X68.8852Y-343.1048

G1X67.7374Y-342.1498

G1X67.4439Y-341.6670

G1X67.3338Y-341.0461

G1X67.4330Y-340.3892

G1X67.6933Y-339.6612

G1X68.9878Y-337.2651

G1X71.1641Y-334.0430

G1X74.1603Y-330.2495

G1X80.1130Y-323.3869

G1X84.3490Y-318.7859

G1X89.7475Y-313.2763

G1X92.9350Y-309.7611

G1X93.5113Y-308.9428

G1X93.7908Y-308.2265

G1X93.7282Y-306.9001

G1X93.5417Y-305.8599

G1X93.6199Y-305.4202

G1X93.9012Y-304.7979

G1X94.5097Y-303.8460

G1X95.2761Y-302.8869

G1X97.9459Y-300.3003

G1X98.5285Y-299.4869

G1X98.7543Y-298.9545

G1X98.7545Y-298.6574

G1X98.6664Y-298.4711

G1X98.1720Y-298.1840

G1X96.4011Y-297.7971

G1X94.2210Y-297.4895

G1X93.3284Y-297.2907

G1X92.1018Y-296.8610

G1X89.0531Y-295.5918

G1X85.4976Y-294.7260

G1X82.7008Y-293.8389

G1X80.7358Y-293.0342

G1X76.2855Y-290.8794

G1X74.7860Y-289.8390

G1X74.0375Y-289.0214

G1X73.9017Y-288.4639

G1X74.1313Y-287.1407

G1X73.9875Y-286.5799

G1X72.9791Y-284.8861

G1X71.6715Y-283.3343

G1X71.4056Y-282.6284

G1X71.3985Y-282.0336

G1X71.5363Y-281.4405

G1X71.7928Y-280.8594

G1X72.1603Y-280.3239

G1X72.8835Y-279.5744

G1X74.3939Y-278.2437

G1X75.6410Y-277.3681

G1X77.0741Y-276.7398

G1X79.1629Y-276.0857

G1X81.1665Y-275.5561

G1X84.9092Y-274.7487

G1X88.0531Y-273.8700

G1X89.0143Y-273.4491

G1X89.7217Y-273.0024

G1X90.1445Y-272.5739

G1X90.5113Y-271.9028

G1X90.5400Y-271.5207

G1X90.4400Y-271.1968

G1X89.9006Y-270.4949

G1X88.8265Y-269.5771

G1X83.6768Y-265.5625

G1X82.1964Y-264.0681

G1X81.2363Y-262.7843

G1X80.9508Y-262.1134

G1X80.8484Y-260.5727

G1X80.5642Y-259.2732

G1X80.2829Y-258.4686

G1X79.7232Y-257.4931

G1X77.6346Y-254.7092

G1X76.9785Y-253.4787

G1X76.4919Y-252.2848

G1X76.1774Y-251.0624

G1X76.1020Y-248.9934

G1X75.7422Y-246.7483

G1X75.7293Y-246.0677

G1X75.8381Y-245.2437

G1X76.0580Y-244.4787

G1X76.3426Y-243.8692

G1X76.7651Y-243.3165

G1X77.9007Y-242.2814

G1X79.2635Y-240.8213

G1X80.2867Y-240.0353

G1X81.4396Y-239.3837

G1X82.0991Y-239.1236

G1X83.7186Y-238.6865

G1X84.6261Y-238.2433

G1X85.2350Y-237.8584

G1X85.6182Y-237.4019

G1X85.7702Y-236.9146

G1X85.7522Y-236.2466

G1X84.6860Y-231.2100

G1X84.5435Y-230.1945

G1X84.5299Y-229.4767

G1X84.6954Y-228.5977

G1X85.0611Y-227.7701

G1X85.7117Y-226.8014

G1X86.4182Y-226.0782

G1X88.1317Y-224.9935

G1X88.7399Y-224.7406

G1X89.5066Y-224.7028

G1X90.5582Y-225.0209

G1X92.2045Y-225.8710

G1X95.1903Y-227.6983

G1X99.3136Y-230.5625

G1X100.7436Y-231.4260

G1X101.9629Y-231.9799

G1X103.5918Y-232.5101

G1X105.6404Y-232.8362

G1X106.6579Y-233.2155

G1X107.8953Y-233.8794

G1X109.4396Y-234.8480

G1X112.3976Y-237.0614

G1X113.8220Y-237.9497

G1X115.9283Y-238.9973

G1X119.8922Y-240.5694

G1X122.5478Y-241.3074

G1X123.3661Y-241.3773

G1X123.8753Y-241.3337

G1X124.4830Y-241.0451

G1X125.2379Y-240.1880

G1X126.0361Y-239.5409

G1X126.4762Y-239.3384

G1X126.8297Y-239.3277

G1X127.5389Y-239.5730

G1X128.4270Y-240.1606

G1X131.2272Y-243.1532

G1X131.6176Y-243.4682

G1X132.0404Y-243.6432

G1X132.5279Y-243.6442

G1X132.9715Y-243.4541

G1X134.1436Y-242.0572

G1X134.8135Y-241.5570

G1X135.4317Y-241.3335

G1X136.6663Y-241.6042

G1X137.8845Y-241.7361

G1X138.2425Y-241.9179

G1X139.0921Y-242.5755

G1X139.7147Y-242.7792

G1X140.0778Y-242.7916

G1X140.4636Y-242.5941

G1X140.8911Y-242.0675

G1X144.0891Y-236.1619

G1X146.0654Y-233.2513

G1X148.8655Y-228.6477

G1X150.9765Y-225.6557

G1X151.8834Y-224.6807

G1X155.3532Y-221.6399

G1X156.7347Y-220.1796

G1X158.8332Y-217.4846

G1X164.4592Y-209.7898

G1X165.4632Y-208.5545

G1X167.0176Y-206.8498

G1X168.5188Y-205.4201

G1X169.7199Y-204.5516

G1X170.6398Y-204.2277

G1X171.5174Y-204.3195

G1X172.6001Y-204.8888

G1X173.0884Y-205.3267

G1X175.4494Y-208.9524

G1X175.8264Y-209.4123

G1X176.2637Y-209.7726

G1X176.8881Y-210.0534

G1X177.6753Y-210.2288

G1X179.0924Y-210.4477

G1X181.1473Y-210.5724

G1X181.5731Y-210.7479

G1X182.0331Y-211.1528

G1X182.5933Y-212.0479

G1X183.0592Y-213.3819

G1X183.1952Y-214.2488

G1X183.2936Y-217.2468

G1X183.5467Y-217.9506

G1X183.9856Y-218.5056

G1X184.6225Y-218.9345

G1X185.5262Y-219.2998

G1X186.1119Y-219.3709

G1X187.6168Y-219.3611

G1X188.2709Y-219.4850

G1X189.1019Y-220.0034

G1X189.7523Y-220.7771

G1X190.1137Y-221.6314

G1X190.2359Y-222.5673

G1X190.1587Y-228.5630

G1X190.2939Y-232.0695

G1X190.2771Y-234.4329

G1X190.3896Y-235.8464

G1X190.5797Y-236.9365

G1X190.8602Y-237.7335

G1X191.2476Y-238.3298

G1X193.6344Y-240.7933

G1X194.5039Y-241.7827

G1X194.9082Y-242.3618

G1X195.1813Y-243.1085

G1X195.3584Y-245.0986

G1X195.6679Y-245.8364

G1X196.0388Y-246.4186

G1X196.5927Y-247.0086

G1X197.2307Y-247.4426

G1X206.0635Y-251.7105

G1X208.2251Y-252.8861

G1X208.6113Y-253.1896

G1X208.8798Y-253.5410

G1X209.0431Y-254.1050

G1X209.0384Y-254.7428

G1X208.8338Y-255.5473

G1X208.4834Y-256.3023

G1X207.7708Y-257.2693

G1X205.2670Y-259.9372

G1X204.5293Y-261.0793

G1X204.1138Y-261.9866

G1X203.9500Y-262.8094

G1X204.0416Y-263.4103

G1X204.3764Y-264.0330

G1X205.0537Y-264.8560

G1X206.1583Y-265.8328

G1X208.5971Y-267.5199

G1X209.8585Y-268.1760

G1X211.6663Y-268.8560

G1X215.6782Y-269.9577

G1X227.9625Y-272.5167

G1X230.1599Y-273.1399

G1X232.5142Y-273.9957

G1X234.5512Y-274.9339

G1X236.0615Y-275.8499

G1X237.2152Y-276.8571

G1X238.7288Y-278.5681

G1X240.6583Y-281.3750

G1X242.9799Y-284.4018

G1X244.9194Y-287.1950

G1X246.2302Y-289.8950

G1X246.4386Y-290.6716

G1X246.4510Y-291.3358

G1X246.1775Y-292.1509

G1X245.5532Y-293.0575

G1X244.6494Y-293.9323

G1X243.3753Y-294.8473

G1X241.8541Y-295.6092

G1X238.1061Y-297.0919

G1X234.5249Y-298.6530

G1X233.2322Y-299.2940

G1X232.2669Y-299.9067

G1X231.4177Y-300.6315

G1X230.7123Y-301.4505

G1X229.9909Y-302.5648

G1X229.5365Y-303.5770

G1X229.2851Y-304.6290

G1X229.2313Y-305.8647

G1X229.3787Y-307.0095

G1X229.7387Y-308.1335

G1X230.2455Y-309.1294

G1X231.1274Y-310.4502

G1X232.8253Y-312.7398

G1X235.0911Y-315.4855

G1X235.8871Y-316.6556

G1X236.3565Y-317.6487

G1X236.6710Y-318.6313

G1X236.9146Y-319.8675

G1X237.0900Y-321.3525

G1X237.0774Y-322.7868

G1X236.8703Y-324.6902

G1X236.5849Y-326.1914

G1X236.1990Y-327.4357

G1X235.7788Y-328.3372

G1X235.2088Y-329.2825

G1X232.4882Y-333.1439

G1X232.1780Y-333.8808

G1X231.6918Y-335.6514

G1X231.2197Y-336.5079

G1X230.2496Y-337.5310

G1X229.1488Y-338.2575

G1X227.8294Y-338.7266

G1X226.0821Y-339.0143

G1X223.9435Y-339.0917

G1X221.6530Y-338.9499

G1X219.0365Y-338.5814

G1X216.1005Y-337.9733

G1X213.6465Y-337.3301

G1X210.8662Y-336.4777

G1X207.7967Y-335.4200

G1X204.9646Y-334.3396

G1X196.5536Y-330.7046

G1X184.2617Y-325.1754

G1X178.3616Y-322.7132

G1X176.4096Y-322.0762

G1X175.1942Y-321.8487

G1X174.7306Y-321.8800

G1X174.4313Y-321.9999

G1X173.5639Y-322.9116

G1X173.2540Y-322.8598

G1X172.1767Y-322.3849

G1X171.8973Y-322.3685

G1X171.8239Y-322.4752

G1X171.8442Y-322.6979

G1X172.1369Y-323.3898

G1X174.0008Y-326.3597

G1X178.1690Y-332.3487

G1X186.8320Y-344.4854

G1X185.0813Y-346.2479

G1 Z0F20000

(Start Block)


G1X186.0839Y-347.5689
G1Z5F20000
(Plotting speed under)
G1 F4000


G1X184.9397Y-348.7488

G1X184.5300Y-349.0432

G1X184.0768Y-349.2419

G1X183.4525Y-349.3730

G1X182.6620Y-349.4117

G1X180.7146Y-349.1958

G1X179.1844Y-348.7819

G1X176.8752Y-347.9754

G1X171.8931Y-345.8204

G1X170.0889Y-344.8485

G1X166.9405Y-342.7290

G1X165.2943Y-341.7897

G1X164.4259Y-341.4201

G1X163.9669Y-341.3323

G1X163.5519Y-341.3989

G1X163.2061Y-341.6079

G1X162.4308Y-342.3097

G1X161.6369Y-342.7525

G1X160.9921Y-343.0371

G1X160.3815Y-343.1136

G1X159.2855Y-342.7956

G1X155.7835Y-341.0844

G1X154.9736Y-340.8994

G1X154.1544Y-340.9047

G1X153.4978Y-341.0958

G1X153.0240Y-341.4076

G1X150.3735Y-343.9794

G1X148.6448Y-344.7634

G1X147.6228Y-345.4056

G1X147.0174Y-345.9831

G1X146.6284Y-346.5666

G1X146.1832Y-347.4979

G1X144.1107Y-352.8434

G1X143.5536Y-354.0600

G1X143.0218Y-354.8886

G1X142.4140Y-355.6131

G1X141.7840Y-356.1614

G1X141.1660Y-356.5162

G1X140.6749Y-356.6456

G1X140.0741Y-356.6659

G1X138.4978Y-356.3899

G1X134.5640Y-354.6901

G1X132.2878Y-353.8657

G1X130.7243Y-353.0808

G1X130.0591Y-352.9049

G1X129.1602Y-352.8791

G1X128.0333Y-353.0391

G1X126.0561Y-353.7465

G1X125.1492Y-353.8519

G1X123.3350Y-353.5664

G1X121.9962Y-353.0341

G1X121.4024Y-352.8807

G1X120.8113Y-352.8932

G1X119.3787Y-353.2131

G1X118.7765Y-353.2579

G1X115.5315Y-352.6128

G1X114.9403Y-352.5909

G1X114.5025Y-352.6886

G1X113.9937Y-352.9248

G1X112.6458Y-353.9104

G1X110.5214Y-355.7984

G1X107.7900Y-358.5401

G1X106.5835Y-359.5934

G1X104.6208Y-360.8657

G1X103.8957Y-361.1674

G1X103.3422Y-361.2508

G1X102.9472Y-361.1517

G1X102.6740Y-360.9228

G1X102.4112Y-360.4936

G1X102.1771Y-359.8293

G1X101.7210Y-357.1681

G1X101.7630Y-353.4919

G1X101.6810Y-352.4169

G1X101.5039Y-351.7665

G1X101.2246Y-351.1521

G1X100.8685Y-350.7000

G1X100.4293Y-350.3979

G1X99.9220Y-350.2395

G1X99.5074Y-350.2588

G1X97.1671Y-351.0897

G1X96.2909Y-351.1826

G1X95.1230Y-350.8842

G1X93.8498Y-350.3474

G1X92.4389Y-349.5752

G1X91.6589Y-349.3476

G1X90.5003Y-349.2873

G1X86.4130Y-349.5232

G1X85.3483Y-349.4690

G1X84.5634Y-349.2040

G1X83.0984Y-348.3479

G1X81.7461Y-347.7233

G1X79.7704Y-346.9980

G1X77.2016Y-346.4254

G1X72.0112Y-345.9101

G1X68.2433Y-345.2354

G1X67.0535Y-344.7978

G1X66.2387Y-344.1910

G1X65.7701Y-343.7329

G1X65.4900Y-343.2427

G1X65.3919Y-342.7324

G1X65.4569Y-342.1028

G1X65.7218Y-341.3042

G1X66.9192Y-339.0283

G1X69.0541Y-335.8194

G1X70.3925Y-334.0156

G1X72.1104Y-331.8947

G1X78.3880Y-324.6324

G1X82.8077Y-319.8069

G1X90.1377Y-312.2200

G1X91.8471Y-310.2757

G1X92.3646Y-309.5141

G1X92.6195Y-308.8281

G1X92.5670Y-307.5166

G1X92.2750Y-306.3963

G1X92.3443Y-305.9912

G1X92.5685Y-305.4446

G1X93.1330Y-304.4932

G1X93.8581Y-303.5332

G1X96.4260Y-300.9405

G1X96.9826Y-300.1150

G1X97.2161Y-299.4846

G1X97.1876Y-299.1075

G1X96.9388Y-298.7917

G1X96.4944Y-298.5533

G1X95.5040Y-298.1984

G1X92.6806Y-297.4903

G1X88.1087Y-295.8200

G1X84.2757Y-294.9382

G1X80.9065Y-293.8570

G1X79.7721Y-293.3491

G1X76.0590Y-291.4400

G1X74.1686Y-290.3205

G1X73.1318Y-289.5812

G1X72.6023Y-288.9675

G1X72.4773Y-288.4698

G1X72.5598Y-287.2273

G1X72.3889Y-286.5399

G1X71.6561Y-284.9087

G1X70.5957Y-283.2618

G1X70.3310Y-282.4101

G1X70.2755Y-281.7018

G1X70.3545Y-280.9991

G1X70.5520Y-280.3506

G1X70.9113Y-279.6354

G1X71.4177Y-278.9394

G1X72.2561Y-278.0627

G1X72.9446Y-277.5040

G1X73.6145Y-277.0960

G1X75.2983Y-276.4189

G1X78.0409Y-275.6624

G1X85.4418Y-274.1449

G1X87.6390Y-273.5932

G1X88.8453Y-273.1572

G1X89.6139Y-272.7580

G1X90.0999Y-272.2999

G1X90.3579Y-271.8126

G1X90.3582Y-271.4451

G1X90.2356Y-271.1313

G1X89.6251Y-270.4127

G1X82.9610Y-265.4231

G1X81.4460Y-264.0289

G1X80.2656Y-262.6759

G1X79.8741Y-262.0793

G1X79.6627Y-261.5546

G1X79.4767Y-260.0107

G1X79.1576Y-258.5503

G1X78.8571Y-257.7436

G1X78.3409Y-256.8943

G1X76.3984Y-254.4800

G1X75.7206Y-253.4550

G1X74.8384Y-251.6856

G1X74.5290Y-250.8134

G1X74.3728Y-250.1055

G1X74.3472Y-248.1052

G1X74.0336Y-245.9213

G1X74.0036Y-245.1324

G1X74.2490Y-243.6758

G1X74.7594Y-242.6086

G1X75.2388Y-242.1055

G1X77.6477Y-240.0947

G1X78.6976Y-239.3347

G1X80.5693Y-238.3482

G1X82.9667Y-237.6017

G1X84.1050Y-236.9405

G1X84.3799Y-236.6679

G1X84.5749Y-236.3187

G1X84.6671Y-235.7715

G1X84.5880Y-235.0831

G1X83.1320Y-229.4817

G1X82.9277Y-228.4018

G1X82.8702Y-227.5497

G1X83.0063Y-226.3868

G1X83.4313Y-225.1333

G1X84.0533Y-223.9536

G1X84.7932Y-223.1130

G1X86.0081Y-222.3029

G1X86.7265Y-222.0747

G1X87.5457Y-222.1344

G1X88.6772Y-222.5740

G1X90.4829Y-223.6140

G1X93.7646Y-225.7741

G1X98.0025Y-228.8786

G1X99.3570Y-229.7786

G1X100.4555Y-230.3630

G1X101.6333Y-230.8299

G1X103.1379Y-231.2730

G1X104.8740Y-231.4769

G1X106.2020Y-232.0544

G1X107.4306Y-232.7874

G1X108.8526Y-233.7643

G1X112.6843Y-236.8918

G1X114.0478Y-237.7341

G1X115.3350Y-238.3316

G1X116.9915Y-238.7204

G1X119.8868Y-239.6930

G1X120.6613Y-239.8600

G1X121.2816Y-239.7727

G1X123.5286Y-238.8855

G1X124.5325Y-238.8199

G1X125.5282Y-238.9889

G1X127.5420Y-239.7422

G1X128.3823Y-240.1856

G1X129.9687Y-241.5016

G1X131.3570Y-242.9267

G1X131.8659Y-243.2584

G1X132.3464Y-243.4326

G1X132.7133Y-243.4449

G1X133.0480Y-243.3311

G1X134.8492Y-241.5829

G1X135.3280Y-241.2879

G1X135.8342Y-241.1841

G1X137.2751Y-241.2639

G1X137.7863Y-241.3730

G1X138.2162Y-241.6259

G1X139.1894Y-242.5774

G1X139.8005Y-242.8633

G1X140.1632Y-242.8872

G1X140.5545Y-242.6549

G1X140.9739Y-242.0771

G1X143.7476Y-236.9149

G1X146.1588Y-233.0447

G1X148.8979Y-227.8245

G1X150.4769Y-225.1630

G1X151.6545Y-223.4698

G1X152.5879Y-222.5098

G1X155.9736Y-219.7809

G1X157.1901Y-218.5570

G1X158.8334Y-216.4947

G1X165.0326Y-208.1264

G1X166.1815Y-206.7469

G1X167.8419Y-204.9960

G1X169.3521Y-203.6453

G1X170.6136Y-202.8287

G1X171.0730Y-202.6603

G1X171.6030Y-202.5794

G1X172.0915Y-202.6145

G1X172.6344Y-202.7675

G1X173.5487Y-203.2071

G1X174.1252Y-203.7105

G1X175.5629Y-205.6046

G1X176.6047Y-207.1499

G1X177.2900Y-207.8149

G1X178.2066Y-208.2211

G1X179.9230Y-208.6047

G1X182.0818Y-208.8239

G1X182.6019Y-209.0451

G1X183.0035Y-209.4046

G1X183.5826Y-210.3102

G1X184.0716Y-211.6610

G1X184.2448Y-212.6320

G1X184.3686Y-215.5897

G1X184.6065Y-216.2628

G1X185.0646Y-216.8234

G1X185.7385Y-217.2343

G1X186.7947Y-217.5813

G1X187.3820Y-217.6188

G1X189.1099Y-217.5169

G1X189.7581Y-217.6138

G1X190.6729Y-218.1668

G1X191.3048Y-218.9500

G1X191.6656Y-219.8951

G1X191.7526Y-221.1578

G1X191.4679Y-230.2447

G1X190.9623Y-234.3270

G1X190.8993Y-235.9728

G1X190.9854Y-236.9611

G1X191.1949Y-237.5807

G1X191.6280Y-238.1430

G1X192.9195Y-239.1548

G1X194.5038Y-240.1415

G1X195.6255Y-241.3403

G1X195.9350Y-241.8746

G1X196.0957Y-242.3384

G1X196.2873Y-244.4840

G1X196.8458Y-245.5500

G1X197.3813Y-246.1622

G1X197.9128Y-246.6116

G1X199.7208Y-247.6184

G1X201.9679Y-249.0765

G1X204.5031Y-250.4691

G1X208.7908Y-252.4924

G1X209.3743Y-252.8824

G1X209.7028Y-253.2875

G1X209.8848Y-253.8722

G1X209.8893Y-254.5370

G1X209.7189Y-255.2667

G1X209.3762Y-256.0463

G1X208.6734Y-257.0110

G1X206.3282Y-259.6144

G1X205.4716Y-260.9648

G1X204.9681Y-262.1114

G1X204.8129Y-262.9638

G1X204.9092Y-263.7709

G1X205.3072Y-264.6999

G1X205.8692Y-265.4668

G1X206.9157Y-266.3941

G1X208.4221Y-267.3840

G1X209.8035Y-268.0486

G1X211.5645Y-268.6667

G1X215.8726Y-269.7726

G1X221.8878Y-270.9421

G1X228.8941Y-272.4180

G1X231.6009Y-273.2095

G1X234.2435Y-274.2378

G1X236.7074Y-275.4916

G1X238.3968Y-276.7066

G1X241.1188Y-279.2527

G1X243.6232Y-282.1301

G1X244.6942Y-283.5130

G1X245.5115Y-284.7511

G1X246.2427Y-286.1430

G1X246.8139Y-287.5512

G1X247.4667Y-289.6173

G1X247.6655Y-290.6234

G1X247.6037Y-291.5069

G1X247.1781Y-292.4720

G1X246.6233Y-293.2335

G1X245.8910Y-293.9725

G1X244.9903Y-294.6781

G1X244.0946Y-295.2305

G1X242.5792Y-295.9331

G1X235.1308Y-298.9587

G1X233.9336Y-299.5364

G1X233.0114Y-300.1139

G1X231.8925Y-301.1100

G1X230.9499Y-302.3684

G1X230.3343Y-303.5480

G1X229.9900Y-304.7908

G1X229.8678Y-306.0417

G1X229.9038Y-307.0083

G1X230.0942Y-307.9283

G1X230.5005Y-308.9398

G1X231.3378Y-310.3403

G1X232.8848Y-312.4600

G1X235.9782Y-316.0092

G1X237.1411Y-317.6551

G1X237.8887Y-319.0396

G1X238.4937Y-320.4755

G1X238.9325Y-321.8825

G1X239.1617Y-323.1901

G1X239.2739Y-325.2388

G1X239.2101Y-326.8800

G1X238.9655Y-328.4594

G1X238.5066Y-329.9895

G1X237.9862Y-331.1799

G1X237.3597Y-332.3147

G1X235.4088Y-334.8949

G1X234.3580Y-336.5866

G1X233.8190Y-337.3042

G1X232.5222Y-338.4568

G1X231.3371Y-339.1982

G1X230.0785Y-339.6612

G1X228.3222Y-339.9704

G1X226.1710Y-340.0742

G1X223.8282Y-339.9477

G1X221.1926Y-339.5814

G1X218.2274Y-338.9790

G1X215.3682Y-338.2533

G1X212.2415Y-337.3117

G1X208.6194Y-336.0715

G1X205.4242Y-334.8507

G1X196.9291Y-331.1971

G1X180.7274Y-323.8123

G1X177.8917Y-322.6849

G1X176.2820Y-322.2027

G1X175.3177Y-322.1162

G1X174.9570Y-322.2352

G1X174.7552Y-322.4356

G1X174.2173Y-323.6270

G1X173.9218Y-323.6030

G1X172.9353Y-323.2041

G1X172.6465Y-323.1901

G1X172.5689Y-323.3003

G1X172.5883Y-323.5307

G1X172.8919Y-324.2507

G1X174.7789Y-327.2618

G1X178.9874Y-333.3173

G1X187.8035Y-345.6851

G1X186.0839Y-347.5689

G1 Z0F20000

(Start Block)


G1X187.0650Y-348.8616
G1Z5F20000
(Plotting speed under)
G1 F4000


G1X185.8623Y-350.2469

G1X185.4658Y-350.5429

G1X185.0317Y-350.7360

G1X184.3031Y-350.8914

G1X183.4934Y-350.9279

G1X182.4105Y-350.8457

G1X181.4642Y-350.6781

G1X180.1148Y-350.2902

G1X178.0769Y-349.5684

G1X171.9542Y-347.0203

G1X170.6977Y-346.3670

G1X166.2418Y-343.6980

G1X165.1016Y-343.1989

G1X164.5888Y-343.1711

G1X164.2255Y-343.3307

G1X163.2711Y-344.3163

G1X161.9465Y-345.2755

G1X161.4662Y-345.3968

G1X160.9482Y-345.3008

G1X160.0068Y-344.7963

G1X158.3821Y-343.6267

G1X155.8505Y-341.4946

G1X155.0806Y-341.1750

G1X154.2911Y-341.1505

G1X153.6623Y-341.3495

G1X153.2094Y-341.6604

G1X150.7356Y-344.4591

G1X148.9463Y-345.9660

G1X147.5873Y-347.4904

G1X147.0498Y-348.3443

G1X146.5364Y-349.4254

G1X144.3012Y-355.1976

G1X143.7903Y-356.3289

G1X143.2846Y-357.1518

G1X142.6812Y-357.9202

G1X142.0537Y-358.5079

G1X141.4861Y-358.8610

G1X141.0041Y-359.0075

G1X140.4108Y-359.0156

G1X138.7524Y-358.5569

G1X130.8955Y-353.9828

G1X130.3590Y-353.7487

G1X129.8764Y-353.6512

G1X128.9625Y-353.6744

G1X127.8242Y-353.9290

G1X125.8475Y-354.8449

G1X125.1705Y-355.0654

G1X120.7416Y-355.6748

G1X118.2082Y-356.4459

G1X117.5062Y-356.4166

G1X114.7206Y-355.6187

G1X113.8442Y-355.5500

G1X112.9311Y-355.8804

G1X111.6985Y-356.7477

G1X109.4406Y-358.6688

G1X106.7589Y-361.2152

G1X105.5716Y-362.2027

G1X103.5071Y-363.4784

G1X102.7668Y-363.7696

G1X102.1999Y-363.8444

G1X101.7951Y-363.7377

G1X101.4690Y-363.4506

G1X101.2086Y-363.0078

G1X100.9716Y-362.3416

G1X100.4804Y-359.6149

G1X100.4902Y-355.9479

G1X100.3851Y-354.7954

G1X100.1428Y-353.9855

G1X99.8514Y-353.4025

G1X99.4903Y-352.9621

G1X98.9751Y-352.6125

G1X98.5656Y-352.4764

G1X98.1210Y-352.4813

G1X96.0201Y-353.0584

G1X95.2330Y-353.1017

G1X94.0527Y-352.7662

G1X92.6852Y-352.1474

G1X91.3055Y-351.3661

G1X90.4425Y-351.0900

G1X89.0636Y-351.0050

G1X87.0696Y-351.0539

G1X84.9630Y-351.2197

G1X84.0125Y-351.1543

G1X83.2213Y-350.8658

G1X81.7639Y-349.9343

G1X80.1640Y-349.0962

G1X78.4739Y-348.4444

G1X77.2284Y-348.1405

G1X75.8791Y-347.9179

G1X70.8773Y-347.5811

G1X66.5936Y-346.8775

G1X65.8025Y-346.6629

G1X65.2058Y-346.3915

G1X64.3951Y-345.7876

G1X63.9252Y-345.3349

G1X63.6013Y-344.7649

G1X63.5123Y-344.1347

G1X63.6529Y-343.3561

G1X64.0356Y-342.3869

G1X64.7657Y-341.0013

G1X65.7749Y-339.3661

G1X68.5488Y-335.4475

G1X71.6691Y-331.6572

G1X77.8706Y-324.5418

G1X81.6535Y-320.4256

G1X89.2653Y-312.5160

G1X90.9215Y-310.5672

G1X91.3295Y-309.8480

G1X91.4750Y-309.2465

G1X91.4125Y-308.1297

G1X91.0131Y-307.0311

G1X91.0529Y-306.6280

G1X91.2580Y-306.0616

G1X91.7502Y-305.1643

G1X92.4570Y-304.1697

G1X94.9625Y-301.5157

G1X95.4770Y-300.6786

G1X95.6790Y-300.0681

G1X95.6643Y-299.5961

G1X95.4334Y-299.2099

G1X95.0298Y-298.8904

G1X94.2148Y-298.4376

G1X87.7078Y-296.2032

G1X83.1343Y-295.1808

G1X79.8076Y-294.1549

G1X78.5000Y-293.5418

G1X71.9193Y-289.7686

G1X71.3601Y-289.3017

G1X71.0428Y-288.8045

G1X70.9435Y-288.3136

G1X70.9022Y-287.2081

G1X70.5968Y-285.9202

G1X70.2570Y-284.8402

G1X69.4926Y-283.0878

G1X69.0877Y-281.5273

G1X69.0267Y-280.8408

G1X69.0756Y-279.8617

G1X69.1990Y-279.2786

G1X69.4051Y-278.8048

G1X69.8813Y-278.1490

G1X70.4735Y-277.5553

G1X71.0747Y-277.1162

G1X71.8338Y-276.7086

G1X73.7552Y-276.0420

G1X76.9839Y-275.2507

G1X85.3250Y-273.7559

G1X87.7669Y-273.1836

G1X88.8126Y-272.8561

G1X89.4468Y-272.5582

G1X89.9531Y-272.0990

G1X90.1341Y-271.7103

G1X90.1076Y-271.3549

G1X89.9657Y-271.0499

G1X89.3388Y-270.3577

G1X82.0121Y-265.0972

G1X80.3072Y-263.5866

G1X79.0448Y-262.2030

G1X78.5767Y-261.5191

G1X78.3624Y-261.0185

G1X77.7939Y-258.0514

G1X77.4650Y-257.1305

G1X76.8858Y-256.2194

G1X74.7853Y-253.7247

G1X74.0310Y-252.6461

G1X73.0000Y-250.7015

G1X72.6781Y-249.8419

G1X72.5172Y-249.1403

G1X72.5338Y-247.0825

G1X72.2679Y-244.9418

G1X72.2447Y-244.0672

G1X72.5117Y-242.5312

G1X72.7297Y-241.9817

G1X73.0341Y-241.4916

G1X73.6905Y-240.8857

G1X77.0307Y-238.5590

G1X79.2511Y-237.4111

G1X81.7685Y-236.5915

G1X82.9648Y-235.8858

G1X83.2251Y-235.6106

G1X83.4038Y-235.2568

G1X83.4754Y-234.7096

G1X83.3628Y-233.9470

G1X81.5389Y-227.7721

G1X81.2738Y-226.6056

G1X81.1645Y-225.6033

G1X81.2462Y-224.1191

G1X81.6610Y-222.4298

G1X82.1778Y-221.1833

G1X82.8369Y-220.3751

G1X83.8255Y-219.6838

G1X84.6396Y-219.4644

G1X85.6180Y-219.6170

G1X86.7372Y-220.1233

G1X88.6890Y-221.3302

G1X92.2774Y-223.8224

G1X97.0716Y-227.4701

G1X98.7912Y-228.6030

G1X100.1683Y-229.2635

G1X101.9016Y-229.8233

G1X103.6721Y-229.9851

G1X104.1951Y-230.1099

G1X105.0450Y-230.4961

G1X106.0479Y-231.0796

G1X108.3788Y-232.7598

G1X112.2683Y-236.2383

G1X113.5925Y-237.1456

G1X114.7698Y-237.7333

G1X115.3400Y-237.8711

G1X116.6973Y-237.8893

G1X119.7040Y-238.7964

G1X120.2708Y-238.8504

G1X120.6622Y-238.6245

G1X121.3407Y-237.6240

G1X122.0869Y-236.8555

G1X122.5093Y-236.5903

G1X122.8729Y-236.5626

G1X123.5422Y-236.8483

G1X124.7326Y-237.7230

G1X126.7312Y-239.5853

G1X127.2328Y-239.8694

G1X128.2433Y-240.2421

G1X129.4817Y-240.9301

G1X130.1495Y-241.4293

G1X131.4349Y-242.6591

G1X132.4456Y-243.2655

G1X132.8846Y-243.3275

G1X133.2173Y-243.2059

G1X135.2502Y-241.2882

G1X135.8861Y-240.9716

G1X136.6501Y-240.8288

G1X137.3758Y-240.8591

G1X137.8905Y-241.0394

G1X138.2647Y-241.3432

G1X139.2018Y-242.4660

G1X139.8892Y-242.8874

G1X140.2538Y-242.9068

G1X140.5941Y-242.6848

G1X140.9198Y-242.2411

G1X143.2031Y-238.0085

G1X145.7348Y-233.7834

G1X146.5516Y-232.1775

G1X148.5097Y-227.9134

G1X149.5503Y-225.8796

G1X151.1355Y-223.0088

G1X152.2736Y-221.3214

G1X153.1260Y-220.4720

G1X156.6049Y-217.9191

G1X157.7021Y-216.8613

G1X159.1149Y-215.1195

G1X165.6562Y-206.3921

G1X166.9868Y-204.8453

G1X168.6725Y-203.1491

G1X170.2628Y-201.8308

G1X171.4985Y-201.1287

G1X172.0490Y-200.9742

G1X172.6593Y-200.9344

G1X173.2252Y-201.0141

G1X173.9295Y-201.2345

G1X174.6126Y-201.5578

G1X175.3052Y-202.1491

G1X176.5540Y-203.5700

G1X177.7636Y-205.2880

G1X178.4141Y-205.8767

G1X179.3116Y-206.2939

G1X180.9704Y-206.7506

G1X183.1309Y-207.0615

G1X183.6522Y-207.3067

G1X184.0456Y-207.6765

G1X184.6580Y-208.6771

G1X185.1351Y-210.0261

G1X185.3137Y-211.0075

G1X185.3774Y-213.2141

G1X185.4677Y-213.9927

G1X185.6670Y-214.5581

G1X186.1163Y-215.1189

G1X186.8790Y-215.5555

G1X188.0577Y-215.8713

G1X188.7490Y-215.8749

G1X190.4872Y-215.6883

G1X191.2287Y-215.7627

G1X191.7519Y-216.0059

G1X192.2215Y-216.3562

G1X192.6148Y-216.8031

G1X192.8793Y-217.2473

G1X193.1695Y-218.1003

G1X193.2404Y-219.1178

G1X192.7522Y-228.1120

G1X192.5273Y-230.0178

G1X191.7099Y-233.3589

G1X191.3911Y-235.2619

G1X191.3064Y-236.4651

G1X191.4940Y-237.3133

G1X191.7852Y-237.7076

G1X192.2599Y-238.0672

G1X193.4293Y-238.7026

G1X195.3462Y-239.4182

G1X195.8246Y-239.7567

G1X196.3260Y-240.2548

G1X196.7813Y-240.9136

G1X197.0542Y-241.5516

G1X197.1818Y-243.4495

G1X197.3331Y-244.0208

G1X197.8731Y-244.8916

G1X198.7533Y-245.7761

G1X200.7283Y-247.0353

G1X202.5403Y-248.6596

G1X204.0983Y-249.7081

G1X205.3619Y-250.3841

G1X209.9283Y-252.4222

G1X210.4487Y-252.8886

G1X210.6965Y-253.4425

G1X210.7698Y-253.9903

G1X210.7139Y-254.5897

G1X210.2646Y-255.8171

G1X209.6082Y-256.7329

G1X207.4101Y-259.2900

G1X206.4145Y-260.8791

G1X205.8410Y-262.1447

G1X205.5790Y-263.1772

G1X205.5605Y-264.1456

G1X205.8259Y-265.0385

G1X206.3674Y-265.8507

G1X207.2508Y-266.6284

G1X208.4092Y-267.3237

G1X209.7967Y-267.9289

G1X211.5397Y-268.5016

G1X216.2676Y-269.6251

G1X222.6036Y-270.8077

G1X229.0798Y-272.1471

G1X231.7358Y-272.8611

G1X234.4525Y-273.8499

G1X237.5868Y-275.3427

G1X239.7719Y-276.7428

G1X244.0173Y-280.0949

G1X245.2132Y-281.2278

G1X246.3180Y-282.4809

G1X247.1574Y-283.6233

G1X247.7702Y-284.6930

G1X248.1405Y-285.6440

G1X248.3860Y-286.7144

G1X248.8352Y-289.8931

G1X248.8718Y-290.7993

G1X248.6966Y-291.6840

G1X248.1198Y-292.7942

G1X247.5281Y-293.5597

G1X246.8537Y-294.2271

G1X245.9366Y-294.9340

G1X245.0800Y-295.4420

G1X243.3421Y-296.2305

G1X235.6319Y-299.3056

G1X234.5034Y-299.8607

G1X233.5979Y-300.4599

G1X232.4957Y-301.5125

G1X231.4221Y-303.0639

G1X230.8908Y-304.3825

G1X230.5762Y-306.0390

G1X230.5029Y-307.1155

G1X230.6127Y-308.0485

G1X230.9294Y-308.9955

G1X231.5289Y-310.1467

G1X232.3402Y-311.3736

G1X233.3965Y-312.7674

G1X236.8635Y-316.5071

G1X238.4405Y-318.5401

G1X239.4149Y-319.9927

G1X240.1384Y-321.2453

G1X240.6794Y-322.4029

G1X241.0536Y-323.4950

G1X241.4324Y-325.2227

G1X241.6734Y-327.2221

G1X241.6723Y-328.9551

G1X241.4813Y-330.6582

G1X241.1510Y-332.1560

G1X240.6938Y-333.3748

G1X240.0874Y-334.4089

G1X239.1277Y-335.6036

G1X237.4519Y-337.3328

G1X235.9730Y-338.5495

G1X233.7438Y-339.9376

G1X232.9077Y-340.3148

G1X232.0696Y-340.5808

G1X229.8599Y-340.9222

G1X227.2871Y-340.9740

G1X224.6317Y-340.7417

G1X221.5500Y-340.2069

G1X218.1557Y-339.4193

G1X214.8409Y-338.4965

G1X211.0691Y-337.2773

G1X207.2383Y-335.8884

G1X203.1781Y-334.2395

G1X197.5026Y-331.7791

G1X179.6010Y-323.4727

G1X176.7943Y-322.4925

G1X176.0050Y-322.3642

G1X175.4445Y-322.4471

G1X175.2485Y-322.6212

G1X175.1361Y-322.8775

G1X174.9182Y-324.3277

G1X174.6181Y-324.3680

G1X173.7463Y-324.0509

G1X173.4401Y-324.0208

G1X173.3261Y-324.2295

G1X173.5013Y-324.7968

G1X174.5716Y-326.6642

G1X177.0548Y-330.3522

G1X188.7548Y-346.8599

G1X187.0650Y-348.8616

G1 Z0F20000

(Start Block)


G1X188.0405Y-350.1468
G1Z5F20000
(Plotting speed under)
G1 F4000


G1X186.9218Y-351.5934

G1X186.4756Y-351.9726

G1X186.0537Y-352.1805

G1X185.3245Y-352.3610

G1X184.5091Y-352.4162

G1X183.4118Y-352.3462

G1X182.4650Y-352.1805

G1X179.3452Y-351.1538

G1X175.6127Y-349.5569

G1X172.3482Y-348.3905

G1X168.5646Y-346.3935

G1X166.6602Y-345.2804

G1X165.6873Y-344.9412

G1X165.3280Y-344.9833

G1X165.0051Y-345.1744

G1X164.1577Y-346.2176

G1X162.9551Y-347.3882

G1X162.5179Y-347.6079

G1X162.1033Y-347.5996

G1X161.1613Y-347.0970

G1X159.7349Y-345.8812

G1X158.5584Y-344.7615

G1X156.6608Y-342.5988

G1X155.9432Y-341.9017

G1X155.1926Y-341.4736

G1X154.7907Y-341.3886

G1X154.4251Y-341.4087

G1X153.6705Y-341.6901

G1X153.2515Y-342.0517

G1X152.3045Y-343.3627

G1X149.3985Y-346.8619

G1X148.6058Y-348.0027

G1X147.7333Y-349.4753

G1X146.9897Y-351.0113

G1X145.5975Y-354.4315

G1X144.4954Y-357.4235

G1X143.9797Y-358.5693

G1X143.4738Y-359.4034

G1X142.8722Y-360.1924

G1X142.2463Y-360.7992

G1X141.6792Y-361.1573

G1X141.1304Y-361.3054

G1X140.5419Y-361.2677

G1X139.8471Y-361.0586

G1X138.9075Y-360.6431

G1X136.8341Y-359.1110

G1X134.3629Y-357.4343

G1X130.8753Y-354.8368

G1X130.0939Y-354.4893

G1X129.1162Y-354.4479

G1X127.5343Y-354.8834

G1X125.2797Y-356.1210

G1X122.7251Y-357.1041

G1X118.4876Y-359.1213

G1X117.5580Y-359.4573

G1X117.0996Y-359.5181

G1X116.5891Y-359.4515

G1X115.1458Y-358.8711

G1X113.5256Y-358.4132

G1X112.9108Y-358.3821

G1X112.2641Y-358.5539

G1X111.4585Y-359.0055

G1X110.4131Y-359.7905

G1X104.6600Y-364.7053

G1X102.4630Y-366.0163

G1X101.7209Y-366.3039

G1X101.1454Y-366.3896

G1X100.7275Y-366.3039

G1X100.3859Y-366.0472

G1X100.0677Y-365.5558

G1X99.8195Y-364.9070

G1X99.5283Y-363.6931

G1X99.2711Y-362.1067

G1X99.2422Y-358.3547

G1X99.1288Y-357.1998

G1X98.8579Y-356.2986

G1X98.5280Y-355.6483

G1X98.1184Y-355.1587

G1X97.6247Y-354.8129

G1X97.3099Y-354.6852

G1X96.8622Y-354.6473

G1X94.7647Y-355.0309

G1X93.8665Y-354.9587

G1X93.0827Y-354.6888

G1X91.6944Y-354.0301

G1X90.0107Y-353.0817

G1X88.9579Y-352.7889

G1X86.0167Y-352.7351

G1X83.5139Y-352.9167

G1X82.6747Y-352.8420

G1X81.8160Y-352.4947

G1X80.4209Y-351.5195

G1X78.6739Y-350.4944

G1X77.1747Y-349.8935

G1X75.9312Y-349.6025

G1X74.5756Y-349.4030

G1X69.5720Y-349.1940

G1X67.6504Y-348.9577

G1X64.9848Y-348.4819

G1X64.0859Y-348.2525

G1X63.4792Y-347.9923

G1X62.5251Y-347.2855

G1X62.0693Y-346.8253

G1X61.7614Y-346.2472

G1X61.6825Y-345.6131

G1X61.8261Y-344.8342

G1X62.2469Y-343.7787

G1X62.9947Y-342.3697

G1X64.0191Y-340.7133

G1X66.8747Y-336.6836

G1X70.0142Y-332.8712

G1X76.5997Y-325.3006

G1X80.3702Y-321.1858

G1X88.2428Y-312.9811

G1X89.7327Y-311.2197

G1X90.1597Y-310.4668

G1X90.3169Y-309.8116

G1X90.2604Y-308.7415

G1X89.8198Y-307.8500

G1X89.7490Y-307.5582

G1X89.9885Y-306.6088

G1X90.4095Y-305.7952

G1X91.0818Y-304.7940

G1X93.4879Y-302.1355

G1X93.9761Y-301.2867

G1X94.1889Y-300.5741

G1X94.1765Y-299.9484

G1X93.8591Y-299.3441

G1X93.2050Y-298.7427

G1X92.3164Y-298.2594

G1X90.6046Y-297.5810

G1X87.4244Y-296.6087

G1X85.7064Y-296.1784

G1X82.0610Y-295.4532

G1X80.0096Y-294.9011

G1X78.4981Y-294.3896

G1X77.3907Y-293.8584

G1X75.6522Y-292.7548

G1X70.1007Y-289.5789

G1X69.6478Y-289.1244

G1X69.3832Y-288.5623

G1X68.7931Y-284.5637

G1X68.3315Y-282.7956

G1X67.7286Y-281.0696

G1X67.3809Y-279.5641

G1X67.3477Y-279.0584

G1X67.4188Y-278.6637

G1X67.6990Y-278.1210

G1X68.0782Y-277.6354

G1X69.0605Y-276.8467

G1X70.4385Y-276.2125

G1X72.4621Y-275.6300

G1X75.6979Y-274.9137

G1X84.8779Y-273.4468

G1X87.6874Y-272.8717

G1X88.5675Y-272.6256

G1X89.1519Y-272.3651

G1X89.5772Y-272.0072

G1X89.7734Y-271.6193

G1X89.7371Y-271.2593

G1X89.5780Y-270.9478

G1X88.9345Y-270.2675

G1X81.0635Y-264.8016

G1X79.1908Y-263.2025

G1X77.7790Y-261.7160

G1X77.2927Y-261.0445

G1X77.0123Y-260.4429

G1X76.3385Y-257.3069

G1X75.9692Y-256.3744

G1X75.3826Y-255.5164

G1X73.1491Y-252.9660

G1X72.3073Y-251.8195

G1X71.2064Y-249.8776

G1X70.8214Y-248.9353

G1X70.6412Y-248.2450

G1X70.5992Y-247.6256

G1X70.6874Y-246.0449

G1X70.4621Y-243.8721

G1X70.4544Y-242.9829

G1X70.7442Y-241.3687

G1X70.9654Y-240.8299

G1X71.2768Y-240.3533

G1X72.2070Y-239.5991

G1X74.5610Y-238.1244

G1X76.2573Y-237.1721

G1X78.0300Y-236.3306

G1X80.1308Y-235.6694

G1X81.2876Y-235.0592

G1X81.8427Y-234.6487

G1X82.1432Y-234.1312

G1X82.2032Y-233.5733

G1X82.0606Y-232.7414

G1X79.8802Y-225.9390

G1X79.5578Y-224.6150

G1X79.4165Y-223.4473

G1X79.4769Y-221.5295

G1X79.9122Y-219.3315

G1X80.3950Y-218.2308

G1X81.1496Y-217.4969

G1X81.8153Y-217.0793

G1X82.5793Y-216.9265

G1X83.3163Y-217.0356

G1X84.2718Y-217.4211

G1X85.8317Y-218.3464

G1X87.9827Y-219.8409

G1X91.5525Y-222.4502

G1X96.0682Y-226.0109

G1X97.7608Y-227.1514

G1X98.7955Y-227.6856

G1X99.8251Y-228.0729

G1X101.2860Y-228.4762

G1X103.0693Y-228.5730

G1X103.6604Y-228.7952

G1X104.5911Y-229.2938

G1X106.0431Y-230.2597

G1X107.5118Y-231.4082

G1X111.9140Y-235.5879

G1X113.1489Y-236.5068

G1X114.2359Y-237.1095

G1X114.9857Y-237.2959

G1X115.9113Y-237.0379

G1X116.4027Y-237.0304

G1X118.2303Y-237.4522

G1X119.3661Y-237.8696

G1X119.8943Y-237.8636

G1X120.2040Y-237.5163

G1X120.7085Y-235.8607

G1X121.2795Y-234.8156

G1X121.6767Y-234.3757

G1X122.0964Y-234.3153

G1X122.7231Y-234.7215

G1X123.6074Y-235.6552

G1X124.7295Y-236.9963

G1X126.3388Y-239.2536

G1X126.8858Y-239.8565

G1X127.4876Y-240.2166

G1X129.2170Y-240.7010

G1X129.7807Y-240.9341

G1X131.3779Y-242.2973

G1X132.5370Y-243.1426

G1X132.9685Y-243.2463

G1X133.5001Y-243.0545

G1X134.2355Y-242.4506

G1X135.1127Y-241.3778

G1X135.5790Y-240.9629

G1X136.2845Y-240.5256

G1X136.9307Y-240.3823

G1X137.5161Y-240.4539

G1X137.9958Y-240.6976

G1X139.2126Y-242.2828

G1X139.8937Y-242.8046

G1X140.2562Y-242.8665

G1X140.5953Y-242.6691

G1X140.9211Y-242.2318

G1X142.1449Y-239.8657

G1X145.5936Y-234.0121

G1X146.5328Y-232.0685

G1X148.7603Y-226.8231

G1X149.9339Y-224.3667

G1X151.5961Y-221.1627

G1X152.8126Y-219.2901

G1X153.6085Y-218.5083

G1X156.9697Y-216.2875

G1X158.2101Y-215.1789

G1X159.4911Y-213.6243

G1X166.2311Y-204.7168

G1X167.7184Y-203.0291

G1X169.4317Y-201.3761

G1X171.0408Y-200.1196

G1X171.7401Y-199.7025

G1X172.3807Y-199.4295

G1X173.0221Y-199.2855

G1X173.6204Y-199.2655

G1X174.3652Y-199.3744

G1X175.1695Y-199.6039

G1X176.1153Y-200.1665

G1X177.3368Y-201.3106

G1X178.8153Y-203.2871

G1X179.5477Y-203.9386

G1X180.3654Y-204.3419

G1X182.0259Y-204.8824

G1X184.1916Y-205.2799

G1X184.6347Y-205.4919

G1X185.0418Y-205.8590

G1X185.6592Y-206.8349

G1X186.1795Y-208.2642

G1X186.3913Y-209.3477

G1X186.5547Y-212.3161

G1X186.7816Y-212.9524

G1X187.2381Y-213.4878

G1X188.0083Y-213.8950

G1X189.3036Y-214.1854

G1X189.9897Y-214.1667

G1X191.8332Y-213.9039

G1X192.6641Y-213.9559

G1X193.1876Y-214.1873

G1X193.6568Y-214.5295

G1X194.0490Y-214.9703

G1X194.3586Y-215.5052

G1X194.6303Y-216.3652

G1X194.6819Y-217.4786

G1X193.9737Y-227.0487

G1X193.6060Y-229.0771

G1X192.4311Y-232.7468

G1X191.8606Y-235.0506

G1X191.7018Y-236.2001

G1X191.8421Y-237.0047

G1X192.2017Y-237.4424

G1X192.8107Y-237.7836

G1X194.0668Y-238.2575

G1X196.1151Y-238.6665

G1X196.5319Y-238.8466

G1X196.9618Y-239.1530

G1X197.5696Y-239.8428

G1X198.0249Y-240.7481

G1X198.1254Y-241.3270

G1X198.1629Y-242.7024

G1X198.2876Y-243.2626

G1X198.6313Y-243.8748

G1X199.2342Y-244.5500

G1X200.0674Y-245.2903

G1X201.8232Y-246.5089

G1X203.1583Y-248.2059

G1X204.3790Y-249.2258

G1X205.8901Y-250.1123

G1X210.6167Y-252.0655

G1X211.2440Y-252.5561

G1X211.5810Y-253.2723

G1X211.6440Y-253.7342

G1X211.6014Y-254.3343

G1X211.1938Y-255.5224

G1X210.6741Y-256.2960

G1X208.8761Y-258.4405

G1X208.1634Y-259.4552

G1X207.1316Y-261.1917

G1X206.3811Y-262.8666

G1X206.1129Y-263.7545

G1X206.0646Y-264.4885

G1X206.2700Y-265.3394

G1X206.6993Y-266.0272

G1X207.3994Y-266.6476

G1X208.4741Y-267.2523

G1X209.8632Y-267.8063

G1X211.6696Y-268.3623

G1X216.7147Y-269.4747

G1X223.2334Y-270.6490

G1X229.2892Y-271.8849

G1X232.1257Y-272.6050

G1X234.7453Y-273.5111

G1X238.5545Y-275.2518

G1X241.2670Y-276.8394

G1X246.4510Y-280.3486

G1X247.5889Y-281.3155

G1X248.7104Y-282.5385

G1X249.4250Y-283.5401

G1X249.9126Y-284.4638

G1X250.1646Y-285.2010

G1X250.2713Y-286.1105

G1X250.0408Y-290.9748

G1X249.7261Y-291.9404

G1X248.9885Y-293.1977

G1X248.4251Y-293.8886

G1X247.7265Y-294.5560

G1X246.9053Y-295.1675

G1X246.0560Y-295.6546

G1X243.9956Y-296.5707

G1X236.3648Y-299.5545

G1X235.2632Y-300.0964

G1X234.3861Y-300.6836

G1X233.2321Y-301.8188

G1X232.1577Y-303.4236

G1X231.6321Y-304.8576

G1X231.1797Y-307.0849

G1X231.1767Y-308.0943

G1X231.3926Y-308.9846

G1X231.9002Y-310.1363

G1X232.6501Y-311.3698

G1X234.0177Y-313.1474

G1X237.8454Y-317.0631

G1X240.3916Y-320.0743

G1X242.0093Y-322.3533

G1X242.5710Y-323.3962

G1X243.0206Y-324.4562

G1X243.5909Y-326.3211

G1X243.9984Y-328.3038

G1X244.1405Y-330.1062

G1X244.1037Y-332.2304

G1X243.9449Y-333.6579

G1X243.6579Y-334.7035

G1X243.1298Y-335.7405

G1X242.3466Y-336.7662

G1X241.0879Y-337.9484

G1X239.5811Y-338.9202

G1X235.5132Y-340.9219

G1X233.7365Y-341.5139

G1X231.4070Y-341.8149

G1X228.7647Y-341.8353

G1X226.1693Y-341.5902

G1X223.1033Y-341.0394

G1X219.2120Y-340.1138

G1X215.4984Y-339.0681

G1X211.3497Y-337.7171

G1X207.2660Y-336.2257

G1X202.6492Y-334.3497

G1X197.6262Y-332.1609

G1X179.7947Y-323.7191

G1X177.1606Y-322.7814

G1X176.3662Y-322.6524

G1X175.8522Y-322.7376

G1X175.6780Y-322.8911

G1X175.5730Y-323.2219

G1X175.5969Y-325.0669

G1X175.3274Y-325.1470

G1X174.4928Y-324.8852

G1X174.1991Y-324.8762

G1X174.0971Y-325.1059

G1X174.2851Y-325.6957

G1X175.3759Y-327.5969

G1X177.9118Y-331.3675

G1X189.7061Y-348.0348

G1X188.0405Y-350.1468

G1 Z0F20000

(Start Block)


G1X189.0263Y-351.4455
G1Z5F20000
(Plotting speed under)
G1 F4000


G1X187.9318Y-352.9842

G1X187.4908Y-353.3909

G1X187.0746Y-353.6135

G1X186.3676Y-353.8110

G1X185.5745Y-353.8848

G1X184.6112Y-353.8461

G1X183.6337Y-353.7000

G1X182.2972Y-353.3244

G1X180.1334Y-352.5392

G1X176.2878Y-350.8707

G1X172.8044Y-349.7833

G1X169.4560Y-348.1885

G1X167.2672Y-346.9026

G1X166.4676Y-346.6456

G1X166.1156Y-346.6945

G1X165.7322Y-346.9613

G1X164.9380Y-348.0832

G1X163.7130Y-349.5023

G1X163.3022Y-349.7138

G1X162.9036Y-349.6846

G1X162.3380Y-349.3888

G1X161.6130Y-348.8062

G1X159.4869Y-346.6318

G1X156.8307Y-343.2328

G1X156.0713Y-342.3819

G1X155.3335Y-341.8714

G1X154.9361Y-341.7547

G1X154.5817Y-341.7612

G1X153.7823Y-342.0802

G1X153.3841Y-342.4543

G1X152.4413Y-343.9311

G1X150.8182Y-346.0721

G1X149.6207Y-347.9309

G1X148.6377Y-349.7882

G1X147.3728Y-352.5770

G1X144.2344Y-360.5061

G1X143.7154Y-361.4020

G1X143.1200Y-362.2240

G1X142.4991Y-362.8707

G1X141.9347Y-363.2626

G1X141.3448Y-363.4459

G1X140.7644Y-363.4045

G1X140.0766Y-363.1685

G1X139.0438Y-362.6294

G1X138.3438Y-362.1041

G1X136.7359Y-360.6533

G1X134.3886Y-358.8721

G1X132.5307Y-357.1565

G1X130.9263Y-355.8332

G1X130.0019Y-355.3644

G1X129.0523Y-355.3289

G1X128.0693Y-355.5866

G1X127.0797Y-356.0232

G1X125.1685Y-357.2466

G1X122.3870Y-358.7807

G1X119.4963Y-360.8594

G1X117.9413Y-361.7908

G1X116.9520Y-362.2372

G1X116.3388Y-362.3596

G1X115.8301Y-362.2977

G1X114.3182Y-361.6072

G1X112.5235Y-361.0710

G1X111.9004Y-361.0666

G1X111.2272Y-361.2749

G1X110.4810Y-361.7031

G1X109.5930Y-362.3542

G1X107.1757Y-364.2913

G1X104.6388Y-366.4720

G1X103.6383Y-367.2251

G1X101.4060Y-368.4988

G1X100.6485Y-368.7797

G1X100.0596Y-368.8593

G1X99.6306Y-368.7675

G1X99.2780Y-368.5038

G1X98.9469Y-368.0051

G1X98.6857Y-367.3490

G1X98.3749Y-366.1223

G1X98.0973Y-364.5260

G1X98.0311Y-360.6891

G1X97.8928Y-359.4593

G1X97.6415Y-358.6271

G1X97.2700Y-357.8755

G1X96.8045Y-357.3132

G1X96.2407Y-356.9153

G1X95.5272Y-356.7679

G1X93.6150Y-356.9771

G1X92.8246Y-356.8794

G1X91.6019Y-356.3854

G1X88.7760Y-354.8445

G1X87.7259Y-354.5430

G1X86.7387Y-354.4589

G1X84.8436Y-354.4455

G1X82.3525Y-354.6274

G1X81.3225Y-354.5479

G1X80.4561Y-354.1756

G1X79.1490Y-353.1902

G1X77.3083Y-351.9932

G1X76.5752Y-351.6245

G1X75.8469Y-351.3736

G1X74.5093Y-351.0721

G1X72.9435Y-350.8751

G1X69.3960Y-350.8614

G1X67.4574Y-350.7165

G1X63.3983Y-350.0648

G1X62.3940Y-349.8197

G1X61.7010Y-349.5254

G1X60.8275Y-348.8780

G1X60.3007Y-348.3628

G1X59.9824Y-347.7969

G1X59.8840Y-347.0661

G1X60.0302Y-346.2885

G1X60.4463Y-345.2376

G1X61.1828Y-343.8383

G1X62.2536Y-342.0984

G1X65.1010Y-338.0630

G1X68.2727Y-334.1971

G1X75.2506Y-326.1530

G1X79.1640Y-321.8701

G1X87.1571Y-313.5229

G1X88.6063Y-311.7849

G1X89.0397Y-310.9600

G1X89.1623Y-310.2607

G1X89.0748Y-309.2545

G1X88.5976Y-308.4703

G1X88.5043Y-308.1817

G1X88.6798Y-307.2902

G1X89.0803Y-306.4448

G1X89.7406Y-305.4052

G1X91.6332Y-303.2900

G1X92.1456Y-302.6144

G1X92.5737Y-301.7732

G1X92.7761Y-300.9637

G1X92.7819Y-300.1552

G1X92.4897Y-299.4125

G1X91.8407Y-298.7309

G1X90.8945Y-298.1748

G1X89.6378Y-297.7145

G1X87.0023Y-296.9753

G1X84.7687Y-296.4550

G1X80.8506Y-295.7093

G1X78.8165Y-295.1828

G1X77.3150Y-294.6946

G1X76.1197Y-294.1232

G1X74.4837Y-292.9974

G1X71.7756Y-291.3563

G1X69.2757Y-290.0986

G1X68.3968Y-289.5379

G1X67.8683Y-288.8973

G1X67.5920Y-288.0509

G1X67.4082Y-286.8909

G1X67.3591Y-284.0844

G1X67.1862Y-282.8782

G1X65.6511Y-279.4621

G1X65.4707Y-278.8835

G1X65.4648Y-278.5081

G1X65.6314Y-278.0346

G1X65.9565Y-277.5296

G1X66.3608Y-277.1085

G1X67.4460Y-276.3928

G1X68.8090Y-275.8623

G1X71.0093Y-275.2892

G1X74.4120Y-274.5905

G1X84.0464Y-273.1878

G1X87.2257Y-272.6275

G1X88.5544Y-272.2155

G1X88.9998Y-271.8855

G1X89.2166Y-271.5206

G1X89.2022Y-271.1823

G1X89.0680Y-270.8908

G1X88.3537Y-270.1269

G1X80.0187Y-264.4755

G1X77.9578Y-262.7600

G1X76.4492Y-261.2143

G1X75.9441Y-260.5455

G1X75.5974Y-259.8441

G1X74.8558Y-256.6365

G1X74.4789Y-255.7089

G1X73.8287Y-254.7921

G1X71.4812Y-252.1909

G1X70.5578Y-250.9798

G1X69.3156Y-248.8681

G1X68.9242Y-247.9388

G1X68.7403Y-247.2547

G1X68.7013Y-246.5431

G1X68.8228Y-244.9932

G1X68.6318Y-242.7577

G1X68.6399Y-241.8839

G1X68.9405Y-240.2275

G1X69.1692Y-239.6754

G1X69.4918Y-239.1967

G1X69.9213Y-238.8043

G1X70.5224Y-238.4117

G1X72.6803Y-237.1763

G1X74.9570Y-235.9920

G1X76.6215Y-235.2156

G1X79.0193Y-234.3826

G1X80.3057Y-233.6300

G1X80.5763Y-233.3615

G1X80.7662Y-233.0154

G1X80.8500Y-232.4275

G1X80.6967Y-231.5294

G1X78.1922Y-224.0930

G1X77.8412Y-222.7148

G1X77.6576Y-221.3969

G1X77.6501Y-219.2915

G1X77.9936Y-216.8302

G1X78.4180Y-215.7607

G1X79.1919Y-214.9919

G1X79.8606Y-214.6060

G1X80.5281Y-214.4938

G1X81.3824Y-214.6368

G1X82.3265Y-215.0383

G1X83.9258Y-216.0132

G1X86.1280Y-217.5798

G1X90.1063Y-220.5601

G1X94.9417Y-224.4490

G1X96.7025Y-225.6604

G1X98.1161Y-226.3667

G1X99.9946Y-226.9506

G1X100.6230Y-227.0313

G1X101.7182Y-226.9934

G1X102.2285Y-227.0863

G1X103.7827Y-227.8737

G1X105.3038Y-228.9298

G1X106.8272Y-230.1782

G1X110.5258Y-233.9257

G1X111.6052Y-234.9143

G1X112.9012Y-235.9157

G1X113.9430Y-236.5005

G1X114.3345Y-236.6328

G1X114.6657Y-236.6357

G1X115.6041Y-236.1488

G1X116.0839Y-236.1214

G1X117.8216Y-236.4758

G1X118.9925Y-236.9357

G1X119.2763Y-236.9708

G1X119.5188Y-236.8920

G1X119.7854Y-236.4359

G1X120.1236Y-234.2392

G1X120.5718Y-232.9973

G1X121.0025Y-232.3265

G1X121.2121Y-232.2369

G1X121.5053Y-232.3005

G1X122.1802Y-232.9060

G1X123.1900Y-234.2267

G1X124.5164Y-236.1567

G1X126.3295Y-239.1984

G1X127.0173Y-240.0719

G1X127.3167Y-240.2989

G1X127.6654Y-240.4324

G1X129.4123Y-240.6071

G1X129.8297Y-240.7304

G1X130.3748Y-241.1038

G1X132.3951Y-242.8800

G1X132.7096Y-243.0770

G1X133.0655Y-243.1575

G1X133.5468Y-243.0425

G1X134.1067Y-242.6576

G1X135.1912Y-241.2107

G1X135.8481Y-240.5222

G1X136.3958Y-240.0978

G1X136.9237Y-239.9382

G1X137.5156Y-240.0046

G1X138.0603Y-240.3250

G1X139.1125Y-241.9019

G1X139.8622Y-242.6105

G1X140.2836Y-242.7295

G1X140.6953Y-242.4553

G1X141.1253Y-241.7748

G1X142.1050Y-239.8308

G1X144.8999Y-235.1681

G1X145.6923Y-233.7126

G1X146.5149Y-231.9177

G1X148.6715Y-226.5174

G1X149.8494Y-223.8501

G1X151.7412Y-219.9374

G1X153.0718Y-217.6845

G1X153.5870Y-217.0634

G1X154.0677Y-216.6396

G1X157.4569Y-214.5950

G1X158.6072Y-213.6373

G1X159.7590Y-212.2859

G1X165.5157Y-204.6695

G1X167.6114Y-202.1035

G1X168.9429Y-200.7308

G1X170.2427Y-199.5592

G1X171.4787Y-198.6200

G1X172.5948Y-197.9670

G1X173.4829Y-197.6555

G1X174.3981Y-197.5556

G1X175.5165Y-197.6835

G1X176.4358Y-197.9596

G1X177.2887Y-198.4662

G1X178.3754Y-199.3721

G1X179.9176Y-201.3868

G1X180.6605Y-202.0195

G1X181.5549Y-202.4689

G1X183.0736Y-203.0209

G1X185.0883Y-203.4398

G1X185.8565Y-203.8510

G1X186.5258Y-204.7240

G1X187.0959Y-206.0738

G1X187.4515Y-207.4971

G1X187.5557Y-209.9299

G1X187.6714Y-210.8071

G1X187.9457Y-211.4452

G1X188.5035Y-211.9842

G1X189.3105Y-212.3207

G1X190.6104Y-212.5429

G1X193.1315Y-212.1838

G1X193.8839Y-212.1827

G1X194.6493Y-212.4891

G1X195.3019Y-213.0561

G1X195.6380Y-213.5548

G1X195.8900Y-214.1432

G1X196.0290Y-214.7037

G1X196.0759Y-215.4157

G1X195.5437Y-222.3207

G1X195.2252Y-225.4664

G1X195.0126Y-226.7696

G1X194.7125Y-227.9599

G1X193.2073Y-232.0116

G1X192.3757Y-234.7197

G1X192.1638Y-235.8461

G1X192.2697Y-236.6283

G1X192.6222Y-237.0494

G1X193.3461Y-237.3841

G1X194.7556Y-237.7602

G1X197.0659Y-237.9855

G1X197.4805Y-238.1267

G1X197.9238Y-238.4051

G1X198.5279Y-239.0680

G1X199.0146Y-240.0466

G1X199.1139Y-240.6367

G1X199.1681Y-242.2422

G1X199.4592Y-242.9739

G1X199.9035Y-243.5303

G1X200.8952Y-244.4518

G1X202.3080Y-245.4695

G1X202.8225Y-245.9320

G1X203.1713Y-246.4399

G1X203.7735Y-247.6381

G1X204.3451Y-248.3214

G1X205.3270Y-249.1500

G1X206.3795Y-249.7784

G1X210.8439Y-251.4953

G1X211.5807Y-251.8415

G1X212.1061Y-252.2774

G1X212.4686Y-253.0400

G1X212.5014Y-254.0472

G1X212.1171Y-255.2343

G1X211.5993Y-256.0281

G1X209.9122Y-258.1263

G1X209.1468Y-259.2460

G1X208.0473Y-261.0505

G1X206.7969Y-263.4160

G1X206.5745Y-264.1092

G1X206.5448Y-264.8643

G1X206.6982Y-265.5256

G1X207.0092Y-266.0484

G1X207.6068Y-266.5930

G1X208.5156Y-267.0977

G1X209.7891Y-267.5905

G1X211.6394Y-268.1482

G1X215.1676Y-268.9196

G1X224.2099Y-270.5442

G1X230.3324Y-271.7999

G1X233.6505Y-272.6842

G1X236.7486Y-273.8586

G1X239.6476Y-275.2076

G1X241.6248Y-276.2489

G1X247.3393Y-279.6020

G1X249.1647Y-280.8194

G1X250.4471Y-281.9949

G1X251.4791Y-283.3182

G1X252.1112Y-284.6551

G1X252.2333Y-285.2179

G1X252.2433Y-285.7152

G1X252.1217Y-286.5127

G1X251.6558Y-288.3038

G1X251.3721Y-290.3891

G1X251.1328Y-291.3685

G1X250.3557Y-292.8994

G1X249.4114Y-294.1465

G1X248.1246Y-295.2431

G1X246.6210Y-296.0736

G1X241.5045Y-298.1727

G1X237.2964Y-299.7288

G1X236.1945Y-300.2551

G1X235.3156Y-300.8297

G1X234.1613Y-301.9427

G1X233.0413Y-303.5853

G1X232.5392Y-304.8882

G1X231.8664Y-307.5601

G1X231.8651Y-308.5828

G1X232.1560Y-309.6278

G1X232.7015Y-310.7979

G1X233.5208Y-312.0696

G1X234.8014Y-313.6121

G1X238.6902Y-317.4081

G1X242.2750Y-321.2985

G1X243.8510Y-323.3776

G1X244.9462Y-325.4534

G1X245.7855Y-327.7934

G1X246.1899Y-329.4106

G1X246.4407Y-331.2697

G1X246.5872Y-334.0331

G1X246.5082Y-335.2505

G1X246.2362Y-336.2719

G1X245.6907Y-337.3020

G1X244.9341Y-338.2323

G1X243.7390Y-339.2261

G1X242.5713Y-339.8403

G1X239.2623Y-341.0239

G1X236.8269Y-341.9946

G1X235.1101Y-342.4500

G1X232.6764Y-342.6880

G1X230.0115Y-342.6634

G1X227.4100Y-342.3874

G1X224.2480Y-341.7868

G1X219.7689Y-340.6816

G1X215.8501Y-339.5535

G1X211.2906Y-338.0498

G1X206.9323Y-336.4383

G1X201.8733Y-334.3715

G1X197.6534Y-332.5006

G1X190.4916Y-329.1196

G1X180.0811Y-324.0435

G1X177.6056Y-323.1472

G1X176.8753Y-323.0137

G1X176.3384Y-323.0784

G1X176.1052Y-323.2827

G1X176.0353Y-323.6853

G1X176.2905Y-325.3693

G1X176.2911Y-325.8231

G1X176.2031Y-325.9217

G1X176.0471Y-325.9379

G1X175.2421Y-325.7227

G1X174.9583Y-325.7319

G1X174.8662Y-325.9803

G1X175.0658Y-326.5911

G1X176.1768Y-328.5261

G1X178.7085Y-332.2959

G1X190.6775Y-349.2347

G1X189.0263Y-351.4455

G1 Z0F20000

(Start Block)


G1X190.0366Y-352.7767
G1Z5F20000
(Plotting speed under)
G1 F4000


G1X188.9307Y-354.4153

G1X188.5805Y-354.7647

G1X188.1752Y-355.0167

G1X187.4738Y-355.2462

G1X186.6796Y-355.3448

G1X185.8181Y-355.3326

G1X184.7918Y-355.2052

G1X183.3748Y-354.8217

G1X181.1045Y-353.9907

G1X177.0680Y-352.2252

G1X174.2677Y-351.5086

G1X172.9642Y-351.0446

G1X170.2854Y-349.8586

G1X167.9962Y-348.4967

G1X167.1963Y-348.2375

G1X166.7677Y-348.3275

G1X166.4101Y-348.6329

G1X165.7170Y-349.7172

G1X164.4979Y-351.3283

G1X164.1113Y-351.5870

G1X163.7323Y-351.5973

G1X163.2181Y-351.3502

G1X162.5487Y-350.8171

G1X160.6487Y-348.8008

G1X159.4209Y-347.3310

G1X157.1330Y-344.0859

G1X156.2540Y-343.0050

G1X155.4207Y-342.3860

G1X155.0401Y-342.2788

G1X154.7024Y-342.2961

G1X153.9379Y-342.6286

G1X153.5553Y-343.0057

G1X152.6075Y-344.6180

G1X151.2889Y-346.4102

G1X150.5229Y-347.6801

G1X149.6868Y-349.3069

G1X148.9236Y-351.0196

G1X146.0973Y-357.9473

G1X144.4345Y-362.3152

G1X143.8762Y-363.2970

G1X143.2175Y-364.2114

G1X142.5987Y-364.8510

G1X142.0366Y-365.2326

G1X141.4525Y-365.3984

G1X140.8796Y-365.3384

G1X140.1027Y-365.0273

G1X139.0872Y-364.4259

G1X138.4131Y-363.8693

G1X136.7198Y-362.1930

G1X134.3308Y-360.2507

G1X132.4295Y-358.2852

G1X130.9576Y-356.9674

G1X130.4748Y-356.6267

G1X129.9796Y-356.4011

G1X129.5128Y-356.3198

G1X129.0284Y-356.3400

G1X128.1330Y-356.5750

G1X127.1043Y-357.0311

G1X122.9382Y-359.7966

G1X121.6913Y-360.7306

G1X119.0988Y-363.0481

G1X117.6840Y-364.0395

G1X116.7773Y-364.5676

G1X116.0027Y-364.8670

G1X115.3430Y-364.9141

G1X114.7641Y-364.7314

G1X113.5623Y-364.1028

G1X112.0720Y-363.6123

G1X111.2840Y-363.5077

G1X110.6103Y-363.6441

G1X109.8814Y-364.0048

G1X108.9248Y-364.6659

G1X102.7409Y-369.5753

G1X100.4391Y-370.8589

G1X99.6790Y-371.1420

G1X99.0036Y-371.2342

G1X98.5749Y-371.1384

G1X98.1665Y-370.8194

G1X97.8392Y-370.3074

G1X97.5773Y-369.6494

G1X97.2593Y-368.4337

G1X96.9686Y-366.8532

G1X96.8678Y-362.9300

G1X96.7210Y-361.7006

G1X96.4305Y-360.7626

G1X96.0567Y-360.0210

G1X95.5969Y-359.4519

G1X94.9699Y-358.9888

G1X94.3404Y-358.8355

G1X92.4508Y-358.9222

G1X91.6724Y-358.7874

G1X90.8346Y-358.4532

G1X89.3282Y-357.6777

G1X87.6137Y-356.6791

G1X86.5791Y-356.3466

G1X85.5167Y-356.2314

G1X83.5449Y-356.1946

G1X80.9640Y-356.3747

G1X79.9447Y-356.2861

G1X79.0114Y-355.8530

G1X77.7488Y-354.8415

G1X75.8387Y-353.5090

G1X75.1909Y-353.1687

G1X74.4673Y-352.9105

G1X73.1402Y-352.6098

G1X71.4718Y-352.4098

G1X67.7882Y-352.4352

G1X65.9498Y-352.3069

G1X64.2466Y-352.0833

G1X61.8175Y-351.6413

G1X60.8063Y-351.4074

G1X60.0121Y-351.0925

G1X59.0709Y-350.3996

G1X58.5464Y-349.8878

G1X58.1880Y-349.2418

G1X58.1014Y-348.5064

G1X58.2502Y-347.7300

G1X58.6622Y-346.6833

G1X59.4375Y-345.2064

G1X60.5040Y-343.4711

G1X63.4098Y-339.3438

G1X66.6523Y-335.3861

G1X74.0074Y-326.8919

G1X77.9900Y-322.5268

G1X85.9933Y-314.1580

G1X87.3878Y-312.4896

G1X87.8411Y-311.6613

G1X87.9982Y-310.8746

G1X87.9177Y-309.8862

G1X87.3719Y-309.0605

G1X87.2734Y-308.7856

G1X87.4236Y-307.8988

G1X87.8065Y-307.0448

G1X88.4468Y-305.9949

G1X90.2982Y-303.8617

G1X90.7982Y-303.1825

G1X91.2316Y-302.2705

G1X91.4922Y-301.0853

G1X91.5148Y-300.2575

G1X91.2762Y-299.5352

G1X90.7218Y-298.8637

G1X89.9182Y-298.3630

G1X88.8473Y-297.9795

G1X86.5734Y-297.3675

G1X83.7589Y-296.7463

G1X79.6835Y-295.9983

G1X77.4322Y-295.4299

G1X75.9278Y-294.9435

G1X74.7376Y-294.3600

G1X73.1447Y-293.1966

G1X70.6434Y-291.6235

G1X67.6068Y-290.1433

G1X66.7662Y-289.6135

G1X66.3833Y-289.2203

G1X66.0625Y-288.6816

G1X65.7117Y-287.2775

G1X65.6939Y-286.5616

G1X65.9514Y-283.6869

G1X65.8409Y-282.7767

G1X65.4372Y-281.8970

G1X63.7975Y-279.1739

G1X63.5571Y-278.5346

G1X63.5684Y-278.1824

G1X63.7621Y-277.6745

G1X64.0539Y-277.2446

G1X64.4711Y-276.8278

G1X65.5903Y-276.1243

G1X67.0951Y-275.5746

G1X69.4548Y-274.9930

G1X73.0699Y-274.2857

G1X82.9957Y-272.9270

G1X86.5112Y-272.3702

G1X87.3139Y-272.1745

G1X87.8343Y-271.9561

G1X88.2470Y-271.6388

G1X88.4329Y-271.2819

G1X88.3972Y-270.9495

G1X88.2523Y-270.6636

G1X87.4687Y-269.8626

G1X78.7682Y-264.0525

G1X76.6888Y-262.3497

G1X75.0788Y-260.7435

G1X74.4464Y-259.9191

G1X74.1115Y-259.2475

G1X73.5586Y-257.2607

G1X73.2807Y-255.8441

G1X72.9222Y-255.0141

G1X72.2028Y-254.0279

G1X69.7979Y-251.4171

G1X68.8554Y-250.2243

G1X67.5549Y-248.1207

G1X67.1229Y-247.1871

G1X66.8626Y-246.3630

G1X66.8027Y-245.6232

G1X66.9528Y-243.8377

G1X66.7946Y-241.7685

G1X66.7985Y-240.8693

G1X67.0989Y-239.1332

G1X67.3150Y-238.5809

G1X67.6225Y-238.0955

G1X68.4464Y-237.4126

G1X71.0872Y-235.9734

G1X74.9322Y-234.1020

G1X77.5439Y-233.1413

G1X78.8926Y-232.3369

G1X79.1523Y-232.0654

G1X79.3321Y-231.7171

G1X79.4030Y-231.0586

G1X79.2272Y-230.1517

G1X76.5312Y-222.3884

G1X76.1560Y-220.9933

G1X75.9154Y-219.4763

G1X75.8454Y-217.2948

G1X76.1092Y-214.5865

G1X76.4888Y-213.5078

G1X77.2850Y-212.6827

G1X78.0250Y-212.2818

G1X78.9242Y-212.2224

G1X79.9901Y-212.5383

G1X81.2658Y-213.2331

G1X83.5851Y-214.8305

G1X88.1742Y-218.2960

G1X94.1360Y-223.1125

G1X96.1624Y-224.4289

G1X97.3760Y-224.9638

G1X99.1061Y-225.4605

G1X99.6291Y-225.5074

G1X100.7375Y-225.4423

G1X101.2592Y-225.5342

G1X101.9749Y-225.8467

G1X102.8958Y-226.3824

G1X104.4205Y-227.4648

G1X106.0382Y-228.8227

G1X109.9809Y-232.9302

G1X111.1079Y-233.9977

G1X112.4820Y-235.1017

G1X113.5670Y-235.7274

G1X113.9487Y-235.8511

G1X114.2757Y-235.8324

G1X115.1663Y-235.2007

G1X115.6413Y-235.1426

G1X117.4002Y-235.4798

G1X118.6504Y-235.9992

G1X119.0791Y-235.9718

G1X119.2753Y-235.7516

G1X119.3894Y-235.3795

G1X119.6048Y-232.8136

G1X119.9860Y-231.4163

G1X120.1985Y-230.8845

G1X120.4096Y-230.5886

G1X120.6728Y-230.4719

G1X120.9127Y-230.5378

G1X121.6729Y-231.2967

G1X122.8008Y-232.9341

G1X124.2758Y-235.3073

G1X126.3152Y-239.0677

G1X127.0120Y-240.0438

G1X127.3203Y-240.3042

G1X127.6697Y-240.4421

G1X128.5844Y-240.4930

G1X129.4683Y-240.3714

G1X129.8552Y-240.4678

G1X130.5996Y-240.9955

G1X132.5451Y-242.7961

G1X132.8428Y-242.9663

G1X133.2502Y-243.0324

G1X133.7287Y-242.8964

G1X134.1636Y-242.5849

G1X135.1889Y-241.0553

G1X135.9546Y-240.1148

G1X136.4742Y-239.6542

G1X137.0163Y-239.4888

G1X137.5154Y-239.5567

G1X138.0629Y-239.8917

G1X139.1321Y-241.5915

G1X139.8767Y-242.3532

G1X140.2991Y-242.4973

G1X140.7084Y-242.2370

G1X141.1277Y-241.5771

G1X142.1336Y-239.5704

G1X144.8081Y-235.1402

G1X145.7109Y-233.4551

G1X146.5654Y-231.5334

G1X148.8727Y-225.5385

G1X150.0547Y-222.7642

G1X152.0388Y-218.5117

G1X153.4636Y-216.0129

G1X153.9813Y-215.3723

G1X154.5393Y-214.8853

G1X157.9728Y-212.9504

G1X159.0821Y-212.0527

G1X160.2292Y-210.7172

G1X165.8008Y-203.3618

G1X168.1239Y-200.5158

G1X169.4265Y-199.1730

G1X170.7415Y-197.9935

G1X171.9983Y-197.0395

G1X173.1648Y-196.3413

G1X174.1395Y-195.9662

G1X175.1348Y-195.8165

G1X176.5007Y-195.9187

G1X177.4608Y-196.1899

G1X178.3493Y-196.6733

G1X179.3961Y-197.4802

G1X180.9168Y-199.4480

G1X181.7604Y-200.1576

G1X182.5777Y-200.5822

G1X184.1090Y-201.1881

G1X186.0438Y-201.6335

G1X186.8406Y-202.0361

G1X187.5263Y-202.8938

G1X188.1405Y-204.3186

G1X188.5260Y-205.8417

G1X188.6398Y-208.3732

G1X188.7617Y-209.2396

G1X189.0391Y-209.8680

G1X189.5930Y-210.3970

G1X190.4895Y-210.7517

G1X191.7934Y-210.9489

G1X194.3369Y-210.5501

G1X195.1930Y-210.5324

G1X196.0341Y-210.8848

G1X196.6617Y-211.4699

G1X197.0279Y-212.0714

G1X197.2524Y-212.6804

G1X197.3615Y-213.2232

G1X197.3875Y-213.9593

G1X197.0293Y-217.3751

G1X196.7527Y-221.1709

G1X196.3411Y-224.5844

G1X196.0715Y-225.9092

G1X195.7254Y-227.0721

G1X193.9991Y-231.3070

G1X193.0234Y-234.1068

G1X192.7436Y-235.2360

G1X192.7449Y-235.9729

G1X192.8462Y-236.2427

G1X193.0743Y-236.5159

G1X193.7668Y-236.8502

G1X195.3193Y-237.1923

G1X197.9935Y-237.3025

G1X198.5112Y-237.4682

G1X198.9566Y-237.7560

G1X199.4881Y-238.3657

G1X199.9699Y-239.3652

G1X200.0661Y-239.9429

G1X200.0977Y-241.5275

G1X200.3477Y-242.2517

G1X201.1341Y-243.1511

G1X203.7177Y-245.3050

G1X204.0298Y-245.8086

G1X204.5974Y-247.3243

G1X205.3147Y-248.2264

G1X206.1542Y-248.9373

G1X207.1134Y-249.5006

G1X212.3252Y-251.4603

G1X212.8348Y-251.8101

G1X213.2045Y-252.3272

G1X213.3874Y-252.8721

G1X213.4237Y-253.5806

G1X213.3058Y-254.2379

G1X213.0252Y-254.9565

G1X212.4989Y-255.7752

G1X210.4254Y-258.5182

G1X207.7157Y-262.8285

G1X207.2889Y-263.6233

G1X207.1070Y-264.1975

G1X207.0494Y-264.9003

G1X207.1419Y-265.4550

G1X207.4085Y-265.9679

G1X207.9673Y-266.4968

G1X208.8489Y-266.9770

G1X210.0977Y-267.4391

G1X212.0807Y-268.0089

G1X218.0633Y-269.1974

G1X225.2270Y-270.4290

G1X230.4909Y-271.4966

G1X234.1200Y-272.4099

G1X237.1649Y-273.5070

G1X240.6149Y-275.0687

G1X242.7043Y-276.1071

G1X249.1863Y-279.6174

G1X250.9601Y-280.7027

G1X252.2502Y-281.7873

G1X253.2828Y-283.0156

G1X253.9329Y-284.2629

G1X254.1126Y-284.9366

G1X254.1327Y-285.4133

G1X253.9251Y-286.3689

G1X253.1358Y-288.3697

G1X252.6134Y-290.6040

G1X252.3322Y-291.4660

G1X251.4120Y-293.1556

G1X250.4383Y-294.4104

G1X249.2367Y-295.4130

G1X247.6158Y-296.2931

G1X242.6427Y-298.3269

G1X238.1884Y-299.9344

G1X237.0912Y-300.4573

G1X236.1719Y-301.0650

G1X235.0893Y-302.1188

G1X233.9508Y-303.7755

G1X233.4685Y-304.9950

G1X232.5997Y-308.0532

G1X232.6196Y-308.9909

G1X232.9941Y-310.2470

G1X233.5596Y-311.3832

G1X234.4140Y-312.6320

G1X235.6615Y-314.0383

G1X239.4749Y-317.6316

G1X243.8830Y-322.1288

G1X245.4601Y-324.1021

G1X246.0967Y-325.1183

G1X246.7038Y-326.2848

G1X247.6631Y-328.6468

G1X248.1381Y-330.2556

G1X248.4912Y-332.2037

G1X248.8296Y-335.2840

G1X248.8037Y-336.4917

G1X248.5900Y-337.4092

G1X248.0748Y-338.4492

G1X247.3994Y-339.3080

G1X246.2682Y-340.2454

G1X245.0000Y-340.8678

G1X241.0718Y-341.9558

G1X237.9984Y-343.0097

G1X236.5527Y-343.3302

G1X233.9199Y-343.5417

G1X231.2529Y-343.4866

G1X228.6535Y-343.1912

G1X225.5795Y-342.5919

G1X220.5016Y-341.3174

G1X216.3953Y-340.1224

G1X211.4805Y-338.4926

G1X206.8714Y-336.7800

G1X201.9401Y-334.7613

G1X197.7477Y-332.8743

G1X190.8087Y-329.5741

G1X180.5408Y-324.4962

G1X178.0567Y-323.5920

G1X177.3295Y-323.4677

G1X176.8621Y-323.5323

G1X176.6067Y-323.7700

G1X176.5623Y-324.1585

G1X176.9589Y-326.0417

G1X177.0021Y-326.5957

G1X176.9276Y-326.7075

G1X176.7857Y-326.7381

G1X175.9526Y-326.5504

G1X175.6945Y-326.5886

G1X175.6275Y-326.8657

G1X175.8462Y-327.4975

G1X177.0002Y-329.4944

G1X179.6069Y-333.3733

G1X191.6875Y-350.4818

G1X190.0366Y-352.7767

G1 Z0F20000

(Start Block)


G1X191.0829Y-354.1552
G1Z5F20000
(Plotting speed under)
G1 F4000


G1X190.0130Y-355.7951

G1X189.6063Y-356.2183

G1X189.2088Y-356.4695

G1X188.5208Y-356.7037

G1X187.7421Y-356.8108

G1X186.7870Y-356.8022

G1X185.7693Y-356.6747

G1X184.3562Y-356.2909

G1X181.9907Y-355.4172

G1X177.9663Y-353.6339

G1X174.9426Y-352.9085

G1X173.1333Y-352.2777

G1X170.9461Y-351.3271

G1X168.6575Y-349.9473

G1X167.8602Y-349.6883

G1X167.4374Y-349.7761

G1X167.0844Y-350.0738

G1X166.3533Y-351.2458

G1X165.1104Y-352.9672

G1X164.7284Y-353.2165

G1X164.3519Y-353.2159

G1X163.7866Y-352.9187

G1X163.0538Y-352.2950

G1X161.0166Y-350.0286

G1X159.8267Y-348.5394

G1X157.4084Y-344.9787

G1X156.5048Y-343.8234

G1X155.6800Y-343.1682

G1X155.3029Y-343.0412

G1X154.8921Y-343.0579

G1X154.1531Y-343.3923

G1X153.7810Y-343.7628

G1X152.8146Y-345.4697

G1X151.5340Y-347.2408

G1X150.9225Y-348.2804

G1X149.4465Y-351.4893

G1X146.2414Y-359.5767

G1X144.6479Y-363.8145

G1X144.0810Y-364.8517

G1X143.4321Y-365.7877

G1X142.8214Y-366.4601

G1X142.1953Y-366.9197

G1X141.6408Y-367.1049

G1X140.9844Y-367.0489

G1X140.2192Y-366.7332

G1X139.1226Y-366.0531

G1X138.4544Y-365.4770

G1X136.7042Y-363.6708

G1X134.2725Y-361.6397

G1X132.3327Y-359.5351

G1X130.9305Y-358.2384

G1X130.4415Y-357.8738

G1X129.9408Y-357.6226

G1X129.4898Y-357.5250

G1X128.9227Y-357.5418

G1X127.9488Y-357.8206

G1X126.8688Y-358.3394

G1X122.8921Y-361.1684

G1X121.4461Y-362.3274

G1X118.6049Y-365.1025

G1X117.2198Y-366.1457

G1X116.1526Y-366.8010

G1X115.3967Y-367.1038

G1X114.7449Y-367.1635

G1X114.1699Y-366.9918

G1X112.8908Y-366.3155

G1X111.3204Y-365.8077

G1X110.5347Y-365.7174

G1X109.8657Y-365.8562

G1X109.1336Y-366.2155

G1X108.2567Y-366.8109

G1X102.9453Y-371.0235

G1X101.8280Y-371.8302

G1X99.5237Y-373.0982

G1X98.7602Y-373.3876

G1X98.0753Y-373.4985

G1X97.5680Y-373.3998

G1X97.2097Y-373.1438

G1X96.8659Y-372.6679

G1X96.5525Y-371.9442

G1X96.2210Y-370.7520

G1X95.8921Y-369.0614

G1X95.7629Y-365.0837

G1X95.6062Y-363.8327

G1X95.3158Y-362.8997

G1X94.8957Y-362.0706

G1X94.4371Y-361.5046

G1X93.8170Y-361.0299

G1X93.1832Y-360.8510

G1X91.2855Y-360.8688

G1X90.4990Y-360.7100

G1X89.6473Y-360.3549

G1X88.1096Y-359.5496

G1X86.3547Y-358.5211

G1X85.2981Y-358.1747

G1X83.2727Y-358.0129

G1X81.9076Y-357.9966

G1X79.4697Y-358.1659

G1X78.4301Y-358.0386

G1X77.5323Y-357.5748

G1X76.3022Y-356.5485

G1X74.3643Y-355.1324

G1X73.6331Y-354.7450

G1X72.6312Y-354.4149

G1X71.4426Y-354.1746

G1X69.9442Y-354.0027

G1X65.7512Y-354.0211

G1X63.8185Y-353.8457

G1X62.0485Y-353.5701

G1X59.6659Y-353.1076

G1X58.5933Y-352.7846

G1X57.9518Y-352.4294

G1X56.7943Y-351.4104

G1X56.4276Y-350.7753

G1X56.3179Y-350.0606

G1X56.4559Y-349.2304

G1X56.8829Y-348.1251

G1X57.6473Y-346.6577

G1X58.7595Y-344.8397

G1X61.7230Y-340.6213

G1X65.0345Y-336.5732

G1X72.5771Y-327.8447

G1X76.7692Y-323.2422

G1X84.8482Y-314.7823

G1X86.2701Y-313.0478

G1X86.7227Y-312.1311

G1X86.8257Y-311.3632

G1X86.7460Y-310.5062

G1X86.1697Y-309.6701

G1X86.0619Y-309.3921

G1X86.0669Y-309.0222

G1X86.2199Y-308.4308

G1X86.5925Y-307.5914

G1X87.2087Y-306.5591

G1X89.1113Y-304.3206

G1X89.6127Y-303.5934

G1X90.0020Y-302.6833

G1X90.3232Y-301.1442

G1X90.3266Y-300.3552

G1X90.0681Y-299.6575

G1X89.5530Y-299.0492

G1X88.8599Y-298.6301

G1X87.8469Y-298.2742

G1X85.6107Y-297.6874

G1X82.5652Y-297.0396

G1X78.3634Y-296.2789

G1X76.1008Y-295.7147

G1X74.5842Y-295.2327

G1X73.3913Y-294.6617

G1X71.7181Y-293.4088

G1X69.1908Y-291.7892

G1X66.0100Y-290.2756

G1X65.1481Y-289.7492

G1X64.6814Y-289.2779

G1X64.3582Y-288.7478

G1X64.1375Y-288.1102

G1X63.9727Y-287.2708

G1X63.9912Y-286.5678

G1X64.4197Y-283.6529

G1X64.3367Y-282.7623

G1X63.8701Y-281.8098

G1X61.9079Y-278.9020

G1X61.6803Y-278.2953

G1X61.7172Y-277.8947

G1X61.8949Y-277.4470

G1X62.1998Y-277.0062

G1X62.6397Y-276.5805

G1X63.8208Y-275.8662

G1X65.3658Y-275.3240

G1X67.9488Y-274.7049

G1X71.5358Y-274.0167

G1X85.5153Y-272.0763

G1X86.7296Y-271.6969

G1X87.1617Y-271.3748

G1X87.3539Y-271.0107

G1X87.3150Y-270.6706

G1X87.1637Y-270.3776

G1X86.3765Y-269.5750

G1X77.4287Y-263.6308

G1X75.1991Y-261.8175

G1X73.5339Y-260.1633

G1X72.9003Y-259.3463

G1X72.5160Y-258.5833

G1X71.9448Y-256.5961

G1X71.6620Y-255.1448

G1X71.2929Y-254.2931

G1X70.5706Y-253.3061

G1X68.0164Y-250.5508

G1X67.0747Y-249.3670

G1X65.6722Y-247.1156

G1X65.2477Y-246.1992

G1X64.9886Y-245.3860

G1X64.9282Y-244.5516

G1X65.0913Y-242.7887

G1X64.9425Y-240.6401

G1X64.9535Y-239.7511

G1X65.2433Y-238.0288

G1X65.4885Y-237.3885

G1X65.7943Y-236.9092

G1X66.6946Y-236.1777

G1X69.0556Y-234.9053

G1X73.3256Y-232.8314

G1X75.8977Y-231.8630

G1X77.3507Y-230.9889

G1X77.6162Y-230.7094

G1X77.7994Y-230.3507

G1X77.8697Y-229.6807

G1X77.6737Y-228.6979

G1X74.8496Y-220.6458

G1X74.4571Y-219.1900

G1X74.2053Y-217.6598

G1X74.1021Y-215.3854

G1X74.3166Y-212.5752

G1X74.4800Y-211.9024

G1X74.6955Y-211.4133

G1X75.4750Y-210.5841

G1X76.2933Y-210.1456

G1X77.2083Y-210.1044

G1X78.2866Y-210.4345

G1X79.5647Y-211.1347

G1X81.9759Y-212.8038

G1X86.7690Y-216.4455

G1X92.9133Y-221.4341

G1X95.0178Y-222.8140

G1X96.2432Y-223.3603

G1X98.0545Y-223.8804

G1X98.5735Y-223.9279

G1X99.6660Y-223.8516

G1X100.2820Y-223.9534

G1X100.9870Y-224.2658

G1X101.9597Y-224.8378

G1X103.6210Y-226.0386

G1X105.2779Y-227.4595

G1X109.3967Y-231.8179

G1X110.6194Y-232.9862

G1X111.9938Y-234.1061

G1X113.0800Y-234.7442

G1X113.4574Y-234.8693

G1X113.7742Y-234.8531

G1X114.6098Y-234.1925

G1X115.1496Y-234.0872

G1X116.9663Y-234.4534

G1X118.2980Y-235.0389

G1X118.7114Y-235.0017

G1X118.8960Y-234.7789

G1X118.9996Y-234.4181

G1X119.1759Y-231.5407

G1X119.5492Y-230.0430

G1X119.9402Y-229.2253

G1X120.1829Y-229.0923

G1X120.4853Y-229.1738

G1X121.2622Y-230.0020

G1X122.5377Y-231.9536

G1X124.0797Y-234.5650

G1X126.2213Y-238.7069

G1X126.9397Y-239.7781

G1X127.3334Y-240.1193

G1X127.6596Y-240.2312

G1X128.5335Y-240.2465

G1X129.4066Y-240.0383

G1X129.8635Y-240.1448

G1X130.4158Y-240.5209

G1X131.3707Y-241.3602

G1X132.5425Y-242.5605

G1X132.9222Y-242.7733

G1X133.3279Y-242.8333

G1X133.7131Y-242.7353

G1X134.1486Y-242.4365

G1X135.1812Y-240.8111

G1X136.0095Y-239.7002

G1X136.4798Y-239.2473

G1X137.0109Y-239.0611

G1X137.5151Y-239.1211

G1X138.0655Y-239.4590

G1X139.1530Y-241.2298

G1X139.8960Y-242.0096

G1X140.3215Y-242.1612

G1X140.7345Y-241.8971

G1X141.1583Y-241.2212

G1X142.1753Y-239.1699

G1X143.8836Y-236.3973

G1X145.8069Y-232.9030

G1X146.6873Y-230.8745

G1X149.0231Y-224.6732

G1X150.2148Y-221.8072

G1X152.3339Y-217.1727

G1X153.8102Y-214.5335

G1X154.4108Y-213.7926

G1X154.9627Y-213.3269

G1X158.4396Y-211.4219

G1X159.5396Y-210.5391

G1X160.8107Y-209.0472

G1X163.6169Y-205.2634

G1X166.7254Y-201.2533

G1X168.7667Y-198.7912

G1X170.0623Y-197.4665

G1X171.3732Y-196.3012

G1X172.7045Y-195.3028

G1X173.8709Y-194.6113

G1X174.9457Y-194.1990

G1X176.0322Y-194.0384

G1X177.4956Y-194.1363

G1X178.4587Y-194.4127

G1X179.3443Y-194.8753

G1X180.3104Y-195.5849

G1X181.9566Y-197.6708

G1X182.8095Y-198.3561

G1X183.6155Y-198.7779

G1X185.1162Y-199.3984

G1X187.1107Y-199.8941

G1X187.8880Y-200.3089

G1X188.2545Y-200.7025

G1X188.6120Y-201.2506

G1X189.2097Y-202.6830

G1X189.5899Y-204.2025

G1X189.7024Y-206.7318

G1X189.8142Y-207.6113

G1X190.1156Y-208.3263

G1X190.6823Y-208.8647

G1X191.5997Y-209.2238

G1X192.9268Y-209.4210

G1X193.7235Y-209.3459

G1X195.5702Y-209.0005

G1X196.4191Y-208.9872

G1X197.1858Y-209.2984

G1X197.8384Y-209.8801

G1X198.1728Y-210.3916

G1X198.4564Y-211.1023

G1X198.5909Y-211.7601

G1X198.6120Y-212.4850

G1X198.2067Y-216.0717

G1X197.8933Y-219.9842

G1X197.4323Y-223.4731

G1X197.1490Y-224.7863

G1X196.7574Y-226.0476

G1X194.8742Y-230.4604

G1X193.7248Y-233.5549

G1X193.4297Y-234.6678

G1X193.4167Y-235.3931

G1X193.5098Y-235.6614

G1X193.7264Y-235.9331

G1X194.4985Y-236.2887

G1X196.1418Y-236.5969

G1X198.8065Y-236.6211

G1X199.3040Y-236.7427

G1X199.8451Y-237.0615

G1X200.4191Y-237.7361

G1X200.8728Y-238.7251

G1X200.9647Y-239.3150

G1X200.9809Y-240.9331

G1X201.2313Y-241.6699

G1X201.8833Y-242.4387

G1X202.9581Y-243.4040

G1X204.1959Y-244.3581

G1X204.6099Y-244.7885

G1X204.8984Y-245.3142

G1X205.3737Y-246.9040

G1X206.1191Y-247.9114

G1X206.9611Y-248.6345

G1X207.9082Y-249.1798

G1X213.1900Y-251.1097

G1X213.7552Y-251.5051

G1X214.1161Y-252.0321

G1X214.2908Y-252.5658

G1X214.3286Y-253.2558

G1X214.1912Y-254.0034

G1X213.9137Y-254.6821

G1X213.3175Y-255.5971

G1X211.6256Y-257.8222

G1X208.3172Y-262.8620

G1X207.9027Y-263.6197

G1X207.7261Y-264.2250

G1X207.6692Y-264.9283

G1X207.7852Y-265.4814

G1X208.0330Y-265.9083

G1X208.5814Y-266.4006

G1X209.4810Y-266.8657

G1X210.7504Y-267.3119

G1X212.7517Y-267.8648

G1X216.3086Y-268.5813

G1X225.9097Y-270.2299

G1X230.9593Y-271.2404

G1X234.8366Y-272.1828

G1X237.8538Y-273.2280

G1X243.8626Y-275.9838

G1X250.8474Y-279.6098

G1X252.5806Y-280.6246

G1X253.8822Y-281.6670

G1X254.9447Y-282.8830

G1X255.6114Y-284.1212

G1X255.7787Y-284.6962

G1X255.8325Y-285.2356

G1X255.5906Y-286.2720

G1X254.5409Y-288.5244

G1X253.5942Y-291.5675

G1X252.5570Y-293.3914

G1X251.6458Y-294.5510

G1X250.4600Y-295.5413

G1X248.7596Y-296.4608

G1X243.7995Y-298.4793

G1X239.1797Y-300.1161

G1X238.0928Y-300.6268

G1X237.1752Y-301.2230

G1X236.0315Y-302.3277

G1X234.8942Y-303.9728

G1X234.4651Y-305.0120

G1X233.5879Y-307.6867

G1X233.4340Y-308.3712

G1X233.4606Y-309.3209

G1X233.8554Y-310.6376

G1X234.4456Y-311.7916

G1X235.3549Y-313.0717

G1X236.6408Y-314.4583

G1X240.4387Y-317.9609

G1X245.2827Y-322.7367

G1X246.9669Y-324.7916

G1X248.2473Y-326.9548

G1X249.2705Y-329.3004

G1X249.8183Y-330.9865

G1X250.2249Y-332.9093

G1X250.7106Y-336.2565

G1X250.7205Y-337.4453

G1X250.5345Y-338.3484

G1X250.0461Y-339.3921

G1X249.3898Y-340.2526

G1X248.2674Y-341.1853

G1X246.9992Y-341.7922

G1X242.8405Y-342.7937

G1X239.5855Y-343.8385

G1X237.9627Y-344.1903

G1X235.3554Y-344.3882

G1X232.6240Y-344.3308

G1X230.0287Y-344.0368

G1X226.9763Y-343.4426

G1X221.6228Y-342.0969

G1X217.3246Y-340.8489

G1X212.2399Y-339.1683

G1X207.4323Y-337.3889

G1X202.6744Y-335.4453

G1X198.1988Y-333.4219

G1X191.4033Y-330.1806

G1X181.1489Y-325.0792

G1X178.6390Y-324.1664

G1X177.9097Y-324.0485

G1X177.4479Y-324.1267

G1X177.2340Y-324.3152

G1X177.1762Y-324.7533

G1X177.6728Y-326.8383

G1X177.7296Y-327.3881

G1X177.6599Y-327.5085

G1X177.5209Y-327.5457

G1X176.6893Y-327.3736

G1X176.4316Y-327.4188

G1X176.3680Y-327.7066

G1X176.5949Y-328.3553

G1X177.7684Y-330.3844

G1X180.4224Y-334.3339

G1X192.7505Y-351.7945

G1X191.0829Y-354.1552

G1 Z0F20000

(Start Block)


G1X192.1838Y-355.6057
G1Z5F20000
(Plotting speed under)
G1 F4000


G1X191.0859Y-357.2711

G1X190.6691Y-357.7004

G1X190.2623Y-357.9550

G1X189.5591Y-358.1924

G1X188.7638Y-358.3007

G1X187.7885Y-358.2907

G1X186.7575Y-358.1606

G1X185.2520Y-357.7469

G1X182.8911Y-356.8693

G1X178.7776Y-355.0392

G1X175.6905Y-354.2943

G1X173.7931Y-353.6319

G1X171.6224Y-352.6870

G1X169.2507Y-351.2534

G1X168.4583Y-350.9958

G1X168.0269Y-351.0806

G1X167.6641Y-351.3779

G1X166.9112Y-352.5553

G1X165.6097Y-354.3157

G1X165.2285Y-354.5431

G1X164.8554Y-354.5322

G1X164.2987Y-354.2364

G1X163.5800Y-353.6267

G1X161.4247Y-351.2194

G1X160.2470Y-349.7371

G1X157.7791Y-346.0832

G1X156.8266Y-344.8537

G1X155.9879Y-344.1796

G1X155.6030Y-344.0458

G1X155.1840Y-344.0582

G1X154.4330Y-344.3888

G1X154.0662Y-344.7427

G1X153.0641Y-346.4922

G1X151.8219Y-348.1902

G1X151.1920Y-349.2449

G1X149.7243Y-352.4530

G1X144.7661Y-365.2264

G1X144.1950Y-366.2681

G1X143.5347Y-367.2206

G1X142.9134Y-367.9056

G1X142.2765Y-368.3742

G1X141.6313Y-368.5711

G1X140.9844Y-368.4907

G1X140.2324Y-368.1692

G1X139.2280Y-367.5524

G1X138.4934Y-366.9358

G1X136.6894Y-365.0837

G1X134.2137Y-363.0417

G1X132.2382Y-360.9120

G1X130.8473Y-359.6414

G1X130.2862Y-359.2319

G1X129.7931Y-358.9978

G1X129.3390Y-358.9089

G1X128.7598Y-358.9377

G1X127.8663Y-359.2013

G1X126.6753Y-359.7856

G1X122.5580Y-362.7938

G1X121.1118Y-363.9858

G1X118.1816Y-366.9072

G1X116.7957Y-367.9744

G1X115.7270Y-368.6531

G1X114.8053Y-369.0287

G1X114.1390Y-369.0659

G1X113.5742Y-368.8853

G1X112.3071Y-368.2349

G1X110.7033Y-367.7416

G1X109.8962Y-367.6580

G1X109.2098Y-367.8050

G1X108.4753Y-368.1665

G1X107.5970Y-368.7607

G1X102.1833Y-373.0434

G1X100.9803Y-373.9114

G1X98.5760Y-375.2258

G1X97.8158Y-375.5078

G1X97.1329Y-375.6147

G1X96.6248Y-375.5180

G1X96.1999Y-375.2043

G1X95.8542Y-374.7018

G1X95.5370Y-373.9530

G1X95.1971Y-372.7371

G1X94.8770Y-371.1561

G1X94.7139Y-367.1009

G1X94.5467Y-365.8592

G1X94.2536Y-364.9381

G1X93.8356Y-364.1113

G1X93.3215Y-363.4780

G1X92.7033Y-363.0075

G1X91.9804Y-362.8107

G1X90.1029Y-362.8156

G1X89.3265Y-362.6519

G1X88.4833Y-362.3009

G1X86.8726Y-361.4561

G1X85.0491Y-360.3866

G1X84.0035Y-360.0405

G1X81.8976Y-359.8576

G1X80.4440Y-359.8353

G1X78.1227Y-359.9897

G1X76.9891Y-359.8526

G1X76.0735Y-359.3724

G1X74.8197Y-358.3139

G1X72.8247Y-356.8301

G1X72.1035Y-356.4422

G1X71.1136Y-356.1062

G1X69.8381Y-355.8404

G1X68.3524Y-355.6625

G1X64.0800Y-355.6576

G1X62.2228Y-355.4761

G1X60.4256Y-355.1837

G1X57.9675Y-354.6780

G1X56.9034Y-354.3525

G1X56.1871Y-353.9520

G1X55.0223Y-352.8981

G1X54.6538Y-352.2440

G1X54.5455Y-351.5106

G1X54.6876Y-350.6618

G1X55.1160Y-349.5475

G1X55.8801Y-348.0715

G1X56.9914Y-346.2439

G1X60.0250Y-341.9073

G1X63.3956Y-337.7757

G1X71.0664Y-328.8813

G1X75.3895Y-324.1283

G1X83.5762Y-315.5453

G1X85.0464Y-313.7566

G1X85.5088Y-312.8428

G1X85.6339Y-311.9945

G1X85.5615Y-311.1332

G1X84.9828Y-310.2721

G1X84.8744Y-309.9866

G1X84.8800Y-309.6079

G1X85.0351Y-309.0035

G1X85.4114Y-308.1472

G1X86.0320Y-307.0955

G1X87.9433Y-304.8198

G1X88.4399Y-304.0901

G1X88.8443Y-303.1093

G1X89.1531Y-301.5786

G1X89.1615Y-300.7682

G1X88.9036Y-300.0510

G1X88.3851Y-299.4248

G1X87.6921Y-298.9987

G1X86.6001Y-298.6143

G1X84.3847Y-298.0310

G1X81.2527Y-297.3617

G1X77.0536Y-296.5993

G1X74.7063Y-296.0121

G1X73.1038Y-295.4990

G1X71.8383Y-294.8756

G1X70.2018Y-293.6318

G1X67.6169Y-291.9694

G1X64.3481Y-290.4143

G1X63.4894Y-289.8883

G1X63.0235Y-289.4246

G1X62.6926Y-288.9047

G1X62.4587Y-288.2789

G1X62.2654Y-287.3556

G1X62.2804Y-286.6364

G1X62.7148Y-283.6538

G1X62.6289Y-282.7423

G1X62.1470Y-281.7675

G1X61.1126Y-280.1614

G1X60.1444Y-278.8461

G1X59.8685Y-278.1593

G1X59.9009Y-277.7625

G1X60.1078Y-277.2442

G1X60.4181Y-276.8076

G1X60.8582Y-276.3861

G1X62.0241Y-275.6773

G1X63.6553Y-275.1013

G1X66.2421Y-274.4760

G1X69.9280Y-273.7598

G1X84.0142Y-271.7685

G1X84.7987Y-271.5771

G1X85.3119Y-271.3644

G1X85.7365Y-271.0489

G1X85.9405Y-270.6958

G1X85.9276Y-270.3699

G1X85.7441Y-269.9918

G1X84.9653Y-269.1939

G1X75.8314Y-263.0925

G1X73.6074Y-261.2773

G1X71.8688Y-259.5462

G1X71.2295Y-258.7190

G1X70.8337Y-257.9355

G1X70.2425Y-255.9034

G1X69.9374Y-254.3703

G1X69.5649Y-253.5222

G1X68.7816Y-252.4602

G1X66.2132Y-249.6838

G1X65.2714Y-248.4947

G1X63.8633Y-246.2364

G1X63.3977Y-245.2332

G1X63.1401Y-244.4221

G1X63.0751Y-243.5927

G1X63.2453Y-241.7485

G1X63.0981Y-239.5166

G1X63.1123Y-238.6353

G1X63.4041Y-236.8691

G1X63.6516Y-236.2100

G1X63.9613Y-235.7159

G1X64.7867Y-235.0144

G1X67.1529Y-233.7011

G1X71.6212Y-231.4794

G1X74.2280Y-230.4612

G1X75.6667Y-229.5844

G1X75.9945Y-229.2382

G1X76.1697Y-228.8776

G1X76.2380Y-228.2097

G1X76.0475Y-227.2260

G1X73.2033Y-219.0408

G1X72.8028Y-217.5680

G1X72.5341Y-215.9482

G1X72.4287Y-213.5686

G1X72.6599Y-210.6542

G1X72.8276Y-209.9870

G1X73.0455Y-209.5013

G1X73.8232Y-208.6715

G1X74.5463Y-208.2484

G1X75.3021Y-208.1352

G1X76.2808Y-208.3268

G1X77.2778Y-208.7731

G1X78.9970Y-209.8460

G1X81.3356Y-211.5391

G1X85.9630Y-215.0688

G1X91.2737Y-219.4028

G1X93.2306Y-220.7794

G1X94.8377Y-221.5917

G1X96.8427Y-222.2049

G1X97.4777Y-222.2865

G1X98.6641Y-222.2240

G1X99.2832Y-222.3387

G1X99.9924Y-222.6583

G1X100.9755Y-223.2392

G1X102.6523Y-224.4510

G1X104.4096Y-225.9588

G1X108.6349Y-230.4411

G1X109.9067Y-231.6673

G1X111.4290Y-232.9156

G1X112.5532Y-233.5713

G1X112.8684Y-233.6772

G1X113.1984Y-233.6718

G1X113.4633Y-233.5433

G1X114.0740Y-233.0377

G1X114.6227Y-232.9520

G1X116.5197Y-233.3958

G1X117.9358Y-234.0556

G1X118.3409Y-234.0248

G1X118.5267Y-233.8117

G1X118.6512Y-233.3636

G1X118.8275Y-230.5527

G1X119.2171Y-229.0540

G1X119.4204Y-228.5343

G1X119.6225Y-228.2430

G1X119.8733Y-228.1195

G1X120.1853Y-228.2163

G1X120.9928Y-229.1024

G1X122.2362Y-231.0277

G1X123.8635Y-233.8150

G1X126.1075Y-238.2042

G1X126.9286Y-239.3999

G1X127.2219Y-239.6435

G1X127.5546Y-239.7698

G1X128.4434Y-239.8124

G1X129.3279Y-239.6166

G1X129.7907Y-239.7328

G1X130.3503Y-240.1247

G1X131.3174Y-240.9955

G1X132.5038Y-242.2431

G1X132.8876Y-242.4677

G1X133.2973Y-242.5379

G1X133.7815Y-242.3986

G1X134.1807Y-242.0885

G1X135.1631Y-240.4846

G1X135.9967Y-239.3320

G1X136.4704Y-238.8560

G1X136.9790Y-238.6554

G1X137.5486Y-238.7108

G1X138.0705Y-239.0286

G1X139.1693Y-240.8003

G1X139.9626Y-241.5994

G1X140.3687Y-241.7066

G1X140.7664Y-241.4326

G1X141.1831Y-240.7602

G1X142.2353Y-238.6065

G1X143.9762Y-235.7349

G1X145.9000Y-232.2017

G1X146.8227Y-230.0678

G1X149.1934Y-223.7431

G1X150.4236Y-220.7662

G1X152.5854Y-216.0143

G1X153.4110Y-214.4236

G1X154.1033Y-213.2814

G1X154.7025Y-212.5304

G1X155.2540Y-212.0487

G1X158.8750Y-210.0027

G1X159.9733Y-209.1048

G1X161.2946Y-207.5438

G1X164.0840Y-203.7731

G1X167.2068Y-199.7426

G1X169.3295Y-197.1733

G1X170.6088Y-195.8555

G1X172.0060Y-194.6065

G1X173.3425Y-193.5989

G1X174.5174Y-192.8914

G1X175.6573Y-192.4375

G1X176.7423Y-192.2602

G1X178.2965Y-192.3423

G1X179.2846Y-192.6122

G1X180.1941Y-193.0712

G1X181.1856Y-193.7833

G1X181.6658Y-194.3036

G1X182.8719Y-195.8995

G1X183.7250Y-196.5888

G1X184.6078Y-197.0547

G1X186.0853Y-197.6764

G1X188.1440Y-198.2100

G1X188.9054Y-198.6314

G1X189.6228Y-199.5671

G1X190.2540Y-201.0859

G1X190.6302Y-202.5993

G1X190.7487Y-205.2309

G1X190.8627Y-206.1048

G1X191.1611Y-206.8177

G1X191.7126Y-207.3608

G1X192.6029Y-207.7363

G1X194.0127Y-207.9663

G1X194.8201Y-207.8961

G1X196.6913Y-207.5588

G1X197.5505Y-207.5531

G1X198.3089Y-207.8695

G1X198.9516Y-208.4452

G1X199.2838Y-208.9480

G1X199.5697Y-209.6448

G1X199.7198Y-210.3296

G1X199.7463Y-211.1404

G1X199.3058Y-214.8516

G1X198.9497Y-218.8861

G1X198.4584Y-222.3948

G1X198.1426Y-223.8156

G1X197.7093Y-225.1665

G1X195.7681Y-229.6458

G1X194.5917Y-232.7469

G1X194.2718Y-233.8755

G1X194.2361Y-234.6858

G1X194.3261Y-234.9620

G1X194.5404Y-235.2423

G1X195.3135Y-235.6115

G1X196.9673Y-235.9345

G1X199.6600Y-235.9664

G1X200.1610Y-236.0921

G1X200.7030Y-236.4203

G1X201.2729Y-237.1129

G1X201.7173Y-238.1226

G1X201.8034Y-238.7016

G1X201.8063Y-240.3973

G1X202.0499Y-241.1307

G1X202.7019Y-241.9149

G1X203.7784Y-242.8997

G1X205.0177Y-243.8741

G1X205.4305Y-244.3133

G1X205.7406Y-244.9243

G1X206.1776Y-246.4828

G1X206.9149Y-247.4971

G1X207.7604Y-248.2317

G1X208.7163Y-248.7843

G1X214.0753Y-250.7293

G1X214.6505Y-251.1279

G1X215.0186Y-251.6598

G1X215.1977Y-252.1988

G1X215.2386Y-252.8960

G1X215.1017Y-253.6517

G1X214.8284Y-254.3269

G1X214.2458Y-255.2292

G1X212.5107Y-257.5140

G1X209.0989Y-262.6613

G1X208.6848Y-263.4076

G1X208.5029Y-264.0103

G1X208.4360Y-264.7240

G1X208.5468Y-265.2847

G1X208.7940Y-265.7171

G1X209.3476Y-266.2150

G1X210.2610Y-266.6842

G1X211.5522Y-267.1333

G1X213.5793Y-267.6880

G1X217.0274Y-268.3794

G1X226.9584Y-270.0752

G1X232.0155Y-271.0839

G1X235.9960Y-272.0487

G1X239.0453Y-273.1045

G1X245.1013Y-275.8751

G1X252.2331Y-279.5570

G1X254.0282Y-280.6043

G1X255.3236Y-281.6428

G1X256.3967Y-282.8739

G1X257.0644Y-284.1274

G1X257.2288Y-284.7094

G1X257.2777Y-285.2553

G1X257.0177Y-286.3040

G1X255.9182Y-288.5822

G1X254.9223Y-291.6585

G1X253.8567Y-293.5019

G1X252.9269Y-294.6738

G1X251.6506Y-295.7188

G1X249.9261Y-296.6308

G1X244.9491Y-298.6356

G1X240.2166Y-300.2946

G1X239.1283Y-300.8019

G1X238.1953Y-301.4034

G1X237.0348Y-302.5184

G1X235.8908Y-304.1584

G1X235.4948Y-305.0805

G1X234.5723Y-307.8293

G1X234.3678Y-308.7171

G1X234.4179Y-309.6525

G1X234.8191Y-310.9546

G1X235.4113Y-312.0968

G1X236.3184Y-313.3637

G1X237.6781Y-314.8147

G1X241.5136Y-318.3234

G1X246.5222Y-323.2104

G1X248.2114Y-325.2434

G1X249.5522Y-327.4596

G1X250.6246Y-329.8523

G1X251.1923Y-331.5339

G1X251.6250Y-333.4527

G1X252.1724Y-336.8856

G1X252.2102Y-338.0762

G1X252.0587Y-338.9796

G1X251.5985Y-340.0525

G1X250.8959Y-341.0153

G1X249.7702Y-341.9667

G1X248.5103Y-342.5779

G1X247.2511Y-342.9360

G1X244.2772Y-343.6040

G1X240.9997Y-344.6732

G1X239.3646Y-345.0360

G1X236.7346Y-345.2452

G1X233.9778Y-345.1953

G1X231.3638Y-344.9051

G1X228.3127Y-344.3171

G1X222.9504Y-342.9794

G1X218.5560Y-341.7137

G1X213.3738Y-340.0108

G1X208.4719Y-338.2054

G1X203.7126Y-336.2694

G1X199.1388Y-334.2084

G1X192.2736Y-330.9429

G1X181.8889Y-325.7880

G1X179.3581Y-324.8760

G1X178.6221Y-324.7620

G1X178.1578Y-324.8474

G1X177.9444Y-325.0437

G1X177.8915Y-325.4958

G1X178.4160Y-327.6388

G1X178.4781Y-328.2016

G1X178.4112Y-328.3241

G1X178.2760Y-328.3644

G1X177.3846Y-328.1840

G1X177.1415Y-328.2452

G1X177.0949Y-328.5519

G1X177.3368Y-329.2169

G1X178.5534Y-331.3069

G1X181.2675Y-335.3389

G1X193.8908Y-353.2028

G1X192.1838Y-355.6057

G1 Z0F20000

(Start Block)


G1X193.4482Y-357.2716
G1Z5F20000
(Plotting speed under)
G1 F4000


G1X192.2433Y-358.9196

G1X191.8127Y-359.3177

G1X191.4004Y-359.5553

G1X190.6974Y-359.7815

G1X189.8065Y-359.8949

G1X188.8367Y-359.8779

G1X187.7215Y-359.7272

G1X186.2116Y-359.3017

G1X183.8542Y-358.4227

G1X179.5395Y-356.5068

G1X176.4370Y-355.7035

G1X174.6419Y-355.0599

G1X172.4739Y-354.1250

G1X170.0284Y-352.6699

G1X169.0652Y-352.3226

G1X168.6183Y-352.3884

G1X168.2336Y-352.6573

G1X166.0384Y-355.3939

G1X165.6421Y-355.6011

G1X165.2586Y-355.5788

G1X164.6922Y-355.2763

G1X163.8959Y-354.6003

G1X161.7994Y-352.2802

G1X160.6143Y-350.8073

G1X158.1326Y-347.1763

G1X157.1720Y-345.9511

G1X156.6701Y-345.4965

G1X156.2463Y-345.2363

G1X155.8773Y-345.1248

G1X155.4694Y-345.1418

G1X154.7230Y-345.4432

G1X154.3305Y-345.7970

G1X153.3062Y-347.4609

G1X152.0885Y-349.0317

G1X151.4793Y-350.0202

G1X150.0662Y-353.2192

G1X148.4404Y-357.7519

G1X145.0111Y-366.2866

G1X144.4942Y-367.2680

G1X143.7648Y-368.3413

G1X143.0665Y-369.1245

G1X142.4204Y-369.6129

G1X141.7846Y-369.8378

G1X141.1307Y-369.7930

G1X140.3686Y-369.5018

G1X139.2540Y-368.8476

G1X138.5081Y-368.2421

G1X136.6753Y-366.4239

G1X134.1555Y-364.4296

G1X132.1344Y-362.2622

G1X130.6475Y-360.9236

G1X130.1570Y-360.5784

G1X129.6543Y-360.3474

G1X129.2022Y-360.2667

G1X128.6341Y-360.3035

G1X127.6589Y-360.6156

G1X126.4829Y-361.2222

G1X122.3060Y-364.3520

G1X120.7876Y-365.6173

G1X117.8404Y-368.5883

G1X116.3913Y-369.7216

G1X115.2375Y-370.4612

G1X114.3201Y-370.8366

G1X113.6424Y-370.8788

G1X113.0640Y-370.6997

G1X111.7677Y-370.0429

G1X110.0857Y-369.5173

G1X109.2893Y-369.4350

G1X108.6142Y-369.5748

G1X107.8677Y-369.9339

G1X106.9753Y-370.5282

G1X101.4591Y-374.8250

G1X100.2621Y-375.6728

G1X97.7304Y-377.0236

G1X96.9650Y-377.2890

G1X96.2788Y-377.3766

G1X95.7666Y-377.2617

G1X95.3911Y-376.9947

G1X94.9765Y-376.4339

G1X94.6407Y-375.6971

G1X93.9300Y-373.0858

G1X93.6542Y-369.0753

G1X93.4271Y-367.8084

G1X93.1032Y-366.9148

G1X92.6568Y-366.1025

G1X92.1833Y-365.5332

G1X91.5546Y-365.0415

G1X90.8268Y-364.8171

G1X88.9474Y-364.7451

G1X88.1750Y-364.5586

G1X87.3473Y-364.2001

G1X85.6748Y-363.3023

G1X83.8840Y-362.2245

G1X82.7551Y-361.8225

G1X80.5209Y-361.5930

G1X79.1684Y-361.5553

G1X76.6669Y-361.6944

G1X75.5398Y-361.5218

G1X74.6406Y-361.0361

G1X71.3410Y-358.5089

G1X70.5988Y-358.1168

G1X69.7864Y-357.8419

G1X68.5217Y-357.5747

G1X66.8064Y-357.3782

G1X62.4064Y-357.3989

G1X60.7740Y-357.2346

G1X59.0967Y-356.9485

G1X56.4157Y-356.3013

G1X55.2657Y-355.9068

G1X54.5494Y-355.4835

G1X53.4223Y-354.4142

G1X53.0001Y-353.6908

G1X52.8728Y-352.9763

G1X52.9938Y-352.0812

G1X53.3941Y-350.9731

G1X54.1697Y-349.4201

G1X55.2523Y-347.5951

G1X56.8453Y-345.1865

G1X58.3489Y-343.1017

G1X61.9066Y-338.7053

G1X69.1579Y-330.2479

G1X73.4763Y-325.4900

G1X82.1227Y-316.4259

G1X83.6639Y-314.5624

G1X84.1844Y-313.5674

G1X84.3513Y-312.6574

G1X84.3397Y-311.7993

G1X83.7500Y-310.5378

G1X83.9044Y-309.6270

G1X84.3107Y-308.6653

G1X84.9116Y-307.6029

G1X86.6290Y-305.4445

G1X87.1039Y-304.7288

G1X87.4852Y-303.7793

G1X87.7193Y-302.4246

G1X87.7412Y-301.4793

G1X87.5063Y-300.7460

G1X86.9846Y-300.0466

G1X86.2017Y-299.5202

G1X85.1192Y-299.1118

G1X82.7853Y-298.4647

G1X79.6330Y-297.7572

G1X75.3916Y-296.9559

G1X73.2376Y-296.3796

G1X71.7102Y-295.8646

G1X70.3715Y-295.1988

G1X68.6717Y-293.8594

G1X66.2207Y-292.2701

G1X65.2130Y-291.7076

G1X62.7497Y-290.5631

G1X61.8888Y-290.0239

G1X61.4204Y-289.5495

G1X61.0881Y-289.0181

G1X60.8499Y-288.3791

G1X60.6348Y-287.4451

G1X60.6152Y-286.6413

G1X60.8832Y-283.6192

G1X60.7743Y-282.7240

G1X60.2733Y-281.6739

G1X59.3186Y-280.0804

G1X58.4054Y-278.7395

G1X58.1674Y-278.1250

G1X58.1819Y-277.7099

G1X58.3784Y-277.1803

G1X58.6765Y-276.7328

G1X59.1008Y-276.2989

G1X60.3519Y-275.5015

G1X61.8773Y-274.9346

G1X64.4213Y-274.2804

G1X68.0849Y-273.5232

G1X78.3984Y-272.0095

G1X82.1018Y-271.3867

G1X83.4302Y-270.9662

G1X83.9075Y-270.6055

G1X84.1154Y-270.2388

G1X84.1080Y-269.9026

G1X83.9316Y-269.5148

G1X83.1582Y-268.6924

G1X74.0296Y-262.4618

G1X71.7368Y-260.5514

G1X70.0341Y-258.8219

G1X69.3925Y-257.9688

G1X69.0156Y-257.2146

G1X68.3532Y-255.0522

G1X68.0555Y-253.6116

G1X67.6493Y-252.6682

G1X66.8793Y-251.6080

G1X64.3616Y-248.8400

G1X63.3707Y-247.5709

G1X61.9737Y-245.2778

G1X61.5166Y-244.2594

G1X61.2696Y-243.4367

G1X61.2206Y-242.5958

G1X61.4353Y-240.8337

G1X61.3561Y-238.4853

G1X61.3994Y-237.4986

G1X61.7175Y-235.6409

G1X61.9674Y-234.9938

G1X62.2765Y-234.5117

G1X63.1643Y-233.7509

G1X65.2858Y-232.4908

G1X69.9393Y-230.0302

G1X72.4345Y-228.9432

G1X73.8994Y-227.9805

G1X74.2112Y-227.6244

G1X74.3787Y-227.2607

G1X74.4486Y-226.5966

G1X74.2740Y-225.6196

G1X71.5014Y-217.3329

G1X71.1163Y-215.8474

G1X70.8701Y-214.2444

G1X70.7916Y-211.8871

G1X71.0580Y-208.9786

G1X71.2290Y-208.2943

G1X71.4900Y-207.7141

G1X72.2917Y-206.8701

G1X73.0298Y-206.4344

G1X73.7973Y-206.3108

G1X74.7881Y-206.4926

G1X75.7954Y-206.9316

G1X77.5276Y-207.9933

G1X80.0624Y-209.8079

G1X84.6282Y-213.2554

G1X90.0398Y-217.6358

G1X91.9383Y-218.9581

G1X93.5663Y-219.7891

G1X95.6843Y-220.4621

G1X96.3245Y-220.5570

G1X97.6153Y-220.5235

G1X98.2407Y-220.6544

G1X99.9245Y-221.5564

G1X101.6683Y-222.8145

G1X103.5035Y-224.3887

G1X107.9421Y-229.0953

G1X109.3424Y-230.4319

G1X110.8156Y-231.6356

G1X111.9868Y-232.3244

G1X112.5943Y-232.4331

G1X112.8775Y-232.3260

G1X113.5346Y-231.8756

G1X114.1006Y-231.8258

G1X116.0880Y-232.3735

G1X117.4961Y-233.0820

G1X117.9867Y-233.0906

G1X118.1782Y-232.8920

G1X118.3157Y-232.4435

G1X118.5297Y-229.7276

G1X118.9103Y-228.3680

G1X119.3149Y-227.5242

G1X119.5600Y-227.3648

G1X119.8631Y-227.4130

G1X120.2035Y-227.6807

G1X120.6482Y-228.2064

G1X121.9310Y-230.1593

G1X123.6756Y-233.1429

G1X125.9654Y-237.6225

G1X126.7766Y-238.8180

G1X127.1518Y-239.1298

G1X127.4689Y-239.2448

G1X128.3440Y-239.3342

G1X129.2484Y-239.1915

G1X129.7123Y-239.3273

G1X130.2527Y-239.7190

G1X131.2677Y-240.6547

G1X132.4638Y-241.9147

G1X132.8431Y-242.1395

G1X133.2283Y-242.2166

G1X133.6837Y-242.1157

G1X134.1553Y-241.7743

G1X135.1461Y-240.1777

G1X136.0781Y-238.8747

G1X136.5336Y-238.4353

G1X137.0695Y-238.2318

G1X137.5488Y-238.2578

G1X138.0788Y-238.5377

G1X139.1833Y-240.2314

G1X139.9178Y-240.9402

G1X140.1589Y-241.0675

G1X140.4112Y-241.0754

G1X140.8091Y-240.7833

G1X141.2552Y-240.0437

G1X142.3189Y-237.8265

G1X144.1063Y-234.7936

G1X146.0817Y-231.1287

G1X147.0064Y-229.0046

G1X149.3906Y-222.7273

G1X150.5841Y-219.8703

G1X152.7529Y-215.1452

G1X153.5875Y-213.5422

G1X154.3268Y-212.3200

G1X154.9091Y-211.5749

G1X155.5244Y-211.0110

G1X159.1629Y-208.7190

G1X160.3128Y-207.7629

G1X161.6234Y-206.2298

G1X164.6049Y-202.2197

G1X167.6241Y-198.3550

G1X169.8345Y-195.6980

G1X171.1050Y-194.3952

G1X172.5178Y-193.1398

G1X173.7946Y-192.1769

G1X175.0673Y-191.4033

G1X175.8728Y-191.0428

G1X176.6076Y-190.8305

G1X178.1613Y-190.7098

G1X179.0936Y-190.7924

G1X179.7869Y-190.9520

G1X180.5352Y-191.2454

G1X181.2394Y-191.6341

G1X182.1849Y-192.3531

G1X183.6560Y-194.2096

G1X184.4934Y-194.9227

G1X185.3764Y-195.4279

G1X186.9502Y-196.1450

G1X189.1962Y-196.8204

G1X189.7020Y-197.1236

G1X190.0890Y-197.5176

G1X190.7360Y-198.5821

G1X191.3267Y-200.1901

G1X191.5857Y-201.3833

G1X191.8283Y-204.5841

G1X192.1020Y-205.2980

G1X192.5677Y-205.8229

G1X193.4313Y-206.2679

G1X194.9559Y-206.5685

G1X195.7352Y-206.5276

G1X197.7922Y-206.1791

G1X198.6370Y-206.1847

G1X199.4654Y-206.5500

G1X200.0905Y-207.1312

G1X200.4614Y-207.7232

G1X200.7251Y-208.4295

G1X200.8487Y-209.0794

G1X200.8626Y-209.8862

G1X199.9894Y-217.5608

G1X199.4406Y-221.2806

G1X199.1085Y-222.7942

G1X198.6806Y-224.1646

G1X196.7237Y-228.7602

G1X195.5496Y-231.9293

G1X195.2507Y-233.0349

G1X195.2206Y-233.8361

G1X195.3093Y-234.1192

G1X195.5201Y-234.4103

G1X196.2802Y-234.8078

G1X197.9061Y-235.1810

G1X200.5530Y-235.2810

G1X201.0458Y-235.4206

G1X201.5791Y-235.7659

G1X202.1402Y-236.4801

G1X202.5797Y-237.5112

G1X202.6668Y-238.0984

G1X202.6780Y-239.8112

G1X202.9153Y-240.5458

G1X203.5987Y-241.3940

G1X204.6239Y-242.3665

G1X205.8880Y-243.3922

G1X206.2847Y-243.8231

G1X206.6011Y-244.4363

G1X207.0704Y-245.9999

G1X207.8232Y-247.0241

G1X208.6767Y-247.7700

G1X209.6354Y-248.3343

G1X215.0060Y-250.3292

G1X215.5863Y-250.7335

G1X215.9989Y-251.3585

G1X216.1597Y-251.9131

G1X216.1794Y-252.6264

G1X216.0220Y-253.3960

G1X215.7432Y-254.0433

G1X215.1457Y-254.9592

G1X213.5370Y-257.0955

G1X211.2599Y-260.6642

G1X210.0765Y-262.3749

G1X209.6566Y-263.1315

G1X209.4738Y-263.7339

G1X209.4021Y-264.4306

G1X209.4942Y-264.9802

G1X209.7121Y-265.4056

G1X210.2556Y-265.9324

G1X211.1299Y-266.4042

G1X212.4826Y-266.8868

G1X214.5165Y-267.4501

G1X217.9208Y-268.1447

G1X228.0867Y-269.9042

G1X233.2291Y-270.9418

G1X237.1844Y-271.9112

G1X240.3030Y-273.0037

G1X246.3009Y-275.7886

G1X253.2963Y-279.4939

G1X255.0918Y-280.5679

G1X256.4661Y-281.7066

G1X257.5070Y-282.9514

G1X258.1515Y-284.2159

G1X258.3231Y-284.8858

G1X258.3450Y-285.3663

G1X258.0798Y-286.4256

G1X257.1182Y-288.5359

G1X256.4579Y-290.8773

G1X256.1377Y-291.7419

G1X255.1299Y-293.4964

G1X254.1533Y-294.7333

G1X252.8689Y-295.7941

G1X251.1657Y-296.7042

G1X245.9965Y-298.7821

G1X241.3200Y-300.4241

G1X240.2146Y-300.9361

G1X239.3155Y-301.5167

G1X238.2222Y-302.5777

G1X237.0523Y-304.2987

G1X236.6195Y-305.3270

G1X235.6334Y-308.2516

G1X235.4566Y-309.0259

G1X235.4942Y-309.9418

G1X235.8745Y-311.2510

G1X236.4507Y-312.3991

G1X237.3481Y-313.6738

G1X238.7568Y-315.1837

G1X242.5667Y-318.6787

G1X247.7226Y-323.7049

G1X249.4225Y-325.7666

G1X250.1340Y-326.8568

G1X250.8137Y-328.0934

G1X251.8548Y-330.4403

G1X252.4060Y-332.1324

G1X252.8161Y-334.0612

G1X253.3239Y-337.5189

G1X253.3342Y-338.7084

G1X253.1568Y-339.6187

G1X252.6783Y-340.6971

G1X251.9638Y-341.6665

G1X250.8378Y-342.6311

G1X249.5966Y-343.2549

G1X245.4236Y-344.4081

G1X242.1981Y-345.5508

G1X240.7651Y-345.8808

G1X238.1391Y-346.1177

G1X235.3734Y-346.0865

G1X232.6640Y-345.7955

G1X229.5199Y-345.1946

G1X224.1719Y-343.8691

G1X219.8594Y-342.6296

G1X214.6504Y-340.9216

G1X209.6702Y-339.0882

G1X204.5610Y-337.0114

G1X199.6427Y-334.8011

G1X192.9796Y-331.6452

G1X182.6646Y-326.5306

G1X180.1618Y-325.6347

G1X179.4305Y-325.5184

G1X178.9609Y-325.5906

G1X178.7027Y-325.8161

G1X178.6523Y-326.2648

G1X179.1884Y-328.4005

G1X179.2766Y-329.0682

G1X179.2147Y-329.1908

G1X179.0872Y-329.2344

G1X178.1484Y-329.0379

G1X177.9063Y-329.0903

G1X177.8454Y-329.3691

G1X178.0484Y-329.9759

G1X179.2446Y-332.0638

G1X182.0423Y-336.2226

G1X195.2519Y-354.8837

G1X193.4482Y-357.2716

G1 Z0F20000

(Start Block)


G1X194.8948Y-359.1776
G1Z5F20000
(Plotting speed under)
G1 F4000


G1X193.5409Y-360.7043

G1X193.0684Y-361.0686

G1X192.5460Y-361.3170

G1X191.7291Y-361.5260

G1X190.8242Y-361.6068

G1X189.7401Y-361.5595

G1X188.7594Y-361.4058

G1X187.2438Y-360.9696

G1X184.7970Y-360.0546

G1X180.4763Y-358.1248

G1X177.3034Y-357.1881

G1X175.5988Y-356.5545

G1X173.0579Y-355.4450

G1X170.5081Y-353.9821

G1X169.6300Y-353.7025

G1X169.2153Y-353.7441

G1X168.7820Y-353.9697

G1X166.3290Y-356.2830

G1X165.9790Y-356.4142

G1X165.5695Y-356.3759

G1X164.9822Y-356.0619

G1X164.2416Y-355.4546

G1X162.0549Y-353.1128

G1X160.9263Y-351.7446

G1X158.4588Y-348.2291

G1X157.5294Y-347.0781

G1X157.0203Y-346.6278

G1X156.5905Y-346.3676

G1X156.1252Y-346.2378

G1X155.7129Y-346.2647

G1X155.0148Y-346.5049

G1X154.5883Y-346.8348

G1X153.5238Y-348.3283

G1X152.2587Y-349.7925

G1X151.7701Y-350.5508

G1X151.1932Y-351.7891

G1X150.4507Y-353.7672

G1X148.4847Y-359.7798

G1X145.4177Y-367.0073

G1X144.8008Y-368.2034

G1X143.9913Y-369.3646

G1X143.2134Y-370.2128

G1X142.4846Y-370.7392

G1X141.8390Y-370.9504

G1X141.1765Y-370.9054

G1X140.4053Y-370.6262

G1X139.1970Y-369.9498

G1X138.4975Y-369.4018

G1X136.6620Y-367.6892

G1X134.0982Y-365.7964

G1X131.9666Y-363.4965

G1X130.4937Y-362.1710

G1X130.0119Y-361.8375

G1X129.5176Y-361.6182

G1X129.0735Y-361.5467

G1X128.6094Y-361.5768

G1X128.0419Y-361.7252

G1X127.2631Y-362.0624

G1X126.4535Y-362.5040

G1X125.7448Y-363.0037

G1X120.9044Y-366.8289

G1X117.2951Y-370.4278

G1X115.8134Y-371.5732

G1X114.6700Y-372.2848

G1X113.8442Y-372.6094

G1X113.1747Y-372.6530

G1X112.6036Y-372.4822

G1X111.2388Y-371.7781

G1X109.5509Y-371.1909

G1X108.7500Y-371.0729

G1X107.9992Y-371.2127

G1X107.3198Y-371.5276

G1X106.4219Y-372.1017

G1X100.9210Y-376.2378

G1X99.6997Y-377.0744

G1X97.1992Y-378.3649

G1X96.3497Y-378.6520

G1X95.6683Y-378.7405

G1X95.1443Y-378.6467

G1X94.6636Y-378.3416

G1X94.2569Y-377.8595

G1X93.8645Y-377.1480

G1X93.0494Y-374.8343

G1X92.5637Y-371.0549

G1X92.2581Y-369.8550

G1X91.8592Y-368.9296

G1X91.3918Y-368.1641

G1X90.8475Y-367.5472

G1X90.2761Y-367.1113

G1X89.6402Y-366.8819

G1X87.8058Y-366.6521

G1X87.0420Y-366.4158

G1X84.5262Y-365.0669

G1X82.7165Y-363.9345

G1X81.5921Y-363.5008

G1X80.3480Y-363.2821

G1X78.4834Y-363.1386

G1X75.4554Y-363.2487

G1X74.7782Y-363.1947

G1X74.2069Y-363.0477

G1X73.3078Y-362.5783

G1X69.8858Y-360.1117

G1X69.2353Y-359.7808

G1X68.4144Y-359.5202

G1X66.9562Y-359.2679

G1X64.9465Y-359.1184

G1X61.5003Y-359.2538

G1X60.3257Y-359.2313

G1X58.4721Y-358.9890

G1X56.6523Y-358.5558

G1X54.7985Y-357.9493

G1X53.6834Y-357.4561

G1X52.9798Y-356.9704

G1X51.9789Y-355.9158

G1X51.4986Y-355.1289

G1X51.3242Y-354.3402

G1X51.3974Y-353.4855

G1X51.7802Y-352.2864

G1X52.5131Y-350.7143

G1X53.6109Y-348.7727

G1X55.1722Y-346.3295

G1X56.6079Y-344.2953

G1X60.5756Y-339.3077

G1X66.7868Y-331.9917

G1X71.2566Y-327.0587

G1X80.4191Y-317.4751

G1X81.4783Y-316.2755

G1X82.1712Y-315.3539

G1X82.7650Y-314.2027

G1X83.0367Y-312.8422

G1X83.0255Y-312.2916

G1X82.6914Y-311.0570

G1X82.9110Y-310.0548

G1X83.8406Y-308.0804

G1X85.5810Y-305.5181

G1X85.8675Y-304.7910

G1X86.0038Y-304.1099

G1X86.0563Y-302.7277

G1X85.8736Y-301.8255

G1X85.3061Y-300.9406

G1X84.3650Y-300.2191

G1X83.1707Y-299.7199

G1X80.8938Y-299.0281

G1X77.6785Y-298.2362

G1X73.5192Y-297.3982

G1X71.8085Y-296.8880

G1X70.3754Y-296.3526

G1X68.8989Y-295.5867

G1X67.2289Y-294.1550

G1X65.2517Y-292.8366

G1X63.7147Y-291.9319

G1X61.2048Y-290.7071

G1X60.2986Y-290.1014

G1X59.8972Y-289.6682

G1X59.5720Y-289.1255

G1X59.0818Y-287.5221

G1X58.9782Y-286.6016

G1X58.9266Y-283.5151

G1X58.7586Y-282.6052

G1X57.5523Y-280.0819

G1X56.7990Y-278.7671

G1X56.5712Y-278.1177

G1X56.5819Y-277.6692

G1X56.7758Y-277.1466

G1X57.1134Y-276.6305

G1X57.5226Y-276.2006

G1X58.6918Y-275.4013

G1X60.2525Y-274.7629

G1X62.6693Y-274.0795

G1X66.1235Y-273.2884

G1X76.3105Y-271.6052

G1X79.7123Y-270.9430

G1X80.6251Y-270.6866

G1X81.1689Y-270.4395

G1X81.6400Y-270.0560

G1X81.8529Y-269.6724

G1X81.8577Y-269.3246

G1X81.7001Y-268.9272

G1X81.3865Y-268.4936

G1X80.9036Y-268.0312

G1X72.0239Y-261.7310

G1X69.6826Y-259.7147

G1X68.0363Y-257.9915

G1X67.4349Y-257.1658

G1X67.0155Y-256.3177

G1X66.3118Y-254.2297

G1X65.9308Y-252.6356

G1X65.5231Y-251.7157

G1X64.7692Y-250.6530

G1X62.3177Y-247.8692

G1X61.4217Y-246.6876

G1X60.0567Y-244.3720

G1X59.6439Y-243.4241

G1X59.3847Y-242.5470

G1X59.3438Y-241.6923

G1X59.6612Y-239.8364

G1X59.7474Y-237.2472

G1X59.9421Y-235.6089

G1X60.2173Y-234.3075

G1X60.7015Y-233.3701

G1X61.4830Y-232.6230

G1X63.3347Y-231.3657

G1X68.1928Y-228.5235

G1X70.4022Y-227.3734

G1X71.9276Y-226.2561

G1X72.2388Y-225.8798

G1X72.4091Y-225.5026

G1X72.4880Y-224.8212

G1X72.3273Y-223.8166

G1X69.7382Y-215.5125

G1X69.3925Y-214.0179

G1X69.1905Y-212.3701

G1X69.1947Y-209.9890

G1X69.5633Y-207.1735

G1X69.7690Y-206.5087

G1X70.0164Y-206.0214

G1X70.8964Y-205.1298

G1X71.6388Y-204.7052

G1X72.5098Y-204.5838

G1X73.3739Y-204.7453

G1X74.5117Y-205.2335

G1X76.3676Y-206.3634

G1X79.0245Y-208.2417

G1X83.1547Y-211.3031

G1X88.6496Y-215.6953

G1X90.6612Y-217.0743

G1X92.3479Y-217.9233

G1X94.4566Y-218.6193

G1X95.1835Y-218.7365

G1X96.4474Y-218.7343

G1X97.0492Y-218.8568

G1X97.7881Y-219.1858

G1X98.7509Y-219.7487

G1X100.5551Y-221.0365

G1X102.4894Y-222.6837

G1X107.1473Y-227.6137

G1X108.6416Y-229.0428

G1X110.1747Y-230.3057

G1X111.4027Y-231.0468

G1X111.7276Y-231.1572

G1X112.0608Y-231.1656

G1X113.0200Y-230.7299

G1X113.5941Y-230.7327

G1X115.6788Y-231.4045

G1X117.1694Y-232.1887

G1X117.6539Y-232.2124

G1X117.8528Y-232.0326

G1X118.0074Y-231.5936

G1X118.2743Y-229.0244

G1X118.7004Y-227.6723

G1X118.9282Y-227.1519

G1X119.1500Y-226.8597

G1X119.4225Y-226.7421

G1X119.6686Y-226.8041

G1X120.0171Y-227.0787

G1X120.4657Y-227.6062

G1X121.7546Y-229.5538

G1X123.5078Y-232.5318

G1X125.8121Y-237.0122

G1X126.6185Y-238.2082

G1X126.9875Y-238.5356

G1X127.3754Y-238.6981

G1X128.3501Y-238.8532

G1X129.1719Y-238.7828

G1X129.5699Y-238.9068

G1X130.3553Y-239.5190

G1X132.4242Y-241.5879

G1X132.8057Y-241.8104

G1X133.1941Y-241.8898

G1X133.6540Y-241.7958

G1X134.1302Y-241.4670

G1X136.1328Y-238.4850

G1X136.5916Y-238.0361

G1X137.1620Y-237.7853

G1X137.6455Y-237.7768

G1X138.1515Y-238.0199

G1X139.2021Y-239.5147

G1X139.9611Y-240.1588

G1X140.3789Y-240.2706

G1X140.8285Y-239.9784

G1X141.3151Y-239.1755

G1X142.4745Y-236.7302

G1X146.2597Y-229.8753

G1X147.1799Y-227.8256

G1X149.6375Y-221.5724

G1X150.9196Y-218.6187

G1X153.0456Y-214.1521

G1X154.5615Y-211.5358

G1X155.1091Y-210.8433

G1X155.6980Y-210.2714

G1X159.5366Y-207.4156

G1X160.8628Y-206.1894

G1X162.0204Y-204.8060

G1X165.0589Y-200.7559

G1X167.8396Y-197.2599

G1X169.4951Y-195.2613

G1X170.7738Y-193.8613

G1X171.9617Y-192.7319

G1X173.1354Y-191.7509

G1X174.2676Y-190.9346

G1X175.4187Y-190.2480

G1X176.2578Y-189.8607

G1X176.9892Y-189.6312

G1X177.7855Y-189.4908

G1X178.7319Y-189.4503

G1X179.6696Y-189.5057

G1X180.4879Y-189.6604

G1X181.3568Y-189.9646

G1X182.1692Y-190.3866

G1X182.9609Y-190.9819

G1X184.4849Y-192.8107

G1X185.3324Y-193.5165

G1X187.6940Y-194.8281

G1X189.9048Y-195.6281

G1X190.4081Y-195.9523

G1X190.7987Y-196.3554

G1X191.4654Y-197.4166

G1X192.0970Y-198.9948

G1X192.3789Y-200.0736

G1X192.7394Y-203.2376

G1X192.9837Y-203.8566

G1X193.5069Y-204.4513

G1X194.4456Y-204.9309

G1X195.9514Y-205.2324

G1X196.7404Y-205.1955

G1X198.8200Y-204.8574

G1X199.6772Y-204.8661

G1X200.5270Y-205.2294

G1X201.2404Y-205.8784

G1X201.6147Y-206.4830

G1X201.8743Y-207.2083

G1X201.9847Y-207.9173

G1X201.9766Y-208.7476

G1X201.0426Y-215.9757

G1X200.3870Y-220.1232

G1X200.0495Y-221.7203

G1X199.6111Y-223.2065

G1X197.7378Y-227.8132

G1X196.6986Y-230.7965

G1X196.3887Y-232.0211

G1X196.3711Y-232.8431

G1X196.5037Y-233.2158

G1X196.7330Y-233.4985

G1X197.5005Y-233.9095

G1X198.9941Y-234.3339

G1X201.4707Y-234.5455

G1X201.9762Y-234.7145

G1X202.4005Y-235.0013

G1X203.0114Y-235.7712

G1X203.4794Y-236.8734

G1X203.5755Y-237.4639

G1X203.6255Y-239.1744

G1X203.8686Y-239.9174

G1X204.6090Y-240.8659

G1X207.1931Y-243.2972

G1X207.5290Y-243.9105

G1X208.0717Y-245.4584

G1X208.7623Y-246.3896

G1X209.6475Y-247.1959

G1X210.6684Y-247.8285

G1X216.0850Y-249.9666

G1X216.6178Y-250.3810

G1X216.9810Y-250.9548

G1X217.1479Y-251.5146

G1X217.1774Y-252.2330

G1X217.0331Y-253.0066

G1X216.7676Y-253.6561

G1X216.2514Y-254.4874

G1X214.6356Y-256.7121

G1X212.4430Y-260.2916

G1X211.1830Y-262.1483

G1X210.8305Y-262.8080

G1X210.6523Y-263.4081

G1X210.5801Y-264.1159

G1X210.6721Y-264.6750

G1X210.8914Y-265.1080

G1X211.4405Y-265.6442

G1X212.3264Y-266.1244

G1X213.5883Y-266.5823

G1X215.6644Y-267.1702

G1X218.8596Y-267.8463

G1X229.3102Y-269.7189

G1X234.6379Y-270.8267

G1X238.5534Y-271.8235

G1X241.6700Y-272.9588

G1X245.2694Y-274.6270

G1X247.4293Y-275.7274

G1X253.9228Y-279.3625

G1X255.7810Y-280.5314

G1X257.1274Y-281.6963

G1X258.1455Y-282.9478

G1X258.8270Y-284.3033

G1X259.0024Y-284.9895

G1X259.0253Y-285.4737

G1X258.8350Y-286.4444

G1X258.0363Y-288.5737

G1X257.5176Y-290.8428

G1X257.2381Y-291.7187

G1X256.3646Y-293.3257

G1X255.3773Y-294.6308

G1X254.0426Y-295.7859

G1X252.3539Y-296.7203

G1X246.9324Y-298.9132

G1X242.3731Y-300.5443

G1X241.2743Y-301.0646

G1X240.4203Y-301.6414

G1X239.4376Y-302.6856

G1X238.3161Y-304.5611

G1X237.9806Y-305.4192

G1X237.4330Y-307.2561

G1X236.8817Y-308.6682

G1X236.6934Y-309.4513

G1X236.7374Y-310.4345

G1X237.0803Y-311.6974

G1X237.6005Y-312.7874

G1X238.4173Y-313.9939

G1X239.8137Y-315.5265

G1X246.9255Y-322.2491

G1X249.2631Y-324.6459

G1X250.2518Y-325.8693

G1X251.1067Y-327.1392

G1X251.8848Y-328.5439

G1X252.5827Y-330.0783

G1X253.2445Y-331.8968

G1X253.6662Y-333.7805

G1X254.1313Y-337.3977

G1X254.1249Y-339.1834

G1X253.7679Y-340.4624

G1X253.0744Y-341.6710

G1X252.0935Y-342.7304

G1X250.8873Y-343.5689

G1X249.6196Y-344.1135

G1X246.5647Y-345.1396

G1X243.4975Y-346.3789

G1X242.2748Y-346.6994

G1X240.6810Y-346.9162

G1X238.0693Y-347.0350

G1X235.3458Y-346.8838

G1X232.5055Y-346.4607

G1X229.0149Y-345.7057

G1X224.5178Y-344.5500

G1X220.3936Y-343.3281

G1X215.5834Y-341.7250

G1X211.1542Y-340.0832

G1X205.2882Y-337.6993

G1X199.4310Y-335.0786

G1X193.2851Y-332.1741

G1X183.2950Y-327.2176

G1X181.7295Y-326.6296

G1X180.7338Y-326.3536

G1X179.9863Y-326.3097

G1X179.5555Y-326.5195

G1X179.4458Y-326.8092

G1X179.4695Y-327.2337

G1X180.0438Y-329.3498

G1X180.1331Y-329.9995

G1X180.0733Y-330.1237

G1X179.9472Y-330.1683

G1X178.9327Y-329.9442

G1X178.6731Y-330.0449

G1X178.6541Y-330.3043

G1X178.7501Y-330.6359

G1X179.3011Y-331.7437

G1X180.8827Y-334.2445

G1X184.0335Y-338.8324

G1X196.8588Y-356.8683

G1X194.8948Y-359.1776

G1 Z0F20000

(Start Block)


G1X196.4998Y-361.2922
G1Z5F20000
(Plotting speed under)
G1 F4000


G1X195.0239Y-362.5696

G1X194.0256Y-363.0982

G1X193.3059Y-363.2859

G1X192.4259Y-363.3970

G1X190.5961Y-363.3168

G1X189.2080Y-363.0101

G1X187.4514Y-362.4181

G1X185.3386Y-361.5926

G1X181.5746Y-359.8840

G1X177.0651Y-358.2854

G1X173.8381Y-356.8790

G1X171.4596Y-355.5748

G1X170.5196Y-355.1918

G1X169.9513Y-355.1273

G1X169.4539Y-355.2337

G1X167.7289Y-356.1675

G1X166.6773Y-356.8987

G1X166.2172Y-357.0196

G1X165.7921Y-356.9526

G1X165.1695Y-356.6174

G1X164.3889Y-355.9957

G1X162.2815Y-353.8398

G1X161.1958Y-352.5768

G1X158.8000Y-349.3029

G1X157.8461Y-348.1817

G1X157.3809Y-347.7921

G1X156.8454Y-347.4922

G1X156.3802Y-347.3841

G1X155.9588Y-347.4074

G1X155.2253Y-347.6045

G1X154.7651Y-347.9161

G1X153.6465Y-349.1792

G1X152.5498Y-350.2211

G1X151.9614Y-351.0441

G1X151.4510Y-352.1956

G1X150.8729Y-353.9488

G1X149.0430Y-360.6226

G1X147.9831Y-363.3065

G1X145.9702Y-367.5472

G1X145.0633Y-369.1888

G1X143.8061Y-370.7583

G1X143.1903Y-371.3119

G1X142.6413Y-371.6669

G1X141.9797Y-371.8926

G1X141.2154Y-371.8577

G1X140.3395Y-371.5532

G1X139.1307Y-370.9157

G1X136.6495Y-368.8806

G1X134.7830Y-367.7010

G1X134.0417Y-367.1437

G1X131.8780Y-364.7667

G1X130.3034Y-363.3293

G1X129.3932Y-362.8279

G1X128.9511Y-362.7633

G1X128.4952Y-362.8031

G1X127.2694Y-363.2676

G1X126.3566Y-363.7840

G1X125.6728Y-364.2767

G1X120.5825Y-368.4205

G1X116.8964Y-372.1271

G1X115.3316Y-373.3376

G1X114.1959Y-374.0362

G1X113.2987Y-374.3683

G1X112.6202Y-374.3732

G1X112.0635Y-374.1798

G1X110.7295Y-373.4486

G1X108.9138Y-372.7094

G1X108.2324Y-372.5795

G1X107.5045Y-372.6754

G1X106.8123Y-372.9646

G1X105.8965Y-373.5151

G1X100.4505Y-377.3834

G1X99.1980Y-378.1872

G1X96.7308Y-379.3751

G1X95.8641Y-379.6457

G1X95.1623Y-379.7302

G1X94.5147Y-379.6098

G1X93.9804Y-379.2862

G1X93.4525Y-378.7213

G1X92.9390Y-377.9177

G1X92.1705Y-376.2440

G1X91.4966Y-373.2756

G1X91.2151Y-372.3744

G1X90.4900Y-370.9265

G1X89.6723Y-369.8408

G1X89.1187Y-369.3485

G1X88.6811Y-369.0998

G1X86.5932Y-368.5141

G1X85.6730Y-368.1009

G1X81.3110Y-365.4081

G1X79.9974Y-364.9558

G1X78.2673Y-364.6759

G1X76.9202Y-364.5735

G1X74.2209Y-364.6686

G1X73.1721Y-364.5163

G1X71.9738Y-363.9670

G1X68.3874Y-361.6142

G1X67.7094Y-361.3227

G1X66.9028Y-361.1254

G1X65.4471Y-360.9641

G1X63.2313Y-360.9103

G1X58.7149Y-361.1949

G1X57.4884Y-361.0801

G1X56.2798Y-360.8469

G1X54.7082Y-360.3563

G1X53.1444Y-359.6503

G1X52.0359Y-358.9499

G1X51.2710Y-358.2090

G1X50.4847Y-357.1789

G1X50.0800Y-356.4302

G1X49.8890Y-355.6371

G1X49.9359Y-354.6713

G1X50.2848Y-353.4307

G1X50.9271Y-351.9044

G1X51.8493Y-350.1227

G1X53.0828Y-348.0380

G1X54.5871Y-345.7743

G1X56.6931Y-342.9453

G1X60.3392Y-338.3834

G1X62.9994Y-335.2207

G1X68.0153Y-329.6017

G1X78.0298Y-319.1584

G1X79.4143Y-317.6302

G1X80.2936Y-316.5278

G1X81.0846Y-315.1951

G1X81.6009Y-313.6120

G1X81.7065Y-312.9353

G1X81.6731Y-311.5476

G1X81.9222Y-310.6094

G1X82.7959Y-308.5385

G1X83.9256Y-306.4316

G1X84.2209Y-305.3411

G1X84.1871Y-303.9901

G1X83.8761Y-302.8336

G1X83.5732Y-302.3191

G1X83.1581Y-301.8276

G1X82.1662Y-301.0620

G1X80.7937Y-300.4245

G1X78.2901Y-299.5790

G1X75.4111Y-298.7880

G1X71.4816Y-297.9317

G1X69.3077Y-297.1273

G1X67.4288Y-296.0700

G1X65.7695Y-294.4627

G1X64.6630Y-293.6614

G1X62.1941Y-292.1568

G1X59.7146Y-290.8634

G1X58.8143Y-290.2260

G1X58.2685Y-289.5356

G1X57.9277Y-288.7205

G1X57.3558Y-286.7081

G1X56.6786Y-282.6734

G1X55.0714Y-278.2252

G1X55.0693Y-277.7479

G1X55.1990Y-277.3341

G1X55.4892Y-276.8064

G1X55.9115Y-276.2890

G1X57.0624Y-275.3846

G1X58.5721Y-274.6612

G1X60.8116Y-273.9243

G1X64.0302Y-273.0692

G1X73.9146Y-271.1535

G1X76.9532Y-270.4343

G1X77.8779Y-270.1342

G1X78.4410Y-269.8556

G1X78.9405Y-269.4230

G1X79.1846Y-268.9587

G1X79.1734Y-268.5172

G1X79.0060Y-268.1139

G1X78.6985Y-267.6805

G1X78.1796Y-267.1663

G1X69.8908Y-260.9532

G1X67.5656Y-258.8767

G1X65.8828Y-257.0573

G1X65.3153Y-256.2407

G1X64.8583Y-255.3196

G1X64.1021Y-253.3276

G1X63.6245Y-251.6095

G1X63.2693Y-250.7952

G1X62.5719Y-249.7383

G1X60.1064Y-246.7903

G1X59.2347Y-245.5565

G1X57.9986Y-243.2883

G1X57.6280Y-242.3259

G1X57.4368Y-241.5235

G1X57.4505Y-240.6771

G1X57.9126Y-238.8534

G1X58.6369Y-233.7181

G1X58.8831Y-232.8668

G1X59.2089Y-232.2771

G1X59.9369Y-231.4671

G1X61.4305Y-230.2553

G1X63.7386Y-228.8003

G1X68.2536Y-225.7009

G1X69.8248Y-224.3571

G1X70.1155Y-223.9639

G1X70.2782Y-223.5816

G1X70.3628Y-222.8217

G1X70.2293Y-221.8732

G1X67.9340Y-213.6466

G1X67.6596Y-212.2482

G1X67.5172Y-210.6258

G1X67.6099Y-208.2819

G1X68.0742Y-205.6311

G1X68.3015Y-204.9715

G1X68.6102Y-204.4064

G1X69.5236Y-203.5127

G1X70.2750Y-203.0730

G1X71.1457Y-202.9273

G1X72.1417Y-203.1027

G1X73.2219Y-203.5588

G1X75.8242Y-205.1436

G1X80.6494Y-208.5577

G1X87.0901Y-213.5749

G1X89.2953Y-215.0670

G1X90.9628Y-215.9083

G1X93.1644Y-216.6786

G1X93.8855Y-216.8173

G1X95.2274Y-216.8595

G1X95.9181Y-217.0147

G1X97.6096Y-217.9150

G1X99.4850Y-219.2526

G1X101.4999Y-220.9689

G1X102.9088Y-222.3867

G1X106.3827Y-226.1351

G1X108.0022Y-227.6797

G1X109.5848Y-228.9881

G1X110.8053Y-229.7461

G1X111.4189Y-229.9027

G1X112.5170Y-229.6115

G1X113.0922Y-229.6707

G1X115.2923Y-230.4892

G1X116.7722Y-231.3126

G1X117.1181Y-231.4113

G1X117.3424Y-231.3899

G1X117.5525Y-231.2296

G1X117.7069Y-230.8800

G1X118.0761Y-228.3495

G1X118.6132Y-226.9315

G1X118.8152Y-226.5660

G1X119.0557Y-226.3263

G1X119.3487Y-226.2708

G1X119.6115Y-226.3852

G1X120.4435Y-227.2879

G1X121.7671Y-229.2999

G1X123.3582Y-231.9747

G1X125.6473Y-236.3722

G1X126.4685Y-237.5866

G1X126.8450Y-237.9301

G1X127.2444Y-238.1217

G1X128.2280Y-238.3642

G1X129.1189Y-238.3892

G1X129.5015Y-238.5407

G1X130.1857Y-239.0917

G1X132.3129Y-241.2047

G1X132.6660Y-241.4372

G1X133.1596Y-241.5598

G1X133.7158Y-241.4356

G1X134.1713Y-241.1023

G1X136.2693Y-238.0169

G1X136.6782Y-237.6203

G1X137.2564Y-237.2948

G1X137.7441Y-237.2199

G1X138.1731Y-237.3669

G1X139.2153Y-238.6465

G1X140.0141Y-239.2041

G1X140.4446Y-239.2672

G1X140.9032Y-238.9308

G1X141.3767Y-238.1373

G1X142.6028Y-235.5100

G1X146.5827Y-228.1500

G1X147.4649Y-226.2462

G1X149.7913Y-220.6306

G1X150.9850Y-217.9991

G1X153.0749Y-213.7886

G1X154.6490Y-211.1379

G1X155.7417Y-209.8494

G1X159.7842Y-206.2614

G1X161.2348Y-204.7974

G1X162.4818Y-203.2870

G1X166.0911Y-198.5766

G1X168.9532Y-195.1240

G1X170.6929Y-193.1905

G1X171.8060Y-192.1121

G1X173.0824Y-191.0390

G1X174.3173Y-190.1532

G1X175.4980Y-189.4494

G1X176.4230Y-189.0051

G1X177.2532Y-188.7221

G1X178.1438Y-188.5417

G1X179.1818Y-188.4655

G1X180.3312Y-188.4973

G1X181.2514Y-188.6376

G1X182.2177Y-188.9302

G1X183.0256Y-189.3163

G1X183.7295Y-189.8504

G1X185.2435Y-191.5544

G1X186.1890Y-192.3336

G1X188.4164Y-193.7558

G1X190.5549Y-194.7313

G1X191.3565Y-195.4424

G1X192.0473Y-196.4875

G1X192.7347Y-198.0052

G1X193.0702Y-199.0630

G1X193.5779Y-201.9721

G1X193.8649Y-202.5889

G1X194.3404Y-203.1028

G1X194.8276Y-203.4176

G1X195.3768Y-203.6420

G1X196.9012Y-203.9514

G1X197.7847Y-203.9065

G1X199.8389Y-203.5828

G1X200.6870Y-203.5948

G1X201.6247Y-203.9831

G1X202.4081Y-204.6778

G1X202.7766Y-205.2732

G1X202.9986Y-205.8819

G1X203.1069Y-206.4970

G1X203.1144Y-207.3080

G1X202.9603Y-208.7536

G1X201.9066Y-215.5426

G1X201.2116Y-219.4446

G1X200.7914Y-221.3124

G1X200.2491Y-223.0407

G1X198.7790Y-226.8930

G1X198.0969Y-229.0703

G1X197.7105Y-230.5916

G1X197.6640Y-231.6486

G1X197.7687Y-232.0100

G1X197.9713Y-232.3271

G1X198.6710Y-232.8195

G1X200.0874Y-233.3719

G1X202.5518Y-233.7947

G1X203.0402Y-234.0299

G1X203.4944Y-234.4299

G1X203.9925Y-235.1780

G1X204.4168Y-236.2090

G1X204.5286Y-236.7986

G1X204.6439Y-238.4901

G1X204.9466Y-239.3287

G1X205.4147Y-239.9921

G1X206.3830Y-241.0542

G1X208.1522Y-242.7418

G1X208.4729Y-243.2586

G1X209.2235Y-244.9527

G1X210.3225Y-246.2163

G1X211.1434Y-246.8705

G1X212.0603Y-247.4032

G1X216.9968Y-249.4732

G1X217.5774Y-249.8945

G1X217.9902Y-250.5145

G1X218.1840Y-251.1516

G1X218.2177Y-251.8517

G1X218.0953Y-252.6010

G1X217.8469Y-253.2588

G1X217.3486Y-254.1075

G1X215.8531Y-256.2857

G1X213.8589Y-259.7776

G1X212.6144Y-261.6598

G1X212.1772Y-262.4969

G1X211.9983Y-263.2379

G1X211.9680Y-263.8444

G1X212.0567Y-264.3163

G1X212.2776Y-264.7582

G1X212.8280Y-265.3027

G1X213.7004Y-265.7832

G1X214.9381Y-266.2427

G1X217.0120Y-266.8470

G1X220.0872Y-267.5286

G1X230.5091Y-269.4971

G1X236.1340Y-270.7211

G1X239.9188Y-271.7379

G1X243.0495Y-272.9377

G1X246.3584Y-274.5386

G1X248.5197Y-275.7140

G1X254.3701Y-279.2850

G1X256.1873Y-280.5397

G1X257.4988Y-281.7746

G1X258.5119Y-283.1156

G1X259.1583Y-284.4736

G1X259.3213Y-285.0954

G1X259.3609Y-285.6954

G1X259.2439Y-286.5979

G1X258.7080Y-288.6992

G1X258.4201Y-290.6967

G1X258.1844Y-291.6835

G1X257.9064Y-292.3606

G1X257.4527Y-293.1657

G1X256.4918Y-294.4874

G1X255.8264Y-295.1617

G1X255.1144Y-295.7374

G1X253.4761Y-296.6911

G1X247.7644Y-299.0343

G1X243.4956Y-300.6105

G1X242.3876Y-301.1474

G1X241.6205Y-301.6854

G1X241.1545Y-302.1523

G1X240.7547Y-302.7131

G1X239.8113Y-304.6613

G1X238.9683Y-307.5110

G1X238.2801Y-309.1701

G1X238.0781Y-309.9376

G1X238.1058Y-310.9722

G1X238.3813Y-312.1785

G1X238.8731Y-313.2976

G1X239.6124Y-314.4366

G1X241.0196Y-316.0117

G1X248.3380Y-323.0536

G1X250.4412Y-325.2747

G1X251.4455Y-326.5875

G1X252.3531Y-328.0326

G1X253.1047Y-329.5159

G1X253.7710Y-331.1404

G1X254.2529Y-332.8563

G1X254.5320Y-334.8846

G1X254.7223Y-337.9160

G1X254.6794Y-338.9173

G1X254.5381Y-339.7698

G1X254.0045Y-341.1322

G1X253.1552Y-342.3809

G1X251.9082Y-343.5986

G1X250.6014Y-344.4261

G1X244.7810Y-347.1736

G1X243.4287Y-347.5636

G1X241.5352Y-347.8323

G1X238.9784Y-347.9330

G1X236.2345Y-347.7575

G1X233.2748Y-347.2924

G1X229.5372Y-346.4681

G1X225.5746Y-345.4402

G1X221.6410Y-344.2621

G1X216.9145Y-342.6764

G1X212.8359Y-341.1579

G1X205.6231Y-338.2221

G1X198.7447Y-335.1694

G1X190.1902Y-331.0629

G1X184.0268Y-327.9607

G1X182.5265Y-327.4061

G1X181.5312Y-327.1432

G1X180.7936Y-327.1219

G1X180.3749Y-327.3563

G1X180.2758Y-327.6535

G1X180.3074Y-328.0831

G1X180.9225Y-330.2298

G1X181.0481Y-330.9930

G1X180.9932Y-331.1181

G1X180.8215Y-331.1668

G1X179.7984Y-330.9090

G1X179.5978Y-330.9353

G1X179.5133Y-331.0376

G1X179.6328Y-331.6702

G1X180.2120Y-332.8034

G1X181.9307Y-335.4938

G1X185.2365Y-340.2813

G1X198.6804Y-359.1179

G1X196.4998Y-361.2922

G1 Z0F20000

(Start Block)


G1X198.2232Y-363.5629
G1Z5F20000
(Plotting speed under)
G1 F4000


G1X196.5342Y-364.5967

G1X195.2129Y-365.0680

G1X193.3552Y-365.2870

G1X191.4598Y-365.1222

G1X189.5784Y-364.6067

G1X186.6671Y-363.5174

G1X182.7005Y-361.7205

G1X177.1161Y-359.4530

G1X174.3480Y-358.2024

G1X172.0775Y-357.0425

G1X171.2145Y-356.7023

G1X170.5132Y-356.5721

G1X169.8875Y-356.5985

G1X168.0687Y-356.9839

G1X166.7935Y-357.4434

G1X166.3933Y-357.4652

G1X165.9508Y-357.3632

G1X165.2910Y-357.0081

G1X164.4735Y-356.3886

G1X162.3915Y-354.3918

G1X161.2975Y-353.1685

G1X158.9715Y-350.1728

G1X158.1163Y-349.2672

G1X157.5459Y-348.8551

G1X156.9550Y-348.6059

G1X156.4316Y-348.5453

G1X155.6934Y-348.6249

G1X155.3178Y-348.7286

G1X154.8828Y-348.9715

G1X152.8389Y-350.5629

G1X152.4041Y-350.9956

G1X152.0654Y-351.5123

G1X151.6362Y-352.5556

G1X151.1470Y-354.2870

G1X150.4844Y-357.0071

G1X149.4001Y-362.0727

G1X148.5226Y-364.5313

G1X146.8982Y-367.6976

G1X145.5454Y-369.8884

G1X144.9172Y-370.6858

G1X144.1629Y-371.4680

G1X143.5232Y-372.0121

G1X142.8701Y-372.4261

G1X142.1148Y-372.6873

G1X141.3454Y-372.6786

G1X140.3657Y-372.3845

G1X139.0549Y-371.7596

G1X136.6377Y-370.0023

G1X134.7651Y-369.0092

G1X133.9858Y-368.4747

G1X133.3535Y-367.8524

G1X131.7157Y-365.9332

G1X130.0812Y-364.4247

G1X129.2672Y-363.9960

G1X128.4746Y-363.9719

G1X127.9280Y-364.1276

G1X127.2737Y-364.4338

G1X125.6516Y-365.4816

G1X123.4393Y-367.4106

G1X120.1759Y-370.0807

G1X116.5679Y-373.7559

G1X114.9429Y-375.0223

G1X113.7273Y-375.7667

G1X112.7621Y-376.0969

G1X112.0561Y-376.0517

G1X111.5890Y-375.8659

G1X110.3369Y-375.1149

G1X108.3535Y-374.1287

G1X107.6721Y-373.9586

G1X107.0530Y-374.0053

G1X106.3374Y-374.2611

G1X105.4773Y-374.7305

G1X100.0867Y-378.2551

G1X98.8118Y-379.0027

G1X96.3503Y-380.0758

G1X95.4921Y-380.3151

G1X94.7024Y-380.3974

G1X93.9773Y-380.2738

G1X93.2787Y-379.9194

G1X92.5804Y-379.3203

G1X91.8184Y-378.4216

G1X91.2244Y-377.4189

G1X90.0083Y-374.5398

G1X88.9496Y-372.8304

G1X88.0008Y-371.7241

G1X87.1630Y-371.1378

G1X85.4748Y-370.3791

G1X84.7603Y-369.9779

G1X82.2647Y-368.3595

G1X80.7656Y-367.2885

G1X79.8633Y-366.7857

G1X78.3632Y-366.2923

G1X76.6078Y-365.9829

G1X75.6053Y-365.9216

G1X73.0851Y-365.9905

G1X71.9095Y-365.8016

G1X70.8719Y-365.3856

G1X69.0229Y-364.3944

G1X67.1025Y-363.1771

G1X66.4190Y-362.9028

G1X65.7723Y-362.7621

G1X64.2443Y-362.6537

G1X61.4928Y-362.7333

G1X57.0057Y-363.2133

G1X56.0471Y-363.1786

G1X54.9662Y-363.0099

G1X53.5051Y-362.5695

G1X52.2146Y-361.9414

G1X51.1218Y-361.1575

G1X50.2722Y-360.2800

G1X49.3097Y-358.8132

G1X48.7923Y-357.8100

G1X48.5401Y-356.8382

G1X48.5385Y-355.9161

G1X48.8514Y-354.4902

G1X49.4648Y-352.8066

G1X50.3837Y-350.8529

G1X51.5857Y-348.6988

G1X53.2087Y-346.2050

G1X55.3186Y-343.2944

G1X57.9975Y-339.8504

G1X60.5641Y-336.7769

G1X65.8677Y-330.8616

G1X75.9700Y-320.3877

G1X78.3738Y-317.5818

G1X79.3012Y-316.1154

G1X80.1280Y-314.2279

G1X80.6871Y-311.9219

G1X82.0237Y-308.1624

G1X82.3543Y-306.8153

G1X82.3779Y-306.1622

G1X82.2929Y-305.4566

G1X81.8333Y-304.1594

G1X81.0546Y-303.1056

G1X79.8659Y-302.1458

G1X78.1979Y-301.2615

G1X75.4747Y-300.2087

G1X72.9002Y-299.4010

G1X69.2049Y-298.5188

G1X67.7832Y-297.9468

G1X66.8126Y-297.3500

G1X65.6855Y-296.4588

G1X64.3471Y-294.8632

G1X63.6601Y-294.2671

G1X60.6352Y-292.3907

G1X58.3019Y-291.0768

G1X57.3332Y-290.3503

G1X56.9741Y-289.9138

G1X56.6875Y-289.3703

G1X55.1234Y-285.1422

G1X54.1667Y-281.4305

G1X53.6370Y-278.6682

G1X53.6115Y-278.0563

G1X53.7154Y-277.5590

G1X54.3540Y-276.5019

G1X55.5036Y-275.4476

G1X56.9543Y-274.6079

G1X59.0327Y-273.7792

G1X61.9242Y-272.8548

G1X71.1788Y-270.6790

G1X73.7169Y-269.9327

G1X74.7577Y-269.5292

G1X75.3998Y-269.1560

G1X75.9372Y-268.6040

G1X76.1513Y-268.1048

G1X76.1345Y-267.6365

G1X75.9738Y-267.2140

G1X75.6653Y-266.7500

G1X75.1338Y-266.1806

G1X72.2172Y-263.7111

G1X67.6322Y-260.1251

G1X65.2367Y-257.8887

G1X63.6038Y-256.0474

G1X62.9961Y-255.1218

G1X62.5106Y-254.1498

G1X61.7528Y-252.3767

G1X61.1761Y-250.5758

G1X60.7832Y-249.6817

G1X60.1069Y-248.6167

G1X57.9534Y-245.8844

G1X57.1848Y-244.7665

G1X55.9860Y-242.4442

G1X55.6567Y-241.5400

G1X55.4663Y-240.7043

G1X55.4459Y-240.1511

G1X55.5269Y-239.6456

G1X56.1425Y-237.9708

G1X56.9537Y-234.9215

G1X57.3516Y-232.2002

G1X57.5753Y-231.5625

G1X57.9203Y-230.9549

G1X58.6109Y-230.0918

G1X59.6185Y-229.1026

G1X62.1665Y-227.2638

G1X65.7043Y-224.2278

G1X67.5095Y-222.4009

G1X67.9646Y-221.6295

G1X68.0929Y-220.9203

G1X68.0102Y-219.8960

G1X66.1094Y-211.8532

G1X65.8910Y-210.4420

G1X65.8236Y-208.9306

G1X66.0103Y-206.6830

G1X66.5886Y-204.1701

G1X66.8492Y-203.5044

G1X67.1843Y-202.9244

G1X68.1289Y-202.0045

G1X68.9557Y-201.4939

G1X69.8210Y-201.3190

G1X70.8024Y-201.4545

G1X72.0425Y-201.9497

G1X74.6382Y-203.4707

G1X79.1703Y-206.5551

G1X85.5881Y-211.4492

G1X87.8474Y-212.9453

G1X89.3258Y-213.7072

G1X90.8279Y-214.3018

G1X92.2486Y-214.7576

G1X93.9239Y-214.8953

G1X94.5110Y-215.0172

G1X95.1836Y-215.2906

G1X96.3456Y-215.9563

G1X98.2020Y-217.2633

G1X100.2080Y-218.9430

G1X101.6461Y-220.3554

G1X106.4629Y-225.4614

G1X108.6318Y-227.3740

G1X110.2709Y-228.4665

G1X110.8506Y-228.6345

G1X112.0406Y-228.5233

G1X112.6179Y-228.6451

G1X115.0233Y-229.6724

G1X116.4866Y-230.5236

G1X117.0512Y-230.6205

G1X117.2771Y-230.4790

G1X117.4599Y-230.1213

G1X117.8880Y-227.8789

G1X118.4968Y-226.4819

G1X118.7204Y-226.1353

G1X118.9857Y-225.9278

G1X119.2216Y-225.9023

G1X119.4967Y-226.0187

G1X120.3986Y-226.9928

G1X121.7387Y-229.0072

G1X123.2172Y-231.4483

G1X125.4781Y-235.7154

G1X126.2976Y-236.9221

G1X126.6675Y-237.2757

G1X127.0651Y-237.5039

G1X128.0041Y-237.8305

G1X128.9684Y-237.9768

G1X129.3635Y-238.1378

G1X129.9505Y-238.6073

G1X132.2558Y-240.8704

G1X132.7303Y-241.1462

G1X133.2206Y-241.2315

G1X133.7801Y-241.0807

G1X134.2211Y-240.7501

G1X135.2817Y-239.2876

G1X136.4029Y-237.5575

G1X137.0003Y-236.9818

G1X137.5213Y-236.6584

G1X137.8680Y-236.5722

G1X138.1907Y-236.6302

G1X139.3157Y-237.7197

G1X140.0758Y-238.0903

G1X140.5214Y-238.0941

G1X140.9509Y-237.7569

G1X141.4549Y-236.9151

G1X143.0180Y-233.5810

G1X147.2018Y-225.6977

G1X150.1006Y-219.3211

G1X151.3791Y-216.7357

G1X153.2226Y-213.2982

G1X154.6821Y-210.9584

G1X155.7601Y-209.6229

G1X157.7664Y-207.5948

G1X161.4703Y-203.5762

G1X166.2607Y-197.5000

G1X169.9541Y-193.2711

G1X171.3136Y-191.8956

G1X172.5486Y-190.8177

G1X173.9362Y-189.7985

G1X175.3515Y-188.9512

G1X176.4944Y-188.4001

G1X177.3362Y-188.0943

G1X178.2463Y-187.8742

G1X179.3154Y-187.7381

G1X180.6807Y-187.6929

G1X181.8248Y-187.7706

G1X182.8108Y-187.9740

G1X183.6314Y-188.2905

G1X184.3601Y-188.7904

G1X186.0153Y-190.4893

G1X187.5798Y-191.7838

G1X189.0416Y-192.8599

G1X190.9123Y-193.9304

G1X191.7343Y-194.6696

G1X192.5830Y-195.8817

G1X193.4729Y-197.6488

G1X194.1547Y-200.2097

G1X194.4212Y-200.9485

G1X194.6957Y-201.3936

G1X195.1862Y-201.8657

G1X195.6722Y-202.1667

G1X196.3064Y-202.4208

G1X197.8142Y-202.7199

G1X198.6879Y-202.6780

G1X200.8244Y-202.3502

G1X201.7500Y-202.3761

G1X202.8088Y-202.8203

G1X203.6085Y-203.5232

G1X203.9312Y-204.0371

G1X204.1264Y-204.5428

G1X204.2635Y-205.7646

G1X204.1237Y-207.2847

G1X203.5066Y-211.1022

G1X201.7686Y-219.9056

G1X201.2773Y-221.7551

G1X199.7653Y-226.3422

G1X199.1527Y-228.9332

G1X199.0638Y-229.6812

G1X199.0872Y-230.3307

G1X199.3658Y-231.0459

G1X200.0293Y-231.6380

G1X201.3906Y-232.3503

G1X203.6657Y-233.0133

G1X204.0560Y-233.2611

G1X204.4815Y-233.6945

G1X204.9609Y-234.4722

G1X205.3910Y-235.5185

G1X205.7457Y-237.8618

G1X206.1424Y-238.7894

G1X207.4832Y-240.4910

G1X209.1518Y-242.1630

G1X210.3521Y-244.2391

G1X211.3336Y-245.3715

G1X212.2879Y-246.1902

G1X213.2884Y-246.8292

G1X215.6840Y-248.0154

G1X218.1271Y-249.0721

G1X218.6747Y-249.5164

G1X219.0764Y-250.1712

G1X219.2430Y-250.7252

G1X219.2960Y-251.4269

G1X219.2016Y-252.1749

G1X218.9720Y-252.8568

G1X217.2220Y-255.7359

G1X215.3803Y-259.3023

G1X214.1193Y-261.2921

G1X213.7416Y-262.0542

G1X213.5880Y-262.6878

G1X213.5420Y-263.3871

G1X213.6476Y-263.9432

G1X213.8708Y-264.3759

G1X214.4156Y-264.9164

G1X215.2996Y-265.4088

G1X216.5508Y-265.8810

G1X218.5485Y-266.4825

G1X221.3897Y-267.1531

G1X231.8737Y-269.2798

G1X237.9077Y-270.6818

G1X241.5042Y-271.7388

G1X243.1963Y-272.3947

G1X244.8339Y-273.1381

G1X247.6580Y-274.6093

G1X249.7561Y-275.8787

G1X254.5063Y-279.1465

G1X256.3787Y-280.6203

G1X257.7030Y-282.0450

G1X258.7245Y-283.5951

G1X259.3233Y-285.0959

G1X259.4462Y-286.4033

G1X259.2167Y-288.7205

G1X259.1281Y-290.7387

G1X258.9898Y-291.6375

G1X258.8044Y-292.2262

G1X258.4705Y-292.9049

G1X257.5270Y-294.2909

G1X256.9022Y-294.9629

G1X256.1526Y-295.6111

G1X255.3636Y-296.1623

G1X254.4892Y-296.6470

G1X248.5180Y-299.1497

G1X244.6237Y-300.6558

G1X243.5746Y-301.1788

G1X242.8217Y-301.7239

G1X242.3153Y-302.3219

G1X241.9705Y-303.0336

G1X241.2790Y-305.2599

G1X240.6501Y-307.9070

G1X239.8466Y-309.6709

G1X239.6254Y-310.3429

G1X239.5728Y-311.3914

G1X239.7539Y-312.6444

G1X240.1423Y-313.7108

G1X240.7704Y-314.7863

G1X242.2569Y-316.5294

G1X249.6698Y-323.8412

G1X251.5567Y-325.9247

G1X252.6954Y-327.5413

G1X253.6355Y-329.2333

G1X254.4524Y-331.1888

G1X254.8718Y-332.7158

G1X255.0784Y-334.8006

G1X255.0394Y-338.1112

G1X254.7566Y-339.7596

G1X254.1600Y-341.2093

G1X253.0739Y-342.7856

G1X251.5417Y-344.3594

G1X249.8323Y-345.6313

G1X246.6297Y-347.6187

G1X245.0750Y-348.2589

G1X243.1408Y-348.6394

G1X240.8248Y-348.8115

G1X238.3173Y-348.7368

G1X235.8559Y-348.4429

G1X232.8249Y-347.8732

G1X228.9212Y-346.9493

G1X225.4086Y-345.9794

G1X221.0530Y-344.5984

G1X216.4661Y-342.9820

G1X211.8252Y-341.1640

G1X204.5614Y-338.1677

G1X200.0571Y-336.2041

G1X196.3226Y-334.4757

G1X190.8454Y-331.8101

G1X186.1139Y-329.3494

G1X184.6515Y-328.6791

G1X183.3567Y-328.2151

G1X182.3637Y-327.9678

G1X181.7060Y-327.9581

G1X181.2734Y-328.1879

G1X181.1554Y-328.4618

G1X181.1851Y-328.9536

G1X181.8889Y-331.2987

G1X182.0203Y-332.0490

G1X181.9701Y-332.1754

G1X181.8057Y-332.2270

G1X180.7160Y-331.9313

G1X180.5129Y-331.9489

G1X180.4233Y-332.0408

G1X180.5141Y-332.6284

G1X181.1786Y-333.9267

G1X182.9856Y-336.7321

G1X186.4668Y-341.7497

G1X200.6649Y-361.5686

G1X198.2232Y-363.5629

G1 Z0F20000


G00 X0.0000 Y0.0000


