$H
G21
G17
G90
G1 Z0F20000
G1 F15000

(Start Layer)

(Start Block)


G1X167.4385Y-293.8961
G1Z5F20000
(Plotting speed under)
G1 F4000


G1X166.4284Y-296.5120

G1X165.1526Y-299.1054

G1X163.5697Y-301.7523

G1X161.6859Y-304.4290

G1X159.4591Y-307.1878

G1X156.8599Y-310.0603

G1X153.0312Y-313.9003

G1X150.7932Y-315.8977

G1X148.6346Y-317.5735

G1X146.3282Y-319.1549

G1X143.7045Y-320.7575

G1X140.7560Y-322.3855

G1X134.7924Y-325.4078

G1X131.1658Y-327.1470

G1X127.1949Y-328.9029

G1X123.3521Y-330.4340

G1X120.2021Y-331.5420

G1X117.2164Y-332.4420

G1X114.5204Y-333.0970

G1X111.8977Y-333.5628

G1X109.0561Y-333.8855

G1X106.1634Y-334.0322

G1X103.2459Y-334.0044

G1X100.3352Y-333.8073

G1X97.5575Y-333.4645

G1X95.0535Y-333.0132

G1X92.8263Y-332.4359

G1X90.5112Y-331.6466

G1X88.1265Y-330.6319

G1X85.7726Y-329.4361

G1X83.2052Y-327.9304

G1X80.7970Y-326.3345

G1X77.8730Y-324.0467

G1X75.3527Y-321.6239

G1X73.2310Y-319.0808

G1X71.3172Y-316.1961

G1X69.6168Y-313.0213

G1X68.3011Y-309.8207

G1X67.2698Y-306.3733

G1X66.5246Y-302.6273

G1X66.0821Y-298.1138

G1X65.9140Y-292.1764

G1X65.8765Y-279.9322

G1X66.2692Y-262.4450

G1X66.1430Y-254.8249

G1X65.8478Y-249.4540

G1X65.3824Y-243.3231

G1X63.7771Y-226.7885

G1X63.0653Y-220.8768

G1X61.4508Y-209.3973

G1X61.0596Y-205.7310

G1X61.0217Y-203.7428

G1X61.2074Y-202.0926

G1X61.6610Y-200.5664

G1X61.9495Y-200.0469

G1X62.1725Y-199.8883

G1X61.4831Y-204.7425

G1X61.1100Y-206.4635

G1X60.6933Y-207.8441

G1X60.2672Y-208.8461

G1X59.8158Y-209.5776

G1X59.0909Y-210.3774

G1X58.1783Y-211.1591

G1X56.4294Y-212.3317

G1X54.4805Y-213.3171

G1X52.7986Y-213.8938

G1X52.0975Y-214.0159

G1X51.5313Y-214.0083

G1X51.0119Y-213.8393

G1X50.5703Y-213.5557

G1X50.1136Y-213.0936

G1X49.7715Y-212.5805

G1X49.4975Y-211.9771

G1X49.3054Y-211.2942

G1X49.2134Y-209.8516

G1X49.4232Y-208.6237

G1X49.8504Y-207.4738

G1X50.6335Y-206.0380

G1X51.7494Y-204.3771

G1X53.1898Y-202.4953

G1X55.0083Y-200.3197

G1X60.2230Y-194.5825

G1X65.4734Y-189.3186

G1X77.2918Y-178.1955

G1X89.0183Y-166.8102

G1X94.0046Y-162.1151

G1X98.6755Y-157.9672

G1X103.1273Y-154.1972

G1X107.2341Y-150.9150

G1X111.1932Y-147.9562

G1X115.1086Y-145.3540

G1X122.0104Y-141.2615

G1X124.8499Y-139.4882

G1X134.0071Y-133.4264

G1X138.1740Y-130.3723

G1X141.4061Y-127.5601

G1X145.5718Y-123.2992

G1X149.0996Y-119.4036

G1X151.8621Y-115.9377

G1X153.7110Y-113.2260

G1X155.1642Y-110.6776

G1X156.3126Y-108.1403

G1X157.1574Y-105.5759

G1X157.8726Y-102.3863

G1X158.3883Y-98.7651

G1X158.6923Y-94.8272

G1X158.7810Y-90.6354

G1X158.6835Y-87.1133

G1X158.4355Y-83.8173

G1X158.1504Y-81.6818

G1X157.6932Y-80.0188

G1X157.0412Y-78.4818

G1X156.1862Y-76.9692

G1X154.7576Y-74.9819

G1X151.9446Y-71.6487

G1X151.6219Y-71.0432

G1X151.6227Y-70.4734

G1X151.9653Y-70.5734

G1X154.9866Y-72.6400

G1X157.6031Y-74.0563

G1X159.8568Y-75.0583

G1X168.0340Y-78.4311

G1X173.2730Y-80.9081

G1X177.3818Y-83.2012

G1X181.0910Y-85.6402

G1X190.8688Y-92.9417

G1X194.5845Y-95.8889

G1X198.0111Y-98.7544

G1X201.2408Y-101.6283

G1X204.1515Y-104.4081

G1X206.7937Y-107.1387

G1X209.2179Y-109.8789

G1X211.2795Y-112.4536

G1X213.0531Y-114.9238

G1X214.9084Y-117.8248

G1X216.7293Y-120.9868

G1X218.5086Y-124.3980

G1X220.2779Y-128.1306

G1X221.9361Y-131.9695

G1X223.5525Y-136.0712

G1X224.9342Y-139.9051

G1X226.1967Y-143.7256

G1X227.3904Y-147.6868

G1X228.4424Y-151.5493

G1X229.3473Y-155.2700

G1X230.0567Y-158.6260

G1X230.4695Y-161.2447

G1X230.7701Y-164.0810

G1X230.9849Y-168.8522

G1X230.8888Y-174.0715

G1X230.5966Y-178.7219

G1X229.6356Y-190.1390

G1X229.3830Y-197.7777

G1X228.8624Y-205.8824

G1X228.7563Y-208.5907

G1X228.8050Y-210.8717

G1X229.0287Y-212.7880

G1X229.4212Y-214.3761

G1X230.0607Y-215.8917

G1X230.7649Y-217.0280

G1X231.6596Y-218.0968

G1X232.7407Y-219.0679

G1X233.9049Y-219.8620

G1X235.2857Y-220.5652

G1X236.7479Y-221.0891

G1X238.2984Y-221.4241

G1X239.3925Y-221.4378

G1X240.9840Y-221.1290

G1X242.7389Y-220.4831

G1X244.5392Y-219.5590

G1X246.3008Y-218.3942

G1X247.4608Y-217.4156

G1X248.1343Y-216.6229

G1X248.6311Y-215.5379

G1X248.8807Y-214.3198

G1X248.9141Y-213.0779

G1X248.7400Y-211.8244

G1X248.3851Y-210.8144

G1X247.8735Y-210.1754

G1X247.0646Y-209.8400

G1X245.9906Y-209.7590

G1X244.6269Y-209.9275

G1X243.1605Y-210.3294

G1X241.4506Y-211.0563

G1X240.0231Y-211.9776

G1X238.6919Y-213.0582

G1X234.4281Y-216.8026

G1X227.8472Y-221.8252

G1X225.2114Y-223.5043

G1X222.6556Y-224.7695

G1X218.9134Y-226.1329

G1X213.9075Y-227.5111

G1X205.6458Y-229.4645

G1X195.8127Y-231.2912

G1X192.1199Y-232.0617

G1X189.2921Y-232.7852

G1X183.7579Y-234.4552

G1X179.1653Y-236.0626

G1X177.3282Y-236.8354

G1X175.7177Y-237.6208

G1X174.4126Y-238.3710

G1X173.3212Y-239.1225

G1X172.0363Y-240.1803

G1X170.9673Y-241.2142

G1X170.2333Y-242.0666

G1X169.6012Y-242.9596

G1X169.0652Y-243.9104

G1X168.6536Y-244.8470

G1X168.0201Y-247.0654

G1X167.6568Y-249.8582

G1X167.6917Y-251.5029

G1X167.9650Y-253.5050

G1X169.5651Y-260.5372

G1X170.0962Y-263.3298

G1X170.4012Y-265.7125

G1X170.5347Y-267.9685

G1X170.3581Y-274.7776

G1X169.9649Y-281.3095

G1X169.3928Y-286.9061

G1X168.6205Y-291.8271

G1X167.9286Y-294.9724

G1X167.1122Y-297.7762

G1X166.2083Y-300.1163

G1X165.0320Y-302.4725

G1X163.5625Y-304.8334

G1X161.8563Y-307.1032

G1X159.8659Y-309.3611

G1X157.5379Y-311.6723

G1X154.9789Y-313.9700

G1X150.7990Y-317.5015

G1X147.7493Y-319.8751

G1X145.6745Y-321.3075

G1X143.3825Y-322.7523

G1X140.9587Y-324.1508

G1X138.3200Y-325.5517

G1X134.8448Y-327.2482

G1X130.9609Y-329.0034

G1X127.5444Y-330.4186

G1X124.2260Y-331.6655

G1X120.8784Y-332.7902

G1X117.6567Y-333.7326

G1X114.6097Y-334.4760

G1X111.7768Y-335.0090

G1X109.4259Y-335.3068

G1X107.0795Y-335.4652

G1X104.6765Y-335.4895

G1X102.2318Y-335.3764

G1X99.7624Y-335.1257

G1X97.1951Y-334.7239

G1X94.5664Y-334.1671

G1X92.3520Y-333.5679

G1X90.4895Y-332.9200

G1X88.6163Y-332.1269

G1X86.7375Y-331.1867

G1X84.8565Y-330.1012

G1X82.8147Y-328.7662

G1X80.7007Y-327.2286

G1X78.8293Y-325.7295

G1X77.1926Y-324.2720

G1X74.9685Y-321.9860

G1X73.0187Y-319.5544

G1X71.4558Y-317.1479

G1X69.8992Y-314.1964

G1X68.6079Y-311.1468

G1X67.5885Y-308.0286

G1X66.7640Y-304.6075

G1X66.1706Y-301.0224

G1X65.8693Y-297.6484

G1X65.7307Y-293.5721

G1X65.6940Y-276.1933

G1X65.7767Y-260.7222

G1X65.6781Y-255.2360

G1X65.4472Y-250.3819

G1X64.9217Y-243.9164

G1X64.0836Y-236.1316

G1X62.1327Y-220.0525

G1X60.2485Y-206.5645

G1X59.8669Y-202.6670

G1X59.9092Y-201.0995

G1X60.2320Y-199.7927

G1X60.4862Y-199.3158

G1X60.8148Y-198.9578

G1X61.1726Y-198.8102

G1X61.4330Y-198.9228

G1X61.5175Y-199.3292

G1X60.9828Y-202.4498

G1X60.4787Y-204.7952

G1X59.9509Y-206.6936

G1X59.4365Y-208.0971

G1X58.9388Y-209.0997

G1X58.4778Y-209.7566

G1X57.7462Y-210.4820

G1X56.2551Y-211.5263

G1X54.3437Y-212.4587

G1X52.3863Y-213.0649

G1X51.5830Y-213.1857

G1X50.9122Y-213.1836

G1X50.4584Y-213.0691

G1X50.1245Y-212.8499

G1X49.7849Y-212.4652

G1X49.5376Y-212.0233

G1X49.2135Y-210.8810

G1X49.1670Y-209.4518

G1X49.3371Y-208.2937

G1X49.7015Y-207.0499

G1X50.2137Y-205.8782

G1X50.8931Y-204.6995

G1X51.8683Y-203.2837

G1X53.1666Y-201.6169

G1X56.7106Y-197.5698

G1X62.9516Y-190.9552

G1X66.5021Y-187.3472

G1X80.4423Y-173.8171

G1X91.2551Y-163.0410

G1X95.9700Y-158.5158

G1X99.8693Y-155.0402

G1X103.8635Y-151.7067

G1X107.8085Y-148.6329

G1X111.9713Y-145.6077

G1X114.1070Y-144.1453

G1X116.1600Y-142.8637

G1X123.4968Y-138.7329

G1X126.4645Y-136.9372

G1X134.7695Y-131.3733

G1X138.7589Y-128.4449

G1X141.5201Y-126.0997

G1X143.9195Y-123.7114

G1X148.1983Y-118.8066

G1X151.4256Y-114.6702

G1X153.3597Y-111.8393

G1X154.9808Y-109.0959

G1X156.2647Y-106.4744

G1X157.2089Y-104.0011

G1X157.8312Y-101.6725

G1X158.2669Y-98.9559

G1X158.4985Y-95.9643

G1X158.5363Y-92.6599

G1X158.3524Y-88.7071

G1X157.9507Y-84.6438

G1X157.2867Y-80.2151

G1X156.9438Y-78.4364

G1X156.6668Y-77.4318

G1X155.9374Y-75.7462

G1X154.9320Y-74.1817

G1X153.4108Y-72.4490

G1X150.8275Y-70.0850

G1X150.5825Y-69.7087

G1X150.6578Y-69.4670

G1X150.9460Y-69.4232

G1X151.4996Y-69.6559

G1X156.0273Y-72.3741

G1X159.5315Y-74.2177

G1X170.0424Y-78.6692

G1X175.0816Y-81.0282

G1X179.5699Y-83.4866

G1X183.6358Y-86.1370

G1X187.1187Y-88.7979

G1X191.9787Y-92.7021

G1X195.9026Y-96.0045

G1X199.4330Y-99.1299

G1X202.7180Y-102.2069

G1X205.7088Y-105.1897

G1X208.4484Y-108.1193

G1X210.9158Y-110.9706

G1X213.0386Y-113.6412

G1X214.8876Y-116.1929

G1X216.5221Y-118.6962

G1X218.0800Y-121.3780

G1X219.6323Y-124.3698

G1X221.1283Y-127.5886

G1X222.5608Y-131.0178

G1X223.9581Y-134.7348

G1X225.2395Y-138.5171

G1X226.4361Y-142.4297

G1X227.5673Y-146.5351

G1X228.5938Y-150.6865

G1X229.6067Y-155.3034

G1X230.4842Y-159.8943

G1X231.0903Y-163.6072

G1X231.4141Y-166.6350

G1X231.5836Y-171.0703

G1X231.4323Y-175.8465

G1X230.9694Y-181.0926

G1X229.7555Y-190.7716

G1X229.3896Y-194.3375

G1X228.9196Y-206.9757

G1X228.9205Y-210.2851

G1X229.1119Y-212.7595

G1X229.5330Y-214.8680

G1X230.2011Y-216.6185

G1X230.8861Y-217.7191

G1X231.7985Y-218.7442

G1X232.9368Y-219.6641

G1X234.1899Y-220.4045

G1X235.7016Y-221.0457

G1X237.3248Y-221.5058

G1X239.0568Y-221.7757

G1X240.5184Y-221.8007

G1X241.8597Y-221.5187

G1X243.3556Y-220.9287

G1X244.9379Y-220.0628

G1X246.5933Y-218.9193

G1X248.0629Y-217.6705

G1X249.1015Y-216.5443

G1X249.5591Y-215.7356

G1X249.8189Y-214.6686

G1X249.8283Y-213.5528

G1X249.6025Y-212.3799

G1X249.1863Y-211.3837

G1X248.6388Y-210.6878

G1X248.0704Y-210.3970

G1X247.3450Y-210.3252

G1X246.3782Y-210.4487

G1X245.1806Y-210.7936

G1X242.9231Y-211.8177

G1X241.7948Y-212.4903

G1X240.9854Y-213.0817

G1X239.5454Y-214.3721

G1X234.9892Y-218.9122

G1X229.1223Y-223.6709

G1X226.2482Y-225.6102

G1X224.8533Y-226.3826

G1X223.4647Y-227.0391

G1X221.8842Y-227.6649

G1X220.0385Y-228.2769

G1X215.5825Y-229.4360

G1X205.7666Y-231.5324

G1X196.1728Y-233.1528

G1X192.6468Y-233.8218

G1X189.6004Y-234.5398

G1X185.6675Y-235.6888

G1X180.5373Y-237.3840

G1X178.5287Y-238.1805

G1X176.7509Y-238.9998

G1X175.2933Y-239.7954

G1X173.9973Y-240.6533

G1X172.8196Y-241.6319

G1X171.7625Y-242.6774

G1X170.9913Y-243.5977

G1X170.3443Y-244.5558

G1X169.8114Y-245.5748

G1X169.4122Y-246.5899

G1X169.0938Y-247.6953

G1X168.8310Y-249.0159

G1X168.5189Y-252.2069

G1X168.5446Y-253.7422

G1X168.7589Y-255.5494

G1X169.1582Y-257.6546

G1X170.4297Y-263.1641

G1X170.9811Y-265.8911

G1X171.4001Y-268.7367

G1X171.5984Y-271.4591

G1X171.5574Y-274.1459

G1X171.0679Y-279.7752

G1X170.4295Y-284.8256

G1X169.6217Y-289.7401

G1X168.7246Y-294.0804

G1X167.7110Y-298.0269

G1X166.6322Y-301.3950

G1X165.4477Y-304.3143

G1X164.1678Y-306.7442

G1X162.6478Y-309.0125

G1X160.8282Y-311.2033

G1X158.7092Y-313.3117

G1X156.8416Y-314.9197

G1X154.6746Y-316.6029

G1X146.0422Y-322.7534

G1X141.3865Y-325.6351

G1X136.3877Y-328.2831

G1X133.3099Y-329.7243

G1X130.1367Y-331.0784

G1X126.9646Y-332.3067

G1X123.8209Y-333.3959

G1X120.6242Y-334.3766

G1X117.5240Y-335.2032

G1X114.4663Y-335.8888

G1X111.5905Y-336.4001

G1X109.1068Y-336.7177

G1X106.8371Y-336.8832

G1X104.4725Y-336.9085

G1X102.1728Y-336.7904

G1X99.8412Y-336.5303

G1X97.3948Y-336.1094

G1X94.9522Y-335.5424

G1X92.5307Y-334.8411

G1X90.6161Y-334.1864

G1X88.8007Y-333.4321

G1X86.9825Y-332.5276

G1X85.1662Y-331.4699

G1X83.4349Y-330.3162

G1X81.6241Y-328.9603

G1X79.7419Y-327.3993

G1X77.8457Y-325.6819

G1X75.4325Y-323.2096

G1X73.3510Y-320.6706

G1X71.6014Y-318.0568

G1X70.1282Y-315.2818

G1X68.7395Y-311.9846

G1X67.6210Y-308.5356

G1X66.7221Y-304.7653

G1X66.0466Y-300.7024

G1X65.7023Y-297.4543

G1X65.5298Y-293.7807

G1X65.5493Y-279.3066

G1X65.2961Y-262.1151

G1X65.0856Y-254.2637

G1X64.7320Y-247.8058

G1X64.3226Y-243.1981

G1X63.7052Y-237.8620

G1X59.3973Y-206.5830

G1X58.9680Y-203.0865

G1X58.7574Y-200.6330

G1X58.7932Y-198.9800

G1X58.9344Y-198.4270

G1X59.1380Y-198.0218

G1X59.4532Y-197.7057

G1X59.8034Y-197.5797

G1X60.1537Y-197.6211

G1X60.5249Y-197.8599

G1X60.8143Y-198.3495

G1X60.8577Y-199.0069

G1X60.3437Y-201.5285

G1X59.6469Y-204.2004

G1X59.0182Y-206.1677

G1X58.3416Y-207.8702

G1X57.6451Y-209.1826

G1X56.9917Y-210.0040

G1X55.7648Y-210.9415

G1X54.0566Y-211.7575

G1X52.1765Y-212.2752

G1X51.2632Y-212.3847

G1X50.5502Y-212.3776

G1X49.6811Y-212.1405

G1X49.2414Y-211.6327

G1X48.9680Y-210.6473

G1X48.9626Y-209.3074

G1X49.1786Y-208.0063

G1X49.5702Y-206.6713

G1X50.1035Y-205.3606

G1X50.8149Y-203.9903

G1X51.5989Y-202.7492

G1X52.6098Y-201.3690

G1X55.4144Y-198.0489

G1X58.9670Y-194.2414

G1X69.6681Y-183.1485

G1X84.1067Y-168.6886

G1X93.2692Y-159.3556

G1X97.6569Y-155.0884

G1X100.7908Y-152.2770

G1X104.0924Y-149.5495

G1X107.4314Y-147.0053

G1X111.1921Y-144.3495

G1X115.0268Y-141.7850

G1X116.9976Y-140.5714

G1X124.8999Y-136.3150

G1X127.8871Y-134.5599

G1X135.0141Y-129.7150

G1X138.5722Y-127.1289

G1X141.7366Y-124.5215

G1X144.4322Y-121.8992

G1X147.0156Y-118.8506

G1X150.0524Y-114.8405

G1X152.1531Y-111.7646

G1X154.0044Y-108.7310

G1X155.5091Y-105.8969

G1X156.7383Y-103.1270

G1X157.6065Y-100.6386

G1X158.1751Y-98.3407

G1X158.4798Y-96.0475

G1X158.5754Y-93.4007

G1X158.3503Y-89.3266

G1X157.7313Y-84.8262

G1X156.6788Y-79.6768

G1X155.3235Y-74.5158

G1X154.9492Y-73.6282

G1X154.5051Y-72.8287

G1X153.3823Y-71.3787

G1X152.1785Y-70.2785

G1X149.9068Y-68.7578

G1X149.7598Y-68.6204

G1X149.7730Y-68.5422

G1X150.0307Y-68.4993

G1X150.4121Y-68.5785

G1X151.6453Y-69.1045

G1X159.1925Y-73.1616

G1X162.0725Y-74.6153

G1X172.1174Y-78.9702

G1X176.8765Y-81.2058

G1X181.8465Y-83.8986

G1X184.1729Y-85.3379

G1X186.2757Y-86.7662

G1X188.8862Y-88.7475

G1X192.6935Y-91.9611

G1X196.6655Y-95.4868

G1X200.3931Y-98.9762

G1X203.6995Y-102.2456

G1X206.7467Y-105.4352

G1X209.5694Y-108.5780

G1X212.2076Y-111.7237

G1X214.4478Y-114.6020

G1X216.4242Y-117.3526

G1X218.1926Y-120.0444

G1X219.7942Y-122.7515

G1X221.1969Y-125.4340

G1X222.4931Y-128.2446

G1X223.7232Y-131.2582

G1X224.9159Y-134.5616

G1X226.0869Y-138.2456

G1X227.1866Y-142.1937

G1X228.1804Y-146.2724

G1X229.1088Y-150.6428

G1X229.9717Y-155.3429

G1X230.7472Y-160.2753

G1X231.5040Y-166.0014

G1X231.8928Y-169.8238

G1X231.9989Y-172.2244

G1X231.9994Y-174.5918

G1X231.8960Y-177.1426

G1X231.6817Y-179.8599

G1X231.0598Y-184.8955

G1X229.3791Y-195.5963

G1X229.0939Y-198.1144

G1X228.9628Y-200.2487

G1X228.9060Y-207.2112

G1X229.0978Y-211.4099

G1X229.3095Y-213.1370

G1X229.6216Y-214.7054

G1X230.0249Y-216.0536

G1X230.5475Y-217.2764

G1X231.2969Y-218.4916

G1X232.2010Y-219.4464

G1X233.3618Y-220.2887

G1X234.7632Y-220.9919

G1X236.3676Y-221.5328

G1X238.2131Y-221.9077

G1X240.0904Y-222.0653

G1X241.9390Y-221.9924

G1X243.1580Y-221.6974

G1X244.4099Y-221.1490

G1X245.7475Y-220.3455

G1X247.1113Y-219.3247

G1X248.5655Y-218.0113

G1X249.8217Y-216.6266

G1X250.4772Y-215.6759

G1X250.7670Y-214.7391

G1X250.7739Y-213.8673

G1X250.5517Y-212.9134

G1X250.1411Y-212.0626

G1X249.5333Y-211.3329

G1X248.9830Y-210.9815

G1X248.4744Y-210.8796

G1X247.7740Y-210.9504

G1X246.8675Y-211.2243

G1X245.6622Y-211.7718

G1X244.3706Y-212.5137

G1X242.9547Y-213.4718

G1X241.7132Y-214.4435

G1X240.2311Y-215.9160

G1X237.1146Y-219.4863

G1X235.6315Y-221.0542

G1X234.5262Y-222.0783

G1X230.7747Y-225.2365

G1X229.1226Y-226.5011

G1X227.5251Y-227.5854

G1X225.8969Y-228.5348

G1X224.3373Y-229.2960

G1X222.7520Y-229.9291

G1X221.0164Y-230.4914

G1X216.7896Y-231.5144

G1X205.7104Y-233.5932

G1X193.8025Y-235.4508

G1X190.9570Y-236.0225

G1X188.5689Y-236.6252

G1X182.3444Y-238.5453

G1X179.9658Y-239.4185

G1X178.0152Y-240.2527

G1X176.2292Y-241.1658

G1X174.7889Y-242.0706

G1X173.6670Y-242.9514

G1X172.5351Y-244.0774

G1X171.7157Y-245.0701

G1X171.0482Y-246.0892

G1X170.5507Y-247.0861

G1X170.1318Y-248.2431

G1X169.8187Y-249.5167

G1X169.5956Y-250.9377

G1X169.3471Y-254.6221

G1X169.3791Y-256.4288

G1X169.6239Y-258.4956

G1X171.7958Y-269.1238

G1X172.2242Y-271.9294

G1X172.4683Y-274.5716

G1X172.5185Y-277.0223

G1X172.3849Y-279.2626

G1X171.9071Y-282.9132

G1X171.1955Y-286.9629

G1X170.0497Y-292.1570

G1X168.6639Y-297.2881

G1X167.1228Y-302.0228

G1X165.5197Y-306.0982

G1X163.9899Y-309.2784

G1X162.3992Y-311.8950

G1X160.5646Y-314.2272

G1X158.3431Y-316.4406

G1X156.3562Y-318.0602

G1X153.9587Y-319.7323

G1X143.7638Y-325.9399

G1X138.9825Y-328.6277

G1X133.9566Y-331.0928

G1X131.0988Y-332.3384

G1X128.3413Y-333.4323

G1X125.7016Y-334.3760

G1X122.9505Y-335.2491

G1X120.0215Y-336.0631

G1X117.1740Y-336.7440

G1X114.3413Y-337.3121

G1X111.5570Y-337.7576

G1X109.0445Y-338.0531

G1X106.6298Y-338.2268

G1X104.4761Y-338.2716

G1X102.4141Y-338.1918

G1X100.3125Y-337.9807

G1X98.1807Y-337.6334

G1X96.1241Y-337.1726

G1X93.9563Y-336.5562

G1X91.6985Y-335.7771

G1X89.2887Y-334.8010

G1X87.6100Y-334.0090

G1X85.9133Y-333.0673

G1X84.1342Y-331.9183

G1X82.3671Y-330.6069

G1X80.6121Y-329.1344

G1X78.8663Y-327.5057

G1X76.0807Y-324.5961

G1X73.8332Y-321.8824

G1X71.9089Y-319.0975

G1X70.3585Y-316.3160

G1X68.9850Y-313.1395

G1X67.8267Y-309.6612

G1X66.8955Y-305.9189

G1X66.1627Y-301.8288

G1X65.5858Y-297.1709

G1X65.3390Y-293.4513

G1X65.2551Y-289.2885

G1X65.3092Y-278.7979

G1X65.2388Y-273.6682

G1X64.6170Y-256.5057

G1X63.9465Y-245.6827

G1X63.5513Y-241.4889

G1X63.0275Y-237.1964

G1X62.2164Y-231.6337

G1X59.7940Y-216.4027

G1X58.3033Y-205.0508

G1X57.7231Y-199.3658

G1X57.6758Y-197.3080

G1X57.8772Y-196.5123

G1X58.0844Y-196.2617

G1X58.4086Y-196.1323

G1X58.7766Y-196.1832

G1X59.2331Y-196.4460

G1X59.8386Y-197.1597

G1X60.1699Y-198.0086

G1X60.2120Y-198.7112

G1X59.9586Y-199.9854

G1X59.0974Y-202.9581

G1X58.0281Y-205.8767

G1X56.9902Y-208.1122

G1X56.0112Y-209.6239

G1X55.0640Y-210.4594

G1X53.7239Y-211.1324

G1X52.1344Y-211.5551

G1X50.6149Y-211.6519

G1X49.5404Y-211.4658

G1X49.1297Y-211.2769

G1X48.8273Y-211.0227

G1X48.6708Y-210.7603

G1X48.5633Y-210.3319

G1X48.5608Y-209.2579

G1X48.8012Y-207.9712

G1X49.2439Y-206.5628

G1X49.8497Y-205.1052

G1X50.6439Y-203.5403

G1X51.5525Y-202.0173

G1X52.5812Y-200.5160

G1X55.2234Y-197.2751

G1X58.6167Y-193.5939

G1X65.8343Y-186.1395

G1X79.8110Y-171.4815

G1X94.2448Y-156.6071

G1X99.1197Y-151.8123

G1X101.6972Y-149.4874

G1X104.2721Y-147.3649

G1X106.9327Y-145.3670

G1X109.8535Y-143.3631

G1X118.0174Y-138.2663

G1X126.0032Y-134.1230

G1X128.8399Y-132.5177

G1X130.9960Y-131.1208

G1X136.9321Y-126.9018

G1X140.6660Y-124.0219

G1X143.6613Y-121.3608

G1X146.2348Y-118.6321

G1X148.4296Y-115.7739

G1X150.6669Y-112.4510

G1X152.6966Y-109.0884

G1X154.4390Y-105.8342

G1X155.9378Y-102.6006

G1X157.1083Y-99.5535

G1X157.9392Y-96.7447

G1X158.4508Y-94.1082

G1X158.6085Y-91.8647

G1X158.5560Y-89.9468

G1X158.3500Y-87.8726

G1X157.9948Y-85.6666

G1X157.5024Y-83.3633

G1X156.1080Y-78.3655

G1X153.8438Y-71.7390

G1X153.1074Y-70.3480

G1X152.6255Y-69.7232

G1X152.0101Y-69.1003

G1X151.2802Y-68.5333

G1X150.5843Y-68.1196

G1X149.7467Y-67.7563

G1X149.1176Y-67.6024

G1X150.8228Y-68.1619

G1X153.5156Y-69.3466

G1X157.3664Y-71.2349

G1X164.5185Y-74.9245

G1X174.3032Y-79.3542

G1X178.4968Y-81.3616

G1X181.4463Y-82.8953

G1X184.1167Y-84.4030

G1X186.6705Y-85.9793

G1X188.9946Y-87.5562

G1X191.4374Y-89.3967

G1X193.6581Y-91.2753

G1X197.4084Y-94.7424

G1X201.1119Y-98.3895

G1X204.3864Y-101.8084

G1X207.5108Y-105.2610

G1X210.4403Y-108.6948

G1X213.2063Y-112.1497

G1X215.5936Y-115.3402

G1X217.7263Y-118.4021

G1X219.6546Y-121.4001

G1X221.4163Y-124.4043

G1X222.9035Y-127.2294

G1X224.1384Y-129.8907

G1X225.2685Y-132.7004

G1X226.3444Y-135.7992

G1X227.4063Y-139.3847

G1X228.3706Y-143.2511

G1X229.2288Y-147.3726

G1X229.9922Y-151.8150

G1X230.6383Y-156.4218

G1X231.2038Y-161.4180

G1X231.7041Y-166.9474

G1X232.1773Y-173.4099

G1X232.2461Y-175.7796

G1X232.2085Y-178.1029

G1X232.0617Y-180.6028

G1X231.8107Y-183.1513

G1X231.0980Y-188.0377

G1X229.1940Y-198.4630

G1X228.8733Y-200.8866

G1X228.7194Y-203.0113

G1X228.7897Y-207.7895

G1X229.1364Y-211.6560

G1X229.4235Y-213.3347

G1X229.7699Y-214.7708

G1X230.1952Y-216.0753

G1X230.7042Y-217.2559

G1X231.5495Y-218.6914

G1X232.4930Y-219.8169

G1X233.5720Y-220.6366

G1X234.9301Y-221.3104

G1X236.6421Y-221.8412

G1X238.6610Y-222.1737

G1X240.7669Y-222.2664

G1X242.7915Y-222.1270

G1X244.0766Y-221.8895

G1X245.1141Y-221.4990

G1X246.3314Y-220.7996

G1X247.5934Y-219.8371

G1X248.9956Y-218.5040

G1X250.3620Y-216.9118

G1X251.3659Y-215.4301

G1X251.5698Y-215.0142

G1X251.6991Y-214.4979

G1X251.6516Y-213.6759

G1X251.2942Y-212.8189

G1X250.6264Y-212.0448

G1X249.8814Y-211.5962

G1X249.2684Y-211.4631

G1X248.6102Y-211.5550

G1X247.7664Y-211.8863

G1X246.7263Y-212.4742

G1X244.5037Y-214.1033

G1X242.1313Y-216.2097

G1X240.8004Y-217.7006

G1X237.9124Y-221.3811

G1X236.5416Y-223.0004

G1X235.2135Y-224.3597

G1X233.1893Y-226.1479

G1X230.7345Y-228.1769

G1X228.5494Y-229.7330

G1X226.4104Y-230.9795

G1X224.2415Y-231.9672

G1X221.3999Y-232.8842

G1X217.7331Y-233.6739

G1X205.2739Y-235.6629

G1X194.4951Y-237.1636

G1X191.4074Y-237.7176

G1X188.8896Y-238.2967

G1X182.8516Y-240.1265

G1X180.6378Y-240.9216

G1X178.7384Y-241.7119

G1X176.9841Y-242.5817

G1X175.5594Y-243.4445

G1X174.3726Y-244.3388

G1X173.3517Y-245.3319

G1X172.5879Y-246.2690

G1X171.9714Y-247.2099

G1X171.4860Y-248.1771

G1X171.0909Y-249.2738

G1X170.8251Y-250.3670

G1X170.6285Y-251.6516

G1X170.4198Y-255.1527

G1X170.3768Y-258.6773

G1X170.5657Y-261.1031

G1X170.9911Y-263.9635

G1X172.5712Y-272.8571

G1X172.9397Y-275.6570

G1X173.1582Y-278.2670

G1X173.2192Y-280.7699

G1X173.1079Y-283.1472

G1X172.8457Y-285.2257

G1X172.2878Y-288.1557

G1X171.0607Y-293.0548

G1X169.4685Y-298.1462

G1X167.5889Y-303.2037

G1X165.4999Y-308.0009

G1X163.4145Y-312.0708

G1X161.3683Y-315.3910

G1X159.4618Y-317.8260

G1X158.3681Y-318.9732

G1X157.2362Y-320.0152

G1X155.9121Y-321.0843

G1X154.4680Y-322.1057

G1X151.1359Y-324.0722

G1X144.6425Y-327.3206

G1X138.0732Y-330.7593

G1X134.7355Y-332.3393

G1X131.4461Y-333.7682

G1X126.1859Y-335.7656

G1X121.3308Y-337.2419

G1X116.0869Y-338.4223

G1X110.8642Y-339.2028

G1X106.0539Y-339.5435

G1X103.8271Y-339.5544

G1X101.7000Y-339.4564

G1X99.7500Y-339.2449

G1X97.8726Y-338.9212

G1X95.9653Y-338.4702

G1X94.1301Y-337.9201

G1X92.0893Y-337.1765

G1X89.9583Y-336.2581

G1X87.5861Y-335.0799

G1X85.6699Y-333.9914

G1X83.9890Y-332.8720

G1X82.3958Y-331.6567

G1X80.8076Y-330.2873

G1X79.1555Y-328.6905

G1X76.5905Y-325.8667

G1X74.0030Y-322.6157

G1X72.0268Y-319.7092

G1X70.4046Y-316.8147

G1X69.0794Y-313.8365

G1X67.9840Y-310.6249

G1X67.0628Y-307.0568

G1X66.3185Y-303.1258

G1X65.6100Y-297.7448

G1X65.1356Y-292.1189

G1X65.0033Y-287.5430

G1X64.9927Y-276.1203

G1X64.8851Y-270.7450

G1X64.3032Y-259.6222

G1X63.6139Y-249.6484

G1X62.9018Y-241.7853

G1X62.1537Y-235.5278

G1X61.1568Y-229.1730

G1X58.5065Y-214.1252

G1X57.8728Y-209.5852

G1X57.2365Y-204.2206

G1X56.7527Y-198.8791

G1X56.6637Y-195.6215

G1X56.7419Y-194.9953

G1X56.9489Y-194.6553

G1X57.2634Y-194.5779

G1X57.7197Y-194.7714

G1X58.5029Y-195.5606

G1X59.1781Y-196.7466

G1X59.4998Y-197.8565

G1X59.4990Y-198.9029

G1X58.9007Y-201.0922

G1X57.8115Y-203.9332

G1X56.5022Y-206.7123

G1X55.2889Y-208.7615

G1X54.4417Y-209.7960

G1X53.5904Y-210.4002

G1X52.4178Y-210.8400

G1X51.0503Y-211.0208

G1X49.6637Y-210.8751

G1X49.1170Y-210.6911

G1X48.6597Y-210.4350

G1X48.3139Y-210.1080

G1X48.1268Y-209.7820

G1X48.0450Y-209.4083

G1X48.0642Y-208.8450

G1X48.3090Y-207.6956

G1X48.8423Y-206.2142

G1X49.5946Y-204.5983

G1X50.5741Y-202.8162

G1X51.6963Y-201.0164

G1X52.9988Y-199.1374

G1X54.2954Y-197.4378

G1X55.8127Y-195.6269

G1X59.4829Y-191.6144

G1X69.2896Y-181.4172

G1X86.0695Y-163.2791

G1X95.3273Y-153.6560

G1X100.0178Y-149.0310

G1X102.4825Y-146.8002

G1X104.7944Y-144.8880

G1X107.1244Y-143.1653

G1X109.6416Y-141.5057

G1X119.5689Y-135.7648

G1X128.8283Y-131.0606

G1X130.8806Y-129.8437

G1X132.7657Y-128.5782

G1X138.9119Y-123.9991

G1X142.7997Y-120.7748

G1X144.5252Y-119.1544

G1X146.1042Y-117.5121

G1X147.4592Y-115.9341

G1X148.7194Y-114.2692

G1X150.6386Y-111.2616

G1X152.5302Y-107.8397

G1X154.2633Y-104.2428

G1X155.7302Y-100.7068

G1X156.8950Y-97.3471

G1X157.7638Y-94.1513

G1X158.3086Y-91.1894

G1X158.4983Y-88.6518

G1X158.4364Y-87.1578

G1X158.2567Y-85.6370

G1X157.9510Y-83.9921

G1X157.5170Y-82.2365

G1X156.2900Y-78.4809

G1X154.5179Y-74.1725

G1X152.2300Y-69.0465

G1X151.6718Y-68.1123

G1X150.9391Y-67.3200

G1X150.1949Y-66.8081

G1X149.3501Y-66.4943

G1X148.9339Y-66.4599

G1X148.6939Y-66.5342

G1X148.7041Y-66.7231

G1X149.1029Y-66.9820

G1X154.4414Y-69.0641

G1X159.3823Y-71.2804

G1X167.8205Y-75.6179

G1X179.9099Y-81.4607

G1X183.2561Y-83.2271

G1X186.3384Y-84.9857

G1X189.1170Y-86.7137

G1X191.7518Y-88.5125

G1X194.3944Y-90.5176

G1X196.7577Y-92.5315

G1X199.3416Y-95.0158

G1X202.2393Y-98.0097

G1X205.3198Y-101.4009

G1X208.4087Y-105.0213

G1X211.3302Y-108.6638

G1X214.1121Y-112.3566

G1X216.5441Y-115.7973

G1X218.8534Y-119.2912

G1X220.9590Y-122.7246

G1X222.8456Y-126.0725

G1X224.5023Y-129.3137

G1X225.9210Y-132.4301

G1X227.0460Y-135.2860

G1X228.0129Y-138.2097

G1X228.8683Y-141.3117

G1X229.6112Y-144.5799

G1X230.2427Y-147.9982

G1X230.7797Y-151.6513

G1X231.2185Y-155.5136

G1X231.5605Y-159.5497

G1X232.0318Y-169.0909

G1X232.2905Y-178.9702

G1X232.2266Y-181.5020

G1X232.0310Y-184.1902

G1X231.6988Y-187.0109

G1X231.2008Y-190.1496

G1X229.0047Y-201.3297

G1X228.6957Y-203.5657

G1X228.5542Y-205.5189

G1X228.6565Y-208.6913

G1X229.0381Y-211.7408

G1X229.6621Y-214.3530

G1X230.5512Y-216.6456

G1X231.4363Y-218.2096

G1X232.5124Y-219.5980

G1X233.6491Y-220.6833

G1X234.8380Y-221.4082

G1X236.4315Y-221.9783

G1X238.3052Y-222.3235

G1X240.3724Y-222.4395

G1X242.6121Y-222.3215

G1X244.4576Y-222.0390

G1X245.9724Y-221.6404

G1X247.0118Y-221.1474

G1X248.1006Y-220.3837

G1X249.4422Y-219.1158

G1X250.7414Y-217.5369

G1X251.9230Y-215.7181

G1X252.3601Y-214.8622

G1X252.5527Y-214.3004

G1X252.5216Y-213.6369

G1X252.2236Y-213.0512

G1X251.6363Y-212.5192

G1X250.8748Y-212.1804

G1X250.1386Y-212.0811

G1X249.5053Y-212.1684

G1X248.7423Y-212.5001

G1X247.8582Y-213.0752

G1X245.6048Y-215.0099

G1X242.5714Y-218.1293

G1X241.3056Y-219.7104

G1X237.7511Y-224.6103

G1X236.6021Y-225.9795

G1X235.5137Y-227.0954

G1X232.6221Y-229.6320

G1X230.2184Y-231.4665

G1X227.8189Y-232.9583

G1X225.4270Y-234.1052

G1X223.9813Y-234.6467

G1X222.5334Y-235.0758

G1X219.0313Y-235.7937

G1X195.2796Y-238.8467

G1X191.7596Y-239.4077

G1X188.9441Y-240.0048

G1X183.0883Y-241.7508

G1X180.8533Y-242.5439

G1X179.0317Y-243.2980

G1X177.3459Y-244.1346

G1X175.9796Y-244.9676

G1X174.8383Y-245.8361

G1X173.8576Y-246.7972

G1X172.8064Y-248.2577

G1X172.1028Y-249.8119

G1X171.6985Y-251.5503

G1X171.5373Y-253.6683

G1X171.6291Y-262.1273

G1X171.7218Y-264.0616

G1X172.0486Y-267.2700

G1X173.2603Y-276.7240

G1X173.6603Y-282.1246

G1X173.6785Y-284.8155

G1X173.5485Y-287.2538

G1X173.2670Y-289.5322

G1X172.8137Y-291.7478

G1X171.5850Y-296.0729

G1X169.9122Y-300.6755

G1X167.8189Y-305.4991

G1X165.3740Y-310.3535

G1X162.7750Y-314.8361

G1X160.1412Y-318.7415

G1X158.9237Y-320.3212

G1X157.8683Y-321.5422

G1X156.7072Y-322.7179

G1X155.5168Y-323.7696

G1X154.1354Y-324.8289

G1X152.7230Y-325.7664

G1X151.1122Y-326.6941

G1X149.2978Y-327.6044

G1X141.6323Y-330.8477

G1X134.4855Y-334.0711

G1X128.8453Y-336.3138

G1X123.7765Y-338.0213

G1X119.2267Y-339.2340

G1X114.3595Y-340.1391

G1X109.5665Y-340.6720

G1X104.8453Y-340.8326

G1X102.5526Y-340.7611

G1X100.4557Y-340.5934

G1X98.6463Y-340.3530

G1X96.8562Y-339.9994

G1X95.1416Y-339.5447

G1X93.4020Y-338.9646

G1X91.3718Y-338.1353

G1X89.3494Y-337.1499

G1X87.2505Y-335.9711

G1X85.0630Y-334.5973

G1X83.5084Y-333.4931

G1X81.9569Y-332.2396

G1X80.4849Y-330.8994

G1X79.0163Y-329.4063

G1X76.5937Y-326.5850

G1X74.1189Y-323.2480

G1X72.0675Y-320.1019

G1X70.3998Y-317.0704

G1X69.0930Y-314.1534

G1X68.0153Y-311.0911

G1X67.1190Y-307.7139

G1X66.4006Y-304.0390

G1X65.5993Y-298.0245

G1X64.9154Y-290.1966

G1X64.7251Y-285.1807

G1X64.5998Y-273.6048

G1X64.4504Y-268.1876

G1X64.0624Y-261.8247

G1X63.3746Y-253.3983

G1X62.2678Y-242.4700

G1X61.0575Y-232.8999

G1X59.9622Y-226.3691

G1X57.2671Y-212.2594

G1X56.3984Y-206.2948

G1X55.8743Y-200.6535

G1X55.6816Y-195.8226

G1X55.7238Y-194.3132

G1X55.8490Y-193.3689

G1X56.0425Y-193.1224

G1X56.4019Y-193.1940

G1X56.7984Y-193.5184

G1X57.2992Y-194.1313

G1X58.1479Y-195.6421

G1X58.6982Y-197.2916

G1X58.8167Y-198.6666

G1X58.5276Y-199.9948

G1X57.8300Y-201.8571

G1X56.7990Y-204.0534

G1X55.5981Y-206.2361

G1X54.4225Y-208.0598

G1X53.3873Y-209.3499

G1X52.6124Y-209.9864

G1X51.6283Y-210.3633

G1X50.8778Y-210.4591

G1X50.1212Y-210.4236

G1X49.2988Y-210.2303

G1X48.6600Y-209.9344

G1X48.1376Y-209.5269

G1X47.8118Y-209.0934

G1X47.6246Y-208.5864

G1X47.6005Y-208.0098

G1X47.8725Y-206.9164

G1X48.4268Y-205.5775

G1X49.2373Y-204.0215

G1X50.3358Y-202.1916

G1X53.3284Y-197.8818

G1X56.7853Y-193.5538

G1X60.7078Y-189.2138

G1X72.1262Y-177.1500

G1X84.4255Y-163.3113

G1X88.5855Y-158.7371

G1X95.5774Y-151.4499

G1X100.2346Y-146.8603

G1X102.8185Y-144.5159

G1X105.2477Y-142.4977

G1X107.3602Y-140.9314

G1X109.5350Y-139.5271

G1X112.0953Y-138.0837

G1X117.6731Y-135.2446

G1X121.3348Y-133.2711

G1X129.1956Y-129.3886

G1X131.5979Y-128.0224

G1X133.7365Y-126.6210

G1X139.5664Y-122.1078

G1X143.5396Y-118.7027

G1X145.2458Y-117.0612

G1X146.8104Y-115.4063

G1X148.1538Y-113.8259

G1X149.4026Y-112.1693

G1X150.9867Y-109.6607

G1X152.6827Y-106.3360

G1X154.2587Y-102.6302

G1X155.6185Y-98.8033

G1X156.7196Y-95.0121

G1X157.5462Y-91.2928

G1X158.0266Y-87.9622

G1X158.1680Y-85.0407

G1X157.9632Y-82.8477

G1X157.4342Y-80.5353

G1X156.5733Y-78.0385

G1X155.3172Y-75.2253

G1X154.0497Y-72.8051

G1X150.4092Y-66.3457

G1X149.9417Y-65.7962

G1X149.3847Y-65.3884

G1X148.8163Y-65.2097

G1X148.4264Y-65.2912

G1X148.3065Y-65.5208

G1X148.4478Y-65.8563

G1X148.8084Y-66.1883

G1X149.2809Y-66.4718

G1X157.5861Y-69.6424

G1X162.4066Y-71.7368

G1X165.5203Y-73.2757

G1X171.0392Y-76.2665

G1X180.6288Y-81.2003

G1X184.6074Y-83.3600

G1X188.1784Y-85.4391

G1X191.3655Y-87.4521

G1X194.3131Y-89.4895

G1X196.9973Y-91.5365

G1X199.4056Y-93.5763

G1X201.6122Y-95.6674

G1X203.8322Y-98.0217

G1X206.6072Y-101.2016

G1X209.4532Y-104.7152

G1X212.2123Y-108.3676

G1X214.9129Y-112.1910

G1X217.4079Y-115.9660

G1X219.7896Y-119.8231

G1X221.9785Y-123.6351

G1X224.0042Y-127.4571

G1X225.7982Y-131.1656

G1X227.3492Y-134.7318

G1X228.6798Y-138.2176

G1X229.6447Y-141.2452

G1X230.2770Y-143.6714

G1X230.8293Y-146.2396

G1X231.2982Y-148.9443

G1X231.6818Y-151.7777

G1X232.2022Y-157.8918

G1X232.4081Y-164.7650

G1X232.3866Y-169.8059

G1X232.1491Y-182.9833

G1X231.9297Y-186.8048

G1X231.5938Y-189.7298

G1X231.1192Y-192.7350

G1X228.9490Y-203.6530

G1X228.6805Y-205.5618

G1X228.5428Y-207.2928

G1X228.5885Y-209.4942

G1X228.9240Y-211.9169

G1X229.4745Y-214.0521

G1X230.2127Y-215.9179

G1X231.1624Y-217.6108

G1X232.3742Y-219.1766

G1X233.7836Y-220.5113

G1X235.3170Y-221.5795

G1X236.5879Y-222.1152

G1X238.1459Y-222.4588

G1X239.9491Y-222.5993

G1X242.0373Y-222.5263

G1X244.1868Y-222.2410

G1X246.3236Y-221.7494

G1X247.9593Y-221.1782

G1X249.0773Y-220.5011

G1X250.3338Y-219.3310

G1X251.6000Y-217.6720

G1X252.7267Y-215.6646

G1X253.3533Y-213.9919

G1X253.3101Y-213.5085

G1X252.9798Y-213.0671

G1X252.4166Y-212.7740

G1X251.6925Y-212.6463

G1X250.8797Y-212.7012

G1X250.1669Y-212.9065

G1X249.5441Y-213.2297

G1X248.7878Y-213.7938

G1X247.7619Y-214.7452

G1X246.5842Y-215.9975

G1X243.0361Y-220.2008

G1X241.8814Y-221.7788

G1X238.5118Y-226.7978

G1X237.4245Y-228.2011

G1X236.3218Y-229.4256

G1X233.7931Y-231.6992

G1X231.4222Y-233.5343

G1X229.0719Y-235.0231

G1X226.7430Y-236.1765

G1X225.2182Y-236.7741

G1X223.6621Y-237.2629

G1X222.0870Y-237.6315

G1X220.2383Y-237.9493

G1X217.2032Y-238.3059

G1X209.4379Y-238.9802

G1X196.4407Y-240.4647

G1X192.3472Y-241.0286

G1X189.0090Y-241.6702

G1X187.1773Y-242.1452

G1X183.2834Y-243.3409

G1X181.1375Y-244.0837

G1X179.3031Y-244.8255

G1X177.6923Y-245.6126

G1X176.3888Y-246.3983

G1X175.2279Y-247.2805

G1X174.2878Y-248.2082

G1X173.4179Y-249.3930

G1X172.8233Y-250.6248

G1X172.4557Y-251.9823

G1X172.3001Y-253.5863

G1X172.3659Y-255.6926

G1X172.9432Y-262.2160

G1X173.0751Y-268.6797

G1X173.7988Y-279.4669

G1X173.9872Y-284.5368

G1X173.9498Y-287.9889

G1X173.7505Y-291.0596

G1X173.3720Y-293.9292

G1X172.8267Y-296.4748

G1X171.6023Y-300.2899

G1X169.8985Y-304.3719

G1X167.7490Y-308.6473

G1X165.2150Y-312.9950

G1X162.2676Y-317.4282

G1X159.2037Y-321.4760

G1X156.1325Y-324.9851

G1X154.8999Y-326.1837

G1X153.6492Y-327.2476

G1X152.1261Y-328.3659

G1X150.5805Y-329.3338

G1X148.8391Y-330.2616

G1X146.9859Y-331.1031

G1X144.3909Y-332.1103

G1X138.3686Y-334.2260

G1X131.6026Y-336.8518

G1X126.9139Y-338.4808

G1X121.7363Y-340.0177

G1X117.0966Y-341.0840

G1X112.5609Y-341.7539

G1X108.0439Y-342.0778

G1X103.4796Y-342.0479

G1X101.2513Y-341.8874

G1X99.2068Y-341.6423

G1X97.2624Y-341.3078

G1X95.5709Y-340.9140

G1X93.9548Y-340.4214

G1X92.3189Y-339.8006

G1X90.5790Y-339.0017

G1X88.8358Y-338.0575

G1X87.0062Y-336.9183

G1X85.0940Y-335.5830

G1X83.1596Y-334.1102

G1X81.6547Y-332.8294

G1X80.1565Y-331.3958

G1X78.6696Y-329.8016

G1X76.5198Y-327.1649

G1X74.4108Y-324.1639

G1X72.1021Y-320.4178

G1X70.3405Y-317.0933

G1X69.0088Y-314.0590

G1X67.9175Y-310.9598

G1X67.0583Y-307.7911

G1X66.3489Y-304.2252

G1X65.9025Y-301.2148

G1X65.5135Y-297.8445

G1X64.6697Y-287.8867

G1X64.4185Y-282.8179

G1X64.1127Y-270.5012

G1X63.8788Y-264.8301

G1X63.4310Y-258.8173

G1X62.6212Y-250.8987

G1X61.3017Y-240.2751

G1X59.7163Y-229.3093

G1X58.6247Y-223.2368

G1X55.8351Y-209.4023

G1X55.2911Y-206.1310

G1X54.9526Y-203.3094

G1X54.6765Y-199.0907

G1X54.6763Y-195.2606

G1X54.7874Y-193.5648

G1X54.9575Y-192.3897

G1X55.1393Y-191.8663

G1X55.4034Y-191.8559

G1X55.7394Y-192.1499

G1X56.1902Y-192.7626

G1X57.0968Y-194.5100

G1X57.7179Y-196.2695

G1X58.0332Y-197.9323

G1X58.0304Y-198.9934

G1X57.8189Y-199.9345

G1X57.2653Y-201.3615

G1X56.4688Y-202.9531

G1X55.0568Y-205.3064

G1X53.5408Y-207.4409

G1X52.1556Y-209.0271

G1X51.6536Y-209.4624

G1X51.1938Y-209.7320

G1X50.4773Y-209.9175

G1X49.7196Y-209.8953

G1X48.9759Y-209.6806

G1X48.3014Y-209.2884

G1X47.7512Y-208.7341

G1X47.4152Y-208.1280

G1X47.2536Y-207.4195

G1X47.2819Y-206.7385

G1X47.5709Y-205.7692

G1X48.1720Y-204.4910

G1X49.0732Y-202.9405

G1X50.2742Y-201.1209

G1X53.6038Y-196.6304

G1X58.0486Y-191.1490

G1X62.1681Y-186.5138

G1X74.9242Y-172.6990

G1X86.6189Y-159.0647

G1X90.2998Y-154.8967

G1X95.0628Y-149.8930

G1X99.6389Y-145.3921

G1X102.3816Y-142.9001

G1X105.0218Y-140.6963

G1X107.5864Y-138.7678

G1X109.6578Y-137.4298

G1X112.4745Y-135.9246

G1X119.2741Y-132.8534

G1X123.2404Y-130.8282

G1X129.1594Y-127.9527

G1X132.1727Y-126.3065

G1X134.7369Y-124.6572

G1X136.4906Y-123.3423

G1X139.7443Y-120.6529

G1X144.1389Y-116.7525

G1X145.8949Y-115.0122

G1X147.4438Y-113.3364

G1X148.7782Y-111.7448

G1X150.0216Y-110.0871

G1X151.6718Y-107.4741

G1X152.9901Y-104.7818

G1X154.3084Y-101.3508

G1X155.5024Y-97.4062

G1X156.4847Y-93.1971

G1X157.1863Y-89.0165

G1X157.5663Y-85.1547

G1X157.6129Y-81.6871

G1X157.4387Y-79.8236

G1X157.0221Y-78.0255

G1X156.3081Y-76.0539

G1X155.2895Y-73.9530

G1X153.5749Y-71.1348

G1X150.0552Y-66.2406

G1X149.0438Y-64.5911

G1X148.5118Y-64.0874

G1X148.2901Y-64.0063

G1X148.0838Y-64.0419

G1X147.9830Y-64.2086

G1X148.0166Y-64.4839

G1X148.4213Y-65.0933

G1X149.0697Y-65.6387

G1X150.0688Y-66.2165

G1X151.9919Y-67.0114

G1X158.3276Y-69.2353

G1X162.0152Y-70.6568

G1X165.8433Y-72.3421

G1X169.4545Y-74.1729

G1X182.7352Y-81.6334

G1X186.9475Y-84.0769

G1X191.9418Y-87.1932

G1X196.2580Y-90.1775

G1X199.0775Y-92.3335

G1X201.7070Y-94.5434

G1X204.1265Y-96.8018

G1X206.2507Y-99.0236

G1X208.6357Y-101.8372

G1X211.0848Y-104.9991

G1X213.5031Y-108.3833

G1X215.9260Y-112.0396

G1X218.3808Y-116.0304

G1X220.7790Y-120.2368

G1X223.0384Y-124.5232

G1X225.0889Y-128.7469

G1X226.9561Y-132.9547

G1X228.6151Y-137.1008

G1X230.0121Y-141.0515

G1X231.1268Y-144.7368

G1X232.0729Y-148.9789

G1X232.7236Y-153.6157

G1X233.0712Y-158.6089

G1X233.1267Y-164.2132

G1X232.8692Y-170.8214

G1X232.0796Y-182.1336

G1X231.7998Y-187.8870

G1X231.6011Y-190.4156

G1X230.8824Y-195.6844

G1X229.1033Y-205.1514

G1X228.7249Y-208.3833

G1X228.7059Y-210.2887

G1X228.8994Y-212.0197

G1X229.3553Y-213.9034

G1X230.0066Y-215.5784

G1X230.9361Y-217.2267

G1X232.0986Y-218.7126

G1X233.4700Y-220.0145

G1X235.0859Y-221.1618

G1X236.8147Y-222.0722

G1X238.0808Y-222.5029

G1X239.7388Y-222.7334

G1X241.6516Y-222.7179

G1X244.0641Y-222.4107

G1X246.4863Y-221.8465

G1X248.8404Y-221.0430

G1X249.8105Y-220.6024

G1X250.3939Y-220.2416

G1X251.0209Y-219.7235

G1X251.5901Y-219.1222

G1X252.6145Y-217.6585

G1X253.4905Y-215.8477

G1X254.0455Y-214.0269

G1X254.0690Y-213.5049

G1X253.8713Y-213.2222

G1X253.4154Y-213.0488

G1X252.6719Y-213.0551

G1X251.8956Y-213.2377

G1X251.0661Y-213.5837

G1X250.3591Y-214.0093

G1X249.6514Y-214.5897

G1X248.6961Y-215.5883

G1X247.6052Y-216.9139

G1X243.5220Y-222.4247

G1X239.3044Y-229.0013

G1X238.2094Y-230.5139

G1X237.1584Y-231.7652

G1X235.0918Y-233.7049

G1X232.6914Y-235.5899

G1X230.4888Y-237.0085

G1X228.1536Y-238.1986

G1X226.3844Y-238.9081

G1X224.6083Y-239.4757

G1X222.9941Y-239.8553

G1X221.1850Y-240.1465

G1X217.9970Y-240.4494

G1X210.9189Y-240.8107

G1X207.8185Y-241.0481

G1X194.9542Y-242.3599

G1X191.7869Y-242.7948

G1X189.0937Y-243.2884

G1X186.9706Y-243.8093

G1X183.4918Y-244.8793

G1X181.2188Y-245.6464

G1X179.3692Y-246.3792

G1X177.8360Y-247.1206

G1X176.6013Y-247.8627

G1X175.4968Y-248.7054

G1X174.5998Y-249.5978

G1X173.8000Y-250.6839

G1X173.2188Y-251.8421

G1X172.8823Y-253.0029

G1X172.7328Y-254.3040

G1X172.7472Y-255.5171

G1X172.8813Y-256.8854

G1X173.9908Y-263.3870

G1X174.3745Y-266.9940

G1X174.4336Y-268.8286

G1X174.4231Y-282.3095

G1X174.2862Y-288.1988

G1X173.9336Y-293.1311

G1X173.3361Y-297.4824

G1X172.4807Y-301.2737

G1X171.9718Y-302.9123

G1X171.3164Y-304.6620

G1X169.6586Y-308.2761

G1X167.5490Y-312.0238

G1X164.9701Y-315.9204

G1X161.9809Y-319.8586

G1X158.6216Y-323.7686

G1X154.9995Y-327.4942

G1X153.2627Y-329.1074

G1X151.8614Y-330.2672

G1X150.1862Y-331.4622

G1X148.4102Y-332.5331

G1X146.5317Y-333.4835

G1X144.4588Y-334.3603

G1X141.5486Y-335.3781

G1X135.5486Y-337.1943

G1X130.0270Y-339.0321

G1X126.1684Y-340.2165

G1X120.6860Y-341.6670

G1X115.7296Y-342.6685

G1X111.4141Y-343.2010

G1X106.8342Y-343.3880

G1X102.4117Y-343.2023

G1X98.2479Y-342.6539

G1X96.2504Y-342.2362

G1X94.4440Y-341.7524

G1X92.8364Y-341.2061

G1X91.3154Y-340.5638

G1X89.7838Y-339.7871

G1X88.2450Y-338.8717

G1X86.6990Y-337.8169

G1X85.0656Y-336.5646

G1X81.3108Y-333.2702

G1X79.8620Y-331.8035

G1X78.4208Y-330.1809

G1X76.2767Y-327.4229

G1X74.2429Y-324.3677

G1X72.0783Y-320.5924

G1X70.2899Y-317.0344

G1X68.9443Y-313.8720

G1X67.8218Y-310.6504

G1X66.8904Y-307.2406

G1X66.2010Y-303.8218

G1X65.7411Y-300.7075

G1X65.3439Y-297.1414

G1X64.3562Y-284.9305

G1X64.0526Y-279.9439

G1X63.2682Y-262.6404

G1X62.8498Y-257.3529

G1X62.2094Y-251.5898

G1X60.6789Y-240.5855

G1X58.2933Y-225.8367

G1X57.2142Y-220.1351

G1X54.5076Y-207.2170

G1X53.9616Y-204.1309

G1X53.6285Y-201.6050

G1X53.4365Y-198.1637

G1X53.5655Y-194.7239

G1X53.7632Y-193.0979

G1X54.0281Y-191.7856

G1X54.3447Y-190.9088

G1X54.4874Y-190.7373

G1X54.6196Y-190.7438

G1X54.8965Y-191.0135

G1X55.2426Y-191.5521

G1X56.0292Y-193.2418

G1X56.6832Y-195.1698

G1X57.0904Y-196.9623

G1X57.2294Y-198.3145

G1X57.1703Y-199.4194

G1X56.9139Y-200.3717

G1X56.3976Y-201.5482

G1X55.0454Y-203.8131

G1X53.2423Y-206.2184

G1X51.4041Y-208.2248

G1X50.6333Y-208.8957

G1X50.0419Y-209.2644

G1X49.5214Y-209.3853

G1X48.9021Y-209.3106

G1X48.3005Y-209.0270

G1X47.7625Y-208.5533

G1X47.3799Y-207.9976

G1X47.1116Y-207.3234

G1X46.9885Y-206.5431

G1X47.0216Y-205.7994

G1X47.2493Y-204.8556

G1X47.7950Y-203.6519

G1X48.6458Y-202.2132

G1X49.8545Y-200.4457

G1X53.1090Y-196.2244

G1X59.1407Y-188.9351

G1X63.5792Y-183.8132

G1X77.6001Y-168.1362

G1X88.2524Y-155.3071

G1X91.4313Y-151.5930

G1X94.4287Y-148.3353

G1X98.5013Y-144.3083

G1X101.5401Y-141.5598

G1X104.4271Y-139.1843

G1X107.4515Y-136.9532

G1X110.1504Y-135.2049

G1X111.6852Y-134.3797

G1X113.3837Y-133.5909

G1X119.4923Y-131.1872

G1X122.0147Y-130.0651

G1X131.0338Y-125.5682

G1X133.4141Y-124.2179

G1X135.6037Y-122.7976

G1X137.0746Y-121.7145

G1X138.5241Y-120.5199

G1X141.9168Y-117.4912

G1X144.4398Y-115.0998

G1X147.8271Y-111.5107

G1X149.2819Y-109.7511

G1X150.5185Y-108.0912

G1X152.2242Y-105.4085

G1X153.5273Y-102.7822

G1X154.5939Y-99.8275

G1X155.5060Y-96.3507

G1X156.2851Y-92.1045

G1X156.7947Y-87.6701

G1X157.0162Y-83.2862

G1X156.9307Y-79.2275

G1X156.6962Y-76.8714

G1X156.3960Y-75.4341

G1X155.7876Y-73.7153

G1X154.9143Y-71.9861

G1X153.9468Y-70.4717

G1X152.7512Y-68.8910

G1X148.7784Y-64.4906

G1X148.2848Y-63.8669

G1X147.8263Y-63.1055

G1X147.5758Y-62.9264

G1X147.5967Y-63.1744

G1X147.8346Y-63.5798

G1X148.7105Y-64.4907

G1X149.9841Y-65.3923

G1X151.3838Y-66.1332

G1X153.6755Y-67.0571

G1X160.8505Y-69.5008

G1X164.8388Y-70.9982

G1X168.9069Y-72.7674

G1X172.5947Y-74.6462

G1X174.8757Y-75.9651

G1X188.0463Y-84.0234

G1X192.8803Y-87.1852

G1X197.1152Y-90.1756

G1X200.4185Y-92.7101

G1X203.3667Y-95.1742

G1X206.0250Y-97.6141

G1X208.4551Y-100.0891

G1X210.5099Y-102.4323

G1X212.5193Y-105.0171

G1X214.6571Y-108.0548

G1X216.7386Y-111.2931

G1X219.0570Y-115.2371

G1X221.3185Y-119.4492

G1X223.4984Y-123.8871

G1X225.5693Y-128.5016

G1X227.4639Y-133.1395

G1X229.1960Y-137.8364

G1X230.7035Y-142.4318

G1X231.9425Y-146.7740

G1X232.9672Y-151.1632

G1X233.5748Y-155.2269

G1X233.8964Y-159.7431

G1X233.9085Y-164.5660

G1X233.7533Y-167.9589

G1X233.4587Y-171.7141

G1X231.7759Y-186.3588

G1X231.1031Y-194.7107

G1X230.5860Y-198.6388

G1X229.4066Y-205.9766

G1X229.0898Y-208.7615

G1X229.0237Y-210.7599

G1X229.1581Y-212.5460

G1X229.4924Y-214.1016

G1X230.0433Y-215.5838

G1X230.8835Y-217.0859

G1X231.9091Y-218.3938

G1X233.1560Y-219.5825

G1X234.5995Y-220.6296

G1X236.4522Y-221.6358

G1X238.5485Y-222.4471

G1X240.0249Y-222.7950

G1X241.6138Y-222.8657

G1X243.9693Y-222.6070

G1X246.5738Y-221.9793

G1X249.3580Y-220.9873

G1X251.6852Y-219.8452

G1X252.6264Y-219.0724

G1X253.5063Y-217.8977

G1X254.1781Y-216.4938

G1X254.6461Y-214.8684

G1X254.7651Y-213.9974

G1X254.7398Y-213.4673

G1X254.5437Y-213.2695

G1X254.0790Y-213.2559

G1X253.2284Y-213.5302

G1X252.3007Y-214.0259

G1X251.3115Y-214.7298

G1X250.4524Y-215.5089

G1X249.3907Y-216.7569

G1X248.0344Y-218.6747

G1X243.4595Y-225.6628

G1X240.0072Y-231.3920

G1X239.0160Y-232.8355

G1X238.0773Y-234.0323

G1X236.5644Y-235.5959

G1X234.1181Y-237.5723

G1X231.8757Y-239.0371

G1X229.5972Y-240.2111

G1X227.6831Y-240.9858

G1X225.7112Y-241.6135

G1X223.8826Y-242.0564

G1X221.9367Y-242.3534

G1X218.4916Y-242.5993

G1X210.7882Y-242.7399

G1X207.3747Y-242.9051

G1X195.2876Y-243.9670

G1X191.9824Y-244.3737

G1X189.2509Y-244.8323

G1X185.9278Y-245.6596

G1X182.1099Y-246.9336

G1X179.8622Y-247.8082

G1X178.4204Y-248.4984

G1X177.1811Y-249.2344

G1X176.1382Y-250.0194

G1X175.2198Y-250.9179

G1X174.3407Y-252.1073

G1X173.6638Y-253.4964

G1X173.2966Y-254.8365

G1X173.1828Y-256.3403

G1X173.2550Y-257.6240

G1X173.4575Y-259.0673

G1X175.1020Y-266.6525

G1X175.4430Y-268.6787

G1X175.6751Y-270.6824

G1X175.7814Y-274.0467

G1X175.3762Y-281.7280

G1X174.8165Y-289.1634

G1X174.0721Y-295.4952

G1X173.1145Y-300.9469

G1X172.5567Y-303.3507

G1X171.9445Y-305.5566

G1X170.7155Y-309.0180

G1X169.1800Y-312.2150

G1X167.1237Y-315.6109

G1X164.6384Y-319.0101

G1X161.7066Y-322.4390

G1X158.4024Y-325.8186

G1X154.6357Y-329.2387

G1X150.5239Y-332.5851

G1X148.6071Y-333.9392

G1X146.6874Y-335.0906

G1X144.5807Y-336.1522

G1X142.3773Y-337.0765

G1X138.3213Y-338.4216

G1X127.2631Y-341.4773

G1X121.1079Y-342.9805

G1X115.5007Y-344.0125

G1X112.9806Y-344.3400

G1X110.6383Y-344.5470

G1X108.3713Y-344.6400

G1X106.0043Y-344.6300

G1X101.6201Y-344.3175

G1X99.5150Y-344.0208

G1X97.4815Y-343.6330

G1X95.5298Y-343.1561

G1X93.6702Y-342.5919

G1X91.9438Y-341.9543

G1X90.4261Y-341.2629

G1X88.9982Y-340.4774

G1X87.6490Y-339.6081

G1X86.2894Y-338.6040

G1X84.8438Y-337.3984

G1X83.2440Y-335.9145

G1X81.3486Y-334.0017

G1X79.7374Y-332.2771

G1X78.3450Y-330.6398

G1X76.1487Y-327.7102

G1X74.1257Y-324.5547

G1X72.3143Y-321.2616

G1X70.3644Y-317.1887

G1X68.9061Y-313.6446

G1X67.7357Y-310.2180

G1X66.7468Y-306.5928

G1X65.9861Y-302.9143

G1X65.4247Y-299.0139

G1X64.9515Y-294.2819

G1X63.7208Y-278.4072

G1X62.5671Y-260.3750

G1X62.0865Y-255.0237

G1X61.5161Y-250.2158

G1X60.3057Y-242.1165

G1X58.4909Y-231.7248

G1X56.2142Y-219.3776

G1X53.0647Y-204.4798

G1X52.5742Y-201.7181

G1X52.2746Y-199.5045

G1X52.1544Y-197.9341

G1X52.1408Y-196.3395

G1X52.2301Y-194.8794

G1X52.4226Y-193.4490

G1X52.7406Y-192.0263

G1X53.1431Y-190.8590

G1X53.6079Y-190.0471

G1X53.8170Y-189.8707

G1X53.9949Y-189.8587

G1X54.2018Y-190.0775

G1X54.4942Y-190.6065

G1X55.1813Y-192.3657

G1X55.7515Y-194.3403

G1X56.1620Y-196.3592

G1X56.3278Y-197.8449

G1X56.3248Y-199.2065

G1X56.1627Y-200.1817

G1X55.7609Y-201.2231

G1X54.5529Y-203.2097

G1X52.7073Y-205.4694

G1X50.5568Y-207.5691

G1X49.6060Y-208.3119

G1X48.9225Y-208.7080

G1X48.4767Y-208.7962

G1X48.0230Y-208.6767

G1X47.5977Y-208.3618

G1X47.2298Y-207.8687

G1X46.9484Y-207.2144

G1X46.7957Y-206.5234

G1X46.7508Y-205.7338

G1X46.8127Y-204.9872

G1X46.9802Y-204.1838

G1X47.2655Y-203.3309

G1X48.1318Y-201.6455

G1X49.7524Y-199.2715

G1X52.1400Y-196.2311

G1X64.4556Y-181.6780

G1X80.1303Y-163.4812

G1X92.1701Y-148.6791

G1X95.1066Y-145.3840

G1X97.9107Y-142.5794

G1X100.9113Y-139.8879

G1X103.9507Y-137.4768

G1X107.1729Y-135.2346

G1X110.8232Y-132.9959

G1X112.3818Y-132.1958

G1X114.1092Y-131.4532

G1X120.6059Y-129.1997

G1X123.4652Y-128.0183

G1X131.6489Y-123.8894

G1X134.0966Y-122.4916

G1X136.1798Y-121.1485

G1X137.9734Y-119.8362

G1X139.5601Y-118.5195

G1X144.1941Y-114.0479

G1X147.9174Y-110.0039

G1X149.4957Y-108.0673

G1X150.8572Y-106.2256

G1X152.6330Y-103.4451

G1X154.0098Y-100.7425

G1X154.9670Y-98.1909

G1X155.6959Y-95.2632

G1X156.2591Y-91.5312

G1X156.5589Y-87.3878

G1X156.5878Y-82.9133

G1X156.3429Y-78.4893

G1X155.9992Y-75.4628

G1X155.5503Y-72.9130

G1X155.0870Y-71.4144

G1X154.3670Y-69.9184

G1X153.4017Y-68.4540

G1X152.1467Y-66.9651

G1X150.5062Y-65.3775

G1X147.4682Y-62.8200

G1X147.1004Y-62.3976

G1X146.9513Y-61.9930

G1X148.2093Y-63.1565

G1X149.6259Y-64.2157

G1X151.3449Y-65.2579

G1X153.1012Y-66.1386

G1X155.8150Y-67.2170

G1X163.3878Y-69.7792

G1X167.4166Y-71.2681

G1X171.4621Y-72.9898

G1X175.2005Y-74.8554

G1X178.6551Y-76.8770

G1X185.1740Y-81.1652

G1X190.7642Y-84.9417

G1X195.4259Y-88.2615

G1X199.1100Y-91.0507

G1X202.4961Y-93.7895

G1X205.5463Y-96.4457

G1X208.3181Y-99.0643

G1X210.8679Y-101.7037

G1X213.1107Y-104.2751

G1X215.0496Y-106.7624

G1X216.9026Y-109.4518

G1X218.9309Y-112.7513

G1X220.9558Y-116.4352

G1X222.9118Y-120.3957

G1X224.7849Y-124.5989

G1X226.5597Y-129.0044

G1X228.2542Y-133.6646

G1X229.7785Y-138.3259

G1X231.1782Y-143.1223

G1X232.8051Y-149.6380

G1X234.0023Y-155.6885

G1X234.4926Y-159.9714

G1X234.6244Y-164.5627

G1X234.4654Y-168.5620

G1X234.0609Y-172.9132

G1X233.4000Y-177.7561

G1X231.3246Y-190.7048

G1X230.6198Y-198.5796

G1X229.5856Y-207.9303

G1X229.4657Y-210.4835

G1X229.5689Y-212.6378

G1X229.9034Y-214.4650

G1X230.4903Y-216.0845

G1X231.2891Y-217.4356

G1X232.2885Y-218.6167

G1X233.5303Y-219.6990

G1X235.0842Y-220.7103

G1X236.9238Y-221.5952

G1X238.8820Y-222.2755

G1X241.2640Y-222.8133

G1X242.6965Y-222.8995

G1X244.7720Y-222.6512

G1X247.2406Y-221.9809

G1X249.9041Y-220.9247

G1X252.5293Y-219.5684

G1X253.6651Y-218.8203

G1X254.4477Y-217.9652

G1X255.0845Y-216.7445

G1X255.4410Y-215.3912

G1X255.5199Y-214.4975

G1X255.4716Y-213.8170

G1X255.3275Y-213.4482

G1X255.0777Y-213.4037

G1X254.4560Y-213.6682

G1X253.5101Y-214.3261

G1X252.4981Y-215.2066

G1X251.5387Y-216.1882

G1X250.4728Y-217.4881

G1X249.3774Y-219.1282

G1X241.1371Y-233.1385

G1X240.0860Y-234.7961

G1X239.0742Y-236.1988

G1X237.5652Y-237.9035

G1X235.7408Y-239.4443

G1X233.5635Y-240.9257

G1X231.2858Y-242.1362

G1X229.2644Y-242.9689

G1X227.0643Y-243.6676

G1X224.5756Y-244.2523

G1X222.5065Y-244.5479

G1X218.8193Y-244.7219

G1X210.5151Y-244.6107

G1X206.8049Y-244.6911

G1X195.3433Y-245.5308

G1X192.0921Y-245.8866

G1X189.3109Y-246.3155

G1X187.2857Y-246.7444

G1X185.6041Y-247.2179

G1X182.9333Y-248.2019

G1X180.9040Y-249.0439

G1X179.3979Y-249.7921

G1X178.1848Y-250.5361

G1X177.1612Y-251.3265

G1X176.2519Y-252.2325

G1X175.2172Y-253.6863

G1X174.4681Y-255.3478

G1X174.0322Y-257.0342

G1X173.9319Y-258.8238

G1X174.0535Y-260.3595

G1X174.3471Y-262.1729

G1X176.0054Y-269.4418

G1X176.6267Y-272.8467

G1X176.9686Y-276.3157

G1X176.9465Y-279.4459

G1X176.2861Y-285.7028

G1X175.3402Y-292.2541

G1X174.2243Y-298.2876

G1X172.9557Y-303.7530

G1X171.6533Y-308.2659

G1X170.2578Y-312.1555

G1X168.7994Y-315.3778

G1X167.1199Y-318.2735

G1X165.0222Y-321.1826

G1X162.4779Y-324.0967

G1X159.5080Y-326.9713

G1X156.0922Y-329.8274

G1X151.7966Y-332.9892

G1X146.5361Y-336.4866

G1X143.1529Y-338.2888

G1X139.4902Y-339.7917

G1X136.9566Y-340.6246

G1X134.1438Y-341.4108

G1X123.4041Y-343.9707

G1X117.2823Y-345.0833

G1X114.3585Y-345.4678

G1X111.5994Y-345.7264

G1X109.2134Y-345.8533

G1X106.9224Y-345.8729

G1X104.6064Y-345.7765

G1X102.2628Y-345.5631

G1X100.0868Y-345.2544

G1X97.8802Y-344.8240

G1X95.7573Y-344.2869

G1X93.7276Y-343.6460

G1X91.8857Y-342.9402

G1X90.2257Y-342.1850

G1X88.8697Y-341.4499

G1X87.5138Y-340.5746

G1X86.1621Y-339.5526

G1X84.7422Y-338.3131

G1X83.3296Y-336.9158

G1X81.8448Y-335.2927

G1X78.6428Y-331.4614

G1X76.3354Y-328.3216

G1X74.1008Y-324.7722

G1X72.1100Y-321.0287

G1X70.0166Y-316.3211

G1X68.3464Y-311.8586

G1X67.0071Y-307.3946

G1X65.9255Y-302.6591

G1X65.3316Y-299.0731

G1X64.8478Y-294.8955

G1X63.7975Y-281.5271

G1X61.9717Y-260.0632

G1X61.3033Y-253.3790

G1X60.5945Y-247.7618

G1X59.7350Y-242.3009

G1X58.5646Y-235.8709

G1X54.6327Y-216.0129

G1X51.8551Y-202.9530

G1X51.2923Y-199.8835

G1X50.9503Y-197.4416

G1X50.8248Y-195.7814

G1X50.8476Y-194.4195

G1X51.0143Y-193.0534

G1X51.2981Y-191.8729

G1X51.7547Y-190.6977

G1X52.3226Y-189.7722

G1X52.9299Y-189.2173

G1X53.2191Y-189.1220

G1X53.4303Y-189.1586

G1X53.6242Y-189.3460

G1X53.8464Y-189.7882

G1X54.3647Y-191.3457

G1X54.8566Y-193.4038

G1X55.2262Y-195.6094

G1X55.3977Y-197.4584

G1X55.4035Y-198.9524

G1X55.2610Y-200.1584

G1X54.9619Y-201.1165

G1X54.5372Y-201.9383

G1X53.9066Y-202.8747

G1X52.2152Y-204.8069

G1X50.0757Y-206.6972

G1X49.0139Y-207.4570

G1X48.1349Y-207.9571

G1X47.6804Y-208.1207

G1X47.3759Y-208.1190

G1X47.0789Y-207.9493

G1X46.8231Y-207.6189

G1X46.6225Y-207.1405

G1X46.4911Y-206.5267

G1X46.4803Y-205.0549

G1X46.6261Y-204.1222

G1X46.8955Y-203.1032

G1X47.7065Y-201.1498

G1X48.9138Y-199.1561

G1X50.8661Y-196.5368

G1X53.5715Y-193.2720

G1X62.9822Y-182.3599

G1X82.9019Y-158.2657

G1X92.9823Y-145.6417

G1X95.6260Y-142.6047

G1X97.9788Y-140.1819

G1X100.6573Y-137.7858

G1X103.4679Y-135.6335

G1X106.4474Y-133.6992

G1X110.0746Y-131.6682

G1X112.5481Y-130.3873

G1X114.4839Y-129.5674

G1X116.5068Y-128.8772

G1X121.7275Y-127.3055

G1X124.7267Y-126.1462

G1X131.9190Y-122.4583

G1X134.2494Y-121.1264

G1X136.3153Y-119.8190

G1X138.0134Y-118.6214

G1X139.5925Y-117.3782

G1X141.0462Y-116.0940

G1X142.4463Y-114.7001

G1X144.9991Y-111.9687

G1X147.1742Y-109.4763

G1X149.1229Y-107.0534

G1X150.7945Y-104.7669

G1X152.6033Y-101.9533

G1X154.0588Y-99.2395

G1X155.1786Y-96.5707

G1X155.9076Y-94.0825

G1X156.3739Y-91.2561

G1X156.5895Y-87.9858

G1X156.5482Y-84.3531

G1X156.2595Y-80.4867

G1X155.7519Y-76.5708

G1X155.0574Y-72.7659

G1X154.2291Y-69.3820

G1X153.5836Y-67.8019

G1X152.5467Y-66.2156

G1X151.1301Y-64.7170

G1X149.3572Y-63.3333

G1X146.4833Y-61.5583

G1X146.2818Y-61.3687

G1X146.2934Y-61.2240

G1X146.4606Y-61.2237

G1X146.7734Y-61.3809

G1X149.4933Y-63.1537

G1X151.6122Y-64.4000

G1X155.5340Y-66.3638

G1X158.5028Y-67.5282

G1X165.8322Y-70.0529

G1X169.4938Y-71.3985

G1X173.1106Y-72.8826

G1X176.3972Y-74.4159

G1X179.2938Y-75.9528

G1X182.0776Y-77.6316

G1X188.8275Y-82.3962

G1X193.4082Y-85.7985

G1X197.5363Y-89.0084

G1X201.3082Y-92.1015

G1X204.7299Y-95.0787

G1X207.9905Y-98.1118

G1X210.9009Y-101.0303

G1X213.5196Y-103.8824

G1X215.9001Y-106.7286

G1X217.8514Y-109.3123

G1X219.6239Y-111.9420

G1X221.2881Y-114.7500

G1X222.8898Y-117.7988

G1X224.4292Y-121.0886

G1X225.9374Y-124.7000

G1X227.3626Y-128.5206

G1X228.6977Y-132.5225

G1X229.8781Y-136.4692

G1X230.9924Y-140.6269

G1X232.0243Y-144.9523

G1X232.9384Y-149.2923

G1X233.8070Y-154.0542

G1X234.5234Y-158.7374

G1X234.9202Y-162.0122

G1X235.0965Y-164.9527

G1X235.1100Y-167.4162

G1X235.0010Y-170.0728

G1X234.7703Y-172.8004

G1X234.4265Y-175.5876

G1X233.5174Y-180.9844

G1X231.2339Y-192.2729

G1X230.8098Y-194.9452

G1X230.5666Y-197.2235

G1X229.9611Y-206.3963

G1X229.8978Y-210.5383

G1X230.0354Y-212.4285

G1X230.2944Y-214.0028

G1X230.7033Y-215.4558

G1X231.2506Y-216.7376

G1X232.0398Y-217.9697

G1X233.1444Y-219.1254

G1X234.4545Y-220.1017

G1X236.1069Y-220.9992

G1X237.9746Y-221.7324

G1X240.0795Y-222.3083

G1X242.2942Y-222.6850

G1X244.2956Y-222.8069

G1X246.0339Y-222.5690

G1X248.0412Y-221.9692

G1X250.2188Y-221.0316

G1X252.4810Y-219.8026

G1X254.3652Y-218.5866

G1X255.4061Y-217.7596

G1X255.7451Y-217.3360

G1X256.0596Y-216.7653

G1X256.3749Y-215.5859

G1X256.3932Y-214.8210

G1X256.2866Y-214.1879

G1X256.0586Y-213.7172

G1X255.8074Y-213.6070

G1X255.4031Y-213.8279

G1X254.7549Y-214.3920

G1X253.1183Y-216.2050

G1X251.6976Y-218.0726

G1X250.4760Y-219.9534

G1X245.9656Y-228.4262

G1X241.7404Y-235.7698

G1X240.1271Y-238.2622

G1X238.7606Y-239.9690

G1X237.3031Y-241.3683

G1X235.2369Y-242.8561

G1X233.0167Y-244.0818

G1X230.8763Y-244.9726

G1X228.4430Y-245.7225

G1X225.5389Y-246.3522

G1X222.9641Y-246.7036

G1X219.0366Y-246.7976

G1X210.1183Y-246.4121

G1X206.2142Y-246.3956

G1X195.2871Y-247.0285

G1X192.0895Y-247.3311

G1X189.4514Y-247.6956

G1X187.4640Y-248.0794

G1X185.7289Y-248.5338

G1X184.3270Y-249.0275

G1X182.6433Y-249.7810

G1X181.0172Y-250.6166

G1X179.6537Y-251.4733

G1X178.5888Y-252.3194

G1X177.6527Y-253.2818

G1X176.6511Y-254.7149

G1X175.8538Y-256.4445

G1X175.2338Y-258.6531

G1X174.9595Y-260.6920

G1X175.0112Y-262.6452

G1X175.3083Y-264.9502

G1X176.9908Y-273.1813

G1X177.5328Y-276.3094

G1X177.8502Y-278.9766

G1X177.9841Y-281.3555

G1X177.9231Y-284.1119

G1X177.6196Y-286.7191

G1X176.8285Y-291.2416

G1X175.7522Y-296.1821

G1X174.1833Y-302.1806

G1X172.3807Y-307.9739

G1X170.4502Y-313.2085

G1X168.4593Y-317.7134

G1X166.5936Y-321.1723

G1X164.6428Y-324.0440

G1X162.2833Y-326.8027

G1X159.5628Y-329.3799

G1X157.8168Y-330.8023

G1X155.9443Y-332.1809

G1X151.6262Y-334.9588

G1X143.8902Y-339.3067

G1X141.7776Y-340.3466

G1X139.5715Y-341.2889

G1X135.2688Y-342.7746

G1X130.2370Y-344.0762

G1X122.0206Y-345.7300

G1X116.0178Y-346.6025

G1X110.5315Y-347.0229

G1X107.9897Y-347.0695

G1X105.6370Y-347.0091

G1X103.5059Y-346.8502

G1X101.2497Y-346.5647

G1X99.0633Y-346.1691

G1X96.9520Y-345.6666

G1X94.8265Y-345.0287

G1X92.7952Y-344.2804

G1X90.8642Y-343.4252

G1X88.9592Y-342.4205

G1X87.4685Y-341.4898

G1X86.1100Y-340.4718

G1X84.7712Y-339.2921

G1X83.3824Y-337.8758

G1X80.7590Y-334.7064

G1X76.8956Y-329.3753

G1X74.4498Y-325.4959

G1X72.3473Y-321.5798

G1X70.4354Y-317.2904

G1X68.4962Y-312.0505

G1X67.0591Y-307.2656

G1X65.8691Y-302.2027

G1X65.1609Y-298.3223

G1X64.6383Y-294.3367

G1X63.0200Y-275.3536

G1X60.9987Y-256.2211

G1X59.5761Y-245.3307

G1X58.8514Y-240.9202

G1X57.9428Y-236.1067

G1X54.2924Y-219.0317

G1X50.9108Y-202.7407

G1X50.1428Y-198.7186

G1X49.6946Y-195.6906

G1X49.5556Y-194.0666

G1X49.5553Y-192.8021

G1X49.7361Y-191.5539

G1X50.0751Y-190.5179

G1X50.6562Y-189.5201

G1X51.3339Y-188.8510

G1X52.0910Y-188.4924

G1X52.7523Y-188.5272

G1X52.9910Y-188.6724

G1X53.1945Y-188.9303

G1X53.5826Y-190.0623

G1X54.0066Y-192.1428

G1X54.3236Y-194.6026

G1X54.4595Y-196.6994

G1X54.4461Y-198.5874

G1X54.2759Y-200.1477

G1X53.9743Y-201.2566

G1X53.6616Y-201.8978

G1X53.1733Y-202.6371

G1X51.7927Y-204.1697

G1X49.9641Y-205.6856

G1X48.1009Y-206.8601

G1X46.9961Y-207.3300

G1X46.5795Y-207.4009

G1X46.3415Y-207.3463

G1X46.1300Y-207.0864

G1X46.0043Y-206.6911

G1X45.9729Y-205.4080

G1X46.1403Y-204.3229

G1X46.4382Y-203.1694

G1X46.8872Y-201.8857

G1X47.4374Y-200.6233

G1X48.8000Y-198.1738

G1X50.7139Y-195.4903

G1X53.8541Y-191.6657

G1X61.5184Y-182.9009

G1X64.8382Y-178.9795

G1X92.5025Y-144.1389

G1X95.7447Y-140.2927

G1X98.4978Y-137.3941

G1X100.6189Y-135.4838

G1X102.7338Y-133.8657

G1X104.9618Y-132.4356

G1X107.4074Y-131.1225

G1X113.4061Y-128.3912

G1X114.9738Y-127.7593

G1X117.1872Y-127.0490

G1X122.8085Y-125.5151

G1X125.8166Y-124.4190

G1X127.4104Y-123.6633

G1X131.4060Y-121.5285

G1X135.7383Y-118.9810

G1X137.7762Y-117.6066

G1X139.6090Y-116.2251

G1X141.2260Y-114.8556

G1X142.7786Y-113.3662

G1X144.3539Y-111.6304

G1X146.4559Y-109.1053

G1X148.2972Y-106.7264

G1X149.9300Y-104.4490

G1X151.8790Y-101.4415

G1X153.5272Y-98.5144

G1X154.8382Y-95.7268

G1X155.8291Y-93.0287

G1X156.4386Y-90.6350

G1X156.7347Y-88.4064

G1X156.8065Y-85.7014

G1X156.6319Y-82.7602

G1X156.0699Y-78.6610

G1X155.1287Y-74.1596

G1X153.7612Y-69.1772

G1X152.8516Y-66.4083

G1X152.4504Y-65.4547

G1X151.9874Y-64.6566

G1X151.3634Y-63.8377

G1X150.6737Y-63.1320

G1X149.8377Y-62.4536

G1X148.0616Y-61.4128

G1X145.7304Y-60.5324

G1X146.1441Y-60.5970

G1X147.0062Y-60.9718

G1X153.8644Y-64.5158

G1X158.6003Y-66.7731

G1X161.6638Y-67.9823

G1X171.4795Y-71.5593

G1X174.6055Y-72.8215

G1X177.3927Y-74.0543

G1X180.2013Y-75.4278

G1X182.9054Y-76.9041

G1X185.3852Y-78.4199

G1X187.7264Y-80.0231

G1X191.6546Y-83.0515

G1X195.9841Y-86.5630

G1X199.8997Y-89.8986

G1X203.5701Y-93.1902

G1X206.9977Y-96.4394

G1X210.2082Y-99.6727

G1X213.0944Y-102.7778

G1X215.7768Y-105.8817

G1X218.1057Y-108.8026

G1X220.1490Y-111.6006

G1X221.9637Y-114.3448

G1X223.5437Y-117.0249

G1X224.9697Y-119.7886

G1X226.3190Y-122.7824

G1X227.5858Y-125.9956

G1X228.7656Y-129.4144

G1X229.9678Y-133.4262

G1X231.0486Y-137.6149

G1X232.0499Y-142.1484

G1X232.9354Y-146.8751

G1X233.7283Y-151.9290

G1X234.4081Y-157.2031

G1X235.0175Y-163.1645

G1X235.3528Y-167.7766

G1X235.3755Y-170.3266

G1X235.2625Y-172.9456

G1X235.0043Y-175.7343

G1X234.6131Y-178.5664

G1X233.5705Y-184.0046

G1X230.9628Y-195.2331

G1X230.4925Y-197.8745

G1X230.2361Y-200.1265

G1X230.0425Y-206.0543

G1X230.0804Y-208.3507

G1X230.2141Y-210.4270

G1X230.4426Y-212.2137

G1X230.7820Y-213.8365

G1X231.2441Y-215.3122

G1X231.8058Y-216.5898

G1X232.7705Y-218.1498

G1X233.7292Y-219.1857

G1X235.0717Y-220.1680

G1X236.7187Y-221.0016

G1X238.8306Y-221.7280

G1X241.1331Y-222.2331

G1X243.5838Y-222.5218

G1X246.0388Y-222.5687

G1X247.4633Y-222.3748

G1X248.9172Y-221.9363

G1X250.5661Y-221.2111

G1X252.3375Y-220.2148

G1X254.4273Y-218.7988

G1X256.5858Y-217.0896

G1X257.1025Y-216.4187

G1X257.3561Y-215.5952

G1X257.3514Y-215.0379

G1X257.1901Y-214.4669

G1X256.9092Y-214.0682

G1X256.6221Y-213.9177

G1X256.3799Y-213.9452

G1X256.0984Y-214.1548

G1X255.1087Y-215.3312

G1X253.2771Y-218.0226

G1X251.3726Y-221.1975

G1X246.5187Y-231.0616

G1X242.7046Y-237.8173

G1X241.2479Y-240.1832

G1X239.7544Y-242.1943

G1X238.2813Y-243.7287

G1X236.5598Y-245.0288

G1X234.5567Y-246.1644

G1X232.2226Y-247.1222

G1X229.6714Y-247.8458

G1X226.6434Y-248.4147

G1X223.2244Y-248.8095

G1X221.3494Y-248.8639

G1X219.1674Y-248.8114

G1X209.7759Y-248.1454

G1X205.6895Y-248.0189

G1X195.4516Y-248.4389

G1X192.4058Y-248.6629

G1X189.8933Y-248.9451

G1X186.3526Y-249.6075

G1X184.9167Y-250.0269

G1X183.7037Y-250.4996

G1X182.3562Y-251.2108

G1X181.1334Y-252.0020

G1X180.0897Y-252.8473

G1X179.2618Y-253.7086

G1X178.6532Y-254.5194

G1X178.1287Y-255.4114

G1X177.6790Y-256.3985

G1X177.2953Y-257.4942

G1X176.6474Y-260.3062

G1X176.2138Y-263.7420

G1X176.2236Y-265.6097

G1X176.4152Y-267.8150

G1X178.1919Y-279.1354

G1X178.5243Y-282.0690

G1X178.6960Y-284.8234

G1X178.6896Y-287.5932

G1X178.4734Y-290.2473

G1X178.0701Y-292.6233

G1X177.3015Y-295.9214

G1X175.7122Y-301.4066

G1X173.6743Y-307.2515

G1X171.3085Y-313.0864

G1X168.8043Y-318.4507

G1X166.3627Y-322.9740

G1X163.9285Y-326.7841

G1X162.8493Y-328.2275

G1X161.6905Y-329.5989

G1X160.4850Y-330.8643

G1X159.1588Y-332.1013

G1X157.5474Y-333.4274

G1X155.7223Y-334.7422

G1X153.7698Y-335.9768

G1X151.6141Y-337.1834

G1X148.3146Y-338.8128

G1X141.0397Y-342.1059

G1X137.5985Y-343.5059

G1X133.0923Y-344.9462

G1X128.1470Y-346.1243

G1X121.4144Y-347.2808

G1X115.7478Y-347.9638

G1X110.3608Y-348.2487

G1X107.8457Y-348.2413

G1X105.4073Y-348.1329

G1X103.2495Y-347.9395

G1X101.1697Y-347.6487

G1X99.0521Y-347.2339

G1X97.0114Y-346.7143

G1X94.9532Y-346.0597

G1X92.9832Y-345.2968

G1X91.1030Y-344.4291

G1X89.2315Y-343.4118

G1X87.5408Y-342.3411

G1X85.9855Y-341.1966

G1X84.6611Y-340.0283

G1X83.3664Y-338.6882

G1X82.0349Y-337.0983

G1X80.6648Y-335.2508

G1X76.7674Y-329.3260

G1X74.1436Y-324.9362

G1X71.9883Y-320.7577

G1X70.2018Y-316.6171

G1X68.4627Y-311.7096

G1X67.0137Y-306.7634

G1X65.7928Y-301.5768

G1X64.9027Y-296.8561

G1X64.3590Y-293.1104

G1X63.8866Y-288.6873

G1X62.9044Y-276.9900

G1X62.3301Y-271.3345

G1X60.3538Y-255.6359

G1X58.6701Y-244.1196

G1X57.7277Y-238.6246

G1X56.7051Y-233.4916

G1X52.0089Y-212.6466

G1X49.4589Y-200.0205

G1X48.5307Y-194.3820

G1X48.3489Y-192.4742

G1X48.3275Y-191.0428

G1X48.4453Y-190.1274

G1X48.7461Y-189.2582

G1X49.3308Y-188.4394

G1X50.0609Y-187.9363

G1X50.9411Y-187.7205

G1X51.8611Y-187.8656

G1X52.5292Y-188.3122

G1X52.9067Y-188.9683

G1X53.2316Y-190.4451

G1X53.4687Y-192.5788

G1X53.5816Y-195.1918

G1X53.5210Y-197.7350

G1X53.2922Y-199.8229

G1X52.8968Y-201.4059

G1X52.3373Y-202.4561

G1X51.3177Y-203.6190

G1X49.9395Y-204.7463

G1X48.3565Y-205.7250

G1X46.8104Y-206.4034

G1X46.1809Y-206.5663

G1X45.6956Y-206.5924

G1X45.4480Y-206.5136

G1X45.3090Y-206.3241

G1X45.2728Y-205.4191

G1X45.4801Y-204.3598

G1X45.8963Y-203.0241

G1X47.1997Y-200.0268

G1X48.9909Y-196.8708

G1X51.1401Y-193.7809

G1X54.5700Y-189.5504

G1X63.2013Y-179.6011

G1X66.9133Y-175.1646

G1X71.2829Y-169.5674

G1X81.2101Y-156.3050

G1X85.2355Y-151.0803

G1X94.1120Y-140.0302

G1X96.6532Y-137.1186

G1X98.9116Y-134.7861

G1X100.8576Y-133.0278

G1X102.6488Y-131.6555

G1X104.5453Y-130.4607

G1X106.6732Y-129.3847

G1X108.9597Y-128.4517

G1X116.1788Y-125.8399

G1X118.2065Y-125.2518

G1X123.3610Y-123.9586

G1X126.0586Y-123.0840

G1X128.7248Y-121.8925

G1X133.3391Y-119.2858

G1X135.9163Y-117.6926

G1X138.1704Y-116.1560

G1X140.2231Y-114.5925

G1X142.0502Y-113.0218

G1X143.6422Y-111.4669

G1X145.0704Y-109.8706

G1X146.6505Y-107.8401

G1X148.2705Y-105.5750

G1X150.3852Y-102.3245

G1X152.2355Y-99.1275

G1X153.8127Y-96.0079

G1X155.1154Y-92.9494

G1X156.0734Y-90.1066

G1X156.6873Y-87.5196

G1X156.9646Y-85.2726

G1X156.9505Y-82.8021

G1X156.7614Y-80.8741

G1X156.4227Y-78.8002

G1X155.9398Y-76.6060

G1X155.2941Y-74.2201

G1X153.5537Y-69.0499

G1X151.1733Y-63.2066

G1X150.7468Y-62.4623

G1X150.1554Y-61.7091

G1X149.5034Y-61.0969

G1X148.8186Y-60.6130

G1X147.9023Y-60.1460

G1X146.9423Y-59.8301

G1X146.0026Y-59.6858

G1X145.4437Y-59.7591

G1X145.5877Y-59.9200

G1X148.2763Y-60.9750

G1X152.4802Y-62.8236

G1X162.2330Y-67.3647

G1X174.1711Y-72.0534

G1X179.6533Y-74.4216

G1X182.8758Y-75.9984

G1X185.7950Y-77.5897

G1X188.4842Y-79.2280

G1X191.0221Y-80.9628

G1X193.5735Y-82.9377

G1X197.3723Y-86.2106

G1X201.1522Y-89.6648

G1X204.8153Y-93.2066

G1X208.1372Y-96.6008

G1X211.3514Y-100.0757

G1X214.3451Y-103.5139

G1X217.0893Y-106.8774

G1X219.5039Y-110.0511

G1X221.7075Y-113.1773

G1X223.6858Y-116.2388

G1X225.4286Y-119.2208

G1X226.8879Y-122.0257

G1X228.1010Y-124.7004

G1X229.2328Y-127.6089

G1X230.2957Y-130.8160

G1X231.3769Y-134.7237

G1X232.3270Y-138.9308

G1X233.1392Y-143.4062

G1X233.8246Y-148.2102

G1X234.3672Y-153.1773

G1X234.8058Y-158.6251

G1X235.1414Y-164.5748

G1X235.4181Y-171.7844

G1X235.3977Y-174.3106

G1X235.2508Y-176.7749

G1X234.9810Y-179.2895

G1X234.5753Y-181.9535

G1X233.4971Y-187.1314

G1X230.8387Y-197.6925

G1X230.3476Y-200.2423

G1X230.0847Y-202.4130

G1X230.0489Y-206.3984

G1X230.3656Y-210.0777

G1X230.6416Y-211.6382

G1X231.0238Y-213.1592

G1X231.4641Y-214.4605

G1X232.0206Y-215.7269

G1X233.0230Y-217.4154

G1X234.2795Y-218.9427

G1X235.3501Y-219.8723

G1X236.7676Y-220.6870

G1X238.6906Y-221.4069

G1X240.8939Y-221.9143

G1X243.3769Y-222.2155

G1X245.9712Y-222.2895

G1X247.9154Y-222.1864

G1X249.2296Y-221.9925

G1X250.5944Y-221.5485

G1X252.0305Y-220.8433

G1X253.8640Y-219.6483

G1X255.8679Y-218.0301

G1X257.9056Y-216.1530

G1X258.2150Y-215.7201

G1X258.3379Y-215.2993

G1X258.2752Y-214.8304

G1X258.0276Y-214.4727

G1X257.6544Y-214.2773

G1X257.2147Y-214.2956

G1X256.9437Y-214.4304

G1X256.6524Y-214.7083

G1X255.7032Y-216.1254

G1X254.0523Y-219.0956

G1X251.6605Y-223.7569

G1X248.3333Y-231.1887

G1X246.9621Y-234.0162

G1X243.4041Y-240.3370

G1X241.7719Y-242.9661

G1X240.3889Y-244.8137

G1X238.9876Y-246.2923

G1X237.5797Y-247.4015

G1X235.8427Y-248.4045

G1X233.4737Y-249.3578

G1X230.7952Y-250.0357

G1X227.5232Y-250.5142

G1X223.2776Y-250.8449

G1X221.3380Y-250.8527

G1X219.0776Y-250.7400

G1X209.3997Y-249.8071

G1X205.2259Y-249.5683

G1X195.6391Y-249.7971

G1X190.4968Y-250.1303

G1X186.7799Y-250.6806

G1X185.2488Y-251.0545

G1X183.9408Y-251.4902

G1X182.8505Y-251.9812

G1X181.9251Y-252.5474

G1X180.9933Y-253.2886

G1X180.2330Y-254.0781

G1X179.6243Y-254.9270

G1X179.1467Y-255.8465

G1X178.7561Y-256.9287

G1X178.4689Y-258.1198

G1X178.1143Y-260.7768

G1X177.6215Y-267.3056

G1X177.5986Y-269.1902

G1X177.7115Y-271.5006

G1X178.8900Y-283.0611

G1X179.1003Y-286.0855

G1X179.1847Y-288.8099

G1X179.1270Y-291.7510

G1X178.9002Y-294.4493

G1X178.4944Y-296.9961

G1X177.8996Y-299.4212

G1X176.3262Y-304.2454

G1X174.2318Y-309.4427

G1X171.6589Y-314.9209

G1X168.7521Y-320.3617

G1X165.6897Y-325.4325

G1X162.6074Y-329.8980

G1X161.1795Y-331.7343

G1X159.8490Y-333.2897

G1X158.5584Y-334.6185

G1X157.2362Y-335.8151

G1X155.5449Y-337.1419

G1X153.7308Y-338.3558

G1X151.7978Y-339.4578

G1X149.6627Y-340.4959

G1X145.8096Y-342.0452

G1X134.8152Y-345.9152

G1X130.0240Y-347.2137

G1X125.0002Y-348.2054

G1X119.3448Y-348.9610

G1X113.7603Y-349.3901

G1X108.6491Y-349.4279

G1X103.9572Y-349.1011

G1X101.7772Y-348.8028

G1X99.7827Y-348.4280

G1X97.8731Y-347.9598

G1X95.9663Y-347.3756

G1X94.0446Y-346.6577

G1X92.2086Y-345.8379

G1X90.4563Y-344.9197

G1X88.7857Y-343.9068

G1X87.1170Y-342.7452

G1X85.4605Y-341.4252

G1X84.1832Y-340.2472

G1X83.0011Y-338.9685

G1X80.9195Y-336.2428

G1X78.6611Y-332.6651

G1X74.3079Y-325.0749

G1X72.9002Y-322.3937

G1X71.6405Y-319.7784

G1X69.9445Y-315.7522

G1X68.4498Y-311.4468

G1X67.0469Y-306.6046

G1X65.8105Y-301.4106

G1X64.7823Y-296.1570

G1X63.9881Y-291.2060

G1X63.4167Y-286.3402

G1X62.2546Y-273.8528

G1X61.5979Y-267.9465

G1X60.0385Y-257.0112

G1X58.2693Y-245.9987

G1X56.8419Y-238.0103

G1X55.6363Y-231.9967

G1X54.3397Y-226.3176

G1X51.4240Y-214.2837

G1X50.3674Y-209.5310

G1X48.4570Y-199.6963

G1X47.5215Y-194.0014

G1X47.2751Y-191.8768

G1X47.1706Y-190.1586

G1X47.2122Y-188.8581

G1X47.3969Y-188.0373

G1X47.8290Y-187.3414

G1X48.5216Y-186.8893

G1X49.3516Y-186.7496

G1X50.3320Y-186.9128

G1X51.3473Y-187.4171

G1X52.1470Y-188.1920

G1X52.5370Y-188.9889

G1X52.7597Y-190.2598

G1X52.8746Y-192.8863

G1X52.7381Y-196.0975

G1X52.4006Y-198.8968

G1X51.8887Y-201.1327

G1X51.4490Y-202.1915

G1X50.7631Y-203.0973

G1X49.6319Y-204.0680

G1X48.3187Y-204.8653

G1X46.7735Y-205.5106

G1X45.3828Y-205.7766

G1X44.9146Y-205.7237

G1X44.6392Y-205.5784

G1X44.5015Y-205.3342

G1X44.5128Y-204.8937

G1X44.7565Y-203.9258

G1X45.2533Y-202.6405

G1X46.9511Y-199.2809

G1X49.3426Y-195.3725

G1X52.0441Y-191.5232

G1X55.3896Y-187.3253

G1X65.4467Y-175.4761

G1X69.9753Y-169.8839

G1X74.2939Y-164.0840

G1X83.7758Y-150.7625

G1X87.5695Y-145.7473

G1X94.2846Y-137.5736

G1X96.6726Y-134.9095

G1X98.8249Y-132.7221

G1X100.8440Y-130.9032

G1X102.8319Y-129.3677

G1X104.7080Y-128.2147

G1X106.6437Y-127.3075

G1X108.9262Y-126.5129

G1X114.1900Y-125.1008

G1X117.8435Y-123.9489

G1X125.4662Y-122.0245

G1X127.9941Y-121.1204

G1X130.2699Y-120.0290

G1X133.4632Y-118.1335

G1X136.2052Y-116.3816

G1X138.5867Y-114.7155

G1X140.7015Y-113.0757

G1X142.6738Y-111.3597

G1X144.4006Y-109.6531

G1X145.9446Y-107.8998

G1X147.3448Y-106.0385

G1X149.3618Y-102.8950

G1X151.2993Y-99.4311

G1X153.0188Y-95.9041

G1X154.4978Y-92.3592

G1X155.6470Y-89.0052

G1X156.4481Y-85.9248

G1X156.9112Y-83.0830

G1X157.0054Y-80.5984

G1X156.8258Y-78.6945

G1X156.4612Y-76.7508

G1X155.8778Y-74.5755

G1X155.1098Y-72.3110

G1X154.1886Y-70.0038

G1X153.1150Y-67.6173

G1X149.7329Y-60.9307

G1X148.9520Y-59.8298

G1X148.4027Y-59.3365

G1X147.8347Y-58.9765

G1X147.1617Y-58.7010

G1X146.5368Y-58.5741

G1X145.9228Y-58.5818

G1X145.4526Y-58.7500

G1X145.3251Y-58.9177

G1X145.3540Y-59.1169

G1X145.8755Y-59.5113

G1X152.7277Y-62.0767

G1X157.1540Y-63.8833

G1X160.6361Y-65.4410

G1X166.1213Y-68.0503

G1X177.8409Y-73.0276

G1X183.8840Y-75.8533

G1X187.9735Y-78.0360

G1X191.7177Y-80.3151

G1X195.1618Y-82.7340

G1X198.1886Y-85.2064

G1X200.9814Y-87.8087

G1X204.0043Y-90.8171

G1X207.0229Y-94.0035

G1X209.9938Y-97.3202

G1X212.8788Y-100.7236

G1X215.5796Y-104.0915

G1X218.2004Y-107.5536

G1X220.5907Y-110.9117

G1X222.7979Y-114.2236

G1X224.8076Y-117.4671

G1X226.6093Y-120.6231

G1X228.1956Y-123.6754

G1X229.5245Y-126.5246

G1X230.6479Y-129.2670

G1X231.6110Y-132.0599

G1X232.4353Y-134.9347

G1X233.1965Y-138.1838

G1X233.8501Y-141.7026

G1X234.3731Y-145.3716

G1X234.7812Y-149.2727

G1X235.0737Y-153.3760

G1X235.2625Y-157.8467

G1X235.3418Y-168.3236

G1X235.2394Y-177.8213

G1X235.0563Y-180.5023

G1X234.7321Y-183.2027

G1X234.2576Y-186.0212

G1X233.5936Y-189.1414

G1X230.7872Y-200.1756

G1X230.3661Y-202.3851

G1X230.1355Y-204.3238

G1X230.1230Y-206.8391

G1X230.4396Y-209.7287

G1X231.0026Y-212.1368

G1X231.8325Y-214.3168

G1X232.7790Y-216.0358

G1X233.9929Y-217.6543

G1X235.4864Y-219.1409

G1X237.0482Y-220.3087

G1X238.5013Y-220.9906

G1X240.2584Y-221.5030

G1X242.3804Y-221.8492

G1X244.6867Y-221.9965

G1X247.1593Y-221.9500

G1X249.5977Y-221.7123

G1X251.3666Y-221.3829

G1X252.6493Y-220.8931

G1X254.1609Y-219.9953

G1X255.7967Y-218.6753

G1X257.0442Y-217.4553

G1X259.0415Y-215.2983

G1X259.2575Y-214.9157

G1X259.1876Y-214.6332

G1X258.8992Y-214.4849

G1X258.4597Y-214.5048

G1X258.0444Y-214.6646

G1X257.2922Y-215.3082

G1X256.6790Y-216.2977

G1X255.4118Y-218.8984

G1X252.0906Y-226.3215

G1X249.2704Y-233.0386

G1X247.9824Y-235.8928

G1X246.6731Y-238.4229

G1X243.3166Y-244.1715

G1X241.7145Y-246.5323

G1X240.1864Y-248.3337

G1X238.6174Y-249.7190

G1X236.9700Y-250.7307

G1X235.8267Y-251.2487

G1X234.5511Y-251.6926

G1X233.2181Y-252.0354

G1X231.7276Y-252.3059

G1X228.4039Y-252.6274

G1X223.2069Y-252.7868

G1X221.2909Y-252.7473

G1X218.9500Y-252.5740

G1X209.0604Y-251.3872

G1X204.6923Y-251.0336

G1X201.9067Y-251.0004

G1X195.1201Y-251.1962

G1X191.6702Y-251.3859

G1X187.6652Y-251.8629

G1X186.0272Y-252.2009

G1X184.6068Y-252.6070

G1X183.4023Y-253.0756

G1X182.3400Y-253.6387

G1X181.4932Y-254.2581

G1X180.7359Y-255.0245

G1X180.1083Y-255.9244

G1X179.6352Y-256.9697

G1X179.3203Y-258.1867

G1X179.1552Y-259.6063

G1X179.1183Y-261.4598

G1X179.2559Y-267.7378

G1X179.0437Y-272.4108

G1X179.0208Y-274.6615

G1X179.4739Y-287.0924

G1X179.4631Y-292.9106

G1X179.2574Y-296.3576

G1X178.8775Y-299.5372

G1X178.3242Y-302.4244

G1X177.6101Y-305.0076

G1X176.7895Y-307.3073

G1X175.8238Y-309.6536

G1X174.6779Y-312.1421

G1X173.4040Y-314.6625

G1X170.3771Y-319.9912

G1X166.9131Y-325.3413

G1X163.0555Y-330.6189

G1X161.1059Y-333.0427

G1X159.2031Y-335.2464

G1X157.4888Y-337.0807

G1X156.0233Y-338.5028

G1X154.5144Y-339.7754

G1X152.9027Y-340.9423

G1X151.2791Y-341.9436

G1X149.5556Y-342.8433

G1X147.6429Y-343.6786

G1X145.6351Y-344.4085

G1X143.0814Y-345.1812

G1X137.1274Y-346.7299

G1X132.9335Y-347.9396

G1X129.2781Y-348.8278

G1X124.1461Y-349.7610

G1X118.8478Y-350.3740

G1X113.4265Y-350.6541

G1X108.4568Y-350.5711

G1X103.8706Y-350.1475

G1X99.7490Y-349.4058

G1X97.8584Y-348.9173

G1X96.1325Y-348.3677

G1X94.3796Y-347.6937

G1X92.7064Y-346.9307

G1X91.0218Y-346.0326

G1X89.4162Y-345.0428

G1X87.8057Y-343.9061

G1X86.2711Y-342.6767

G1X84.8066Y-341.3590

G1X83.4361Y-339.9772

G1X82.3164Y-338.6637

G1X81.1612Y-337.1044

G1X79.5123Y-334.5156

G1X77.6815Y-331.2249

G1X73.3930Y-323.0320

G1X71.0769Y-318.1421

G1X69.6724Y-314.7124

G1X68.4939Y-311.3521

G1X67.2957Y-307.3169

G1X66.2061Y-303.0001

G1X64.8192Y-296.3558

G1X63.4951Y-288.5934

G1X62.8061Y-283.1735

G1X60.9790Y-266.3351

G1X60.2960Y-261.5186

G1X59.1194Y-254.3556

G1X56.9994Y-242.7889

G1X54.5677Y-230.7725

G1X53.1218Y-224.5417

G1X49.7534Y-211.0743

G1X48.4864Y-205.2788

G1X47.2497Y-198.4090

G1X46.4777Y-193.2282

G1X46.1263Y-189.4310

G1X46.1081Y-188.0510

G1X46.1990Y-186.9670

G1X46.3738Y-186.3321

G1X46.7128Y-185.8771

G1X47.1854Y-185.6281

G1X47.7597Y-185.5645

G1X48.4994Y-185.6925

G1X49.3808Y-186.0557

G1X50.2490Y-186.6087

G1X50.9545Y-187.2244

G1X51.7322Y-188.2030

G1X52.1795Y-189.2846

G1X52.3351Y-190.8381

G1X52.2711Y-192.9903

G1X51.9616Y-195.7804

G1X51.4549Y-198.5565

G1X50.8377Y-200.8504

G1X50.1817Y-202.3806

G1X49.7796Y-202.9115

G1X49.2677Y-203.3950

G1X47.9057Y-204.2519

G1X46.3036Y-204.8260

G1X45.5504Y-204.9546

G1X44.8845Y-204.9649

G1X44.1666Y-204.7560

G1X43.9439Y-204.5454

G1X43.8321Y-204.2593

G1X43.9577Y-203.4797

G1X44.4935Y-202.1925

G1X45.5530Y-200.2279

G1X47.0761Y-197.7527

G1X51.3680Y-191.4964

G1X53.5529Y-188.5206

G1X55.8590Y-185.5620

G1X67.4827Y-171.3936

G1X72.3917Y-165.1330

G1X76.4523Y-159.4619

G1X85.0628Y-146.7706

G1X88.4990Y-142.0586

G1X90.8548Y-139.1452

G1X93.3973Y-136.1636

G1X95.5421Y-133.8014

G1X97.5573Y-131.7488

G1X100.0213Y-129.5045

G1X102.3543Y-127.6811

G1X104.4516Y-126.3153

G1X106.4594Y-125.3580

G1X109.0101Y-124.5638

G1X115.6065Y-123.3024

G1X119.3997Y-122.2550

G1X125.2824Y-120.8242

G1X128.3502Y-119.8258

G1X131.0736Y-118.5848

G1X132.8321Y-117.5469

G1X136.1598Y-115.3560

G1X138.5467Y-113.6479

G1X140.6282Y-112.0232

G1X142.5178Y-110.4023

G1X144.2650Y-108.7376

G1X145.7781Y-107.1210

G1X147.1873Y-105.4107

G1X148.9170Y-102.8921

G1X150.7665Y-99.5219

G1X152.5154Y-95.6940

G1X154.0422Y-91.6934

G1X155.2826Y-87.7041

G1X156.1647Y-83.9828

G1X156.6859Y-80.5520

G1X156.8178Y-77.5498

G1X156.5467Y-75.1988

G1X155.8528Y-72.6122

G1X154.7521Y-69.8497

G1X153.2036Y-66.8077

G1X151.5551Y-64.0297

G1X147.9267Y-58.3494

G1X147.3339Y-57.7921

G1X146.7393Y-57.4817

G1X146.1093Y-57.3849

G1X145.6227Y-57.5210

G1X145.3429Y-57.8906

G1X145.4278Y-58.3388

G1X145.8081Y-58.7715

G1X146.5244Y-59.2121

G1X148.3989Y-59.9441

G1X156.6383Y-62.7447

G1X162.0193Y-64.8943

G1X165.0812Y-66.2960

G1X170.9057Y-69.1795

G1X180.9079Y-73.8244

G1X185.9714Y-76.3454

G1X190.5246Y-78.8531

G1X194.6448Y-81.4128

G1X198.2747Y-83.9890

G1X201.5582Y-86.6798

G1X203.7828Y-88.7689

G1X206.3683Y-91.4764

G1X209.0557Y-94.5038

G1X211.8212Y-97.8362

G1X214.5098Y-101.2880

G1X217.0946Y-104.8131

G1X219.6115Y-108.4585

G1X221.9775Y-112.1032

G1X224.1750Y-115.7129

G1X226.1898Y-119.2576

G1X228.0570Y-122.8019

G1X229.7138Y-126.2310

G1X231.1536Y-129.5246

G1X232.4040Y-132.7520

G1X233.3240Y-135.5126

G1X234.1065Y-138.4223

G1X234.6543Y-140.9807

G1X235.0941Y-143.5756

G1X235.4470Y-146.3031

G1X235.7115Y-149.1557

G1X235.9818Y-155.2984

G1X235.9151Y-162.1912

G1X234.9098Y-181.8127

G1X234.5597Y-185.5683

G1X233.7215Y-190.5442

G1X231.0886Y-201.4909

G1X230.6696Y-203.6640

G1X230.4324Y-205.5613

G1X230.3838Y-207.5789

G1X230.6092Y-209.6055

G1X231.0678Y-211.5577

G1X231.7625Y-213.3992

G1X232.7493Y-215.1925

G1X233.9837Y-216.8129

G1X235.4415Y-218.2497

G1X237.1579Y-219.5474

G1X238.8676Y-220.5641

G1X240.2412Y-221.1121

G1X242.1011Y-221.5255

G1X244.2327Y-221.7208

G1X246.7700Y-221.6964

G1X249.5558Y-221.4270

G1X252.3701Y-220.9163

G1X253.4169Y-220.6497

G1X254.2080Y-220.3519

G1X255.5650Y-219.5499

G1X256.9383Y-218.3622

G1X258.1586Y-216.9940

G1X260.1028Y-214.4600

G1X259.9461Y-214.3949

G1X259.5599Y-214.5446

G1X258.6143Y-215.2560

G1X257.8875Y-216.1271

G1X257.2971Y-217.1848

G1X256.3586Y-219.3686

G1X253.7144Y-226.2327

G1X249.7948Y-235.9073

G1X248.3650Y-239.1107

G1X247.0255Y-241.6712

G1X243.9970Y-246.7064

G1X242.0540Y-249.4721

G1X241.0170Y-250.6746

G1X239.9709Y-251.6858

G1X238.9191Y-252.5074

G1X237.8684Y-253.1479

G1X236.0007Y-253.9348

G1X233.9258Y-254.4411

G1X231.5086Y-254.7090

G1X228.3693Y-254.7655

G1X222.3392Y-254.6033

G1X220.0282Y-254.4410

G1X216.8375Y-254.0571

G1X208.2883Y-252.8238

G1X203.9518Y-252.3960

G1X200.9348Y-252.3225

G1X194.2670Y-252.6070

G1X191.7160Y-252.7970

G1X189.4557Y-253.0623

G1X187.5126Y-253.4040

G1X185.8892Y-253.8110

G1X184.4035Y-254.3305

G1X183.1561Y-254.9368

G1X182.0786Y-255.6707

G1X181.2435Y-256.4866

G1X180.6372Y-257.3563

G1X180.1880Y-258.3656

G1X179.9174Y-259.4573

G1X179.7925Y-260.7156

G1X179.8753Y-263.1591

G1X180.5659Y-269.7369

G1X180.6794Y-272.8746

G1X180.3146Y-279.6933

G1X179.9638Y-290.9318

G1X179.6667Y-295.8423

G1X179.2286Y-300.1259

G1X178.6392Y-303.9134

G1X177.8721Y-307.3700

G1X176.9297Y-310.4656

G1X176.1873Y-312.3771

G1X175.2274Y-314.4896

G1X174.0825Y-316.7171

G1X172.8065Y-318.9587

G1X169.8076Y-323.6055

G1X166.2715Y-328.3832

G1X162.1300Y-333.3421

G1X157.8009Y-337.9484

G1X155.5422Y-340.1274

G1X153.4207Y-342.0177

G1X151.8825Y-343.2379

G1X150.3533Y-344.2847

G1X148.6430Y-345.2764

G1X146.8489Y-346.1357

G1X144.9719Y-346.8629

G1X143.0131Y-347.4668

G1X140.0503Y-348.1589

G1X134.0112Y-349.2515

G1X129.5628Y-350.2178

G1X126.4947Y-350.7852

G1X121.3268Y-351.4775

G1X116.2048Y-351.8356

G1X111.3585Y-351.8501

G1X106.6112Y-351.5281

G1X102.2544Y-350.8916

G1X98.3466Y-349.9642

G1X94.9243Y-348.7729

G1X93.3453Y-348.0620

G1X91.8182Y-347.2577

G1X90.2802Y-346.3202

G1X88.8167Y-345.2984

G1X87.3449Y-344.1330

G1X85.9400Y-342.8830

G1X84.3860Y-341.3363

G1X82.8366Y-339.6188

G1X81.7743Y-338.2863

G1X80.7815Y-336.8716

G1X79.2503Y-334.3585

G1X77.5504Y-331.1445

G1X72.7351Y-321.2492

G1X70.6767Y-316.7114

G1X69.3107Y-313.3086

G1X68.1527Y-309.9843

G1X67.0925Y-306.3944

G1X66.1080Y-302.5055

G1X64.6036Y-295.3422

G1X62.9360Y-285.8223

G1X62.1651Y-280.3382

G1X59.9956Y-262.7825

G1X59.2219Y-257.8042

G1X58.0015Y-251.0991

G1X55.9438Y-240.9805

G1X52.9186Y-227.1880

G1X51.6064Y-221.7487

G1X48.2267Y-208.5594

G1X46.8293Y-202.0960

G1X45.9649Y-196.7015

G1X45.3832Y-191.8445

G1X45.1590Y-188.0920

G1X45.1843Y-186.6894

G1X45.2974Y-185.6408

G1X45.4472Y-185.0434

G1X45.6486Y-184.6765

G1X45.9438Y-184.4596

G1X46.3894Y-184.3753

G1X46.9216Y-184.4546

G1X47.6056Y-184.7213

G1X48.9869Y-185.6321

G1X50.3005Y-186.9207

G1X51.2603Y-188.2996

G1X51.7315Y-189.4989

G1X51.8495Y-190.9314

G1X51.6307Y-193.3768

G1X51.0157Y-196.4914

G1X50.1340Y-199.5807

G1X49.1843Y-201.9417

G1X48.5663Y-202.8573

G1X47.6818Y-203.5292

G1X46.3883Y-204.0516

G1X45.0739Y-204.2261

G1X44.2225Y-204.1041

G1X43.6559Y-203.7985

G1X43.3444Y-203.2946

G1X43.3384Y-202.6816

G1X43.6438Y-201.8280

G1X44.2658Y-200.6324

G1X46.4693Y-197.2194

G1X49.5494Y-192.9418

G1X56.1014Y-184.1632

G1X69.2771Y-167.3911

G1X74.5503Y-160.4261

G1X78.3774Y-154.8981

G1X86.2264Y-142.8439

G1X89.1775Y-138.6458

G1X90.6462Y-136.7519

G1X92.3386Y-134.7528

G1X94.1556Y-132.7450

G1X95.9129Y-130.9479

G1X98.5822Y-128.5141

G1X101.2794Y-126.4294

G1X104.2195Y-124.5632

G1X105.4545Y-123.8986

G1X106.6148Y-123.3955

G1X108.1505Y-122.9067

G1X109.7750Y-122.5632

G1X115.5739Y-121.9132

G1X118.0825Y-121.4539

G1X127.0899Y-119.1056

G1X129.5625Y-118.2253

G1X131.8594Y-117.1615

G1X133.6821Y-116.0984

G1X135.9598Y-114.5257

G1X138.5933Y-112.5742

G1X140.9158Y-110.7034

G1X142.8416Y-109.0089

G1X144.6406Y-107.2696

G1X146.2841Y-105.5021

G1X147.6875Y-103.8043

G1X149.5900Y-101.0676

G1X151.0681Y-98.3198

G1X152.5903Y-94.6906

G1X153.9245Y-90.6776

G1X155.0700Y-86.2629

G1X155.8832Y-81.9656

G1X156.3423Y-77.8907

G1X156.4029Y-74.4111

G1X156.2111Y-72.4944

G1X155.7077Y-70.5181

G1X154.8438Y-68.3750

G1X153.6849Y-66.2159

G1X151.6498Y-63.1816

G1X147.7969Y-58.3200

G1X146.7928Y-56.8835

G1X146.1440Y-56.3575

G1X145.8311Y-56.2915

G1X145.5821Y-56.3619

G1X145.4011Y-56.5991

G1X145.3762Y-56.9007

G1X145.6997Y-57.6156

G1X146.4794Y-58.3581

G1X147.6213Y-59.0242

G1X150.1297Y-59.9835

G1X159.9123Y-63.1123

G1X162.9285Y-64.2309

G1X165.7539Y-65.3974

G1X169.8681Y-67.3421

G1X186.0205Y-75.7621

G1X191.6985Y-78.9681

G1X196.5467Y-82.0200

G1X200.8141Y-85.0649

G1X204.6148Y-88.1876

G1X206.8711Y-90.2982

G1X208.9240Y-92.4468

G1X211.2608Y-95.1789

G1X213.6651Y-98.2356

G1X216.0486Y-101.5056

G1X218.4493Y-105.0423

G1X220.7886Y-108.7334

G1X223.0990Y-112.6356

G1X225.2524Y-116.5315

G1X227.2837Y-120.4755

G1X229.1727Y-124.4326

G1X230.8602Y-128.2741

G1X232.3744Y-132.0619

G1X233.6963Y-135.7630

G1X234.8075Y-139.3450

G1X235.5594Y-142.3104

G1X236.2965Y-146.4996

G1X236.7342Y-150.9610

G1X236.8842Y-155.7661

G1X236.7466Y-161.0748

G1X236.2793Y-167.4100

G1X234.9022Y-180.2717

G1X234.4095Y-186.6092

G1X234.1330Y-189.1724

G1X233.3232Y-194.1270

G1X231.4089Y-203.1206

G1X230.9693Y-206.1250

G1X230.8832Y-208.0580

G1X231.0082Y-209.7378

G1X231.3736Y-211.4130

G1X231.9489Y-212.9769

G1X232.8669Y-214.6477

G1X233.9904Y-216.1080

G1X235.3490Y-217.4377

G1X236.9940Y-218.6753

G1X239.0515Y-219.8627

G1X241.3514Y-220.8727

G1X242.9109Y-221.2800

G1X244.8510Y-221.4784

G1X247.4655Y-221.4134

G1X250.3107Y-221.0486

G1X253.5023Y-220.3551

G1X256.0603Y-219.5444

G1X257.2733Y-218.8011

G1X258.3797Y-217.7550

G1X259.3354Y-216.5201

G1X260.6274Y-214.3710

G1X260.8596Y-214.1121

G1X259.9455Y-215.0648

G1X259.1458Y-216.0812

G1X258.4726Y-217.1383

G1X257.8953Y-218.2958

G1X257.0023Y-220.6262

G1X254.7369Y-227.3694

G1X253.5619Y-230.6056

G1X250.1867Y-239.1654

G1X249.1080Y-241.6030

G1X248.0380Y-243.7442

G1X244.9824Y-248.7585

G1X242.8447Y-251.7931

G1X241.8047Y-253.0090

G1X240.7598Y-254.0397

G1X239.7121Y-254.8859

G1X238.6672Y-255.5551

G1X237.0026Y-256.3005

G1X235.0786Y-256.7826

G1X232.9345Y-256.9930

G1X230.3420Y-256.9651

G1X219.5447Y-256.0606

G1X208.4895Y-254.3000

G1X204.8278Y-253.8121

G1X201.8343Y-253.5721

G1X199.2400Y-253.5622

G1X195.1832Y-253.8404

G1X192.3275Y-254.1224

G1X189.8808Y-254.4913

G1X187.8669Y-254.9409

G1X186.0035Y-255.5428

G1X184.4118Y-256.2835

G1X183.0982Y-257.1612

G1X182.0599Y-258.1680

G1X181.3851Y-259.1174

G1X180.9309Y-260.0944

G1X180.6334Y-261.2239

G1X180.4974Y-262.5216

G1X180.5136Y-263.9184

G1X180.6586Y-265.5042

G1X181.8143Y-273.4905

G1X182.0358Y-277.2375

G1X181.9212Y-280.2076

G1X180.7395Y-291.8362

G1X179.8244Y-299.2417

G1X178.7514Y-305.4977

G1X178.1341Y-308.3084

G1X177.4514Y-310.9488

G1X176.7364Y-313.3074

G1X175.9324Y-315.5710

G1X175.1113Y-317.5464

G1X174.2315Y-319.3629

G1X173.1693Y-321.2868

G1X171.9324Y-323.2903

G1X170.5202Y-325.3639

G1X169.0010Y-327.4113

G1X165.4965Y-331.6347

G1X161.3047Y-336.0627

G1X156.7509Y-340.3287

G1X154.2847Y-342.4417

G1X151.8653Y-344.3852

G1X149.5976Y-346.0817

G1X147.8587Y-347.2251

G1X146.0537Y-348.2198

G1X144.1842Y-349.0576

G1X142.2511Y-349.7381

G1X140.1596Y-350.2910

G1X137.0753Y-350.8396

G1X130.6413Y-351.5757

G1X124.2557Y-352.5061

G1X119.0263Y-352.9692

G1X114.0485Y-353.0943

G1X109.5075Y-352.8922

G1X104.9417Y-352.3404

G1X100.9129Y-351.5317

G1X97.2126Y-350.4438

G1X95.5095Y-349.8002

G1X93.8811Y-349.0788

G1X92.3472Y-348.2840

G1X90.9650Y-347.4510

G1X89.5722Y-346.4869

G1X88.2495Y-345.4455

G1X86.9165Y-344.2634

G1X85.5747Y-342.9328

G1X82.7917Y-339.7195

G1X81.5159Y-338.0488

G1X80.4568Y-336.4847

G1X78.8910Y-333.8100

G1X77.2194Y-330.5084

G1X72.0471Y-319.2200

G1X70.2972Y-315.2158

G1X68.9621Y-311.8438

G1X67.8174Y-308.5607

G1X66.8443Y-305.3094

G1X65.9101Y-301.6529

G1X64.3724Y-294.3382

G1X62.2634Y-282.4752

G1X61.4118Y-276.9728

G1X59.0208Y-260.0746

G1X58.1979Y-255.1246

G1X57.2300Y-250.0772

G1X55.1329Y-240.3875

G1X51.2323Y-223.7395

G1X46.8591Y-206.7315

G1X45.4420Y-200.3258

G1X44.7649Y-195.7635

G1X44.3532Y-191.2465

G1X44.2612Y-187.3714

G1X44.3382Y-185.8922

G1X44.4972Y-184.7022

G1X44.8490Y-183.6361

G1X45.0673Y-183.4008

G1X45.3524Y-183.3081

G1X45.7664Y-183.3492

G1X46.3255Y-183.5723

G1X47.6183Y-184.4855

G1X49.0529Y-185.9504

G1X50.3068Y-187.6897

G1X51.0645Y-189.2605

G1X51.2556Y-189.9563

G1X51.3285Y-190.6093

G1X51.1817Y-192.5718

G1X50.6453Y-194.9938

G1X49.6941Y-197.9498

G1X48.5765Y-200.6412

G1X47.8127Y-202.0761

G1X47.2178Y-202.8049

G1X46.3478Y-203.2988

G1X45.2310Y-203.5258

G1X44.3355Y-203.4487

G1X43.6537Y-203.1700

G1X43.1642Y-202.6840

G1X42.9572Y-202.0813

G1X42.9877Y-201.4279

G1X43.2460Y-200.6442

G1X43.7886Y-199.6094

G1X44.6389Y-198.2595

G1X47.3667Y-194.4939

G1X55.6014Y-183.8318

G1X73.6563Y-159.6442

G1X76.8454Y-155.2090

G1X78.9996Y-152.0449

G1X86.5391Y-140.1441

G1X89.1975Y-136.1589

G1X91.9155Y-132.5714

G1X94.8470Y-129.3949

G1X97.5956Y-126.9258

G1X100.4243Y-124.8677

G1X103.5459Y-123.0730

G1X107.0300Y-121.4961

G1X108.5892Y-121.0456

G1X110.3349Y-120.7541

G1X116.6162Y-120.4311

G1X119.3777Y-120.0387

G1X124.9085Y-118.6140

G1X127.5202Y-117.8557

G1X130.0674Y-116.9415

G1X132.3385Y-115.9080

G1X134.0370Y-114.9587

G1X135.6313Y-113.8995

G1X138.2935Y-111.8556

G1X140.7965Y-109.7775

G1X142.8937Y-107.8867

G1X144.8146Y-105.9971

G1X146.5230Y-104.1468

G1X148.0664Y-102.2854

G1X150.0541Y-99.4771

G1X151.6001Y-96.7070

G1X152.8259Y-93.7151

G1X153.9114Y-90.1152

G1X154.8717Y-85.6928

G1X155.5537Y-80.9348

G1X155.8923Y-76.2274

G1X155.8567Y-72.0687

G1X155.6168Y-69.6315

G1X155.2805Y-68.1225

G1X154.5999Y-66.3426

G1X153.6236Y-64.5556

G1X152.4642Y-62.8880

G1X150.9730Y-61.0958

G1X146.6481Y-56.7279

G1X145.6830Y-55.4993

G1X145.5043Y-55.3640

G1X145.3548Y-55.3615

G1X145.3114Y-55.6391

G1X145.5105Y-56.1165

G1X145.9128Y-56.6699

G1X146.4561Y-57.2172

G1X147.8338Y-58.2173

G1X149.4223Y-59.0382

G1X152.1324Y-60.0487

G1X160.6949Y-62.6641

G1X165.5385Y-64.3354

G1X170.3543Y-66.3239

G1X174.8570Y-68.5837

G1X187.7912Y-75.9920

G1X194.7569Y-80.2690

G1X198.1683Y-82.5492

G1X201.3580Y-84.8387

G1X204.2150Y-87.0558

G1X206.8908Y-89.3158

G1X209.3676Y-91.6126

G1X211.6323Y-93.9399

G1X213.6105Y-96.2113

G1X215.5845Y-98.7548

G1X217.7744Y-101.8623

G1X219.9637Y-105.2673

G1X222.0850Y-108.8595

G1X224.1747Y-112.6959

G1X226.2595Y-116.8433

G1X228.2227Y-121.0785

G1X230.0493Y-125.3572

G1X231.7604Y-129.7321

G1X233.2970Y-134.0588

G1X234.6429Y-138.2900

G1X235.7822Y-142.3783

G1X236.6987Y-146.2811

G1X237.2846Y-149.8218

G1X237.6243Y-153.6013

G1X237.7130Y-157.6000

G1X237.5585Y-161.7909

G1X237.2491Y-165.5067

G1X236.7803Y-169.4664

G1X234.6229Y-183.5477

G1X234.2449Y-186.5738

G1X233.8798Y-190.8261

G1X233.5387Y-193.7925

G1X232.0345Y-203.1972

G1X231.6991Y-205.7922

G1X231.5736Y-207.9320

G1X231.6536Y-209.7705

G1X231.9474Y-211.4259

G1X232.4749Y-212.9519

G1X233.3356Y-214.5025

G1X234.4283Y-215.8645

G1X235.7861Y-217.1140

G1X237.4704Y-218.2866

G1X239.5398Y-219.3783

G1X241.9097Y-220.3167

G1X244.1877Y-220.9842

G1X246.0590Y-221.2077

G1X248.6262Y-221.0963

G1X251.4729Y-220.6147

G1X254.7471Y-219.7360

G1X257.9769Y-218.5729

G1X259.0582Y-217.8680

G1X259.9861Y-216.8724

G1X260.7160Y-215.7072

G1X261.5301Y-213.8559

G1X261.5410Y-213.9239

G1X259.5946Y-217.2755

G1X258.4175Y-219.8244

G1X257.5933Y-222.2177

G1X255.3779Y-229.6028

G1X254.1837Y-233.2041

G1X251.1750Y-241.0304

G1X249.1235Y-245.6097

G1X247.3707Y-248.7103

G1X245.2432Y-251.9026

G1X243.7839Y-253.8930

G1X242.6826Y-255.1965

G1X241.6462Y-256.2444

G1X240.5347Y-257.1736

G1X239.4175Y-257.9147

G1X237.8495Y-258.6591

G1X236.1211Y-259.1308

G1X234.1582Y-259.3280

G1X231.8804Y-259.2619

G1X229.7458Y-259.0301

G1X223.7289Y-258.1307

G1X218.4500Y-257.4691

G1X208.5228Y-255.6809

G1X204.9121Y-255.1092

G1X201.3732Y-254.7276

G1X198.4204Y-254.6565

G1X195.9384Y-254.8725

G1X192.9954Y-255.2777

G1X190.8067Y-255.7127

G1X188.8411Y-256.2639

G1X187.1980Y-256.9028

G1X185.6985Y-257.7028

G1X184.4350Y-258.6285

G1X183.3993Y-259.6698

G1X182.5291Y-260.8939

G1X181.8529Y-262.3051

G1X181.5015Y-263.6959

G1X181.3681Y-265.2968

G1X181.4098Y-266.7782

G1X181.5747Y-268.4459

G1X182.7211Y-275.7498

G1X183.1181Y-279.3452

G1X183.2106Y-283.0222

G1X182.9346Y-286.3618

G1X181.1453Y-297.0145

G1X180.2276Y-301.6084

G1X179.2835Y-305.7857

G1X178.2639Y-309.7563

G1X177.1788Y-313.4539

G1X176.0401Y-316.8329

G1X174.8608Y-319.8658

G1X173.9045Y-322.0204

G1X172.9277Y-323.9700

G1X171.8995Y-325.7757

G1X170.7874Y-327.5039

G1X169.4507Y-329.3670

G1X167.9413Y-331.2685

G1X166.3338Y-333.1186

G1X164.5699Y-334.9899

G1X160.5336Y-338.8147

G1X155.9593Y-342.5995

G1X150.9407Y-346.2651

G1X145.7159Y-349.6329

G1X142.9642Y-351.0397

G1X140.1252Y-352.0897

G1X137.1020Y-352.8105

G1X133.7047Y-353.2426

G1X127.4338Y-353.6121

G1X121.0933Y-354.1563

G1X115.8505Y-354.3064

G1X112.6504Y-354.2232

G1X109.5551Y-353.9940

G1X106.7753Y-353.6395

G1X103.8808Y-353.1123

G1X99.8856Y-352.1067

G1X96.3114Y-350.8564

G1X93.0848Y-349.3385

G1X91.6190Y-348.4860

G1X90.2298Y-347.5526

G1X88.9813Y-346.5871

G1X87.7258Y-345.4845

G1X85.3317Y-342.9883

G1X82.8219Y-339.8136

G1X80.2183Y-335.9936

G1X78.5192Y-332.9934

G1X76.7750Y-329.4252

G1X69.9987Y-313.8410

G1X68.6152Y-310.3223

G1X67.4794Y-307.0844

G1X66.5192Y-303.9469

G1X65.6526Y-300.6342

G1X64.6346Y-296.0287

G1X63.5409Y-290.2719

G1X60.9703Y-275.7701

G1X57.9143Y-257.0926

G1X56.2034Y-248.1460

G1X53.5997Y-236.8604

G1X48.9746Y-218.2030

G1X45.4324Y-204.6607

G1X44.1075Y-198.7517

G1X43.5507Y-195.0867

G1X43.2684Y-191.1814

G1X43.2968Y-187.5509

G1X43.6285Y-184.5833

G1X44.0277Y-183.1572

G1X44.2728Y-182.7031

G1X44.5370Y-182.4512

G1X44.8295Y-182.4043

G1X45.2526Y-182.5321

G1X46.2362Y-183.2183

G1X46.9780Y-183.9397

G1X47.8212Y-184.9169

G1X49.3328Y-187.1123

G1X50.3460Y-189.1911

G1X50.6308Y-190.1170

G1X50.7473Y-190.8626

G1X50.6767Y-192.2082

G1X50.2795Y-193.9812

G1X49.5474Y-196.1106

G1X48.5868Y-198.3156

G1X47.4358Y-200.5171

G1X46.4219Y-202.0781

G1X45.8612Y-202.5948

G1X45.0065Y-202.8515

G1X44.1629Y-202.7686

G1X43.4730Y-202.4272

G1X43.0034Y-201.9050

G1X42.7462Y-201.1711

G1X42.7535Y-200.3509

G1X42.9720Y-199.5127

G1X43.4036Y-198.5748

G1X44.1660Y-197.3158

G1X47.0261Y-193.4180

G1X56.6399Y-181.3659

G1X62.3343Y-173.5835

G1X70.6437Y-161.8586

G1X79.2588Y-149.4708

G1X82.0767Y-145.1394

G1X87.6738Y-136.1302

G1X89.9020Y-132.7590

G1X92.3225Y-129.5141

G1X94.5573Y-127.0515

G1X95.8788Y-125.8183

G1X97.2654Y-124.6816

G1X98.7184Y-123.6511

G1X100.1568Y-122.7771

G1X101.6708Y-121.9921

G1X103.3510Y-121.2512

G1X107.7189Y-119.6872

G1X109.2823Y-119.3010

G1X110.9345Y-119.0943

G1X112.6831Y-119.0331

G1X117.6184Y-119.0733

G1X119.1445Y-118.9665

G1X120.5970Y-118.7463

G1X124.6374Y-117.6814

G1X127.6448Y-116.7769

G1X130.1499Y-115.8706

G1X132.3853Y-114.8830

G1X134.3314Y-113.8411

G1X136.1632Y-112.6652

G1X137.6054Y-111.5776

G1X139.9884Y-109.5540

G1X142.3941Y-107.3498

G1X144.5480Y-105.2041

G1X146.5189Y-103.0528

G1X148.3277Y-100.8604

G1X150.4524Y-97.8738

G1X152.0888Y-95.0291

G1X153.2728Y-92.3024

G1X154.1698Y-89.2643

G1X154.9063Y-85.3673

G1X155.3738Y-80.9016

G1X155.5341Y-76.0839

G1X155.3737Y-71.4416

G1X155.0724Y-68.4089

G1X154.6220Y-65.7795

G1X154.1157Y-64.2055

G1X153.3151Y-62.6432

G1X152.1594Y-61.0258

G1X150.7570Y-59.5032

G1X148.8660Y-57.8310

G1X145.6262Y-55.3431

G1X145.2244Y-54.9414

G1X145.0189Y-54.5494

G1X146.1687Y-55.7757

G1X147.7066Y-56.9713

G1X149.5227Y-58.0760

G1X151.6013Y-59.0887

G1X154.6711Y-60.2288

G1X163.8659Y-63.0586

G1X168.8299Y-64.7711

G1X173.8073Y-66.8222

G1X176.1689Y-67.9528

G1X178.3163Y-69.0887

G1X180.6655Y-70.4681

G1X187.8335Y-74.9827

G1X195.5723Y-80.0896

G1X201.8997Y-84.6687

G1X204.7255Y-86.8918

G1X207.4064Y-89.1373

G1X210.2318Y-91.6854

G1X212.8495Y-94.2611

G1X215.1739Y-96.7785

G1X217.2704Y-99.3018

G1X219.0651Y-101.7269

G1X220.9264Y-104.5516

G1X222.7639Y-107.6499

G1X224.5214Y-110.9182

G1X226.4145Y-114.7987

G1X228.2351Y-118.9180

G1X229.9688Y-123.2410

G1X231.6002Y-127.7261

G1X233.1128Y-132.3255

G1X234.5164Y-137.0826

G1X235.7567Y-141.8314

G1X236.7939Y-146.4069

G1X237.7335Y-151.4248

G1X238.1534Y-154.6677

G1X238.3566Y-158.4208

G1X238.2819Y-162.4716

G1X237.9455Y-166.5734

G1X237.3283Y-171.1140

G1X236.5118Y-175.7154

G1X234.4139Y-186.2471

G1X233.9688Y-188.9525

G1X233.6848Y-191.2658

G1X233.3067Y-195.7752

G1X232.5184Y-203.5138

G1X232.3241Y-206.9118

G1X232.3633Y-208.7750

G1X232.5353Y-210.3484

G1X232.8617Y-211.8221

G1X233.3366Y-213.1429

G1X234.1331Y-214.5678

G1X235.2198Y-215.8558

G1X236.6073Y-217.0307

G1X238.3622Y-218.1245

G1X240.3577Y-219.0530

G1X242.7077Y-219.8655

G1X245.4481Y-220.5374

G1X247.6721Y-220.8517

G1X248.8172Y-220.8414

G1X250.1054Y-220.7127

G1X252.8273Y-220.1401

G1X255.9313Y-219.1311

G1X259.6685Y-217.5825

G1X260.5133Y-217.0756

G1X261.2437Y-216.3298

G1X261.7925Y-215.4065

G1X262.1395Y-214.3834

G1X262.2131Y-213.7592

G1X261.9122Y-214.5890

G1X259.8964Y-219.1281

G1X258.8188Y-221.9905

G1X257.9979Y-224.6922

G1X255.7798Y-232.7645

G1X254.4921Y-236.7889

G1X252.0393Y-243.2069

G1X250.1850Y-247.4561

G1X249.1023Y-249.5755

G1X248.0421Y-251.3749

G1X244.9187Y-255.7291

G1X243.6869Y-257.2049

G1X242.5159Y-258.4088

G1X241.4102Y-259.3545

G1X240.2204Y-260.1690

G1X238.5688Y-260.9798

G1X236.8588Y-261.4764

G1X234.9731Y-261.6667

G1X232.8753Y-261.5664

G1X230.3539Y-261.1845

G1X223.2276Y-259.6829

G1X217.0020Y-258.6676

G1X205.3718Y-256.4061

G1X201.1086Y-255.8148

G1X197.7245Y-255.6367

G1X195.9014Y-255.7406

G1X193.9397Y-256.0690

G1X191.9811Y-256.5358

G1X190.1802Y-257.1373

G1X188.7058Y-257.8119

G1X187.4388Y-258.5824

G1X186.2913Y-259.5008

G1X185.3261Y-260.5107

G1X184.2091Y-262.1044

G1X183.2904Y-264.0098

G1X182.7052Y-265.8402

G1X182.4488Y-267.8471

G1X182.4454Y-269.5582

G1X182.5923Y-271.5705

G1X183.7496Y-280.1607

G1X184.1080Y-284.1445

G1X184.1714Y-286.1983

G1X184.1333Y-288.1684

G1X183.9929Y-290.0451

G1X183.7550Y-291.8202

G1X182.2983Y-298.4558

G1X180.3260Y-305.7593

G1X178.1138Y-312.6984

G1X175.7780Y-318.9497

G1X173.4748Y-324.1909

G1X171.1627Y-328.6093

G1X170.0206Y-330.4936

G1X168.8616Y-332.2082

G1X167.6356Y-333.8256

G1X166.2555Y-335.4632

G1X164.6446Y-337.1884

G1X162.9512Y-338.8346

G1X161.0279Y-340.5412

G1X159.0444Y-342.1557

G1X154.6351Y-345.3428

G1X149.6580Y-348.4543

G1X144.8416Y-351.1229

G1X141.0193Y-353.0121

G1X139.4119Y-353.6394

G1X137.8487Y-354.1407

G1X136.2244Y-354.5528

G1X134.5411Y-354.8710

G1X132.5122Y-355.1247

G1X130.3394Y-355.2699

G1X118.4744Y-355.5583

G1X113.5363Y-355.4246

G1X108.8862Y-354.9745

G1X104.6009Y-354.2050

G1X102.2752Y-353.6198

G1X100.0876Y-352.9627

G1X98.0646Y-352.2465

G1X96.2035Y-351.4789

G1X94.4120Y-350.6232

G1X92.6960Y-349.6749

G1X91.2208Y-348.7385

G1X89.8136Y-347.7184

G1X88.6200Y-346.7244

G1X87.4259Y-345.5891

G1X86.2336Y-344.3052

G1X85.0425Y-342.8667

G1X82.5286Y-339.3422

G1X80.1478Y-335.5520

G1X78.7933Y-333.1676

G1X77.1700Y-329.9385

G1X75.4240Y-326.0730

G1X70.2764Y-313.8280

G1X68.5767Y-309.5848

G1X66.8667Y-304.7531

G1X65.4685Y-299.9714

G1X64.6369Y-296.5015

G1X63.7889Y-292.3874

G1X61.3133Y-278.6063

G1X57.5149Y-258.2406

G1X55.0340Y-245.9306

G1X52.9424Y-237.1346

G1X44.3505Y-203.9311

G1X42.8896Y-197.6543

G1X42.3171Y-194.2788

G1X42.0806Y-191.4298

G1X42.1218Y-188.4239

G1X42.4639Y-185.5694

G1X42.9266Y-183.6757

G1X43.5288Y-182.3035

G1X43.8413Y-181.9118

G1X44.1620Y-181.7097

G1X44.4597Y-181.7137

G1X44.8326Y-181.8944

G1X45.5616Y-182.5166

G1X46.3907Y-183.4727

G1X47.3268Y-184.7803

G1X48.1719Y-186.1636

G1X48.8781Y-187.5110

G1X49.4649Y-188.8587

G1X49.8574Y-190.0384

G1X50.0735Y-191.1126

G1X50.0699Y-192.1915

G1X49.8006Y-193.4986

G1X49.2680Y-195.0195

G1X48.5012Y-196.6868

G1X47.3187Y-198.7973

G1X45.9926Y-200.7752

G1X45.0499Y-201.8919

G1X44.7718Y-202.0843

G1X44.4416Y-202.1734

G1X43.7716Y-202.0640

G1X43.1441Y-201.5958

G1X42.7662Y-200.9412

G1X42.5980Y-200.0384

G1X42.6642Y-199.1621

G1X42.9448Y-198.1318

G1X43.4781Y-196.9456

G1X44.1918Y-195.7499

G1X45.4676Y-193.9229

G1X47.2955Y-191.5474

G1X57.3608Y-179.1649

G1X61.3862Y-173.7631

G1X67.0913Y-165.4259

G1X81.3933Y-143.8055

G1X89.8133Y-130.5493

G1X92.4364Y-126.9423

G1X93.6237Y-125.5300

G1X94.7730Y-124.3189

G1X96.8633Y-122.5059

G1X99.0311Y-121.0854

G1X101.3561Y-119.9875

G1X104.0301Y-119.1142

G1X109.1011Y-117.9036

G1X110.8516Y-117.6407

G1X113.0778Y-117.5823

G1X118.6723Y-117.8204

G1X120.1924Y-117.7537

G1X121.6393Y-117.5680

G1X123.1182Y-117.2269

G1X127.1016Y-116.0107

G1X129.5417Y-115.1347

G1X131.7377Y-114.2096

G1X133.7506Y-113.2123

G1X135.6536Y-112.1038

G1X137.4334Y-110.8861

G1X139.0813Y-109.5659

G1X141.5767Y-107.2446

G1X144.0112Y-104.7736

G1X146.1995Y-102.3471

G1X148.1942Y-99.9106

G1X150.4159Y-96.8248

G1X152.1920Y-93.8842

G1X153.5489Y-91.0624

G1X154.4975Y-88.3233

G1X155.1102Y-85.3564

G1X155.4602Y-81.8999

G1X155.5390Y-78.0480

G1X155.3440Y-73.8369

G1X154.9088Y-69.6981

G1X154.2570Y-65.7066

G1X153.4642Y-62.3375

G1X152.7678Y-60.6742

G1X152.2745Y-59.8701

G1X151.6314Y-59.0260

G1X150.8310Y-58.1682

G1X149.9769Y-57.4032

G1X147.9367Y-55.9535

G1X144.8403Y-54.2198

G1X144.6256Y-54.0301

G1X144.6483Y-53.9080

G1X145.0726Y-54.0635

G1X147.6675Y-55.7711

G1X149.9194Y-57.0935

G1X152.2192Y-58.2830

G1X154.4531Y-59.3077

G1X157.7010Y-60.5212

G1X167.0710Y-63.5217

G1X171.9558Y-65.2420

G1X176.9050Y-67.2825

G1X181.2596Y-69.4363

G1X183.4147Y-70.6644

G1X185.5396Y-72.0047

G1X193.2467Y-77.3844

G1X199.6748Y-82.1794

G1X205.4001Y-86.8160

G1X208.4961Y-89.5213

G1X211.4346Y-92.2577

G1X214.1160Y-94.9366

G1X216.5993Y-97.6170

G1X218.8694Y-100.2884

G1X220.8559Y-102.8598

G1X222.6218Y-105.4005

G1X224.2394Y-108.0259

G1X225.8608Y-111.0001

G1X227.4227Y-114.2260

G1X228.9178Y-117.6895

G1X230.3748Y-121.4706

G1X231.7447Y-125.4524

G1X233.0204Y-129.6042

G1X234.1949Y-133.8898

G1X235.2847Y-138.3687

G1X236.7473Y-145.4487

G1X237.9210Y-152.6200

G1X238.6289Y-158.4707

G1X238.7619Y-160.7517

G1X238.7838Y-163.0118

G1X238.6996Y-165.3598

G1X238.5081Y-167.7885

G1X237.7956Y-172.9606

G1X236.7643Y-178.1302

G1X234.1457Y-189.3833

G1X233.6216Y-192.2164

G1X233.3233Y-194.5663

G1X232.9177Y-201.9824

G1X232.9224Y-206.5618

G1X233.0721Y-208.4049

G1X233.3401Y-210.0921

G1X233.7207Y-211.5680

G1X234.2396Y-212.9368

G1X235.1260Y-214.5518

G1X236.1525Y-215.7828

G1X237.5158Y-216.8940

G1X239.2871Y-217.9144

G1X241.4455Y-218.7999

G1X243.9169Y-219.5138

G1X246.7562Y-220.0598

G1X249.6073Y-220.3696

G1X251.1967Y-220.3146

G1X252.9340Y-220.0054

G1X254.8792Y-219.4298

G1X257.0455Y-218.5760

G1X261.9263Y-216.1816

G1X262.3066Y-215.8695

G1X262.6803Y-215.4165

G1X263.0491Y-214.5262

G1X263.0773Y-214.0212

G1X262.9457Y-213.7966

G1X262.7732Y-214.0626

G1X260.7255Y-219.9267

G1X259.2947Y-224.2883

G1X256.4881Y-234.9754

G1X255.2634Y-239.1042

G1X253.2238Y-244.5892

G1X251.3091Y-249.1181

G1X250.2428Y-251.3096

G1X249.2033Y-253.1948

G1X248.2013Y-254.7752

G1X247.0744Y-256.2970

G1X245.3109Y-258.4904

G1X243.8844Y-260.0507

G1X242.5077Y-261.3030

G1X241.0940Y-262.3122

G1X239.3604Y-263.1890

G1X237.5176Y-263.7425

G1X235.7292Y-263.9507

G1X233.6275Y-263.8320

G1X230.5392Y-263.2328

G1X223.7242Y-261.3716

G1X220.3800Y-260.6013

G1X216.2385Y-259.8702

G1X204.5106Y-257.5461

G1X200.8082Y-257.0161

G1X197.7851Y-256.7915

G1X196.1058Y-256.8036

G1X194.5923Y-256.9515

G1X193.1711Y-257.2695

G1X191.7120Y-257.7457

G1X190.4137Y-258.3276

G1X189.2626Y-259.0251

G1X188.2451Y-259.8480

G1X187.3476Y-260.8063

G1X186.7070Y-261.6770

G1X186.1277Y-262.6458

G1X185.0871Y-265.0011

G1X184.5499Y-266.6482

G1X184.0302Y-268.6119

G1X183.6790Y-270.8634

G1X183.6124Y-272.8029

G1X183.7008Y-275.1625

G1X184.5791Y-284.4130

G1X184.8273Y-288.5394

G1X184.8013Y-292.4346

G1X184.4589Y-296.0312

G1X183.9454Y-298.7267

G1X182.9930Y-302.1811

G1X181.6515Y-306.3509

G1X180.0534Y-310.7590

G1X177.2102Y-317.6758

G1X174.0787Y-324.3102

G1X172.4627Y-327.3920

G1X170.8525Y-330.2422

G1X169.2637Y-332.8381

G1X167.7094Y-335.1633

G1X166.3048Y-337.0732

G1X164.9599Y-338.7171

G1X163.4617Y-340.3427

G1X161.8895Y-341.8645

G1X160.1714Y-343.3561

G1X158.3115Y-344.8082

G1X156.3174Y-346.2127

G1X154.2007Y-347.5626

G1X149.7571Y-350.0333

G1X144.5717Y-352.4821

G1X138.5580Y-355.0050

G1X136.5853Y-355.6687

G1X134.6809Y-356.1698

G1X131.4381Y-356.7245

G1X127.8641Y-356.9645

G1X118.1128Y-356.8316

G1X114.3539Y-356.6480

G1X111.7974Y-356.4069

G1X109.2988Y-356.0697

G1X106.9655Y-355.6530

G1X104.7068Y-355.1427

G1X102.5334Y-354.5364

G1X100.2939Y-353.7879

G1X98.2000Y-352.9738

G1X96.2699Y-352.1070

G1X94.4115Y-351.1464

G1X92.7125Y-350.1388

G1X91.0869Y-349.0357

G1X89.5384Y-347.8318

G1X88.2318Y-346.6715

G1X86.9679Y-345.3699

G1X85.7868Y-343.9728

G1X84.5605Y-342.3295

G1X82.3336Y-338.8727

G1X79.2590Y-333.4757

G1X77.5473Y-330.1714

G1X75.7503Y-326.3195

G1X73.3002Y-320.5717

G1X68.4069Y-308.4912

G1X66.6299Y-303.5831

G1X65.1671Y-298.8354

G1X64.3177Y-295.5599

G1X63.4905Y-291.8146

G1X59.9037Y-272.4478

G1X56.4392Y-255.7148

G1X54.0460Y-244.8240

G1X52.0620Y-236.6330

G1X47.0272Y-217.7757

G1X42.9980Y-202.0791

G1X41.8239Y-197.1146

G1X41.1788Y-193.7420

G1X40.8542Y-191.1227

G1X40.8094Y-188.9053

G1X41.0257Y-186.7111

G1X41.5899Y-184.3610

G1X41.9595Y-183.3871

G1X42.4094Y-182.4964

G1X42.8850Y-181.8161

G1X43.3662Y-181.3678

G1X43.8326Y-181.1735

G1X44.2557Y-181.2549

G1X44.8347Y-181.7332

G1X45.5686Y-182.6431

G1X46.3631Y-183.8707

G1X47.1634Y-185.3214

G1X47.9146Y-186.9010

G1X48.5200Y-188.4007

G1X48.9611Y-189.7462

G1X49.2536Y-190.9933

G1X49.3627Y-192.1644

G1X49.2422Y-193.1335

G1X48.8470Y-194.3919

G1X48.1829Y-195.8094

G1X47.1505Y-197.5263

G1X45.8204Y-199.3481

G1X44.4678Y-200.8781

G1X43.9877Y-201.3053

G1X43.6865Y-201.4585

G1X43.4054Y-201.4233

G1X43.1500Y-201.2652

G1X42.7314Y-200.6542

G1X42.5143Y-199.7217

G1X42.5412Y-198.6723

G1X42.7850Y-197.5150

G1X43.2162Y-196.3160

G1X43.7868Y-195.1346

G1X44.6177Y-193.7412

G1X45.8273Y-191.9983

G1X47.4289Y-189.8889

G1X57.8078Y-177.1302

G1X60.4529Y-173.7193

G1X62.6811Y-170.6738

G1X67.4106Y-163.5640

G1X79.2775Y-144.3795

G1X89.1879Y-129.1022

G1X91.1915Y-126.2339

G1X92.9617Y-123.9600

G1X94.6431Y-122.0942

G1X96.2696Y-120.5988

G1X97.8705Y-119.4433

G1X99.5592Y-118.5335

G1X101.3379Y-117.8581

G1X103.3972Y-117.3505

G1X105.3676Y-117.0446

G1X111.8691Y-116.2726

G1X114.0108Y-116.2921

G1X119.2234Y-116.6524

G1X121.9728Y-116.5467

G1X123.2279Y-116.3472

G1X124.5078Y-116.0233

G1X127.2022Y-115.1319

G1X129.5612Y-114.2402

G1X132.2446Y-113.0549

G1X134.6699Y-111.7813

G1X136.8862Y-110.4012

G1X138.9556Y-108.8728

G1X140.7768Y-107.2789

G1X142.8077Y-105.1989

G1X145.0904Y-102.6390

G1X147.2767Y-99.9531

G1X149.6380Y-96.7159

G1X151.6281Y-93.5820

G1X153.2480Y-90.5523

G1X154.4651Y-87.6883

G1X155.2508Y-85.1242

G1X155.6730Y-82.7548

G1X155.8593Y-79.8728

G1X155.7802Y-76.7238

G1X155.3113Y-72.2845

G1X154.4385Y-67.4476

G1X153.1465Y-62.2742

G1X152.3450Y-59.6879

G1X151.8771Y-58.5109

G1X151.3488Y-57.6092

G1X150.7278Y-56.8166

G1X149.9341Y-56.0356

G1X149.0837Y-55.3782

G1X148.1020Y-54.7735

G1X146.9352Y-54.2083

G1X144.3598Y-53.3480

G1X144.7949Y-53.4208

G1X145.6434Y-53.7765

G1X152.9045Y-57.3787

G1X158.1437Y-59.7798

G1X161.4263Y-61.0253

G1X170.1075Y-63.9927

G1X174.4865Y-65.5919

G1X178.8914Y-67.3953

G1X182.9202Y-69.2926

G1X186.7991Y-71.4243

G1X190.3730Y-73.7431

G1X195.5577Y-77.6772

G1X200.8308Y-81.9603

G1X204.3411Y-84.9820

G1X207.7098Y-88.0336

G1X210.8920Y-91.0783

G1X213.8546Y-94.0843

G1X216.5753Y-97.0247

G1X219.1073Y-99.9569

G1X221.4335Y-102.8660

G1X223.5408Y-105.7387

G1X225.3140Y-108.3964

G1X226.8748Y-110.9934

G1X228.2344Y-113.5443

G1X229.4867Y-116.2129

G1X230.7136Y-119.1814

G1X231.8665Y-122.3546

G1X232.9408Y-125.7205

G1X233.9327Y-129.2633

G1X234.8863Y-133.1697

G1X235.7606Y-137.3145

G1X236.5289Y-141.5585

G1X237.2217Y-146.0618

G1X237.8370Y-150.8559

G1X238.3661Y-155.9287

G1X238.8499Y-161.9604

G1X238.9899Y-165.0784

G1X238.9533Y-167.5250

G1X238.7779Y-170.1544

G1X238.4659Y-172.8397

G1X238.0262Y-175.5701

G1X236.8775Y-180.9155

G1X233.9970Y-192.1618

G1X233.4568Y-194.8908

G1X233.1657Y-197.1479

G1X233.0580Y-201.9561

G1X233.1440Y-204.1475

G1X233.3244Y-206.1413

G1X233.5852Y-207.8578

G1X233.9375Y-209.4267

G1X234.3846Y-210.8621

G1X234.9652Y-212.2520

G1X235.9181Y-213.9255

G1X237.1439Y-215.4960

G1X238.3094Y-216.5276

G1X239.7143Y-217.3855

G1X241.5992Y-218.1920

G1X243.8613Y-218.8529

G1X246.4191Y-219.3396

G1X249.3217Y-219.6516

G1X251.4770Y-219.7452

G1X253.0112Y-219.7113

G1X254.4623Y-219.4640

G1X256.0063Y-218.9943

G1X258.6163Y-217.8296

G1X263.3573Y-215.1762

G1X263.8774Y-214.7053

G1X264.0648Y-214.2593

G1X264.0058Y-213.9498

G1X263.7869Y-213.8885

G1X263.5546Y-214.0932

G1X263.3196Y-214.5854

G1X259.6456Y-227.3590

G1X257.2827Y-236.8521

G1X256.1655Y-240.9115

G1X254.9686Y-244.4963

G1X252.5979Y-250.3616

G1X251.5105Y-252.7139

G1X250.4009Y-254.8532

G1X249.2702Y-256.7541

G1X248.1747Y-258.3297

G1X246.5018Y-260.3265

G1X244.8385Y-262.0948

G1X243.3876Y-263.3936

G1X241.9886Y-264.3906

G1X240.1962Y-265.3069

G1X238.2799Y-265.8913

G1X236.1830Y-266.1471

G1X234.1664Y-266.0162

G1X232.6191Y-265.7246

G1X230.8137Y-265.2506

G1X222.9402Y-262.6684

G1X219.1576Y-261.6500

G1X205.2949Y-259.0119

G1X201.6851Y-258.4831

G1X198.6872Y-258.2102

G1X196.9582Y-258.1619

G1X195.3608Y-258.2256

G1X193.9963Y-258.4030

G1X192.8594Y-258.6862

G1X191.5833Y-259.2003

G1X190.4935Y-259.8169

G1X189.5682Y-260.5395

G1X188.7869Y-261.3727

G1X188.2164Y-262.1782

G1X187.6861Y-263.1495

G1X186.8352Y-265.4141

G1X186.0818Y-268.4762

G1X185.0592Y-273.8592

G1X184.8793Y-275.8227

G1X184.8224Y-278.2152

G1X185.2947Y-291.0059

G1X185.2802Y-294.3702

G1X185.1289Y-297.3246

G1X184.7749Y-300.4939

G1X184.2000Y-303.5220

G1X183.5250Y-305.9667

G1X182.3344Y-309.3161

G1X181.1384Y-312.2664

G1X179.7367Y-315.4140

G1X178.1856Y-318.6309

G1X176.5082Y-321.8769

G1X172.8099Y-328.3865

G1X170.8320Y-331.5626

G1X168.8764Y-334.5114

G1X167.0258Y-337.1272

G1X165.2419Y-339.4812

G1X163.4845Y-341.6272

G1X161.8570Y-343.4428

G1X160.2949Y-344.9916

G1X158.6806Y-346.4062

G1X156.9343Y-347.7603

G1X155.1497Y-348.9862

G1X153.2457Y-350.1469

G1X151.1384Y-351.2836

G1X148.9310Y-352.3365

G1X146.4587Y-353.3806

G1X140.6151Y-355.4641

G1X135.6726Y-357.0594

G1X133.3403Y-357.6749

G1X129.8642Y-358.2593

G1X126.2823Y-358.4799

G1X122.6673Y-358.3982

G1X115.6422Y-357.9162

G1X113.0406Y-357.6509

G1X110.5918Y-357.3033

G1X108.1996Y-356.8623

G1X105.8729Y-356.3253

G1X103.7127Y-355.7185

G1X101.6284Y-355.0192

G1X99.6311Y-354.2295

G1X97.5896Y-353.3052

G1X95.6225Y-352.2868

G1X93.8166Y-351.2201

G1X92.0836Y-350.0545

G1X90.5031Y-348.8466

G1X88.9193Y-347.4693

G1X87.4965Y-346.0594

G1X86.3196Y-344.7130

G1X85.1650Y-343.1928

G1X83.3553Y-340.4029

G1X81.3321Y-336.7736

G1X77.6610Y-329.6570

G1X75.0070Y-323.9807

G1X72.2524Y-317.4938

G1X68.0070Y-306.8358

G1X66.1550Y-301.7366

G1X64.6578Y-296.9939

G1X63.7045Y-293.4871

G1X62.8301Y-289.7060

G1X58.9138Y-269.1775

G1X57.0227Y-260.6115

G1X54.7033Y-250.6319

G1X51.2145Y-236.4124

G1X45.4395Y-215.1680

G1X40.8844Y-196.9485

G1X40.1429Y-193.3882

G1X39.7033Y-190.5781

G1X39.5359Y-188.3414

G1X39.6419Y-186.5419

G1X39.8785Y-185.3231

G1X40.2246Y-184.2274

G1X40.7101Y-183.1664

G1X41.2718Y-182.2832

G1X41.9405Y-181.5333

G1X42.6225Y-181.0329

G1X43.3330Y-180.7930

G1X43.9091Y-180.8731

G1X44.3718Y-181.2318

G1X44.8896Y-181.8990

G1X45.4987Y-182.9123

G1X46.1753Y-184.2628

G1X47.3977Y-187.3073

G1X48.2270Y-190.1842

G1X48.4887Y-191.7223

G1X48.5185Y-192.9376

G1X48.2947Y-193.9713

G1X47.7862Y-195.1590

G1X46.7811Y-196.7738

G1X45.4259Y-198.4474

G1X43.8973Y-199.9562

G1X43.2398Y-200.4689

G1X42.8075Y-200.6914

G1X42.6363Y-200.6372

G1X42.4754Y-200.3992

G1X42.2937Y-199.5277

G1X42.3399Y-198.4551

G1X42.6066Y-197.1491

G1X43.0495Y-195.8105

G1X43.6597Y-194.4074

G1X44.4029Y-192.9929

G1X45.3402Y-191.4527

G1X46.6349Y-189.5771

G1X48.3831Y-187.2472

G1X59.2671Y-173.6376

G1X62.0520Y-169.9958

G1X64.4052Y-166.7410

G1X66.8066Y-163.1430

G1X69.4551Y-158.8623

G1X79.3594Y-141.6797

G1X83.1159Y-135.5798

G1X88.2188Y-127.9537

G1X91.1060Y-123.9457

G1X92.5170Y-122.1844

G1X93.8117Y-120.7208

G1X95.0615Y-119.4643

G1X96.3370Y-118.3502

G1X97.8797Y-117.2412

G1X99.5153Y-116.3934

G1X101.2520Y-115.8120

G1X103.0914Y-115.4727

G1X104.9380Y-115.3316

G1X109.6408Y-115.2859

G1X113.2694Y-115.0927

G1X115.1082Y-115.1707

G1X119.3925Y-115.5316

G1X121.5832Y-115.5704

G1X123.9343Y-115.3337

G1X126.1527Y-114.7537

G1X129.3373Y-113.5327

G1X132.2742Y-112.1909

G1X134.9997Y-110.7147

G1X137.5259Y-109.0942

G1X139.7230Y-107.4282

G1X141.7349Y-105.6230

G1X143.4156Y-103.8351

G1X145.6142Y-101.1647

G1X148.0498Y-97.8616

G1X150.2985Y-94.4248

G1X152.2055Y-91.0919

G1X153.7670Y-87.8814

G1X154.9485Y-84.8694

G1X155.7397Y-82.1080

G1X156.1388Y-79.6982

G1X156.2219Y-77.1404

G1X156.0986Y-75.1059

G1X155.8044Y-72.8039

G1X155.3499Y-70.3727

G1X154.7515Y-67.8564

G1X153.9721Y-65.1055

G1X153.0407Y-62.2402

G1X151.9380Y-59.2059

G1X150.7790Y-56.3115

G1X150.2846Y-55.4492

G1X149.7002Y-54.7240

G1X148.9380Y-54.0371

G1X148.1263Y-53.5059

G1X147.1886Y-53.0681

G1X146.0871Y-52.7385

G1X145.0201Y-52.5982

G1X144.3764Y-52.6809

G1X144.3720Y-52.7665

G1X144.5190Y-52.8498

G1X147.7139Y-54.0283

G1X152.4702Y-56.0025

G1X162.7258Y-60.5690

G1X176.4670Y-65.8043

G1X180.1586Y-67.3329

G1X183.4982Y-68.8432

G1X187.7060Y-70.9810

G1X191.5379Y-73.2337

G1X194.9534Y-75.5753

G1X198.1913Y-78.1702

G1X201.5621Y-81.0970

G1X204.9665Y-84.2231

G1X208.2758Y-87.4315

G1X211.5128Y-90.7457

G1X214.5661Y-94.0518

G1X217.4063Y-97.3107

G1X220.0789Y-100.5722

G1X222.5622Y-103.8133

G1X224.7810Y-106.9294

G1X226.7885Y-109.9863

G1X228.5761Y-112.9699

G1X230.1386Y-115.8680

G1X231.4142Y-118.5392

G1X232.5519Y-121.2984

G1X233.5968Y-124.2576

G1X234.5172Y-127.3089

G1X235.5113Y-131.2512

G1X236.3766Y-135.4838

G1X237.1073Y-139.9758

G1X237.7135Y-144.7883

G1X238.1820Y-149.7565

G1X238.5473Y-155.1994

G1X238.8110Y-161.1402

G1X239.0149Y-168.5112

G1X238.9657Y-171.0548

G1X238.7866Y-173.5347

G1X238.4799Y-176.0638

G1X238.0318Y-178.7415

G1X236.8902Y-183.8391

G1X234.0738Y-194.3623

G1X233.5580Y-196.8467

G1X233.2613Y-199.0350

G1X233.1849Y-200.4476

G1X233.2201Y-202.1852

G1X233.5566Y-205.5330

G1X233.8357Y-206.9676

G1X234.2160Y-208.3942

G1X234.6749Y-209.7064

G1X235.2079Y-210.9127

G1X236.1849Y-212.6148

G1X237.3176Y-214.1095

G1X238.7724Y-215.5983

G1X240.2009Y-216.7209

G1X241.6351Y-217.4655

G1X243.4582Y-218.1011

G1X245.5464Y-218.5727

G1X247.8293Y-218.8812

G1X250.3142Y-219.0394

G1X253.0317Y-219.0437

G1X255.3725Y-218.9100

G1X256.7610Y-218.6245

G1X258.2070Y-218.0975

G1X259.7729Y-217.3030

G1X263.7316Y-214.6787

G1X264.8444Y-214.1068

G1X265.0575Y-213.8698

G1X264.9852Y-213.8131

G1X264.7910Y-213.8826

G1X264.4413Y-214.2064

G1X264.1277Y-214.7025

G1X263.8300Y-215.4514

G1X257.1941Y-242.0994

G1X255.7788Y-246.7322

G1X254.0976Y-251.0350

G1X252.8480Y-253.8837

G1X251.6062Y-256.4105

G1X250.3795Y-258.5896

G1X249.1782Y-260.4164

G1X247.9003Y-262.0351

G1X246.2887Y-263.7039

G1X244.6827Y-265.1550

G1X243.1581Y-266.2745

G1X242.1895Y-266.8409

G1X241.1658Y-267.3198

G1X240.1686Y-267.6760

G1X239.1056Y-267.9473

G1X237.9674Y-268.1285

G1X236.7446Y-268.2140

G1X235.6604Y-268.2050

G1X234.5615Y-268.0881

G1X232.8974Y-267.7425

G1X230.9527Y-267.1652

G1X221.9998Y-263.7954

G1X219.8094Y-263.0721

G1X217.8139Y-262.5235

G1X216.2367Y-262.1861

G1X207.0807Y-260.5779

G1X203.6207Y-260.0843

G1X200.5731Y-259.7826

G1X198.5004Y-259.6862

G1X196.6505Y-259.7096

G1X195.0348Y-259.8528

G1X193.6561Y-260.1111

G1X192.5102Y-260.4760

G1X191.4715Y-260.9986

G1X190.5240Y-261.6802

G1X189.7049Y-262.5246

G1X188.9865Y-263.6265

G1X188.4511Y-264.8847

G1X188.0373Y-266.3899

G1X187.6887Y-268.3749

G1X186.9417Y-274.5105

G1X186.2831Y-278.7530

G1X186.0651Y-280.9469

G1X185.8885Y-284.6055

G1X185.6467Y-295.6473

G1X185.4543Y-298.9729

G1X185.1809Y-301.8816

G1X184.7443Y-304.9891

G1X184.1509Y-307.9449

G1X183.4215Y-310.6262

G1X182.5344Y-313.1258

G1X181.4874Y-315.5600

G1X180.2738Y-318.0784

G1X178.8628Y-320.7490

G1X177.3142Y-323.4620

G1X173.7050Y-329.1888

G1X169.6416Y-334.9425

G1X165.3110Y-340.4496

G1X163.1306Y-342.9943

G1X161.0016Y-345.3238

G1X159.0714Y-347.2880

G1X157.3001Y-348.9401

G1X155.6473Y-350.2988

G1X153.8806Y-351.5685

G1X151.9092Y-352.7923

G1X149.9264Y-353.8467

G1X147.7519Y-354.8300

G1X145.3978Y-355.7248

G1X143.1603Y-356.4427

G1X140.7762Y-357.0989

G1X132.2806Y-359.0850

G1X128.9909Y-359.6292

G1X125.5834Y-359.8575

G1X121.9640Y-359.7669

G1X117.7479Y-359.3503

G1X111.8301Y-358.5347

G1X107.2284Y-357.5522

G1X104.9208Y-356.8960

G1X102.7785Y-356.1707

G1X100.7102Y-355.3482

G1X98.7166Y-354.4225

G1X96.6729Y-353.3324

G1X94.7109Y-352.1417

G1X92.8308Y-350.8423

G1X91.1091Y-349.4903

G1X89.4627Y-348.0243

G1X87.8915Y-346.4375

G1X86.4271Y-344.7593

G1X85.1943Y-343.1140

G1X83.4535Y-340.3448

G1X81.6206Y-336.9072

G1X76.3245Y-326.0038

G1X73.3655Y-319.5130

G1X70.8560Y-313.5293

G1X67.4218Y-304.7229

G1X65.5339Y-299.4543

G1X63.9780Y-294.5496

G1X62.8386Y-290.4436

G1X61.8560Y-286.2947

G1X58.0418Y-267.0895

G1X55.7408Y-257.1565

G1X53.4045Y-247.9152

G1X49.5519Y-233.2246

G1X43.8293Y-212.5043

G1X40.1287Y-197.4292

G1X39.1757Y-193.0625

G1X38.5855Y-189.6390

G1X38.3345Y-186.9948

G1X38.4228Y-185.0724

G1X38.6763Y-184.0122

G1X39.0613Y-183.0870

G1X39.5520Y-182.2984

G1X40.1980Y-181.5762

G1X40.9890Y-180.9811

G1X41.8082Y-180.6070

G1X42.6813Y-180.4540

G1X43.3944Y-180.5530

G1X43.8745Y-180.7975

G1X44.2154Y-181.1369

G1X45.0718Y-182.6093

G1X46.0187Y-185.0003

G1X46.8796Y-187.9171

G1X47.3766Y-190.2458

G1X47.6093Y-192.1178

G1X47.5982Y-193.4535

G1X47.3131Y-194.5242

G1X46.4611Y-196.0327

G1X45.1934Y-197.5344

G1X43.4834Y-199.0339

G1X42.7105Y-199.5468

G1X42.1316Y-199.8106

G1X41.9114Y-199.8307

G1X41.8081Y-199.7353

G1X41.8098Y-198.8712

G1X42.0994Y-197.4907

G1X42.6179Y-195.9299

G1X43.2905Y-194.3331

G1X44.0792Y-192.7315

G1X46.2202Y-189.0841

G1X47.8344Y-186.7183

G1X50.0153Y-183.7663

G1X62.3168Y-167.8370

G1X65.1198Y-163.9742

G1X67.4383Y-160.5662

G1X69.6614Y-156.9978

G1X72.0900Y-152.7788

G1X81.5193Y-135.3155

G1X83.5292Y-131.9452

G1X85.4622Y-129.0321

G1X88.6050Y-124.6047

G1X91.2226Y-121.2791

G1X93.6439Y-118.6371

G1X95.9523Y-116.5876

G1X97.7344Y-115.3333

G1X99.3080Y-114.4811

G1X100.9561Y-113.9221

G1X102.7124Y-113.6349

G1X105.0710Y-113.6040

G1X110.5402Y-114.0907

G1X114.8806Y-114.1149

G1X121.4849Y-114.5619

G1X124.1912Y-114.4077

G1X125.4222Y-114.1925

G1X126.6743Y-113.8618

G1X129.1303Y-112.9045

G1X132.0023Y-111.5508

G1X134.6499Y-110.0968

G1X137.0591Y-108.5715

G1X139.3438Y-106.9053

G1X141.3813Y-105.1873

G1X143.2289Y-103.3762

G1X144.8667Y-101.4887

G1X147.1545Y-98.3527

G1X149.4191Y-94.7850

G1X151.4768Y-91.0780

G1X153.2373Y-87.4039

G1X154.6408Y-83.8945

G1X155.6543Y-80.6462

G1X156.2810Y-77.6362

G1X156.4348Y-76.2918

G1X156.4781Y-75.0685

G1X156.3660Y-73.0681

G1X156.0607Y-71.0150

G1X155.5374Y-68.7190

G1X154.7900Y-66.2169

G1X153.9158Y-63.7771

G1X152.8049Y-61.0617

G1X149.5364Y-54.0855

G1X149.1857Y-53.4907

G1X148.6861Y-52.8755

G1X148.1384Y-52.3922

G1X147.4476Y-51.9702

G1X146.7550Y-51.7016

G1X145.9941Y-51.5556

G1X145.2581Y-51.5707

G1X144.7484Y-51.7348

G1X144.5674Y-51.9272

G1X144.5779Y-52.1169

G1X144.7579Y-52.3210

G1X145.1288Y-52.5279

G1X152.8910Y-55.2076

G1X158.0962Y-57.2239

G1X161.6388Y-58.7550

G1X167.2416Y-61.3465

G1X179.2370Y-66.3721

G1X185.4148Y-69.1839

G1X190.0103Y-71.5457

G1X194.1484Y-73.9659

G1X197.8680Y-76.4713

G1X201.1403Y-79.0334

G1X203.7681Y-81.4035

G1X206.8751Y-84.4357

G1X209.8976Y-87.5850

G1X212.8635Y-90.8670

G1X215.7399Y-94.2399

G1X218.5632Y-97.7490

G1X221.2399Y-101.2819

G1X223.7476Y-104.8069

G1X226.0119Y-108.2080

G1X228.1345Y-111.6355

G1X229.9962Y-114.8932

G1X231.6897Y-118.1391

G1X233.1573Y-121.2694

G1X234.3797Y-124.2298

G1X235.3484Y-127.0080

G1X236.2031Y-129.9694

G1X236.9624Y-133.2083

G1X237.5952Y-136.6149

G1X238.1165Y-140.2783

G1X238.5108Y-144.0743

G1X238.7925Y-148.0816

G1X238.9711Y-152.4729

G1X239.0430Y-157.1866

G1X239.0168Y-162.5166

G1X238.8251Y-174.0830

G1X238.6524Y-176.6727

G1X238.3436Y-179.2909

G1X237.8442Y-182.2622

G1X237.1641Y-185.4221

G1X234.2492Y-196.6701

G1X233.8321Y-198.8161

G1X233.5993Y-200.6952

G1X233.5611Y-202.8381

G1X233.8577Y-205.3152

G1X234.4196Y-207.5530

G1X235.2092Y-209.5234

G1X236.1400Y-211.1702

G1X237.3382Y-212.7613

G1X238.7435Y-214.2009

G1X240.4711Y-215.5958

G1X242.1364Y-216.6953

G1X243.4729Y-217.3302

G1X245.1814Y-217.8503

G1X247.2586Y-218.2183

G1X249.7687Y-218.4144

G1X252.6000Y-218.4104

G1X255.8892Y-218.1821

G1X258.4689Y-217.8203

G1X259.6675Y-217.4200

G1X260.8888Y-216.8088

G1X262.4681Y-215.7445

G1X265.1077Y-213.6229

G1X265.5880Y-213.3891

G1X265.8991Y-213.3520

G1X265.9832Y-213.4140

G1X264.9819Y-214.9530

G1X264.3120Y-216.7116

G1X261.4909Y-229.7147

G1X258.6711Y-241.3524

G1X257.0613Y-247.2823

G1X255.5670Y-251.6706

G1X254.2023Y-254.9158

G1X252.8777Y-257.7492

G1X251.6131Y-260.1323

G1X250.3176Y-262.2348

G1X249.1054Y-263.8954

G1X247.8188Y-265.3465

G1X246.2100Y-266.7909

G1X244.6000Y-268.0036

G1X243.4958Y-268.6780

G1X242.4253Y-269.2008

G1X241.2931Y-269.6181

G1X240.1776Y-269.9047

G1X238.8763Y-270.1028

G1X237.5742Y-270.1772

G1X236.1607Y-270.1428

G1X234.7326Y-269.9960

G1X232.8891Y-269.5757

G1X230.7181Y-268.8548

G1X221.0611Y-264.8140

G1X218.7239Y-263.9502

G1X216.7068Y-263.3246

G1X214.5261Y-262.8215

G1X210.0398Y-262.1139

G1X206.2885Y-261.6143

G1X203.1596Y-261.3185

G1X200.7526Y-261.2033

G1X198.5502Y-261.2202

G1X196.6769Y-261.3646

G1X194.9521Y-261.6519

G1X193.4859Y-262.0739

G1X192.2778Y-262.6214

G1X191.2840Y-263.3091

G1X190.4758Y-264.1306

G1X189.8896Y-264.9949

G1X189.4167Y-266.0245

G1X189.0603Y-267.2399

G1X188.8141Y-268.6626

G1X188.6480Y-270.5077

G1X188.4222Y-275.9168

G1X188.2062Y-278.7800

G1X187.1220Y-286.3057

G1X185.8660Y-299.7105

G1X185.0131Y-306.1934

G1X184.3422Y-309.7902

G1X183.5412Y-313.1095

G1X182.6128Y-316.1265

G1X181.5281Y-318.9237

G1X180.5679Y-320.9582

G1X179.3999Y-323.1402

G1X178.0369Y-325.4449

G1X176.4810Y-327.8607

G1X172.9490Y-332.7906

G1X168.7891Y-337.9504

G1X164.0827Y-343.2020

G1X159.2834Y-348.0266

G1X156.8608Y-350.2590

G1X154.5758Y-352.2224

G1X152.7875Y-353.6308

G1X150.9855Y-354.8682

G1X149.3934Y-355.8148

G1X147.8122Y-356.6302

G1X146.1455Y-357.3663

G1X144.3981Y-358.0159

G1X142.5752Y-358.5756

G1X140.6831Y-359.0474

G1X136.2719Y-359.8314

G1X128.4291Y-360.9170

G1X124.6721Y-361.1474

G1X122.3318Y-361.0976

G1X119.9765Y-360.9100

G1X117.4086Y-360.5714

G1X114.5322Y-360.0711

G1X109.3866Y-358.9836

G1X105.0834Y-357.7143

G1X103.0177Y-356.9494

G1X101.0161Y-356.0926

G1X99.1697Y-355.1856

G1X97.3907Y-354.1881

G1X95.5569Y-353.0235

G1X93.7947Y-351.7669

G1X92.1037Y-350.4139

G1X90.5536Y-349.0271

G1X88.9943Y-347.4691

G1X87.5653Y-345.8762

G1X86.0641Y-344.0072

G1X84.9077Y-342.3811

G1X83.3351Y-339.7702

G1X81.6620Y-336.5098

G1X78.0286Y-328.5988

G1X73.8236Y-319.7305

G1X71.4312Y-314.3804

G1X69.4837Y-309.6374

G1X66.9368Y-302.8869

G1X65.0827Y-297.5635

G1X63.4379Y-292.3619

G1X62.0111Y-287.3471

G1X60.9329Y-283.0282

G1X56.8494Y-264.0055

G1X54.8822Y-255.8395

G1X52.0725Y-245.3560

G1X43.2985Y-213.8894

G1X41.4219Y-206.6424

G1X38.9512Y-196.0110

G1X37.8392Y-190.5759

G1X37.4595Y-188.1994

G1X37.2443Y-186.2553

G1X37.1830Y-184.6608

G1X37.2786Y-183.4197

G1X37.4667Y-182.6773

G1X37.8089Y-181.9347

G1X38.2627Y-181.3208

G1X38.8060Y-180.8308

G1X39.4169Y-180.4601

G1X40.1697Y-180.1766

G1X40.9495Y-180.0356

G1X41.8183Y-180.0389

G1X42.4591Y-180.1538

G1X43.0454Y-180.3618

G1X43.5552Y-180.6582

G1X43.9497Y-181.0186

G1X44.6419Y-182.2280

G1X45.3255Y-184.1765

G1X45.9911Y-186.9029

G1X46.4788Y-189.8795

G1X46.6744Y-192.4380

G1X46.5473Y-194.1970

G1X46.3163Y-194.8551

G1X45.9583Y-195.5017

G1X44.8711Y-196.8082

G1X43.2731Y-198.0948

G1X42.5091Y-198.5419

G1X41.7785Y-198.8437

G1X41.2690Y-198.8951

G1X41.0725Y-198.6991

G1X41.1828Y-198.0797

G1X41.5296Y-197.0537

G1X43.0147Y-193.8206

G1X45.2466Y-189.8298

G1X47.4126Y-186.3614

G1X49.6110Y-183.1182

G1X63.4663Y-164.2909

G1X66.8492Y-159.4679

G1X69.5431Y-155.3701

G1X71.3961Y-152.2899

G1X73.3785Y-148.7166

G1X81.3815Y-132.9335

G1X83.1594Y-129.6604

G1X84.7467Y-127.0077

G1X87.2307Y-123.4487

G1X89.8951Y-120.1113

G1X92.3147Y-117.5357

G1X94.7683Y-115.4053

G1X96.8878Y-113.9511

G1X99.1376Y-112.7631

G1X100.7655Y-112.1642

G1X102.5173Y-111.8757

G1X103.8891Y-111.8539

G1X105.4661Y-111.9909

G1X110.6543Y-112.9314

G1X112.4702Y-113.1732

G1X116.1223Y-113.2821

G1X120.7678Y-113.5794

G1X122.6317Y-113.6044

G1X124.3220Y-113.5042

G1X125.8364Y-113.2826

G1X127.3765Y-112.9041

G1X129.2647Y-112.1994

G1X132.0488Y-110.8224

G1X134.7432Y-109.2755

G1X137.3376Y-107.5697

G1X139.6668Y-105.8243

G1X141.7651Y-104.0342

G1X143.6797Y-102.1627

G1X145.3839Y-100.2310

G1X147.3493Y-97.5249

G1X149.4529Y-93.9941

G1X151.4263Y-90.0938

G1X153.1757Y-86.0316

G1X154.5892Y-82.0899

G1X155.6514Y-78.3180

G1X156.3007Y-74.9306

G1X156.5335Y-71.9930

G1X156.4767Y-70.7180

G1X156.2934Y-69.3175

G1X155.6042Y-66.4918

G1X154.4044Y-63.2706

G1X152.7394Y-59.8056

G1X151.1527Y-56.9500

G1X148.2322Y-51.9319

G1X147.8756Y-51.4330

G1X147.2912Y-50.8884

G1X146.5873Y-50.5278

G1X145.8395Y-50.4228

G1X145.2526Y-50.5807

G1X144.9312Y-50.9341

G1X144.9028Y-51.1630

G1X144.9801Y-51.4155

G1X145.4089Y-51.8887

G1X146.1192Y-52.2970

G1X148.0938Y-53.0126

G1X157.0785Y-55.8205

G1X160.2500Y-56.9615

G1X163.1670Y-58.1232

G1X166.7249Y-59.7073

G1X171.5922Y-62.1008

G1X181.6935Y-66.8113

G1X186.8244Y-69.3209

G1X192.1300Y-72.1537

G1X196.8208Y-74.9653

G1X200.9955Y-77.8183

G1X204.6946Y-80.7415

G1X207.0628Y-82.8858

G1X209.4184Y-85.2839

G1X212.1224Y-88.2691

G1X214.8905Y-91.5597

G1X217.5719Y-94.9740

G1X220.1448Y-98.4676

G1X222.7078Y-102.1758

G1X225.1184Y-105.8959

G1X227.3612Y-109.5925

G1X229.4736Y-113.3257

G1X231.3886Y-116.9767

G1X233.1397Y-120.6110

G1X234.6704Y-124.1137

G1X236.0084Y-127.5525

G1X237.0647Y-130.6847

G1X237.8557Y-133.5914

G1X238.3885Y-136.0455

G1X238.8358Y-138.6395

G1X239.1939Y-141.3685

G1X239.4530Y-144.1191

G1X239.7258Y-150.1755

G1X239.6599Y-156.9090

G1X239.4357Y-161.9258

G1X238.7189Y-173.1624

G1X238.4654Y-178.5138

G1X238.1666Y-181.7966

G1X237.3521Y-186.8352

G1X234.8620Y-197.5474

G1X234.4490Y-199.7547

G1X234.2245Y-201.5995

G1X234.1712Y-203.4963

G1X234.3499Y-205.2463

G1X234.7907Y-207.0553

G1X235.4311Y-208.6849

G1X236.3007Y-210.2331

G1X237.3990Y-211.6823

G1X238.7156Y-213.0185

G1X240.2277Y-214.2318

G1X242.3840Y-215.5963

G1X244.8760Y-216.8458

G1X246.3108Y-217.3442

G1X248.0009Y-217.6809

G1X250.5737Y-217.8730

G1X253.5556Y-217.7849

G1X256.9191Y-217.4176

G1X260.5416Y-216.7914

G1X261.8298Y-216.3328

G1X263.0660Y-215.6027

G1X264.1195Y-214.7543

G1X266.2944Y-212.6868

G1X266.5192Y-212.5953

G1X266.7078Y-212.6373

G1X266.8156Y-212.7828

G1X266.8112Y-213.0115

G1X265.4949Y-216.0771

G1X264.8394Y-218.1483

G1X264.2139Y-221.0895

G1X262.4097Y-230.6734

G1X261.3986Y-235.3395

G1X258.5293Y-246.7917

G1X257.4640Y-250.4805

G1X256.4071Y-253.6577

G1X255.4754Y-256.0327

G1X253.9989Y-259.2911

G1X252.7213Y-261.7979

G1X251.4736Y-263.9377

G1X250.2052Y-265.7944

G1X248.9763Y-267.2943

G1X247.7358Y-268.5249

G1X246.3957Y-269.5693

G1X245.0485Y-270.4367

G1X243.7663Y-271.0900

G1X242.5181Y-271.5562

G1X241.1941Y-271.8784

G1X239.7639Y-272.0539

G1X238.1970Y-272.0805

G1X236.5843Y-271.9687

G1X234.6668Y-271.7001

G1X232.7454Y-271.2254

G1X230.3560Y-270.3623

G1X220.1319Y-265.7440

G1X217.8276Y-264.8029

G1X215.7640Y-264.0743

G1X213.9509Y-263.5602

G1X212.3876Y-263.2445

G1X209.1895Y-262.8424

G1X206.2431Y-262.5867

G1X203.4918Y-262.4787

G1X201.0077Y-262.5257

G1X198.7296Y-262.7331

G1X196.7858Y-263.0839

G1X195.0876Y-263.5807

G1X193.5679Y-264.2554

G1X192.3228Y-265.0757

G1X191.3172Y-266.0629

G1X190.7363Y-266.9041

G1X190.2913Y-267.8279

G1X189.9456Y-268.9071

G1X189.7028Y-270.1577

G1X189.5039Y-273.0489

G1X189.5136Y-280.8248

G1X189.2401Y-284.6498

G1X188.9619Y-286.6029

G1X188.0347Y-291.5105

G1X185.5624Y-306.1431

G1X184.3787Y-311.6982

G1X183.1151Y-316.4586

G1X181.6851Y-320.7499

G1X180.0995Y-324.5196

G1X179.1093Y-326.4734

G1X177.9964Y-328.3915

G1X176.6571Y-330.4604

G1X175.1834Y-332.5341

G1X171.6898Y-336.9031

G1X167.5991Y-341.3954

G1X162.8139Y-346.0929

G1X157.6246Y-350.6797

G1X152.3164Y-354.8874

G1X149.7055Y-356.7607

G1X147.8754Y-357.9402

G1X144.8985Y-359.4899

G1X143.3515Y-360.1228

G1X141.7360Y-360.6661

G1X140.1544Y-361.0896

G1X138.4133Y-361.4437

G1X134.7673Y-361.8763

G1X125.5123Y-362.3533

G1X122.0949Y-362.3166

G1X119.7597Y-362.1153

G1X117.4103Y-361.7768

G1X114.8499Y-361.2706

G1X112.0755Y-360.5951

G1X107.4922Y-359.2698

G1X103.4177Y-357.7356

G1X101.5070Y-356.8635

G1X99.6538Y-355.9044

G1X97.9458Y-354.9059

G1X96.2970Y-353.8203

G1X94.6496Y-352.6017

G1X93.0720Y-351.3035

G1X91.5559Y-349.9200

G1X90.0288Y-348.3757

G1X88.6249Y-346.8078

G1X87.2056Y-345.0634

G1X84.5944Y-341.3751

G1X83.1306Y-338.8557

G1X81.6409Y-335.8817

G1X77.2180Y-325.9151

G1X72.2344Y-315.4598

G1X69.9846Y-310.4466

G1X68.4314Y-306.6213

G1X66.6068Y-301.6636

G1X64.9047Y-296.6459

G1X63.2484Y-291.3702

G1X61.3356Y-284.7957

G1X59.9913Y-279.7619

G1X55.4560Y-260.5189

G1X53.6164Y-253.2852

G1X42.8409Y-215.4326

G1X40.3645Y-206.1570

G1X38.0390Y-195.7359

G1X36.7811Y-189.2461

G1X36.4090Y-186.7444

G1X36.1965Y-184.6176

G1X36.1539Y-182.9657

G1X36.2722Y-181.7060

G1X36.4135Y-181.1713

G1X36.6836Y-180.6160

G1X37.0476Y-180.1679

G1X37.4916Y-179.8212

G1X38.0016Y-179.5700

G1X38.6615Y-179.3897

G1X39.9994Y-179.3469

G1X41.5670Y-179.7022

G1X42.3423Y-180.0391

G1X43.0325Y-180.4605

G1X43.5408Y-180.8877

G1X43.9224Y-181.3388

G1X44.4922Y-182.5463

G1X45.1129Y-185.0044

G1X45.5465Y-188.1839

G1X45.7201Y-191.5433

G1X45.5713Y-194.1246

G1X45.2426Y-195.1330

G1X44.9151Y-195.6441

G1X44.4162Y-196.2148

G1X43.2089Y-197.1674

G1X41.9612Y-197.7821

G1X41.3287Y-197.9436

G1X40.8369Y-197.9345

G1X40.5705Y-197.7754

G1X40.4850Y-197.4630

G1X40.9698Y-196.1514

G1X42.2504Y-193.7780

G1X45.2362Y-188.9236

G1X50.2560Y-181.2079

G1X64.9985Y-159.9815

G1X68.5894Y-154.6026

G1X71.4109Y-150.1397

G1X73.2167Y-147.0342

G1X75.0345Y-143.6251

G1X82.1467Y-128.9196

G1X83.6989Y-125.9347

G1X85.1279Y-123.4525

G1X86.7583Y-121.0181

G1X89.0307Y-118.1981

G1X91.0870Y-116.0685

G1X93.1891Y-114.2913

G1X95.3564Y-112.8464

G1X97.6920Y-111.6662

G1X100.7163Y-110.5801

G1X101.5782Y-110.3748

G1X102.5387Y-110.2544

G1X104.0820Y-110.2626

G1X105.7309Y-110.4846

G1X111.9326Y-112.0679

G1X113.3320Y-112.3403

G1X114.6388Y-112.4920

G1X120.9009Y-112.7223

G1X123.1289Y-112.7172

G1X125.5844Y-112.4981

G1X127.8846Y-112.0019

G1X129.8213Y-111.3121

G1X131.8474Y-110.2991

G1X134.6514Y-108.6313

G1X137.3709Y-106.7790

G1X139.7991Y-104.9095

G1X142.0238Y-102.9806

G1X144.0759Y-100.9647

G1X145.8486Y-98.9718

G1X147.8718Y-96.2589

G1X149.6210Y-93.2735

G1X151.4058Y-89.4885

G1X153.0562Y-85.2131

G1X154.4526Y-80.7481

G1X155.5195Y-76.3109

G1X156.1606Y-72.3053

G1X156.3200Y-70.4890

G1X156.3686Y-68.7924

G1X156.2172Y-66.7640

G1X155.7058Y-64.5643

G1X154.8557Y-62.2960

G1X153.6033Y-59.7998

G1X151.6874Y-56.7188

G1X148.0658Y-51.6992

G1X147.0413Y-50.0939

G1X146.6683Y-49.6962

G1X146.2974Y-49.4633

G1X145.8889Y-49.3765

G1X145.5595Y-49.4714

G1X145.3507Y-49.7176

G1X145.2986Y-50.0166

G1X145.3830Y-50.3820

G1X145.6279Y-50.7962

G1X146.4135Y-51.5170

G1X147.5655Y-52.1571

G1X150.2524Y-53.1187

G1X160.6226Y-56.1884

G1X163.8549Y-57.3083

G1X166.8957Y-58.4914

G1X169.4420Y-59.5965

G1X171.9125Y-60.7829

G1X184.5764Y-67.4240

G1X191.7767Y-71.3773

G1X197.8216Y-75.0477

G1X200.5758Y-76.8807

G1X203.0995Y-78.6776

G1X205.4696Y-80.4910

G1X207.6772Y-82.3154

G1X210.1733Y-84.5778

G1X212.3737Y-86.8010

G1X214.6081Y-89.3383

G1X216.9156Y-92.2069

G1X219.3069Y-95.4309

G1X221.7042Y-98.9232

G1X224.0325Y-102.5750

G1X226.3276Y-106.4444

G1X228.5158Y-110.4112

G1X230.5798Y-114.4398

G1X232.5020Y-118.4951

G1X234.2651Y-122.5418

G1X235.8515Y-126.5443

G1X237.2440Y-130.4676

G1X238.4250Y-134.2761

G1X239.2782Y-137.5769

G1X240.0251Y-141.7591

G1X240.4679Y-146.2199

G1X240.6177Y-151.0326

G1X240.4735Y-156.3603

G1X239.9200Y-163.4517

G1X238.3943Y-177.3157

G1X237.9733Y-183.2692

G1X237.7162Y-185.8459

G1X237.1639Y-189.6857

G1X235.5676Y-198.1958

G1X235.1173Y-201.4064

G1X235.0180Y-203.1699

G1X235.0701Y-204.6878

G1X235.2825Y-206.1312

G1X235.6455Y-207.4206

G1X236.3856Y-209.0576

G1X237.4213Y-210.5880

G1X238.7440Y-211.9947

G1X240.3298Y-213.2640

G1X242.3152Y-214.4842

G1X244.6474Y-215.5952

G1X247.8619Y-216.7805

G1X249.6030Y-217.1674

G1X252.1436Y-217.3195

G1X255.2350Y-217.1035

G1X258.6367Y-216.5464

G1X262.9487Y-215.5599

G1X263.9239Y-215.1592

G1X264.8629Y-214.5439

G1X265.7992Y-213.6680

G1X267.0940Y-212.1297

G1X267.3015Y-211.9858

G1X267.4609Y-212.0302

G1X267.5747Y-212.4573

G1X267.4513Y-213.1818

G1X265.9450Y-217.7602

G1X265.2139Y-220.6455

G1X263.0402Y-232.9271

G1X262.0041Y-238.0444

G1X259.8318Y-246.7257

G1X258.0438Y-252.9992

G1X256.3739Y-257.8300

G1X254.6142Y-261.7963

G1X253.4391Y-264.0931

G1X252.2668Y-266.1313

G1X251.1489Y-267.8245

G1X249.9710Y-269.3429

G1X248.7875Y-270.6036

G1X247.6004Y-271.6171

G1X246.3834Y-272.4170

G1X244.9327Y-273.1453

G1X243.8020Y-273.5571

G1X242.6419Y-273.8381

G1X241.4274Y-273.9925

G1X240.1335Y-274.0247

G1X238.7353Y-273.9388

G1X237.0932Y-273.7205

G1X233.2953Y-272.9176

G1X231.4058Y-272.2939

G1X229.0555Y-271.3242

G1X220.0364Y-267.0310

G1X216.3374Y-265.4163

G1X212.9138Y-264.2231

G1X211.3973Y-263.8483

G1X210.0469Y-263.6327

G1X207.1644Y-263.4265

G1X204.4693Y-263.4235

G1X201.9373Y-263.6249

G1X199.7104Y-264.0111

G1X197.6162Y-264.6139

G1X195.7789Y-265.4125

G1X194.2095Y-266.3943

G1X192.9103Y-267.5431

G1X191.9284Y-268.7616

G1X191.3024Y-269.8961

G1X190.8204Y-271.2980

G1X190.5151Y-272.9222

G1X190.3421Y-276.0444

G1X190.5094Y-283.1887

G1X190.4541Y-286.6203

G1X190.1329Y-290.2370

G1X189.5379Y-293.5014

G1X186.2478Y-307.2007

G1X185.0608Y-311.6679

G1X183.8902Y-315.6739

G1X182.5932Y-319.6545

G1X181.2712Y-323.2488

G1X179.9023Y-326.5243

G1X178.4526Y-329.5505

G1X177.3669Y-331.5489

G1X176.2161Y-333.4407

G1X174.9422Y-335.2992

G1X173.5317Y-337.1541

G1X171.9381Y-339.0676

G1X170.1634Y-341.0303

G1X166.0983Y-345.0578

G1X161.3516Y-349.1935

G1X156.1060Y-353.2675

G1X150.5213Y-357.1537

G1X145.0948Y-360.5059

G1X142.0943Y-361.9903

G1X140.5600Y-362.5788

G1X139.0770Y-363.0379

G1X137.5400Y-363.4023

G1X136.0515Y-363.6518

G1X132.8284Y-363.8834

G1X122.7869Y-363.5487

G1X119.7343Y-363.2846

G1X117.5228Y-362.9406

G1X115.2899Y-362.4673

G1X112.9356Y-361.8419

G1X110.4546Y-361.0627

G1X106.0004Y-359.4210

G1X102.1552Y-357.6560

G1X98.5963Y-355.6146

G1X96.9391Y-354.4906

G1X95.4169Y-353.3382

G1X93.9234Y-352.0784

G1X92.4528Y-350.7036

G1X89.6147Y-347.6297

G1X86.9061Y-344.1189

G1X84.2446Y-340.0764

G1X82.9130Y-337.7201

G1X81.5749Y-335.0243

G1X76.1849Y-322.7136

G1X70.9770Y-312.0072

G1X68.9902Y-307.6654

G1X67.6548Y-304.4327

G1X66.4080Y-301.0792

G1X63.6738Y-292.7304

G1X58.9965Y-276.5034

G1X53.9548Y-257.0433

G1X52.2125Y-250.5872

G1X45.2317Y-226.9389

G1X41.1298Y-212.4752

G1X39.3221Y-205.6890

G1X37.7970Y-198.9367

G1X36.6847Y-193.2011

G1X35.9406Y-188.8174

G1X35.5532Y-185.9411

G1X35.3452Y-183.5740

G1X35.3142Y-181.7324

G1X35.4557Y-180.3429

G1X35.6137Y-179.7601

G1X35.8142Y-179.3618

G1X36.1418Y-178.9877

G1X36.5522Y-178.7201

G1X37.0331Y-178.5516

G1X37.6662Y-178.4706

G1X38.9829Y-178.6116

G1X40.5872Y-179.1623

G1X42.1878Y-180.0842

G1X43.3773Y-181.1410

G1X43.7728Y-181.6649

G1X44.0716Y-182.2567

G1X44.3573Y-183.1474

G1X44.5768Y-184.2092

G1X44.8512Y-186.9179

G1X44.8802Y-190.1612

G1X44.6553Y-193.2839

G1X44.4192Y-194.6296

G1X44.0947Y-195.3340

G1X43.2787Y-196.1753

G1X42.2469Y-196.7634

G1X41.5143Y-196.9895

G1X40.8597Y-197.0371

G1X40.4182Y-196.9188

G1X40.1373Y-196.6388

G1X40.0602Y-196.2716

G1X40.1554Y-195.7741

G1X41.0128Y-194.0916

G1X42.8038Y-191.3083

G1X49.9179Y-180.8987

G1X61.0445Y-163.9014

G1X67.4794Y-153.9165

G1X72.1711Y-146.3404

G1X74.2030Y-142.8626

G1X76.0764Y-139.3417

G1X78.0946Y-135.2166

G1X82.9855Y-124.7386

G1X84.4698Y-121.8537

G1X85.8487Y-119.4756

G1X87.1824Y-117.5109

G1X88.6227Y-115.7578

G1X90.2357Y-114.1148

G1X91.8435Y-112.7746

G1X92.9420Y-112.0126

G1X94.1247Y-111.3169

G1X95.3930Y-110.6986

G1X96.6637Y-110.1937

G1X99.6461Y-109.3526

G1X101.9724Y-108.9083

G1X103.0263Y-108.7992

G1X104.5602Y-108.8605

G1X106.2894Y-109.1757

G1X108.0255Y-109.6709

G1X112.9090Y-111.2944

G1X114.3987Y-111.6594

G1X115.8020Y-111.8728

G1X120.3905Y-111.9837

G1X123.2550Y-111.9296

G1X125.7701Y-111.6780

G1X128.1216Y-111.1828

G1X130.2045Y-110.4764

G1X132.1110Y-109.5699

G1X134.4272Y-108.1492

G1X136.9681Y-106.3711

G1X139.5345Y-104.3571

G1X141.9513Y-102.2353

G1X144.2213Y-99.9958

G1X146.2162Y-97.7619

G1X148.3943Y-94.8916

G1X150.1613Y-91.9717

G1X151.6589Y-88.6906

G1X153.0011Y-84.8978

G1X154.2848Y-80.1865

G1X155.2453Y-75.3761

G1X155.8499Y-70.6396

G1X155.9956Y-68.4300

G1X156.0304Y-66.4601

G1X155.9097Y-64.1237

G1X155.6097Y-62.5106

G1X154.9653Y-60.6151

G1X153.9605Y-58.5958

G1X152.7472Y-56.7007

G1X151.2783Y-54.7752

G1X147.1528Y-50.1304

G1X146.1554Y-48.7012

G1X145.9180Y-48.5047

G1X145.7100Y-48.4915

G1X145.6152Y-48.7659

G1X145.7590Y-49.2331

G1X146.1113Y-49.7743

G1X146.6144Y-50.3104

G1X147.9386Y-51.2935

G1X149.7351Y-52.2060

G1X152.5579Y-53.2104

G1X161.9798Y-55.9283

G1X167.2798Y-57.6703

G1X169.9960Y-58.6979

G1X172.5356Y-59.7641

G1X174.9837Y-60.9051

G1X177.3225Y-62.1155

G1X189.1214Y-68.9841

G1X196.8633Y-73.8158

G1X200.4304Y-76.2231

G1X203.7003Y-78.5716

G1X206.7307Y-80.9016

G1X209.5828Y-83.2661

G1X212.2360Y-85.6577

G1X214.6746Y-88.0689

G1X216.8869Y-90.4926

G1X218.8416Y-92.8895

G1X221.0188Y-95.8632

G1X223.1304Y-99.0392

G1X225.2714Y-102.5646

G1X227.3228Y-106.2487

G1X229.4144Y-110.3409

G1X231.3816Y-114.5364

G1X233.2534Y-118.8913

G1X234.9718Y-123.2674

G1X236.5578Y-127.7167

G1X237.9871Y-132.1893

G1X239.2098Y-136.5379

G1X240.1938Y-140.6257

G1X240.8506Y-144.0886

G1X241.2646Y-147.7410

G1X241.4319Y-151.6271

G1X241.3548Y-155.7239

G1X241.0594Y-159.8935

G1X240.5478Y-164.4130

G1X238.4847Y-177.8017

G1X237.9885Y-181.4537

G1X237.3030Y-189.7768

G1X236.1115Y-200.1780

G1X235.9925Y-202.7133

G1X236.0989Y-204.8716

G1X236.4380Y-206.7195

G1X237.0312Y-208.3850

G1X237.8899Y-209.8441

G1X238.9961Y-211.1236

G1X240.4689Y-212.3580

G1X242.2213Y-213.4541

G1X244.3009Y-214.4451

G1X246.6382Y-215.3030

G1X249.7385Y-216.1707

G1X252.0725Y-216.6283

G1X253.2349Y-216.6956

G1X254.5396Y-216.6635

G1X257.2987Y-216.3201

G1X260.2772Y-215.6595

G1X264.9937Y-214.3347

G1X265.7882Y-214.0053

G1X266.5504Y-213.4857

G1X267.2871Y-212.7132

G1X268.0442Y-211.6073

G1X268.1313Y-211.5608

G1X268.1937Y-211.6538

G1X268.2422Y-212.3533

G1X268.0475Y-213.5427

G1X266.4557Y-219.6644

G1X265.7055Y-223.0608

G1X263.5488Y-235.8301

G1X262.3981Y-241.6178

G1X260.5644Y-248.7972

G1X258.7289Y-255.0999

G1X256.9920Y-260.1414

G1X255.3379Y-264.0035

G1X254.1223Y-266.3660

G1X252.9532Y-268.4161

G1X251.8577Y-270.1074

G1X250.7122Y-271.6241

G1X249.5688Y-272.8829

G1X248.3568Y-273.9524

G1X247.1389Y-274.7742

G1X245.9040Y-275.3754

G1X244.7694Y-275.7579

G1X243.5509Y-276.0007

G1X242.3027Y-276.0848

G1X240.9080Y-276.0159

G1X239.5123Y-275.8181

G1X237.7923Y-275.4566

G1X232.6621Y-274.0681

G1X230.7996Y-273.4303

G1X228.4559Y-272.4545

G1X219.2432Y-268.1062

G1X215.3976Y-266.4303

G1X211.8610Y-265.1757

G1X210.3508Y-264.7822

G1X209.0154Y-264.5423

G1X206.9896Y-264.4252

G1X204.7661Y-264.5057

G1X202.7365Y-264.7751

G1X200.9013Y-265.2155

G1X199.1692Y-265.8458

G1X197.6347Y-266.6267

G1X196.2144Y-267.5948

G1X194.9188Y-268.7584

G1X193.5790Y-270.3740

G1X192.4896Y-272.1824

G1X191.8725Y-273.7280

G1X191.4647Y-275.5277

G1X191.2668Y-277.2473

G1X191.1787Y-279.2732

G1X191.3031Y-287.7285

G1X191.1972Y-291.7472

G1X190.7696Y-295.8112

G1X190.4246Y-297.7076

G1X189.9974Y-299.5018

G1X187.0718Y-309.0879

G1X184.1184Y-317.5840

G1X182.6096Y-321.4779

G1X181.1168Y-325.0434

G1X179.5740Y-328.4357

G1X178.0377Y-331.5270

G1X175.5089Y-336.0112

G1X174.2546Y-337.9645

G1X172.9595Y-339.7977

G1X171.6138Y-341.5116

G1X170.1786Y-343.1644

G1X166.8785Y-346.4952

G1X164.8605Y-348.3021

G1X162.7646Y-350.0423

G1X158.0679Y-353.5570

G1X152.8723Y-356.9801

G1X147.2222Y-360.2811

G1X142.2839Y-362.8585

G1X139.1314Y-364.2720

G1X137.6187Y-364.7920

G1X136.1748Y-365.1824

G1X134.6894Y-365.4734

G1X133.1688Y-365.6549

G1X131.2381Y-365.7225

G1X129.1256Y-365.6126

G1X123.3827Y-364.8382

G1X120.1717Y-364.4896

G1X116.9013Y-363.9082

G1X113.7061Y-363.0611

G1X111.5614Y-362.3443

G1X109.2861Y-361.4663

G1X104.4401Y-359.2631

G1X100.5233Y-357.0736

G1X98.6838Y-355.8692

G1X96.9797Y-354.6269

G1X95.4077Y-353.3524

G1X93.9635Y-352.0532

G1X92.5437Y-350.6354

G1X91.1381Y-349.0813

G1X88.3659Y-345.5495

G1X85.5901Y-341.3860

G1X83.3523Y-337.6118

G1X81.7389Y-334.4954

G1X80.0821Y-330.8933

G1X75.1650Y-319.5871

G1X69.9948Y-309.2363

G1X68.3922Y-305.8705

G1X67.1762Y-303.0861

G1X66.1059Y-300.3789

G1X63.8930Y-293.8756

G1X61.9006Y-287.1817

G1X50.6502Y-247.6523

G1X43.5648Y-224.1536

G1X39.9122Y-211.2571

G1X38.2195Y-204.9365

G1X37.2872Y-201.0724

G1X36.5943Y-197.7739

G1X35.8226Y-193.3340

G1X35.2283Y-189.3361

G1X34.8378Y-185.9836

G1X34.6354Y-183.1660

G1X34.6263Y-180.9503

G1X34.8004Y-179.3494

G1X35.1704Y-178.2776

G1X35.4519Y-177.9555

G1X35.8134Y-177.7415

G1X36.2444Y-177.6279

G1X36.8209Y-177.6117

G1X38.1470Y-177.9080

G1X39.8003Y-178.6766

G1X41.5027Y-179.8378

G1X42.9133Y-181.1807

G1X43.4076Y-181.8253

G1X43.7495Y-182.4326

G1X44.1282Y-183.7549

G1X44.3109Y-185.6468

G1X44.2774Y-188.0202

G1X44.0419Y-190.6491

G1X43.6806Y-193.0397

G1X43.2720Y-194.7973

G1X42.8480Y-195.4343

G1X42.1071Y-195.9359

G1X41.4459Y-196.1415

G1X40.8015Y-196.1630

G1X40.2568Y-195.9796

G1X39.9322Y-195.6436

G1X39.7941Y-195.1286

G1X39.8592Y-194.5534

G1X40.0510Y-193.9922

G1X40.4952Y-193.1294

G1X42.3183Y-190.3598

G1X48.0068Y-182.6100

G1X51.0850Y-178.2278

G1X53.4504Y-174.6326

G1X57.5312Y-168.0757

G1X67.1149Y-152.1621

G1X75.4599Y-137.8034

G1X78.3621Y-132.1653

G1X83.5512Y-121.1061

G1X85.6092Y-117.2334

G1X86.8954Y-115.1970

G1X88.1964Y-113.4835

G1X89.5504Y-112.0520

G1X91.0611Y-110.7801

G1X92.2266Y-110.0001

G1X93.4900Y-109.3252

G1X94.7607Y-108.8007

G1X96.1285Y-108.3814

G1X97.5927Y-108.0677

G1X99.1519Y-107.8508

G1X103.6589Y-107.5604

G1X105.2747Y-107.6838

G1X106.9783Y-108.0685

G1X108.7752Y-108.6707

G1X113.8406Y-110.6251

G1X115.4022Y-111.0712

G1X116.8868Y-111.3390

G1X119.3838Y-111.4091

G1X123.0281Y-111.2758

G1X125.5052Y-110.9993

G1X127.8170Y-110.5337

G1X130.0492Y-109.8409

G1X132.0965Y-108.9522

G1X133.9527Y-107.9029

G1X136.0456Y-106.4453

G1X138.7738Y-104.2954

G1X141.4657Y-101.9152

G1X143.9973Y-99.4090

G1X146.2809Y-96.8620

G1X148.6924Y-93.7394

G1X150.6388Y-90.6599

G1X152.0265Y-87.8154

G1X153.1622Y-84.5990

G1X154.2134Y-80.4087

G1X155.0149Y-75.6447

G1X155.5012Y-70.6586

G1X155.6370Y-65.7831

G1X155.5100Y-62.7228

G1X155.2178Y-60.2461

G1X154.7482Y-58.5616

G1X153.9715Y-56.8771

G1X152.9092Y-55.2215

G1X151.6099Y-53.6271

G1X149.7523Y-51.7496

G1X146.3822Y-48.7558

G1X145.9585Y-48.2613

G1X145.7102Y-47.7191

G1X146.1338Y-48.2909

G1X146.7278Y-48.9065

G1X148.2468Y-50.1185

G1X150.1111Y-51.2493

G1X152.2899Y-52.2889

G1X155.5468Y-53.4628

G1X165.6358Y-56.4695

G1X171.0576Y-58.2845

G1X173.8036Y-59.3325

G1X176.4670Y-60.4575

G1X178.9185Y-61.6061

G1X181.2484Y-62.8168

G1X183.8593Y-64.3377

G1X188.4482Y-67.2734

G1X197.1458Y-73.1221

G1X203.7976Y-78.0111

G1X206.8508Y-80.4307

G1X209.6862Y-82.8069

G1X212.6755Y-85.4791

G1X215.4656Y-88.1696

G1X217.9672Y-90.7915

G1X220.2437Y-93.4070

G1X222.2262Y-95.9276

G1X223.9613Y-98.3909

G1X225.7652Y-101.2404

G1X227.5332Y-104.3331

G1X229.3919Y-107.9333

G1X231.1795Y-111.7696

G1X232.8848Y-115.8165

G1X234.4963Y-120.0435

G1X236.0018Y-124.4149

G1X237.4177Y-128.9880

G1X238.6688Y-133.5157

G1X239.7952Y-138.1382

G1X240.9072Y-143.5057

G1X241.7182Y-148.4359

G1X242.0452Y-152.1779

G1X242.0875Y-156.0225

G1X241.8152Y-160.5974

G1X241.2117Y-165.5196

G1X240.3441Y-170.6098

G1X238.1069Y-182.0586

G1X237.6440Y-185.0369

G1X237.3810Y-187.5080

G1X236.8800Y-197.2985

G1X236.8528Y-201.6418

G1X236.9943Y-203.5866

G1X237.2608Y-205.2931

G1X237.6559Y-206.7989

G1X238.1780Y-208.1360

G1X239.0389Y-209.6605

G1X240.1627Y-210.9493

G1X241.6320Y-212.1025

G1X243.4195Y-213.1085

G1X245.5782Y-213.9967

G1X248.1462Y-214.7671

G1X250.9844Y-215.3833

G1X254.3146Y-215.8991

G1X255.8485Y-215.9516

G1X257.6361Y-215.7895

G1X259.6373Y-215.3959

G1X261.7736Y-214.7967

G1X267.4818Y-212.8686

G1X268.3272Y-212.2510

G1X268.6762Y-211.8022

G1X268.9350Y-211.2934

G1X268.8339Y-212.6971

G1X268.6145Y-214.1185

G1X266.2642Y-225.4966

G1X264.2051Y-237.8402

G1X263.1528Y-243.3954

G1X262.4972Y-246.3087

G1X261.7300Y-249.2553

G1X259.5430Y-256.7389

G1X257.6108Y-262.3266

G1X256.6426Y-264.7414

G1X255.7220Y-266.7833

G1X254.6538Y-268.8367

G1X253.3499Y-271.0832

G1X252.2046Y-272.8242

G1X251.1459Y-274.2098

G1X250.0389Y-275.4196

G1X248.9389Y-276.3859

G1X247.7692Y-277.1742

G1X246.5977Y-277.7420

G1X244.9731Y-278.2072

G1X243.3712Y-278.3195

G1X241.5527Y-278.1055

G1X239.4293Y-277.5505

G1X229.2667Y-274.0048

G1X226.2702Y-272.7267

G1X218.4536Y-269.1927

G1X214.5510Y-267.5876

G1X211.3415Y-266.4952

G1X208.6810Y-265.8705

G1X207.0923Y-265.7033

G1X205.5574Y-265.7529

G1X203.7635Y-265.9983

G1X202.1905Y-266.4055

G1X200.8125Y-266.9468

G1X199.5293Y-267.6439

G1X198.3361Y-268.4989

G1X197.1619Y-269.5832

G1X195.6580Y-271.4274

G1X194.2675Y-273.7462

G1X193.0955Y-276.3482

G1X192.4786Y-278.5972

G1X192.1821Y-280.6164

G1X192.0117Y-282.9804

G1X191.8845Y-292.5840

G1X191.6562Y-296.9634

G1X191.1332Y-301.1156

G1X190.7539Y-303.0391

G1X190.2688Y-304.9643

G1X189.7423Y-306.6599

G1X188.6669Y-309.6513

G1X186.2456Y-315.7691

G1X183.6711Y-321.6300

G1X180.9256Y-327.3115

G1X177.7329Y-333.2651

G1X174.4962Y-338.6132

G1X171.3498Y-343.1364

G1X169.8024Y-345.1046

G1X168.2772Y-346.8696

G1X166.7139Y-348.4957

G1X164.9784Y-350.1272

G1X163.0729Y-351.7544

G1X161.0908Y-353.3018

G1X158.9593Y-354.8319

G1X156.6906Y-356.3346

G1X151.7236Y-359.2653

G1X146.4930Y-361.9388

G1X140.7780Y-364.4896

G1X136.3843Y-366.2098

G1X134.6663Y-366.7152

G1X133.0568Y-367.0571

G1X131.6484Y-367.2447

G1X130.3128Y-367.3227

G1X128.9445Y-367.3015

G1X127.4539Y-367.1675

G1X125.3253Y-366.8063

G1X121.0520Y-365.8192

G1X117.3023Y-365.0606

G1X115.2359Y-364.5049

G1X113.1456Y-363.8165

G1X111.0279Y-362.9912

G1X108.8760Y-362.0271

G1X106.5049Y-360.8323

G1X104.0029Y-359.4431

G1X101.7289Y-358.0529

G1X99.6748Y-356.6638

G1X97.9137Y-355.3486

G1X96.2012Y-353.9363

G1X94.6161Y-352.4887

G1X93.1553Y-351.0116

G1X91.8112Y-349.5063

G1X90.5036Y-347.8876

G1X87.8082Y-344.0649

G1X86.0946Y-341.3159

G1X84.2587Y-338.1478

G1X82.5208Y-334.9873

G1X81.1057Y-332.1619

G1X74.1375Y-316.5512

G1X68.7031Y-305.9581

G1X66.8651Y-302.1303

G1X65.0731Y-297.8441

G1X63.4332Y-293.1626

G1X61.6869Y-287.4234

G1X57.2337Y-271.7043

G1X42.7515Y-224.3113

G1X38.8307Y-210.4707

G1X37.0654Y-203.9125

G1X36.1241Y-200.0449

G1X35.4091Y-196.6688

G1X34.9215Y-193.7985

G1X34.4656Y-190.3331

G1X34.1264Y-186.7698

G1X33.9651Y-183.5562

G1X33.9943Y-180.9455

G1X34.2131Y-178.9240

G1X34.6023Y-177.6094

G1X34.8471Y-177.2125

G1X35.1247Y-176.9817

G1X35.5353Y-176.8434

G1X36.0264Y-176.8346

G1X37.2854Y-177.1944

G1X38.1314Y-177.6185

G1X39.1080Y-178.2345

G1X40.9295Y-179.7002

G1X42.4751Y-181.3468

G1X43.0317Y-182.1196

G1X43.4355Y-182.8521

G1X43.7343Y-183.8450

G1X43.8618Y-185.1564

G1X43.8157Y-186.7570

G1X43.5892Y-188.6955

G1X43.0500Y-191.4959

G1X42.3457Y-194.1612

G1X42.0712Y-194.8451

G1X41.5655Y-195.2410

G1X40.9853Y-195.3602

G1X40.4010Y-195.2340

G1X39.9763Y-194.9025

G1X39.7374Y-194.4407

G1X39.6648Y-193.8036

G1X39.7663Y-193.1311

G1X40.0446Y-192.3234

G1X40.4922Y-191.4350

G1X41.3631Y-190.0436

G1X42.6363Y-188.2441

G1X48.6709Y-180.3272

G1X51.5775Y-176.3576

G1X54.0992Y-172.6726

G1X56.3340Y-169.1242

G1X59.2527Y-164.1570

G1X62.7717Y-157.9060

G1X77.0170Y-131.8151

G1X79.2891Y-127.3951

G1X83.5448Y-118.5979

G1X85.3131Y-115.2547

G1X86.6651Y-113.0393

G1X87.9826Y-111.2273

G1X89.2805Y-109.7881

G1X90.6615Y-108.6070

G1X91.5799Y-107.9922

G1X92.6040Y-107.4439

G1X93.6406Y-107.0170

G1X94.7833Y-106.6744

G1X95.9358Y-106.4436

G1X97.1924Y-106.3000

G1X100.1059Y-106.2746

G1X105.1036Y-106.5920

G1X106.9029Y-106.9192

G1X109.1492Y-107.6715

G1X114.7791Y-110.0534

G1X116.3175Y-110.5392

G1X117.7855Y-110.8434

G1X119.2844Y-110.9552

G1X121.9314Y-110.8268

G1X124.3412Y-110.5657

G1X126.6079Y-110.1587

G1X129.0907Y-109.4899

G1X131.3912Y-108.6193

G1X133.5890Y-107.5184

G1X135.6721Y-106.1884

G1X138.2057Y-104.1829

G1X140.9137Y-101.7477

G1X143.5628Y-99.0898

G1X145.9613Y-96.4081

G1X148.4844Y-93.2065

G1X150.6081Y-90.0385

G1X152.2748Y-86.9835

G1X153.4543Y-84.1101

G1X154.3169Y-80.9607

G1X154.9602Y-77.1977

G1X155.3401Y-73.0261

G1X155.4526Y-68.5073

G1X155.3134Y-64.2997

G1X154.9562Y-60.3363

G1X154.4225Y-57.0170

G1X154.1629Y-56.0869

G1X153.8145Y-55.2094

G1X153.3226Y-54.2697

G1X152.7473Y-53.3957

G1X151.3272Y-51.7491

G1X149.3188Y-50.0222

G1X145.8851Y-47.6521

G1X145.6066Y-47.3501

G1X145.6549Y-47.1247

G1X146.1031Y-47.2730

G1X148.7415Y-49.0310

G1X150.9530Y-50.3302

G1X153.1946Y-51.4836

G1X155.5821Y-52.5668

G1X159.0997Y-53.8637

G1X169.1713Y-57.0713

G1X174.3893Y-58.8878

G1X179.6494Y-61.0131

G1X184.2746Y-63.2434

G1X186.4942Y-64.4745

G1X188.6686Y-65.8079

G1X193.8452Y-69.4235

G1X200.4203Y-74.3719

G1X206.5020Y-79.3375

G1X209.8056Y-82.2313

G1X212.9727Y-85.1676

G1X215.8984Y-88.0525

G1X218.5665Y-90.8633

G1X221.1021Y-93.7375

G1X223.3545Y-96.5074

G1X225.3841Y-99.2388

G1X227.1848Y-101.9222

G1X228.8200Y-104.6606

G1X230.3474Y-107.5350

G1X231.8573Y-110.7185

G1X233.2567Y-114.0189

G1X234.5841Y-117.5119

G1X235.8655Y-121.2802

G1X237.0567Y-125.2049

G1X238.1523Y-129.2579

G1X239.7962Y-136.4180

G1X241.1539Y-143.8513

G1X241.7739Y-148.0485

G1X242.2839Y-152.2068

G1X242.5017Y-154.5862

G1X242.5930Y-156.9550

G1X242.5632Y-159.4212

G1X242.4111Y-161.9776

G1X242.1394Y-164.6155

G1X241.7379Y-167.4323

G1X240.6998Y-172.9076

G1X237.9900Y-184.9634

G1X237.4780Y-187.9199

G1X237.2013Y-190.4434

G1X237.1307Y-196.1927

G1X237.2258Y-198.5782

G1X237.4118Y-200.7390

G1X237.6823Y-202.6029

G1X238.0530Y-204.3010

G1X238.5329Y-205.8512

G1X239.0961Y-207.1997

G1X240.0250Y-208.8427

G1X241.1352Y-210.2962

G1X242.2115Y-211.2870

G1X243.4940Y-212.1253

G1X245.2284Y-212.9418

G1X247.3342Y-213.6445

G1X249.7622Y-214.2091

G1X252.5115Y-214.6391

G1X257.5701Y-215.0688

G1X258.9575Y-215.0035

G1X260.3317Y-214.7850

G1X262.8649Y-214.0703

G1X267.4587Y-212.2391

G1X269.0050Y-211.7813

G1X269.5590Y-211.4788

G1X269.8631Y-211.0844

G1X269.6957Y-211.3998

G1X269.5622Y-211.9622

G1X268.7168Y-217.6830

G1X266.5935Y-229.5074

G1X264.4091Y-242.2859

G1X262.9624Y-249.2270

G1X261.3065Y-255.2673

G1X258.9985Y-262.3422

G1X257.8332Y-265.4368

G1X256.6638Y-268.2149

G1X255.6608Y-270.3236

G1X254.6842Y-272.1173

G1X253.2244Y-274.4665

G1X251.9374Y-276.2695

G1X250.8820Y-277.5114

G1X249.7805Y-278.5638

G1X248.6871Y-279.3694

G1X247.5171Y-279.9911

G1X246.0763Y-280.4627

G1X244.6459Y-280.6564

G1X243.1776Y-280.5473

G1X241.5813Y-280.1418

G1X239.4726Y-279.3124

G1X233.0430Y-276.3440

G1X227.4804Y-274.2720

G1X217.4456Y-270.1444

G1X212.8571Y-268.5113

G1X210.9775Y-267.9690

G1X209.2886Y-267.5805

G1X207.7122Y-267.3367

G1X206.2711Y-267.2602

G1X205.0594Y-267.3594

G1X203.6478Y-267.6574

G1X202.3694Y-268.1009

G1X201.1378Y-268.7338

G1X200.0931Y-269.4763

G1X199.0806Y-270.4267

G1X197.6720Y-272.2371

G1X196.3257Y-274.6349

G1X194.9070Y-277.9503

G1X193.6685Y-281.5565

G1X193.2275Y-283.6516

G1X192.9040Y-286.1127

G1X192.6719Y-289.0473

G1X192.0618Y-299.7000

G1X191.6659Y-303.2827

G1X191.1186Y-306.5609

G1X190.3387Y-309.8254

G1X189.3541Y-312.8311

G1X187.8217Y-316.4588

G1X185.8163Y-320.6730

G1X184.0527Y-324.0838

G1X182.1860Y-327.4751

G1X178.1576Y-334.1983

G1X173.9360Y-340.5119

G1X171.7936Y-343.4469

G1X169.6979Y-346.1385

G1X166.0787Y-350.3350

G1X164.3704Y-352.0936

G1X162.7273Y-353.6213

G1X160.9256Y-355.1254

G1X158.9682Y-356.5954

G1X156.8614Y-358.0212

G1X154.6154Y-359.3934

G1X150.2452Y-361.7139

G1X145.5327Y-363.8141

G1X140.3424Y-365.7656

G1X134.2947Y-367.7037

G1X131.7312Y-368.3191

G1X129.3218Y-368.6043

G1X127.0496Y-368.5780

G1X124.7022Y-368.2398

G1X122.6875Y-367.7316

G1X116.1712Y-365.7674

G1X113.3141Y-364.7677

G1X111.3045Y-363.9071

G1X109.2650Y-362.9026

G1X107.1877Y-361.7508

G1X105.0610Y-360.4504

G1X102.5170Y-358.7580

G1X100.1519Y-357.0367

G1X97.9981Y-355.3061

G1X96.0529Y-353.5732

G1X94.1681Y-351.7020

G1X92.4196Y-349.7566

G1X90.9118Y-347.8733

G1X89.3745Y-345.7150

G1X87.6426Y-343.0050

G1X85.7677Y-339.7842

G1X82.3172Y-333.3907

G1X80.8531Y-330.5155

G1X78.9528Y-326.5018

G1X73.0033Y-313.4399

G1X67.7318Y-303.2519

G1X65.9293Y-299.5578

G1X64.1088Y-295.3235

G1X62.5346Y-290.9952

G1X60.6070Y-284.8217

G1X55.6498Y-267.6027

G1X47.7700Y-243.2612

G1X42.5030Y-226.3415

G1X40.1756Y-218.3766

G1X36.1143Y-203.5721

G1X34.3969Y-196.3428

G1X33.8571Y-193.4210

G1X33.5232Y-190.9333

G1X33.2685Y-187.8486

G1X33.1757Y-184.8436

G1X33.2491Y-182.0654

G1X33.4929Y-179.6612

G1X33.9114Y-177.7782

G1X34.1875Y-177.0781

G1X34.4803Y-176.5988

G1X34.7712Y-176.3187

G1X35.1203Y-176.1894

G1X35.5440Y-176.1911

G1X36.1050Y-176.3384

G1X36.8972Y-176.7142

G1X37.8488Y-177.3346

G1X39.8343Y-179.0448

G1X41.6401Y-181.0716

G1X42.3670Y-182.0876

G1X42.9186Y-183.0436

G1X43.2616Y-183.9390

G1X43.3993Y-184.9003

G1X43.3798Y-186.1019

G1X43.1960Y-187.5195

G1X42.7985Y-189.3374

G1X42.1980Y-191.3942

G1X41.1583Y-194.2599

G1X40.9328Y-194.5069

G1X40.4901Y-194.5328

G1X40.0218Y-194.2122

G1X39.7389Y-193.6830

G1X39.6301Y-193.0061

G1X39.6846Y-192.2575

G1X39.9129Y-191.3457

G1X40.2616Y-190.4558

G1X40.7760Y-189.4430

G1X41.7696Y-187.8507

G1X43.2384Y-185.7841

G1X49.9658Y-177.0372

G1X53.0257Y-172.8982

G1X55.6595Y-169.0789

G1X57.9167Y-165.5014

G1X60.2432Y-161.4250

G1X62.9090Y-156.4095

G1X74.5491Y-133.0862

G1X84.1866Y-114.7362

G1X85.8568Y-111.8890

G1X87.4149Y-109.6322

G1X88.9528Y-107.8416

G1X90.5280Y-106.4507

G1X91.3385Y-105.9055

G1X92.2573Y-105.4200

G1X93.1933Y-105.0506

G1X94.1442Y-104.7862

G1X95.2047Y-104.6038

G1X96.2776Y-104.5208

G1X98.6473Y-104.6142

G1X100.5351Y-104.8747

G1X106.4889Y-105.9176

G1X107.8217Y-106.2291

G1X110.0646Y-107.0392

G1X115.4398Y-109.4523

G1X116.8601Y-109.9525

G1X118.1130Y-110.2774

G1X119.3916Y-110.4716

G1X120.7009Y-110.5068

G1X122.7388Y-110.3191

G1X124.7063Y-110.0162

G1X127.6522Y-109.3248

G1X130.3674Y-108.4018

G1X132.9912Y-107.2053

G1X135.4889Y-105.7337

G1X137.6559Y-104.1377

G1X140.0089Y-102.0374

G1X142.7247Y-99.2994

G1X145.3057Y-96.3995

G1X147.9536Y-93.0641

G1X150.2204Y-89.8031

G1X152.1004Y-86.6342

G1X153.5899Y-83.5400

G1X154.5334Y-80.9320

G1X155.1400Y-78.3475

G1X155.5385Y-75.2339

G1X155.6882Y-71.7371

G1X155.5345Y-67.0650

G1X155.0183Y-62.0269

G1X154.1215Y-56.7019

G1X153.5037Y-53.9980

G1X153.1634Y-52.9730

G1X152.7090Y-52.0447

G1X152.0758Y-51.0965

G1X151.3499Y-50.2617

G1X150.5616Y-49.5335

G1X148.7152Y-48.2490

G1X145.7859Y-46.8229

G1X145.6084Y-46.6455

G1X146.1479Y-46.6687

G1X147.1820Y-47.0766

G1X154.7984Y-50.8613

G1X159.9253Y-53.1988

G1X163.3814Y-54.5153

G1X172.3208Y-57.6357

G1X176.7287Y-59.2585

G1X181.2524Y-61.0883

G1X185.2871Y-62.9249

G1X189.5524Y-65.1576

G1X193.3760Y-67.5085

G1X196.6401Y-69.8737

G1X201.4950Y-73.7785

G1X205.0403Y-76.8242

G1X208.4768Y-79.9402

G1X211.7579Y-83.0800

G1X214.9214Y-86.2794

G1X217.9352Y-89.5113

G1X220.7047Y-92.6714

G1X223.2819Y-95.8151

G1X225.6502Y-98.9241

G1X227.6853Y-101.8166

G1X229.5089Y-104.6433

G1X231.1173Y-107.3937

G1X232.5057Y-110.0536

G1X233.8377Y-112.9582

G1X235.0506Y-115.9709

G1X236.1828Y-119.1721

G1X237.2594Y-122.6509

G1X238.3177Y-126.6008

G1X239.2593Y-130.7001

G1X240.1039Y-135.0195

G1X240.8448Y-139.5185

G1X241.5031Y-144.3430

G1X242.0624Y-149.4038

G1X242.5483Y-155.0216

G1X242.8396Y-159.7298

G1X242.8418Y-162.1584

G1X242.7047Y-164.7831

G1X242.4284Y-167.4780

G1X242.0031Y-170.3411

G1X240.9033Y-175.7628

G1X238.0824Y-187.3449

G1X237.5638Y-190.1276

G1X237.2865Y-192.4962

G1X237.2285Y-194.0576

G1X237.2940Y-196.0867

G1X237.4511Y-198.0236

G1X237.6952Y-199.8046

G1X238.0234Y-201.4404

G1X238.4329Y-202.9416

G1X238.9209Y-204.3186

G1X239.5247Y-205.6625

G1X240.4420Y-207.2518

G1X241.4936Y-208.6694

G1X242.7905Y-210.0596

G1X244.1515Y-211.2246

G1X245.4381Y-211.9822

G1X246.8996Y-212.5891

G1X248.5977Y-213.0877

G1X250.6126Y-213.4906

G1X253.0114Y-213.7895

G1X255.6923Y-213.9633

G1X260.1423Y-214.0292

G1X261.5176Y-213.9326

G1X262.9595Y-213.6386

G1X264.5457Y-213.1206

G1X269.2871Y-210.9766

G1X269.8554Y-210.8290

G1X270.8525Y-210.7492

G1X270.4346Y-211.6795

G1X270.1098Y-213.0056

G1X268.2065Y-226.3016

G1X265.3314Y-242.7027

G1X263.9850Y-249.4387

G1X262.6854Y-254.8065

G1X261.5469Y-258.6584

G1X260.2402Y-262.6280

G1X258.9075Y-266.2808

G1X257.5853Y-269.5307

G1X256.3427Y-272.2428

G1X255.1210Y-274.5693

G1X253.8959Y-276.5415

G1X252.3792Y-278.6696

G1X251.3588Y-279.8924

G1X250.3883Y-280.8593

G1X249.4514Y-281.6010

G1X248.4617Y-282.1875

G1X247.4015Y-282.6139

G1X246.3447Y-282.8613

G1X245.0984Y-282.9665

G1X243.9658Y-282.8989

G1X242.4686Y-282.5142

G1X240.6606Y-281.7273

G1X233.7645Y-277.7216

G1X230.4314Y-276.0894

G1X219.1581Y-271.9574

G1X213.7869Y-270.2431

G1X211.5065Y-269.6684

G1X209.4374Y-269.2745

G1X207.6014Y-269.0720

G1X206.0109Y-269.0632

G1X204.6692Y-269.2436

G1X203.3982Y-269.6424

G1X202.1944Y-270.2343

G1X201.1474Y-270.9855

G1X200.2882Y-271.8319

G1X199.5286Y-272.8136

G1X198.8070Y-274.0070

G1X198.1161Y-275.4376

G1X196.8618Y-278.7877

G1X194.6142Y-285.9206

G1X194.0879Y-288.1766

G1X193.6431Y-290.8161

G1X192.1318Y-304.0799

G1X191.6288Y-307.4843

G1X191.0686Y-310.4732

G1X190.2794Y-313.7600

G1X189.3452Y-316.7830

G1X188.2747Y-319.5264

G1X186.9658Y-322.2487

G1X185.5504Y-324.8778

G1X183.9700Y-327.5900

G1X180.2761Y-333.3389

G1X176.0788Y-339.2008

G1X171.5478Y-344.9415

G1X166.9365Y-350.2326

G1X162.5676Y-354.7103

G1X160.6029Y-356.5265

G1X158.8338Y-358.0270

G1X156.9767Y-359.4318

G1X155.0790Y-360.7105

G1X151.5944Y-362.7181

G1X147.7806Y-364.5092

G1X143.6198Y-366.0855

G1X139.1542Y-367.4393

G1X133.8156Y-368.7328

G1X130.9610Y-369.3398

G1X129.4297Y-369.5789

G1X127.8901Y-369.7046

G1X126.3540Y-369.7018

G1X124.8278Y-369.5610

G1X123.4029Y-369.3006

G1X121.9688Y-368.9171

G1X120.4273Y-368.3899

G1X112.8043Y-365.3590

G1X109.2783Y-363.5245

G1X105.6627Y-361.1995

G1X103.2788Y-359.4538

G1X100.8346Y-357.5212

G1X98.6978Y-355.6930

G1X96.7489Y-353.8782

G1X94.8467Y-351.9362

G1X93.1337Y-350.0087

G1X91.5387Y-348.0277

G1X90.0734Y-346.0036

G1X88.2246Y-343.1080

G1X86.2117Y-339.5747

G1X79.5780Y-326.7380

G1X71.6736Y-310.1037

G1X66.9632Y-300.8211

G1X65.2287Y-297.2497

G1X63.1550Y-292.5168

G1X61.4103Y-287.8904

G1X59.3128Y-281.4499

G1X53.8983Y-263.4837

G1X46.7844Y-242.6005

G1X44.3059Y-234.9662

G1X41.0201Y-224.2940

G1X38.4179Y-215.1548

G1X34.4340Y-200.2701

G1X33.4386Y-196.0659

G1X32.7565Y-192.6253

G1X32.3324Y-189.6227

G1X32.1666Y-186.8832

G1X32.2243Y-183.8998

G1X32.5093Y-181.1663

G1X32.9892Y-178.8303

G1X33.6317Y-177.0393

G1X34.0206Y-176.3705

G1X34.4043Y-175.9409

G1X34.7863Y-175.7139

G1X35.1953Y-175.6863

G1X35.8131Y-175.8783

G1X36.5243Y-176.2895

G1X38.2022Y-177.7118

G1X40.0823Y-179.8220

G1X41.7484Y-182.1956

G1X42.4357Y-183.4733

G1X42.7971Y-184.4561

G1X42.9064Y-185.3700

G1X42.8320Y-186.5052

G1X42.4992Y-188.0835

G1X41.9478Y-189.7873

G1X41.1399Y-191.7510

G1X40.1670Y-193.7404

G1X40.0447Y-193.7316

G1X39.8843Y-193.5670

G1X39.6661Y-193.0067

G1X39.5969Y-192.2321

G1X39.6755Y-191.3976

G1X39.8787Y-190.5025

G1X40.2373Y-189.4468

G1X41.2965Y-187.2451

G1X42.4630Y-185.3547

G1X44.1216Y-182.9918

G1X51.4719Y-173.2911

G1X54.7235Y-168.8364

G1X57.4506Y-164.8382

G1X59.7088Y-161.2240

G1X62.0356Y-157.0372

G1X64.6330Y-151.8266

G1X67.3736Y-145.9194

G1X74.3758Y-130.3134

G1X76.3242Y-126.2217

G1X77.9882Y-122.9808

G1X82.6592Y-114.5419

G1X85.2577Y-110.2893

G1X86.5350Y-108.4855

G1X87.7776Y-106.9626

G1X89.0050Y-105.6969

G1X90.2307Y-104.6652

G1X91.9998Y-103.5591

G1X92.8193Y-103.2181

G1X93.7492Y-102.9534

G1X94.6970Y-102.7978

G1X95.7573Y-102.7387

G1X98.0196Y-102.9283

G1X100.4183Y-103.4512

G1X105.4874Y-104.9403

G1X109.1355Y-105.8649

G1X111.1889Y-106.6629

G1X115.8657Y-108.8121

G1X118.1090Y-109.6107

G1X119.3555Y-109.8998

G1X120.5326Y-110.0470

G1X121.6384Y-110.0625

G1X122.7878Y-109.9481

G1X125.7724Y-109.3624

G1X128.8250Y-108.4327

G1X131.7625Y-107.2104

G1X134.6028Y-105.6851

G1X137.1118Y-104.0029

G1X139.3528Y-102.1694

G1X141.6753Y-99.8695

G1X144.2328Y-96.9844

G1X146.9055Y-93.6067

G1X149.3085Y-90.1974

G1X151.4095Y-86.8145

G1X153.1900Y-83.4680

G1X154.5144Y-80.4214

G1X155.4254Y-77.6344

G1X155.9260Y-75.1413

G1X156.1493Y-72.4208

G1X156.1508Y-70.2401

G1X156.0072Y-67.7923

G1X155.7219Y-65.2204

G1X155.3086Y-62.5715

G1X154.7441Y-59.6978

G1X154.0500Y-56.7237

G1X153.1698Y-53.4413

G1X152.3300Y-50.6846

G1X151.9033Y-49.7908

G1X151.3827Y-49.0159

G1X150.6864Y-48.2515

G1X149.9282Y-47.6256

G1X149.0313Y-47.0641

G1X147.9423Y-46.5656

G1X146.7399Y-46.1994

G1X145.8500Y-46.0866

G1X148.1052Y-46.7568

G1X151.6607Y-48.1428

G1X156.4055Y-50.2002

G1X164.8299Y-54.0479

G1X178.8435Y-59.6123

G1X185.7982Y-62.6441

G1X190.4095Y-64.9346

G1X194.5274Y-67.2619

G1X198.1976Y-69.6491

G1X201.4801Y-72.1351

G1X204.5761Y-74.8085

G1X207.7798Y-77.7716

G1X210.9412Y-80.8849

G1X214.0261Y-84.1086

G1X217.0729Y-87.4847

G1X219.9835Y-90.9077

G1X222.7342Y-94.3465

G1X225.3050Y-97.7735

G1X227.6796Y-101.1643

G1X229.8452Y-104.4973

G1X231.7919Y-107.7539

G1X233.5131Y-110.9179

G1X235.0046Y-113.9758

G1X236.1753Y-116.7136

G1X237.2623Y-119.6766

G1X238.2465Y-122.8251

G1X239.2710Y-126.7600

G1X240.1597Y-130.9785

G1X240.9071Y-135.4519

G1X241.5247Y-140.2439

G1X242.0003Y-145.1945

G1X242.3655Y-150.5293

G1X242.6393Y-156.4874

G1X242.8738Y-164.2052

G1X242.8342Y-166.6005

G1X242.6777Y-168.9492

G1X242.4061Y-171.3632

G1X242.0049Y-173.9431

G1X240.9771Y-178.8907

G1X238.4471Y-189.0995

G1X237.9766Y-191.4912

G1X237.6921Y-193.5887

G1X237.5969Y-195.9284

G1X237.8190Y-198.3422

G1X238.3049Y-200.7061

G1X239.0478Y-202.8905

G1X239.8504Y-204.5432

G1X240.8404Y-206.0903

G1X242.0153Y-207.5242

G1X243.4329Y-208.9024

G1X245.0869Y-210.2082

G1X246.9112Y-211.3995

G1X248.3755Y-212.0438

G1X250.1158Y-212.5330

G1X252.6408Y-212.9261

G1X255.6025Y-213.0938

G1X258.9145Y-213.0514

G1X263.5970Y-212.7872

G1X264.9183Y-212.5377

G1X266.3671Y-212.0505

G1X270.5774Y-209.9237

G1X271.1635Y-209.8241

G1X271.7216Y-210.0397

G1X271.8018Y-210.1934

G1X271.7805Y-210.4515

G1X271.0524Y-212.5465

G1X270.6159Y-214.5922

G1X269.1847Y-226.0392

G1X268.2270Y-232.5042

G1X265.9925Y-244.5741

G1X264.1702Y-253.1292

G1X262.4965Y-259.5373

G1X260.3947Y-265.8783

G1X259.0593Y-269.3837

G1X257.7000Y-272.5881

G1X256.3421Y-275.4268

G1X255.0503Y-277.7778

G1X253.7991Y-279.7028

G1X252.0644Y-281.9201

G1X250.7084Y-283.3281

G1X249.4687Y-284.2679

G1X248.0577Y-284.9243

G1X246.5673Y-285.2157

G1X244.7522Y-285.1670

G1X243.8094Y-285.0132

G1X242.9736Y-284.7671

G1X241.6603Y-284.1894

G1X240.1996Y-283.3549

G1X232.7387Y-278.2036

G1X230.7322Y-276.9890

G1X228.9630Y-276.0808

G1X227.1517Y-275.3456

G1X221.8090Y-273.6110

G1X218.2952Y-272.5859

G1X215.1363Y-271.8015

G1X212.5572Y-271.2981

G1X210.1796Y-270.9872

G1X208.0446Y-270.8865

G1X206.2646Y-270.9934

G1X204.8256Y-271.2752

G1X203.5494Y-271.7631

G1X202.3293Y-272.5225

G1X201.2647Y-273.5207

G1X200.4745Y-274.5799

G1X199.7726Y-275.8672

G1X199.1454Y-277.4050

G1X198.5143Y-279.4070

G1X196.7031Y-286.4923

G1X195.2656Y-291.3974

G1X194.6492Y-293.8837

G1X193.8758Y-297.7706

G1X191.8711Y-309.2386

G1X191.1766Y-312.5921

G1X190.4468Y-315.6320

G1X189.5022Y-318.9519

G1X188.4950Y-321.8984

G1X187.3638Y-324.6597

G1X186.1057Y-327.2205

G1X184.9207Y-329.2867

G1X183.5012Y-331.5416

G1X180.1287Y-336.3243

G1X176.1602Y-341.3169

G1X171.7222Y-346.3742

G1X166.8260Y-351.4696

G1X161.8265Y-356.2121

G1X156.9816Y-360.3393

G1X154.8471Y-361.9773

G1X153.0250Y-363.2305

G1X149.7696Y-365.1229

G1X146.2199Y-366.7541

G1X142.5274Y-368.0544

G1X138.5701Y-369.0822

G1X133.7766Y-369.9416

G1X127.4634Y-370.6990

G1X125.9126Y-370.7326

G1X124.4821Y-370.6439

G1X123.0568Y-370.4284

G1X121.7304Y-370.1062

G1X120.3086Y-369.6304

G1X118.7088Y-368.9525

G1X111.8655Y-365.5585

G1X108.5865Y-363.5708

G1X105.2004Y-361.0996

G1X102.9913Y-359.2819

G1X100.6737Y-357.2312

G1X98.5839Y-355.2580

G1X96.5948Y-353.2390

G1X94.7773Y-351.2427

G1X93.1297Y-349.2795

G1X91.5845Y-347.2784

G1X90.0808Y-345.1519

G1X88.0927Y-341.9543

G1X85.9136Y-337.9768

G1X73.2068Y-312.8737

G1X66.4713Y-299.0580

G1X64.3315Y-294.5142

G1X61.9751Y-289.0737

G1X59.9691Y-283.8517

G1X57.6984Y-277.1806

G1X52.0021Y-259.4067

G1X45.7173Y-241.6809

G1X43.7951Y-236.0496

G1X41.0715Y-227.4038

G1X38.6382Y-219.0988

G1X33.6283Y-200.2508

G1X32.5993Y-196.0683

G1X31.8473Y-192.5998

G1X31.2905Y-189.3441

G1X31.0334Y-186.7425

G1X31.0492Y-184.3111

G1X31.3191Y-181.9768

G1X31.8611Y-179.6670

G1X32.6329Y-177.6682

G1X33.0942Y-176.8334

G1X33.5800Y-176.1659

G1X34.0791Y-175.6822

G1X34.5349Y-175.4159

G1X34.8982Y-175.3321

G1X35.3110Y-175.4047

G1X36.3033Y-176.0056

G1X37.5908Y-177.2560

G1X39.0103Y-179.0163

G1X40.3436Y-180.9909

G1X41.4399Y-182.9373

G1X42.1234Y-184.5357

G1X42.3341Y-185.6573

G1X42.3010Y-186.3528

G1X42.1466Y-187.2056

G1X41.5634Y-188.9508

G1X40.5586Y-191.0052

G1X39.3465Y-192.9201

G1X39.3767Y-191.9646

G1X39.5031Y-191.0737

G1X40.1040Y-188.9506

G1X41.2099Y-186.4039

G1X42.6951Y-183.7290

G1X45.4470Y-179.6223

G1X53.2849Y-168.9069

G1X57.0771Y-163.5046

G1X60.4919Y-158.2244

G1X63.2135Y-153.4558

G1X65.2335Y-149.3652

G1X67.4178Y-144.4636

G1X73.8830Y-128.5939

G1X75.8170Y-124.0184

G1X77.4830Y-120.3869

G1X79.0068Y-117.4395

G1X82.0882Y-112.2102

G1X84.6492Y-108.4108

G1X85.8659Y-106.8529

G1X87.0205Y-105.5449

G1X88.1869Y-104.3992

G1X89.3779Y-103.4107

G1X90.4095Y-102.6962

G1X91.4076Y-102.1215

G1X92.5125Y-101.6070

G1X93.3830Y-101.3102

G1X94.2916Y-101.1285

G1X95.3125Y-101.0564

G1X96.3528Y-101.1030

G1X97.4092Y-101.2530

G1X98.6741Y-101.5423

G1X100.1493Y-101.9951

G1X106.6388Y-104.5293

G1X110.7490Y-105.8129

G1X116.2925Y-108.2354

G1X118.2355Y-108.9642

G1X119.4618Y-109.3037

G1X120.7149Y-109.5271

G1X121.9015Y-109.6080

G1X123.1229Y-109.5479

G1X125.6350Y-109.0288

G1X128.5161Y-108.0940

G1X131.3465Y-106.8758

G1X134.1251Y-105.3851

G1X136.6954Y-103.7162

G1X139.0962Y-101.8550

G1X141.2879Y-99.8295

G1X143.3341Y-97.5691

G1X145.8952Y-94.3067

G1X148.3616Y-90.7503

G1X150.6675Y-86.9992

G1X152.6600Y-83.2958

G1X154.2762Y-79.7649

G1X155.4804Y-76.4982

G1X156.2776Y-73.4718

G1X156.6130Y-70.8867

G1X156.6402Y-68.8496

G1X156.4784Y-66.5367

G1X156.1287Y-64.0824

G1X155.5820Y-61.4166

G1X154.9124Y-58.8151

G1X154.0432Y-55.9329

G1X151.3798Y-48.3608

G1X150.9885Y-47.5883

G1X150.5236Y-46.9432

G1X150.0054Y-46.4159

G1X149.3423Y-45.9257

G1X148.5564Y-45.5297

G1X147.7106Y-45.2779

G1X146.9262Y-45.2046

G1X146.4021Y-45.3201

G1X146.3263Y-45.4331

G1X146.3738Y-45.5415

G1X146.8014Y-45.7860

G1X154.0077Y-48.0868

G1X157.2990Y-49.3131

G1X160.5822Y-50.6619

G1X163.9496Y-52.1736

G1X169.9458Y-55.0483

G1X181.0791Y-60.0051

G1X186.7495Y-62.6585

G1X192.3105Y-65.5031

G1X197.1207Y-68.2595

G1X201.3773Y-71.0327

G1X205.2035Y-73.9148

G1X207.5767Y-75.9677

G1X210.3424Y-78.6351

G1X213.2072Y-81.6153

G1X216.0547Y-84.7935

G1X218.7976Y-88.0634

G1X221.4814Y-91.4718

G1X224.0848Y-94.9937

G1X226.5868Y-98.6043

G1X228.9112Y-102.1906

G1X231.0477Y-105.7258

G1X233.0361Y-109.2752

G1X234.8582Y-112.8173

G1X236.4958Y-116.3305

G1X237.8974Y-119.7075

G1X238.9073Y-122.5200

G1X239.8162Y-125.5804

G1X240.5517Y-128.6128

G1X241.1756Y-131.8031

G1X241.6884Y-135.1390

G1X242.1034Y-138.7106

G1X242.4161Y-142.4987

G1X242.6274Y-146.4757

G1X242.7809Y-155.6292

G1X242.6783Y-169.4959

G1X242.5757Y-171.7252

G1X242.3562Y-174.1336

G1X241.9550Y-177.0422

G1X241.3834Y-180.1643

G1X238.8123Y-191.5489

G1X238.4739Y-193.5876

G1X238.2900Y-195.3596

G1X238.2697Y-197.4068

G1X238.4894Y-199.1777

G1X238.9918Y-201.1032

G1X239.7022Y-202.8238

G1X240.5921Y-204.3554

G1X241.6331Y-205.7143

G1X242.8683Y-206.9826

G1X244.3611Y-208.2088

G1X246.3367Y-209.5093

G1X248.7489Y-210.7966

G1X250.3168Y-211.4937

G1X252.0240Y-211.9581

G1X254.5243Y-212.2674

G1X257.4855Y-212.2927

G1X260.6254Y-212.0773

G1X266.0669Y-211.4737

G1X267.2352Y-211.2297

G1X268.3943Y-210.8074

G1X271.6955Y-208.9688

G1X272.0125Y-208.9080

G1X272.2402Y-208.9509

G1X272.4648Y-209.1222

G1X272.6227Y-209.3853

G1X272.6825Y-209.8067

G1X272.6088Y-210.3434

G1X271.6799Y-213.6753

G1X271.1673Y-216.3061

G1X269.4529Y-230.8453

G1X268.8611Y-234.9646

G1X268.2316Y-238.6141

G1X266.1215Y-248.9861

G1X264.0914Y-257.5637

G1X262.2552Y-264.0085

G1X260.0785Y-270.1459

G1X258.7687Y-273.3634

G1X257.4514Y-276.2762

G1X256.1466Y-278.8429

G1X254.8255Y-281.1063

G1X253.5479Y-282.9494

G1X252.1163Y-284.6259

G1X250.7600Y-285.9446

G1X249.5787Y-286.7804

G1X248.8947Y-287.1109

G1X248.1799Y-287.3406

G1X247.4210Y-287.4694

G1X246.6046Y-287.4971

G1X244.6324Y-287.2225

G1X243.3614Y-286.8761

G1X242.5721Y-286.5733

G1X241.1683Y-285.8319

G1X239.5876Y-284.7914

G1X232.1973Y-279.1068

G1X230.2887Y-277.7644

G1X228.6379Y-276.7323

G1X226.9832Y-275.8552

G1X225.5167Y-275.2407

G1X223.2805Y-274.5551

G1X220.7608Y-273.8954

G1X217.4587Y-273.2004

G1X214.3108Y-272.7462

G1X211.5395Y-272.5605

G1X209.0025Y-272.6294

G1X206.8449Y-272.9474

G1X204.9953Y-273.5138

G1X203.4731Y-274.3230

G1X202.2074Y-275.4202

G1X201.4649Y-276.3636

G1X200.8114Y-277.4960

G1X200.2727Y-278.7576

G1X199.7752Y-280.3138

G1X199.2516Y-282.4895

G1X198.0568Y-288.6303

G1X197.3198Y-291.8710

G1X195.0001Y-299.7608

G1X191.6204Y-313.3919

G1X189.7955Y-319.8605

G1X188.5402Y-323.6257

G1X187.1946Y-327.1015

G1X185.8079Y-330.1651

G1X184.3035Y-332.9936

G1X183.1853Y-334.8148

G1X181.8496Y-336.7653

G1X178.5996Y-340.9472

G1X174.7461Y-345.2825

G1X170.3175Y-349.7509

G1X165.2869Y-354.3626

G1X159.9344Y-358.8423

G1X154.5592Y-362.9333

G1X149.7723Y-366.1760

G1X146.5809Y-367.9286

G1X143.2691Y-369.3321

G1X139.8715Y-370.3744

G1X136.3340Y-371.0838

G1X134.1755Y-371.3556

G1X131.8389Y-371.5376

G1X125.3475Y-371.7000

G1X123.9343Y-371.6126

G1X122.6299Y-371.4231

G1X121.3223Y-371.1155

G1X120.1061Y-370.7151

G1X118.7066Y-370.1157

G1X117.2195Y-369.3315

G1X110.6758Y-365.3336

G1X107.4947Y-363.0639

G1X104.2599Y-360.3657

G1X100.0534Y-356.3313

G1X96.0940Y-352.0461

G1X92.7465Y-347.9104

G1X89.6993Y-343.5623

G1X88.0909Y-340.9279

G1X86.4112Y-337.8674

G1X80.2739Y-325.5918

G1X72.9775Y-311.9430

G1X69.7699Y-305.6352

G1X66.1433Y-297.9927

G1X63.1422Y-291.3171

G1X60.4121Y-284.8050

G1X58.0411Y-278.6635

G1X55.7001Y-272.0857

G1X49.9896Y-255.4202

G1X42.9192Y-235.8995

G1X40.8562Y-229.5842

G1X38.6345Y-222.1908

G1X35.8588Y-211.9985

G1X32.1976Y-197.6132

G1X30.9279Y-192.1610

G1X30.2593Y-188.6114

G1X29.9103Y-185.8252

G1X29.8524Y-183.6397

G1X30.0698Y-181.7054

G1X30.5570Y-179.8536

G1X31.2972Y-178.1653

G1X32.2498Y-176.7386

G1X33.2838Y-175.7357

G1X34.2497Y-175.2209

G1X34.7056Y-175.1319

G1X35.0714Y-175.1517

G1X35.4306Y-175.2879

G1X35.8802Y-175.5878

G1X36.8704Y-176.5781

G1X38.3859Y-178.6612

G1X39.8804Y-181.2394

G1X41.0909Y-183.8366

G1X41.4691Y-184.8891

G1X41.6669Y-185.7044

G1X41.6860Y-186.2965

G1X41.5778Y-187.0410

G1X41.0386Y-188.5604

G1X39.9741Y-190.4000

G1X39.3185Y-191.2803

G1X38.7257Y-191.9241

G1X38.6173Y-191.9679

G1X39.4146Y-189.6833

G1X40.5806Y-186.8793

G1X42.0935Y-183.8581

G1X43.8809Y-180.7264

G1X46.7458Y-176.2968

G1X54.8027Y-164.6713

G1X58.6856Y-158.8704

G1X62.2265Y-153.1897

G1X64.9625Y-148.2813

G1X66.6360Y-144.8131

G1X68.3496Y-140.8288

G1X70.3713Y-135.6626

G1X75.9259Y-120.7159

G1X77.6838Y-116.5467

G1X79.2819Y-113.3183

G1X81.4198Y-109.8181

G1X83.6366Y-106.7491

G1X85.7408Y-104.3776

G1X86.7899Y-103.3935

G1X87.9138Y-102.4809

G1X89.0484Y-101.7007

G1X90.2722Y-101.0066

G1X91.5215Y-100.4408

G1X92.8033Y-99.9924

G1X93.9839Y-99.6831

G1X94.8658Y-99.5619

G1X95.9461Y-99.5629

G1X97.0473Y-99.7052

G1X98.5422Y-100.0811

G1X100.1557Y-100.6660

G1X101.9782Y-101.4791

G1X107.9992Y-104.4164

G1X109.2989Y-104.9248

G1X112.3430Y-105.9351

G1X117.9824Y-108.2229

G1X119.5600Y-108.7040

G1X120.9800Y-108.9932

G1X122.3396Y-109.1157

G1X123.7423Y-109.0662

G1X125.7393Y-108.6706

G1X128.5647Y-107.6832

G1X131.3402Y-106.4046

G1X134.2032Y-104.7905

G1X136.8945Y-102.9870

G1X139.3481Y-101.0638

G1X141.6792Y-98.9269

G1X143.6874Y-96.7577

G1X145.9386Y-93.8277

G1X148.3084Y-90.2188

G1X150.5605Y-86.2899

G1X152.6394Y-82.1304

G1X154.3220Y-78.1996

G1X155.6432Y-74.4404

G1X156.5305Y-71.0543

G1X156.8245Y-69.4188

G1X156.9738Y-68.0715

G1X157.0097Y-66.6672

G1X156.9268Y-65.1284

G1X156.7141Y-63.4614

G1X156.3910Y-61.7882

G1X155.3796Y-58.1516

G1X153.8682Y-54.0926

G1X150.4644Y-46.2509

G1X150.0673Y-45.5423

G1X149.4161Y-44.8227

G1X148.7205Y-44.3848

G1X147.8797Y-44.1705

G1X147.1931Y-44.2961

G1X146.9786Y-44.5510

G1X147.0675Y-44.8975

G1X147.4411Y-45.2368

G1X148.1383Y-45.5883

G1X158.8311Y-48.8525

G1X162.5201Y-50.1952

G1X166.1811Y-51.7193

G1X169.6981Y-53.3816

G1X183.5871Y-60.4507

G1X191.0802Y-64.3983

G1X197.3168Y-67.9930

G1X202.7683Y-71.5072

G1X205.3021Y-73.3090

G1X207.5778Y-75.0486

G1X210.2254Y-77.2572

G1X212.5535Y-79.4162

G1X214.9702Y-81.9322

G1X217.4555Y-84.7544

G1X220.0188Y-87.9040

G1X222.5783Y-91.2987

G1X225.0561Y-94.8367

G1X227.4377Y-98.4909

G1X229.7085Y-102.2342

G1X231.9035Y-106.1306

G1X233.9515Y-110.0627

G1X235.7951Y-113.9100

G1X237.5067Y-117.8271

G1X238.9919Y-121.6042

G1X240.3061Y-125.3925

G1X241.2317Y-128.5649

G1X241.7768Y-130.9013

G1X242.2266Y-133.2734

G1X242.9004Y-138.4139

G1X243.2575Y-143.9349

G1X243.3210Y-150.1800

G1X243.1355Y-156.3917

G1X242.5296Y-167.8048

G1X242.3187Y-174.3523

G1X242.1345Y-177.1471

G1X241.5395Y-181.9107

G1X239.6741Y-192.0275

G1X239.3658Y-194.1408

G1X239.2065Y-195.8868

G1X239.1862Y-197.7675

G1X239.3512Y-199.3867

G1X239.7067Y-200.8622

G1X240.3086Y-202.3632

G1X241.1527Y-203.7953

G1X242.2440Y-205.1403

G1X243.5773Y-206.3833

G1X245.2205Y-207.5686

G1X247.0648Y-208.6184

G1X249.2335Y-209.6119

G1X252.7985Y-210.9233

G1X254.2395Y-211.2923

G1X255.7841Y-211.4878

G1X257.6172Y-211.5350

G1X259.7121Y-211.4166

G1X262.0047Y-211.1417

G1X269.2516Y-209.9124

G1X270.6166Y-209.3764

G1X272.3957Y-208.2491

G1X272.7879Y-208.0738

G1X273.0933Y-208.1250

G1X273.3488Y-208.5142

G1X273.4670Y-209.1974

G1X273.4047Y-210.0755

G1X272.2580Y-215.3612

G1X271.7818Y-218.0567

G1X269.9077Y-234.2410

G1X269.2766Y-238.6202

G1X268.5883Y-242.4986

G1X266.5826Y-251.6590

G1X264.3318Y-260.4570

G1X262.2029Y-267.5191

G1X260.0070Y-273.4830

G1X258.7051Y-276.5721

G1X257.4075Y-279.3508

G1X256.1288Y-281.7908

G1X254.8334Y-283.9482

G1X253.6757Y-285.5906

G1X252.5196Y-286.9396

G1X251.0852Y-288.2611

G1X249.8646Y-289.0938

G1X249.1144Y-289.4273

G1X248.3454Y-289.6216

G1X247.6176Y-289.6809

G1X246.7476Y-289.6219

G1X244.7212Y-289.1246

G1X242.0212Y-288.0599

G1X240.6504Y-287.2642

G1X238.9347Y-286.0681

G1X231.5530Y-280.2070

G1X228.2334Y-277.8231

G1X226.5427Y-276.7933

G1X224.9678Y-275.9941

G1X223.6003Y-275.4599

G1X222.0347Y-275.0333

G1X218.9906Y-274.4289

G1X216.0395Y-274.0989

G1X213.1873Y-274.0417

G1X210.6179Y-274.2560

G1X208.2824Y-274.7371

G1X206.2227Y-275.4800

G1X204.4667Y-276.4745

G1X203.0641Y-277.6700

G1X202.3160Y-278.5814

G1X201.6911Y-279.6004

G1X201.1427Y-280.7956

G1X200.6693Y-282.1813

G1X199.9392Y-285.3887

G1X198.5447Y-293.9575

G1X197.6317Y-297.9822

G1X196.9403Y-300.3252

G1X195.1880Y-305.4316

G1X190.8887Y-318.7155

G1X188.8405Y-324.4251

G1X186.8689Y-329.2833

G1X184.8080Y-333.6870

G1X182.7238Y-337.4874

G1X180.4238Y-340.9980

G1X177.7361Y-344.3799

G1X174.3644Y-348.0134

G1X170.3923Y-351.7784

G1X165.8151Y-355.6657

G1X160.8454Y-359.4953

G1X155.4321Y-363.3034

G1X149.9841Y-366.7955

G1X145.5921Y-369.3419

G1X142.6134Y-370.7747

G1X140.9065Y-371.4376

G1X139.2573Y-371.9680

G1X137.5591Y-372.4018

G1X135.9210Y-372.7140

G1X134.1468Y-372.9387

G1X132.3486Y-373.0533

G1X130.4448Y-373.0632

G1X128.3691Y-372.9669

G1X122.8013Y-372.4384

G1X121.1998Y-372.0981

G1X119.7469Y-371.6199

G1X117.5758Y-370.5696

G1X115.2151Y-369.0041

G1X108.6955Y-364.1291

G1X106.5319Y-362.3149

G1X104.3979Y-360.3606

G1X100.7707Y-356.6698

G1X96.9984Y-352.3720

G1X93.6548Y-348.1392

G1X90.5612Y-343.7480

G1X88.5843Y-340.6386

G1X86.8969Y-337.6804

G1X85.0274Y-334.0839

G1X78.9485Y-321.8610

G1X76.8117Y-317.9812

G1X71.2704Y-308.3147

G1X68.3382Y-302.7549

G1X65.8594Y-297.4971

G1X63.2204Y-291.4686

G1X60.1948Y-284.1471

G1X56.5864Y-275.0702

G1X53.4544Y-266.7718

G1X42.8350Y-237.9283

G1X40.8124Y-232.1330

G1X39.0922Y-226.7275

G1X37.3180Y-220.6822

G1X35.6389Y-214.4930

G1X30.9316Y-195.4375

G1X29.4486Y-188.7020

G1X29.0194Y-186.1523

G1X28.7692Y-183.9588

G1X28.7187Y-181.9586

G1X28.9362Y-180.3037

G1X29.4615Y-178.7435

G1X30.2192Y-177.4513

G1X30.7708Y-176.7902

G1X31.3677Y-176.2318

G1X31.9938Y-175.7763

G1X32.7127Y-175.3876

G1X33.4248Y-175.1304

G1X34.1069Y-175.0054

G1X34.7359Y-175.0129

G1X35.3235Y-175.1726

G1X35.8491Y-175.5398

G1X36.4624Y-176.1963

G1X37.7921Y-178.2103

G1X39.2643Y-181.1687

G1X40.5042Y-184.3568

G1X40.9271Y-185.8814

G1X40.9650Y-186.6912

G1X40.6534Y-187.8414

G1X39.9079Y-189.1667

G1X38.8055Y-190.4531

G1X38.3066Y-190.8542

G1X38.0407Y-190.9246

G1X38.1180Y-190.5941

G1X41.0008Y-184.9936

G1X45.5450Y-177.0150

G1X48.2162Y-172.7171

G1X59.2887Y-155.4886

G1X62.6809Y-149.8738

G1X65.3923Y-145.0528

G1X67.6228Y-140.6177

G1X69.7233Y-135.6476

G1X71.7038Y-130.2691

G1X76.1782Y-117.2281

G1X77.4680Y-113.8683

G1X78.6542Y-111.1562

G1X80.1524Y-108.3398

G1X81.9778Y-105.6828

G1X83.9351Y-103.4051

G1X85.9851Y-101.5766

G1X87.1771Y-100.7445

G1X88.4579Y-100.0173

G1X89.7499Y-99.4393

G1X91.1365Y-98.9696

G1X92.7888Y-98.5810

G1X94.6360Y-98.3209

G1X95.8385Y-98.2553

G1X97.0694Y-98.3838

G1X98.7714Y-98.8428

G1X100.7767Y-99.6943

G1X102.8055Y-100.7794

G1X107.9809Y-103.8086

G1X109.4387Y-104.5494

G1X110.7882Y-105.1208

G1X113.3458Y-105.9717

G1X117.5666Y-107.5246

G1X119.6091Y-108.1412

G1X120.8297Y-108.4049

G1X122.0694Y-108.5687

G1X123.2371Y-108.6135

G1X124.3321Y-108.5507

G1X126.3981Y-108.1403

G1X128.6776Y-107.2845

G1X131.5028Y-105.8906

G1X134.4031Y-104.1504

G1X137.1823Y-102.1978

G1X139.8346Y-100.0472

G1X142.2883Y-97.7510

G1X144.4160Y-95.4380

G1X146.5422Y-92.6716

G1X148.6727Y-89.2654

G1X150.7818Y-85.2684

G1X152.7321Y-80.9460

G1X154.4357Y-76.4918

G1X155.7782Y-72.1972

G1X156.7027Y-68.2327

G1X157.1574Y-64.8239

G1X157.1465Y-62.6975

G1X156.8279Y-60.4473

G1X156.1850Y-57.9940

G1X155.2269Y-55.3901

G1X153.7592Y-52.2221

G1X150.5115Y-46.2494

G1X149.5197Y-44.1282

G1X149.2364Y-43.7305

G1X148.8653Y-43.3878

G1X148.5020Y-43.2004

G1X148.1748Y-43.1508

G1X147.8698Y-43.2487

G1X147.7066Y-43.4898

G1X147.7144Y-43.7785

G1X147.8832Y-44.1282

G1X148.6832Y-44.8561

G1X149.8354Y-45.4549

G1X151.9638Y-46.1908

G1X159.5329Y-48.3094

G1X163.9578Y-49.7118

G1X168.4592Y-51.4044

G1X172.7527Y-53.3330

G1X175.8615Y-54.9555

G1X185.1360Y-60.2256

G1X194.7715Y-65.9353

G1X199.5271Y-68.9730

G1X203.8819Y-71.9488

G1X207.7692Y-74.8167

G1X211.3196Y-77.6722

G1X214.4260Y-80.4249

G1X217.1577Y-83.1221

G1X219.5096Y-85.7439

G1X222.0760Y-88.9386

G1X225.6278Y-93.9132

G1X229.0029Y-99.2959

G1X232.2123Y-105.1018

G1X235.1584Y-111.1566

G1X237.8714Y-117.5485

G1X240.1746Y-123.8815

G1X241.2170Y-127.1696

G1X242.1304Y-130.3899

G1X242.7802Y-133.0028

G1X243.2646Y-135.4790

G1X243.7157Y-138.7289

G1X244.0035Y-142.2336

G1X244.1223Y-145.9780

G1X244.0751Y-149.9388

G1X243.6279Y-157.4362

G1X242.1809Y-172.7560

G1X241.7025Y-182.0951

G1X240.5455Y-192.2246

G1X240.3092Y-194.9773

G1X240.2678Y-197.0880

G1X240.3980Y-198.8927

G1X240.7088Y-200.5040

G1X241.2172Y-201.9712

G1X242.0500Y-203.4555

G1X243.1310Y-204.7500

G1X244.5800Y-205.9923

G1X246.3165Y-207.0911

G1X248.2978Y-208.0430

G1X250.6581Y-208.9165

G1X253.2915Y-209.6810

G1X256.6655Y-210.4796

G1X257.9300Y-210.6354

G1X259.2348Y-210.6712

G1X260.6740Y-210.5970

G1X262.3401Y-210.3964

G1X264.4086Y-210.0217

G1X269.1499Y-208.9296

G1X271.2316Y-208.5482

G1X272.3722Y-208.1070

G1X273.7140Y-207.2755

G1X273.9445Y-207.4024

G1X274.0819Y-207.8752

G1X274.1677Y-208.9234

G1X274.0491Y-210.4216

G1X272.2710Y-221.1375

G1X270.7438Y-234.4245

G1X269.9522Y-240.3200

G1X268.8731Y-246.4469

G1X267.1438Y-253.8659

G1X265.6363Y-259.5237

G1X264.0310Y-264.9917

G1X262.4018Y-270.0174

G1X260.8450Y-274.2995

G1X258.9861Y-278.7874

G1X257.1800Y-282.6137

G1X255.4354Y-285.7558

G1X253.7668Y-288.1979

G1X252.9009Y-289.2295

G1X252.0322Y-290.0914

G1X251.1021Y-290.8233

G1X250.2109Y-291.3653

G1X249.4464Y-291.6774

G1X248.6229Y-291.8357

G1X247.8611Y-291.8234

G1X246.9757Y-291.6516

G1X245.8181Y-291.2542

G1X244.3728Y-290.6173

G1X241.7051Y-289.3368

G1X240.3753Y-288.5678

G1X237.7394Y-286.7093

G1X231.5155Y-281.8376

G1X228.6085Y-279.6940

G1X225.7386Y-277.8492

G1X223.2428Y-276.6043

G1X221.8532Y-276.1258

G1X220.2904Y-275.7956

G1X218.3778Y-275.5419

G1X216.4444Y-275.4413

G1X214.7159Y-275.4890

G1X213.0063Y-275.6742

G1X211.3321Y-276.0037

G1X209.8039Y-276.4521

G1X208.4257Y-276.9995

G1X207.1973Y-277.6257

G1X206.0344Y-278.3671

G1X204.9464Y-279.2278

G1X203.9427Y-280.2115

G1X203.1079Y-281.2230

G1X202.4772Y-282.2094

G1X201.9143Y-283.3616

G1X201.2309Y-285.3173

G1X200.6592Y-287.7511

G1X199.2437Y-297.1117

G1X198.4718Y-301.1380

G1X197.5221Y-304.7317

G1X196.3517Y-308.0457

G1 Z0F20000


G00 X0.0000 Y0.0000


